Initialized distributed mode...
cfg:  {'task': 'detection', '_model': None, '_postprocessor': None, '_criterion': None, '_optimizer': None, '_lr_scheduler': None, '_lr_warmup_scheduler': None, '_train_dataloader': None, '_val_dataloader': None, '_ema': None, '_scaler': None, '_train_dataset': None, '_val_dataset': None, '_collate_fn': None, '_evaluator': None, '_writer': None, 'num_workers': 0, 'batch_size': None, '_train_batch_size': None, '_val_batch_size': None, '_train_shuffle': None, '_val_shuffle': None, 'resume': None, 'tuning': '/workspace/midi/ckpt/deimv2_hgnetv2_atto_coco.pth', 'epoches': 120, 'last_epoch': -1, 'lrsheduler': 'flatcosine', 'lr_gamma': 0.5, 'no_aug_epoch': 20, 'warmup_iter': 4000, 'flat_epoch': 64, 'use_amp': True, 'use_ema': True, 'ema_decay': 0.9999, 'ema_warmups': 2000, 'sync_bn': True, 'clip_max_norm': 0.1, 'find_unused_parameters': True, 'seed': 42, 'print_freq': 500, 'checkpoint_freq': 5, 'output_dir': '/workspace/midi/deim_configs/runs/atto_fold0', 'summary_dir': None, 'device': '', 'yaml_cfg': {'task': 'detection', 'evaluator': {'type': 'CocoEvaluator', 'iou_types': ['bbox']}, 'num_classes': 4, 'remap_mscoco_category': False, 'train_dataloader': {'type': 'DataLoader', 'dataset': {'type': 'CocoDetection', 'img_folder': '/workspace/midi/deim_data/images/train_fold0', 'ann_file': '/workspace/midi/deim_data/annotations/instances_train_fold0.json', 'return_masks': False, 'transforms': {'type': 'Compose', 'ops': [{'type': 'Mosaic', 'output_size': 160, 'rotation_range': 10, 'translation_range': [0.1, 0.1], 'scaling_range': [0.5, 1.5], 'probability': 1.0, 'fill_value': 0, 'use_cache': True, 'max_cached_images': 50, 'random_pop': True}, {'type': 'RandomPhotometricDistort', 'p': 0.5}, {'type': 'RandomZoomOut', 'fill': 0}, {'type': 'RandomIoUCrop', 'p': 0.8}, {'type': 'SanitizeBoundingBoxes', 'min_size': 12}, {'type': 'RandomHorizontalFlip'}, {'type': 'Resize', 'size': [320, 320]}, {'type': 'SanitizeBoundingBoxes', 'min_size': 12}, {'type': 'ConvertPILImage', 'dtype': 'float32', 'scale': True}, {'type': 'ConvertBoxes', 'fmt': 'cxcywh', 'normalize': True}], 'policy': {'name': 'stop_epoch', 'epoch': [4, 64, 100], 'ops': ['Mosaic', 'RandomPhotometricDistort', 'RandomZoomOut', 'RandomIoUCrop']}, 'mosaic_prob': 0.3}}, 'shuffle': True, 'num_workers': 4, 'drop_last': False, 'collate_fn': {'type': 'BatchImageCollateFunction', 'base_size': 320, 'base_size_repeat': None, 'stop_epoch': 100, 'mixup_prob': 0.0, 'mixup_epochs': [4, 64], 'copyblend_prob': 0.0, 'copyblend_epochs': [4, 100], 'area_threshold': 100, 'num_objects': 3, 'with_expand': True, 'expand_ratios': [0.1, 0.25], 'ema_restart_decay': 0.9999}, 'total_batch_size': 4}, 'val_dataloader': {'type': 'DataLoader', 'dataset': {'type': 'CocoDetection', 'img_folder': '/workspace/midi/deim_data/images/fold0', 'ann_file': '/workspace/midi/deim_data/annotations/instances_fold0.json', 'return_masks': False, 'transforms': {'type': 'Compose', 'ops': [{'type': 'Resize', 'size': [320, 320]}, {'type': 'ConvertPILImage', 'dtype': 'float32', 'scale': True}]}}, 'shuffle': False, 'num_workers': 16, 'drop_last': False, 'collate_fn': {'type': 'BatchImageCollateFunction'}, 'total_batch_size': 4}, 'print_freq': 500, 'output_dir': '/workspace/midi/deim_configs/runs/atto_fold0', 'checkpoint_freq': 5, 'sync_bn': True, 'find_unused_parameters': True, 'use_amp': True, 'scaler': {'type': 'GradScaler', 'enabled': True}, 'use_ema': True, 'ema': {'type': 'ModelEMA', 'decay': 0.9999, 'warmups': 1000, 'start': 0}, 'epoches': 120, 'clip_max_norm': 0.1, 'optimizer': {'type': 'AdamW', 'params': [{'params': '^(?=.*backbone)(?!.*norm|bn).*$', 'lr': 0.001}, {'params': '^(?=.*backbone)(?=.*norm|bn).*$', 'lr': 0.001, 'weight_decay': 0.0}, {'params': '^(?=.*(?:encoder|decoder))(?=.*(?:norm|bn)).*$', 'weight_decay': 0.0}], 'lr': 0.002, 'betas': [0.9, 0.999], 'weight_decay': 0.0001}, 'lr_scheduler': {'type': 'MultiStepLR', 'milestones': [500], 'gamma': 0.1}, 'lr_warmup_scheduler': {'type': 'LinearWarmup', 'warmup_duration': 500}, 'model': 'DEIM', 'criterion': 'DEIMCriterion', 'postprocessor': 'PostProcessor', 'use_focal_loss': True, 'eval_spatial_size': [320, 320], 'DEIM': {'backbone': 'HGNetv2', 'encoder': 'LiteEncoder', 'decoder': 'DEIMTransformer'}, 'HGNetv2': {'name': 'Atto', 'return_idx': [2], 'freeze_at': -1, 'freeze_stem_only': True, 'freeze_norm': False, 'pretrained': True, 'local_model_dir': './weight/hgnetv2/', 'use_lab': True}, 'HybridEncoder': {'in_channels': [512, 1024, 2048], 'feat_strides': [8, 16, 32], 'hidden_dim': 256, 'use_encoder_idx': [2], 'num_encoder_layers': 1, 'nhead': 8, 'dim_feedforward': 1024, 'dropout': 0.0, 'enc_act': 'gelu', 'expansion': 1.0, 'depth_mult': 1, 'act': 'silu', 'version': 'deim', 'csp_type': 'csp2', 'fuse_op': 'sum'}, 'DEIMTransformer': {'feat_channels': [64, 64], 'feat_strides': [16, 32], 'hidden_dim': 64, 'num_levels': 2, 'num_layers': 3, 'eval_idx': -1, 'num_queries': 100, 'num_denoising': 100, 'label_noise_ratio': 0.5, 'box_noise_scale': 1.0, 'reg_max': 32, 'reg_scale': 4, 'layer_scale': 1, 'num_points': [4, 2], 'cross_attn_method': 'default', 'query_select_method': 'default', 'activation': 'silu', 'mlp_act': 'silu', 'dim_feedforward': 160, 'share_bbox_head': True, 'use_gateway': False}, 'PostProcessor': {'num_top_queries': 300}, 'lrsheduler': 'flatcosine', 'lr_gamma': 0.5, 'warmup_iter': 4000, 'flat_epoch': 64, 'no_aug_epoch': 20, 'DEIMCriterion': {'weight_dict': {'loss_mal': 1, 'loss_bbox': 5, 'loss_giou': 2, 'loss_fgl': 0.15, 'loss_ddf': 1.5}, 'losses': ['mal', 'boxes'], 'gamma': 1.5, 'alpha': 0.75, 'reg_max': 32, 'matcher': {'type': 'HungarianMatcher', 'weight_dict': {'cost_class': 2, 'cost_bbox': 5, 'cost_giou': 2}, 'alpha': 0.25, 'gamma': 2.0, 'change_matcher': True, 'iou_order_alpha': 4.0, 'matcher_change_epoch': 90}, 'use_uni_set': False}, '__include__': ['/workspace/midi/DEIMv2/configs/deimv2/deimv2_hgnetv2_atto_coco.yml'], 'LiteEncoder': {'in_channels': [256], 'feat_strides': [16], 'hidden_dim': 64, 'expansion': 0.34, 'depth_mult': 0.5, 'act': 'silu'}, 'lr_warmup': {'warmup_iter': 48}, 'tuning': '/workspace/midi/ckpt/deimv2_hgnetv2_atto_coco.pth', 'config': '/workspace/midi/deim_configs/deimv2_atto_fold0.yml', 'seed': 42, 'test_only': False, 'print_method': 'builtin', 'print_rank': 0}}
        ### Backbone.act: relu ###     
        ### Backbone.act: relu ###     
Loaded stage1 Atto HGNetV2 from local file.
Missing keys: {'stages.2.blocks.0.aggregation.1.bn.num_batches_tracked', 'stages.2.blocks.0.aggregation.0.bn.running_mean', 'stem.stem3.bn.num_batches_tracked', 'stages.2.blocks.0.aggregation.0.bn.bias', 'stages.2.blocks.0.layers.1.conv2.conv.weight', 'stages.2.blocks.0.layers.0.conv2.bn.num_batches_tracked', 'stages.1.blocks.0.layers.2.bn.num_batches_tracked', 'stem.stem2b.bn.num_batches_tracked', 'stages.2.blocks.0.layers.0.conv2.conv.weight', 'stages.1.downsample.bn.num_batches_tracked', 'stages.2.blocks.0.aggregation.1.bn.running_var', 'stages.0.blocks.0.layers.0.bn.num_batches_tracked', 'stages.2.blocks.0.layers.2.conv2.conv.weight', 'stages.2.blocks.0.aggregation.1.bn.running_mean', 'stages.0.blocks.0.layers.2.bn.num_batches_tracked', 'stages.2.blocks.0.layers.1.conv1.bn.num_batches_tracked', 'stem.stem4.bn.num_batches_tracked', 'stages.2.blocks.0.layers.2.conv1.bn.num_batches_tracked', 'stages.2.blocks.0.aggregation.1.bn.bias', 'stages.0.blocks.0.aggregation.0.bn.num_batches_tracked', 'stem.stem2a.bn.num_batches_tracked', 'stages.2.blocks.0.layers.1.conv2.bn.num_batches_tracked', 'stages.2.blocks.0.aggregation.0.conv.weight', 'stages.2.blocks.0.layers.0.conv1.bn.num_batches_tracked', 'stages.2.blocks.0.aggregation.1.bn.weight', 'stages.1.blocks.0.aggregation.1.bn.num_batches_tracked', 'stages.0.blocks.0.aggregation.1.bn.num_batches_tracked', 'stages.2.blocks.0.aggregation.0.bn.running_var', 'stages.2.blocks.0.aggregation.0.bn.weight', 'stem.stem1.bn.num_batches_tracked', 'stages.0.blocks.0.layers.1.bn.num_batches_tracked', 'stages.1.blocks.0.layers.1.bn.num_batches_tracked', 'stages.1.blocks.0.aggregation.0.bn.num_batches_tracked', 'stages.2.blocks.0.aggregation.1.conv.weight', 'stages.2.blocks.0.aggregation.0.bn.num_batches_tracked', 'stages.2.blocks.0.layers.2.conv2.bn.num_batches_tracked', 'stages.1.blocks.0.layers.0.bn.num_batches_tracked', 'stages.2.downsample.bn.num_batches_tracked'}
   #########################################################
Unexpected keys: {'stages.2.blocks.0.layers.1.conv2.conv.weight', 'stages.3.blocks.0.layers.1.conv2.bn.weight', 'stages.2.blocks.1.layers.2.conv1.bn.weight', 'stages.2.blocks.0.aggregation.1.bn.running_var', 'stages.3.blocks.0.layers.1.conv1.bn.weight', 'stages.2.blocks.1.aggregation.0.conv.weight', 'stages.3.blocks.0.layers.2.conv1.bn.running_mean', 'stages.3.blocks.0.aggregation.0.lab.scale', 'stages.2.blocks.1.layers.1.conv2.bn.running_var', 'stages.3.blocks.0.layers.0.conv2.bn.bias', 'stages.2.blocks.1.aggregation.1.lab.scale', 'stages.3.blocks.0.layers.2.conv2.bn.running_var', 'stages.3.blocks.0.layers.2.conv1.bn.weight', 'stages.2.blocks.1.layers.1.conv1.bn.weight', 'stages.2.blocks.1.layers.2.conv2.bn.weight', 'stages.3.blocks.0.layers.2.conv2.bn.running_mean', 'stages.2.blocks.0.aggregation.1.bn.weight', 'stages.3.blocks.0.aggregation.1.conv.weight', 'stages.3.blocks.0.layers.2.conv1.bn.bias', 'stages.3.blocks.0.layers.2.conv2.bn.bias', 'stages.2.blocks.1.aggregation.1.bn.bias', 'stages.3.blocks.0.layers.1.conv2.lab.scale', 'stages.3.downsample.conv.weight', 'stages.3.blocks.0.layers.2.conv2.lab.scale', 'stages.2.blocks.1.layers.1.conv2.conv.weight', 'stages.2.blocks.1.layers.1.conv1.conv.weight', 'stages.3.blocks.0.layers.0.conv2.lab.scale', 'stages.3.blocks.0.layers.2.conv2.conv.weight', 'stages.2.blocks.1.layers.0.conv1.conv.weight', 'stages.2.blocks.1.layers.1.conv2.bn.weight', 'stages.3.blocks.0.aggregation.1.bn.bias', 'stages.3.downsample.bn.running_mean', 'stages.2.blocks.1.layers.0.conv2.lab.bias', 'stages.2.blocks.1.layers.1.conv2.bn.bias', 'stages.2.blocks.1.layers.2.conv2.bn.running_var', 'stages.3.blocks.0.layers.0.conv1.bn.bias', 'stages.3.blocks.0.layers.0.conv1.bn.running_var', 'stages.3.blocks.0.aggregation.1.bn.running_mean', 'stages.3.blocks.0.layers.0.conv1.conv.weight', 'stages.2.blocks.1.layers.0.conv2.conv.weight', 'stages.3.blocks.0.layers.1.conv2.bn.bias', 'stages.3.blocks.0.aggregation.0.lab.bias', 'stages.2.blocks.0.aggregation.1.bn.bias', 'stages.3.blocks.0.layers.1.conv1.bn.bias', 'stages.3.blocks.0.layers.0.conv2.bn.running_var', 'stages.2.blocks.1.layers.0.conv1.bn.running_var', 'stages.3.blocks.0.aggregation.0.bn.running_mean', 'stages.2.blocks.1.layers.0.conv2.bn.running_var', 'stages.2.blocks.1.layers.1.conv2.lab.scale', 'stages.3.blocks.0.layers.2.conv1.bn.running_var', 'stages.3.blocks.0.layers.2.conv1.conv.weight', 'stages.2.blocks.0.aggregation.0.bn.weight', 'stages.2.blocks.1.aggregation.0.lab.scale', 'stages.2.blocks.1.aggregation.1.lab.bias', 'stages.3.blocks.0.layers.1.conv1.bn.running_var', 'stages.2.blocks.1.layers.0.conv1.bn.bias', 'stages.2.blocks.1.layers.1.conv1.bn.bias', 'stages.3.blocks.0.layers.1.conv2.bn.running_mean', 'stages.2.blocks.1.layers.2.conv2.bn.running_mean', 'stages.3.blocks.0.aggregation.0.bn.running_var', 'stages.3.blocks.0.aggregation.0.bn.weight', 'stages.2.blocks.1.aggregation.1.bn.running_mean', 'stages.2.blocks.0.aggregation.0.bn.bias', 'stages.2.blocks.1.layers.1.conv1.bn.running_mean', 'stages.3.blocks.0.layers.0.conv1.bn.weight', 'stages.2.blocks.0.aggregation.1.bn.running_mean', 'stages.2.blocks.1.layers.1.conv2.lab.bias', 'stages.3.blocks.0.layers.0.conv2.lab.bias', 'stages.3.blocks.0.aggregation.1.lab.scale', 'stages.2.blocks.1.aggregation.0.bn.running_var', 'stages.2.blocks.1.aggregation.0.bn.running_mean', 'stages.2.blocks.1.layers.2.conv2.conv.weight', 'stages.2.blocks.1.layers.2.conv1.bn.bias', 'stages.2.blocks.1.layers.2.conv2.lab.bias', 'stages.3.blocks.0.aggregation.1.bn.running_var', 'stages.2.blocks.1.layers.2.conv2.lab.scale', 'stages.3.blocks.0.layers.0.conv2.bn.weight', 'stages.2.blocks.0.aggregation.0.conv.weight', 'stages.3.blocks.0.layers.1.conv1.bn.running_mean', 'stages.2.blocks.1.layers.1.conv1.bn.running_var', 'stages.3.blocks.0.aggregation.0.conv.weight', 'stages.2.blocks.1.aggregation.1.conv.weight', 'stages.2.blocks.1.layers.1.conv2.bn.running_mean', 'stages.2.blocks.1.layers.0.conv2.lab.scale', 'stages.2.blocks.1.layers.2.conv1.bn.running_var', 'stages.2.blocks.1.aggregation.1.bn.weight', 'stages.3.blocks.0.layers.1.conv2.conv.weight', 'stages.2.blocks.0.aggregation.0.bn.running_var', 'stages.2.blocks.0.aggregation.1.conv.weight', 'stages.3.downsample.bn.weight', 'stages.3.blocks.0.layers.0.conv2.conv.weight', 'stages.2.blocks.1.layers.2.conv1.conv.weight', 'stages.3.downsample.bn.running_var', 'stages.2.blocks.1.aggregation.0.bn.bias', 'stages.2.blocks.0.aggregation.0.bn.running_mean', 'stages.2.blocks.1.layers.0.conv2.bn.bias', 'stages.3.downsample.bn.bias', 'stages.2.blocks.1.layers.0.conv1.bn.weight', 'stages.2.blocks.0.layers.0.conv2.conv.weight', 'stages.2.blocks.0.layers.2.conv2.conv.weight', 'stages.3.blocks.0.layers.0.conv2.bn.running_mean', 'stages.2.blocks.1.layers.0.conv1.bn.running_mean', 'stages.2.blocks.1.layers.0.conv2.bn.running_mean', 'stages.3.blocks.0.layers.2.conv2.lab.bias', 'stages.3.blocks.0.layers.2.conv2.bn.weight', 'stages.2.blocks.1.aggregation.0.bn.weight', 'stages.2.blocks.1.layers.0.conv2.bn.weight', 'stages.3.blocks.0.layers.1.conv2.bn.running_var', 'stages.3.blocks.0.aggregation.1.bn.weight', 'stages.2.blocks.1.layers.2.conv2.bn.bias', 'stages.3.blocks.0.layers.0.conv1.bn.running_mean', 'stages.3.blocks.0.layers.1.conv2.lab.bias', 'stages.3.blocks.0.layers.1.conv1.conv.weight', 'stages.2.blocks.1.aggregation.1.bn.running_var', 'stages.2.blocks.1.aggregation.0.lab.bias', 'stages.2.blocks.1.layers.2.conv1.bn.running_mean', 'stages.3.blocks.0.aggregation.0.bn.bias', 'stages.3.blocks.0.aggregation.1.lab.bias'}
     --- Use Gateway@False ---
     --- Use Share Bbox Head@True ---
     --- Use Share Score Head@False ---
     --- Wide Layer@1 ---
Tuning checkpoint from /workspace/midi/ckpt/deimv2_hgnetv2_atto_coco.pth
Load model.state_dict, {'missed': ['decoder.denoising_class_embed.weight'], 'unmatched': ['decoder.enc_score_head.weight', 'decoder.enc_score_head.bias', 'decoder.dec_score_head.0.weight', 'decoder.dec_score_head.0.bias', 'decoder.dec_score_head.1.weight', 'decoder.dec_score_head.1.bias', 'decoder.dec_score_head.2.weight', 'decoder.dec_score_head.2.bias']}
Using the new matching cost with iou_order_alpha = 4.0 at epoch 90
Initial lr: [0.001, 0.001, 0.002, 0.002]
building train_dataloader with batch_size=4...
     ### Transform @Mosaic ###    
     ### Transform @RandomPhotometricDistort ###    
     ### Transform @RandomZoomOut ###    
     ### Transform @RandomIoUCrop ###    
     ### Transform @SanitizeBoundingBoxes ###    
     ### Transform @RandomHorizontalFlip ###    
     ### Transform @Resize ###    
     ### Transform @SanitizeBoundingBoxes ###    
     ### Transform @ConvertPILImage ###    
     ### Transform @ConvertBoxes ###    
     ### Mosaic with Prob.@0.3 and ZoomOut/IoUCrop existed ### 
     ### ImgTransforms Epochs: [4, 64, 100] ### 
     ### Policy_ops@['Mosaic', 'RandomPhotometricDistort', 'RandomZoomOut', 'RandomIoUCrop'] ###
     ### Multi-scale Training until 100 epochs ### 
     ### Multi-scales@ None ###        
building val_dataloader with batch_size=4...
     ### Transform @Resize ###    
     ### Transform @ConvertPILImage ###    

------------------------------------- Calculate Flops Results -------------------------------------
Notations:
number of parameters (Params), number of multiply-accumulate operations(MACs),
number of floating-point operations (FLOPs), floating-point operations per second (FLOPS),
fwd FLOPs (model forward propagation FLOPs), bwd FLOPs (model backward propagation FLOPs),
default model backpropagation takes 2.00 times as much computation as forward propagation.

Total Training Params:                                                  479.41 K
fwd MACs:                                                               372.907 MMACs
fwd FLOPs:                                                              757.111 MFLOPS
fwd+bwd MACs:                                                           1.1187 GMACs
fwd+bwd FLOPs:                                                          2.2713 GFLOPS
---------------------------------------------------------------------------------------------------
{'Model FLOPs:757.111 MFLOPS   MACs:372.907 MMACs   Params:479415'}
------------------------------------------Start training-------------------------------------------
Index 194: module.decoder.pre_bbox_head.layers.2.bias - requires_grad: True
Index 195: module.decoder.dec_score_head.0.weight - requires_grad: True
     ## Using Self-defined Scheduler-flatcosine ## 
[0.001, 0.001, 0.002, 0.002] [0.0005, 0.0005, 0.001, 0.001] 960 4000 512 160
number of trainable parameters: 484359
number of non-trainable parameters: 2
Epoch: [0]  [0/8]  eta: 0:00:10  lr: 0.000000  loss: 39.3785 (39.3785)  loss_mal: 2.8535 (2.8535)  loss_bbox: 0.8872 (0.8872)  loss_giou: 0.7815 (0.7815)  loss_mal_aux_0: 2.2402 (2.2402)  loss_bbox_aux_0: 0.9913 (0.9913)  loss_giou_aux_0: 0.8730 (0.8730)  loss_mal_aux_1: 2.8203 (2.8203)  loss_bbox_aux_1: 0.9311 (0.9311)  loss_giou_aux_1: 0.7955 (0.7955)  loss_mal_pre: 2.2559 (2.2559)  loss_bbox_pre: 0.9955 (0.9955)  loss_giou_pre: 0.8698 (0.8698)  loss_mal_enc_0: 1.8096 (1.8096)  loss_bbox_enc_0: 1.1532 (1.1532)  loss_giou_enc_0: 1.0506 (1.0506)  loss_mal_dn_0: 1.1299 (1.1299)  loss_bbox_dn_0: 1.9799 (1.9799)  loss_giou_dn_0: 1.3450 (1.3450)  loss_mal_dn_1: 1.8398 (1.8398)  loss_bbox_dn_1: 1.5645 (1.5645)  loss_giou_dn_1: 1.1411 (1.1411)  loss_mal_dn_2: 2.0703 (2.0703)  loss_bbox_dn_2: 1.5332 (1.5332)  loss_giou_dn_2: 1.0595 (1.0595)  loss_mal_dn_pre: 1.1436 (1.1436)  loss_bbox_dn_pre: 1.9270 (1.9270)  loss_giou_dn_pre: 1.3364 (1.3364)  time: 1.2867  data: 0.2815  max mem: 252
Epoch: [0]  [7/8]  eta: 0:00:00  lr: 0.000000  loss: 38.0837 (38.0864)  loss_mal: 2.7422 (2.6737)  loss_bbox: 0.8872 (0.8043)  loss_giou: 0.8107 (0.8562)  loss_mal_aux_0: 2.0020 (1.8795)  loss_bbox_aux_0: 0.9913 (1.0044)  loss_giou_aux_0: 1.0421 (1.0476)  loss_mal_aux_1: 2.5430 (2.4921)  loss_bbox_aux_1: 0.9221 (0.8353)  loss_giou_aux_1: 0.9799 (0.9263)  loss_mal_pre: 1.7441 (1.8846)  loss_bbox_pre: 0.9955 (1.0436)  loss_giou_pre: 0.9255 (1.0212)  loss_mal_enc_0: 1.6982 (1.6719)  loss_bbox_enc_0: 1.1532 (1.1729)  loss_giou_enc_0: 1.0506 (1.0970)  loss_mal_dn_0: 1.0117 (1.0552)  loss_bbox_dn_0: 1.9191 (1.9307)  loss_giou_dn_0: 1.3738 (1.3853)  loss_mal_dn_1: 1.5586 (1.6257)  loss_bbox_dn_1: 1.5641 (1.5871)  loss_giou_dn_1: 1.2027 (1.2247)  loss_mal_dn_2: 1.7871 (1.8724)  loss_bbox_dn_2: 1.4225 (1.5145)  loss_giou_dn_2: 1.1163 (1.1389)  loss_mal_dn_pre: 1.0215 (1.0663)  loss_bbox_dn_pre: 1.8780 (1.8941)  loss_giou_dn_pre: 1.3745 (1.3810)  time: 0.2976  data: 0.0374  max mem: 266
Epoch: [0] Total time: 0:00:02 (0.3009 s / it)
Averaged stats: lr: 0.000000  loss: 38.0837 (38.0864)  loss_mal: 2.7422 (2.6737)  loss_bbox: 0.8872 (0.8043)  loss_giou: 0.8107 (0.8562)  loss_mal_aux_0: 2.0020 (1.8795)  loss_bbox_aux_0: 0.9913 (1.0044)  loss_giou_aux_0: 1.0421 (1.0476)  loss_mal_aux_1: 2.5430 (2.4921)  loss_bbox_aux_1: 0.9221 (0.8353)  loss_giou_aux_1: 0.9799 (0.9263)  loss_mal_pre: 1.7441 (1.8846)  loss_bbox_pre: 0.9955 (1.0436)  loss_giou_pre: 0.9255 (1.0212)  loss_mal_enc_0: 1.6982 (1.6719)  loss_bbox_enc_0: 1.1532 (1.1729)  loss_giou_enc_0: 1.0506 (1.0970)  loss_mal_dn_0: 1.0117 (1.0552)  loss_bbox_dn_0: 1.9191 (1.9307)  loss_giou_dn_0: 1.3738 (1.3853)  loss_mal_dn_1: 1.5586 (1.6257)  loss_bbox_dn_1: 1.5641 (1.5871)  loss_giou_dn_1: 1.2027 (1.2247)  loss_mal_dn_2: 1.7871 (1.8724)  loss_bbox_dn_2: 1.4225 (1.5145)  loss_giou_dn_2: 1.1163 (1.1389)  loss_mal_dn_pre: 1.0215 (1.0663)  loss_bbox_dn_pre: 1.8780 (1.8941)  loss_giou_dn_pre: 1.3745 (1.3810)
Test:  [0/4]  eta: 0:00:02    time: 0.6431  data: 0.5796  max mem: 266
Test:  [3/4]  eta: 0:00:00    time: 0.1747  data: 0.1455  max mem: 266
Test: Total time: 0:00:00 (0.1950 s / it)
Averaged stats: 
Accumulating evaluation results...
COCOeval_opt.accumulate() finished...
DONE (t=0.00s).
IoU metric: bbox
 Average Precision  (AP) @[ IoU=0.50:0.95 | area=   all | maxDets=100 ] = 0.009
 Average Precision  (AP) @[ IoU=0.50      | area=   all | maxDets=100 ] = 0.048
 Average Precision  (AP) @[ IoU=0.75      | area=   all | maxDets=100 ] = 0.003
 Average Precision  (AP) @[ IoU=0.50:0.95 | area= small | maxDets=100 ] = -1.000
 Average Precision  (AP) @[ IoU=0.50:0.95 | area=medium | maxDets=100 ] = -1.000
 Average Precision  (AP) @[ IoU=0.50:0.95 | area= large | maxDets=100 ] = 0.009
 Average Recall     (AR) @[ IoU=0.50:0.95 | area=   all | maxDets=  1 ] = 0.003
 Average Recall     (AR) @[ IoU=0.50:0.95 | area=   all | maxDets= 10 ] = 0.057
 Average Recall     (AR) @[ IoU=0.50:0.95 | area=   all | maxDets=100 ] = 0.433
 Average Recall     (AR) @[ IoU=0.50:0.95 | area= small | maxDets=100 ] = -1.000
 Average Recall     (AR) @[ IoU=0.50:0.95 | area=medium | maxDets=100 ] = -1.000
 Average Recall     (AR) @[ IoU=0.50:0.95 | area= large | maxDets=100 ] = 0.433
 Average Recall     (AR) @[ IoU=0.50      | area=   all | maxDets=100 ] = 0.800
 Average Recall     (AR) @[ IoU=0.75      | area=   all | maxDets=100 ] = 0.433
best_stat: {'epoch': 0, 'coco_eval_bbox': 0.008856294995718451}
Epoch: [1]  [0/8]  eta: 0:00:02  lr: 0.000000  loss: 38.5251 (38.5251)  loss_mal: 3.5742 (3.5742)  loss_bbox: 0.4120 (0.4120)  loss_giou: 0.5344 (0.5344)  loss_mal_aux_0: 2.4727 (2.4727)  loss_bbox_aux_0: 0.6341 (0.6341)  loss_giou_aux_0: 0.7588 (0.7588)  loss_mal_aux_1: 3.4141 (3.4141)  loss_bbox_aux_1: 0.4773 (0.4773)  loss_giou_aux_1: 0.5542 (0.5542)  loss_mal_pre: 2.5625 (2.5625)  loss_bbox_pre: 0.6744 (0.6744)  loss_giou_pre: 0.7137 (0.7137)  loss_mal_enc_0: 2.3809 (2.3809)  loss_bbox_enc_0: 0.7965 (0.7965)  loss_giou_enc_0: 0.7414 (0.7414)  loss_mal_dn_0: 0.9917 (0.9917)  loss_bbox_dn_0: 2.0762 (2.0762)  loss_giou_dn_0: 1.4046 (1.4046)  loss_mal_dn_1: 1.5361 (1.5361)  loss_bbox_dn_1: 1.6594 (1.6594)  loss_giou_dn_1: 1.2437 (1.2437)  loss_mal_dn_2: 1.7871 (1.7871)  loss_bbox_dn_2: 1.5408 (1.5408)  loss_giou_dn_2: 1.1511 (1.1511)  loss_mal_dn_pre: 1.0068 (1.0068)  loss_bbox_dn_pre: 2.0273 (2.0273)  loss_giou_dn_pre: 1.3990 (1.3990)  time: 0.3485  data: 0.2682  max mem: 266
Epoch: [1]  [7/8]  eta: 0:00:00  lr: 0.000000  loss: 37.4621 (37.9483)  loss_mal: 2.4355 (2.6671)  loss_bbox: 0.7065 (0.8436)  loss_giou: 0.7545 (0.8491)  loss_mal_aux_0: 1.8711 (1.8769)  loss_bbox_aux_0: 1.0045 (1.0134)  loss_giou_aux_0: 0.9971 (1.0071)  loss_mal_aux_1: 2.3613 (2.5095)  loss_bbox_aux_1: 0.7033 (0.8347)  loss_giou_aux_1: 0.8813 (0.8812)  loss_mal_pre: 1.8818 (1.8748)  loss_bbox_pre: 1.0029 (1.0199)  loss_giou_pre: 1.0034 (1.0186)  loss_mal_enc_0: 1.5059 (1.6631)  loss_bbox_enc_0: 1.1042 (1.1579)  loss_giou_enc_0: 1.0842 (1.0792)  loss_mal_dn_0: 0.9917 (1.0228)  loss_bbox_dn_0: 1.7037 (1.9560)  loss_giou_dn_0: 1.3884 (1.3999)  loss_mal_dn_1: 1.5361 (1.5698)  loss_bbox_dn_1: 1.4229 (1.6176)  loss_giou_dn_1: 1.2437 (1.2416)  loss_mal_dn_2: 1.7764 (1.7921)  loss_bbox_dn_2: 1.3839 (1.5479)  loss_giou_dn_2: 1.1511 (1.1622)  loss_mal_dn_pre: 1.0068 (1.0372)  loss_bbox_dn_pre: 1.6848 (1.9124)  loss_giou_dn_pre: 1.3816 (1.3926)  time: 0.1064  data: 0.0362  max mem: 266
Epoch: [1] Total time: 0:00:00 (0.1114 s / it)
Averaged stats: lr: 0.000000  loss: 37.4621 (37.9483)  loss_mal: 2.4355 (2.6671)  loss_bbox: 0.7065 (0.8436)  loss_giou: 0.7545 (0.8491)  loss_mal_aux_0: 1.8711 (1.8769)  loss_bbox_aux_0: 1.0045 (1.0134)  loss_giou_aux_0: 0.9971 (1.0071)  loss_mal_aux_1: 2.3613 (2.5095)  loss_bbox_aux_1: 0.7033 (0.8347)  loss_giou_aux_1: 0.8813 (0.8812)  loss_mal_pre: 1.8818 (1.8748)  loss_bbox_pre: 1.0029 (1.0199)  loss_giou_pre: 1.0034 (1.0186)  loss_mal_enc_0: 1.5059 (1.6631)  loss_bbox_enc_0: 1.1042 (1.1579)  loss_giou_enc_0: 1.0842 (1.0792)  loss_mal_dn_0: 0.9917 (1.0228)  loss_bbox_dn_0: 1.7037 (1.9560)  loss_giou_dn_0: 1.3884 (1.3999)  loss_mal_dn_1: 1.5361 (1.5698)  loss_bbox_dn_1: 1.4229 (1.6176)  loss_giou_dn_1: 1.2437 (1.2416)  loss_mal_dn_2: 1.7764 (1.7921)  loss_bbox_dn_2: 1.3839 (1.5479)  loss_giou_dn_2: 1.1511 (1.1622)  loss_mal_dn_pre: 1.0068 (1.0372)  loss_bbox_dn_pre: 1.6848 (1.9124)  loss_giou_dn_pre: 1.3816 (1.3926)
Test:  [0/4]  eta: 0:00:02    time: 0.6672  data: 0.6496  max mem: 266
Test:  [3/4]  eta: 0:00:00    time: 0.2227  data: 0.1630  max mem: 266
Test: Total time: 0:00:00 (0.2422 s / it)
Averaged stats: 
Accumulating evaluation results...
COCOeval_opt.accumulate() finished...
DONE (t=0.00s).
IoU metric: bbox
 Average Precision  (AP) @[ IoU=0.50:0.95 | area=   all | maxDets=100 ] = 0.006
 Average Precision  (AP) @[ IoU=0.50      | area=   all | maxDets=100 ] = 0.014
 Average Precision  (AP) @[ IoU=0.75      | area=   all | maxDets=100 ] = 0.004
 Average Precision  (AP) @[ IoU=0.50:0.95 | area= small | maxDets=100 ] = -1.000
 Average Precision  (AP) @[ IoU=0.50:0.95 | area=medium | maxDets=100 ] = -1.000
 Average Precision  (AP) @[ IoU=0.50:0.95 | area= large | maxDets=100 ] = 0.006
 Average Recall     (AR) @[ IoU=0.50:0.95 | area=   all | maxDets=  1 ] = 0.000
 Average Recall     (AR) @[ IoU=0.50:0.95 | area=   all | maxDets= 10 ] = 0.103
 Average Recall     (AR) @[ IoU=0.50:0.95 | area=   all | maxDets=100 ] = 0.463
 Average Recall     (AR) @[ IoU=0.50:0.95 | area= small | maxDets=100 ] = -1.000
 Average Recall     (AR) @[ IoU=0.50:0.95 | area=medium | maxDets=100 ] = -1.000
 Average Recall     (AR) @[ IoU=0.50:0.95 | area= large | maxDets=100 ] = 0.463
 Average Recall     (AR) @[ IoU=0.50      | area=   all | maxDets=100 ] = 0.867
 Average Recall     (AR) @[ IoU=0.75      | area=   all | maxDets=100 ] = 0.400
best_stat: {'epoch': 0, 'coco_eval_bbox': 0.008856294995718451}
Epoch: [2]  [0/8]  eta: 0:00:03  lr: 0.000000  loss: 35.8397 (35.8397)  loss_mal: 2.4668 (2.4668)  loss_bbox: 0.6816 (0.6816)  loss_giou: 0.9050 (0.9050)  loss_mal_aux_0: 1.6953 (1.6953)  loss_bbox_aux_0: 0.9399 (0.9399)  loss_giou_aux_0: 1.0756 (1.0756)  loss_mal_aux_1: 2.1895 (2.1895)  loss_bbox_aux_1: 0.8426 (0.8426)  loss_giou_aux_1: 0.9848 (0.9848)  loss_mal_pre: 1.6465 (1.6465)  loss_bbox_pre: 0.9460 (0.9460)  loss_giou_pre: 1.0775 (1.0775)  loss_mal_enc_0: 1.4355 (1.4355)  loss_bbox_enc_0: 1.1119 (1.1119)  loss_giou_enc_0: 1.1961 (1.1961)  loss_mal_dn_0: 1.0859 (1.0859)  loss_bbox_dn_0: 1.6502 (1.6502)  loss_giou_dn_0: 1.3446 (1.3446)  loss_mal_dn_1: 1.6875 (1.6875)  loss_bbox_dn_1: 1.3418 (1.3418)  loss_giou_dn_1: 1.1862 (1.1862)  loss_mal_dn_2: 1.9062 (1.9062)  loss_bbox_dn_2: 1.2794 (1.2794)  loss_giou_dn_2: 1.1112 (1.1112)  loss_mal_dn_pre: 1.1152 (1.1152)  loss_bbox_dn_pre: 1.6019 (1.6019)  loss_giou_dn_pre: 1.3349 (1.3349)  time: 0.4220  data: 0.3057  max mem: 266
Epoch: [2]  [7/8]  eta: 0:00:00  lr: 0.000000  loss: 37.1860 (37.4030)  loss_mal: 2.4668 (2.6702)  loss_bbox: 0.7388 (0.7571)  loss_giou: 0.8904 (0.8518)  loss_mal_aux_0: 1.6953 (1.8563)  loss_bbox_aux_0: 0.9807 (0.9528)  loss_giou_aux_0: 1.0481 (0.9875)  loss_mal_aux_1: 2.1895 (2.4478)  loss_bbox_aux_1: 0.8065 (0.8023)  loss_giou_aux_1: 0.9769 (0.9174)  loss_mal_pre: 1.6465 (1.8688)  loss_bbox_pre: 1.0145 (0.9796)  loss_giou_pre: 1.0284 (0.9934)  loss_mal_enc_0: 1.4551 (1.5796)  loss_bbox_enc_0: 1.0790 (1.1125)  loss_giou_enc_0: 1.1432 (1.1105)  loss_mal_dn_0: 1.0859 (1.0528)  loss_bbox_dn_0: 1.7338 (1.8982)  loss_giou_dn_0: 1.3679 (1.3860)  loss_mal_dn_1: 1.6074 (1.6039)  loss_bbox_dn_1: 1.4742 (1.5608)  loss_giou_dn_1: 1.1862 (1.2283)  loss_mal_dn_2: 1.8525 (1.8228)  loss_bbox_dn_2: 1.4273 (1.4932)  loss_giou_dn_2: 1.1150 (1.1530)  loss_mal_dn_pre: 1.0938 (1.0671)  loss_bbox_dn_pre: 1.7115 (1.8681)  loss_giou_dn_pre: 1.3626 (1.3814)  time: 0.1386  data: 0.0404  max mem: 266
Epoch: [2] Total time: 0:00:01 (0.1454 s / it)
Averaged stats: lr: 0.000000  loss: 37.1860 (37.4030)  loss_mal: 2.4668 (2.6702)  loss_bbox: 0.7388 (0.7571)  loss_giou: 0.8904 (0.8518)  loss_mal_aux_0: 1.6953 (1.8563)  loss_bbox_aux_0: 0.9807 (0.9528)  loss_giou_aux_0: 1.0481 (0.9875)  loss_mal_aux_1: 2.1895 (2.4478)  loss_bbox_aux_1: 0.8065 (0.8023)  loss_giou_aux_1: 0.9769 (0.9174)  loss_mal_pre: 1.6465 (1.8688)  loss_bbox_pre: 1.0145 (0.9796)  loss_giou_pre: 1.0284 (0.9934)  loss_mal_enc_0: 1.4551 (1.5796)  loss_bbox_enc_0: 1.0790 (1.1125)  loss_giou_enc_0: 1.1432 (1.1105)  loss_mal_dn_0: 1.0859 (1.0528)  loss_bbox_dn_0: 1.7338 (1.8982)  loss_giou_dn_0: 1.3679 (1.3860)  loss_mal_dn_1: 1.6074 (1.6039)  loss_bbox_dn_1: 1.4742 (1.5608)  loss_giou_dn_1: 1.1862 (1.2283)  loss_mal_dn_2: 1.8525 (1.8228)  loss_bbox_dn_2: 1.4273 (1.4932)  loss_giou_dn_2: 1.1150 (1.1530)  loss_mal_dn_pre: 1.0938 (1.0671)  loss_bbox_dn_pre: 1.7115 (1.8681)  loss_giou_dn_pre: 1.3626 (1.3814)
Test:  [0/4]  eta: 0:00:02    time: 0.6953  data: 0.6764  max mem: 266
Test:  [3/4]  eta: 0:00:00    time: 0.1834  data: 0.1698  max mem: 266
Test: Total time: 0:00:00 (0.1994 s / it)
Averaged stats: 
Accumulating evaluation results...
COCOeval_opt.accumulate() finished...
DONE (t=0.00s).
IoU metric: bbox
 Average Precision  (AP) @[ IoU=0.50:0.95 | area=   all | maxDets=100 ] = 0.007
 Average Precision  (AP) @[ IoU=0.50      | area=   all | maxDets=100 ] = 0.019
 Average Precision  (AP) @[ IoU=0.75      | area=   all | maxDets=100 ] = 0.004
 Average Precision  (AP) @[ IoU=0.50:0.95 | area= small | maxDets=100 ] = -1.000
 Average Precision  (AP) @[ IoU=0.50:0.95 | area=medium | maxDets=100 ] = -1.000
 Average Precision  (AP) @[ IoU=0.50:0.95 | area= large | maxDets=100 ] = 0.007
 Average Recall     (AR) @[ IoU=0.50:0.95 | area=   all | maxDets=  1 ] = 0.000
 Average Recall     (AR) @[ IoU=0.50:0.95 | area=   all | maxDets= 10 ] = 0.117
 Average Recall     (AR) @[ IoU=0.50:0.95 | area=   all | maxDets=100 ] = 0.477
 Average Recall     (AR) @[ IoU=0.50:0.95 | area= small | maxDets=100 ] = -1.000
 Average Recall     (AR) @[ IoU=0.50:0.95 | area=medium | maxDets=100 ] = -1.000
 Average Recall     (AR) @[ IoU=0.50:0.95 | area= large | maxDets=100 ] = 0.477
 Average Recall     (AR) @[ IoU=0.50      | area=   all | maxDets=100 ] = 0.833
 Average Recall     (AR) @[ IoU=0.75      | area=   all | maxDets=100 ] = 0.467
best_stat: {'epoch': 0, 'coco_eval_bbox': 0.008856294995718451}
Epoch: [3]  [0/8]  eta: 0:00:03  lr: 0.000000  loss: 37.6839 (37.6839)  loss_mal: 2.3477 (2.3477)  loss_bbox: 0.9282 (0.9282)  loss_giou: 0.9765 (0.9765)  loss_mal_aux_0: 1.7178 (1.7178)  loss_bbox_aux_0: 1.0460 (1.0460)  loss_giou_aux_0: 1.1677 (1.1677)  loss_mal_aux_1: 2.2773 (2.2773)  loss_bbox_aux_1: 1.0283 (1.0283)  loss_giou_aux_1: 0.9589 (0.9589)  loss_mal_pre: 1.7471 (1.7471)  loss_bbox_pre: 0.9840 (0.9840)  loss_giou_pre: 1.1673 (1.1673)  loss_mal_enc_0: 1.3281 (1.3281)  loss_bbox_enc_0: 1.1949 (1.1949)  loss_giou_enc_0: 1.3226 (1.3226)  loss_mal_dn_0: 1.0312 (1.0312)  loss_bbox_dn_0: 1.9086 (1.9086)  loss_giou_dn_0: 1.3863 (1.3863)  loss_mal_dn_1: 1.5479 (1.5479)  loss_bbox_dn_1: 1.5587 (1.5587)  loss_giou_dn_1: 1.2519 (1.2519)  loss_mal_dn_2: 1.7217 (1.7217)  loss_bbox_dn_2: 1.5819 (1.5819)  loss_giou_dn_2: 1.1967 (1.1967)  loss_mal_dn_pre: 1.0322 (1.0322)  loss_bbox_dn_pre: 1.8876 (1.8876)  loss_giou_dn_pre: 1.3867 (1.3867)  time: 0.4030  data: 0.2915  max mem: 266
Epoch: [3]  [7/8]  eta: 0:00:00  lr: 0.000000  loss: 37.6839 (37.6703)  loss_mal: 2.3477 (2.5752)  loss_bbox: 0.8625 (0.8123)  loss_giou: 0.8821 (0.8945)  loss_mal_aux_0: 1.7178 (1.8328)  loss_bbox_aux_0: 1.0460 (0.9718)  loss_giou_aux_0: 1.0248 (1.0577)  loss_mal_aux_1: 2.2500 (2.3341)  loss_bbox_aux_1: 0.8451 (0.8495)  loss_giou_aux_1: 0.9589 (0.9777)  loss_mal_pre: 1.7471 (1.8688)  loss_bbox_pre: 0.9840 (1.0016)  loss_giou_pre: 1.0051 (1.0436)  loss_mal_enc_0: 1.4570 (1.6249)  loss_bbox_enc_0: 1.0807 (1.1415)  loss_giou_enc_0: 1.1321 (1.1141)  loss_mal_dn_0: 1.0312 (1.0474)  loss_bbox_dn_0: 1.9380 (1.9062)  loss_giou_dn_0: 1.3840 (1.3843)  loss_mal_dn_1: 1.5479 (1.5592)  loss_bbox_dn_1: 1.5693 (1.6169)  loss_giou_dn_1: 1.2374 (1.2499)  loss_mal_dn_2: 1.7305 (1.7804)  loss_bbox_dn_2: 1.5616 (1.5443)  loss_giou_dn_2: 1.1670 (1.1721)  loss_mal_dn_pre: 1.0459 (1.0612)  loss_bbox_dn_pre: 1.8876 (1.8685)  loss_giou_dn_pre: 1.3778 (1.3798)  time: 0.1076  data: 0.0381  max mem: 266
Epoch: [3] Total time: 0:00:00 (0.1147 s / it)
Averaged stats: lr: 0.000000  loss: 37.6839 (37.6703)  loss_mal: 2.3477 (2.5752)  loss_bbox: 0.8625 (0.8123)  loss_giou: 0.8821 (0.8945)  loss_mal_aux_0: 1.7178 (1.8328)  loss_bbox_aux_0: 1.0460 (0.9718)  loss_giou_aux_0: 1.0248 (1.0577)  loss_mal_aux_1: 2.2500 (2.3341)  loss_bbox_aux_1: 0.8451 (0.8495)  loss_giou_aux_1: 0.9589 (0.9777)  loss_mal_pre: 1.7471 (1.8688)  loss_bbox_pre: 0.9840 (1.0016)  loss_giou_pre: 1.0051 (1.0436)  loss_mal_enc_0: 1.4570 (1.6249)  loss_bbox_enc_0: 1.0807 (1.1415)  loss_giou_enc_0: 1.1321 (1.1141)  loss_mal_dn_0: 1.0312 (1.0474)  loss_bbox_dn_0: 1.9380 (1.9062)  loss_giou_dn_0: 1.3840 (1.3843)  loss_mal_dn_1: 1.5479 (1.5592)  loss_bbox_dn_1: 1.5693 (1.6169)  loss_giou_dn_1: 1.2374 (1.2499)  loss_mal_dn_2: 1.7305 (1.7804)  loss_bbox_dn_2: 1.5616 (1.5443)  loss_giou_dn_2: 1.1670 (1.1721)  loss_mal_dn_pre: 1.0459 (1.0612)  loss_bbox_dn_pre: 1.8876 (1.8685)  loss_giou_dn_pre: 1.3778 (1.3798)
Test:  [0/4]  eta: 0:00:02    time: 0.6747  data: 0.6543  max mem: 266
Test:  [3/4]  eta: 0:00:00    time: 0.1860  data: 0.1642  max mem: 266
Test: Total time: 0:00:00 (0.2066 s / it)
Averaged stats: 
Accumulating evaluation results...
COCOeval_opt.accumulate() finished...
DONE (t=0.00s).
IoU metric: bbox
 Average Precision  (AP) @[ IoU=0.50:0.95 | area=   all | maxDets=100 ] = 0.005
 Average Precision  (AP) @[ IoU=0.50      | area=   all | maxDets=100 ] = 0.011
 Average Precision  (AP) @[ IoU=0.75      | area=   all | maxDets=100 ] = 0.004
 Average Precision  (AP) @[ IoU=0.50:0.95 | area= small | maxDets=100 ] = -1.000
 Average Precision  (AP) @[ IoU=0.50:0.95 | area=medium | maxDets=100 ] = -1.000
 Average Precision  (AP) @[ IoU=0.50:0.95 | area= large | maxDets=100 ] = 0.005
 Average Recall     (AR) @[ IoU=0.50:0.95 | area=   all | maxDets=  1 ] = 0.000
 Average Recall     (AR) @[ IoU=0.50:0.95 | area=   all | maxDets= 10 ] = 0.067
 Average Recall     (AR) @[ IoU=0.50:0.95 | area=   all | maxDets=100 ] = 0.453
 Average Recall     (AR) @[ IoU=0.50:0.95 | area= small | maxDets=100 ] = -1.000
 Average Recall     (AR) @[ IoU=0.50:0.95 | area=medium | maxDets=100 ] = -1.000
 Average Recall     (AR) @[ IoU=0.50:0.95 | area= large | maxDets=100 ] = 0.453
 Average Recall     (AR) @[ IoU=0.50      | area=   all | maxDets=100 ] = 0.833
 Average Recall     (AR) @[ IoU=0.75      | area=   all | maxDets=100 ] = 0.400
best_stat: {'epoch': 0, 'coco_eval_bbox': 0.008856294995718451}
Epoch: [4]  [0/8]  eta: 0:00:05  lr: 0.000000  loss: 37.8453 (37.8453)  loss_mal: 1.5762 (1.5762)  loss_bbox: 1.4655 (1.4655)  loss_giou: 1.3107 (1.3107)  loss_mal_aux_0: 1.2969 (1.2969)  loss_bbox_aux_0: 1.4044 (1.4044)  loss_giou_aux_0: 1.3907 (1.3907)  loss_mal_aux_1: 1.3652 (1.3652)  loss_bbox_aux_1: 1.3358 (1.3358)  loss_giou_aux_1: 1.5319 (1.5319)  loss_mal_pre: 1.2422 (1.2422)  loss_bbox_pre: 1.6018 (1.6018)  loss_giou_pre: 1.3644 (1.3644)  loss_mal_enc_0: 1.1650 (1.1650)  loss_bbox_enc_0: 1.6129 (1.6129)  loss_giou_enc_0: 1.4024 (1.4024)  loss_mal_dn_0: 1.0576 (1.0576)  loss_bbox_dn_0: 1.6221 (1.6221)  loss_giou_dn_0: 1.4021 (1.4021)  loss_mal_dn_1: 1.5176 (1.5176)  loss_bbox_dn_1: 1.4784 (1.4784)  loss_giou_dn_1: 1.2759 (1.2759)  loss_mal_dn_2: 1.6396 (1.6396)  loss_bbox_dn_2: 1.4849 (1.4849)  loss_giou_dn_2: 1.2340 (1.2340)  loss_mal_dn_pre: 1.0830 (1.0830)  loss_bbox_dn_pre: 1.5846 (1.5846)  loss_giou_dn_pre: 1.3994 (1.3994)  time: 0.7033  data: 0.6021  max mem: 266
Epoch: [4]  [7/8]  eta: 0:00:00  lr: 0.000000  loss: 34.3507 (36.1667)  loss_mal: 2.2207 (2.0508)  loss_bbox: 1.0327 (1.0691)  loss_giou: 1.0110 (1.1052)  loss_mal_aux_0: 1.4834 (1.5098)  loss_bbox_aux_0: 1.0179 (1.1181)  loss_giou_aux_0: 1.1259 (1.1991)  loss_mal_aux_1: 1.9189 (1.8204)  loss_bbox_aux_1: 0.9954 (1.0531)  loss_giou_aux_1: 1.0994 (1.1957)  loss_mal_pre: 1.3799 (1.5004)  loss_bbox_pre: 1.0028 (1.1295)  loss_giou_pre: 1.1022 (1.2068)  loss_mal_enc_0: 1.1895 (1.2734)  loss_bbox_enc_0: 1.1672 (1.2770)  loss_giou_enc_0: 1.2869 (1.3261)  loss_mal_dn_0: 1.0381 (1.0475)  loss_bbox_dn_0: 1.5253 (1.5462)  loss_giou_dn_0: 1.4021 (1.3955)  loss_mal_dn_1: 1.5049 (1.4890)  loss_bbox_dn_1: 1.2172 (1.3755)  loss_giou_dn_1: 1.2759 (1.2838)  loss_mal_dn_2: 1.6309 (1.6359)  loss_bbox_dn_2: 1.1484 (1.3636)  loss_giou_dn_2: 1.2324 (1.2296)  loss_mal_dn_pre: 1.0537 (1.0515)  loss_bbox_dn_pre: 1.5008 (1.5210)  loss_giou_dn_pre: 1.3994 (1.3930)  time: 0.2028  data: 0.1262  max mem: 266
Epoch: [4] Total time: 0:00:01 (0.2108 s / it)
Averaged stats: lr: 0.000000  loss: 34.3507 (36.1667)  loss_mal: 2.2207 (2.0508)  loss_bbox: 1.0327 (1.0691)  loss_giou: 1.0110 (1.1052)  loss_mal_aux_0: 1.4834 (1.5098)  loss_bbox_aux_0: 1.0179 (1.1181)  loss_giou_aux_0: 1.1259 (1.1991)  loss_mal_aux_1: 1.9189 (1.8204)  loss_bbox_aux_1: 0.9954 (1.0531)  loss_giou_aux_1: 1.0994 (1.1957)  loss_mal_pre: 1.3799 (1.5004)  loss_bbox_pre: 1.0028 (1.1295)  loss_giou_pre: 1.1022 (1.2068)  loss_mal_enc_0: 1.1895 (1.2734)  loss_bbox_enc_0: 1.1672 (1.2770)  loss_giou_enc_0: 1.2869 (1.3261)  loss_mal_dn_0: 1.0381 (1.0475)  loss_bbox_dn_0: 1.5253 (1.5462)  loss_giou_dn_0: 1.4021 (1.3955)  loss_mal_dn_1: 1.5049 (1.4890)  loss_bbox_dn_1: 1.2172 (1.3755)  loss_giou_dn_1: 1.2759 (1.2838)  loss_mal_dn_2: 1.6309 (1.6359)  loss_bbox_dn_2: 1.1484 (1.3636)  loss_giou_dn_2: 1.2324 (1.2296)  loss_mal_dn_pre: 1.0537 (1.0515)  loss_bbox_dn_pre: 1.5008 (1.5210)  loss_giou_dn_pre: 1.3994 (1.3930)
Test:  [0/4]  eta: 0:00:02    time: 0.6540  data: 0.6366  max mem: 266
Test:  [3/4]  eta: 0:00:00    time: 0.1730  data: 0.1599  max mem: 266
Test: Total time: 0:00:00 (0.1939 s / it)
Averaged stats: 
Accumulating evaluation results...
COCOeval_opt.accumulate() finished...
DONE (t=0.00s).
IoU metric: bbox
 Average Precision  (AP) @[ IoU=0.50:0.95 | area=   all | maxDets=100 ] = 0.006
 Average Precision  (AP) @[ IoU=0.50      | area=   all | maxDets=100 ] = 0.013
 Average Precision  (AP) @[ IoU=0.75      | area=   all | maxDets=100 ] = 0.005
 Average Precision  (AP) @[ IoU=0.50:0.95 | area= small | maxDets=100 ] = -1.000
 Average Precision  (AP) @[ IoU=0.50:0.95 | area=medium | maxDets=100 ] = -1.000
 Average Precision  (AP) @[ IoU=0.50:0.95 | area= large | maxDets=100 ] = 0.006
 Average Recall     (AR) @[ IoU=0.50:0.95 | area=   all | maxDets=  1 ] = 0.000
 Average Recall     (AR) @[ IoU=0.50:0.95 | area=   all | maxDets= 10 ] = 0.103
 Average Recall     (AR) @[ IoU=0.50:0.95 | area=   all | maxDets=100 ] = 0.453
 Average Recall     (AR) @[ IoU=0.50:0.95 | area= small | maxDets=100 ] = -1.000
 Average Recall     (AR) @[ IoU=0.50:0.95 | area=medium | maxDets=100 ] = -1.000
 Average Recall     (AR) @[ IoU=0.50:0.95 | area= large | maxDets=100 ] = 0.453
 Average Recall     (AR) @[ IoU=0.50      | area=   all | maxDets=100 ] = 0.867
 Average Recall     (AR) @[ IoU=0.75      | area=   all | maxDets=100 ] = 0.467
best_stat: {'epoch': 0, 'coco_eval_bbox': 0.008856294995718451}
Epoch: [5]  [0/8]  eta: 0:00:05  lr: 0.000000  loss: 32.7355 (32.7355)  loss_mal: 0.7017 (0.7017)  loss_bbox: 1.5536 (1.5536)  loss_giou: 1.6127 (1.6127)  loss_mal_aux_0: 0.5308 (0.5308)  loss_bbox_aux_0: 1.6035 (1.6035)  loss_giou_aux_0: 1.6628 (1.6628)  loss_mal_aux_1: 0.6445 (0.6445)  loss_bbox_aux_1: 1.5590 (1.5590)  loss_giou_aux_1: 1.6332 (1.6332)  loss_mal_pre: 0.5435 (0.5435)  loss_bbox_pre: 1.6019 (1.6019)  loss_giou_pre: 1.6766 (1.6766)  loss_mal_enc_0: 0.4141 (0.4141)  loss_bbox_enc_0: 1.8614 (1.8614)  loss_giou_enc_0: 1.6857 (1.6857)  loss_mal_dn_0: 0.9990 (0.9990)  loss_bbox_dn_0: 0.8143 (0.8143)  loss_giou_dn_0: 1.4364 (1.4364)  loss_mal_dn_1: 1.3652 (1.3652)  loss_bbox_dn_1: 0.7069 (0.7069)  loss_giou_dn_1: 1.3661 (1.3661)  loss_mal_dn_2: 1.4141 (1.4141)  loss_bbox_dn_2: 0.7423 (0.7423)  loss_giou_dn_2: 1.3616 (1.3616)  loss_mal_dn_pre: 1.0000 (1.0000)  loss_bbox_dn_pre: 0.8096 (0.8096)  loss_giou_dn_pre: 1.4349 (1.4349)  time: 0.7064  data: 0.6066  max mem: 266
Epoch: [5]  [7/8]  eta: 0:00:00  lr: 0.000000  loss: 33.2266 (33.5322)  loss_mal: 1.0928 (1.1849)  loss_bbox: 1.1499 (1.2123)  loss_giou: 1.4200 (1.4451)  loss_mal_aux_0: 0.7583 (0.8603)  loss_bbox_aux_0: 1.3058 (1.3567)  loss_giou_aux_0: 1.5423 (1.5187)  loss_mal_aux_1: 0.9829 (1.1286)  loss_bbox_aux_1: 1.1188 (1.2494)  loss_giou_aux_1: 1.3907 (1.4484)  loss_mal_pre: 0.7266 (0.8585)  loss_bbox_pre: 1.3307 (1.3882)  loss_giou_pre: 1.4869 (1.5140)  loss_mal_enc_0: 0.6948 (0.7450)  loss_bbox_enc_0: 1.5494 (1.5601)  loss_giou_enc_0: 1.5795 (1.5621)  loss_mal_dn_0: 1.1006 (1.0571)  loss_bbox_dn_0: 1.0194 (1.0188)  loss_giou_dn_0: 1.3682 (1.4172)  loss_mal_dn_1: 1.5225 (1.4783)  loss_bbox_dn_1: 0.8874 (0.9071)  loss_giou_dn_1: 1.2840 (1.3318)  loss_mal_dn_2: 1.5469 (1.5728)  loss_bbox_dn_2: 0.9411 (0.9236)  loss_giou_dn_2: 1.2221 (1.2965)  loss_mal_dn_pre: 1.0908 (1.0753)  loss_bbox_dn_pre: 0.9790 (1.0068)  loss_giou_dn_pre: 1.3671 (1.4147)  time: 0.1897  data: 0.0994  max mem: 266
Epoch: [5] Total time: 0:00:01 (0.1978 s / it)
Averaged stats: lr: 0.000000  loss: 33.2266 (33.5322)  loss_mal: 1.0928 (1.1849)  loss_bbox: 1.1499 (1.2123)  loss_giou: 1.4200 (1.4451)  loss_mal_aux_0: 0.7583 (0.8603)  loss_bbox_aux_0: 1.3058 (1.3567)  loss_giou_aux_0: 1.5423 (1.5187)  loss_mal_aux_1: 0.9829 (1.1286)  loss_bbox_aux_1: 1.1188 (1.2494)  loss_giou_aux_1: 1.3907 (1.4484)  loss_mal_pre: 0.7266 (0.8585)  loss_bbox_pre: 1.3307 (1.3882)  loss_giou_pre: 1.4869 (1.5140)  loss_mal_enc_0: 0.6948 (0.7450)  loss_bbox_enc_0: 1.5494 (1.5601)  loss_giou_enc_0: 1.5795 (1.5621)  loss_mal_dn_0: 1.1006 (1.0571)  loss_bbox_dn_0: 1.0194 (1.0188)  loss_giou_dn_0: 1.3682 (1.4172)  loss_mal_dn_1: 1.5225 (1.4783)  loss_bbox_dn_1: 0.8874 (0.9071)  loss_giou_dn_1: 1.2840 (1.3318)  loss_mal_dn_2: 1.5469 (1.5728)  loss_bbox_dn_2: 0.9411 (0.9236)  loss_giou_dn_2: 1.2221 (1.2965)  loss_mal_dn_pre: 1.0908 (1.0753)  loss_bbox_dn_pre: 0.9790 (1.0068)  loss_giou_dn_pre: 1.3671 (1.4147)
Test:  [0/4]  eta: 0:00:02    time: 0.6406  data: 0.6237  max mem: 266
Test:  [3/4]  eta: 0:00:00    time: 0.1681  data: 0.1565  max mem: 266
Test: Total time: 0:00:00 (0.1868 s / it)
Averaged stats: 
Accumulating evaluation results...
COCOeval_opt.accumulate() finished...
DONE (t=0.00s).
IoU metric: bbox
 Average Precision  (AP) @[ IoU=0.50:0.95 | area=   all | maxDets=100 ] = 0.005
 Average Precision  (AP) @[ IoU=0.50      | area=   all | maxDets=100 ] = 0.012
 Average Precision  (AP) @[ IoU=0.75      | area=   all | maxDets=100 ] = 0.003
 Average Precision  (AP) @[ IoU=0.50:0.95 | area= small | maxDets=100 ] = -1.000
 Average Precision  (AP) @[ IoU=0.50:0.95 | area=medium | maxDets=100 ] = -1.000
 Average Precision  (AP) @[ IoU=0.50:0.95 | area= large | maxDets=100 ] = 0.005
 Average Recall     (AR) @[ IoU=0.50:0.95 | area=   all | maxDets=  1 ] = 0.020
 Average Recall     (AR) @[ IoU=0.50:0.95 | area=   all | maxDets= 10 ] = 0.030
 Average Recall     (AR) @[ IoU=0.50:0.95 | area=   all | maxDets=100 ] = 0.373
 Average Recall     (AR) @[ IoU=0.50:0.95 | area= small | maxDets=100 ] = -1.000
 Average Recall     (AR) @[ IoU=0.50:0.95 | area=medium | maxDets=100 ] = -1.000
 Average Recall     (AR) @[ IoU=0.50:0.95 | area= large | maxDets=100 ] = 0.373
 Average Recall     (AR) @[ IoU=0.50      | area=   all | maxDets=100 ] = 0.767
 Average Recall     (AR) @[ IoU=0.75      | area=   all | maxDets=100 ] = 0.400
best_stat: {'epoch': 0, 'coco_eval_bbox': 0.008856294995718451}
Epoch: [6]  [0/8]  eta: 0:00:05  lr: 0.000000  loss: 33.0522 (33.0522)  loss_mal: 0.7979 (0.7979)  loss_bbox: 1.4871 (1.4871)  loss_giou: 1.5826 (1.5826)  loss_mal_aux_0: 0.4517 (0.4517)  loss_bbox_aux_0: 1.7603 (1.7603)  loss_giou_aux_0: 1.6419 (1.6419)  loss_mal_aux_1: 0.6104 (0.6104)  loss_bbox_aux_1: 1.5006 (1.5006)  loss_giou_aux_1: 1.6333 (1.6333)  loss_mal_pre: 0.4583 (0.4583)  loss_bbox_pre: 1.7840 (1.7840)  loss_giou_pre: 1.6363 (1.6363)  loss_mal_enc_0: 0.3440 (0.3440)  loss_bbox_enc_0: 1.9090 (1.9090)  loss_giou_enc_0: 1.7319 (1.7319)  loss_mal_dn_0: 1.0830 (1.0830)  loss_bbox_dn_0: 0.7876 (0.7876)  loss_giou_dn_0: 1.3825 (1.3825)  loss_mal_dn_1: 1.5215 (1.5215)  loss_bbox_dn_1: 0.7521 (0.7521)  loss_giou_dn_1: 1.3022 (1.3022)  loss_mal_dn_2: 1.5645 (1.5645)  loss_bbox_dn_2: 0.7892 (0.7892)  loss_giou_dn_2: 1.2762 (1.2762)  loss_mal_dn_pre: 1.1045 (1.1045)  loss_bbox_dn_pre: 0.7792 (0.7792)  loss_giou_dn_pre: 1.3806 (1.3806)  time: 0.7194  data: 0.6369  max mem: 266
Epoch: [6]  [7/8]  eta: 0:00:00  lr: 0.000000  loss: 33.7547 (34.0185)  loss_mal: 0.7979 (1.0946)  loss_bbox: 1.2967 (1.2817)  loss_giou: 1.5826 (1.5010)  loss_mal_aux_0: 0.5410 (0.7939)  loss_bbox_aux_0: 1.5054 (1.4844)  loss_giou_aux_0: 1.5819 (1.5373)  loss_mal_aux_1: 0.7559 (0.9863)  loss_bbox_aux_1: 1.3116 (1.2797)  loss_giou_aux_1: 1.6356 (1.5607)  loss_mal_pre: 0.4993 (0.7958)  loss_bbox_pre: 1.5971 (1.5418)  loss_giou_pre: 1.5456 (1.5215)  loss_mal_enc_0: 0.3713 (0.6657)  loss_bbox_enc_0: 1.7998 (1.7137)  loss_giou_enc_0: 1.6309 (1.6002)  loss_mal_dn_0: 1.0176 (1.0383)  loss_bbox_dn_0: 1.0045 (1.1137)  loss_giou_dn_0: 1.3839 (1.4012)  loss_mal_dn_1: 1.4580 (1.4550)  loss_bbox_dn_1: 0.9134 (0.9753)  loss_giou_dn_1: 1.3022 (1.3144)  loss_mal_dn_2: 1.5352 (1.5414)  loss_bbox_dn_2: 0.9567 (0.9933)  loss_giou_dn_2: 1.2762 (1.2810)  loss_mal_dn_pre: 1.0479 (1.0608)  loss_bbox_dn_pre: 1.0062 (1.0902)  loss_giou_dn_pre: 1.3806 (1.3956)  time: 0.1653  data: 0.0951  max mem: 266
Epoch: [6] Total time: 0:00:01 (0.1736 s / it)
Averaged stats: lr: 0.000000  loss: 33.7547 (34.0185)  loss_mal: 0.7979 (1.0946)  loss_bbox: 1.2967 (1.2817)  loss_giou: 1.5826 (1.5010)  loss_mal_aux_0: 0.5410 (0.7939)  loss_bbox_aux_0: 1.5054 (1.4844)  loss_giou_aux_0: 1.5819 (1.5373)  loss_mal_aux_1: 0.7559 (0.9863)  loss_bbox_aux_1: 1.3116 (1.2797)  loss_giou_aux_1: 1.6356 (1.5607)  loss_mal_pre: 0.4993 (0.7958)  loss_bbox_pre: 1.5971 (1.5418)  loss_giou_pre: 1.5456 (1.5215)  loss_mal_enc_0: 0.3713 (0.6657)  loss_bbox_enc_0: 1.7998 (1.7137)  loss_giou_enc_0: 1.6309 (1.6002)  loss_mal_dn_0: 1.0176 (1.0383)  loss_bbox_dn_0: 1.0045 (1.1137)  loss_giou_dn_0: 1.3839 (1.4012)  loss_mal_dn_1: 1.4580 (1.4550)  loss_bbox_dn_1: 0.9134 (0.9753)  loss_giou_dn_1: 1.3022 (1.3144)  loss_mal_dn_2: 1.5352 (1.5414)  loss_bbox_dn_2: 0.9567 (0.9933)  loss_giou_dn_2: 1.2762 (1.2810)  loss_mal_dn_pre: 1.0479 (1.0608)  loss_bbox_dn_pre: 1.0062 (1.0902)  loss_giou_dn_pre: 1.3806 (1.3956)
Test:  [0/4]  eta: 0:00:02    time: 0.6995  data: 0.6781  max mem: 266
Test:  [3/4]  eta: 0:00:00    time: 0.2211  data: 0.1701  max mem: 266
Test: Total time: 0:00:00 (0.2400 s / it)
Averaged stats: 
Accumulating evaluation results...
COCOeval_opt.accumulate() finished...
DONE (t=0.00s).
IoU metric: bbox
 Average Precision  (AP) @[ IoU=0.50:0.95 | area=   all | maxDets=100 ] = 0.006
 Average Precision  (AP) @[ IoU=0.50      | area=   all | maxDets=100 ] = 0.013
 Average Precision  (AP) @[ IoU=0.75      | area=   all | maxDets=100 ] = 0.005
 Average Precision  (AP) @[ IoU=0.50:0.95 | area= small | maxDets=100 ] = -1.000
 Average Precision  (AP) @[ IoU=0.50:0.95 | area=medium | maxDets=100 ] = -1.000
 Average Precision  (AP) @[ IoU=0.50:0.95 | area= large | maxDets=100 ] = 0.006
 Average Recall     (AR) @[ IoU=0.50:0.95 | area=   all | maxDets=  1 ] = 0.000
 Average Recall     (AR) @[ IoU=0.50:0.95 | area=   all | maxDets= 10 ] = 0.030
 Average Recall     (AR) @[ IoU=0.50:0.95 | area=   all | maxDets=100 ] = 0.350
 Average Recall     (AR) @[ IoU=0.50:0.95 | area= small | maxDets=100 ] = -1.000
 Average Recall     (AR) @[ IoU=0.50:0.95 | area=medium | maxDets=100 ] = -1.000
 Average Recall     (AR) @[ IoU=0.50:0.95 | area= large | maxDets=100 ] = 0.350
 Average Recall     (AR) @[ IoU=0.50      | area=   all | maxDets=100 ] = 0.733
 Average Recall     (AR) @[ IoU=0.75      | area=   all | maxDets=100 ] = 0.333
best_stat: {'epoch': 0, 'coco_eval_bbox': 0.008856294995718451}
Epoch: [7]  [0/8]  eta: 0:00:04  lr: 0.000000  loss: 33.0448 (33.0448)  loss_mal: 1.4980 (1.4980)  loss_bbox: 1.0588 (1.0588)  loss_giou: 1.3276 (1.3276)  loss_mal_aux_0: 1.1992 (1.1992)  loss_bbox_aux_0: 0.9246 (0.9246)  loss_giou_aux_0: 1.4109 (1.4109)  loss_mal_aux_1: 1.2607 (1.2607)  loss_bbox_aux_1: 0.9540 (0.9540)  loss_giou_aux_1: 1.4088 (1.4088)  loss_mal_pre: 1.2275 (1.2275)  loss_bbox_pre: 0.9661 (0.9661)  loss_giou_pre: 1.4133 (1.4133)  loss_mal_enc_0: 1.1260 (1.1260)  loss_bbox_enc_0: 1.2316 (1.2316)  loss_giou_enc_0: 1.3814 (1.3814)  loss_mal_dn_0: 1.3848 (1.3848)  loss_bbox_dn_0: 0.8538 (0.8538)  loss_giou_dn_0: 1.2456 (1.2456)  loss_mal_dn_1: 1.9482 (1.9482)  loss_bbox_dn_1: 0.7145 (0.7145)  loss_giou_dn_1: 1.1176 (1.1176)  loss_mal_dn_2: 2.1211 (2.1211)  loss_bbox_dn_2: 0.7337 (0.7337)  loss_giou_dn_2: 1.0504 (1.0504)  loss_mal_dn_pre: 1.4014 (1.4014)  loss_bbox_dn_pre: 0.8390 (0.8390)  loss_giou_dn_pre: 1.2463 (1.2463)  time: 0.5491  data: 0.4576  max mem: 266
Epoch: [7]  [7/8]  eta: 0:00:00  lr: 0.000000  loss: 33.4360 (33.4251)  loss_mal: 1.1846 (1.4012)  loss_bbox: 1.1081 (1.1447)  loss_giou: 1.4094 (1.3565)  loss_mal_aux_0: 0.8716 (1.0014)  loss_bbox_aux_0: 1.2373 (1.2229)  loss_giou_aux_0: 1.4290 (1.4372)  loss_mal_aux_1: 1.0840 (1.3161)  loss_bbox_aux_1: 1.0937 (1.0849)  loss_giou_aux_1: 1.4697 (1.4100)  loss_mal_pre: 0.7993 (0.9694)  loss_bbox_pre: 1.3037 (1.2744)  loss_giou_pre: 1.4715 (1.4513)  loss_mal_enc_0: 0.7021 (0.8877)  loss_bbox_enc_0: 1.4757 (1.3975)  loss_giou_enc_0: 1.5501 (1.4892)  loss_mal_dn_0: 1.0918 (1.0946)  loss_bbox_dn_0: 1.0143 (1.0322)  loss_giou_dn_0: 1.3473 (1.3806)  loss_mal_dn_1: 1.4629 (1.5232)  loss_bbox_dn_1: 0.8959 (0.9259)  loss_giou_dn_1: 1.2977 (1.2961)  loss_mal_dn_2: 1.5420 (1.6390)  loss_bbox_dn_2: 0.8664 (0.9373)  loss_giou_dn_2: 1.2662 (1.2476)  loss_mal_dn_pre: 1.1152 (1.1069)  loss_bbox_dn_pre: 0.9772 (1.0172)  loss_giou_dn_pre: 1.3485 (1.3798)  time: 0.2468  data: 0.1633  max mem: 266
Epoch: [7] Total time: 0:00:02 (0.2556 s / it)
Averaged stats: lr: 0.000000  loss: 33.4360 (33.4251)  loss_mal: 1.1846 (1.4012)  loss_bbox: 1.1081 (1.1447)  loss_giou: 1.4094 (1.3565)  loss_mal_aux_0: 0.8716 (1.0014)  loss_bbox_aux_0: 1.2373 (1.2229)  loss_giou_aux_0: 1.4290 (1.4372)  loss_mal_aux_1: 1.0840 (1.3161)  loss_bbox_aux_1: 1.0937 (1.0849)  loss_giou_aux_1: 1.4697 (1.4100)  loss_mal_pre: 0.7993 (0.9694)  loss_bbox_pre: 1.3037 (1.2744)  loss_giou_pre: 1.4715 (1.4513)  loss_mal_enc_0: 0.7021 (0.8877)  loss_bbox_enc_0: 1.4757 (1.3975)  loss_giou_enc_0: 1.5501 (1.4892)  loss_mal_dn_0: 1.0918 (1.0946)  loss_bbox_dn_0: 1.0143 (1.0322)  loss_giou_dn_0: 1.3473 (1.3806)  loss_mal_dn_1: 1.4629 (1.5232)  loss_bbox_dn_1: 0.8959 (0.9259)  loss_giou_dn_1: 1.2977 (1.2961)  loss_mal_dn_2: 1.5420 (1.6390)  loss_bbox_dn_2: 0.8664 (0.9373)  loss_giou_dn_2: 1.2662 (1.2476)  loss_mal_dn_pre: 1.1152 (1.1069)  loss_bbox_dn_pre: 0.9772 (1.0172)  loss_giou_dn_pre: 1.3485 (1.3798)
Test:  [0/4]  eta: 0:00:02    time: 0.6620  data: 0.6460  max mem: 266
Test:  [3/4]  eta: 0:00:00    time: 0.1791  data: 0.1621  max mem: 266
Test: Total time: 0:00:00 (0.1975 s / it)
Averaged stats: 
Accumulating evaluation results...
COCOeval_opt.accumulate() finished...
DONE (t=0.00s).
IoU metric: bbox
 Average Precision  (AP) @[ IoU=0.50:0.95 | area=   all | maxDets=100 ] = 0.006
 Average Precision  (AP) @[ IoU=0.50      | area=   all | maxDets=100 ] = 0.013
 Average Precision  (AP) @[ IoU=0.75      | area=   all | maxDets=100 ] = 0.003
 Average Precision  (AP) @[ IoU=0.50:0.95 | area= small | maxDets=100 ] = -1.000
 Average Precision  (AP) @[ IoU=0.50:0.95 | area=medium | maxDets=100 ] = -1.000
 Average Precision  (AP) @[ IoU=0.50:0.95 | area= large | maxDets=100 ] = 0.006
 Average Recall     (AR) @[ IoU=0.50:0.95 | area=   all | maxDets=  1 ] = 0.000
 Average Recall     (AR) @[ IoU=0.50:0.95 | area=   all | maxDets= 10 ] = 0.073
 Average Recall     (AR) @[ IoU=0.50:0.95 | area=   all | maxDets=100 ] = 0.397
 Average Recall     (AR) @[ IoU=0.50:0.95 | area= small | maxDets=100 ] = -1.000
 Average Recall     (AR) @[ IoU=0.50:0.95 | area=medium | maxDets=100 ] = -1.000
 Average Recall     (AR) @[ IoU=0.50:0.95 | area= large | maxDets=100 ] = 0.397
 Average Recall     (AR) @[ IoU=0.50      | area=   all | maxDets=100 ] = 0.733
 Average Recall     (AR) @[ IoU=0.75      | area=   all | maxDets=100 ] = 0.400
best_stat: {'epoch': 0, 'coco_eval_bbox': 0.008856294995718451}
Epoch: [8]  [0/8]  eta: 0:00:04  lr: 0.000000  loss: 34.7194 (34.7194)  loss_mal: 1.7080 (1.7080)  loss_bbox: 0.9687 (0.9687)  loss_giou: 1.2759 (1.2759)  loss_mal_aux_0: 1.2021 (1.2021)  loss_bbox_aux_0: 1.2575 (1.2575)  loss_giou_aux_0: 1.3730 (1.3730)  loss_mal_aux_1: 1.4561 (1.4561)  loss_bbox_aux_1: 0.9931 (0.9931)  loss_giou_aux_1: 1.4283 (1.4283)  loss_mal_pre: 1.2061 (1.2061)  loss_bbox_pre: 1.3202 (1.3202)  loss_giou_pre: 1.3877 (1.3877)  loss_mal_enc_0: 0.9761 (0.9761)  loss_bbox_enc_0: 1.5688 (1.5688)  loss_giou_enc_0: 1.4447 (1.4447)  loss_mal_dn_0: 1.1025 (1.1025)  loss_bbox_dn_0: 1.2100 (1.2100)  loss_giou_dn_0: 1.3477 (1.3477)  loss_mal_dn_1: 1.6533 (1.6533)  loss_bbox_dn_1: 0.9990 (0.9990)  loss_giou_dn_1: 1.2130 (1.2130)  loss_mal_dn_2: 1.8232 (1.8232)  loss_bbox_dn_2: 0.9948 (0.9948)  loss_giou_dn_2: 1.1494 (1.1494)  loss_mal_dn_pre: 1.1396 (1.1396)  loss_bbox_dn_pre: 1.1765 (1.1765)  loss_giou_dn_pre: 1.3440 (1.3440)  time: 0.5692  data: 0.4851  max mem: 266
Epoch: [8]  [7/8]  eta: 0:00:00  lr: 0.000000  loss: 34.6732 (34.9039)  loss_mal: 1.1543 (1.6024)  loss_bbox: 1.0098 (1.0937)  loss_giou: 1.3400 (1.3223)  loss_mal_aux_0: 0.9370 (1.1011)  loss_bbox_aux_0: 1.2575 (1.2531)  loss_giou_aux_0: 1.3953 (1.4373)  loss_mal_aux_1: 1.1904 (1.4284)  loss_bbox_aux_1: 1.0795 (1.1619)  loss_giou_aux_1: 1.4131 (1.3701)  loss_mal_pre: 1.0215 (1.1188)  loss_bbox_pre: 1.2933 (1.2862)  loss_giou_pre: 1.4385 (1.4189)  loss_mal_enc_0: 0.8633 (0.9597)  loss_bbox_enc_0: 1.3116 (1.3840)  loss_giou_enc_0: 1.4990 (1.4780)  loss_mal_dn_0: 1.0811 (1.0453)  loss_bbox_dn_0: 1.2180 (1.3065)  loss_giou_dn_0: 1.3692 (1.4000)  loss_mal_dn_1: 1.4639 (1.4385)  loss_bbox_dn_1: 1.2078 (1.2013)  loss_giou_dn_1: 1.2771 (1.3168)  loss_mal_dn_2: 1.5645 (1.5203)  loss_bbox_dn_2: 1.2647 (1.2254)  loss_giou_dn_2: 1.2708 (1.2908)  loss_mal_dn_pre: 1.1074 (1.0700)  loss_bbox_dn_pre: 1.1902 (1.2801)  loss_giou_dn_pre: 1.3649 (1.3932)  time: 0.1831  data: 0.0989  max mem: 266
Epoch: [8] Total time: 0:00:01 (0.1891 s / it)
Averaged stats: lr: 0.000000  loss: 34.6732 (34.9039)  loss_mal: 1.1543 (1.6024)  loss_bbox: 1.0098 (1.0937)  loss_giou: 1.3400 (1.3223)  loss_mal_aux_0: 0.9370 (1.1011)  loss_bbox_aux_0: 1.2575 (1.2531)  loss_giou_aux_0: 1.3953 (1.4373)  loss_mal_aux_1: 1.1904 (1.4284)  loss_bbox_aux_1: 1.0795 (1.1619)  loss_giou_aux_1: 1.4131 (1.3701)  loss_mal_pre: 1.0215 (1.1188)  loss_bbox_pre: 1.2933 (1.2862)  loss_giou_pre: 1.4385 (1.4189)  loss_mal_enc_0: 0.8633 (0.9597)  loss_bbox_enc_0: 1.3116 (1.3840)  loss_giou_enc_0: 1.4990 (1.4780)  loss_mal_dn_0: 1.0811 (1.0453)  loss_bbox_dn_0: 1.2180 (1.3065)  loss_giou_dn_0: 1.3692 (1.4000)  loss_mal_dn_1: 1.4639 (1.4385)  loss_bbox_dn_1: 1.2078 (1.2013)  loss_giou_dn_1: 1.2771 (1.3168)  loss_mal_dn_2: 1.5645 (1.5203)  loss_bbox_dn_2: 1.2647 (1.2254)  loss_giou_dn_2: 1.2708 (1.2908)  loss_mal_dn_pre: 1.1074 (1.0700)  loss_bbox_dn_pre: 1.1902 (1.2801)  loss_giou_dn_pre: 1.3649 (1.3932)
Test:  [0/4]  eta: 0:00:02    time: 0.6775  data: 0.6608  max mem: 266
Test:  [3/4]  eta: 0:00:00    time: 0.1772  data: 0.1657  max mem: 266
Test: Total time: 0:00:00 (0.1969 s / it)
Averaged stats: 
Accumulating evaluation results...
COCOeval_opt.accumulate() finished...
DONE (t=0.00s).
IoU metric: bbox
 Average Precision  (AP) @[ IoU=0.50:0.95 | area=   all | maxDets=100 ] = 0.006
 Average Precision  (AP) @[ IoU=0.50      | area=   all | maxDets=100 ] = 0.014
 Average Precision  (AP) @[ IoU=0.75      | area=   all | maxDets=100 ] = 0.006
 Average Precision  (AP) @[ IoU=0.50:0.95 | area= small | maxDets=100 ] = -1.000
 Average Precision  (AP) @[ IoU=0.50:0.95 | area=medium | maxDets=100 ] = -1.000
 Average Precision  (AP) @[ IoU=0.50:0.95 | area= large | maxDets=100 ] = 0.006
 Average Recall     (AR) @[ IoU=0.50:0.95 | area=   all | maxDets=  1 ] = 0.000
 Average Recall     (AR) @[ IoU=0.50:0.95 | area=   all | maxDets= 10 ] = 0.107
 Average Recall     (AR) @[ IoU=0.50:0.95 | area=   all | maxDets=100 ] = 0.417
 Average Recall     (AR) @[ IoU=0.50:0.95 | area= small | maxDets=100 ] = -1.000
 Average Recall     (AR) @[ IoU=0.50:0.95 | area=medium | maxDets=100 ] = -1.000
 Average Recall     (AR) @[ IoU=0.50:0.95 | area= large | maxDets=100 ] = 0.417
 Average Recall     (AR) @[ IoU=0.50      | area=   all | maxDets=100 ] = 0.800
 Average Recall     (AR) @[ IoU=0.75      | area=   all | maxDets=100 ] = 0.433
best_stat: {'epoch': 0, 'coco_eval_bbox': 0.008856294995718451}
Epoch: [9]  [0/8]  eta: 0:00:04  lr: 0.000000  loss: 33.2439 (33.2439)  loss_mal: 0.9805 (0.9805)  loss_bbox: 1.2529 (1.2529)  loss_giou: 1.5304 (1.5304)  loss_mal_aux_0: 0.5752 (0.5752)  loss_bbox_aux_0: 1.4798 (1.4798)  loss_giou_aux_0: 1.6541 (1.6541)  loss_mal_aux_1: 0.9028 (0.9028)  loss_bbox_aux_1: 1.2688 (1.2688)  loss_giou_aux_1: 1.5393 (1.5393)  loss_mal_pre: 0.5840 (0.5840)  loss_bbox_pre: 1.6679 (1.6679)  loss_giou_pre: 1.5678 (1.5678)  loss_mal_enc_0: 0.4761 (0.4761)  loss_bbox_enc_0: 1.8955 (1.8955)  loss_giou_enc_0: 1.6340 (1.6340)  loss_mal_dn_0: 1.0293 (1.0293)  loss_bbox_dn_0: 1.0191 (1.0191)  loss_giou_dn_0: 1.3950 (1.3950)  loss_mal_dn_1: 1.4697 (1.4697)  loss_bbox_dn_1: 0.8857 (0.8857)  loss_giou_dn_1: 1.3079 (1.3079)  loss_mal_dn_2: 1.5156 (1.5156)  loss_bbox_dn_2: 0.8947 (0.8947)  loss_giou_dn_2: 1.2813 (1.2813)  loss_mal_dn_pre: 1.0703 (1.0703)  loss_bbox_dn_pre: 0.9799 (0.9799)  loss_giou_dn_pre: 1.3863 (1.3863)  time: 0.6187  data: 0.4823  max mem: 266
Epoch: [9]  [7/8]  eta: 0:00:00  lr: 0.000000  loss: 34.0344 (34.0405)  loss_mal: 0.9805 (1.2728)  loss_bbox: 1.2529 (1.2568)  loss_giou: 1.3871 (1.3749)  loss_mal_aux_0: 0.6426 (0.9295)  loss_bbox_aux_0: 1.4639 (1.3979)  loss_giou_aux_0: 1.4016 (1.4377)  loss_mal_aux_1: 0.9028 (1.1758)  loss_bbox_aux_1: 1.1919 (1.2492)  loss_giou_aux_1: 1.4783 (1.4184)  loss_mal_pre: 0.6387 (0.9462)  loss_bbox_pre: 1.4906 (1.4434)  loss_giou_pre: 1.4284 (1.4343)  loss_mal_enc_0: 0.5376 (0.7762)  loss_bbox_enc_0: 1.5735 (1.6326)  loss_giou_enc_0: 1.4713 (1.5109)  loss_mal_dn_0: 0.9985 (1.0294)  loss_bbox_dn_0: 1.1184 (1.1452)  loss_giou_dn_0: 1.4346 (1.4168)  loss_mal_dn_1: 1.3389 (1.4110)  loss_bbox_dn_1: 0.9346 (1.0347)  loss_giou_dn_1: 1.3360 (1.3354)  loss_mal_dn_2: 1.3994 (1.4902)  loss_bbox_dn_2: 0.9230 (1.0317)  loss_giou_dn_2: 1.3059 (1.3051)  loss_mal_dn_pre: 1.0225 (1.0538)  loss_bbox_dn_pre: 1.1030 (1.1195)  loss_giou_dn_pre: 1.4304 (1.4111)  time: 0.1869  data: 0.0869  max mem: 266
Epoch: [9] Total time: 0:00:01 (0.1941 s / it)
Averaged stats: lr: 0.000000  loss: 34.0344 (34.0405)  loss_mal: 0.9805 (1.2728)  loss_bbox: 1.2529 (1.2568)  loss_giou: 1.3871 (1.3749)  loss_mal_aux_0: 0.6426 (0.9295)  loss_bbox_aux_0: 1.4639 (1.3979)  loss_giou_aux_0: 1.4016 (1.4377)  loss_mal_aux_1: 0.9028 (1.1758)  loss_bbox_aux_1: 1.1919 (1.2492)  loss_giou_aux_1: 1.4783 (1.4184)  loss_mal_pre: 0.6387 (0.9462)  loss_bbox_pre: 1.4906 (1.4434)  loss_giou_pre: 1.4284 (1.4343)  loss_mal_enc_0: 0.5376 (0.7762)  loss_bbox_enc_0: 1.5735 (1.6326)  loss_giou_enc_0: 1.4713 (1.5109)  loss_mal_dn_0: 0.9985 (1.0294)  loss_bbox_dn_0: 1.1184 (1.1452)  loss_giou_dn_0: 1.4346 (1.4168)  loss_mal_dn_1: 1.3389 (1.4110)  loss_bbox_dn_1: 0.9346 (1.0347)  loss_giou_dn_1: 1.3360 (1.3354)  loss_mal_dn_2: 1.3994 (1.4902)  loss_bbox_dn_2: 0.9230 (1.0317)  loss_giou_dn_2: 1.3059 (1.3051)  loss_mal_dn_pre: 1.0225 (1.0538)  loss_bbox_dn_pre: 1.1030 (1.1195)  loss_giou_dn_pre: 1.4304 (1.4111)
Test:  [0/4]  eta: 0:00:02    time: 0.6166  data: 0.5935  max mem: 266
Test:  [3/4]  eta: 0:00:00    time: 0.1622  data: 0.1489  max mem: 266
Test: Total time: 0:00:00 (0.1817 s / it)
Averaged stats: 
Accumulating evaluation results...
COCOeval_opt.accumulate() finished...
DONE (t=0.00s).
IoU metric: bbox
 Average Precision  (AP) @[ IoU=0.50:0.95 | area=   all | maxDets=100 ] = 0.008
 Average Precision  (AP) @[ IoU=0.50      | area=   all | maxDets=100 ] = 0.018
 Average Precision  (AP) @[ IoU=0.75      | area=   all | maxDets=100 ] = 0.005
 Average Precision  (AP) @[ IoU=0.50:0.95 | area= small | maxDets=100 ] = -1.000
 Average Precision  (AP) @[ IoU=0.50:0.95 | area=medium | maxDets=100 ] = -1.000
 Average Precision  (AP) @[ IoU=0.50:0.95 | area= large | maxDets=100 ] = 0.008
 Average Recall     (AR) @[ IoU=0.50:0.95 | area=   all | maxDets=  1 ] = 0.000
 Average Recall     (AR) @[ IoU=0.50:0.95 | area=   all | maxDets= 10 ] = 0.070
 Average Recall     (AR) @[ IoU=0.50:0.95 | area=   all | maxDets=100 ] = 0.390
 Average Recall     (AR) @[ IoU=0.50:0.95 | area= small | maxDets=100 ] = -1.000
 Average Recall     (AR) @[ IoU=0.50:0.95 | area=medium | maxDets=100 ] = -1.000
 Average Recall     (AR) @[ IoU=0.50:0.95 | area= large | maxDets=100 ] = 0.390
 Average Recall     (AR) @[ IoU=0.50      | area=   all | maxDets=100 ] = 0.767
 Average Recall     (AR) @[ IoU=0.75      | area=   all | maxDets=100 ] = 0.367
best_stat: {'epoch': 0, 'coco_eval_bbox': 0.008856294995718451}
Epoch: [10]  [0/8]  eta: 0:00:06  lr: 0.000000  loss: 34.5388 (34.5388)  loss_mal: 0.8569 (0.8569)  loss_bbox: 1.4789 (1.4789)  loss_giou: 1.5861 (1.5861)  loss_mal_aux_0: 0.8081 (0.8081)  loss_bbox_aux_0: 1.5972 (1.5972)  loss_giou_aux_0: 1.5585 (1.5585)  loss_mal_aux_1: 0.8638 (0.8638)  loss_bbox_aux_1: 1.5666 (1.5666)  loss_giou_aux_1: 1.5567 (1.5567)  loss_mal_pre: 0.7993 (0.7993)  loss_bbox_pre: 1.6560 (1.6560)  loss_giou_pre: 1.5697 (1.5697)  loss_mal_enc_0: 0.6436 (0.6436)  loss_bbox_enc_0: 1.7701 (1.7701)  loss_giou_enc_0: 1.6689 (1.6689)  loss_mal_dn_0: 1.2578 (1.2578)  loss_bbox_dn_0: 0.9135 (0.9135)  loss_giou_dn_0: 1.2998 (1.2998)  loss_mal_dn_1: 1.7793 (1.7793)  loss_bbox_dn_1: 0.8106 (0.8106)  loss_giou_dn_1: 1.1812 (1.1812)  loss_mal_dn_2: 1.9736 (1.9736)  loss_bbox_dn_2: 0.7794 (0.7794)  loss_giou_dn_2: 1.1036 (1.1036)  loss_mal_dn_pre: 1.2559 (1.2559)  loss_bbox_dn_pre: 0.9091 (0.9091)  loss_giou_dn_pre: 1.2944 (1.2944)  time: 0.7961  data: 0.6760  max mem: 266
Epoch: [10]  [7/8]  eta: 0:00:00  lr: 0.000000  loss: 33.9562 (34.3923)  loss_mal: 1.2715 (1.4504)  loss_bbox: 1.0291 (1.1272)  loss_giou: 1.4181 (1.3666)  loss_mal_aux_0: 0.8799 (1.0845)  loss_bbox_aux_0: 1.2274 (1.2900)  loss_giou_aux_0: 1.4187 (1.4157)  loss_mal_aux_1: 1.1475 (1.3385)  loss_bbox_aux_1: 1.0145 (1.1501)  loss_giou_aux_1: 1.4191 (1.4040)  loss_mal_pre: 0.8560 (1.1145)  loss_bbox_pre: 1.2014 (1.2832)  loss_giou_pre: 1.4623 (1.3911)  loss_mal_enc_0: 0.6938 (0.9471)  loss_bbox_enc_0: 1.3950 (1.4298)  loss_giou_enc_0: 1.4243 (1.4572)  loss_mal_dn_0: 1.0781 (1.0938)  loss_bbox_dn_0: 1.1293 (1.1826)  loss_giou_dn_0: 1.3022 (1.3736)  loss_mal_dn_1: 1.5879 (1.5514)  loss_bbox_dn_1: 1.0185 (1.0635)  loss_giou_dn_1: 1.2333 (1.2737)  loss_mal_dn_2: 1.7354 (1.6980)  loss_bbox_dn_2: 1.0204 (1.0377)  loss_giou_dn_2: 1.1905 (1.2259)  loss_mal_dn_pre: 1.1006 (1.1069)  loss_bbox_dn_pre: 1.1097 (1.1665)  loss_giou_dn_pre: 1.3081 (1.3689)  time: 0.2023  data: 0.1009  max mem: 266
Epoch: [10] Total time: 0:00:01 (0.2111 s / it)
Averaged stats: lr: 0.000000  loss: 33.9562 (34.3923)  loss_mal: 1.2715 (1.4504)  loss_bbox: 1.0291 (1.1272)  loss_giou: 1.4181 (1.3666)  loss_mal_aux_0: 0.8799 (1.0845)  loss_bbox_aux_0: 1.2274 (1.2900)  loss_giou_aux_0: 1.4187 (1.4157)  loss_mal_aux_1: 1.1475 (1.3385)  loss_bbox_aux_1: 1.0145 (1.1501)  loss_giou_aux_1: 1.4191 (1.4040)  loss_mal_pre: 0.8560 (1.1145)  loss_bbox_pre: 1.2014 (1.2832)  loss_giou_pre: 1.4623 (1.3911)  loss_mal_enc_0: 0.6938 (0.9471)  loss_bbox_enc_0: 1.3950 (1.4298)  loss_giou_enc_0: 1.4243 (1.4572)  loss_mal_dn_0: 1.0781 (1.0938)  loss_bbox_dn_0: 1.1293 (1.1826)  loss_giou_dn_0: 1.3022 (1.3736)  loss_mal_dn_1: 1.5879 (1.5514)  loss_bbox_dn_1: 1.0185 (1.0635)  loss_giou_dn_1: 1.2333 (1.2737)  loss_mal_dn_2: 1.7354 (1.6980)  loss_bbox_dn_2: 1.0204 (1.0377)  loss_giou_dn_2: 1.1905 (1.2259)  loss_mal_dn_pre: 1.1006 (1.1069)  loss_bbox_dn_pre: 1.1097 (1.1665)  loss_giou_dn_pre: 1.3081 (1.3689)
Test:  [0/4]  eta: 0:00:02    time: 0.6624  data: 0.6456  max mem: 266
Test:  [3/4]  eta: 0:00:00    time: 0.1739  data: 0.1620  max mem: 266
Test: Total time: 0:00:00 (0.1966 s / it)
Averaged stats: 
Accumulating evaluation results...
COCOeval_opt.accumulate() finished...
DONE (t=0.00s).
IoU metric: bbox
 Average Precision  (AP) @[ IoU=0.50:0.95 | area=   all | maxDets=100 ] = 0.008
 Average Precision  (AP) @[ IoU=0.50      | area=   all | maxDets=100 ] = 0.018
 Average Precision  (AP) @[ IoU=0.75      | area=   all | maxDets=100 ] = 0.002
 Average Precision  (AP) @[ IoU=0.50:0.95 | area= small | maxDets=100 ] = -1.000
 Average Precision  (AP) @[ IoU=0.50:0.95 | area=medium | maxDets=100 ] = -1.000
 Average Precision  (AP) @[ IoU=0.50:0.95 | area= large | maxDets=100 ] = 0.008
 Average Recall     (AR) @[ IoU=0.50:0.95 | area=   all | maxDets=  1 ] = 0.000
 Average Recall     (AR) @[ IoU=0.50:0.95 | area=   all | maxDets= 10 ] = 0.107
 Average Recall     (AR) @[ IoU=0.50:0.95 | area=   all | maxDets=100 ] = 0.447
 Average Recall     (AR) @[ IoU=0.50:0.95 | area= small | maxDets=100 ] = -1.000
 Average Recall     (AR) @[ IoU=0.50:0.95 | area=medium | maxDets=100 ] = -1.000
 Average Recall     (AR) @[ IoU=0.50:0.95 | area= large | maxDets=100 ] = 0.447
 Average Recall     (AR) @[ IoU=0.50      | area=   all | maxDets=100 ] = 0.833
 Average Recall     (AR) @[ IoU=0.75      | area=   all | maxDets=100 ] = 0.367
best_stat: {'epoch': 0, 'coco_eval_bbox': 0.008856294995718451}
Epoch: [11]  [0/8]  eta: 0:00:03  lr: 0.000000  loss: 33.8682 (33.8682)  loss_mal: 1.4346 (1.4346)  loss_bbox: 1.0508 (1.0508)  loss_giou: 1.3253 (1.3253)  loss_mal_aux_0: 0.9971 (0.9971)  loss_bbox_aux_0: 1.2019 (1.2019)  loss_giou_aux_0: 1.4138 (1.4138)  loss_mal_aux_1: 1.2900 (1.2900)  loss_bbox_aux_1: 1.0971 (1.0971)  loss_giou_aux_1: 1.3848 (1.3848)  loss_mal_pre: 1.0215 (1.0215)  loss_bbox_pre: 1.3362 (1.3362)  loss_giou_pre: 1.3948 (1.3948)  loss_mal_enc_0: 0.7891 (0.7891)  loss_bbox_enc_0: 1.4073 (1.4073)  loss_giou_enc_0: 1.5077 (1.5077)  loss_mal_dn_0: 1.0098 (1.0098)  loss_bbox_dn_0: 1.3185 (1.3185)  loss_giou_dn_0: 1.3970 (1.3970)  loss_mal_dn_1: 1.3594 (1.3594)  loss_bbox_dn_1: 1.1703 (1.1703)  loss_giou_dn_1: 1.3342 (1.3342)  loss_mal_dn_2: 1.5205 (1.5205)  loss_bbox_dn_2: 1.1116 (1.1116)  loss_giou_dn_2: 1.2813 (1.2813)  loss_mal_dn_pre: 1.0361 (1.0361)  loss_bbox_dn_pre: 1.2887 (1.2887)  loss_giou_dn_pre: 1.3890 (1.3890)  time: 0.4801  data: 0.3904  max mem: 266
Epoch: [11]  [7/8]  eta: 0:00:00  lr: 0.000001  loss: 34.1809 (33.9934)  loss_mal: 1.4346 (1.3346)  loss_bbox: 1.1137 (1.1674)  loss_giou: 1.3253 (1.3622)  loss_mal_aux_0: 1.0605 (1.0023)  loss_bbox_aux_0: 1.2019 (1.2907)  loss_giou_aux_0: 1.3537 (1.4320)  loss_mal_aux_1: 1.3076 (1.2578)  loss_bbox_aux_1: 1.1572 (1.1898)  loss_giou_aux_1: 1.3487 (1.4132)  loss_mal_pre: 1.0938 (1.0260)  loss_bbox_pre: 1.3362 (1.3330)  loss_giou_pre: 1.3493 (1.4197)  loss_mal_enc_0: 0.8921 (0.8203)  loss_bbox_enc_0: 1.4794 (1.4898)  loss_giou_enc_0: 1.3986 (1.5085)  loss_mal_dn_0: 1.0098 (1.0264)  loss_bbox_dn_0: 1.1439 (1.1920)  loss_giou_dn_0: 1.3970 (1.4089)  loss_mal_dn_1: 1.4424 (1.4266)  loss_bbox_dn_1: 1.0672 (1.0587)  loss_giou_dn_1: 1.3085 (1.3244)  loss_mal_dn_2: 1.5283 (1.5419)  loss_bbox_dn_2: 1.1116 (1.0599)  loss_giou_dn_2: 1.2740 (1.2865)  loss_mal_dn_pre: 1.0361 (1.0440)  loss_bbox_dn_pre: 1.1621 (1.1731)  loss_giou_dn_pre: 1.3890 (1.4037)  time: 0.2036  data: 0.1135  max mem: 266
Epoch: [11] Total time: 0:00:01 (0.2110 s / it)
Averaged stats: lr: 0.000001  loss: 34.1809 (33.9934)  loss_mal: 1.4346 (1.3346)  loss_bbox: 1.1137 (1.1674)  loss_giou: 1.3253 (1.3622)  loss_mal_aux_0: 1.0605 (1.0023)  loss_bbox_aux_0: 1.2019 (1.2907)  loss_giou_aux_0: 1.3537 (1.4320)  loss_mal_aux_1: 1.3076 (1.2578)  loss_bbox_aux_1: 1.1572 (1.1898)  loss_giou_aux_1: 1.3487 (1.4132)  loss_mal_pre: 1.0938 (1.0260)  loss_bbox_pre: 1.3362 (1.3330)  loss_giou_pre: 1.3493 (1.4197)  loss_mal_enc_0: 0.8921 (0.8203)  loss_bbox_enc_0: 1.4794 (1.4898)  loss_giou_enc_0: 1.3986 (1.5085)  loss_mal_dn_0: 1.0098 (1.0264)  loss_bbox_dn_0: 1.1439 (1.1920)  loss_giou_dn_0: 1.3970 (1.4089)  loss_mal_dn_1: 1.4424 (1.4266)  loss_bbox_dn_1: 1.0672 (1.0587)  loss_giou_dn_1: 1.3085 (1.3244)  loss_mal_dn_2: 1.5283 (1.5419)  loss_bbox_dn_2: 1.1116 (1.0599)  loss_giou_dn_2: 1.2740 (1.2865)  loss_mal_dn_pre: 1.0361 (1.0440)  loss_bbox_dn_pre: 1.1621 (1.1731)  loss_giou_dn_pre: 1.3890 (1.4037)
Test:  [0/4]  eta: 0:00:02    time: 0.6118  data: 0.5942  max mem: 266
Test:  [3/4]  eta: 0:00:00    time: 0.1626  data: 0.1492  max mem: 266
Test: Total time: 0:00:00 (0.1828 s / it)
Averaged stats: 
Accumulating evaluation results...
COCOeval_opt.accumulate() finished...
DONE (t=0.00s).
IoU metric: bbox
 Average Precision  (AP) @[ IoU=0.50:0.95 | area=   all | maxDets=100 ] = 0.006
 Average Precision  (AP) @[ IoU=0.50      | area=   all | maxDets=100 ] = 0.015
 Average Precision  (AP) @[ IoU=0.75      | area=   all | maxDets=100 ] = 0.002
 Average Precision  (AP) @[ IoU=0.50:0.95 | area= small | maxDets=100 ] = -1.000
 Average Precision  (AP) @[ IoU=0.50:0.95 | area=medium | maxDets=100 ] = -1.000
 Average Precision  (AP) @[ IoU=0.50:0.95 | area= large | maxDets=100 ] = 0.006
 Average Recall     (AR) @[ IoU=0.50:0.95 | area=   all | maxDets=  1 ] = 0.000
 Average Recall     (AR) @[ IoU=0.50:0.95 | area=   all | maxDets= 10 ] = 0.053
 Average Recall     (AR) @[ IoU=0.50:0.95 | area=   all | maxDets=100 ] = 0.380
 Average Recall     (AR) @[ IoU=0.50:0.95 | area= small | maxDets=100 ] = -1.000
 Average Recall     (AR) @[ IoU=0.50:0.95 | area=medium | maxDets=100 ] = -1.000
 Average Recall     (AR) @[ IoU=0.50:0.95 | area= large | maxDets=100 ] = 0.380
 Average Recall     (AR) @[ IoU=0.50      | area=   all | maxDets=100 ] = 0.767
 Average Recall     (AR) @[ IoU=0.75      | area=   all | maxDets=100 ] = 0.300
best_stat: {'epoch': 0, 'coco_eval_bbox': 0.008856294995718451}
Epoch: [12]  [0/8]  eta: 0:00:07  lr: 0.000001  loss: 39.2400 (39.2400)  loss_mal: 2.9609 (2.9609)  loss_bbox: 0.8355 (0.8355)  loss_giou: 0.7363 (0.7363)  loss_mal_aux_0: 2.2852 (2.2852)  loss_bbox_aux_0: 1.0263 (1.0263)  loss_giou_aux_0: 0.7976 (0.7976)  loss_mal_aux_1: 2.7324 (2.7324)  loss_bbox_aux_1: 0.9167 (0.9167)  loss_giou_aux_1: 0.7838 (0.7838)  loss_mal_pre: 2.2910 (2.2910)  loss_bbox_pre: 1.0429 (1.0429)  loss_giou_pre: 0.7936 (0.7936)  loss_mal_enc_0: 1.8232 (1.8232)  loss_bbox_enc_0: 1.1226 (1.1226)  loss_giou_enc_0: 0.9766 (0.9766)  loss_mal_dn_0: 1.0840 (1.0840)  loss_bbox_dn_0: 2.0416 (2.0416)  loss_giou_dn_0: 1.3513 (1.3513)  loss_mal_dn_1: 1.6504 (1.6504)  loss_bbox_dn_1: 1.6859 (1.6859)  loss_giou_dn_1: 1.1947 (1.1947)  loss_mal_dn_2: 1.8652 (1.8652)  loss_bbox_dn_2: 1.6395 (1.6395)  loss_giou_dn_2: 1.1381 (1.1381)  loss_mal_dn_pre: 1.0986 (1.0986)  loss_bbox_dn_pre: 2.0227 (2.0227)  loss_giou_dn_pre: 1.3433 (1.3433)  time: 0.8966  data: 0.6362  max mem: 266
Epoch: [12]  [7/8]  eta: 0:00:00  lr: 0.000001  loss: 34.9957 (34.8067)  loss_mal: 1.3418 (1.5891)  loss_bbox: 1.0588 (1.0592)  loss_giou: 1.3104 (1.3340)  loss_mal_aux_0: 1.1182 (1.2004)  loss_bbox_aux_0: 1.3112 (1.3139)  loss_giou_aux_0: 1.3657 (1.3627)  loss_mal_aux_1: 1.3477 (1.3971)  loss_bbox_aux_1: 1.0921 (1.1104)  loss_giou_aux_1: 1.4516 (1.4061)  loss_mal_pre: 1.1172 (1.1850)  loss_bbox_pre: 1.3660 (1.3732)  loss_giou_pre: 1.3599 (1.3643)  loss_mal_enc_0: 0.8291 (0.9978)  loss_bbox_enc_0: 1.4619 (1.4414)  loss_giou_enc_0: 1.3978 (1.4616)  loss_mal_dn_0: 1.0029 (1.0602)  loss_bbox_dn_0: 1.1621 (1.2609)  loss_giou_dn_0: 1.3594 (1.3902)  loss_mal_dn_1: 1.4209 (1.4673)  loss_bbox_dn_1: 1.0676 (1.0919)  loss_giou_dn_1: 1.2671 (1.3081)  loss_mal_dn_2: 1.6016 (1.5796)  loss_bbox_dn_2: 1.0123 (1.0772)  loss_giou_dn_2: 1.2263 (1.2681)  loss_mal_dn_pre: 1.0352 (1.0796)  loss_bbox_dn_pre: 1.1495 (1.2408)  loss_giou_dn_pre: 1.3678 (1.3866)  time: 0.2102  data: 0.0991  max mem: 266
Epoch: [12] Total time: 0:00:01 (0.2176 s / it)
Averaged stats: lr: 0.000001  loss: 34.9957 (34.8067)  loss_mal: 1.3418 (1.5891)  loss_bbox: 1.0588 (1.0592)  loss_giou: 1.3104 (1.3340)  loss_mal_aux_0: 1.1182 (1.2004)  loss_bbox_aux_0: 1.3112 (1.3139)  loss_giou_aux_0: 1.3657 (1.3627)  loss_mal_aux_1: 1.3477 (1.3971)  loss_bbox_aux_1: 1.0921 (1.1104)  loss_giou_aux_1: 1.4516 (1.4061)  loss_mal_pre: 1.1172 (1.1850)  loss_bbox_pre: 1.3660 (1.3732)  loss_giou_pre: 1.3599 (1.3643)  loss_mal_enc_0: 0.8291 (0.9978)  loss_bbox_enc_0: 1.4619 (1.4414)  loss_giou_enc_0: 1.3978 (1.4616)  loss_mal_dn_0: 1.0029 (1.0602)  loss_bbox_dn_0: 1.1621 (1.2609)  loss_giou_dn_0: 1.3594 (1.3902)  loss_mal_dn_1: 1.4209 (1.4673)  loss_bbox_dn_1: 1.0676 (1.0919)  loss_giou_dn_1: 1.2671 (1.3081)  loss_mal_dn_2: 1.6016 (1.5796)  loss_bbox_dn_2: 1.0123 (1.0772)  loss_giou_dn_2: 1.2263 (1.2681)  loss_mal_dn_pre: 1.0352 (1.0796)  loss_bbox_dn_pre: 1.1495 (1.2408)  loss_giou_dn_pre: 1.3678 (1.3866)
Test:  [0/4]  eta: 0:00:02    time: 0.6428  data: 0.6175  max mem: 266
Test:  [3/4]  eta: 0:00:00    time: 0.1722  data: 0.1550  max mem: 266
Test: Total time: 0:00:00 (0.1908 s / it)
Averaged stats: 
Accumulating evaluation results...
COCOeval_opt.accumulate() finished...
DONE (t=0.00s).
IoU metric: bbox
 Average Precision  (AP) @[ IoU=0.50:0.95 | area=   all | maxDets=100 ] = 0.006
 Average Precision  (AP) @[ IoU=0.50      | area=   all | maxDets=100 ] = 0.014
 Average Precision  (AP) @[ IoU=0.75      | area=   all | maxDets=100 ] = 0.007
 Average Precision  (AP) @[ IoU=0.50:0.95 | area= small | maxDets=100 ] = -1.000
 Average Precision  (AP) @[ IoU=0.50:0.95 | area=medium | maxDets=100 ] = -1.000
 Average Precision  (AP) @[ IoU=0.50:0.95 | area= large | maxDets=100 ] = 0.006
 Average Recall     (AR) @[ IoU=0.50:0.95 | area=   all | maxDets=  1 ] = 0.000
 Average Recall     (AR) @[ IoU=0.50:0.95 | area=   all | maxDets= 10 ] = 0.090
 Average Recall     (AR) @[ IoU=0.50:0.95 | area=   all | maxDets=100 ] = 0.423
 Average Recall     (AR) @[ IoU=0.50:0.95 | area= small | maxDets=100 ] = -1.000
 Average Recall     (AR) @[ IoU=0.50:0.95 | area=medium | maxDets=100 ] = -1.000
 Average Recall     (AR) @[ IoU=0.50:0.95 | area= large | maxDets=100 ] = 0.423
 Average Recall     (AR) @[ IoU=0.50      | area=   all | maxDets=100 ] = 0.800
 Average Recall     (AR) @[ IoU=0.75      | area=   all | maxDets=100 ] = 0.400
best_stat: {'epoch': 0, 'coco_eval_bbox': 0.008856294995718451}
Epoch: [13]  [0/8]  eta: 0:00:05  lr: 0.000001  loss: 34.9523 (34.9523)  loss_mal: 2.0566 (2.0566)  loss_bbox: 0.8844 (0.8844)  loss_giou: 1.0689 (1.0689)  loss_mal_aux_0: 1.4473 (1.4473)  loss_bbox_aux_0: 0.9628 (0.9628)  loss_giou_aux_0: 1.2038 (1.2038)  loss_mal_aux_1: 1.8643 (1.8643)  loss_bbox_aux_1: 0.9308 (0.9308)  loss_giou_aux_1: 1.1276 (1.1276)  loss_mal_pre: 1.5537 (1.5537)  loss_bbox_pre: 0.9156 (0.9156)  loss_giou_pre: 1.1552 (1.1552)  loss_mal_enc_0: 1.2939 (1.2939)  loss_bbox_enc_0: 1.0511 (1.0511)  loss_giou_enc_0: 1.2708 (1.2708)  loss_mal_dn_0: 0.8311 (0.8311)  loss_bbox_dn_0: 1.6900 (1.6900)  loss_giou_dn_0: 1.4965 (1.4965)  loss_mal_dn_1: 1.2549 (1.2549)  loss_bbox_dn_1: 1.4007 (1.4007)  loss_giou_dn_1: 1.3765 (1.3765)  loss_mal_dn_2: 1.4854 (1.4854)  loss_bbox_dn_2: 1.3542 (1.3542)  loss_giou_dn_2: 1.2908 (1.2908)  loss_mal_dn_pre: 0.8467 (0.8467)  loss_bbox_dn_pre: 1.6489 (1.6489)  loss_giou_dn_pre: 1.4899 (1.4899)  time: 0.6353  data: 0.5506  max mem: 266
Epoch: [13]  [7/8]  eta: 0:00:00  lr: 0.000001  loss: 33.9700 (34.6531)  loss_mal: 1.4375 (1.6396)  loss_bbox: 0.9361 (1.0650)  loss_giou: 1.1829 (1.2610)  loss_mal_aux_0: 1.1406 (1.2596)  loss_bbox_aux_0: 1.0077 (1.1503)  loss_giou_aux_0: 1.3734 (1.3109)  loss_mal_aux_1: 1.5479 (1.5713)  loss_bbox_aux_1: 0.9749 (1.0756)  loss_giou_aux_1: 1.2885 (1.2871)  loss_mal_pre: 1.1621 (1.2557)  loss_bbox_pre: 1.0348 (1.1717)  loss_giou_pre: 1.3821 (1.3183)  loss_mal_enc_0: 0.8149 (1.1127)  loss_bbox_enc_0: 1.0511 (1.2490)  loss_giou_enc_0: 1.3368 (1.3831)  loss_mal_dn_0: 1.0029 (1.0394)  loss_bbox_dn_0: 1.1750 (1.3529)  loss_giou_dn_0: 1.3814 (1.4006)  loss_mal_dn_1: 1.4326 (1.4458)  loss_bbox_dn_1: 1.0144 (1.1949)  loss_giou_dn_1: 1.3102 (1.3150)  loss_mal_dn_2: 1.5557 (1.5607)  loss_bbox_dn_2: 1.0647 (1.1737)  loss_giou_dn_2: 1.2728 (1.2704)  loss_mal_dn_pre: 1.0020 (1.0473)  loss_bbox_dn_pre: 1.1751 (1.3413)  loss_giou_dn_pre: 1.3839 (1.4000)  time: 0.2061  data: 0.1325  max mem: 266
Epoch: [13] Total time: 0:00:01 (0.2132 s / it)
Averaged stats: lr: 0.000001  loss: 33.9700 (34.6531)  loss_mal: 1.4375 (1.6396)  loss_bbox: 0.9361 (1.0650)  loss_giou: 1.1829 (1.2610)  loss_mal_aux_0: 1.1406 (1.2596)  loss_bbox_aux_0: 1.0077 (1.1503)  loss_giou_aux_0: 1.3734 (1.3109)  loss_mal_aux_1: 1.5479 (1.5713)  loss_bbox_aux_1: 0.9749 (1.0756)  loss_giou_aux_1: 1.2885 (1.2871)  loss_mal_pre: 1.1621 (1.2557)  loss_bbox_pre: 1.0348 (1.1717)  loss_giou_pre: 1.3821 (1.3183)  loss_mal_enc_0: 0.8149 (1.1127)  loss_bbox_enc_0: 1.0511 (1.2490)  loss_giou_enc_0: 1.3368 (1.3831)  loss_mal_dn_0: 1.0029 (1.0394)  loss_bbox_dn_0: 1.1750 (1.3529)  loss_giou_dn_0: 1.3814 (1.4006)  loss_mal_dn_1: 1.4326 (1.4458)  loss_bbox_dn_1: 1.0144 (1.1949)  loss_giou_dn_1: 1.3102 (1.3150)  loss_mal_dn_2: 1.5557 (1.5607)  loss_bbox_dn_2: 1.0647 (1.1737)  loss_giou_dn_2: 1.2728 (1.2704)  loss_mal_dn_pre: 1.0020 (1.0473)  loss_bbox_dn_pre: 1.1751 (1.3413)  loss_giou_dn_pre: 1.3839 (1.4000)
Test:  [0/4]  eta: 0:00:02    time: 0.7123  data: 0.6868  max mem: 266
Test:  [3/4]  eta: 0:00:00    time: 0.1888  data: 0.1723  max mem: 266
Test: Total time: 0:00:00 (0.2086 s / it)
Averaged stats: 
Accumulating evaluation results...
COCOeval_opt.accumulate() finished...
DONE (t=0.00s).
IoU metric: bbox
 Average Precision  (AP) @[ IoU=0.50:0.95 | area=   all | maxDets=100 ] = 0.006
 Average Precision  (AP) @[ IoU=0.50      | area=   all | maxDets=100 ] = 0.014
 Average Precision  (AP) @[ IoU=0.75      | area=   all | maxDets=100 ] = 0.005
 Average Precision  (AP) @[ IoU=0.50:0.95 | area= small | maxDets=100 ] = -1.000
 Average Precision  (AP) @[ IoU=0.50:0.95 | area=medium | maxDets=100 ] = -1.000
 Average Precision  (AP) @[ IoU=0.50:0.95 | area= large | maxDets=100 ] = 0.006
 Average Recall     (AR) @[ IoU=0.50:0.95 | area=   all | maxDets=  1 ] = 0.000
 Average Recall     (AR) @[ IoU=0.50:0.95 | area=   all | maxDets= 10 ] = 0.073
 Average Recall     (AR) @[ IoU=0.50:0.95 | area=   all | maxDets=100 ] = 0.433
 Average Recall     (AR) @[ IoU=0.50:0.95 | area= small | maxDets=100 ] = -1.000
 Average Recall     (AR) @[ IoU=0.50:0.95 | area=medium | maxDets=100 ] = -1.000
 Average Recall     (AR) @[ IoU=0.50:0.95 | area= large | maxDets=100 ] = 0.433
 Average Recall     (AR) @[ IoU=0.50      | area=   all | maxDets=100 ] = 0.767
 Average Recall     (AR) @[ IoU=0.75      | area=   all | maxDets=100 ] = 0.467
best_stat: {'epoch': 0, 'coco_eval_bbox': 0.008856294995718451}
Epoch: [14]  [0/8]  eta: 0:00:04  lr: 0.000001  loss: 34.2982 (34.2982)  loss_mal: 1.4404 (1.4404)  loss_bbox: 1.0975 (1.0975)  loss_giou: 1.3764 (1.3764)  loss_mal_aux_0: 1.0732 (1.0732)  loss_bbox_aux_0: 1.3592 (1.3592)  loss_giou_aux_0: 1.4171 (1.4171)  loss_mal_aux_1: 1.2822 (1.2822)  loss_bbox_aux_1: 1.0819 (1.0819)  loss_giou_aux_1: 1.4847 (1.4847)  loss_mal_pre: 1.0830 (1.0830)  loss_bbox_pre: 1.4382 (1.4382)  loss_giou_pre: 1.3894 (1.3894)  loss_mal_enc_0: 0.9360 (0.9360)  loss_bbox_enc_0: 1.5684 (1.5684)  loss_giou_enc_0: 1.4654 (1.4654)  loss_mal_dn_0: 1.0449 (1.0449)  loss_bbox_dn_0: 1.1590 (1.1590)  loss_giou_dn_0: 1.4093 (1.4093)  loss_mal_dn_1: 1.4316 (1.4316)  loss_bbox_dn_1: 0.9893 (0.9893)  loss_giou_dn_1: 1.3210 (1.3210)  loss_mal_dn_2: 1.5361 (1.5361)  loss_bbox_dn_2: 1.0214 (1.0214)  loss_giou_dn_2: 1.2933 (1.2933)  loss_mal_dn_pre: 1.0420 (1.0420)  loss_bbox_dn_pre: 1.1535 (1.1535)  loss_giou_dn_pre: 1.4037 (1.4037)  time: 0.6017  data: 0.4880  max mem: 266
Epoch: [14]  [7/8]  eta: 0:00:00  lr: 0.000001  loss: 34.2895 (34.0375)  loss_mal: 1.4404 (1.6021)  loss_bbox: 1.0936 (1.0515)  loss_giou: 1.2593 (1.2717)  loss_mal_aux_0: 1.0732 (1.2106)  loss_bbox_aux_0: 1.2123 (1.1856)  loss_giou_aux_0: 1.2938 (1.3403)  loss_mal_aux_1: 1.2822 (1.4909)  loss_bbox_aux_1: 1.0619 (0.9992)  loss_giou_aux_1: 1.2629 (1.3615)  loss_mal_pre: 1.0830 (1.2047)  loss_bbox_pre: 1.2100 (1.2118)  loss_giou_pre: 1.2433 (1.3430)  loss_mal_enc_0: 0.9360 (1.0180)  loss_bbox_enc_0: 1.3484 (1.3423)  loss_giou_enc_0: 1.4146 (1.4287)  loss_mal_dn_0: 1.0166 (1.0627)  loss_bbox_dn_0: 1.1590 (1.1720)  loss_giou_dn_0: 1.3884 (1.3918)  loss_mal_dn_1: 1.4316 (1.5061)  loss_bbox_dn_1: 1.0335 (1.0306)  loss_giou_dn_1: 1.2746 (1.2900)  loss_mal_dn_2: 1.5361 (1.6305)  loss_bbox_dn_2: 1.0214 (1.0245)  loss_giou_dn_2: 1.2385 (1.2459)  loss_mal_dn_pre: 1.0420 (1.0834)  loss_bbox_dn_pre: 1.1535 (1.1517)  loss_giou_dn_pre: 1.3897 (1.3863)  time: 0.2260  data: 0.1390  max mem: 266
Epoch: [14] Total time: 0:00:01 (0.2337 s / it)
Averaged stats: lr: 0.000001  loss: 34.2895 (34.0375)  loss_mal: 1.4404 (1.6021)  loss_bbox: 1.0936 (1.0515)  loss_giou: 1.2593 (1.2717)  loss_mal_aux_0: 1.0732 (1.2106)  loss_bbox_aux_0: 1.2123 (1.1856)  loss_giou_aux_0: 1.2938 (1.3403)  loss_mal_aux_1: 1.2822 (1.4909)  loss_bbox_aux_1: 1.0619 (0.9992)  loss_giou_aux_1: 1.2629 (1.3615)  loss_mal_pre: 1.0830 (1.2047)  loss_bbox_pre: 1.2100 (1.2118)  loss_giou_pre: 1.2433 (1.3430)  loss_mal_enc_0: 0.9360 (1.0180)  loss_bbox_enc_0: 1.3484 (1.3423)  loss_giou_enc_0: 1.4146 (1.4287)  loss_mal_dn_0: 1.0166 (1.0627)  loss_bbox_dn_0: 1.1590 (1.1720)  loss_giou_dn_0: 1.3884 (1.3918)  loss_mal_dn_1: 1.4316 (1.5061)  loss_bbox_dn_1: 1.0335 (1.0306)  loss_giou_dn_1: 1.2746 (1.2900)  loss_mal_dn_2: 1.5361 (1.6305)  loss_bbox_dn_2: 1.0214 (1.0245)  loss_giou_dn_2: 1.2385 (1.2459)  loss_mal_dn_pre: 1.0420 (1.0834)  loss_bbox_dn_pre: 1.1535 (1.1517)  loss_giou_dn_pre: 1.3897 (1.3863)
Test:  [0/4]  eta: 0:00:02    time: 0.7429  data: 0.7050  max mem: 266
Test:  [3/4]  eta: 0:00:00    time: 0.2004  data: 0.1770  max mem: 266
Test: Total time: 0:00:00 (0.2197 s / it)
Averaged stats: 
Accumulating evaluation results...
COCOeval_opt.accumulate() finished...
DONE (t=0.00s).
IoU metric: bbox
 Average Precision  (AP) @[ IoU=0.50:0.95 | area=   all | maxDets=100 ] = 0.006
 Average Precision  (AP) @[ IoU=0.50      | area=   all | maxDets=100 ] = 0.014
 Average Precision  (AP) @[ IoU=0.75      | area=   all | maxDets=100 ] = 0.005
 Average Precision  (AP) @[ IoU=0.50:0.95 | area= small | maxDets=100 ] = -1.000
 Average Precision  (AP) @[ IoU=0.50:0.95 | area=medium | maxDets=100 ] = -1.000
 Average Precision  (AP) @[ IoU=0.50:0.95 | area= large | maxDets=100 ] = 0.006
 Average Recall     (AR) @[ IoU=0.50:0.95 | area=   all | maxDets=  1 ] = 0.020
 Average Recall     (AR) @[ IoU=0.50:0.95 | area=   all | maxDets= 10 ] = 0.067
 Average Recall     (AR) @[ IoU=0.50:0.95 | area=   all | maxDets=100 ] = 0.423
 Average Recall     (AR) @[ IoU=0.50:0.95 | area= small | maxDets=100 ] = -1.000
 Average Recall     (AR) @[ IoU=0.50:0.95 | area=medium | maxDets=100 ] = -1.000
 Average Recall     (AR) @[ IoU=0.50:0.95 | area= large | maxDets=100 ] = 0.423
 Average Recall     (AR) @[ IoU=0.50      | area=   all | maxDets=100 ] = 0.767
 Average Recall     (AR) @[ IoU=0.75      | area=   all | maxDets=100 ] = 0.400
best_stat: {'epoch': 0, 'coco_eval_bbox': 0.008856294995718451}
Epoch: [15]  [0/8]  eta: 0:00:06  lr: 0.000001  loss: 33.1644 (33.1644)  loss_mal: 0.8750 (0.8750)  loss_bbox: 1.2045 (1.2045)  loss_giou: 1.5372 (1.5372)  loss_mal_aux_0: 0.5371 (0.5371)  loss_bbox_aux_0: 1.5844 (1.5844)  loss_giou_aux_0: 1.6406 (1.6406)  loss_mal_aux_1: 0.6519 (0.6519)  loss_bbox_aux_1: 1.3196 (1.3196)  loss_giou_aux_1: 1.6589 (1.6589)  loss_mal_pre: 0.5776 (0.5776)  loss_bbox_pre: 1.6807 (1.6807)  loss_giou_pre: 1.5978 (1.5978)  loss_mal_enc_0: 0.5679 (0.5679)  loss_bbox_enc_0: 1.8755 (1.8755)  loss_giou_enc_0: 1.6203 (1.6203)  loss_mal_dn_0: 0.9678 (0.9678)  loss_bbox_dn_0: 1.0498 (1.0498)  loss_giou_dn_0: 1.4261 (1.4261)  loss_mal_dn_1: 1.3311 (1.3311)  loss_bbox_dn_1: 0.9575 (0.9575)  loss_giou_dn_1: 1.3626 (1.3626)  loss_mal_dn_2: 1.4609 (1.4609)  loss_bbox_dn_2: 0.9244 (0.9244)  loss_giou_dn_2: 1.3224 (1.3224)  loss_mal_dn_pre: 0.9785 (0.9785)  loss_bbox_dn_pre: 1.0294 (1.0294)  loss_giou_dn_pre: 1.4250 (1.4250)  time: 0.8127  data: 0.7205  max mem: 266
Epoch: [15]  [7/8]  eta: 0:00:00  lr: 0.000001  loss: 34.0994 (34.5242)  loss_mal: 1.6855 (1.6057)  loss_bbox: 0.9907 (1.0368)  loss_giou: 1.1988 (1.2614)  loss_mal_aux_0: 1.1885 (1.2140)  loss_bbox_aux_0: 1.0713 (1.2162)  loss_giou_aux_0: 1.2615 (1.3408)  loss_mal_aux_1: 1.4932 (1.4506)  loss_bbox_aux_1: 1.0109 (1.0876)  loss_giou_aux_1: 1.2423 (1.3179)  loss_mal_pre: 1.1963 (1.1978)  loss_bbox_pre: 1.1434 (1.2881)  loss_giou_pre: 1.2640 (1.3239)  loss_mal_enc_0: 1.1025 (1.1217)  loss_bbox_enc_0: 1.3152 (1.4207)  loss_giou_enc_0: 1.3271 (1.3614)  loss_mal_dn_0: 0.9824 (1.0218)  loss_bbox_dn_0: 1.2011 (1.2782)  loss_giou_dn_0: 1.4205 (1.4136)  loss_mal_dn_1: 1.3271 (1.4064)  loss_bbox_dn_1: 1.0697 (1.1634)  loss_giou_dn_1: 1.3626 (1.3339)  loss_mal_dn_2: 1.4453 (1.5194)  loss_bbox_dn_2: 1.0750 (1.1485)  loss_giou_dn_2: 1.3220 (1.2916)  loss_mal_dn_pre: 0.9985 (1.0402)  loss_bbox_dn_pre: 1.1736 (1.2542)  loss_giou_dn_pre: 1.4125 (1.4085)  time: 0.1696  data: 0.0923  max mem: 266
Epoch: [15] Total time: 0:00:01 (0.1766 s / it)
Averaged stats: lr: 0.000001  loss: 34.0994 (34.5242)  loss_mal: 1.6855 (1.6057)  loss_bbox: 0.9907 (1.0368)  loss_giou: 1.1988 (1.2614)  loss_mal_aux_0: 1.1885 (1.2140)  loss_bbox_aux_0: 1.0713 (1.2162)  loss_giou_aux_0: 1.2615 (1.3408)  loss_mal_aux_1: 1.4932 (1.4506)  loss_bbox_aux_1: 1.0109 (1.0876)  loss_giou_aux_1: 1.2423 (1.3179)  loss_mal_pre: 1.1963 (1.1978)  loss_bbox_pre: 1.1434 (1.2881)  loss_giou_pre: 1.2640 (1.3239)  loss_mal_enc_0: 1.1025 (1.1217)  loss_bbox_enc_0: 1.3152 (1.4207)  loss_giou_enc_0: 1.3271 (1.3614)  loss_mal_dn_0: 0.9824 (1.0218)  loss_bbox_dn_0: 1.2011 (1.2782)  loss_giou_dn_0: 1.4205 (1.4136)  loss_mal_dn_1: 1.3271 (1.4064)  loss_bbox_dn_1: 1.0697 (1.1634)  loss_giou_dn_1: 1.3626 (1.3339)  loss_mal_dn_2: 1.4453 (1.5194)  loss_bbox_dn_2: 1.0750 (1.1485)  loss_giou_dn_2: 1.3220 (1.2916)  loss_mal_dn_pre: 0.9985 (1.0402)  loss_bbox_dn_pre: 1.1736 (1.2542)  loss_giou_dn_pre: 1.4125 (1.4085)
Test:  [0/4]  eta: 0:00:02    time: 0.7078  data: 0.6900  max mem: 266
Test:  [3/4]  eta: 0:00:00    time: 0.1882  data: 0.1731  max mem: 266
Test: Total time: 0:00:00 (0.2114 s / it)
Averaged stats: 
Accumulating evaluation results...
COCOeval_opt.accumulate() finished...
DONE (t=0.00s).
IoU metric: bbox
 Average Precision  (AP) @[ IoU=0.50:0.95 | area=   all | maxDets=100 ] = 0.015
 Average Precision  (AP) @[ IoU=0.50      | area=   all | maxDets=100 ] = 0.028
 Average Precision  (AP) @[ IoU=0.75      | area=   all | maxDets=100 ] = 0.015
 Average Precision  (AP) @[ IoU=0.50:0.95 | area= small | maxDets=100 ] = -1.000
 Average Precision  (AP) @[ IoU=0.50:0.95 | area=medium | maxDets=100 ] = -1.000
 Average Precision  (AP) @[ IoU=0.50:0.95 | area= large | maxDets=100 ] = 0.015
 Average Recall     (AR) @[ IoU=0.50:0.95 | area=   all | maxDets=  1 ] = 0.003
 Average Recall     (AR) @[ IoU=0.50:0.95 | area=   all | maxDets= 10 ] = 0.093
 Average Recall     (AR) @[ IoU=0.50:0.95 | area=   all | maxDets=100 ] = 0.420
 Average Recall     (AR) @[ IoU=0.50:0.95 | area= small | maxDets=100 ] = -1.000
 Average Recall     (AR) @[ IoU=0.50:0.95 | area=medium | maxDets=100 ] = -1.000
 Average Recall     (AR) @[ IoU=0.50:0.95 | area= large | maxDets=100 ] = 0.420
 Average Recall     (AR) @[ IoU=0.50      | area=   all | maxDets=100 ] = 0.800
 Average Recall     (AR) @[ IoU=0.75      | area=   all | maxDets=100 ] = 0.400
best_stat: {'epoch': 15, 'coco_eval_bbox': 0.01479815352520411}
Epoch: [16]  [0/8]  eta: 0:00:06  lr: 0.000001  loss: 36.9582 (36.9582)  loss_mal: 2.3164 (2.3164)  loss_bbox: 0.9065 (0.9065)  loss_giou: 0.9474 (0.9474)  loss_mal_aux_0: 1.9395 (1.9395)  loss_bbox_aux_0: 0.8778 (0.8778)  loss_giou_aux_0: 0.9296 (0.9296)  loss_mal_aux_1: 2.5508 (2.5508)  loss_bbox_aux_1: 0.7620 (0.7620)  loss_giou_aux_1: 0.8664 (0.8664)  loss_mal_pre: 1.9189 (1.9189)  loss_bbox_pre: 0.9484 (0.9484)  loss_giou_pre: 0.9626 (0.9626)  loss_mal_enc_0: 1.6670 (1.6670)  loss_bbox_enc_0: 1.2164 (1.2164)  loss_giou_enc_0: 1.0923 (1.0923)  loss_mal_dn_0: 1.2129 (1.2129)  loss_bbox_dn_0: 1.5827 (1.5827)  loss_giou_dn_0: 1.3195 (1.3195)  loss_mal_dn_1: 1.6582 (1.6582)  loss_bbox_dn_1: 1.4674 (1.4674)  loss_giou_dn_1: 1.2297 (1.2297)  loss_mal_dn_2: 1.7812 (1.7812)  loss_bbox_dn_2: 1.5126 (1.5126)  loss_giou_dn_2: 1.1960 (1.1960)  loss_mal_dn_pre: 1.2109 (1.2109)  loss_bbox_dn_pre: 1.5702 (1.5702)  loss_giou_dn_pre: 1.3149 (1.3149)  time: 0.7986  data: 0.6971  max mem: 266
Epoch: [16]  [7/8]  eta: 0:00:00  lr: 0.000001  loss: 34.2516 (34.7785)  loss_mal: 1.5498 (1.5915)  loss_bbox: 1.0558 (1.0720)  loss_giou: 1.1738 (1.3242)  loss_mal_aux_0: 1.0957 (1.2314)  loss_bbox_aux_0: 1.2306 (1.2464)  loss_giou_aux_0: 1.2317 (1.3322)  loss_mal_aux_1: 1.4570 (1.5629)  loss_bbox_aux_1: 1.0771 (1.0931)  loss_giou_aux_1: 1.1888 (1.2981)  loss_mal_pre: 1.1699 (1.2092)  loss_bbox_pre: 1.2281 (1.2736)  loss_giou_pre: 1.2521 (1.3574)  loss_mal_enc_0: 0.8394 (1.0377)  loss_bbox_enc_0: 1.2766 (1.4059)  loss_giou_enc_0: 1.3752 (1.4404)  loss_mal_dn_0: 1.0215 (1.0490)  loss_bbox_dn_0: 1.2762 (1.2585)  loss_giou_dn_0: 1.4014 (1.4031)  loss_mal_dn_1: 1.4697 (1.4928)  loss_bbox_dn_1: 1.0893 (1.1240)  loss_giou_dn_1: 1.3019 (1.2972)  loss_mal_dn_2: 1.6094 (1.6178)  loss_bbox_dn_2: 1.0764 (1.1082)  loss_giou_dn_2: 1.2525 (1.2506)  loss_mal_dn_pre: 1.0576 (1.0645)  loss_bbox_dn_pre: 1.2619 (1.2382)  loss_giou_dn_pre: 1.3929 (1.3988)  time: 0.1655  data: 0.0887  max mem: 266
Epoch: [16] Total time: 0:00:01 (0.1732 s / it)
Averaged stats: lr: 0.000001  loss: 34.2516 (34.7785)  loss_mal: 1.5498 (1.5915)  loss_bbox: 1.0558 (1.0720)  loss_giou: 1.1738 (1.3242)  loss_mal_aux_0: 1.0957 (1.2314)  loss_bbox_aux_0: 1.2306 (1.2464)  loss_giou_aux_0: 1.2317 (1.3322)  loss_mal_aux_1: 1.4570 (1.5629)  loss_bbox_aux_1: 1.0771 (1.0931)  loss_giou_aux_1: 1.1888 (1.2981)  loss_mal_pre: 1.1699 (1.2092)  loss_bbox_pre: 1.2281 (1.2736)  loss_giou_pre: 1.2521 (1.3574)  loss_mal_enc_0: 0.8394 (1.0377)  loss_bbox_enc_0: 1.2766 (1.4059)  loss_giou_enc_0: 1.3752 (1.4404)  loss_mal_dn_0: 1.0215 (1.0490)  loss_bbox_dn_0: 1.2762 (1.2585)  loss_giou_dn_0: 1.4014 (1.4031)  loss_mal_dn_1: 1.4697 (1.4928)  loss_bbox_dn_1: 1.0893 (1.1240)  loss_giou_dn_1: 1.3019 (1.2972)  loss_mal_dn_2: 1.6094 (1.6178)  loss_bbox_dn_2: 1.0764 (1.1082)  loss_giou_dn_2: 1.2525 (1.2506)  loss_mal_dn_pre: 1.0576 (1.0645)  loss_bbox_dn_pre: 1.2619 (1.2382)  loss_giou_dn_pre: 1.3929 (1.3988)
Test:  [0/4]  eta: 0:00:02    time: 0.6401  data: 0.6231  max mem: 266
Test:  [3/4]  eta: 0:00:00    time: 0.2125  data: 0.1564  max mem: 266
Test: Total time: 0:00:00 (0.2326 s / it)
Averaged stats: 
Accumulating evaluation results...
COCOeval_opt.accumulate() finished...
DONE (t=0.00s).
IoU metric: bbox
 Average Precision  (AP) @[ IoU=0.50:0.95 | area=   all | maxDets=100 ] = 0.020
 Average Precision  (AP) @[ IoU=0.50      | area=   all | maxDets=100 ] = 0.032
 Average Precision  (AP) @[ IoU=0.75      | area=   all | maxDets=100 ] = 0.021
 Average Precision  (AP) @[ IoU=0.50:0.95 | area= small | maxDets=100 ] = -1.000
 Average Precision  (AP) @[ IoU=0.50:0.95 | area=medium | maxDets=100 ] = -1.000
 Average Precision  (AP) @[ IoU=0.50:0.95 | area= large | maxDets=100 ] = 0.020
 Average Recall     (AR) @[ IoU=0.50:0.95 | area=   all | maxDets=  1 ] = 0.027
 Average Recall     (AR) @[ IoU=0.50:0.95 | area=   all | maxDets= 10 ] = 0.060
 Average Recall     (AR) @[ IoU=0.50:0.95 | area=   all | maxDets=100 ] = 0.477
 Average Recall     (AR) @[ IoU=0.50:0.95 | area= small | maxDets=100 ] = -1.000
 Average Recall     (AR) @[ IoU=0.50:0.95 | area=medium | maxDets=100 ] = -1.000
 Average Recall     (AR) @[ IoU=0.50:0.95 | area= large | maxDets=100 ] = 0.477
 Average Recall     (AR) @[ IoU=0.50      | area=   all | maxDets=100 ] = 0.833
 Average Recall     (AR) @[ IoU=0.75      | area=   all | maxDets=100 ] = 0.433
best_stat: {'epoch': 16, 'coco_eval_bbox': 0.01995939432448158}
Epoch: [17]  [0/8]  eta: 0:00:07  lr: 0.000001  loss: 37.1077 (37.1077)  loss_mal: 2.5156 (2.5156)  loss_bbox: 0.7862 (0.7862)  loss_giou: 0.9214 (0.9214)  loss_mal_aux_0: 2.1074 (2.1074)  loss_bbox_aux_0: 0.7364 (0.7364)  loss_giou_aux_0: 0.8802 (0.8802)  loss_mal_aux_1: 2.3418 (2.3418)  loss_bbox_aux_1: 0.7630 (0.7630)  loss_giou_aux_1: 0.9240 (0.9240)  loss_mal_pre: 2.0117 (2.0117)  loss_bbox_pre: 0.8048 (0.8048)  loss_giou_pre: 0.9216 (0.9216)  loss_mal_enc_0: 1.4980 (1.4980)  loss_bbox_enc_0: 1.0073 (1.0073)  loss_giou_enc_0: 1.0922 (1.0922)  loss_mal_dn_0: 0.9829 (0.9829)  loss_bbox_dn_0: 1.9932 (1.9932)  loss_giou_dn_0: 1.4065 (1.4065)  loss_mal_dn_1: 1.4434 (1.4434)  loss_bbox_dn_1: 1.7903 (1.7903)  loss_giou_dn_1: 1.2829 (1.2829)  loss_mal_dn_2: 1.5898 (1.5898)  loss_bbox_dn_2: 1.7561 (1.7561)  loss_giou_dn_2: 1.2284 (1.2284)  loss_mal_dn_pre: 1.0205 (1.0205)  loss_bbox_dn_pre: 1.9085 (1.9085)  loss_giou_dn_pre: 1.3935 (1.3935)  time: 0.9425  data: 0.8330  max mem: 266
Epoch: [17]  [7/8]  eta: 0:00:00  lr: 0.000001  loss: 35.5103 (35.8821)  loss_mal: 1.7412 (2.0670)  loss_bbox: 0.8681 (0.9728)  loss_giou: 0.9214 (1.1068)  loss_mal_aux_0: 1.4688 (1.5643)  loss_bbox_aux_0: 0.9558 (1.0559)  loss_giou_aux_0: 1.0585 (1.2060)  loss_mal_aux_1: 1.8203 (1.9612)  loss_bbox_aux_1: 0.8973 (0.9700)  loss_giou_aux_1: 0.9977 (1.1564)  loss_mal_pre: 1.4854 (1.5651)  loss_bbox_pre: 0.9926 (1.0872)  loss_giou_pre: 1.0334 (1.1960)  loss_mal_enc_0: 1.1533 (1.3109)  loss_bbox_enc_0: 1.0438 (1.2359)  loss_giou_enc_0: 1.1366 (1.3014)  loss_mal_dn_0: 1.0752 (1.0840)  loss_bbox_dn_0: 1.3267 (1.4518)  loss_giou_dn_0: 1.3818 (1.3767)  loss_mal_dn_1: 1.4619 (1.5225)  loss_bbox_dn_1: 1.1729 (1.3160)  loss_giou_dn_1: 1.2721 (1.2781)  loss_mal_dn_2: 1.5898 (1.6326)  loss_bbox_dn_2: 1.2420 (1.3258)  loss_giou_dn_2: 1.2143 (1.2405)  loss_mal_dn_pre: 1.0771 (1.1028)  loss_bbox_dn_pre: 1.3021 (1.4272)  loss_giou_dn_pre: 1.3713 (1.3675)  time: 0.2097  data: 0.1065  max mem: 266
Epoch: [17] Total time: 0:00:01 (0.2166 s / it)
Averaged stats: lr: 0.000001  loss: 35.5103 (35.8821)  loss_mal: 1.7412 (2.0670)  loss_bbox: 0.8681 (0.9728)  loss_giou: 0.9214 (1.1068)  loss_mal_aux_0: 1.4688 (1.5643)  loss_bbox_aux_0: 0.9558 (1.0559)  loss_giou_aux_0: 1.0585 (1.2060)  loss_mal_aux_1: 1.8203 (1.9612)  loss_bbox_aux_1: 0.8973 (0.9700)  loss_giou_aux_1: 0.9977 (1.1564)  loss_mal_pre: 1.4854 (1.5651)  loss_bbox_pre: 0.9926 (1.0872)  loss_giou_pre: 1.0334 (1.1960)  loss_mal_enc_0: 1.1533 (1.3109)  loss_bbox_enc_0: 1.0438 (1.2359)  loss_giou_enc_0: 1.1366 (1.3014)  loss_mal_dn_0: 1.0752 (1.0840)  loss_bbox_dn_0: 1.3267 (1.4518)  loss_giou_dn_0: 1.3818 (1.3767)  loss_mal_dn_1: 1.4619 (1.5225)  loss_bbox_dn_1: 1.1729 (1.3160)  loss_giou_dn_1: 1.2721 (1.2781)  loss_mal_dn_2: 1.5898 (1.6326)  loss_bbox_dn_2: 1.2420 (1.3258)  loss_giou_dn_2: 1.2143 (1.2405)  loss_mal_dn_pre: 1.0771 (1.1028)  loss_bbox_dn_pre: 1.3021 (1.4272)  loss_giou_dn_pre: 1.3713 (1.3675)
Test:  [0/4]  eta: 0:00:02    time: 0.6214  data: 0.6040  max mem: 266
Test:  [3/4]  eta: 0:00:00    time: 0.1633  data: 0.1515  max mem: 266
Test: Total time: 0:00:00 (0.1835 s / it)
Averaged stats: 
Accumulating evaluation results...
COCOeval_opt.accumulate() finished...
DONE (t=0.00s).
IoU metric: bbox
 Average Precision  (AP) @[ IoU=0.50:0.95 | area=   all | maxDets=100 ] = 0.009
 Average Precision  (AP) @[ IoU=0.50      | area=   all | maxDets=100 ] = 0.047
 Average Precision  (AP) @[ IoU=0.75      | area=   all | maxDets=100 ] = 0.002
 Average Precision  (AP) @[ IoU=0.50:0.95 | area= small | maxDets=100 ] = -1.000
 Average Precision  (AP) @[ IoU=0.50:0.95 | area=medium | maxDets=100 ] = -1.000
 Average Precision  (AP) @[ IoU=0.50:0.95 | area= large | maxDets=100 ] = 0.009
 Average Recall     (AR) @[ IoU=0.50:0.95 | area=   all | maxDets=  1 ] = 0.003
 Average Recall     (AR) @[ IoU=0.50:0.95 | area=   all | maxDets= 10 ] = 0.067
 Average Recall     (AR) @[ IoU=0.50:0.95 | area=   all | maxDets=100 ] = 0.413
 Average Recall     (AR) @[ IoU=0.50:0.95 | area= small | maxDets=100 ] = -1.000
 Average Recall     (AR) @[ IoU=0.50:0.95 | area=medium | maxDets=100 ] = -1.000
 Average Recall     (AR) @[ IoU=0.50:0.95 | area= large | maxDets=100 ] = 0.413
 Average Recall     (AR) @[ IoU=0.50      | area=   all | maxDets=100 ] = 0.767
 Average Recall     (AR) @[ IoU=0.75      | area=   all | maxDets=100 ] = 0.400
best_stat: {'epoch': 16, 'coco_eval_bbox': 0.01995939432448158}
Epoch: [18]  [0/8]  eta: 0:00:06  lr: 0.000001  loss: 34.6408 (34.6408)  loss_mal: 1.1250 (1.1250)  loss_bbox: 1.3049 (1.3049)  loss_giou: 1.4532 (1.4532)  loss_mal_aux_0: 1.2227 (1.2227)  loss_bbox_aux_0: 1.2267 (1.2267)  loss_giou_aux_0: 1.2676 (1.2676)  loss_mal_aux_1: 1.3369 (1.3369)  loss_bbox_aux_1: 1.3243 (1.3243)  loss_giou_aux_1: 1.3155 (1.3155)  loss_mal_pre: 1.2803 (1.2803)  loss_bbox_pre: 1.2180 (1.2180)  loss_giou_pre: 1.2620 (1.2620)  loss_mal_enc_0: 0.8735 (0.8735)  loss_bbox_enc_0: 1.5619 (1.5619)  loss_giou_enc_0: 1.4393 (1.4393)  loss_mal_dn_0: 1.2305 (1.2305)  loss_bbox_dn_0: 1.1903 (1.1903)  loss_giou_dn_0: 1.3111 (1.3111)  loss_mal_dn_1: 1.6504 (1.6504)  loss_bbox_dn_1: 1.0634 (1.0634)  loss_giou_dn_1: 1.2288 (1.2288)  loss_mal_dn_2: 1.8369 (1.8369)  loss_bbox_dn_2: 1.0371 (1.0371)  loss_giou_dn_2: 1.1525 (1.1525)  loss_mal_dn_pre: 1.2520 (1.2520)  loss_bbox_dn_pre: 1.1687 (1.1687)  loss_giou_dn_pre: 1.3074 (1.3074)  time: 0.8363  data: 0.7464  max mem: 266
Epoch: [18]  [7/8]  eta: 0:00:00  lr: 0.000001  loss: 33.6388 (34.0616)  loss_mal: 1.1709 (1.3291)  loss_bbox: 1.2501 (1.1960)  loss_giou: 1.4452 (1.4140)  loss_mal_aux_0: 0.9985 (1.0438)  loss_bbox_aux_0: 1.3808 (1.3013)  loss_giou_aux_0: 1.4316 (1.4260)  loss_mal_aux_1: 1.2256 (1.3308)  loss_bbox_aux_1: 1.2785 (1.1907)  loss_giou_aux_1: 1.4325 (1.4187)  loss_mal_pre: 1.0205 (1.0229)  loss_bbox_pre: 1.4287 (1.3382)  loss_giou_pre: 1.4331 (1.4473)  loss_mal_enc_0: 0.8218 (0.8798)  loss_bbox_enc_0: 1.5619 (1.4998)  loss_giou_enc_0: 1.4636 (1.5041)  loss_mal_dn_0: 1.0146 (1.0682)  loss_bbox_dn_0: 1.0508 (1.1007)  loss_giou_dn_0: 1.3899 (1.3915)  loss_mal_dn_1: 1.4189 (1.4811)  loss_bbox_dn_1: 0.8807 (0.9854)  loss_giou_dn_1: 1.3286 (1.3060)  loss_mal_dn_2: 1.4648 (1.5577)  loss_bbox_dn_2: 0.9336 (0.9986)  loss_giou_dn_2: 1.2831 (1.2732)  loss_mal_dn_pre: 1.0371 (1.0831)  loss_bbox_dn_pre: 1.0233 (1.0832)  loss_giou_dn_pre: 1.3894 (1.3901)  time: 0.2370  data: 0.1465  max mem: 266
Epoch: [18] Total time: 0:00:01 (0.2451 s / it)
Averaged stats: lr: 0.000001  loss: 33.6388 (34.0616)  loss_mal: 1.1709 (1.3291)  loss_bbox: 1.2501 (1.1960)  loss_giou: 1.4452 (1.4140)  loss_mal_aux_0: 0.9985 (1.0438)  loss_bbox_aux_0: 1.3808 (1.3013)  loss_giou_aux_0: 1.4316 (1.4260)  loss_mal_aux_1: 1.2256 (1.3308)  loss_bbox_aux_1: 1.2785 (1.1907)  loss_giou_aux_1: 1.4325 (1.4187)  loss_mal_pre: 1.0205 (1.0229)  loss_bbox_pre: 1.4287 (1.3382)  loss_giou_pre: 1.4331 (1.4473)  loss_mal_enc_0: 0.8218 (0.8798)  loss_bbox_enc_0: 1.5619 (1.4998)  loss_giou_enc_0: 1.4636 (1.5041)  loss_mal_dn_0: 1.0146 (1.0682)  loss_bbox_dn_0: 1.0508 (1.1007)  loss_giou_dn_0: 1.3899 (1.3915)  loss_mal_dn_1: 1.4189 (1.4811)  loss_bbox_dn_1: 0.8807 (0.9854)  loss_giou_dn_1: 1.3286 (1.3060)  loss_mal_dn_2: 1.4648 (1.5577)  loss_bbox_dn_2: 0.9336 (0.9986)  loss_giou_dn_2: 1.2831 (1.2732)  loss_mal_dn_pre: 1.0371 (1.0831)  loss_bbox_dn_pre: 1.0233 (1.0832)  loss_giou_dn_pre: 1.3894 (1.3901)
Test:  [0/4]  eta: 0:00:02    time: 0.6355  data: 0.6182  max mem: 266
Test:  [3/4]  eta: 0:00:00    time: 0.1669  data: 0.1551  max mem: 266
Test: Total time: 0:00:00 (0.1865 s / it)
Averaged stats: 
Accumulating evaluation results...
COCOeval_opt.accumulate() finished...
DONE (t=0.00s).
IoU metric: bbox
 Average Precision  (AP) @[ IoU=0.50:0.95 | area=   all | maxDets=100 ] = 0.007
 Average Precision  (AP) @[ IoU=0.50      | area=   all | maxDets=100 ] = 0.017
 Average Precision  (AP) @[ IoU=0.75      | area=   all | maxDets=100 ] = 0.002
 Average Precision  (AP) @[ IoU=0.50:0.95 | area= small | maxDets=100 ] = -1.000
 Average Precision  (AP) @[ IoU=0.50:0.95 | area=medium | maxDets=100 ] = -1.000
 Average Precision  (AP) @[ IoU=0.50:0.95 | area= large | maxDets=100 ] = 0.007
 Average Recall     (AR) @[ IoU=0.50:0.95 | area=   all | maxDets=  1 ] = 0.017
 Average Recall     (AR) @[ IoU=0.50:0.95 | area=   all | maxDets= 10 ] = 0.047
 Average Recall     (AR) @[ IoU=0.50:0.95 | area=   all | maxDets=100 ] = 0.407
 Average Recall     (AR) @[ IoU=0.50:0.95 | area= small | maxDets=100 ] = -1.000
 Average Recall     (AR) @[ IoU=0.50:0.95 | area=medium | maxDets=100 ] = -1.000
 Average Recall     (AR) @[ IoU=0.50:0.95 | area= large | maxDets=100 ] = 0.407
 Average Recall     (AR) @[ IoU=0.50      | area=   all | maxDets=100 ] = 0.767
 Average Recall     (AR) @[ IoU=0.75      | area=   all | maxDets=100 ] = 0.367
best_stat: {'epoch': 16, 'coco_eval_bbox': 0.01995939432448158}
Epoch: [19]  [0/8]  eta: 0:00:06  lr: 0.000001  loss: 33.8020 (33.8020)  loss_mal: 1.5205 (1.5205)  loss_bbox: 1.0281 (1.0281)  loss_giou: 1.2958 (1.2958)  loss_mal_aux_0: 1.0527 (1.0527)  loss_bbox_aux_0: 1.0992 (1.0992)  loss_giou_aux_0: 1.3806 (1.3806)  loss_mal_aux_1: 1.4814 (1.4814)  loss_bbox_aux_1: 0.9621 (0.9621)  loss_giou_aux_1: 1.2933 (1.2933)  loss_mal_pre: 1.1738 (1.1738)  loss_bbox_pre: 1.0954 (1.0954)  loss_giou_pre: 1.3260 (1.3260)  loss_mal_enc_0: 0.8320 (0.8320)  loss_bbox_enc_0: 1.3810 (1.3810)  loss_giou_enc_0: 1.4754 (1.4754)  loss_mal_dn_0: 0.8677 (0.8677)  loss_bbox_dn_0: 1.4756 (1.4756)  loss_giou_dn_0: 1.4802 (1.4802)  loss_mal_dn_1: 1.2471 (1.2471)  loss_bbox_dn_1: 1.2307 (1.2307)  loss_giou_dn_1: 1.3933 (1.3933)  loss_mal_dn_2: 1.2793 (1.2793)  loss_bbox_dn_2: 1.2472 (1.2472)  loss_giou_dn_2: 1.3888 (1.3888)  loss_mal_dn_pre: 0.8794 (0.8794)  loss_bbox_dn_pre: 1.4386 (1.4386)  loss_giou_dn_pre: 1.4766 (1.4766)  time: 0.7952  data: 0.7083  max mem: 266
Epoch: [19]  [7/8]  eta: 0:00:00  lr: 0.000002  loss: 33.8020 (34.4149)  loss_mal: 2.0059 (1.7997)  loss_bbox: 0.7485 (0.9307)  loss_giou: 1.0573 (1.1925)  loss_mal_aux_0: 1.2363 (1.3052)  loss_bbox_aux_0: 0.9496 (1.1333)  loss_giou_aux_0: 1.1047 (1.2782)  loss_mal_aux_1: 1.4814 (1.6750)  loss_bbox_aux_1: 0.7833 (0.9536)  loss_giou_aux_1: 1.0697 (1.2225)  loss_mal_pre: 1.3066 (1.3203)  loss_bbox_pre: 1.0544 (1.1826)  loss_giou_pre: 1.1473 (1.2831)  loss_mal_enc_0: 1.4727 (1.1892)  loss_bbox_enc_0: 1.1549 (1.2598)  loss_giou_enc_0: 1.1498 (1.3491)  loss_mal_dn_0: 0.9805 (1.0797)  loss_bbox_dn_0: 1.4383 (1.2652)  loss_giou_dn_0: 1.3651 (1.3664)  loss_mal_dn_1: 1.4355 (1.5321)  loss_bbox_dn_1: 1.2307 (1.1204)  loss_giou_dn_1: 1.2384 (1.2676)  loss_mal_dn_2: 1.6074 (1.6609)  loss_bbox_dn_2: 1.1963 (1.1133)  loss_giou_dn_2: 1.1626 (1.2274)  loss_mal_dn_pre: 0.9912 (1.0915)  loss_bbox_dn_pre: 1.4215 (1.2496)  loss_giou_dn_pre: 1.3553 (1.3659)  time: 0.2166  data: 0.1389  max mem: 266
Epoch: [19] Total time: 0:00:01 (0.2251 s / it)
Averaged stats: lr: 0.000002  loss: 33.8020 (34.4149)  loss_mal: 2.0059 (1.7997)  loss_bbox: 0.7485 (0.9307)  loss_giou: 1.0573 (1.1925)  loss_mal_aux_0: 1.2363 (1.3052)  loss_bbox_aux_0: 0.9496 (1.1333)  loss_giou_aux_0: 1.1047 (1.2782)  loss_mal_aux_1: 1.4814 (1.6750)  loss_bbox_aux_1: 0.7833 (0.9536)  loss_giou_aux_1: 1.0697 (1.2225)  loss_mal_pre: 1.3066 (1.3203)  loss_bbox_pre: 1.0544 (1.1826)  loss_giou_pre: 1.1473 (1.2831)  loss_mal_enc_0: 1.4727 (1.1892)  loss_bbox_enc_0: 1.1549 (1.2598)  loss_giou_enc_0: 1.1498 (1.3491)  loss_mal_dn_0: 0.9805 (1.0797)  loss_bbox_dn_0: 1.4383 (1.2652)  loss_giou_dn_0: 1.3651 (1.3664)  loss_mal_dn_1: 1.4355 (1.5321)  loss_bbox_dn_1: 1.2307 (1.1204)  loss_giou_dn_1: 1.2384 (1.2676)  loss_mal_dn_2: 1.6074 (1.6609)  loss_bbox_dn_2: 1.1963 (1.1133)  loss_giou_dn_2: 1.1626 (1.2274)  loss_mal_dn_pre: 0.9912 (1.0915)  loss_bbox_dn_pre: 1.4215 (1.2496)  loss_giou_dn_pre: 1.3553 (1.3659)
Test:  [0/4]  eta: 0:00:02    time: 0.6524  data: 0.6327  max mem: 266
Test:  [3/4]  eta: 0:00:00    time: 0.1785  data: 0.1587  max mem: 266
Test: Total time: 0:00:00 (0.2005 s / it)
Averaged stats: 
Accumulating evaluation results...
COCOeval_opt.accumulate() finished...
DONE (t=0.00s).
IoU metric: bbox
 Average Precision  (AP) @[ IoU=0.50:0.95 | area=   all | maxDets=100 ] = 0.006
 Average Precision  (AP) @[ IoU=0.50      | area=   all | maxDets=100 ] = 0.012
 Average Precision  (AP) @[ IoU=0.75      | area=   all | maxDets=100 ] = 0.005
 Average Precision  (AP) @[ IoU=0.50:0.95 | area= small | maxDets=100 ] = -1.000
 Average Precision  (AP) @[ IoU=0.50:0.95 | area=medium | maxDets=100 ] = -1.000
 Average Precision  (AP) @[ IoU=0.50:0.95 | area= large | maxDets=100 ] = 0.006
 Average Recall     (AR) @[ IoU=0.50:0.95 | area=   all | maxDets=  1 ] = 0.013
 Average Recall     (AR) @[ IoU=0.50:0.95 | area=   all | maxDets= 10 ] = 0.117
 Average Recall     (AR) @[ IoU=0.50:0.95 | area=   all | maxDets=100 ] = 0.427
 Average Recall     (AR) @[ IoU=0.50:0.95 | area= small | maxDets=100 ] = -1.000
 Average Recall     (AR) @[ IoU=0.50:0.95 | area=medium | maxDets=100 ] = -1.000
 Average Recall     (AR) @[ IoU=0.50:0.95 | area= large | maxDets=100 ] = 0.427
 Average Recall     (AR) @[ IoU=0.50      | area=   all | maxDets=100 ] = 0.800
 Average Recall     (AR) @[ IoU=0.75      | area=   all | maxDets=100 ] = 0.500
best_stat: {'epoch': 16, 'coco_eval_bbox': 0.01995939432448158}
Epoch: [20]  [0/8]  eta: 0:00:07  lr: 0.000002  loss: 36.7619 (36.7619)  loss_mal: 2.1621 (2.1621)  loss_bbox: 1.1387 (1.1387)  loss_giou: 1.0839 (1.0839)  loss_mal_aux_0: 1.4561 (1.4561)  loss_bbox_aux_0: 1.2027 (1.2027)  loss_giou_aux_0: 1.1846 (1.1846)  loss_mal_aux_1: 2.0156 (2.0156)  loss_bbox_aux_1: 1.1242 (1.1242)  loss_giou_aux_1: 1.1296 (1.1296)  loss_mal_pre: 1.5127 (1.5127)  loss_bbox_pre: 1.2326 (1.2326)  loss_giou_pre: 1.2061 (1.2061)  loss_mal_enc_0: 1.3613 (1.3613)  loss_bbox_enc_0: 1.4212 (1.4212)  loss_giou_enc_0: 1.2765 (1.2765)  loss_mal_dn_0: 1.0625 (1.0625)  loss_bbox_dn_0: 1.4966 (1.4966)  loss_giou_dn_0: 1.3957 (1.3957)  loss_mal_dn_1: 1.5488 (1.5488)  loss_bbox_dn_1: 1.3217 (1.3217)  loss_giou_dn_1: 1.2790 (1.2790)  loss_mal_dn_2: 1.7119 (1.7119)  loss_bbox_dn_2: 1.2748 (1.2748)  loss_giou_dn_2: 1.2091 (1.2091)  loss_mal_dn_pre: 1.0879 (1.0879)  loss_bbox_dn_pre: 1.4739 (1.4739)  loss_giou_dn_pre: 1.3921 (1.3921)  time: 0.9047  data: 0.8073  max mem: 266
Epoch: [20]  [7/8]  eta: 0:00:00  lr: 0.000002  loss: 35.0136 (35.6478)  loss_mal: 1.6016 (1.8409)  loss_bbox: 1.1387 (1.1287)  loss_giou: 1.1909 (1.2092)  loss_mal_aux_0: 1.3311 (1.3688)  loss_bbox_aux_0: 1.0934 (1.1916)  loss_giou_aux_0: 1.1966 (1.3046)  loss_mal_aux_1: 1.7041 (1.7305)  loss_bbox_aux_1: 1.1170 (1.1166)  loss_giou_aux_1: 1.1749 (1.2490)  loss_mal_pre: 1.3193 (1.3900)  loss_bbox_pre: 1.1705 (1.2577)  loss_giou_pre: 1.2117 (1.2781)  loss_mal_enc_0: 1.2393 (1.2305)  loss_bbox_enc_0: 1.3192 (1.4381)  loss_giou_enc_0: 1.2765 (1.3386)  loss_mal_dn_0: 1.0625 (1.1088)  loss_bbox_dn_0: 1.2527 (1.3019)  loss_giou_dn_0: 1.3329 (1.3618)  loss_mal_dn_1: 1.5957 (1.6102)  loss_bbox_dn_1: 1.0425 (1.1282)  loss_giou_dn_1: 1.2098 (1.2420)  loss_mal_dn_2: 1.7305 (1.7532)  loss_bbox_dn_2: 1.0000 (1.1046)  loss_giou_dn_2: 1.1591 (1.1933)  loss_mal_dn_pre: 1.0879 (1.1278)  loss_bbox_dn_pre: 1.2168 (1.2852)  loss_giou_dn_pre: 1.3295 (1.3577)  time: 0.2134  data: 0.1263  max mem: 266
Epoch: [20] Total time: 0:00:01 (0.2224 s / it)
Averaged stats: lr: 0.000002  loss: 35.0136 (35.6478)  loss_mal: 1.6016 (1.8409)  loss_bbox: 1.1387 (1.1287)  loss_giou: 1.1909 (1.2092)  loss_mal_aux_0: 1.3311 (1.3688)  loss_bbox_aux_0: 1.0934 (1.1916)  loss_giou_aux_0: 1.1966 (1.3046)  loss_mal_aux_1: 1.7041 (1.7305)  loss_bbox_aux_1: 1.1170 (1.1166)  loss_giou_aux_1: 1.1749 (1.2490)  loss_mal_pre: 1.3193 (1.3900)  loss_bbox_pre: 1.1705 (1.2577)  loss_giou_pre: 1.2117 (1.2781)  loss_mal_enc_0: 1.2393 (1.2305)  loss_bbox_enc_0: 1.3192 (1.4381)  loss_giou_enc_0: 1.2765 (1.3386)  loss_mal_dn_0: 1.0625 (1.1088)  loss_bbox_dn_0: 1.2527 (1.3019)  loss_giou_dn_0: 1.3329 (1.3618)  loss_mal_dn_1: 1.5957 (1.6102)  loss_bbox_dn_1: 1.0425 (1.1282)  loss_giou_dn_1: 1.2098 (1.2420)  loss_mal_dn_2: 1.7305 (1.7532)  loss_bbox_dn_2: 1.0000 (1.1046)  loss_giou_dn_2: 1.1591 (1.1933)  loss_mal_dn_pre: 1.0879 (1.1278)  loss_bbox_dn_pre: 1.2168 (1.2852)  loss_giou_dn_pre: 1.3295 (1.3577)
Test:  [0/4]  eta: 0:00:02    time: 0.7269  data: 0.6886  max mem: 266
Test:  [3/4]  eta: 0:00:00    time: 0.1910  data: 0.1728  max mem: 266
Test: Total time: 0:00:00 (0.2100 s / it)
Averaged stats: 
Accumulating evaluation results...
COCOeval_opt.accumulate() finished...
DONE (t=0.00s).
IoU metric: bbox
 Average Precision  (AP) @[ IoU=0.50:0.95 | area=   all | maxDets=100 ] = 0.005
 Average Precision  (AP) @[ IoU=0.50      | area=   all | maxDets=100 ] = 0.011
 Average Precision  (AP) @[ IoU=0.75      | area=   all | maxDets=100 ] = 0.003
 Average Precision  (AP) @[ IoU=0.50:0.95 | area= small | maxDets=100 ] = -1.000
 Average Precision  (AP) @[ IoU=0.50:0.95 | area=medium | maxDets=100 ] = -1.000
 Average Precision  (AP) @[ IoU=0.50:0.95 | area= large | maxDets=100 ] = 0.005
 Average Recall     (AR) @[ IoU=0.50:0.95 | area=   all | maxDets=  1 ] = 0.030
 Average Recall     (AR) @[ IoU=0.50:0.95 | area=   all | maxDets= 10 ] = 0.047
 Average Recall     (AR) @[ IoU=0.50:0.95 | area=   all | maxDets=100 ] = 0.430
 Average Recall     (AR) @[ IoU=0.50:0.95 | area= small | maxDets=100 ] = -1.000
 Average Recall     (AR) @[ IoU=0.50:0.95 | area=medium | maxDets=100 ] = -1.000
 Average Recall     (AR) @[ IoU=0.50:0.95 | area= large | maxDets=100 ] = 0.430
 Average Recall     (AR) @[ IoU=0.50      | area=   all | maxDets=100 ] = 0.767
 Average Recall     (AR) @[ IoU=0.75      | area=   all | maxDets=100 ] = 0.400
best_stat: {'epoch': 16, 'coco_eval_bbox': 0.01995939432448158}
Epoch: [21]  [0/8]  eta: 0:00:06  lr: 0.000002  loss: 36.5581 (36.5581)  loss_mal: 2.6895 (2.6895)  loss_bbox: 0.7702 (0.7702)  loss_giou: 0.8506 (0.8506)  loss_mal_aux_0: 2.0098 (2.0098)  loss_bbox_aux_0: 0.8138 (0.8138)  loss_giou_aux_0: 0.9495 (0.9495)  loss_mal_aux_1: 2.2246 (2.2246)  loss_bbox_aux_1: 0.7987 (0.7987)  loss_giou_aux_1: 1.0722 (1.0722)  loss_mal_pre: 2.0645 (2.0645)  loss_bbox_pre: 0.8357 (0.8357)  loss_giou_pre: 0.9410 (0.9410)  loss_mal_enc_0: 1.7549 (1.7549)  loss_bbox_enc_0: 1.0896 (1.0896)  loss_giou_enc_0: 1.0157 (1.0157)  loss_mal_dn_0: 1.2412 (1.2412)  loss_bbox_dn_0: 1.5551 (1.5551)  loss_giou_dn_0: 1.3017 (1.3017)  loss_mal_dn_1: 1.6670 (1.6670)  loss_bbox_dn_1: 1.3705 (1.3705)  loss_giou_dn_1: 1.2022 (1.2022)  loss_mal_dn_2: 1.8779 (1.8779)  loss_bbox_dn_2: 1.2619 (1.2619)  loss_giou_dn_2: 1.1274 (1.1274)  loss_mal_dn_pre: 1.2861 (1.2861)  loss_bbox_dn_pre: 1.5016 (1.5016)  loss_giou_dn_pre: 1.2853 (1.2853)  time: 0.7792  data: 0.6974  max mem: 266
Epoch: [21]  [7/8]  eta: 0:00:00  lr: 0.000002  loss: 34.5610 (35.3967)  loss_mal: 2.0566 (2.1478)  loss_bbox: 0.8130 (0.8907)  loss_giou: 0.9715 (1.0839)  loss_mal_aux_0: 1.4297 (1.6603)  loss_bbox_aux_0: 1.0139 (0.9845)  loss_giou_aux_0: 1.0562 (1.1267)  loss_mal_aux_1: 1.8828 (1.9943)  loss_bbox_aux_1: 0.8223 (0.8954)  loss_giou_aux_1: 1.0722 (1.1231)  loss_mal_pre: 1.4307 (1.6789)  loss_bbox_pre: 1.0129 (0.9953)  loss_giou_pre: 1.0186 (1.1221)  loss_mal_enc_0: 1.1826 (1.4802)  loss_bbox_enc_0: 1.1193 (1.1606)  loss_giou_enc_0: 1.0335 (1.1962)  loss_mal_dn_0: 1.0518 (1.0844)  loss_bbox_dn_0: 1.3635 (1.4034)  loss_giou_dn_0: 1.3311 (1.3772)  loss_mal_dn_1: 1.4941 (1.5415)  loss_bbox_dn_1: 1.1584 (1.2232)  loss_giou_dn_1: 1.2276 (1.2695)  loss_mal_dn_2: 1.6670 (1.6857)  loss_bbox_dn_2: 1.1195 (1.1997)  loss_giou_dn_2: 1.1685 (1.2173)  loss_mal_dn_pre: 1.0791 (1.1061)  loss_bbox_dn_pre: 1.3605 (1.3786)  loss_giou_dn_pre: 1.3292 (1.3699)  time: 0.2059  data: 0.1314  max mem: 266
Epoch: [21] Total time: 0:00:01 (0.2142 s / it)
Averaged stats: lr: 0.000002  loss: 34.5610 (35.3967)  loss_mal: 2.0566 (2.1478)  loss_bbox: 0.8130 (0.8907)  loss_giou: 0.9715 (1.0839)  loss_mal_aux_0: 1.4297 (1.6603)  loss_bbox_aux_0: 1.0139 (0.9845)  loss_giou_aux_0: 1.0562 (1.1267)  loss_mal_aux_1: 1.8828 (1.9943)  loss_bbox_aux_1: 0.8223 (0.8954)  loss_giou_aux_1: 1.0722 (1.1231)  loss_mal_pre: 1.4307 (1.6789)  loss_bbox_pre: 1.0129 (0.9953)  loss_giou_pre: 1.0186 (1.1221)  loss_mal_enc_0: 1.1826 (1.4802)  loss_bbox_enc_0: 1.1193 (1.1606)  loss_giou_enc_0: 1.0335 (1.1962)  loss_mal_dn_0: 1.0518 (1.0844)  loss_bbox_dn_0: 1.3635 (1.4034)  loss_giou_dn_0: 1.3311 (1.3772)  loss_mal_dn_1: 1.4941 (1.5415)  loss_bbox_dn_1: 1.1584 (1.2232)  loss_giou_dn_1: 1.2276 (1.2695)  loss_mal_dn_2: 1.6670 (1.6857)  loss_bbox_dn_2: 1.1195 (1.1997)  loss_giou_dn_2: 1.1685 (1.2173)  loss_mal_dn_pre: 1.0791 (1.1061)  loss_bbox_dn_pre: 1.3605 (1.3786)  loss_giou_dn_pre: 1.3292 (1.3699)
Test:  [0/4]  eta: 0:00:02    time: 0.7295  data: 0.7086  max mem: 266
Test:  [3/4]  eta: 0:00:00    time: 0.2303  data: 0.1778  max mem: 266
Test: Total time: 0:00:01 (0.2540 s / it)
Averaged stats: 
Accumulating evaluation results...
COCOeval_opt.accumulate() finished...
DONE (t=0.00s).
IoU metric: bbox
 Average Precision  (AP) @[ IoU=0.50:0.95 | area=   all | maxDets=100 ] = 0.006
 Average Precision  (AP) @[ IoU=0.50      | area=   all | maxDets=100 ] = 0.014
 Average Precision  (AP) @[ IoU=0.75      | area=   all | maxDets=100 ] = 0.005
 Average Precision  (AP) @[ IoU=0.50:0.95 | area= small | maxDets=100 ] = -1.000
 Average Precision  (AP) @[ IoU=0.50:0.95 | area=medium | maxDets=100 ] = -1.000
 Average Precision  (AP) @[ IoU=0.50:0.95 | area= large | maxDets=100 ] = 0.006
 Average Recall     (AR) @[ IoU=0.50:0.95 | area=   all | maxDets=  1 ] = 0.023
 Average Recall     (AR) @[ IoU=0.50:0.95 | area=   all | maxDets= 10 ] = 0.077
 Average Recall     (AR) @[ IoU=0.50:0.95 | area=   all | maxDets=100 ] = 0.443
 Average Recall     (AR) @[ IoU=0.50:0.95 | area= small | maxDets=100 ] = -1.000
 Average Recall     (AR) @[ IoU=0.50:0.95 | area=medium | maxDets=100 ] = -1.000
 Average Recall     (AR) @[ IoU=0.50:0.95 | area= large | maxDets=100 ] = 0.443
 Average Recall     (AR) @[ IoU=0.50      | area=   all | maxDets=100 ] = 0.800
 Average Recall     (AR) @[ IoU=0.75      | area=   all | maxDets=100 ] = 0.467
best_stat: {'epoch': 16, 'coco_eval_bbox': 0.01995939432448158}
Epoch: [22]  [0/8]  eta: 0:00:07  lr: 0.000002  loss: 34.4375 (34.4375)  loss_mal: 1.9873 (1.9873)  loss_bbox: 0.8079 (0.8079)  loss_giou: 1.0910 (1.0910)  loss_mal_aux_0: 1.7461 (1.7461)  loss_bbox_aux_0: 0.7723 (0.7723)  loss_giou_aux_0: 1.1229 (1.1229)  loss_mal_aux_1: 2.0566 (2.0566)  loss_bbox_aux_1: 0.7175 (0.7175)  loss_giou_aux_1: 1.0571 (1.0571)  loss_mal_pre: 1.6953 (1.6953)  loss_bbox_pre: 0.8919 (0.8919)  loss_giou_pre: 1.1591 (1.1591)  loss_mal_enc_0: 1.4258 (1.4258)  loss_bbox_enc_0: 1.0760 (1.0760)  loss_giou_enc_0: 1.2562 (1.2562)  loss_mal_dn_0: 1.2100 (1.2100)  loss_bbox_dn_0: 1.2347 (1.2347)  loss_giou_dn_0: 1.3128 (1.3128)  loss_mal_dn_1: 1.6758 (1.6758)  loss_bbox_dn_1: 1.1033 (1.1033)  loss_giou_dn_1: 1.2130 (1.2130)  loss_mal_dn_2: 1.8838 (1.8838)  loss_bbox_dn_2: 1.0612 (1.0612)  loss_giou_dn_2: 1.1321 (1.1321)  loss_mal_dn_pre: 1.2236 (1.2236)  loss_bbox_dn_pre: 1.2158 (1.2158)  loss_giou_dn_pre: 1.3085 (1.3085)  time: 0.9586  data: 0.8734  max mem: 266
Epoch: [22]  [7/8]  eta: 0:00:00  lr: 0.000002  loss: 33.4029 (33.7608)  loss_mal: 1.2568 (1.3866)  loss_bbox: 1.0956 (1.1185)  loss_giou: 1.3084 (1.3475)  loss_mal_aux_0: 0.9443 (1.0834)  loss_bbox_aux_0: 1.3286 (1.2396)  loss_giou_aux_0: 1.3880 (1.3870)  loss_mal_aux_1: 1.2617 (1.2988)  loss_bbox_aux_1: 1.0875 (1.1151)  loss_giou_aux_1: 1.3355 (1.4007)  loss_mal_pre: 0.9189 (1.0294)  loss_bbox_pre: 1.3111 (1.3072)  loss_giou_pre: 1.4275 (1.4264)  loss_mal_enc_0: 0.7231 (0.8813)  loss_bbox_enc_0: 1.5486 (1.4671)  loss_giou_enc_0: 1.5364 (1.4932)  loss_mal_dn_0: 1.0186 (1.0341)  loss_bbox_dn_0: 1.1958 (1.1433)  loss_giou_dn_0: 1.3861 (1.3996)  loss_mal_dn_1: 1.4521 (1.4474)  loss_bbox_dn_1: 1.0017 (1.0230)  loss_giou_dn_1: 1.2853 (1.3122)  loss_mal_dn_2: 1.4600 (1.5497)  loss_bbox_dn_2: 0.9850 (1.0206)  loss_giou_dn_2: 1.2594 (1.2772)  loss_mal_dn_pre: 1.0420 (1.0562)  loss_bbox_dn_pre: 1.1926 (1.1221)  loss_giou_dn_pre: 1.3803 (1.3938)  time: 0.2051  data: 0.1207  max mem: 266
Epoch: [22] Total time: 0:00:01 (0.2130 s / it)
Averaged stats: lr: 0.000002  loss: 33.4029 (33.7608)  loss_mal: 1.2568 (1.3866)  loss_bbox: 1.0956 (1.1185)  loss_giou: 1.3084 (1.3475)  loss_mal_aux_0: 0.9443 (1.0834)  loss_bbox_aux_0: 1.3286 (1.2396)  loss_giou_aux_0: 1.3880 (1.3870)  loss_mal_aux_1: 1.2617 (1.2988)  loss_bbox_aux_1: 1.0875 (1.1151)  loss_giou_aux_1: 1.3355 (1.4007)  loss_mal_pre: 0.9189 (1.0294)  loss_bbox_pre: 1.3111 (1.3072)  loss_giou_pre: 1.4275 (1.4264)  loss_mal_enc_0: 0.7231 (0.8813)  loss_bbox_enc_0: 1.5486 (1.4671)  loss_giou_enc_0: 1.5364 (1.4932)  loss_mal_dn_0: 1.0186 (1.0341)  loss_bbox_dn_0: 1.1958 (1.1433)  loss_giou_dn_0: 1.3861 (1.3996)  loss_mal_dn_1: 1.4521 (1.4474)  loss_bbox_dn_1: 1.0017 (1.0230)  loss_giou_dn_1: 1.2853 (1.3122)  loss_mal_dn_2: 1.4600 (1.5497)  loss_bbox_dn_2: 0.9850 (1.0206)  loss_giou_dn_2: 1.2594 (1.2772)  loss_mal_dn_pre: 1.0420 (1.0562)  loss_bbox_dn_pre: 1.1926 (1.1221)  loss_giou_dn_pre: 1.3803 (1.3938)
Test:  [0/4]  eta: 0:00:02    time: 0.7126  data: 0.6906  max mem: 266
Test:  [3/4]  eta: 0:00:00    time: 0.1887  data: 0.1732  max mem: 266
Test: Total time: 0:00:00 (0.2104 s / it)
Averaged stats: 
Accumulating evaluation results...
COCOeval_opt.accumulate() finished...
DONE (t=0.00s).
IoU metric: bbox
 Average Precision  (AP) @[ IoU=0.50:0.95 | area=   all | maxDets=100 ] = 0.010
 Average Precision  (AP) @[ IoU=0.50      | area=   all | maxDets=100 ] = 0.040
 Average Precision  (AP) @[ IoU=0.75      | area=   all | maxDets=100 ] = 0.004
 Average Precision  (AP) @[ IoU=0.50:0.95 | area= small | maxDets=100 ] = -1.000
 Average Precision  (AP) @[ IoU=0.50:0.95 | area=medium | maxDets=100 ] = -1.000
 Average Precision  (AP) @[ IoU=0.50:0.95 | area= large | maxDets=100 ] = 0.010
 Average Recall     (AR) @[ IoU=0.50:0.95 | area=   all | maxDets=  1 ] = 0.003
 Average Recall     (AR) @[ IoU=0.50:0.95 | area=   all | maxDets= 10 ] = 0.110
 Average Recall     (AR) @[ IoU=0.50:0.95 | area=   all | maxDets=100 ] = 0.423
 Average Recall     (AR) @[ IoU=0.50:0.95 | area= small | maxDets=100 ] = -1.000
 Average Recall     (AR) @[ IoU=0.50:0.95 | area=medium | maxDets=100 ] = -1.000
 Average Recall     (AR) @[ IoU=0.50:0.95 | area= large | maxDets=100 ] = 0.423
 Average Recall     (AR) @[ IoU=0.50      | area=   all | maxDets=100 ] = 0.867
 Average Recall     (AR) @[ IoU=0.75      | area=   all | maxDets=100 ] = 0.400
best_stat: {'epoch': 16, 'coco_eval_bbox': 0.01995939432448158}
Epoch: [23]  [0/8]  eta: 0:00:06  lr: 0.000002  loss: 33.5684 (33.5684)  loss_mal: 1.7314 (1.7314)  loss_bbox: 0.9178 (0.9178)  loss_giou: 1.1755 (1.1755)  loss_mal_aux_0: 1.4111 (1.4111)  loss_bbox_aux_0: 1.1361 (1.1361)  loss_giou_aux_0: 1.2188 (1.2188)  loss_mal_aux_1: 1.6377 (1.6377)  loss_bbox_aux_1: 0.9387 (0.9387)  loss_giou_aux_1: 1.2120 (1.2120)  loss_mal_pre: 1.4297 (1.4297)  loss_bbox_pre: 1.1527 (1.1527)  loss_giou_pre: 1.1877 (1.1877)  loss_mal_enc_0: 1.3291 (1.3291)  loss_bbox_enc_0: 1.1625 (1.1625)  loss_giou_enc_0: 1.2543 (1.2543)  loss_mal_dn_0: 1.1045 (1.1045)  loss_bbox_dn_0: 1.0668 (1.0668)  loss_giou_dn_0: 1.3866 (1.3866)  loss_mal_dn_1: 1.5820 (1.5820)  loss_bbox_dn_1: 0.9329 (0.9329)  loss_giou_dn_1: 1.2667 (1.2667)  loss_mal_dn_2: 1.6162 (1.6162)  loss_bbox_dn_2: 0.9368 (0.9368)  loss_giou_dn_2: 1.2417 (1.2417)  loss_mal_dn_pre: 1.1133 (1.1133)  loss_bbox_dn_pre: 1.0487 (1.0487)  loss_giou_dn_pre: 1.3769 (1.3769)  time: 0.8698  data: 0.7842  max mem: 266
Epoch: [23]  [7/8]  eta: 0:00:00  lr: 0.000002  loss: 33.5684 (34.1515)  loss_mal: 1.4414 (1.6420)  loss_bbox: 0.9662 (0.9819)  loss_giou: 1.3346 (1.2862)  loss_mal_aux_0: 1.0020 (1.2036)  loss_bbox_aux_0: 1.1361 (1.1603)  loss_giou_aux_0: 1.3552 (1.3322)  loss_mal_aux_1: 1.2959 (1.4758)  loss_bbox_aux_1: 1.0192 (1.0205)  loss_giou_aux_1: 1.3320 (1.3347)  loss_mal_pre: 0.9746 (1.2126)  loss_bbox_pre: 1.1527 (1.1876)  loss_giou_pre: 1.3708 (1.3262)  loss_mal_enc_0: 0.8169 (1.0680)  loss_bbox_enc_0: 1.2731 (1.3296)  loss_giou_enc_0: 1.4155 (1.3903)  loss_mal_dn_0: 1.0244 (1.0307)  loss_bbox_dn_0: 1.1990 (1.2877)  loss_giou_dn_0: 1.3955 (1.4049)  loss_mal_dn_1: 1.5078 (1.4790)  loss_bbox_dn_1: 1.0309 (1.0693)  loss_giou_dn_1: 1.2759 (1.3024)  loss_mal_dn_2: 1.5449 (1.5679)  loss_bbox_dn_2: 1.0254 (1.0730)  loss_giou_dn_2: 1.2417 (1.2722)  loss_mal_dn_pre: 1.0352 (1.0461)  loss_bbox_dn_pre: 1.1750 (1.2679)  loss_giou_dn_pre: 1.3937 (1.3990)  time: 0.1898  data: 0.1097  max mem: 266
Epoch: [23] Total time: 0:00:01 (0.1980 s / it)
Averaged stats: lr: 0.000002  loss: 33.5684 (34.1515)  loss_mal: 1.4414 (1.6420)  loss_bbox: 0.9662 (0.9819)  loss_giou: 1.3346 (1.2862)  loss_mal_aux_0: 1.0020 (1.2036)  loss_bbox_aux_0: 1.1361 (1.1603)  loss_giou_aux_0: 1.3552 (1.3322)  loss_mal_aux_1: 1.2959 (1.4758)  loss_bbox_aux_1: 1.0192 (1.0205)  loss_giou_aux_1: 1.3320 (1.3347)  loss_mal_pre: 0.9746 (1.2126)  loss_bbox_pre: 1.1527 (1.1876)  loss_giou_pre: 1.3708 (1.3262)  loss_mal_enc_0: 0.8169 (1.0680)  loss_bbox_enc_0: 1.2731 (1.3296)  loss_giou_enc_0: 1.4155 (1.3903)  loss_mal_dn_0: 1.0244 (1.0307)  loss_bbox_dn_0: 1.1990 (1.2877)  loss_giou_dn_0: 1.3955 (1.4049)  loss_mal_dn_1: 1.5078 (1.4790)  loss_bbox_dn_1: 1.0309 (1.0693)  loss_giou_dn_1: 1.2759 (1.3024)  loss_mal_dn_2: 1.5449 (1.5679)  loss_bbox_dn_2: 1.0254 (1.0730)  loss_giou_dn_2: 1.2417 (1.2722)  loss_mal_dn_pre: 1.0352 (1.0461)  loss_bbox_dn_pre: 1.1750 (1.2679)  loss_giou_dn_pre: 1.3937 (1.3990)
Test:  [0/4]  eta: 0:00:02    time: 0.7027  data: 0.6852  max mem: 266
Test:  [3/4]  eta: 0:00:00    time: 0.1855  data: 0.1720  max mem: 266
Test: Total time: 0:00:00 (0.2084 s / it)
Averaged stats: 
Accumulating evaluation results...
COCOeval_opt.accumulate() finished...
DONE (t=0.00s).
IoU metric: bbox
 Average Precision  (AP) @[ IoU=0.50:0.95 | area=   all | maxDets=100 ] = 0.009
 Average Precision  (AP) @[ IoU=0.50      | area=   all | maxDets=100 ] = 0.020
 Average Precision  (AP) @[ IoU=0.75      | area=   all | maxDets=100 ] = 0.007
 Average Precision  (AP) @[ IoU=0.50:0.95 | area= small | maxDets=100 ] = -1.000
 Average Precision  (AP) @[ IoU=0.50:0.95 | area=medium | maxDets=100 ] = -1.000
 Average Precision  (AP) @[ IoU=0.50:0.95 | area= large | maxDets=100 ] = 0.009
 Average Recall     (AR) @[ IoU=0.50:0.95 | area=   all | maxDets=  1 ] = 0.000
 Average Recall     (AR) @[ IoU=0.50:0.95 | area=   all | maxDets= 10 ] = 0.073
 Average Recall     (AR) @[ IoU=0.50:0.95 | area=   all | maxDets=100 ] = 0.413
 Average Recall     (AR) @[ IoU=0.50:0.95 | area= small | maxDets=100 ] = -1.000
 Average Recall     (AR) @[ IoU=0.50:0.95 | area=medium | maxDets=100 ] = -1.000
 Average Recall     (AR) @[ IoU=0.50:0.95 | area= large | maxDets=100 ] = 0.413
 Average Recall     (AR) @[ IoU=0.50      | area=   all | maxDets=100 ] = 0.733
 Average Recall     (AR) @[ IoU=0.75      | area=   all | maxDets=100 ] = 0.333
best_stat: {'epoch': 16, 'coco_eval_bbox': 0.01995939432448158}
Epoch: [24]  [0/8]  eta: 0:00:07  lr: 0.000002  loss: 32.4399 (32.4399)  loss_mal: 0.9941 (0.9941)  loss_bbox: 1.1573 (1.1573)  loss_giou: 1.5780 (1.5780)  loss_mal_aux_0: 0.8169 (0.8169)  loss_bbox_aux_0: 1.3313 (1.3313)  loss_giou_aux_0: 1.4948 (1.4948)  loss_mal_aux_1: 1.0146 (1.0146)  loss_bbox_aux_1: 1.2652 (1.2652)  loss_giou_aux_1: 1.4954 (1.4954)  loss_mal_pre: 0.7974 (0.7974)  loss_bbox_pre: 1.3421 (1.3421)  loss_giou_pre: 1.4969 (1.4969)  loss_mal_enc_0: 0.7324 (0.7324)  loss_bbox_enc_0: 1.4733 (1.4733)  loss_giou_enc_0: 1.5094 (1.5094)  loss_mal_dn_0: 1.1562 (1.1562)  loss_bbox_dn_0: 0.8245 (0.8245)  loss_giou_dn_0: 1.3705 (1.3705)  loss_mal_dn_1: 1.5332 (1.5332)  loss_bbox_dn_1: 0.7509 (0.7509)  loss_giou_dn_1: 1.3051 (1.3051)  loss_mal_dn_2: 1.6211 (1.6211)  loss_bbox_dn_2: 0.7673 (0.7673)  loss_giou_dn_2: 1.2690 (1.2690)  loss_mal_dn_pre: 1.1445 (1.1445)  loss_bbox_dn_pre: 0.8272 (0.8272)  loss_giou_dn_pre: 1.3712 (1.3712)  time: 0.8846  data: 0.7691  max mem: 266
Epoch: [24]  [7/8]  eta: 0:00:00  lr: 0.000002  loss: 33.4881 (34.0018)  loss_mal: 1.0479 (1.4554)  loss_bbox: 1.0698 (1.0673)  loss_giou: 1.4679 (1.3748)  loss_mal_aux_0: 0.8169 (1.1265)  loss_bbox_aux_0: 1.3229 (1.2137)  loss_giou_aux_0: 1.4854 (1.3863)  loss_mal_aux_1: 1.0146 (1.3419)  loss_bbox_aux_1: 1.0473 (1.0893)  loss_giou_aux_1: 1.4954 (1.3900)  loss_mal_pre: 0.7974 (1.1076)  loss_bbox_pre: 1.2952 (1.2620)  loss_giou_pre: 1.4969 (1.3856)  loss_mal_enc_0: 0.7153 (0.9609)  loss_bbox_enc_0: 1.3722 (1.3699)  loss_giou_enc_0: 1.5094 (1.4848)  loss_mal_dn_0: 1.0469 (1.0370)  loss_bbox_dn_0: 1.1329 (1.2029)  loss_giou_dn_0: 1.3899 (1.4008)  loss_mal_dn_1: 1.3965 (1.4364)  loss_bbox_dn_1: 0.9537 (1.0651)  loss_giou_dn_1: 1.3051 (1.3172)  loss_mal_dn_2: 1.5703 (1.5657)  loss_bbox_dn_2: 0.9248 (1.0503)  loss_giou_dn_2: 1.2651 (1.2752)  loss_mal_dn_pre: 1.0566 (1.0483)  loss_bbox_dn_pre: 1.1241 (1.1885)  loss_giou_dn_pre: 1.3890 (1.3985)  time: 0.2074  data: 0.1213  max mem: 266
Epoch: [24] Total time: 0:00:01 (0.2138 s / it)
Averaged stats: lr: 0.000002  loss: 33.4881 (34.0018)  loss_mal: 1.0479 (1.4554)  loss_bbox: 1.0698 (1.0673)  loss_giou: 1.4679 (1.3748)  loss_mal_aux_0: 0.8169 (1.1265)  loss_bbox_aux_0: 1.3229 (1.2137)  loss_giou_aux_0: 1.4854 (1.3863)  loss_mal_aux_1: 1.0146 (1.3419)  loss_bbox_aux_1: 1.0473 (1.0893)  loss_giou_aux_1: 1.4954 (1.3900)  loss_mal_pre: 0.7974 (1.1076)  loss_bbox_pre: 1.2952 (1.2620)  loss_giou_pre: 1.4969 (1.3856)  loss_mal_enc_0: 0.7153 (0.9609)  loss_bbox_enc_0: 1.3722 (1.3699)  loss_giou_enc_0: 1.5094 (1.4848)  loss_mal_dn_0: 1.0469 (1.0370)  loss_bbox_dn_0: 1.1329 (1.2029)  loss_giou_dn_0: 1.3899 (1.4008)  loss_mal_dn_1: 1.3965 (1.4364)  loss_bbox_dn_1: 0.9537 (1.0651)  loss_giou_dn_1: 1.3051 (1.3172)  loss_mal_dn_2: 1.5703 (1.5657)  loss_bbox_dn_2: 0.9248 (1.0503)  loss_giou_dn_2: 1.2651 (1.2752)  loss_mal_dn_pre: 1.0566 (1.0483)  loss_bbox_dn_pre: 1.1241 (1.1885)  loss_giou_dn_pre: 1.3890 (1.3985)
Test:  [0/4]  eta: 0:00:02    time: 0.6731  data: 0.6473  max mem: 266
Test:  [3/4]  eta: 0:00:00    time: 0.1813  data: 0.1625  max mem: 266
Test: Total time: 0:00:00 (0.1997 s / it)
Averaged stats: 
Accumulating evaluation results...
COCOeval_opt.accumulate() finished...
DONE (t=0.00s).
IoU metric: bbox
 Average Precision  (AP) @[ IoU=0.50:0.95 | area=   all | maxDets=100 ] = 0.017
 Average Precision  (AP) @[ IoU=0.50      | area=   all | maxDets=100 ] = 0.024
 Average Precision  (AP) @[ IoU=0.75      | area=   all | maxDets=100 ] = 0.016
 Average Precision  (AP) @[ IoU=0.50:0.95 | area= small | maxDets=100 ] = -1.000
 Average Precision  (AP) @[ IoU=0.50:0.95 | area=medium | maxDets=100 ] = -1.000
 Average Precision  (AP) @[ IoU=0.50:0.95 | area= large | maxDets=100 ] = 0.017
 Average Recall     (AR) @[ IoU=0.50:0.95 | area=   all | maxDets=  1 ] = 0.030
 Average Recall     (AR) @[ IoU=0.50:0.95 | area=   all | maxDets= 10 ] = 0.107
 Average Recall     (AR) @[ IoU=0.50:0.95 | area=   all | maxDets=100 ] = 0.457
 Average Recall     (AR) @[ IoU=0.50:0.95 | area= small | maxDets=100 ] = -1.000
 Average Recall     (AR) @[ IoU=0.50:0.95 | area=medium | maxDets=100 ] = -1.000
 Average Recall     (AR) @[ IoU=0.50:0.95 | area= large | maxDets=100 ] = 0.457
 Average Recall     (AR) @[ IoU=0.50      | area=   all | maxDets=100 ] = 0.800
 Average Recall     (AR) @[ IoU=0.75      | area=   all | maxDets=100 ] = 0.467
best_stat: {'epoch': 16, 'coco_eval_bbox': 0.01995939432448158}
Epoch: [25]  [0/8]  eta: 0:00:04  lr: 0.000003  loss: 34.7251 (34.7251)  loss_mal: 2.1387 (2.1387)  loss_bbox: 0.8030 (0.8030)  loss_giou: 1.0081 (1.0081)  loss_mal_aux_0: 1.4609 (1.4609)  loss_bbox_aux_0: 1.0482 (1.0482)  loss_giou_aux_0: 1.1713 (1.1713)  loss_mal_aux_1: 1.9512 (1.9512)  loss_bbox_aux_1: 0.7609 (0.7609)  loss_giou_aux_1: 1.0775 (1.0775)  loss_mal_pre: 1.3809 (1.3809)  loss_bbox_pre: 1.0656 (1.0656)  loss_giou_pre: 1.2023 (1.2023)  loss_mal_enc_0: 1.3027 (1.3027)  loss_bbox_enc_0: 1.1432 (1.1432)  loss_giou_enc_0: 1.1961 (1.1961)  loss_mal_dn_0: 1.0176 (1.0176)  loss_bbox_dn_0: 1.4611 (1.4611)  loss_giou_dn_0: 1.3860 (1.3860)  loss_mal_dn_1: 1.4131 (1.4131)  loss_bbox_dn_1: 1.3538 (1.3538)  loss_giou_dn_1: 1.3065 (1.3065)  loss_mal_dn_2: 1.6338 (1.6338)  loss_bbox_dn_2: 1.3184 (1.3184)  loss_giou_dn_2: 1.2502 (1.2502)  loss_mal_dn_pre: 1.0537 (1.0537)  loss_bbox_dn_pre: 1.4396 (1.4396)  loss_giou_dn_pre: 1.3807 (1.3807)  time: 0.5753  data: 0.4860  max mem: 266
Epoch: [25]  [7/8]  eta: 0:00:00  lr: 0.000003  loss: 33.4324 (33.5093)  loss_mal: 1.2520 (1.2484)  loss_bbox: 1.1294 (1.1604)  loss_giou: 1.3827 (1.4192)  loss_mal_aux_0: 0.9028 (0.9429)  loss_bbox_aux_0: 1.2561 (1.3394)  loss_giou_aux_0: 1.4727 (1.4780)  loss_mal_aux_1: 1.0957 (1.1562)  loss_bbox_aux_1: 1.0713 (1.1467)  loss_giou_aux_1: 1.4489 (1.4689)  loss_mal_pre: 0.8726 (0.9362)  loss_bbox_pre: 1.1924 (1.3350)  loss_giou_pre: 1.4679 (1.5053)  loss_mal_enc_0: 0.7607 (0.7905)  loss_bbox_enc_0: 1.3907 (1.4624)  loss_giou_enc_0: 1.5973 (1.5459)  loss_mal_dn_0: 1.0264 (1.0614)  loss_bbox_dn_0: 1.0371 (1.0567)  loss_giou_dn_0: 1.3860 (1.3947)  loss_mal_dn_1: 1.5039 (1.4929)  loss_bbox_dn_1: 0.9025 (0.9351)  loss_giou_dn_1: 1.2779 (1.3052)  loss_mal_dn_2: 1.6426 (1.6124)  loss_bbox_dn_2: 0.8656 (0.9330)  loss_giou_dn_2: 1.2442 (1.2625)  loss_mal_dn_pre: 1.0547 (1.0835)  loss_bbox_dn_pre: 1.0387 (1.0445)  loss_giou_dn_pre: 1.3807 (1.3921)  time: 0.2157  data: 0.1199  max mem: 266
Epoch: [25] Total time: 0:00:01 (0.2231 s / it)
Averaged stats: lr: 0.000003  loss: 33.4324 (33.5093)  loss_mal: 1.2520 (1.2484)  loss_bbox: 1.1294 (1.1604)  loss_giou: 1.3827 (1.4192)  loss_mal_aux_0: 0.9028 (0.9429)  loss_bbox_aux_0: 1.2561 (1.3394)  loss_giou_aux_0: 1.4727 (1.4780)  loss_mal_aux_1: 1.0957 (1.1562)  loss_bbox_aux_1: 1.0713 (1.1467)  loss_giou_aux_1: 1.4489 (1.4689)  loss_mal_pre: 0.8726 (0.9362)  loss_bbox_pre: 1.1924 (1.3350)  loss_giou_pre: 1.4679 (1.5053)  loss_mal_enc_0: 0.7607 (0.7905)  loss_bbox_enc_0: 1.3907 (1.4624)  loss_giou_enc_0: 1.5973 (1.5459)  loss_mal_dn_0: 1.0264 (1.0614)  loss_bbox_dn_0: 1.0371 (1.0567)  loss_giou_dn_0: 1.3860 (1.3947)  loss_mal_dn_1: 1.5039 (1.4929)  loss_bbox_dn_1: 0.9025 (0.9351)  loss_giou_dn_1: 1.2779 (1.3052)  loss_mal_dn_2: 1.6426 (1.6124)  loss_bbox_dn_2: 0.8656 (0.9330)  loss_giou_dn_2: 1.2442 (1.2625)  loss_mal_dn_pre: 1.0547 (1.0835)  loss_bbox_dn_pre: 1.0387 (1.0445)  loss_giou_dn_pre: 1.3807 (1.3921)
Test:  [0/4]  eta: 0:00:02    time: 0.6626  data: 0.6442  max mem: 266
Test:  [3/4]  eta: 0:00:00    time: 0.1773  data: 0.1618  max mem: 266
Test: Total time: 0:00:00 (0.1998 s / it)
Averaged stats: 
Accumulating evaluation results...
COCOeval_opt.accumulate() finished...
DONE (t=0.00s).
IoU metric: bbox
 Average Precision  (AP) @[ IoU=0.50:0.95 | area=   all | maxDets=100 ] = 0.005
 Average Precision  (AP) @[ IoU=0.50      | area=   all | maxDets=100 ] = 0.013
 Average Precision  (AP) @[ IoU=0.75      | area=   all | maxDets=100 ] = 0.004
 Average Precision  (AP) @[ IoU=0.50:0.95 | area= small | maxDets=100 ] = -1.000
 Average Precision  (AP) @[ IoU=0.50:0.95 | area=medium | maxDets=100 ] = -1.000
 Average Precision  (AP) @[ IoU=0.50:0.95 | area= large | maxDets=100 ] = 0.006
 Average Recall     (AR) @[ IoU=0.50:0.95 | area=   all | maxDets=  1 ] = 0.027
 Average Recall     (AR) @[ IoU=0.50:0.95 | area=   all | maxDets= 10 ] = 0.057
 Average Recall     (AR) @[ IoU=0.50:0.95 | area=   all | maxDets=100 ] = 0.367
 Average Recall     (AR) @[ IoU=0.50:0.95 | area= small | maxDets=100 ] = -1.000
 Average Recall     (AR) @[ IoU=0.50:0.95 | area=medium | maxDets=100 ] = -1.000
 Average Recall     (AR) @[ IoU=0.50:0.95 | area= large | maxDets=100 ] = 0.367
 Average Recall     (AR) @[ IoU=0.50      | area=   all | maxDets=100 ] = 0.767
 Average Recall     (AR) @[ IoU=0.75      | area=   all | maxDets=100 ] = 0.300
best_stat: {'epoch': 16, 'coco_eval_bbox': 0.01995939432448158}
Epoch: [26]  [0/8]  eta: 0:00:06  lr: 0.000003  loss: 32.6107 (32.6107)  loss_mal: 1.7139 (1.7139)  loss_bbox: 0.7817 (0.7817)  loss_giou: 1.2843 (1.2843)  loss_mal_aux_0: 1.2100 (1.2100)  loss_bbox_aux_0: 0.9030 (0.9030)  loss_giou_aux_0: 1.3590 (1.3590)  loss_mal_aux_1: 1.6709 (1.6709)  loss_bbox_aux_1: 0.7924 (0.7924)  loss_giou_aux_1: 1.2617 (1.2617)  loss_mal_pre: 1.2705 (1.2705)  loss_bbox_pre: 0.8930 (0.8930)  loss_giou_pre: 1.3134 (1.3134)  loss_mal_enc_0: 1.1123 (1.1123)  loss_bbox_enc_0: 1.0065 (1.0065)  loss_giou_enc_0: 1.3637 (1.3637)  loss_mal_dn_0: 1.1924 (1.1924)  loss_bbox_dn_0: 1.0450 (1.0450)  loss_giou_dn_0: 1.3281 (1.3281)  loss_mal_dn_1: 1.6025 (1.6025)  loss_bbox_dn_1: 0.8817 (0.8817)  loss_giou_dn_1: 1.2631 (1.2631)  loss_mal_dn_2: 1.7100 (1.7100)  loss_bbox_dn_2: 0.8642 (0.8642)  loss_giou_dn_2: 1.2279 (1.2279)  loss_mal_dn_pre: 1.2070 (1.2070)  loss_bbox_dn_pre: 1.0272 (1.0272)  loss_giou_dn_pre: 1.3254 (1.3254)  time: 0.8051  data: 0.6944  max mem: 266
Epoch: [26]  [7/8]  eta: 0:00:00  lr: 0.000003  loss: 33.9630 (34.2078)  loss_mal: 1.7139 (1.5328)  loss_bbox: 0.8821 (1.0853)  loss_giou: 1.2843 (1.3301)  loss_mal_aux_0: 0.9951 (1.1945)  loss_bbox_aux_0: 1.1680 (1.2096)  loss_giou_aux_0: 1.3590 (1.3477)  loss_mal_aux_1: 1.4893 (1.4409)  loss_bbox_aux_1: 0.8924 (1.0793)  loss_giou_aux_1: 1.3197 (1.3591)  loss_mal_pre: 0.9614 (1.1740)  loss_bbox_pre: 1.3646 (1.2402)  loss_giou_pre: 1.3134 (1.3674)  loss_mal_enc_0: 0.8257 (1.0761)  loss_bbox_enc_0: 1.3728 (1.3584)  loss_giou_enc_0: 1.4111 (1.4343)  loss_mal_dn_0: 1.1133 (1.1530)  loss_bbox_dn_0: 1.0450 (1.1165)  loss_giou_dn_0: 1.3281 (1.3479)  loss_mal_dn_1: 1.4697 (1.5730)  loss_bbox_dn_1: 0.8817 (1.0098)  loss_giou_dn_1: 1.2631 (1.2619)  loss_mal_dn_2: 1.5254 (1.6818)  loss_bbox_dn_2: 0.8642 (0.9978)  loss_giou_dn_2: 1.2279 (1.2221)  loss_mal_dn_pre: 1.1621 (1.1768)  loss_bbox_dn_pre: 1.0272 (1.0942)  loss_giou_dn_pre: 1.3254 (1.3434)  time: 0.2556  data: 0.1441  max mem: 266
Epoch: [26] Total time: 0:00:02 (0.2621 s / it)
Averaged stats: lr: 0.000003  loss: 33.9630 (34.2078)  loss_mal: 1.7139 (1.5328)  loss_bbox: 0.8821 (1.0853)  loss_giou: 1.2843 (1.3301)  loss_mal_aux_0: 0.9951 (1.1945)  loss_bbox_aux_0: 1.1680 (1.2096)  loss_giou_aux_0: 1.3590 (1.3477)  loss_mal_aux_1: 1.4893 (1.4409)  loss_bbox_aux_1: 0.8924 (1.0793)  loss_giou_aux_1: 1.3197 (1.3591)  loss_mal_pre: 0.9614 (1.1740)  loss_bbox_pre: 1.3646 (1.2402)  loss_giou_pre: 1.3134 (1.3674)  loss_mal_enc_0: 0.8257 (1.0761)  loss_bbox_enc_0: 1.3728 (1.3584)  loss_giou_enc_0: 1.4111 (1.4343)  loss_mal_dn_0: 1.1133 (1.1530)  loss_bbox_dn_0: 1.0450 (1.1165)  loss_giou_dn_0: 1.3281 (1.3479)  loss_mal_dn_1: 1.4697 (1.5730)  loss_bbox_dn_1: 0.8817 (1.0098)  loss_giou_dn_1: 1.2631 (1.2619)  loss_mal_dn_2: 1.5254 (1.6818)  loss_bbox_dn_2: 0.8642 (0.9978)  loss_giou_dn_2: 1.2279 (1.2221)  loss_mal_dn_pre: 1.1621 (1.1768)  loss_bbox_dn_pre: 1.0272 (1.0942)  loss_giou_dn_pre: 1.3254 (1.3434)
Test:  [0/4]  eta: 0:00:02    time: 0.6757  data: 0.6571  max mem: 266
Test:  [3/4]  eta: 0:00:00    time: 0.2182  data: 0.1649  max mem: 266
Test: Total time: 0:00:00 (0.2383 s / it)
Averaged stats: 
Accumulating evaluation results...
COCOeval_opt.accumulate() finished...
DONE (t=0.00s).
IoU metric: bbox
 Average Precision  (AP) @[ IoU=0.50:0.95 | area=   all | maxDets=100 ] = 0.004
 Average Precision  (AP) @[ IoU=0.50      | area=   all | maxDets=100 ] = 0.011
 Average Precision  (AP) @[ IoU=0.75      | area=   all | maxDets=100 ] = 0.002
 Average Precision  (AP) @[ IoU=0.50:0.95 | area= small | maxDets=100 ] = -1.000
 Average Precision  (AP) @[ IoU=0.50:0.95 | area=medium | maxDets=100 ] = -1.000
 Average Precision  (AP) @[ IoU=0.50:0.95 | area= large | maxDets=100 ] = 0.004
 Average Recall     (AR) @[ IoU=0.50:0.95 | area=   all | maxDets=  1 ] = 0.007
 Average Recall     (AR) @[ IoU=0.50:0.95 | area=   all | maxDets= 10 ] = 0.043
 Average Recall     (AR) @[ IoU=0.50:0.95 | area=   all | maxDets=100 ] = 0.360
 Average Recall     (AR) @[ IoU=0.50:0.95 | area= small | maxDets=100 ] = -1.000
 Average Recall     (AR) @[ IoU=0.50:0.95 | area=medium | maxDets=100 ] = -1.000
 Average Recall     (AR) @[ IoU=0.50:0.95 | area= large | maxDets=100 ] = 0.360
 Average Recall     (AR) @[ IoU=0.50      | area=   all | maxDets=100 ] = 0.767
 Average Recall     (AR) @[ IoU=0.75      | area=   all | maxDets=100 ] = 0.267
best_stat: {'epoch': 16, 'coco_eval_bbox': 0.01995939432448158}
Epoch: [27]  [0/8]  eta: 0:00:06  lr: 0.000003  loss: 34.1325 (34.1325)  loss_mal: 2.0391 (2.0391)  loss_bbox: 0.7012 (0.7012)  loss_giou: 1.0848 (1.0848)  loss_mal_aux_0: 1.5674 (1.5674)  loss_bbox_aux_0: 0.9270 (0.9270)  loss_giou_aux_0: 1.1784 (1.1784)  loss_mal_aux_1: 1.9219 (1.9219)  loss_bbox_aux_1: 0.7108 (0.7108)  loss_giou_aux_1: 1.1603 (1.1603)  loss_mal_pre: 1.5156 (1.5156)  loss_bbox_pre: 0.9691 (0.9691)  loss_giou_pre: 1.2478 (1.2478)  loss_mal_enc_0: 1.2236 (1.2236)  loss_bbox_enc_0: 1.3129 (1.3129)  loss_giou_enc_0: 1.3106 (1.3106)  loss_mal_dn_0: 1.1396 (1.1396)  loss_bbox_dn_0: 1.1999 (1.1999)  loss_giou_dn_0: 1.3562 (1.3562)  loss_mal_dn_1: 1.6172 (1.6172)  loss_bbox_dn_1: 1.0485 (1.0485)  loss_giou_dn_1: 1.2357 (1.2357)  loss_mal_dn_2: 1.7900 (1.7900)  loss_bbox_dn_2: 1.0170 (1.0170)  loss_giou_dn_2: 1.1697 (1.1697)  loss_mal_dn_pre: 1.1602 (1.1602)  loss_bbox_dn_pre: 1.1814 (1.1814)  loss_giou_dn_pre: 1.3465 (1.3465)  time: 0.8017  data: 0.7173  max mem: 266
Epoch: [27]  [7/8]  eta: 0:00:00  lr: 0.000003  loss: 32.8238 (33.0913)  loss_mal: 1.2979 (1.4228)  loss_bbox: 0.9420 (0.9816)  loss_giou: 1.3240 (1.3435)  loss_mal_aux_0: 0.7705 (1.0007)  loss_bbox_aux_0: 1.1970 (1.2346)  loss_giou_aux_0: 1.3434 (1.3968)  loss_mal_aux_1: 0.9390 (1.2585)  loss_bbox_aux_1: 1.0131 (1.0107)  loss_giou_aux_1: 1.3930 (1.4225)  loss_mal_pre: 0.7617 (0.9839)  loss_bbox_pre: 1.2411 (1.2583)  loss_giou_pre: 1.3481 (1.4199)  loss_mal_enc_0: 0.7046 (0.8369)  loss_bbox_enc_0: 1.4487 (1.4773)  loss_giou_enc_0: 1.5703 (1.4958)  loss_mal_dn_0: 1.0430 (1.1125)  loss_bbox_dn_0: 0.9671 (1.0371)  loss_giou_dn_0: 1.3562 (1.3701)  loss_mal_dn_1: 1.4561 (1.5331)  loss_bbox_dn_1: 0.8649 (0.9001)  loss_giou_dn_1: 1.2653 (1.2854)  loss_mal_dn_2: 1.6602 (1.6448)  loss_bbox_dn_2: 0.8721 (0.8987)  loss_giou_dn_2: 1.2276 (1.2451)  loss_mal_dn_pre: 1.0742 (1.1259)  loss_bbox_dn_pre: 0.9584 (1.0284)  loss_giou_dn_pre: 1.3465 (1.3664)  time: 0.2442  data: 0.1470  max mem: 266
Epoch: [27] Total time: 0:00:02 (0.2520 s / it)
Averaged stats: lr: 0.000003  loss: 32.8238 (33.0913)  loss_mal: 1.2979 (1.4228)  loss_bbox: 0.9420 (0.9816)  loss_giou: 1.3240 (1.3435)  loss_mal_aux_0: 0.7705 (1.0007)  loss_bbox_aux_0: 1.1970 (1.2346)  loss_giou_aux_0: 1.3434 (1.3968)  loss_mal_aux_1: 0.9390 (1.2585)  loss_bbox_aux_1: 1.0131 (1.0107)  loss_giou_aux_1: 1.3930 (1.4225)  loss_mal_pre: 0.7617 (0.9839)  loss_bbox_pre: 1.2411 (1.2583)  loss_giou_pre: 1.3481 (1.4199)  loss_mal_enc_0: 0.7046 (0.8369)  loss_bbox_enc_0: 1.4487 (1.4773)  loss_giou_enc_0: 1.5703 (1.4958)  loss_mal_dn_0: 1.0430 (1.1125)  loss_bbox_dn_0: 0.9671 (1.0371)  loss_giou_dn_0: 1.3562 (1.3701)  loss_mal_dn_1: 1.4561 (1.5331)  loss_bbox_dn_1: 0.8649 (0.9001)  loss_giou_dn_1: 1.2653 (1.2854)  loss_mal_dn_2: 1.6602 (1.6448)  loss_bbox_dn_2: 0.8721 (0.8987)  loss_giou_dn_2: 1.2276 (1.2451)  loss_mal_dn_pre: 1.0742 (1.1259)  loss_bbox_dn_pre: 0.9584 (1.0284)  loss_giou_dn_pre: 1.3465 (1.3664)
Test:  [0/4]  eta: 0:00:02    time: 0.6769  data: 0.6530  max mem: 266
Test:  [3/4]  eta: 0:00:00    time: 0.1974  data: 0.1638  max mem: 266
Test: Total time: 0:00:00 (0.2184 s / it)
Averaged stats: 
Accumulating evaluation results...
COCOeval_opt.accumulate() finished...
DONE (t=0.00s).
IoU metric: bbox
 Average Precision  (AP) @[ IoU=0.50:0.95 | area=   all | maxDets=100 ] = 0.004
 Average Precision  (AP) @[ IoU=0.50      | area=   all | maxDets=100 ] = 0.011
 Average Precision  (AP) @[ IoU=0.75      | area=   all | maxDets=100 ] = 0.002
 Average Precision  (AP) @[ IoU=0.50:0.95 | area= small | maxDets=100 ] = -1.000
 Average Precision  (AP) @[ IoU=0.50:0.95 | area=medium | maxDets=100 ] = -1.000
 Average Precision  (AP) @[ IoU=0.50:0.95 | area= large | maxDets=100 ] = 0.004
 Average Recall     (AR) @[ IoU=0.50:0.95 | area=   all | maxDets=  1 ] = 0.000
 Average Recall     (AR) @[ IoU=0.50:0.95 | area=   all | maxDets= 10 ] = 0.040
 Average Recall     (AR) @[ IoU=0.50:0.95 | area=   all | maxDets=100 ] = 0.360
 Average Recall     (AR) @[ IoU=0.50:0.95 | area= small | maxDets=100 ] = -1.000
 Average Recall     (AR) @[ IoU=0.50:0.95 | area=medium | maxDets=100 ] = -1.000
 Average Recall     (AR) @[ IoU=0.50:0.95 | area= large | maxDets=100 ] = 0.360
 Average Recall     (AR) @[ IoU=0.50      | area=   all | maxDets=100 ] = 0.700
 Average Recall     (AR) @[ IoU=0.75      | area=   all | maxDets=100 ] = 0.367
best_stat: {'epoch': 16, 'coco_eval_bbox': 0.01995939432448158}
Epoch: [28]  [0/8]  eta: 0:00:09  lr: 0.000003  loss: 32.6083 (32.6083)  loss_mal: 1.8818 (1.8818)  loss_bbox: 0.8856 (0.8856)  loss_giou: 1.1273 (1.1273)  loss_mal_aux_0: 1.0166 (1.0166)  loss_bbox_aux_0: 1.1269 (1.1269)  loss_giou_aux_0: 1.3753 (1.3753)  loss_mal_aux_1: 1.3555 (1.3555)  loss_bbox_aux_1: 0.8976 (0.8976)  loss_giou_aux_1: 1.3018 (1.3018)  loss_mal_pre: 1.1064 (1.1064)  loss_bbox_pre: 1.2432 (1.2432)  loss_giou_pre: 1.3193 (1.3193)  loss_mal_enc_0: 1.0107 (1.0107)  loss_bbox_enc_0: 1.4983 (1.4983)  loss_giou_enc_0: 1.3637 (1.3637)  loss_mal_dn_0: 1.2334 (1.2334)  loss_bbox_dn_0: 0.8405 (0.8405)  loss_giou_dn_0: 1.2862 (1.2862)  loss_mal_dn_1: 1.6582 (1.6582)  loss_bbox_dn_1: 0.7870 (0.7870)  loss_giou_dn_1: 1.2116 (1.2116)  loss_mal_dn_2: 1.7148 (1.7148)  loss_bbox_dn_2: 0.7877 (0.7877)  loss_giou_dn_2: 1.1885 (1.1885)  loss_mal_dn_pre: 1.2754 (1.2754)  loss_bbox_dn_pre: 0.8335 (0.8335)  loss_giou_dn_pre: 1.2813 (1.2813)  time: 1.1936  data: 1.0807  max mem: 266
Epoch: [28]  [7/8]  eta: 0:00:00  lr: 0.000003  loss: 33.3354 (33.6112)  loss_mal: 1.4697 (1.5299)  loss_bbox: 0.9582 (1.0338)  loss_giou: 1.2477 (1.2967)  loss_mal_aux_0: 1.0166 (1.1152)  loss_bbox_aux_0: 1.0996 (1.1832)  loss_giou_aux_0: 1.3753 (1.3779)  loss_mal_aux_1: 1.3555 (1.3937)  loss_bbox_aux_1: 0.9099 (1.0314)  loss_giou_aux_1: 1.3290 (1.3381)  loss_mal_pre: 1.0947 (1.1427)  loss_bbox_pre: 1.1536 (1.2283)  loss_giou_pre: 1.3193 (1.3626)  loss_mal_enc_0: 1.0107 (1.0710)  loss_bbox_enc_0: 1.3362 (1.3446)  loss_giou_enc_0: 1.3637 (1.3713)  loss_mal_dn_0: 1.1504 (1.1288)  loss_bbox_dn_0: 0.9868 (1.0869)  loss_giou_dn_0: 1.3366 (1.3585)  loss_mal_dn_1: 1.5967 (1.6055)  loss_bbox_dn_1: 0.8902 (0.9213)  loss_giou_dn_1: 1.2116 (1.2514)  loss_mal_dn_2: 1.7100 (1.7465)  loss_bbox_dn_2: 0.8666 (0.9080)  loss_giou_dn_2: 1.1885 (1.2039)  loss_mal_dn_pre: 1.1846 (1.1481)  loss_bbox_dn_pre: 0.9818 (1.0751)  loss_giou_dn_pre: 1.3374 (1.3567)  time: 0.2578  data: 0.1627  max mem: 266
Epoch: [28] Total time: 0:00:02 (0.2660 s / it)
Averaged stats: lr: 0.000003  loss: 33.3354 (33.6112)  loss_mal: 1.4697 (1.5299)  loss_bbox: 0.9582 (1.0338)  loss_giou: 1.2477 (1.2967)  loss_mal_aux_0: 1.0166 (1.1152)  loss_bbox_aux_0: 1.0996 (1.1832)  loss_giou_aux_0: 1.3753 (1.3779)  loss_mal_aux_1: 1.3555 (1.3937)  loss_bbox_aux_1: 0.9099 (1.0314)  loss_giou_aux_1: 1.3290 (1.3381)  loss_mal_pre: 1.0947 (1.1427)  loss_bbox_pre: 1.1536 (1.2283)  loss_giou_pre: 1.3193 (1.3626)  loss_mal_enc_0: 1.0107 (1.0710)  loss_bbox_enc_0: 1.3362 (1.3446)  loss_giou_enc_0: 1.3637 (1.3713)  loss_mal_dn_0: 1.1504 (1.1288)  loss_bbox_dn_0: 0.9868 (1.0869)  loss_giou_dn_0: 1.3366 (1.3585)  loss_mal_dn_1: 1.5967 (1.6055)  loss_bbox_dn_1: 0.8902 (0.9213)  loss_giou_dn_1: 1.2116 (1.2514)  loss_mal_dn_2: 1.7100 (1.7465)  loss_bbox_dn_2: 0.8666 (0.9080)  loss_giou_dn_2: 1.1885 (1.2039)  loss_mal_dn_pre: 1.1846 (1.1481)  loss_bbox_dn_pre: 0.9818 (1.0751)  loss_giou_dn_pre: 1.3374 (1.3567)
Test:  [0/4]  eta: 0:00:02    time: 0.6633  data: 0.6413  max mem: 266
Test:  [3/4]  eta: 0:00:00    time: 0.1753  data: 0.1611  max mem: 266
Test: Total time: 0:00:00 (0.1928 s / it)
Averaged stats: 
Accumulating evaluation results...
COCOeval_opt.accumulate() finished...
DONE (t=0.00s).
IoU metric: bbox
 Average Precision  (AP) @[ IoU=0.50:0.95 | area=   all | maxDets=100 ] = 0.005
 Average Precision  (AP) @[ IoU=0.50      | area=   all | maxDets=100 ] = 0.013
 Average Precision  (AP) @[ IoU=0.75      | area=   all | maxDets=100 ] = 0.003
 Average Precision  (AP) @[ IoU=0.50:0.95 | area= small | maxDets=100 ] = -1.000
 Average Precision  (AP) @[ IoU=0.50:0.95 | area=medium | maxDets=100 ] = -1.000
 Average Precision  (AP) @[ IoU=0.50:0.95 | area= large | maxDets=100 ] = 0.005
 Average Recall     (AR) @[ IoU=0.50:0.95 | area=   all | maxDets=  1 ] = 0.013
 Average Recall     (AR) @[ IoU=0.50:0.95 | area=   all | maxDets= 10 ] = 0.053
 Average Recall     (AR) @[ IoU=0.50:0.95 | area=   all | maxDets=100 ] = 0.413
 Average Recall     (AR) @[ IoU=0.50:0.95 | area= small | maxDets=100 ] = -1.000
 Average Recall     (AR) @[ IoU=0.50:0.95 | area=medium | maxDets=100 ] = -1.000
 Average Recall     (AR) @[ IoU=0.50:0.95 | area= large | maxDets=100 ] = 0.413
 Average Recall     (AR) @[ IoU=0.50      | area=   all | maxDets=100 ] = 0.800
 Average Recall     (AR) @[ IoU=0.75      | area=   all | maxDets=100 ] = 0.433
best_stat: {'epoch': 16, 'coco_eval_bbox': 0.01995939432448158}
Epoch: [29]  [0/8]  eta: 0:00:05  lr: 0.000003  loss: 32.2675 (32.2675)  loss_mal: 1.6768 (1.6768)  loss_bbox: 0.8897 (0.8897)  loss_giou: 1.2205 (1.2205)  loss_mal_aux_0: 1.2881 (1.2881)  loss_bbox_aux_0: 0.9362 (0.9362)  loss_giou_aux_0: 1.2668 (1.2668)  loss_mal_aux_1: 1.4902 (1.4902)  loss_bbox_aux_1: 0.9200 (0.9200)  loss_giou_aux_1: 1.2958 (1.2958)  loss_mal_pre: 1.3760 (1.3760)  loss_bbox_pre: 0.9486 (0.9486)  loss_giou_pre: 1.2292 (1.2292)  loss_mal_enc_0: 1.2910 (1.2910)  loss_bbox_enc_0: 1.0095 (1.0095)  loss_giou_enc_0: 1.2434 (1.2434)  loss_mal_dn_0: 1.1309 (1.1309)  loss_bbox_dn_0: 0.9174 (0.9174)  loss_giou_dn_0: 1.3612 (1.3612)  loss_mal_dn_1: 1.5752 (1.5752)  loss_bbox_dn_1: 0.7879 (0.7879)  loss_giou_dn_1: 1.2705 (1.2705)  loss_mal_dn_2: 1.7305 (1.7305)  loss_bbox_dn_2: 0.7904 (0.7904)  loss_giou_dn_2: 1.2233 (1.2233)  loss_mal_dn_pre: 1.1328 (1.1328)  loss_bbox_dn_pre: 0.9066 (0.9066)  loss_giou_dn_pre: 1.3591 (1.3591)  time: 0.6597  data: 0.5578  max mem: 266
Epoch: [29]  [7/8]  eta: 0:00:00  lr: 0.000004  loss: 34.2419 (34.3390)  loss_mal: 1.6768 (1.8174)  loss_bbox: 0.8839 (0.9374)  loss_giou: 1.0822 (1.1722)  loss_mal_aux_0: 1.2881 (1.3411)  loss_bbox_aux_0: 0.9682 (1.0763)  loss_giou_aux_0: 1.2385 (1.2445)  loss_mal_aux_1: 1.5713 (1.6766)  loss_bbox_aux_1: 0.9063 (0.9402)  loss_giou_aux_1: 1.2141 (1.2172)  loss_mal_pre: 1.2041 (1.3467)  loss_bbox_pre: 0.9486 (1.1093)  loss_giou_pre: 1.2292 (1.2447)  loss_mal_enc_0: 0.8647 (1.1747)  loss_bbox_enc_0: 1.0095 (1.1880)  loss_giou_enc_0: 1.2434 (1.3414)  loss_mal_dn_0: 1.0957 (1.0751)  loss_bbox_dn_0: 1.2076 (1.3259)  loss_giou_dn_0: 1.3599 (1.3865)  loss_mal_dn_1: 1.5752 (1.5352)  loss_bbox_dn_1: 0.9725 (1.1180)  loss_giou_dn_1: 1.2275 (1.2799)  loss_mal_dn_2: 1.6943 (1.6875)  loss_bbox_dn_2: 0.9592 (1.0953)  loss_giou_dn_2: 1.1863 (1.2264)  loss_mal_dn_pre: 1.1328 (1.0956)  loss_bbox_dn_pre: 1.1995 (1.3063)  loss_giou_dn_pre: 1.3523 (1.3795)  time: 0.1772  data: 0.0848  max mem: 266
Epoch: [29] Total time: 0:00:01 (0.1845 s / it)
Averaged stats: lr: 0.000004  loss: 34.2419 (34.3390)  loss_mal: 1.6768 (1.8174)  loss_bbox: 0.8839 (0.9374)  loss_giou: 1.0822 (1.1722)  loss_mal_aux_0: 1.2881 (1.3411)  loss_bbox_aux_0: 0.9682 (1.0763)  loss_giou_aux_0: 1.2385 (1.2445)  loss_mal_aux_1: 1.5713 (1.6766)  loss_bbox_aux_1: 0.9063 (0.9402)  loss_giou_aux_1: 1.2141 (1.2172)  loss_mal_pre: 1.2041 (1.3467)  loss_bbox_pre: 0.9486 (1.1093)  loss_giou_pre: 1.2292 (1.2447)  loss_mal_enc_0: 0.8647 (1.1747)  loss_bbox_enc_0: 1.0095 (1.1880)  loss_giou_enc_0: 1.2434 (1.3414)  loss_mal_dn_0: 1.0957 (1.0751)  loss_bbox_dn_0: 1.2076 (1.3259)  loss_giou_dn_0: 1.3599 (1.3865)  loss_mal_dn_1: 1.5752 (1.5352)  loss_bbox_dn_1: 0.9725 (1.1180)  loss_giou_dn_1: 1.2275 (1.2799)  loss_mal_dn_2: 1.6943 (1.6875)  loss_bbox_dn_2: 0.9592 (1.0953)  loss_giou_dn_2: 1.1863 (1.2264)  loss_mal_dn_pre: 1.1328 (1.0956)  loss_bbox_dn_pre: 1.1995 (1.3063)  loss_giou_dn_pre: 1.3523 (1.3795)
Test:  [0/4]  eta: 0:00:02    time: 0.6357  data: 0.6185  max mem: 266
Test:  [3/4]  eta: 0:00:00    time: 0.1676  data: 0.1552  max mem: 266
Test: Total time: 0:00:00 (0.1851 s / it)
Averaged stats: 
Accumulating evaluation results...
COCOeval_opt.accumulate() finished...
DONE (t=0.00s).
IoU metric: bbox
 Average Precision  (AP) @[ IoU=0.50:0.95 | area=   all | maxDets=100 ] = 0.007
 Average Precision  (AP) @[ IoU=0.50      | area=   all | maxDets=100 ] = 0.023
 Average Precision  (AP) @[ IoU=0.75      | area=   all | maxDets=100 ] = 0.003
 Average Precision  (AP) @[ IoU=0.50:0.95 | area= small | maxDets=100 ] = -1.000
 Average Precision  (AP) @[ IoU=0.50:0.95 | area=medium | maxDets=100 ] = -1.000
 Average Precision  (AP) @[ IoU=0.50:0.95 | area= large | maxDets=100 ] = 0.007
 Average Recall     (AR) @[ IoU=0.50:0.95 | area=   all | maxDets=  1 ] = 0.017
 Average Recall     (AR) @[ IoU=0.50:0.95 | area=   all | maxDets= 10 ] = 0.053
 Average Recall     (AR) @[ IoU=0.50:0.95 | area=   all | maxDets=100 ] = 0.400
 Average Recall     (AR) @[ IoU=0.50:0.95 | area= small | maxDets=100 ] = -1.000
 Average Recall     (AR) @[ IoU=0.50:0.95 | area=medium | maxDets=100 ] = -1.000
 Average Recall     (AR) @[ IoU=0.50:0.95 | area= large | maxDets=100 ] = 0.400
 Average Recall     (AR) @[ IoU=0.50      | area=   all | maxDets=100 ] = 0.833
 Average Recall     (AR) @[ IoU=0.75      | area=   all | maxDets=100 ] = 0.333
best_stat: {'epoch': 16, 'coco_eval_bbox': 0.01995939432448158}
Epoch: [30]  [0/8]  eta: 0:00:03  lr: 0.000004  loss: 32.5706 (32.5706)  loss_mal: 1.2686 (1.2686)  loss_bbox: 1.0926 (1.0926)  loss_giou: 1.4076 (1.4076)  loss_mal_aux_0: 0.8418 (0.8418)  loss_bbox_aux_0: 1.3094 (1.3094)  loss_giou_aux_0: 1.4654 (1.4654)  loss_mal_aux_1: 1.0889 (1.0889)  loss_bbox_aux_1: 1.1530 (1.1530)  loss_giou_aux_1: 1.4096 (1.4096)  loss_mal_pre: 0.7778 (0.7778)  loss_bbox_pre: 1.3627 (1.3627)  loss_giou_pre: 1.5005 (1.5005)  loss_mal_enc_0: 0.7104 (0.7104)  loss_bbox_enc_0: 1.5477 (1.5477)  loss_giou_enc_0: 1.5169 (1.5169)  loss_mal_dn_0: 1.1934 (1.1934)  loss_bbox_dn_0: 0.8761 (0.8761)  loss_giou_dn_0: 1.3036 (1.3036)  loss_mal_dn_1: 1.7246 (1.7246)  loss_bbox_dn_1: 0.7152 (0.7152)  loss_giou_dn_1: 1.1990 (1.1990)  loss_mal_dn_2: 1.8457 (1.8457)  loss_bbox_dn_2: 0.7271 (0.7271)  loss_giou_dn_2: 1.1567 (1.1567)  loss_mal_dn_pre: 1.2148 (1.2148)  loss_bbox_dn_pre: 0.8630 (0.8630)  loss_giou_dn_pre: 1.2985 (1.2985)  time: 0.3986  data: 0.3028  max mem: 266
Epoch: [30]  [7/8]  eta: 0:00:00  lr: 0.000004  loss: 33.5483 (34.5389)  loss_mal: 1.6221 (1.7585)  loss_bbox: 1.0529 (1.0190)  loss_giou: 1.2377 (1.2187)  loss_mal_aux_0: 1.2578 (1.3099)  loss_bbox_aux_0: 1.1178 (1.1640)  loss_giou_aux_0: 1.2660 (1.3009)  loss_mal_aux_1: 1.6318 (1.6878)  loss_bbox_aux_1: 0.9958 (0.9946)  loss_giou_aux_1: 1.2228 (1.2440)  loss_mal_pre: 1.2744 (1.3037)  loss_bbox_pre: 1.1315 (1.1812)  loss_giou_pre: 1.2825 (1.3070)  loss_mal_enc_0: 1.0498 (1.1499)  loss_bbox_enc_0: 1.3072 (1.3216)  loss_giou_enc_0: 1.3506 (1.3848)  loss_mal_dn_0: 1.1484 (1.1664)  loss_bbox_dn_0: 1.0311 (1.1661)  loss_giou_dn_0: 1.3036 (1.3367)  loss_mal_dn_1: 1.6465 (1.6901)  loss_bbox_dn_1: 0.9025 (0.9829)  loss_giou_dn_1: 1.2149 (1.2175)  loss_mal_dn_2: 1.7881 (1.8488)  loss_bbox_dn_2: 0.8779 (0.9541)  loss_giou_dn_2: 1.1782 (1.1610)  loss_mal_dn_pre: 1.1465 (1.1792)  loss_bbox_dn_pre: 1.0005 (1.1557)  loss_giou_dn_pre: 1.3028 (1.3348)  time: 0.2040  data: 0.1294  max mem: 266
Epoch: [30] Total time: 0:00:01 (0.2111 s / it)
Averaged stats: lr: 0.000004  loss: 33.5483 (34.5389)  loss_mal: 1.6221 (1.7585)  loss_bbox: 1.0529 (1.0190)  loss_giou: 1.2377 (1.2187)  loss_mal_aux_0: 1.2578 (1.3099)  loss_bbox_aux_0: 1.1178 (1.1640)  loss_giou_aux_0: 1.2660 (1.3009)  loss_mal_aux_1: 1.6318 (1.6878)  loss_bbox_aux_1: 0.9958 (0.9946)  loss_giou_aux_1: 1.2228 (1.2440)  loss_mal_pre: 1.2744 (1.3037)  loss_bbox_pre: 1.1315 (1.1812)  loss_giou_pre: 1.2825 (1.3070)  loss_mal_enc_0: 1.0498 (1.1499)  loss_bbox_enc_0: 1.3072 (1.3216)  loss_giou_enc_0: 1.3506 (1.3848)  loss_mal_dn_0: 1.1484 (1.1664)  loss_bbox_dn_0: 1.0311 (1.1661)  loss_giou_dn_0: 1.3036 (1.3367)  loss_mal_dn_1: 1.6465 (1.6901)  loss_bbox_dn_1: 0.9025 (0.9829)  loss_giou_dn_1: 1.2149 (1.2175)  loss_mal_dn_2: 1.7881 (1.8488)  loss_bbox_dn_2: 0.8779 (0.9541)  loss_giou_dn_2: 1.1782 (1.1610)  loss_mal_dn_pre: 1.1465 (1.1792)  loss_bbox_dn_pre: 1.0005 (1.1557)  loss_giou_dn_pre: 1.3028 (1.3348)
Test:  [0/4]  eta: 0:00:02    time: 0.6348  data: 0.6125  max mem: 266
Test:  [3/4]  eta: 0:00:00    time: 0.1780  data: 0.1537  max mem: 266
Test: Total time: 0:00:00 (0.1985 s / it)
Averaged stats: 
Accumulating evaluation results...
COCOeval_opt.accumulate() finished...
DONE (t=0.00s).
IoU metric: bbox
 Average Precision  (AP) @[ IoU=0.50:0.95 | area=   all | maxDets=100 ] = 0.007
 Average Precision  (AP) @[ IoU=0.50      | area=   all | maxDets=100 ] = 0.026
 Average Precision  (AP) @[ IoU=0.75      | area=   all | maxDets=100 ] = 0.003
 Average Precision  (AP) @[ IoU=0.50:0.95 | area= small | maxDets=100 ] = -1.000
 Average Precision  (AP) @[ IoU=0.50:0.95 | area=medium | maxDets=100 ] = -1.000
 Average Precision  (AP) @[ IoU=0.50:0.95 | area= large | maxDets=100 ] = 0.007
 Average Recall     (AR) @[ IoU=0.50:0.95 | area=   all | maxDets=  1 ] = 0.020
 Average Recall     (AR) @[ IoU=0.50:0.95 | area=   all | maxDets= 10 ] = 0.083
 Average Recall     (AR) @[ IoU=0.50:0.95 | area=   all | maxDets=100 ] = 0.403
 Average Recall     (AR) @[ IoU=0.50:0.95 | area= small | maxDets=100 ] = -1.000
 Average Recall     (AR) @[ IoU=0.50:0.95 | area=medium | maxDets=100 ] = -1.000
 Average Recall     (AR) @[ IoU=0.50:0.95 | area= large | maxDets=100 ] = 0.403
 Average Recall     (AR) @[ IoU=0.50      | area=   all | maxDets=100 ] = 0.700
 Average Recall     (AR) @[ IoU=0.75      | area=   all | maxDets=100 ] = 0.400
best_stat: {'epoch': 16, 'coco_eval_bbox': 0.01995939432448158}
Epoch: [31]  [0/8]  eta: 0:00:09  lr: 0.000004  loss: 30.8189 (30.8189)  loss_mal: 0.3242 (0.3242)  loss_bbox: 1.5002 (1.5002)  loss_giou: 1.7886 (1.7886)  loss_mal_aux_0: 0.2086 (0.2086)  loss_bbox_aux_0: 1.5181 (1.5181)  loss_giou_aux_0: 1.8714 (1.8714)  loss_mal_aux_1: 0.2593 (0.2593)  loss_bbox_aux_1: 1.3917 (1.3917)  loss_giou_aux_1: 1.8723 (1.8723)  loss_mal_pre: 0.2272 (0.2272)  loss_bbox_pre: 1.5100 (1.5100)  loss_giou_pre: 1.8660 (1.8660)  loss_mal_enc_0: 0.1672 (0.1672)  loss_bbox_enc_0: 1.6386 (1.6386)  loss_giou_enc_0: 1.9415 (1.9415)  loss_mal_dn_0: 1.0420 (1.0420)  loss_bbox_dn_0: 0.6163 (0.6163)  loss_giou_dn_0: 1.4135 (1.4135)  loss_mal_dn_1: 1.2705 (1.2705)  loss_bbox_dn_1: 0.5977 (0.5977)  loss_giou_dn_1: 1.4079 (1.4079)  loss_mal_dn_2: 1.2578 (1.2578)  loss_bbox_dn_2: 0.6359 (0.6359)  loss_giou_dn_2: 1.4091 (1.4091)  loss_mal_dn_pre: 1.0547 (1.0547)  loss_bbox_dn_pre: 0.6115 (0.6115)  loss_giou_dn_pre: 1.4172 (1.4172)  time: 1.1451  data: 1.0530  max mem: 266
Epoch: [31]  [7/8]  eta: 0:00:00  lr: 0.000004  loss: 32.7062 (32.9524)  loss_mal: 0.7041 (1.0980)  loss_bbox: 1.1249 (1.2355)  loss_giou: 1.4589 (1.4896)  loss_mal_aux_0: 0.5615 (0.7974)  loss_bbox_aux_0: 1.3153 (1.3510)  loss_giou_aux_0: 1.5706 (1.5515)  loss_mal_aux_1: 0.7036 (1.0081)  loss_bbox_aux_1: 1.2605 (1.2159)  loss_giou_aux_1: 1.4328 (1.5413)  loss_mal_pre: 0.5771 (0.8148)  loss_bbox_pre: 1.3849 (1.3961)  loss_giou_pre: 1.5911 (1.5443)  loss_mal_enc_0: 0.4358 (0.7126)  loss_bbox_enc_0: 1.5786 (1.5478)  loss_giou_enc_0: 1.5901 (1.6121)  loss_mal_dn_0: 1.0010 (1.0491)  loss_bbox_dn_0: 0.8269 (0.9453)  loss_giou_dn_0: 1.4087 (1.3894)  loss_mal_dn_1: 1.3320 (1.4268)  loss_bbox_dn_1: 0.7708 (0.8592)  loss_giou_dn_1: 1.3076 (1.3165)  loss_mal_dn_2: 1.4463 (1.5088)  loss_bbox_dn_2: 0.7757 (0.8596)  loss_giou_dn_2: 1.3183 (1.2900)  loss_mal_dn_pre: 1.0273 (1.0718)  loss_bbox_dn_pre: 0.8041 (0.9315)  loss_giou_dn_pre: 1.3963 (1.3885)  time: 0.2349  data: 0.1539  max mem: 266
Epoch: [31] Total time: 0:00:01 (0.2423 s / it)
Averaged stats: lr: 0.000004  loss: 32.7062 (32.9524)  loss_mal: 0.7041 (1.0980)  loss_bbox: 1.1249 (1.2355)  loss_giou: 1.4589 (1.4896)  loss_mal_aux_0: 0.5615 (0.7974)  loss_bbox_aux_0: 1.3153 (1.3510)  loss_giou_aux_0: 1.5706 (1.5515)  loss_mal_aux_1: 0.7036 (1.0081)  loss_bbox_aux_1: 1.2605 (1.2159)  loss_giou_aux_1: 1.4328 (1.5413)  loss_mal_pre: 0.5771 (0.8148)  loss_bbox_pre: 1.3849 (1.3961)  loss_giou_pre: 1.5911 (1.5443)  loss_mal_enc_0: 0.4358 (0.7126)  loss_bbox_enc_0: 1.5786 (1.5478)  loss_giou_enc_0: 1.5901 (1.6121)  loss_mal_dn_0: 1.0010 (1.0491)  loss_bbox_dn_0: 0.8269 (0.9453)  loss_giou_dn_0: 1.4087 (1.3894)  loss_mal_dn_1: 1.3320 (1.4268)  loss_bbox_dn_1: 0.7708 (0.8592)  loss_giou_dn_1: 1.3076 (1.3165)  loss_mal_dn_2: 1.4463 (1.5088)  loss_bbox_dn_2: 0.7757 (0.8596)  loss_giou_dn_2: 1.3183 (1.2900)  loss_mal_dn_pre: 1.0273 (1.0718)  loss_bbox_dn_pre: 0.8041 (0.9315)  loss_giou_dn_pre: 1.3963 (1.3885)
Test:  [0/4]  eta: 0:00:02    time: 0.7051  data: 0.6876  max mem: 266
Test:  [3/4]  eta: 0:00:00    time: 0.2232  data: 0.1725  max mem: 266
Test: Total time: 0:00:00 (0.2408 s / it)
Averaged stats: 
Accumulating evaluation results...
COCOeval_opt.accumulate() finished...
DONE (t=0.00s).
IoU metric: bbox
 Average Precision  (AP) @[ IoU=0.50:0.95 | area=   all | maxDets=100 ] = 0.004
 Average Precision  (AP) @[ IoU=0.50      | area=   all | maxDets=100 ] = 0.016
 Average Precision  (AP) @[ IoU=0.75      | area=   all | maxDets=100 ] = 0.001
 Average Precision  (AP) @[ IoU=0.50:0.95 | area= small | maxDets=100 ] = -1.000
 Average Precision  (AP) @[ IoU=0.50:0.95 | area=medium | maxDets=100 ] = -1.000
 Average Precision  (AP) @[ IoU=0.50:0.95 | area= large | maxDets=100 ] = 0.004
 Average Recall     (AR) @[ IoU=0.50:0.95 | area=   all | maxDets=  1 ] = 0.000
 Average Recall     (AR) @[ IoU=0.50:0.95 | area=   all | maxDets= 10 ] = 0.033
 Average Recall     (AR) @[ IoU=0.50:0.95 | area=   all | maxDets=100 ] = 0.353
 Average Recall     (AR) @[ IoU=0.50:0.95 | area= small | maxDets=100 ] = -1.000
 Average Recall     (AR) @[ IoU=0.50:0.95 | area=medium | maxDets=100 ] = -1.000
 Average Recall     (AR) @[ IoU=0.50:0.95 | area= large | maxDets=100 ] = 0.353
 Average Recall     (AR) @[ IoU=0.50      | area=   all | maxDets=100 ] = 0.700
 Average Recall     (AR) @[ IoU=0.75      | area=   all | maxDets=100 ] = 0.267
best_stat: {'epoch': 16, 'coco_eval_bbox': 0.01995939432448158}
Epoch: [32]  [0/8]  eta: 0:00:05  lr: 0.000004  loss: 33.3728 (33.3728)  loss_mal: 1.4717 (1.4717)  loss_bbox: 0.7819 (0.7819)  loss_giou: 1.4518 (1.4518)  loss_mal_aux_0: 1.2959 (1.2959)  loss_bbox_aux_0: 0.9859 (0.9859)  loss_giou_aux_0: 1.3669 (1.3669)  loss_mal_aux_1: 1.5400 (1.5400)  loss_bbox_aux_1: 0.6335 (0.6335)  loss_giou_aux_1: 1.4815 (1.4815)  loss_mal_pre: 1.3008 (1.3008)  loss_bbox_pre: 1.1895 (1.1895)  loss_giou_pre: 1.2868 (1.2868)  loss_mal_enc_0: 1.0107 (1.0107)  loss_bbox_enc_0: 1.4281 (1.4281)  loss_giou_enc_0: 1.4030 (1.4030)  loss_mal_dn_0: 1.0635 (1.0635)  loss_bbox_dn_0: 1.0917 (1.0917)  loss_giou_dn_0: 1.4147 (1.4147)  loss_mal_dn_1: 1.6582 (1.6582)  loss_bbox_dn_1: 0.8721 (0.8721)  loss_giou_dn_1: 1.2406 (1.2406)  loss_mal_dn_2: 1.8574 (1.8574)  loss_bbox_dn_2: 0.8092 (0.8092)  loss_giou_dn_2: 1.1603 (1.1603)  loss_mal_dn_pre: 1.0811 (1.0811)  loss_bbox_dn_pre: 1.0817 (1.0817)  loss_giou_dn_pre: 1.4144 (1.4144)  time: 0.6310  data: 0.5360  max mem: 266
Epoch: [32]  [7/8]  eta: 0:00:00  lr: 0.000004  loss: 33.2937 (33.4495)  loss_mal: 1.1299 (1.3945)  loss_bbox: 0.8418 (1.0078)  loss_giou: 1.4518 (1.3919)  loss_mal_aux_0: 0.7671 (1.0834)  loss_bbox_aux_0: 0.9859 (1.2134)  loss_giou_aux_0: 1.3669 (1.4041)  loss_mal_aux_1: 1.0195 (1.3195)  loss_bbox_aux_1: 0.8958 (1.0153)  loss_giou_aux_1: 1.4815 (1.4300)  loss_mal_pre: 0.7803 (1.0558)  loss_bbox_pre: 1.1652 (1.2981)  loss_giou_pre: 1.3712 (1.4079)  loss_mal_enc_0: 0.7725 (0.9008)  loss_bbox_enc_0: 1.1664 (1.3437)  loss_giou_enc_0: 1.4030 (1.4813)  loss_mal_dn_0: 1.0830 (1.1220)  loss_bbox_dn_0: 1.0738 (1.0693)  loss_giou_dn_0: 1.3736 (1.3648)  loss_mal_dn_1: 1.5918 (1.6144)  loss_bbox_dn_1: 0.8657 (0.8851)  loss_giou_dn_1: 1.2406 (1.2504)  loss_mal_dn_2: 1.7354 (1.7764)  loss_bbox_dn_2: 0.8019 (0.8709)  loss_giou_dn_2: 1.1968 (1.1967)  loss_mal_dn_pre: 1.1025 (1.1379)  loss_bbox_dn_pre: 1.0428 (1.0522)  loss_giou_dn_pre: 1.3731 (1.3620)  time: 0.1899  data: 0.1041  max mem: 266
Epoch: [32] Total time: 0:00:01 (0.1980 s / it)
Averaged stats: lr: 0.000004  loss: 33.2937 (33.4495)  loss_mal: 1.1299 (1.3945)  loss_bbox: 0.8418 (1.0078)  loss_giou: 1.4518 (1.3919)  loss_mal_aux_0: 0.7671 (1.0834)  loss_bbox_aux_0: 0.9859 (1.2134)  loss_giou_aux_0: 1.3669 (1.4041)  loss_mal_aux_1: 1.0195 (1.3195)  loss_bbox_aux_1: 0.8958 (1.0153)  loss_giou_aux_1: 1.4815 (1.4300)  loss_mal_pre: 0.7803 (1.0558)  loss_bbox_pre: 1.1652 (1.2981)  loss_giou_pre: 1.3712 (1.4079)  loss_mal_enc_0: 0.7725 (0.9008)  loss_bbox_enc_0: 1.1664 (1.3437)  loss_giou_enc_0: 1.4030 (1.4813)  loss_mal_dn_0: 1.0830 (1.1220)  loss_bbox_dn_0: 1.0738 (1.0693)  loss_giou_dn_0: 1.3736 (1.3648)  loss_mal_dn_1: 1.5918 (1.6144)  loss_bbox_dn_1: 0.8657 (0.8851)  loss_giou_dn_1: 1.2406 (1.2504)  loss_mal_dn_2: 1.7354 (1.7764)  loss_bbox_dn_2: 0.8019 (0.8709)  loss_giou_dn_2: 1.1968 (1.1967)  loss_mal_dn_pre: 1.1025 (1.1379)  loss_bbox_dn_pre: 1.0428 (1.0522)  loss_giou_dn_pre: 1.3731 (1.3620)
Test:  [0/4]  eta: 0:00:02    time: 0.7167  data: 0.6977  max mem: 266
Test:  [3/4]  eta: 0:00:00    time: 0.1907  data: 0.1750  max mem: 266
Test: Total time: 0:00:00 (0.2118 s / it)
Averaged stats: 
Accumulating evaluation results...
COCOeval_opt.accumulate() finished...
DONE (t=0.00s).
IoU metric: bbox
 Average Precision  (AP) @[ IoU=0.50:0.95 | area=   all | maxDets=100 ] = 0.008
 Average Precision  (AP) @[ IoU=0.50      | area=   all | maxDets=100 ] = 0.026
 Average Precision  (AP) @[ IoU=0.75      | area=   all | maxDets=100 ] = 0.007
 Average Precision  (AP) @[ IoU=0.50:0.95 | area= small | maxDets=100 ] = -1.000
 Average Precision  (AP) @[ IoU=0.50:0.95 | area=medium | maxDets=100 ] = -1.000
 Average Precision  (AP) @[ IoU=0.50:0.95 | area= large | maxDets=100 ] = 0.008
 Average Recall     (AR) @[ IoU=0.50:0.95 | area=   all | maxDets=  1 ] = 0.000
 Average Recall     (AR) @[ IoU=0.50:0.95 | area=   all | maxDets= 10 ] = 0.060
 Average Recall     (AR) @[ IoU=0.50:0.95 | area=   all | maxDets=100 ] = 0.383
 Average Recall     (AR) @[ IoU=0.50:0.95 | area= small | maxDets=100 ] = -1.000
 Average Recall     (AR) @[ IoU=0.50:0.95 | area=medium | maxDets=100 ] = -1.000
 Average Recall     (AR) @[ IoU=0.50:0.95 | area= large | maxDets=100 ] = 0.383
 Average Recall     (AR) @[ IoU=0.50      | area=   all | maxDets=100 ] = 0.833
 Average Recall     (AR) @[ IoU=0.75      | area=   all | maxDets=100 ] = 0.333
best_stat: {'epoch': 16, 'coco_eval_bbox': 0.01995939432448158}
Epoch: [33]  [0/8]  eta: 0:00:03  lr: 0.000004  loss: 33.1235 (33.1235)  loss_mal: 1.6016 (1.6016)  loss_bbox: 1.0982 (1.0982)  loss_giou: 1.2562 (1.2562)  loss_mal_aux_0: 1.1553 (1.1553)  loss_bbox_aux_0: 1.1954 (1.1954)  loss_giou_aux_0: 1.3166 (1.3166)  loss_mal_aux_1: 1.4258 (1.4258)  loss_bbox_aux_1: 1.1242 (1.1242)  loss_giou_aux_1: 1.2830 (1.2830)  loss_mal_pre: 1.1709 (1.1709)  loss_bbox_pre: 1.2271 (1.2271)  loss_giou_pre: 1.3266 (1.3266)  loss_mal_enc_0: 0.8711 (0.8711)  loss_bbox_enc_0: 1.4980 (1.4980)  loss_giou_enc_0: 1.4547 (1.4547)  loss_mal_dn_0: 1.0938 (1.0938)  loss_bbox_dn_0: 0.9455 (0.9455)  loss_giou_dn_0: 1.3536 (1.3536)  loss_mal_dn_1: 1.5537 (1.5537)  loss_bbox_dn_1: 0.8059 (0.8059)  loss_giou_dn_1: 1.2586 (1.2586)  loss_mal_dn_2: 1.6416 (1.6416)  loss_bbox_dn_2: 0.8139 (0.8139)  loss_giou_dn_2: 1.2381 (1.2381)  loss_mal_dn_pre: 1.1133 (1.1133)  loss_bbox_dn_pre: 0.9443 (0.9443)  loss_giou_dn_pre: 1.3567 (1.3567)  time: 0.4341  data: 0.3124  max mem: 266
Epoch: [33]  [7/8]  eta: 0:00:00  lr: 0.000005  loss: 33.9551 (34.7088)  loss_mal: 1.6465 (1.7073)  loss_bbox: 1.0982 (1.1036)  loss_giou: 1.1247 (1.2351)  loss_mal_aux_0: 1.2910 (1.2540)  loss_bbox_aux_0: 1.1863 (1.2431)  loss_giou_aux_0: 1.2421 (1.3194)  loss_mal_aux_1: 1.5176 (1.5525)  loss_bbox_aux_1: 1.1242 (1.1324)  loss_giou_aux_1: 1.2025 (1.2973)  loss_mal_pre: 1.2324 (1.2819)  loss_bbox_pre: 1.1819 (1.2722)  loss_giou_pre: 1.2379 (1.3121)  loss_mal_enc_0: 1.1211 (1.1144)  loss_bbox_enc_0: 1.2555 (1.3834)  loss_giou_enc_0: 1.2868 (1.3922)  loss_mal_dn_0: 1.1621 (1.1941)  loss_bbox_dn_0: 0.9455 (1.1348)  loss_giou_dn_0: 1.2995 (1.3127)  loss_mal_dn_1: 1.5967 (1.6754)  loss_bbox_dn_1: 0.8404 (0.9937)  loss_giou_dn_1: 1.2252 (1.2148)  loss_mal_dn_2: 1.7871 (1.8331)  loss_bbox_dn_2: 0.8321 (0.9543)  loss_giou_dn_2: 1.1795 (1.1634)  loss_mal_dn_pre: 1.2090 (1.2166)  loss_bbox_dn_pre: 0.9443 (1.1067)  loss_giou_dn_pre: 1.2926 (1.3082)  time: 0.2092  data: 0.1349  max mem: 266
Epoch: [33] Total time: 0:00:01 (0.2166 s / it)
Averaged stats: lr: 0.000005  loss: 33.9551 (34.7088)  loss_mal: 1.6465 (1.7073)  loss_bbox: 1.0982 (1.1036)  loss_giou: 1.1247 (1.2351)  loss_mal_aux_0: 1.2910 (1.2540)  loss_bbox_aux_0: 1.1863 (1.2431)  loss_giou_aux_0: 1.2421 (1.3194)  loss_mal_aux_1: 1.5176 (1.5525)  loss_bbox_aux_1: 1.1242 (1.1324)  loss_giou_aux_1: 1.2025 (1.2973)  loss_mal_pre: 1.2324 (1.2819)  loss_bbox_pre: 1.1819 (1.2722)  loss_giou_pre: 1.2379 (1.3121)  loss_mal_enc_0: 1.1211 (1.1144)  loss_bbox_enc_0: 1.2555 (1.3834)  loss_giou_enc_0: 1.2868 (1.3922)  loss_mal_dn_0: 1.1621 (1.1941)  loss_bbox_dn_0: 0.9455 (1.1348)  loss_giou_dn_0: 1.2995 (1.3127)  loss_mal_dn_1: 1.5967 (1.6754)  loss_bbox_dn_1: 0.8404 (0.9937)  loss_giou_dn_1: 1.2252 (1.2148)  loss_mal_dn_2: 1.7871 (1.8331)  loss_bbox_dn_2: 0.8321 (0.9543)  loss_giou_dn_2: 1.1795 (1.1634)  loss_mal_dn_pre: 1.2090 (1.2166)  loss_bbox_dn_pre: 0.9443 (1.1067)  loss_giou_dn_pre: 1.2926 (1.3082)
Test:  [0/4]  eta: 0:00:02    time: 0.6573  data: 0.6378  max mem: 266
Test:  [3/4]  eta: 0:00:00    time: 0.1759  data: 0.1602  max mem: 266
Test: Total time: 0:00:00 (0.1957 s / it)
Averaged stats: 
Accumulating evaluation results...
COCOeval_opt.accumulate() finished...
DONE (t=0.00s).
IoU metric: bbox
 Average Precision  (AP) @[ IoU=0.50:0.95 | area=   all | maxDets=100 ] = 0.010
 Average Precision  (AP) @[ IoU=0.50      | area=   all | maxDets=100 ] = 0.019
 Average Precision  (AP) @[ IoU=0.75      | area=   all | maxDets=100 ] = 0.011
 Average Precision  (AP) @[ IoU=0.50:0.95 | area= small | maxDets=100 ] = -1.000
 Average Precision  (AP) @[ IoU=0.50:0.95 | area=medium | maxDets=100 ] = -1.000
 Average Precision  (AP) @[ IoU=0.50:0.95 | area= large | maxDets=100 ] = 0.010
 Average Recall     (AR) @[ IoU=0.50:0.95 | area=   all | maxDets=  1 ] = 0.023
 Average Recall     (AR) @[ IoU=0.50:0.95 | area=   all | maxDets= 10 ] = 0.063
 Average Recall     (AR) @[ IoU=0.50:0.95 | area=   all | maxDets=100 ] = 0.353
 Average Recall     (AR) @[ IoU=0.50:0.95 | area= small | maxDets=100 ] = -1.000
 Average Recall     (AR) @[ IoU=0.50:0.95 | area=medium | maxDets=100 ] = -1.000
 Average Recall     (AR) @[ IoU=0.50:0.95 | area= large | maxDets=100 ] = 0.353
 Average Recall     (AR) @[ IoU=0.50      | area=   all | maxDets=100 ] = 0.733
 Average Recall     (AR) @[ IoU=0.75      | area=   all | maxDets=100 ] = 0.333
best_stat: {'epoch': 16, 'coco_eval_bbox': 0.01995939432448158}
Epoch: [34]  [0/8]  eta: 0:00:06  lr: 0.000005  loss: 33.1456 (33.1456)  loss_mal: 1.4160 (1.4160)  loss_bbox: 1.1043 (1.1043)  loss_giou: 1.3265 (1.3265)  loss_mal_aux_0: 1.0127 (1.0127)  loss_bbox_aux_0: 1.1803 (1.1803)  loss_giou_aux_0: 1.4620 (1.4620)  loss_mal_aux_1: 1.3760 (1.3760)  loss_bbox_aux_1: 1.0575 (1.0575)  loss_giou_aux_1: 1.3386 (1.3386)  loss_mal_pre: 1.0527 (1.0527)  loss_bbox_pre: 1.1877 (1.1877)  loss_giou_pre: 1.4423 (1.4423)  loss_mal_enc_0: 0.8623 (0.8623)  loss_bbox_enc_0: 1.4274 (1.4274)  loss_giou_enc_0: 1.4680 (1.4680)  loss_mal_dn_0: 1.1387 (1.1387)  loss_bbox_dn_0: 1.0347 (1.0347)  loss_giou_dn_0: 1.3378 (1.3378)  loss_mal_dn_1: 1.6416 (1.6416)  loss_bbox_dn_1: 0.7940 (0.7940)  loss_giou_dn_1: 1.2208 (1.2208)  loss_mal_dn_2: 1.7949 (1.7949)  loss_bbox_dn_2: 0.7827 (0.7827)  loss_giou_dn_2: 1.1831 (1.1831)  loss_mal_dn_pre: 1.1611 (1.1611)  loss_bbox_dn_pre: 1.0095 (1.0095)  loss_giou_dn_pre: 1.3325 (1.3325)  time: 0.8677  data: 0.7634  max mem: 266
Epoch: [34]  [7/8]  eta: 0:00:00  lr: 0.000005  loss: 33.0597 (33.0675)  loss_mal: 1.4785 (1.4751)  loss_bbox: 0.9157 (0.9692)  loss_giou: 1.2792 (1.3315)  loss_mal_aux_0: 1.0850 (1.1207)  loss_bbox_aux_0: 1.0493 (1.1231)  loss_giou_aux_0: 1.3524 (1.3713)  loss_mal_aux_1: 1.4521 (1.4171)  loss_bbox_aux_1: 0.9171 (0.9790)  loss_giou_aux_1: 1.3065 (1.3485)  loss_mal_pre: 1.0566 (1.1576)  loss_bbox_pre: 1.1877 (1.1665)  loss_giou_pre: 1.3484 (1.3584)  loss_mal_enc_0: 0.8623 (0.9171)  loss_bbox_enc_0: 1.3621 (1.3762)  loss_giou_enc_0: 1.4374 (1.4686)  loss_mal_dn_0: 1.1230 (1.1174)  loss_bbox_dn_0: 1.0479 (1.0095)  loss_giou_dn_0: 1.3378 (1.3511)  loss_mal_dn_1: 1.5400 (1.5814)  loss_bbox_dn_1: 0.8390 (0.8691)  loss_giou_dn_1: 1.2504 (1.2622)  loss_mal_dn_2: 1.7197 (1.6960)  loss_bbox_dn_2: 0.8406 (0.8806)  loss_giou_dn_2: 1.2011 (1.2289)  loss_mal_dn_pre: 1.1357 (1.1413)  loss_bbox_dn_pre: 1.0270 (1.0001)  loss_giou_dn_pre: 1.3325 (1.3500)  time: 0.1873  data: 0.0970  max mem: 266
Epoch: [34] Total time: 0:00:01 (0.1932 s / it)
Averaged stats: lr: 0.000005  loss: 33.0597 (33.0675)  loss_mal: 1.4785 (1.4751)  loss_bbox: 0.9157 (0.9692)  loss_giou: 1.2792 (1.3315)  loss_mal_aux_0: 1.0850 (1.1207)  loss_bbox_aux_0: 1.0493 (1.1231)  loss_giou_aux_0: 1.3524 (1.3713)  loss_mal_aux_1: 1.4521 (1.4171)  loss_bbox_aux_1: 0.9171 (0.9790)  loss_giou_aux_1: 1.3065 (1.3485)  loss_mal_pre: 1.0566 (1.1576)  loss_bbox_pre: 1.1877 (1.1665)  loss_giou_pre: 1.3484 (1.3584)  loss_mal_enc_0: 0.8623 (0.9171)  loss_bbox_enc_0: 1.3621 (1.3762)  loss_giou_enc_0: 1.4374 (1.4686)  loss_mal_dn_0: 1.1230 (1.1174)  loss_bbox_dn_0: 1.0479 (1.0095)  loss_giou_dn_0: 1.3378 (1.3511)  loss_mal_dn_1: 1.5400 (1.5814)  loss_bbox_dn_1: 0.8390 (0.8691)  loss_giou_dn_1: 1.2504 (1.2622)  loss_mal_dn_2: 1.7197 (1.6960)  loss_bbox_dn_2: 0.8406 (0.8806)  loss_giou_dn_2: 1.2011 (1.2289)  loss_mal_dn_pre: 1.1357 (1.1413)  loss_bbox_dn_pre: 1.0270 (1.0001)  loss_giou_dn_pre: 1.3325 (1.3500)
Test:  [0/4]  eta: 0:00:02    time: 0.6704  data: 0.6376  max mem: 266
Test:  [3/4]  eta: 0:00:00    time: 0.1876  data: 0.1600  max mem: 266
Test: Total time: 0:00:00 (0.2080 s / it)
Averaged stats: 
Accumulating evaluation results...
COCOeval_opt.accumulate() finished...
DONE (t=0.00s).
IoU metric: bbox
 Average Precision  (AP) @[ IoU=0.50:0.95 | area=   all | maxDets=100 ] = 0.008
 Average Precision  (AP) @[ IoU=0.50      | area=   all | maxDets=100 ] = 0.024
 Average Precision  (AP) @[ IoU=0.75      | area=   all | maxDets=100 ] = 0.002
 Average Precision  (AP) @[ IoU=0.50:0.95 | area= small | maxDets=100 ] = -1.000
 Average Precision  (AP) @[ IoU=0.50:0.95 | area=medium | maxDets=100 ] = -1.000
 Average Precision  (AP) @[ IoU=0.50:0.95 | area= large | maxDets=100 ] = 0.008
 Average Recall     (AR) @[ IoU=0.50:0.95 | area=   all | maxDets=  1 ] = 0.013
 Average Recall     (AR) @[ IoU=0.50:0.95 | area=   all | maxDets= 10 ] = 0.090
 Average Recall     (AR) @[ IoU=0.50:0.95 | area=   all | maxDets=100 ] = 0.387
 Average Recall     (AR) @[ IoU=0.50:0.95 | area= small | maxDets=100 ] = -1.000
 Average Recall     (AR) @[ IoU=0.50:0.95 | area=medium | maxDets=100 ] = -1.000
 Average Recall     (AR) @[ IoU=0.50:0.95 | area= large | maxDets=100 ] = 0.387
 Average Recall     (AR) @[ IoU=0.50      | area=   all | maxDets=100 ] = 0.767
 Average Recall     (AR) @[ IoU=0.75      | area=   all | maxDets=100 ] = 0.367
best_stat: {'epoch': 16, 'coco_eval_bbox': 0.01995939432448158}
Epoch: [35]  [0/8]  eta: 0:00:06  lr: 0.000005  loss: 37.8792 (37.8792)  loss_mal: 2.1836 (2.1836)  loss_bbox: 1.1144 (1.1144)  loss_giou: 1.0556 (1.0556)  loss_mal_aux_0: 1.3008 (1.3008)  loss_bbox_aux_0: 1.5919 (1.5919)  loss_giou_aux_0: 1.3504 (1.3504)  loss_mal_aux_1: 1.7549 (1.7549)  loss_bbox_aux_1: 1.2707 (1.2707)  loss_giou_aux_1: 1.1916 (1.1916)  loss_mal_pre: 1.3828 (1.3828)  loss_bbox_pre: 1.6502 (1.6502)  loss_giou_pre: 1.2927 (1.2927)  loss_mal_enc_0: 1.3447 (1.3447)  loss_bbox_enc_0: 1.6382 (1.6382)  loss_giou_enc_0: 1.3045 (1.3045)  loss_mal_dn_0: 1.3633 (1.3633)  loss_bbox_dn_0: 1.4287 (1.4287)  loss_giou_dn_0: 1.2216 (1.2216)  loss_mal_dn_1: 1.7832 (1.7832)  loss_bbox_dn_1: 1.2593 (1.2593)  loss_giou_dn_1: 1.1574 (1.1574)  loss_mal_dn_2: 2.0039 (2.0039)  loss_bbox_dn_2: 1.1493 (1.1493)  loss_giou_dn_2: 1.0880 (1.0880)  loss_mal_dn_pre: 1.3721 (1.3721)  loss_bbox_dn_pre: 1.4073 (1.4073)  loss_giou_dn_pre: 1.2181 (1.2181)  time: 0.7815  data: 0.6899  max mem: 266
Epoch: [35]  [7/8]  eta: 0:00:00  lr: 0.000005  loss: 34.0040 (34.7462)  loss_mal: 1.8672 (1.9468)  loss_bbox: 0.8985 (0.9711)  loss_giou: 1.1621 (1.1536)  loss_mal_aux_0: 1.3008 (1.4183)  loss_bbox_aux_0: 0.9347 (1.0998)  loss_giou_aux_0: 1.2994 (1.2666)  loss_mal_aux_1: 1.6533 (1.7397)  loss_bbox_aux_1: 0.9051 (0.9981)  loss_giou_aux_1: 1.2535 (1.2273)  loss_mal_pre: 1.3467 (1.4327)  loss_bbox_pre: 0.9888 (1.1383)  loss_giou_pre: 1.2927 (1.2679)  loss_mal_enc_0: 1.2080 (1.2672)  loss_bbox_enc_0: 1.1726 (1.2977)  loss_giou_enc_0: 1.3045 (1.3150)  loss_mal_dn_0: 1.1123 (1.1732)  loss_bbox_dn_0: 1.1579 (1.1937)  loss_giou_dn_0: 1.3174 (1.3314)  loss_mal_dn_1: 1.5703 (1.6460)  loss_bbox_dn_1: 1.0057 (0.9998)  loss_giou_dn_1: 1.2297 (1.2259)  loss_mal_dn_2: 1.6377 (1.7848)  loss_bbox_dn_2: 0.9925 (0.9715)  loss_giou_dn_2: 1.1866 (1.1780)  loss_mal_dn_pre: 1.1553 (1.1962)  loss_bbox_dn_pre: 1.1502 (1.1767)  loss_giou_dn_pre: 1.3188 (1.3287)  time: 0.2006  data: 0.1114  max mem: 266
Epoch: [35] Total time: 0:00:01 (0.2092 s / it)
Averaged stats: lr: 0.000005  loss: 34.0040 (34.7462)  loss_mal: 1.8672 (1.9468)  loss_bbox: 0.8985 (0.9711)  loss_giou: 1.1621 (1.1536)  loss_mal_aux_0: 1.3008 (1.4183)  loss_bbox_aux_0: 0.9347 (1.0998)  loss_giou_aux_0: 1.2994 (1.2666)  loss_mal_aux_1: 1.6533 (1.7397)  loss_bbox_aux_1: 0.9051 (0.9981)  loss_giou_aux_1: 1.2535 (1.2273)  loss_mal_pre: 1.3467 (1.4327)  loss_bbox_pre: 0.9888 (1.1383)  loss_giou_pre: 1.2927 (1.2679)  loss_mal_enc_0: 1.2080 (1.2672)  loss_bbox_enc_0: 1.1726 (1.2977)  loss_giou_enc_0: 1.3045 (1.3150)  loss_mal_dn_0: 1.1123 (1.1732)  loss_bbox_dn_0: 1.1579 (1.1937)  loss_giou_dn_0: 1.3174 (1.3314)  loss_mal_dn_1: 1.5703 (1.6460)  loss_bbox_dn_1: 1.0057 (0.9998)  loss_giou_dn_1: 1.2297 (1.2259)  loss_mal_dn_2: 1.6377 (1.7848)  loss_bbox_dn_2: 0.9925 (0.9715)  loss_giou_dn_2: 1.1866 (1.1780)  loss_mal_dn_pre: 1.1553 (1.1962)  loss_bbox_dn_pre: 1.1502 (1.1767)  loss_giou_dn_pre: 1.3188 (1.3287)
Test:  [0/4]  eta: 0:00:02    time: 0.6225  data: 0.5981  max mem: 266
Test:  [3/4]  eta: 0:00:00    time: 0.1683  data: 0.1501  max mem: 266
Test: Total time: 0:00:00 (0.1880 s / it)
Averaged stats: 
Accumulating evaluation results...
COCOeval_opt.accumulate() finished...
DONE (t=0.00s).
IoU metric: bbox
 Average Precision  (AP) @[ IoU=0.50:0.95 | area=   all | maxDets=100 ] = 0.006
 Average Precision  (AP) @[ IoU=0.50      | area=   all | maxDets=100 ] = 0.014
 Average Precision  (AP) @[ IoU=0.75      | area=   all | maxDets=100 ] = 0.005
 Average Precision  (AP) @[ IoU=0.50:0.95 | area= small | maxDets=100 ] = -1.000
 Average Precision  (AP) @[ IoU=0.50:0.95 | area=medium | maxDets=100 ] = -1.000
 Average Precision  (AP) @[ IoU=0.50:0.95 | area= large | maxDets=100 ] = 0.006
 Average Recall     (AR) @[ IoU=0.50:0.95 | area=   all | maxDets=  1 ] = 0.000
 Average Recall     (AR) @[ IoU=0.50:0.95 | area=   all | maxDets= 10 ] = 0.077
 Average Recall     (AR) @[ IoU=0.50:0.95 | area=   all | maxDets=100 ] = 0.457
 Average Recall     (AR) @[ IoU=0.50:0.95 | area= small | maxDets=100 ] = -1.000
 Average Recall     (AR) @[ IoU=0.50:0.95 | area=medium | maxDets=100 ] = -1.000
 Average Recall     (AR) @[ IoU=0.50:0.95 | area= large | maxDets=100 ] = 0.457
 Average Recall     (AR) @[ IoU=0.50      | area=   all | maxDets=100 ] = 0.800
 Average Recall     (AR) @[ IoU=0.75      | area=   all | maxDets=100 ] = 0.500
best_stat: {'epoch': 16, 'coco_eval_bbox': 0.01995939432448158}
Epoch: [36]  [0/8]  eta: 0:00:08  lr: 0.000005  loss: 33.6659 (33.6659)  loss_mal: 1.6406 (1.6406)  loss_bbox: 1.0178 (1.0178)  loss_giou: 1.2134 (1.2134)  loss_mal_aux_0: 1.2402 (1.2402)  loss_bbox_aux_0: 1.0671 (1.0671)  loss_giou_aux_0: 1.2783 (1.2783)  loss_mal_aux_1: 1.5020 (1.5020)  loss_bbox_aux_1: 1.0579 (1.0579)  loss_giou_aux_1: 1.2727 (1.2727)  loss_mal_pre: 1.2959 (1.2959)  loss_bbox_pre: 1.0917 (1.0917)  loss_giou_pre: 1.2443 (1.2443)  loss_mal_enc_0: 1.1250 (1.1250)  loss_bbox_enc_0: 1.1333 (1.1333)  loss_giou_enc_0: 1.4015 (1.4015)  loss_mal_dn_0: 1.1328 (1.1328)  loss_bbox_dn_0: 1.1309 (1.1309)  loss_giou_dn_0: 1.3734 (1.3734)  loss_mal_dn_1: 1.5049 (1.5049)  loss_bbox_dn_1: 1.0191 (1.0191)  loss_giou_dn_1: 1.3374 (1.3374)  loss_mal_dn_2: 1.5332 (1.5332)  loss_bbox_dn_2: 1.0784 (1.0784)  loss_giou_dn_2: 1.3224 (1.3224)  loss_mal_dn_pre: 1.1699 (1.1699)  loss_bbox_dn_pre: 1.1170 (1.1170)  loss_giou_dn_pre: 1.3648 (1.3648)  time: 1.0525  data: 0.9181  max mem: 266
Epoch: [36]  [7/8]  eta: 0:00:00  lr: 0.000005  loss: 32.7642 (33.2023)  loss_mal: 1.3066 (1.3669)  loss_bbox: 1.0178 (1.0398)  loss_giou: 1.3865 (1.3795)  loss_mal_aux_0: 0.9712 (1.0494)  loss_bbox_aux_0: 1.1470 (1.2172)  loss_giou_aux_0: 1.3609 (1.3857)  loss_mal_aux_1: 1.2715 (1.2713)  loss_bbox_aux_1: 1.0579 (1.0614)  loss_giou_aux_1: 1.4014 (1.4057)  loss_mal_pre: 0.9722 (1.0264)  loss_bbox_pre: 1.2367 (1.2589)  loss_giou_pre: 1.4274 (1.3986)  loss_mal_enc_0: 0.7983 (0.8665)  loss_bbox_enc_0: 1.4392 (1.4282)  loss_giou_enc_0: 1.4414 (1.4768)  loss_mal_dn_0: 1.0908 (1.0784)  loss_bbox_dn_0: 1.0034 (1.0645)  loss_giou_dn_0: 1.3549 (1.3737)  loss_mal_dn_1: 1.5078 (1.5238)  loss_bbox_dn_1: 0.8412 (0.9070)  loss_giou_dn_1: 1.2769 (1.2932)  loss_mal_dn_2: 1.5801 (1.6429)  loss_bbox_dn_2: 0.8487 (0.9087)  loss_giou_dn_2: 1.2410 (1.2499)  loss_mal_dn_pre: 1.1299 (1.1156)  loss_bbox_dn_pre: 0.9696 (1.0435)  loss_giou_dn_pre: 1.3504 (1.3685)  time: 0.1908  data: 0.1161  max mem: 266
Epoch: [36] Total time: 0:00:01 (0.1976 s / it)
Averaged stats: lr: 0.000005  loss: 32.7642 (33.2023)  loss_mal: 1.3066 (1.3669)  loss_bbox: 1.0178 (1.0398)  loss_giou: 1.3865 (1.3795)  loss_mal_aux_0: 0.9712 (1.0494)  loss_bbox_aux_0: 1.1470 (1.2172)  loss_giou_aux_0: 1.3609 (1.3857)  loss_mal_aux_1: 1.2715 (1.2713)  loss_bbox_aux_1: 1.0579 (1.0614)  loss_giou_aux_1: 1.4014 (1.4057)  loss_mal_pre: 0.9722 (1.0264)  loss_bbox_pre: 1.2367 (1.2589)  loss_giou_pre: 1.4274 (1.3986)  loss_mal_enc_0: 0.7983 (0.8665)  loss_bbox_enc_0: 1.4392 (1.4282)  loss_giou_enc_0: 1.4414 (1.4768)  loss_mal_dn_0: 1.0908 (1.0784)  loss_bbox_dn_0: 1.0034 (1.0645)  loss_giou_dn_0: 1.3549 (1.3737)  loss_mal_dn_1: 1.5078 (1.5238)  loss_bbox_dn_1: 0.8412 (0.9070)  loss_giou_dn_1: 1.2769 (1.2932)  loss_mal_dn_2: 1.5801 (1.6429)  loss_bbox_dn_2: 0.8487 (0.9087)  loss_giou_dn_2: 1.2410 (1.2499)  loss_mal_dn_pre: 1.1299 (1.1156)  loss_bbox_dn_pre: 0.9696 (1.0435)  loss_giou_dn_pre: 1.3504 (1.3685)
Test:  [0/4]  eta: 0:00:02    time: 0.6639  data: 0.6439  max mem: 266
Test:  [3/4]  eta: 0:00:00    time: 0.1775  data: 0.1617  max mem: 266
Test: Total time: 0:00:00 (0.1989 s / it)
Averaged stats: 
Accumulating evaluation results...
COCOeval_opt.accumulate() finished...
DONE (t=0.00s).
IoU metric: bbox
 Average Precision  (AP) @[ IoU=0.50:0.95 | area=   all | maxDets=100 ] = 0.010
 Average Precision  (AP) @[ IoU=0.50      | area=   all | maxDets=100 ] = 0.021
 Average Precision  (AP) @[ IoU=0.75      | area=   all | maxDets=100 ] = 0.009
 Average Precision  (AP) @[ IoU=0.50:0.95 | area= small | maxDets=100 ] = -1.000
 Average Precision  (AP) @[ IoU=0.50:0.95 | area=medium | maxDets=100 ] = -1.000
 Average Precision  (AP) @[ IoU=0.50:0.95 | area= large | maxDets=100 ] = 0.010
 Average Recall     (AR) @[ IoU=0.50:0.95 | area=   all | maxDets=  1 ] = 0.030
 Average Recall     (AR) @[ IoU=0.50:0.95 | area=   all | maxDets= 10 ] = 0.103
 Average Recall     (AR) @[ IoU=0.50:0.95 | area=   all | maxDets=100 ] = 0.513
 Average Recall     (AR) @[ IoU=0.50:0.95 | area= small | maxDets=100 ] = -1.000
 Average Recall     (AR) @[ IoU=0.50:0.95 | area=medium | maxDets=100 ] = -1.000
 Average Recall     (AR) @[ IoU=0.50:0.95 | area= large | maxDets=100 ] = 0.513
 Average Recall     (AR) @[ IoU=0.50      | area=   all | maxDets=100 ] = 0.867
 Average Recall     (AR) @[ IoU=0.75      | area=   all | maxDets=100 ] = 0.567
best_stat: {'epoch': 16, 'coco_eval_bbox': 0.01995939432448158}
Epoch: [37]  [0/8]  eta: 0:00:07  lr: 0.000005  loss: 35.9303 (35.9303)  loss_mal: 2.0059 (2.0059)  loss_bbox: 0.8155 (0.8155)  loss_giou: 1.1604 (1.1604)  loss_mal_aux_0: 1.2334 (1.2334)  loss_bbox_aux_0: 1.5721 (1.5721)  loss_giou_aux_0: 1.3150 (1.3150)  loss_mal_aux_1: 1.7520 (1.7520)  loss_bbox_aux_1: 1.1125 (1.1125)  loss_giou_aux_1: 1.1809 (1.1809)  loss_mal_pre: 1.2207 (1.2207)  loss_bbox_pre: 1.6712 (1.6712)  loss_giou_pre: 1.3240 (1.3240)  loss_mal_enc_0: 1.3447 (1.3447)  loss_bbox_enc_0: 1.4318 (1.4318)  loss_giou_enc_0: 1.2301 (1.2301)  loss_mal_dn_0: 1.0273 (1.0273)  loss_bbox_dn_0: 1.3547 (1.3547)  loss_giou_dn_0: 1.4142 (1.4142)  loss_mal_dn_1: 1.6455 (1.6455)  loss_bbox_dn_1: 1.0610 (1.0610)  loss_giou_dn_1: 1.2367 (1.2367)  loss_mal_dn_2: 1.8516 (1.8516)  loss_bbox_dn_2: 1.0007 (1.0007)  loss_giou_dn_2: 1.1676 (1.1676)  loss_mal_dn_pre: 1.0508 (1.0508)  loss_bbox_dn_pre: 1.3432 (1.3432)  loss_giou_dn_pre: 1.4070 (1.4070)  time: 0.9971  data: 0.7221  max mem: 266
Epoch: [37]  [7/8]  eta: 0:00:00  lr: 0.000006  loss: 34.2855 (34.2582)  loss_mal: 1.4629 (1.6146)  loss_bbox: 1.0522 (1.0520)  loss_giou: 1.3622 (1.3001)  loss_mal_aux_0: 1.2227 (1.2446)  loss_bbox_aux_0: 1.2319 (1.2721)  loss_giou_aux_0: 1.3103 (1.3035)  loss_mal_aux_1: 1.2412 (1.5076)  loss_bbox_aux_1: 1.0528 (1.0274)  loss_giou_aux_1: 1.3440 (1.3480)  loss_mal_pre: 1.1504 (1.2248)  loss_bbox_pre: 1.3127 (1.3027)  loss_giou_pre: 1.3422 (1.3324)  loss_mal_enc_0: 1.1201 (1.1128)  loss_bbox_enc_0: 1.4318 (1.3644)  loss_giou_enc_0: 1.3709 (1.3938)  loss_mal_dn_0: 1.1416 (1.1912)  loss_bbox_dn_0: 1.0335 (1.0554)  loss_giou_dn_0: 1.3072 (1.3226)  loss_mal_dn_1: 1.6455 (1.6622)  loss_bbox_dn_1: 0.8589 (0.9198)  loss_giou_dn_1: 1.2263 (1.2316)  loss_mal_dn_2: 1.8262 (1.8540)  loss_bbox_dn_2: 0.7430 (0.8770)  loss_giou_dn_2: 1.1676 (1.1663)  loss_mal_dn_pre: 1.1748 (1.2103)  loss_bbox_dn_pre: 1.0204 (1.0450)  loss_giou_dn_pre: 1.3103 (1.3221)  time: 0.1981  data: 0.0939  max mem: 266
Epoch: [37] Total time: 0:00:01 (0.2055 s / it)
Averaged stats: lr: 0.000006  loss: 34.2855 (34.2582)  loss_mal: 1.4629 (1.6146)  loss_bbox: 1.0522 (1.0520)  loss_giou: 1.3622 (1.3001)  loss_mal_aux_0: 1.2227 (1.2446)  loss_bbox_aux_0: 1.2319 (1.2721)  loss_giou_aux_0: 1.3103 (1.3035)  loss_mal_aux_1: 1.2412 (1.5076)  loss_bbox_aux_1: 1.0528 (1.0274)  loss_giou_aux_1: 1.3440 (1.3480)  loss_mal_pre: 1.1504 (1.2248)  loss_bbox_pre: 1.3127 (1.3027)  loss_giou_pre: 1.3422 (1.3324)  loss_mal_enc_0: 1.1201 (1.1128)  loss_bbox_enc_0: 1.4318 (1.3644)  loss_giou_enc_0: 1.3709 (1.3938)  loss_mal_dn_0: 1.1416 (1.1912)  loss_bbox_dn_0: 1.0335 (1.0554)  loss_giou_dn_0: 1.3072 (1.3226)  loss_mal_dn_1: 1.6455 (1.6622)  loss_bbox_dn_1: 0.8589 (0.9198)  loss_giou_dn_1: 1.2263 (1.2316)  loss_mal_dn_2: 1.8262 (1.8540)  loss_bbox_dn_2: 0.7430 (0.8770)  loss_giou_dn_2: 1.1676 (1.1663)  loss_mal_dn_pre: 1.1748 (1.2103)  loss_bbox_dn_pre: 1.0204 (1.0450)  loss_giou_dn_pre: 1.3103 (1.3221)
Test:  [0/4]  eta: 0:00:02    time: 0.6327  data: 0.6153  max mem: 266
Test:  [3/4]  eta: 0:00:00    time: 0.1669  data: 0.1545  max mem: 266
Test: Total time: 0:00:00 (0.1872 s / it)
Averaged stats: 
Accumulating evaluation results...
COCOeval_opt.accumulate() finished...
DONE (t=0.00s).
IoU metric: bbox
 Average Precision  (AP) @[ IoU=0.50:0.95 | area=   all | maxDets=100 ] = 0.006
 Average Precision  (AP) @[ IoU=0.50      | area=   all | maxDets=100 ] = 0.012
 Average Precision  (AP) @[ IoU=0.75      | area=   all | maxDets=100 ] = 0.005
 Average Precision  (AP) @[ IoU=0.50:0.95 | area= small | maxDets=100 ] = -1.000
 Average Precision  (AP) @[ IoU=0.50:0.95 | area=medium | maxDets=100 ] = -1.000
 Average Precision  (AP) @[ IoU=0.50:0.95 | area= large | maxDets=100 ] = 0.006
 Average Recall     (AR) @[ IoU=0.50:0.95 | area=   all | maxDets=  1 ] = 0.007
 Average Recall     (AR) @[ IoU=0.50:0.95 | area=   all | maxDets= 10 ] = 0.107
 Average Recall     (AR) @[ IoU=0.50:0.95 | area=   all | maxDets=100 ] = 0.457
 Average Recall     (AR) @[ IoU=0.50:0.95 | area= small | maxDets=100 ] = -1.000
 Average Recall     (AR) @[ IoU=0.50:0.95 | area=medium | maxDets=100 ] = -1.000
 Average Recall     (AR) @[ IoU=0.50:0.95 | area= large | maxDets=100 ] = 0.457
 Average Recall     (AR) @[ IoU=0.50      | area=   all | maxDets=100 ] = 0.800
 Average Recall     (AR) @[ IoU=0.75      | area=   all | maxDets=100 ] = 0.500
best_stat: {'epoch': 16, 'coco_eval_bbox': 0.01995939432448158}
Epoch: [38]  [0/8]  eta: 0:00:04  lr: 0.000006  loss: 34.0095 (34.0095)  loss_mal: 1.5420 (1.5420)  loss_bbox: 0.9582 (0.9582)  loss_giou: 1.3290 (1.3290)  loss_mal_aux_0: 1.2480 (1.2480)  loss_bbox_aux_0: 1.0622 (1.0622)  loss_giou_aux_0: 1.4046 (1.4046)  loss_mal_aux_1: 1.6641 (1.6641)  loss_bbox_aux_1: 0.9157 (0.9157)  loss_giou_aux_1: 1.2544 (1.2544)  loss_mal_pre: 1.2100 (1.2100)  loss_bbox_pre: 1.2042 (1.2042)  loss_giou_pre: 1.3561 (1.3561)  loss_mal_enc_0: 1.0850 (1.0850)  loss_bbox_enc_0: 1.4185 (1.4185)  loss_giou_enc_0: 1.4246 (1.4246)  loss_mal_dn_0: 1.0732 (1.0732)  loss_bbox_dn_0: 1.1648 (1.1648)  loss_giou_dn_0: 1.3980 (1.3980)  loss_mal_dn_1: 1.4688 (1.4688)  loss_bbox_dn_1: 1.0322 (1.0322)  loss_giou_dn_1: 1.3141 (1.3141)  loss_mal_dn_2: 1.5742 (1.5742)  loss_bbox_dn_2: 0.9929 (0.9929)  loss_giou_dn_2: 1.2699 (1.2699)  loss_mal_dn_pre: 1.0889 (1.0889)  loss_bbox_dn_pre: 1.1570 (1.1570)  loss_giou_dn_pre: 1.3988 (1.3988)  time: 0.6105  data: 0.5223  max mem: 266
Epoch: [38]  [7/8]  eta: 0:00:00  lr: 0.000006  loss: 32.9878 (33.0545)  loss_mal: 1.5049 (1.5194)  loss_bbox: 0.8637 (0.9232)  loss_giou: 1.2686 (1.3091)  loss_mal_aux_0: 1.0342 (1.1324)  loss_bbox_aux_0: 1.0491 (1.1024)  loss_giou_aux_0: 1.4046 (1.3795)  loss_mal_aux_1: 1.4580 (1.4556)  loss_bbox_aux_1: 0.8644 (0.9555)  loss_giou_aux_1: 1.2730 (1.3242)  loss_mal_pre: 1.0430 (1.1366)  loss_bbox_pre: 1.0835 (1.1584)  loss_giou_pre: 1.3670 (1.3749)  loss_mal_enc_0: 0.9429 (1.0137)  loss_bbox_enc_0: 1.2099 (1.2824)  loss_giou_enc_0: 1.4304 (1.4351)  loss_mal_dn_0: 1.1348 (1.1526)  loss_bbox_dn_0: 0.9435 (1.0016)  loss_giou_dn_0: 1.3243 (1.3389)  loss_mal_dn_1: 1.6494 (1.6659)  loss_bbox_dn_1: 0.8172 (0.8467)  loss_giou_dn_1: 1.2074 (1.2286)  loss_mal_dn_2: 1.7021 (1.7885)  loss_bbox_dn_2: 0.7952 (0.8371)  loss_giou_dn_2: 1.1963 (1.1859)  loss_mal_dn_pre: 1.1543 (1.1694)  loss_bbox_dn_pre: 0.9295 (0.9966)  loss_giou_dn_pre: 1.3241 (1.3402)  time: 0.1932  data: 0.0947  max mem: 266
Epoch: [38] Total time: 0:00:01 (0.1998 s / it)
Averaged stats: lr: 0.000006  loss: 32.9878 (33.0545)  loss_mal: 1.5049 (1.5194)  loss_bbox: 0.8637 (0.9232)  loss_giou: 1.2686 (1.3091)  loss_mal_aux_0: 1.0342 (1.1324)  loss_bbox_aux_0: 1.0491 (1.1024)  loss_giou_aux_0: 1.4046 (1.3795)  loss_mal_aux_1: 1.4580 (1.4556)  loss_bbox_aux_1: 0.8644 (0.9555)  loss_giou_aux_1: 1.2730 (1.3242)  loss_mal_pre: 1.0430 (1.1366)  loss_bbox_pre: 1.0835 (1.1584)  loss_giou_pre: 1.3670 (1.3749)  loss_mal_enc_0: 0.9429 (1.0137)  loss_bbox_enc_0: 1.2099 (1.2824)  loss_giou_enc_0: 1.4304 (1.4351)  loss_mal_dn_0: 1.1348 (1.1526)  loss_bbox_dn_0: 0.9435 (1.0016)  loss_giou_dn_0: 1.3243 (1.3389)  loss_mal_dn_1: 1.6494 (1.6659)  loss_bbox_dn_1: 0.8172 (0.8467)  loss_giou_dn_1: 1.2074 (1.2286)  loss_mal_dn_2: 1.7021 (1.7885)  loss_bbox_dn_2: 0.7952 (0.8371)  loss_giou_dn_2: 1.1963 (1.1859)  loss_mal_dn_pre: 1.1543 (1.1694)  loss_bbox_dn_pre: 0.9295 (0.9966)  loss_giou_dn_pre: 1.3241 (1.3402)
Test:  [0/4]  eta: 0:00:02    time: 0.6842  data: 0.6668  max mem: 266
Test:  [3/4]  eta: 0:00:00    time: 0.1796  data: 0.1673  max mem: 266
Test: Total time: 0:00:00 (0.1984 s / it)
Averaged stats: 
Accumulating evaluation results...
COCOeval_opt.accumulate() finished...
DONE (t=0.00s).
IoU metric: bbox
 Average Precision  (AP) @[ IoU=0.50:0.95 | area=   all | maxDets=100 ] = 0.012
 Average Precision  (AP) @[ IoU=0.50      | area=   all | maxDets=100 ] = 0.052
 Average Precision  (AP) @[ IoU=0.75      | area=   all | maxDets=100 ] = 0.006
 Average Precision  (AP) @[ IoU=0.50:0.95 | area= small | maxDets=100 ] = -1.000
 Average Precision  (AP) @[ IoU=0.50:0.95 | area=medium | maxDets=100 ] = -1.000
 Average Precision  (AP) @[ IoU=0.50:0.95 | area= large | maxDets=100 ] = 0.012
 Average Recall     (AR) @[ IoU=0.50:0.95 | area=   all | maxDets=  1 ] = 0.010
 Average Recall     (AR) @[ IoU=0.50:0.95 | area=   all | maxDets= 10 ] = 0.077
 Average Recall     (AR) @[ IoU=0.50:0.95 | area=   all | maxDets=100 ] = 0.447
 Average Recall     (AR) @[ IoU=0.50:0.95 | area= small | maxDets=100 ] = -1.000
 Average Recall     (AR) @[ IoU=0.50:0.95 | area=medium | maxDets=100 ] = -1.000
 Average Recall     (AR) @[ IoU=0.50:0.95 | area= large | maxDets=100 ] = 0.447
 Average Recall     (AR) @[ IoU=0.50      | area=   all | maxDets=100 ] = 0.767
 Average Recall     (AR) @[ IoU=0.75      | area=   all | maxDets=100 ] = 0.467
best_stat: {'epoch': 16, 'coco_eval_bbox': 0.01995939432448158}
Epoch: [39]  [0/8]  eta: 0:00:06  lr: 0.000006  loss: 33.7874 (33.7874)  loss_mal: 2.3262 (2.3262)  loss_bbox: 0.6504 (0.6504)  loss_giou: 0.9969 (0.9969)  loss_mal_aux_0: 1.6797 (1.6797)  loss_bbox_aux_0: 0.8798 (0.8798)  loss_giou_aux_0: 1.1547 (1.1547)  loss_mal_aux_1: 2.0195 (2.0195)  loss_bbox_aux_1: 0.7640 (0.7640)  loss_giou_aux_1: 1.1097 (1.1097)  loss_mal_pre: 1.6406 (1.6406)  loss_bbox_pre: 0.8517 (0.8517)  loss_giou_pre: 1.2448 (1.2448)  loss_mal_enc_0: 1.4160 (1.4160)  loss_bbox_enc_0: 1.1966 (1.1966)  loss_giou_enc_0: 1.1788 (1.1788)  loss_mal_dn_0: 1.1514 (1.1514)  loss_bbox_dn_0: 1.0235 (1.0235)  loss_giou_dn_0: 1.3228 (1.3228)  loss_mal_dn_1: 1.7324 (1.7324)  loss_bbox_dn_1: 0.8703 (0.8703)  loss_giou_dn_1: 1.1753 (1.1753)  loss_mal_dn_2: 1.9941 (1.9941)  loss_bbox_dn_2: 0.8146 (0.8146)  loss_giou_dn_2: 1.0816 (1.0816)  loss_mal_dn_pre: 1.1807 (1.1807)  loss_bbox_dn_pre: 1.0167 (1.0167)  loss_giou_dn_pre: 1.3145 (1.3145)  time: 0.8393  data: 0.7510  max mem: 266
Epoch: [39]  [7/8]  eta: 0:00:00  lr: 0.000006  loss: 33.7065 (33.3728)  loss_mal: 1.7021 (1.7657)  loss_bbox: 0.7841 (0.9117)  loss_giou: 1.0312 (1.2229)  loss_mal_aux_0: 1.2266 (1.3658)  loss_bbox_aux_0: 0.9708 (1.0597)  loss_giou_aux_0: 1.2595 (1.2737)  loss_mal_aux_1: 1.5977 (1.6269)  loss_bbox_aux_1: 0.7640 (0.9117)  loss_giou_aux_1: 1.1810 (1.2885)  loss_mal_pre: 1.2666 (1.3589)  loss_bbox_pre: 1.0173 (1.0993)  loss_giou_pre: 1.2812 (1.2846)  loss_mal_enc_0: 1.0762 (1.1437)  loss_bbox_enc_0: 1.1966 (1.2888)  loss_giou_enc_0: 1.3289 (1.3483)  loss_mal_dn_0: 1.1514 (1.1630)  loss_bbox_dn_0: 1.0023 (0.9682)  loss_giou_dn_0: 1.3179 (1.3218)  loss_mal_dn_1: 1.6143 (1.6417)  loss_bbox_dn_1: 0.8531 (0.8377)  loss_giou_dn_1: 1.2126 (1.2305)  loss_mal_dn_2: 1.7793 (1.7687)  loss_bbox_dn_2: 0.8146 (0.8293)  loss_giou_dn_2: 1.1341 (1.1861)  loss_mal_dn_pre: 1.1807 (1.1954)  loss_bbox_dn_pre: 0.9814 (0.9617)  loss_giou_dn_pre: 1.3080 (1.3186)  time: 0.2006  data: 0.0989  max mem: 266
Epoch: [39] Total time: 0:00:01 (0.2073 s / it)
Averaged stats: lr: 0.000006  loss: 33.7065 (33.3728)  loss_mal: 1.7021 (1.7657)  loss_bbox: 0.7841 (0.9117)  loss_giou: 1.0312 (1.2229)  loss_mal_aux_0: 1.2266 (1.3658)  loss_bbox_aux_0: 0.9708 (1.0597)  loss_giou_aux_0: 1.2595 (1.2737)  loss_mal_aux_1: 1.5977 (1.6269)  loss_bbox_aux_1: 0.7640 (0.9117)  loss_giou_aux_1: 1.1810 (1.2885)  loss_mal_pre: 1.2666 (1.3589)  loss_bbox_pre: 1.0173 (1.0993)  loss_giou_pre: 1.2812 (1.2846)  loss_mal_enc_0: 1.0762 (1.1437)  loss_bbox_enc_0: 1.1966 (1.2888)  loss_giou_enc_0: 1.3289 (1.3483)  loss_mal_dn_0: 1.1514 (1.1630)  loss_bbox_dn_0: 1.0023 (0.9682)  loss_giou_dn_0: 1.3179 (1.3218)  loss_mal_dn_1: 1.6143 (1.6417)  loss_bbox_dn_1: 0.8531 (0.8377)  loss_giou_dn_1: 1.2126 (1.2305)  loss_mal_dn_2: 1.7793 (1.7687)  loss_bbox_dn_2: 0.8146 (0.8293)  loss_giou_dn_2: 1.1341 (1.1861)  loss_mal_dn_pre: 1.1807 (1.1954)  loss_bbox_dn_pre: 0.9814 (0.9617)  loss_giou_dn_pre: 1.3080 (1.3186)
Test:  [0/4]  eta: 0:00:02    time: 0.6533  data: 0.6347  max mem: 266
Test:  [3/4]  eta: 0:00:00    time: 0.1736  data: 0.1594  max mem: 266
Test: Total time: 0:00:00 (0.1931 s / it)
Averaged stats: 
Accumulating evaluation results...
COCOeval_opt.accumulate() finished...
DONE (t=0.00s).
IoU metric: bbox
 Average Precision  (AP) @[ IoU=0.50:0.95 | area=   all | maxDets=100 ] = 0.012
 Average Precision  (AP) @[ IoU=0.50      | area=   all | maxDets=100 ] = 0.023
 Average Precision  (AP) @[ IoU=0.75      | area=   all | maxDets=100 ] = 0.012
 Average Precision  (AP) @[ IoU=0.50:0.95 | area= small | maxDets=100 ] = -1.000
 Average Precision  (AP) @[ IoU=0.50:0.95 | area=medium | maxDets=100 ] = -1.000
 Average Precision  (AP) @[ IoU=0.50:0.95 | area= large | maxDets=100 ] = 0.012
 Average Recall     (AR) @[ IoU=0.50:0.95 | area=   all | maxDets=  1 ] = 0.023
 Average Recall     (AR) @[ IoU=0.50:0.95 | area=   all | maxDets= 10 ] = 0.077
 Average Recall     (AR) @[ IoU=0.50:0.95 | area=   all | maxDets=100 ] = 0.457
 Average Recall     (AR) @[ IoU=0.50:0.95 | area= small | maxDets=100 ] = -1.000
 Average Recall     (AR) @[ IoU=0.50:0.95 | area=medium | maxDets=100 ] = -1.000
 Average Recall     (AR) @[ IoU=0.50:0.95 | area= large | maxDets=100 ] = 0.457
 Average Recall     (AR) @[ IoU=0.50      | area=   all | maxDets=100 ] = 0.867
 Average Recall     (AR) @[ IoU=0.75      | area=   all | maxDets=100 ] = 0.400
best_stat: {'epoch': 16, 'coco_eval_bbox': 0.01995939432448158}
Epoch: [40]  [0/8]  eta: 0:00:05  lr: 0.000006  loss: 31.8938 (31.8938)  loss_mal: 0.7314 (0.7314)  loss_bbox: 1.2331 (1.2331)  loss_giou: 1.6003 (1.6003)  loss_mal_aux_0: 0.4717 (0.4717)  loss_bbox_aux_0: 1.6306 (1.6306)  loss_giou_aux_0: 1.6409 (1.6409)  loss_mal_aux_1: 0.6245 (0.6245)  loss_bbox_aux_1: 1.3677 (1.3677)  loss_giou_aux_1: 1.6407 (1.6407)  loss_mal_pre: 0.4338 (0.4338)  loss_bbox_pre: 1.7348 (1.7348)  loss_giou_pre: 1.6571 (1.6571)  loss_mal_enc_0: 0.3201 (0.3201)  loss_bbox_enc_0: 1.8882 (1.8882)  loss_giou_enc_0: 1.7400 (1.7400)  loss_mal_dn_0: 1.1084 (1.1084)  loss_bbox_dn_0: 0.6539 (0.6539)  loss_giou_dn_0: 1.3693 (1.3693)  loss_mal_dn_1: 1.6973 (1.6973)  loss_bbox_dn_1: 0.5161 (0.5161)  loss_giou_dn_1: 1.2241 (1.2241)  loss_mal_dn_2: 1.8350 (1.8350)  loss_bbox_dn_2: 0.4807 (0.4807)  loss_giou_dn_2: 1.1648 (1.1648)  loss_mal_dn_pre: 1.1299 (1.1299)  loss_bbox_dn_pre: 0.6338 (0.6338)  loss_giou_dn_pre: 1.3656 (1.3656)  time: 0.7214  data: 0.6379  max mem: 266
Epoch: [40]  [7/8]  eta: 0:00:00  lr: 0.000007  loss: 32.2242 (33.1289)  loss_mal: 1.4072 (1.5447)  loss_bbox: 0.9663 (0.9765)  loss_giou: 1.2942 (1.3229)  loss_mal_aux_0: 0.8730 (1.0502)  loss_bbox_aux_0: 1.1807 (1.2087)  loss_giou_aux_0: 1.3749 (1.3803)  loss_mal_aux_1: 1.1348 (1.3276)  loss_bbox_aux_1: 1.0205 (1.0594)  loss_giou_aux_1: 1.4225 (1.3808)  loss_mal_pre: 0.8989 (1.0249)  loss_bbox_pre: 1.2523 (1.2754)  loss_giou_pre: 1.3938 (1.3907)  loss_mal_enc_0: 0.7554 (0.9035)  loss_bbox_enc_0: 1.3358 (1.3551)  loss_giou_enc_0: 1.4556 (1.4429)  loss_mal_dn_0: 1.0811 (1.0894)  loss_bbox_dn_0: 0.9125 (1.0366)  loss_giou_dn_0: 1.3632 (1.3720)  loss_mal_dn_1: 1.6553 (1.5848)  loss_bbox_dn_1: 0.7617 (0.8467)  loss_giou_dn_1: 1.2200 (1.2650)  loss_mal_dn_2: 1.7568 (1.7145)  loss_bbox_dn_2: 0.7798 (0.8461)  loss_giou_dn_2: 1.1648 (1.2243)  loss_mal_dn_pre: 1.0889 (1.1106)  loss_bbox_dn_pre: 0.9113 (1.0241)  loss_giou_dn_pre: 1.3571 (1.3713)  time: 0.1894  data: 0.1194  max mem: 266
Epoch: [40] Total time: 0:00:01 (0.1971 s / it)
Averaged stats: lr: 0.000007  loss: 32.2242 (33.1289)  loss_mal: 1.4072 (1.5447)  loss_bbox: 0.9663 (0.9765)  loss_giou: 1.2942 (1.3229)  loss_mal_aux_0: 0.8730 (1.0502)  loss_bbox_aux_0: 1.1807 (1.2087)  loss_giou_aux_0: 1.3749 (1.3803)  loss_mal_aux_1: 1.1348 (1.3276)  loss_bbox_aux_1: 1.0205 (1.0594)  loss_giou_aux_1: 1.4225 (1.3808)  loss_mal_pre: 0.8989 (1.0249)  loss_bbox_pre: 1.2523 (1.2754)  loss_giou_pre: 1.3938 (1.3907)  loss_mal_enc_0: 0.7554 (0.9035)  loss_bbox_enc_0: 1.3358 (1.3551)  loss_giou_enc_0: 1.4556 (1.4429)  loss_mal_dn_0: 1.0811 (1.0894)  loss_bbox_dn_0: 0.9125 (1.0366)  loss_giou_dn_0: 1.3632 (1.3720)  loss_mal_dn_1: 1.6553 (1.5848)  loss_bbox_dn_1: 0.7617 (0.8467)  loss_giou_dn_1: 1.2200 (1.2650)  loss_mal_dn_2: 1.7568 (1.7145)  loss_bbox_dn_2: 0.7798 (0.8461)  loss_giou_dn_2: 1.1648 (1.2243)  loss_mal_dn_pre: 1.0889 (1.1106)  loss_bbox_dn_pre: 0.9113 (1.0241)  loss_giou_dn_pre: 1.3571 (1.3713)
Test:  [0/4]  eta: 0:00:02    time: 0.7390  data: 0.7064  max mem: 266
Test:  [3/4]  eta: 0:00:00    time: 0.1980  data: 0.1773  max mem: 266
Test: Total time: 0:00:00 (0.2170 s / it)
Averaged stats: 
Accumulating evaluation results...
COCOeval_opt.accumulate() finished...
DONE (t=0.00s).
IoU metric: bbox
 Average Precision  (AP) @[ IoU=0.50:0.95 | area=   all | maxDets=100 ] = 0.014
 Average Precision  (AP) @[ IoU=0.50      | area=   all | maxDets=100 ] = 0.025
 Average Precision  (AP) @[ IoU=0.75      | area=   all | maxDets=100 ] = 0.013
 Average Precision  (AP) @[ IoU=0.50:0.95 | area= small | maxDets=100 ] = -1.000
 Average Precision  (AP) @[ IoU=0.50:0.95 | area=medium | maxDets=100 ] = -1.000
 Average Precision  (AP) @[ IoU=0.50:0.95 | area= large | maxDets=100 ] = 0.014
 Average Recall     (AR) @[ IoU=0.50:0.95 | area=   all | maxDets=  1 ] = 0.027
 Average Recall     (AR) @[ IoU=0.50:0.95 | area=   all | maxDets= 10 ] = 0.133
 Average Recall     (AR) @[ IoU=0.50:0.95 | area=   all | maxDets=100 ] = 0.467
 Average Recall     (AR) @[ IoU=0.50:0.95 | area= small | maxDets=100 ] = -1.000
 Average Recall     (AR) @[ IoU=0.50:0.95 | area=medium | maxDets=100 ] = -1.000
 Average Recall     (AR) @[ IoU=0.50:0.95 | area= large | maxDets=100 ] = 0.467
 Average Recall     (AR) @[ IoU=0.50      | area=   all | maxDets=100 ] = 0.867
 Average Recall     (AR) @[ IoU=0.75      | area=   all | maxDets=100 ] = 0.500
best_stat: {'epoch': 16, 'coco_eval_bbox': 0.01995939432448158}
Epoch: [41]  [0/8]  eta: 0:00:04  lr: 0.000007  loss: 32.2821 (32.2821)  loss_mal: 1.6562 (1.6562)  loss_bbox: 0.9313 (0.9313)  loss_giou: 1.2541 (1.2541)  loss_mal_aux_0: 1.1055 (1.1055)  loss_bbox_aux_0: 1.0319 (1.0319)  loss_giou_aux_0: 1.4131 (1.4131)  loss_mal_aux_1: 1.3340 (1.3340)  loss_bbox_aux_1: 0.9842 (0.9842)  loss_giou_aux_1: 1.3685 (1.3685)  loss_mal_pre: 1.1260 (1.1260)  loss_bbox_pre: 1.0900 (1.0900)  loss_giou_pre: 1.3911 (1.3911)  loss_mal_enc_0: 1.0664 (1.0664)  loss_bbox_enc_0: 1.2179 (1.2179)  loss_giou_enc_0: 1.3732 (1.3732)  loss_mal_dn_0: 1.1084 (1.1084)  loss_bbox_dn_0: 0.8647 (0.8647)  loss_giou_dn_0: 1.3881 (1.3881)  loss_mal_dn_1: 1.5996 (1.5996)  loss_bbox_dn_1: 0.6867 (0.6867)  loss_giou_dn_1: 1.2592 (1.2592)  loss_mal_dn_2: 1.7412 (1.7412)  loss_bbox_dn_2: 0.7107 (0.7107)  loss_giou_dn_2: 1.2057 (1.2057)  loss_mal_dn_pre: 1.1123 (1.1123)  loss_bbox_dn_pre: 0.8724 (0.8724)  loss_giou_dn_pre: 1.3896 (1.3896)  time: 0.6163  data: 0.5112  max mem: 266
Epoch: [41]  [7/8]  eta: 0:00:00  lr: 0.000007  loss: 32.2821 (33.4482)  loss_mal: 1.5254 (1.7271)  loss_bbox: 0.8991 (0.8957)  loss_giou: 1.2541 (1.2544)  loss_mal_aux_0: 1.1055 (1.2054)  loss_bbox_aux_0: 1.0319 (1.1120)  loss_giou_aux_0: 1.3546 (1.3491)  loss_mal_aux_1: 1.3271 (1.5169)  loss_bbox_aux_1: 0.9102 (0.9516)  loss_giou_aux_1: 1.3685 (1.3200)  loss_mal_pre: 1.1074 (1.1964)  loss_bbox_pre: 1.1184 (1.1716)  loss_giou_pre: 1.3652 (1.3679)  loss_mal_enc_0: 1.0186 (1.0967)  loss_bbox_enc_0: 1.2447 (1.3408)  loss_giou_enc_0: 1.3545 (1.3751)  loss_mal_dn_0: 1.1279 (1.1306)  loss_bbox_dn_0: 0.9164 (1.0456)  loss_giou_dn_0: 1.3267 (1.3398)  loss_mal_dn_1: 1.6953 (1.6682)  loss_bbox_dn_1: 0.7507 (0.8325)  loss_giou_dn_1: 1.1762 (1.2139)  loss_mal_dn_2: 1.8682 (1.8296)  loss_bbox_dn_2: 0.7822 (0.8169)  loss_giou_dn_2: 1.1141 (1.1595)  loss_mal_dn_pre: 1.1504 (1.1550)  loss_bbox_dn_pre: 0.9166 (1.0388)  loss_giou_dn_pre: 1.3243 (1.3374)  time: 0.1725  data: 0.0941  max mem: 266
Epoch: [41] Total time: 0:00:01 (0.1803 s / it)
Averaged stats: lr: 0.000007  loss: 32.2821 (33.4482)  loss_mal: 1.5254 (1.7271)  loss_bbox: 0.8991 (0.8957)  loss_giou: 1.2541 (1.2544)  loss_mal_aux_0: 1.1055 (1.2054)  loss_bbox_aux_0: 1.0319 (1.1120)  loss_giou_aux_0: 1.3546 (1.3491)  loss_mal_aux_1: 1.3271 (1.5169)  loss_bbox_aux_1: 0.9102 (0.9516)  loss_giou_aux_1: 1.3685 (1.3200)  loss_mal_pre: 1.1074 (1.1964)  loss_bbox_pre: 1.1184 (1.1716)  loss_giou_pre: 1.3652 (1.3679)  loss_mal_enc_0: 1.0186 (1.0967)  loss_bbox_enc_0: 1.2447 (1.3408)  loss_giou_enc_0: 1.3545 (1.3751)  loss_mal_dn_0: 1.1279 (1.1306)  loss_bbox_dn_0: 0.9164 (1.0456)  loss_giou_dn_0: 1.3267 (1.3398)  loss_mal_dn_1: 1.6953 (1.6682)  loss_bbox_dn_1: 0.7507 (0.8325)  loss_giou_dn_1: 1.1762 (1.2139)  loss_mal_dn_2: 1.8682 (1.8296)  loss_bbox_dn_2: 0.7822 (0.8169)  loss_giou_dn_2: 1.1141 (1.1595)  loss_mal_dn_pre: 1.1504 (1.1550)  loss_bbox_dn_pre: 0.9166 (1.0388)  loss_giou_dn_pre: 1.3243 (1.3374)
Test:  [0/4]  eta: 0:00:02    time: 0.6401  data: 0.6224  max mem: 266
Test:  [3/4]  eta: 0:00:00    time: 0.2176  data: 0.1563  max mem: 266
Test: Total time: 0:00:00 (0.2378 s / it)
Averaged stats: 
Accumulating evaluation results...
COCOeval_opt.accumulate() finished...
DONE (t=0.00s).
IoU metric: bbox
 Average Precision  (AP) @[ IoU=0.50:0.95 | area=   all | maxDets=100 ] = 0.010
 Average Precision  (AP) @[ IoU=0.50      | area=   all | maxDets=100 ] = 0.021
 Average Precision  (AP) @[ IoU=0.75      | area=   all | maxDets=100 ] = 0.009
 Average Precision  (AP) @[ IoU=0.50:0.95 | area= small | maxDets=100 ] = -1.000
 Average Precision  (AP) @[ IoU=0.50:0.95 | area=medium | maxDets=100 ] = -1.000
 Average Precision  (AP) @[ IoU=0.50:0.95 | area= large | maxDets=100 ] = 0.010
 Average Recall     (AR) @[ IoU=0.50:0.95 | area=   all | maxDets=  1 ] = 0.000
 Average Recall     (AR) @[ IoU=0.50:0.95 | area=   all | maxDets= 10 ] = 0.097
 Average Recall     (AR) @[ IoU=0.50:0.95 | area=   all | maxDets=100 ] = 0.473
 Average Recall     (AR) @[ IoU=0.50:0.95 | area= small | maxDets=100 ] = -1.000
 Average Recall     (AR) @[ IoU=0.50:0.95 | area=medium | maxDets=100 ] = -1.000
 Average Recall     (AR) @[ IoU=0.50:0.95 | area= large | maxDets=100 ] = 0.473
 Average Recall     (AR) @[ IoU=0.50      | area=   all | maxDets=100 ] = 0.767
 Average Recall     (AR) @[ IoU=0.75      | area=   all | maxDets=100 ] = 0.533
best_stat: {'epoch': 16, 'coco_eval_bbox': 0.01995939432448158}
Epoch: [42]  [0/8]  eta: 0:00:06  lr: 0.000007  loss: 34.6094 (34.6094)  loss_mal: 2.1074 (2.1074)  loss_bbox: 0.9545 (0.9545)  loss_giou: 1.0458 (1.0458)  loss_mal_aux_0: 1.5322 (1.5322)  loss_bbox_aux_0: 0.9220 (0.9220)  loss_giou_aux_0: 1.1930 (1.1930)  loss_mal_aux_1: 1.9561 (1.9561)  loss_bbox_aux_1: 0.9415 (0.9415)  loss_giou_aux_1: 1.0967 (1.0967)  loss_mal_pre: 1.6543 (1.6543)  loss_bbox_pre: 0.9147 (0.9147)  loss_giou_pre: 1.1532 (1.1532)  loss_mal_enc_0: 1.4072 (1.4072)  loss_bbox_enc_0: 1.0863 (1.0863)  loss_giou_enc_0: 1.3801 (1.3801)  loss_mal_dn_0: 1.1953 (1.1953)  loss_bbox_dn_0: 1.1496 (1.1496)  loss_giou_dn_0: 1.3248 (1.3248)  loss_mal_dn_1: 1.7783 (1.7783)  loss_bbox_dn_1: 0.9658 (0.9658)  loss_giou_dn_1: 1.1595 (1.1595)  loss_mal_dn_2: 2.0391 (2.0391)  loss_bbox_dn_2: 0.9150 (0.9150)  loss_giou_dn_2: 1.0621 (1.0621)  loss_mal_dn_pre: 1.2354 (1.2354)  loss_bbox_dn_pre: 1.1207 (1.1207)  loss_giou_dn_pre: 1.3189 (1.3189)  time: 0.8013  data: 0.6912  max mem: 266
Epoch: [42]  [7/8]  eta: 0:00:00  lr: 0.000007  loss: 33.1361 (33.8151)  loss_mal: 1.5283 (1.6144)  loss_bbox: 0.9627 (0.9898)  loss_giou: 1.1992 (1.2806)  loss_mal_aux_0: 1.1846 (1.3135)  loss_bbox_aux_0: 0.9651 (1.1156)  loss_giou_aux_0: 1.2768 (1.2887)  loss_mal_aux_1: 1.4209 (1.5559)  loss_bbox_aux_1: 0.9913 (1.0126)  loss_giou_aux_1: 1.2766 (1.2766)  loss_mal_pre: 1.1445 (1.3000)  loss_bbox_pre: 1.0342 (1.1763)  loss_giou_pre: 1.2365 (1.2818)  loss_mal_enc_0: 1.0400 (1.1039)  loss_bbox_enc_0: 1.1172 (1.2891)  loss_giou_enc_0: 1.3382 (1.3885)  loss_mal_dn_0: 1.1953 (1.2094)  loss_bbox_dn_0: 0.9950 (1.0300)  loss_giou_dn_0: 1.3226 (1.3157)  loss_mal_dn_1: 1.7217 (1.7070)  loss_bbox_dn_1: 0.8449 (0.8860)  loss_giou_dn_1: 1.2011 (1.2101)  loss_mal_dn_2: 1.8232 (1.8593)  loss_bbox_dn_2: 0.8174 (0.8837)  loss_giou_dn_2: 1.1567 (1.1600)  loss_mal_dn_pre: 1.2354 (1.2356)  loss_bbox_dn_pre: 0.9969 (1.0218)  loss_giou_dn_pre: 1.3152 (1.3091)  time: 0.1867  data: 0.0885  max mem: 266
Epoch: [42] Total time: 0:00:01 (0.1931 s / it)
Averaged stats: lr: 0.000007  loss: 33.1361 (33.8151)  loss_mal: 1.5283 (1.6144)  loss_bbox: 0.9627 (0.9898)  loss_giou: 1.1992 (1.2806)  loss_mal_aux_0: 1.1846 (1.3135)  loss_bbox_aux_0: 0.9651 (1.1156)  loss_giou_aux_0: 1.2768 (1.2887)  loss_mal_aux_1: 1.4209 (1.5559)  loss_bbox_aux_1: 0.9913 (1.0126)  loss_giou_aux_1: 1.2766 (1.2766)  loss_mal_pre: 1.1445 (1.3000)  loss_bbox_pre: 1.0342 (1.1763)  loss_giou_pre: 1.2365 (1.2818)  loss_mal_enc_0: 1.0400 (1.1039)  loss_bbox_enc_0: 1.1172 (1.2891)  loss_giou_enc_0: 1.3382 (1.3885)  loss_mal_dn_0: 1.1953 (1.2094)  loss_bbox_dn_0: 0.9950 (1.0300)  loss_giou_dn_0: 1.3226 (1.3157)  loss_mal_dn_1: 1.7217 (1.7070)  loss_bbox_dn_1: 0.8449 (0.8860)  loss_giou_dn_1: 1.2011 (1.2101)  loss_mal_dn_2: 1.8232 (1.8593)  loss_bbox_dn_2: 0.8174 (0.8837)  loss_giou_dn_2: 1.1567 (1.1600)  loss_mal_dn_pre: 1.2354 (1.2356)  loss_bbox_dn_pre: 0.9969 (1.0218)  loss_giou_dn_pre: 1.3152 (1.3091)
Test:  [0/4]  eta: 0:00:02    time: 0.6729  data: 0.6550  max mem: 266
Test:  [3/4]  eta: 0:00:00    time: 0.1762  data: 0.1643  max mem: 266
Test: Total time: 0:00:00 (0.1947 s / it)
Averaged stats: 
Accumulating evaluation results...
COCOeval_opt.accumulate() finished...
DONE (t=0.00s).
IoU metric: bbox
 Average Precision  (AP) @[ IoU=0.50:0.95 | area=   all | maxDets=100 ] = 0.014
 Average Precision  (AP) @[ IoU=0.50      | area=   all | maxDets=100 ] = 0.029
 Average Precision  (AP) @[ IoU=0.75      | area=   all | maxDets=100 ] = 0.013
 Average Precision  (AP) @[ IoU=0.50:0.95 | area= small | maxDets=100 ] = -1.000
 Average Precision  (AP) @[ IoU=0.50:0.95 | area=medium | maxDets=100 ] = -1.000
 Average Precision  (AP) @[ IoU=0.50:0.95 | area= large | maxDets=100 ] = 0.014
 Average Recall     (AR) @[ IoU=0.50:0.95 | area=   all | maxDets=  1 ] = 0.027
 Average Recall     (AR) @[ IoU=0.50:0.95 | area=   all | maxDets= 10 ] = 0.100
 Average Recall     (AR) @[ IoU=0.50:0.95 | area=   all | maxDets=100 ] = 0.520
 Average Recall     (AR) @[ IoU=0.50:0.95 | area= small | maxDets=100 ] = -1.000
 Average Recall     (AR) @[ IoU=0.50:0.95 | area=medium | maxDets=100 ] = -1.000
 Average Recall     (AR) @[ IoU=0.50:0.95 | area= large | maxDets=100 ] = 0.520
 Average Recall     (AR) @[ IoU=0.50      | area=   all | maxDets=100 ] = 0.867
 Average Recall     (AR) @[ IoU=0.75      | area=   all | maxDets=100 ] = 0.667
best_stat: {'epoch': 16, 'coco_eval_bbox': 0.01995939432448158}
Epoch: [43]  [0/8]  eta: 0:00:03  lr: 0.000007  loss: 31.9771 (31.9771)  loss_mal: 0.5146 (0.5146)  loss_bbox: 1.4478 (1.4478)  loss_giou: 1.7924 (1.7924)  loss_mal_aux_0: 0.3965 (0.3965)  loss_bbox_aux_0: 1.5589 (1.5589)  loss_giou_aux_0: 1.7810 (1.7810)  loss_mal_aux_1: 0.4917 (0.4917)  loss_bbox_aux_1: 1.4914 (1.4914)  loss_giou_aux_1: 1.7590 (1.7590)  loss_mal_pre: 0.4099 (0.4099)  loss_bbox_pre: 1.5856 (1.5856)  loss_giou_pre: 1.7622 (1.7622)  loss_mal_enc_0: 0.3845 (0.3845)  loss_bbox_enc_0: 1.8709 (1.8709)  loss_giou_enc_0: 1.7375 (1.7375)  loss_mal_dn_0: 1.0195 (1.0195)  loss_bbox_dn_0: 0.6507 (0.6507)  loss_giou_dn_0: 1.4270 (1.4270)  loss_mal_dn_1: 1.4766 (1.4766)  loss_bbox_dn_1: 0.5571 (0.5571)  loss_giou_dn_1: 1.3300 (1.3300)  loss_mal_dn_2: 1.5566 (1.5566)  loss_bbox_dn_2: 0.5567 (0.5567)  loss_giou_dn_2: 1.2941 (1.2941)  loss_mal_dn_pre: 1.0430 (1.0430)  loss_bbox_dn_pre: 0.6497 (0.6497)  loss_giou_dn_pre: 1.4320 (1.4320)  time: 0.4572  data: 0.3710  max mem: 266
Epoch: [43]  [7/8]  eta: 0:00:00  lr: 0.000008  loss: 32.1892 (33.3830)  loss_mal: 1.1426 (1.4966)  loss_bbox: 0.9472 (0.9937)  loss_giou: 1.3419 (1.3519)  loss_mal_aux_0: 0.7539 (1.0999)  loss_bbox_aux_0: 1.1825 (1.1848)  loss_giou_aux_0: 1.4348 (1.4053)  loss_mal_aux_1: 1.1143 (1.4807)  loss_bbox_aux_1: 0.9084 (0.9755)  loss_giou_aux_1: 1.3074 (1.3342)  loss_mal_pre: 0.7764 (1.1154)  loss_bbox_pre: 1.2665 (1.2437)  loss_giou_pre: 1.3714 (1.3903)  loss_mal_enc_0: 0.6294 (0.9228)  loss_bbox_enc_0: 1.5400 (1.4500)  loss_giou_enc_0: 1.4933 (1.4371)  loss_mal_dn_0: 1.1475 (1.1515)  loss_bbox_dn_0: 0.8982 (0.9965)  loss_giou_dn_0: 1.3350 (1.3422)  loss_mal_dn_1: 1.6416 (1.6748)  loss_bbox_dn_1: 0.7078 (0.8112)  loss_giou_dn_1: 1.2377 (1.2272)  loss_mal_dn_2: 1.7480 (1.8353)  loss_bbox_dn_2: 0.6706 (0.7810)  loss_giou_dn_2: 1.1645 (1.1721)  loss_mal_dn_pre: 1.1787 (1.1753)  loss_bbox_dn_pre: 0.8797 (0.9918)  loss_giou_dn_pre: 1.3354 (1.3423)  time: 0.1573  data: 0.0714  max mem: 266
Epoch: [43] Total time: 0:00:01 (0.1660 s / it)
Averaged stats: lr: 0.000008  loss: 32.1892 (33.3830)  loss_mal: 1.1426 (1.4966)  loss_bbox: 0.9472 (0.9937)  loss_giou: 1.3419 (1.3519)  loss_mal_aux_0: 0.7539 (1.0999)  loss_bbox_aux_0: 1.1825 (1.1848)  loss_giou_aux_0: 1.4348 (1.4053)  loss_mal_aux_1: 1.1143 (1.4807)  loss_bbox_aux_1: 0.9084 (0.9755)  loss_giou_aux_1: 1.3074 (1.3342)  loss_mal_pre: 0.7764 (1.1154)  loss_bbox_pre: 1.2665 (1.2437)  loss_giou_pre: 1.3714 (1.3903)  loss_mal_enc_0: 0.6294 (0.9228)  loss_bbox_enc_0: 1.5400 (1.4500)  loss_giou_enc_0: 1.4933 (1.4371)  loss_mal_dn_0: 1.1475 (1.1515)  loss_bbox_dn_0: 0.8982 (0.9965)  loss_giou_dn_0: 1.3350 (1.3422)  loss_mal_dn_1: 1.6416 (1.6748)  loss_bbox_dn_1: 0.7078 (0.8112)  loss_giou_dn_1: 1.2377 (1.2272)  loss_mal_dn_2: 1.7480 (1.8353)  loss_bbox_dn_2: 0.6706 (0.7810)  loss_giou_dn_2: 1.1645 (1.1721)  loss_mal_dn_pre: 1.1787 (1.1753)  loss_bbox_dn_pre: 0.8797 (0.9918)  loss_giou_dn_pre: 1.3354 (1.3423)
Test:  [0/4]  eta: 0:00:02    time: 0.6365  data: 0.6144  max mem: 266
Test:  [3/4]  eta: 0:00:00    time: 0.1690  data: 0.1543  max mem: 266
Test: Total time: 0:00:00 (0.1878 s / it)
Averaged stats: 
Accumulating evaluation results...
COCOeval_opt.accumulate() finished...
DONE (t=0.00s).
IoU metric: bbox
 Average Precision  (AP) @[ IoU=0.50:0.95 | area=   all | maxDets=100 ] = 0.009
 Average Precision  (AP) @[ IoU=0.50      | area=   all | maxDets=100 ] = 0.020
 Average Precision  (AP) @[ IoU=0.75      | area=   all | maxDets=100 ] = 0.010
 Average Precision  (AP) @[ IoU=0.50:0.95 | area= small | maxDets=100 ] = -1.000
 Average Precision  (AP) @[ IoU=0.50:0.95 | area=medium | maxDets=100 ] = -1.000
 Average Precision  (AP) @[ IoU=0.50:0.95 | area= large | maxDets=100 ] = 0.009
 Average Recall     (AR) @[ IoU=0.50:0.95 | area=   all | maxDets=  1 ] = 0.003
 Average Recall     (AR) @[ IoU=0.50:0.95 | area=   all | maxDets= 10 ] = 0.103
 Average Recall     (AR) @[ IoU=0.50:0.95 | area=   all | maxDets=100 ] = 0.473
 Average Recall     (AR) @[ IoU=0.50:0.95 | area= small | maxDets=100 ] = -1.000
 Average Recall     (AR) @[ IoU=0.50:0.95 | area=medium | maxDets=100 ] = -1.000
 Average Recall     (AR) @[ IoU=0.50:0.95 | area= large | maxDets=100 ] = 0.473
 Average Recall     (AR) @[ IoU=0.50      | area=   all | maxDets=100 ] = 0.833
 Average Recall     (AR) @[ IoU=0.75      | area=   all | maxDets=100 ] = 0.567
best_stat: {'epoch': 16, 'coco_eval_bbox': 0.01995939432448158}
Epoch: [44]  [0/8]  eta: 0:00:07  lr: 0.000008  loss: 32.3478 (32.3478)  loss_mal: 1.5439 (1.5439)  loss_bbox: 0.8038 (0.8038)  loss_giou: 1.2651 (1.2651)  loss_mal_aux_0: 1.0762 (1.0762)  loss_bbox_aux_0: 1.2699 (1.2699)  loss_giou_aux_0: 1.3016 (1.3016)  loss_mal_aux_1: 1.3145 (1.3145)  loss_bbox_aux_1: 0.7317 (0.7317)  loss_giou_aux_1: 1.4195 (1.4195)  loss_mal_pre: 1.0889 (1.0889)  loss_bbox_pre: 1.2874 (1.2874)  loss_giou_pre: 1.2998 (1.2998)  loss_mal_enc_0: 0.8955 (0.8955)  loss_bbox_enc_0: 1.5077 (1.5077)  loss_giou_enc_0: 1.4526 (1.4526)  loss_mal_dn_0: 1.2822 (1.2822)  loss_bbox_dn_0: 0.7714 (0.7714)  loss_giou_dn_0: 1.2718 (1.2718)  loss_mal_dn_1: 1.9248 (1.9248)  loss_bbox_dn_1: 0.6213 (0.6213)  loss_giou_dn_1: 1.1074 (1.1074)  loss_mal_dn_2: 2.2051 (2.2051)  loss_bbox_dn_2: 0.5564 (0.5564)  loss_giou_dn_2: 0.9996 (0.9996)  loss_mal_dn_pre: 1.3184 (1.3184)  loss_bbox_dn_pre: 0.7593 (0.7593)  loss_giou_dn_pre: 1.2720 (1.2720)  time: 0.9188  data: 0.8325  max mem: 266
Epoch: [44]  [7/8]  eta: 0:00:00  lr: 0.000008  loss: 32.3999 (33.4372)  loss_mal: 1.5439 (1.7534)  loss_bbox: 0.8038 (0.9455)  loss_giou: 1.1133 (1.2238)  loss_mal_aux_0: 1.0762 (1.2600)  loss_bbox_aux_0: 1.1283 (1.0891)  loss_giou_aux_0: 1.2352 (1.2980)  loss_mal_aux_1: 1.3145 (1.5948)  loss_bbox_aux_1: 0.7879 (0.9935)  loss_giou_aux_1: 1.0812 (1.2560)  loss_mal_pre: 1.0889 (1.2491)  loss_bbox_pre: 1.2800 (1.1540)  loss_giou_pre: 1.2241 (1.2851)  loss_mal_enc_0: 0.8955 (1.0735)  loss_bbox_enc_0: 1.4070 (1.3126)  loss_giou_enc_0: 1.3631 (1.3733)  loss_mal_dn_0: 1.1787 (1.1888)  loss_bbox_dn_0: 0.8359 (0.9757)  loss_giou_dn_0: 1.2895 (1.3167)  loss_mal_dn_1: 1.7119 (1.7092)  loss_bbox_dn_1: 0.7162 (0.8300)  loss_giou_dn_1: 1.1765 (1.2076)  loss_mal_dn_2: 1.9873 (1.8873)  loss_bbox_dn_2: 0.6941 (0.8117)  loss_giou_dn_2: 1.1030 (1.1493)  loss_mal_dn_pre: 1.2100 (1.2139)  loss_bbox_dn_pre: 0.8308 (0.9693)  loss_giou_dn_pre: 1.2903 (1.3162)  time: 0.1871  data: 0.1190  max mem: 266
Epoch: [44] Total time: 0:00:01 (0.1928 s / it)
Averaged stats: lr: 0.000008  loss: 32.3999 (33.4372)  loss_mal: 1.5439 (1.7534)  loss_bbox: 0.8038 (0.9455)  loss_giou: 1.1133 (1.2238)  loss_mal_aux_0: 1.0762 (1.2600)  loss_bbox_aux_0: 1.1283 (1.0891)  loss_giou_aux_0: 1.2352 (1.2980)  loss_mal_aux_1: 1.3145 (1.5948)  loss_bbox_aux_1: 0.7879 (0.9935)  loss_giou_aux_1: 1.0812 (1.2560)  loss_mal_pre: 1.0889 (1.2491)  loss_bbox_pre: 1.2800 (1.1540)  loss_giou_pre: 1.2241 (1.2851)  loss_mal_enc_0: 0.8955 (1.0735)  loss_bbox_enc_0: 1.4070 (1.3126)  loss_giou_enc_0: 1.3631 (1.3733)  loss_mal_dn_0: 1.1787 (1.1888)  loss_bbox_dn_0: 0.8359 (0.9757)  loss_giou_dn_0: 1.2895 (1.3167)  loss_mal_dn_1: 1.7119 (1.7092)  loss_bbox_dn_1: 0.7162 (0.8300)  loss_giou_dn_1: 1.1765 (1.2076)  loss_mal_dn_2: 1.9873 (1.8873)  loss_bbox_dn_2: 0.6941 (0.8117)  loss_giou_dn_2: 1.1030 (1.1493)  loss_mal_dn_pre: 1.2100 (1.2139)  loss_bbox_dn_pre: 0.8308 (0.9693)  loss_giou_dn_pre: 1.2903 (1.3162)
Test:  [0/4]  eta: 0:00:02    time: 0.7292  data: 0.6933  max mem: 266
Test:  [3/4]  eta: 0:00:00    time: 0.1958  data: 0.1740  max mem: 266
Test: Total time: 0:00:00 (0.2248 s / it)
Averaged stats: 
Accumulating evaluation results...
COCOeval_opt.accumulate() finished...
DONE (t=0.00s).
IoU metric: bbox
 Average Precision  (AP) @[ IoU=0.50:0.95 | area=   all | maxDets=100 ] = 0.021
 Average Precision  (AP) @[ IoU=0.50      | area=   all | maxDets=100 ] = 0.037
 Average Precision  (AP) @[ IoU=0.75      | area=   all | maxDets=100 ] = 0.022
 Average Precision  (AP) @[ IoU=0.50:0.95 | area= small | maxDets=100 ] = -1.000
 Average Precision  (AP) @[ IoU=0.50:0.95 | area=medium | maxDets=100 ] = -1.000
 Average Precision  (AP) @[ IoU=0.50:0.95 | area= large | maxDets=100 ] = 0.021
 Average Recall     (AR) @[ IoU=0.50:0.95 | area=   all | maxDets=  1 ] = 0.027
 Average Recall     (AR) @[ IoU=0.50:0.95 | area=   all | maxDets= 10 ] = 0.087
 Average Recall     (AR) @[ IoU=0.50:0.95 | area=   all | maxDets=100 ] = 0.517
 Average Recall     (AR) @[ IoU=0.50:0.95 | area= small | maxDets=100 ] = -1.000
 Average Recall     (AR) @[ IoU=0.50:0.95 | area=medium | maxDets=100 ] = -1.000
 Average Recall     (AR) @[ IoU=0.50:0.95 | area= large | maxDets=100 ] = 0.517
 Average Recall     (AR) @[ IoU=0.50      | area=   all | maxDets=100 ] = 0.933
 Average Recall     (AR) @[ IoU=0.75      | area=   all | maxDets=100 ] = 0.500
best_stat: {'epoch': 44, 'coco_eval_bbox': 0.02138326383832478}
Epoch: [45]  [0/8]  eta: 0:00:06  lr: 0.000008  loss: 36.2858 (36.2858)  loss_mal: 1.5293 (1.5293)  loss_bbox: 1.3511 (1.3511)  loss_giou: 1.3822 (1.3822)  loss_mal_aux_0: 1.5459 (1.5459)  loss_bbox_aux_0: 1.4411 (1.4411)  loss_giou_aux_0: 1.1537 (1.1537)  loss_mal_aux_1: 1.5625 (1.5625)  loss_bbox_aux_1: 1.2738 (1.2738)  loss_giou_aux_1: 1.3878 (1.3878)  loss_mal_pre: 1.3652 (1.3652)  loss_bbox_pre: 1.4987 (1.4987)  loss_giou_pre: 1.2503 (1.2503)  loss_mal_enc_0: 1.2441 (1.2441)  loss_bbox_enc_0: 1.6527 (1.6527)  loss_giou_enc_0: 1.3635 (1.3635)  loss_mal_dn_0: 1.2988 (1.2988)  loss_bbox_dn_0: 1.0859 (1.0859)  loss_giou_dn_0: 1.2819 (1.2819)  loss_mal_dn_1: 1.8232 (1.8232)  loss_bbox_dn_1: 0.9339 (0.9339)  loss_giou_dn_1: 1.1800 (1.1800)  loss_mal_dn_2: 2.0000 (2.0000)  loss_bbox_dn_2: 0.8949 (0.8949)  loss_giou_dn_2: 1.1041 (1.1041)  loss_mal_dn_pre: 1.3154 (1.3154)  loss_bbox_dn_pre: 1.0860 (1.0860)  loss_giou_dn_pre: 1.2794 (1.2794)  time: 0.7533  data: 0.6634  max mem: 266
Epoch: [45]  [7/8]  eta: 0:00:00  lr: 0.000008  loss: 32.9882 (33.2394)  loss_mal: 1.6875 (1.8346)  loss_bbox: 0.8507 (0.8865)  loss_giou: 1.2231 (1.1913)  loss_mal_aux_0: 1.3652 (1.3353)  loss_bbox_aux_0: 0.9463 (1.0471)  loss_giou_aux_0: 1.2270 (1.2645)  loss_mal_aux_1: 1.5625 (1.6698)  loss_bbox_aux_1: 0.7541 (0.8578)  loss_giou_aux_1: 1.2481 (1.2522)  loss_mal_pre: 1.3584 (1.3220)  loss_bbox_pre: 1.0594 (1.1246)  loss_giou_pre: 1.2503 (1.2632)  loss_mal_enc_0: 1.1455 (1.1021)  loss_bbox_enc_0: 1.1839 (1.2599)  loss_giou_enc_0: 1.3234 (1.3494)  loss_mal_dn_0: 1.2549 (1.2551)  loss_bbox_dn_0: 0.8701 (0.8984)  loss_giou_dn_0: 1.2819 (1.2875)  loss_mal_dn_1: 1.7275 (1.7933)  loss_bbox_dn_1: 0.7200 (0.7623)  loss_giou_dn_1: 1.1800 (1.1779)  loss_mal_dn_2: 1.9326 (1.9824)  loss_bbox_dn_2: 0.7184 (0.7453)  loss_giou_dn_2: 1.1041 (1.1177)  loss_mal_dn_pre: 1.2578 (1.2784)  loss_bbox_dn_pre: 0.8538 (0.8936)  loss_giou_dn_pre: 1.2794 (1.2871)  time: 0.1600  data: 0.0864  max mem: 266
Epoch: [45] Total time: 0:00:01 (0.1664 s / it)
Averaged stats: lr: 0.000008  loss: 32.9882 (33.2394)  loss_mal: 1.6875 (1.8346)  loss_bbox: 0.8507 (0.8865)  loss_giou: 1.2231 (1.1913)  loss_mal_aux_0: 1.3652 (1.3353)  loss_bbox_aux_0: 0.9463 (1.0471)  loss_giou_aux_0: 1.2270 (1.2645)  loss_mal_aux_1: 1.5625 (1.6698)  loss_bbox_aux_1: 0.7541 (0.8578)  loss_giou_aux_1: 1.2481 (1.2522)  loss_mal_pre: 1.3584 (1.3220)  loss_bbox_pre: 1.0594 (1.1246)  loss_giou_pre: 1.2503 (1.2632)  loss_mal_enc_0: 1.1455 (1.1021)  loss_bbox_enc_0: 1.1839 (1.2599)  loss_giou_enc_0: 1.3234 (1.3494)  loss_mal_dn_0: 1.2549 (1.2551)  loss_bbox_dn_0: 0.8701 (0.8984)  loss_giou_dn_0: 1.2819 (1.2875)  loss_mal_dn_1: 1.7275 (1.7933)  loss_bbox_dn_1: 0.7200 (0.7623)  loss_giou_dn_1: 1.1800 (1.1779)  loss_mal_dn_2: 1.9326 (1.9824)  loss_bbox_dn_2: 0.7184 (0.7453)  loss_giou_dn_2: 1.1041 (1.1177)  loss_mal_dn_pre: 1.2578 (1.2784)  loss_bbox_dn_pre: 0.8538 (0.8936)  loss_giou_dn_pre: 1.2794 (1.2871)
Test:  [0/4]  eta: 0:00:02    time: 0.6581  data: 0.6396  max mem: 266
Test:  [3/4]  eta: 0:00:00    time: 0.1730  data: 0.1606  max mem: 266
Test: Total time: 0:00:00 (0.1925 s / it)
Averaged stats: 
Accumulating evaluation results...
COCOeval_opt.accumulate() finished...
DONE (t=0.00s).
IoU metric: bbox
 Average Precision  (AP) @[ IoU=0.50:0.95 | area=   all | maxDets=100 ] = 0.016
 Average Precision  (AP) @[ IoU=0.50      | area=   all | maxDets=100 ] = 0.028
 Average Precision  (AP) @[ IoU=0.75      | area=   all | maxDets=100 ] = 0.016
 Average Precision  (AP) @[ IoU=0.50:0.95 | area= small | maxDets=100 ] = -1.000
 Average Precision  (AP) @[ IoU=0.50:0.95 | area=medium | maxDets=100 ] = -1.000
 Average Precision  (AP) @[ IoU=0.50:0.95 | area= large | maxDets=100 ] = 0.016
 Average Recall     (AR) @[ IoU=0.50:0.95 | area=   all | maxDets=  1 ] = 0.027
 Average Recall     (AR) @[ IoU=0.50:0.95 | area=   all | maxDets= 10 ] = 0.100
 Average Recall     (AR) @[ IoU=0.50:0.95 | area=   all | maxDets=100 ] = 0.473
 Average Recall     (AR) @[ IoU=0.50:0.95 | area= small | maxDets=100 ] = -1.000
 Average Recall     (AR) @[ IoU=0.50:0.95 | area=medium | maxDets=100 ] = -1.000
 Average Recall     (AR) @[ IoU=0.50:0.95 | area= large | maxDets=100 ] = 0.473
 Average Recall     (AR) @[ IoU=0.50      | area=   all | maxDets=100 ] = 0.900
 Average Recall     (AR) @[ IoU=0.75      | area=   all | maxDets=100 ] = 0.500
best_stat: {'epoch': 44, 'coco_eval_bbox': 0.02138326383832478}
Epoch: [46]  [0/8]  eta: 0:00:04  lr: 0.000008  loss: 32.6998 (32.6998)  loss_mal: 1.5303 (1.5303)  loss_bbox: 1.0082 (1.0082)  loss_giou: 1.3141 (1.3141)  loss_mal_aux_0: 1.1758 (1.1758)  loss_bbox_aux_0: 1.2039 (1.2039)  loss_giou_aux_0: 1.3267 (1.3267)  loss_mal_aux_1: 1.4170 (1.4170)  loss_bbox_aux_1: 1.0054 (1.0054)  loss_giou_aux_1: 1.3353 (1.3353)  loss_mal_pre: 1.0752 (1.0752)  loss_bbox_pre: 1.3018 (1.3018)  loss_giou_pre: 1.3831 (1.3831)  loss_mal_enc_0: 0.8618 (0.8618)  loss_bbox_enc_0: 1.4683 (1.4683)  loss_giou_enc_0: 1.4846 (1.4846)  loss_mal_dn_0: 1.3359 (1.3359)  loss_bbox_dn_0: 0.6800 (0.6800)  loss_giou_dn_0: 1.2328 (1.2328)  loss_mal_dn_1: 1.7930 (1.7930)  loss_bbox_dn_1: 0.6335 (0.6335)  loss_giou_dn_1: 1.1740 (1.1740)  loss_mal_dn_2: 1.9111 (1.9111)  loss_bbox_dn_2: 0.6215 (0.6215)  loss_giou_dn_2: 1.1320 (1.1320)  loss_mal_dn_pre: 1.3916 (1.3916)  loss_bbox_dn_pre: 0.6748 (0.6748)  loss_giou_dn_pre: 1.2280 (1.2280)  time: 0.6059  data: 0.4995  max mem: 266
Epoch: [46]  [7/8]  eta: 0:00:00  lr: 0.000009  loss: 32.4521 (32.8045)  loss_mal: 1.3936 (1.6583)  loss_bbox: 0.9626 (0.9735)  loss_giou: 1.2897 (1.2497)  loss_mal_aux_0: 0.9155 (1.0822)  loss_bbox_aux_0: 1.1557 (1.2164)  loss_giou_aux_0: 1.3267 (1.3682)  loss_mal_aux_1: 1.2627 (1.5057)  loss_bbox_aux_1: 0.9596 (0.9979)  loss_giou_aux_1: 1.3331 (1.2774)  loss_mal_pre: 0.9336 (1.0431)  loss_bbox_pre: 1.2145 (1.2866)  loss_giou_pre: 1.3831 (1.3998)  loss_mal_enc_0: 0.7041 (0.8473)  loss_bbox_enc_0: 1.4683 (1.4583)  loss_giou_enc_0: 1.4846 (1.4831)  loss_mal_dn_0: 1.1895 (1.1809)  loss_bbox_dn_0: 0.7588 (0.8202)  loss_giou_dn_0: 1.3016 (1.3089)  loss_mal_dn_1: 1.6602 (1.7020)  loss_bbox_dn_1: 0.6755 (0.7016)  loss_giou_dn_1: 1.2122 (1.2056)  loss_mal_dn_2: 1.8311 (1.8591)  loss_bbox_dn_2: 0.6782 (0.6847)  loss_giou_dn_2: 1.1484 (1.1557)  loss_mal_dn_pre: 1.2393 (1.2223)  loss_bbox_dn_pre: 0.7438 (0.8087)  loss_giou_dn_pre: 1.2959 (1.3071)  time: 0.2261  data: 0.1147  max mem: 266
Epoch: [46] Total time: 0:00:01 (0.2345 s / it)
Averaged stats: lr: 0.000009  loss: 32.4521 (32.8045)  loss_mal: 1.3936 (1.6583)  loss_bbox: 0.9626 (0.9735)  loss_giou: 1.2897 (1.2497)  loss_mal_aux_0: 0.9155 (1.0822)  loss_bbox_aux_0: 1.1557 (1.2164)  loss_giou_aux_0: 1.3267 (1.3682)  loss_mal_aux_1: 1.2627 (1.5057)  loss_bbox_aux_1: 0.9596 (0.9979)  loss_giou_aux_1: 1.3331 (1.2774)  loss_mal_pre: 0.9336 (1.0431)  loss_bbox_pre: 1.2145 (1.2866)  loss_giou_pre: 1.3831 (1.3998)  loss_mal_enc_0: 0.7041 (0.8473)  loss_bbox_enc_0: 1.4683 (1.4583)  loss_giou_enc_0: 1.4846 (1.4831)  loss_mal_dn_0: 1.1895 (1.1809)  loss_bbox_dn_0: 0.7588 (0.8202)  loss_giou_dn_0: 1.3016 (1.3089)  loss_mal_dn_1: 1.6602 (1.7020)  loss_bbox_dn_1: 0.6755 (0.7016)  loss_giou_dn_1: 1.2122 (1.2056)  loss_mal_dn_2: 1.8311 (1.8591)  loss_bbox_dn_2: 0.6782 (0.6847)  loss_giou_dn_2: 1.1484 (1.1557)  loss_mal_dn_pre: 1.2393 (1.2223)  loss_bbox_dn_pre: 0.7438 (0.8087)  loss_giou_dn_pre: 1.2959 (1.3071)
Test:  [0/4]  eta: 0:00:02    time: 0.6086  data: 0.5915  max mem: 266
Test:  [3/4]  eta: 0:00:00    time: 0.1603  data: 0.1485  max mem: 266
Test: Total time: 0:00:00 (0.1801 s / it)
Averaged stats: 
Accumulating evaluation results...
COCOeval_opt.accumulate() finished...
DONE (t=0.00s).
IoU metric: bbox
 Average Precision  (AP) @[ IoU=0.50:0.95 | area=   all | maxDets=100 ] = 0.013
 Average Precision  (AP) @[ IoU=0.50      | area=   all | maxDets=100 ] = 0.035
 Average Precision  (AP) @[ IoU=0.75      | area=   all | maxDets=100 ] = 0.010
 Average Precision  (AP) @[ IoU=0.50:0.95 | area= small | maxDets=100 ] = -1.000
 Average Precision  (AP) @[ IoU=0.50:0.95 | area=medium | maxDets=100 ] = -1.000
 Average Precision  (AP) @[ IoU=0.50:0.95 | area= large | maxDets=100 ] = 0.013
 Average Recall     (AR) @[ IoU=0.50:0.95 | area=   all | maxDets=  1 ] = 0.000
 Average Recall     (AR) @[ IoU=0.50:0.95 | area=   all | maxDets= 10 ] = 0.140
 Average Recall     (AR) @[ IoU=0.50:0.95 | area=   all | maxDets=100 ] = 0.487
 Average Recall     (AR) @[ IoU=0.50:0.95 | area= small | maxDets=100 ] = -1.000
 Average Recall     (AR) @[ IoU=0.50:0.95 | area=medium | maxDets=100 ] = -1.000
 Average Recall     (AR) @[ IoU=0.50:0.95 | area= large | maxDets=100 ] = 0.487
 Average Recall     (AR) @[ IoU=0.50      | area=   all | maxDets=100 ] = 0.867
 Average Recall     (AR) @[ IoU=0.75      | area=   all | maxDets=100 ] = 0.500
best_stat: {'epoch': 44, 'coco_eval_bbox': 0.02138326383832478}
Epoch: [47]  [0/8]  eta: 0:00:07  lr: 0.000009  loss: 33.9472 (33.9472)  loss_mal: 2.1602 (2.1602)  loss_bbox: 0.8573 (0.8573)  loss_giou: 1.0663 (1.0663)  loss_mal_aux_0: 1.5322 (1.5322)  loss_bbox_aux_0: 0.9650 (0.9650)  loss_giou_aux_0: 1.1610 (1.1610)  loss_mal_aux_1: 1.6660 (1.6660)  loss_bbox_aux_1: 1.0048 (1.0048)  loss_giou_aux_1: 1.2179 (1.2179)  loss_mal_pre: 1.5947 (1.5947)  loss_bbox_pre: 1.0282 (1.0282)  loss_giou_pre: 1.1405 (1.1405)  loss_mal_enc_0: 1.2617 (1.2617)  loss_bbox_enc_0: 1.3268 (1.3268)  loss_giou_enc_0: 1.2650 (1.2650)  loss_mal_dn_0: 1.3633 (1.3633)  loss_bbox_dn_0: 0.8697 (0.8697)  loss_giou_dn_0: 1.2350 (1.2350)  loss_mal_dn_1: 1.8193 (1.8193)  loss_bbox_dn_1: 0.8370 (0.8370)  loss_giou_dn_1: 1.1834 (1.1834)  loss_mal_dn_2: 1.9248 (1.9248)  loss_bbox_dn_2: 0.8349 (0.8349)  loss_giou_dn_2: 1.1504 (1.1504)  loss_mal_dn_pre: 1.3857 (1.3857)  loss_bbox_dn_pre: 0.8624 (0.8624)  loss_giou_dn_pre: 1.2333 (1.2333)  time: 0.9145  data: 0.8322  max mem: 266
Epoch: [47]  [7/8]  eta: 0:00:00  lr: 0.000009  loss: 32.3381 (32.8948)  loss_mal: 1.2891 (1.6881)  loss_bbox: 0.8770 (0.8938)  loss_giou: 1.3244 (1.2411)  loss_mal_aux_0: 0.9395 (1.2524)  loss_bbox_aux_0: 0.9650 (1.0195)  loss_giou_aux_0: 1.3593 (1.2862)  loss_mal_aux_1: 1.2900 (1.5564)  loss_bbox_aux_1: 0.8875 (0.9046)  loss_giou_aux_1: 1.2763 (1.2604)  loss_mal_pre: 0.9595 (1.2841)  loss_bbox_pre: 1.0282 (1.0574)  loss_giou_pre: 1.3845 (1.2815)  loss_mal_enc_0: 0.8413 (1.1353)  loss_bbox_enc_0: 1.3268 (1.2582)  loss_giou_enc_0: 1.3058 (1.3432)  loss_mal_dn_0: 1.0879 (1.1604)  loss_bbox_dn_0: 0.8399 (0.9516)  loss_giou_dn_0: 1.3007 (1.3369)  loss_mal_dn_1: 1.5508 (1.6583)  loss_bbox_dn_1: 0.7269 (0.8246)  loss_giou_dn_1: 1.2523 (1.2341)  loss_mal_dn_2: 1.6416 (1.8003)  loss_bbox_dn_2: 0.6898 (0.8061)  loss_giou_dn_2: 1.1954 (1.1844)  loss_mal_dn_pre: 1.1221 (1.1943)  loss_bbox_dn_pre: 0.8371 (0.9460)  loss_giou_dn_pre: 1.3044 (1.3355)  time: 0.2252  data: 0.1456  max mem: 266
Epoch: [47] Total time: 0:00:01 (0.2315 s / it)
Averaged stats: lr: 0.000009  loss: 32.3381 (32.8948)  loss_mal: 1.2891 (1.6881)  loss_bbox: 0.8770 (0.8938)  loss_giou: 1.3244 (1.2411)  loss_mal_aux_0: 0.9395 (1.2524)  loss_bbox_aux_0: 0.9650 (1.0195)  loss_giou_aux_0: 1.3593 (1.2862)  loss_mal_aux_1: 1.2900 (1.5564)  loss_bbox_aux_1: 0.8875 (0.9046)  loss_giou_aux_1: 1.2763 (1.2604)  loss_mal_pre: 0.9595 (1.2841)  loss_bbox_pre: 1.0282 (1.0574)  loss_giou_pre: 1.3845 (1.2815)  loss_mal_enc_0: 0.8413 (1.1353)  loss_bbox_enc_0: 1.3268 (1.2582)  loss_giou_enc_0: 1.3058 (1.3432)  loss_mal_dn_0: 1.0879 (1.1604)  loss_bbox_dn_0: 0.8399 (0.9516)  loss_giou_dn_0: 1.3007 (1.3369)  loss_mal_dn_1: 1.5508 (1.6583)  loss_bbox_dn_1: 0.7269 (0.8246)  loss_giou_dn_1: 1.2523 (1.2341)  loss_mal_dn_2: 1.6416 (1.8003)  loss_bbox_dn_2: 0.6898 (0.8061)  loss_giou_dn_2: 1.1954 (1.1844)  loss_mal_dn_pre: 1.1221 (1.1943)  loss_bbox_dn_pre: 0.8371 (0.9460)  loss_giou_dn_pre: 1.3044 (1.3355)
Test:  [0/4]  eta: 0:00:02    time: 0.6266  data: 0.6065  max mem: 266
Test:  [3/4]  eta: 0:00:00    time: 0.1750  data: 0.1523  max mem: 266
Test: Total time: 0:00:00 (0.1935 s / it)
Averaged stats: 
Accumulating evaluation results...
COCOeval_opt.accumulate() finished...
DONE (t=0.00s).
IoU metric: bbox
 Average Precision  (AP) @[ IoU=0.50:0.95 | area=   all | maxDets=100 ] = 0.010
 Average Precision  (AP) @[ IoU=0.50      | area=   all | maxDets=100 ] = 0.022
 Average Precision  (AP) @[ IoU=0.75      | area=   all | maxDets=100 ] = 0.007
 Average Precision  (AP) @[ IoU=0.50:0.95 | area= small | maxDets=100 ] = -1.000
 Average Precision  (AP) @[ IoU=0.50:0.95 | area=medium | maxDets=100 ] = -1.000
 Average Precision  (AP) @[ IoU=0.50:0.95 | area= large | maxDets=100 ] = 0.010
 Average Recall     (AR) @[ IoU=0.50:0.95 | area=   all | maxDets=  1 ] = 0.027
 Average Recall     (AR) @[ IoU=0.50:0.95 | area=   all | maxDets= 10 ] = 0.130
 Average Recall     (AR) @[ IoU=0.50:0.95 | area=   all | maxDets=100 ] = 0.513
 Average Recall     (AR) @[ IoU=0.50:0.95 | area= small | maxDets=100 ] = -1.000
 Average Recall     (AR) @[ IoU=0.50:0.95 | area=medium | maxDets=100 ] = -1.000
 Average Recall     (AR) @[ IoU=0.50:0.95 | area= large | maxDets=100 ] = 0.513
 Average Recall     (AR) @[ IoU=0.50      | area=   all | maxDets=100 ] = 0.933
 Average Recall     (AR) @[ IoU=0.75      | area=   all | maxDets=100 ] = 0.600
best_stat: {'epoch': 44, 'coco_eval_bbox': 0.02138326383832478}
Epoch: [48]  [0/8]  eta: 0:00:05  lr: 0.000009  loss: 32.2745 (32.2745)  loss_mal: 1.5088 (1.5088)  loss_bbox: 0.9672 (0.9672)  loss_giou: 1.2710 (1.2710)  loss_mal_aux_0: 1.1514 (1.1514)  loss_bbox_aux_0: 0.9523 (0.9523)  loss_giou_aux_0: 1.3853 (1.3853)  loss_mal_aux_1: 1.4092 (1.4092)  loss_bbox_aux_1: 0.9750 (0.9750)  loss_giou_aux_1: 1.2958 (1.2958)  loss_mal_pre: 1.1680 (1.1680)  loss_bbox_pre: 1.0064 (1.0064)  loss_giou_pre: 1.3664 (1.3664)  loss_mal_enc_0: 0.9399 (0.9399)  loss_bbox_enc_0: 1.3699 (1.3699)  loss_giou_enc_0: 1.4290 (1.4290)  loss_mal_dn_0: 1.2324 (1.2324)  loss_bbox_dn_0: 0.8472 (0.8472)  loss_giou_dn_0: 1.2950 (1.2950)  loss_mal_dn_1: 1.6426 (1.6426)  loss_bbox_dn_1: 0.7179 (0.7179)  loss_giou_dn_1: 1.2450 (1.2450)  loss_mal_dn_2: 1.7734 (1.7734)  loss_bbox_dn_2: 0.7158 (0.7158)  loss_giou_dn_2: 1.1934 (1.1934)  loss_mal_dn_pre: 1.2783 (1.2783)  loss_bbox_dn_pre: 0.8421 (0.8421)  loss_giou_dn_pre: 1.2958 (1.2958)  time: 0.6676  data: 0.5805  max mem: 266
Epoch: [48]  [7/8]  eta: 0:00:00  lr: 0.000010  loss: 34.0893 (35.1511)  loss_mal: 2.4023 (2.2577)  loss_bbox: 0.8585 (0.8281)  loss_giou: 0.9696 (1.0383)  loss_mal_aux_0: 1.7334 (1.6619)  loss_bbox_aux_0: 0.9523 (1.0084)  loss_giou_aux_0: 1.0282 (1.1121)  loss_mal_aux_1: 2.1230 (2.0690)  loss_bbox_aux_1: 0.7409 (0.8593)  loss_giou_aux_1: 0.9915 (1.0963)  loss_mal_pre: 1.7158 (1.7240)  loss_bbox_pre: 1.0064 (1.0435)  loss_giou_pre: 1.0563 (1.0941)  loss_mal_enc_0: 1.2842 (1.4944)  loss_bbox_enc_0: 1.2342 (1.2087)  loss_giou_enc_0: 1.1658 (1.1811)  loss_mal_dn_0: 1.2324 (1.2626)  loss_bbox_dn_0: 1.1287 (1.1805)  loss_giou_dn_0: 1.2716 (1.2838)  loss_mal_dn_1: 1.6738 (1.8068)  loss_bbox_dn_1: 0.9214 (0.9942)  loss_giou_dn_1: 1.1217 (1.1588)  loss_mal_dn_2: 1.8447 (2.0165)  loss_bbox_dn_2: 0.8580 (0.9458)  loss_giou_dn_2: 1.0396 (1.0871)  loss_mal_dn_pre: 1.2783 (1.2990)  loss_bbox_dn_pre: 1.1175 (1.1594)  loss_giou_dn_pre: 1.2754 (1.2800)  time: 0.1825  data: 0.0996  max mem: 266
Epoch: [48] Total time: 0:00:01 (0.1892 s / it)
Averaged stats: lr: 0.000010  loss: 34.0893 (35.1511)  loss_mal: 2.4023 (2.2577)  loss_bbox: 0.8585 (0.8281)  loss_giou: 0.9696 (1.0383)  loss_mal_aux_0: 1.7334 (1.6619)  loss_bbox_aux_0: 0.9523 (1.0084)  loss_giou_aux_0: 1.0282 (1.1121)  loss_mal_aux_1: 2.1230 (2.0690)  loss_bbox_aux_1: 0.7409 (0.8593)  loss_giou_aux_1: 0.9915 (1.0963)  loss_mal_pre: 1.7158 (1.7240)  loss_bbox_pre: 1.0064 (1.0435)  loss_giou_pre: 1.0563 (1.0941)  loss_mal_enc_0: 1.2842 (1.4944)  loss_bbox_enc_0: 1.2342 (1.2087)  loss_giou_enc_0: 1.1658 (1.1811)  loss_mal_dn_0: 1.2324 (1.2626)  loss_bbox_dn_0: 1.1287 (1.1805)  loss_giou_dn_0: 1.2716 (1.2838)  loss_mal_dn_1: 1.6738 (1.8068)  loss_bbox_dn_1: 0.9214 (0.9942)  loss_giou_dn_1: 1.1217 (1.1588)  loss_mal_dn_2: 1.8447 (2.0165)  loss_bbox_dn_2: 0.8580 (0.9458)  loss_giou_dn_2: 1.0396 (1.0871)  loss_mal_dn_pre: 1.2783 (1.2990)  loss_bbox_dn_pre: 1.1175 (1.1594)  loss_giou_dn_pre: 1.2754 (1.2800)
Test:  [0/4]  eta: 0:00:02    time: 0.6895  data: 0.6663  max mem: 266
Test:  [3/4]  eta: 0:00:00    time: 0.1914  data: 0.1672  max mem: 266
Test: Total time: 0:00:00 (0.2140 s / it)
Averaged stats: 
Accumulating evaluation results...
COCOeval_opt.accumulate() finished...
DONE (t=0.00s).
IoU metric: bbox
 Average Precision  (AP) @[ IoU=0.50:0.95 | area=   all | maxDets=100 ] = 0.009
 Average Precision  (AP) @[ IoU=0.50      | area=   all | maxDets=100 ] = 0.027
 Average Precision  (AP) @[ IoU=0.75      | area=   all | maxDets=100 ] = 0.006
 Average Precision  (AP) @[ IoU=0.50:0.95 | area= small | maxDets=100 ] = -1.000
 Average Precision  (AP) @[ IoU=0.50:0.95 | area=medium | maxDets=100 ] = -1.000
 Average Precision  (AP) @[ IoU=0.50:0.95 | area= large | maxDets=100 ] = 0.009
 Average Recall     (AR) @[ IoU=0.50:0.95 | area=   all | maxDets=  1 ] = 0.037
 Average Recall     (AR) @[ IoU=0.50:0.95 | area=   all | maxDets= 10 ] = 0.070
 Average Recall     (AR) @[ IoU=0.50:0.95 | area=   all | maxDets=100 ] = 0.520
 Average Recall     (AR) @[ IoU=0.50:0.95 | area= small | maxDets=100 ] = -1.000
 Average Recall     (AR) @[ IoU=0.50:0.95 | area=medium | maxDets=100 ] = -1.000
 Average Recall     (AR) @[ IoU=0.50:0.95 | area= large | maxDets=100 ] = 0.520
 Average Recall     (AR) @[ IoU=0.50      | area=   all | maxDets=100 ] = 0.900
 Average Recall     (AR) @[ IoU=0.75      | area=   all | maxDets=100 ] = 0.500
best_stat: {'epoch': 44, 'coco_eval_bbox': 0.02138326383832478}
Epoch: [49]  [0/8]  eta: 0:00:07  lr: 0.000010  loss: 32.7544 (32.7544)  loss_mal: 0.9175 (0.9175)  loss_bbox: 1.2959 (1.2959)  loss_giou: 1.5782 (1.5782)  loss_mal_aux_0: 0.7759 (0.7759)  loss_bbox_aux_0: 1.4727 (1.4727)  loss_giou_aux_0: 1.5298 (1.5298)  loss_mal_aux_1: 0.7998 (0.7998)  loss_bbox_aux_1: 1.1851 (1.1851)  loss_giou_aux_1: 1.7361 (1.7361)  loss_mal_pre: 0.7803 (0.7803)  loss_bbox_pre: 1.4291 (1.4291)  loss_giou_pre: 1.5852 (1.5852)  loss_mal_enc_0: 0.6885 (0.6885)  loss_bbox_enc_0: 1.6535 (1.6535)  loss_giou_enc_0: 1.5786 (1.5786)  loss_mal_dn_0: 1.2568 (1.2568)  loss_bbox_dn_0: 0.6922 (0.6922)  loss_giou_dn_0: 1.2826 (1.2826)  loss_mal_dn_1: 1.7305 (1.7305)  loss_bbox_dn_1: 0.6548 (0.6548)  loss_giou_dn_1: 1.2010 (1.2010)  loss_mal_dn_2: 1.8643 (1.8643)  loss_bbox_dn_2: 0.6579 (0.6579)  loss_giou_dn_2: 1.1518 (1.1518)  loss_mal_dn_pre: 1.2842 (1.2842)  loss_bbox_dn_pre: 0.6908 (0.6908)  loss_giou_dn_pre: 1.2813 (1.2813)  time: 0.9433  data: 0.8514  max mem: 266
Epoch: [49]  [7/8]  eta: 0:00:00  lr: 0.000010  loss: 31.6204 (31.9421)  loss_mal: 1.3340 (1.3193)  loss_bbox: 0.8666 (0.9563)  loss_giou: 1.4000 (1.4107)  loss_mal_aux_0: 0.8999 (0.9261)  loss_bbox_aux_0: 1.1630 (1.1561)  loss_giou_aux_0: 1.4520 (1.4548)  loss_mal_aux_1: 1.0967 (1.1694)  loss_bbox_aux_1: 0.9512 (0.9260)  loss_giou_aux_1: 1.4931 (1.4900)  loss_mal_pre: 0.7837 (0.9108)  loss_bbox_pre: 1.2503 (1.2216)  loss_giou_pre: 1.4788 (1.4719)  loss_mal_enc_0: 0.6924 (0.7975)  loss_bbox_enc_0: 1.3951 (1.3549)  loss_giou_enc_0: 1.5398 (1.5185)  loss_mal_dn_0: 1.1729 (1.1862)  loss_bbox_dn_0: 0.7541 (0.7730)  loss_giou_dn_0: 1.3250 (1.3227)  loss_mal_dn_1: 1.7188 (1.7034)  loss_bbox_dn_1: 0.6334 (0.6523)  loss_giou_dn_1: 1.2010 (1.2249)  loss_mal_dn_2: 1.8643 (1.8805)  loss_bbox_dn_2: 0.6351 (0.6348)  loss_giou_dn_2: 1.1471 (1.1661)  loss_mal_dn_pre: 1.2236 (1.2302)  loss_bbox_dn_pre: 0.7456 (0.7641)  loss_giou_dn_pre: 1.3187 (1.3199)  time: 0.2048  data: 0.1244  max mem: 266
Epoch: [49] Total time: 0:00:01 (0.2147 s / it)
Averaged stats: lr: 0.000010  loss: 31.6204 (31.9421)  loss_mal: 1.3340 (1.3193)  loss_bbox: 0.8666 (0.9563)  loss_giou: 1.4000 (1.4107)  loss_mal_aux_0: 0.8999 (0.9261)  loss_bbox_aux_0: 1.1630 (1.1561)  loss_giou_aux_0: 1.4520 (1.4548)  loss_mal_aux_1: 1.0967 (1.1694)  loss_bbox_aux_1: 0.9512 (0.9260)  loss_giou_aux_1: 1.4931 (1.4900)  loss_mal_pre: 0.7837 (0.9108)  loss_bbox_pre: 1.2503 (1.2216)  loss_giou_pre: 1.4788 (1.4719)  loss_mal_enc_0: 0.6924 (0.7975)  loss_bbox_enc_0: 1.3951 (1.3549)  loss_giou_enc_0: 1.5398 (1.5185)  loss_mal_dn_0: 1.1729 (1.1862)  loss_bbox_dn_0: 0.7541 (0.7730)  loss_giou_dn_0: 1.3250 (1.3227)  loss_mal_dn_1: 1.7188 (1.7034)  loss_bbox_dn_1: 0.6334 (0.6523)  loss_giou_dn_1: 1.2010 (1.2249)  loss_mal_dn_2: 1.8643 (1.8805)  loss_bbox_dn_2: 0.6351 (0.6348)  loss_giou_dn_2: 1.1471 (1.1661)  loss_mal_dn_pre: 1.2236 (1.2302)  loss_bbox_dn_pre: 0.7456 (0.7641)  loss_giou_dn_pre: 1.3187 (1.3199)
Test:  [0/4]  eta: 0:00:02    time: 0.6702  data: 0.6528  max mem: 266
Test:  [3/4]  eta: 0:00:00    time: 0.1793  data: 0.1639  max mem: 266
Test: Total time: 0:00:00 (0.1983 s / it)
Averaged stats: 
Accumulating evaluation results...
COCOeval_opt.accumulate() finished...
DONE (t=0.00s).
IoU metric: bbox
 Average Precision  (AP) @[ IoU=0.50:0.95 | area=   all | maxDets=100 ] = 0.007
 Average Precision  (AP) @[ IoU=0.50      | area=   all | maxDets=100 ] = 0.016
 Average Precision  (AP) @[ IoU=0.75      | area=   all | maxDets=100 ] = 0.006
 Average Precision  (AP) @[ IoU=0.50:0.95 | area= small | maxDets=100 ] = -1.000
 Average Precision  (AP) @[ IoU=0.50:0.95 | area=medium | maxDets=100 ] = -1.000
 Average Precision  (AP) @[ IoU=0.50:0.95 | area= large | maxDets=100 ] = 0.007
 Average Recall     (AR) @[ IoU=0.50:0.95 | area=   all | maxDets=  1 ] = 0.000
 Average Recall     (AR) @[ IoU=0.50:0.95 | area=   all | maxDets= 10 ] = 0.070
 Average Recall     (AR) @[ IoU=0.50:0.95 | area=   all | maxDets=100 ] = 0.507
 Average Recall     (AR) @[ IoU=0.50:0.95 | area= small | maxDets=100 ] = -1.000
 Average Recall     (AR) @[ IoU=0.50:0.95 | area=medium | maxDets=100 ] = -1.000
 Average Recall     (AR) @[ IoU=0.50:0.95 | area= large | maxDets=100 ] = 0.507
 Average Recall     (AR) @[ IoU=0.50      | area=   all | maxDets=100 ] = 0.867
 Average Recall     (AR) @[ IoU=0.75      | area=   all | maxDets=100 ] = 0.567
best_stat: {'epoch': 44, 'coco_eval_bbox': 0.02138326383832478}
Epoch: [50]  [0/8]  eta: 0:00:04  lr: 0.000010  loss: 31.2995 (31.2995)  loss_mal: 1.2285 (1.2285)  loss_bbox: 1.0432 (1.0432)  loss_giou: 1.3542 (1.3542)  loss_mal_aux_0: 1.0195 (1.0195)  loss_bbox_aux_0: 1.1111 (1.1111)  loss_giou_aux_0: 1.3531 (1.3531)  loss_mal_aux_1: 1.0967 (1.0967)  loss_bbox_aux_1: 1.0180 (1.0180)  loss_giou_aux_1: 1.4480 (1.4480)  loss_mal_pre: 1.0762 (1.0762)  loss_bbox_pre: 1.1403 (1.1403)  loss_giou_pre: 1.3667 (1.3667)  loss_mal_enc_0: 0.8384 (0.8384)  loss_bbox_enc_0: 1.3634 (1.3634)  loss_giou_enc_0: 1.4653 (1.4653)  loss_mal_dn_0: 1.0820 (1.0820)  loss_bbox_dn_0: 0.7585 (0.7585)  loss_giou_dn_0: 1.3578 (1.3578)  loss_mal_dn_1: 1.5537 (1.5537)  loss_bbox_dn_1: 0.6093 (0.6093)  loss_giou_dn_1: 1.2650 (1.2650)  loss_mal_dn_2: 1.7090 (1.7090)  loss_bbox_dn_2: 0.5871 (0.5871)  loss_giou_dn_2: 1.2163 (1.2163)  loss_mal_dn_pre: 1.1357 (1.1357)  loss_bbox_dn_pre: 0.7491 (0.7491)  loss_giou_dn_pre: 1.3533 (1.3533)  time: 0.5509  data: 0.4399  max mem: 266
Epoch: [50]  [7/8]  eta: 0:00:00  lr: 0.000010  loss: 32.1664 (32.9139)  loss_mal: 1.3887 (1.5575)  loss_bbox: 1.0081 (1.0061)  loss_giou: 1.1568 (1.2613)  loss_mal_aux_0: 1.0195 (1.1066)  loss_bbox_aux_0: 1.1111 (1.1923)  loss_giou_aux_0: 1.2284 (1.3248)  loss_mal_aux_1: 1.2959 (1.4636)  loss_bbox_aux_1: 1.0315 (1.0265)  loss_giou_aux_1: 1.2053 (1.2930)  loss_mal_pre: 1.0762 (1.1805)  loss_bbox_pre: 1.1403 (1.2122)  loss_giou_pre: 1.2254 (1.3073)  loss_mal_enc_0: 0.8516 (0.9619)  loss_bbox_enc_0: 1.3634 (1.4005)  loss_giou_enc_0: 1.2824 (1.4020)  loss_mal_dn_0: 1.1582 (1.2152)  loss_bbox_dn_0: 0.7761 (0.8781)  loss_giou_dn_0: 1.2847 (1.2861)  loss_mal_dn_1: 1.6543 (1.7214)  loss_bbox_dn_1: 0.6345 (0.7494)  loss_giou_dn_1: 1.2110 (1.1950)  loss_mal_dn_2: 1.8232 (1.8790)  loss_bbox_dn_2: 0.6524 (0.7356)  loss_giou_dn_2: 1.1619 (1.1460)  loss_mal_dn_pre: 1.2002 (1.2527)  loss_bbox_dn_pre: 0.7660 (0.8734)  loss_giou_dn_pre: 1.2911 (1.2858)  time: 0.1667  data: 0.0687  max mem: 266
Epoch: [50] Total time: 0:00:01 (0.1740 s / it)
Averaged stats: lr: 0.000010  loss: 32.1664 (32.9139)  loss_mal: 1.3887 (1.5575)  loss_bbox: 1.0081 (1.0061)  loss_giou: 1.1568 (1.2613)  loss_mal_aux_0: 1.0195 (1.1066)  loss_bbox_aux_0: 1.1111 (1.1923)  loss_giou_aux_0: 1.2284 (1.3248)  loss_mal_aux_1: 1.2959 (1.4636)  loss_bbox_aux_1: 1.0315 (1.0265)  loss_giou_aux_1: 1.2053 (1.2930)  loss_mal_pre: 1.0762 (1.1805)  loss_bbox_pre: 1.1403 (1.2122)  loss_giou_pre: 1.2254 (1.3073)  loss_mal_enc_0: 0.8516 (0.9619)  loss_bbox_enc_0: 1.3634 (1.4005)  loss_giou_enc_0: 1.2824 (1.4020)  loss_mal_dn_0: 1.1582 (1.2152)  loss_bbox_dn_0: 0.7761 (0.8781)  loss_giou_dn_0: 1.2847 (1.2861)  loss_mal_dn_1: 1.6543 (1.7214)  loss_bbox_dn_1: 0.6345 (0.7494)  loss_giou_dn_1: 1.2110 (1.1950)  loss_mal_dn_2: 1.8232 (1.8790)  loss_bbox_dn_2: 0.6524 (0.7356)  loss_giou_dn_2: 1.1619 (1.1460)  loss_mal_dn_pre: 1.2002 (1.2527)  loss_bbox_dn_pre: 0.7660 (0.8734)  loss_giou_dn_pre: 1.2911 (1.2858)
Test:  [0/4]  eta: 0:00:02    time: 0.6674  data: 0.6483  max mem: 266
Test:  [3/4]  eta: 0:00:00    time: 0.1770  data: 0.1627  max mem: 266
Test: Total time: 0:00:00 (0.1951 s / it)
Averaged stats: 
Accumulating evaluation results...
COCOeval_opt.accumulate() finished...
DONE (t=0.00s).
IoU metric: bbox
 Average Precision  (AP) @[ IoU=0.50:0.95 | area=   all | maxDets=100 ] = 0.010
 Average Precision  (AP) @[ IoU=0.50      | area=   all | maxDets=100 ] = 0.025
 Average Precision  (AP) @[ IoU=0.75      | area=   all | maxDets=100 ] = 0.007
 Average Precision  (AP) @[ IoU=0.50:0.95 | area= small | maxDets=100 ] = -1.000
 Average Precision  (AP) @[ IoU=0.50:0.95 | area=medium | maxDets=100 ] = -1.000
 Average Precision  (AP) @[ IoU=0.50:0.95 | area= large | maxDets=100 ] = 0.010
 Average Recall     (AR) @[ IoU=0.50:0.95 | area=   all | maxDets=  1 ] = 0.003
 Average Recall     (AR) @[ IoU=0.50:0.95 | area=   all | maxDets= 10 ] = 0.103
 Average Recall     (AR) @[ IoU=0.50:0.95 | area=   all | maxDets=100 ] = 0.573
 Average Recall     (AR) @[ IoU=0.50:0.95 | area= small | maxDets=100 ] = -1.000
 Average Recall     (AR) @[ IoU=0.50:0.95 | area=medium | maxDets=100 ] = -1.000
 Average Recall     (AR) @[ IoU=0.50:0.95 | area= large | maxDets=100 ] = 0.573
 Average Recall     (AR) @[ IoU=0.50      | area=   all | maxDets=100 ] = 0.933
 Average Recall     (AR) @[ IoU=0.75      | area=   all | maxDets=100 ] = 0.633
best_stat: {'epoch': 44, 'coco_eval_bbox': 0.02138326383832478}
Epoch: [51]  [0/8]  eta: 0:00:04  lr: 0.000010  loss: 31.2589 (31.2589)  loss_mal: 0.8877 (0.8877)  loss_bbox: 1.0062 (1.0062)  loss_giou: 1.5930 (1.5930)  loss_mal_aux_0: 0.6475 (0.6475)  loss_bbox_aux_0: 1.2613 (1.2613)  loss_giou_aux_0: 1.6720 (1.6720)  loss_mal_aux_1: 0.7227 (0.7227)  loss_bbox_aux_1: 1.0612 (1.0612)  loss_giou_aux_1: 1.6578 (1.6578)  loss_mal_pre: 0.6187 (0.6187)  loss_bbox_pre: 1.3695 (1.3695)  loss_giou_pre: 1.6740 (1.6740)  loss_mal_enc_0: 0.4187 (0.4187)  loss_bbox_enc_0: 1.6915 (1.6915)  loss_giou_enc_0: 1.7398 (1.7398)  loss_mal_dn_0: 1.1670 (1.1670)  loss_bbox_dn_0: 0.6472 (0.6472)  loss_giou_dn_0: 1.3231 (1.3231)  loss_mal_dn_1: 1.6621 (1.6621)  loss_bbox_dn_1: 0.5241 (0.5241)  loss_giou_dn_1: 1.2345 (1.2345)  loss_mal_dn_2: 1.8086 (1.8086)  loss_bbox_dn_2: 0.5210 (0.5210)  loss_giou_dn_2: 1.1817 (1.1817)  loss_mal_dn_pre: 1.1885 (1.1885)  loss_bbox_dn_pre: 0.6519 (0.6519)  loss_giou_dn_pre: 1.3279 (1.3279)  time: 0.5828  data: 0.4985  max mem: 266
Epoch: [51]  [7/8]  eta: 0:00:00  lr: 0.000011  loss: 32.7707 (33.5002)  loss_mal: 1.3145 (1.9690)  loss_bbox: 0.8692 (0.8783)  loss_giou: 0.9839 (1.1401)  loss_mal_aux_0: 0.9790 (1.4545)  loss_bbox_aux_0: 0.9664 (1.0183)  loss_giou_aux_0: 1.2105 (1.2390)  loss_mal_aux_1: 1.3691 (1.8640)  loss_bbox_aux_1: 0.8743 (0.8939)  loss_giou_aux_1: 0.9649 (1.1734)  loss_mal_pre: 0.9980 (1.4709)  loss_bbox_pre: 1.0548 (1.0828)  loss_giou_pre: 1.1283 (1.2201)  loss_mal_enc_0: 0.7920 (1.3257)  loss_bbox_enc_0: 1.0093 (1.1953)  loss_giou_enc_0: 1.2114 (1.2921)  loss_mal_dn_0: 1.2021 (1.2126)  loss_bbox_dn_0: 0.6720 (0.8907)  loss_giou_dn_0: 1.2936 (1.2966)  loss_mal_dn_1: 1.6953 (1.7257)  loss_bbox_dn_1: 0.6306 (0.7658)  loss_giou_dn_1: 1.1921 (1.1912)  loss_mal_dn_2: 1.8398 (1.8951)  loss_bbox_dn_2: 0.6433 (0.7413)  loss_giou_dn_2: 1.1310 (1.1325)  loss_mal_dn_pre: 1.2471 (1.2538)  loss_bbox_dn_pre: 0.6697 (0.8838)  loss_giou_dn_pre: 1.2924 (1.2938)  time: 0.1978  data: 0.1250  max mem: 266
Epoch: [51] Total time: 0:00:01 (0.2061 s / it)
Averaged stats: lr: 0.000011  loss: 32.7707 (33.5002)  loss_mal: 1.3145 (1.9690)  loss_bbox: 0.8692 (0.8783)  loss_giou: 0.9839 (1.1401)  loss_mal_aux_0: 0.9790 (1.4545)  loss_bbox_aux_0: 0.9664 (1.0183)  loss_giou_aux_0: 1.2105 (1.2390)  loss_mal_aux_1: 1.3691 (1.8640)  loss_bbox_aux_1: 0.8743 (0.8939)  loss_giou_aux_1: 0.9649 (1.1734)  loss_mal_pre: 0.9980 (1.4709)  loss_bbox_pre: 1.0548 (1.0828)  loss_giou_pre: 1.1283 (1.2201)  loss_mal_enc_0: 0.7920 (1.3257)  loss_bbox_enc_0: 1.0093 (1.1953)  loss_giou_enc_0: 1.2114 (1.2921)  loss_mal_dn_0: 1.2021 (1.2126)  loss_bbox_dn_0: 0.6720 (0.8907)  loss_giou_dn_0: 1.2936 (1.2966)  loss_mal_dn_1: 1.6953 (1.7257)  loss_bbox_dn_1: 0.6306 (0.7658)  loss_giou_dn_1: 1.1921 (1.1912)  loss_mal_dn_2: 1.8398 (1.8951)  loss_bbox_dn_2: 0.6433 (0.7413)  loss_giou_dn_2: 1.1310 (1.1325)  loss_mal_dn_pre: 1.2471 (1.2538)  loss_bbox_dn_pre: 0.6697 (0.8838)  loss_giou_dn_pre: 1.2924 (1.2938)
Test:  [0/4]  eta: 0:00:02    time: 0.6973  data: 0.6774  max mem: 266
Test:  [3/4]  eta: 0:00:00    time: 0.1929  data: 0.1699  max mem: 266
Test: Total time: 0:00:00 (0.2110 s / it)
Averaged stats: 
Accumulating evaluation results...
COCOeval_opt.accumulate() finished...
DONE (t=0.00s).
IoU metric: bbox
 Average Precision  (AP) @[ IoU=0.50:0.95 | area=   all | maxDets=100 ] = 0.009
 Average Precision  (AP) @[ IoU=0.50      | area=   all | maxDets=100 ] = 0.021
 Average Precision  (AP) @[ IoU=0.75      | area=   all | maxDets=100 ] = 0.008
 Average Precision  (AP) @[ IoU=0.50:0.95 | area= small | maxDets=100 ] = -1.000
 Average Precision  (AP) @[ IoU=0.50:0.95 | area=medium | maxDets=100 ] = -1.000
 Average Precision  (AP) @[ IoU=0.50:0.95 | area= large | maxDets=100 ] = 0.009
 Average Recall     (AR) @[ IoU=0.50:0.95 | area=   all | maxDets=  1 ] = 0.020
 Average Recall     (AR) @[ IoU=0.50:0.95 | area=   all | maxDets= 10 ] = 0.133
 Average Recall     (AR) @[ IoU=0.50:0.95 | area=   all | maxDets=100 ] = 0.500
 Average Recall     (AR) @[ IoU=0.50:0.95 | area= small | maxDets=100 ] = -1.000
 Average Recall     (AR) @[ IoU=0.50:0.95 | area=medium | maxDets=100 ] = -1.000
 Average Recall     (AR) @[ IoU=0.50:0.95 | area= large | maxDets=100 ] = 0.500
 Average Recall     (AR) @[ IoU=0.50      | area=   all | maxDets=100 ] = 0.867
 Average Recall     (AR) @[ IoU=0.75      | area=   all | maxDets=100 ] = 0.533
best_stat: {'epoch': 44, 'coco_eval_bbox': 0.02138326383832478}
Epoch: [52]  [0/8]  eta: 0:00:05  lr: 0.000011  loss: 33.7522 (33.7522)  loss_mal: 2.2500 (2.2500)  loss_bbox: 0.7642 (0.7642)  loss_giou: 0.9995 (0.9995)  loss_mal_aux_0: 1.9531 (1.9531)  loss_bbox_aux_0: 0.7758 (0.7758)  loss_giou_aux_0: 0.9468 (0.9468)  loss_mal_aux_1: 2.4238 (2.4238)  loss_bbox_aux_1: 0.7105 (0.7105)  loss_giou_aux_1: 0.9378 (0.9378)  loss_mal_pre: 1.9482 (1.9482)  loss_bbox_pre: 0.8245 (0.8245)  loss_giou_pre: 0.9548 (0.9548)  loss_mal_enc_0: 1.7031 (1.7031)  loss_bbox_enc_0: 0.8675 (0.8675)  loss_giou_enc_0: 1.0905 (1.0905)  loss_mal_dn_0: 1.2090 (1.2090)  loss_bbox_dn_0: 1.0173 (1.0173)  loss_giou_dn_0: 1.3145 (1.3145)  loss_mal_dn_1: 1.5615 (1.5615)  loss_bbox_dn_1: 0.8980 (0.8980)  loss_giou_dn_1: 1.2485 (1.2485)  loss_mal_dn_2: 1.7686 (1.7686)  loss_bbox_dn_2: 0.8689 (0.8689)  loss_giou_dn_2: 1.1814 (1.1814)  loss_mal_dn_pre: 1.2236 (1.2236)  loss_bbox_dn_pre: 1.0059 (1.0059)  loss_giou_dn_pre: 1.3046 (1.3046)  time: 0.6530  data: 0.5596  max mem: 266
Epoch: [52]  [7/8]  eta: 0:00:00  lr: 0.000011  loss: 33.7522 (34.7179)  loss_mal: 2.2500 (2.3073)  loss_bbox: 0.7200 (0.7513)  loss_giou: 0.9427 (1.0081)  loss_mal_aux_0: 1.8076 (1.7852)  loss_bbox_aux_0: 0.8281 (0.8722)  loss_giou_aux_0: 0.9468 (1.0493)  loss_mal_aux_1: 2.1895 (2.2479)  loss_bbox_aux_1: 0.7589 (0.7686)  loss_giou_aux_1: 0.9378 (1.0144)  loss_mal_pre: 1.7178 (1.7870)  loss_bbox_pre: 0.8690 (0.9182)  loss_giou_pre: 0.9548 (1.0607)  loss_mal_enc_0: 1.4277 (1.6595)  loss_bbox_enc_0: 0.8675 (0.9926)  loss_giou_enc_0: 1.0905 (1.0971)  loss_mal_dn_0: 1.2305 (1.2488)  loss_bbox_dn_0: 0.9828 (1.1510)  loss_giou_dn_0: 1.2767 (1.2848)  loss_mal_dn_1: 1.6758 (1.7196)  loss_bbox_dn_1: 0.8788 (1.0342)  loss_giou_dn_1: 1.1992 (1.1937)  loss_mal_dn_2: 1.8184 (1.9355)  loss_bbox_dn_2: 0.7853 (0.9953)  loss_giou_dn_2: 1.1415 (1.1272)  loss_mal_dn_pre: 1.2646 (1.2839)  loss_bbox_dn_pre: 0.9730 (1.1418)  loss_giou_dn_pre: 1.2837 (1.2827)  time: 0.2073  data: 0.1303  max mem: 266
Epoch: [52] Total time: 0:00:01 (0.2149 s / it)
Averaged stats: lr: 0.000011  loss: 33.7522 (34.7179)  loss_mal: 2.2500 (2.3073)  loss_bbox: 0.7200 (0.7513)  loss_giou: 0.9427 (1.0081)  loss_mal_aux_0: 1.8076 (1.7852)  loss_bbox_aux_0: 0.8281 (0.8722)  loss_giou_aux_0: 0.9468 (1.0493)  loss_mal_aux_1: 2.1895 (2.2479)  loss_bbox_aux_1: 0.7589 (0.7686)  loss_giou_aux_1: 0.9378 (1.0144)  loss_mal_pre: 1.7178 (1.7870)  loss_bbox_pre: 0.8690 (0.9182)  loss_giou_pre: 0.9548 (1.0607)  loss_mal_enc_0: 1.4277 (1.6595)  loss_bbox_enc_0: 0.8675 (0.9926)  loss_giou_enc_0: 1.0905 (1.0971)  loss_mal_dn_0: 1.2305 (1.2488)  loss_bbox_dn_0: 0.9828 (1.1510)  loss_giou_dn_0: 1.2767 (1.2848)  loss_mal_dn_1: 1.6758 (1.7196)  loss_bbox_dn_1: 0.8788 (1.0342)  loss_giou_dn_1: 1.1992 (1.1937)  loss_mal_dn_2: 1.8184 (1.9355)  loss_bbox_dn_2: 0.7853 (0.9953)  loss_giou_dn_2: 1.1415 (1.1272)  loss_mal_dn_pre: 1.2646 (1.2839)  loss_bbox_dn_pre: 0.9730 (1.1418)  loss_giou_dn_pre: 1.2837 (1.2827)
Test:  [0/4]  eta: 0:00:02    time: 0.6779  data: 0.6579  max mem: 266
Test:  [3/4]  eta: 0:00:00    time: 0.1807  data: 0.1652  max mem: 266
Test: Total time: 0:00:00 (0.2024 s / it)
Averaged stats: 
Accumulating evaluation results...
COCOeval_opt.accumulate() finished...
DONE (t=0.00s).
IoU metric: bbox
 Average Precision  (AP) @[ IoU=0.50:0.95 | area=   all | maxDets=100 ] = 0.013
 Average Precision  (AP) @[ IoU=0.50      | area=   all | maxDets=100 ] = 0.026
 Average Precision  (AP) @[ IoU=0.75      | area=   all | maxDets=100 ] = 0.011
 Average Precision  (AP) @[ IoU=0.50:0.95 | area= small | maxDets=100 ] = -1.000
 Average Precision  (AP) @[ IoU=0.50:0.95 | area=medium | maxDets=100 ] = -1.000
 Average Precision  (AP) @[ IoU=0.50:0.95 | area= large | maxDets=100 ] = 0.013
 Average Recall     (AR) @[ IoU=0.50:0.95 | area=   all | maxDets=  1 ] = 0.030
 Average Recall     (AR) @[ IoU=0.50:0.95 | area=   all | maxDets= 10 ] = 0.087
 Average Recall     (AR) @[ IoU=0.50:0.95 | area=   all | maxDets=100 ] = 0.510
 Average Recall     (AR) @[ IoU=0.50:0.95 | area= small | maxDets=100 ] = -1.000
 Average Recall     (AR) @[ IoU=0.50:0.95 | area=medium | maxDets=100 ] = -1.000
 Average Recall     (AR) @[ IoU=0.50:0.95 | area= large | maxDets=100 ] = 0.510
 Average Recall     (AR) @[ IoU=0.50      | area=   all | maxDets=100 ] = 0.900
 Average Recall     (AR) @[ IoU=0.75      | area=   all | maxDets=100 ] = 0.567
best_stat: {'epoch': 44, 'coco_eval_bbox': 0.02138326383832478}
Epoch: [53]  [0/8]  eta: 0:00:07  lr: 0.000011  loss: 31.6633 (31.6633)  loss_mal: 2.0977 (2.0977)  loss_bbox: 0.6605 (0.6605)  loss_giou: 1.0231 (1.0231)  loss_mal_aux_0: 1.5801 (1.5801)  loss_bbox_aux_0: 0.7474 (0.7474)  loss_giou_aux_0: 1.1183 (1.1183)  loss_mal_aux_1: 1.9043 (1.9043)  loss_bbox_aux_1: 0.6814 (0.6814)  loss_giou_aux_1: 1.0976 (1.0976)  loss_mal_pre: 1.5869 (1.5869)  loss_bbox_pre: 0.7670 (0.7670)  loss_giou_pre: 1.1084 (1.1084)  loss_mal_enc_0: 1.3477 (1.3477)  loss_bbox_enc_0: 0.9668 (0.9668)  loss_giou_enc_0: 1.2148 (1.2148)  loss_mal_dn_0: 1.2471 (1.2471)  loss_bbox_dn_0: 0.7527 (0.7527)  loss_giou_dn_0: 1.2821 (1.2821)  loss_mal_dn_1: 1.6543 (1.6543)  loss_bbox_dn_1: 0.6554 (0.6554)  loss_giou_dn_1: 1.2119 (1.2119)  loss_mal_dn_2: 1.8340 (1.8340)  loss_bbox_dn_2: 0.6678 (0.6678)  loss_giou_dn_2: 1.1468 (1.1468)  loss_mal_dn_pre: 1.2871 (1.2871)  loss_bbox_dn_pre: 0.7430 (0.7430)  loss_giou_dn_pre: 1.2791 (1.2791)  time: 0.9558  data: 0.8548  max mem: 266
Epoch: [53]  [7/8]  eta: 0:00:00  lr: 0.000012  loss: 31.6633 (31.9084)  loss_mal: 1.4404 (1.6036)  loss_bbox: 0.8217 (0.8134)  loss_giou: 1.3196 (1.2629)  loss_mal_aux_0: 1.0264 (1.1544)  loss_bbox_aux_0: 1.0564 (1.0321)  loss_giou_aux_0: 1.3451 (1.3244)  loss_mal_aux_1: 1.2998 (1.5140)  loss_bbox_aux_1: 0.8614 (0.8267)  loss_giou_aux_1: 1.4040 (1.3041)  loss_mal_pre: 0.9766 (1.1340)  loss_bbox_pre: 1.0989 (1.1011)  loss_giou_pre: 1.3732 (1.3273)  loss_mal_enc_0: 0.7729 (0.9706)  loss_bbox_enc_0: 1.2824 (1.2413)  loss_giou_enc_0: 1.4576 (1.4069)  loss_mal_dn_0: 1.2275 (1.2439)  loss_bbox_dn_0: 0.7527 (0.7569)  loss_giou_dn_0: 1.2821 (1.2899)  loss_mal_dn_1: 1.7168 (1.7738)  loss_bbox_dn_1: 0.6554 (0.6396)  loss_giou_dn_1: 1.1952 (1.1834)  loss_mal_dn_2: 1.8340 (1.9006)  loss_bbox_dn_2: 0.6389 (0.6428)  loss_giou_dn_2: 1.1468 (1.1345)  loss_mal_dn_pre: 1.2568 (1.2845)  loss_bbox_dn_pre: 0.7430 (0.7528)  loss_giou_dn_pre: 1.2793 (1.2884)  time: 0.2112  data: 0.1117  max mem: 266
Epoch: [53] Total time: 0:00:01 (0.2186 s / it)
Averaged stats: lr: 0.000012  loss: 31.6633 (31.9084)  loss_mal: 1.4404 (1.6036)  loss_bbox: 0.8217 (0.8134)  loss_giou: 1.3196 (1.2629)  loss_mal_aux_0: 1.0264 (1.1544)  loss_bbox_aux_0: 1.0564 (1.0321)  loss_giou_aux_0: 1.3451 (1.3244)  loss_mal_aux_1: 1.2998 (1.5140)  loss_bbox_aux_1: 0.8614 (0.8267)  loss_giou_aux_1: 1.4040 (1.3041)  loss_mal_pre: 0.9766 (1.1340)  loss_bbox_pre: 1.0989 (1.1011)  loss_giou_pre: 1.3732 (1.3273)  loss_mal_enc_0: 0.7729 (0.9706)  loss_bbox_enc_0: 1.2824 (1.2413)  loss_giou_enc_0: 1.4576 (1.4069)  loss_mal_dn_0: 1.2275 (1.2439)  loss_bbox_dn_0: 0.7527 (0.7569)  loss_giou_dn_0: 1.2821 (1.2899)  loss_mal_dn_1: 1.7168 (1.7738)  loss_bbox_dn_1: 0.6554 (0.6396)  loss_giou_dn_1: 1.1952 (1.1834)  loss_mal_dn_2: 1.8340 (1.9006)  loss_bbox_dn_2: 0.6389 (0.6428)  loss_giou_dn_2: 1.1468 (1.1345)  loss_mal_dn_pre: 1.2568 (1.2845)  loss_bbox_dn_pre: 0.7430 (0.7528)  loss_giou_dn_pre: 1.2793 (1.2884)
Test:  [0/4]  eta: 0:00:02    time: 0.6749  data: 0.6577  max mem: 266
Test:  [3/4]  eta: 0:00:00    time: 0.1777  data: 0.1651  max mem: 266
Test: Total time: 0:00:00 (0.1968 s / it)
Averaged stats: 
Accumulating evaluation results...
COCOeval_opt.accumulate() finished...
DONE (t=0.00s).
IoU metric: bbox
 Average Precision  (AP) @[ IoU=0.50:0.95 | area=   all | maxDets=100 ] = 0.011
 Average Precision  (AP) @[ IoU=0.50      | area=   all | maxDets=100 ] = 0.025
 Average Precision  (AP) @[ IoU=0.75      | area=   all | maxDets=100 ] = 0.008
 Average Precision  (AP) @[ IoU=0.50:0.95 | area= small | maxDets=100 ] = -1.000
 Average Precision  (AP) @[ IoU=0.50:0.95 | area=medium | maxDets=100 ] = -1.000
 Average Precision  (AP) @[ IoU=0.50:0.95 | area= large | maxDets=100 ] = 0.011
 Average Recall     (AR) @[ IoU=0.50:0.95 | area=   all | maxDets=  1 ] = 0.000
 Average Recall     (AR) @[ IoU=0.50:0.95 | area=   all | maxDets= 10 ] = 0.103
 Average Recall     (AR) @[ IoU=0.50:0.95 | area=   all | maxDets=100 ] = 0.477
 Average Recall     (AR) @[ IoU=0.50:0.95 | area= small | maxDets=100 ] = -1.000
 Average Recall     (AR) @[ IoU=0.50:0.95 | area=medium | maxDets=100 ] = -1.000
 Average Recall     (AR) @[ IoU=0.50:0.95 | area= large | maxDets=100 ] = 0.477
 Average Recall     (AR) @[ IoU=0.50      | area=   all | maxDets=100 ] = 0.867
 Average Recall     (AR) @[ IoU=0.75      | area=   all | maxDets=100 ] = 0.467
best_stat: {'epoch': 44, 'coco_eval_bbox': 0.02138326383832478}
Epoch: [54]  [0/8]  eta: 0:00:04  lr: 0.000012  loss: 33.5597 (33.5597)  loss_mal: 2.2969 (2.2969)  loss_bbox: 0.7095 (0.7095)  loss_giou: 1.0472 (1.0472)  loss_mal_aux_0: 1.6533 (1.6533)  loss_bbox_aux_0: 0.8368 (0.8368)  loss_giou_aux_0: 1.1106 (1.1106)  loss_mal_aux_1: 2.1797 (2.1797)  loss_bbox_aux_1: 0.7026 (0.7026)  loss_giou_aux_1: 1.0817 (1.0817)  loss_mal_pre: 1.7686 (1.7686)  loss_bbox_pre: 0.8104 (0.8104)  loss_giou_pre: 1.0359 (1.0359)  loss_mal_enc_0: 1.4414 (1.4414)  loss_bbox_enc_0: 0.8959 (0.8959)  loss_giou_enc_0: 1.1853 (1.1853)  loss_mal_dn_0: 1.1670 (1.1670)  loss_bbox_dn_0: 1.0697 (1.0697)  loss_giou_dn_0: 1.3306 (1.3306)  loss_mal_dn_1: 1.6074 (1.6074)  loss_bbox_dn_1: 0.9489 (0.9489)  loss_giou_dn_1: 1.2446 (1.2446)  loss_mal_dn_2: 1.7109 (1.7109)  loss_bbox_dn_2: 0.9443 (0.9443)  loss_giou_dn_2: 1.2091 (1.2091)  loss_mal_dn_pre: 1.1670 (1.1670)  loss_bbox_dn_pre: 1.0728 (1.0728)  loss_giou_dn_pre: 1.3319 (1.3319)  time: 0.5914  data: 0.5113  max mem: 266
Epoch: [54]  [7/8]  eta: 0:00:00  lr: 0.000012  loss: 32.1654 (32.9996)  loss_mal: 1.2598 (1.7775)  loss_bbox: 0.7095 (0.8546)  loss_giou: 1.1683 (1.2210)  loss_mal_aux_0: 1.0889 (1.3226)  loss_bbox_aux_0: 0.9097 (0.9685)  loss_giou_aux_0: 1.3434 (1.3117)  loss_mal_aux_1: 1.3027 (1.7128)  loss_bbox_aux_1: 0.7871 (0.8455)  loss_giou_aux_1: 1.2195 (1.2376)  loss_mal_pre: 1.1113 (1.3467)  loss_bbox_pre: 0.9309 (1.0111)  loss_giou_pre: 1.2836 (1.2883)  loss_mal_enc_0: 0.8926 (1.1289)  loss_bbox_enc_0: 0.9902 (1.1870)  loss_giou_enc_0: 1.3696 (1.3897)  loss_mal_dn_0: 1.1904 (1.2416)  loss_bbox_dn_0: 0.8526 (0.8981)  loss_giou_dn_0: 1.3182 (1.2910)  loss_mal_dn_1: 1.6875 (1.7294)  loss_bbox_dn_1: 0.7421 (0.7914)  loss_giou_dn_1: 1.2107 (1.1965)  loss_mal_dn_2: 1.8203 (1.8688)  loss_bbox_dn_2: 0.7155 (0.7688)  loss_giou_dn_2: 1.1690 (1.1475)  loss_mal_dn_pre: 1.2383 (1.2727)  loss_bbox_dn_pre: 0.8455 (0.8971)  loss_giou_dn_pre: 1.3213 (1.2932)  time: 0.1802  data: 0.1082  max mem: 266
Epoch: [54] Total time: 0:00:01 (0.1880 s / it)
Averaged stats: lr: 0.000012  loss: 32.1654 (32.9996)  loss_mal: 1.2598 (1.7775)  loss_bbox: 0.7095 (0.8546)  loss_giou: 1.1683 (1.2210)  loss_mal_aux_0: 1.0889 (1.3226)  loss_bbox_aux_0: 0.9097 (0.9685)  loss_giou_aux_0: 1.3434 (1.3117)  loss_mal_aux_1: 1.3027 (1.7128)  loss_bbox_aux_1: 0.7871 (0.8455)  loss_giou_aux_1: 1.2195 (1.2376)  loss_mal_pre: 1.1113 (1.3467)  loss_bbox_pre: 0.9309 (1.0111)  loss_giou_pre: 1.2836 (1.2883)  loss_mal_enc_0: 0.8926 (1.1289)  loss_bbox_enc_0: 0.9902 (1.1870)  loss_giou_enc_0: 1.3696 (1.3897)  loss_mal_dn_0: 1.1904 (1.2416)  loss_bbox_dn_0: 0.8526 (0.8981)  loss_giou_dn_0: 1.3182 (1.2910)  loss_mal_dn_1: 1.6875 (1.7294)  loss_bbox_dn_1: 0.7421 (0.7914)  loss_giou_dn_1: 1.2107 (1.1965)  loss_mal_dn_2: 1.8203 (1.8688)  loss_bbox_dn_2: 0.7155 (0.7688)  loss_giou_dn_2: 1.1690 (1.1475)  loss_mal_dn_pre: 1.2383 (1.2727)  loss_bbox_dn_pre: 0.8455 (0.8971)  loss_giou_dn_pre: 1.3213 (1.2932)
Test:  [0/4]  eta: 0:00:02    time: 0.7113  data: 0.6948  max mem: 266
Test:  [3/4]  eta: 0:00:00    time: 0.1857  data: 0.1742  max mem: 266
Test: Total time: 0:00:00 (0.2069 s / it)
Averaged stats: 
Accumulating evaluation results...
COCOeval_opt.accumulate() finished...
DONE (t=0.00s).
IoU metric: bbox
 Average Precision  (AP) @[ IoU=0.50:0.95 | area=   all | maxDets=100 ] = 0.011
 Average Precision  (AP) @[ IoU=0.50      | area=   all | maxDets=100 ] = 0.020
 Average Precision  (AP) @[ IoU=0.75      | area=   all | maxDets=100 ] = 0.011
 Average Precision  (AP) @[ IoU=0.50:0.95 | area= small | maxDets=100 ] = -1.000
 Average Precision  (AP) @[ IoU=0.50:0.95 | area=medium | maxDets=100 ] = -1.000
 Average Precision  (AP) @[ IoU=0.50:0.95 | area= large | maxDets=100 ] = 0.011
 Average Recall     (AR) @[ IoU=0.50:0.95 | area=   all | maxDets=  1 ] = 0.000
 Average Recall     (AR) @[ IoU=0.50:0.95 | area=   all | maxDets= 10 ] = 0.100
 Average Recall     (AR) @[ IoU=0.50:0.95 | area=   all | maxDets=100 ] = 0.477
 Average Recall     (AR) @[ IoU=0.50:0.95 | area= small | maxDets=100 ] = -1.000
 Average Recall     (AR) @[ IoU=0.50:0.95 | area=medium | maxDets=100 ] = -1.000
 Average Recall     (AR) @[ IoU=0.50:0.95 | area= large | maxDets=100 ] = 0.477
 Average Recall     (AR) @[ IoU=0.50      | area=   all | maxDets=100 ] = 0.833
 Average Recall     (AR) @[ IoU=0.75      | area=   all | maxDets=100 ] = 0.467
best_stat: {'epoch': 44, 'coco_eval_bbox': 0.02138326383832478}
Epoch: [55]  [0/8]  eta: 0:00:05  lr: 0.000012  loss: 33.3486 (33.3486)  loss_mal: 2.0859 (2.0859)  loss_bbox: 0.7753 (0.7753)  loss_giou: 1.0990 (1.0990)  loss_mal_aux_0: 1.5898 (1.5898)  loss_bbox_aux_0: 0.8999 (0.8999)  loss_giou_aux_0: 1.1421 (1.1421)  loss_mal_aux_1: 1.9229 (1.9229)  loss_bbox_aux_1: 0.7365 (0.7365)  loss_giou_aux_1: 1.1739 (1.1739)  loss_mal_pre: 1.7627 (1.7627)  loss_bbox_pre: 0.8677 (0.8677)  loss_giou_pre: 1.1104 (1.1104)  loss_mal_enc_0: 1.4805 (1.4805)  loss_bbox_enc_0: 1.1153 (1.1153)  loss_giou_enc_0: 1.1688 (1.1688)  loss_mal_dn_0: 1.1807 (1.1807)  loss_bbox_dn_0: 0.9231 (0.9231)  loss_giou_dn_0: 1.2958 (1.2958)  loss_mal_dn_1: 1.7529 (1.7529)  loss_bbox_dn_1: 0.7852 (0.7852)  loss_giou_dn_1: 1.1539 (1.1539)  loss_mal_dn_2: 2.0957 (2.0957)  loss_bbox_dn_2: 0.7281 (0.7281)  loss_giou_dn_2: 1.0498 (1.0498)  loss_mal_dn_pre: 1.2305 (1.2305)  loss_bbox_dn_pre: 0.9226 (0.9226)  loss_giou_dn_pre: 1.2998 (1.2998)  time: 0.7429  data: 0.6595  max mem: 266
Epoch: [55]  [7/8]  eta: 0:00:00  lr: 0.000012  loss: 32.9597 (33.0515)  loss_mal: 1.8750 (1.8534)  loss_bbox: 0.7996 (0.8010)  loss_giou: 1.1479 (1.2083)  loss_mal_aux_0: 1.3018 (1.4297)  loss_bbox_aux_0: 0.8999 (0.9532)  loss_giou_aux_0: 1.1421 (1.2523)  loss_mal_aux_1: 1.7773 (1.7669)  loss_bbox_aux_1: 0.7661 (0.7989)  loss_giou_aux_1: 1.2031 (1.2525)  loss_mal_pre: 1.3818 (1.4556)  loss_bbox_pre: 0.8677 (0.9871)  loss_giou_pre: 1.1516 (1.2530)  loss_mal_enc_0: 1.2275 (1.2610)  loss_bbox_enc_0: 1.0883 (1.1602)  loss_giou_enc_0: 1.2966 (1.3088)  loss_mal_dn_0: 1.1953 (1.2079)  loss_bbox_dn_0: 0.8466 (0.8814)  loss_giou_dn_0: 1.2879 (1.3001)  loss_mal_dn_1: 1.7529 (1.7688)  loss_bbox_dn_1: 0.7011 (0.7420)  loss_giou_dn_1: 1.1539 (1.1810)  loss_mal_dn_2: 1.9600 (1.9786)  loss_bbox_dn_2: 0.6927 (0.7052)  loss_giou_dn_2: 1.0775 (1.1132)  loss_mal_dn_pre: 1.2305 (1.2561)  loss_bbox_dn_pre: 0.8438 (0.8758)  loss_giou_dn_pre: 1.2838 (1.2994)  time: 0.1982  data: 0.1244  max mem: 266
Epoch: [55] Total time: 0:00:01 (0.2060 s / it)
Averaged stats: lr: 0.000012  loss: 32.9597 (33.0515)  loss_mal: 1.8750 (1.8534)  loss_bbox: 0.7996 (0.8010)  loss_giou: 1.1479 (1.2083)  loss_mal_aux_0: 1.3018 (1.4297)  loss_bbox_aux_0: 0.8999 (0.9532)  loss_giou_aux_0: 1.1421 (1.2523)  loss_mal_aux_1: 1.7773 (1.7669)  loss_bbox_aux_1: 0.7661 (0.7989)  loss_giou_aux_1: 1.2031 (1.2525)  loss_mal_pre: 1.3818 (1.4556)  loss_bbox_pre: 0.8677 (0.9871)  loss_giou_pre: 1.1516 (1.2530)  loss_mal_enc_0: 1.2275 (1.2610)  loss_bbox_enc_0: 1.0883 (1.1602)  loss_giou_enc_0: 1.2966 (1.3088)  loss_mal_dn_0: 1.1953 (1.2079)  loss_bbox_dn_0: 0.8466 (0.8814)  loss_giou_dn_0: 1.2879 (1.3001)  loss_mal_dn_1: 1.7529 (1.7688)  loss_bbox_dn_1: 0.7011 (0.7420)  loss_giou_dn_1: 1.1539 (1.1810)  loss_mal_dn_2: 1.9600 (1.9786)  loss_bbox_dn_2: 0.6927 (0.7052)  loss_giou_dn_2: 1.0775 (1.1132)  loss_mal_dn_pre: 1.2305 (1.2561)  loss_bbox_dn_pre: 0.8438 (0.8758)  loss_giou_dn_pre: 1.2838 (1.2994)
Test:  [0/4]  eta: 0:00:02    time: 0.7265  data: 0.7076  max mem: 266
Test:  [3/4]  eta: 0:00:00    time: 0.1949  data: 0.1776  max mem: 266
Test: Total time: 0:00:00 (0.2137 s / it)
Averaged stats: 
Accumulating evaluation results...
COCOeval_opt.accumulate() finished...
DONE (t=0.00s).
IoU metric: bbox
 Average Precision  (AP) @[ IoU=0.50:0.95 | area=   all | maxDets=100 ] = 0.017
 Average Precision  (AP) @[ IoU=0.50      | area=   all | maxDets=100 ] = 0.034
 Average Precision  (AP) @[ IoU=0.75      | area=   all | maxDets=100 ] = 0.020
 Average Precision  (AP) @[ IoU=0.50:0.95 | area= small | maxDets=100 ] = -1.000
 Average Precision  (AP) @[ IoU=0.50:0.95 | area=medium | maxDets=100 ] = -1.000
 Average Precision  (AP) @[ IoU=0.50:0.95 | area= large | maxDets=100 ] = 0.018
 Average Recall     (AR) @[ IoU=0.50:0.95 | area=   all | maxDets=  1 ] = 0.043
 Average Recall     (AR) @[ IoU=0.50:0.95 | area=   all | maxDets= 10 ] = 0.087
 Average Recall     (AR) @[ IoU=0.50:0.95 | area=   all | maxDets=100 ] = 0.533
 Average Recall     (AR) @[ IoU=0.50:0.95 | area= small | maxDets=100 ] = -1.000
 Average Recall     (AR) @[ IoU=0.50:0.95 | area=medium | maxDets=100 ] = -1.000
 Average Recall     (AR) @[ IoU=0.50:0.95 | area= large | maxDets=100 ] = 0.533
 Average Recall     (AR) @[ IoU=0.50      | area=   all | maxDets=100 ] = 0.933
 Average Recall     (AR) @[ IoU=0.75      | area=   all | maxDets=100 ] = 0.600
best_stat: {'epoch': 44, 'coco_eval_bbox': 0.02138326383832478}
Epoch: [56]  [0/8]  eta: 0:00:05  lr: 0.000013  loss: 31.9954 (31.9954)  loss_mal: 1.2168 (1.2168)  loss_bbox: 1.1396 (1.1396)  loss_giou: 1.4409 (1.4409)  loss_mal_aux_0: 0.8525 (0.8525)  loss_bbox_aux_0: 1.3059 (1.3059)  loss_giou_aux_0: 1.5080 (1.5080)  loss_mal_aux_1: 0.9521 (0.9521)  loss_bbox_aux_1: 1.1320 (1.1320)  loss_giou_aux_1: 1.5911 (1.5911)  loss_mal_pre: 0.9111 (0.9111)  loss_bbox_pre: 1.3419 (1.3419)  loss_giou_pre: 1.4623 (1.4623)  loss_mal_enc_0: 0.6855 (0.6855)  loss_bbox_enc_0: 1.4402 (1.4402)  loss_giou_enc_0: 1.5736 (1.5736)  loss_mal_dn_0: 1.2139 (1.2139)  loss_bbox_dn_0: 0.6395 (0.6395)  loss_giou_dn_0: 1.2909 (1.2909)  loss_mal_dn_1: 1.7520 (1.7520)  loss_bbox_dn_1: 0.5562 (0.5562)  loss_giou_dn_1: 1.1752 (1.1752)  loss_mal_dn_2: 1.9658 (1.9658)  loss_bbox_dn_2: 0.5463 (0.5463)  loss_giou_dn_2: 1.1066 (1.1066)  loss_mal_dn_pre: 1.2773 (1.2773)  loss_bbox_dn_pre: 0.6282 (0.6282)  loss_giou_dn_pre: 1.2898 (1.2898)  time: 0.6715  data: 0.5807  max mem: 266
Epoch: [56]  [7/8]  eta: 0:00:00  lr: 0.000013  loss: 31.9334 (33.1845)  loss_mal: 1.2715 (1.6497)  loss_bbox: 0.9279 (0.9521)  loss_giou: 1.2622 (1.2684)  loss_mal_aux_0: 0.8525 (1.1354)  loss_bbox_aux_0: 1.2329 (1.1763)  loss_giou_aux_0: 1.2767 (1.3496)  loss_mal_aux_1: 1.1465 (1.4639)  loss_bbox_aux_1: 0.9276 (1.0125)  loss_giou_aux_1: 1.2794 (1.3368)  loss_mal_pre: 0.9111 (1.1761)  loss_bbox_pre: 1.3239 (1.2208)  loss_giou_pre: 1.2948 (1.3455)  loss_mal_enc_0: 0.6855 (0.9901)  loss_bbox_enc_0: 1.4007 (1.3572)  loss_giou_enc_0: 1.3638 (1.4142)  loss_mal_dn_0: 1.2139 (1.2117)  loss_bbox_dn_0: 0.6605 (0.8979)  loss_giou_dn_0: 1.2909 (1.2989)  loss_mal_dn_1: 1.7246 (1.6927)  loss_bbox_dn_1: 0.6141 (0.7897)  loss_giou_dn_1: 1.1800 (1.2049)  loss_mal_dn_2: 1.8506 (1.8755)  loss_bbox_dn_2: 0.6427 (0.7649)  loss_giou_dn_2: 1.1273 (1.1484)  loss_mal_dn_pre: 1.2676 (1.2634)  loss_bbox_dn_pre: 0.6633 (0.8908)  loss_giou_dn_pre: 1.2898 (1.2969)  time: 0.1734  data: 0.0997  max mem: 266
Epoch: [56] Total time: 0:00:01 (0.1802 s / it)
Averaged stats: lr: 0.000013  loss: 31.9334 (33.1845)  loss_mal: 1.2715 (1.6497)  loss_bbox: 0.9279 (0.9521)  loss_giou: 1.2622 (1.2684)  loss_mal_aux_0: 0.8525 (1.1354)  loss_bbox_aux_0: 1.2329 (1.1763)  loss_giou_aux_0: 1.2767 (1.3496)  loss_mal_aux_1: 1.1465 (1.4639)  loss_bbox_aux_1: 0.9276 (1.0125)  loss_giou_aux_1: 1.2794 (1.3368)  loss_mal_pre: 0.9111 (1.1761)  loss_bbox_pre: 1.3239 (1.2208)  loss_giou_pre: 1.2948 (1.3455)  loss_mal_enc_0: 0.6855 (0.9901)  loss_bbox_enc_0: 1.4007 (1.3572)  loss_giou_enc_0: 1.3638 (1.4142)  loss_mal_dn_0: 1.2139 (1.2117)  loss_bbox_dn_0: 0.6605 (0.8979)  loss_giou_dn_0: 1.2909 (1.2989)  loss_mal_dn_1: 1.7246 (1.6927)  loss_bbox_dn_1: 0.6141 (0.7897)  loss_giou_dn_1: 1.1800 (1.2049)  loss_mal_dn_2: 1.8506 (1.8755)  loss_bbox_dn_2: 0.6427 (0.7649)  loss_giou_dn_2: 1.1273 (1.1484)  loss_mal_dn_pre: 1.2676 (1.2634)  loss_bbox_dn_pre: 0.6633 (0.8908)  loss_giou_dn_pre: 1.2898 (1.2969)
Test:  [0/4]  eta: 0:00:02    time: 0.6631  data: 0.6463  max mem: 266
Test:  [3/4]  eta: 0:00:00    time: 0.1747  data: 0.1622  max mem: 266
Test: Total time: 0:00:00 (0.1935 s / it)
Averaged stats: 
Accumulating evaluation results...
COCOeval_opt.accumulate() finished...
DONE (t=0.00s).
IoU metric: bbox
 Average Precision  (AP) @[ IoU=0.50:0.95 | area=   all | maxDets=100 ] = 0.014
 Average Precision  (AP) @[ IoU=0.50      | area=   all | maxDets=100 ] = 0.023
 Average Precision  (AP) @[ IoU=0.75      | area=   all | maxDets=100 ] = 0.014
 Average Precision  (AP) @[ IoU=0.50:0.95 | area= small | maxDets=100 ] = -1.000
 Average Precision  (AP) @[ IoU=0.50:0.95 | area=medium | maxDets=100 ] = -1.000
 Average Precision  (AP) @[ IoU=0.50:0.95 | area= large | maxDets=100 ] = 0.014
 Average Recall     (AR) @[ IoU=0.50:0.95 | area=   all | maxDets=  1 ] = 0.030
 Average Recall     (AR) @[ IoU=0.50:0.95 | area=   all | maxDets= 10 ] = 0.143
 Average Recall     (AR) @[ IoU=0.50:0.95 | area=   all | maxDets=100 ] = 0.537
 Average Recall     (AR) @[ IoU=0.50:0.95 | area= small | maxDets=100 ] = -1.000
 Average Recall     (AR) @[ IoU=0.50:0.95 | area=medium | maxDets=100 ] = -1.000
 Average Recall     (AR) @[ IoU=0.50:0.95 | area= large | maxDets=100 ] = 0.537
 Average Recall     (AR) @[ IoU=0.50      | area=   all | maxDets=100 ] = 0.933
 Average Recall     (AR) @[ IoU=0.75      | area=   all | maxDets=100 ] = 0.567
best_stat: {'epoch': 44, 'coco_eval_bbox': 0.02138326383832478}
Epoch: [57]  [0/8]  eta: 0:00:05  lr: 0.000013  loss: 30.1254 (30.1254)  loss_mal: 1.0537 (1.0537)  loss_bbox: 0.6734 (0.6734)  loss_giou: 1.5659 (1.5659)  loss_mal_aux_0: 0.5176 (0.5176)  loss_bbox_aux_0: 1.2582 (1.2582)  loss_giou_aux_0: 1.6257 (1.6257)  loss_mal_aux_1: 0.8198 (0.8198)  loss_bbox_aux_1: 0.7867 (0.7867)  loss_giou_aux_1: 1.6618 (1.6618)  loss_mal_pre: 0.4456 (0.4456)  loss_bbox_pre: 1.4036 (1.4036)  loss_giou_pre: 1.6612 (1.6612)  loss_mal_enc_0: 0.3086 (0.3086)  loss_bbox_enc_0: 1.5951 (1.5951)  loss_giou_enc_0: 1.8022 (1.8022)  loss_mal_dn_0: 1.3008 (1.3008)  loss_bbox_dn_0: 0.4531 (0.4531)  loss_giou_dn_0: 1.2539 (1.2539)  loss_mal_dn_1: 1.8428 (1.8428)  loss_bbox_dn_1: 0.3942 (0.3942)  loss_giou_dn_1: 1.1771 (1.1771)  loss_mal_dn_2: 1.9629 (1.9629)  loss_bbox_dn_2: 0.3725 (0.3725)  loss_giou_dn_2: 1.1248 (1.1248)  loss_mal_dn_pre: 1.3652 (1.3652)  loss_bbox_dn_pre: 0.4448 (0.4448)  loss_giou_dn_pre: 1.2543 (1.2543)  time: 0.6365  data: 0.5209  max mem: 266
Epoch: [57]  [7/8]  eta: 0:00:00  lr: 0.000013  loss: 32.2043 (32.2441)  loss_mal: 1.7373 (1.7743)  loss_bbox: 0.7881 (0.7718)  loss_giou: 1.1982 (1.2180)  loss_mal_aux_0: 1.3955 (1.2831)  loss_bbox_aux_0: 0.8491 (0.9307)  loss_giou_aux_0: 1.2314 (1.2931)  loss_mal_aux_1: 1.7012 (1.6611)  loss_bbox_aux_1: 0.7878 (0.8110)  loss_giou_aux_1: 1.1698 (1.2430)  loss_mal_pre: 1.4385 (1.2986)  loss_bbox_pre: 0.9288 (0.9947)  loss_giou_pre: 1.2142 (1.2862)  loss_mal_enc_0: 1.1631 (1.0732)  loss_bbox_enc_0: 1.0473 (1.1585)  loss_giou_enc_0: 1.3110 (1.3864)  loss_mal_dn_0: 1.2393 (1.2598)  loss_bbox_dn_0: 0.7112 (0.7896)  loss_giou_dn_0: 1.2539 (1.2652)  loss_mal_dn_1: 1.7383 (1.7946)  loss_bbox_dn_1: 0.6751 (0.6718)  loss_giou_dn_1: 1.1738 (1.1646)  loss_mal_dn_2: 1.9629 (2.0143)  loss_bbox_dn_2: 0.6508 (0.6439)  loss_giou_dn_2: 1.0817 (1.0929)  loss_mal_dn_pre: 1.2920 (1.3088)  loss_bbox_dn_pre: 0.7125 (0.7872)  loss_giou_dn_pre: 1.2543 (1.2677)  time: 0.1944  data: 0.0907  max mem: 266
Epoch: [57] Total time: 0:00:01 (0.1999 s / it)
Averaged stats: lr: 0.000013  loss: 32.2043 (32.2441)  loss_mal: 1.7373 (1.7743)  loss_bbox: 0.7881 (0.7718)  loss_giou: 1.1982 (1.2180)  loss_mal_aux_0: 1.3955 (1.2831)  loss_bbox_aux_0: 0.8491 (0.9307)  loss_giou_aux_0: 1.2314 (1.2931)  loss_mal_aux_1: 1.7012 (1.6611)  loss_bbox_aux_1: 0.7878 (0.8110)  loss_giou_aux_1: 1.1698 (1.2430)  loss_mal_pre: 1.4385 (1.2986)  loss_bbox_pre: 0.9288 (0.9947)  loss_giou_pre: 1.2142 (1.2862)  loss_mal_enc_0: 1.1631 (1.0732)  loss_bbox_enc_0: 1.0473 (1.1585)  loss_giou_enc_0: 1.3110 (1.3864)  loss_mal_dn_0: 1.2393 (1.2598)  loss_bbox_dn_0: 0.7112 (0.7896)  loss_giou_dn_0: 1.2539 (1.2652)  loss_mal_dn_1: 1.7383 (1.7946)  loss_bbox_dn_1: 0.6751 (0.6718)  loss_giou_dn_1: 1.1738 (1.1646)  loss_mal_dn_2: 1.9629 (2.0143)  loss_bbox_dn_2: 0.6508 (0.6439)  loss_giou_dn_2: 1.0817 (1.0929)  loss_mal_dn_pre: 1.2920 (1.3088)  loss_bbox_dn_pre: 0.7125 (0.7872)  loss_giou_dn_pre: 1.2543 (1.2677)
Test:  [0/4]  eta: 0:00:02    time: 0.6575  data: 0.6390  max mem: 266
Test:  [3/4]  eta: 0:00:00    time: 0.1749  data: 0.1604  max mem: 266
Test: Total time: 0:00:00 (0.1950 s / it)
Averaged stats: 
Accumulating evaluation results...
COCOeval_opt.accumulate() finished...
DONE (t=0.00s).
IoU metric: bbox
 Average Precision  (AP) @[ IoU=0.50:0.95 | area=   all | maxDets=100 ] = 0.018
 Average Precision  (AP) @[ IoU=0.50      | area=   all | maxDets=100 ] = 0.033
 Average Precision  (AP) @[ IoU=0.75      | area=   all | maxDets=100 ] = 0.018
 Average Precision  (AP) @[ IoU=0.50:0.95 | area= small | maxDets=100 ] = -1.000
 Average Precision  (AP) @[ IoU=0.50:0.95 | area=medium | maxDets=100 ] = -1.000
 Average Precision  (AP) @[ IoU=0.50:0.95 | area= large | maxDets=100 ] = 0.018
 Average Recall     (AR) @[ IoU=0.50:0.95 | area=   all | maxDets=  1 ] = 0.057
 Average Recall     (AR) @[ IoU=0.50:0.95 | area=   all | maxDets= 10 ] = 0.130
 Average Recall     (AR) @[ IoU=0.50:0.95 | area=   all | maxDets=100 ] = 0.520
 Average Recall     (AR) @[ IoU=0.50:0.95 | area= small | maxDets=100 ] = -1.000
 Average Recall     (AR) @[ IoU=0.50:0.95 | area=medium | maxDets=100 ] = -1.000
 Average Recall     (AR) @[ IoU=0.50:0.95 | area= large | maxDets=100 ] = 0.520
 Average Recall     (AR) @[ IoU=0.50      | area=   all | maxDets=100 ] = 0.933
 Average Recall     (AR) @[ IoU=0.75      | area=   all | maxDets=100 ] = 0.500
best_stat: {'epoch': 44, 'coco_eval_bbox': 0.02138326383832478}
Epoch: [58]  [0/8]  eta: 0:00:07  lr: 0.000013  loss: 33.6105 (33.6105)  loss_mal: 1.2002 (1.2002)  loss_bbox: 1.2629 (1.2629)  loss_giou: 1.4193 (1.4193)  loss_mal_aux_0: 0.9780 (0.9780)  loss_bbox_aux_0: 1.3558 (1.3558)  loss_giou_aux_0: 1.4069 (1.4069)  loss_mal_aux_1: 1.1387 (1.1387)  loss_bbox_aux_1: 1.2912 (1.2912)  loss_giou_aux_1: 1.4649 (1.4649)  loss_mal_pre: 1.0820 (1.0820)  loss_bbox_pre: 1.3531 (1.3531)  loss_giou_pre: 1.3758 (1.3758)  loss_mal_enc_0: 0.7056 (0.7056)  loss_bbox_enc_0: 1.5377 (1.5377)  loss_giou_enc_0: 1.6445 (1.6445)  loss_mal_dn_0: 1.1562 (1.1562)  loss_bbox_dn_0: 0.9201 (0.9201)  loss_giou_dn_0: 1.3083 (1.3083)  loss_mal_dn_1: 1.5117 (1.5117)  loss_bbox_dn_1: 0.9172 (0.9172)  loss_giou_dn_1: 1.2804 (1.2804)  loss_mal_dn_2: 1.6592 (1.6592)  loss_bbox_dn_2: 0.9433 (0.9433)  loss_giou_dn_2: 1.2428 (1.2428)  loss_mal_dn_pre: 1.2236 (1.2236)  loss_bbox_dn_pre: 0.9188 (0.9188)  loss_giou_dn_pre: 1.3123 (1.3123)  time: 0.8794  data: 0.7845  max mem: 266
Epoch: [58]  [7/8]  eta: 0:00:00  lr: 0.000014  loss: 33.6105 (33.0119)  loss_mal: 1.6357 (1.9433)  loss_bbox: 0.6192 (0.8127)  loss_giou: 0.9933 (1.1252)  loss_mal_aux_0: 1.2998 (1.4331)  loss_bbox_aux_0: 0.7951 (0.8994)  loss_giou_aux_0: 1.0928 (1.2285)  loss_mal_aux_1: 1.5469 (1.7884)  loss_bbox_aux_1: 0.7140 (0.8507)  loss_giou_aux_1: 1.0486 (1.1872)  loss_mal_pre: 1.3955 (1.5077)  loss_bbox_pre: 0.9150 (0.9531)  loss_giou_pre: 1.1380 (1.2048)  loss_mal_enc_0: 1.0869 (1.2450)  loss_bbox_enc_0: 1.1236 (1.1973)  loss_giou_enc_0: 1.2297 (1.3135)  loss_mal_dn_0: 1.1562 (1.2106)  loss_bbox_dn_0: 0.9201 (0.8736)  loss_giou_dn_0: 1.3083 (1.2914)  loss_mal_dn_1: 1.5928 (1.7220)  loss_bbox_dn_1: 0.8943 (0.7909)  loss_giou_dn_1: 1.2158 (1.1888)  loss_mal_dn_2: 1.7773 (1.9177)  loss_bbox_dn_2: 0.8452 (0.7705)  loss_giou_dn_2: 1.1049 (1.1271)  loss_mal_dn_pre: 1.2080 (1.2634)  loss_bbox_dn_pre: 0.9188 (0.8732)  loss_giou_dn_pre: 1.3123 (1.2926)  time: 0.2303  data: 0.1410  max mem: 266
Epoch: [58] Total time: 0:00:01 (0.2378 s / it)
Averaged stats: lr: 0.000014  loss: 33.6105 (33.0119)  loss_mal: 1.6357 (1.9433)  loss_bbox: 0.6192 (0.8127)  loss_giou: 0.9933 (1.1252)  loss_mal_aux_0: 1.2998 (1.4331)  loss_bbox_aux_0: 0.7951 (0.8994)  loss_giou_aux_0: 1.0928 (1.2285)  loss_mal_aux_1: 1.5469 (1.7884)  loss_bbox_aux_1: 0.7140 (0.8507)  loss_giou_aux_1: 1.0486 (1.1872)  loss_mal_pre: 1.3955 (1.5077)  loss_bbox_pre: 0.9150 (0.9531)  loss_giou_pre: 1.1380 (1.2048)  loss_mal_enc_0: 1.0869 (1.2450)  loss_bbox_enc_0: 1.1236 (1.1973)  loss_giou_enc_0: 1.2297 (1.3135)  loss_mal_dn_0: 1.1562 (1.2106)  loss_bbox_dn_0: 0.9201 (0.8736)  loss_giou_dn_0: 1.3083 (1.2914)  loss_mal_dn_1: 1.5928 (1.7220)  loss_bbox_dn_1: 0.8943 (0.7909)  loss_giou_dn_1: 1.2158 (1.1888)  loss_mal_dn_2: 1.7773 (1.9177)  loss_bbox_dn_2: 0.8452 (0.7705)  loss_giou_dn_2: 1.1049 (1.1271)  loss_mal_dn_pre: 1.2080 (1.2634)  loss_bbox_dn_pre: 0.9188 (0.8732)  loss_giou_dn_pre: 1.3123 (1.2926)
Test:  [0/4]  eta: 0:00:02    time: 0.6285  data: 0.6087  max mem: 266
Test:  [3/4]  eta: 0:00:00    time: 0.1678  data: 0.1528  max mem: 266
Test: Total time: 0:00:00 (0.1874 s / it)
Averaged stats: 
Accumulating evaluation results...
COCOeval_opt.accumulate() finished...
DONE (t=0.00s).
IoU metric: bbox
 Average Precision  (AP) @[ IoU=0.50:0.95 | area=   all | maxDets=100 ] = 0.016
 Average Precision  (AP) @[ IoU=0.50      | area=   all | maxDets=100 ] = 0.030
 Average Precision  (AP) @[ IoU=0.75      | area=   all | maxDets=100 ] = 0.020
 Average Precision  (AP) @[ IoU=0.50:0.95 | area= small | maxDets=100 ] = -1.000
 Average Precision  (AP) @[ IoU=0.50:0.95 | area=medium | maxDets=100 ] = -1.000
 Average Precision  (AP) @[ IoU=0.50:0.95 | area= large | maxDets=100 ] = 0.016
 Average Recall     (AR) @[ IoU=0.50:0.95 | area=   all | maxDets=  1 ] = 0.020
 Average Recall     (AR) @[ IoU=0.50:0.95 | area=   all | maxDets= 10 ] = 0.083
 Average Recall     (AR) @[ IoU=0.50:0.95 | area=   all | maxDets=100 ] = 0.483
 Average Recall     (AR) @[ IoU=0.50:0.95 | area= small | maxDets=100 ] = -1.000
 Average Recall     (AR) @[ IoU=0.50:0.95 | area=medium | maxDets=100 ] = -1.000
 Average Recall     (AR) @[ IoU=0.50:0.95 | area= large | maxDets=100 ] = 0.483
 Average Recall     (AR) @[ IoU=0.50      | area=   all | maxDets=100 ] = 0.867
 Average Recall     (AR) @[ IoU=0.75      | area=   all | maxDets=100 ] = 0.433
best_stat: {'epoch': 44, 'coco_eval_bbox': 0.02138326383832478}
Epoch: [59]  [0/8]  eta: 0:00:06  lr: 0.000014  loss: 33.3872 (33.3872)  loss_mal: 2.5469 (2.5469)  loss_bbox: 0.5974 (0.5974)  loss_giou: 0.9585 (0.9585)  loss_mal_aux_0: 1.6836 (1.6836)  loss_bbox_aux_0: 0.8345 (0.8345)  loss_giou_aux_0: 1.1244 (1.1244)  loss_mal_aux_1: 2.3691 (2.3691)  loss_bbox_aux_1: 0.6833 (0.6833)  loss_giou_aux_1: 1.0311 (1.0311)  loss_mal_pre: 1.7812 (1.7812)  loss_bbox_pre: 0.8228 (0.8228)  loss_giou_pre: 1.1035 (1.1035)  loss_mal_enc_0: 1.5859 (1.5859)  loss_bbox_enc_0: 0.9473 (0.9473)  loss_giou_enc_0: 1.1530 (1.1530)  loss_mal_dn_0: 1.1680 (1.1680)  loss_bbox_dn_0: 0.8691 (0.8691)  loss_giou_dn_0: 1.3075 (1.3075)  loss_mal_dn_1: 1.7197 (1.7197)  loss_bbox_dn_1: 0.7548 (0.7548)  loss_giou_dn_1: 1.1864 (1.1864)  loss_mal_dn_2: 1.9209 (1.9209)  loss_bbox_dn_2: 0.7353 (0.7353)  loss_giou_dn_2: 1.1266 (1.1266)  loss_mal_dn_pre: 1.2080 (1.2080)  loss_bbox_dn_pre: 0.8619 (0.8619)  loss_giou_dn_pre: 1.3061 (1.3061)  time: 0.8212  data: 0.6835  max mem: 266
Epoch: [59]  [7/8]  eta: 0:00:00  lr: 0.000014  loss: 33.2913 (33.2718)  loss_mal: 2.2070 (2.1544)  loss_bbox: 0.6537 (0.7535)  loss_giou: 0.9585 (1.0802)  loss_mal_aux_0: 1.6836 (1.6011)  loss_bbox_aux_0: 0.7765 (0.8481)  loss_giou_aux_0: 1.0212 (1.1496)  loss_mal_aux_1: 1.8955 (1.9852)  loss_bbox_aux_1: 0.6833 (0.7845)  loss_giou_aux_1: 1.0473 (1.1207)  loss_mal_pre: 1.7812 (1.6936)  loss_bbox_pre: 0.8160 (0.8870)  loss_giou_pre: 1.0346 (1.1043)  loss_mal_enc_0: 1.5859 (1.4893)  loss_bbox_enc_0: 0.9331 (1.0353)  loss_giou_enc_0: 1.1195 (1.1797)  loss_mal_dn_0: 1.1680 (1.2014)  loss_bbox_dn_0: 0.8880 (0.9063)  loss_giou_dn_0: 1.2700 (1.2907)  loss_mal_dn_1: 1.7529 (1.7815)  loss_bbox_dn_1: 0.7600 (0.7831)  loss_giou_dn_1: 1.1230 (1.1574)  loss_mal_dn_2: 1.9434 (2.0179)  loss_bbox_dn_2: 0.7353 (0.7512)  loss_giou_dn_2: 1.0303 (1.0750)  loss_mal_dn_pre: 1.2080 (1.2522)  loss_bbox_dn_pre: 0.8978 (0.8990)  loss_giou_dn_pre: 1.2570 (1.2896)  time: 0.1847  data: 0.1016  max mem: 266
Epoch: [59] Total time: 0:00:01 (0.1927 s / it)
Averaged stats: lr: 0.000014  loss: 33.2913 (33.2718)  loss_mal: 2.2070 (2.1544)  loss_bbox: 0.6537 (0.7535)  loss_giou: 0.9585 (1.0802)  loss_mal_aux_0: 1.6836 (1.6011)  loss_bbox_aux_0: 0.7765 (0.8481)  loss_giou_aux_0: 1.0212 (1.1496)  loss_mal_aux_1: 1.8955 (1.9852)  loss_bbox_aux_1: 0.6833 (0.7845)  loss_giou_aux_1: 1.0473 (1.1207)  loss_mal_pre: 1.7812 (1.6936)  loss_bbox_pre: 0.8160 (0.8870)  loss_giou_pre: 1.0346 (1.1043)  loss_mal_enc_0: 1.5859 (1.4893)  loss_bbox_enc_0: 0.9331 (1.0353)  loss_giou_enc_0: 1.1195 (1.1797)  loss_mal_dn_0: 1.1680 (1.2014)  loss_bbox_dn_0: 0.8880 (0.9063)  loss_giou_dn_0: 1.2700 (1.2907)  loss_mal_dn_1: 1.7529 (1.7815)  loss_bbox_dn_1: 0.7600 (0.7831)  loss_giou_dn_1: 1.1230 (1.1574)  loss_mal_dn_2: 1.9434 (2.0179)  loss_bbox_dn_2: 0.7353 (0.7512)  loss_giou_dn_2: 1.0303 (1.0750)  loss_mal_dn_pre: 1.2080 (1.2522)  loss_bbox_dn_pre: 0.8978 (0.8990)  loss_giou_dn_pre: 1.2570 (1.2896)
Test:  [0/4]  eta: 0:00:02    time: 0.6607  data: 0.6422  max mem: 266
Test:  [3/4]  eta: 0:00:00    time: 0.1759  data: 0.1612  max mem: 266
Test: Total time: 0:00:00 (0.1987 s / it)
Averaged stats: 
Accumulating evaluation results...
COCOeval_opt.accumulate() finished...
DONE (t=0.00s).
IoU metric: bbox
 Average Precision  (AP) @[ IoU=0.50:0.95 | area=   all | maxDets=100 ] = 0.011
 Average Precision  (AP) @[ IoU=0.50      | area=   all | maxDets=100 ] = 0.022
 Average Precision  (AP) @[ IoU=0.75      | area=   all | maxDets=100 ] = 0.012
 Average Precision  (AP) @[ IoU=0.50:0.95 | area= small | maxDets=100 ] = -1.000
 Average Precision  (AP) @[ IoU=0.50:0.95 | area=medium | maxDets=100 ] = -1.000
 Average Precision  (AP) @[ IoU=0.50:0.95 | area= large | maxDets=100 ] = 0.011
 Average Recall     (AR) @[ IoU=0.50:0.95 | area=   all | maxDets=  1 ] = 0.020
 Average Recall     (AR) @[ IoU=0.50:0.95 | area=   all | maxDets= 10 ] = 0.083
 Average Recall     (AR) @[ IoU=0.50:0.95 | area=   all | maxDets=100 ] = 0.443
 Average Recall     (AR) @[ IoU=0.50:0.95 | area= small | maxDets=100 ] = -1.000
 Average Recall     (AR) @[ IoU=0.50:0.95 | area=medium | maxDets=100 ] = -1.000
 Average Recall     (AR) @[ IoU=0.50:0.95 | area= large | maxDets=100 ] = 0.443
 Average Recall     (AR) @[ IoU=0.50      | area=   all | maxDets=100 ] = 0.833
 Average Recall     (AR) @[ IoU=0.75      | area=   all | maxDets=100 ] = 0.400
best_stat: {'epoch': 44, 'coco_eval_bbox': 0.02138326383832478}
Epoch: [60]  [0/8]  eta: 0:00:05  lr: 0.000014  loss: 32.0521 (32.0521)  loss_mal: 1.9814 (1.9814)  loss_bbox: 0.7438 (0.7438)  loss_giou: 1.0453 (1.0453)  loss_mal_aux_0: 1.2891 (1.2891)  loss_bbox_aux_0: 0.8748 (0.8748)  loss_giou_aux_0: 1.2544 (1.2544)  loss_mal_aux_1: 1.8115 (1.8115)  loss_bbox_aux_1: 0.7439 (0.7439)  loss_giou_aux_1: 1.1244 (1.1244)  loss_mal_pre: 1.3115 (1.3115)  loss_bbox_pre: 0.9344 (0.9344)  loss_giou_pre: 1.2408 (1.2408)  loss_mal_enc_0: 1.1543 (1.1543)  loss_bbox_enc_0: 1.1986 (1.1986)  loss_giou_enc_0: 1.2887 (1.2887)  loss_mal_dn_0: 1.2676 (1.2676)  loss_bbox_dn_0: 0.7810 (0.7810)  loss_giou_dn_0: 1.2628 (1.2628)  loss_mal_dn_1: 1.8076 (1.8076)  loss_bbox_dn_1: 0.6675 (0.6675)  loss_giou_dn_1: 1.1480 (1.1480)  loss_mal_dn_2: 2.0742 (2.0742)  loss_bbox_dn_2: 0.6336 (0.6336)  loss_giou_dn_2: 1.0510 (1.0510)  loss_mal_dn_pre: 1.3184 (1.3184)  loss_bbox_dn_pre: 0.7790 (0.7790)  loss_giou_dn_pre: 1.2647 (1.2647)  time: 0.7375  data: 0.6016  max mem: 266
Epoch: [60]  [7/8]  eta: 0:00:00  lr: 0.000015  loss: 31.7358 (33.5738)  loss_mal: 1.9814 (2.0612)  loss_bbox: 0.8183 (0.8044)  loss_giou: 1.1343 (1.0839)  loss_mal_aux_0: 1.2891 (1.4374)  loss_bbox_aux_0: 0.8748 (0.9450)  loss_giou_aux_0: 1.2553 (1.1966)  loss_mal_aux_1: 1.6826 (1.8616)  loss_bbox_aux_1: 0.8329 (0.8355)  loss_giou_aux_1: 1.2009 (1.1525)  loss_mal_pre: 1.3115 (1.4754)  loss_bbox_pre: 0.9662 (1.0090)  loss_giou_pre: 1.2823 (1.1973)  loss_mal_enc_0: 0.8862 (1.2427)  loss_bbox_enc_0: 1.1986 (1.1618)  loss_giou_enc_0: 1.2893 (1.2740)  loss_mal_dn_0: 1.2373 (1.2235)  loss_bbox_dn_0: 0.7489 (1.0059)  loss_giou_dn_0: 1.2728 (1.2812)  loss_mal_dn_1: 1.8076 (1.7909)  loss_bbox_dn_1: 0.6301 (0.8810)  loss_giou_dn_1: 1.1436 (1.1511)  loss_mal_dn_2: 2.0371 (2.0231)  loss_bbox_dn_2: 0.6090 (0.8480)  loss_giou_dn_2: 1.0510 (1.0720)  loss_mal_dn_pre: 1.2812 (1.2738)  loss_bbox_dn_pre: 0.7457 (1.0036)  loss_giou_dn_pre: 1.2741 (1.2816)  time: 0.1982  data: 0.0958  max mem: 266
Epoch: [60] Total time: 0:00:01 (0.2061 s / it)
Averaged stats: lr: 0.000015  loss: 31.7358 (33.5738)  loss_mal: 1.9814 (2.0612)  loss_bbox: 0.8183 (0.8044)  loss_giou: 1.1343 (1.0839)  loss_mal_aux_0: 1.2891 (1.4374)  loss_bbox_aux_0: 0.8748 (0.9450)  loss_giou_aux_0: 1.2553 (1.1966)  loss_mal_aux_1: 1.6826 (1.8616)  loss_bbox_aux_1: 0.8329 (0.8355)  loss_giou_aux_1: 1.2009 (1.1525)  loss_mal_pre: 1.3115 (1.4754)  loss_bbox_pre: 0.9662 (1.0090)  loss_giou_pre: 1.2823 (1.1973)  loss_mal_enc_0: 0.8862 (1.2427)  loss_bbox_enc_0: 1.1986 (1.1618)  loss_giou_enc_0: 1.2893 (1.2740)  loss_mal_dn_0: 1.2373 (1.2235)  loss_bbox_dn_0: 0.7489 (1.0059)  loss_giou_dn_0: 1.2728 (1.2812)  loss_mal_dn_1: 1.8076 (1.7909)  loss_bbox_dn_1: 0.6301 (0.8810)  loss_giou_dn_1: 1.1436 (1.1511)  loss_mal_dn_2: 2.0371 (2.0231)  loss_bbox_dn_2: 0.6090 (0.8480)  loss_giou_dn_2: 1.0510 (1.0720)  loss_mal_dn_pre: 1.2812 (1.2738)  loss_bbox_dn_pre: 0.7457 (1.0036)  loss_giou_dn_pre: 1.2741 (1.2816)
Test:  [0/4]  eta: 0:00:02    time: 0.6685  data: 0.6419  max mem: 266
Test:  [3/4]  eta: 0:00:00    time: 0.1771  data: 0.1611  max mem: 266
Test: Total time: 0:00:00 (0.1961 s / it)
Averaged stats: 
Accumulating evaluation results...
COCOeval_opt.accumulate() finished...
DONE (t=0.00s).
IoU metric: bbox
 Average Precision  (AP) @[ IoU=0.50:0.95 | area=   all | maxDets=100 ] = 0.024
 Average Precision  (AP) @[ IoU=0.50      | area=   all | maxDets=100 ] = 0.049
 Average Precision  (AP) @[ IoU=0.75      | area=   all | maxDets=100 ] = 0.008
 Average Precision  (AP) @[ IoU=0.50:0.95 | area= small | maxDets=100 ] = -1.000
 Average Precision  (AP) @[ IoU=0.50:0.95 | area=medium | maxDets=100 ] = -1.000
 Average Precision  (AP) @[ IoU=0.50:0.95 | area= large | maxDets=100 ] = 0.024
 Average Recall     (AR) @[ IoU=0.50:0.95 | area=   all | maxDets=  1 ] = 0.017
 Average Recall     (AR) @[ IoU=0.50:0.95 | area=   all | maxDets= 10 ] = 0.090
 Average Recall     (AR) @[ IoU=0.50:0.95 | area=   all | maxDets=100 ] = 0.517
 Average Recall     (AR) @[ IoU=0.50:0.95 | area= small | maxDets=100 ] = -1.000
 Average Recall     (AR) @[ IoU=0.50:0.95 | area=medium | maxDets=100 ] = -1.000
 Average Recall     (AR) @[ IoU=0.50:0.95 | area= large | maxDets=100 ] = 0.517
 Average Recall     (AR) @[ IoU=0.50      | area=   all | maxDets=100 ] = 0.933
 Average Recall     (AR) @[ IoU=0.75      | area=   all | maxDets=100 ] = 0.533
best_stat: {'epoch': 60, 'coco_eval_bbox': 0.024114523700958904}
Epoch: [61]  [0/8]  eta: 0:00:05  lr: 0.000015  loss: 32.1544 (32.1544)  loss_mal: 1.2754 (1.2754)  loss_bbox: 1.0005 (1.0005)  loss_giou: 1.4055 (1.4055)  loss_mal_aux_0: 1.0029 (1.0029)  loss_bbox_aux_0: 1.2666 (1.2666)  loss_giou_aux_0: 1.3727 (1.3727)  loss_mal_aux_1: 1.2061 (1.2061)  loss_bbox_aux_1: 1.0944 (1.0944)  loss_giou_aux_1: 1.3907 (1.3907)  loss_mal_pre: 0.9575 (0.9575)  loss_bbox_pre: 1.2384 (1.2384)  loss_giou_pre: 1.4278 (1.4278)  loss_mal_enc_0: 0.8848 (0.8848)  loss_bbox_enc_0: 1.3791 (1.3791)  loss_giou_enc_0: 1.4409 (1.4409)  loss_mal_dn_0: 1.2051 (1.2051)  loss_bbox_dn_0: 0.7871 (0.7871)  loss_giou_dn_0: 1.2753 (1.2753)  loss_mal_dn_1: 1.6484 (1.6484)  loss_bbox_dn_1: 0.6904 (0.6904)  loss_giou_dn_1: 1.2281 (1.2281)  loss_mal_dn_2: 1.7109 (1.7109)  loss_bbox_dn_2: 0.7215 (0.7215)  loss_giou_dn_2: 1.2178 (1.2178)  loss_mal_dn_pre: 1.2520 (1.2520)  loss_bbox_dn_pre: 0.7967 (0.7967)  loss_giou_dn_pre: 1.2777 (1.2777)  time: 0.7064  data: 0.5959  max mem: 266
Epoch: [61]  [7/8]  eta: 0:00:00  lr: 0.000015  loss: 30.6885 (31.0877)  loss_mal: 1.2754 (1.3773)  loss_bbox: 0.7561 (0.8675)  loss_giou: 1.3756 (1.3686)  loss_mal_aux_0: 1.0029 (1.0590)  loss_bbox_aux_0: 0.8866 (1.0058)  loss_giou_aux_0: 1.3325 (1.3567)  loss_mal_aux_1: 1.2061 (1.3105)  loss_bbox_aux_1: 0.8007 (0.8917)  loss_giou_aux_1: 1.3550 (1.3889)  loss_mal_pre: 0.9575 (1.0260)  loss_bbox_pre: 1.1193 (1.0737)  loss_giou_pre: 1.3261 (1.3799)  loss_mal_enc_0: 0.7886 (0.8295)  loss_bbox_enc_0: 1.2747 (1.2667)  loss_giou_enc_0: 1.4409 (1.4835)  loss_mal_dn_0: 1.1865 (1.1978)  loss_bbox_dn_0: 0.6282 (0.6572)  loss_giou_dn_0: 1.2773 (1.2888)  loss_mal_dn_1: 1.6875 (1.6907)  loss_bbox_dn_1: 0.5308 (0.5839)  loss_giou_dn_1: 1.1917 (1.2038)  loss_mal_dn_2: 1.8398 (1.8086)  loss_bbox_dn_2: 0.5193 (0.5928)  loss_giou_dn_2: 1.1461 (1.1704)  loss_mal_dn_pre: 1.2520 (1.2596)  loss_bbox_dn_pre: 0.6277 (0.6588)  loss_giou_dn_pre: 1.2777 (1.2899)  time: 0.1868  data: 0.0880  max mem: 266
Epoch: [61] Total time: 0:00:01 (0.1918 s / it)
Averaged stats: lr: 0.000015  loss: 30.6885 (31.0877)  loss_mal: 1.2754 (1.3773)  loss_bbox: 0.7561 (0.8675)  loss_giou: 1.3756 (1.3686)  loss_mal_aux_0: 1.0029 (1.0590)  loss_bbox_aux_0: 0.8866 (1.0058)  loss_giou_aux_0: 1.3325 (1.3567)  loss_mal_aux_1: 1.2061 (1.3105)  loss_bbox_aux_1: 0.8007 (0.8917)  loss_giou_aux_1: 1.3550 (1.3889)  loss_mal_pre: 0.9575 (1.0260)  loss_bbox_pre: 1.1193 (1.0737)  loss_giou_pre: 1.3261 (1.3799)  loss_mal_enc_0: 0.7886 (0.8295)  loss_bbox_enc_0: 1.2747 (1.2667)  loss_giou_enc_0: 1.4409 (1.4835)  loss_mal_dn_0: 1.1865 (1.1978)  loss_bbox_dn_0: 0.6282 (0.6572)  loss_giou_dn_0: 1.2773 (1.2888)  loss_mal_dn_1: 1.6875 (1.6907)  loss_bbox_dn_1: 0.5308 (0.5839)  loss_giou_dn_1: 1.1917 (1.2038)  loss_mal_dn_2: 1.8398 (1.8086)  loss_bbox_dn_2: 0.5193 (0.5928)  loss_giou_dn_2: 1.1461 (1.1704)  loss_mal_dn_pre: 1.2520 (1.2596)  loss_bbox_dn_pre: 0.6277 (0.6588)  loss_giou_dn_pre: 1.2777 (1.2899)
Test:  [0/4]  eta: 0:00:02    time: 0.6300  data: 0.6105  max mem: 266
Test:  [3/4]  eta: 0:00:00    time: 0.1662  data: 0.1532  max mem: 266
Test: Total time: 0:00:00 (0.1859 s / it)
Averaged stats: 
Accumulating evaluation results...
COCOeval_opt.accumulate() finished...
DONE (t=0.00s).
IoU metric: bbox
 Average Precision  (AP) @[ IoU=0.50:0.95 | area=   all | maxDets=100 ] = 0.008
 Average Precision  (AP) @[ IoU=0.50      | area=   all | maxDets=100 ] = 0.021
 Average Precision  (AP) @[ IoU=0.75      | area=   all | maxDets=100 ] = 0.008
 Average Precision  (AP) @[ IoU=0.50:0.95 | area= small | maxDets=100 ] = -1.000
 Average Precision  (AP) @[ IoU=0.50:0.95 | area=medium | maxDets=100 ] = -1.000
 Average Precision  (AP) @[ IoU=0.50:0.95 | area= large | maxDets=100 ] = 0.008
 Average Recall     (AR) @[ IoU=0.50:0.95 | area=   all | maxDets=  1 ] = 0.000
 Average Recall     (AR) @[ IoU=0.50:0.95 | area=   all | maxDets= 10 ] = 0.087
 Average Recall     (AR) @[ IoU=0.50:0.95 | area=   all | maxDets=100 ] = 0.483
 Average Recall     (AR) @[ IoU=0.50:0.95 | area= small | maxDets=100 ] = -1.000
 Average Recall     (AR) @[ IoU=0.50:0.95 | area=medium | maxDets=100 ] = -1.000
 Average Recall     (AR) @[ IoU=0.50:0.95 | area= large | maxDets=100 ] = 0.483
 Average Recall     (AR) @[ IoU=0.50      | area=   all | maxDets=100 ] = 0.933
 Average Recall     (AR) @[ IoU=0.75      | area=   all | maxDets=100 ] = 0.433
best_stat: {'epoch': 60, 'coco_eval_bbox': 0.024114523700958904}
Epoch: [62]  [0/8]  eta: 0:00:06  lr: 0.000015  loss: 31.2698 (31.2698)  loss_mal: 1.6201 (1.6201)  loss_bbox: 0.8189 (0.8189)  loss_giou: 1.1568 (1.1568)  loss_mal_aux_0: 1.2451 (1.2451)  loss_bbox_aux_0: 0.8555 (0.8555)  loss_giou_aux_0: 1.2800 (1.2800)  loss_mal_aux_1: 1.3574 (1.3574)  loss_bbox_aux_1: 0.8447 (0.8447)  loss_giou_aux_1: 1.2705 (1.2705)  loss_mal_pre: 1.3574 (1.3574)  loss_bbox_pre: 0.9287 (0.9287)  loss_giou_pre: 1.1846 (1.1846)  loss_mal_enc_0: 0.9751 (0.9751)  loss_bbox_enc_0: 1.1157 (1.1157)  loss_giou_enc_0: 1.4126 (1.4126)  loss_mal_dn_0: 1.2119 (1.2119)  loss_bbox_dn_0: 0.6910 (0.6910)  loss_giou_dn_0: 1.3019 (1.3019)  loss_mal_dn_1: 1.9668 (1.9668)  loss_bbox_dn_1: 0.5795 (0.5795)  loss_giou_dn_1: 1.1116 (1.1116)  loss_mal_dn_2: 2.1133 (2.1133)  loss_bbox_dn_2: 0.5584 (0.5584)  loss_giou_dn_2: 1.0594 (1.0594)  loss_mal_dn_pre: 1.2646 (1.2646)  loss_bbox_dn_pre: 0.6866 (0.6866)  loss_giou_dn_pre: 1.3016 (1.3016)  time: 0.8711  data: 0.7819  max mem: 266
Epoch: [62]  [7/8]  eta: 0:00:00  lr: 0.000016  loss: 31.2698 (31.9568)  loss_mal: 1.6768 (1.7264)  loss_bbox: 0.8189 (0.8378)  loss_giou: 1.1290 (1.2024)  loss_mal_aux_0: 1.2451 (1.2787)  loss_bbox_aux_0: 0.8297 (0.8834)  loss_giou_aux_0: 1.1812 (1.2886)  loss_mal_aux_1: 1.3574 (1.5923)  loss_bbox_aux_1: 0.8447 (0.8609)  loss_giou_aux_1: 1.1326 (1.2363)  loss_mal_pre: 1.3340 (1.2986)  loss_bbox_pre: 0.8703 (0.9414)  loss_giou_pre: 1.1883 (1.2824)  loss_mal_enc_0: 0.9751 (1.0974)  loss_bbox_enc_0: 1.1157 (1.1555)  loss_giou_enc_0: 1.3745 (1.3588)  loss_mal_dn_0: 1.2119 (1.2393)  loss_bbox_dn_0: 0.6631 (0.7372)  loss_giou_dn_0: 1.2897 (1.2755)  loss_mal_dn_1: 1.7744 (1.8187)  loss_bbox_dn_1: 0.5795 (0.6573)  loss_giou_dn_1: 1.1116 (1.1421)  loss_mal_dn_2: 2.0625 (2.0308)  loss_bbox_dn_2: 0.5584 (0.6399)  loss_giou_dn_2: 1.0433 (1.0689)  loss_mal_dn_pre: 1.2646 (1.2915)  loss_bbox_dn_pre: 0.6600 (0.7378)  loss_giou_dn_pre: 1.2954 (1.2770)  time: 0.1942  data: 0.1205  max mem: 266
Epoch: [62] Total time: 0:00:01 (0.2027 s / it)
Averaged stats: lr: 0.000016  loss: 31.2698 (31.9568)  loss_mal: 1.6768 (1.7264)  loss_bbox: 0.8189 (0.8378)  loss_giou: 1.1290 (1.2024)  loss_mal_aux_0: 1.2451 (1.2787)  loss_bbox_aux_0: 0.8297 (0.8834)  loss_giou_aux_0: 1.1812 (1.2886)  loss_mal_aux_1: 1.3574 (1.5923)  loss_bbox_aux_1: 0.8447 (0.8609)  loss_giou_aux_1: 1.1326 (1.2363)  loss_mal_pre: 1.3340 (1.2986)  loss_bbox_pre: 0.8703 (0.9414)  loss_giou_pre: 1.1883 (1.2824)  loss_mal_enc_0: 0.9751 (1.0974)  loss_bbox_enc_0: 1.1157 (1.1555)  loss_giou_enc_0: 1.3745 (1.3588)  loss_mal_dn_0: 1.2119 (1.2393)  loss_bbox_dn_0: 0.6631 (0.7372)  loss_giou_dn_0: 1.2897 (1.2755)  loss_mal_dn_1: 1.7744 (1.8187)  loss_bbox_dn_1: 0.5795 (0.6573)  loss_giou_dn_1: 1.1116 (1.1421)  loss_mal_dn_2: 2.0625 (2.0308)  loss_bbox_dn_2: 0.5584 (0.6399)  loss_giou_dn_2: 1.0433 (1.0689)  loss_mal_dn_pre: 1.2646 (1.2915)  loss_bbox_dn_pre: 0.6600 (0.7378)  loss_giou_dn_pre: 1.2954 (1.2770)
Test:  [0/4]  eta: 0:00:02    time: 0.7237  data: 0.7057  max mem: 266
Test:  [3/4]  eta: 0:00:00    time: 0.1937  data: 0.1770  max mem: 266
Test: Total time: 0:00:00 (0.2141 s / it)
Averaged stats: 
Accumulating evaluation results...
COCOeval_opt.accumulate() finished...
DONE (t=0.00s).
IoU metric: bbox
 Average Precision  (AP) @[ IoU=0.50:0.95 | area=   all | maxDets=100 ] = 0.009
 Average Precision  (AP) @[ IoU=0.50      | area=   all | maxDets=100 ] = 0.020
 Average Precision  (AP) @[ IoU=0.75      | area=   all | maxDets=100 ] = 0.008
 Average Precision  (AP) @[ IoU=0.50:0.95 | area= small | maxDets=100 ] = -1.000
 Average Precision  (AP) @[ IoU=0.50:0.95 | area=medium | maxDets=100 ] = -1.000
 Average Precision  (AP) @[ IoU=0.50:0.95 | area= large | maxDets=100 ] = 0.009
 Average Recall     (AR) @[ IoU=0.50:0.95 | area=   all | maxDets=  1 ] = 0.000
 Average Recall     (AR) @[ IoU=0.50:0.95 | area=   all | maxDets= 10 ] = 0.077
 Average Recall     (AR) @[ IoU=0.50:0.95 | area=   all | maxDets=100 ] = 0.500
 Average Recall     (AR) @[ IoU=0.50:0.95 | area= small | maxDets=100 ] = -1.000
 Average Recall     (AR) @[ IoU=0.50:0.95 | area=medium | maxDets=100 ] = -1.000
 Average Recall     (AR) @[ IoU=0.50:0.95 | area= large | maxDets=100 ] = 0.500
 Average Recall     (AR) @[ IoU=0.50      | area=   all | maxDets=100 ] = 0.933
 Average Recall     (AR) @[ IoU=0.75      | area=   all | maxDets=100 ] = 0.500
best_stat: {'epoch': 60, 'coco_eval_bbox': 0.024114523700958904}
Epoch: [63]  [0/8]  eta: 0:00:07  lr: 0.000016  loss: 32.1629 (32.1629)  loss_mal: 1.4375 (1.4375)  loss_bbox: 0.9786 (0.9786)  loss_giou: 1.3084 (1.3084)  loss_mal_aux_0: 1.1172 (1.1172)  loss_bbox_aux_0: 1.0862 (1.0862)  loss_giou_aux_0: 1.3772 (1.3772)  loss_mal_aux_1: 1.2627 (1.2627)  loss_bbox_aux_1: 1.0114 (1.0114)  loss_giou_aux_1: 1.3565 (1.3565)  loss_mal_pre: 1.2314 (1.2314)  loss_bbox_pre: 1.0109 (1.0109)  loss_giou_pre: 1.4305 (1.4305)  loss_mal_enc_0: 0.8828 (0.8828)  loss_bbox_enc_0: 1.3302 (1.3302)  loss_giou_enc_0: 1.5662 (1.5662)  loss_mal_dn_0: 1.2207 (1.2207)  loss_bbox_dn_0: 0.7364 (0.7364)  loss_giou_dn_0: 1.2784 (1.2784)  loss_mal_dn_1: 1.7471 (1.7471)  loss_bbox_dn_1: 0.6729 (0.6729)  loss_giou_dn_1: 1.1732 (1.1732)  loss_mal_dn_2: 1.7773 (1.7773)  loss_bbox_dn_2: 0.6976 (0.6976)  loss_giou_dn_2: 1.1653 (1.1653)  loss_mal_dn_pre: 1.2900 (1.2900)  loss_bbox_dn_pre: 0.7364 (0.7364)  loss_giou_dn_pre: 1.2798 (1.2798)  time: 0.9026  data: 0.8133  max mem: 266
Epoch: [63]  [7/8]  eta: 0:00:00  lr: 0.000016  loss: 32.1629 (32.3484)  loss_mal: 1.9463 (1.8484)  loss_bbox: 0.6849 (0.7584)  loss_giou: 1.1007 (1.1904)  loss_mal_aux_0: 1.2129 (1.4583)  loss_bbox_aux_0: 0.7558 (0.8545)  loss_giou_aux_0: 1.1150 (1.1865)  loss_mal_aux_1: 1.6543 (1.6624)  loss_bbox_aux_1: 0.7202 (0.7698)  loss_giou_aux_1: 1.1866 (1.2361)  loss_mal_pre: 1.2314 (1.4817)  loss_bbox_pre: 0.8325 (0.9296)  loss_giou_pre: 1.1257 (1.1925)  loss_mal_enc_0: 0.8828 (1.2537)  loss_bbox_enc_0: 0.9749 (1.1581)  loss_giou_enc_0: 1.1808 (1.2804)  loss_mal_dn_0: 1.1729 (1.1759)  loss_bbox_dn_0: 0.7364 (0.8516)  loss_giou_dn_0: 1.2921 (1.3003)  loss_mal_dn_1: 1.7217 (1.7303)  loss_bbox_dn_1: 0.6729 (0.7226)  loss_giou_dn_1: 1.1732 (1.1828)  loss_mal_dn_2: 1.9150 (1.9180)  loss_bbox_dn_2: 0.6976 (0.6970)  loss_giou_dn_2: 1.1092 (1.1212)  loss_mal_dn_pre: 1.2383 (1.2422)  loss_bbox_dn_pre: 0.7364 (0.8469)  loss_giou_dn_pre: 1.3002 (1.2991)  time: 0.1930  data: 0.1207  max mem: 266
Epoch: [63] Total time: 0:00:01 (0.2020 s / it)
Averaged stats: lr: 0.000016  loss: 32.1629 (32.3484)  loss_mal: 1.9463 (1.8484)  loss_bbox: 0.6849 (0.7584)  loss_giou: 1.1007 (1.1904)  loss_mal_aux_0: 1.2129 (1.4583)  loss_bbox_aux_0: 0.7558 (0.8545)  loss_giou_aux_0: 1.1150 (1.1865)  loss_mal_aux_1: 1.6543 (1.6624)  loss_bbox_aux_1: 0.7202 (0.7698)  loss_giou_aux_1: 1.1866 (1.2361)  loss_mal_pre: 1.2314 (1.4817)  loss_bbox_pre: 0.8325 (0.9296)  loss_giou_pre: 1.1257 (1.1925)  loss_mal_enc_0: 0.8828 (1.2537)  loss_bbox_enc_0: 0.9749 (1.1581)  loss_giou_enc_0: 1.1808 (1.2804)  loss_mal_dn_0: 1.1729 (1.1759)  loss_bbox_dn_0: 0.7364 (0.8516)  loss_giou_dn_0: 1.2921 (1.3003)  loss_mal_dn_1: 1.7217 (1.7303)  loss_bbox_dn_1: 0.6729 (0.7226)  loss_giou_dn_1: 1.1732 (1.1828)  loss_mal_dn_2: 1.9150 (1.9180)  loss_bbox_dn_2: 0.6976 (0.6970)  loss_giou_dn_2: 1.1092 (1.1212)  loss_mal_dn_pre: 1.2383 (1.2422)  loss_bbox_dn_pre: 0.7364 (0.8469)  loss_giou_dn_pre: 1.3002 (1.2991)
Test:  [0/4]  eta: 0:00:02    time: 0.6524  data: 0.6332  max mem: 266
Test:  [3/4]  eta: 0:00:00    time: 0.1735  data: 0.1590  max mem: 266
Test: Total time: 0:00:00 (0.1892 s / it)
Averaged stats: 
Accumulating evaluation results...
COCOeval_opt.accumulate() finished...
DONE (t=0.00s).
IoU metric: bbox
 Average Precision  (AP) @[ IoU=0.50:0.95 | area=   all | maxDets=100 ] = 0.019
 Average Precision  (AP) @[ IoU=0.50      | area=   all | maxDets=100 ] = 0.037
 Average Precision  (AP) @[ IoU=0.75      | area=   all | maxDets=100 ] = 0.027
 Average Precision  (AP) @[ IoU=0.50:0.95 | area= small | maxDets=100 ] = -1.000
 Average Precision  (AP) @[ IoU=0.50:0.95 | area=medium | maxDets=100 ] = -1.000
 Average Precision  (AP) @[ IoU=0.50:0.95 | area= large | maxDets=100 ] = 0.019
 Average Recall     (AR) @[ IoU=0.50:0.95 | area=   all | maxDets=  1 ] = 0.020
 Average Recall     (AR) @[ IoU=0.50:0.95 | area=   all | maxDets= 10 ] = 0.107
 Average Recall     (AR) @[ IoU=0.50:0.95 | area=   all | maxDets=100 ] = 0.500
 Average Recall     (AR) @[ IoU=0.50:0.95 | area= small | maxDets=100 ] = -1.000
 Average Recall     (AR) @[ IoU=0.50:0.95 | area=medium | maxDets=100 ] = -1.000
 Average Recall     (AR) @[ IoU=0.50:0.95 | area= large | maxDets=100 ] = 0.500
 Average Recall     (AR) @[ IoU=0.50      | area=   all | maxDets=100 ] = 0.933
 Average Recall     (AR) @[ IoU=0.75      | area=   all | maxDets=100 ] = 0.533
best_stat: {'epoch': 60, 'coco_eval_bbox': 0.024114523700958904}
     ### Attention --- Mixup is closed after epoch@ 64 ###
     ### Attention --- Mixup is closed after epoch@ 64 ###
     ### Attention --- Mixup is closed after epoch@ 64 ###
     ### Attention --- Mixup is closed after epoch@ 64 ###
Epoch: [64]  [0/8]  eta: 0:00:08  lr: 0.000016  loss: 31.8091 (31.8091)  loss_mal: 1.0039 (1.0039)  loss_bbox: 1.0266 (1.0266)  loss_giou: 1.5427 (1.5427)  loss_mal_aux_0: 0.7988 (0.7988)  loss_bbox_aux_0: 1.1396 (1.1396)  loss_giou_aux_0: 1.5614 (1.5614)  loss_mal_aux_1: 0.8735 (0.8735)  loss_bbox_aux_1: 1.0759 (1.0759)  loss_giou_aux_1: 1.5948 (1.5948)  loss_mal_pre: 0.9429 (0.9429)  loss_bbox_pre: 1.2281 (1.2281)  loss_giou_pre: 1.4759 (1.4759)  loss_mal_enc_0: 0.7100 (0.7100)  loss_bbox_enc_0: 1.4349 (1.4349)  loss_giou_enc_0: 1.5797 (1.5797)  loss_mal_dn_0: 1.0898 (1.0898)  loss_bbox_dn_0: 0.7570 (0.7570)  loss_giou_dn_0: 1.3917 (1.3917)  loss_mal_dn_1: 1.6025 (1.6025)  loss_bbox_dn_1: 0.6801 (0.6801)  loss_giou_dn_1: 1.2811 (1.2811)  loss_mal_dn_2: 1.8252 (1.8252)  loss_bbox_dn_2: 0.6640 (0.6640)  loss_giou_dn_2: 1.2111 (1.2111)  loss_mal_dn_pre: 1.1592 (1.1592)  loss_bbox_dn_pre: 0.7592 (0.7592)  loss_giou_dn_pre: 1.3995 (1.3995)  time: 1.0735  data: 0.9401  max mem: 266
Epoch: [64]  [7/8]  eta: 0:00:00  lr: 0.000017  loss: 32.9512 (33.3167)  loss_mal: 1.8525 (2.1048)  loss_bbox: 0.7960 (0.7699)  loss_giou: 0.9556 (1.0682)  loss_mal_aux_0: 1.2354 (1.5555)  loss_bbox_aux_0: 0.8862 (0.9325)  loss_giou_aux_0: 1.0159 (1.1382)  loss_mal_aux_1: 1.8438 (1.9877)  loss_bbox_aux_1: 0.7742 (0.7785)  loss_giou_aux_1: 1.0301 (1.0879)  loss_mal_pre: 1.2607 (1.6214)  loss_bbox_pre: 0.8673 (0.9039)  loss_giou_pre: 0.9985 (1.1377)  loss_mal_enc_0: 1.1006 (1.4692)  loss_bbox_enc_0: 1.0499 (1.1152)  loss_giou_enc_0: 1.0649 (1.1963)  loss_mal_dn_0: 1.1904 (1.1808)  loss_bbox_dn_0: 0.9955 (0.9283)  loss_giou_dn_0: 1.2909 (1.3042)  loss_mal_dn_1: 1.6943 (1.7251)  loss_bbox_dn_1: 0.8957 (0.8221)  loss_giou_dn_1: 1.1651 (1.1804)  loss_mal_dn_2: 1.8740 (1.9299)  loss_bbox_dn_2: 0.8183 (0.7867)  loss_giou_dn_2: 1.0970 (1.1147)  loss_mal_dn_pre: 1.2568 (1.2511)  loss_bbox_dn_pre: 0.9864 (0.9218)  loss_giou_dn_pre: 1.2825 (1.3046)  time: 0.2422  data: 0.1437  max mem: 266
Epoch: [64] Total time: 0:00:01 (0.2495 s / it)
Averaged stats: lr: 0.000017  loss: 32.9512 (33.3167)  loss_mal: 1.8525 (2.1048)  loss_bbox: 0.7960 (0.7699)  loss_giou: 0.9556 (1.0682)  loss_mal_aux_0: 1.2354 (1.5555)  loss_bbox_aux_0: 0.8862 (0.9325)  loss_giou_aux_0: 1.0159 (1.1382)  loss_mal_aux_1: 1.8438 (1.9877)  loss_bbox_aux_1: 0.7742 (0.7785)  loss_giou_aux_1: 1.0301 (1.0879)  loss_mal_pre: 1.2607 (1.6214)  loss_bbox_pre: 0.8673 (0.9039)  loss_giou_pre: 0.9985 (1.1377)  loss_mal_enc_0: 1.1006 (1.4692)  loss_bbox_enc_0: 1.0499 (1.1152)  loss_giou_enc_0: 1.0649 (1.1963)  loss_mal_dn_0: 1.1904 (1.1808)  loss_bbox_dn_0: 0.9955 (0.9283)  loss_giou_dn_0: 1.2909 (1.3042)  loss_mal_dn_1: 1.6943 (1.7251)  loss_bbox_dn_1: 0.8957 (0.8221)  loss_giou_dn_1: 1.1651 (1.1804)  loss_mal_dn_2: 1.8740 (1.9299)  loss_bbox_dn_2: 0.8183 (0.7867)  loss_giou_dn_2: 1.0970 (1.1147)  loss_mal_dn_pre: 1.2568 (1.2511)  loss_bbox_dn_pre: 0.9864 (0.9218)  loss_giou_dn_pre: 1.2825 (1.3046)
Test:  [0/4]  eta: 0:00:02    time: 0.6680  data: 0.6458  max mem: 266
Test:  [3/4]  eta: 0:00:00    time: 0.1950  data: 0.1620  max mem: 266
Test: Total time: 0:00:00 (0.2153 s / it)
Averaged stats: 
Accumulating evaluation results...
COCOeval_opt.accumulate() finished...
DONE (t=0.00s).
IoU metric: bbox
 Average Precision  (AP) @[ IoU=0.50:0.95 | area=   all | maxDets=100 ] = 0.016
 Average Precision  (AP) @[ IoU=0.50      | area=   all | maxDets=100 ] = 0.040
 Average Precision  (AP) @[ IoU=0.75      | area=   all | maxDets=100 ] = 0.008
 Average Precision  (AP) @[ IoU=0.50:0.95 | area= small | maxDets=100 ] = -1.000
 Average Precision  (AP) @[ IoU=0.50:0.95 | area=medium | maxDets=100 ] = -1.000
 Average Precision  (AP) @[ IoU=0.50:0.95 | area= large | maxDets=100 ] = 0.016
 Average Recall     (AR) @[ IoU=0.50:0.95 | area=   all | maxDets=  1 ] = 0.027
 Average Recall     (AR) @[ IoU=0.50:0.95 | area=   all | maxDets= 10 ] = 0.117
 Average Recall     (AR) @[ IoU=0.50:0.95 | area=   all | maxDets=100 ] = 0.530
 Average Recall     (AR) @[ IoU=0.50:0.95 | area= small | maxDets=100 ] = -1.000
 Average Recall     (AR) @[ IoU=0.50:0.95 | area=medium | maxDets=100 ] = -1.000
 Average Recall     (AR) @[ IoU=0.50:0.95 | area= large | maxDets=100 ] = 0.530
 Average Recall     (AR) @[ IoU=0.50      | area=   all | maxDets=100 ] = 0.967
 Average Recall     (AR) @[ IoU=0.75      | area=   all | maxDets=100 ] = 0.567
best_stat: {'epoch': 60, 'coco_eval_bbox': 0.024114523700958904}
Epoch: [65]  [0/8]  eta: 0:00:08  lr: 0.000017  loss: 33.8056 (33.8056)  loss_mal: 2.8730 (2.8730)  loss_bbox: 0.4952 (0.4952)  loss_giou: 0.8155 (0.8155)  loss_mal_aux_0: 1.9902 (1.9902)  loss_bbox_aux_0: 0.6580 (0.6580)  loss_giou_aux_0: 0.9190 (0.9190)  loss_mal_aux_1: 2.5957 (2.5957)  loss_bbox_aux_1: 0.5458 (0.5458)  loss_giou_aux_1: 0.8767 (0.8767)  loss_mal_pre: 2.0684 (2.0684)  loss_bbox_pre: 0.6587 (0.6587)  loss_giou_pre: 0.9565 (0.9565)  loss_mal_enc_0: 1.8008 (1.8008)  loss_bbox_enc_0: 0.8310 (0.8310)  loss_giou_enc_0: 1.0164 (1.0164)  loss_mal_dn_0: 1.2314 (1.2314)  loss_bbox_dn_0: 0.9694 (0.9694)  loss_giou_dn_0: 1.2553 (1.2553)  loss_mal_dn_1: 1.8740 (1.8740)  loss_bbox_dn_1: 0.8180 (0.8180)  loss_giou_dn_1: 1.1087 (1.1087)  loss_mal_dn_2: 2.0898 (2.0898)  loss_bbox_dn_2: 0.7808 (0.7808)  loss_giou_dn_2: 1.0378 (1.0378)  loss_mal_dn_pre: 1.3242 (1.3242)  loss_bbox_dn_pre: 0.9629 (0.9629)  loss_giou_dn_pre: 1.2522 (1.2522)  time: 1.0528  data: 0.9391  max mem: 266
Epoch: [65]  [7/8]  eta: 0:00:00  lr: 0.000017  loss: 33.6185 (34.0848)  loss_mal: 2.2344 (2.5271)  loss_bbox: 0.5932 (0.6455)  loss_giou: 0.8962 (0.8791)  loss_mal_aux_0: 1.7666 (1.8625)  loss_bbox_aux_0: 0.6754 (0.7170)  loss_giou_aux_0: 0.9190 (0.9829)  loss_mal_aux_1: 1.9463 (2.2637)  loss_bbox_aux_1: 0.6385 (0.6866)  loss_giou_aux_1: 0.8767 (0.9637)  loss_mal_pre: 1.8291 (1.9901)  loss_bbox_pre: 0.7282 (0.7535)  loss_giou_pre: 0.9565 (0.9690)  loss_mal_enc_0: 1.4795 (1.7667)  loss_bbox_enc_0: 0.8641 (0.8732)  loss_giou_enc_0: 1.0164 (1.0355)  loss_mal_dn_0: 1.1748 (1.1932)  loss_bbox_dn_0: 1.0023 (1.1078)  loss_giou_dn_0: 1.2977 (1.2827)  loss_mal_dn_1: 1.7842 (1.8186)  loss_bbox_dn_1: 0.8829 (0.9692)  loss_giou_dn_1: 1.1246 (1.1288)  loss_mal_dn_2: 2.0352 (2.0557)  loss_bbox_dn_2: 0.8662 (0.9164)  loss_giou_dn_2: 1.0389 (1.0512)  loss_mal_dn_pre: 1.2412 (1.2639)  loss_bbox_dn_pre: 1.0061 (1.1004)  loss_giou_dn_pre: 1.2872 (1.2806)  time: 0.2202  data: 0.1193  max mem: 266
Epoch: [65] Total time: 0:00:01 (0.2255 s / it)
Averaged stats: lr: 0.000017  loss: 33.6185 (34.0848)  loss_mal: 2.2344 (2.5271)  loss_bbox: 0.5932 (0.6455)  loss_giou: 0.8962 (0.8791)  loss_mal_aux_0: 1.7666 (1.8625)  loss_bbox_aux_0: 0.6754 (0.7170)  loss_giou_aux_0: 0.9190 (0.9829)  loss_mal_aux_1: 1.9463 (2.2637)  loss_bbox_aux_1: 0.6385 (0.6866)  loss_giou_aux_1: 0.8767 (0.9637)  loss_mal_pre: 1.8291 (1.9901)  loss_bbox_pre: 0.7282 (0.7535)  loss_giou_pre: 0.9565 (0.9690)  loss_mal_enc_0: 1.4795 (1.7667)  loss_bbox_enc_0: 0.8641 (0.8732)  loss_giou_enc_0: 1.0164 (1.0355)  loss_mal_dn_0: 1.1748 (1.1932)  loss_bbox_dn_0: 1.0023 (1.1078)  loss_giou_dn_0: 1.2977 (1.2827)  loss_mal_dn_1: 1.7842 (1.8186)  loss_bbox_dn_1: 0.8829 (0.9692)  loss_giou_dn_1: 1.1246 (1.1288)  loss_mal_dn_2: 2.0352 (2.0557)  loss_bbox_dn_2: 0.8662 (0.9164)  loss_giou_dn_2: 1.0389 (1.0512)  loss_mal_dn_pre: 1.2412 (1.2639)  loss_bbox_dn_pre: 1.0061 (1.1004)  loss_giou_dn_pre: 1.2872 (1.2806)
Test:  [0/4]  eta: 0:00:02    time: 0.6053  data: 0.5868  max mem: 266
Test:  [3/4]  eta: 0:00:00    time: 0.1954  data: 0.1474  max mem: 266
Test: Total time: 0:00:00 (0.2133 s / it)
Averaged stats: 
Accumulating evaluation results...
COCOeval_opt.accumulate() finished...
DONE (t=0.00s).
IoU metric: bbox
 Average Precision  (AP) @[ IoU=0.50:0.95 | area=   all | maxDets=100 ] = 0.014
 Average Precision  (AP) @[ IoU=0.50      | area=   all | maxDets=100 ] = 0.029
 Average Precision  (AP) @[ IoU=0.75      | area=   all | maxDets=100 ] = 0.010
 Average Precision  (AP) @[ IoU=0.50:0.95 | area= small | maxDets=100 ] = -1.000
 Average Precision  (AP) @[ IoU=0.50:0.95 | area=medium | maxDets=100 ] = -1.000
 Average Precision  (AP) @[ IoU=0.50:0.95 | area= large | maxDets=100 ] = 0.014
 Average Recall     (AR) @[ IoU=0.50:0.95 | area=   all | maxDets=  1 ] = 0.013
 Average Recall     (AR) @[ IoU=0.50:0.95 | area=   all | maxDets= 10 ] = 0.090
 Average Recall     (AR) @[ IoU=0.50:0.95 | area=   all | maxDets=100 ] = 0.547
 Average Recall     (AR) @[ IoU=0.50:0.95 | area= small | maxDets=100 ] = -1.000
 Average Recall     (AR) @[ IoU=0.50:0.95 | area=medium | maxDets=100 ] = -1.000
 Average Recall     (AR) @[ IoU=0.50:0.95 | area= large | maxDets=100 ] = 0.547
 Average Recall     (AR) @[ IoU=0.50      | area=   all | maxDets=100 ] = 0.933
 Average Recall     (AR) @[ IoU=0.75      | area=   all | maxDets=100 ] = 0.567
best_stat: {'epoch': 60, 'coco_eval_bbox': 0.024114523700958904}
Epoch: [66]  [0/8]  eta: 0:00:07  lr: 0.000017  loss: 34.3179 (34.3179)  loss_mal: 2.1621 (2.1621)  loss_bbox: 0.7235 (0.7235)  loss_giou: 1.0483 (1.0483)  loss_mal_aux_0: 1.5869 (1.5869)  loss_bbox_aux_0: 0.9717 (0.9717)  loss_giou_aux_0: 1.1542 (1.1542)  loss_mal_aux_1: 1.8604 (1.8604)  loss_bbox_aux_1: 0.8536 (0.8536)  loss_giou_aux_1: 1.1668 (1.1668)  loss_mal_pre: 1.5088 (1.5088)  loss_bbox_pre: 1.0868 (1.0868)  loss_giou_pre: 1.1877 (1.1877)  loss_mal_enc_0: 1.2725 (1.2725)  loss_bbox_enc_0: 1.3608 (1.3608)  loss_giou_enc_0: 1.2457 (1.2457)  loss_mal_dn_0: 1.2939 (1.2939)  loss_bbox_dn_0: 1.0306 (1.0306)  loss_giou_dn_0: 1.2274 (1.2274)  loss_mal_dn_1: 1.8281 (1.8281)  loss_bbox_dn_1: 0.9594 (0.9594)  loss_giou_dn_1: 1.1343 (1.1343)  loss_mal_dn_2: 2.0664 (2.0664)  loss_bbox_dn_2: 0.9015 (0.9015)  loss_giou_dn_2: 1.0589 (1.0589)  loss_mal_dn_pre: 1.3633 (1.3633)  loss_bbox_dn_pre: 1.0344 (1.0344)  loss_giou_dn_pre: 1.2298 (1.2298)  time: 0.9292  data: 0.8382  max mem: 266
Epoch: [66]  [7/8]  eta: 0:00:00  lr: 0.000018  loss: 33.8531 (33.6605)  loss_mal: 2.1621 (2.1014)  loss_bbox: 0.6854 (0.7603)  loss_giou: 0.9810 (1.0477)  loss_mal_aux_0: 1.6396 (1.6573)  loss_bbox_aux_0: 0.8701 (0.8515)  loss_giou_aux_0: 1.0590 (1.1329)  loss_mal_aux_1: 1.8857 (1.9183)  loss_bbox_aux_1: 0.7098 (0.7660)  loss_giou_aux_1: 1.0014 (1.1442)  loss_mal_pre: 1.5928 (1.6130)  loss_bbox_pre: 0.9225 (0.9205)  loss_giou_pre: 1.1000 (1.1912)  loss_mal_enc_0: 1.3857 (1.3764)  loss_bbox_enc_0: 1.2369 (1.1397)  loss_giou_enc_0: 1.2025 (1.2733)  loss_mal_dn_0: 1.2168 (1.2163)  loss_bbox_dn_0: 0.9946 (0.9873)  loss_giou_dn_0: 1.2879 (1.2776)  loss_mal_dn_1: 1.7812 (1.7957)  loss_bbox_dn_1: 0.8754 (0.8765)  loss_giou_dn_1: 1.1343 (1.1465)  loss_mal_dn_2: 2.0508 (2.0248)  loss_bbox_dn_2: 0.8042 (0.8257)  loss_giou_dn_2: 1.0589 (1.0641)  loss_mal_dn_pre: 1.2793 (1.2886)  loss_bbox_dn_pre: 1.0126 (0.9846)  loss_giou_dn_pre: 1.2795 (1.2790)  time: 0.1885  data: 0.1114  max mem: 266
Epoch: [66] Total time: 0:00:01 (0.1956 s / it)
Averaged stats: lr: 0.000018  loss: 33.8531 (33.6605)  loss_mal: 2.1621 (2.1014)  loss_bbox: 0.6854 (0.7603)  loss_giou: 0.9810 (1.0477)  loss_mal_aux_0: 1.6396 (1.6573)  loss_bbox_aux_0: 0.8701 (0.8515)  loss_giou_aux_0: 1.0590 (1.1329)  loss_mal_aux_1: 1.8857 (1.9183)  loss_bbox_aux_1: 0.7098 (0.7660)  loss_giou_aux_1: 1.0014 (1.1442)  loss_mal_pre: 1.5928 (1.6130)  loss_bbox_pre: 0.9225 (0.9205)  loss_giou_pre: 1.1000 (1.1912)  loss_mal_enc_0: 1.3857 (1.3764)  loss_bbox_enc_0: 1.2369 (1.1397)  loss_giou_enc_0: 1.2025 (1.2733)  loss_mal_dn_0: 1.2168 (1.2163)  loss_bbox_dn_0: 0.9946 (0.9873)  loss_giou_dn_0: 1.2879 (1.2776)  loss_mal_dn_1: 1.7812 (1.7957)  loss_bbox_dn_1: 0.8754 (0.8765)  loss_giou_dn_1: 1.1343 (1.1465)  loss_mal_dn_2: 2.0508 (2.0248)  loss_bbox_dn_2: 0.8042 (0.8257)  loss_giou_dn_2: 1.0589 (1.0641)  loss_mal_dn_pre: 1.2793 (1.2886)  loss_bbox_dn_pre: 1.0126 (0.9846)  loss_giou_dn_pre: 1.2795 (1.2790)
Test:  [0/4]  eta: 0:00:02    time: 0.7359  data: 0.7015  max mem: 266
Test:  [3/4]  eta: 0:00:00    time: 0.1966  data: 0.1760  max mem: 266
Test: Total time: 0:00:00 (0.2155 s / it)
Averaged stats: 
Accumulating evaluation results...
COCOeval_opt.accumulate() finished...
DONE (t=0.00s).
IoU metric: bbox
 Average Precision  (AP) @[ IoU=0.50:0.95 | area=   all | maxDets=100 ] = 0.015
 Average Precision  (AP) @[ IoU=0.50      | area=   all | maxDets=100 ] = 0.035
 Average Precision  (AP) @[ IoU=0.75      | area=   all | maxDets=100 ] = 0.004
 Average Precision  (AP) @[ IoU=0.50:0.95 | area= small | maxDets=100 ] = -1.000
 Average Precision  (AP) @[ IoU=0.50:0.95 | area=medium | maxDets=100 ] = -1.000
 Average Precision  (AP) @[ IoU=0.50:0.95 | area= large | maxDets=100 ] = 0.015
 Average Recall     (AR) @[ IoU=0.50:0.95 | area=   all | maxDets=  1 ] = 0.017
 Average Recall     (AR) @[ IoU=0.50:0.95 | area=   all | maxDets= 10 ] = 0.080
 Average Recall     (AR) @[ IoU=0.50:0.95 | area=   all | maxDets=100 ] = 0.543
 Average Recall     (AR) @[ IoU=0.50:0.95 | area= small | maxDets=100 ] = -1.000
 Average Recall     (AR) @[ IoU=0.50:0.95 | area=medium | maxDets=100 ] = -1.000
 Average Recall     (AR) @[ IoU=0.50:0.95 | area= large | maxDets=100 ] = 0.543
 Average Recall     (AR) @[ IoU=0.50      | area=   all | maxDets=100 ] = 0.933
 Average Recall     (AR) @[ IoU=0.75      | area=   all | maxDets=100 ] = 0.600
best_stat: {'epoch': 60, 'coco_eval_bbox': 0.024114523700958904}
Epoch: [67]  [0/8]  eta: 0:00:06  lr: 0.000018  loss: 37.6770 (37.6770)  loss_mal: 4.0234 (4.0234)  loss_bbox: 0.3320 (0.3320)  loss_giou: 0.3756 (0.3756)  loss_mal_aux_0: 2.7676 (2.7676)  loss_bbox_aux_0: 0.5482 (0.5482)  loss_giou_aux_0: 0.6233 (0.6233)  loss_mal_aux_1: 3.8301 (3.8301)  loss_bbox_aux_1: 0.3507 (0.3507)  loss_giou_aux_1: 0.4082 (0.4082)  loss_mal_pre: 3.0176 (3.0176)  loss_bbox_pre: 0.4246 (0.4246)  loss_giou_pre: 0.5484 (0.5484)  loss_mal_enc_0: 2.6094 (2.6094)  loss_bbox_enc_0: 0.5862 (0.5862)  loss_giou_enc_0: 0.6428 (0.6428)  loss_mal_dn_0: 1.0000 (1.0000)  loss_bbox_dn_0: 1.6178 (1.6178)  loss_giou_dn_0: 1.3627 (1.3627)  loss_mal_dn_1: 1.6973 (1.6973)  loss_bbox_dn_1: 1.3651 (1.3651)  loss_giou_dn_1: 1.1399 (1.1399)  loss_mal_dn_2: 2.0938 (2.0938)  loss_bbox_dn_2: 1.2584 (1.2584)  loss_giou_dn_2: 1.0204 (1.0204)  loss_mal_dn_pre: 1.0391 (1.0391)  loss_bbox_dn_pre: 1.6206 (1.6206)  loss_giou_dn_pre: 1.3739 (1.3739)  time: 0.7845  data: 0.7006  max mem: 266
Epoch: [67]  [7/8]  eta: 0:00:00  lr: 0.000018  loss: 33.2653 (33.9386)  loss_mal: 2.3457 (2.5121)  loss_bbox: 0.5585 (0.6492)  loss_giou: 0.8879 (0.9007)  loss_mal_aux_0: 1.8291 (1.8864)  loss_bbox_aux_0: 0.7193 (0.7276)  loss_giou_aux_0: 0.9771 (0.9917)  loss_mal_aux_1: 2.1895 (2.3890)  loss_bbox_aux_1: 0.5989 (0.6629)  loss_giou_aux_1: 0.9134 (0.9325)  loss_mal_pre: 1.8369 (1.9264)  loss_bbox_pre: 0.7144 (0.7277)  loss_giou_pre: 0.9944 (1.0118)  loss_mal_enc_0: 1.4912 (1.6207)  loss_bbox_enc_0: 0.8703 (0.8867)  loss_giou_enc_0: 1.1132 (1.1193)  loss_mal_dn_0: 1.1758 (1.2076)  loss_bbox_dn_0: 0.9182 (1.0497)  loss_giou_dn_0: 1.2639 (1.2728)  loss_mal_dn_1: 1.8701 (1.8459)  loss_bbox_dn_1: 0.7754 (0.9177)  loss_giou_dn_1: 1.1032 (1.1117)  loss_mal_dn_2: 2.1211 (2.0793)  loss_bbox_dn_2: 0.7218 (0.8776)  loss_giou_dn_2: 1.0189 (1.0356)  loss_mal_dn_pre: 1.2754 (1.2743)  loss_bbox_dn_pre: 0.9141 (1.0455)  loss_giou_dn_pre: 1.2663 (1.2760)  time: 0.2335  data: 0.1620  max mem: 266
Epoch: [67] Total time: 0:00:01 (0.2391 s / it)
Averaged stats: lr: 0.000018  loss: 33.2653 (33.9386)  loss_mal: 2.3457 (2.5121)  loss_bbox: 0.5585 (0.6492)  loss_giou: 0.8879 (0.9007)  loss_mal_aux_0: 1.8291 (1.8864)  loss_bbox_aux_0: 0.7193 (0.7276)  loss_giou_aux_0: 0.9771 (0.9917)  loss_mal_aux_1: 2.1895 (2.3890)  loss_bbox_aux_1: 0.5989 (0.6629)  loss_giou_aux_1: 0.9134 (0.9325)  loss_mal_pre: 1.8369 (1.9264)  loss_bbox_pre: 0.7144 (0.7277)  loss_giou_pre: 0.9944 (1.0118)  loss_mal_enc_0: 1.4912 (1.6207)  loss_bbox_enc_0: 0.8703 (0.8867)  loss_giou_enc_0: 1.1132 (1.1193)  loss_mal_dn_0: 1.1758 (1.2076)  loss_bbox_dn_0: 0.9182 (1.0497)  loss_giou_dn_0: 1.2639 (1.2728)  loss_mal_dn_1: 1.8701 (1.8459)  loss_bbox_dn_1: 0.7754 (0.9177)  loss_giou_dn_1: 1.1032 (1.1117)  loss_mal_dn_2: 2.1211 (2.0793)  loss_bbox_dn_2: 0.7218 (0.8776)  loss_giou_dn_2: 1.0189 (1.0356)  loss_mal_dn_pre: 1.2754 (1.2743)  loss_bbox_dn_pre: 0.9141 (1.0455)  loss_giou_dn_pre: 1.2663 (1.2760)
Test:  [0/4]  eta: 0:00:02    time: 0.7151  data: 0.6896  max mem: 266
Test:  [3/4]  eta: 0:00:00    time: 0.1910  data: 0.1730  max mem: 266
Test: Total time: 0:00:00 (0.2109 s / it)
Averaged stats: 
Accumulating evaluation results...
COCOeval_opt.accumulate() finished...
DONE (t=0.00s).
IoU metric: bbox
 Average Precision  (AP) @[ IoU=0.50:0.95 | area=   all | maxDets=100 ] = 0.012
 Average Precision  (AP) @[ IoU=0.50      | area=   all | maxDets=100 ] = 0.025
 Average Precision  (AP) @[ IoU=0.75      | area=   all | maxDets=100 ] = 0.016
 Average Precision  (AP) @[ IoU=0.50:0.95 | area= small | maxDets=100 ] = -1.000
 Average Precision  (AP) @[ IoU=0.50:0.95 | area=medium | maxDets=100 ] = -1.000
 Average Precision  (AP) @[ IoU=0.50:0.95 | area= large | maxDets=100 ] = 0.012
 Average Recall     (AR) @[ IoU=0.50:0.95 | area=   all | maxDets=  1 ] = 0.020
 Average Recall     (AR) @[ IoU=0.50:0.95 | area=   all | maxDets= 10 ] = 0.060
 Average Recall     (AR) @[ IoU=0.50:0.95 | area=   all | maxDets=100 ] = 0.527
 Average Recall     (AR) @[ IoU=0.50:0.95 | area= small | maxDets=100 ] = -1.000
 Average Recall     (AR) @[ IoU=0.50:0.95 | area=medium | maxDets=100 ] = -1.000
 Average Recall     (AR) @[ IoU=0.50:0.95 | area= large | maxDets=100 ] = 0.527
 Average Recall     (AR) @[ IoU=0.50      | area=   all | maxDets=100 ] = 0.933
 Average Recall     (AR) @[ IoU=0.75      | area=   all | maxDets=100 ] = 0.567
best_stat: {'epoch': 60, 'coco_eval_bbox': 0.024114523700958904}
Epoch: [68]  [0/8]  eta: 0:00:08  lr: 0.000018  loss: 31.3696 (31.3696)  loss_mal: 1.4355 (1.4355)  loss_bbox: 0.9168 (0.9168)  loss_giou: 1.3325 (1.3325)  loss_mal_aux_0: 1.1025 (1.1025)  loss_bbox_aux_0: 0.8887 (0.8887)  loss_giou_aux_0: 1.4124 (1.4124)  loss_mal_aux_1: 1.3945 (1.3945)  loss_bbox_aux_1: 1.0582 (1.0582)  loss_giou_aux_1: 1.2653 (1.2653)  loss_mal_pre: 1.1475 (1.1475)  loss_bbox_pre: 0.9361 (0.9361)  loss_giou_pre: 1.4393 (1.4393)  loss_mal_enc_0: 0.9902 (0.9902)  loss_bbox_enc_0: 1.0182 (1.0182)  loss_giou_enc_0: 1.4574 (1.4574)  loss_mal_dn_0: 1.2510 (1.2510)  loss_bbox_dn_0: 0.6680 (0.6680)  loss_giou_dn_0: 1.2264 (1.2264)  loss_mal_dn_1: 1.7129 (1.7129)  loss_bbox_dn_1: 0.6596 (0.6596)  loss_giou_dn_1: 1.1648 (1.1648)  loss_mal_dn_2: 1.8555 (1.8555)  loss_bbox_dn_2: 0.6465 (0.6465)  loss_giou_dn_2: 1.1260 (1.1260)  loss_mal_dn_pre: 1.3438 (1.3438)  loss_bbox_dn_pre: 0.6815 (0.6815)  loss_giou_dn_pre: 1.2384 (1.2384)  time: 1.1054  data: 1.0224  max mem: 266
Epoch: [68]  [7/8]  eta: 0:00:00  lr: 0.000019  loss: 33.4891 (34.4901)  loss_mal: 1.9150 (2.3051)  loss_bbox: 0.8170 (0.7964)  loss_giou: 0.9866 (0.9624)  loss_mal_aux_0: 1.3906 (1.8923)  loss_bbox_aux_0: 0.8621 (0.7756)  loss_giou_aux_0: 1.1621 (0.9960)  loss_mal_aux_1: 1.5234 (2.1873)  loss_bbox_aux_1: 0.7905 (0.8396)  loss_giou_aux_1: 0.9781 (0.9756)  loss_mal_pre: 1.4307 (2.0139)  loss_bbox_pre: 0.9138 (0.7866)  loss_giou_pre: 1.0877 (0.9796)  loss_mal_enc_0: 1.3027 (1.7418)  loss_bbox_enc_0: 1.0182 (0.9143)  loss_giou_enc_0: 1.1925 (1.0709)  loss_mal_dn_0: 1.1338 (1.1617)  loss_bbox_dn_0: 1.0043 (1.1599)  loss_giou_dn_0: 1.3066 (1.3006)  loss_mal_dn_1: 1.7314 (1.7653)  loss_bbox_dn_1: 0.9079 (1.0076)  loss_giou_dn_1: 1.1456 (1.1507)  loss_mal_dn_2: 1.9883 (1.9819)  loss_bbox_dn_2: 0.8479 (0.9569)  loss_giou_dn_2: 1.0592 (1.0787)  loss_mal_dn_pre: 1.2090 (1.2391)  loss_bbox_dn_pre: 1.0035 (1.1498)  loss_giou_dn_pre: 1.3102 (1.3005)  time: 0.2331  data: 0.1542  max mem: 266
Epoch: [68] Total time: 0:00:01 (0.2414 s / it)
Averaged stats: lr: 0.000019  loss: 33.4891 (34.4901)  loss_mal: 1.9150 (2.3051)  loss_bbox: 0.8170 (0.7964)  loss_giou: 0.9866 (0.9624)  loss_mal_aux_0: 1.3906 (1.8923)  loss_bbox_aux_0: 0.8621 (0.7756)  loss_giou_aux_0: 1.1621 (0.9960)  loss_mal_aux_1: 1.5234 (2.1873)  loss_bbox_aux_1: 0.7905 (0.8396)  loss_giou_aux_1: 0.9781 (0.9756)  loss_mal_pre: 1.4307 (2.0139)  loss_bbox_pre: 0.9138 (0.7866)  loss_giou_pre: 1.0877 (0.9796)  loss_mal_enc_0: 1.3027 (1.7418)  loss_bbox_enc_0: 1.0182 (0.9143)  loss_giou_enc_0: 1.1925 (1.0709)  loss_mal_dn_0: 1.1338 (1.1617)  loss_bbox_dn_0: 1.0043 (1.1599)  loss_giou_dn_0: 1.3066 (1.3006)  loss_mal_dn_1: 1.7314 (1.7653)  loss_bbox_dn_1: 0.9079 (1.0076)  loss_giou_dn_1: 1.1456 (1.1507)  loss_mal_dn_2: 1.9883 (1.9819)  loss_bbox_dn_2: 0.8479 (0.9569)  loss_giou_dn_2: 1.0592 (1.0787)  loss_mal_dn_pre: 1.2090 (1.2391)  loss_bbox_dn_pre: 1.0035 (1.1498)  loss_giou_dn_pre: 1.3102 (1.3005)
Test:  [0/4]  eta: 0:00:02    time: 0.7271  data: 0.6953  max mem: 266
Test:  [3/4]  eta: 0:00:00    time: 0.1954  data: 0.1745  max mem: 266
Test: Total time: 0:00:00 (0.2158 s / it)
Averaged stats: 
Accumulating evaluation results...
COCOeval_opt.accumulate() finished...
DONE (t=0.00s).
IoU metric: bbox
 Average Precision  (AP) @[ IoU=0.50:0.95 | area=   all | maxDets=100 ] = 0.010
 Average Precision  (AP) @[ IoU=0.50      | area=   all | maxDets=100 ] = 0.021
 Average Precision  (AP) @[ IoU=0.75      | area=   all | maxDets=100 ] = 0.007
 Average Precision  (AP) @[ IoU=0.50:0.95 | area= small | maxDets=100 ] = -1.000
 Average Precision  (AP) @[ IoU=0.50:0.95 | area=medium | maxDets=100 ] = -1.000
 Average Precision  (AP) @[ IoU=0.50:0.95 | area= large | maxDets=100 ] = 0.010
 Average Recall     (AR) @[ IoU=0.50:0.95 | area=   all | maxDets=  1 ] = 0.000
 Average Recall     (AR) @[ IoU=0.50:0.95 | area=   all | maxDets= 10 ] = 0.110
 Average Recall     (AR) @[ IoU=0.50:0.95 | area=   all | maxDets=100 ] = 0.577
 Average Recall     (AR) @[ IoU=0.50:0.95 | area= small | maxDets=100 ] = -1.000
 Average Recall     (AR) @[ IoU=0.50:0.95 | area=medium | maxDets=100 ] = -1.000
 Average Recall     (AR) @[ IoU=0.50:0.95 | area= large | maxDets=100 ] = 0.577
 Average Recall     (AR) @[ IoU=0.50      | area=   all | maxDets=100 ] = 0.967
 Average Recall     (AR) @[ IoU=0.75      | area=   all | maxDets=100 ] = 0.667
best_stat: {'epoch': 60, 'coco_eval_bbox': 0.024114523700958904}
Epoch: [69]  [0/8]  eta: 0:00:06  lr: 0.000019  loss: 36.5581 (36.5581)  loss_mal: 2.9414 (2.9414)  loss_bbox: 0.6213 (0.6213)  loss_giou: 0.7543 (0.7543)  loss_mal_aux_0: 2.3145 (2.3145)  loss_bbox_aux_0: 0.6243 (0.6243)  loss_giou_aux_0: 0.7930 (0.7930)  loss_mal_aux_1: 3.0215 (3.0215)  loss_bbox_aux_1: 0.5893 (0.5893)  loss_giou_aux_1: 0.6957 (0.6957)  loss_mal_pre: 2.4746 (2.4746)  loss_bbox_pre: 0.6252 (0.6252)  loss_giou_pre: 0.7850 (0.7850)  loss_mal_enc_0: 2.1660 (2.1660)  loss_bbox_enc_0: 0.7054 (0.7054)  loss_giou_enc_0: 0.8906 (0.8906)  loss_mal_dn_0: 1.2256 (1.2256)  loss_bbox_dn_0: 1.4538 (1.4538)  loss_giou_dn_0: 1.2502 (1.2502)  loss_mal_dn_1: 1.9297 (1.9297)  loss_bbox_dn_1: 1.2551 (1.2551)  loss_giou_dn_1: 1.0743 (1.0743)  loss_mal_dn_2: 2.2168 (2.2168)  loss_bbox_dn_2: 1.1753 (1.1753)  loss_giou_dn_2: 0.9806 (0.9806)  loss_mal_dn_pre: 1.2998 (1.2998)  loss_bbox_dn_pre: 1.4474 (1.4474)  loss_giou_dn_pre: 1.2475 (1.2475)  time: 0.8622  data: 0.7566  max mem: 266
Epoch: [69]  [7/8]  eta: 0:00:00  lr: 0.000020  loss: 32.6117 (33.4851)  loss_mal: 2.5332 (2.3690)  loss_bbox: 0.5347 (0.6325)  loss_giou: 0.8688 (0.9572)  loss_mal_aux_0: 1.7822 (1.7640)  loss_bbox_aux_0: 0.6566 (0.7886)  loss_giou_aux_0: 0.9556 (1.0210)  loss_mal_aux_1: 2.2715 (2.2098)  loss_bbox_aux_1: 0.5893 (0.6730)  loss_giou_aux_1: 0.9333 (0.9888)  loss_mal_pre: 1.8330 (1.8118)  loss_bbox_pre: 0.7320 (0.8355)  loss_giou_pre: 0.9596 (1.0423)  loss_mal_enc_0: 1.5947 (1.5009)  loss_bbox_enc_0: 0.9449 (1.0483)  loss_giou_enc_0: 1.0900 (1.1621)  loss_mal_dn_0: 1.1738 (1.1985)  loss_bbox_dn_0: 0.9131 (0.9575)  loss_giou_dn_0: 1.2502 (1.2791)  loss_mal_dn_1: 1.8369 (1.8577)  loss_bbox_dn_1: 0.7465 (0.8334)  loss_giou_dn_1: 1.0749 (1.1199)  loss_mal_dn_2: 2.0859 (2.0627)  loss_bbox_dn_2: 0.7063 (0.8040)  loss_giou_dn_2: 1.0045 (1.0565)  loss_mal_dn_pre: 1.2432 (1.2747)  loss_bbox_dn_pre: 0.9058 (0.9544)  loss_giou_dn_pre: 1.2550 (1.2820)  time: 0.2007  data: 0.1237  max mem: 266
Epoch: [69] Total time: 0:00:01 (0.2089 s / it)
Averaged stats: lr: 0.000020  loss: 32.6117 (33.4851)  loss_mal: 2.5332 (2.3690)  loss_bbox: 0.5347 (0.6325)  loss_giou: 0.8688 (0.9572)  loss_mal_aux_0: 1.7822 (1.7640)  loss_bbox_aux_0: 0.6566 (0.7886)  loss_giou_aux_0: 0.9556 (1.0210)  loss_mal_aux_1: 2.2715 (2.2098)  loss_bbox_aux_1: 0.5893 (0.6730)  loss_giou_aux_1: 0.9333 (0.9888)  loss_mal_pre: 1.8330 (1.8118)  loss_bbox_pre: 0.7320 (0.8355)  loss_giou_pre: 0.9596 (1.0423)  loss_mal_enc_0: 1.5947 (1.5009)  loss_bbox_enc_0: 0.9449 (1.0483)  loss_giou_enc_0: 1.0900 (1.1621)  loss_mal_dn_0: 1.1738 (1.1985)  loss_bbox_dn_0: 0.9131 (0.9575)  loss_giou_dn_0: 1.2502 (1.2791)  loss_mal_dn_1: 1.8369 (1.8577)  loss_bbox_dn_1: 0.7465 (0.8334)  loss_giou_dn_1: 1.0749 (1.1199)  loss_mal_dn_2: 2.0859 (2.0627)  loss_bbox_dn_2: 0.7063 (0.8040)  loss_giou_dn_2: 1.0045 (1.0565)  loss_mal_dn_pre: 1.2432 (1.2747)  loss_bbox_dn_pre: 0.9058 (0.9544)  loss_giou_dn_pre: 1.2550 (1.2820)
Test:  [0/4]  eta: 0:00:02    time: 0.6505  data: 0.6337  max mem: 266
Test:  [3/4]  eta: 0:00:00    time: 0.1729  data: 0.1592  max mem: 266
Test: Total time: 0:00:00 (0.1926 s / it)
Averaged stats: 
Accumulating evaluation results...
COCOeval_opt.accumulate() finished...
DONE (t=0.00s).
IoU metric: bbox
 Average Precision  (AP) @[ IoU=0.50:0.95 | area=   all | maxDets=100 ] = 0.016
 Average Precision  (AP) @[ IoU=0.50      | area=   all | maxDets=100 ] = 0.034
 Average Precision  (AP) @[ IoU=0.75      | area=   all | maxDets=100 ] = 0.009
 Average Precision  (AP) @[ IoU=0.50:0.95 | area= small | maxDets=100 ] = -1.000
 Average Precision  (AP) @[ IoU=0.50:0.95 | area=medium | maxDets=100 ] = -1.000
 Average Precision  (AP) @[ IoU=0.50:0.95 | area= large | maxDets=100 ] = 0.016
 Average Recall     (AR) @[ IoU=0.50:0.95 | area=   all | maxDets=  1 ] = 0.017
 Average Recall     (AR) @[ IoU=0.50:0.95 | area=   all | maxDets= 10 ] = 0.117
 Average Recall     (AR) @[ IoU=0.50:0.95 | area=   all | maxDets=100 ] = 0.550
 Average Recall     (AR) @[ IoU=0.50:0.95 | area= small | maxDets=100 ] = -1.000
 Average Recall     (AR) @[ IoU=0.50:0.95 | area=medium | maxDets=100 ] = -1.000
 Average Recall     (AR) @[ IoU=0.50:0.95 | area= large | maxDets=100 ] = 0.550
 Average Recall     (AR) @[ IoU=0.50      | area=   all | maxDets=100 ] = 0.900
 Average Recall     (AR) @[ IoU=0.75      | area=   all | maxDets=100 ] = 0.600
best_stat: {'epoch': 60, 'coco_eval_bbox': 0.024114523700958904}
Epoch: [70]  [0/8]  eta: 0:00:07  lr: 0.000020  loss: 34.5952 (34.5952)  loss_mal: 2.8262 (2.8262)  loss_bbox: 0.4592 (0.4592)  loss_giou: 0.8158 (0.8158)  loss_mal_aux_0: 2.0391 (2.0391)  loss_bbox_aux_0: 0.6948 (0.6948)  loss_giou_aux_0: 0.8591 (0.8591)  loss_mal_aux_1: 2.6660 (2.6660)  loss_bbox_aux_1: 0.5442 (0.5442)  loss_giou_aux_1: 0.8320 (0.8320)  loss_mal_pre: 2.0742 (2.0742)  loss_bbox_pre: 0.7707 (0.7707)  loss_giou_pre: 0.8858 (0.8858)  loss_mal_enc_0: 1.6875 (1.6875)  loss_bbox_enc_0: 1.0533 (1.0533)  loss_giou_enc_0: 1.0243 (1.0243)  loss_mal_dn_0: 1.2383 (1.2383)  loss_bbox_dn_0: 1.0733 (1.0733)  loss_giou_dn_0: 1.2531 (1.2531)  loss_mal_dn_1: 2.0977 (2.0977)  loss_bbox_dn_1: 0.8859 (0.8859)  loss_giou_dn_1: 1.0381 (1.0381)  loss_mal_dn_2: 2.2852 (2.2852)  loss_bbox_dn_2: 0.8602 (0.8602)  loss_giou_dn_2: 0.9843 (0.9843)  loss_mal_dn_pre: 1.3232 (1.3232)  loss_bbox_dn_pre: 1.0694 (1.0694)  loss_giou_dn_pre: 1.2545 (1.2545)  time: 0.9995  data: 0.8893  max mem: 266
Epoch: [70]  [7/8]  eta: 0:00:00  lr: 0.000020  loss: 36.4387 (36.4991)  loss_mal: 2.8027 (2.8418)  loss_bbox: 0.6543 (0.6584)  loss_giou: 0.7567 (0.7598)  loss_mal_aux_0: 2.1367 (2.2778)  loss_bbox_aux_0: 0.7094 (0.7517)  loss_giou_aux_0: 0.7226 (0.7671)  loss_mal_aux_1: 2.7227 (2.8032)  loss_bbox_aux_1: 0.6410 (0.7054)  loss_giou_aux_1: 0.7895 (0.7538)  loss_mal_pre: 2.1523 (2.3271)  loss_bbox_pre: 0.7921 (0.8038)  loss_giou_pre: 0.8603 (0.8026)  loss_mal_enc_0: 1.8408 (2.0665)  loss_bbox_enc_0: 0.8987 (0.8975)  loss_giou_enc_0: 0.8706 (0.8969)  loss_mal_dn_0: 1.2383 (1.2222)  loss_bbox_dn_0: 1.4510 (1.4207)  loss_giou_dn_0: 1.2531 (1.2708)  loss_mal_dn_1: 1.8154 (1.8899)  loss_bbox_dn_1: 1.2376 (1.2234)  loss_giou_dn_1: 1.1028 (1.0976)  loss_mal_dn_2: 2.0918 (2.1191)  loss_bbox_dn_2: 1.1534 (1.1442)  loss_giou_dn_2: 1.0082 (1.0214)  loss_mal_dn_pre: 1.3232 (1.3038)  loss_bbox_dn_pre: 1.4381 (1.4076)  loss_giou_dn_pre: 1.2545 (1.2647)  time: 0.2115  data: 0.1201  max mem: 266
Epoch: [70] Total time: 0:00:01 (0.2171 s / it)
Averaged stats: lr: 0.000020  loss: 36.4387 (36.4991)  loss_mal: 2.8027 (2.8418)  loss_bbox: 0.6543 (0.6584)  loss_giou: 0.7567 (0.7598)  loss_mal_aux_0: 2.1367 (2.2778)  loss_bbox_aux_0: 0.7094 (0.7517)  loss_giou_aux_0: 0.7226 (0.7671)  loss_mal_aux_1: 2.7227 (2.8032)  loss_bbox_aux_1: 0.6410 (0.7054)  loss_giou_aux_1: 0.7895 (0.7538)  loss_mal_pre: 2.1523 (2.3271)  loss_bbox_pre: 0.7921 (0.8038)  loss_giou_pre: 0.8603 (0.8026)  loss_mal_enc_0: 1.8408 (2.0665)  loss_bbox_enc_0: 0.8987 (0.8975)  loss_giou_enc_0: 0.8706 (0.8969)  loss_mal_dn_0: 1.2383 (1.2222)  loss_bbox_dn_0: 1.4510 (1.4207)  loss_giou_dn_0: 1.2531 (1.2708)  loss_mal_dn_1: 1.8154 (1.8899)  loss_bbox_dn_1: 1.2376 (1.2234)  loss_giou_dn_1: 1.1028 (1.0976)  loss_mal_dn_2: 2.0918 (2.1191)  loss_bbox_dn_2: 1.1534 (1.1442)  loss_giou_dn_2: 1.0082 (1.0214)  loss_mal_dn_pre: 1.3232 (1.3038)  loss_bbox_dn_pre: 1.4381 (1.4076)  loss_giou_dn_pre: 1.2545 (1.2647)
Test:  [0/4]  eta: 0:00:02    time: 0.6501  data: 0.6322  max mem: 266
Test:  [3/4]  eta: 0:00:00    time: 0.2198  data: 0.1587  max mem: 266
Test: Total time: 0:00:00 (0.2382 s / it)
Averaged stats: 
Accumulating evaluation results...
COCOeval_opt.accumulate() finished...
DONE (t=0.00s).
IoU metric: bbox
 Average Precision  (AP) @[ IoU=0.50:0.95 | area=   all | maxDets=100 ] = 0.011
 Average Precision  (AP) @[ IoU=0.50      | area=   all | maxDets=100 ] = 0.019
 Average Precision  (AP) @[ IoU=0.75      | area=   all | maxDets=100 ] = 0.010
 Average Precision  (AP) @[ IoU=0.50:0.95 | area= small | maxDets=100 ] = -1.000
 Average Precision  (AP) @[ IoU=0.50:0.95 | area=medium | maxDets=100 ] = -1.000
 Average Precision  (AP) @[ IoU=0.50:0.95 | area= large | maxDets=100 ] = 0.011
 Average Recall     (AR) @[ IoU=0.50:0.95 | area=   all | maxDets=  1 ] = 0.030
 Average Recall     (AR) @[ IoU=0.50:0.95 | area=   all | maxDets= 10 ] = 0.090
 Average Recall     (AR) @[ IoU=0.50:0.95 | area=   all | maxDets=100 ] = 0.543
 Average Recall     (AR) @[ IoU=0.50:0.95 | area= small | maxDets=100 ] = -1.000
 Average Recall     (AR) @[ IoU=0.50:0.95 | area=medium | maxDets=100 ] = -1.000
 Average Recall     (AR) @[ IoU=0.50:0.95 | area= large | maxDets=100 ] = 0.543
 Average Recall     (AR) @[ IoU=0.50      | area=   all | maxDets=100 ] = 0.933
 Average Recall     (AR) @[ IoU=0.75      | area=   all | maxDets=100 ] = 0.567
best_stat: {'epoch': 60, 'coco_eval_bbox': 0.024114523700958904}
Epoch: [71]  [0/8]  eta: 0:00:05  lr: 0.000020  loss: 40.1089 (40.1089)  loss_mal: 3.0332 (3.0332)  loss_bbox: 1.1042 (1.1042)  loss_giou: 0.6874 (0.6874)  loss_mal_aux_0: 2.1270 (2.1270)  loss_bbox_aux_0: 1.2681 (1.2681)  loss_giou_aux_0: 0.8772 (0.8772)  loss_mal_aux_1: 2.7207 (2.7207)  loss_bbox_aux_1: 1.2403 (1.2403)  loss_giou_aux_1: 0.7419 (0.7419)  loss_mal_pre: 2.0723 (2.0723)  loss_bbox_pre: 1.3050 (1.3050)  loss_giou_pre: 0.9071 (0.9071)  loss_mal_enc_0: 1.8945 (1.8945)  loss_bbox_enc_0: 1.1316 (1.1316)  loss_giou_enc_0: 0.9821 (0.9821)  loss_mal_dn_0: 1.1621 (1.1621)  loss_bbox_dn_0: 1.9203 (1.9203)  loss_giou_dn_0: 1.2756 (1.2756)  loss_mal_dn_1: 1.7666 (1.7666)  loss_bbox_dn_1: 1.6594 (1.6594)  loss_giou_dn_1: 1.1326 (1.1326)  loss_mal_dn_2: 2.0664 (2.0664)  loss_bbox_dn_2: 1.5484 (1.5484)  loss_giou_dn_2: 1.0424 (1.0424)  loss_mal_dn_pre: 1.2354 (1.2354)  loss_bbox_dn_pre: 1.9269 (1.9269)  loss_giou_dn_pre: 1.2804 (1.2804)  time: 0.6544  data: 0.5718  max mem: 266
Epoch: [71]  [7/8]  eta: 0:00:00  lr: 0.000021  loss: 33.4198 (34.2618)  loss_mal: 2.4121 (2.4894)  loss_bbox: 0.6093 (0.6800)  loss_giou: 0.9287 (0.9120)  loss_mal_aux_0: 1.9902 (1.8912)  loss_bbox_aux_0: 0.6238 (0.7604)  loss_giou_aux_0: 0.9037 (0.9516)  loss_mal_aux_1: 2.3555 (2.3579)  loss_bbox_aux_1: 0.6354 (0.7458)  loss_giou_aux_1: 0.8504 (0.9178)  loss_mal_pre: 2.0723 (1.9768)  loss_bbox_pre: 0.6980 (0.7824)  loss_giou_pre: 0.9071 (0.9570)  loss_mal_enc_0: 1.4873 (1.6633)  loss_bbox_enc_0: 0.9469 (0.9195)  loss_giou_enc_0: 1.0630 (1.0846)  loss_mal_dn_0: 1.1885 (1.2159)  loss_bbox_dn_0: 0.9639 (1.0890)  loss_giou_dn_0: 1.2653 (1.2646)  loss_mal_dn_1: 1.8027 (1.8555)  loss_bbox_dn_1: 0.8713 (0.9488)  loss_giou_dn_1: 1.1160 (1.1069)  loss_mal_dn_2: 2.0586 (2.1011)  loss_bbox_dn_2: 0.8344 (0.9047)  loss_giou_dn_2: 1.0424 (1.0316)  loss_mal_dn_pre: 1.3076 (1.2999)  loss_bbox_dn_pre: 0.9750 (1.0888)  loss_giou_dn_pre: 1.2681 (1.2651)  time: 0.2175  data: 0.1336  max mem: 266
Epoch: [71] Total time: 0:00:01 (0.2245 s / it)
Averaged stats: lr: 0.000021  loss: 33.4198 (34.2618)  loss_mal: 2.4121 (2.4894)  loss_bbox: 0.6093 (0.6800)  loss_giou: 0.9287 (0.9120)  loss_mal_aux_0: 1.9902 (1.8912)  loss_bbox_aux_0: 0.6238 (0.7604)  loss_giou_aux_0: 0.9037 (0.9516)  loss_mal_aux_1: 2.3555 (2.3579)  loss_bbox_aux_1: 0.6354 (0.7458)  loss_giou_aux_1: 0.8504 (0.9178)  loss_mal_pre: 2.0723 (1.9768)  loss_bbox_pre: 0.6980 (0.7824)  loss_giou_pre: 0.9071 (0.9570)  loss_mal_enc_0: 1.4873 (1.6633)  loss_bbox_enc_0: 0.9469 (0.9195)  loss_giou_enc_0: 1.0630 (1.0846)  loss_mal_dn_0: 1.1885 (1.2159)  loss_bbox_dn_0: 0.9639 (1.0890)  loss_giou_dn_0: 1.2653 (1.2646)  loss_mal_dn_1: 1.8027 (1.8555)  loss_bbox_dn_1: 0.8713 (0.9488)  loss_giou_dn_1: 1.1160 (1.1069)  loss_mal_dn_2: 2.0586 (2.1011)  loss_bbox_dn_2: 0.8344 (0.9047)  loss_giou_dn_2: 1.0424 (1.0316)  loss_mal_dn_pre: 1.3076 (1.2999)  loss_bbox_dn_pre: 0.9750 (1.0888)  loss_giou_dn_pre: 1.2681 (1.2651)
Test:  [0/4]  eta: 0:00:02    time: 0.6449  data: 0.6259  max mem: 266
Test:  [3/4]  eta: 0:00:00    time: 0.1729  data: 0.1571  max mem: 266
Test: Total time: 0:00:00 (0.1905 s / it)
Averaged stats: 
Accumulating evaluation results...
COCOeval_opt.accumulate() finished...
DONE (t=0.00s).
IoU metric: bbox
 Average Precision  (AP) @[ IoU=0.50:0.95 | area=   all | maxDets=100 ] = 0.011
 Average Precision  (AP) @[ IoU=0.50      | area=   all | maxDets=100 ] = 0.026
 Average Precision  (AP) @[ IoU=0.75      | area=   all | maxDets=100 ] = 0.007
 Average Precision  (AP) @[ IoU=0.50:0.95 | area= small | maxDets=100 ] = -1.000
 Average Precision  (AP) @[ IoU=0.50:0.95 | area=medium | maxDets=100 ] = -1.000
 Average Precision  (AP) @[ IoU=0.50:0.95 | area= large | maxDets=100 ] = 0.011
 Average Recall     (AR) @[ IoU=0.50:0.95 | area=   all | maxDets=  1 ] = 0.037
 Average Recall     (AR) @[ IoU=0.50:0.95 | area=   all | maxDets= 10 ] = 0.150
 Average Recall     (AR) @[ IoU=0.50:0.95 | area=   all | maxDets=100 ] = 0.573
 Average Recall     (AR) @[ IoU=0.50:0.95 | area= small | maxDets=100 ] = -1.000
 Average Recall     (AR) @[ IoU=0.50:0.95 | area=medium | maxDets=100 ] = -1.000
 Average Recall     (AR) @[ IoU=0.50:0.95 | area= large | maxDets=100 ] = 0.573
 Average Recall     (AR) @[ IoU=0.50      | area=   all | maxDets=100 ] = 0.967
 Average Recall     (AR) @[ IoU=0.75      | area=   all | maxDets=100 ] = 0.533
best_stat: {'epoch': 60, 'coco_eval_bbox': 0.024114523700958904}
Epoch: [72]  [0/8]  eta: 0:00:08  lr: 0.000021  loss: 30.9636 (30.9636)  loss_mal: 1.7842 (1.7842)  loss_bbox: 0.6486 (0.6486)  loss_giou: 1.2090 (1.2090)  loss_mal_aux_0: 1.1045 (1.1045)  loss_bbox_aux_0: 0.8286 (0.8286)  loss_giou_aux_0: 1.3477 (1.3477)  loss_mal_aux_1: 1.6113 (1.6113)  loss_bbox_aux_1: 0.6764 (0.6764)  loss_giou_aux_1: 1.2583 (1.2583)  loss_mal_pre: 0.9814 (0.9814)  loss_bbox_pre: 0.8703 (0.8703)  loss_giou_pre: 1.4544 (1.4544)  loss_mal_enc_0: 0.8481 (0.8481)  loss_bbox_enc_0: 1.1516 (1.1516)  loss_giou_enc_0: 1.4915 (1.4915)  loss_mal_dn_0: 1.2227 (1.2227)  loss_bbox_dn_0: 0.6754 (0.6754)  loss_giou_dn_0: 1.2495 (1.2495)  loss_mal_dn_1: 1.8799 (1.8799)  loss_bbox_dn_1: 0.5848 (0.5848)  loss_giou_dn_1: 1.0965 (1.0965)  loss_mal_dn_2: 2.1387 (2.1387)  loss_bbox_dn_2: 0.5785 (0.5785)  loss_giou_dn_2: 1.0110 (1.0110)  loss_mal_dn_pre: 1.3359 (1.3359)  loss_bbox_dn_pre: 0.6722 (0.6722)  loss_giou_dn_pre: 1.2525 (1.2525)  time: 1.1145  data: 1.0271  max mem: 266
Epoch: [72]  [7/8]  eta: 0:00:00  lr: 0.000021  loss: 33.0090 (32.7138)  loss_mal: 2.1211 (2.0624)  loss_bbox: 0.6486 (0.7553)  loss_giou: 0.9574 (1.0554)  loss_mal_aux_0: 1.3193 (1.5814)  loss_bbox_aux_0: 0.7608 (0.8027)  loss_giou_aux_0: 0.9405 (1.0873)  loss_mal_aux_1: 1.8291 (2.0274)  loss_bbox_aux_1: 0.6805 (0.7678)  loss_giou_aux_1: 0.9055 (1.0622)  loss_mal_pre: 1.6465 (1.6965)  loss_bbox_pre: 0.7289 (0.8099)  loss_giou_pre: 0.9292 (1.0799)  loss_mal_enc_0: 1.3896 (1.4336)  loss_bbox_enc_0: 0.9365 (1.0334)  loss_giou_enc_0: 1.1037 (1.1903)  loss_mal_dn_0: 1.2129 (1.2146)  loss_bbox_dn_0: 0.8869 (0.8448)  loss_giou_dn_0: 1.2495 (1.2567)  loss_mal_dn_1: 1.8574 (1.8610)  loss_bbox_dn_1: 0.7449 (0.7496)  loss_giou_dn_1: 1.0965 (1.1036)  loss_mal_dn_2: 2.0527 (2.0413)  loss_bbox_dn_2: 0.7506 (0.7355)  loss_giou_dn_2: 1.0335 (1.0440)  loss_mal_dn_pre: 1.3115 (1.3173)  loss_bbox_dn_pre: 0.8818 (0.8427)  loss_giou_dn_pre: 1.2525 (1.2574)  time: 0.2126  data: 0.1425  max mem: 266
Epoch: [72] Total time: 0:00:01 (0.2202 s / it)
Averaged stats: lr: 0.000021  loss: 33.0090 (32.7138)  loss_mal: 2.1211 (2.0624)  loss_bbox: 0.6486 (0.7553)  loss_giou: 0.9574 (1.0554)  loss_mal_aux_0: 1.3193 (1.5814)  loss_bbox_aux_0: 0.7608 (0.8027)  loss_giou_aux_0: 0.9405 (1.0873)  loss_mal_aux_1: 1.8291 (2.0274)  loss_bbox_aux_1: 0.6805 (0.7678)  loss_giou_aux_1: 0.9055 (1.0622)  loss_mal_pre: 1.6465 (1.6965)  loss_bbox_pre: 0.7289 (0.8099)  loss_giou_pre: 0.9292 (1.0799)  loss_mal_enc_0: 1.3896 (1.4336)  loss_bbox_enc_0: 0.9365 (1.0334)  loss_giou_enc_0: 1.1037 (1.1903)  loss_mal_dn_0: 1.2129 (1.2146)  loss_bbox_dn_0: 0.8869 (0.8448)  loss_giou_dn_0: 1.2495 (1.2567)  loss_mal_dn_1: 1.8574 (1.8610)  loss_bbox_dn_1: 0.7449 (0.7496)  loss_giou_dn_1: 1.0965 (1.1036)  loss_mal_dn_2: 2.0527 (2.0413)  loss_bbox_dn_2: 0.7506 (0.7355)  loss_giou_dn_2: 1.0335 (1.0440)  loss_mal_dn_pre: 1.3115 (1.3173)  loss_bbox_dn_pre: 0.8818 (0.8427)  loss_giou_dn_pre: 1.2525 (1.2574)
Test:  [0/4]  eta: 0:00:02    time: 0.7296  data: 0.7084  max mem: 266
Test:  [3/4]  eta: 0:00:00    time: 0.1962  data: 0.1779  max mem: 266
Test: Total time: 0:00:00 (0.2152 s / it)
Averaged stats: 
Accumulating evaluation results...
COCOeval_opt.accumulate() finished...
DONE (t=0.00s).
IoU metric: bbox
 Average Precision  (AP) @[ IoU=0.50:0.95 | area=   all | maxDets=100 ] = 0.026
 Average Precision  (AP) @[ IoU=0.50      | area=   all | maxDets=100 ] = 0.051
 Average Precision  (AP) @[ IoU=0.75      | area=   all | maxDets=100 ] = 0.014
 Average Precision  (AP) @[ IoU=0.50:0.95 | area= small | maxDets=100 ] = -1.000
 Average Precision  (AP) @[ IoU=0.50:0.95 | area=medium | maxDets=100 ] = -1.000
 Average Precision  (AP) @[ IoU=0.50:0.95 | area= large | maxDets=100 ] = 0.026
 Average Recall     (AR) @[ IoU=0.50:0.95 | area=   all | maxDets=  1 ] = 0.017
 Average Recall     (AR) @[ IoU=0.50:0.95 | area=   all | maxDets= 10 ] = 0.070
 Average Recall     (AR) @[ IoU=0.50:0.95 | area=   all | maxDets=100 ] = 0.567
 Average Recall     (AR) @[ IoU=0.50:0.95 | area= small | maxDets=100 ] = -1.000
 Average Recall     (AR) @[ IoU=0.50:0.95 | area=medium | maxDets=100 ] = -1.000
 Average Recall     (AR) @[ IoU=0.50:0.95 | area= large | maxDets=100 ] = 0.567
 Average Recall     (AR) @[ IoU=0.50      | area=   all | maxDets=100 ] = 0.967
 Average Recall     (AR) @[ IoU=0.75      | area=   all | maxDets=100 ] = 0.633
best_stat: {'epoch': 72, 'coco_eval_bbox': 0.02601308988534451}
Epoch: [73]  [0/8]  eta: 0:00:08  lr: 0.000021  loss: 32.5085 (32.5085)  loss_mal: 2.0371 (2.0371)  loss_bbox: 0.8493 (0.8493)  loss_giou: 1.0814 (1.0814)  loss_mal_aux_0: 1.2910 (1.2910)  loss_bbox_aux_0: 0.9238 (0.9238)  loss_giou_aux_0: 1.2571 (1.2571)  loss_mal_aux_1: 1.9160 (1.9160)  loss_bbox_aux_1: 0.6827 (0.6827)  loss_giou_aux_1: 1.1679 (1.1679)  loss_mal_pre: 1.2695 (1.2695)  loss_bbox_pre: 0.9477 (0.9477)  loss_giou_pre: 1.2960 (1.2960)  loss_mal_enc_0: 0.8149 (0.8149)  loss_bbox_enc_0: 1.1342 (1.1342)  loss_giou_enc_0: 1.5313 (1.5313)  loss_mal_dn_0: 1.1777 (1.1777)  loss_bbox_dn_0: 0.9159 (0.9159)  loss_giou_dn_0: 1.2856 (1.2856)  loss_mal_dn_1: 1.7617 (1.7617)  loss_bbox_dn_1: 0.7820 (0.7820)  loss_giou_dn_1: 1.1532 (1.1532)  loss_mal_dn_2: 1.8984 (1.8984)  loss_bbox_dn_2: 0.7439 (0.7439)  loss_giou_dn_2: 1.1328 (1.1328)  loss_mal_dn_pre: 1.2793 (1.2793)  loss_bbox_dn_pre: 0.8974 (0.8974)  loss_giou_dn_pre: 1.2805 (1.2805)  time: 1.0001  data: 0.9153  max mem: 266
Epoch: [73]  [7/8]  eta: 0:00:00  lr: 0.000022  loss: 33.1913 (34.8484)  loss_mal: 2.0762 (2.5411)  loss_bbox: 0.5676 (0.7384)  loss_giou: 0.7843 (0.8771)  loss_mal_aux_0: 1.8115 (1.9532)  loss_bbox_aux_0: 0.6866 (0.8269)  loss_giou_aux_0: 0.8992 (0.9245)  loss_mal_aux_1: 2.1094 (2.4078)  loss_bbox_aux_1: 0.6039 (0.7465)  loss_giou_aux_1: 0.8615 (0.8930)  loss_mal_pre: 1.8008 (1.9963)  loss_bbox_pre: 0.6886 (0.8348)  loss_giou_pre: 0.8801 (0.9386)  loss_mal_enc_0: 1.4805 (1.6622)  loss_bbox_enc_0: 0.9492 (0.9916)  loss_giou_enc_0: 0.8637 (1.0820)  loss_mal_dn_0: 1.2520 (1.2509)  loss_bbox_dn_0: 0.9398 (1.1427)  loss_giou_dn_0: 1.2323 (1.2363)  loss_mal_dn_1: 1.8887 (1.9387)  loss_bbox_dn_1: 0.7820 (0.9868)  loss_giou_dn_1: 1.0613 (1.0666)  loss_mal_dn_2: 2.1465 (2.1637)  loss_bbox_dn_2: 0.7326 (0.9312)  loss_giou_dn_2: 0.9886 (0.9969)  loss_mal_dn_pre: 1.3174 (1.3480)  loss_bbox_dn_pre: 0.9319 (1.1357)  loss_giou_dn_pre: 1.2401 (1.2369)  time: 0.2290  data: 0.1565  max mem: 266
Epoch: [73] Total time: 0:00:01 (0.2363 s / it)
Averaged stats: lr: 0.000022  loss: 33.1913 (34.8484)  loss_mal: 2.0762 (2.5411)  loss_bbox: 0.5676 (0.7384)  loss_giou: 0.7843 (0.8771)  loss_mal_aux_0: 1.8115 (1.9532)  loss_bbox_aux_0: 0.6866 (0.8269)  loss_giou_aux_0: 0.8992 (0.9245)  loss_mal_aux_1: 2.1094 (2.4078)  loss_bbox_aux_1: 0.6039 (0.7465)  loss_giou_aux_1: 0.8615 (0.8930)  loss_mal_pre: 1.8008 (1.9963)  loss_bbox_pre: 0.6886 (0.8348)  loss_giou_pre: 0.8801 (0.9386)  loss_mal_enc_0: 1.4805 (1.6622)  loss_bbox_enc_0: 0.9492 (0.9916)  loss_giou_enc_0: 0.8637 (1.0820)  loss_mal_dn_0: 1.2520 (1.2509)  loss_bbox_dn_0: 0.9398 (1.1427)  loss_giou_dn_0: 1.2323 (1.2363)  loss_mal_dn_1: 1.8887 (1.9387)  loss_bbox_dn_1: 0.7820 (0.9868)  loss_giou_dn_1: 1.0613 (1.0666)  loss_mal_dn_2: 2.1465 (2.1637)  loss_bbox_dn_2: 0.7326 (0.9312)  loss_giou_dn_2: 0.9886 (0.9969)  loss_mal_dn_pre: 1.3174 (1.3480)  loss_bbox_dn_pre: 0.9319 (1.1357)  loss_giou_dn_pre: 1.2401 (1.2369)
Test:  [0/4]  eta: 0:00:02    time: 0.6504  data: 0.6321  max mem: 266
Test:  [3/4]  eta: 0:00:00    time: 0.1704  data: 0.1586  max mem: 266
Test: Total time: 0:00:00 (0.1882 s / it)
Averaged stats: 
Accumulating evaluation results...
COCOeval_opt.accumulate() finished...
DONE (t=0.00s).
IoU metric: bbox
 Average Precision  (AP) @[ IoU=0.50:0.95 | area=   all | maxDets=100 ] = 0.013
 Average Precision  (AP) @[ IoU=0.50      | area=   all | maxDets=100 ] = 0.027
 Average Precision  (AP) @[ IoU=0.75      | area=   all | maxDets=100 ] = 0.017
 Average Precision  (AP) @[ IoU=0.50:0.95 | area= small | maxDets=100 ] = -1.000
 Average Precision  (AP) @[ IoU=0.50:0.95 | area=medium | maxDets=100 ] = -1.000
 Average Precision  (AP) @[ IoU=0.50:0.95 | area= large | maxDets=100 ] = 0.013
 Average Recall     (AR) @[ IoU=0.50:0.95 | area=   all | maxDets=  1 ] = 0.020
 Average Recall     (AR) @[ IoU=0.50:0.95 | area=   all | maxDets= 10 ] = 0.067
 Average Recall     (AR) @[ IoU=0.50:0.95 | area=   all | maxDets=100 ] = 0.577
 Average Recall     (AR) @[ IoU=0.50:0.95 | area= small | maxDets=100 ] = -1.000
 Average Recall     (AR) @[ IoU=0.50:0.95 | area=medium | maxDets=100 ] = -1.000
 Average Recall     (AR) @[ IoU=0.50:0.95 | area= large | maxDets=100 ] = 0.577
 Average Recall     (AR) @[ IoU=0.50      | area=   all | maxDets=100 ] = 1.000
 Average Recall     (AR) @[ IoU=0.75      | area=   all | maxDets=100 ] = 0.667
best_stat: {'epoch': 72, 'coco_eval_bbox': 0.02601308988534451}
Epoch: [74]  [0/8]  eta: 0:00:10  lr: 0.000022  loss: 30.0158 (30.0158)  loss_mal: 1.5625 (1.5625)  loss_bbox: 0.6472 (0.6472)  loss_giou: 1.2707 (1.2707)  loss_mal_aux_0: 1.2598 (1.2598)  loss_bbox_aux_0: 0.7523 (0.7523)  loss_giou_aux_0: 1.2270 (1.2270)  loss_mal_aux_1: 1.4043 (1.4043)  loss_bbox_aux_1: 0.6347 (0.6347)  loss_giou_aux_1: 1.3135 (1.3135)  loss_mal_pre: 1.2090 (1.2090)  loss_bbox_pre: 0.6852 (0.6852)  loss_giou_pre: 1.3166 (1.3166)  loss_mal_enc_0: 1.2666 (1.2666)  loss_bbox_enc_0: 0.9486 (0.9486)  loss_giou_enc_0: 1.2544 (1.2544)  loss_mal_dn_0: 1.0791 (1.0791)  loss_bbox_dn_0: 0.6585 (0.6585)  loss_giou_dn_0: 1.3397 (1.3397)  loss_mal_dn_1: 1.6475 (1.6475)  loss_bbox_dn_1: 0.6098 (0.6098)  loss_giou_dn_1: 1.2150 (1.2150)  loss_mal_dn_2: 1.7227 (1.7227)  loss_bbox_dn_2: 0.6078 (0.6078)  loss_giou_dn_2: 1.1977 (1.1977)  loss_mal_dn_pre: 1.1875 (1.1875)  loss_bbox_dn_pre: 0.6575 (0.6575)  loss_giou_dn_pre: 1.3405 (1.3405)  time: 1.3314  data: 1.2239  max mem: 266
Epoch: [74]  [7/8]  eta: 0:00:00  lr: 0.000022  loss: 31.3622 (32.5730)  loss_mal: 1.6172 (2.1962)  loss_bbox: 0.6604 (0.6565)  loss_giou: 0.8257 (0.9895)  loss_mal_aux_0: 1.4512 (1.6522)  loss_bbox_aux_0: 0.7523 (0.7212)  loss_giou_aux_0: 1.0038 (1.0431)  loss_mal_aux_1: 1.6719 (2.1486)  loss_bbox_aux_1: 0.6056 (0.6176)  loss_giou_aux_1: 0.8819 (1.0087)  loss_mal_pre: 1.3496 (1.7251)  loss_bbox_pre: 0.6852 (0.7237)  loss_giou_pre: 0.9693 (1.0687)  loss_mal_enc_0: 1.2666 (1.4655)  loss_bbox_enc_0: 0.8388 (0.9348)  loss_giou_enc_0: 1.2544 (1.1826)  loss_mal_dn_0: 1.2158 (1.2328)  loss_bbox_dn_0: 0.7265 (0.8768)  loss_giou_dn_0: 1.2313 (1.2384)  loss_mal_dn_1: 1.9775 (1.9462)  loss_bbox_dn_1: 0.6518 (0.7438)  loss_giou_dn_1: 1.0129 (1.0686)  loss_mal_dn_2: 2.1582 (2.1298)  loss_bbox_dn_2: 0.6611 (0.7232)  loss_giou_dn_2: 0.9389 (1.0141)  loss_mal_dn_pre: 1.3379 (1.3481)  loss_bbox_dn_pre: 0.7238 (0.8751)  loss_giou_dn_pre: 1.2400 (1.2421)  time: 0.2879  data: 0.2043  max mem: 266
Epoch: [74] Total time: 0:00:02 (0.2949 s / it)
Averaged stats: lr: 0.000022  loss: 31.3622 (32.5730)  loss_mal: 1.6172 (2.1962)  loss_bbox: 0.6604 (0.6565)  loss_giou: 0.8257 (0.9895)  loss_mal_aux_0: 1.4512 (1.6522)  loss_bbox_aux_0: 0.7523 (0.7212)  loss_giou_aux_0: 1.0038 (1.0431)  loss_mal_aux_1: 1.6719 (2.1486)  loss_bbox_aux_1: 0.6056 (0.6176)  loss_giou_aux_1: 0.8819 (1.0087)  loss_mal_pre: 1.3496 (1.7251)  loss_bbox_pre: 0.6852 (0.7237)  loss_giou_pre: 0.9693 (1.0687)  loss_mal_enc_0: 1.2666 (1.4655)  loss_bbox_enc_0: 0.8388 (0.9348)  loss_giou_enc_0: 1.2544 (1.1826)  loss_mal_dn_0: 1.2158 (1.2328)  loss_bbox_dn_0: 0.7265 (0.8768)  loss_giou_dn_0: 1.2313 (1.2384)  loss_mal_dn_1: 1.9775 (1.9462)  loss_bbox_dn_1: 0.6518 (0.7438)  loss_giou_dn_1: 1.0129 (1.0686)  loss_mal_dn_2: 2.1582 (2.1298)  loss_bbox_dn_2: 0.6611 (0.7232)  loss_giou_dn_2: 0.9389 (1.0141)  loss_mal_dn_pre: 1.3379 (1.3481)  loss_bbox_dn_pre: 0.7238 (0.8751)  loss_giou_dn_pre: 1.2400 (1.2421)
Test:  [0/4]  eta: 0:00:02    time: 0.6563  data: 0.6385  max mem: 266
Test:  [3/4]  eta: 0:00:00    time: 0.1727  data: 0.1602  max mem: 266
Test: Total time: 0:00:00 (0.1918 s / it)
Averaged stats: 
Accumulating evaluation results...
COCOeval_opt.accumulate() finished...
DONE (t=0.00s).
IoU metric: bbox
 Average Precision  (AP) @[ IoU=0.50:0.95 | area=   all | maxDets=100 ] = 0.017
 Average Precision  (AP) @[ IoU=0.50      | area=   all | maxDets=100 ] = 0.037
 Average Precision  (AP) @[ IoU=0.75      | area=   all | maxDets=100 ] = 0.017
 Average Precision  (AP) @[ IoU=0.50:0.95 | area= small | maxDets=100 ] = -1.000
 Average Precision  (AP) @[ IoU=0.50:0.95 | area=medium | maxDets=100 ] = -1.000
 Average Precision  (AP) @[ IoU=0.50:0.95 | area= large | maxDets=100 ] = 0.017
 Average Recall     (AR) @[ IoU=0.50:0.95 | area=   all | maxDets=  1 ] = 0.017
 Average Recall     (AR) @[ IoU=0.50:0.95 | area=   all | maxDets= 10 ] = 0.097
 Average Recall     (AR) @[ IoU=0.50:0.95 | area=   all | maxDets=100 ] = 0.543
 Average Recall     (AR) @[ IoU=0.50:0.95 | area= small | maxDets=100 ] = -1.000
 Average Recall     (AR) @[ IoU=0.50:0.95 | area=medium | maxDets=100 ] = -1.000
 Average Recall     (AR) @[ IoU=0.50:0.95 | area= large | maxDets=100 ] = 0.543
 Average Recall     (AR) @[ IoU=0.50      | area=   all | maxDets=100 ] = 0.933
 Average Recall     (AR) @[ IoU=0.75      | area=   all | maxDets=100 ] = 0.567
best_stat: {'epoch': 72, 'coco_eval_bbox': 0.02601308988534451}
Epoch: [75]  [0/8]  eta: 0:00:10  lr: 0.000022  loss: 32.0342 (32.0342)  loss_mal: 1.7822 (1.7822)  loss_bbox: 0.7641 (0.7641)  loss_giou: 1.1992 (1.1992)  loss_mal_aux_0: 1.2246 (1.2246)  loss_bbox_aux_0: 0.9201 (0.9201)  loss_giou_aux_0: 1.2392 (1.2392)  loss_mal_aux_1: 1.3203 (1.3203)  loss_bbox_aux_1: 0.8017 (0.8017)  loss_giou_aux_1: 1.3540 (1.3540)  loss_mal_pre: 1.3193 (1.3193)  loss_bbox_pre: 0.9332 (0.9332)  loss_giou_pre: 1.2579 (1.2579)  loss_mal_enc_0: 1.1113 (1.1113)  loss_bbox_enc_0: 1.2608 (1.2608)  loss_giou_enc_0: 1.3154 (1.3154)  loss_mal_dn_0: 1.1865 (1.1865)  loss_bbox_dn_0: 0.8809 (0.8809)  loss_giou_dn_0: 1.2630 (1.2630)  loss_mal_dn_1: 1.8076 (1.8076)  loss_bbox_dn_1: 0.7556 (0.7556)  loss_giou_dn_1: 1.1191 (1.1191)  loss_mal_dn_2: 1.8828 (1.8828)  loss_bbox_dn_2: 0.8025 (0.8025)  loss_giou_dn_2: 1.0929 (1.0929)  loss_mal_dn_pre: 1.3096 (1.3096)  loss_bbox_dn_pre: 0.8695 (0.8695)  loss_giou_dn_pre: 1.2608 (1.2608)  time: 1.2728  data: 1.1408  max mem: 266
Epoch: [75]  [7/8]  eta: 0:00:00  lr: 0.000023  loss: 32.3032 (32.9253)  loss_mal: 1.9805 (2.2052)  loss_bbox: 0.6456 (0.6685)  loss_giou: 1.0621 (1.0021)  loss_mal_aux_0: 1.4043 (1.5989)  loss_bbox_aux_0: 0.7646 (0.8034)  loss_giou_aux_0: 1.1179 (1.0930)  loss_mal_aux_1: 1.8262 (2.0244)  loss_bbox_aux_1: 0.7057 (0.6914)  loss_giou_aux_1: 1.0276 (1.0284)  loss_mal_pre: 1.4297 (1.6548)  loss_bbox_pre: 0.7825 (0.8120)  loss_giou_pre: 1.0919 (1.1100)  loss_mal_enc_0: 1.3975 (1.4836)  loss_bbox_enc_0: 1.0061 (1.0464)  loss_giou_enc_0: 1.1690 (1.1728)  loss_mal_dn_0: 1.1982 (1.2053)  loss_bbox_dn_0: 0.8809 (0.9329)  loss_giou_dn_0: 1.2487 (1.2512)  loss_mal_dn_1: 1.8076 (1.8712)  loss_bbox_dn_1: 0.7849 (0.8030)  loss_giou_dn_1: 1.0991 (1.0857)  loss_mal_dn_2: 1.9170 (2.0581)  loss_bbox_dn_2: 0.7720 (0.7854)  loss_giou_dn_2: 1.0340 (1.0314)  loss_mal_dn_pre: 1.3154 (1.3226)  loss_bbox_dn_pre: 0.8695 (0.9304)  loss_giou_dn_pre: 1.2494 (1.2529)  time: 0.2485  data: 0.1454  max mem: 266
Epoch: [75] Total time: 0:00:02 (0.2539 s / it)
Averaged stats: lr: 0.000023  loss: 32.3032 (32.9253)  loss_mal: 1.9805 (2.2052)  loss_bbox: 0.6456 (0.6685)  loss_giou: 1.0621 (1.0021)  loss_mal_aux_0: 1.4043 (1.5989)  loss_bbox_aux_0: 0.7646 (0.8034)  loss_giou_aux_0: 1.1179 (1.0930)  loss_mal_aux_1: 1.8262 (2.0244)  loss_bbox_aux_1: 0.7057 (0.6914)  loss_giou_aux_1: 1.0276 (1.0284)  loss_mal_pre: 1.4297 (1.6548)  loss_bbox_pre: 0.7825 (0.8120)  loss_giou_pre: 1.0919 (1.1100)  loss_mal_enc_0: 1.3975 (1.4836)  loss_bbox_enc_0: 1.0061 (1.0464)  loss_giou_enc_0: 1.1690 (1.1728)  loss_mal_dn_0: 1.1982 (1.2053)  loss_bbox_dn_0: 0.8809 (0.9329)  loss_giou_dn_0: 1.2487 (1.2512)  loss_mal_dn_1: 1.8076 (1.8712)  loss_bbox_dn_1: 0.7849 (0.8030)  loss_giou_dn_1: 1.0991 (1.0857)  loss_mal_dn_2: 1.9170 (2.0581)  loss_bbox_dn_2: 0.7720 (0.7854)  loss_giou_dn_2: 1.0340 (1.0314)  loss_mal_dn_pre: 1.3154 (1.3226)  loss_bbox_dn_pre: 0.8695 (0.9304)  loss_giou_dn_pre: 1.2494 (1.2529)
Test:  [0/4]  eta: 0:00:02    time: 0.6658  data: 0.6477  max mem: 266
Test:  [3/4]  eta: 0:00:00    time: 0.2194  data: 0.1627  max mem: 266
Test: Total time: 0:00:00 (0.2389 s / it)
Averaged stats: 
Accumulating evaluation results...
COCOeval_opt.accumulate() finished...
DONE (t=0.00s).
IoU metric: bbox
 Average Precision  (AP) @[ IoU=0.50:0.95 | area=   all | maxDets=100 ] = 0.012
 Average Precision  (AP) @[ IoU=0.50      | area=   all | maxDets=100 ] = 0.023
 Average Precision  (AP) @[ IoU=0.75      | area=   all | maxDets=100 ] = 0.014
 Average Precision  (AP) @[ IoU=0.50:0.95 | area= small | maxDets=100 ] = -1.000
 Average Precision  (AP) @[ IoU=0.50:0.95 | area=medium | maxDets=100 ] = -1.000
 Average Precision  (AP) @[ IoU=0.50:0.95 | area= large | maxDets=100 ] = 0.012
 Average Recall     (AR) @[ IoU=0.50:0.95 | area=   all | maxDets=  1 ] = 0.000
 Average Recall     (AR) @[ IoU=0.50:0.95 | area=   all | maxDets= 10 ] = 0.087
 Average Recall     (AR) @[ IoU=0.50:0.95 | area=   all | maxDets=100 ] = 0.587
 Average Recall     (AR) @[ IoU=0.50:0.95 | area= small | maxDets=100 ] = -1.000
 Average Recall     (AR) @[ IoU=0.50:0.95 | area=medium | maxDets=100 ] = -1.000
 Average Recall     (AR) @[ IoU=0.50:0.95 | area= large | maxDets=100 ] = 0.587
 Average Recall     (AR) @[ IoU=0.50      | area=   all | maxDets=100 ] = 1.000
 Average Recall     (AR) @[ IoU=0.75      | area=   all | maxDets=100 ] = 0.600
best_stat: {'epoch': 72, 'coco_eval_bbox': 0.02601308988534451}
Epoch: [76]  [0/8]  eta: 0:00:05  lr: 0.000023  loss: 36.4206 (36.4206)  loss_mal: 3.1875 (3.1875)  loss_bbox: 0.6379 (0.6379)  loss_giou: 0.6344 (0.6344)  loss_mal_aux_0: 2.1113 (2.1113)  loss_bbox_aux_0: 0.8162 (0.8162)  loss_giou_aux_0: 0.8871 (0.8871)  loss_mal_aux_1: 3.1758 (3.1758)  loss_bbox_aux_1: 0.5482 (0.5482)  loss_giou_aux_1: 0.6922 (0.6922)  loss_mal_pre: 2.2617 (2.2617)  loss_bbox_pre: 0.8138 (0.8138)  loss_giou_pre: 0.8849 (0.8849)  loss_mal_enc_0: 2.2363 (2.2363)  loss_bbox_enc_0: 0.8436 (0.8436)  loss_giou_enc_0: 0.8430 (0.8430)  loss_mal_dn_0: 1.2441 (1.2441)  loss_bbox_dn_0: 1.2475 (1.2475)  loss_giou_dn_0: 1.2122 (1.2122)  loss_mal_dn_1: 2.0195 (2.0195)  loss_bbox_dn_1: 1.0634 (1.0634)  loss_giou_dn_1: 1.0209 (1.0209)  loss_mal_dn_2: 2.2559 (2.2559)  loss_bbox_dn_2: 1.0127 (1.0127)  loss_giou_dn_2: 0.9526 (0.9526)  loss_mal_dn_pre: 1.3594 (1.3594)  loss_bbox_dn_pre: 1.2439 (1.2439)  loss_giou_dn_pre: 1.2145 (1.2145)  time: 0.6775  data: 0.5959  max mem: 266
Epoch: [76]  [7/8]  eta: 0:00:00  lr: 0.000024  loss: 33.7767 (33.8713)  loss_mal: 2.1562 (2.4039)  loss_bbox: 0.6379 (0.7183)  loss_giou: 0.8228 (0.9297)  loss_mal_aux_0: 1.7744 (1.6398)  loss_bbox_aux_0: 0.8162 (0.8584)  loss_giou_aux_0: 0.9880 (1.0641)  loss_mal_aux_1: 2.2520 (2.3519)  loss_bbox_aux_1: 0.6326 (0.7100)  loss_giou_aux_1: 0.8184 (0.9194)  loss_mal_pre: 1.8174 (1.7581)  loss_bbox_pre: 0.8241 (0.8539)  loss_giou_pre: 1.0076 (1.0481)  loss_mal_enc_0: 1.6816 (1.5654)  loss_bbox_enc_0: 0.9086 (0.9949)  loss_giou_enc_0: 1.0591 (1.1181)  loss_mal_dn_0: 1.1768 (1.2053)  loss_bbox_dn_0: 0.9369 (1.0323)  loss_giou_dn_0: 1.2520 (1.2524)  loss_mal_dn_1: 1.7939 (1.8739)  loss_bbox_dn_1: 0.7677 (0.9009)  loss_giou_dn_1: 1.0900 (1.0843)  loss_mal_dn_2: 2.0664 (2.1075)  loss_bbox_dn_2: 0.7600 (0.8696)  loss_giou_dn_2: 1.0167 (1.0111)  loss_mal_dn_pre: 1.3066 (1.3159)  loss_bbox_dn_pre: 0.9333 (1.0296)  loss_giou_dn_pre: 1.2522 (1.2544)  time: 0.2232  data: 0.1437  max mem: 266
Epoch: [76] Total time: 0:00:01 (0.2311 s / it)
Averaged stats: lr: 0.000024  loss: 33.7767 (33.8713)  loss_mal: 2.1562 (2.4039)  loss_bbox: 0.6379 (0.7183)  loss_giou: 0.8228 (0.9297)  loss_mal_aux_0: 1.7744 (1.6398)  loss_bbox_aux_0: 0.8162 (0.8584)  loss_giou_aux_0: 0.9880 (1.0641)  loss_mal_aux_1: 2.2520 (2.3519)  loss_bbox_aux_1: 0.6326 (0.7100)  loss_giou_aux_1: 0.8184 (0.9194)  loss_mal_pre: 1.8174 (1.7581)  loss_bbox_pre: 0.8241 (0.8539)  loss_giou_pre: 1.0076 (1.0481)  loss_mal_enc_0: 1.6816 (1.5654)  loss_bbox_enc_0: 0.9086 (0.9949)  loss_giou_enc_0: 1.0591 (1.1181)  loss_mal_dn_0: 1.1768 (1.2053)  loss_bbox_dn_0: 0.9369 (1.0323)  loss_giou_dn_0: 1.2520 (1.2524)  loss_mal_dn_1: 1.7939 (1.8739)  loss_bbox_dn_1: 0.7677 (0.9009)  loss_giou_dn_1: 1.0900 (1.0843)  loss_mal_dn_2: 2.0664 (2.1075)  loss_bbox_dn_2: 0.7600 (0.8696)  loss_giou_dn_2: 1.0167 (1.0111)  loss_mal_dn_pre: 1.3066 (1.3159)  loss_bbox_dn_pre: 0.9333 (1.0296)  loss_giou_dn_pre: 1.2522 (1.2544)
Test:  [0/4]  eta: 0:00:02    time: 0.6770  data: 0.6555  max mem: 266
Test:  [3/4]  eta: 0:00:00    time: 0.1787  data: 0.1646  max mem: 266
Test: Total time: 0:00:00 (0.1994 s / it)
Averaged stats: 
Accumulating evaluation results...
COCOeval_opt.accumulate() finished...
DONE (t=0.00s).
IoU metric: bbox
 Average Precision  (AP) @[ IoU=0.50:0.95 | area=   all | maxDets=100 ] = 0.027
 Average Precision  (AP) @[ IoU=0.50      | area=   all | maxDets=100 ] = 0.058
 Average Precision  (AP) @[ IoU=0.75      | area=   all | maxDets=100 ] = 0.010
 Average Precision  (AP) @[ IoU=0.50:0.95 | area= small | maxDets=100 ] = -1.000
 Average Precision  (AP) @[ IoU=0.50:0.95 | area=medium | maxDets=100 ] = -1.000
 Average Precision  (AP) @[ IoU=0.50:0.95 | area= large | maxDets=100 ] = 0.027
 Average Recall     (AR) @[ IoU=0.50:0.95 | area=   all | maxDets=  1 ] = 0.017
 Average Recall     (AR) @[ IoU=0.50:0.95 | area=   all | maxDets= 10 ] = 0.097
 Average Recall     (AR) @[ IoU=0.50:0.95 | area=   all | maxDets=100 ] = 0.567
 Average Recall     (AR) @[ IoU=0.50:0.95 | area= small | maxDets=100 ] = -1.000
 Average Recall     (AR) @[ IoU=0.50:0.95 | area=medium | maxDets=100 ] = -1.000
 Average Recall     (AR) @[ IoU=0.50:0.95 | area= large | maxDets=100 ] = 0.567
 Average Recall     (AR) @[ IoU=0.50      | area=   all | maxDets=100 ] = 0.967
 Average Recall     (AR) @[ IoU=0.75      | area=   all | maxDets=100 ] = 0.633
best_stat: {'epoch': 76, 'coco_eval_bbox': 0.0270302357768991}
Epoch: [77]  [0/8]  eta: 0:00:07  lr: 0.000024  loss: 32.8690 (32.8690)  loss_mal: 3.0098 (3.0098)  loss_bbox: 0.4709 (0.4709)  loss_giou: 0.6724 (0.6724)  loss_mal_aux_0: 1.7666 (1.7666)  loss_bbox_aux_0: 0.6441 (0.6441)  loss_giou_aux_0: 0.9512 (0.9512)  loss_mal_aux_1: 2.5273 (2.5273)  loss_bbox_aux_1: 0.5111 (0.5111)  loss_giou_aux_1: 0.7949 (0.7949)  loss_mal_pre: 1.8350 (1.8350)  loss_bbox_pre: 0.6801 (0.6801)  loss_giou_pre: 0.9951 (0.9951)  loss_mal_enc_0: 1.4150 (1.4150)  loss_bbox_enc_0: 0.8525 (0.8525)  loss_giou_enc_0: 1.1535 (1.1535)  loss_mal_dn_0: 1.2910 (1.2910)  loss_bbox_dn_0: 0.8968 (0.8968)  loss_giou_dn_0: 1.2084 (1.2084)  loss_mal_dn_1: 1.9873 (1.9873)  loss_bbox_dn_1: 0.7342 (0.7342)  loss_giou_dn_1: 1.0200 (1.0200)  loss_mal_dn_2: 2.3066 (2.3066)  loss_bbox_dn_2: 0.7204 (0.7204)  loss_giou_dn_2: 0.9275 (0.9275)  loss_mal_dn_pre: 1.4072 (1.4072)  loss_bbox_dn_pre: 0.8835 (0.8835)  loss_giou_dn_pre: 1.2063 (1.2063)  time: 0.8888  data: 0.8050  max mem: 266
Epoch: [77]  [7/8]  eta: 0:00:00  lr: 0.000024  loss: 32.4255 (33.0708)  loss_mal: 2.3125 (2.2565)  loss_bbox: 0.6333 (0.6680)  loss_giou: 0.8647 (1.0043)  loss_mal_aux_0: 1.6025 (1.6013)  loss_bbox_aux_0: 0.7269 (0.8170)  loss_giou_aux_0: 1.0512 (1.0865)  loss_mal_aux_1: 2.0957 (2.0980)  loss_bbox_aux_1: 0.6722 (0.6888)  loss_giou_aux_1: 0.8608 (1.0147)  loss_mal_pre: 1.7227 (1.7125)  loss_bbox_pre: 0.8436 (0.8544)  loss_giou_pre: 0.9951 (1.0986)  loss_mal_enc_0: 1.4150 (1.5239)  loss_bbox_enc_0: 0.8366 (0.9151)  loss_giou_enc_0: 1.0594 (1.1645)  loss_mal_dn_0: 1.2412 (1.2396)  loss_bbox_dn_0: 0.8403 (0.9018)  loss_giou_dn_0: 1.2151 (1.2297)  loss_mal_dn_1: 1.8701 (1.9532)  loss_bbox_dn_1: 0.7186 (0.7809)  loss_giou_dn_1: 1.0256 (1.0556)  loss_mal_dn_2: 2.0820 (2.1288)  loss_bbox_dn_2: 0.7183 (0.7656)  loss_giou_dn_2: 0.9679 (1.0037)  loss_mal_dn_pre: 1.3867 (1.3744)  loss_bbox_dn_pre: 0.8352 (0.9003)  loss_giou_dn_pre: 1.2185 (1.2330)  time: 0.2261  data: 0.1451  max mem: 266
Epoch: [77] Total time: 0:00:01 (0.2343 s / it)
Averaged stats: lr: 0.000024  loss: 32.4255 (33.0708)  loss_mal: 2.3125 (2.2565)  loss_bbox: 0.6333 (0.6680)  loss_giou: 0.8647 (1.0043)  loss_mal_aux_0: 1.6025 (1.6013)  loss_bbox_aux_0: 0.7269 (0.8170)  loss_giou_aux_0: 1.0512 (1.0865)  loss_mal_aux_1: 2.0957 (2.0980)  loss_bbox_aux_1: 0.6722 (0.6888)  loss_giou_aux_1: 0.8608 (1.0147)  loss_mal_pre: 1.7227 (1.7125)  loss_bbox_pre: 0.8436 (0.8544)  loss_giou_pre: 0.9951 (1.0986)  loss_mal_enc_0: 1.4150 (1.5239)  loss_bbox_enc_0: 0.8366 (0.9151)  loss_giou_enc_0: 1.0594 (1.1645)  loss_mal_dn_0: 1.2412 (1.2396)  loss_bbox_dn_0: 0.8403 (0.9018)  loss_giou_dn_0: 1.2151 (1.2297)  loss_mal_dn_1: 1.8701 (1.9532)  loss_bbox_dn_1: 0.7186 (0.7809)  loss_giou_dn_1: 1.0256 (1.0556)  loss_mal_dn_2: 2.0820 (2.1288)  loss_bbox_dn_2: 0.7183 (0.7656)  loss_giou_dn_2: 0.9679 (1.0037)  loss_mal_dn_pre: 1.3867 (1.3744)  loss_bbox_dn_pre: 0.8352 (0.9003)  loss_giou_dn_pre: 1.2185 (1.2330)
Test:  [0/4]  eta: 0:00:02    time: 0.6540  data: 0.6335  max mem: 266
Test:  [3/4]  eta: 0:00:00    time: 0.1767  data: 0.1591  max mem: 266
Test: Total time: 0:00:00 (0.1957 s / it)
Averaged stats: 
Accumulating evaluation results...
COCOeval_opt.accumulate() finished...
DONE (t=0.00s).
IoU metric: bbox
 Average Precision  (AP) @[ IoU=0.50:0.95 | area=   all | maxDets=100 ] = 0.024
 Average Precision  (AP) @[ IoU=0.50      | area=   all | maxDets=100 ] = 0.062
 Average Precision  (AP) @[ IoU=0.75      | area=   all | maxDets=100 ] = 0.006
 Average Precision  (AP) @[ IoU=0.50:0.95 | area= small | maxDets=100 ] = -1.000
 Average Precision  (AP) @[ IoU=0.50:0.95 | area=medium | maxDets=100 ] = -1.000
 Average Precision  (AP) @[ IoU=0.50:0.95 | area= large | maxDets=100 ] = 0.024
 Average Recall     (AR) @[ IoU=0.50:0.95 | area=   all | maxDets=  1 ] = 0.023
 Average Recall     (AR) @[ IoU=0.50:0.95 | area=   all | maxDets= 10 ] = 0.070
 Average Recall     (AR) @[ IoU=0.50:0.95 | area=   all | maxDets=100 ] = 0.613
 Average Recall     (AR) @[ IoU=0.50:0.95 | area= small | maxDets=100 ] = -1.000
 Average Recall     (AR) @[ IoU=0.50:0.95 | area=medium | maxDets=100 ] = -1.000
 Average Recall     (AR) @[ IoU=0.50:0.95 | area= large | maxDets=100 ] = 0.613
 Average Recall     (AR) @[ IoU=0.50      | area=   all | maxDets=100 ] = 1.000
 Average Recall     (AR) @[ IoU=0.75      | area=   all | maxDets=100 ] = 0.633
best_stat: {'epoch': 76, 'coco_eval_bbox': 0.0270302357768991}
Epoch: [78]  [0/8]  eta: 0:00:07  lr: 0.000024  loss: 31.7725 (31.7725)  loss_mal: 1.6025 (1.6025)  loss_bbox: 0.8274 (0.8274)  loss_giou: 1.1953 (1.1953)  loss_mal_aux_0: 1.0146 (1.0146)  loss_bbox_aux_0: 0.8519 (0.8519)  loss_giou_aux_0: 1.3696 (1.3696)  loss_mal_aux_1: 1.6650 (1.6650)  loss_bbox_aux_1: 0.9269 (0.9269)  loss_giou_aux_1: 1.1609 (1.1609)  loss_mal_pre: 1.2803 (1.2803)  loss_bbox_pre: 0.9164 (0.9164)  loss_giou_pre: 1.2584 (1.2584)  loss_mal_enc_0: 1.0967 (1.0967)  loss_bbox_enc_0: 1.0997 (1.0997)  loss_giou_enc_0: 1.3613 (1.3613)  loss_mal_dn_0: 1.2100 (1.2100)  loss_bbox_dn_0: 0.8123 (0.8123)  loss_giou_dn_0: 1.2370 (1.2370)  loss_mal_dn_1: 1.7871 (1.7871)  loss_bbox_dn_1: 0.7895 (0.7895)  loss_giou_dn_1: 1.1171 (1.1171)  loss_mal_dn_2: 1.9180 (1.9180)  loss_bbox_dn_2: 0.7965 (0.7965)  loss_giou_dn_2: 1.0850 (1.0850)  loss_mal_dn_pre: 1.3320 (1.3320)  loss_bbox_dn_pre: 0.8150 (0.8150)  loss_giou_dn_pre: 1.2461 (1.2461)  time: 0.8974  data: 0.7845  max mem: 266
Epoch: [78]  [7/8]  eta: 0:00:00  lr: 0.000025  loss: 32.3327 (33.0870)  loss_mal: 2.0078 (2.1079)  loss_bbox: 0.7765 (0.7551)  loss_giou: 1.0342 (1.0304)  loss_mal_aux_0: 1.4814 (1.5777)  loss_bbox_aux_0: 0.7019 (0.8307)  loss_giou_aux_0: 1.1004 (1.1132)  loss_mal_aux_1: 1.9092 (2.0277)  loss_bbox_aux_1: 0.7486 (0.7521)  loss_giou_aux_1: 1.1059 (1.0780)  loss_mal_pre: 1.5352 (1.6290)  loss_bbox_pre: 0.8350 (0.8863)  loss_giou_pre: 1.1470 (1.1204)  loss_mal_enc_0: 1.1738 (1.4091)  loss_bbox_enc_0: 1.0501 (1.0441)  loss_giou_enc_0: 1.1680 (1.2371)  loss_mal_dn_0: 1.1982 (1.2036)  loss_bbox_dn_0: 0.7979 (0.9209)  loss_giou_dn_0: 1.2370 (1.2431)  loss_mal_dn_1: 1.8604 (1.8975)  loss_bbox_dn_1: 0.6914 (0.8042)  loss_giou_dn_1: 1.0749 (1.0711)  loss_mal_dn_2: 2.0488 (2.0646)  loss_bbox_dn_2: 0.6616 (0.7784)  loss_giou_dn_2: 0.9848 (1.0155)  loss_mal_dn_pre: 1.3154 (1.3257)  loss_bbox_dn_pre: 0.7922 (0.9181)  loss_giou_dn_pre: 1.2461 (1.2456)  time: 0.2403  data: 0.1547  max mem: 266
Epoch: [78] Total time: 0:00:01 (0.2482 s / it)
Averaged stats: lr: 0.000025  loss: 32.3327 (33.0870)  loss_mal: 2.0078 (2.1079)  loss_bbox: 0.7765 (0.7551)  loss_giou: 1.0342 (1.0304)  loss_mal_aux_0: 1.4814 (1.5777)  loss_bbox_aux_0: 0.7019 (0.8307)  loss_giou_aux_0: 1.1004 (1.1132)  loss_mal_aux_1: 1.9092 (2.0277)  loss_bbox_aux_1: 0.7486 (0.7521)  loss_giou_aux_1: 1.1059 (1.0780)  loss_mal_pre: 1.5352 (1.6290)  loss_bbox_pre: 0.8350 (0.8863)  loss_giou_pre: 1.1470 (1.1204)  loss_mal_enc_0: 1.1738 (1.4091)  loss_bbox_enc_0: 1.0501 (1.0441)  loss_giou_enc_0: 1.1680 (1.2371)  loss_mal_dn_0: 1.1982 (1.2036)  loss_bbox_dn_0: 0.7979 (0.9209)  loss_giou_dn_0: 1.2370 (1.2431)  loss_mal_dn_1: 1.8604 (1.8975)  loss_bbox_dn_1: 0.6914 (0.8042)  loss_giou_dn_1: 1.0749 (1.0711)  loss_mal_dn_2: 2.0488 (2.0646)  loss_bbox_dn_2: 0.6616 (0.7784)  loss_giou_dn_2: 0.9848 (1.0155)  loss_mal_dn_pre: 1.3154 (1.3257)  loss_bbox_dn_pre: 0.7922 (0.9181)  loss_giou_dn_pre: 1.2461 (1.2456)
Test:  [0/4]  eta: 0:00:02    time: 0.6643  data: 0.6452  max mem: 266
Test:  [3/4]  eta: 0:00:00    time: 0.1757  data: 0.1620  max mem: 266
Test: Total time: 0:00:00 (0.1950 s / it)
Averaged stats: 
Accumulating evaluation results...
COCOeval_opt.accumulate() finished...
DONE (t=0.00s).
IoU metric: bbox
 Average Precision  (AP) @[ IoU=0.50:0.95 | area=   all | maxDets=100 ] = 0.024
 Average Precision  (AP) @[ IoU=0.50      | area=   all | maxDets=100 ] = 0.058
 Average Precision  (AP) @[ IoU=0.75      | area=   all | maxDets=100 ] = 0.007
 Average Precision  (AP) @[ IoU=0.50:0.95 | area= small | maxDets=100 ] = -1.000
 Average Precision  (AP) @[ IoU=0.50:0.95 | area=medium | maxDets=100 ] = -1.000
 Average Precision  (AP) @[ IoU=0.50:0.95 | area= large | maxDets=100 ] = 0.024
 Average Recall     (AR) @[ IoU=0.50:0.95 | area=   all | maxDets=  1 ] = 0.023
 Average Recall     (AR) @[ IoU=0.50:0.95 | area=   all | maxDets= 10 ] = 0.127
 Average Recall     (AR) @[ IoU=0.50:0.95 | area=   all | maxDets=100 ] = 0.587
 Average Recall     (AR) @[ IoU=0.50:0.95 | area= small | maxDets=100 ] = -1.000
 Average Recall     (AR) @[ IoU=0.50:0.95 | area=medium | maxDets=100 ] = -1.000
 Average Recall     (AR) @[ IoU=0.50:0.95 | area= large | maxDets=100 ] = 0.587
 Average Recall     (AR) @[ IoU=0.50      | area=   all | maxDets=100 ] = 0.967
 Average Recall     (AR) @[ IoU=0.75      | area=   all | maxDets=100 ] = 0.633
best_stat: {'epoch': 76, 'coco_eval_bbox': 0.0270302357768991}
Epoch: [79]  [0/8]  eta: 0:00:09  lr: 0.000025  loss: 29.0880 (29.0880)  loss_mal: 0.8979 (0.8979)  loss_bbox: 0.9390 (0.9390)  loss_giou: 1.4651 (1.4651)  loss_mal_aux_0: 0.6670 (0.6670)  loss_bbox_aux_0: 1.0526 (1.0526)  loss_giou_aux_0: 1.5243 (1.5243)  loss_mal_aux_1: 0.8047 (0.8047)  loss_bbox_aux_1: 0.9112 (0.9112)  loss_giou_aux_1: 1.4951 (1.4951)  loss_mal_pre: 0.6914 (0.6914)  loss_bbox_pre: 1.0166 (1.0166)  loss_giou_pre: 1.5405 (1.5405)  loss_mal_enc_0: 0.4180 (0.4180)  loss_bbox_enc_0: 1.2280 (1.2280)  loss_giou_enc_0: 1.7362 (1.7362)  loss_mal_dn_0: 1.1426 (1.1426)  loss_bbox_dn_0: 0.4952 (0.4952)  loss_giou_dn_0: 1.2729 (1.2729)  loss_mal_dn_1: 1.7275 (1.7275)  loss_bbox_dn_1: 0.4527 (0.4527)  loss_giou_dn_1: 1.1540 (1.1540)  loss_mal_dn_2: 1.8604 (1.8604)  loss_bbox_dn_2: 0.4303 (0.4303)  loss_giou_dn_2: 1.0979 (1.0979)  loss_mal_dn_pre: 1.3057 (1.3057)  loss_bbox_dn_pre: 0.4911 (0.4911)  loss_giou_dn_pre: 1.2701 (1.2701)  time: 1.2255  data: 1.1239  max mem: 266
Epoch: [79]  [7/8]  eta: 0:00:00  lr: 0.000026  loss: 32.7889 (34.0483)  loss_mal: 2.1836 (2.4250)  loss_bbox: 0.6725 (0.6632)  loss_giou: 0.8932 (0.9081)  loss_mal_aux_0: 1.8936 (1.8717)  loss_bbox_aux_0: 0.6488 (0.7285)  loss_giou_aux_0: 0.8054 (0.9342)  loss_mal_aux_1: 2.2207 (2.2653)  loss_bbox_aux_1: 0.6923 (0.6881)  loss_giou_aux_1: 0.8932 (0.9424)  loss_mal_pre: 1.9775 (2.0281)  loss_bbox_pre: 0.6527 (0.7092)  loss_giou_pre: 0.7784 (0.9453)  loss_mal_enc_0: 1.7217 (1.7230)  loss_bbox_enc_0: 0.8920 (0.9014)  loss_giou_enc_0: 0.9439 (1.0542)  loss_mal_dn_0: 1.2354 (1.2460)  loss_bbox_dn_0: 0.8095 (1.1139)  loss_giou_dn_0: 1.2056 (1.2164)  loss_mal_dn_1: 1.8984 (1.9431)  loss_bbox_dn_1: 0.7432 (0.9650)  loss_giou_dn_1: 1.0152 (1.0414)  loss_mal_dn_2: 2.1191 (2.1335)  loss_bbox_dn_2: 0.7828 (0.9252)  loss_giou_dn_2: 0.9612 (0.9828)  loss_mal_dn_pre: 1.3682 (1.3700)  loss_bbox_dn_pre: 0.7987 (1.1070)  loss_giou_dn_pre: 1.2055 (1.2161)  time: 0.2546  data: 0.1540  max mem: 266
Epoch: [79] Total time: 0:00:02 (0.2627 s / it)
Averaged stats: lr: 0.000026  loss: 32.7889 (34.0483)  loss_mal: 2.1836 (2.4250)  loss_bbox: 0.6725 (0.6632)  loss_giou: 0.8932 (0.9081)  loss_mal_aux_0: 1.8936 (1.8717)  loss_bbox_aux_0: 0.6488 (0.7285)  loss_giou_aux_0: 0.8054 (0.9342)  loss_mal_aux_1: 2.2207 (2.2653)  loss_bbox_aux_1: 0.6923 (0.6881)  loss_giou_aux_1: 0.8932 (0.9424)  loss_mal_pre: 1.9775 (2.0281)  loss_bbox_pre: 0.6527 (0.7092)  loss_giou_pre: 0.7784 (0.9453)  loss_mal_enc_0: 1.7217 (1.7230)  loss_bbox_enc_0: 0.8920 (0.9014)  loss_giou_enc_0: 0.9439 (1.0542)  loss_mal_dn_0: 1.2354 (1.2460)  loss_bbox_dn_0: 0.8095 (1.1139)  loss_giou_dn_0: 1.2056 (1.2164)  loss_mal_dn_1: 1.8984 (1.9431)  loss_bbox_dn_1: 0.7432 (0.9650)  loss_giou_dn_1: 1.0152 (1.0414)  loss_mal_dn_2: 2.1191 (2.1335)  loss_bbox_dn_2: 0.7828 (0.9252)  loss_giou_dn_2: 0.9612 (0.9828)  loss_mal_dn_pre: 1.3682 (1.3700)  loss_bbox_dn_pre: 0.7987 (1.1070)  loss_giou_dn_pre: 1.2055 (1.2161)
Test:  [0/4]  eta: 0:00:02    time: 0.7100  data: 0.6563  max mem: 266
Test:  [3/4]  eta: 0:00:00    time: 0.1983  data: 0.1647  max mem: 266
Test: Total time: 0:00:00 (0.2201 s / it)
Averaged stats: 
Accumulating evaluation results...
COCOeval_opt.accumulate() finished...
DONE (t=0.00s).
IoU metric: bbox
 Average Precision  (AP) @[ IoU=0.50:0.95 | area=   all | maxDets=100 ] = 0.026
 Average Precision  (AP) @[ IoU=0.50      | area=   all | maxDets=100 ] = 0.054
 Average Precision  (AP) @[ IoU=0.75      | area=   all | maxDets=100 ] = 0.009
 Average Precision  (AP) @[ IoU=0.50:0.95 | area= small | maxDets=100 ] = -1.000
 Average Precision  (AP) @[ IoU=0.50:0.95 | area=medium | maxDets=100 ] = -1.000
 Average Precision  (AP) @[ IoU=0.50:0.95 | area= large | maxDets=100 ] = 0.026
 Average Recall     (AR) @[ IoU=0.50:0.95 | area=   all | maxDets=  1 ] = 0.017
 Average Recall     (AR) @[ IoU=0.50:0.95 | area=   all | maxDets= 10 ] = 0.093
 Average Recall     (AR) @[ IoU=0.50:0.95 | area=   all | maxDets=100 ] = 0.580
 Average Recall     (AR) @[ IoU=0.50:0.95 | area= small | maxDets=100 ] = -1.000
 Average Recall     (AR) @[ IoU=0.50:0.95 | area=medium | maxDets=100 ] = -1.000
 Average Recall     (AR) @[ IoU=0.50:0.95 | area= large | maxDets=100 ] = 0.580
 Average Recall     (AR) @[ IoU=0.50      | area=   all | maxDets=100 ] = 0.967
 Average Recall     (AR) @[ IoU=0.75      | area=   all | maxDets=100 ] = 0.667
best_stat: {'epoch': 76, 'coco_eval_bbox': 0.0270302357768991}
Epoch: [80]  [0/8]  eta: 0:00:07  lr: 0.000026  loss: 33.3393 (33.3393)  loss_mal: 2.5742 (2.5742)  loss_bbox: 0.5759 (0.5759)  loss_giou: 0.8111 (0.8111)  loss_mal_aux_0: 1.8125 (1.8125)  loss_bbox_aux_0: 0.5763 (0.5763)  loss_giou_aux_0: 0.9877 (0.9877)  loss_mal_aux_1: 2.4668 (2.4668)  loss_bbox_aux_1: 0.5041 (0.5041)  loss_giou_aux_1: 0.8808 (0.8808)  loss_mal_pre: 1.9443 (1.9443)  loss_bbox_pre: 0.6211 (0.6211)  loss_giou_pre: 1.0169 (1.0169)  loss_mal_enc_0: 1.9775 (1.9775)  loss_bbox_enc_0: 0.6890 (0.6890)  loss_giou_enc_0: 0.9719 (0.9719)  loss_mal_dn_0: 1.1738 (1.1738)  loss_bbox_dn_0: 1.0747 (1.0747)  loss_giou_dn_0: 1.2305 (1.2305)  loss_mal_dn_1: 1.8750 (1.8750)  loss_bbox_dn_1: 0.9261 (0.9261)  loss_giou_dn_1: 1.0700 (1.0700)  loss_mal_dn_2: 2.0332 (2.0332)  loss_bbox_dn_2: 0.9106 (0.9106)  loss_giou_dn_2: 1.0250 (1.0250)  loss_mal_dn_pre: 1.3262 (1.3262)  loss_bbox_dn_pre: 1.0562 (1.0562)  loss_giou_dn_pre: 1.2276 (1.2276)  time: 0.9093  data: 0.7905  max mem: 266
Epoch: [80]  [7/8]  eta: 0:00:00  lr: 0.000026  loss: 31.5879 (32.5220)  loss_mal: 2.1758 (2.2310)  loss_bbox: 0.6202 (0.6355)  loss_giou: 0.8521 (0.9562)  loss_mal_aux_0: 1.6650 (1.6168)  loss_bbox_aux_0: 0.6901 (0.7373)  loss_giou_aux_0: 0.9915 (1.0639)  loss_mal_aux_1: 2.0449 (1.9907)  loss_bbox_aux_1: 0.6805 (0.6638)  loss_giou_aux_1: 0.9240 (1.0308)  loss_mal_pre: 1.6436 (1.6783)  loss_bbox_pre: 0.7866 (0.8121)  loss_giou_pre: 1.0483 (1.0900)  loss_mal_enc_0: 1.3027 (1.4311)  loss_bbox_enc_0: 1.0670 (1.0655)  loss_giou_enc_0: 1.1498 (1.1893)  loss_mal_dn_0: 1.1738 (1.2053)  loss_bbox_dn_0: 0.7058 (0.8701)  loss_giou_dn_0: 1.2137 (1.2325)  loss_mal_dn_1: 1.9082 (1.9066)  loss_bbox_dn_1: 0.6513 (0.7645)  loss_giou_dn_1: 1.0543 (1.0631)  loss_mal_dn_2: 2.1270 (2.0842)  loss_bbox_dn_2: 0.6317 (0.7458)  loss_giou_dn_2: 0.9866 (1.0057)  loss_mal_dn_pre: 1.3271 (1.3489)  loss_bbox_dn_pre: 0.7007 (0.8669)  loss_giou_dn_pre: 1.2168 (1.2360)  time: 0.2254  data: 0.1248  max mem: 266
Epoch: [80] Total time: 0:00:01 (0.2331 s / it)
Averaged stats: lr: 0.000026  loss: 31.5879 (32.5220)  loss_mal: 2.1758 (2.2310)  loss_bbox: 0.6202 (0.6355)  loss_giou: 0.8521 (0.9562)  loss_mal_aux_0: 1.6650 (1.6168)  loss_bbox_aux_0: 0.6901 (0.7373)  loss_giou_aux_0: 0.9915 (1.0639)  loss_mal_aux_1: 2.0449 (1.9907)  loss_bbox_aux_1: 0.6805 (0.6638)  loss_giou_aux_1: 0.9240 (1.0308)  loss_mal_pre: 1.6436 (1.6783)  loss_bbox_pre: 0.7866 (0.8121)  loss_giou_pre: 1.0483 (1.0900)  loss_mal_enc_0: 1.3027 (1.4311)  loss_bbox_enc_0: 1.0670 (1.0655)  loss_giou_enc_0: 1.1498 (1.1893)  loss_mal_dn_0: 1.1738 (1.2053)  loss_bbox_dn_0: 0.7058 (0.8701)  loss_giou_dn_0: 1.2137 (1.2325)  loss_mal_dn_1: 1.9082 (1.9066)  loss_bbox_dn_1: 0.6513 (0.7645)  loss_giou_dn_1: 1.0543 (1.0631)  loss_mal_dn_2: 2.1270 (2.0842)  loss_bbox_dn_2: 0.6317 (0.7458)  loss_giou_dn_2: 0.9866 (1.0057)  loss_mal_dn_pre: 1.3271 (1.3489)  loss_bbox_dn_pre: 0.7007 (0.8669)  loss_giou_dn_pre: 1.2168 (1.2360)
Test:  [0/4]  eta: 0:00:02    time: 0.6600  data: 0.6419  max mem: 266
Test:  [3/4]  eta: 0:00:00    time: 0.2133  data: 0.1612  max mem: 266
Test: Total time: 0:00:00 (0.2316 s / it)
Averaged stats: 
Accumulating evaluation results...
COCOeval_opt.accumulate() finished...
DONE (t=0.00s).
IoU metric: bbox
 Average Precision  (AP) @[ IoU=0.50:0.95 | area=   all | maxDets=100 ] = 0.029
 Average Precision  (AP) @[ IoU=0.50      | area=   all | maxDets=100 ] = 0.087
 Average Precision  (AP) @[ IoU=0.75      | area=   all | maxDets=100 ] = 0.008
 Average Precision  (AP) @[ IoU=0.50:0.95 | area= small | maxDets=100 ] = -1.000
 Average Precision  (AP) @[ IoU=0.50:0.95 | area=medium | maxDets=100 ] = -1.000
 Average Precision  (AP) @[ IoU=0.50:0.95 | area= large | maxDets=100 ] = 0.029
 Average Recall     (AR) @[ IoU=0.50:0.95 | area=   all | maxDets=  1 ] = 0.020
 Average Recall     (AR) @[ IoU=0.50:0.95 | area=   all | maxDets= 10 ] = 0.057
 Average Recall     (AR) @[ IoU=0.50:0.95 | area=   all | maxDets=100 ] = 0.620
 Average Recall     (AR) @[ IoU=0.50:0.95 | area= small | maxDets=100 ] = -1.000
 Average Recall     (AR) @[ IoU=0.50:0.95 | area=medium | maxDets=100 ] = -1.000
 Average Recall     (AR) @[ IoU=0.50:0.95 | area= large | maxDets=100 ] = 0.620
 Average Recall     (AR) @[ IoU=0.50      | area=   all | maxDets=100 ] = 1.000
 Average Recall     (AR) @[ IoU=0.75      | area=   all | maxDets=100 ] = 0.700
best_stat: {'epoch': 80, 'coco_eval_bbox': 0.029405291804921276}
Epoch: [81]  [0/8]  eta: 0:00:06  lr: 0.000026  loss: 36.2855 (36.2855)  loss_mal: 2.7441 (2.7441)  loss_bbox: 0.7391 (0.7391)  loss_giou: 0.7693 (0.7693)  loss_mal_aux_0: 2.4199 (2.4199)  loss_bbox_aux_0: 0.5784 (0.5784)  loss_giou_aux_0: 0.7080 (0.7080)  loss_mal_aux_1: 2.6582 (2.6582)  loss_bbox_aux_1: 0.7255 (0.7255)  loss_giou_aux_1: 0.7384 (0.7384)  loss_mal_pre: 2.6387 (2.6387)  loss_bbox_pre: 0.5319 (0.5319)  loss_giou_pre: 0.6688 (0.6688)  loss_mal_enc_0: 2.2637 (2.2637)  loss_bbox_enc_0: 0.6418 (0.6418)  loss_giou_enc_0: 0.7519 (0.7519)  loss_mal_dn_0: 1.2930 (1.2930)  loss_bbox_dn_0: 1.4694 (1.4694)  loss_giou_dn_0: 1.1903 (1.1903)  loss_mal_dn_1: 2.0957 (2.0957)  loss_bbox_dn_1: 1.2382 (1.2382)  loss_giou_dn_1: 0.9843 (0.9843)  loss_mal_dn_2: 2.2949 (2.2949)  loss_bbox_dn_2: 1.1615 (1.1615)  loss_giou_dn_2: 0.9257 (0.9257)  loss_mal_dn_pre: 1.4141 (1.4141)  loss_bbox_dn_pre: 1.4464 (1.4464)  loss_giou_dn_pre: 1.1944 (1.1944)  time: 0.8049  data: 0.7116  max mem: 266
Epoch: [81]  [7/8]  eta: 0:00:00  lr: 0.000027  loss: 32.4689 (33.9043)  loss_mal: 2.4805 (2.3787)  loss_bbox: 0.6699 (0.7126)  loss_giou: 0.8147 (0.8940)  loss_mal_aux_0: 1.9316 (1.8237)  loss_bbox_aux_0: 0.7174 (0.7591)  loss_giou_aux_0: 0.8709 (0.9498)  loss_mal_aux_1: 2.1875 (2.2318)  loss_bbox_aux_1: 0.6529 (0.7408)  loss_giou_aux_1: 0.9101 (0.9171)  loss_mal_pre: 2.1133 (2.0018)  loss_bbox_pre: 0.6953 (0.7529)  loss_giou_pre: 0.8610 (0.9395)  loss_mal_enc_0: 1.7422 (1.7415)  loss_bbox_enc_0: 0.9027 (0.9357)  loss_giou_enc_0: 0.9505 (1.0269)  loss_mal_dn_0: 1.1943 (1.2134)  loss_bbox_dn_0: 0.7831 (1.0764)  loss_giou_dn_0: 1.2312 (1.2286)  loss_mal_dn_1: 1.8545 (1.9034)  loss_bbox_dn_1: 0.7324 (0.9590)  loss_giou_dn_1: 1.0282 (1.0534)  loss_mal_dn_2: 2.0723 (2.1090)  loss_bbox_dn_2: 0.7039 (0.9202)  loss_giou_dn_2: 0.9801 (0.9872)  loss_mal_dn_pre: 1.3359 (1.3514)  loss_bbox_dn_pre: 0.7839 (1.0693)  loss_giou_dn_pre: 1.2340 (1.2270)  time: 0.2086  data: 0.1270  max mem: 266
Epoch: [81] Total time: 0:00:01 (0.2158 s / it)
Averaged stats: lr: 0.000027  loss: 32.4689 (33.9043)  loss_mal: 2.4805 (2.3787)  loss_bbox: 0.6699 (0.7126)  loss_giou: 0.8147 (0.8940)  loss_mal_aux_0: 1.9316 (1.8237)  loss_bbox_aux_0: 0.7174 (0.7591)  loss_giou_aux_0: 0.8709 (0.9498)  loss_mal_aux_1: 2.1875 (2.2318)  loss_bbox_aux_1: 0.6529 (0.7408)  loss_giou_aux_1: 0.9101 (0.9171)  loss_mal_pre: 2.1133 (2.0018)  loss_bbox_pre: 0.6953 (0.7529)  loss_giou_pre: 0.8610 (0.9395)  loss_mal_enc_0: 1.7422 (1.7415)  loss_bbox_enc_0: 0.9027 (0.9357)  loss_giou_enc_0: 0.9505 (1.0269)  loss_mal_dn_0: 1.1943 (1.2134)  loss_bbox_dn_0: 0.7831 (1.0764)  loss_giou_dn_0: 1.2312 (1.2286)  loss_mal_dn_1: 1.8545 (1.9034)  loss_bbox_dn_1: 0.7324 (0.9590)  loss_giou_dn_1: 1.0282 (1.0534)  loss_mal_dn_2: 2.0723 (2.1090)  loss_bbox_dn_2: 0.7039 (0.9202)  loss_giou_dn_2: 0.9801 (0.9872)  loss_mal_dn_pre: 1.3359 (1.3514)  loss_bbox_dn_pre: 0.7839 (1.0693)  loss_giou_dn_pre: 1.2340 (1.2270)
Test:  [0/4]  eta: 0:00:02    time: 0.6882  data: 0.6684  max mem: 266
Test:  [3/4]  eta: 0:00:00    time: 0.1865  data: 0.1676  max mem: 266
Test: Total time: 0:00:00 (0.2093 s / it)
Averaged stats: 
Accumulating evaluation results...
COCOeval_opt.accumulate() finished...
DONE (t=0.00s).
IoU metric: bbox
 Average Precision  (AP) @[ IoU=0.50:0.95 | area=   all | maxDets=100 ] = 0.015
 Average Precision  (AP) @[ IoU=0.50      | area=   all | maxDets=100 ] = 0.029
 Average Precision  (AP) @[ IoU=0.75      | area=   all | maxDets=100 ] = 0.018
 Average Precision  (AP) @[ IoU=0.50:0.95 | area= small | maxDets=100 ] = -1.000
 Average Precision  (AP) @[ IoU=0.50:0.95 | area=medium | maxDets=100 ] = -1.000
 Average Precision  (AP) @[ IoU=0.50:0.95 | area= large | maxDets=100 ] = 0.015
 Average Recall     (AR) @[ IoU=0.50:0.95 | area=   all | maxDets=  1 ] = 0.020
 Average Recall     (AR) @[ IoU=0.50:0.95 | area=   all | maxDets= 10 ] = 0.097
 Average Recall     (AR) @[ IoU=0.50:0.95 | area=   all | maxDets=100 ] = 0.640
 Average Recall     (AR) @[ IoU=0.50:0.95 | area= small | maxDets=100 ] = -1.000
 Average Recall     (AR) @[ IoU=0.50:0.95 | area=medium | maxDets=100 ] = -1.000
 Average Recall     (AR) @[ IoU=0.50:0.95 | area= large | maxDets=100 ] = 0.640
 Average Recall     (AR) @[ IoU=0.50      | area=   all | maxDets=100 ] = 1.000
 Average Recall     (AR) @[ IoU=0.75      | area=   all | maxDets=100 ] = 0.700
best_stat: {'epoch': 80, 'coco_eval_bbox': 0.029405291804921276}
Epoch: [82]  [0/8]  eta: 0:00:06  lr: 0.000027  loss: 30.0903 (30.0903)  loss_mal: 1.7275 (1.7275)  loss_bbox: 0.5510 (0.5510)  loss_giou: 1.0930 (1.0930)  loss_mal_aux_0: 1.1660 (1.1660)  loss_bbox_aux_0: 0.7050 (0.7050)  loss_giou_aux_0: 1.2699 (1.2699)  loss_mal_aux_1: 1.6787 (1.6787)  loss_bbox_aux_1: 0.6322 (0.6322)  loss_giou_aux_1: 1.1367 (1.1367)  loss_mal_pre: 1.2158 (1.2158)  loss_bbox_pre: 0.7214 (0.7214)  loss_giou_pre: 1.3021 (1.3021)  loss_mal_enc_0: 0.7505 (0.7505)  loss_bbox_enc_0: 1.0937 (1.0937)  loss_giou_enc_0: 1.5347 (1.5347)  loss_mal_dn_0: 1.2617 (1.2617)  loss_bbox_dn_0: 0.5923 (0.5923)  loss_giou_dn_0: 1.1865 (1.1865)  loss_mal_dn_1: 2.0508 (2.0508)  loss_bbox_dn_1: 0.5251 (0.5251)  loss_giou_dn_1: 0.9879 (0.9879)  loss_mal_dn_2: 2.2891 (2.2891)  loss_bbox_dn_2: 0.4808 (0.4808)  loss_giou_dn_2: 0.9077 (0.9077)  loss_mal_dn_pre: 1.4482 (1.4482)  loss_bbox_dn_pre: 0.5917 (0.5917)  loss_giou_dn_pre: 1.1904 (1.1904)  time: 0.8578  data: 0.7630  max mem: 266
Epoch: [82]  [7/8]  eta: 0:00:00  lr: 0.000027  loss: 32.0324 (33.5268)  loss_mal: 2.2852 (2.4082)  loss_bbox: 0.5478 (0.6598)  loss_giou: 0.8895 (0.8887)  loss_mal_aux_0: 1.9941 (1.9150)  loss_bbox_aux_0: 0.6600 (0.6755)  loss_giou_aux_0: 0.8816 (0.9300)  loss_mal_aux_1: 1.9346 (2.2642)  loss_bbox_aux_1: 0.6227 (0.6767)  loss_giou_aux_1: 0.9073 (0.9343)  loss_mal_pre: 2.1445 (2.0063)  loss_bbox_pre: 0.6767 (0.6895)  loss_giou_pre: 0.9029 (0.9535)  loss_mal_enc_0: 1.6113 (1.6177)  loss_bbox_enc_0: 0.8579 (0.9220)  loss_giou_enc_0: 1.0935 (1.0961)  loss_mal_dn_0: 1.1309 (1.1605)  loss_bbox_dn_0: 0.8034 (1.0588)  loss_giou_dn_0: 1.2212 (1.2500)  loss_mal_dn_1: 1.8848 (1.8888)  loss_bbox_dn_1: 0.7513 (0.9082)  loss_giou_dn_1: 0.9951 (1.0555)  loss_mal_dn_2: 2.0723 (2.1021)  loss_bbox_dn_2: 0.7717 (0.8608)  loss_giou_dn_2: 0.9341 (0.9849)  loss_mal_dn_pre: 1.2617 (1.3163)  loss_bbox_dn_pre: 0.8045 (1.0545)  loss_giou_dn_pre: 1.2184 (1.2488)  time: 0.2291  data: 0.1435  max mem: 266
Epoch: [82] Total time: 0:00:01 (0.2369 s / it)
Averaged stats: lr: 0.000027  loss: 32.0324 (33.5268)  loss_mal: 2.2852 (2.4082)  loss_bbox: 0.5478 (0.6598)  loss_giou: 0.8895 (0.8887)  loss_mal_aux_0: 1.9941 (1.9150)  loss_bbox_aux_0: 0.6600 (0.6755)  loss_giou_aux_0: 0.8816 (0.9300)  loss_mal_aux_1: 1.9346 (2.2642)  loss_bbox_aux_1: 0.6227 (0.6767)  loss_giou_aux_1: 0.9073 (0.9343)  loss_mal_pre: 2.1445 (2.0063)  loss_bbox_pre: 0.6767 (0.6895)  loss_giou_pre: 0.9029 (0.9535)  loss_mal_enc_0: 1.6113 (1.6177)  loss_bbox_enc_0: 0.8579 (0.9220)  loss_giou_enc_0: 1.0935 (1.0961)  loss_mal_dn_0: 1.1309 (1.1605)  loss_bbox_dn_0: 0.8034 (1.0588)  loss_giou_dn_0: 1.2212 (1.2500)  loss_mal_dn_1: 1.8848 (1.8888)  loss_bbox_dn_1: 0.7513 (0.9082)  loss_giou_dn_1: 0.9951 (1.0555)  loss_mal_dn_2: 2.0723 (2.1021)  loss_bbox_dn_2: 0.7717 (0.8608)  loss_giou_dn_2: 0.9341 (0.9849)  loss_mal_dn_pre: 1.2617 (1.3163)  loss_bbox_dn_pre: 0.8045 (1.0545)  loss_giou_dn_pre: 1.2184 (1.2488)
Test:  [0/4]  eta: 0:00:02    time: 0.6574  data: 0.6375  max mem: 266
Test:  [3/4]  eta: 0:00:00    time: 0.1759  data: 0.1601  max mem: 266
Test: Total time: 0:00:00 (0.1950 s / it)
Averaged stats: 
Accumulating evaluation results...
COCOeval_opt.accumulate() finished...
DONE (t=0.00s).
IoU metric: bbox
 Average Precision  (AP) @[ IoU=0.50:0.95 | area=   all | maxDets=100 ] = 0.014
 Average Precision  (AP) @[ IoU=0.50      | area=   all | maxDets=100 ] = 0.031
 Average Precision  (AP) @[ IoU=0.75      | area=   all | maxDets=100 ] = 0.016
 Average Precision  (AP) @[ IoU=0.50:0.95 | area= small | maxDets=100 ] = -1.000
 Average Precision  (AP) @[ IoU=0.50:0.95 | area=medium | maxDets=100 ] = -1.000
 Average Precision  (AP) @[ IoU=0.50:0.95 | area= large | maxDets=100 ] = 0.015
 Average Recall     (AR) @[ IoU=0.50:0.95 | area=   all | maxDets=  1 ] = 0.023
 Average Recall     (AR) @[ IoU=0.50:0.95 | area=   all | maxDets= 10 ] = 0.067
 Average Recall     (AR) @[ IoU=0.50:0.95 | area=   all | maxDets=100 ] = 0.583
 Average Recall     (AR) @[ IoU=0.50:0.95 | area= small | maxDets=100 ] = -1.000
 Average Recall     (AR) @[ IoU=0.50:0.95 | area=medium | maxDets=100 ] = -1.000
 Average Recall     (AR) @[ IoU=0.50:0.95 | area= large | maxDets=100 ] = 0.583
 Average Recall     (AR) @[ IoU=0.50      | area=   all | maxDets=100 ] = 0.933
 Average Recall     (AR) @[ IoU=0.75      | area=   all | maxDets=100 ] = 0.700
best_stat: {'epoch': 80, 'coco_eval_bbox': 0.029405291804921276}
Epoch: [83]  [0/8]  eta: 0:00:08  lr: 0.000028  loss: 32.3649 (32.3649)  loss_mal: 1.8115 (1.8115)  loss_bbox: 0.7630 (0.7630)  loss_giou: 1.1170 (1.1170)  loss_mal_aux_0: 1.1865 (1.1865)  loss_bbox_aux_0: 1.0419 (1.0419)  loss_giou_aux_0: 1.3555 (1.3555)  loss_mal_aux_1: 1.8389 (1.8389)  loss_bbox_aux_1: 0.7444 (0.7444)  loss_giou_aux_1: 1.1047 (1.1047)  loss_mal_pre: 1.1982 (1.1982)  loss_bbox_pre: 1.0675 (1.0675)  loss_giou_pre: 1.3817 (1.3817)  loss_mal_enc_0: 0.9932 (0.9932)  loss_bbox_enc_0: 1.3740 (1.3740)  loss_giou_enc_0: 1.4054 (1.4054)  loss_mal_dn_0: 1.1436 (1.1436)  loss_bbox_dn_0: 0.8315 (0.8315)  loss_giou_dn_0: 1.2507 (1.2507)  loss_mal_dn_1: 1.7979 (1.7979)  loss_bbox_dn_1: 0.7651 (0.7651)  loss_giou_dn_1: 1.0977 (1.0977)  loss_mal_dn_2: 1.9492 (1.9492)  loss_bbox_dn_2: 0.7247 (0.7247)  loss_giou_dn_2: 1.0395 (1.0395)  loss_mal_dn_pre: 1.2910 (1.2910)  loss_bbox_dn_pre: 0.8333 (0.8333)  loss_giou_dn_pre: 1.2573 (1.2573)  time: 1.0051  data: 0.9130  max mem: 266
Epoch: [83]  [7/8]  eta: 0:00:00  lr: 0.000028  loss: 30.9468 (32.3341)  loss_mal: 1.7607 (2.0057)  loss_bbox: 0.7630 (0.7637)  loss_giou: 1.1060 (1.0618)  loss_mal_aux_0: 1.1865 (1.4441)  loss_bbox_aux_0: 0.7308 (0.8267)  loss_giou_aux_0: 1.1658 (1.1458)  loss_mal_aux_1: 1.6816 (1.8521)  loss_bbox_aux_1: 0.7444 (0.7698)  loss_giou_aux_1: 1.1047 (1.1002)  loss_mal_pre: 1.1982 (1.6310)  loss_bbox_pre: 0.7354 (0.8396)  loss_giou_pre: 1.1408 (1.1103)  loss_mal_enc_0: 1.0674 (1.4850)  loss_bbox_enc_0: 0.9298 (0.9856)  loss_giou_enc_0: 1.2596 (1.1858)  loss_mal_dn_0: 1.1924 (1.2267)  loss_bbox_dn_0: 0.7566 (0.8219)  loss_giou_dn_0: 1.2182 (1.2090)  loss_mal_dn_1: 1.7998 (1.9233)  loss_bbox_dn_1: 0.6722 (0.7135)  loss_giou_dn_1: 1.0452 (1.0410)  loss_mal_dn_2: 2.0547 (2.1105)  loss_bbox_dn_2: 0.6345 (0.6779)  loss_giou_dn_2: 0.9559 (0.9823)  loss_mal_dn_pre: 1.3438 (1.3995)  loss_bbox_dn_pre: 0.7518 (0.8138)  loss_giou_dn_pre: 1.2117 (1.2075)  time: 0.2391  data: 0.1565  max mem: 266
Epoch: [83] Total time: 0:00:01 (0.2475 s / it)
Averaged stats: lr: 0.000028  loss: 30.9468 (32.3341)  loss_mal: 1.7607 (2.0057)  loss_bbox: 0.7630 (0.7637)  loss_giou: 1.1060 (1.0618)  loss_mal_aux_0: 1.1865 (1.4441)  loss_bbox_aux_0: 0.7308 (0.8267)  loss_giou_aux_0: 1.1658 (1.1458)  loss_mal_aux_1: 1.6816 (1.8521)  loss_bbox_aux_1: 0.7444 (0.7698)  loss_giou_aux_1: 1.1047 (1.1002)  loss_mal_pre: 1.1982 (1.6310)  loss_bbox_pre: 0.7354 (0.8396)  loss_giou_pre: 1.1408 (1.1103)  loss_mal_enc_0: 1.0674 (1.4850)  loss_bbox_enc_0: 0.9298 (0.9856)  loss_giou_enc_0: 1.2596 (1.1858)  loss_mal_dn_0: 1.1924 (1.2267)  loss_bbox_dn_0: 0.7566 (0.8219)  loss_giou_dn_0: 1.2182 (1.2090)  loss_mal_dn_1: 1.7998 (1.9233)  loss_bbox_dn_1: 0.6722 (0.7135)  loss_giou_dn_1: 1.0452 (1.0410)  loss_mal_dn_2: 2.0547 (2.1105)  loss_bbox_dn_2: 0.6345 (0.6779)  loss_giou_dn_2: 0.9559 (0.9823)  loss_mal_dn_pre: 1.3438 (1.3995)  loss_bbox_dn_pre: 0.7518 (0.8138)  loss_giou_dn_pre: 1.2117 (1.2075)
Test:  [0/4]  eta: 0:00:02    time: 0.6417  data: 0.6225  max mem: 266
Test:  [3/4]  eta: 0:00:00    time: 0.1713  data: 0.1563  max mem: 266
Test: Total time: 0:00:00 (0.1890 s / it)
Averaged stats: 
Accumulating evaluation results...
COCOeval_opt.accumulate() finished...
DONE (t=0.00s).
IoU metric: bbox
 Average Precision  (AP) @[ IoU=0.50:0.95 | area=   all | maxDets=100 ] = 0.016
 Average Precision  (AP) @[ IoU=0.50      | area=   all | maxDets=100 ] = 0.032
 Average Precision  (AP) @[ IoU=0.75      | area=   all | maxDets=100 ] = 0.016
 Average Precision  (AP) @[ IoU=0.50:0.95 | area= small | maxDets=100 ] = -1.000
 Average Precision  (AP) @[ IoU=0.50:0.95 | area=medium | maxDets=100 ] = -1.000
 Average Precision  (AP) @[ IoU=0.50:0.95 | area= large | maxDets=100 ] = 0.016
 Average Recall     (AR) @[ IoU=0.50:0.95 | area=   all | maxDets=  1 ] = 0.037
 Average Recall     (AR) @[ IoU=0.50:0.95 | area=   all | maxDets= 10 ] = 0.140
 Average Recall     (AR) @[ IoU=0.50:0.95 | area=   all | maxDets=100 ] = 0.590
 Average Recall     (AR) @[ IoU=0.50:0.95 | area= small | maxDets=100 ] = -1.000
 Average Recall     (AR) @[ IoU=0.50:0.95 | area=medium | maxDets=100 ] = -1.000
 Average Recall     (AR) @[ IoU=0.50:0.95 | area= large | maxDets=100 ] = 0.590
 Average Recall     (AR) @[ IoU=0.50      | area=   all | maxDets=100 ] = 0.967
 Average Recall     (AR) @[ IoU=0.75      | area=   all | maxDets=100 ] = 0.633
best_stat: {'epoch': 80, 'coco_eval_bbox': 0.029405291804921276}
Epoch: [84]  [0/8]  eta: 0:00:06  lr: 0.000028  loss: 33.1495 (33.1495)  loss_mal: 2.9355 (2.9355)  loss_bbox: 0.4981 (0.4981)  loss_giou: 0.6789 (0.6789)  loss_mal_aux_0: 1.9990 (1.9990)  loss_bbox_aux_0: 0.5335 (0.5335)  loss_giou_aux_0: 0.8273 (0.8273)  loss_mal_aux_1: 2.8496 (2.8496)  loss_bbox_aux_1: 0.4527 (0.4527)  loss_giou_aux_1: 0.6736 (0.6736)  loss_mal_pre: 2.1660 (2.1660)  loss_bbox_pre: 0.5468 (0.5468)  loss_giou_pre: 0.8431 (0.8431)  loss_mal_enc_0: 1.9375 (1.9375)  loss_bbox_enc_0: 0.7057 (0.7057)  loss_giou_enc_0: 0.9760 (0.9760)  loss_mal_dn_0: 1.2793 (1.2793)  loss_bbox_dn_0: 0.8725 (0.8725)  loss_giou_dn_0: 1.1774 (1.1774)  loss_mal_dn_1: 2.1855 (2.1855)  loss_bbox_dn_1: 0.6751 (0.6751)  loss_giou_dn_1: 0.9321 (0.9321)  loss_mal_dn_2: 2.4199 (2.4199)  loss_bbox_dn_2: 0.6353 (0.6353)  loss_giou_dn_2: 0.8552 (0.8552)  loss_mal_dn_pre: 1.4326 (1.4326)  loss_bbox_dn_pre: 0.8726 (0.8726)  loss_giou_dn_pre: 1.1887 (1.1887)  time: 0.7833  data: 0.7007  max mem: 266
Epoch: [84]  [7/8]  eta: 0:00:00  lr: 0.000029  loss: 33.7832 (33.5956)  loss_mal: 2.9355 (2.6565)  loss_bbox: 0.5037 (0.6021)  loss_giou: 0.6419 (0.7865)  loss_mal_aux_0: 1.9990 (1.9810)  loss_bbox_aux_0: 0.5804 (0.6768)  loss_giou_aux_0: 0.6774 (0.8764)  loss_mal_aux_1: 2.8438 (2.4699)  loss_bbox_aux_1: 0.5841 (0.5997)  loss_giou_aux_1: 0.6736 (0.8155)  loss_mal_pre: 2.1660 (2.1566)  loss_bbox_pre: 0.6246 (0.6731)  loss_giou_pre: 0.6692 (0.8750)  loss_mal_enc_0: 1.9375 (1.8089)  loss_bbox_enc_0: 0.7057 (0.8250)  loss_giou_enc_0: 0.8856 (1.0115)  loss_mal_dn_0: 1.1826 (1.1833)  loss_bbox_dn_0: 0.9966 (1.0362)  loss_giou_dn_0: 1.1953 (1.2286)  loss_mal_dn_1: 1.9883 (1.9430)  loss_bbox_dn_1: 0.7866 (0.8498)  loss_giou_dn_1: 0.9731 (1.0218)  loss_mal_dn_2: 2.2031 (2.1394)  loss_bbox_dn_2: 0.7343 (0.8082)  loss_giou_dn_2: 0.8859 (0.9691)  loss_mal_dn_pre: 1.3467 (1.3461)  loss_bbox_dn_pre: 0.9896 (1.0269)  loss_giou_dn_pre: 1.1941 (1.2285)  time: 0.2457  data: 0.1500  max mem: 266
Epoch: [84] Total time: 0:00:02 (0.2531 s / it)
Averaged stats: lr: 0.000029  loss: 33.7832 (33.5956)  loss_mal: 2.9355 (2.6565)  loss_bbox: 0.5037 (0.6021)  loss_giou: 0.6419 (0.7865)  loss_mal_aux_0: 1.9990 (1.9810)  loss_bbox_aux_0: 0.5804 (0.6768)  loss_giou_aux_0: 0.6774 (0.8764)  loss_mal_aux_1: 2.8438 (2.4699)  loss_bbox_aux_1: 0.5841 (0.5997)  loss_giou_aux_1: 0.6736 (0.8155)  loss_mal_pre: 2.1660 (2.1566)  loss_bbox_pre: 0.6246 (0.6731)  loss_giou_pre: 0.6692 (0.8750)  loss_mal_enc_0: 1.9375 (1.8089)  loss_bbox_enc_0: 0.7057 (0.8250)  loss_giou_enc_0: 0.8856 (1.0115)  loss_mal_dn_0: 1.1826 (1.1833)  loss_bbox_dn_0: 0.9966 (1.0362)  loss_giou_dn_0: 1.1953 (1.2286)  loss_mal_dn_1: 1.9883 (1.9430)  loss_bbox_dn_1: 0.7866 (0.8498)  loss_giou_dn_1: 0.9731 (1.0218)  loss_mal_dn_2: 2.2031 (2.1394)  loss_bbox_dn_2: 0.7343 (0.8082)  loss_giou_dn_2: 0.8859 (0.9691)  loss_mal_dn_pre: 1.3467 (1.3461)  loss_bbox_dn_pre: 0.9896 (1.0269)  loss_giou_dn_pre: 1.1941 (1.2285)
Test:  [0/4]  eta: 0:00:02    time: 0.6707  data: 0.6475  max mem: 266
Test:  [3/4]  eta: 0:00:00    time: 0.1883  data: 0.1625  max mem: 266
Test: Total time: 0:00:00 (0.2089 s / it)
Averaged stats: 
Accumulating evaluation results...
COCOeval_opt.accumulate() finished...
DONE (t=0.00s).
IoU metric: bbox
 Average Precision  (AP) @[ IoU=0.50:0.95 | area=   all | maxDets=100 ] = 0.030
 Average Precision  (AP) @[ IoU=0.50      | area=   all | maxDets=100 ] = 0.055
 Average Precision  (AP) @[ IoU=0.75      | area=   all | maxDets=100 ] = 0.043
 Average Precision  (AP) @[ IoU=0.50:0.95 | area= small | maxDets=100 ] = -1.000
 Average Precision  (AP) @[ IoU=0.50:0.95 | area=medium | maxDets=100 ] = -1.000
 Average Precision  (AP) @[ IoU=0.50:0.95 | area= large | maxDets=100 ] = 0.030
 Average Recall     (AR) @[ IoU=0.50:0.95 | area=   all | maxDets=  1 ] = 0.030
 Average Recall     (AR) @[ IoU=0.50:0.95 | area=   all | maxDets= 10 ] = 0.083
 Average Recall     (AR) @[ IoU=0.50:0.95 | area=   all | maxDets=100 ] = 0.627
 Average Recall     (AR) @[ IoU=0.50:0.95 | area= small | maxDets=100 ] = -1.000
 Average Recall     (AR) @[ IoU=0.50:0.95 | area=medium | maxDets=100 ] = -1.000
 Average Recall     (AR) @[ IoU=0.50:0.95 | area= large | maxDets=100 ] = 0.627
 Average Recall     (AR) @[ IoU=0.50      | area=   all | maxDets=100 ] = 1.000
 Average Recall     (AR) @[ IoU=0.75      | area=   all | maxDets=100 ] = 0.700
best_stat: {'epoch': 84, 'coco_eval_bbox': 0.030074352761121952}
Epoch: [85]  [0/8]  eta: 0:00:06  lr: 0.000029  loss: 34.1759 (34.1759)  loss_mal: 2.4434 (2.4434)  loss_bbox: 0.6055 (0.6055)  loss_giou: 0.8420 (0.8420)  loss_mal_aux_0: 2.2402 (2.2402)  loss_bbox_aux_0: 0.6130 (0.6130)  loss_giou_aux_0: 0.7444 (0.7444)  loss_mal_aux_1: 2.2129 (2.2129)  loss_bbox_aux_1: 0.7655 (0.7655)  loss_giou_aux_1: 0.8971 (0.8971)  loss_mal_pre: 2.4160 (2.4160)  loss_bbox_pre: 0.5751 (0.5751)  loss_giou_pre: 0.7821 (0.7821)  loss_mal_enc_0: 1.5420 (1.5420)  loss_bbox_enc_0: 0.9920 (0.9920)  loss_giou_enc_0: 1.1846 (1.1846)  loss_mal_dn_0: 1.2188 (1.2188)  loss_bbox_dn_0: 1.1769 (1.1769)  loss_giou_dn_0: 1.1814 (1.1814)  loss_mal_dn_1: 2.0176 (2.0176)  loss_bbox_dn_1: 0.9663 (0.9663)  loss_giou_dn_1: 0.9765 (0.9765)  loss_mal_dn_2: 2.1777 (2.1777)  loss_bbox_dn_2: 0.9095 (0.9095)  loss_giou_dn_2: 0.9360 (0.9360)  loss_mal_dn_pre: 1.4121 (1.4121)  loss_bbox_dn_pre: 1.1665 (1.1665)  loss_giou_dn_pre: 1.1809 (1.1809)  time: 0.8594  data: 0.7584  max mem: 266
Epoch: [85]  [7/8]  eta: 0:00:00  lr: 0.000029  loss: 33.0077 (32.9394)  loss_mal: 2.2383 (2.3342)  loss_bbox: 0.6619 (0.6541)  loss_giou: 0.8954 (0.8895)  loss_mal_aux_0: 1.5312 (1.7147)  loss_bbox_aux_0: 0.7925 (0.7570)  loss_giou_aux_0: 0.9757 (0.9874)  loss_mal_aux_1: 2.0430 (2.1782)  loss_bbox_aux_1: 0.7467 (0.7140)  loss_giou_aux_1: 0.9102 (0.9372)  loss_mal_pre: 1.8154 (1.9130)  loss_bbox_pre: 0.7920 (0.7512)  loss_giou_pre: 0.9910 (0.9760)  loss_mal_enc_0: 1.4561 (1.4271)  loss_bbox_enc_0: 0.9920 (0.9952)  loss_giou_enc_0: 1.1515 (1.1873)  loss_mal_dn_0: 1.1885 (1.2024)  loss_bbox_dn_0: 0.9348 (0.9507)  loss_giou_dn_0: 1.2040 (1.2087)  loss_mal_dn_1: 1.9854 (1.9830)  loss_bbox_dn_1: 0.8185 (0.7817)  loss_giou_dn_1: 0.9765 (0.9947)  loss_mal_dn_2: 2.1543 (2.1802)  loss_bbox_dn_2: 0.7959 (0.7450)  loss_giou_dn_2: 0.9360 (0.9384)  loss_mal_dn_pre: 1.3525 (1.3824)  loss_bbox_dn_pre: 0.9367 (0.9460)  loss_giou_dn_pre: 1.2075 (1.2100)  time: 0.2102  data: 0.1048  max mem: 266
Epoch: [85] Total time: 0:00:01 (0.2185 s / it)
Averaged stats: lr: 0.000029  loss: 33.0077 (32.9394)  loss_mal: 2.2383 (2.3342)  loss_bbox: 0.6619 (0.6541)  loss_giou: 0.8954 (0.8895)  loss_mal_aux_0: 1.5312 (1.7147)  loss_bbox_aux_0: 0.7925 (0.7570)  loss_giou_aux_0: 0.9757 (0.9874)  loss_mal_aux_1: 2.0430 (2.1782)  loss_bbox_aux_1: 0.7467 (0.7140)  loss_giou_aux_1: 0.9102 (0.9372)  loss_mal_pre: 1.8154 (1.9130)  loss_bbox_pre: 0.7920 (0.7512)  loss_giou_pre: 0.9910 (0.9760)  loss_mal_enc_0: 1.4561 (1.4271)  loss_bbox_enc_0: 0.9920 (0.9952)  loss_giou_enc_0: 1.1515 (1.1873)  loss_mal_dn_0: 1.1885 (1.2024)  loss_bbox_dn_0: 0.9348 (0.9507)  loss_giou_dn_0: 1.2040 (1.2087)  loss_mal_dn_1: 1.9854 (1.9830)  loss_bbox_dn_1: 0.8185 (0.7817)  loss_giou_dn_1: 0.9765 (0.9947)  loss_mal_dn_2: 2.1543 (2.1802)  loss_bbox_dn_2: 0.7959 (0.7450)  loss_giou_dn_2: 0.9360 (0.9384)  loss_mal_dn_pre: 1.3525 (1.3824)  loss_bbox_dn_pre: 0.9367 (0.9460)  loss_giou_dn_pre: 1.2075 (1.2100)
Test:  [0/4]  eta: 0:00:02    time: 0.6304  data: 0.6107  max mem: 266
Test:  [3/4]  eta: 0:00:00    time: 0.2058  data: 0.1533  max mem: 266
Test: Total time: 0:00:00 (0.2242 s / it)
Averaged stats: 
Accumulating evaluation results...
COCOeval_opt.accumulate() finished...
DONE (t=0.00s).
IoU metric: bbox
 Average Precision  (AP) @[ IoU=0.50:0.95 | area=   all | maxDets=100 ] = 0.021
 Average Precision  (AP) @[ IoU=0.50      | area=   all | maxDets=100 ] = 0.040
 Average Precision  (AP) @[ IoU=0.75      | area=   all | maxDets=100 ] = 0.017
 Average Precision  (AP) @[ IoU=0.50:0.95 | area= small | maxDets=100 ] = -1.000
 Average Precision  (AP) @[ IoU=0.50:0.95 | area=medium | maxDets=100 ] = -1.000
 Average Precision  (AP) @[ IoU=0.50:0.95 | area= large | maxDets=100 ] = 0.021
 Average Recall     (AR) @[ IoU=0.50:0.95 | area=   all | maxDets=  1 ] = 0.040
 Average Recall     (AR) @[ IoU=0.50:0.95 | area=   all | maxDets= 10 ] = 0.200
 Average Recall     (AR) @[ IoU=0.50:0.95 | area=   all | maxDets=100 ] = 0.637
 Average Recall     (AR) @[ IoU=0.50:0.95 | area= small | maxDets=100 ] = -1.000
 Average Recall     (AR) @[ IoU=0.50:0.95 | area=medium | maxDets=100 ] = -1.000
 Average Recall     (AR) @[ IoU=0.50:0.95 | area= large | maxDets=100 ] = 0.637
 Average Recall     (AR) @[ IoU=0.50      | area=   all | maxDets=100 ] = 1.000
 Average Recall     (AR) @[ IoU=0.75      | area=   all | maxDets=100 ] = 0.767
best_stat: {'epoch': 84, 'coco_eval_bbox': 0.030074352761121952}
Epoch: [86]  [0/8]  eta: 0:00:07  lr: 0.000030  loss: 29.9787 (29.9787)  loss_mal: 1.6855 (1.6855)  loss_bbox: 0.6174 (0.6174)  loss_giou: 1.2059 (1.2059)  loss_mal_aux_0: 0.9365 (0.9365)  loss_bbox_aux_0: 0.8222 (0.8222)  loss_giou_aux_0: 1.3579 (1.3579)  loss_mal_aux_1: 1.4453 (1.4453)  loss_bbox_aux_1: 0.7523 (0.7523)  loss_giou_aux_1: 1.2958 (1.2958)  loss_mal_pre: 1.0283 (1.0283)  loss_bbox_pre: 0.8055 (0.8055)  loss_giou_pre: 1.4093 (1.4093)  loss_mal_enc_0: 0.7080 (0.7080)  loss_bbox_enc_0: 1.1910 (1.1910)  loss_giou_enc_0: 1.5665 (1.5665)  loss_mal_dn_0: 1.1113 (1.1113)  loss_bbox_dn_0: 0.6271 (0.6271)  loss_giou_dn_0: 1.2931 (1.2931)  loss_mal_dn_1: 1.6797 (1.6797)  loss_bbox_dn_1: 0.5968 (0.5968)  loss_giou_dn_1: 1.1709 (1.1709)  loss_mal_dn_2: 1.6699 (1.6699)  loss_bbox_dn_2: 0.6195 (0.6195)  loss_giou_dn_2: 1.1783 (1.1783)  loss_mal_dn_pre: 1.2861 (1.2861)  loss_bbox_dn_pre: 0.6235 (0.6235)  loss_giou_dn_pre: 1.2948 (1.2948)  time: 0.9380  data: 0.8373  max mem: 266
Epoch: [86]  [7/8]  eta: 0:00:00  lr: 0.000030  loss: 30.8802 (32.1459)  loss_mal: 1.8555 (2.1409)  loss_bbox: 0.6174 (0.6503)  loss_giou: 1.0248 (1.0024)  loss_mal_aux_0: 1.1943 (1.4109)  loss_bbox_aux_0: 0.8047 (0.8050)  loss_giou_aux_0: 1.1790 (1.1214)  loss_mal_aux_1: 1.6445 (1.8898)  loss_bbox_aux_1: 0.7169 (0.6984)  loss_giou_aux_1: 1.1439 (1.0973)  loss_mal_pre: 1.3467 (1.6029)  loss_bbox_pre: 0.8055 (0.7994)  loss_giou_pre: 1.1596 (1.1145)  loss_mal_enc_0: 1.0020 (1.2071)  loss_bbox_enc_0: 1.0106 (1.0637)  loss_giou_enc_0: 1.2348 (1.2758)  loss_mal_dn_0: 1.1182 (1.1346)  loss_bbox_dn_0: 0.8477 (0.9291)  loss_giou_dn_0: 1.2499 (1.2430)  loss_mal_dn_1: 1.8184 (1.8422)  loss_bbox_dn_1: 0.6943 (0.7825)  loss_giou_dn_1: 1.0615 (1.0634)  loss_mal_dn_2: 2.0078 (2.0100)  loss_bbox_dn_2: 0.6577 (0.7562)  loss_giou_dn_2: 1.0020 (1.0182)  loss_mal_dn_pre: 1.2949 (1.3241)  loss_bbox_dn_pre: 0.8359 (0.9194)  loss_giou_dn_pre: 1.2534 (1.2435)  time: 0.2308  data: 0.1382  max mem: 266
Epoch: [86] Total time: 0:00:01 (0.2378 s / it)
Averaged stats: lr: 0.000030  loss: 30.8802 (32.1459)  loss_mal: 1.8555 (2.1409)  loss_bbox: 0.6174 (0.6503)  loss_giou: 1.0248 (1.0024)  loss_mal_aux_0: 1.1943 (1.4109)  loss_bbox_aux_0: 0.8047 (0.8050)  loss_giou_aux_0: 1.1790 (1.1214)  loss_mal_aux_1: 1.6445 (1.8898)  loss_bbox_aux_1: 0.7169 (0.6984)  loss_giou_aux_1: 1.1439 (1.0973)  loss_mal_pre: 1.3467 (1.6029)  loss_bbox_pre: 0.8055 (0.7994)  loss_giou_pre: 1.1596 (1.1145)  loss_mal_enc_0: 1.0020 (1.2071)  loss_bbox_enc_0: 1.0106 (1.0637)  loss_giou_enc_0: 1.2348 (1.2758)  loss_mal_dn_0: 1.1182 (1.1346)  loss_bbox_dn_0: 0.8477 (0.9291)  loss_giou_dn_0: 1.2499 (1.2430)  loss_mal_dn_1: 1.8184 (1.8422)  loss_bbox_dn_1: 0.6943 (0.7825)  loss_giou_dn_1: 1.0615 (1.0634)  loss_mal_dn_2: 2.0078 (2.0100)  loss_bbox_dn_2: 0.6577 (0.7562)  loss_giou_dn_2: 1.0020 (1.0182)  loss_mal_dn_pre: 1.2949 (1.3241)  loss_bbox_dn_pre: 0.8359 (0.9194)  loss_giou_dn_pre: 1.2534 (1.2435)
Test:  [0/4]  eta: 0:00:02    time: 0.6579  data: 0.6210  max mem: 266
Test:  [3/4]  eta: 0:00:00    time: 0.1752  data: 0.1558  max mem: 266
Test: Total time: 0:00:00 (0.1922 s / it)
Averaged stats: 
Accumulating evaluation results...
COCOeval_opt.accumulate() finished...
DONE (t=0.00s).
IoU metric: bbox
 Average Precision  (AP) @[ IoU=0.50:0.95 | area=   all | maxDets=100 ] = 0.028
 Average Precision  (AP) @[ IoU=0.50      | area=   all | maxDets=100 ] = 0.058
 Average Precision  (AP) @[ IoU=0.75      | area=   all | maxDets=100 ] = 0.008
 Average Precision  (AP) @[ IoU=0.50:0.95 | area= small | maxDets=100 ] = -1.000
 Average Precision  (AP) @[ IoU=0.50:0.95 | area=medium | maxDets=100 ] = -1.000
 Average Precision  (AP) @[ IoU=0.50:0.95 | area= large | maxDets=100 ] = 0.028
 Average Recall     (AR) @[ IoU=0.50:0.95 | area=   all | maxDets=  1 ] = 0.030
 Average Recall     (AR) @[ IoU=0.50:0.95 | area=   all | maxDets= 10 ] = 0.137
 Average Recall     (AR) @[ IoU=0.50:0.95 | area=   all | maxDets=100 ] = 0.620
 Average Recall     (AR) @[ IoU=0.50:0.95 | area= small | maxDets=100 ] = -1.000
 Average Recall     (AR) @[ IoU=0.50:0.95 | area=medium | maxDets=100 ] = -1.000
 Average Recall     (AR) @[ IoU=0.50:0.95 | area= large | maxDets=100 ] = 0.620
 Average Recall     (AR) @[ IoU=0.50      | area=   all | maxDets=100 ] = 1.000
 Average Recall     (AR) @[ IoU=0.75      | area=   all | maxDets=100 ] = 0.700
best_stat: {'epoch': 84, 'coco_eval_bbox': 0.030074352761121952}
Epoch: [87]  [0/8]  eta: 0:00:08  lr: 0.000030  loss: 31.7144 (31.7144)  loss_mal: 2.2422 (2.2422)  loss_bbox: 0.6470 (0.6470)  loss_giou: 0.9540 (0.9540)  loss_mal_aux_0: 1.6562 (1.6562)  loss_bbox_aux_0: 0.6390 (0.6390)  loss_giou_aux_0: 1.0410 (1.0410)  loss_mal_aux_1: 2.0645 (2.0645)  loss_bbox_aux_1: 0.6559 (0.6559)  loss_giou_aux_1: 0.9899 (0.9899)  loss_mal_pre: 1.7090 (1.7090)  loss_bbox_pre: 0.6404 (0.6404)  loss_giou_pre: 1.0994 (1.0994)  loss_mal_enc_0: 1.5059 (1.5059)  loss_bbox_enc_0: 0.7934 (0.7934)  loss_giou_enc_0: 1.1895 (1.1895)  loss_mal_dn_0: 1.1348 (1.1348)  loss_bbox_dn_0: 0.7895 (0.7895)  loss_giou_dn_0: 1.2493 (1.2493)  loss_mal_dn_1: 1.8916 (1.8916)  loss_bbox_dn_1: 0.6925 (0.6925)  loss_giou_dn_1: 1.0414 (1.0414)  loss_mal_dn_2: 2.1035 (2.1035)  loss_bbox_dn_2: 0.6462 (0.6462)  loss_giou_dn_2: 0.9754 (0.9754)  loss_mal_dn_pre: 1.3281 (1.3281)  loss_bbox_dn_pre: 0.7868 (0.7868)  loss_giou_dn_pre: 1.2483 (1.2483)  time: 1.0610  data: 0.9327  max mem: 266
Epoch: [87]  [7/8]  eta: 0:00:00  lr: 0.000031  loss: 33.9085 (34.4019)  loss_mal: 2.6738 (2.5958)  loss_bbox: 0.5937 (0.6499)  loss_giou: 0.7449 (0.8404)  loss_mal_aux_0: 2.0273 (1.9691)  loss_bbox_aux_0: 0.5498 (0.7337)  loss_giou_aux_0: 0.8270 (0.8747)  loss_mal_aux_1: 2.5488 (2.4172)  loss_bbox_aux_1: 0.6220 (0.7135)  loss_giou_aux_1: 0.7516 (0.8642)  loss_mal_pre: 2.0957 (2.1512)  loss_bbox_pre: 0.5420 (0.7249)  loss_giou_pre: 0.8860 (0.8941)  loss_mal_enc_0: 1.9121 (1.9313)  loss_bbox_enc_0: 0.6449 (0.7772)  loss_giou_enc_0: 0.9523 (0.9509)  loss_mal_dn_0: 1.1133 (1.1401)  loss_bbox_dn_0: 1.0861 (1.2085)  loss_giou_dn_0: 1.2481 (1.2471)  loss_mal_dn_1: 1.8896 (1.9165)  loss_bbox_dn_1: 0.9317 (0.9896)  loss_giou_dn_1: 0.9897 (1.0147)  loss_mal_dn_2: 2.1035 (2.1479)  loss_bbox_dn_2: 0.9088 (0.9400)  loss_giou_dn_2: 0.9205 (0.9439)  loss_mal_dn_pre: 1.3008 (1.3199)  loss_bbox_dn_pre: 1.0906 (1.2016)  loss_giou_dn_pre: 1.2460 (1.2438)  time: 0.2423  data: 0.1548  max mem: 266
Epoch: [87] Total time: 0:00:01 (0.2498 s / it)
Averaged stats: lr: 0.000031  loss: 33.9085 (34.4019)  loss_mal: 2.6738 (2.5958)  loss_bbox: 0.5937 (0.6499)  loss_giou: 0.7449 (0.8404)  loss_mal_aux_0: 2.0273 (1.9691)  loss_bbox_aux_0: 0.5498 (0.7337)  loss_giou_aux_0: 0.8270 (0.8747)  loss_mal_aux_1: 2.5488 (2.4172)  loss_bbox_aux_1: 0.6220 (0.7135)  loss_giou_aux_1: 0.7516 (0.8642)  loss_mal_pre: 2.0957 (2.1512)  loss_bbox_pre: 0.5420 (0.7249)  loss_giou_pre: 0.8860 (0.8941)  loss_mal_enc_0: 1.9121 (1.9313)  loss_bbox_enc_0: 0.6449 (0.7772)  loss_giou_enc_0: 0.9523 (0.9509)  loss_mal_dn_0: 1.1133 (1.1401)  loss_bbox_dn_0: 1.0861 (1.2085)  loss_giou_dn_0: 1.2481 (1.2471)  loss_mal_dn_1: 1.8896 (1.9165)  loss_bbox_dn_1: 0.9317 (0.9896)  loss_giou_dn_1: 0.9897 (1.0147)  loss_mal_dn_2: 2.1035 (2.1479)  loss_bbox_dn_2: 0.9088 (0.9400)  loss_giou_dn_2: 0.9205 (0.9439)  loss_mal_dn_pre: 1.3008 (1.3199)  loss_bbox_dn_pre: 1.0906 (1.2016)  loss_giou_dn_pre: 1.2460 (1.2438)
Test:  [0/4]  eta: 0:00:02    time: 0.6873  data: 0.6658  max mem: 266
Test:  [3/4]  eta: 0:00:00    time: 0.1842  data: 0.1671  max mem: 266
Test: Total time: 0:00:00 (0.2040 s / it)
Averaged stats: 
Accumulating evaluation results...
COCOeval_opt.accumulate() finished...
DONE (t=0.00s).
IoU metric: bbox
 Average Precision  (AP) @[ IoU=0.50:0.95 | area=   all | maxDets=100 ] = 0.020
 Average Precision  (AP) @[ IoU=0.50      | area=   all | maxDets=100 ] = 0.039
 Average Precision  (AP) @[ IoU=0.75      | area=   all | maxDets=100 ] = 0.019
 Average Precision  (AP) @[ IoU=0.50:0.95 | area= small | maxDets=100 ] = -1.000
 Average Precision  (AP) @[ IoU=0.50:0.95 | area=medium | maxDets=100 ] = -1.000
 Average Precision  (AP) @[ IoU=0.50:0.95 | area= large | maxDets=100 ] = 0.020
 Average Recall     (AR) @[ IoU=0.50:0.95 | area=   all | maxDets=  1 ] = 0.047
 Average Recall     (AR) @[ IoU=0.50:0.95 | area=   all | maxDets= 10 ] = 0.233
 Average Recall     (AR) @[ IoU=0.50:0.95 | area=   all | maxDets=100 ] = 0.653
 Average Recall     (AR) @[ IoU=0.50:0.95 | area= small | maxDets=100 ] = -1.000
 Average Recall     (AR) @[ IoU=0.50:0.95 | area=medium | maxDets=100 ] = -1.000
 Average Recall     (AR) @[ IoU=0.50:0.95 | area= large | maxDets=100 ] = 0.653
 Average Recall     (AR) @[ IoU=0.50      | area=   all | maxDets=100 ] = 1.000
 Average Recall     (AR) @[ IoU=0.75      | area=   all | maxDets=100 ] = 0.733
best_stat: {'epoch': 84, 'coco_eval_bbox': 0.030074352761121952}
Epoch: [88]  [0/8]  eta: 0:00:08  lr: 0.000031  loss: 32.0652 (32.0652)  loss_mal: 2.0820 (2.0820)  loss_bbox: 0.5571 (0.5571)  loss_giou: 1.0416 (1.0416)  loss_mal_aux_0: 1.7461 (1.7461)  loss_bbox_aux_0: 0.7502 (0.7502)  loss_giou_aux_0: 0.9441 (0.9441)  loss_mal_aux_1: 2.1035 (2.1035)  loss_bbox_aux_1: 0.6223 (0.6223)  loss_giou_aux_1: 1.0071 (1.0071)  loss_mal_pre: 2.0195 (2.0195)  loss_bbox_pre: 0.6522 (0.6522)  loss_giou_pre: 0.9407 (0.9407)  loss_mal_enc_0: 1.5713 (1.5713)  loss_bbox_enc_0: 0.8147 (0.8147)  loss_giou_enc_0: 1.2209 (1.2209)  loss_mal_dn_0: 1.1025 (1.1025)  loss_bbox_dn_0: 0.8689 (0.8689)  loss_giou_dn_0: 1.2597 (1.2597)  loss_mal_dn_1: 1.8633 (1.8633)  loss_bbox_dn_1: 0.6995 (0.6995)  loss_giou_dn_1: 1.0452 (1.0452)  loss_mal_dn_2: 2.1152 (2.1152)  loss_bbox_dn_2: 0.6367 (0.6367)  loss_giou_dn_2: 0.9760 (0.9760)  loss_mal_dn_pre: 1.2998 (1.2998)  loss_bbox_dn_pre: 0.8640 (0.8640)  loss_giou_dn_pre: 1.2610 (1.2610)  time: 1.0310  data: 0.9457  max mem: 266
Epoch: [88]  [7/8]  eta: 0:00:00  lr: 0.000032  loss: 33.3185 (33.7675)  loss_mal: 2.6504 (2.6216)  loss_bbox: 0.5571 (0.5846)  loss_giou: 0.7057 (0.7766)  loss_mal_aux_0: 1.7520 (1.9288)  loss_bbox_aux_0: 0.7502 (0.7077)  loss_giou_aux_0: 0.8043 (0.8632)  loss_mal_aux_1: 2.4629 (2.4005)  loss_bbox_aux_1: 0.6223 (0.6206)  loss_giou_aux_1: 0.7329 (0.8232)  loss_mal_pre: 2.0195 (2.1323)  loss_bbox_pre: 0.6522 (0.7012)  loss_giou_pre: 0.8213 (0.8667)  loss_mal_enc_0: 1.5713 (1.7981)  loss_bbox_enc_0: 0.8082 (0.8578)  loss_giou_enc_0: 0.9516 (1.0175)  loss_mal_dn_0: 1.1846 (1.1509)  loss_bbox_dn_0: 1.0346 (1.1249)  loss_giou_dn_0: 1.2044 (1.2268)  loss_mal_dn_1: 1.9453 (1.9299)  loss_bbox_dn_1: 0.8816 (0.9436)  loss_giou_dn_1: 0.9721 (1.0060)  loss_mal_dn_2: 2.1465 (2.1334)  loss_bbox_dn_2: 0.8332 (0.9104)  loss_giou_dn_2: 0.9067 (0.9478)  loss_mal_dn_pre: 1.3809 (1.3518)  loss_bbox_dn_pre: 1.0267 (1.1166)  loss_giou_dn_pre: 1.2039 (1.2250)  time: 0.2160  data: 0.1314  max mem: 266
Epoch: [88] Total time: 0:00:01 (0.2225 s / it)
Averaged stats: lr: 0.000032  loss: 33.3185 (33.7675)  loss_mal: 2.6504 (2.6216)  loss_bbox: 0.5571 (0.5846)  loss_giou: 0.7057 (0.7766)  loss_mal_aux_0: 1.7520 (1.9288)  loss_bbox_aux_0: 0.7502 (0.7077)  loss_giou_aux_0: 0.8043 (0.8632)  loss_mal_aux_1: 2.4629 (2.4005)  loss_bbox_aux_1: 0.6223 (0.6206)  loss_giou_aux_1: 0.7329 (0.8232)  loss_mal_pre: 2.0195 (2.1323)  loss_bbox_pre: 0.6522 (0.7012)  loss_giou_pre: 0.8213 (0.8667)  loss_mal_enc_0: 1.5713 (1.7981)  loss_bbox_enc_0: 0.8082 (0.8578)  loss_giou_enc_0: 0.9516 (1.0175)  loss_mal_dn_0: 1.1846 (1.1509)  loss_bbox_dn_0: 1.0346 (1.1249)  loss_giou_dn_0: 1.2044 (1.2268)  loss_mal_dn_1: 1.9453 (1.9299)  loss_bbox_dn_1: 0.8816 (0.9436)  loss_giou_dn_1: 0.9721 (1.0060)  loss_mal_dn_2: 2.1465 (2.1334)  loss_bbox_dn_2: 0.8332 (0.9104)  loss_giou_dn_2: 0.9067 (0.9478)  loss_mal_dn_pre: 1.3809 (1.3518)  loss_bbox_dn_pre: 1.0267 (1.1166)  loss_giou_dn_pre: 1.2039 (1.2250)
Test:  [0/4]  eta: 0:00:02    time: 0.7098  data: 0.6878  max mem: 266
Test:  [3/4]  eta: 0:00:00    time: 0.2003  data: 0.1726  max mem: 266
Test: Total time: 0:00:00 (0.2174 s / it)
Averaged stats: 
Accumulating evaluation results...
COCOeval_opt.accumulate() finished...
DONE (t=0.00s).
IoU metric: bbox
 Average Precision  (AP) @[ IoU=0.50:0.95 | area=   all | maxDets=100 ] = 0.024
 Average Precision  (AP) @[ IoU=0.50      | area=   all | maxDets=100 ] = 0.052
 Average Precision  (AP) @[ IoU=0.75      | area=   all | maxDets=100 ] = 0.021
 Average Precision  (AP) @[ IoU=0.50:0.95 | area= small | maxDets=100 ] = -1.000
 Average Precision  (AP) @[ IoU=0.50:0.95 | area=medium | maxDets=100 ] = -1.000
 Average Precision  (AP) @[ IoU=0.50:0.95 | area= large | maxDets=100 ] = 0.024
 Average Recall     (AR) @[ IoU=0.50:0.95 | area=   all | maxDets=  1 ] = 0.010
 Average Recall     (AR) @[ IoU=0.50:0.95 | area=   all | maxDets= 10 ] = 0.197
 Average Recall     (AR) @[ IoU=0.50:0.95 | area=   all | maxDets=100 ] = 0.657
 Average Recall     (AR) @[ IoU=0.50:0.95 | area= small | maxDets=100 ] = -1.000
 Average Recall     (AR) @[ IoU=0.50:0.95 | area=medium | maxDets=100 ] = -1.000
 Average Recall     (AR) @[ IoU=0.50:0.95 | area= large | maxDets=100 ] = 0.657
 Average Recall     (AR) @[ IoU=0.50      | area=   all | maxDets=100 ] = 1.000
 Average Recall     (AR) @[ IoU=0.75      | area=   all | maxDets=100 ] = 0.767
best_stat: {'epoch': 84, 'coco_eval_bbox': 0.030074352761121952}
Epoch: [89]  [0/8]  eta: 0:00:07  lr: 0.000032  loss: 32.2267 (32.2267)  loss_mal: 0.8545 (0.8545)  loss_bbox: 1.2394 (1.2394)  loss_giou: 1.6413 (1.6413)  loss_mal_aux_0: 0.7114 (0.7114)  loss_bbox_aux_0: 1.2346 (1.2346)  loss_giou_aux_0: 1.6134 (1.6134)  loss_mal_aux_1: 0.8701 (0.8701)  loss_bbox_aux_1: 1.3482 (1.3482)  loss_giou_aux_1: 1.5724 (1.5724)  loss_mal_pre: 0.7725 (0.7725)  loss_bbox_pre: 1.2743 (1.2743)  loss_giou_pre: 1.6208 (1.6208)  loss_mal_enc_0: 0.6079 (0.6079)  loss_bbox_enc_0: 1.5190 (1.5190)  loss_giou_enc_0: 1.6807 (1.6807)  loss_mal_dn_0: 1.0469 (1.0469)  loss_bbox_dn_0: 0.8594 (0.8594)  loss_giou_dn_0: 1.2874 (1.2874)  loss_mal_dn_1: 1.6611 (1.6611)  loss_bbox_dn_1: 0.7254 (0.7254)  loss_giou_dn_1: 1.1232 (1.1232)  loss_mal_dn_2: 1.8096 (1.8096)  loss_bbox_dn_2: 0.6891 (0.6891)  loss_giou_dn_2: 1.0826 (1.0826)  loss_mal_dn_pre: 1.2490 (1.2490)  loss_bbox_dn_pre: 0.8441 (0.8441)  loss_giou_dn_pre: 1.2886 (1.2886)  time: 0.8799  data: 0.7879  max mem: 266
Epoch: [89]  [7/8]  eta: 0:00:00  lr: 0.000032  loss: 32.2267 (33.1160)  loss_mal: 2.2500 (2.2727)  loss_bbox: 0.5863 (0.6678)  loss_giou: 0.8180 (0.9133)  loss_mal_aux_0: 1.7939 (1.6431)  loss_bbox_aux_0: 0.6670 (0.7743)  loss_giou_aux_0: 0.8931 (1.0216)  loss_mal_aux_1: 2.0586 (2.0845)  loss_bbox_aux_1: 0.6621 (0.7257)  loss_giou_aux_1: 0.8876 (0.9714)  loss_mal_pre: 1.8613 (1.8153)  loss_bbox_pre: 0.6074 (0.7499)  loss_giou_pre: 0.9499 (1.0372)  loss_mal_enc_0: 1.5186 (1.5593)  loss_bbox_enc_0: 0.8373 (0.9339)  loss_giou_enc_0: 0.9353 (1.1236)  loss_mal_dn_0: 1.1035 (1.1329)  loss_bbox_dn_0: 0.8802 (1.1074)  loss_giou_dn_0: 1.2245 (1.2299)  loss_mal_dn_1: 1.8066 (1.8221)  loss_bbox_dn_1: 0.7254 (0.9305)  loss_giou_dn_1: 1.0486 (1.0418)  loss_mal_dn_2: 1.9570 (2.0374)  loss_bbox_dn_2: 0.6891 (0.8778)  loss_giou_dn_2: 0.9372 (0.9728)  loss_mal_dn_pre: 1.3340 (1.3398)  loss_bbox_dn_pre: 0.8723 (1.1020)  loss_giou_dn_pre: 1.2206 (1.2279)  time: 0.2065  data: 0.1230  max mem: 266
Epoch: [89] Total time: 0:00:01 (0.2129 s / it)
Averaged stats: lr: 0.000032  loss: 32.2267 (33.1160)  loss_mal: 2.2500 (2.2727)  loss_bbox: 0.5863 (0.6678)  loss_giou: 0.8180 (0.9133)  loss_mal_aux_0: 1.7939 (1.6431)  loss_bbox_aux_0: 0.6670 (0.7743)  loss_giou_aux_0: 0.8931 (1.0216)  loss_mal_aux_1: 2.0586 (2.0845)  loss_bbox_aux_1: 0.6621 (0.7257)  loss_giou_aux_1: 0.8876 (0.9714)  loss_mal_pre: 1.8613 (1.8153)  loss_bbox_pre: 0.6074 (0.7499)  loss_giou_pre: 0.9499 (1.0372)  loss_mal_enc_0: 1.5186 (1.5593)  loss_bbox_enc_0: 0.8373 (0.9339)  loss_giou_enc_0: 0.9353 (1.1236)  loss_mal_dn_0: 1.1035 (1.1329)  loss_bbox_dn_0: 0.8802 (1.1074)  loss_giou_dn_0: 1.2245 (1.2299)  loss_mal_dn_1: 1.8066 (1.8221)  loss_bbox_dn_1: 0.7254 (0.9305)  loss_giou_dn_1: 1.0486 (1.0418)  loss_mal_dn_2: 1.9570 (2.0374)  loss_bbox_dn_2: 0.6891 (0.8778)  loss_giou_dn_2: 0.9372 (0.9728)  loss_mal_dn_pre: 1.3340 (1.3398)  loss_bbox_dn_pre: 0.8723 (1.1020)  loss_giou_dn_pre: 1.2206 (1.2279)
Test:  [0/4]  eta: 0:00:02    time: 0.7011  data: 0.6809  max mem: 266
Test:  [3/4]  eta: 0:00:00    time: 0.1881  data: 0.1709  max mem: 266
Test: Total time: 0:00:00 (0.2094 s / it)
Averaged stats: 
Accumulating evaluation results...
COCOeval_opt.accumulate() finished...
DONE (t=0.00s).
IoU metric: bbox
 Average Precision  (AP) @[ IoU=0.50:0.95 | area=   all | maxDets=100 ] = 0.018
 Average Precision  (AP) @[ IoU=0.50      | area=   all | maxDets=100 ] = 0.039
 Average Precision  (AP) @[ IoU=0.75      | area=   all | maxDets=100 ] = 0.016
 Average Precision  (AP) @[ IoU=0.50:0.95 | area= small | maxDets=100 ] = -1.000
 Average Precision  (AP) @[ IoU=0.50:0.95 | area=medium | maxDets=100 ] = -1.000
 Average Precision  (AP) @[ IoU=0.50:0.95 | area= large | maxDets=100 ] = 0.018
 Average Recall     (AR) @[ IoU=0.50:0.95 | area=   all | maxDets=  1 ] = 0.023
 Average Recall     (AR) @[ IoU=0.50:0.95 | area=   all | maxDets= 10 ] = 0.190
 Average Recall     (AR) @[ IoU=0.50:0.95 | area=   all | maxDets=100 ] = 0.630
 Average Recall     (AR) @[ IoU=0.50:0.95 | area= small | maxDets=100 ] = -1.000
 Average Recall     (AR) @[ IoU=0.50:0.95 | area=medium | maxDets=100 ] = -1.000
 Average Recall     (AR) @[ IoU=0.50:0.95 | area= large | maxDets=100 ] = 0.630
 Average Recall     (AR) @[ IoU=0.50      | area=   all | maxDets=100 ] = 0.967
 Average Recall     (AR) @[ IoU=0.75      | area=   all | maxDets=100 ] = 0.800
best_stat: {'epoch': 84, 'coco_eval_bbox': 0.030074352761121952}
Epoch: [90]  [0/8]  eta: 0:00:10  lr: 0.000032  loss: 30.0339 (30.0339)  loss_mal: 1.5527 (1.5527)  loss_bbox: 0.5311 (0.5311)  loss_giou: 1.2446 (1.2446)  loss_mal_aux_0: 1.1602 (1.1602)  loss_bbox_aux_0: 0.8377 (0.8377)  loss_giou_aux_0: 1.2808 (1.2808)  loss_mal_aux_1: 1.3867 (1.3867)  loss_bbox_aux_1: 0.7886 (0.7886)  loss_giou_aux_1: 1.2449 (1.2449)  loss_mal_pre: 1.3301 (1.3301)  loss_bbox_pre: 0.8830 (0.8830)  loss_giou_pre: 1.2391 (1.2391)  loss_mal_enc_0: 1.0762 (1.0762)  loss_bbox_enc_0: 1.0792 (1.0792)  loss_giou_enc_0: 1.3468 (1.3468)  loss_mal_dn_0: 1.0469 (1.0469)  loss_bbox_dn_0: 0.6548 (0.6548)  loss_giou_dn_0: 1.3050 (1.3050)  loss_mal_dn_1: 1.6309 (1.6309)  loss_bbox_dn_1: 0.5872 (0.5872)  loss_giou_dn_1: 1.1622 (1.1622)  loss_mal_dn_2: 1.8096 (1.8096)  loss_bbox_dn_2: 0.5523 (0.5523)  loss_giou_dn_2: 1.1007 (1.1007)  loss_mal_dn_pre: 1.2402 (1.2402)  loss_bbox_dn_pre: 0.6560 (0.6560)  loss_giou_dn_pre: 1.3064 (1.3064)  time: 1.3625  data: 1.2788  max mem: 266
Epoch: [90]  [7/8]  eta: 0:00:00  lr: 0.000033  loss: 31.3200 (31.7904)  loss_mal: 1.7197 (2.1593)  loss_bbox: 0.6096 (0.6614)  loss_giou: 0.7817 (0.9517)  loss_mal_aux_0: 1.2275 (1.5330)  loss_bbox_aux_0: 0.7800 (0.7885)  loss_giou_aux_0: 0.9956 (1.0324)  loss_mal_aux_1: 1.5479 (1.9834)  loss_bbox_aux_1: 0.6766 (0.7280)  loss_giou_aux_1: 0.8058 (0.9808)  loss_mal_pre: 1.3896 (1.7612)  loss_bbox_pre: 0.7319 (0.7921)  loss_giou_pre: 1.0262 (1.0311)  loss_mal_enc_0: 1.1719 (1.4344)  loss_bbox_enc_0: 0.9438 (0.9998)  loss_giou_enc_0: 1.1531 (1.1545)  loss_mal_dn_0: 1.0723 (1.1007)  loss_bbox_dn_0: 0.7322 (0.8282)  loss_giou_dn_0: 1.2505 (1.2456)  loss_mal_dn_1: 1.7354 (1.8083)  loss_bbox_dn_1: 0.6065 (0.7002)  loss_giou_dn_1: 1.0180 (1.0570)  loss_mal_dn_2: 1.8779 (1.9904)  loss_bbox_dn_2: 0.5679 (0.6732)  loss_giou_dn_2: 0.9820 (1.0045)  loss_mal_dn_pre: 1.2939 (1.3154)  loss_bbox_dn_pre: 0.7325 (0.8270)  loss_giou_dn_pre: 1.2548 (1.2484)  time: 0.2987  data: 0.2291  max mem: 266
Epoch: [90] Total time: 0:00:02 (0.3062 s / it)
Averaged stats: lr: 0.000033  loss: 31.3200 (31.7904)  loss_mal: 1.7197 (2.1593)  loss_bbox: 0.6096 (0.6614)  loss_giou: 0.7817 (0.9517)  loss_mal_aux_0: 1.2275 (1.5330)  loss_bbox_aux_0: 0.7800 (0.7885)  loss_giou_aux_0: 0.9956 (1.0324)  loss_mal_aux_1: 1.5479 (1.9834)  loss_bbox_aux_1: 0.6766 (0.7280)  loss_giou_aux_1: 0.8058 (0.9808)  loss_mal_pre: 1.3896 (1.7612)  loss_bbox_pre: 0.7319 (0.7921)  loss_giou_pre: 1.0262 (1.0311)  loss_mal_enc_0: 1.1719 (1.4344)  loss_bbox_enc_0: 0.9438 (0.9998)  loss_giou_enc_0: 1.1531 (1.1545)  loss_mal_dn_0: 1.0723 (1.1007)  loss_bbox_dn_0: 0.7322 (0.8282)  loss_giou_dn_0: 1.2505 (1.2456)  loss_mal_dn_1: 1.7354 (1.8083)  loss_bbox_dn_1: 0.6065 (0.7002)  loss_giou_dn_1: 1.0180 (1.0570)  loss_mal_dn_2: 1.8779 (1.9904)  loss_bbox_dn_2: 0.5679 (0.6732)  loss_giou_dn_2: 0.9820 (1.0045)  loss_mal_dn_pre: 1.2939 (1.3154)  loss_bbox_dn_pre: 0.7325 (0.8270)  loss_giou_dn_pre: 1.2548 (1.2484)
Test:  [0/4]  eta: 0:00:02    time: 0.7494  data: 0.6943  max mem: 266
Test:  [3/4]  eta: 0:00:00    time: 0.2053  data: 0.1743  max mem: 266
Test: Total time: 0:00:00 (0.2300 s / it)
Averaged stats: 
Accumulating evaluation results...
COCOeval_opt.accumulate() finished...
DONE (t=0.00s).
IoU metric: bbox
 Average Precision  (AP) @[ IoU=0.50:0.95 | area=   all | maxDets=100 ] = 0.015
 Average Precision  (AP) @[ IoU=0.50      | area=   all | maxDets=100 ] = 0.034
 Average Precision  (AP) @[ IoU=0.75      | area=   all | maxDets=100 ] = 0.014
 Average Precision  (AP) @[ IoU=0.50:0.95 | area= small | maxDets=100 ] = -1.000
 Average Precision  (AP) @[ IoU=0.50:0.95 | area=medium | maxDets=100 ] = -1.000
 Average Precision  (AP) @[ IoU=0.50:0.95 | area= large | maxDets=100 ] = 0.015
 Average Recall     (AR) @[ IoU=0.50:0.95 | area=   all | maxDets=  1 ] = 0.023
 Average Recall     (AR) @[ IoU=0.50:0.95 | area=   all | maxDets= 10 ] = 0.217
 Average Recall     (AR) @[ IoU=0.50:0.95 | area=   all | maxDets=100 ] = 0.640
 Average Recall     (AR) @[ IoU=0.50:0.95 | area= small | maxDets=100 ] = -1.000
 Average Recall     (AR) @[ IoU=0.50:0.95 | area=medium | maxDets=100 ] = -1.000
 Average Recall     (AR) @[ IoU=0.50:0.95 | area= large | maxDets=100 ] = 0.640
 Average Recall     (AR) @[ IoU=0.50      | area=   all | maxDets=100 ] = 1.000
 Average Recall     (AR) @[ IoU=0.75      | area=   all | maxDets=100 ] = 0.767
best_stat: {'epoch': 84, 'coco_eval_bbox': 0.030074352761121952}
Epoch: [91]  [0/8]  eta: 0:00:11  lr: 0.000033  loss: 28.1162 (28.1162)  loss_mal: 0.8711 (0.8711)  loss_bbox: 0.8217 (0.8217)  loss_giou: 1.4429 (1.4429)  loss_mal_aux_0: 0.5337 (0.5337)  loss_bbox_aux_0: 0.9441 (0.9441)  loss_giou_aux_0: 1.5348 (1.5348)  loss_mal_aux_1: 0.9155 (0.9155)  loss_bbox_aux_1: 0.8330 (0.8330)  loss_giou_aux_1: 1.4102 (1.4102)  loss_mal_pre: 0.6567 (0.6567)  loss_bbox_pre: 0.9694 (0.9694)  loss_giou_pre: 1.5060 (1.5060)  loss_mal_enc_0: 0.4626 (0.4626)  loss_bbox_enc_0: 1.3823 (1.3823)  loss_giou_enc_0: 1.6189 (1.6189)  loss_mal_dn_0: 0.8955 (0.8955)  loss_bbox_dn_0: 0.5474 (0.5474)  loss_giou_dn_0: 1.4014 (1.4014)  loss_mal_dn_1: 1.2842 (1.2842)  loss_bbox_dn_1: 0.5452 (0.5452)  loss_giou_dn_1: 1.3287 (1.3287)  loss_mal_dn_2: 1.2627 (1.2627)  loss_bbox_dn_2: 0.5817 (0.5817)  loss_giou_dn_2: 1.3482 (1.3482)  loss_mal_dn_pre: 1.0723 (1.0723)  loss_bbox_dn_pre: 0.5444 (0.5444)  loss_giou_dn_pre: 1.4016 (1.4016)  time: 1.4182  data: 1.1525  max mem: 266
Epoch: [91]  [7/8]  eta: 0:00:00  lr: 0.000034  loss: 32.5027 (32.6819)  loss_mal: 2.2656 (2.2383)  loss_bbox: 0.6527 (0.7309)  loss_giou: 0.8629 (0.8991)  loss_mal_aux_0: 1.7129 (1.7452)  loss_bbox_aux_0: 0.6803 (0.7286)  loss_giou_aux_0: 0.8199 (0.9521)  loss_mal_aux_1: 2.1426 (2.1878)  loss_bbox_aux_1: 0.6017 (0.6853)  loss_giou_aux_1: 0.8348 (0.8990)  loss_mal_pre: 2.0059 (1.9644)  loss_bbox_pre: 0.6591 (0.7597)  loss_giou_pre: 0.8204 (0.9608)  loss_mal_enc_0: 1.5381 (1.5791)  loss_bbox_enc_0: 0.8911 (0.9548)  loss_giou_enc_0: 0.9119 (1.0889)  loss_mal_dn_0: 1.0645 (1.0792)  loss_bbox_dn_0: 0.8532 (0.9789)  loss_giou_dn_0: 1.2523 (1.2527)  loss_mal_dn_1: 1.7783 (1.7450)  loss_bbox_dn_1: 0.7087 (0.8578)  loss_giou_dn_1: 1.0487 (1.0724)  loss_mal_dn_2: 1.9229 (1.9117)  loss_bbox_dn_2: 0.7152 (0.8493)  loss_giou_dn_2: 0.9923 (1.0315)  loss_mal_dn_pre: 1.2783 (1.2950)  loss_bbox_dn_pre: 0.8486 (0.9797)  loss_giou_dn_pre: 1.2557 (1.2546)  time: 0.2822  data: 0.1836  max mem: 266
Epoch: [91] Total time: 0:00:02 (0.2912 s / it)
Averaged stats: lr: 0.000034  loss: 32.5027 (32.6819)  loss_mal: 2.2656 (2.2383)  loss_bbox: 0.6527 (0.7309)  loss_giou: 0.8629 (0.8991)  loss_mal_aux_0: 1.7129 (1.7452)  loss_bbox_aux_0: 0.6803 (0.7286)  loss_giou_aux_0: 0.8199 (0.9521)  loss_mal_aux_1: 2.1426 (2.1878)  loss_bbox_aux_1: 0.6017 (0.6853)  loss_giou_aux_1: 0.8348 (0.8990)  loss_mal_pre: 2.0059 (1.9644)  loss_bbox_pre: 0.6591 (0.7597)  loss_giou_pre: 0.8204 (0.9608)  loss_mal_enc_0: 1.5381 (1.5791)  loss_bbox_enc_0: 0.8911 (0.9548)  loss_giou_enc_0: 0.9119 (1.0889)  loss_mal_dn_0: 1.0645 (1.0792)  loss_bbox_dn_0: 0.8532 (0.9789)  loss_giou_dn_0: 1.2523 (1.2527)  loss_mal_dn_1: 1.7783 (1.7450)  loss_bbox_dn_1: 0.7087 (0.8578)  loss_giou_dn_1: 1.0487 (1.0724)  loss_mal_dn_2: 1.9229 (1.9117)  loss_bbox_dn_2: 0.7152 (0.8493)  loss_giou_dn_2: 0.9923 (1.0315)  loss_mal_dn_pre: 1.2783 (1.2950)  loss_bbox_dn_pre: 0.8486 (0.9797)  loss_giou_dn_pre: 1.2557 (1.2546)
Test:  [0/4]  eta: 0:00:02    time: 0.7372  data: 0.7117  max mem: 266
Test:  [3/4]  eta: 0:00:00    time: 0.1968  data: 0.1786  max mem: 266
Test: Total time: 0:00:00 (0.2185 s / it)
Averaged stats: 
Accumulating evaluation results...
COCOeval_opt.accumulate() finished...
DONE (t=0.00s).
IoU metric: bbox
 Average Precision  (AP) @[ IoU=0.50:0.95 | area=   all | maxDets=100 ] = 0.023
 Average Precision  (AP) @[ IoU=0.50      | area=   all | maxDets=100 ] = 0.047
 Average Precision  (AP) @[ IoU=0.75      | area=   all | maxDets=100 ] = 0.023
 Average Precision  (AP) @[ IoU=0.50:0.95 | area= small | maxDets=100 ] = -1.000
 Average Precision  (AP) @[ IoU=0.50:0.95 | area=medium | maxDets=100 ] = -1.000
 Average Precision  (AP) @[ IoU=0.50:0.95 | area= large | maxDets=100 ] = 0.023
 Average Recall     (AR) @[ IoU=0.50:0.95 | area=   all | maxDets=  1 ] = 0.030
 Average Recall     (AR) @[ IoU=0.50:0.95 | area=   all | maxDets= 10 ] = 0.237
 Average Recall     (AR) @[ IoU=0.50:0.95 | area=   all | maxDets=100 ] = 0.677
 Average Recall     (AR) @[ IoU=0.50:0.95 | area= small | maxDets=100 ] = -1.000
 Average Recall     (AR) @[ IoU=0.50:0.95 | area=medium | maxDets=100 ] = -1.000
 Average Recall     (AR) @[ IoU=0.50:0.95 | area= large | maxDets=100 ] = 0.677
 Average Recall     (AR) @[ IoU=0.50      | area=   all | maxDets=100 ] = 1.000
 Average Recall     (AR) @[ IoU=0.75      | area=   all | maxDets=100 ] = 0.800
best_stat: {'epoch': 84, 'coco_eval_bbox': 0.030074352761121952}
Epoch: [92]  [0/8]  eta: 0:00:05  lr: 0.000034  loss: 34.2179 (34.2179)  loss_mal: 2.5977 (2.5977)  loss_bbox: 0.8365 (0.8365)  loss_giou: 0.7724 (0.7724)  loss_mal_aux_0: 1.9346 (1.9346)  loss_bbox_aux_0: 0.7757 (0.7757)  loss_giou_aux_0: 0.8534 (0.8534)  loss_mal_aux_1: 2.2930 (2.2930)  loss_bbox_aux_1: 0.8042 (0.8042)  loss_giou_aux_1: 0.7930 (0.7930)  loss_mal_pre: 2.2148 (2.2148)  loss_bbox_pre: 0.7569 (0.7569)  loss_giou_pre: 0.8248 (0.8248)  loss_mal_enc_0: 2.2656 (2.2656)  loss_bbox_enc_0: 0.7188 (0.7188)  loss_giou_enc_0: 0.8030 (0.8030)  loss_mal_dn_0: 1.1162 (1.1162)  loss_bbox_dn_0: 1.1415 (1.1415)  loss_giou_dn_0: 1.2274 (1.2274)  loss_mal_dn_1: 1.8154 (1.8154)  loss_bbox_dn_1: 0.9870 (0.9870)  loss_giou_dn_1: 1.0205 (1.0205)  loss_mal_dn_2: 2.0137 (2.0137)  loss_bbox_dn_2: 0.9659 (0.9659)  loss_giou_dn_2: 0.9773 (0.9773)  loss_mal_dn_pre: 1.3496 (1.3496)  loss_bbox_dn_pre: 1.1332 (1.1332)  loss_giou_dn_pre: 1.2257 (1.2257)  time: 0.7391  data: 0.6504  max mem: 266
Epoch: [92]  [7/8]  eta: 0:00:00  lr: 0.000035  loss: 33.1864 (33.3865)  loss_mal: 2.5977 (2.7091)  loss_bbox: 0.5393 (0.5418)  loss_giou: 0.6919 (0.7190)  loss_mal_aux_0: 1.9482 (1.9077)  loss_bbox_aux_0: 0.7449 (0.7335)  loss_giou_aux_0: 0.8056 (0.8418)  loss_mal_aux_1: 2.2930 (2.4495)  loss_bbox_aux_1: 0.6433 (0.6141)  loss_giou_aux_1: 0.7911 (0.7712)  loss_mal_pre: 2.2148 (2.2344)  loss_bbox_pre: 0.6635 (0.6847)  loss_giou_pre: 0.8202 (0.8291)  loss_mal_enc_0: 1.9609 (1.9161)  loss_bbox_enc_0: 0.7214 (0.8243)  loss_giou_enc_0: 0.8240 (0.9569)  loss_mal_dn_0: 1.1387 (1.1608)  loss_bbox_dn_0: 0.8994 (1.0417)  loss_giou_dn_0: 1.2006 (1.1960)  loss_mal_dn_1: 1.9131 (1.9501)  loss_bbox_dn_1: 0.7431 (0.8401)  loss_giou_dn_1: 0.9814 (0.9678)  loss_mal_dn_2: 2.1211 (2.1813)  loss_bbox_dn_2: 0.7019 (0.7813)  loss_giou_dn_2: 0.9204 (0.8994)  loss_mal_dn_pre: 1.3799 (1.4038)  loss_bbox_dn_pre: 0.9106 (1.0352)  loss_giou_dn_pre: 1.1997 (1.1957)  time: 0.1940  data: 0.1130  max mem: 266
Epoch: [92] Total time: 0:00:01 (0.2026 s / it)
Averaged stats: lr: 0.000035  loss: 33.1864 (33.3865)  loss_mal: 2.5977 (2.7091)  loss_bbox: 0.5393 (0.5418)  loss_giou: 0.6919 (0.7190)  loss_mal_aux_0: 1.9482 (1.9077)  loss_bbox_aux_0: 0.7449 (0.7335)  loss_giou_aux_0: 0.8056 (0.8418)  loss_mal_aux_1: 2.2930 (2.4495)  loss_bbox_aux_1: 0.6433 (0.6141)  loss_giou_aux_1: 0.7911 (0.7712)  loss_mal_pre: 2.2148 (2.2344)  loss_bbox_pre: 0.6635 (0.6847)  loss_giou_pre: 0.8202 (0.8291)  loss_mal_enc_0: 1.9609 (1.9161)  loss_bbox_enc_0: 0.7214 (0.8243)  loss_giou_enc_0: 0.8240 (0.9569)  loss_mal_dn_0: 1.1387 (1.1608)  loss_bbox_dn_0: 0.8994 (1.0417)  loss_giou_dn_0: 1.2006 (1.1960)  loss_mal_dn_1: 1.9131 (1.9501)  loss_bbox_dn_1: 0.7431 (0.8401)  loss_giou_dn_1: 0.9814 (0.9678)  loss_mal_dn_2: 2.1211 (2.1813)  loss_bbox_dn_2: 0.7019 (0.7813)  loss_giou_dn_2: 0.9204 (0.8994)  loss_mal_dn_pre: 1.3799 (1.4038)  loss_bbox_dn_pre: 0.9106 (1.0352)  loss_giou_dn_pre: 1.1997 (1.1957)
Test:  [0/4]  eta: 0:00:02    time: 0.7145  data: 0.6881  max mem: 266
Test:  [3/4]  eta: 0:00:00    time: 0.1929  data: 0.1728  max mem: 266
Test: Total time: 0:00:00 (0.2128 s / it)
Averaged stats: 
Accumulating evaluation results...
COCOeval_opt.accumulate() finished...
DONE (t=0.00s).
IoU metric: bbox
 Average Precision  (AP) @[ IoU=0.50:0.95 | area=   all | maxDets=100 ] = 0.025
 Average Precision  (AP) @[ IoU=0.50      | area=   all | maxDets=100 ] = 0.048
 Average Precision  (AP) @[ IoU=0.75      | area=   all | maxDets=100 ] = 0.021
 Average Precision  (AP) @[ IoU=0.50:0.95 | area= small | maxDets=100 ] = -1.000
 Average Precision  (AP) @[ IoU=0.50:0.95 | area=medium | maxDets=100 ] = -1.000
 Average Precision  (AP) @[ IoU=0.50:0.95 | area= large | maxDets=100 ] = 0.026
 Average Recall     (AR) @[ IoU=0.50:0.95 | area=   all | maxDets=  1 ] = 0.070
 Average Recall     (AR) @[ IoU=0.50:0.95 | area=   all | maxDets= 10 ] = 0.263
 Average Recall     (AR) @[ IoU=0.50:0.95 | area=   all | maxDets=100 ] = 0.660
 Average Recall     (AR) @[ IoU=0.50:0.95 | area= small | maxDets=100 ] = -1.000
 Average Recall     (AR) @[ IoU=0.50:0.95 | area=medium | maxDets=100 ] = -1.000
 Average Recall     (AR) @[ IoU=0.50:0.95 | area= large | maxDets=100 ] = 0.660
 Average Recall     (AR) @[ IoU=0.50      | area=   all | maxDets=100 ] = 1.000
 Average Recall     (AR) @[ IoU=0.75      | area=   all | maxDets=100 ] = 0.767
best_stat: {'epoch': 84, 'coco_eval_bbox': 0.030074352761121952}
Epoch: [93]  [0/8]  eta: 0:00:06  lr: 0.000035  loss: 31.5326 (31.5326)  loss_mal: 2.3496 (2.3496)  loss_bbox: 0.5521 (0.5521)  loss_giou: 0.7846 (0.7846)  loss_mal_aux_0: 1.8447 (1.8447)  loss_bbox_aux_0: 0.4852 (0.4852)  loss_giou_aux_0: 0.7929 (0.7929)  loss_mal_aux_1: 2.5215 (2.5215)  loss_bbox_aux_1: 0.4227 (0.4227)  loss_giou_aux_1: 0.7511 (0.7511)  loss_mal_pre: 2.2559 (2.2559)  loss_bbox_pre: 0.4934 (0.4934)  loss_giou_pre: 0.7897 (0.7897)  loss_mal_enc_0: 1.8516 (1.8516)  loss_bbox_enc_0: 0.8152 (0.8152)  loss_giou_enc_0: 0.9519 (0.9519)  loss_mal_dn_0: 1.0889 (1.0889)  loss_bbox_dn_0: 0.8432 (0.8432)  loss_giou_dn_0: 1.2130 (1.2130)  loss_mal_dn_1: 1.8984 (1.8984)  loss_bbox_dn_1: 0.7211 (0.7211)  loss_giou_dn_1: 0.9826 (0.9826)  loss_mal_dn_2: 2.0684 (2.0684)  loss_bbox_dn_2: 0.7119 (0.7119)  loss_giou_dn_2: 0.9363 (0.9363)  loss_mal_dn_pre: 1.3311 (1.3311)  loss_bbox_dn_pre: 0.8551 (0.8551)  loss_giou_dn_pre: 1.2205 (1.2205)  time: 0.7922  data: 0.6917  max mem: 266
Epoch: [93]  [7/8]  eta: 0:00:00  lr: 0.000035  loss: 33.0939 (33.5236)  loss_mal: 2.3496 (2.4705)  loss_bbox: 0.7807 (0.7608)  loss_giou: 0.7786 (0.7873)  loss_mal_aux_0: 1.5859 (1.7578)  loss_bbox_aux_0: 0.7945 (0.8165)  loss_giou_aux_0: 0.9715 (0.9012)  loss_mal_aux_1: 2.3438 (2.3237)  loss_bbox_aux_1: 0.8380 (0.7908)  loss_giou_aux_1: 0.7511 (0.8049)  loss_mal_pre: 1.8672 (2.0626)  loss_bbox_pre: 0.8376 (0.7959)  loss_giou_pre: 0.9715 (0.8971)  loss_mal_enc_0: 1.7510 (1.7667)  loss_bbox_enc_0: 0.9550 (0.9968)  loss_giou_enc_0: 1.0260 (0.9972)  loss_mal_dn_0: 1.1123 (1.1283)  loss_bbox_dn_0: 1.0667 (1.0381)  loss_giou_dn_0: 1.2109 (1.2066)  loss_mal_dn_1: 1.8984 (1.8993)  loss_bbox_dn_1: 0.8201 (0.8669)  loss_giou_dn_1: 0.9826 (0.9870)  loss_mal_dn_2: 2.0684 (2.0863)  loss_bbox_dn_2: 0.7537 (0.8291)  loss_giou_dn_2: 0.9100 (0.9293)  loss_mal_dn_pre: 1.3721 (1.3777)  loss_bbox_dn_pre: 1.0608 (1.0378)  loss_giou_dn_pre: 1.2083 (1.2073)  time: 0.1883  data: 0.1062  max mem: 266
Epoch: [93] Total time: 0:00:01 (0.1958 s / it)
Averaged stats: lr: 0.000035  loss: 33.0939 (33.5236)  loss_mal: 2.3496 (2.4705)  loss_bbox: 0.7807 (0.7608)  loss_giou: 0.7786 (0.7873)  loss_mal_aux_0: 1.5859 (1.7578)  loss_bbox_aux_0: 0.7945 (0.8165)  loss_giou_aux_0: 0.9715 (0.9012)  loss_mal_aux_1: 2.3438 (2.3237)  loss_bbox_aux_1: 0.8380 (0.7908)  loss_giou_aux_1: 0.7511 (0.8049)  loss_mal_pre: 1.8672 (2.0626)  loss_bbox_pre: 0.8376 (0.7959)  loss_giou_pre: 0.9715 (0.8971)  loss_mal_enc_0: 1.7510 (1.7667)  loss_bbox_enc_0: 0.9550 (0.9968)  loss_giou_enc_0: 1.0260 (0.9972)  loss_mal_dn_0: 1.1123 (1.1283)  loss_bbox_dn_0: 1.0667 (1.0381)  loss_giou_dn_0: 1.2109 (1.2066)  loss_mal_dn_1: 1.8984 (1.8993)  loss_bbox_dn_1: 0.8201 (0.8669)  loss_giou_dn_1: 0.9826 (0.9870)  loss_mal_dn_2: 2.0684 (2.0863)  loss_bbox_dn_2: 0.7537 (0.8291)  loss_giou_dn_2: 0.9100 (0.9293)  loss_mal_dn_pre: 1.3721 (1.3777)  loss_bbox_dn_pre: 1.0608 (1.0378)  loss_giou_dn_pre: 1.2083 (1.2073)
Test:  [0/4]  eta: 0:00:02    time: 0.6718  data: 0.6443  max mem: 266
Test:  [3/4]  eta: 0:00:00    time: 0.1783  data: 0.1618  max mem: 266
Test: Total time: 0:00:00 (0.1962 s / it)
Averaged stats: 
Accumulating evaluation results...
COCOeval_opt.accumulate() finished...
DONE (t=0.00s).
IoU metric: bbox
 Average Precision  (AP) @[ IoU=0.50:0.95 | area=   all | maxDets=100 ] = 0.025
 Average Precision  (AP) @[ IoU=0.50      | area=   all | maxDets=100 ] = 0.056
 Average Precision  (AP) @[ IoU=0.75      | area=   all | maxDets=100 ] = 0.020
 Average Precision  (AP) @[ IoU=0.50:0.95 | area= small | maxDets=100 ] = -1.000
 Average Precision  (AP) @[ IoU=0.50:0.95 | area=medium | maxDets=100 ] = -1.000
 Average Precision  (AP) @[ IoU=0.50:0.95 | area= large | maxDets=100 ] = 0.025
 Average Recall     (AR) @[ IoU=0.50:0.95 | area=   all | maxDets=  1 ] = 0.037
 Average Recall     (AR) @[ IoU=0.50:0.95 | area=   all | maxDets= 10 ] = 0.293
 Average Recall     (AR) @[ IoU=0.50:0.95 | area=   all | maxDets=100 ] = 0.623
 Average Recall     (AR) @[ IoU=0.50:0.95 | area= small | maxDets=100 ] = -1.000
 Average Recall     (AR) @[ IoU=0.50:0.95 | area=medium | maxDets=100 ] = -1.000
 Average Recall     (AR) @[ IoU=0.50:0.95 | area= large | maxDets=100 ] = 0.623
 Average Recall     (AR) @[ IoU=0.50      | area=   all | maxDets=100 ] = 1.000
 Average Recall     (AR) @[ IoU=0.75      | area=   all | maxDets=100 ] = 0.667
best_stat: {'epoch': 84, 'coco_eval_bbox': 0.030074352761121952}
Epoch: [94]  [0/8]  eta: 0:00:06  lr: 0.000035  loss: 32.4716 (32.4716)  loss_mal: 2.7559 (2.7559)  loss_bbox: 0.4705 (0.4705)  loss_giou: 0.6624 (0.6624)  loss_mal_aux_0: 1.7324 (1.7324)  loss_bbox_aux_0: 0.6998 (0.6998)  loss_giou_aux_0: 0.8496 (0.8496)  loss_mal_aux_1: 2.3926 (2.3926)  loss_bbox_aux_1: 0.5403 (0.5403)  loss_giou_aux_1: 0.7525 (0.7525)  loss_mal_pre: 2.1230 (2.1230)  loss_bbox_pre: 0.6594 (0.6594)  loss_giou_pre: 0.8399 (0.8399)  loss_mal_enc_0: 2.0000 (2.0000)  loss_bbox_enc_0: 0.7306 (0.7306)  loss_giou_enc_0: 0.9257 (0.9257)  loss_mal_dn_0: 1.2227 (1.2227)  loss_bbox_dn_0: 0.8982 (0.8982)  loss_giou_dn_0: 1.1485 (1.1485)  loss_mal_dn_1: 2.0723 (2.0723)  loss_bbox_dn_1: 0.7171 (0.7171)  loss_giou_dn_1: 0.9122 (0.9122)  loss_mal_dn_2: 2.3379 (2.3379)  loss_bbox_dn_2: 0.6509 (0.6509)  loss_giou_dn_2: 0.8302 (0.8302)  loss_mal_dn_pre: 1.5127 (1.5127)  loss_bbox_dn_pre: 0.8897 (0.8897)  loss_giou_dn_pre: 1.1447 (1.1447)  time: 0.7604  data: 0.6565  max mem: 266
Epoch: [94]  [7/8]  eta: 0:00:00  lr: 0.000036  loss: 31.2504 (31.3901)  loss_mal: 2.2578 (2.1588)  loss_bbox: 0.5926 (0.6546)  loss_giou: 0.8401 (0.9029)  loss_mal_aux_0: 1.5420 (1.5015)  loss_bbox_aux_0: 0.6998 (0.6999)  loss_giou_aux_0: 0.9359 (1.0054)  loss_mal_aux_1: 2.0605 (1.9332)  loss_bbox_aux_1: 0.6367 (0.6847)  loss_giou_aux_1: 0.8472 (0.9588)  loss_mal_pre: 1.8496 (1.7823)  loss_bbox_pre: 0.7501 (0.7267)  loss_giou_pre: 0.9163 (1.0108)  loss_mal_enc_0: 1.3203 (1.4689)  loss_bbox_enc_0: 0.9231 (0.9627)  loss_giou_enc_0: 1.0597 (1.1439)  loss_mal_dn_0: 1.0977 (1.1165)  loss_bbox_dn_0: 0.8029 (0.8255)  loss_giou_dn_0: 1.2033 (1.1977)  loss_mal_dn_1: 1.8262 (1.8566)  loss_bbox_dn_1: 0.6454 (0.7051)  loss_giou_dn_1: 0.9711 (0.9975)  loss_mal_dn_2: 1.9883 (2.0570)  loss_bbox_dn_2: 0.6316 (0.6730)  loss_giou_dn_2: 0.9222 (0.9409)  loss_mal_dn_pre: 1.3740 (1.3992)  loss_bbox_dn_pre: 0.7999 (0.8264)  loss_giou_dn_pre: 1.2057 (1.1997)  time: 0.2397  data: 0.1411  max mem: 266
Epoch: [94] Total time: 0:00:01 (0.2472 s / it)
Averaged stats: lr: 0.000036  loss: 31.2504 (31.3901)  loss_mal: 2.2578 (2.1588)  loss_bbox: 0.5926 (0.6546)  loss_giou: 0.8401 (0.9029)  loss_mal_aux_0: 1.5420 (1.5015)  loss_bbox_aux_0: 0.6998 (0.6999)  loss_giou_aux_0: 0.9359 (1.0054)  loss_mal_aux_1: 2.0605 (1.9332)  loss_bbox_aux_1: 0.6367 (0.6847)  loss_giou_aux_1: 0.8472 (0.9588)  loss_mal_pre: 1.8496 (1.7823)  loss_bbox_pre: 0.7501 (0.7267)  loss_giou_pre: 0.9163 (1.0108)  loss_mal_enc_0: 1.3203 (1.4689)  loss_bbox_enc_0: 0.9231 (0.9627)  loss_giou_enc_0: 1.0597 (1.1439)  loss_mal_dn_0: 1.0977 (1.1165)  loss_bbox_dn_0: 0.8029 (0.8255)  loss_giou_dn_0: 1.2033 (1.1977)  loss_mal_dn_1: 1.8262 (1.8566)  loss_bbox_dn_1: 0.6454 (0.7051)  loss_giou_dn_1: 0.9711 (0.9975)  loss_mal_dn_2: 1.9883 (2.0570)  loss_bbox_dn_2: 0.6316 (0.6730)  loss_giou_dn_2: 0.9222 (0.9409)  loss_mal_dn_pre: 1.3740 (1.3992)  loss_bbox_dn_pre: 0.7999 (0.8264)  loss_giou_dn_pre: 1.2057 (1.1997)
Test:  [0/4]  eta: 0:00:02    time: 0.6666  data: 0.6485  max mem: 266
Test:  [3/4]  eta: 0:00:00    time: 0.1773  data: 0.1628  max mem: 266
Test: Total time: 0:00:00 (0.1986 s / it)
Averaged stats: 
Accumulating evaluation results...
COCOeval_opt.accumulate() finished...
DONE (t=0.00s).
IoU metric: bbox
 Average Precision  (AP) @[ IoU=0.50:0.95 | area=   all | maxDets=100 ] = 0.028
 Average Precision  (AP) @[ IoU=0.50      | area=   all | maxDets=100 ] = 0.078
 Average Precision  (AP) @[ IoU=0.75      | area=   all | maxDets=100 ] = 0.019
 Average Precision  (AP) @[ IoU=0.50:0.95 | area= small | maxDets=100 ] = -1.000
 Average Precision  (AP) @[ IoU=0.50:0.95 | area=medium | maxDets=100 ] = -1.000
 Average Precision  (AP) @[ IoU=0.50:0.95 | area= large | maxDets=100 ] = 0.028
 Average Recall     (AR) @[ IoU=0.50:0.95 | area=   all | maxDets=  1 ] = 0.043
 Average Recall     (AR) @[ IoU=0.50:0.95 | area=   all | maxDets= 10 ] = 0.250
 Average Recall     (AR) @[ IoU=0.50:0.95 | area=   all | maxDets=100 ] = 0.657
 Average Recall     (AR) @[ IoU=0.50:0.95 | area= small | maxDets=100 ] = -1.000
 Average Recall     (AR) @[ IoU=0.50:0.95 | area=medium | maxDets=100 ] = -1.000
 Average Recall     (AR) @[ IoU=0.50:0.95 | area= large | maxDets=100 ] = 0.657
 Average Recall     (AR) @[ IoU=0.50      | area=   all | maxDets=100 ] = 1.000
 Average Recall     (AR) @[ IoU=0.75      | area=   all | maxDets=100 ] = 0.733
best_stat: {'epoch': 84, 'coco_eval_bbox': 0.030074352761121952}
Epoch: [95]  [0/8]  eta: 0:00:09  lr: 0.000036  loss: 31.3510 (31.3510)  loss_mal: 2.2070 (2.2070)  loss_bbox: 0.6323 (0.6323)  loss_giou: 0.9202 (0.9202)  loss_mal_aux_0: 1.5117 (1.5117)  loss_bbox_aux_0: 0.6700 (0.6700)  loss_giou_aux_0: 1.0064 (1.0064)  loss_mal_aux_1: 1.9131 (1.9131)  loss_bbox_aux_1: 0.7574 (0.7574)  loss_giou_aux_1: 0.9882 (0.9882)  loss_mal_pre: 1.8223 (1.8223)  loss_bbox_pre: 0.6989 (0.6989)  loss_giou_pre: 1.0059 (1.0059)  loss_mal_enc_0: 1.6094 (1.6094)  loss_bbox_enc_0: 0.9094 (0.9094)  loss_giou_enc_0: 1.0926 (1.0926)  loss_mal_dn_0: 1.1104 (1.1104)  loss_bbox_dn_0: 0.7592 (0.7592)  loss_giou_dn_0: 1.1985 (1.1985)  loss_mal_dn_1: 1.9346 (1.9346)  loss_bbox_dn_1: 0.6168 (0.6168)  loss_giou_dn_1: 0.9558 (0.9558)  loss_mal_dn_2: 2.1875 (2.1875)  loss_bbox_dn_2: 0.5832 (0.5832)  loss_giou_dn_2: 0.8928 (0.8928)  loss_mal_dn_pre: 1.4121 (1.4121)  loss_bbox_dn_pre: 0.7593 (0.7593)  loss_giou_dn_pre: 1.1961 (1.1961)  time: 1.2037  data: 1.1194  max mem: 266
Epoch: [95]  [7/8]  eta: 0:00:00  lr: 0.000037  loss: 31.1604 (31.2785)  loss_mal: 2.3223 (2.2485)  loss_bbox: 0.5539 (0.6000)  loss_giou: 0.7295 (0.8729)  loss_mal_aux_0: 1.5117 (1.4385)  loss_bbox_aux_0: 0.6853 (0.7256)  loss_giou_aux_0: 0.9725 (1.0295)  loss_mal_aux_1: 1.9834 (1.9512)  loss_bbox_aux_1: 0.5935 (0.6751)  loss_giou_aux_1: 0.8551 (0.9423)  loss_mal_pre: 1.8350 (1.8463)  loss_bbox_pre: 0.6926 (0.7158)  loss_giou_pre: 0.9557 (0.9964)  loss_mal_enc_0: 1.6094 (1.5765)  loss_bbox_enc_0: 0.9094 (0.9117)  loss_giou_enc_0: 1.0602 (1.1053)  loss_mal_dn_0: 1.0801 (1.0682)  loss_bbox_dn_0: 0.8118 (0.8390)  loss_giou_dn_0: 1.1987 (1.2162)  loss_mal_dn_1: 1.8135 (1.7660)  loss_bbox_dn_1: 0.7011 (0.7116)  loss_giou_dn_1: 0.9852 (1.0189)  loss_mal_dn_2: 2.0254 (2.0027)  loss_bbox_dn_2: 0.6583 (0.6610)  loss_giou_dn_2: 0.8928 (0.9445)  loss_mal_dn_pre: 1.3604 (1.3531)  loss_bbox_dn_pre: 0.8183 (0.8391)  loss_giou_dn_pre: 1.2027 (1.2225)  time: 0.2532  data: 0.1648  max mem: 266
Epoch: [95] Total time: 0:00:02 (0.2600 s / it)
Averaged stats: lr: 0.000037  loss: 31.1604 (31.2785)  loss_mal: 2.3223 (2.2485)  loss_bbox: 0.5539 (0.6000)  loss_giou: 0.7295 (0.8729)  loss_mal_aux_0: 1.5117 (1.4385)  loss_bbox_aux_0: 0.6853 (0.7256)  loss_giou_aux_0: 0.9725 (1.0295)  loss_mal_aux_1: 1.9834 (1.9512)  loss_bbox_aux_1: 0.5935 (0.6751)  loss_giou_aux_1: 0.8551 (0.9423)  loss_mal_pre: 1.8350 (1.8463)  loss_bbox_pre: 0.6926 (0.7158)  loss_giou_pre: 0.9557 (0.9964)  loss_mal_enc_0: 1.6094 (1.5765)  loss_bbox_enc_0: 0.9094 (0.9117)  loss_giou_enc_0: 1.0602 (1.1053)  loss_mal_dn_0: 1.0801 (1.0682)  loss_bbox_dn_0: 0.8118 (0.8390)  loss_giou_dn_0: 1.1987 (1.2162)  loss_mal_dn_1: 1.8135 (1.7660)  loss_bbox_dn_1: 0.7011 (0.7116)  loss_giou_dn_1: 0.9852 (1.0189)  loss_mal_dn_2: 2.0254 (2.0027)  loss_bbox_dn_2: 0.6583 (0.6610)  loss_giou_dn_2: 0.8928 (0.9445)  loss_mal_dn_pre: 1.3604 (1.3531)  loss_bbox_dn_pre: 0.8183 (0.8391)  loss_giou_dn_pre: 1.2027 (1.2225)
Test:  [0/4]  eta: 0:00:02    time: 0.6310  data: 0.6135  max mem: 266
Test:  [3/4]  eta: 0:00:00    time: 0.2046  data: 0.1540  max mem: 266
Test: Total time: 0:00:00 (0.2238 s / it)
Averaged stats: 
Accumulating evaluation results...
COCOeval_opt.accumulate() finished...
DONE (t=0.00s).
IoU metric: bbox
 Average Precision  (AP) @[ IoU=0.50:0.95 | area=   all | maxDets=100 ] = 0.028
 Average Precision  (AP) @[ IoU=0.50      | area=   all | maxDets=100 ] = 0.078
 Average Precision  (AP) @[ IoU=0.75      | area=   all | maxDets=100 ] = 0.017
 Average Precision  (AP) @[ IoU=0.50:0.95 | area= small | maxDets=100 ] = -1.000
 Average Precision  (AP) @[ IoU=0.50:0.95 | area=medium | maxDets=100 ] = -1.000
 Average Precision  (AP) @[ IoU=0.50:0.95 | area= large | maxDets=100 ] = 0.028
 Average Recall     (AR) @[ IoU=0.50:0.95 | area=   all | maxDets=  1 ] = 0.050
 Average Recall     (AR) @[ IoU=0.50:0.95 | area=   all | maxDets= 10 ] = 0.217
 Average Recall     (AR) @[ IoU=0.50:0.95 | area=   all | maxDets=100 ] = 0.673
 Average Recall     (AR) @[ IoU=0.50:0.95 | area= small | maxDets=100 ] = -1.000
 Average Recall     (AR) @[ IoU=0.50:0.95 | area=medium | maxDets=100 ] = -1.000
 Average Recall     (AR) @[ IoU=0.50:0.95 | area= large | maxDets=100 ] = 0.673
 Average Recall     (AR) @[ IoU=0.50      | area=   all | maxDets=100 ] = 1.000
 Average Recall     (AR) @[ IoU=0.75      | area=   all | maxDets=100 ] = 0.800
best_stat: {'epoch': 84, 'coco_eval_bbox': 0.030074352761121952}
Epoch: [96]  [0/8]  eta: 0:00:08  lr: 0.000037  loss: 29.6768 (29.6768)  loss_mal: 1.4062 (1.4062)  loss_bbox: 0.6917 (0.6917)  loss_giou: 1.2565 (1.2565)  loss_mal_aux_0: 0.7866 (0.7866)  loss_bbox_aux_0: 0.9808 (0.9808)  loss_giou_aux_0: 1.4545 (1.4545)  loss_mal_aux_1: 1.2637 (1.2637)  loss_bbox_aux_1: 0.7145 (0.7145)  loss_giou_aux_1: 1.2750 (1.2750)  loss_mal_pre: 0.8965 (0.8965)  loss_bbox_pre: 1.0875 (1.0875)  loss_giou_pre: 1.4531 (1.4531)  loss_mal_enc_0: 0.8027 (0.8027)  loss_bbox_enc_0: 1.3976 (1.3976)  loss_giou_enc_0: 1.4450 (1.4450)  loss_mal_dn_0: 1.0107 (1.0107)  loss_bbox_dn_0: 0.6255 (0.6255)  loss_giou_dn_0: 1.2369 (1.2369)  loss_mal_dn_1: 1.7461 (1.7461)  loss_bbox_dn_1: 0.5227 (0.5227)  loss_giou_dn_1: 1.0196 (1.0196)  loss_mal_dn_2: 1.9678 (1.9678)  loss_bbox_dn_2: 0.4923 (0.4923)  loss_giou_dn_2: 0.9596 (0.9596)  loss_mal_dn_pre: 1.3174 (1.3174)  loss_bbox_dn_pre: 0.6220 (0.6220)  loss_giou_dn_pre: 1.2443 (1.2443)  time: 1.0877  data: 0.9922  max mem: 266
Epoch: [96]  [7/8]  eta: 0:00:00  lr: 0.000038  loss: 31.6106 (32.3986)  loss_mal: 2.2871 (2.2903)  loss_bbox: 0.6832 (0.6560)  loss_giou: 0.7868 (0.8285)  loss_mal_aux_0: 1.7373 (1.5629)  loss_bbox_aux_0: 0.7588 (0.8660)  loss_giou_aux_0: 0.9591 (0.9887)  loss_mal_aux_1: 2.2637 (2.2195)  loss_bbox_aux_1: 0.7145 (0.6588)  loss_giou_aux_1: 0.7473 (0.8243)  loss_mal_pre: 2.0391 (1.8853)  loss_bbox_pre: 0.8285 (0.9047)  loss_giou_pre: 0.9339 (0.9884)  loss_mal_enc_0: 1.5186 (1.4984)  loss_bbox_enc_0: 1.0071 (1.0254)  loss_giou_enc_0: 1.0535 (1.1265)  loss_mal_dn_0: 1.0645 (1.0745)  loss_bbox_dn_0: 0.8267 (0.9612)  loss_giou_dn_0: 1.1995 (1.1963)  loss_mal_dn_1: 1.7461 (1.8463)  loss_bbox_dn_1: 0.5808 (0.7896)  loss_giou_dn_1: 0.9623 (0.9660)  loss_mal_dn_2: 1.9932 (2.0653)  loss_bbox_dn_2: 0.5475 (0.7404)  loss_giou_dn_2: 0.9052 (0.8992)  loss_mal_dn_pre: 1.3584 (1.3871)  loss_bbox_dn_pre: 0.8275 (0.9533)  loss_giou_dn_pre: 1.2054 (1.1958)  time: 0.2171  data: 0.1256  max mem: 266
Epoch: [96] Total time: 0:00:01 (0.2230 s / it)
Averaged stats: lr: 0.000038  loss: 31.6106 (32.3986)  loss_mal: 2.2871 (2.2903)  loss_bbox: 0.6832 (0.6560)  loss_giou: 0.7868 (0.8285)  loss_mal_aux_0: 1.7373 (1.5629)  loss_bbox_aux_0: 0.7588 (0.8660)  loss_giou_aux_0: 0.9591 (0.9887)  loss_mal_aux_1: 2.2637 (2.2195)  loss_bbox_aux_1: 0.7145 (0.6588)  loss_giou_aux_1: 0.7473 (0.8243)  loss_mal_pre: 2.0391 (1.8853)  loss_bbox_pre: 0.8285 (0.9047)  loss_giou_pre: 0.9339 (0.9884)  loss_mal_enc_0: 1.5186 (1.4984)  loss_bbox_enc_0: 1.0071 (1.0254)  loss_giou_enc_0: 1.0535 (1.1265)  loss_mal_dn_0: 1.0645 (1.0745)  loss_bbox_dn_0: 0.8267 (0.9612)  loss_giou_dn_0: 1.1995 (1.1963)  loss_mal_dn_1: 1.7461 (1.8463)  loss_bbox_dn_1: 0.5808 (0.7896)  loss_giou_dn_1: 0.9623 (0.9660)  loss_mal_dn_2: 1.9932 (2.0653)  loss_bbox_dn_2: 0.5475 (0.7404)  loss_giou_dn_2: 0.9052 (0.8992)  loss_mal_dn_pre: 1.3584 (1.3871)  loss_bbox_dn_pre: 0.8275 (0.9533)  loss_giou_dn_pre: 1.2054 (1.1958)
Test:  [0/4]  eta: 0:00:02    time: 0.6061  data: 0.5863  max mem: 266
Test:  [3/4]  eta: 0:00:00    time: 0.1670  data: 0.1472  max mem: 266
Test: Total time: 0:00:00 (0.1872 s / it)
Averaged stats: 
Accumulating evaluation results...
COCOeval_opt.accumulate() finished...
DONE (t=0.00s).
IoU metric: bbox
 Average Precision  (AP) @[ IoU=0.50:0.95 | area=   all | maxDets=100 ] = 0.029
 Average Precision  (AP) @[ IoU=0.50      | area=   all | maxDets=100 ] = 0.067
 Average Precision  (AP) @[ IoU=0.75      | area=   all | maxDets=100 ] = 0.016
 Average Precision  (AP) @[ IoU=0.50:0.95 | area= small | maxDets=100 ] = -1.000
 Average Precision  (AP) @[ IoU=0.50:0.95 | area=medium | maxDets=100 ] = -1.000
 Average Precision  (AP) @[ IoU=0.50:0.95 | area= large | maxDets=100 ] = 0.029
 Average Recall     (AR) @[ IoU=0.50:0.95 | area=   all | maxDets=  1 ] = 0.047
 Average Recall     (AR) @[ IoU=0.50:0.95 | area=   all | maxDets= 10 ] = 0.163
 Average Recall     (AR) @[ IoU=0.50:0.95 | area=   all | maxDets=100 ] = 0.663
 Average Recall     (AR) @[ IoU=0.50:0.95 | area= small | maxDets=100 ] = -1.000
 Average Recall     (AR) @[ IoU=0.50:0.95 | area=medium | maxDets=100 ] = -1.000
 Average Recall     (AR) @[ IoU=0.50:0.95 | area= large | maxDets=100 ] = 0.663
 Average Recall     (AR) @[ IoU=0.50      | area=   all | maxDets=100 ] = 1.000
 Average Recall     (AR) @[ IoU=0.75      | area=   all | maxDets=100 ] = 0.733
best_stat: {'epoch': 84, 'coco_eval_bbox': 0.030074352761121952}
Epoch: [97]  [0/8]  eta: 0:00:06  lr: 0.000038  loss: 30.9333 (30.9333)  loss_mal: 2.7676 (2.7676)  loss_bbox: 0.3496 (0.3496)  loss_giou: 0.6140 (0.6140)  loss_mal_aux_0: 1.6885 (1.6885)  loss_bbox_aux_0: 0.4248 (0.4248)  loss_giou_aux_0: 0.8010 (0.8010)  loss_mal_aux_1: 2.3496 (2.3496)  loss_bbox_aux_1: 0.3903 (0.3903)  loss_giou_aux_1: 0.6981 (0.6981)  loss_mal_pre: 2.2148 (2.2148)  loss_bbox_pre: 0.4584 (0.4584)  loss_giou_pre: 0.8032 (0.8032)  loss_mal_enc_0: 1.9561 (1.9561)  loss_bbox_enc_0: 0.7547 (0.7547)  loss_giou_enc_0: 0.8927 (0.8927)  loss_mal_dn_0: 1.1250 (1.1250)  loss_bbox_dn_0: 0.8577 (0.8577)  loss_giou_dn_0: 1.1664 (1.1664)  loss_mal_dn_1: 1.9424 (1.9424)  loss_bbox_dn_1: 0.6577 (0.6577)  loss_giou_dn_1: 0.9074 (0.9074)  loss_mal_dn_2: 2.1895 (2.1895)  loss_bbox_dn_2: 0.6018 (0.6018)  loss_giou_dn_2: 0.8267 (0.8267)  loss_mal_dn_pre: 1.4844 (1.4844)  loss_bbox_dn_pre: 0.8511 (0.8511)  loss_giou_dn_pre: 1.1599 (1.1599)  time: 0.7651  data: 0.6253  max mem: 266
Epoch: [97]  [7/8]  eta: 0:00:00  lr: 0.000038  loss: 31.4202 (32.1493)  loss_mal: 2.7148 (2.5118)  loss_bbox: 0.4427 (0.5133)  loss_giou: 0.6143 (0.7289)  loss_mal_aux_0: 1.6719 (1.6305)  loss_bbox_aux_0: 0.5944 (0.7307)  loss_giou_aux_0: 0.8168 (0.9127)  loss_mal_aux_1: 2.3008 (2.2717)  loss_bbox_aux_1: 0.5019 (0.6099)  loss_giou_aux_1: 0.6981 (0.7786)  loss_mal_pre: 2.1309 (2.0488)  loss_bbox_pre: 0.5482 (0.7068)  loss_giou_pre: 0.8032 (0.9057)  loss_mal_enc_0: 1.7422 (1.7245)  loss_bbox_enc_0: 0.9039 (0.9624)  loss_giou_enc_0: 0.9060 (1.0410)  loss_mal_dn_0: 1.0732 (1.0686)  loss_bbox_dn_0: 0.8577 (0.9729)  loss_giou_dn_0: 1.1867 (1.1965)  loss_mal_dn_1: 1.8047 (1.8005)  loss_bbox_dn_1: 0.6920 (0.8121)  loss_giou_dn_1: 0.9622 (0.9747)  loss_mal_dn_2: 1.9814 (2.0000)  loss_bbox_dn_2: 0.6200 (0.7752)  loss_giou_dn_2: 0.8728 (0.9205)  loss_mal_dn_pre: 1.3887 (1.3936)  loss_bbox_dn_pre: 0.8511 (0.9644)  loss_giou_dn_pre: 1.1887 (1.1928)  time: 0.2272  data: 0.1459  max mem: 266
Epoch: [97] Total time: 0:00:01 (0.2337 s / it)
Averaged stats: lr: 0.000038  loss: 31.4202 (32.1493)  loss_mal: 2.7148 (2.5118)  loss_bbox: 0.4427 (0.5133)  loss_giou: 0.6143 (0.7289)  loss_mal_aux_0: 1.6719 (1.6305)  loss_bbox_aux_0: 0.5944 (0.7307)  loss_giou_aux_0: 0.8168 (0.9127)  loss_mal_aux_1: 2.3008 (2.2717)  loss_bbox_aux_1: 0.5019 (0.6099)  loss_giou_aux_1: 0.6981 (0.7786)  loss_mal_pre: 2.1309 (2.0488)  loss_bbox_pre: 0.5482 (0.7068)  loss_giou_pre: 0.8032 (0.9057)  loss_mal_enc_0: 1.7422 (1.7245)  loss_bbox_enc_0: 0.9039 (0.9624)  loss_giou_enc_0: 0.9060 (1.0410)  loss_mal_dn_0: 1.0732 (1.0686)  loss_bbox_dn_0: 0.8577 (0.9729)  loss_giou_dn_0: 1.1867 (1.1965)  loss_mal_dn_1: 1.8047 (1.8005)  loss_bbox_dn_1: 0.6920 (0.8121)  loss_giou_dn_1: 0.9622 (0.9747)  loss_mal_dn_2: 1.9814 (2.0000)  loss_bbox_dn_2: 0.6200 (0.7752)  loss_giou_dn_2: 0.8728 (0.9205)  loss_mal_dn_pre: 1.3887 (1.3936)  loss_bbox_dn_pre: 0.8511 (0.9644)  loss_giou_dn_pre: 1.1887 (1.1928)
Test:  [0/4]  eta: 0:00:02    time: 0.6763  data: 0.6570  max mem: 266
Test:  [3/4]  eta: 0:00:00    time: 0.1807  data: 0.1649  max mem: 266
Test: Total time: 0:00:00 (0.2016 s / it)
Averaged stats: 
Accumulating evaluation results...
COCOeval_opt.accumulate() finished...
DONE (t=0.00s).
IoU metric: bbox
 Average Precision  (AP) @[ IoU=0.50:0.95 | area=   all | maxDets=100 ] = 0.037
 Average Precision  (AP) @[ IoU=0.50      | area=   all | maxDets=100 ] = 0.094
 Average Precision  (AP) @[ IoU=0.75      | area=   all | maxDets=100 ] = 0.027
 Average Precision  (AP) @[ IoU=0.50:0.95 | area= small | maxDets=100 ] = -1.000
 Average Precision  (AP) @[ IoU=0.50:0.95 | area=medium | maxDets=100 ] = -1.000
 Average Precision  (AP) @[ IoU=0.50:0.95 | area= large | maxDets=100 ] = 0.037
 Average Recall     (AR) @[ IoU=0.50:0.95 | area=   all | maxDets=  1 ] = 0.057
 Average Recall     (AR) @[ IoU=0.50:0.95 | area=   all | maxDets= 10 ] = 0.287
 Average Recall     (AR) @[ IoU=0.50:0.95 | area=   all | maxDets=100 ] = 0.697
 Average Recall     (AR) @[ IoU=0.50:0.95 | area= small | maxDets=100 ] = -1.000
 Average Recall     (AR) @[ IoU=0.50:0.95 | area=medium | maxDets=100 ] = -1.000
 Average Recall     (AR) @[ IoU=0.50:0.95 | area= large | maxDets=100 ] = 0.697
 Average Recall     (AR) @[ IoU=0.50      | area=   all | maxDets=100 ] = 1.000
 Average Recall     (AR) @[ IoU=0.75      | area=   all | maxDets=100 ] = 0.800
best_stat: {'epoch': 97, 'coco_eval_bbox': 0.03730230846539898}
Epoch: [98]  [0/8]  eta: 0:00:07  lr: 0.000038  loss: 31.6883 (31.6883)  loss_mal: 2.2754 (2.2754)  loss_bbox: 0.6485 (0.6485)  loss_giou: 0.7972 (0.7972)  loss_mal_aux_0: 1.6768 (1.6768)  loss_bbox_aux_0: 0.7153 (0.7153)  loss_giou_aux_0: 0.8679 (0.8679)  loss_mal_aux_1: 2.2402 (2.2402)  loss_bbox_aux_1: 0.7061 (0.7061)  loss_giou_aux_1: 0.7943 (0.7943)  loss_mal_pre: 2.0898 (2.0898)  loss_bbox_pre: 0.7332 (0.7332)  loss_giou_pre: 0.8658 (0.8658)  loss_mal_enc_0: 1.6396 (1.6396)  loss_bbox_enc_0: 0.8467 (0.8467)  loss_giou_enc_0: 1.0323 (1.0323)  loss_mal_dn_0: 1.0723 (1.0723)  loss_bbox_dn_0: 0.8733 (0.8733)  loss_giou_dn_0: 1.2081 (1.2081)  loss_mal_dn_1: 1.8174 (1.8174)  loss_bbox_dn_1: 0.7195 (0.7195)  loss_giou_dn_1: 0.9602 (0.9602)  loss_mal_dn_2: 2.0762 (2.0762)  loss_bbox_dn_2: 0.6754 (0.6754)  loss_giou_dn_2: 0.8885 (0.8885)  loss_mal_dn_pre: 1.3896 (1.3896)  loss_bbox_dn_pre: 0.8705 (0.8705)  loss_giou_dn_pre: 1.2082 (1.2082)  time: 0.8956  data: 0.8136  max mem: 266
Epoch: [98]  [7/8]  eta: 0:00:00  lr: 0.000039  loss: 31.6883 (31.9845)  loss_mal: 2.3164 (2.4861)  loss_bbox: 0.5029 (0.5442)  loss_giou: 0.6840 (0.7204)  loss_mal_aux_0: 1.4756 (1.5568)  loss_bbox_aux_0: 0.7257 (0.7508)  loss_giou_aux_0: 0.9489 (0.9332)  loss_mal_aux_1: 2.2402 (2.2177)  loss_bbox_aux_1: 0.5862 (0.6256)  loss_giou_aux_1: 0.7088 (0.8039)  loss_mal_pre: 1.9199 (1.9408)  loss_bbox_pre: 0.7332 (0.7463)  loss_giou_pre: 0.9144 (0.9362)  loss_mal_enc_0: 1.6396 (1.6754)  loss_bbox_enc_0: 0.8467 (0.9120)  loss_giou_enc_0: 1.0323 (1.0305)  loss_mal_dn_0: 1.0664 (1.0830)  loss_bbox_dn_0: 0.8733 (0.9664)  loss_giou_dn_0: 1.1567 (1.1689)  loss_mal_dn_1: 1.8633 (1.8347)  loss_bbox_dn_1: 0.7791 (0.8158)  loss_giou_dn_1: 0.9277 (0.9423)  loss_mal_dn_2: 2.0762 (2.0702)  loss_bbox_dn_2: 0.7178 (0.7735)  loss_giou_dn_2: 0.8441 (0.8786)  loss_mal_dn_pre: 1.4229 (1.4332)  loss_bbox_dn_pre: 0.8705 (0.9669)  loss_giou_dn_pre: 1.1622 (1.1711)  time: 0.2329  data: 0.1633  max mem: 266
Epoch: [98] Total time: 0:00:01 (0.2415 s / it)
Averaged stats: lr: 0.000039  loss: 31.6883 (31.9845)  loss_mal: 2.3164 (2.4861)  loss_bbox: 0.5029 (0.5442)  loss_giou: 0.6840 (0.7204)  loss_mal_aux_0: 1.4756 (1.5568)  loss_bbox_aux_0: 0.7257 (0.7508)  loss_giou_aux_0: 0.9489 (0.9332)  loss_mal_aux_1: 2.2402 (2.2177)  loss_bbox_aux_1: 0.5862 (0.6256)  loss_giou_aux_1: 0.7088 (0.8039)  loss_mal_pre: 1.9199 (1.9408)  loss_bbox_pre: 0.7332 (0.7463)  loss_giou_pre: 0.9144 (0.9362)  loss_mal_enc_0: 1.6396 (1.6754)  loss_bbox_enc_0: 0.8467 (0.9120)  loss_giou_enc_0: 1.0323 (1.0305)  loss_mal_dn_0: 1.0664 (1.0830)  loss_bbox_dn_0: 0.8733 (0.9664)  loss_giou_dn_0: 1.1567 (1.1689)  loss_mal_dn_1: 1.8633 (1.8347)  loss_bbox_dn_1: 0.7791 (0.8158)  loss_giou_dn_1: 0.9277 (0.9423)  loss_mal_dn_2: 2.0762 (2.0702)  loss_bbox_dn_2: 0.7178 (0.7735)  loss_giou_dn_2: 0.8441 (0.8786)  loss_mal_dn_pre: 1.4229 (1.4332)  loss_bbox_dn_pre: 0.8705 (0.9669)  loss_giou_dn_pre: 1.1622 (1.1711)
Test:  [0/4]  eta: 0:00:02    time: 0.7128  data: 0.6899  max mem: 266
Test:  [3/4]  eta: 0:00:00    time: 0.1967  data: 0.1732  max mem: 266
Test: Total time: 0:00:00 (0.2182 s / it)
Averaged stats: 
Accumulating evaluation results...
COCOeval_opt.accumulate() finished...
DONE (t=0.00s).
IoU metric: bbox
 Average Precision  (AP) @[ IoU=0.50:0.95 | area=   all | maxDets=100 ] = 0.032
 Average Precision  (AP) @[ IoU=0.50      | area=   all | maxDets=100 ] = 0.067
 Average Precision  (AP) @[ IoU=0.75      | area=   all | maxDets=100 ] = 0.024
 Average Precision  (AP) @[ IoU=0.50:0.95 | area= small | maxDets=100 ] = -1.000
 Average Precision  (AP) @[ IoU=0.50:0.95 | area=medium | maxDets=100 ] = -1.000
 Average Precision  (AP) @[ IoU=0.50:0.95 | area= large | maxDets=100 ] = 0.032
 Average Recall     (AR) @[ IoU=0.50:0.95 | area=   all | maxDets=  1 ] = 0.093
 Average Recall     (AR) @[ IoU=0.50:0.95 | area=   all | maxDets= 10 ] = 0.330
 Average Recall     (AR) @[ IoU=0.50:0.95 | area=   all | maxDets=100 ] = 0.703
 Average Recall     (AR) @[ IoU=0.50:0.95 | area= small | maxDets=100 ] = -1.000
 Average Recall     (AR) @[ IoU=0.50:0.95 | area=medium | maxDets=100 ] = -1.000
 Average Recall     (AR) @[ IoU=0.50:0.95 | area= large | maxDets=100 ] = 0.703
 Average Recall     (AR) @[ IoU=0.50      | area=   all | maxDets=100 ] = 1.000
 Average Recall     (AR) @[ IoU=0.75      | area=   all | maxDets=100 ] = 0.833
best_stat: {'epoch': 97, 'coco_eval_bbox': 0.03730230846539898}
Epoch: [99]  [0/8]  eta: 0:00:09  lr: 0.000039  loss: 29.1338 (29.1338)  loss_mal: 1.8672 (1.8672)  loss_bbox: 0.5677 (0.5677)  loss_giou: 1.0263 (1.0263)  loss_mal_aux_0: 1.2900 (1.2900)  loss_bbox_aux_0: 0.6813 (0.6813)  loss_giou_aux_0: 1.0864 (1.0864)  loss_mal_aux_1: 1.7998 (1.7998)  loss_bbox_aux_1: 0.5362 (0.5362)  loss_giou_aux_1: 0.9735 (0.9735)  loss_mal_pre: 1.7412 (1.7412)  loss_bbox_pre: 0.6573 (0.6573)  loss_giou_pre: 1.0431 (1.0431)  loss_mal_enc_0: 1.2168 (1.2168)  loss_bbox_enc_0: 0.8625 (0.8625)  loss_giou_enc_0: 1.2529 (1.2529)  loss_mal_dn_0: 0.9575 (0.9575)  loss_bbox_dn_0: 0.6940 (0.6940)  loss_giou_dn_0: 1.2429 (1.2429)  loss_mal_dn_1: 1.4854 (1.4854)  loss_bbox_dn_1: 0.5703 (0.5703)  loss_giou_dn_1: 1.1207 (1.1207)  loss_mal_dn_2: 1.5996 (1.5996)  loss_bbox_dn_2: 0.5630 (0.5630)  loss_giou_dn_2: 1.0668 (1.0668)  loss_mal_dn_pre: 1.3213 (1.3213)  loss_bbox_dn_pre: 0.6748 (0.6748)  loss_giou_dn_pre: 1.2351 (1.2351)  time: 1.1297  data: 1.0487  max mem: 266
Epoch: [99]  [7/8]  eta: 0:00:00  lr: 0.000040  loss: 29.5494 (30.3721)  loss_mal: 1.8672 (2.1544)  loss_bbox: 0.5677 (0.5765)  loss_giou: 0.9088 (0.8552)  loss_mal_aux_0: 1.2354 (1.3632)  loss_bbox_aux_0: 0.6813 (0.6880)  loss_giou_aux_0: 1.0318 (1.0023)  loss_mal_aux_1: 1.7930 (1.9229)  loss_bbox_aux_1: 0.5913 (0.6445)  loss_giou_aux_1: 0.9378 (0.9044)  loss_mal_pre: 1.7412 (1.8425)  loss_bbox_pre: 0.6313 (0.6660)  loss_giou_pre: 0.9361 (0.9857)  loss_mal_enc_0: 1.2500 (1.4607)  loss_bbox_enc_0: 0.8625 (0.9675)  loss_giou_enc_0: 1.1781 (1.1478)  loss_mal_dn_0: 1.0049 (1.0140)  loss_bbox_dn_0: 0.7388 (0.7961)  loss_giou_dn_0: 1.1844 (1.1977)  loss_mal_dn_1: 1.6465 (1.6517)  loss_bbox_dn_1: 0.6356 (0.6844)  loss_giou_dn_1: 1.0066 (1.0226)  loss_mal_dn_2: 1.8516 (1.8284)  loss_bbox_dn_2: 0.6083 (0.6549)  loss_giou_dn_2: 0.9262 (0.9653)  loss_mal_dn_pre: 1.3398 (1.3817)  loss_bbox_dn_pre: 0.7274 (0.7934)  loss_giou_dn_pre: 1.1897 (1.2005)  time: 0.2541  data: 0.1766  max mem: 266
Epoch: [99] Total time: 0:00:02 (0.2615 s / it)
Averaged stats: lr: 0.000040  loss: 29.5494 (30.3721)  loss_mal: 1.8672 (2.1544)  loss_bbox: 0.5677 (0.5765)  loss_giou: 0.9088 (0.8552)  loss_mal_aux_0: 1.2354 (1.3632)  loss_bbox_aux_0: 0.6813 (0.6880)  loss_giou_aux_0: 1.0318 (1.0023)  loss_mal_aux_1: 1.7930 (1.9229)  loss_bbox_aux_1: 0.5913 (0.6445)  loss_giou_aux_1: 0.9378 (0.9044)  loss_mal_pre: 1.7412 (1.8425)  loss_bbox_pre: 0.6313 (0.6660)  loss_giou_pre: 0.9361 (0.9857)  loss_mal_enc_0: 1.2500 (1.4607)  loss_bbox_enc_0: 0.8625 (0.9675)  loss_giou_enc_0: 1.1781 (1.1478)  loss_mal_dn_0: 1.0049 (1.0140)  loss_bbox_dn_0: 0.7388 (0.7961)  loss_giou_dn_0: 1.1844 (1.1977)  loss_mal_dn_1: 1.6465 (1.6517)  loss_bbox_dn_1: 0.6356 (0.6844)  loss_giou_dn_1: 1.0066 (1.0226)  loss_mal_dn_2: 1.8516 (1.8284)  loss_bbox_dn_2: 0.6083 (0.6549)  loss_giou_dn_2: 0.9262 (0.9653)  loss_mal_dn_pre: 1.3398 (1.3817)  loss_bbox_dn_pre: 0.7274 (0.7934)  loss_giou_dn_pre: 1.1897 (1.2005)
Test:  [0/4]  eta: 0:00:02    time: 0.7267  data: 0.7007  max mem: 266
Test:  [3/4]  eta: 0:00:00    time: 0.2001  data: 0.1759  max mem: 266
Test: Total time: 0:00:00 (0.2227 s / it)
Averaged stats: 
Accumulating evaluation results...
COCOeval_opt.accumulate() finished...
DONE (t=0.00s).
IoU metric: bbox
 Average Precision  (AP) @[ IoU=0.50:0.95 | area=   all | maxDets=100 ] = 0.031
 Average Precision  (AP) @[ IoU=0.50      | area=   all | maxDets=100 ] = 0.101
 Average Precision  (AP) @[ IoU=0.75      | area=   all | maxDets=100 ] = 0.025
 Average Precision  (AP) @[ IoU=0.50:0.95 | area= small | maxDets=100 ] = -1.000
 Average Precision  (AP) @[ IoU=0.50:0.95 | area=medium | maxDets=100 ] = -1.000
 Average Precision  (AP) @[ IoU=0.50:0.95 | area= large | maxDets=100 ] = 0.031
 Average Recall     (AR) @[ IoU=0.50:0.95 | area=   all | maxDets=  1 ] = 0.040
 Average Recall     (AR) @[ IoU=0.50:0.95 | area=   all | maxDets= 10 ] = 0.257
 Average Recall     (AR) @[ IoU=0.50:0.95 | area=   all | maxDets=100 ] = 0.640
 Average Recall     (AR) @[ IoU=0.50:0.95 | area= small | maxDets=100 ] = -1.000
 Average Recall     (AR) @[ IoU=0.50:0.95 | area=medium | maxDets=100 ] = -1.000
 Average Recall     (AR) @[ IoU=0.50:0.95 | area= large | maxDets=100 ] = 0.640
 Average Recall     (AR) @[ IoU=0.50      | area=   all | maxDets=100 ] = 1.000
 Average Recall     (AR) @[ IoU=0.75      | area=   all | maxDets=100 ] = 0.700
best_stat: {'epoch': 97, 'coco_eval_bbox': 0.03730230846539898}
Load last_epoch
Load model.state_dict
Load criterion.state_dict
Load postprocessor.state_dict
Load ema.state_dict
Load scaler.state_dict
Load optimizer.state_dict
Load lr_warmup_scheduler.state_dict
Refresh EMA at epoch 100 with decay 0.9999
Epoch: [100]  [0/8]  eta: 0:00:02  lr: 0.000040  loss: 32.6343 (32.6343)  loss_mal: 2.8418 (2.8418)  loss_bbox: 0.5307 (0.5307)  loss_giou: 0.5793 (0.5793)  loss_mal_aux_0: 1.7627 (1.7627)  loss_bbox_aux_0: 0.6952 (0.6952)  loss_giou_aux_0: 0.8086 (0.8086)  loss_mal_aux_1: 2.6816 (2.6816)  loss_bbox_aux_1: 0.4663 (0.4663)  loss_giou_aux_1: 0.5869 (0.5869)  loss_mal_pre: 2.2344 (2.2344)  loss_bbox_pre: 0.6954 (0.6954)  loss_giou_pre: 0.7916 (0.7916)  loss_mal_enc_0: 2.2949 (2.2949)  loss_bbox_enc_0: 0.6717 (0.6717)  loss_giou_enc_0: 0.7495 (0.7495)  loss_mal_dn_0: 1.0977 (1.0977)  loss_bbox_dn_0: 0.9941 (0.9941)  loss_giou_dn_0: 1.1804 (1.1804)  loss_mal_dn_1: 1.9717 (1.9717)  loss_bbox_dn_1: 0.7425 (0.7425)  loss_giou_dn_1: 0.8647 (0.8647)  loss_mal_dn_2: 2.3105 (2.3105)  loss_bbox_dn_2: 0.7028 (0.7028)  loss_giou_dn_2: 0.7757 (0.7757)  loss_mal_dn_pre: 1.4180 (1.4180)  loss_bbox_dn_pre: 0.9979 (0.9979)  loss_giou_dn_pre: 1.1877 (1.1877)  time: 0.3585  data: 0.2570  max mem: 266
Epoch: [100]  [7/8]  eta: 0:00:00  lr: 0.000041  loss: 32.5762 (32.7376)  loss_mal: 2.9355 (2.9229)  loss_bbox: 0.4305 (0.4703)  loss_giou: 0.5216 (0.5472)  loss_mal_aux_0: 1.8525 (1.8733)  loss_bbox_aux_0: 0.5798 (0.6538)  loss_giou_aux_0: 0.7162 (0.7544)  loss_mal_aux_1: 2.6816 (2.6433)  loss_bbox_aux_1: 0.4663 (0.5077)  loss_giou_aux_1: 0.5867 (0.5956)  loss_mal_pre: 2.3047 (2.3489)  loss_bbox_pre: 0.5796 (0.6860)  loss_giou_pre: 0.7150 (0.7511)  loss_mal_enc_0: 2.1406 (2.1511)  loss_bbox_enc_0: 0.6717 (0.7594)  loss_giou_enc_0: 0.7996 (0.8226)  loss_mal_dn_0: 1.0977 (1.0887)  loss_bbox_dn_0: 0.9941 (0.9947)  loss_giou_dn_0: 1.1585 (1.1658)  loss_mal_dn_1: 1.9229 (1.9478)  loss_bbox_dn_1: 0.7712 (0.7954)  loss_giou_dn_1: 0.8821 (0.8856)  loss_mal_dn_2: 2.1777 (2.2112)  loss_bbox_dn_2: 0.7058 (0.7509)  loss_giou_dn_2: 0.7955 (0.8097)  loss_mal_dn_pre: 1.4346 (1.4362)  loss_bbox_dn_pre: 0.9979 (0.9942)  loss_giou_dn_pre: 1.1610 (1.1698)  time: 0.1206  data: 0.0347  max mem: 266
Epoch: [100] Total time: 0:00:01 (0.1275 s / it)
Averaged stats: lr: 0.000041  loss: 32.5762 (32.7376)  loss_mal: 2.9355 (2.9229)  loss_bbox: 0.4305 (0.4703)  loss_giou: 0.5216 (0.5472)  loss_mal_aux_0: 1.8525 (1.8733)  loss_bbox_aux_0: 0.5798 (0.6538)  loss_giou_aux_0: 0.7162 (0.7544)  loss_mal_aux_1: 2.6816 (2.6433)  loss_bbox_aux_1: 0.4663 (0.5077)  loss_giou_aux_1: 0.5867 (0.5956)  loss_mal_pre: 2.3047 (2.3489)  loss_bbox_pre: 0.5796 (0.6860)  loss_giou_pre: 0.7150 (0.7511)  loss_mal_enc_0: 2.1406 (2.1511)  loss_bbox_enc_0: 0.6717 (0.7594)  loss_giou_enc_0: 0.7996 (0.8226)  loss_mal_dn_0: 1.0977 (1.0887)  loss_bbox_dn_0: 0.9941 (0.9947)  loss_giou_dn_0: 1.1585 (1.1658)  loss_mal_dn_1: 1.9229 (1.9478)  loss_bbox_dn_1: 0.7712 (0.7954)  loss_giou_dn_1: 0.8821 (0.8856)  loss_mal_dn_2: 2.1777 (2.2112)  loss_bbox_dn_2: 0.7058 (0.7509)  loss_giou_dn_2: 0.7955 (0.8097)  loss_mal_dn_pre: 1.4346 (1.4362)  loss_bbox_dn_pre: 0.9979 (0.9942)  loss_giou_dn_pre: 1.1610 (1.1698)
Test:  [0/4]  eta: 0:00:02    time: 0.6352  data: 0.6162  max mem: 266
Test:  [3/4]  eta: 0:00:00    time: 0.2077  data: 0.1547  max mem: 266
Test: Total time: 0:00:00 (0.2265 s / it)
Averaged stats: 
Accumulating evaluation results...
COCOeval_opt.accumulate() finished...
DONE (t=0.00s).
IoU metric: bbox
 Average Precision  (AP) @[ IoU=0.50:0.95 | area=   all | maxDets=100 ] = 0.033
 Average Precision  (AP) @[ IoU=0.50      | area=   all | maxDets=100 ] = 0.072
 Average Precision  (AP) @[ IoU=0.75      | area=   all | maxDets=100 ] = 0.037
 Average Precision  (AP) @[ IoU=0.50:0.95 | area= small | maxDets=100 ] = -1.000
 Average Precision  (AP) @[ IoU=0.50:0.95 | area=medium | maxDets=100 ] = -1.000
 Average Precision  (AP) @[ IoU=0.50:0.95 | area= large | maxDets=100 ] = 0.033
 Average Recall     (AR) @[ IoU=0.50:0.95 | area=   all | maxDets=  1 ] = 0.030
 Average Recall     (AR) @[ IoU=0.50:0.95 | area=   all | maxDets= 10 ] = 0.320
 Average Recall     (AR) @[ IoU=0.50:0.95 | area=   all | maxDets=100 ] = 0.623
 Average Recall     (AR) @[ IoU=0.50:0.95 | area= small | maxDets=100 ] = -1.000
 Average Recall     (AR) @[ IoU=0.50:0.95 | area=medium | maxDets=100 ] = -1.000
 Average Recall     (AR) @[ IoU=0.50:0.95 | area= large | maxDets=100 ] = 0.623
 Average Recall     (AR) @[ IoU=0.50      | area=   all | maxDets=100 ] = 0.933
 Average Recall     (AR) @[ IoU=0.75      | area=   all | maxDets=100 ] = 0.767
best_stat: {'epoch': 97, 'coco_eval_bbox': 0.03730230846539898}
Load last_epoch
Load model.state_dict
Load criterion.state_dict
Load postprocessor.state_dict
Load ema.state_dict
Load scaler.state_dict
Load optimizer.state_dict
Load lr_warmup_scheduler.state_dict
Refresh EMA at epoch 100 with decay 0.9998
Epoch: [101]  [0/8]  eta: 0:00:03  lr: 0.000041  loss: 32.5008 (32.5008)  loss_mal: 2.0000 (2.0000)  loss_bbox: 0.8730 (0.8730)  loss_giou: 0.9608 (0.9608)  loss_mal_aux_0: 1.4033 (1.4033)  loss_bbox_aux_0: 1.0232 (1.0232)  loss_giou_aux_0: 1.0941 (1.0941)  loss_mal_aux_1: 1.6768 (1.6768)  loss_bbox_aux_1: 0.9461 (0.9461)  loss_giou_aux_1: 0.9923 (0.9923)  loss_mal_pre: 1.6416 (1.6416)  loss_bbox_pre: 0.9857 (0.9857)  loss_giou_pre: 1.1286 (1.1286)  loss_mal_enc_0: 1.4883 (1.4883)  loss_bbox_enc_0: 1.2317 (1.2317)  loss_giou_enc_0: 1.1303 (1.1303)  loss_mal_dn_0: 1.0410 (1.0410)  loss_bbox_dn_0: 0.9611 (0.9611)  loss_giou_dn_0: 1.2083 (1.2083)  loss_mal_dn_1: 1.7822 (1.7822)  loss_bbox_dn_1: 0.7591 (0.7591)  loss_giou_dn_1: 0.9671 (0.9671)  loss_mal_dn_2: 2.0273 (2.0273)  loss_bbox_dn_2: 0.7270 (0.7270)  loss_giou_dn_2: 0.9190 (0.9190)  loss_mal_dn_pre: 1.3584 (1.3584)  loss_bbox_dn_pre: 0.9578 (0.9578)  loss_giou_dn_pre: 1.2167 (1.2167)  time: 0.3829  data: 0.2854  max mem: 266
Epoch: [101]  [7/8]  eta: 0:00:00  lr: 0.000042  loss: 32.5008 (32.6766)  loss_mal: 2.9609 (2.9304)  loss_bbox: 0.4050 (0.4611)  loss_giou: 0.4976 (0.5525)  loss_mal_aux_0: 1.9912 (1.9572)  loss_bbox_aux_0: 0.5882 (0.6310)  loss_giou_aux_0: 0.7043 (0.7404)  loss_mal_aux_1: 2.7031 (2.6212)  loss_bbox_aux_1: 0.4215 (0.5219)  loss_giou_aux_1: 0.5513 (0.6061)  loss_mal_pre: 2.4902 (2.3828)  loss_bbox_pre: 0.5827 (0.6436)  loss_giou_pre: 0.6806 (0.7523)  loss_mal_enc_0: 1.9990 (2.1459)  loss_bbox_enc_0: 0.7292 (0.7395)  loss_giou_enc_0: 0.8120 (0.8225)  loss_mal_dn_0: 1.1084 (1.0995)  loss_bbox_dn_0: 0.9611 (0.9774)  loss_giou_dn_0: 1.1482 (1.1565)  loss_mal_dn_1: 1.9004 (1.9427)  loss_bbox_dn_1: 0.7591 (0.7718)  loss_giou_dn_1: 0.8908 (0.8846)  loss_mal_dn_2: 2.1602 (2.1926)  loss_bbox_dn_2: 0.7088 (0.7335)  loss_giou_dn_2: 0.8120 (0.8185)  loss_mal_dn_pre: 1.4521 (1.4552)  loss_bbox_dn_pre: 0.9578 (0.9760)  loss_giou_dn_pre: 1.1496 (1.1598)  time: 0.1333  data: 0.0383  max mem: 266
Epoch: [101] Total time: 0:00:01 (0.1392 s / it)
Averaged stats: lr: 0.000042  loss: 32.5008 (32.6766)  loss_mal: 2.9609 (2.9304)  loss_bbox: 0.4050 (0.4611)  loss_giou: 0.4976 (0.5525)  loss_mal_aux_0: 1.9912 (1.9572)  loss_bbox_aux_0: 0.5882 (0.6310)  loss_giou_aux_0: 0.7043 (0.7404)  loss_mal_aux_1: 2.7031 (2.6212)  loss_bbox_aux_1: 0.4215 (0.5219)  loss_giou_aux_1: 0.5513 (0.6061)  loss_mal_pre: 2.4902 (2.3828)  loss_bbox_pre: 0.5827 (0.6436)  loss_giou_pre: 0.6806 (0.7523)  loss_mal_enc_0: 1.9990 (2.1459)  loss_bbox_enc_0: 0.7292 (0.7395)  loss_giou_enc_0: 0.8120 (0.8225)  loss_mal_dn_0: 1.1084 (1.0995)  loss_bbox_dn_0: 0.9611 (0.9774)  loss_giou_dn_0: 1.1482 (1.1565)  loss_mal_dn_1: 1.9004 (1.9427)  loss_bbox_dn_1: 0.7591 (0.7718)  loss_giou_dn_1: 0.8908 (0.8846)  loss_mal_dn_2: 2.1602 (2.1926)  loss_bbox_dn_2: 0.7088 (0.7335)  loss_giou_dn_2: 0.8120 (0.8185)  loss_mal_dn_pre: 1.4521 (1.4552)  loss_bbox_dn_pre: 0.9578 (0.9760)  loss_giou_dn_pre: 1.1496 (1.1598)
Test:  [0/4]  eta: 0:00:02    time: 0.6645  data: 0.6419  max mem: 266
Test:  [3/4]  eta: 0:00:00    time: 0.1793  data: 0.1611  max mem: 266
Test: Total time: 0:00:00 (0.1969 s / it)
Averaged stats: 
Accumulating evaluation results...
COCOeval_opt.accumulate() finished...
DONE (t=0.00s).
IoU metric: bbox
 Average Precision  (AP) @[ IoU=0.50:0.95 | area=   all | maxDets=100 ] = 0.043
 Average Precision  (AP) @[ IoU=0.50      | area=   all | maxDets=100 ] = 0.095
 Average Precision  (AP) @[ IoU=0.75      | area=   all | maxDets=100 ] = 0.048
 Average Precision  (AP) @[ IoU=0.50:0.95 | area= small | maxDets=100 ] = -1.000
 Average Precision  (AP) @[ IoU=0.50:0.95 | area=medium | maxDets=100 ] = -1.000
 Average Precision  (AP) @[ IoU=0.50:0.95 | area= large | maxDets=100 ] = 0.043
 Average Recall     (AR) @[ IoU=0.50:0.95 | area=   all | maxDets=  1 ] = 0.053
 Average Recall     (AR) @[ IoU=0.50:0.95 | area=   all | maxDets= 10 ] = 0.313
 Average Recall     (AR) @[ IoU=0.50:0.95 | area=   all | maxDets=100 ] = 0.640
 Average Recall     (AR) @[ IoU=0.50:0.95 | area= small | maxDets=100 ] = -1.000
 Average Recall     (AR) @[ IoU=0.50:0.95 | area=medium | maxDets=100 ] = -1.000
 Average Recall     (AR) @[ IoU=0.50:0.95 | area= large | maxDets=100 ] = 0.640
 Average Recall     (AR) @[ IoU=0.50      | area=   all | maxDets=100 ] = 1.000
 Average Recall     (AR) @[ IoU=0.75      | area=   all | maxDets=100 ] = 0.700
best_stat: {'epoch': 101, 'coco_eval_bbox': 0.04324772052346162}
Epoch: [102]  [0/8]  eta: 0:00:02  lr: 0.000042  loss: 31.7643 (31.7643)  loss_mal: 2.6836 (2.6836)  loss_bbox: 0.4119 (0.4119)  loss_giou: 0.6014 (0.6014)  loss_mal_aux_0: 1.8721 (1.8721)  loss_bbox_aux_0: 0.5484 (0.5484)  loss_giou_aux_0: 0.7301 (0.7301)  loss_mal_aux_1: 2.5996 (2.5996)  loss_bbox_aux_1: 0.4538 (0.4538)  loss_giou_aux_1: 0.6195 (0.6195)  loss_mal_pre: 2.4102 (2.4102)  loss_bbox_pre: 0.5310 (0.5310)  loss_giou_pre: 0.7072 (0.7072)  loss_mal_enc_0: 2.2500 (2.2500)  loss_bbox_enc_0: 0.5762 (0.5762)  loss_giou_enc_0: 0.7477 (0.7477)  loss_mal_dn_0: 1.0088 (1.0088)  loss_bbox_dn_0: 1.0122 (1.0122)  loss_giou_dn_0: 1.1877 (1.1877)  loss_mal_dn_1: 1.8779 (1.8779)  loss_bbox_dn_1: 0.7754 (0.7754)  loss_giou_dn_1: 0.8888 (0.8888)  loss_mal_dn_2: 2.1055 (2.1055)  loss_bbox_dn_2: 0.7441 (0.7441)  loss_giou_dn_2: 0.8331 (0.8331)  loss_mal_dn_pre: 1.3662 (1.3662)  loss_bbox_dn_pre: 1.0207 (1.0207)  loss_giou_dn_pre: 1.2012 (1.2012)  time: 0.3489  data: 0.2598  max mem: 266
Epoch: [102]  [7/8]  eta: 0:00:00  lr: 0.000042  loss: 31.9026 (32.2139)  loss_mal: 2.7266 (2.8032)  loss_bbox: 0.4119 (0.4702)  loss_giou: 0.5537 (0.5699)  loss_mal_aux_0: 1.8721 (1.8691)  loss_bbox_aux_0: 0.5484 (0.6133)  loss_giou_aux_0: 0.7301 (0.7286)  loss_mal_aux_1: 2.6484 (2.6016)  loss_bbox_aux_1: 0.4538 (0.4873)  loss_giou_aux_1: 0.5619 (0.5832)  loss_mal_pre: 2.4102 (2.4482)  loss_bbox_pre: 0.5638 (0.6017)  loss_giou_pre: 0.7055 (0.7184)  loss_mal_enc_0: 2.2402 (2.2627)  loss_bbox_enc_0: 0.6262 (0.7056)  loss_giou_enc_0: 0.7477 (0.7630)  loss_mal_dn_0: 1.0732 (1.0655)  loss_bbox_dn_0: 0.9111 (0.9703)  loss_giou_dn_0: 1.1499 (1.1548)  loss_mal_dn_1: 1.8867 (1.9104)  loss_bbox_dn_1: 0.7738 (0.7637)  loss_giou_dn_1: 0.8761 (0.8719)  loss_mal_dn_2: 2.1133 (2.1522)  loss_bbox_dn_2: 0.6960 (0.7180)  loss_giou_dn_2: 0.7997 (0.8039)  loss_mal_dn_pre: 1.4453 (1.4514)  loss_bbox_dn_pre: 0.9111 (0.9689)  loss_giou_dn_pre: 1.1513 (1.1567)  time: 0.1187  data: 0.0382  max mem: 266
Epoch: [102] Total time: 0:00:00 (0.1247 s / it)
Averaged stats: lr: 0.000042  loss: 31.9026 (32.2139)  loss_mal: 2.7266 (2.8032)  loss_bbox: 0.4119 (0.4702)  loss_giou: 0.5537 (0.5699)  loss_mal_aux_0: 1.8721 (1.8691)  loss_bbox_aux_0: 0.5484 (0.6133)  loss_giou_aux_0: 0.7301 (0.7286)  loss_mal_aux_1: 2.6484 (2.6016)  loss_bbox_aux_1: 0.4538 (0.4873)  loss_giou_aux_1: 0.5619 (0.5832)  loss_mal_pre: 2.4102 (2.4482)  loss_bbox_pre: 0.5638 (0.6017)  loss_giou_pre: 0.7055 (0.7184)  loss_mal_enc_0: 2.2402 (2.2627)  loss_bbox_enc_0: 0.6262 (0.7056)  loss_giou_enc_0: 0.7477 (0.7630)  loss_mal_dn_0: 1.0732 (1.0655)  loss_bbox_dn_0: 0.9111 (0.9703)  loss_giou_dn_0: 1.1499 (1.1548)  loss_mal_dn_1: 1.8867 (1.9104)  loss_bbox_dn_1: 0.7738 (0.7637)  loss_giou_dn_1: 0.8761 (0.8719)  loss_mal_dn_2: 2.1133 (2.1522)  loss_bbox_dn_2: 0.6960 (0.7180)  loss_giou_dn_2: 0.7997 (0.8039)  loss_mal_dn_pre: 1.4453 (1.4514)  loss_bbox_dn_pre: 0.9111 (0.9689)  loss_giou_dn_pre: 1.1513 (1.1567)
Test:  [0/4]  eta: 0:00:02    time: 0.7279  data: 0.7090  max mem: 266
Test:  [3/4]  eta: 0:00:00    time: 0.1917  data: 0.1779  max mem: 266
Test: Total time: 0:00:00 (0.2104 s / it)
Averaged stats: 
Accumulating evaluation results...
COCOeval_opt.accumulate() finished...
DONE (t=0.00s).
IoU metric: bbox
 Average Precision  (AP) @[ IoU=0.50:0.95 | area=   all | maxDets=100 ] = 0.034
 Average Precision  (AP) @[ IoU=0.50      | area=   all | maxDets=100 ] = 0.069
 Average Precision  (AP) @[ IoU=0.75      | area=   all | maxDets=100 ] = 0.030
 Average Precision  (AP) @[ IoU=0.50:0.95 | area= small | maxDets=100 ] = -1.000
 Average Precision  (AP) @[ IoU=0.50:0.95 | area=medium | maxDets=100 ] = -1.000
 Average Precision  (AP) @[ IoU=0.50:0.95 | area= large | maxDets=100 ] = 0.034
 Average Recall     (AR) @[ IoU=0.50:0.95 | area=   all | maxDets=  1 ] = 0.047
 Average Recall     (AR) @[ IoU=0.50:0.95 | area=   all | maxDets= 10 ] = 0.283
 Average Recall     (AR) @[ IoU=0.50:0.95 | area=   all | maxDets=100 ] = 0.647
 Average Recall     (AR) @[ IoU=0.50:0.95 | area= small | maxDets=100 ] = -1.000
 Average Recall     (AR) @[ IoU=0.50:0.95 | area=medium | maxDets=100 ] = -1.000
 Average Recall     (AR) @[ IoU=0.50:0.95 | area= large | maxDets=100 ] = 0.647
 Average Recall     (AR) @[ IoU=0.50      | area=   all | maxDets=100 ] = 1.000
 Average Recall     (AR) @[ IoU=0.75      | area=   all | maxDets=100 ] = 0.700
best_stat: {'epoch': 101, 'coco_eval_bbox': 0.04324772052346162}
Load last_epoch
Load model.state_dict
Load criterion.state_dict
Load postprocessor.state_dict
Load ema.state_dict
Load scaler.state_dict
Load optimizer.state_dict
Load lr_warmup_scheduler.state_dict
Refresh EMA at epoch 102 with decay 0.9997
Epoch: [103]  [0/8]  eta: 0:00:02  lr: 0.000042  loss: 32.4126 (32.4126)  loss_mal: 3.2285 (3.2285)  loss_bbox: 0.3634 (0.3634)  loss_giou: 0.4485 (0.4485)  loss_mal_aux_0: 2.0293 (2.0293)  loss_bbox_aux_0: 0.5259 (0.5259)  loss_giou_aux_0: 0.6386 (0.6386)  loss_mal_aux_1: 3.0352 (3.0352)  loss_bbox_aux_1: 0.3824 (0.3824)  loss_giou_aux_1: 0.4522 (0.4522)  loss_mal_pre: 2.5586 (2.5586)  loss_bbox_pre: 0.5340 (0.5340)  loss_giou_pre: 0.6469 (0.6469)  loss_mal_enc_0: 2.3496 (2.3496)  loss_bbox_enc_0: 0.6497 (0.6497)  loss_giou_enc_0: 0.7600 (0.7600)  loss_mal_dn_0: 1.0439 (1.0439)  loss_bbox_dn_0: 0.8800 (0.8800)  loss_giou_dn_0: 1.1941 (1.1941)  loss_mal_dn_1: 1.9922 (1.9922)  loss_bbox_dn_1: 0.6780 (0.6780)  loss_giou_dn_1: 0.8808 (0.8808)  loss_mal_dn_2: 2.2852 (2.2852)  loss_bbox_dn_2: 0.6200 (0.6200)  loss_giou_dn_2: 0.7812 (0.7812)  loss_mal_dn_pre: 1.3838 (1.3838)  loss_bbox_dn_pre: 0.8783 (0.8783)  loss_giou_dn_pre: 1.1924 (1.1924)  time: 0.3682  data: 0.2650  max mem: 266
Epoch: [103]  [7/8]  eta: 0:00:00  lr: 0.000043  loss: 32.7807 (32.6923)  loss_mal: 2.8945 (2.9241)  loss_bbox: 0.4566 (0.4986)  loss_giou: 0.5261 (0.5520)  loss_mal_aux_0: 1.8604 (1.8313)  loss_bbox_aux_0: 0.5769 (0.6873)  loss_giou_aux_0: 0.7220 (0.7739)  loss_mal_aux_1: 2.7383 (2.6807)  loss_bbox_aux_1: 0.4776 (0.5463)  loss_giou_aux_1: 0.5538 (0.5933)  loss_mal_pre: 2.3047 (2.2898)  loss_bbox_pre: 0.5688 (0.7035)  loss_giou_pre: 0.7522 (0.7710)  loss_mal_enc_0: 2.0508 (2.0996)  loss_bbox_enc_0: 0.7165 (0.7700)  loss_giou_enc_0: 0.7907 (0.8549)  loss_mal_dn_0: 1.0439 (1.0809)  loss_bbox_dn_0: 0.8800 (0.9627)  loss_giou_dn_0: 1.1719 (1.1653)  loss_mal_dn_1: 1.9453 (1.9540)  loss_bbox_dn_1: 0.6933 (0.7643)  loss_giou_dn_1: 0.8748 (0.8826)  loss_mal_dn_2: 2.2188 (2.2147)  loss_bbox_dn_2: 0.6499 (0.7247)  loss_giou_dn_2: 0.7812 (0.8062)  loss_mal_dn_pre: 1.3838 (1.4332)  loss_bbox_dn_pre: 0.8783 (0.9595)  loss_giou_dn_pre: 1.1765 (1.1678)  time: 0.1353  data: 0.0356  max mem: 266
Epoch: [103] Total time: 0:00:01 (0.1424 s / it)
Averaged stats: lr: 0.000043  loss: 32.7807 (32.6923)  loss_mal: 2.8945 (2.9241)  loss_bbox: 0.4566 (0.4986)  loss_giou: 0.5261 (0.5520)  loss_mal_aux_0: 1.8604 (1.8313)  loss_bbox_aux_0: 0.5769 (0.6873)  loss_giou_aux_0: 0.7220 (0.7739)  loss_mal_aux_1: 2.7383 (2.6807)  loss_bbox_aux_1: 0.4776 (0.5463)  loss_giou_aux_1: 0.5538 (0.5933)  loss_mal_pre: 2.3047 (2.2898)  loss_bbox_pre: 0.5688 (0.7035)  loss_giou_pre: 0.7522 (0.7710)  loss_mal_enc_0: 2.0508 (2.0996)  loss_bbox_enc_0: 0.7165 (0.7700)  loss_giou_enc_0: 0.7907 (0.8549)  loss_mal_dn_0: 1.0439 (1.0809)  loss_bbox_dn_0: 0.8800 (0.9627)  loss_giou_dn_0: 1.1719 (1.1653)  loss_mal_dn_1: 1.9453 (1.9540)  loss_bbox_dn_1: 0.6933 (0.7643)  loss_giou_dn_1: 0.8748 (0.8826)  loss_mal_dn_2: 2.2188 (2.2147)  loss_bbox_dn_2: 0.6499 (0.7247)  loss_giou_dn_2: 0.7812 (0.8062)  loss_mal_dn_pre: 1.3838 (1.4332)  loss_bbox_dn_pre: 0.8783 (0.9595)  loss_giou_dn_pre: 1.1765 (1.1678)
Test:  [0/4]  eta: 0:00:02    time: 0.6645  data: 0.6253  max mem: 266
Test:  [3/4]  eta: 0:00:00    time: 0.1866  data: 0.1570  max mem: 266
Test: Total time: 0:00:00 (0.2060 s / it)
Averaged stats: 
Accumulating evaluation results...
COCOeval_opt.accumulate() finished...
DONE (t=0.00s).
IoU metric: bbox
 Average Precision  (AP) @[ IoU=0.50:0.95 | area=   all | maxDets=100 ] = 0.036
 Average Precision  (AP) @[ IoU=0.50      | area=   all | maxDets=100 ] = 0.080
 Average Precision  (AP) @[ IoU=0.75      | area=   all | maxDets=100 ] = 0.041
 Average Precision  (AP) @[ IoU=0.50:0.95 | area= small | maxDets=100 ] = -1.000
 Average Precision  (AP) @[ IoU=0.50:0.95 | area=medium | maxDets=100 ] = -1.000
 Average Precision  (AP) @[ IoU=0.50:0.95 | area= large | maxDets=100 ] = 0.036
 Average Recall     (AR) @[ IoU=0.50:0.95 | area=   all | maxDets=  1 ] = 0.040
 Average Recall     (AR) @[ IoU=0.50:0.95 | area=   all | maxDets= 10 ] = 0.343
 Average Recall     (AR) @[ IoU=0.50:0.95 | area=   all | maxDets=100 ] = 0.630
 Average Recall     (AR) @[ IoU=0.50:0.95 | area= small | maxDets=100 ] = -1.000
 Average Recall     (AR) @[ IoU=0.50:0.95 | area=medium | maxDets=100 ] = -1.000
 Average Recall     (AR) @[ IoU=0.50:0.95 | area= large | maxDets=100 ] = 0.630
 Average Recall     (AR) @[ IoU=0.50      | area=   all | maxDets=100 ] = 0.933
 Average Recall     (AR) @[ IoU=0.75      | area=   all | maxDets=100 ] = 0.733
best_stat: {'epoch': 101, 'coco_eval_bbox': 0.04324772052346162}
Epoch: [104]  [0/8]  eta: 0:00:03  lr: 0.000043  loss: 32.9086 (32.9086)  loss_mal: 3.0234 (3.0234)  loss_bbox: 0.4096 (0.4096)  loss_giou: 0.4641 (0.4641)  loss_mal_aux_0: 1.9512 (1.9512)  loss_bbox_aux_0: 0.6836 (0.6836)  loss_giou_aux_0: 0.7089 (0.7089)  loss_mal_aux_1: 2.9395 (2.9395)  loss_bbox_aux_1: 0.4284 (0.4284)  loss_giou_aux_1: 0.4847 (0.4847)  loss_mal_pre: 2.5430 (2.5430)  loss_bbox_pre: 0.6017 (0.6017)  loss_giou_pre: 0.6794 (0.6794)  loss_mal_enc_0: 1.9043 (1.9043)  loss_bbox_enc_0: 0.9079 (0.9079)  loss_giou_enc_0: 0.9020 (0.9020)  loss_mal_dn_0: 1.0664 (1.0664)  loss_bbox_dn_0: 1.0204 (1.0204)  loss_giou_dn_0: 1.1704 (1.1704)  loss_mal_dn_1: 1.9033 (1.9033)  loss_bbox_dn_1: 0.8387 (0.8387)  loss_giou_dn_1: 0.8998 (0.8998)  loss_mal_dn_2: 2.0781 (2.0781)  loss_bbox_dn_2: 0.8310 (0.8310)  loss_giou_dn_2: 0.8560 (0.8560)  loss_mal_dn_pre: 1.4238 (1.4238)  loss_bbox_dn_pre: 1.0185 (1.0185)  loss_giou_dn_pre: 1.1704 (1.1704)  time: 0.3804  data: 0.2903  max mem: 266
Epoch: [104]  [7/8]  eta: 0:00:00  lr: 0.000044  loss: 31.8496 (32.2817)  loss_mal: 2.7852 (2.8311)  loss_bbox: 0.4096 (0.4735)  loss_giou: 0.4641 (0.5651)  loss_mal_aux_0: 1.9014 (1.8972)  loss_bbox_aux_0: 0.6125 (0.6449)  loss_giou_aux_0: 0.7089 (0.7390)  loss_mal_aux_1: 2.7715 (2.6483)  loss_bbox_aux_1: 0.4284 (0.4954)  loss_giou_aux_1: 0.4847 (0.5903)  loss_mal_pre: 2.3770 (2.3813)  loss_bbox_pre: 0.6017 (0.6521)  loss_giou_pre: 0.6794 (0.7423)  loss_mal_enc_0: 2.0117 (2.0319)  loss_bbox_enc_0: 0.7720 (0.8102)  loss_giou_enc_0: 0.7909 (0.8696)  loss_mal_dn_0: 1.0381 (1.0496)  loss_bbox_dn_0: 0.9192 (0.9528)  loss_giou_dn_0: 1.1582 (1.1636)  loss_mal_dn_1: 1.8838 (1.8994)  loss_bbox_dn_1: 0.7035 (0.7450)  loss_giou_dn_1: 0.8627 (0.8744)  loss_mal_dn_2: 2.1738 (2.1726)  loss_bbox_dn_2: 0.6440 (0.7011)  loss_giou_dn_2: 0.7744 (0.7947)  loss_mal_dn_pre: 1.4238 (1.4399)  loss_bbox_dn_pre: 0.9118 (0.9506)  loss_giou_dn_pre: 1.1704 (1.1657)  time: 0.1101  data: 0.0381  max mem: 266
Epoch: [104] Total time: 0:00:00 (0.1181 s / it)
Averaged stats: lr: 0.000044  loss: 31.8496 (32.2817)  loss_mal: 2.7852 (2.8311)  loss_bbox: 0.4096 (0.4735)  loss_giou: 0.4641 (0.5651)  loss_mal_aux_0: 1.9014 (1.8972)  loss_bbox_aux_0: 0.6125 (0.6449)  loss_giou_aux_0: 0.7089 (0.7390)  loss_mal_aux_1: 2.7715 (2.6483)  loss_bbox_aux_1: 0.4284 (0.4954)  loss_giou_aux_1: 0.4847 (0.5903)  loss_mal_pre: 2.3770 (2.3813)  loss_bbox_pre: 0.6017 (0.6521)  loss_giou_pre: 0.6794 (0.7423)  loss_mal_enc_0: 2.0117 (2.0319)  loss_bbox_enc_0: 0.7720 (0.8102)  loss_giou_enc_0: 0.7909 (0.8696)  loss_mal_dn_0: 1.0381 (1.0496)  loss_bbox_dn_0: 0.9192 (0.9528)  loss_giou_dn_0: 1.1582 (1.1636)  loss_mal_dn_1: 1.8838 (1.8994)  loss_bbox_dn_1: 0.7035 (0.7450)  loss_giou_dn_1: 0.8627 (0.8744)  loss_mal_dn_2: 2.1738 (2.1726)  loss_bbox_dn_2: 0.6440 (0.7011)  loss_giou_dn_2: 0.7744 (0.7947)  loss_mal_dn_pre: 1.4238 (1.4399)  loss_bbox_dn_pre: 0.9118 (0.9506)  loss_giou_dn_pre: 1.1704 (1.1657)
Test:  [0/4]  eta: 0:00:02    time: 0.6949  data: 0.6751  max mem: 266
Test:  [3/4]  eta: 0:00:00    time: 0.2214  data: 0.1694  max mem: 266
Test: Total time: 0:00:00 (0.2386 s / it)
Averaged stats: 
Accumulating evaluation results...
COCOeval_opt.accumulate() finished...
DONE (t=0.00s).
IoU metric: bbox
 Average Precision  (AP) @[ IoU=0.50:0.95 | area=   all | maxDets=100 ] = 0.038
 Average Precision  (AP) @[ IoU=0.50      | area=   all | maxDets=100 ] = 0.077
 Average Precision  (AP) @[ IoU=0.75      | area=   all | maxDets=100 ] = 0.031
 Average Precision  (AP) @[ IoU=0.50:0.95 | area= small | maxDets=100 ] = -1.000
 Average Precision  (AP) @[ IoU=0.50:0.95 | area=medium | maxDets=100 ] = -1.000
 Average Precision  (AP) @[ IoU=0.50:0.95 | area= large | maxDets=100 ] = 0.038
 Average Recall     (AR) @[ IoU=0.50:0.95 | area=   all | maxDets=  1 ] = 0.073
 Average Recall     (AR) @[ IoU=0.50:0.95 | area=   all | maxDets= 10 ] = 0.280
 Average Recall     (AR) @[ IoU=0.50:0.95 | area=   all | maxDets=100 ] = 0.647
 Average Recall     (AR) @[ IoU=0.50:0.95 | area= small | maxDets=100 ] = -1.000
 Average Recall     (AR) @[ IoU=0.50:0.95 | area=medium | maxDets=100 ] = -1.000
 Average Recall     (AR) @[ IoU=0.50:0.95 | area= large | maxDets=100 ] = 0.647
 Average Recall     (AR) @[ IoU=0.50      | area=   all | maxDets=100 ] = 1.000
 Average Recall     (AR) @[ IoU=0.75      | area=   all | maxDets=100 ] = 0.733
best_stat: {'epoch': 101, 'coco_eval_bbox': 0.04324772052346162}
Epoch: [105]  [0/8]  eta: 0:00:03  lr: 0.000044  loss: 32.0613 (32.0613)  loss_mal: 3.1836 (3.1836)  loss_bbox: 0.2846 (0.2846)  loss_giou: 0.3910 (0.3910)  loss_mal_aux_0: 2.0488 (2.0488)  loss_bbox_aux_0: 0.5460 (0.5460)  loss_giou_aux_0: 0.6393 (0.6393)  loss_mal_aux_1: 2.9746 (2.9746)  loss_bbox_aux_1: 0.3222 (0.3222)  loss_giou_aux_1: 0.4162 (0.4162)  loss_mal_pre: 2.6113 (2.6113)  loss_bbox_pre: 0.5447 (0.5447)  loss_giou_pre: 0.6346 (0.6346)  loss_mal_enc_0: 2.3848 (2.3848)  loss_bbox_enc_0: 0.5861 (0.5861)  loss_giou_enc_0: 0.6949 (0.6949)  loss_mal_dn_0: 1.1055 (1.1055)  loss_bbox_dn_0: 0.8934 (0.8934)  loss_giou_dn_0: 1.1236 (1.1236)  loss_mal_dn_1: 2.0820 (2.0820)  loss_bbox_dn_1: 0.6618 (0.6618)  loss_giou_dn_1: 0.7777 (0.7777)  loss_mal_dn_2: 2.2949 (2.2949)  loss_bbox_dn_2: 0.6094 (0.6094)  loss_giou_dn_2: 0.7097 (0.7097)  loss_mal_dn_pre: 1.5273 (1.5273)  loss_bbox_dn_pre: 0.8871 (0.8871)  loss_giou_dn_pre: 1.1260 (1.1260)  time: 0.4164  data: 0.2750  max mem: 266
Epoch: [105]  [7/8]  eta: 0:00:00  lr: 0.000045  loss: 31.6422 (31.8321)  loss_mal: 2.8340 (2.8352)  loss_bbox: 0.4142 (0.4262)  loss_giou: 0.5004 (0.5149)  loss_mal_aux_0: 1.7012 (1.8405)  loss_bbox_aux_0: 0.6089 (0.6068)  loss_giou_aux_0: 0.6651 (0.7112)  loss_mal_aux_1: 2.6816 (2.6399)  loss_bbox_aux_1: 0.4305 (0.4529)  loss_giou_aux_1: 0.5215 (0.5313)  loss_mal_pre: 2.5293 (2.4833)  loss_bbox_pre: 0.6260 (0.6232)  loss_giou_pre: 0.6827 (0.6988)  loss_mal_enc_0: 2.1855 (2.2592)  loss_bbox_enc_0: 0.5861 (0.7015)  loss_giou_enc_0: 0.7222 (0.7672)  loss_mal_dn_0: 1.0410 (1.0643)  loss_bbox_dn_0: 0.8934 (0.9293)  loss_giou_dn_0: 1.1236 (1.1235)  loss_mal_dn_1: 1.8721 (1.9121)  loss_bbox_dn_1: 0.7101 (0.7239)  loss_giou_dn_1: 0.8304 (0.8331)  loss_mal_dn_2: 2.1543 (2.1973)  loss_bbox_dn_2: 0.6272 (0.6538)  loss_giou_dn_2: 0.7234 (0.7438)  loss_mal_dn_pre: 1.4746 (1.5093)  loss_bbox_dn_pre: 0.8871 (0.9245)  loss_giou_dn_pre: 1.1260 (1.1253)  time: 0.1199  data: 0.0361  max mem: 266
Epoch: [105] Total time: 0:00:01 (0.1271 s / it)
Averaged stats: lr: 0.000045  loss: 31.6422 (31.8321)  loss_mal: 2.8340 (2.8352)  loss_bbox: 0.4142 (0.4262)  loss_giou: 0.5004 (0.5149)  loss_mal_aux_0: 1.7012 (1.8405)  loss_bbox_aux_0: 0.6089 (0.6068)  loss_giou_aux_0: 0.6651 (0.7112)  loss_mal_aux_1: 2.6816 (2.6399)  loss_bbox_aux_1: 0.4305 (0.4529)  loss_giou_aux_1: 0.5215 (0.5313)  loss_mal_pre: 2.5293 (2.4833)  loss_bbox_pre: 0.6260 (0.6232)  loss_giou_pre: 0.6827 (0.6988)  loss_mal_enc_0: 2.1855 (2.2592)  loss_bbox_enc_0: 0.5861 (0.7015)  loss_giou_enc_0: 0.7222 (0.7672)  loss_mal_dn_0: 1.0410 (1.0643)  loss_bbox_dn_0: 0.8934 (0.9293)  loss_giou_dn_0: 1.1236 (1.1235)  loss_mal_dn_1: 1.8721 (1.9121)  loss_bbox_dn_1: 0.7101 (0.7239)  loss_giou_dn_1: 0.8304 (0.8331)  loss_mal_dn_2: 2.1543 (2.1973)  loss_bbox_dn_2: 0.6272 (0.6538)  loss_giou_dn_2: 0.7234 (0.7438)  loss_mal_dn_pre: 1.4746 (1.5093)  loss_bbox_dn_pre: 0.8871 (0.9245)  loss_giou_dn_pre: 1.1260 (1.1253)
Test:  [0/4]  eta: 0:00:02    time: 0.6432  data: 0.6246  max mem: 266
Test:  [3/4]  eta: 0:00:00    time: 0.1697  data: 0.1568  max mem: 266
Test: Total time: 0:00:00 (0.1892 s / it)
Averaged stats: 
Accumulating evaluation results...
COCOeval_opt.accumulate() finished...
DONE (t=0.00s).
IoU metric: bbox
 Average Precision  (AP) @[ IoU=0.50:0.95 | area=   all | maxDets=100 ] = 0.034
 Average Precision  (AP) @[ IoU=0.50      | area=   all | maxDets=100 ] = 0.068
 Average Precision  (AP) @[ IoU=0.75      | area=   all | maxDets=100 ] = 0.042
 Average Precision  (AP) @[ IoU=0.50:0.95 | area= small | maxDets=100 ] = -1.000
 Average Precision  (AP) @[ IoU=0.50:0.95 | area=medium | maxDets=100 ] = -1.000
 Average Precision  (AP) @[ IoU=0.50:0.95 | area= large | maxDets=100 ] = 0.034
 Average Recall     (AR) @[ IoU=0.50:0.95 | area=   all | maxDets=  1 ] = 0.043
 Average Recall     (AR) @[ IoU=0.50:0.95 | area=   all | maxDets= 10 ] = 0.327
 Average Recall     (AR) @[ IoU=0.50:0.95 | area=   all | maxDets=100 ] = 0.670
 Average Recall     (AR) @[ IoU=0.50:0.95 | area= small | maxDets=100 ] = -1.000
 Average Recall     (AR) @[ IoU=0.50:0.95 | area=medium | maxDets=100 ] = -1.000
 Average Recall     (AR) @[ IoU=0.50:0.95 | area= large | maxDets=100 ] = 0.670
 Average Recall     (AR) @[ IoU=0.50      | area=   all | maxDets=100 ] = 1.000
 Average Recall     (AR) @[ IoU=0.75      | area=   all | maxDets=100 ] = 0.767
best_stat: {'epoch': 101, 'coco_eval_bbox': 0.04324772052346162}
Load last_epoch
Load model.state_dict
Load criterion.state_dict
Load postprocessor.state_dict
Load ema.state_dict
Load scaler.state_dict
Load optimizer.state_dict
Load lr_warmup_scheduler.state_dict
Refresh EMA at epoch 105 with decay 0.9996
Epoch: [106]  [0/8]  eta: 0:00:03  lr: 0.000045  loss: 33.4582 (33.4582)  loss_mal: 3.2832 (3.2832)  loss_bbox: 0.3975 (0.3975)  loss_giou: 0.4307 (0.4307)  loss_mal_aux_0: 2.2129 (2.2129)  loss_bbox_aux_0: 0.5293 (0.5293)  loss_giou_aux_0: 0.6567 (0.6567)  loss_mal_aux_1: 3.0625 (3.0625)  loss_bbox_aux_1: 0.4124 (0.4124)  loss_giou_aux_1: 0.4690 (0.4690)  loss_mal_pre: 2.7012 (2.7012)  loss_bbox_pre: 0.5119 (0.5119)  loss_giou_pre: 0.6309 (0.6309)  loss_mal_enc_0: 2.2461 (2.2461)  loss_bbox_enc_0: 0.8395 (0.8395)  loss_giou_enc_0: 0.7607 (0.7607)  loss_mal_dn_0: 1.1777 (1.1777)  loss_bbox_dn_0: 0.9107 (0.9107)  loss_giou_dn_0: 1.1321 (1.1321)  loss_mal_dn_1: 2.1602 (2.1602)  loss_bbox_dn_1: 0.7034 (0.7034)  loss_giou_dn_1: 0.8261 (0.8261)  loss_mal_dn_2: 2.4277 (2.4277)  loss_bbox_dn_2: 0.6603 (0.6603)  loss_giou_dn_2: 0.7521 (0.7521)  loss_mal_dn_pre: 1.5283 (1.5283)  loss_bbox_dn_pre: 0.9054 (0.9054)  loss_giou_dn_pre: 1.1298 (1.1298)  time: 0.4005  data: 0.2944  max mem: 266
Epoch: [106]  [7/8]  eta: 0:00:00  lr: 0.000046  loss: 32.9665 (32.7467)  loss_mal: 2.9336 (2.8169)  loss_bbox: 0.4698 (0.5560)  loss_giou: 0.5198 (0.6025)  loss_mal_aux_0: 1.7930 (1.8123)  loss_bbox_aux_0: 0.6214 (0.6936)  loss_giou_aux_0: 0.7238 (0.7972)  loss_mal_aux_1: 2.7715 (2.5863)  loss_bbox_aux_1: 0.5341 (0.5763)  loss_giou_aux_1: 0.5358 (0.6309)  loss_mal_pre: 2.2910 (2.2534)  loss_bbox_pre: 0.6125 (0.7180)  loss_giou_pre: 0.7143 (0.8049)  loss_mal_enc_0: 2.0723 (2.0175)  loss_bbox_enc_0: 0.8209 (0.8615)  loss_giou_enc_0: 0.7979 (0.8643)  loss_mal_dn_0: 1.0410 (1.0733)  loss_bbox_dn_0: 0.9909 (0.9914)  loss_giou_dn_0: 1.1531 (1.1713)  loss_mal_dn_1: 1.9287 (1.9419)  loss_bbox_dn_1: 0.7840 (0.7700)  loss_giou_dn_1: 0.8733 (0.8820)  loss_mal_dn_2: 2.1895 (2.1992)  loss_bbox_dn_2: 0.7301 (0.7287)  loss_giou_dn_2: 0.7855 (0.8129)  loss_mal_dn_pre: 1.3926 (1.4247)  loss_bbox_dn_pre: 0.9943 (0.9880)  loss_giou_dn_pre: 1.1473 (1.1718)  time: 0.1332  data: 0.0388  max mem: 266
Epoch: [106] Total time: 0:00:01 (0.1394 s / it)
Averaged stats: lr: 0.000046  loss: 32.9665 (32.7467)  loss_mal: 2.9336 (2.8169)  loss_bbox: 0.4698 (0.5560)  loss_giou: 0.5198 (0.6025)  loss_mal_aux_0: 1.7930 (1.8123)  loss_bbox_aux_0: 0.6214 (0.6936)  loss_giou_aux_0: 0.7238 (0.7972)  loss_mal_aux_1: 2.7715 (2.5863)  loss_bbox_aux_1: 0.5341 (0.5763)  loss_giou_aux_1: 0.5358 (0.6309)  loss_mal_pre: 2.2910 (2.2534)  loss_bbox_pre: 0.6125 (0.7180)  loss_giou_pre: 0.7143 (0.8049)  loss_mal_enc_0: 2.0723 (2.0175)  loss_bbox_enc_0: 0.8209 (0.8615)  loss_giou_enc_0: 0.7979 (0.8643)  loss_mal_dn_0: 1.0410 (1.0733)  loss_bbox_dn_0: 0.9909 (0.9914)  loss_giou_dn_0: 1.1531 (1.1713)  loss_mal_dn_1: 1.9287 (1.9419)  loss_bbox_dn_1: 0.7840 (0.7700)  loss_giou_dn_1: 0.8733 (0.8820)  loss_mal_dn_2: 2.1895 (2.1992)  loss_bbox_dn_2: 0.7301 (0.7287)  loss_giou_dn_2: 0.7855 (0.8129)  loss_mal_dn_pre: 1.3926 (1.4247)  loss_bbox_dn_pre: 0.9943 (0.9880)  loss_giou_dn_pre: 1.1473 (1.1718)
Test:  [0/4]  eta: 0:00:02    time: 0.6008  data: 0.5766  max mem: 266
Test:  [3/4]  eta: 0:00:00    time: 0.1629  data: 0.1448  max mem: 266
Test: Total time: 0:00:00 (0.1812 s / it)
Averaged stats: 
Accumulating evaluation results...
COCOeval_opt.accumulate() finished...
DONE (t=0.00s).
IoU metric: bbox
 Average Precision  (AP) @[ IoU=0.50:0.95 | area=   all | maxDets=100 ] = 0.036
 Average Precision  (AP) @[ IoU=0.50      | area=   all | maxDets=100 ] = 0.073
 Average Precision  (AP) @[ IoU=0.75      | area=   all | maxDets=100 ] = 0.036
 Average Precision  (AP) @[ IoU=0.50:0.95 | area= small | maxDets=100 ] = -1.000
 Average Precision  (AP) @[ IoU=0.50:0.95 | area=medium | maxDets=100 ] = -1.000
 Average Precision  (AP) @[ IoU=0.50:0.95 | area= large | maxDets=100 ] = 0.036
 Average Recall     (AR) @[ IoU=0.50:0.95 | area=   all | maxDets=  1 ] = 0.040
 Average Recall     (AR) @[ IoU=0.50:0.95 | area=   all | maxDets= 10 ] = 0.337
 Average Recall     (AR) @[ IoU=0.50:0.95 | area=   all | maxDets=100 ] = 0.650
 Average Recall     (AR) @[ IoU=0.50:0.95 | area= small | maxDets=100 ] = -1.000
 Average Recall     (AR) @[ IoU=0.50:0.95 | area=medium | maxDets=100 ] = -1.000
 Average Recall     (AR) @[ IoU=0.50:0.95 | area= large | maxDets=100 ] = 0.650
 Average Recall     (AR) @[ IoU=0.50      | area=   all | maxDets=100 ] = 0.967
 Average Recall     (AR) @[ IoU=0.75      | area=   all | maxDets=100 ] = 0.800
best_stat: {'epoch': 101, 'coco_eval_bbox': 0.04324772052346162}
Epoch: [107]  [0/8]  eta: 0:00:02  lr: 0.000046  loss: 32.6537 (32.6537)  loss_mal: 2.9766 (2.9766)  loss_bbox: 0.4304 (0.4304)  loss_giou: 0.5260 (0.5260)  loss_mal_aux_0: 1.7305 (1.7305)  loss_bbox_aux_0: 0.6723 (0.6723)  loss_giou_aux_0: 0.7644 (0.7644)  loss_mal_aux_1: 2.7383 (2.7383)  loss_bbox_aux_1: 0.5198 (0.5198)  loss_giou_aux_1: 0.5606 (0.5606)  loss_mal_pre: 2.4727 (2.4727)  loss_bbox_pre: 0.5632 (0.5632)  loss_giou_pre: 0.7305 (0.7305)  loss_mal_enc_0: 2.2285 (2.2285)  loss_bbox_enc_0: 0.7869 (0.7869)  loss_giou_enc_0: 0.7447 (0.7447)  loss_mal_dn_0: 1.0225 (1.0225)  loss_bbox_dn_0: 1.0653 (1.0653)  loss_giou_dn_0: 1.1851 (1.1851)  loss_mal_dn_1: 1.8867 (1.8867)  loss_bbox_dn_1: 0.8129 (0.8129)  loss_giou_dn_1: 0.8802 (0.8802)  loss_mal_dn_2: 2.1309 (2.1309)  loss_bbox_dn_2: 0.7795 (0.7795)  loss_giou_dn_2: 0.8124 (0.8124)  loss_mal_dn_pre: 1.4004 (1.4004)  loss_bbox_dn_pre: 1.0526 (1.0526)  loss_giou_dn_pre: 1.1800 (1.1800)  time: 0.3682  data: 0.2788  max mem: 266
Epoch: [107]  [7/8]  eta: 0:00:00  lr: 0.000047  loss: 32.1293 (32.2832)  loss_mal: 2.8828 (2.7949)  loss_bbox: 0.4304 (0.5056)  loss_giou: 0.5260 (0.5773)  loss_mal_aux_0: 1.7773 (1.8716)  loss_bbox_aux_0: 0.5797 (0.6335)  loss_giou_aux_0: 0.7524 (0.7615)  loss_mal_aux_1: 2.5918 (2.5955)  loss_bbox_aux_1: 0.4604 (0.5361)  loss_giou_aux_1: 0.5606 (0.6147)  loss_mal_pre: 2.2754 (2.3707)  loss_bbox_pre: 0.5110 (0.6414)  loss_giou_pre: 0.7305 (0.7600)  loss_mal_enc_0: 2.0879 (2.0840)  loss_bbox_enc_0: 0.7039 (0.7878)  loss_giou_enc_0: 0.7447 (0.8438)  loss_mal_dn_0: 1.0361 (1.0598)  loss_bbox_dn_0: 0.9055 (0.9514)  loss_giou_dn_0: 1.1570 (1.1578)  loss_mal_dn_1: 1.8867 (1.9028)  loss_bbox_dn_1: 0.7061 (0.7467)  loss_giou_dn_1: 0.8770 (0.8750)  loss_mal_dn_2: 2.1309 (2.1451)  loss_bbox_dn_2: 0.6644 (0.7011)  loss_giou_dn_2: 0.8073 (0.8065)  loss_mal_dn_pre: 1.4434 (1.4521)  loss_bbox_dn_pre: 0.8980 (0.9472)  loss_giou_dn_pre: 1.1540 (1.1592)  time: 0.1042  data: 0.0372  max mem: 266
Epoch: [107] Total time: 0:00:00 (0.1119 s / it)
Averaged stats: lr: 0.000047  loss: 32.1293 (32.2832)  loss_mal: 2.8828 (2.7949)  loss_bbox: 0.4304 (0.5056)  loss_giou: 0.5260 (0.5773)  loss_mal_aux_0: 1.7773 (1.8716)  loss_bbox_aux_0: 0.5797 (0.6335)  loss_giou_aux_0: 0.7524 (0.7615)  loss_mal_aux_1: 2.5918 (2.5955)  loss_bbox_aux_1: 0.4604 (0.5361)  loss_giou_aux_1: 0.5606 (0.6147)  loss_mal_pre: 2.2754 (2.3707)  loss_bbox_pre: 0.5110 (0.6414)  loss_giou_pre: 0.7305 (0.7600)  loss_mal_enc_0: 2.0879 (2.0840)  loss_bbox_enc_0: 0.7039 (0.7878)  loss_giou_enc_0: 0.7447 (0.8438)  loss_mal_dn_0: 1.0361 (1.0598)  loss_bbox_dn_0: 0.9055 (0.9514)  loss_giou_dn_0: 1.1570 (1.1578)  loss_mal_dn_1: 1.8867 (1.9028)  loss_bbox_dn_1: 0.7061 (0.7467)  loss_giou_dn_1: 0.8770 (0.8750)  loss_mal_dn_2: 2.1309 (2.1451)  loss_bbox_dn_2: 0.6644 (0.7011)  loss_giou_dn_2: 0.8073 (0.8065)  loss_mal_dn_pre: 1.4434 (1.4521)  loss_bbox_dn_pre: 0.8980 (0.9472)  loss_giou_dn_pre: 1.1540 (1.1592)
Test:  [0/4]  eta: 0:00:02    time: 0.6645  data: 0.6451  max mem: 266
Test:  [3/4]  eta: 0:00:00    time: 0.1753  data: 0.1620  max mem: 266
Test: Total time: 0:00:00 (0.1953 s / it)
Averaged stats: 
Accumulating evaluation results...
COCOeval_opt.accumulate() finished...
DONE (t=0.00s).
IoU metric: bbox
 Average Precision  (AP) @[ IoU=0.50:0.95 | area=   all | maxDets=100 ] = 0.035
 Average Precision  (AP) @[ IoU=0.50      | area=   all | maxDets=100 ] = 0.060
 Average Precision  (AP) @[ IoU=0.75      | area=   all | maxDets=100 ] = 0.030
 Average Precision  (AP) @[ IoU=0.50:0.95 | area= small | maxDets=100 ] = -1.000
 Average Precision  (AP) @[ IoU=0.50:0.95 | area=medium | maxDets=100 ] = -1.000
 Average Precision  (AP) @[ IoU=0.50:0.95 | area= large | maxDets=100 ] = 0.035
 Average Recall     (AR) @[ IoU=0.50:0.95 | area=   all | maxDets=  1 ] = 0.027
 Average Recall     (AR) @[ IoU=0.50:0.95 | area=   all | maxDets= 10 ] = 0.300
 Average Recall     (AR) @[ IoU=0.50:0.95 | area=   all | maxDets=100 ] = 0.643
 Average Recall     (AR) @[ IoU=0.50:0.95 | area= small | maxDets=100 ] = -1.000
 Average Recall     (AR) @[ IoU=0.50:0.95 | area=medium | maxDets=100 ] = -1.000
 Average Recall     (AR) @[ IoU=0.50:0.95 | area= large | maxDets=100 ] = 0.643
 Average Recall     (AR) @[ IoU=0.50      | area=   all | maxDets=100 ] = 0.967
 Average Recall     (AR) @[ IoU=0.75      | area=   all | maxDets=100 ] = 0.700
best_stat: {'epoch': 101, 'coco_eval_bbox': 0.04324772052346162}
Load last_epoch
Load model.state_dict
Load criterion.state_dict
Load postprocessor.state_dict
Load ema.state_dict
Load scaler.state_dict
Load optimizer.state_dict
Load lr_warmup_scheduler.state_dict
Refresh EMA at epoch 107 with decay 0.9995
Epoch: [108]  [0/8]  eta: 0:00:02  lr: 0.000047  loss: 33.5459 (33.5459)  loss_mal: 2.9062 (2.9062)  loss_bbox: 0.5225 (0.5225)  loss_giou: 0.5628 (0.5628)  loss_mal_aux_0: 1.9971 (1.9971)  loss_bbox_aux_0: 0.5974 (0.5974)  loss_giou_aux_0: 0.6879 (0.6879)  loss_mal_aux_1: 2.8242 (2.8242)  loss_bbox_aux_1: 0.5562 (0.5562)  loss_giou_aux_1: 0.5471 (0.5471)  loss_mal_pre: 2.5078 (2.5078)  loss_bbox_pre: 0.6055 (0.6055)  loss_giou_pre: 0.6873 (0.6873)  loss_mal_enc_0: 2.4512 (2.4512)  loss_bbox_enc_0: 0.6618 (0.6618)  loss_giou_enc_0: 0.6871 (0.6871)  loss_mal_dn_0: 1.1299 (1.1299)  loss_bbox_dn_0: 1.1316 (1.1316)  loss_giou_dn_0: 1.1494 (1.1494)  loss_mal_dn_1: 1.9404 (1.9404)  loss_bbox_dn_1: 0.9017 (0.9017)  loss_giou_dn_1: 0.8913 (0.8913)  loss_mal_dn_2: 2.1738 (2.1738)  loss_bbox_dn_2: 0.8560 (0.8560)  loss_giou_dn_2: 0.8296 (0.8296)  loss_mal_dn_pre: 1.4590 (1.4590)  loss_bbox_dn_pre: 1.1289 (1.1289)  loss_giou_dn_pre: 1.1522 (1.1522)  time: 0.3559  data: 0.2655  max mem: 266
Epoch: [108]  [7/8]  eta: 0:00:00  lr: 0.000047  loss: 32.3243 (32.4789)  loss_mal: 2.9062 (2.8464)  loss_bbox: 0.4595 (0.5264)  loss_giou: 0.5334 (0.5714)  loss_mal_aux_0: 1.9268 (1.9252)  loss_bbox_aux_0: 0.5974 (0.6042)  loss_giou_aux_0: 0.7123 (0.7170)  loss_mal_aux_1: 2.6074 (2.6477)  loss_bbox_aux_1: 0.5290 (0.5032)  loss_giou_aux_1: 0.5914 (0.6020)  loss_mal_pre: 2.3730 (2.3595)  loss_bbox_pre: 0.6055 (0.6295)  loss_giou_pre: 0.7195 (0.7412)  loss_mal_enc_0: 2.0000 (2.0958)  loss_bbox_enc_0: 0.6942 (0.7575)  loss_giou_enc_0: 0.7731 (0.8320)  loss_mal_dn_0: 1.0625 (1.0709)  loss_bbox_dn_0: 0.9301 (0.9794)  loss_giou_dn_0: 1.1612 (1.1746)  loss_mal_dn_1: 1.9033 (1.8954)  loss_bbox_dn_1: 0.7635 (0.7875)  loss_giou_dn_1: 0.8997 (0.9087)  loss_mal_dn_2: 2.1738 (2.1492)  loss_bbox_dn_2: 0.7441 (0.7440)  loss_giou_dn_2: 0.8296 (0.8369)  loss_mal_dn_pre: 1.4316 (1.4180)  loss_bbox_dn_pre: 0.9300 (0.9770)  loss_giou_dn_pre: 1.1672 (1.1781)  time: 0.1103  data: 0.0360  max mem: 266
Epoch: [108] Total time: 0:00:00 (0.1190 s / it)
Averaged stats: lr: 0.000047  loss: 32.3243 (32.4789)  loss_mal: 2.9062 (2.8464)  loss_bbox: 0.4595 (0.5264)  loss_giou: 0.5334 (0.5714)  loss_mal_aux_0: 1.9268 (1.9252)  loss_bbox_aux_0: 0.5974 (0.6042)  loss_giou_aux_0: 0.7123 (0.7170)  loss_mal_aux_1: 2.6074 (2.6477)  loss_bbox_aux_1: 0.5290 (0.5032)  loss_giou_aux_1: 0.5914 (0.6020)  loss_mal_pre: 2.3730 (2.3595)  loss_bbox_pre: 0.6055 (0.6295)  loss_giou_pre: 0.7195 (0.7412)  loss_mal_enc_0: 2.0000 (2.0958)  loss_bbox_enc_0: 0.6942 (0.7575)  loss_giou_enc_0: 0.7731 (0.8320)  loss_mal_dn_0: 1.0625 (1.0709)  loss_bbox_dn_0: 0.9301 (0.9794)  loss_giou_dn_0: 1.1612 (1.1746)  loss_mal_dn_1: 1.9033 (1.8954)  loss_bbox_dn_1: 0.7635 (0.7875)  loss_giou_dn_1: 0.8997 (0.9087)  loss_mal_dn_2: 2.1738 (2.1492)  loss_bbox_dn_2: 0.7441 (0.7440)  loss_giou_dn_2: 0.8296 (0.8369)  loss_mal_dn_pre: 1.4316 (1.4180)  loss_bbox_dn_pre: 0.9300 (0.9770)  loss_giou_dn_pre: 1.1672 (1.1781)
Test:  [0/4]  eta: 0:00:02    time: 0.7316  data: 0.7103  max mem: 266
Test:  [3/4]  eta: 0:00:00    time: 0.1967  data: 0.1783  max mem: 266
Test: Total time: 0:00:00 (0.2148 s / it)
Averaged stats: 
Accumulating evaluation results...
COCOeval_opt.accumulate() finished...
DONE (t=0.00s).
IoU metric: bbox
 Average Precision  (AP) @[ IoU=0.50:0.95 | area=   all | maxDets=100 ] = 0.041
 Average Precision  (AP) @[ IoU=0.50      | area=   all | maxDets=100 ] = 0.083
 Average Precision  (AP) @[ IoU=0.75      | area=   all | maxDets=100 ] = 0.049
 Average Precision  (AP) @[ IoU=0.50:0.95 | area= small | maxDets=100 ] = -1.000
 Average Precision  (AP) @[ IoU=0.50:0.95 | area=medium | maxDets=100 ] = -1.000
 Average Precision  (AP) @[ IoU=0.50:0.95 | area= large | maxDets=100 ] = 0.041
 Average Recall     (AR) @[ IoU=0.50:0.95 | area=   all | maxDets=  1 ] = 0.067
 Average Recall     (AR) @[ IoU=0.50:0.95 | area=   all | maxDets= 10 ] = 0.363
 Average Recall     (AR) @[ IoU=0.50:0.95 | area=   all | maxDets=100 ] = 0.650
 Average Recall     (AR) @[ IoU=0.50:0.95 | area= small | maxDets=100 ] = -1.000
 Average Recall     (AR) @[ IoU=0.50:0.95 | area=medium | maxDets=100 ] = -1.000
 Average Recall     (AR) @[ IoU=0.50:0.95 | area= large | maxDets=100 ] = 0.650
 Average Recall     (AR) @[ IoU=0.50      | area=   all | maxDets=100 ] = 1.000
 Average Recall     (AR) @[ IoU=0.75      | area=   all | maxDets=100 ] = 0.800
best_stat: {'epoch': 101, 'coco_eval_bbox': 0.04324772052346162}
Epoch: [109]  [0/8]  eta: 0:00:03  lr: 0.000048  loss: 33.0641 (33.0641)  loss_mal: 2.9043 (2.9043)  loss_bbox: 0.4889 (0.4889)  loss_giou: 0.5283 (0.5283)  loss_mal_aux_0: 1.9639 (1.9639)  loss_bbox_aux_0: 0.6883 (0.6883)  loss_giou_aux_0: 0.6955 (0.6955)  loss_mal_aux_1: 2.7910 (2.7910)  loss_bbox_aux_1: 0.5190 (0.5190)  loss_giou_aux_1: 0.5483 (0.5483)  loss_mal_pre: 2.4570 (2.4570)  loss_bbox_pre: 0.6815 (0.6815)  loss_giou_pre: 0.7010 (0.7010)  loss_mal_enc_0: 2.3105 (2.3105)  loss_bbox_enc_0: 0.5769 (0.5769)  loss_giou_enc_0: 0.7224 (0.7224)  loss_mal_dn_0: 1.1475 (1.1475)  loss_bbox_dn_0: 1.0166 (1.0166)  loss_giou_dn_0: 1.1313 (1.1313)  loss_mal_dn_1: 2.0176 (2.0176)  loss_bbox_dn_1: 0.8109 (0.8109)  loss_giou_dn_1: 0.8551 (0.8551)  loss_mal_dn_2: 2.2715 (2.2715)  loss_bbox_dn_2: 0.7877 (0.7877)  loss_giou_dn_2: 0.7847 (0.7847)  loss_mal_dn_pre: 1.5186 (1.5186)  loss_bbox_dn_pre: 1.0137 (1.0137)  loss_giou_dn_pre: 1.1322 (1.1322)  time: 0.3829  data: 0.2815  max mem: 266
Epoch: [109]  [7/8]  eta: 0:00:00  lr: 0.000048  loss: 32.0721 (32.2766)  loss_mal: 2.8770 (2.9163)  loss_bbox: 0.3799 (0.4208)  loss_giou: 0.5283 (0.5116)  loss_mal_aux_0: 1.9062 (1.9004)  loss_bbox_aux_0: 0.6001 (0.6015)  loss_giou_aux_0: 0.6955 (0.7061)  loss_mal_aux_1: 2.6895 (2.7471)  loss_bbox_aux_1: 0.4168 (0.4469)  loss_giou_aux_1: 0.5483 (0.5365)  loss_mal_pre: 2.4570 (2.4895)  loss_bbox_pre: 0.6528 (0.6169)  loss_giou_pre: 0.7010 (0.6978)  loss_mal_enc_0: 2.1660 (2.2178)  loss_bbox_enc_0: 0.5769 (0.6912)  loss_giou_enc_0: 0.7224 (0.7855)  loss_mal_dn_0: 1.0576 (1.0778)  loss_bbox_dn_0: 0.9414 (0.9619)  loss_giou_dn_0: 1.1385 (1.1433)  loss_mal_dn_1: 1.8896 (1.9495)  loss_bbox_dn_1: 0.7374 (0.7447)  loss_giou_dn_1: 0.8478 (0.8493)  loss_mal_dn_2: 2.1426 (2.2148)  loss_bbox_dn_2: 0.6934 (0.6946)  loss_giou_dn_2: 0.7847 (0.7700)  loss_mal_dn_pre: 1.4629 (1.4777)  loss_bbox_dn_pre: 0.9374 (0.9611)  loss_giou_dn_pre: 1.1428 (1.1462)  time: 0.1236  data: 0.0368  max mem: 266
Epoch: [109] Total time: 0:00:01 (0.1312 s / it)
Averaged stats: lr: 0.000048  loss: 32.0721 (32.2766)  loss_mal: 2.8770 (2.9163)  loss_bbox: 0.3799 (0.4208)  loss_giou: 0.5283 (0.5116)  loss_mal_aux_0: 1.9062 (1.9004)  loss_bbox_aux_0: 0.6001 (0.6015)  loss_giou_aux_0: 0.6955 (0.7061)  loss_mal_aux_1: 2.6895 (2.7471)  loss_bbox_aux_1: 0.4168 (0.4469)  loss_giou_aux_1: 0.5483 (0.5365)  loss_mal_pre: 2.4570 (2.4895)  loss_bbox_pre: 0.6528 (0.6169)  loss_giou_pre: 0.7010 (0.6978)  loss_mal_enc_0: 2.1660 (2.2178)  loss_bbox_enc_0: 0.5769 (0.6912)  loss_giou_enc_0: 0.7224 (0.7855)  loss_mal_dn_0: 1.0576 (1.0778)  loss_bbox_dn_0: 0.9414 (0.9619)  loss_giou_dn_0: 1.1385 (1.1433)  loss_mal_dn_1: 1.8896 (1.9495)  loss_bbox_dn_1: 0.7374 (0.7447)  loss_giou_dn_1: 0.8478 (0.8493)  loss_mal_dn_2: 2.1426 (2.2148)  loss_bbox_dn_2: 0.6934 (0.6946)  loss_giou_dn_2: 0.7847 (0.7700)  loss_mal_dn_pre: 1.4629 (1.4777)  loss_bbox_dn_pre: 0.9374 (0.9611)  loss_giou_dn_pre: 1.1428 (1.1462)
Test:  [0/4]  eta: 0:00:02    time: 0.6218  data: 0.6032  max mem: 266
Test:  [3/4]  eta: 0:00:00    time: 0.1653  data: 0.1515  max mem: 266
Test: Total time: 0:00:00 (0.1848 s / it)
Averaged stats: 
Accumulating evaluation results...
COCOeval_opt.accumulate() finished...
DONE (t=0.00s).
IoU metric: bbox
 Average Precision  (AP) @[ IoU=0.50:0.95 | area=   all | maxDets=100 ] = 0.037
 Average Precision  (AP) @[ IoU=0.50      | area=   all | maxDets=100 ] = 0.074
 Average Precision  (AP) @[ IoU=0.75      | area=   all | maxDets=100 ] = 0.035
 Average Precision  (AP) @[ IoU=0.50:0.95 | area= small | maxDets=100 ] = -1.000
 Average Precision  (AP) @[ IoU=0.50:0.95 | area=medium | maxDets=100 ] = -1.000
 Average Precision  (AP) @[ IoU=0.50:0.95 | area= large | maxDets=100 ] = 0.037
 Average Recall     (AR) @[ IoU=0.50:0.95 | area=   all | maxDets=  1 ] = 0.047
 Average Recall     (AR) @[ IoU=0.50:0.95 | area=   all | maxDets= 10 ] = 0.283
 Average Recall     (AR) @[ IoU=0.50:0.95 | area=   all | maxDets=100 ] = 0.670
 Average Recall     (AR) @[ IoU=0.50:0.95 | area= small | maxDets=100 ] = -1.000
 Average Recall     (AR) @[ IoU=0.50:0.95 | area=medium | maxDets=100 ] = -1.000
 Average Recall     (AR) @[ IoU=0.50:0.95 | area= large | maxDets=100 ] = 0.670
 Average Recall     (AR) @[ IoU=0.50      | area=   all | maxDets=100 ] = 1.000
 Average Recall     (AR) @[ IoU=0.75      | area=   all | maxDets=100 ] = 0.767
best_stat: {'epoch': 101, 'coco_eval_bbox': 0.04324772052346162}
Load last_epoch
Load model.state_dict
Load criterion.state_dict
Load postprocessor.state_dict
Load ema.state_dict
Load scaler.state_dict
Load optimizer.state_dict
Load lr_warmup_scheduler.state_dict
Refresh EMA at epoch 109 with decay 0.9994000000000001
Epoch: [110]  [0/8]  eta: 0:00:02  lr: 0.000048  loss: 32.0751 (32.0751)  loss_mal: 2.8613 (2.8613)  loss_bbox: 0.4506 (0.4506)  loss_giou: 0.5696 (0.5696)  loss_mal_aux_0: 1.6377 (1.6377)  loss_bbox_aux_0: 0.7198 (0.7198)  loss_giou_aux_0: 0.8960 (0.8960)  loss_mal_aux_1: 2.5840 (2.5840)  loss_bbox_aux_1: 0.4773 (0.4773)  loss_giou_aux_1: 0.6113 (0.6113)  loss_mal_pre: 2.0625 (2.0625)  loss_bbox_pre: 0.7159 (0.7159)  loss_giou_pre: 0.8665 (0.8665)  loss_mal_enc_0: 1.8330 (1.8330)  loss_bbox_enc_0: 1.0142 (1.0142)  loss_giou_enc_0: 0.9304 (0.9304)  loss_mal_dn_0: 1.1475 (1.1475)  loss_bbox_dn_0: 0.8195 (0.8195)  loss_giou_dn_0: 1.1280 (1.1280)  loss_mal_dn_1: 2.0781 (2.0781)  loss_bbox_dn_1: 0.6714 (0.6714)  loss_giou_dn_1: 0.8364 (0.8364)  loss_mal_dn_2: 2.2988 (2.2988)  loss_bbox_dn_2: 0.6448 (0.6448)  loss_giou_dn_2: 0.7691 (0.7691)  loss_mal_dn_pre: 1.5029 (1.5029)  loss_bbox_dn_pre: 0.8205 (0.8205)  loss_giou_dn_pre: 1.1280 (1.1280)  time: 0.3696  data: 0.2781  max mem: 266
Epoch: [110]  [7/8]  eta: 0:00:00  lr: 0.000049  loss: 32.2965 (32.4362)  loss_mal: 2.6504 (2.7888)  loss_bbox: 0.4649 (0.5212)  loss_giou: 0.5696 (0.5912)  loss_mal_aux_0: 1.6582 (1.8079)  loss_bbox_aux_0: 0.5925 (0.6632)  loss_giou_aux_0: 0.8159 (0.7779)  loss_mal_aux_1: 2.5840 (2.5712)  loss_bbox_aux_1: 0.5051 (0.5514)  loss_giou_aux_1: 0.6113 (0.6259)  loss_mal_pre: 2.0625 (2.2739)  loss_bbox_pre: 0.6210 (0.6615)  loss_giou_pre: 0.8145 (0.7741)  loss_mal_enc_0: 2.0410 (2.0214)  loss_bbox_enc_0: 0.8186 (0.8337)  loss_giou_enc_0: 0.8211 (0.8693)  loss_mal_dn_0: 1.0801 (1.1033)  loss_bbox_dn_0: 0.8546 (0.9558)  loss_giou_dn_0: 1.1289 (1.1538)  loss_mal_dn_1: 1.8379 (1.9210)  loss_bbox_dn_1: 0.6714 (0.7755)  loss_giou_dn_1: 0.8792 (0.8950)  loss_mal_dn_2: 2.0898 (2.1851)  loss_bbox_dn_2: 0.6448 (0.7273)  loss_giou_dn_2: 0.7981 (0.8169)  loss_mal_dn_pre: 1.4229 (1.4587)  loss_bbox_dn_pre: 0.8504 (0.9549)  loss_giou_dn_pre: 1.1324 (1.1565)  time: 0.1055  data: 0.0369  max mem: 266
Epoch: [110] Total time: 0:00:00 (0.1134 s / it)
Averaged stats: lr: 0.000049  loss: 32.2965 (32.4362)  loss_mal: 2.6504 (2.7888)  loss_bbox: 0.4649 (0.5212)  loss_giou: 0.5696 (0.5912)  loss_mal_aux_0: 1.6582 (1.8079)  loss_bbox_aux_0: 0.5925 (0.6632)  loss_giou_aux_0: 0.8159 (0.7779)  loss_mal_aux_1: 2.5840 (2.5712)  loss_bbox_aux_1: 0.5051 (0.5514)  loss_giou_aux_1: 0.6113 (0.6259)  loss_mal_pre: 2.0625 (2.2739)  loss_bbox_pre: 0.6210 (0.6615)  loss_giou_pre: 0.8145 (0.7741)  loss_mal_enc_0: 2.0410 (2.0214)  loss_bbox_enc_0: 0.8186 (0.8337)  loss_giou_enc_0: 0.8211 (0.8693)  loss_mal_dn_0: 1.0801 (1.1033)  loss_bbox_dn_0: 0.8546 (0.9558)  loss_giou_dn_0: 1.1289 (1.1538)  loss_mal_dn_1: 1.8379 (1.9210)  loss_bbox_dn_1: 0.6714 (0.7755)  loss_giou_dn_1: 0.8792 (0.8950)  loss_mal_dn_2: 2.0898 (2.1851)  loss_bbox_dn_2: 0.6448 (0.7273)  loss_giou_dn_2: 0.7981 (0.8169)  loss_mal_dn_pre: 1.4229 (1.4587)  loss_bbox_dn_pre: 0.8504 (0.9549)  loss_giou_dn_pre: 1.1324 (1.1565)
Test:  [0/4]  eta: 0:00:02    time: 0.7188  data: 0.6942  max mem: 266
Test:  [3/4]  eta: 0:00:00    time: 0.2429  data: 0.1742  max mem: 266
Test: Total time: 0:00:01 (0.2657 s / it)
Averaged stats: 
Accumulating evaluation results...
COCOeval_opt.accumulate() finished...
DONE (t=0.00s).
IoU metric: bbox
 Average Precision  (AP) @[ IoU=0.50:0.95 | area=   all | maxDets=100 ] = 0.041
 Average Precision  (AP) @[ IoU=0.50      | area=   all | maxDets=100 ] = 0.071
 Average Precision  (AP) @[ IoU=0.75      | area=   all | maxDets=100 ] = 0.051
 Average Precision  (AP) @[ IoU=0.50:0.95 | area= small | maxDets=100 ] = -1.000
 Average Precision  (AP) @[ IoU=0.50:0.95 | area=medium | maxDets=100 ] = -1.000
 Average Precision  (AP) @[ IoU=0.50:0.95 | area= large | maxDets=100 ] = 0.041
 Average Recall     (AR) @[ IoU=0.50:0.95 | area=   all | maxDets=  1 ] = 0.050
 Average Recall     (AR) @[ IoU=0.50:0.95 | area=   all | maxDets= 10 ] = 0.397
 Average Recall     (AR) @[ IoU=0.50:0.95 | area=   all | maxDets=100 ] = 0.637
 Average Recall     (AR) @[ IoU=0.50:0.95 | area= small | maxDets=100 ] = -1.000
 Average Recall     (AR) @[ IoU=0.50:0.95 | area=medium | maxDets=100 ] = -1.000
 Average Recall     (AR) @[ IoU=0.50:0.95 | area= large | maxDets=100 ] = 0.637
 Average Recall     (AR) @[ IoU=0.50      | area=   all | maxDets=100 ] = 0.967
 Average Recall     (AR) @[ IoU=0.75      | area=   all | maxDets=100 ] = 0.767
best_stat: {'epoch': 101, 'coco_eval_bbox': 0.04324772052346162}
Epoch: [111]  [0/8]  eta: 0:00:02  lr: 0.000049  loss: 33.0006 (33.0006)  loss_mal: 2.7051 (2.7051)  loss_bbox: 0.5135 (0.5135)  loss_giou: 0.6531 (0.6531)  loss_mal_aux_0: 1.8086 (1.8086)  loss_bbox_aux_0: 0.8401 (0.8401)  loss_giou_aux_0: 0.8059 (0.8059)  loss_mal_aux_1: 2.5352 (2.5352)  loss_bbox_aux_1: 0.5456 (0.5456)  loss_giou_aux_1: 0.6807 (0.6807)  loss_mal_pre: 2.3555 (2.3555)  loss_bbox_pre: 0.6870 (0.6870)  loss_giou_pre: 0.7973 (0.7973)  loss_mal_enc_0: 1.8828 (1.8828)  loss_bbox_enc_0: 0.9596 (0.9596)  loss_giou_enc_0: 0.9176 (0.9176)  loss_mal_dn_0: 1.0254 (1.0254)  loss_bbox_dn_0: 1.0661 (1.0661)  loss_giou_dn_0: 1.1812 (1.1812)  loss_mal_dn_1: 1.8252 (1.8252)  loss_bbox_dn_1: 0.8664 (0.8664)  loss_giou_dn_1: 0.9373 (0.9373)  loss_mal_dn_2: 2.0840 (2.0840)  loss_bbox_dn_2: 0.8350 (0.8350)  loss_giou_dn_2: 0.8670 (0.8670)  loss_mal_dn_pre: 1.3887 (1.3887)  loss_bbox_dn_pre: 1.0571 (1.0571)  loss_giou_dn_pre: 1.1796 (1.1796)  time: 0.3627  data: 0.2688  max mem: 266
Epoch: [111]  [7/8]  eta: 0:00:00  lr: 0.000050  loss: 32.3384 (32.4056)  loss_mal: 2.8027 (2.9050)  loss_bbox: 0.3711 (0.4571)  loss_giou: 0.5485 (0.5302)  loss_mal_aux_0: 1.8086 (1.9255)  loss_bbox_aux_0: 0.4886 (0.6121)  loss_giou_aux_0: 0.7058 (0.7073)  loss_mal_aux_1: 2.5352 (2.7004)  loss_bbox_aux_1: 0.4258 (0.5015)  loss_giou_aux_1: 0.5819 (0.5623)  loss_mal_pre: 2.3984 (2.4817)  loss_bbox_pre: 0.5850 (0.6099)  loss_giou_pre: 0.7197 (0.7015)  loss_mal_enc_0: 2.2383 (2.2112)  loss_bbox_enc_0: 0.6852 (0.7306)  loss_giou_enc_0: 0.7512 (0.7803)  loss_mal_dn_0: 1.0254 (1.0312)  loss_bbox_dn_0: 0.9438 (0.9974)  loss_giou_dn_0: 1.1700 (1.1708)  loss_mal_dn_1: 1.8477 (1.8879)  loss_bbox_dn_1: 0.6836 (0.7677)  loss_giou_dn_1: 0.8679 (0.8728)  loss_mal_dn_2: 2.1992 (2.1681)  loss_bbox_dn_2: 0.6337 (0.7170)  loss_giou_dn_2: 0.7626 (0.7925)  loss_mal_dn_pre: 1.4072 (1.4170)  loss_bbox_dn_pre: 0.9387 (0.9940)  loss_giou_dn_pre: 1.1716 (1.1725)  time: 0.1241  data: 0.0364  max mem: 266
Epoch: [111] Total time: 0:00:01 (0.1299 s / it)
Averaged stats: lr: 0.000050  loss: 32.3384 (32.4056)  loss_mal: 2.8027 (2.9050)  loss_bbox: 0.3711 (0.4571)  loss_giou: 0.5485 (0.5302)  loss_mal_aux_0: 1.8086 (1.9255)  loss_bbox_aux_0: 0.4886 (0.6121)  loss_giou_aux_0: 0.7058 (0.7073)  loss_mal_aux_1: 2.5352 (2.7004)  loss_bbox_aux_1: 0.4258 (0.5015)  loss_giou_aux_1: 0.5819 (0.5623)  loss_mal_pre: 2.3984 (2.4817)  loss_bbox_pre: 0.5850 (0.6099)  loss_giou_pre: 0.7197 (0.7015)  loss_mal_enc_0: 2.2383 (2.2112)  loss_bbox_enc_0: 0.6852 (0.7306)  loss_giou_enc_0: 0.7512 (0.7803)  loss_mal_dn_0: 1.0254 (1.0312)  loss_bbox_dn_0: 0.9438 (0.9974)  loss_giou_dn_0: 1.1700 (1.1708)  loss_mal_dn_1: 1.8477 (1.8879)  loss_bbox_dn_1: 0.6836 (0.7677)  loss_giou_dn_1: 0.8679 (0.8728)  loss_mal_dn_2: 2.1992 (2.1681)  loss_bbox_dn_2: 0.6337 (0.7170)  loss_giou_dn_2: 0.7626 (0.7925)  loss_mal_dn_pre: 1.4072 (1.4170)  loss_bbox_dn_pre: 0.9387 (0.9940)  loss_giou_dn_pre: 1.1716 (1.1725)
Test:  [0/4]  eta: 0:00:02    time: 0.6559  data: 0.6287  max mem: 266
Test:  [3/4]  eta: 0:00:00    time: 0.1771  data: 0.1577  max mem: 266
Test: Total time: 0:00:00 (0.1980 s / it)
Averaged stats: 
Accumulating evaluation results...
COCOeval_opt.accumulate() finished...
DONE (t=0.00s).
IoU metric: bbox
 Average Precision  (AP) @[ IoU=0.50:0.95 | area=   all | maxDets=100 ] = 0.031
 Average Precision  (AP) @[ IoU=0.50      | area=   all | maxDets=100 ] = 0.055
 Average Precision  (AP) @[ IoU=0.75      | area=   all | maxDets=100 ] = 0.034
 Average Precision  (AP) @[ IoU=0.50:0.95 | area= small | maxDets=100 ] = -1.000
 Average Precision  (AP) @[ IoU=0.50:0.95 | area=medium | maxDets=100 ] = -1.000
 Average Precision  (AP) @[ IoU=0.50:0.95 | area= large | maxDets=100 ] = 0.031
 Average Recall     (AR) @[ IoU=0.50:0.95 | area=   all | maxDets=  1 ] = 0.020
 Average Recall     (AR) @[ IoU=0.50:0.95 | area=   all | maxDets= 10 ] = 0.313
 Average Recall     (AR) @[ IoU=0.50:0.95 | area=   all | maxDets=100 ] = 0.643
 Average Recall     (AR) @[ IoU=0.50:0.95 | area= small | maxDets=100 ] = -1.000
 Average Recall     (AR) @[ IoU=0.50:0.95 | area=medium | maxDets=100 ] = -1.000
 Average Recall     (AR) @[ IoU=0.50:0.95 | area= large | maxDets=100 ] = 0.643
 Average Recall     (AR) @[ IoU=0.50      | area=   all | maxDets=100 ] = 0.967
 Average Recall     (AR) @[ IoU=0.75      | area=   all | maxDets=100 ] = 0.733
best_stat: {'epoch': 101, 'coco_eval_bbox': 0.04324772052346162}
Load last_epoch
Load model.state_dict
Load criterion.state_dict
Load postprocessor.state_dict
Load ema.state_dict
Load scaler.state_dict
Load optimizer.state_dict
Load lr_warmup_scheduler.state_dict
Refresh EMA at epoch 111 with decay 0.9993000000000001
Epoch: [112]  [0/8]  eta: 0:00:02  lr: 0.000050  loss: 33.1122 (33.1122)  loss_mal: 3.1230 (3.1230)  loss_bbox: 0.4105 (0.4105)  loss_giou: 0.4998 (0.4998)  loss_mal_aux_0: 2.0000 (2.0000)  loss_bbox_aux_0: 0.5700 (0.5700)  loss_giou_aux_0: 0.6837 (0.6837)  loss_mal_aux_1: 2.9941 (2.9941)  loss_bbox_aux_1: 0.4194 (0.4194)  loss_giou_aux_1: 0.5059 (0.5059)  loss_mal_pre: 2.5449 (2.5449)  loss_bbox_pre: 0.5785 (0.5785)  loss_giou_pre: 0.6946 (0.6946)  loss_mal_enc_0: 2.3613 (2.3613)  loss_bbox_enc_0: 0.6611 (0.6611)  loss_giou_enc_0: 0.6946 (0.6946)  loss_mal_dn_0: 1.0137 (1.0137)  loss_bbox_dn_0: 1.1175 (1.1175)  loss_giou_dn_0: 1.2072 (1.2072)  loss_mal_dn_1: 1.9092 (1.9092)  loss_bbox_dn_1: 0.8161 (0.8161)  loss_giou_dn_1: 0.8944 (0.8944)  loss_mal_dn_2: 2.1484 (2.1484)  loss_bbox_dn_2: 0.7719 (0.7719)  loss_giou_dn_2: 0.8364 (0.8364)  loss_mal_dn_pre: 1.3340 (1.3340)  loss_bbox_dn_pre: 1.1104 (1.1104)  loss_giou_dn_pre: 1.2113 (1.2113)  time: 0.3534  data: 0.2723  max mem: 266
Epoch: [112]  [7/8]  eta: 0:00:00  lr: 0.000051  loss: 32.6585 (32.6974)  loss_mal: 2.7168 (2.8501)  loss_bbox: 0.4827 (0.4911)  loss_giou: 0.5289 (0.5773)  loss_mal_aux_0: 1.9395 (1.9370)  loss_bbox_aux_0: 0.5996 (0.6401)  loss_giou_aux_0: 0.7352 (0.7382)  loss_mal_aux_1: 2.6641 (2.7275)  loss_bbox_aux_1: 0.4952 (0.5194)  loss_giou_aux_1: 0.5738 (0.5852)  loss_mal_pre: 2.3965 (2.4065)  loss_bbox_pre: 0.5959 (0.6330)  loss_giou_pre: 0.7219 (0.7388)  loss_mal_enc_0: 2.0020 (2.0732)  loss_bbox_enc_0: 0.7482 (0.8140)  loss_giou_enc_0: 0.7949 (0.8481)  loss_mal_dn_0: 1.0693 (1.0714)  loss_bbox_dn_0: 0.9630 (0.9704)  loss_giou_dn_0: 1.1664 (1.1704)  loss_mal_dn_1: 1.9209 (1.9370)  loss_bbox_dn_1: 0.7851 (0.7759)  loss_giou_dn_1: 0.8892 (0.8907)  loss_mal_dn_2: 2.1953 (2.1816)  loss_bbox_dn_2: 0.7494 (0.7364)  loss_giou_dn_2: 0.8114 (0.8203)  loss_mal_dn_pre: 1.4385 (1.4225)  loss_bbox_dn_pre: 0.9686 (0.9682)  loss_giou_dn_pre: 1.1646 (1.1730)  time: 0.1034  data: 0.0366  max mem: 266
Epoch: [112] Total time: 0:00:00 (0.1116 s / it)
Averaged stats: lr: 0.000051  loss: 32.6585 (32.6974)  loss_mal: 2.7168 (2.8501)  loss_bbox: 0.4827 (0.4911)  loss_giou: 0.5289 (0.5773)  loss_mal_aux_0: 1.9395 (1.9370)  loss_bbox_aux_0: 0.5996 (0.6401)  loss_giou_aux_0: 0.7352 (0.7382)  loss_mal_aux_1: 2.6641 (2.7275)  loss_bbox_aux_1: 0.4952 (0.5194)  loss_giou_aux_1: 0.5738 (0.5852)  loss_mal_pre: 2.3965 (2.4065)  loss_bbox_pre: 0.5959 (0.6330)  loss_giou_pre: 0.7219 (0.7388)  loss_mal_enc_0: 2.0020 (2.0732)  loss_bbox_enc_0: 0.7482 (0.8140)  loss_giou_enc_0: 0.7949 (0.8481)  loss_mal_dn_0: 1.0693 (1.0714)  loss_bbox_dn_0: 0.9630 (0.9704)  loss_giou_dn_0: 1.1664 (1.1704)  loss_mal_dn_1: 1.9209 (1.9370)  loss_bbox_dn_1: 0.7851 (0.7759)  loss_giou_dn_1: 0.8892 (0.8907)  loss_mal_dn_2: 2.1953 (2.1816)  loss_bbox_dn_2: 0.7494 (0.7364)  loss_giou_dn_2: 0.8114 (0.8203)  loss_mal_dn_pre: 1.4385 (1.4225)  loss_bbox_dn_pre: 0.9686 (0.9682)  loss_giou_dn_pre: 1.1646 (1.1730)
Test:  [0/4]  eta: 0:00:02    time: 0.7218  data: 0.6986  max mem: 266
Test:  [3/4]  eta: 0:00:00    time: 0.1977  data: 0.1754  max mem: 266
Test: Total time: 0:00:00 (0.2212 s / it)
Averaged stats: 
Accumulating evaluation results...
COCOeval_opt.accumulate() finished...
DONE (t=0.00s).
IoU metric: bbox
 Average Precision  (AP) @[ IoU=0.50:0.95 | area=   all | maxDets=100 ] = 0.044
 Average Precision  (AP) @[ IoU=0.50      | area=   all | maxDets=100 ] = 0.091
 Average Precision  (AP) @[ IoU=0.75      | area=   all | maxDets=100 ] = 0.035
 Average Precision  (AP) @[ IoU=0.50:0.95 | area= small | maxDets=100 ] = -1.000
 Average Precision  (AP) @[ IoU=0.50:0.95 | area=medium | maxDets=100 ] = -1.000
 Average Precision  (AP) @[ IoU=0.50:0.95 | area= large | maxDets=100 ] = 0.044
 Average Recall     (AR) @[ IoU=0.50:0.95 | area=   all | maxDets=  1 ] = 0.043
 Average Recall     (AR) @[ IoU=0.50:0.95 | area=   all | maxDets= 10 ] = 0.317
 Average Recall     (AR) @[ IoU=0.50:0.95 | area=   all | maxDets=100 ] = 0.647
 Average Recall     (AR) @[ IoU=0.50:0.95 | area= small | maxDets=100 ] = -1.000
 Average Recall     (AR) @[ IoU=0.50:0.95 | area=medium | maxDets=100 ] = -1.000
 Average Recall     (AR) @[ IoU=0.50:0.95 | area= large | maxDets=100 ] = 0.647
 Average Recall     (AR) @[ IoU=0.50      | area=   all | maxDets=100 ] = 1.000
 Average Recall     (AR) @[ IoU=0.75      | area=   all | maxDets=100 ] = 0.767
best_stat: {'epoch': 112, 'coco_eval_bbox': 0.04402111835433017}
Epoch: [113]  [0/8]  eta: 0:00:02  lr: 0.000051  loss: 31.7865 (31.7865)  loss_mal: 3.2051 (3.2051)  loss_bbox: 0.2695 (0.2695)  loss_giou: 0.4223 (0.4223)  loss_mal_aux_0: 2.1387 (2.1387)  loss_bbox_aux_0: 0.3837 (0.3837)  loss_giou_aux_0: 0.5813 (0.5813)  loss_mal_aux_1: 2.9707 (2.9707)  loss_bbox_aux_1: 0.2853 (0.2853)  loss_giou_aux_1: 0.4415 (0.4415)  loss_mal_pre: 2.7871 (2.7871)  loss_bbox_pre: 0.4129 (0.4129)  loss_giou_pre: 0.5586 (0.5586)  loss_mal_enc_0: 2.4512 (2.4512)  loss_bbox_enc_0: 0.4721 (0.4721)  loss_giou_enc_0: 0.6860 (0.6860)  loss_mal_dn_0: 1.0771 (1.0771)  loss_bbox_dn_0: 0.8683 (0.8683)  loss_giou_dn_0: 1.1460 (1.1460)  loss_mal_dn_1: 2.0312 (2.0312)  loss_bbox_dn_1: 0.6352 (0.6352)  loss_giou_dn_1: 0.8291 (0.8291)  loss_mal_dn_2: 2.3262 (2.3262)  loss_bbox_dn_2: 0.5838 (0.5838)  loss_giou_dn_2: 0.7333 (0.7333)  loss_mal_dn_pre: 1.4717 (1.4717)  loss_bbox_dn_pre: 0.8701 (0.8701)  loss_giou_dn_pre: 1.1486 (1.1486)  time: 0.3682  data: 0.2717  max mem: 266
Epoch: [113]  [7/8]  eta: 0:00:00  lr: 0.000052  loss: 31.7865 (32.0334)  loss_mal: 2.8086 (2.8989)  loss_bbox: 0.4192 (0.3933)  loss_giou: 0.4649 (0.5225)  loss_mal_aux_0: 1.7383 (1.8420)  loss_bbox_aux_0: 0.6257 (0.6267)  loss_giou_aux_0: 0.6798 (0.7329)  loss_mal_aux_1: 2.6504 (2.6875)  loss_bbox_aux_1: 0.4120 (0.4207)  loss_giou_aux_1: 0.4983 (0.5535)  loss_mal_pre: 2.3906 (2.4238)  loss_bbox_pre: 0.6354 (0.6157)  loss_giou_pre: 0.6919 (0.7269)  loss_mal_enc_0: 2.1152 (2.2122)  loss_bbox_enc_0: 0.6609 (0.6737)  loss_giou_enc_0: 0.7560 (0.7853)  loss_mal_dn_0: 1.0605 (1.0679)  loss_bbox_dn_0: 0.9396 (0.9567)  loss_giou_dn_0: 1.1460 (1.1497)  loss_mal_dn_1: 1.9004 (1.9219)  loss_bbox_dn_1: 0.7000 (0.7336)  loss_giou_dn_1: 0.8638 (0.8593)  loss_mal_dn_2: 2.1680 (2.2019)  loss_bbox_dn_2: 0.6342 (0.6794)  loss_giou_dn_2: 0.7574 (0.7765)  loss_mal_dn_pre: 1.4648 (1.4686)  loss_bbox_dn_pre: 0.9300 (0.9513)  loss_giou_dn_pre: 1.1486 (1.1508)  time: 0.1223  data: 0.0361  max mem: 266
Epoch: [113] Total time: 0:00:01 (0.1295 s / it)
Averaged stats: lr: 0.000052  loss: 31.7865 (32.0334)  loss_mal: 2.8086 (2.8989)  loss_bbox: 0.4192 (0.3933)  loss_giou: 0.4649 (0.5225)  loss_mal_aux_0: 1.7383 (1.8420)  loss_bbox_aux_0: 0.6257 (0.6267)  loss_giou_aux_0: 0.6798 (0.7329)  loss_mal_aux_1: 2.6504 (2.6875)  loss_bbox_aux_1: 0.4120 (0.4207)  loss_giou_aux_1: 0.4983 (0.5535)  loss_mal_pre: 2.3906 (2.4238)  loss_bbox_pre: 0.6354 (0.6157)  loss_giou_pre: 0.6919 (0.7269)  loss_mal_enc_0: 2.1152 (2.2122)  loss_bbox_enc_0: 0.6609 (0.6737)  loss_giou_enc_0: 0.7560 (0.7853)  loss_mal_dn_0: 1.0605 (1.0679)  loss_bbox_dn_0: 0.9396 (0.9567)  loss_giou_dn_0: 1.1460 (1.1497)  loss_mal_dn_1: 1.9004 (1.9219)  loss_bbox_dn_1: 0.7000 (0.7336)  loss_giou_dn_1: 0.8638 (0.8593)  loss_mal_dn_2: 2.1680 (2.2019)  loss_bbox_dn_2: 0.6342 (0.6794)  loss_giou_dn_2: 0.7574 (0.7765)  loss_mal_dn_pre: 1.4648 (1.4686)  loss_bbox_dn_pre: 0.9300 (0.9513)  loss_giou_dn_pre: 1.1486 (1.1508)
Test:  [0/4]  eta: 0:00:02    time: 0.6534  data: 0.6236  max mem: 266
Test:  [3/4]  eta: 0:00:00    time: 0.1836  data: 0.1566  max mem: 266
Test: Total time: 0:00:00 (0.1992 s / it)
Averaged stats: 
Accumulating evaluation results...
COCOeval_opt.accumulate() finished...
DONE (t=0.00s).
IoU metric: bbox
 Average Precision  (AP) @[ IoU=0.50:0.95 | area=   all | maxDets=100 ] = 0.044
 Average Precision  (AP) @[ IoU=0.50      | area=   all | maxDets=100 ] = 0.083
 Average Precision  (AP) @[ IoU=0.75      | area=   all | maxDets=100 ] = 0.051
 Average Precision  (AP) @[ IoU=0.50:0.95 | area= small | maxDets=100 ] = -1.000
 Average Precision  (AP) @[ IoU=0.50:0.95 | area=medium | maxDets=100 ] = -1.000
 Average Precision  (AP) @[ IoU=0.50:0.95 | area= large | maxDets=100 ] = 0.044
 Average Recall     (AR) @[ IoU=0.50:0.95 | area=   all | maxDets=  1 ] = 0.067
 Average Recall     (AR) @[ IoU=0.50:0.95 | area=   all | maxDets= 10 ] = 0.307
 Average Recall     (AR) @[ IoU=0.50:0.95 | area=   all | maxDets=100 ] = 0.643
 Average Recall     (AR) @[ IoU=0.50:0.95 | area= small | maxDets=100 ] = -1.000
 Average Recall     (AR) @[ IoU=0.50:0.95 | area=medium | maxDets=100 ] = -1.000
 Average Recall     (AR) @[ IoU=0.50:0.95 | area= large | maxDets=100 ] = 0.643
 Average Recall     (AR) @[ IoU=0.50      | area=   all | maxDets=100 ] = 0.967
 Average Recall     (AR) @[ IoU=0.75      | area=   all | maxDets=100 ] = 0.767
best_stat: {'epoch': 112, 'coco_eval_bbox': 0.04402111835433017}
Load last_epoch
Load model.state_dict
Load criterion.state_dict
Load postprocessor.state_dict
Load ema.state_dict
Load scaler.state_dict
Load optimizer.state_dict
Load lr_warmup_scheduler.state_dict
Refresh EMA at epoch 113 with decay 0.9992000000000001
Epoch: [114]  [0/8]  eta: 0:00:02  lr: 0.000052  loss: 32.2224 (32.2224)  loss_mal: 2.8281 (2.8281)  loss_bbox: 0.4338 (0.4338)  loss_giou: 0.5993 (0.5993)  loss_mal_aux_0: 1.9795 (1.9795)  loss_bbox_aux_0: 0.5465 (0.5465)  loss_giou_aux_0: 0.7550 (0.7550)  loss_mal_aux_1: 2.7910 (2.7910)  loss_bbox_aux_1: 0.4178 (0.4178)  loss_giou_aux_1: 0.5652 (0.5652)  loss_mal_pre: 2.2676 (2.2676)  loss_bbox_pre: 0.5568 (0.5568)  loss_giou_pre: 0.7959 (0.7959)  loss_mal_enc_0: 1.9609 (1.9609)  loss_bbox_enc_0: 0.7028 (0.7028)  loss_giou_enc_0: 0.9343 (0.9343)  loss_mal_dn_0: 1.0508 (1.0508)  loss_bbox_dn_0: 0.9888 (0.9888)  loss_giou_dn_0: 1.1815 (1.1815)  loss_mal_dn_1: 1.9658 (1.9658)  loss_bbox_dn_1: 0.7412 (0.7412)  loss_giou_dn_1: 0.8606 (0.8606)  loss_mal_dn_2: 2.2070 (2.2070)  loss_bbox_dn_2: 0.7098 (0.7098)  loss_giou_dn_2: 0.8118 (0.8118)  loss_mal_dn_pre: 1.3965 (1.3965)  loss_bbox_dn_pre: 0.9895 (0.9895)  loss_giou_dn_pre: 1.1845 (1.1845)  time: 0.3733  data: 0.2787  max mem: 266
Epoch: [114]  [7/8]  eta: 0:00:00  lr: 0.000053  loss: 32.0981 (32.9176)  loss_mal: 2.8281 (2.8411)  loss_bbox: 0.5153 (0.5738)  loss_giou: 0.5864 (0.5912)  loss_mal_aux_0: 1.9473 (1.9573)  loss_bbox_aux_0: 0.6345 (0.6575)  loss_giou_aux_0: 0.7330 (0.7234)  loss_mal_aux_1: 2.6934 (2.6868)  loss_bbox_aux_1: 0.5018 (0.5418)  loss_giou_aux_1: 0.5652 (0.5874)  loss_mal_pre: 2.3887 (2.4353)  loss_bbox_pre: 0.5568 (0.6323)  loss_giou_pre: 0.7179 (0.7263)  loss_mal_enc_0: 2.0332 (2.0383)  loss_bbox_enc_0: 0.8058 (0.8266)  loss_giou_enc_0: 0.8278 (0.8749)  loss_mal_dn_0: 1.0391 (1.0500)  loss_bbox_dn_0: 0.9143 (1.0300)  loss_giou_dn_0: 1.1815 (1.1875)  loss_mal_dn_1: 1.8896 (1.8934)  loss_bbox_dn_1: 0.7231 (0.8091)  loss_giou_dn_1: 0.8637 (0.9043)  loss_mal_dn_2: 2.1367 (2.1311)  loss_bbox_dn_2: 0.6570 (0.7689)  loss_giou_dn_2: 0.8218 (0.8419)  loss_mal_dn_pre: 1.3750 (1.3904)  loss_bbox_dn_pre: 0.9121 (1.0271)  loss_giou_dn_pre: 1.1845 (1.1900)  time: 0.1086  data: 0.0375  max mem: 266
Epoch: [114] Total time: 0:00:00 (0.1170 s / it)
Averaged stats: lr: 0.000053  loss: 32.0981 (32.9176)  loss_mal: 2.8281 (2.8411)  loss_bbox: 0.5153 (0.5738)  loss_giou: 0.5864 (0.5912)  loss_mal_aux_0: 1.9473 (1.9573)  loss_bbox_aux_0: 0.6345 (0.6575)  loss_giou_aux_0: 0.7330 (0.7234)  loss_mal_aux_1: 2.6934 (2.6868)  loss_bbox_aux_1: 0.5018 (0.5418)  loss_giou_aux_1: 0.5652 (0.5874)  loss_mal_pre: 2.3887 (2.4353)  loss_bbox_pre: 0.5568 (0.6323)  loss_giou_pre: 0.7179 (0.7263)  loss_mal_enc_0: 2.0332 (2.0383)  loss_bbox_enc_0: 0.8058 (0.8266)  loss_giou_enc_0: 0.8278 (0.8749)  loss_mal_dn_0: 1.0391 (1.0500)  loss_bbox_dn_0: 0.9143 (1.0300)  loss_giou_dn_0: 1.1815 (1.1875)  loss_mal_dn_1: 1.8896 (1.8934)  loss_bbox_dn_1: 0.7231 (0.8091)  loss_giou_dn_1: 0.8637 (0.9043)  loss_mal_dn_2: 2.1367 (2.1311)  loss_bbox_dn_2: 0.6570 (0.7689)  loss_giou_dn_2: 0.8218 (0.8419)  loss_mal_dn_pre: 1.3750 (1.3904)  loss_bbox_dn_pre: 0.9121 (1.0271)  loss_giou_dn_pre: 1.1845 (1.1900)
Test:  [0/4]  eta: 0:00:02    time: 0.7259  data: 0.7035  max mem: 266
Test:  [3/4]  eta: 0:00:00    time: 0.2054  data: 0.1765  max mem: 266
Test: Total time: 0:00:00 (0.2283 s / it)
Averaged stats: 
Accumulating evaluation results...
COCOeval_opt.accumulate() finished...
DONE (t=0.00s).
IoU metric: bbox
 Average Precision  (AP) @[ IoU=0.50:0.95 | area=   all | maxDets=100 ] = 0.040
 Average Precision  (AP) @[ IoU=0.50      | area=   all | maxDets=100 ] = 0.083
 Average Precision  (AP) @[ IoU=0.75      | area=   all | maxDets=100 ] = 0.039
 Average Precision  (AP) @[ IoU=0.50:0.95 | area= small | maxDets=100 ] = -1.000
 Average Precision  (AP) @[ IoU=0.50:0.95 | area=medium | maxDets=100 ] = -1.000
 Average Precision  (AP) @[ IoU=0.50:0.95 | area= large | maxDets=100 ] = 0.040
 Average Recall     (AR) @[ IoU=0.50:0.95 | area=   all | maxDets=  1 ] = 0.027
 Average Recall     (AR) @[ IoU=0.50:0.95 | area=   all | maxDets= 10 ] = 0.343
 Average Recall     (AR) @[ IoU=0.50:0.95 | area=   all | maxDets=100 ] = 0.627
 Average Recall     (AR) @[ IoU=0.50:0.95 | area= small | maxDets=100 ] = -1.000
 Average Recall     (AR) @[ IoU=0.50:0.95 | area=medium | maxDets=100 ] = -1.000
 Average Recall     (AR) @[ IoU=0.50:0.95 | area= large | maxDets=100 ] = 0.627
 Average Recall     (AR) @[ IoU=0.50      | area=   all | maxDets=100 ] = 0.967
 Average Recall     (AR) @[ IoU=0.75      | area=   all | maxDets=100 ] = 0.633
best_stat: {'epoch': 112, 'coco_eval_bbox': 0.04402111835433017}
Epoch: [115]  [0/8]  eta: 0:00:03  lr: 0.000053  loss: 32.5249 (32.5249)  loss_mal: 2.6582 (2.6582)  loss_bbox: 0.6167 (0.6167)  loss_giou: 0.6295 (0.6295)  loss_mal_aux_0: 1.6953 (1.6953)  loss_bbox_aux_0: 0.8447 (0.8447)  loss_giou_aux_0: 0.8337 (0.8337)  loss_mal_aux_1: 2.5625 (2.5625)  loss_bbox_aux_1: 0.5404 (0.5404)  loss_giou_aux_1: 0.6268 (0.6268)  loss_mal_pre: 2.0371 (2.0371)  loss_bbox_pre: 0.8471 (0.8471)  loss_giou_pre: 0.8784 (0.8784)  loss_mal_enc_0: 2.1719 (2.1719)  loss_bbox_enc_0: 0.7505 (0.7505)  loss_giou_enc_0: 0.7793 (0.7793)  loss_mal_dn_0: 1.0664 (1.0664)  loss_bbox_dn_0: 0.9993 (0.9993)  loss_giou_dn_0: 1.1695 (1.1695)  loss_mal_dn_1: 1.9258 (1.9258)  loss_bbox_dn_1: 0.7669 (0.7669)  loss_giou_dn_1: 0.8601 (0.8601)  loss_mal_dn_2: 2.1621 (2.1621)  loss_bbox_dn_2: 0.7254 (0.7254)  loss_giou_dn_2: 0.7985 (0.7985)  loss_mal_dn_pre: 1.4053 (1.4053)  loss_bbox_dn_pre: 0.9979 (0.9979)  loss_giou_dn_pre: 1.1757 (1.1757)  time: 0.4008  data: 0.2680  max mem: 266
Epoch: [115]  [7/8]  eta: 0:00:00  lr: 0.000054  loss: 31.5121 (32.1766)  loss_mal: 2.9434 (2.9131)  loss_bbox: 0.4568 (0.4456)  loss_giou: 0.4777 (0.5208)  loss_mal_aux_0: 2.0078 (1.9427)  loss_bbox_aux_0: 0.5595 (0.5835)  loss_giou_aux_0: 0.6289 (0.6986)  loss_mal_aux_1: 2.6465 (2.7078)  loss_bbox_aux_1: 0.3966 (0.4287)  loss_giou_aux_1: 0.4913 (0.5340)  loss_mal_pre: 2.5488 (2.4856)  loss_bbox_pre: 0.5482 (0.5840)  loss_giou_pre: 0.6415 (0.6926)  loss_mal_enc_0: 2.1719 (2.2107)  loss_bbox_enc_0: 0.6750 (0.7145)  loss_giou_enc_0: 0.7518 (0.7882)  loss_mal_dn_0: 1.0459 (1.0463)  loss_bbox_dn_0: 0.9836 (0.9707)  loss_giou_dn_0: 1.1637 (1.1629)  loss_mal_dn_1: 1.8496 (1.8762)  loss_bbox_dn_1: 0.7429 (0.7578)  loss_giou_dn_1: 0.8672 (0.8816)  loss_mal_dn_2: 2.1621 (2.1418)  loss_bbox_dn_2: 0.7049 (0.7134)  loss_giou_dn_2: 0.7827 (0.8038)  loss_mal_dn_pre: 1.4053 (1.4344)  loss_bbox_dn_pre: 0.9777 (0.9709)  loss_giou_dn_pre: 1.1674 (1.1661)  time: 0.1299  data: 0.0357  max mem: 266
Epoch: [115] Total time: 0:00:01 (0.1367 s / it)
Averaged stats: lr: 0.000054  loss: 31.5121 (32.1766)  loss_mal: 2.9434 (2.9131)  loss_bbox: 0.4568 (0.4456)  loss_giou: 0.4777 (0.5208)  loss_mal_aux_0: 2.0078 (1.9427)  loss_bbox_aux_0: 0.5595 (0.5835)  loss_giou_aux_0: 0.6289 (0.6986)  loss_mal_aux_1: 2.6465 (2.7078)  loss_bbox_aux_1: 0.3966 (0.4287)  loss_giou_aux_1: 0.4913 (0.5340)  loss_mal_pre: 2.5488 (2.4856)  loss_bbox_pre: 0.5482 (0.5840)  loss_giou_pre: 0.6415 (0.6926)  loss_mal_enc_0: 2.1719 (2.2107)  loss_bbox_enc_0: 0.6750 (0.7145)  loss_giou_enc_0: 0.7518 (0.7882)  loss_mal_dn_0: 1.0459 (1.0463)  loss_bbox_dn_0: 0.9836 (0.9707)  loss_giou_dn_0: 1.1637 (1.1629)  loss_mal_dn_1: 1.8496 (1.8762)  loss_bbox_dn_1: 0.7429 (0.7578)  loss_giou_dn_1: 0.8672 (0.8816)  loss_mal_dn_2: 2.1621 (2.1418)  loss_bbox_dn_2: 0.7049 (0.7134)  loss_giou_dn_2: 0.7827 (0.8038)  loss_mal_dn_pre: 1.4053 (1.4344)  loss_bbox_dn_pre: 0.9777 (0.9709)  loss_giou_dn_pre: 1.1674 (1.1661)
Test:  [0/4]  eta: 0:00:02    time: 0.6582  data: 0.6257  max mem: 266
Test:  [3/4]  eta: 0:00:00    time: 0.2244  data: 0.1571  max mem: 266
Test: Total time: 0:00:00 (0.2449 s / it)
Averaged stats: 
Accumulating evaluation results...
COCOeval_opt.accumulate() finished...
DONE (t=0.00s).
IoU metric: bbox
 Average Precision  (AP) @[ IoU=0.50:0.95 | area=   all | maxDets=100 ] = 0.036
 Average Precision  (AP) @[ IoU=0.50      | area=   all | maxDets=100 ] = 0.070
 Average Precision  (AP) @[ IoU=0.75      | area=   all | maxDets=100 ] = 0.039
 Average Precision  (AP) @[ IoU=0.50:0.95 | area= small | maxDets=100 ] = -1.000
 Average Precision  (AP) @[ IoU=0.50:0.95 | area=medium | maxDets=100 ] = -1.000
 Average Precision  (AP) @[ IoU=0.50:0.95 | area= large | maxDets=100 ] = 0.036
 Average Recall     (AR) @[ IoU=0.50:0.95 | area=   all | maxDets=  1 ] = 0.057
 Average Recall     (AR) @[ IoU=0.50:0.95 | area=   all | maxDets= 10 ] = 0.363
 Average Recall     (AR) @[ IoU=0.50:0.95 | area=   all | maxDets=100 ] = 0.667
 Average Recall     (AR) @[ IoU=0.50:0.95 | area= small | maxDets=100 ] = -1.000
 Average Recall     (AR) @[ IoU=0.50:0.95 | area=medium | maxDets=100 ] = -1.000
 Average Recall     (AR) @[ IoU=0.50:0.95 | area= large | maxDets=100 ] = 0.667
 Average Recall     (AR) @[ IoU=0.50      | area=   all | maxDets=100 ] = 0.967
 Average Recall     (AR) @[ IoU=0.75      | area=   all | maxDets=100 ] = 0.767
best_stat: {'epoch': 112, 'coco_eval_bbox': 0.04402111835433017}
Load last_epoch
Load model.state_dict
Load criterion.state_dict
Load postprocessor.state_dict
Load ema.state_dict
Load scaler.state_dict
Load optimizer.state_dict
Load lr_warmup_scheduler.state_dict
Refresh EMA at epoch 115 with decay 0.9991000000000001
Epoch: [116]  [0/8]  eta: 0:00:02  lr: 0.000054  loss: 31.6451 (31.6451)  loss_mal: 2.6484 (2.6484)  loss_bbox: 0.4999 (0.4999)  loss_giou: 0.6224 (0.6224)  loss_mal_aux_0: 1.5186 (1.5186)  loss_bbox_aux_0: 0.6787 (0.6787)  loss_giou_aux_0: 0.8692 (0.8692)  loss_mal_aux_1: 2.5488 (2.5488)  loss_bbox_aux_1: 0.5116 (0.5116)  loss_giou_aux_1: 0.6267 (0.6267)  loss_mal_pre: 2.0273 (2.0273)  loss_bbox_pre: 0.7275 (0.7275)  loss_giou_pre: 0.8781 (0.8781)  loss_mal_enc_0: 2.0176 (2.0176)  loss_bbox_enc_0: 0.6891 (0.6891)  loss_giou_enc_0: 0.8761 (0.8761)  loss_mal_dn_0: 0.9629 (0.9629)  loss_bbox_dn_0: 0.9980 (0.9980)  loss_giou_dn_0: 1.2421 (1.2421)  loss_mal_dn_1: 1.7354 (1.7354)  loss_bbox_dn_1: 0.8234 (0.8234)  loss_giou_dn_1: 0.9701 (0.9701)  loss_mal_dn_2: 2.0059 (2.0059)  loss_bbox_dn_2: 0.7627 (0.7627)  loss_giou_dn_2: 0.8876 (0.8876)  loss_mal_dn_pre: 1.2676 (1.2676)  loss_bbox_dn_pre: 1.0010 (1.0010)  loss_giou_dn_pre: 1.2484 (1.2484)  time: 0.3652  data: 0.2774  max mem: 266
Epoch: [116]  [7/8]  eta: 0:00:00  lr: 0.000055  loss: 32.6119 (32.3789)  loss_mal: 2.7500 (2.8689)  loss_bbox: 0.4936 (0.4775)  loss_giou: 0.5663 (0.5677)  loss_mal_aux_0: 1.7383 (1.7723)  loss_bbox_aux_0: 0.6787 (0.6639)  loss_giou_aux_0: 0.7906 (0.8005)  loss_mal_aux_1: 2.5215 (2.5325)  loss_bbox_aux_1: 0.5287 (0.5522)  loss_giou_aux_1: 0.6368 (0.6363)  loss_mal_pre: 2.1602 (2.2004)  loss_bbox_pre: 0.7110 (0.6930)  loss_giou_pre: 0.8236 (0.8228)  loss_mal_enc_0: 1.9941 (2.0177)  loss_bbox_enc_0: 0.7304 (0.7658)  loss_giou_enc_0: 0.8893 (0.8863)  loss_mal_dn_0: 1.0840 (1.0752)  loss_bbox_dn_0: 0.9873 (0.9692)  loss_giou_dn_0: 1.1530 (1.1744)  loss_mal_dn_1: 1.9590 (1.9231)  loss_bbox_dn_1: 0.7810 (0.7758)  loss_giou_dn_1: 0.8812 (0.8944)  loss_mal_dn_2: 2.1934 (2.2039)  loss_bbox_dn_2: 0.7326 (0.7251)  loss_giou_dn_2: 0.8090 (0.8124)  loss_mal_dn_pre: 1.4512 (1.4222)  loss_bbox_dn_pre: 0.9962 (0.9687)  loss_giou_dn_pre: 1.1537 (1.1770)  time: 0.1056  data: 0.0374  max mem: 266
Epoch: [116] Total time: 0:00:00 (0.1136 s / it)
Averaged stats: lr: 0.000055  loss: 32.6119 (32.3789)  loss_mal: 2.7500 (2.8689)  loss_bbox: 0.4936 (0.4775)  loss_giou: 0.5663 (0.5677)  loss_mal_aux_0: 1.7383 (1.7723)  loss_bbox_aux_0: 0.6787 (0.6639)  loss_giou_aux_0: 0.7906 (0.8005)  loss_mal_aux_1: 2.5215 (2.5325)  loss_bbox_aux_1: 0.5287 (0.5522)  loss_giou_aux_1: 0.6368 (0.6363)  loss_mal_pre: 2.1602 (2.2004)  loss_bbox_pre: 0.7110 (0.6930)  loss_giou_pre: 0.8236 (0.8228)  loss_mal_enc_0: 1.9941 (2.0177)  loss_bbox_enc_0: 0.7304 (0.7658)  loss_giou_enc_0: 0.8893 (0.8863)  loss_mal_dn_0: 1.0840 (1.0752)  loss_bbox_dn_0: 0.9873 (0.9692)  loss_giou_dn_0: 1.1530 (1.1744)  loss_mal_dn_1: 1.9590 (1.9231)  loss_bbox_dn_1: 0.7810 (0.7758)  loss_giou_dn_1: 0.8812 (0.8944)  loss_mal_dn_2: 2.1934 (2.2039)  loss_bbox_dn_2: 0.7326 (0.7251)  loss_giou_dn_2: 0.8090 (0.8124)  loss_mal_dn_pre: 1.4512 (1.4222)  loss_bbox_dn_pre: 0.9962 (0.9687)  loss_giou_dn_pre: 1.1537 (1.1770)
Test:  [0/4]  eta: 0:00:02    time: 0.7337  data: 0.7113  max mem: 266
Test:  [3/4]  eta: 0:00:00    time: 0.1980  data: 0.1785  max mem: 266
Test: Total time: 0:00:00 (0.2251 s / it)
Averaged stats: 
Accumulating evaluation results...
COCOeval_opt.accumulate() finished...
DONE (t=0.00s).
IoU metric: bbox
 Average Precision  (AP) @[ IoU=0.50:0.95 | area=   all | maxDets=100 ] = 0.050
 Average Precision  (AP) @[ IoU=0.50      | area=   all | maxDets=100 ] = 0.088
 Average Precision  (AP) @[ IoU=0.75      | area=   all | maxDets=100 ] = 0.071
 Average Precision  (AP) @[ IoU=0.50:0.95 | area= small | maxDets=100 ] = -1.000
 Average Precision  (AP) @[ IoU=0.50:0.95 | area=medium | maxDets=100 ] = -1.000
 Average Precision  (AP) @[ IoU=0.50:0.95 | area= large | maxDets=100 ] = 0.050
 Average Recall     (AR) @[ IoU=0.50:0.95 | area=   all | maxDets=  1 ] = 0.050
 Average Recall     (AR) @[ IoU=0.50:0.95 | area=   all | maxDets= 10 ] = 0.353
 Average Recall     (AR) @[ IoU=0.50:0.95 | area=   all | maxDets=100 ] = 0.637
 Average Recall     (AR) @[ IoU=0.50:0.95 | area= small | maxDets=100 ] = -1.000
 Average Recall     (AR) @[ IoU=0.50:0.95 | area=medium | maxDets=100 ] = -1.000
 Average Recall     (AR) @[ IoU=0.50:0.95 | area= large | maxDets=100 ] = 0.637
 Average Recall     (AR) @[ IoU=0.50      | area=   all | maxDets=100 ] = 0.967
 Average Recall     (AR) @[ IoU=0.75      | area=   all | maxDets=100 ] = 0.833
best_stat: {'epoch': 116, 'coco_eval_bbox': 0.05023442561078317}
Epoch: [117]  [0/8]  eta: 0:00:03  lr: 0.000055  loss: 32.6215 (32.6215)  loss_mal: 2.8555 (2.8555)  loss_bbox: 0.5037 (0.5037)  loss_giou: 0.5233 (0.5233)  loss_mal_aux_0: 1.7695 (1.7695)  loss_bbox_aux_0: 0.7087 (0.7087)  loss_giou_aux_0: 0.7453 (0.7453)  loss_mal_aux_1: 2.7598 (2.7598)  loss_bbox_aux_1: 0.5056 (0.5056)  loss_giou_aux_1: 0.5368 (0.5368)  loss_mal_pre: 2.3828 (2.3828)  loss_bbox_pre: 0.7775 (0.7775)  loss_giou_pre: 0.7377 (0.7377)  loss_mal_enc_0: 2.1387 (2.1387)  loss_bbox_enc_0: 0.7729 (0.7729)  loss_giou_enc_0: 0.8071 (0.8071)  loss_mal_dn_0: 1.0566 (1.0566)  loss_bbox_dn_0: 0.9885 (0.9885)  loss_giou_dn_0: 1.1531 (1.1531)  loss_mal_dn_1: 1.9336 (1.9336)  loss_bbox_dn_1: 0.7943 (0.7943)  loss_giou_dn_1: 0.8626 (0.8626)  loss_mal_dn_2: 2.1621 (2.1621)  loss_bbox_dn_2: 0.7537 (0.7537)  loss_giou_dn_2: 0.8008 (0.8008)  loss_mal_dn_pre: 1.4492 (1.4492)  loss_bbox_dn_pre: 0.9874 (0.9874)  loss_giou_dn_pre: 1.1547 (1.1547)  time: 0.3893  data: 0.2783  max mem: 266
Epoch: [117]  [7/8]  eta: 0:00:00  lr: 0.000056  loss: 32.4923 (32.2104)  loss_mal: 2.8555 (2.7476)  loss_bbox: 0.5037 (0.5023)  loss_giou: 0.5095 (0.5709)  loss_mal_aux_0: 1.9287 (1.9630)  loss_bbox_aux_0: 0.5629 (0.5576)  loss_giou_aux_0: 0.6952 (0.6849)  loss_mal_aux_1: 2.5352 (2.6155)  loss_bbox_aux_1: 0.5056 (0.4906)  loss_giou_aux_1: 0.5368 (0.5827)  loss_mal_pre: 2.4648 (2.5552)  loss_bbox_pre: 0.5564 (0.5786)  loss_giou_pre: 0.6764 (0.6695)  loss_mal_enc_0: 2.1387 (2.2390)  loss_bbox_enc_0: 0.6184 (0.7190)  loss_giou_enc_0: 0.7020 (0.7729)  loss_mal_dn_0: 1.0557 (1.0594)  loss_bbox_dn_0: 0.9769 (0.9710)  loss_giou_dn_0: 1.1531 (1.1525)  loss_mal_dn_1: 1.8613 (1.9036)  loss_bbox_dn_1: 0.7564 (0.7614)  loss_giou_dn_1: 0.8626 (0.8623)  loss_mal_dn_2: 2.1582 (2.1624)  loss_bbox_dn_2: 0.6909 (0.7134)  loss_giou_dn_2: 0.7859 (0.7922)  loss_mal_dn_pre: 1.4385 (1.4615)  loss_bbox_dn_pre: 0.9801 (0.9684)  loss_giou_dn_pre: 1.1547 (1.1531)  time: 0.1155  data: 0.0364  max mem: 266
Epoch: [117] Total time: 0:00:00 (0.1206 s / it)
Averaged stats: lr: 0.000056  loss: 32.4923 (32.2104)  loss_mal: 2.8555 (2.7476)  loss_bbox: 0.5037 (0.5023)  loss_giou: 0.5095 (0.5709)  loss_mal_aux_0: 1.9287 (1.9630)  loss_bbox_aux_0: 0.5629 (0.5576)  loss_giou_aux_0: 0.6952 (0.6849)  loss_mal_aux_1: 2.5352 (2.6155)  loss_bbox_aux_1: 0.5056 (0.4906)  loss_giou_aux_1: 0.5368 (0.5827)  loss_mal_pre: 2.4648 (2.5552)  loss_bbox_pre: 0.5564 (0.5786)  loss_giou_pre: 0.6764 (0.6695)  loss_mal_enc_0: 2.1387 (2.2390)  loss_bbox_enc_0: 0.6184 (0.7190)  loss_giou_enc_0: 0.7020 (0.7729)  loss_mal_dn_0: 1.0557 (1.0594)  loss_bbox_dn_0: 0.9769 (0.9710)  loss_giou_dn_0: 1.1531 (1.1525)  loss_mal_dn_1: 1.8613 (1.9036)  loss_bbox_dn_1: 0.7564 (0.7614)  loss_giou_dn_1: 0.8626 (0.8623)  loss_mal_dn_2: 2.1582 (2.1624)  loss_bbox_dn_2: 0.6909 (0.7134)  loss_giou_dn_2: 0.7859 (0.7922)  loss_mal_dn_pre: 1.4385 (1.4615)  loss_bbox_dn_pre: 0.9801 (0.9684)  loss_giou_dn_pre: 1.1547 (1.1531)
Test:  [0/4]  eta: 0:00:02    time: 0.6206  data: 0.6021  max mem: 266
Test:  [3/4]  eta: 0:00:00    time: 0.1634  data: 0.1511  max mem: 266
Test: Total time: 0:00:00 (0.1840 s / it)
Averaged stats: 
Accumulating evaluation results...
COCOeval_opt.accumulate() finished...
DONE (t=0.00s).
IoU metric: bbox
 Average Precision  (AP) @[ IoU=0.50:0.95 | area=   all | maxDets=100 ] = 0.035
 Average Precision  (AP) @[ IoU=0.50      | area=   all | maxDets=100 ] = 0.061
 Average Precision  (AP) @[ IoU=0.75      | area=   all | maxDets=100 ] = 0.043
 Average Precision  (AP) @[ IoU=0.50:0.95 | area= small | maxDets=100 ] = -1.000
 Average Precision  (AP) @[ IoU=0.50:0.95 | area=medium | maxDets=100 ] = -1.000
 Average Precision  (AP) @[ IoU=0.50:0.95 | area= large | maxDets=100 ] = 0.035
 Average Recall     (AR) @[ IoU=0.50:0.95 | area=   all | maxDets=  1 ] = 0.040
 Average Recall     (AR) @[ IoU=0.50:0.95 | area=   all | maxDets= 10 ] = 0.373
 Average Recall     (AR) @[ IoU=0.50:0.95 | area=   all | maxDets=100 ] = 0.647
 Average Recall     (AR) @[ IoU=0.50:0.95 | area= small | maxDets=100 ] = -1.000
 Average Recall     (AR) @[ IoU=0.50:0.95 | area=medium | maxDets=100 ] = -1.000
 Average Recall     (AR) @[ IoU=0.50:0.95 | area= large | maxDets=100 ] = 0.647
 Average Recall     (AR) @[ IoU=0.50      | area=   all | maxDets=100 ] = 0.967
 Average Recall     (AR) @[ IoU=0.75      | area=   all | maxDets=100 ] = 0.767
best_stat: {'epoch': 116, 'coco_eval_bbox': 0.05023442561078317}
Load last_epoch
Load model.state_dict
Load criterion.state_dict
Load postprocessor.state_dict
Load ema.state_dict
Load scaler.state_dict
Load optimizer.state_dict
Load lr_warmup_scheduler.state_dict
Refresh EMA at epoch 117 with decay 0.9990000000000001
Epoch: [118]  [0/8]  eta: 0:00:02  lr: 0.000056  loss: 33.8864 (33.8864)  loss_mal: 2.9609 (2.9609)  loss_bbox: 0.4907 (0.4907)  loss_giou: 0.5494 (0.5494)  loss_mal_aux_0: 2.0488 (2.0488)  loss_bbox_aux_0: 0.7212 (0.7212)  loss_giou_aux_0: 0.7510 (0.7510)  loss_mal_aux_1: 2.7969 (2.7969)  loss_bbox_aux_1: 0.4645 (0.4645)  loss_giou_aux_1: 0.5817 (0.5817)  loss_mal_pre: 2.3672 (2.3672)  loss_bbox_pre: 0.8022 (0.8022)  loss_giou_pre: 0.7838 (0.7838)  loss_mal_enc_0: 2.2031 (2.2031)  loss_bbox_enc_0: 0.7324 (0.7324)  loss_giou_enc_0: 0.8036 (0.8036)  loss_mal_dn_0: 1.1484 (1.1484)  loss_bbox_dn_0: 1.1207 (1.1207)  loss_giou_dn_0: 1.1692 (1.1692)  loss_mal_dn_1: 1.8721 (1.8721)  loss_bbox_dn_1: 0.9188 (0.9188)  loss_giou_dn_1: 0.9485 (0.9485)  loss_mal_dn_2: 2.2012 (2.2012)  loss_bbox_dn_2: 0.8517 (0.8517)  loss_giou_dn_2: 0.8440 (0.8440)  loss_mal_dn_pre: 1.4736 (1.4736)  loss_bbox_dn_pre: 1.1116 (1.1116)  loss_giou_dn_pre: 1.1692 (1.1692)  time: 0.3674  data: 0.2765  max mem: 266
Epoch: [118]  [7/8]  eta: 0:00:00  lr: 0.000057  loss: 31.9329 (32.7459)  loss_mal: 2.7773 (2.8665)  loss_bbox: 0.5814 (0.5183)  loss_giou: 0.5536 (0.5728)  loss_mal_aux_0: 1.9092 (1.9143)  loss_bbox_aux_0: 0.7212 (0.6857)  loss_giou_aux_0: 0.7394 (0.7505)  loss_mal_aux_1: 2.6699 (2.6160)  loss_bbox_aux_1: 0.5524 (0.5489)  loss_giou_aux_1: 0.5827 (0.6092)  loss_mal_pre: 2.3672 (2.3344)  loss_bbox_pre: 0.6524 (0.7023)  loss_giou_pre: 0.7255 (0.7593)  loss_mal_enc_0: 2.0879 (2.0775)  loss_bbox_enc_0: 0.7445 (0.8055)  loss_giou_enc_0: 0.8036 (0.8544)  loss_mal_dn_0: 1.0547 (1.0712)  loss_bbox_dn_0: 0.8749 (0.9793)  loss_giou_dn_0: 1.1620 (1.1715)  loss_mal_dn_1: 1.8721 (1.9021)  loss_bbox_dn_1: 0.7463 (0.7860)  loss_giou_dn_1: 0.8951 (0.9026)  loss_mal_dn_2: 2.1348 (2.1700)  loss_bbox_dn_2: 0.6988 (0.7439)  loss_giou_dn_2: 0.8305 (0.8256)  loss_mal_dn_pre: 1.4365 (1.4276)  loss_bbox_dn_pre: 0.8870 (0.9776)  loss_giou_dn_pre: 1.1633 (1.1732)  time: 0.1154  data: 0.0362  max mem: 266
Epoch: [118] Total time: 0:00:00 (0.1213 s / it)
Averaged stats: lr: 0.000057  loss: 31.9329 (32.7459)  loss_mal: 2.7773 (2.8665)  loss_bbox: 0.5814 (0.5183)  loss_giou: 0.5536 (0.5728)  loss_mal_aux_0: 1.9092 (1.9143)  loss_bbox_aux_0: 0.7212 (0.6857)  loss_giou_aux_0: 0.7394 (0.7505)  loss_mal_aux_1: 2.6699 (2.6160)  loss_bbox_aux_1: 0.5524 (0.5489)  loss_giou_aux_1: 0.5827 (0.6092)  loss_mal_pre: 2.3672 (2.3344)  loss_bbox_pre: 0.6524 (0.7023)  loss_giou_pre: 0.7255 (0.7593)  loss_mal_enc_0: 2.0879 (2.0775)  loss_bbox_enc_0: 0.7445 (0.8055)  loss_giou_enc_0: 0.8036 (0.8544)  loss_mal_dn_0: 1.0547 (1.0712)  loss_bbox_dn_0: 0.8749 (0.9793)  loss_giou_dn_0: 1.1620 (1.1715)  loss_mal_dn_1: 1.8721 (1.9021)  loss_bbox_dn_1: 0.7463 (0.7860)  loss_giou_dn_1: 0.8951 (0.9026)  loss_mal_dn_2: 2.1348 (2.1700)  loss_bbox_dn_2: 0.6988 (0.7439)  loss_giou_dn_2: 0.8305 (0.8256)  loss_mal_dn_pre: 1.4365 (1.4276)  loss_bbox_dn_pre: 0.8870 (0.9776)  loss_giou_dn_pre: 1.1633 (1.1732)
Test:  [0/4]  eta: 0:00:02    time: 0.6698  data: 0.6493  max mem: 266
Test:  [3/4]  eta: 0:00:00    time: 0.1790  data: 0.1630  max mem: 266
Test: Total time: 0:00:00 (0.2020 s / it)
Averaged stats: 
Accumulating evaluation results...
COCOeval_opt.accumulate() finished...
DONE (t=0.00s).
IoU metric: bbox
 Average Precision  (AP) @[ IoU=0.50:0.95 | area=   all | maxDets=100 ] = 0.045
 Average Precision  (AP) @[ IoU=0.50      | area=   all | maxDets=100 ] = 0.089
 Average Precision  (AP) @[ IoU=0.75      | area=   all | maxDets=100 ] = 0.061
 Average Precision  (AP) @[ IoU=0.50:0.95 | area= small | maxDets=100 ] = -1.000
 Average Precision  (AP) @[ IoU=0.50:0.95 | area=medium | maxDets=100 ] = -1.000
 Average Precision  (AP) @[ IoU=0.50:0.95 | area= large | maxDets=100 ] = 0.045
 Average Recall     (AR) @[ IoU=0.50:0.95 | area=   all | maxDets=  1 ] = 0.037
 Average Recall     (AR) @[ IoU=0.50:0.95 | area=   all | maxDets= 10 ] = 0.370
 Average Recall     (AR) @[ IoU=0.50:0.95 | area=   all | maxDets=100 ] = 0.640
 Average Recall     (AR) @[ IoU=0.50:0.95 | area= small | maxDets=100 ] = -1.000
 Average Recall     (AR) @[ IoU=0.50:0.95 | area=medium | maxDets=100 ] = -1.000
 Average Recall     (AR) @[ IoU=0.50:0.95 | area= large | maxDets=100 ] = 0.640
 Average Recall     (AR) @[ IoU=0.50      | area=   all | maxDets=100 ] = 1.000
 Average Recall     (AR) @[ IoU=0.75      | area=   all | maxDets=100 ] = 0.800
best_stat: {'epoch': 116, 'coco_eval_bbox': 0.05023442561078317}
Epoch: [119]  [0/8]  eta: 0:00:03  lr: 0.000057  loss: 33.5728 (33.5728)  loss_mal: 3.1621 (3.1621)  loss_bbox: 0.3857 (0.3857)  loss_giou: 0.4386 (0.4386)  loss_mal_aux_0: 2.1582 (2.1582)  loss_bbox_aux_0: 0.6100 (0.6100)  loss_giou_aux_0: 0.6567 (0.6567)  loss_mal_aux_1: 3.0801 (3.0801)  loss_bbox_aux_1: 0.4260 (0.4260)  loss_giou_aux_1: 0.4333 (0.4333)  loss_mal_pre: 2.5840 (2.5840)  loss_bbox_pre: 0.6631 (0.6631)  loss_giou_pre: 0.6774 (0.6774)  loss_mal_enc_0: 2.2363 (2.2363)  loss_bbox_enc_0: 0.9149 (0.9149)  loss_giou_enc_0: 0.7716 (0.7716)  loss_mal_dn_0: 1.1055 (1.1055)  loss_bbox_dn_0: 1.0265 (1.0265)  loss_giou_dn_0: 1.1442 (1.1442)  loss_mal_dn_1: 2.0195 (2.0195)  loss_bbox_dn_1: 0.7970 (0.7970)  loss_giou_dn_1: 0.8353 (0.8353)  loss_mal_dn_2: 2.2793 (2.2793)  loss_bbox_dn_2: 0.7481 (0.7481)  loss_giou_dn_2: 0.7641 (0.7641)  loss_mal_dn_pre: 1.4678 (1.4678)  loss_bbox_dn_pre: 1.0314 (1.0314)  loss_giou_dn_pre: 1.1560 (1.1560)  time: 0.4228  data: 0.3156  max mem: 266
Epoch: [119]  [7/8]  eta: 0:00:00  lr: 0.000057  loss: 32.0116 (32.1163)  loss_mal: 2.7344 (2.9241)  loss_bbox: 0.3857 (0.4084)  loss_giou: 0.4386 (0.5107)  loss_mal_aux_0: 1.8154 (1.9208)  loss_bbox_aux_0: 0.5815 (0.5899)  loss_giou_aux_0: 0.6567 (0.7190)  loss_mal_aux_1: 2.4863 (2.6238)  loss_bbox_aux_1: 0.4260 (0.4805)  loss_giou_aux_1: 0.4683 (0.5641)  loss_mal_pre: 2.4121 (2.4336)  loss_bbox_pre: 0.6180 (0.6036)  loss_giou_pre: 0.6774 (0.7327)  loss_mal_enc_0: 2.1660 (2.1453)  loss_bbox_enc_0: 0.7248 (0.7541)  loss_giou_enc_0: 0.7716 (0.8249)  loss_mal_dn_0: 1.0840 (1.0692)  loss_bbox_dn_0: 0.9239 (0.9405)  loss_giou_dn_0: 1.1434 (1.1409)  loss_mal_dn_1: 1.8848 (1.9490)  loss_bbox_dn_1: 0.7682 (0.7288)  loss_giou_dn_1: 0.8695 (0.8458)  loss_mal_dn_2: 2.1191 (2.2107)  loss_bbox_dn_2: 0.7134 (0.6722)  loss_giou_dn_2: 0.7954 (0.7650)  loss_mal_dn_pre: 1.4678 (1.4771)  loss_bbox_dn_pre: 0.9229 (0.9383)  loss_giou_dn_pre: 1.1474 (1.1434)  time: 0.1364  data: 0.0418  max mem: 266
Epoch: [119] Total time: 0:00:01 (0.1424 s / it)
Averaged stats: lr: 0.000057  loss: 32.0116 (32.1163)  loss_mal: 2.7344 (2.9241)  loss_bbox: 0.3857 (0.4084)  loss_giou: 0.4386 (0.5107)  loss_mal_aux_0: 1.8154 (1.9208)  loss_bbox_aux_0: 0.5815 (0.5899)  loss_giou_aux_0: 0.6567 (0.7190)  loss_mal_aux_1: 2.4863 (2.6238)  loss_bbox_aux_1: 0.4260 (0.4805)  loss_giou_aux_1: 0.4683 (0.5641)  loss_mal_pre: 2.4121 (2.4336)  loss_bbox_pre: 0.6180 (0.6036)  loss_giou_pre: 0.6774 (0.7327)  loss_mal_enc_0: 2.1660 (2.1453)  loss_bbox_enc_0: 0.7248 (0.7541)  loss_giou_enc_0: 0.7716 (0.8249)  loss_mal_dn_0: 1.0840 (1.0692)  loss_bbox_dn_0: 0.9239 (0.9405)  loss_giou_dn_0: 1.1434 (1.1409)  loss_mal_dn_1: 1.8848 (1.9490)  loss_bbox_dn_1: 0.7682 (0.7288)  loss_giou_dn_1: 0.8695 (0.8458)  loss_mal_dn_2: 2.1191 (2.2107)  loss_bbox_dn_2: 0.7134 (0.6722)  loss_giou_dn_2: 0.7954 (0.7650)  loss_mal_dn_pre: 1.4678 (1.4771)  loss_bbox_dn_pre: 0.9229 (0.9383)  loss_giou_dn_pre: 1.1474 (1.1434)
Test:  [0/4]  eta: 0:00:02    time: 0.6444  data: 0.6247  max mem: 266
Test:  [3/4]  eta: 0:00:00    time: 0.1694  data: 0.1568  max mem: 266
Test: Total time: 0:00:00 (0.1876 s / it)
Averaged stats: 
Accumulating evaluation results...
COCOeval_opt.accumulate() finished...
DONE (t=0.00s).
IoU metric: bbox
 Average Precision  (AP) @[ IoU=0.50:0.95 | area=   all | maxDets=100 ] = 0.038
 Average Precision  (AP) @[ IoU=0.50      | area=   all | maxDets=100 ] = 0.080
 Average Precision  (AP) @[ IoU=0.75      | area=   all | maxDets=100 ] = 0.041
 Average Precision  (AP) @[ IoU=0.50:0.95 | area= small | maxDets=100 ] = -1.000
 Average Precision  (AP) @[ IoU=0.50:0.95 | area=medium | maxDets=100 ] = -1.000
 Average Precision  (AP) @[ IoU=0.50:0.95 | area= large | maxDets=100 ] = 0.038
 Average Recall     (AR) @[ IoU=0.50:0.95 | area=   all | maxDets=  1 ] = 0.090
 Average Recall     (AR) @[ IoU=0.50:0.95 | area=   all | maxDets= 10 ] = 0.343
 Average Recall     (AR) @[ IoU=0.50:0.95 | area=   all | maxDets=100 ] = 0.643
 Average Recall     (AR) @[ IoU=0.50:0.95 | area= small | maxDets=100 ] = -1.000
 Average Recall     (AR) @[ IoU=0.50:0.95 | area=medium | maxDets=100 ] = -1.000
 Average Recall     (AR) @[ IoU=0.50:0.95 | area= large | maxDets=100 ] = 0.643
 Average Recall     (AR) @[ IoU=0.50      | area=   all | maxDets=100 ] = 1.000
 Average Recall     (AR) @[ IoU=0.75      | area=   all | maxDets=100 ] = 0.733
best_stat: {'epoch': 116, 'coco_eval_bbox': 0.05023442561078317}
Load last_epoch
Load model.state_dict
Load criterion.state_dict
Load postprocessor.state_dict
Load ema.state_dict
Load scaler.state_dict
Load optimizer.state_dict
Load lr_warmup_scheduler.state_dict
Refresh EMA at epoch 119 with decay 0.9989000000000001
Training time 0:05:04
/venv/main/lib/python3.12/site-packages/torch/distributed/c10d_logger.py:83: UserWarning: barrier(): using the device under current context. You can specify `device_id` in `init_process_group` to mute this warning.
  return func(*args, **kwargs)
[rank0]:[W813 07:29:07.529659339 ProcessGroupNCCL.cpp:5324] Guessing device ID based on global rank. This can cause a hang if rank to GPU mapping is heterogeneous. You can specify device_id in init_process_group()
/workspace/midi/DEIMv2/engine/core/workspace.py:177: FutureWarning: `torch.cuda.amp.GradScaler(args...)` is deprecated. Please use `torch.amp.GradScaler('cuda', args...)` instead.
  return module(**module_kwargs)
[rank0]:[W813 07:29:08.773564148 reducer.cpp:1528] Warning: find_unused_parameters=True was specified in DDP constructor, but did not find any unused parameters in the forward pass. This flag results in an extra traversal of the autograd graph every iteration,  which can adversely affect performance. If your model indeed never has any unused parameters in the forward pass, consider turning this flag off. Note that this warning may be a false positive if your model has flow control causing later iterations to have unused parameters. (function operator())
/workspace/midi/DEIMv2/engine/solver/det_engine.py:104: UserWarning: Converting a tensor with requires_grad=True to a scalar may lead to unexpected behavior.
Consider using tensor.detach() first. (Triggered internally at /pytorch/torch/csrc/autograd/generated/python_variable_methods.cpp:838.)
  if not math.isfinite(loss_value):
