Initialized distributed mode...
cfg:  {'task': 'detection', '_model': None, '_postprocessor': None, '_criterion': None, '_optimizer': None, '_lr_scheduler': None, '_lr_warmup_scheduler': None, '_train_dataloader': None, '_val_dataloader': None, '_ema': None, '_scaler': None, '_train_dataset': None, '_val_dataset': None, '_collate_fn': None, '_evaluator': None, '_writer': None, 'num_workers': 0, 'batch_size': None, '_train_batch_size': None, '_val_batch_size': None, '_train_shuffle': None, '_val_shuffle': None, 'resume': None, 'tuning': '/workspace/midi/ckpt/deimv2_dinov3_m_coco.pth', 'epoches': 120, 'last_epoch': -1, 'lrsheduler': 'flatcosine', 'lr_gamma': 0.5, 'no_aug_epoch': 20, 'warmup_iter': 2000, 'flat_epoch': 64, 'use_amp': True, 'use_ema': True, 'ema_decay': 0.9999, 'ema_warmups': 2000, 'sync_bn': True, 'clip_max_norm': 0.1, 'find_unused_parameters': True, 'seed': 42, 'print_freq': 500, 'checkpoint_freq': 5, 'output_dir': '/workspace/midi/deim_configs/runs/m_fold2', 'summary_dir': None, 'device': '', 'yaml_cfg': {'task': 'detection', 'evaluator': {'type': 'CocoEvaluator', 'iou_types': ['bbox']}, 'num_classes': 4, 'remap_mscoco_category': False, 'train_dataloader': {'type': 'DataLoader', 'dataset': {'type': 'CocoDetection', 'img_folder': '/workspace/midi/deim_data/images/train_fold2', 'ann_file': '/workspace/midi/deim_data/annotations/instances_train_fold2.json', 'return_masks': False, 'transforms': {'type': 'Compose', 'ops': [{'type': 'Mosaic', 'output_size': 320, 'rotation_range': 10, 'translation_range': [0.1, 0.1], 'scaling_range': [0.5, 1.5], 'probability': 1.0, 'fill_value': 0, 'use_cache': True, 'max_cached_images': 50, 'random_pop': True}, {'type': 'RandomPhotometricDistort', 'p': 0.5}, {'type': 'RandomZoomOut', 'fill': 0}, {'type': 'RandomIoUCrop', 'p': 0.8}, {'type': 'SanitizeBoundingBoxes', 'min_size': 1}, {'type': 'RandomHorizontalFlip'}, {'type': 'Resize', 'size': [640, 640]}, {'type': 'SanitizeBoundingBoxes', 'min_size': 1}, {'type': 'ConvertPILImage', 'dtype': 'float32', 'scale': True}, {'type': 'Normalize', 'mean': [0.485, 0.456, 0.406], 'std': [0.229, 0.224, 0.225]}, {'type': 'ConvertBoxes', 'fmt': 'cxcywh', 'normalize': True}], 'policy': {'name': 'stop_epoch', 'epoch': [4, 64, 100], 'ops': ['Mosaic', 'RandomPhotometricDistort', 'RandomZoomOut', 'RandomIoUCrop']}, 'mosaic_prob': 0.5}}, 'shuffle': True, 'num_workers': 4, 'drop_last': False, 'collate_fn': {'type': 'BatchImageCollateFunction', 'base_size': 640, 'base_size_repeat': 6, 'stop_epoch': 100, 'mixup_prob': 0.5, 'mixup_epochs': [4, 64], 'copyblend_prob': 0.5, 'copyblend_epochs': [4, 100], 'area_threshold': 100, 'num_objects': 3, 'with_expand': True, 'expand_ratios': [0.1, 0.25], 'ema_restart_decay': 0.9999}, 'total_batch_size': 4}, 'val_dataloader': {'type': 'DataLoader', 'dataset': {'type': 'CocoDetection', 'img_folder': '/workspace/midi/deim_data/images/fold2', 'ann_file': '/workspace/midi/deim_data/annotations/instances_fold2.json', 'return_masks': False, 'transforms': {'type': 'Compose', 'ops': [{'type': 'Resize', 'size': [640, 640]}, {'type': 'ConvertPILImage', 'dtype': 'float32', 'scale': True}, {'type': 'Normalize', 'mean': [0.485, 0.456, 0.406], 'std': [0.229, 0.224, 0.225]}]}}, 'shuffle': False, 'num_workers': 4, 'drop_last': False, 'collate_fn': {'type': 'BatchImageCollateFunction'}, 'total_batch_size': 4}, 'print_freq': 500, 'output_dir': '/workspace/midi/deim_configs/runs/m_fold2', 'checkpoint_freq': 5, 'sync_bn': True, 'find_unused_parameters': True, 'use_amp': True, 'scaler': {'type': 'GradScaler', 'enabled': True}, 'use_ema': True, 'ema': {'type': 'ModelEMA', 'decay': 0.9999, 'warmups': 1000, 'start': 0}, 'epoches': 120, 'clip_max_norm': 0.1, 'optimizer': {'type': 'AdamW', 'params': [{'params': '^(?=.*.dinov3)(?!.*(?:norm|bn|bias)).*$', 'lr': 2.5e-05}, {'params': '^(?=.*.dinov3)(?=.*(?:norm|bn|bias)).*$', 'lr': 2.5e-05, 'weight_decay': 0.0}, {'params': '^(?=.*(?:sta|encoder|decoder))(?=.*(?:norm|bn|bias)).*$', 'weight_decay': 0.0}], 'lr': 0.0005, 'betas': [0.9, 0.999], 'weight_decay': 0.0001}, 'lr_scheduler': {'type': 'MultiStepLR', 'milestones': [500], 'gamma': 0.1}, 'lr_warmup_scheduler': {'type': 'LinearWarmup', 'warmup_duration': 500}, 'model': 'DEIM', 'criterion': 'DEIMCriterion', 'postprocessor': 'PostProcessor', 'use_focal_loss': True, 'eval_spatial_size': [640, 640], 'DEIM': {'backbone': 'DINOv3STAs', 'encoder': 'HybridEncoder', 'decoder': 'DEIMTransformer'}, 'HGNetv2': {'name': 'B4', 'return_idx': [1, 2, 3], 'freeze_at': -1, 'freeze_stem_only': True, 'freeze_norm': False, 'pretrained': True, 'local_model_dir': './weight/hgnetv2/'}, 'HybridEncoder': {'in_channels': [256, 256, 256], 'feat_strides': [8, 16, 32], 'hidden_dim': 256, 'use_encoder_idx': [2], 'num_encoder_layers': 1, 'nhead': 8, 'dim_feedforward': 512, 'dropout': 0.0, 'enc_act': 'gelu', 'expansion': 0.67, 'depth_mult': 1, 'act': 'silu', 'version': 'deim', 'csp_type': 'csp2', 'fuse_op': 'sum'}, 'DEIMTransformer': {'feat_channels': [256, 256, 256], 'feat_strides': [8, 16, 32], 'hidden_dim': 256, 'num_levels': 3, 'num_layers': 4, 'eval_idx': -1, 'num_queries': 300, 'num_denoising': 100, 'label_noise_ratio': 0.5, 'box_noise_scale': 1.0, 'reg_max': 32, 'reg_scale': 4, 'layer_scale': 1, 'num_points': [3, 6, 3], 'cross_attn_method': 'default', 'query_select_method': 'default', 'activation': 'silu', 'mlp_act': 'silu', 'dim_feedforward': 512}, 'PostProcessor': {'num_top_queries': 300}, 'lrsheduler': 'flatcosine', 'lr_gamma': 0.5, 'warmup_iter': 2000, 'flat_epoch': 64, 'no_aug_epoch': 20, 'DEIMCriterion': {'weight_dict': {'loss_mal': 1, 'loss_bbox': 5, 'loss_giou': 2, 'loss_fgl': 0.15, 'loss_ddf': 1.5}, 'losses': ['mal', 'boxes', 'local'], 'gamma': 1.5, 'alpha': 0.75, 'reg_max': 32, 'matcher': {'type': 'HungarianMatcher', 'weight_dict': {'cost_class': 2, 'cost_bbox': 5, 'cost_giou': 2}, 'alpha': 0.25, 'gamma': 2.0, 'change_matcher': True, 'iou_order_alpha': 4.0, 'matcher_change_epoch': 90}}, '__include__': ['/workspace/midi/DEIMv2/configs/deimv2/deimv2_dinov3_m_coco.yml'], 'DINOv3STAs': {'name': 'vit_tinyplus', 'embed_dim': 256, 'weights_path': './ckpts/vittplus_distill.pt', 'interaction_indexes': [3, 7, 11], 'num_heads': 4}, 'lr_warmup': {'warmup_iter': 48}, 'tuning': '/workspace/midi/ckpt/deimv2_dinov3_m_coco.pth', 'config': '/workspace/midi/deim_configs/deimv2_m_fold2.yml', 'seed': 42, 'test_only': False, 'print_method': 'builtin', 'print_rank': 0}}
Training ViT-Tiny from scratch...
Using Lite Spatial Prior Module with inplanes=16
     --- Use Gateway@True ---
     --- Use Share Bbox Head@False ---
     --- Use Share Score Head@False ---
     --- Wide Layer@1 ---
Tuning checkpoint from /workspace/midi/ckpt/deimv2_dinov3_m_coco.pth
Load model.state_dict, {'missed': ['decoder.denoising_class_embed.weight'], 'unmatched': ['decoder.enc_score_head.weight', 'decoder.enc_score_head.bias', 'decoder.dec_score_head.0.weight', 'decoder.dec_score_head.0.bias', 'decoder.dec_score_head.1.weight', 'decoder.dec_score_head.1.bias', 'decoder.dec_score_head.2.weight', 'decoder.dec_score_head.2.bias', 'decoder.dec_score_head.3.weight', 'decoder.dec_score_head.3.bias']}
Using the new matching cost with iou_order_alpha = 4.0 at epoch 90
Initial lr: [2.5e-05, 2.5e-05, 0.0005, 0.0005]
building train_dataloader with batch_size=4...
     ### Transform @Mosaic ###    
     ### Transform @RandomPhotometricDistort ###    
     ### Transform @RandomZoomOut ###    
     ### Transform @RandomIoUCrop ###    
     ### Transform @SanitizeBoundingBoxes ###    
     ### Transform @RandomHorizontalFlip ###    
     ### Transform @Resize ###    
     ### Transform @SanitizeBoundingBoxes ###    
     ### Transform @ConvertPILImage ###    
     ### Transform @Normalize ###    
     ### Transform @ConvertBoxes ###    
     ### Mosaic with Prob.@0.5 and ZoomOut/IoUCrop existed ### 
     ### ImgTransforms Epochs: [4, 64, 100] ### 
     ### Policy_ops@['Mosaic', 'RandomPhotometricDistort', 'RandomZoomOut', 'RandomIoUCrop'] ###
     ### Using MixUp with Prob@0.5 in [4, 64] epochs ### 
     ### Using CopyBlend-blend with Prob@0.5 in [4, 100] epochs ### 
     ### CopyBlend -- area threshold@100 and num of object@3 ###     
     ### CopyBlend -- expand@[0.1, 0.25] ###     
     ### Multi-scale Training until 100 epochs ### 
     ### Multi-scales@ [480, 512, 544, 576, 608, 640, 640, 640, 640, 640, 640, 800, 768, 736, 704, 672] ###        
building val_dataloader with batch_size=4...
     ### Transform @Resize ###    
     ### Transform @ConvertPILImage ###    
     ### Transform @Normalize ###    

------------------------------------- Calculate Flops Results -------------------------------------
Notations:
number of parameters (Params), number of multiply-accumulate operations(MACs),
number of floating-point operations (FLOPs), floating-point operations per second (FLOPS),
fwd FLOPs (model forward propagation FLOPs), bwd FLOPs (model backward propagation FLOPs),
default model backpropagation takes 2.00 times as much computation as forward propagation.

Total Training Params:                                                  18.05 M 
fwd MACs:                                                               25.8695 GMACs
fwd FLOPs:                                                              51.8632 GFLOPS
fwd+bwd MACs:                                                           77.6085 GMACs
fwd+bwd FLOPs:                                                          155.589 GFLOPS
---------------------------------------------------------------------------------------------------
{'Model FLOPs:51.8632 GFLOPS   MACs:25.8695 GMACs   Params:18047835'}
------------------------------------------Start training-------------------------------------------
Index 194: module.decoder.decoder.layers.1.cross_attn.attention_weights.weight - requires_grad: True
Index 195: module.decoder.decoder.layers.1.cross_attn.attention_weights.bias - requires_grad: True
     ## Using Self-defined Scheduler-flatcosine ## 
[2.5e-05, 2.5e-05, 0.0005, 0.0005] [1.25e-05, 1.25e-05, 0.00025, 0.00025] 960 2000 512 160
number of trainable parameters: 18240632
number of non-trainable parameters: 2
Epoch: [0]  [0/8]  eta: 0:00:08  lr: 0.000000  loss: 52.8019 (52.8019)  loss_mal: 1.4023 (1.4023)  loss_bbox: 1.2196 (1.2196)  loss_giou: 1.2892 (1.2892)  loss_fgl: 0.8270 (0.8270)  loss_mal_aux_0: 1.1406 (1.1406)  loss_bbox_aux_0: 1.2854 (1.2854)  loss_giou_aux_0: 1.4133 (1.4133)  loss_fgl_aux_0: 0.8790 (0.8790)  loss_ddf_aux_0: 0.0506 (0.0506)  loss_mal_aux_1: 1.2305 (1.2305)  loss_bbox_aux_1: 1.2262 (1.2262)  loss_giou_aux_1: 1.3216 (1.3216)  loss_fgl_aux_1: 0.8439 (0.8439)  loss_ddf_aux_1: 0.0083 (0.0083)  loss_mal_aux_2: 1.3916 (1.3916)  loss_bbox_aux_2: 1.2021 (1.2021)  loss_giou_aux_2: 1.2819 (1.2819)  loss_fgl_aux_2: 0.8295 (0.8295)  loss_ddf_aux_2: 0.0006 (0.0006)  loss_mal_pre: 1.2061 (1.2061)  loss_bbox_pre: 1.2370 (1.2370)  loss_giou_pre: 1.4090 (1.4090)  loss_mal_enc_0: 1.2656 (1.2656)  loss_bbox_enc_0: 1.3740 (1.3740)  loss_giou_enc_0: 1.5610 (1.5610)  loss_mal_dn_0: 1.6562 (1.6562)  loss_bbox_dn_0: 1.4408 (1.4408)  loss_giou_dn_0: 1.0809 (1.0809)  loss_fgl_dn_0: 1.0320 (1.0320)  loss_ddf_dn_0: 0.1940 (0.1940)  loss_mal_dn_1: 1.8555 (1.8555)  loss_bbox_dn_1: 1.5093 (1.5093)  loss_giou_dn_1: 1.0122 (1.0122)  loss_fgl_dn_1: 0.9480 (0.9480)  loss_ddf_dn_1: 0.0417 (0.0417)  loss_mal_dn_2: 2.0117 (2.0117)  loss_bbox_dn_2: 1.5397 (1.5397)  loss_giou_dn_2: 0.9705 (0.9705)  loss_fgl_dn_2: 0.9545 (0.9545)  loss_ddf_dn_2: 0.0051 (0.0051)  loss_mal_dn_3: 1.9590 (1.9590)  loss_bbox_dn_3: 1.6029 (1.6029)  loss_giou_dn_3: 0.9709 (0.9709)  loss_fgl_dn_3: 0.9557 (0.9557)  loss_mal_dn_pre: 1.6611 (1.6611)  loss_bbox_dn_pre: 1.4281 (1.4281)  loss_giou_dn_pre: 1.0764 (1.0764)  time: 1.0768  data: 0.2793  max mem: 1808
Epoch: [0]  [7/8]  eta: 0:00:00  lr: 0.000000  loss: 54.7524 (56.6328)  loss_mal: 1.3291 (1.3163)  loss_bbox: 1.3015 (1.7267)  loss_giou: 1.2892 (1.4026)  loss_fgl: 0.8270 (0.7465)  loss_mal_aux_0: 1.1406 (1.1951)  loss_bbox_aux_0: 1.5457 (1.7820)  loss_giou_aux_0: 1.3803 (1.4683)  loss_fgl_aux_0: 0.8604 (0.7406)  loss_ddf_aux_0: 0.0483 (0.0565)  loss_mal_aux_1: 1.1064 (1.2507)  loss_bbox_aux_1: 1.4083 (1.7683)  loss_giou_aux_1: 1.3265 (1.4284)  loss_fgl_aux_1: 0.8439 (0.7396)  loss_ddf_aux_1: 0.0083 (0.0132)  loss_mal_aux_2: 1.3135 (1.3399)  loss_bbox_aux_2: 1.2958 (1.7231)  loss_giou_aux_2: 1.2892 (1.4022)  loss_fgl_aux_2: 0.8295 (0.7478)  loss_ddf_aux_2: 0.0010 (0.0010)  loss_mal_pre: 1.1309 (1.1629)  loss_bbox_pre: 1.6598 (1.8208)  loss_giou_pre: 1.3556 (1.4807)  loss_mal_enc_0: 1.1543 (1.3323)  loss_bbox_enc_0: 1.5317 (1.8888)  loss_giou_enc_0: 1.4609 (1.5418)  loss_mal_dn_0: 1.6367 (1.6727)  loss_bbox_dn_0: 1.4408 (1.5970)  loss_giou_dn_0: 1.0809 (1.0961)  loss_fgl_dn_0: 1.0617 (1.0729)  loss_ddf_dn_0: 0.1356 (0.1444)  loss_mal_dn_1: 1.8555 (1.9071)  loss_bbox_dn_1: 1.4590 (1.5389)  loss_giou_dn_1: 0.9846 (0.9947)  loss_fgl_dn_1: 0.9882 (1.0152)  loss_ddf_dn_1: 0.0362 (0.0354)  loss_mal_dn_2: 2.0117 (2.0400)  loss_bbox_dn_2: 1.5376 (1.5589)  loss_giou_dn_2: 0.9323 (0.9477)  loss_fgl_dn_2: 1.0081 (1.0271)  loss_ddf_dn_2: 0.0042 (0.0043)  loss_mal_dn_3: 1.9590 (1.9951)  loss_bbox_dn_3: 1.5801 (1.5790)  loss_giou_dn_3: 0.9215 (0.9411)  loss_fgl_dn_3: 1.0102 (1.0300)  loss_mal_dn_pre: 1.6611 (1.6833)  loss_bbox_dn_pre: 1.4286 (1.5876)  loss_giou_dn_pre: 1.0910 (1.0876)  time: 0.3495  data: 0.0370  max mem: 3505
Epoch: [0] Total time: 0:00:02 (0.3557 s / it)
Averaged stats: lr: 0.000000  loss: 54.7524 (56.6328)  loss_mal: 1.3291 (1.3163)  loss_bbox: 1.3015 (1.7267)  loss_giou: 1.2892 (1.4026)  loss_fgl: 0.8270 (0.7465)  loss_mal_aux_0: 1.1406 (1.1951)  loss_bbox_aux_0: 1.5457 (1.7820)  loss_giou_aux_0: 1.3803 (1.4683)  loss_fgl_aux_0: 0.8604 (0.7406)  loss_ddf_aux_0: 0.0483 (0.0565)  loss_mal_aux_1: 1.1064 (1.2507)  loss_bbox_aux_1: 1.4083 (1.7683)  loss_giou_aux_1: 1.3265 (1.4284)  loss_fgl_aux_1: 0.8439 (0.7396)  loss_ddf_aux_1: 0.0083 (0.0132)  loss_mal_aux_2: 1.3135 (1.3399)  loss_bbox_aux_2: 1.2958 (1.7231)  loss_giou_aux_2: 1.2892 (1.4022)  loss_fgl_aux_2: 0.8295 (0.7478)  loss_ddf_aux_2: 0.0010 (0.0010)  loss_mal_pre: 1.1309 (1.1629)  loss_bbox_pre: 1.6598 (1.8208)  loss_giou_pre: 1.3556 (1.4807)  loss_mal_enc_0: 1.1543 (1.3323)  loss_bbox_enc_0: 1.5317 (1.8888)  loss_giou_enc_0: 1.4609 (1.5418)  loss_mal_dn_0: 1.6367 (1.6727)  loss_bbox_dn_0: 1.4408 (1.5970)  loss_giou_dn_0: 1.0809 (1.0961)  loss_fgl_dn_0: 1.0617 (1.0729)  loss_ddf_dn_0: 0.1356 (0.1444)  loss_mal_dn_1: 1.8555 (1.9071)  loss_bbox_dn_1: 1.4590 (1.5389)  loss_giou_dn_1: 0.9846 (0.9947)  loss_fgl_dn_1: 0.9882 (1.0152)  loss_ddf_dn_1: 0.0362 (0.0354)  loss_mal_dn_2: 2.0117 (2.0400)  loss_bbox_dn_2: 1.5376 (1.5589)  loss_giou_dn_2: 0.9323 (0.9477)  loss_fgl_dn_2: 1.0081 (1.0271)  loss_ddf_dn_2: 0.0042 (0.0043)  loss_mal_dn_3: 1.9590 (1.9951)  loss_bbox_dn_3: 1.5801 (1.5790)  loss_giou_dn_3: 0.9215 (0.9411)  loss_fgl_dn_3: 1.0102 (1.0300)  loss_mal_dn_pre: 1.6611 (1.6833)  loss_bbox_dn_pre: 1.4286 (1.5876)  loss_giou_dn_pre: 1.0910 (1.0876)
Test:  [0/4]  eta: 0:00:01    time: 0.3874  data: 0.3184  max mem: 3505
Test:  [3/4]  eta: 0:00:00    time: 0.1648  data: 0.0814  max mem: 3505
Test: Total time: 0:00:00 (0.1783 s / it)
Averaged stats: 
Accumulating evaluation results...
COCOeval_opt.accumulate() finished...
DONE (t=0.00s).
IoU metric: bbox
 Average Precision  (AP) @[ IoU=0.50:0.95 | area=   all | maxDets=100 ] = 0.000
 Average Precision  (AP) @[ IoU=0.50      | area=   all | maxDets=100 ] = 0.000
 Average Precision  (AP) @[ IoU=0.75      | area=   all | maxDets=100 ] = 0.000
 Average Precision  (AP) @[ IoU=0.50:0.95 | area= small | maxDets=100 ] = -1.000
 Average Precision  (AP) @[ IoU=0.50:0.95 | area=medium | maxDets=100 ] = -1.000
 Average Precision  (AP) @[ IoU=0.50:0.95 | area= large | maxDets=100 ] = 0.000
 Average Recall     (AR) @[ IoU=0.50:0.95 | area=   all | maxDets=  1 ] = 0.000
 Average Recall     (AR) @[ IoU=0.50:0.95 | area=   all | maxDets= 10 ] = 0.000
 Average Recall     (AR) @[ IoU=0.50:0.95 | area=   all | maxDets=100 ] = 0.000
 Average Recall     (AR) @[ IoU=0.50:0.95 | area= small | maxDets=100 ] = -1.000
 Average Recall     (AR) @[ IoU=0.50:0.95 | area=medium | maxDets=100 ] = -1.000
 Average Recall     (AR) @[ IoU=0.50:0.95 | area= large | maxDets=100 ] = 0.000
 Average Recall     (AR) @[ IoU=0.50      | area=   all | maxDets=100 ] = 0.000
 Average Recall     (AR) @[ IoU=0.75      | area=   all | maxDets=100 ] = 0.000
best_stat: {'epoch': -1, 'coco_eval_bbox': 0.0}
Epoch: [1]  [0/8]  eta: 0:00:04  lr: 0.000000  loss: 59.8268 (59.8268)  loss_mal: 1.7041 (1.7041)  loss_bbox: 1.9655 (1.9655)  loss_giou: 1.3561 (1.3561)  loss_fgl: 0.5436 (0.5436)  loss_mal_aux_0: 1.6377 (1.6377)  loss_bbox_aux_0: 1.9065 (1.9065)  loss_giou_aux_0: 1.3375 (1.3375)  loss_fgl_aux_0: 0.6790 (0.6790)  loss_ddf_aux_0: 0.0686 (0.0686)  loss_mal_aux_1: 1.5576 (1.5576)  loss_bbox_aux_1: 1.9637 (1.9637)  loss_giou_aux_1: 1.3777 (1.3777)  loss_fgl_aux_1: 0.5529 (0.5529)  loss_ddf_aux_1: 0.0099 (0.0099)  loss_mal_aux_2: 1.7178 (1.7178)  loss_bbox_aux_2: 1.9583 (1.9583)  loss_giou_aux_2: 1.3548 (1.3548)  loss_fgl_aux_2: 0.5457 (0.5457)  loss_ddf_aux_2: 0.0009 (0.0009)  loss_mal_pre: 1.6182 (1.6182)  loss_bbox_pre: 2.1528 (2.1528)  loss_giou_pre: 1.3750 (1.3750)  loss_mal_enc_0: 2.1797 (2.1797)  loss_bbox_enc_0: 2.1918 (2.1918)  loss_giou_enc_0: 1.4576 (1.4576)  loss_mal_dn_0: 1.6436 (1.6436)  loss_bbox_dn_0: 1.6524 (1.6524)  loss_giou_dn_0: 1.1170 (1.1170)  loss_fgl_dn_0: 1.1135 (1.1135)  loss_ddf_dn_0: 0.1272 (0.1272)  loss_mal_dn_1: 1.8154 (1.8154)  loss_bbox_dn_1: 1.5968 (1.5968)  loss_giou_dn_1: 1.0355 (1.0355)  loss_fgl_dn_1: 1.0082 (1.0082)  loss_ddf_dn_1: 0.0297 (0.0297)  loss_mal_dn_2: 1.9141 (1.9141)  loss_bbox_dn_2: 1.6509 (1.6509)  loss_giou_dn_2: 1.0080 (1.0080)  loss_fgl_dn_2: 1.0069 (1.0069)  loss_ddf_dn_2: 0.0031 (0.0031)  loss_mal_dn_3: 1.8711 (1.8711)  loss_bbox_dn_3: 1.6748 (1.6748)  loss_giou_dn_3: 1.0005 (1.0005)  loss_fgl_dn_3: 1.0142 (1.0142)  loss_mal_dn_pre: 1.7139 (1.7139)  loss_bbox_dn_pre: 1.5394 (1.5394)  loss_giou_dn_pre: 1.0779 (1.0779)  time: 0.5120  data: 0.3544  max mem: 3579
Epoch: [1]  [7/8]  eta: 0:00:00  lr: 0.000000  loss: 55.9565 (56.9263)  loss_mal: 0.8682 (1.2629)  loss_bbox: 1.7839 (1.7144)  loss_giou: 1.3561 (1.3916)  loss_fgl: 0.8036 (0.8626)  loss_mal_aux_0: 0.8018 (1.1386)  loss_bbox_aux_0: 1.8877 (1.8126)  loss_giou_aux_0: 1.3375 (1.4434)  loss_fgl_aux_0: 0.7737 (0.8740)  loss_ddf_aux_0: 0.0505 (0.0683)  loss_mal_aux_1: 0.7817 (1.1450)  loss_bbox_aux_1: 1.7825 (1.6847)  loss_giou_aux_1: 1.3777 (1.4226)  loss_fgl_aux_1: 0.7806 (0.8565)  loss_ddf_aux_1: 0.0099 (0.0145)  loss_mal_aux_2: 0.8652 (1.2912)  loss_bbox_aux_2: 1.7870 (1.7065)  loss_giou_aux_2: 1.3548 (1.3897)  loss_fgl_aux_2: 0.8038 (0.8674)  loss_ddf_aux_2: 0.0009 (0.0013)  loss_mal_pre: 0.8701 (1.0945)  loss_bbox_pre: 1.8463 (1.8615)  loss_giou_pre: 1.3765 (1.4797)  loss_mal_enc_0: 1.0488 (1.4287)  loss_bbox_enc_0: 1.6886 (1.9185)  loss_giou_enc_0: 1.4576 (1.5110)  loss_mal_dn_0: 1.6104 (1.6071)  loss_bbox_dn_0: 1.6348 (1.6932)  loss_giou_dn_0: 1.1237 (1.1296)  loss_fgl_dn_0: 1.0824 (1.0676)  loss_ddf_dn_0: 0.1258 (0.1254)  loss_mal_dn_1: 1.8154 (1.8357)  loss_bbox_dn_1: 1.5968 (1.6069)  loss_giou_dn_1: 1.0298 (1.0283)  loss_fgl_dn_1: 1.0147 (1.0238)  loss_ddf_dn_1: 0.0297 (0.0294)  loss_mal_dn_2: 1.9570 (1.9659)  loss_bbox_dn_2: 1.6198 (1.5960)  loss_giou_dn_2: 0.9778 (0.9792)  loss_fgl_dn_2: 1.0252 (1.0367)  loss_ddf_dn_2: 0.0031 (0.0029)  loss_mal_dn_3: 1.9023 (1.9310)  loss_bbox_dn_3: 1.6328 (1.6055)  loss_giou_dn_3: 0.9746 (0.9693)  loss_fgl_dn_3: 1.0309 (1.0436)  loss_mal_dn_pre: 1.6553 (1.6296)  loss_bbox_dn_pre: 1.5912 (1.6615)  loss_giou_dn_pre: 1.1010 (1.1161)  time: 0.2357  data: 0.0459  max mem: 3579
Epoch: [1] Total time: 0:00:01 (0.2446 s / it)
Averaged stats: lr: 0.000000  loss: 55.9565 (56.9263)  loss_mal: 0.8682 (1.2629)  loss_bbox: 1.7839 (1.7144)  loss_giou: 1.3561 (1.3916)  loss_fgl: 0.8036 (0.8626)  loss_mal_aux_0: 0.8018 (1.1386)  loss_bbox_aux_0: 1.8877 (1.8126)  loss_giou_aux_0: 1.3375 (1.4434)  loss_fgl_aux_0: 0.7737 (0.8740)  loss_ddf_aux_0: 0.0505 (0.0683)  loss_mal_aux_1: 0.7817 (1.1450)  loss_bbox_aux_1: 1.7825 (1.6847)  loss_giou_aux_1: 1.3777 (1.4226)  loss_fgl_aux_1: 0.7806 (0.8565)  loss_ddf_aux_1: 0.0099 (0.0145)  loss_mal_aux_2: 0.8652 (1.2912)  loss_bbox_aux_2: 1.7870 (1.7065)  loss_giou_aux_2: 1.3548 (1.3897)  loss_fgl_aux_2: 0.8038 (0.8674)  loss_ddf_aux_2: 0.0009 (0.0013)  loss_mal_pre: 0.8701 (1.0945)  loss_bbox_pre: 1.8463 (1.8615)  loss_giou_pre: 1.3765 (1.4797)  loss_mal_enc_0: 1.0488 (1.4287)  loss_bbox_enc_0: 1.6886 (1.9185)  loss_giou_enc_0: 1.4576 (1.5110)  loss_mal_dn_0: 1.6104 (1.6071)  loss_bbox_dn_0: 1.6348 (1.6932)  loss_giou_dn_0: 1.1237 (1.1296)  loss_fgl_dn_0: 1.0824 (1.0676)  loss_ddf_dn_0: 0.1258 (0.1254)  loss_mal_dn_1: 1.8154 (1.8357)  loss_bbox_dn_1: 1.5968 (1.6069)  loss_giou_dn_1: 1.0298 (1.0283)  loss_fgl_dn_1: 1.0147 (1.0238)  loss_ddf_dn_1: 0.0297 (0.0294)  loss_mal_dn_2: 1.9570 (1.9659)  loss_bbox_dn_2: 1.6198 (1.5960)  loss_giou_dn_2: 0.9778 (0.9792)  loss_fgl_dn_2: 1.0252 (1.0367)  loss_ddf_dn_2: 0.0031 (0.0029)  loss_mal_dn_3: 1.9023 (1.9310)  loss_bbox_dn_3: 1.6328 (1.6055)  loss_giou_dn_3: 0.9746 (0.9693)  loss_fgl_dn_3: 1.0309 (1.0436)  loss_mal_dn_pre: 1.6553 (1.6296)  loss_bbox_dn_pre: 1.5912 (1.6615)  loss_giou_dn_pre: 1.1010 (1.1161)
Test:  [0/4]  eta: 0:00:01    time: 0.3589  data: 0.3224  max mem: 3579
Test:  [3/4]  eta: 0:00:00    time: 0.1145  data: 0.0825  max mem: 3579
Test: Total time: 0:00:00 (0.1366 s / it)
Averaged stats: 
Accumulating evaluation results...
COCOeval_opt.accumulate() finished...
DONE (t=0.00s).
IoU metric: bbox
 Average Precision  (AP) @[ IoU=0.50:0.95 | area=   all | maxDets=100 ] = 0.000
 Average Precision  (AP) @[ IoU=0.50      | area=   all | maxDets=100 ] = 0.000
 Average Precision  (AP) @[ IoU=0.75      | area=   all | maxDets=100 ] = 0.000
 Average Precision  (AP) @[ IoU=0.50:0.95 | area= small | maxDets=100 ] = -1.000
 Average Precision  (AP) @[ IoU=0.50:0.95 | area=medium | maxDets=100 ] = -1.000
 Average Precision  (AP) @[ IoU=0.50:0.95 | area= large | maxDets=100 ] = 0.000
 Average Recall     (AR) @[ IoU=0.50:0.95 | area=   all | maxDets=  1 ] = 0.000
 Average Recall     (AR) @[ IoU=0.50:0.95 | area=   all | maxDets= 10 ] = 0.000
 Average Recall     (AR) @[ IoU=0.50:0.95 | area=   all | maxDets=100 ] = 0.000
 Average Recall     (AR) @[ IoU=0.50:0.95 | area= small | maxDets=100 ] = -1.000
 Average Recall     (AR) @[ IoU=0.50:0.95 | area=medium | maxDets=100 ] = -1.000
 Average Recall     (AR) @[ IoU=0.50:0.95 | area= large | maxDets=100 ] = 0.000
 Average Recall     (AR) @[ IoU=0.50      | area=   all | maxDets=100 ] = 0.000
 Average Recall     (AR) @[ IoU=0.75      | area=   all | maxDets=100 ] = 0.000
best_stat: {'epoch': -1, 'coco_eval_bbox': 0.0}
Epoch: [2]  [0/8]  eta: 0:00:04  lr: 0.000000  loss: 53.2651 (53.2651)  loss_mal: 1.3633 (1.3633)  loss_bbox: 1.5316 (1.5316)  loss_giou: 1.3746 (1.3746)  loss_fgl: 0.6289 (0.6289)  loss_mal_aux_0: 0.7920 (0.7920)  loss_bbox_aux_0: 1.7290 (1.7290)  loss_giou_aux_0: 1.5751 (1.5751)  loss_fgl_aux_0: 0.5525 (0.5525)  loss_ddf_aux_0: 0.0460 (0.0460)  loss_mal_aux_1: 1.0654 (1.0654)  loss_bbox_aux_1: 1.6409 (1.6409)  loss_giou_aux_1: 1.4681 (1.4681)  loss_fgl_aux_1: 0.6142 (0.6142)  loss_ddf_aux_1: 0.0141 (0.0141)  loss_mal_aux_2: 1.3721 (1.3721)  loss_bbox_aux_2: 1.5258 (1.5258)  loss_giou_aux_2: 1.3664 (1.3664)  loss_fgl_aux_2: 0.6399 (0.6399)  loss_ddf_aux_2: 0.0016 (0.0016)  loss_mal_pre: 0.8003 (0.8003)  loss_bbox_pre: 1.7358 (1.7358)  loss_giou_pre: 1.5901 (1.5901)  loss_mal_enc_0: 1.1396 (1.1396)  loss_bbox_enc_0: 1.6860 (1.6860)  loss_giou_enc_0: 1.5607 (1.5607)  loss_mal_dn_0: 1.5254 (1.5254)  loss_bbox_dn_0: 1.5747 (1.5747)  loss_giou_dn_0: 1.1492 (1.1492)  loss_fgl_dn_0: 0.9401 (0.9401)  loss_ddf_dn_0: 0.1050 (0.1050)  loss_mal_dn_1: 1.8203 (1.8203)  loss_bbox_dn_1: 1.4423 (1.4423)  loss_giou_dn_1: 1.0296 (1.0296)  loss_fgl_dn_1: 0.9068 (0.9068)  loss_ddf_dn_1: 0.0260 (0.0260)  loss_mal_dn_2: 2.0000 (2.0000)  loss_bbox_dn_2: 1.4512 (1.4512)  loss_giou_dn_2: 0.9695 (0.9695)  loss_fgl_dn_2: 0.9324 (0.9324)  loss_ddf_dn_2: 0.0033 (0.0033)  loss_mal_dn_3: 1.9590 (1.9590)  loss_bbox_dn_3: 1.4384 (1.4384)  loss_giou_dn_3: 0.9632 (0.9632)  loss_fgl_dn_3: 0.9327 (0.9327)  loss_mal_dn_pre: 1.5166 (1.5166)  loss_bbox_dn_pre: 1.6133 (1.6133)  loss_giou_dn_pre: 1.1522 (1.1522)  time: 0.5092  data: 0.3465  max mem: 3579
Epoch: [2]  [7/8]  eta: 0:00:00  lr: 0.000000  loss: 56.6193 (56.2391)  loss_mal: 1.0244 (1.2358)  loss_bbox: 1.6578 (1.7662)  loss_giou: 1.4125 (1.4047)  loss_fgl: 0.8299 (0.7961)  loss_mal_aux_0: 0.7925 (1.0384)  loss_bbox_aux_0: 1.7626 (1.8013)  loss_giou_aux_0: 1.5542 (1.4907)  loss_fgl_aux_0: 0.7614 (0.7559)  loss_ddf_aux_0: 0.0484 (0.0593)  loss_mal_aux_1: 1.0557 (1.1591)  loss_bbox_aux_1: 1.6486 (1.7636)  loss_giou_aux_1: 1.4320 (1.4244)  loss_fgl_aux_1: 0.7986 (0.7831)  loss_ddf_aux_1: 0.0079 (0.0119)  loss_mal_aux_2: 1.1289 (1.2773)  loss_bbox_aux_2: 1.6603 (1.7494)  loss_giou_aux_2: 1.4062 (1.3974)  loss_fgl_aux_2: 0.8261 (0.8012)  loss_ddf_aux_2: 0.0012 (0.0021)  loss_mal_pre: 0.8003 (0.9951)  loss_bbox_pre: 1.8384 (1.8424)  loss_giou_pre: 1.5838 (1.5080)  loss_mal_enc_0: 1.1641 (1.2802)  loss_bbox_enc_0: 1.8713 (1.9069)  loss_giou_enc_0: 1.5797 (1.5767)  loss_mal_dn_0: 1.5547 (1.6201)  loss_bbox_dn_0: 1.6288 (1.6056)  loss_giou_dn_0: 1.1299 (1.1222)  loss_fgl_dn_0: 1.0495 (1.0631)  loss_ddf_dn_0: 0.1283 (0.1352)  loss_mal_dn_1: 1.8203 (1.8706)  loss_bbox_dn_1: 1.5012 (1.5315)  loss_giou_dn_1: 0.9866 (1.0156)  loss_fgl_dn_1: 1.0181 (1.0079)  loss_ddf_dn_1: 0.0328 (0.0344)  loss_mal_dn_2: 2.0000 (2.0056)  loss_bbox_dn_2: 1.5519 (1.5595)  loss_giou_dn_2: 0.9563 (0.9678)  loss_fgl_dn_2: 1.0269 (1.0178)  loss_ddf_dn_2: 0.0033 (0.0035)  loss_mal_dn_3: 1.9590 (1.9612)  loss_bbox_dn_3: 1.5238 (1.5791)  loss_giou_dn_3: 0.9354 (0.9620)  loss_fgl_dn_3: 1.0250 (1.0218)  loss_mal_dn_pre: 1.5576 (1.6357)  loss_bbox_dn_pre: 1.6570 (1.5775)  loss_giou_dn_pre: 1.1025 (1.1139)  time: 0.2429  data: 0.0450  max mem: 3579
Epoch: [2] Total time: 0:00:02 (0.2516 s / it)
Averaged stats: lr: 0.000000  loss: 56.6193 (56.2391)  loss_mal: 1.0244 (1.2358)  loss_bbox: 1.6578 (1.7662)  loss_giou: 1.4125 (1.4047)  loss_fgl: 0.8299 (0.7961)  loss_mal_aux_0: 0.7925 (1.0384)  loss_bbox_aux_0: 1.7626 (1.8013)  loss_giou_aux_0: 1.5542 (1.4907)  loss_fgl_aux_0: 0.7614 (0.7559)  loss_ddf_aux_0: 0.0484 (0.0593)  loss_mal_aux_1: 1.0557 (1.1591)  loss_bbox_aux_1: 1.6486 (1.7636)  loss_giou_aux_1: 1.4320 (1.4244)  loss_fgl_aux_1: 0.7986 (0.7831)  loss_ddf_aux_1: 0.0079 (0.0119)  loss_mal_aux_2: 1.1289 (1.2773)  loss_bbox_aux_2: 1.6603 (1.7494)  loss_giou_aux_2: 1.4062 (1.3974)  loss_fgl_aux_2: 0.8261 (0.8012)  loss_ddf_aux_2: 0.0012 (0.0021)  loss_mal_pre: 0.8003 (0.9951)  loss_bbox_pre: 1.8384 (1.8424)  loss_giou_pre: 1.5838 (1.5080)  loss_mal_enc_0: 1.1641 (1.2802)  loss_bbox_enc_0: 1.8713 (1.9069)  loss_giou_enc_0: 1.5797 (1.5767)  loss_mal_dn_0: 1.5547 (1.6201)  loss_bbox_dn_0: 1.6288 (1.6056)  loss_giou_dn_0: 1.1299 (1.1222)  loss_fgl_dn_0: 1.0495 (1.0631)  loss_ddf_dn_0: 0.1283 (0.1352)  loss_mal_dn_1: 1.8203 (1.8706)  loss_bbox_dn_1: 1.5012 (1.5315)  loss_giou_dn_1: 0.9866 (1.0156)  loss_fgl_dn_1: 1.0181 (1.0079)  loss_ddf_dn_1: 0.0328 (0.0344)  loss_mal_dn_2: 2.0000 (2.0056)  loss_bbox_dn_2: 1.5519 (1.5595)  loss_giou_dn_2: 0.9563 (0.9678)  loss_fgl_dn_2: 1.0269 (1.0178)  loss_ddf_dn_2: 0.0033 (0.0035)  loss_mal_dn_3: 1.9590 (1.9612)  loss_bbox_dn_3: 1.5238 (1.5791)  loss_giou_dn_3: 0.9354 (0.9620)  loss_fgl_dn_3: 1.0250 (1.0218)  loss_mal_dn_pre: 1.5576 (1.6357)  loss_bbox_dn_pre: 1.6570 (1.5775)  loss_giou_dn_pre: 1.1025 (1.1139)
Test:  [0/4]  eta: 0:00:01    time: 0.3813  data: 0.3455  max mem: 3579
Test:  [3/4]  eta: 0:00:00    time: 0.1184  data: 0.0883  max mem: 3579
Test: Total time: 0:00:00 (0.1384 s / it)
Averaged stats: 
Accumulating evaluation results...
COCOeval_opt.accumulate() finished...
DONE (t=0.00s).
IoU metric: bbox
 Average Precision  (AP) @[ IoU=0.50:0.95 | area=   all | maxDets=100 ] = 0.000
 Average Precision  (AP) @[ IoU=0.50      | area=   all | maxDets=100 ] = 0.000
 Average Precision  (AP) @[ IoU=0.75      | area=   all | maxDets=100 ] = 0.000
 Average Precision  (AP) @[ IoU=0.50:0.95 | area= small | maxDets=100 ] = -1.000
 Average Precision  (AP) @[ IoU=0.50:0.95 | area=medium | maxDets=100 ] = -1.000
 Average Precision  (AP) @[ IoU=0.50:0.95 | area= large | maxDets=100 ] = 0.000
 Average Recall     (AR) @[ IoU=0.50:0.95 | area=   all | maxDets=  1 ] = 0.000
 Average Recall     (AR) @[ IoU=0.50:0.95 | area=   all | maxDets= 10 ] = 0.000
 Average Recall     (AR) @[ IoU=0.50:0.95 | area=   all | maxDets=100 ] = 0.000
 Average Recall     (AR) @[ IoU=0.50:0.95 | area= small | maxDets=100 ] = -1.000
 Average Recall     (AR) @[ IoU=0.50:0.95 | area=medium | maxDets=100 ] = -1.000
 Average Recall     (AR) @[ IoU=0.50:0.95 | area= large | maxDets=100 ] = 0.000
 Average Recall     (AR) @[ IoU=0.50      | area=   all | maxDets=100 ] = 0.000
 Average Recall     (AR) @[ IoU=0.75      | area=   all | maxDets=100 ] = 0.000
best_stat: {'epoch': -1, 'coco_eval_bbox': 0.0}
Epoch: [3]  [0/8]  eta: 0:00:04  lr: 0.000000  loss: 54.8208 (54.8208)  loss_mal: 1.2090 (1.2090)  loss_bbox: 1.6099 (1.6099)  loss_giou: 1.4718 (1.4718)  loss_fgl: 0.6458 (0.6458)  loss_mal_aux_0: 1.1104 (1.1104)  loss_bbox_aux_0: 1.6265 (1.6265)  loss_giou_aux_0: 1.4943 (1.4943)  loss_fgl_aux_0: 0.7078 (0.7078)  loss_ddf_aux_0: 0.0348 (0.0348)  loss_mal_aux_1: 1.1377 (1.1377)  loss_bbox_aux_1: 1.6436 (1.6436)  loss_giou_aux_1: 1.5045 (1.5045)  loss_fgl_aux_1: 0.6420 (0.6420)  loss_ddf_aux_1: 0.0059 (0.0059)  loss_mal_aux_2: 1.2246 (1.2246)  loss_bbox_aux_2: 1.6060 (1.6060)  loss_giou_aux_2: 1.4717 (1.4717)  loss_fgl_aux_2: 0.6491 (0.6491)  loss_ddf_aux_2: 0.0007 (0.0007)  loss_mal_pre: 1.1309 (1.1309)  loss_bbox_pre: 1.5380 (1.5380)  loss_giou_pre: 1.4815 (1.4815)  loss_mal_enc_0: 1.1230 (1.1230)  loss_bbox_enc_0: 1.6669 (1.6669)  loss_giou_enc_0: 1.5336 (1.5336)  loss_mal_dn_0: 1.5684 (1.5684)  loss_bbox_dn_0: 1.6862 (1.6862)  loss_giou_dn_0: 1.1316 (1.1316)  loss_fgl_dn_0: 1.0535 (1.0535)  loss_ddf_dn_0: 0.1223 (0.1223)  loss_mal_dn_1: 1.7402 (1.7402)  loss_bbox_dn_1: 1.6552 (1.6552)  loss_giou_dn_1: 1.0612 (1.0612)  loss_fgl_dn_1: 1.0081 (1.0081)  loss_ddf_dn_1: 0.0271 (0.0271)  loss_mal_dn_2: 1.8467 (1.8467)  loss_bbox_dn_2: 1.6640 (1.6640)  loss_giou_dn_2: 1.0244 (1.0244)  loss_fgl_dn_2: 1.0189 (1.0189)  loss_ddf_dn_2: 0.0032 (0.0032)  loss_mal_dn_3: 1.7988 (1.7988)  loss_bbox_dn_3: 1.7233 (1.7233)  loss_giou_dn_3: 1.0247 (1.0247)  loss_fgl_dn_3: 1.0219 (1.0219)  loss_mal_dn_pre: 1.5713 (1.5713)  loss_bbox_dn_pre: 1.6730 (1.6730)  loss_giou_dn_pre: 1.1270 (1.1270)  time: 0.5861  data: 0.3831  max mem: 3579
Epoch: [3]  [7/8]  eta: 0:00:00  lr: 0.000000  loss: 57.8950 (57.6877)  loss_mal: 1.0156 (1.1252)  loss_bbox: 1.8250 (2.0056)  loss_giou: 1.4718 (1.5675)  loss_fgl: 0.5477 (0.6162)  loss_mal_aux_0: 0.9478 (0.9904)  loss_bbox_aux_0: 2.0109 (2.0739)  loss_giou_aux_0: 1.4943 (1.6246)  loss_fgl_aux_0: 0.5458 (0.6169)  loss_ddf_aux_0: 0.0349 (0.0477)  loss_mal_aux_1: 0.9795 (1.0411)  loss_bbox_aux_1: 1.9125 (2.0311)  loss_giou_aux_1: 1.5045 (1.5969)  loss_fgl_aux_1: 0.5484 (0.6153)  loss_ddf_aux_1: 0.0061 (0.0084)  loss_mal_aux_2: 1.0146 (1.1291)  loss_bbox_aux_2: 1.8417 (2.0005)  loss_giou_aux_2: 1.4717 (1.5652)  loss_fgl_aux_2: 0.5484 (0.6193)  loss_ddf_aux_2: 0.0008 (0.0009)  loss_mal_pre: 0.9927 (0.9962)  loss_bbox_pre: 2.0748 (2.1115)  loss_giou_pre: 1.4815 (1.6371)  loss_mal_enc_0: 1.1230 (1.0828)  loss_bbox_enc_0: 2.0144 (2.1325)  loss_giou_enc_0: 1.6004 (1.6804)  loss_mal_dn_0: 1.5898 (1.6332)  loss_bbox_dn_0: 1.6547 (1.7247)  loss_giou_dn_0: 1.0778 (1.1149)  loss_fgl_dn_0: 1.0535 (1.0438)  loss_ddf_dn_0: 0.1346 (0.1338)  loss_mal_dn_1: 1.7891 (1.8356)  loss_bbox_dn_1: 1.5331 (1.6278)  loss_giou_dn_1: 1.0237 (1.0222)  loss_fgl_dn_1: 1.0044 (0.9876)  loss_ddf_dn_1: 0.0330 (0.0342)  loss_mal_dn_2: 1.8467 (1.9661)  loss_bbox_dn_2: 1.5064 (1.6387)  loss_giou_dn_2: 1.0005 (0.9774)  loss_fgl_dn_2: 1.0086 (0.9974)  loss_ddf_dn_2: 0.0035 (0.0036)  loss_mal_dn_3: 1.8125 (1.9327)  loss_bbox_dn_3: 1.5379 (1.6632)  loss_giou_dn_3: 0.9897 (0.9690)  loss_fgl_dn_3: 1.0156 (1.0031)  loss_mal_dn_pre: 1.5996 (1.6398)  loss_bbox_dn_pre: 1.5888 (1.7120)  loss_giou_dn_pre: 1.0830 (1.1107)  time: 0.2242  data: 0.0506  max mem: 3579
Epoch: [3] Total time: 0:00:01 (0.2346 s / it)
Averaged stats: lr: 0.000000  loss: 57.8950 (57.6877)  loss_mal: 1.0156 (1.1252)  loss_bbox: 1.8250 (2.0056)  loss_giou: 1.4718 (1.5675)  loss_fgl: 0.5477 (0.6162)  loss_mal_aux_0: 0.9478 (0.9904)  loss_bbox_aux_0: 2.0109 (2.0739)  loss_giou_aux_0: 1.4943 (1.6246)  loss_fgl_aux_0: 0.5458 (0.6169)  loss_ddf_aux_0: 0.0349 (0.0477)  loss_mal_aux_1: 0.9795 (1.0411)  loss_bbox_aux_1: 1.9125 (2.0311)  loss_giou_aux_1: 1.5045 (1.5969)  loss_fgl_aux_1: 0.5484 (0.6153)  loss_ddf_aux_1: 0.0061 (0.0084)  loss_mal_aux_2: 1.0146 (1.1291)  loss_bbox_aux_2: 1.8417 (2.0005)  loss_giou_aux_2: 1.4717 (1.5652)  loss_fgl_aux_2: 0.5484 (0.6193)  loss_ddf_aux_2: 0.0008 (0.0009)  loss_mal_pre: 0.9927 (0.9962)  loss_bbox_pre: 2.0748 (2.1115)  loss_giou_pre: 1.4815 (1.6371)  loss_mal_enc_0: 1.1230 (1.0828)  loss_bbox_enc_0: 2.0144 (2.1325)  loss_giou_enc_0: 1.6004 (1.6804)  loss_mal_dn_0: 1.5898 (1.6332)  loss_bbox_dn_0: 1.6547 (1.7247)  loss_giou_dn_0: 1.0778 (1.1149)  loss_fgl_dn_0: 1.0535 (1.0438)  loss_ddf_dn_0: 0.1346 (0.1338)  loss_mal_dn_1: 1.7891 (1.8356)  loss_bbox_dn_1: 1.5331 (1.6278)  loss_giou_dn_1: 1.0237 (1.0222)  loss_fgl_dn_1: 1.0044 (0.9876)  loss_ddf_dn_1: 0.0330 (0.0342)  loss_mal_dn_2: 1.8467 (1.9661)  loss_bbox_dn_2: 1.5064 (1.6387)  loss_giou_dn_2: 1.0005 (0.9774)  loss_fgl_dn_2: 1.0086 (0.9974)  loss_ddf_dn_2: 0.0035 (0.0036)  loss_mal_dn_3: 1.8125 (1.9327)  loss_bbox_dn_3: 1.5379 (1.6632)  loss_giou_dn_3: 0.9897 (0.9690)  loss_fgl_dn_3: 1.0156 (1.0031)  loss_mal_dn_pre: 1.5996 (1.6398)  loss_bbox_dn_pre: 1.5888 (1.7120)  loss_giou_dn_pre: 1.0830 (1.1107)
Test:  [0/4]  eta: 0:00:01    time: 0.4095  data: 0.3661  max mem: 3579
Test:  [3/4]  eta: 0:00:00    time: 0.1343  data: 0.0936  max mem: 3579
Test: Total time: 0:00:00 (0.1505 s / it)
Averaged stats: 
Accumulating evaluation results...
COCOeval_opt.accumulate() finished...
DONE (t=0.00s).
IoU metric: bbox
 Average Precision  (AP) @[ IoU=0.50:0.95 | area=   all | maxDets=100 ] = 0.000
 Average Precision  (AP) @[ IoU=0.50      | area=   all | maxDets=100 ] = 0.000
 Average Precision  (AP) @[ IoU=0.75      | area=   all | maxDets=100 ] = 0.000
 Average Precision  (AP) @[ IoU=0.50:0.95 | area= small | maxDets=100 ] = -1.000
 Average Precision  (AP) @[ IoU=0.50:0.95 | area=medium | maxDets=100 ] = -1.000
 Average Precision  (AP) @[ IoU=0.50:0.95 | area= large | maxDets=100 ] = 0.000
 Average Recall     (AR) @[ IoU=0.50:0.95 | area=   all | maxDets=  1 ] = 0.000
 Average Recall     (AR) @[ IoU=0.50:0.95 | area=   all | maxDets= 10 ] = 0.000
 Average Recall     (AR) @[ IoU=0.50:0.95 | area=   all | maxDets=100 ] = 0.000
 Average Recall     (AR) @[ IoU=0.50:0.95 | area= small | maxDets=100 ] = -1.000
 Average Recall     (AR) @[ IoU=0.50:0.95 | area=medium | maxDets=100 ] = -1.000
 Average Recall     (AR) @[ IoU=0.50:0.95 | area= large | maxDets=100 ] = 0.000
 Average Recall     (AR) @[ IoU=0.50      | area=   all | maxDets=100 ] = 0.000
 Average Recall     (AR) @[ IoU=0.75      | area=   all | maxDets=100 ] = 0.000
best_stat: {'epoch': -1, 'coco_eval_bbox': 0.0}
Epoch: [4]  [0/8]  eta: 0:00:05  lr: 0.000000  loss: 47.1818 (47.1818)  loss_mal: 0.8081 (0.8081)  loss_bbox: 1.1623 (1.1623)  loss_giou: 1.7486 (1.7486)  loss_fgl: 0.5666 (0.5666)  loss_mal_aux_0: 0.7036 (0.7036)  loss_bbox_aux_0: 1.2503 (1.2503)  loss_giou_aux_0: 1.7806 (1.7806)  loss_fgl_aux_0: 0.5752 (0.5752)  loss_ddf_aux_0: 0.0689 (0.0689)  loss_mal_aux_1: 0.7334 (0.7334)  loss_bbox_aux_1: 1.1738 (1.1738)  loss_giou_aux_1: 1.7714 (1.7714)  loss_fgl_aux_1: 0.5369 (0.5369)  loss_ddf_aux_1: 0.0113 (0.0113)  loss_mal_aux_2: 0.8101 (0.8101)  loss_bbox_aux_2: 1.1568 (1.1568)  loss_giou_aux_2: 1.7465 (1.7465)  loss_fgl_aux_2: 0.5689 (0.5689)  loss_ddf_aux_2: 0.0008 (0.0008)  loss_mal_pre: 0.6958 (0.6958)  loss_bbox_pre: 1.3388 (1.3388)  loss_giou_pre: 1.7903 (1.7903)  loss_mal_enc_0: 0.8154 (0.8154)  loss_bbox_enc_0: 1.2259 (1.2259)  loss_giou_enc_0: 1.8073 (1.8073)  loss_mal_dn_0: 1.1035 (1.1035)  loss_bbox_dn_0: 1.2684 (1.2684)  loss_giou_dn_0: 1.3778 (1.3778)  loss_fgl_dn_0: 0.9213 (0.9213)  loss_ddf_dn_0: 0.1710 (0.1710)  loss_mal_dn_1: 1.3223 (1.3223)  loss_bbox_dn_1: 1.0086 (1.0086)  loss_giou_dn_1: 1.2849 (1.2849)  loss_fgl_dn_1: 0.9354 (0.9354)  loss_ddf_dn_1: 0.0315 (0.0315)  loss_mal_dn_2: 1.3799 (1.3799)  loss_bbox_dn_2: 1.0237 (1.0237)  loss_giou_dn_2: 1.2539 (1.2539)  loss_fgl_dn_2: 0.9594 (0.9594)  loss_ddf_dn_2: 0.0026 (0.0026)  loss_mal_dn_3: 1.3496 (1.3496)  loss_bbox_dn_3: 1.0124 (1.0124)  loss_giou_dn_3: 1.2479 (1.2479)  loss_fgl_dn_3: 0.9635 (0.9635)  loss_mal_dn_pre: 1.1475 (1.1475)  loss_bbox_dn_pre: 1.2228 (1.2228)  loss_giou_dn_pre: 1.3461 (1.3461)  time: 0.6859  data: 0.4814  max mem: 3579
Epoch: [4]  [7/8]  eta: 0:00:00  lr: 0.000000  loss: 47.8045 (49.7031)  loss_mal: 1.2109 (1.3535)  loss_bbox: 1.0615 (1.0920)  loss_giou: 1.4108 (1.3966)  loss_fgl: 0.6794 (0.7792)  loss_mal_aux_0: 1.1221 (1.2320)  loss_bbox_aux_0: 1.1447 (1.1541)  loss_giou_aux_0: 1.4995 (1.4628)  loss_fgl_aux_0: 0.6426 (0.7608)  loss_ddf_aux_0: 0.0791 (0.0760)  loss_mal_aux_1: 1.1895 (1.2778)  loss_bbox_aux_1: 1.0425 (1.0965)  loss_giou_aux_1: 1.4343 (1.4129)  loss_fgl_aux_1: 0.6723 (0.7729)  loss_ddf_aux_1: 0.0121 (0.0144)  loss_mal_aux_2: 1.2607 (1.3836)  loss_bbox_aux_2: 1.0898 (1.1018)  loss_giou_aux_2: 1.4043 (1.3960)  loss_fgl_aux_2: 0.6788 (0.7793)  loss_ddf_aux_2: 0.0009 (0.0015)  loss_mal_pre: 1.0635 (1.2120)  loss_bbox_pre: 1.1751 (1.1695)  loss_giou_pre: 1.5280 (1.4742)  loss_mal_enc_0: 0.9336 (1.2101)  loss_bbox_enc_0: 1.0734 (1.2285)  loss_giou_enc_0: 1.6672 (1.5473)  loss_mal_dn_0: 1.3750 (1.4563)  loss_bbox_dn_0: 1.0365 (1.1460)  loss_giou_dn_0: 1.2198 (1.2192)  loss_fgl_dn_0: 1.0230 (1.0467)  loss_ddf_dn_0: 0.1765 (0.2141)  loss_mal_dn_1: 1.6836 (1.7423)  loss_bbox_dn_1: 0.8347 (0.9230)  loss_giou_dn_1: 1.0818 (1.0779)  loss_fgl_dn_1: 0.9934 (1.0172)  loss_ddf_dn_1: 0.0353 (0.0417)  loss_mal_dn_2: 1.8398 (1.8810)  loss_bbox_dn_2: 0.8675 (0.9031)  loss_giou_dn_2: 1.0077 (1.0297)  loss_fgl_dn_2: 0.9947 (1.0247)  loss_ddf_dn_2: 0.0028 (0.0034)  loss_mal_dn_3: 1.8271 (1.8397)  loss_bbox_dn_3: 0.8605 (0.9025)  loss_giou_dn_3: 0.9911 (1.0257)  loss_fgl_dn_3: 1.0025 (1.0283)  loss_mal_dn_pre: 1.4141 (1.5039)  loss_bbox_dn_pre: 0.9746 (1.1030)  loss_giou_dn_pre: 1.1954 (1.1882)  time: 0.2359  data: 0.0636  max mem: 3579
Epoch: [4] Total time: 0:00:01 (0.2476 s / it)
Averaged stats: lr: 0.000000  loss: 47.8045 (49.7031)  loss_mal: 1.2109 (1.3535)  loss_bbox: 1.0615 (1.0920)  loss_giou: 1.4108 (1.3966)  loss_fgl: 0.6794 (0.7792)  loss_mal_aux_0: 1.1221 (1.2320)  loss_bbox_aux_0: 1.1447 (1.1541)  loss_giou_aux_0: 1.4995 (1.4628)  loss_fgl_aux_0: 0.6426 (0.7608)  loss_ddf_aux_0: 0.0791 (0.0760)  loss_mal_aux_1: 1.1895 (1.2778)  loss_bbox_aux_1: 1.0425 (1.0965)  loss_giou_aux_1: 1.4343 (1.4129)  loss_fgl_aux_1: 0.6723 (0.7729)  loss_ddf_aux_1: 0.0121 (0.0144)  loss_mal_aux_2: 1.2607 (1.3836)  loss_bbox_aux_2: 1.0898 (1.1018)  loss_giou_aux_2: 1.4043 (1.3960)  loss_fgl_aux_2: 0.6788 (0.7793)  loss_ddf_aux_2: 0.0009 (0.0015)  loss_mal_pre: 1.0635 (1.2120)  loss_bbox_pre: 1.1751 (1.1695)  loss_giou_pre: 1.5280 (1.4742)  loss_mal_enc_0: 0.9336 (1.2101)  loss_bbox_enc_0: 1.0734 (1.2285)  loss_giou_enc_0: 1.6672 (1.5473)  loss_mal_dn_0: 1.3750 (1.4563)  loss_bbox_dn_0: 1.0365 (1.1460)  loss_giou_dn_0: 1.2198 (1.2192)  loss_fgl_dn_0: 1.0230 (1.0467)  loss_ddf_dn_0: 0.1765 (0.2141)  loss_mal_dn_1: 1.6836 (1.7423)  loss_bbox_dn_1: 0.8347 (0.9230)  loss_giou_dn_1: 1.0818 (1.0779)  loss_fgl_dn_1: 0.9934 (1.0172)  loss_ddf_dn_1: 0.0353 (0.0417)  loss_mal_dn_2: 1.8398 (1.8810)  loss_bbox_dn_2: 0.8675 (0.9031)  loss_giou_dn_2: 1.0077 (1.0297)  loss_fgl_dn_2: 0.9947 (1.0247)  loss_ddf_dn_2: 0.0028 (0.0034)  loss_mal_dn_3: 1.8271 (1.8397)  loss_bbox_dn_3: 0.8605 (0.9025)  loss_giou_dn_3: 0.9911 (1.0257)  loss_fgl_dn_3: 1.0025 (1.0283)  loss_mal_dn_pre: 1.4141 (1.5039)  loss_bbox_dn_pre: 0.9746 (1.1030)  loss_giou_dn_pre: 1.1954 (1.1882)
Test:  [0/4]  eta: 0:00:01    time: 0.3817  data: 0.3418  max mem: 3579
Test:  [3/4]  eta: 0:00:00    time: 0.1191  data: 0.0876  max mem: 3579
Test: Total time: 0:00:00 (0.1388 s / it)
Averaged stats: 
Accumulating evaluation results...
COCOeval_opt.accumulate() finished...
DONE (t=0.00s).
IoU metric: bbox
 Average Precision  (AP) @[ IoU=0.50:0.95 | area=   all | maxDets=100 ] = 0.000
 Average Precision  (AP) @[ IoU=0.50      | area=   all | maxDets=100 ] = 0.000
 Average Precision  (AP) @[ IoU=0.75      | area=   all | maxDets=100 ] = 0.000
 Average Precision  (AP) @[ IoU=0.50:0.95 | area= small | maxDets=100 ] = -1.000
 Average Precision  (AP) @[ IoU=0.50:0.95 | area=medium | maxDets=100 ] = -1.000
 Average Precision  (AP) @[ IoU=0.50:0.95 | area= large | maxDets=100 ] = 0.000
 Average Recall     (AR) @[ IoU=0.50:0.95 | area=   all | maxDets=  1 ] = 0.000
 Average Recall     (AR) @[ IoU=0.50:0.95 | area=   all | maxDets= 10 ] = 0.000
 Average Recall     (AR) @[ IoU=0.50:0.95 | area=   all | maxDets=100 ] = 0.000
 Average Recall     (AR) @[ IoU=0.50:0.95 | area= small | maxDets=100 ] = -1.000
 Average Recall     (AR) @[ IoU=0.50:0.95 | area=medium | maxDets=100 ] = -1.000
 Average Recall     (AR) @[ IoU=0.50:0.95 | area= large | maxDets=100 ] = 0.000
 Average Recall     (AR) @[ IoU=0.50      | area=   all | maxDets=100 ] = 0.000
 Average Recall     (AR) @[ IoU=0.75      | area=   all | maxDets=100 ] = 0.000
best_stat: {'epoch': -1, 'coco_eval_bbox': 0.0}
Epoch: [5]  [0/8]  eta: 0:00:05  lr: 0.000000  loss: 52.1660 (52.1660)  loss_mal: 1.2080 (1.2080)  loss_bbox: 1.3730 (1.3730)  loss_giou: 1.6956 (1.6956)  loss_fgl: 0.7486 (0.7486)  loss_mal_aux_0: 1.0176 (1.0176)  loss_bbox_aux_0: 1.4507 (1.4507)  loss_giou_aux_0: 1.7883 (1.7883)  loss_fgl_aux_0: 0.7092 (0.7092)  loss_ddf_aux_0: 0.1034 (0.1034)  loss_mal_aux_1: 1.0898 (1.0898)  loss_bbox_aux_1: 1.4155 (1.4155)  loss_giou_aux_1: 1.7369 (1.7369)  loss_fgl_aux_1: 0.7392 (0.7392)  loss_ddf_aux_1: 0.0195 (0.0195)  loss_mal_aux_2: 1.2334 (1.2334)  loss_bbox_aux_2: 1.3781 (1.3781)  loss_giou_aux_2: 1.6991 (1.6991)  loss_fgl_aux_2: 0.7496 (0.7496)  loss_ddf_aux_2: 0.0017 (0.0017)  loss_mal_pre: 1.0176 (1.0176)  loss_bbox_pre: 1.4325 (1.4325)  loss_giou_pre: 1.7994 (1.7994)  loss_mal_enc_0: 1.1152 (1.1152)  loss_bbox_enc_0: 1.3523 (1.3523)  loss_giou_enc_0: 1.7725 (1.7725)  loss_mal_dn_0: 1.4248 (1.4248)  loss_bbox_dn_0: 1.1587 (1.1587)  loss_giou_dn_0: 1.2323 (1.2323)  loss_fgl_dn_0: 1.0939 (1.0939)  loss_ddf_dn_0: 0.2453 (0.2453)  loss_mal_dn_1: 1.6084 (1.6084)  loss_bbox_dn_1: 1.0390 (1.0390)  loss_giou_dn_1: 1.1482 (1.1482)  loss_fgl_dn_1: 1.0358 (1.0358)  loss_ddf_dn_1: 0.0481 (0.0481)  loss_mal_dn_2: 1.7568 (1.7568)  loss_bbox_dn_2: 0.9775 (0.9775)  loss_giou_dn_2: 1.0924 (1.0924)  loss_fgl_dn_2: 1.0485 (1.0485)  loss_ddf_dn_2: 0.0037 (0.0037)  loss_mal_dn_3: 1.7041 (1.7041)  loss_bbox_dn_3: 0.9701 (0.9701)  loss_giou_dn_3: 1.0844 (1.0844)  loss_fgl_dn_3: 1.0533 (1.0533)  loss_mal_dn_pre: 1.4521 (1.4521)  loss_bbox_dn_pre: 1.1308 (1.1308)  loss_giou_dn_pre: 1.2111 (1.2111)  time: 0.7076  data: 0.5475  max mem: 3579
Epoch: [5]  [7/8]  eta: 0:00:00  lr: 0.000000  loss: 48.9210 (49.7763)  loss_mal: 1.7061 (1.6210)  loss_bbox: 0.8585 (0.9483)  loss_giou: 1.1436 (1.2881)  loss_fgl: 0.7904 (0.7905)  loss_mal_aux_0: 1.1846 (1.3619)  loss_bbox_aux_0: 0.9007 (1.0285)  loss_giou_aux_0: 1.2288 (1.3864)  loss_fgl_aux_0: 0.7387 (0.7918)  loss_ddf_aux_0: 0.1034 (0.1145)  loss_mal_aux_1: 1.5293 (1.5081)  loss_bbox_aux_1: 0.8739 (0.9720)  loss_giou_aux_1: 1.1675 (1.3211)  loss_fgl_aux_1: 0.7715 (0.7881)  loss_ddf_aux_1: 0.0195 (0.0217)  loss_mal_aux_2: 1.6201 (1.6395)  loss_bbox_aux_2: 0.8558 (0.9526)  loss_giou_aux_2: 1.1478 (1.2929)  loss_fgl_aux_2: 0.7778 (0.7902)  loss_ddf_aux_2: 0.0015 (0.0018)  loss_mal_pre: 1.2275 (1.3511)  loss_bbox_pre: 0.9334 (1.0368)  loss_giou_pre: 1.2655 (1.3938)  loss_mal_enc_0: 1.2666 (1.3309)  loss_bbox_enc_0: 1.0335 (1.0859)  loss_giou_enc_0: 1.4437 (1.4971)  loss_mal_dn_0: 1.5742 (1.5808)  loss_bbox_dn_0: 0.9579 (1.0148)  loss_giou_dn_0: 1.1261 (1.1829)  loss_fgl_dn_0: 1.1122 (1.1248)  loss_ddf_dn_0: 0.2453 (0.2341)  loss_mal_dn_1: 1.8555 (1.8564)  loss_bbox_dn_1: 0.8385 (0.8393)  loss_giou_dn_1: 1.0077 (1.0385)  loss_fgl_dn_1: 1.0617 (1.0727)  loss_ddf_dn_1: 0.0448 (0.0428)  loss_mal_dn_2: 1.9893 (2.0330)  loss_bbox_dn_2: 0.8183 (0.8038)  loss_giou_dn_2: 0.9394 (0.9774)  loss_fgl_dn_2: 1.0485 (1.0738)  loss_ddf_dn_2: 0.0030 (0.0030)  loss_mal_dn_3: 1.9531 (1.9949)  loss_bbox_dn_3: 0.8190 (0.7922)  loss_giou_dn_3: 0.9318 (0.9699)  loss_fgl_dn_3: 1.0533 (1.0778)  loss_mal_dn_pre: 1.6572 (1.6091)  loss_bbox_dn_pre: 0.9231 (0.9821)  loss_giou_dn_pre: 1.1202 (1.1580)  time: 0.3062  data: 0.0928  max mem: 3579
Epoch: [5] Total time: 0:00:02 (0.3134 s / it)
Averaged stats: lr: 0.000000  loss: 48.9210 (49.7763)  loss_mal: 1.7061 (1.6210)  loss_bbox: 0.8585 (0.9483)  loss_giou: 1.1436 (1.2881)  loss_fgl: 0.7904 (0.7905)  loss_mal_aux_0: 1.1846 (1.3619)  loss_bbox_aux_0: 0.9007 (1.0285)  loss_giou_aux_0: 1.2288 (1.3864)  loss_fgl_aux_0: 0.7387 (0.7918)  loss_ddf_aux_0: 0.1034 (0.1145)  loss_mal_aux_1: 1.5293 (1.5081)  loss_bbox_aux_1: 0.8739 (0.9720)  loss_giou_aux_1: 1.1675 (1.3211)  loss_fgl_aux_1: 0.7715 (0.7881)  loss_ddf_aux_1: 0.0195 (0.0217)  loss_mal_aux_2: 1.6201 (1.6395)  loss_bbox_aux_2: 0.8558 (0.9526)  loss_giou_aux_2: 1.1478 (1.2929)  loss_fgl_aux_2: 0.7778 (0.7902)  loss_ddf_aux_2: 0.0015 (0.0018)  loss_mal_pre: 1.2275 (1.3511)  loss_bbox_pre: 0.9334 (1.0368)  loss_giou_pre: 1.2655 (1.3938)  loss_mal_enc_0: 1.2666 (1.3309)  loss_bbox_enc_0: 1.0335 (1.0859)  loss_giou_enc_0: 1.4437 (1.4971)  loss_mal_dn_0: 1.5742 (1.5808)  loss_bbox_dn_0: 0.9579 (1.0148)  loss_giou_dn_0: 1.1261 (1.1829)  loss_fgl_dn_0: 1.1122 (1.1248)  loss_ddf_dn_0: 0.2453 (0.2341)  loss_mal_dn_1: 1.8555 (1.8564)  loss_bbox_dn_1: 0.8385 (0.8393)  loss_giou_dn_1: 1.0077 (1.0385)  loss_fgl_dn_1: 1.0617 (1.0727)  loss_ddf_dn_1: 0.0448 (0.0428)  loss_mal_dn_2: 1.9893 (2.0330)  loss_bbox_dn_2: 0.8183 (0.8038)  loss_giou_dn_2: 0.9394 (0.9774)  loss_fgl_dn_2: 1.0485 (1.0738)  loss_ddf_dn_2: 0.0030 (0.0030)  loss_mal_dn_3: 1.9531 (1.9949)  loss_bbox_dn_3: 0.8190 (0.7922)  loss_giou_dn_3: 0.9318 (0.9699)  loss_fgl_dn_3: 1.0533 (1.0778)  loss_mal_dn_pre: 1.6572 (1.6091)  loss_bbox_dn_pre: 0.9231 (0.9821)  loss_giou_dn_pre: 1.1202 (1.1580)
Test:  [0/4]  eta: 0:00:01    time: 0.3893  data: 0.3513  max mem: 3579
Test:  [3/4]  eta: 0:00:00    time: 0.1222  data: 0.0898  max mem: 3579
Test: Total time: 0:00:00 (0.1422 s / it)
Averaged stats: 
Accumulating evaluation results...
COCOeval_opt.accumulate() finished...
DONE (t=0.00s).
IoU metric: bbox
 Average Precision  (AP) @[ IoU=0.50:0.95 | area=   all | maxDets=100 ] = 0.000
 Average Precision  (AP) @[ IoU=0.50      | area=   all | maxDets=100 ] = 0.000
 Average Precision  (AP) @[ IoU=0.75      | area=   all | maxDets=100 ] = 0.000
 Average Precision  (AP) @[ IoU=0.50:0.95 | area= small | maxDets=100 ] = -1.000
 Average Precision  (AP) @[ IoU=0.50:0.95 | area=medium | maxDets=100 ] = -1.000
 Average Precision  (AP) @[ IoU=0.50:0.95 | area= large | maxDets=100 ] = 0.000
 Average Recall     (AR) @[ IoU=0.50:0.95 | area=   all | maxDets=  1 ] = 0.000
 Average Recall     (AR) @[ IoU=0.50:0.95 | area=   all | maxDets= 10 ] = 0.000
 Average Recall     (AR) @[ IoU=0.50:0.95 | area=   all | maxDets=100 ] = 0.000
 Average Recall     (AR) @[ IoU=0.50:0.95 | area= small | maxDets=100 ] = -1.000
 Average Recall     (AR) @[ IoU=0.50:0.95 | area=medium | maxDets=100 ] = -1.000
 Average Recall     (AR) @[ IoU=0.50:0.95 | area= large | maxDets=100 ] = 0.000
 Average Recall     (AR) @[ IoU=0.50      | area=   all | maxDets=100 ] = 0.000
 Average Recall     (AR) @[ IoU=0.75      | area=   all | maxDets=100 ] = 0.000
best_stat: {'epoch': -1, 'coco_eval_bbox': 0.0}
Epoch: [6]  [0/8]  eta: 0:00:06  lr: 0.000000  loss: 55.3826 (55.3826)  loss_mal: 1.4375 (1.4375)  loss_bbox: 1.4594 (1.4594)  loss_giou: 1.4201 (1.4201)  loss_fgl: 1.0351 (1.0351)  loss_mal_aux_0: 1.3984 (1.3984)  loss_bbox_aux_0: 1.4268 (1.4268)  loss_giou_aux_0: 1.4592 (1.4592)  loss_fgl_aux_0: 1.0410 (1.0410)  loss_ddf_aux_0: 0.0563 (0.0563)  loss_mal_aux_1: 1.3262 (1.3262)  loss_bbox_aux_1: 1.4254 (1.4254)  loss_giou_aux_1: 1.4416 (1.4416)  loss_fgl_aux_1: 1.0190 (1.0190)  loss_ddf_aux_1: 0.0084 (0.0084)  loss_mal_aux_2: 1.4707 (1.4707)  loss_bbox_aux_2: 1.4255 (1.4255)  loss_giou_aux_2: 1.4202 (1.4202)  loss_fgl_aux_2: 1.0333 (1.0333)  loss_ddf_aux_2: 0.0010 (0.0010)  loss_mal_pre: 1.3682 (1.3682)  loss_bbox_pre: 1.4645 (1.4645)  loss_giou_pre: 1.4841 (1.4841)  loss_mal_enc_0: 1.3330 (1.3330)  loss_bbox_enc_0: 1.6334 (1.6334)  loss_giou_enc_0: 1.5759 (1.5759)  loss_mal_dn_0: 1.7080 (1.7080)  loss_bbox_dn_0: 1.3226 (1.3226)  loss_giou_dn_0: 1.1475 (1.1475)  loss_fgl_dn_0: 1.1144 (1.1144)  loss_ddf_dn_0: 0.1713 (0.1713)  loss_mal_dn_1: 1.8496 (1.8496)  loss_bbox_dn_1: 1.1952 (1.1952)  loss_giou_dn_1: 1.0320 (1.0320)  loss_fgl_dn_1: 1.0384 (1.0384)  loss_ddf_dn_1: 0.0393 (0.0393)  loss_mal_dn_2: 1.9707 (1.9707)  loss_bbox_dn_2: 1.2525 (1.2525)  loss_giou_dn_2: 0.9850 (0.9850)  loss_fgl_dn_2: 1.0432 (1.0432)  loss_ddf_dn_2: 0.0039 (0.0039)  loss_mal_dn_3: 1.9268 (1.9268)  loss_bbox_dn_3: 1.2426 (1.2426)  loss_giou_dn_3: 0.9765 (0.9765)  loss_fgl_dn_3: 1.0489 (1.0489)  loss_mal_dn_pre: 1.7559 (1.7559)  loss_bbox_dn_pre: 1.2881 (1.2881)  loss_giou_dn_pre: 1.1062 (1.1062)  time: 0.7883  data: 0.6286  max mem: 3579
Epoch: [6]  [7/8]  eta: 0:00:00  lr: 0.000000  loss: 50.1148 (51.2001)  loss_mal: 1.3994 (1.4659)  loss_bbox: 1.3206 (1.1996)  loss_giou: 1.3948 (1.3937)  loss_fgl: 0.7358 (0.7578)  loss_mal_aux_0: 1.3516 (1.2424)  loss_bbox_aux_0: 1.4020 (1.2509)  loss_giou_aux_0: 1.4624 (1.4887)  loss_fgl_aux_0: 0.7269 (0.7359)  loss_ddf_aux_0: 0.0822 (0.0857)  loss_mal_aux_1: 1.3262 (1.3877)  loss_bbox_aux_1: 1.3204 (1.2033)  loss_giou_aux_1: 1.4177 (1.4202)  loss_fgl_aux_1: 0.7431 (0.7452)  loss_ddf_aux_1: 0.0120 (0.0149)  loss_mal_aux_2: 1.4551 (1.5031)  loss_bbox_aux_2: 1.3147 (1.2004)  loss_giou_aux_2: 1.3905 (1.3949)  loss_fgl_aux_2: 0.7334 (0.7559)  loss_ddf_aux_2: 0.0010 (0.0012)  loss_mal_pre: 1.2871 (1.2360)  loss_bbox_pre: 1.3978 (1.2693)  loss_giou_pre: 1.4871 (1.4950)  loss_mal_enc_0: 1.2715 (1.2130)  loss_bbox_enc_0: 1.5126 (1.3138)  loss_giou_enc_0: 1.5202 (1.5484)  loss_mal_dn_0: 1.5508 (1.7168)  loss_bbox_dn_0: 1.1105 (1.0528)  loss_giou_dn_0: 1.1475 (1.0993)  loss_fgl_dn_0: 1.0695 (1.0850)  loss_ddf_dn_0: 0.2022 (0.2180)  loss_mal_dn_1: 1.8066 (1.9789)  loss_bbox_dn_1: 0.9850 (0.9138)  loss_giou_dn_1: 1.0320 (0.9715)  loss_fgl_dn_1: 1.0384 (1.0302)  loss_ddf_dn_1: 0.0393 (0.0423)  loss_mal_dn_2: 1.9541 (2.1183)  loss_bbox_dn_2: 0.9374 (0.9028)  loss_giou_dn_2: 0.9850 (0.9263)  loss_fgl_dn_2: 1.0243 (1.0295)  loss_ddf_dn_2: 0.0032 (0.0034)  loss_mal_dn_3: 1.9209 (2.0746)  loss_bbox_dn_3: 0.9600 (0.9025)  loss_giou_dn_3: 0.9765 (0.9188)  loss_fgl_dn_3: 1.0267 (1.0336)  loss_mal_dn_pre: 1.6914 (1.7584)  loss_bbox_dn_pre: 1.1016 (1.0287)  loss_giou_dn_pre: 1.0881 (1.0719)  time: 0.2347  data: 0.0828  max mem: 3579
Epoch: [6] Total time: 0:00:01 (0.2445 s / it)
Averaged stats: lr: 0.000000  loss: 50.1148 (51.2001)  loss_mal: 1.3994 (1.4659)  loss_bbox: 1.3206 (1.1996)  loss_giou: 1.3948 (1.3937)  loss_fgl: 0.7358 (0.7578)  loss_mal_aux_0: 1.3516 (1.2424)  loss_bbox_aux_0: 1.4020 (1.2509)  loss_giou_aux_0: 1.4624 (1.4887)  loss_fgl_aux_0: 0.7269 (0.7359)  loss_ddf_aux_0: 0.0822 (0.0857)  loss_mal_aux_1: 1.3262 (1.3877)  loss_bbox_aux_1: 1.3204 (1.2033)  loss_giou_aux_1: 1.4177 (1.4202)  loss_fgl_aux_1: 0.7431 (0.7452)  loss_ddf_aux_1: 0.0120 (0.0149)  loss_mal_aux_2: 1.4551 (1.5031)  loss_bbox_aux_2: 1.3147 (1.2004)  loss_giou_aux_2: 1.3905 (1.3949)  loss_fgl_aux_2: 0.7334 (0.7559)  loss_ddf_aux_2: 0.0010 (0.0012)  loss_mal_pre: 1.2871 (1.2360)  loss_bbox_pre: 1.3978 (1.2693)  loss_giou_pre: 1.4871 (1.4950)  loss_mal_enc_0: 1.2715 (1.2130)  loss_bbox_enc_0: 1.5126 (1.3138)  loss_giou_enc_0: 1.5202 (1.5484)  loss_mal_dn_0: 1.5508 (1.7168)  loss_bbox_dn_0: 1.1105 (1.0528)  loss_giou_dn_0: 1.1475 (1.0993)  loss_fgl_dn_0: 1.0695 (1.0850)  loss_ddf_dn_0: 0.2022 (0.2180)  loss_mal_dn_1: 1.8066 (1.9789)  loss_bbox_dn_1: 0.9850 (0.9138)  loss_giou_dn_1: 1.0320 (0.9715)  loss_fgl_dn_1: 1.0384 (1.0302)  loss_ddf_dn_1: 0.0393 (0.0423)  loss_mal_dn_2: 1.9541 (2.1183)  loss_bbox_dn_2: 0.9374 (0.9028)  loss_giou_dn_2: 0.9850 (0.9263)  loss_fgl_dn_2: 1.0243 (1.0295)  loss_ddf_dn_2: 0.0032 (0.0034)  loss_mal_dn_3: 1.9209 (2.0746)  loss_bbox_dn_3: 0.9600 (0.9025)  loss_giou_dn_3: 0.9765 (0.9188)  loss_fgl_dn_3: 1.0267 (1.0336)  loss_mal_dn_pre: 1.6914 (1.7584)  loss_bbox_dn_pre: 1.1016 (1.0287)  loss_giou_dn_pre: 1.0881 (1.0719)
Test:  [0/4]  eta: 0:00:01    time: 0.3988  data: 0.3618  max mem: 3579
Test:  [3/4]  eta: 0:00:00    time: 0.1230  data: 0.0923  max mem: 3579
Test: Total time: 0:00:00 (0.1419 s / it)
Averaged stats: 
Accumulating evaluation results...
COCOeval_opt.accumulate() finished...
DONE (t=0.00s).
IoU metric: bbox
 Average Precision  (AP) @[ IoU=0.50:0.95 | area=   all | maxDets=100 ] = 0.000
 Average Precision  (AP) @[ IoU=0.50      | area=   all | maxDets=100 ] = 0.000
 Average Precision  (AP) @[ IoU=0.75      | area=   all | maxDets=100 ] = 0.000
 Average Precision  (AP) @[ IoU=0.50:0.95 | area= small | maxDets=100 ] = -1.000
 Average Precision  (AP) @[ IoU=0.50:0.95 | area=medium | maxDets=100 ] = -1.000
 Average Precision  (AP) @[ IoU=0.50:0.95 | area= large | maxDets=100 ] = 0.000
 Average Recall     (AR) @[ IoU=0.50:0.95 | area=   all | maxDets=  1 ] = 0.000
 Average Recall     (AR) @[ IoU=0.50:0.95 | area=   all | maxDets= 10 ] = 0.000
 Average Recall     (AR) @[ IoU=0.50:0.95 | area=   all | maxDets=100 ] = 0.000
 Average Recall     (AR) @[ IoU=0.50:0.95 | area= small | maxDets=100 ] = -1.000
 Average Recall     (AR) @[ IoU=0.50:0.95 | area=medium | maxDets=100 ] = -1.000
 Average Recall     (AR) @[ IoU=0.50:0.95 | area= large | maxDets=100 ] = 0.000
 Average Recall     (AR) @[ IoU=0.50      | area=   all | maxDets=100 ] = 0.000
 Average Recall     (AR) @[ IoU=0.75      | area=   all | maxDets=100 ] = 0.000
best_stat: {'epoch': -1, 'coco_eval_bbox': 0.0}
Epoch: [7]  [0/8]  eta: 0:00:07  lr: 0.000000  loss: 46.0720 (46.0720)  loss_mal: 0.7954 (0.7954)  loss_bbox: 1.0754 (1.0754)  loss_giou: 1.9939 (1.9939)  loss_fgl: 0.4507 (0.4507)  loss_mal_aux_0: 0.6421 (0.6421)  loss_bbox_aux_0: 1.0858 (1.0858)  loss_giou_aux_0: 2.0333 (2.0333)  loss_fgl_aux_0: 0.4333 (0.4333)  loss_ddf_aux_0: 0.0281 (0.0281)  loss_mal_aux_1: 0.7832 (0.7832)  loss_bbox_aux_1: 1.0817 (1.0817)  loss_giou_aux_1: 2.0102 (2.0102)  loss_fgl_aux_1: 0.4376 (0.4376)  loss_ddf_aux_1: 0.0048 (0.0048)  loss_mal_aux_2: 0.7939 (0.7939)  loss_bbox_aux_2: 1.0737 (1.0737)  loss_giou_aux_2: 1.9982 (1.9982)  loss_fgl_aux_2: 0.4475 (0.4475)  loss_ddf_aux_2: 0.0006 (0.0006)  loss_mal_pre: 0.6187 (0.6187)  loss_bbox_pre: 1.1051 (1.1051)  loss_giou_pre: 2.0564 (2.0564)  loss_mal_enc_0: 0.6699 (0.6699)  loss_bbox_enc_0: 1.2055 (1.2055)  loss_giou_enc_0: 2.1307 (2.1307)  loss_mal_dn_0: 1.0029 (1.0029)  loss_bbox_dn_0: 1.0792 (1.0792)  loss_giou_dn_0: 1.4479 (1.4479)  loss_fgl_dn_0: 0.9040 (0.9040)  loss_ddf_dn_0: 0.1809 (0.1809)  loss_mal_dn_1: 1.3154 (1.3154)  loss_bbox_dn_1: 0.7341 (0.7341)  loss_giou_dn_1: 1.3131 (1.3131)  loss_fgl_dn_1: 0.9093 (0.9093)  loss_ddf_dn_1: 0.0364 (0.0364)  loss_mal_dn_2: 1.4346 (1.4346)  loss_bbox_dn_2: 0.7284 (0.7284)  loss_giou_dn_2: 1.2663 (1.2663)  loss_fgl_dn_2: 0.9294 (0.9294)  loss_ddf_dn_2: 0.0029 (0.0029)  loss_mal_dn_3: 1.4053 (1.4053)  loss_bbox_dn_3: 0.7197 (0.7197)  loss_giou_dn_3: 1.2602 (1.2602)  loss_fgl_dn_3: 0.9314 (0.9314)  loss_mal_dn_pre: 1.0186 (1.0186)  loss_bbox_dn_pre: 1.0789 (1.0789)  loss_giou_dn_pre: 1.4174 (1.4174)  time: 0.8811  data: 0.6758  max mem: 3579
Epoch: [7]  [7/8]  eta: 0:00:00  lr: 0.000000  loss: 50.0535 (51.0896)  loss_mal: 1.1270 (1.1630)  loss_bbox: 1.1439 (1.3410)  loss_giou: 1.5209 (1.5822)  loss_fgl: 0.6561 (0.6863)  loss_mal_aux_0: 1.0195 (1.0489)  loss_bbox_aux_0: 1.1994 (1.3949)  loss_giou_aux_0: 1.6194 (1.6325)  loss_fgl_aux_0: 0.6539 (0.6668)  loss_ddf_aux_0: 0.0824 (0.0847)  loss_mal_aux_1: 1.1035 (1.1196)  loss_bbox_aux_1: 1.1510 (1.3513)  loss_giou_aux_1: 1.5490 (1.5970)  loss_fgl_aux_1: 0.6482 (0.6765)  loss_ddf_aux_1: 0.0115 (0.0147)  loss_mal_aux_2: 1.1650 (1.1849)  loss_bbox_aux_2: 1.1462 (1.3355)  loss_giou_aux_2: 1.5148 (1.5815)  loss_fgl_aux_2: 0.6598 (0.6883)  loss_ddf_aux_2: 0.0011 (0.0012)  loss_mal_pre: 0.9746 (1.0281)  loss_bbox_pre: 1.2112 (1.3759)  loss_giou_pre: 1.6103 (1.6440)  loss_mal_enc_0: 0.8916 (1.0353)  loss_bbox_enc_0: 1.2055 (1.4298)  loss_giou_enc_0: 1.6948 (1.7464)  loss_mal_dn_0: 1.4541 (1.4365)  loss_bbox_dn_0: 1.2111 (1.2045)  loss_giou_dn_0: 1.1922 (1.2435)  loss_fgl_dn_0: 1.0378 (1.0493)  loss_ddf_dn_0: 0.1809 (0.2131)  loss_mal_dn_1: 1.7236 (1.6676)  loss_bbox_dn_1: 0.9251 (1.0406)  loss_giou_dn_1: 1.0869 (1.1263)  loss_fgl_dn_1: 1.0218 (1.0127)  loss_ddf_dn_1: 0.0364 (0.0410)  loss_mal_dn_2: 1.8369 (1.7802)  loss_bbox_dn_2: 0.8967 (1.0342)  loss_giou_dn_2: 1.0302 (1.0822)  loss_fgl_dn_2: 1.0383 (1.0219)  loss_ddf_dn_2: 0.0031 (0.0033)  loss_mal_dn_3: 1.7949 (1.7450)  loss_bbox_dn_3: 0.8841 (1.0315)  loss_giou_dn_3: 1.0384 (1.0789)  loss_fgl_dn_3: 1.0383 (1.0247)  loss_mal_dn_pre: 1.4873 (1.4757)  loss_bbox_dn_pre: 1.1400 (1.1539)  loss_giou_dn_pre: 1.1633 (1.2128)  time: 0.2675  data: 0.1016  max mem: 3579
Epoch: [7] Total time: 0:00:02 (0.2780 s / it)
Averaged stats: lr: 0.000000  loss: 50.0535 (51.0896)  loss_mal: 1.1270 (1.1630)  loss_bbox: 1.1439 (1.3410)  loss_giou: 1.5209 (1.5822)  loss_fgl: 0.6561 (0.6863)  loss_mal_aux_0: 1.0195 (1.0489)  loss_bbox_aux_0: 1.1994 (1.3949)  loss_giou_aux_0: 1.6194 (1.6325)  loss_fgl_aux_0: 0.6539 (0.6668)  loss_ddf_aux_0: 0.0824 (0.0847)  loss_mal_aux_1: 1.1035 (1.1196)  loss_bbox_aux_1: 1.1510 (1.3513)  loss_giou_aux_1: 1.5490 (1.5970)  loss_fgl_aux_1: 0.6482 (0.6765)  loss_ddf_aux_1: 0.0115 (0.0147)  loss_mal_aux_2: 1.1650 (1.1849)  loss_bbox_aux_2: 1.1462 (1.3355)  loss_giou_aux_2: 1.5148 (1.5815)  loss_fgl_aux_2: 0.6598 (0.6883)  loss_ddf_aux_2: 0.0011 (0.0012)  loss_mal_pre: 0.9746 (1.0281)  loss_bbox_pre: 1.2112 (1.3759)  loss_giou_pre: 1.6103 (1.6440)  loss_mal_enc_0: 0.8916 (1.0353)  loss_bbox_enc_0: 1.2055 (1.4298)  loss_giou_enc_0: 1.6948 (1.7464)  loss_mal_dn_0: 1.4541 (1.4365)  loss_bbox_dn_0: 1.2111 (1.2045)  loss_giou_dn_0: 1.1922 (1.2435)  loss_fgl_dn_0: 1.0378 (1.0493)  loss_ddf_dn_0: 0.1809 (0.2131)  loss_mal_dn_1: 1.7236 (1.6676)  loss_bbox_dn_1: 0.9251 (1.0406)  loss_giou_dn_1: 1.0869 (1.1263)  loss_fgl_dn_1: 1.0218 (1.0127)  loss_ddf_dn_1: 0.0364 (0.0410)  loss_mal_dn_2: 1.8369 (1.7802)  loss_bbox_dn_2: 0.8967 (1.0342)  loss_giou_dn_2: 1.0302 (1.0822)  loss_fgl_dn_2: 1.0383 (1.0219)  loss_ddf_dn_2: 0.0031 (0.0033)  loss_mal_dn_3: 1.7949 (1.7450)  loss_bbox_dn_3: 0.8841 (1.0315)  loss_giou_dn_3: 1.0384 (1.0789)  loss_fgl_dn_3: 1.0383 (1.0247)  loss_mal_dn_pre: 1.4873 (1.4757)  loss_bbox_dn_pre: 1.1400 (1.1539)  loss_giou_dn_pre: 1.1633 (1.2128)
Test:  [0/4]  eta: 0:00:01    time: 0.4490  data: 0.3928  max mem: 3579
Test:  [3/4]  eta: 0:00:00    time: 0.1416  data: 0.1002  max mem: 3579
Test: Total time: 0:00:00 (0.1600 s / it)
Averaged stats: 
Accumulating evaluation results...
COCOeval_opt.accumulate() finished...
DONE (t=0.00s).
IoU metric: bbox
 Average Precision  (AP) @[ IoU=0.50:0.95 | area=   all | maxDets=100 ] = 0.000
 Average Precision  (AP) @[ IoU=0.50      | area=   all | maxDets=100 ] = 0.000
 Average Precision  (AP) @[ IoU=0.75      | area=   all | maxDets=100 ] = 0.000
 Average Precision  (AP) @[ IoU=0.50:0.95 | area= small | maxDets=100 ] = -1.000
 Average Precision  (AP) @[ IoU=0.50:0.95 | area=medium | maxDets=100 ] = -1.000
 Average Precision  (AP) @[ IoU=0.50:0.95 | area= large | maxDets=100 ] = 0.000
 Average Recall     (AR) @[ IoU=0.50:0.95 | area=   all | maxDets=  1 ] = 0.000
 Average Recall     (AR) @[ IoU=0.50:0.95 | area=   all | maxDets= 10 ] = 0.000
 Average Recall     (AR) @[ IoU=0.50:0.95 | area=   all | maxDets=100 ] = 0.000
 Average Recall     (AR) @[ IoU=0.50:0.95 | area= small | maxDets=100 ] = -1.000
 Average Recall     (AR) @[ IoU=0.50:0.95 | area=medium | maxDets=100 ] = -1.000
 Average Recall     (AR) @[ IoU=0.50:0.95 | area= large | maxDets=100 ] = 0.000
 Average Recall     (AR) @[ IoU=0.50      | area=   all | maxDets=100 ] = 0.000
 Average Recall     (AR) @[ IoU=0.75      | area=   all | maxDets=100 ] = 0.000
best_stat: {'epoch': -1, 'coco_eval_bbox': 0.0}
Epoch: [8]  [0/8]  eta: 0:00:08  lr: 0.000000  loss: 53.5559 (53.5559)  loss_mal: 0.8101 (0.8101)  loss_bbox: 1.5760 (1.5760)  loss_giou: 2.2038 (2.2038)  loss_fgl: 0.4669 (0.4669)  loss_mal_aux_0: 0.8413 (0.8413)  loss_bbox_aux_0: 1.5481 (1.5481)  loss_giou_aux_0: 2.1949 (2.1949)  loss_fgl_aux_0: 0.4714 (0.4714)  loss_ddf_aux_0: 0.0334 (0.0334)  loss_mal_aux_1: 0.7778 (0.7778)  loss_bbox_aux_1: 1.5678 (1.5678)  loss_giou_aux_1: 2.2015 (2.2015)  loss_fgl_aux_1: 0.4652 (0.4652)  loss_ddf_aux_1: 0.0045 (0.0045)  loss_mal_aux_2: 0.8638 (0.8638)  loss_bbox_aux_2: 1.5695 (1.5695)  loss_giou_aux_2: 2.1974 (2.1974)  loss_fgl_aux_2: 0.4728 (0.4728)  loss_ddf_aux_2: 0.0006 (0.0006)  loss_mal_pre: 0.7783 (0.7783)  loss_bbox_pre: 1.5947 (1.5947)  loss_giou_pre: 2.2228 (2.2228)  loss_mal_enc_0: 0.9341 (0.9341)  loss_bbox_enc_0: 1.7189 (1.7189)  loss_giou_enc_0: 2.2659 (2.2659)  loss_mal_dn_0: 1.4688 (1.4688)  loss_bbox_dn_0: 1.1169 (1.1169)  loss_giou_dn_0: 1.1998 (1.1998)  loss_fgl_dn_0: 1.1704 (1.1704)  loss_ddf_dn_0: 0.1816 (0.1816)  loss_mal_dn_1: 1.7119 (1.7119)  loss_bbox_dn_1: 1.0029 (1.0029)  loss_giou_dn_1: 1.0619 (1.0619)  loss_fgl_dn_1: 1.1538 (1.1538)  loss_ddf_dn_1: 0.0302 (0.0302)  loss_mal_dn_2: 1.8633 (1.8633)  loss_bbox_dn_2: 0.9172 (0.9172)  loss_giou_dn_2: 1.0157 (1.0157)  loss_fgl_dn_2: 1.1635 (1.1635)  loss_ddf_dn_2: 0.0041 (0.0041)  loss_mal_dn_3: 1.7900 (1.7900)  loss_bbox_dn_3: 0.9602 (0.9602)  loss_giou_dn_3: 1.0168 (1.0168)  loss_fgl_dn_3: 1.1670 (1.1670)  loss_mal_dn_pre: 1.5000 (1.5000)  loss_bbox_dn_pre: 1.0999 (1.0999)  loss_giou_dn_pre: 1.1787 (1.1787)  time: 1.0495  data: 0.7854  max mem: 3579
Epoch: [8]  [7/8]  eta: 0:00:00  lr: 0.000000  loss: 48.1983 (49.3985)  loss_mal: 1.0430 (1.5175)  loss_bbox: 0.5510 (0.9601)  loss_giou: 1.0771 (1.4390)  loss_fgl: 0.7935 (0.7695)  loss_mal_aux_0: 0.9365 (1.3445)  loss_bbox_aux_0: 0.6107 (0.9705)  loss_giou_aux_0: 1.1994 (1.5149)  loss_fgl_aux_0: 0.7799 (0.7674)  loss_ddf_aux_0: 0.0617 (0.0827)  loss_mal_aux_1: 1.0557 (1.4519)  loss_bbox_aux_1: 0.5753 (0.9615)  loss_giou_aux_1: 1.0998 (1.4605)  loss_fgl_aux_1: 0.7744 (0.7663)  loss_ddf_aux_1: 0.0115 (0.0143)  loss_mal_aux_2: 1.0762 (1.5558)  loss_bbox_aux_2: 0.5551 (0.9573)  loss_giou_aux_2: 1.0815 (1.4370)  loss_fgl_aux_2: 0.8000 (0.7736)  loss_ddf_aux_2: 0.0008 (0.0009)  loss_mal_pre: 0.9321 (1.3165)  loss_bbox_pre: 0.6141 (0.9753)  loss_giou_pre: 1.1693 (1.5205)  loss_mal_enc_0: 0.9609 (1.2811)  loss_bbox_enc_0: 0.6729 (1.0494)  loss_giou_enc_0: 1.3276 (1.6117)  loss_mal_dn_0: 1.4688 (1.5139)  loss_bbox_dn_0: 0.9112 (1.0108)  loss_giou_dn_0: 1.1786 (1.1870)  loss_fgl_dn_0: 1.0762 (1.0580)  loss_ddf_dn_0: 0.1837 (0.2023)  loss_mal_dn_1: 1.7119 (1.7681)  loss_bbox_dn_1: 0.7402 (0.8183)  loss_giou_dn_1: 0.9999 (1.0687)  loss_fgl_dn_1: 1.0205 (1.0187)  loss_ddf_dn_1: 0.0378 (0.0423)  loss_mal_dn_2: 1.8633 (1.9221)  loss_bbox_dn_2: 0.7167 (0.8267)  loss_giou_dn_2: 0.9369 (1.0193)  loss_fgl_dn_2: 1.0071 (1.0204)  loss_ddf_dn_2: 0.0033 (0.0036)  loss_mal_dn_3: 1.7900 (1.8746)  loss_bbox_dn_3: 0.7070 (0.8292)  loss_giou_dn_3: 0.9336 (1.0139)  loss_fgl_dn_3: 1.0081 (1.0246)  loss_mal_dn_pre: 1.5000 (1.5420)  loss_bbox_dn_pre: 0.8585 (0.9642)  loss_giou_dn_pre: 1.1681 (1.1704)  time: 0.2860  data: 0.1020  max mem: 3579
Epoch: [8] Total time: 0:00:02 (0.2938 s / it)
Averaged stats: lr: 0.000000  loss: 48.1983 (49.3985)  loss_mal: 1.0430 (1.5175)  loss_bbox: 0.5510 (0.9601)  loss_giou: 1.0771 (1.4390)  loss_fgl: 0.7935 (0.7695)  loss_mal_aux_0: 0.9365 (1.3445)  loss_bbox_aux_0: 0.6107 (0.9705)  loss_giou_aux_0: 1.1994 (1.5149)  loss_fgl_aux_0: 0.7799 (0.7674)  loss_ddf_aux_0: 0.0617 (0.0827)  loss_mal_aux_1: 1.0557 (1.4519)  loss_bbox_aux_1: 0.5753 (0.9615)  loss_giou_aux_1: 1.0998 (1.4605)  loss_fgl_aux_1: 0.7744 (0.7663)  loss_ddf_aux_1: 0.0115 (0.0143)  loss_mal_aux_2: 1.0762 (1.5558)  loss_bbox_aux_2: 0.5551 (0.9573)  loss_giou_aux_2: 1.0815 (1.4370)  loss_fgl_aux_2: 0.8000 (0.7736)  loss_ddf_aux_2: 0.0008 (0.0009)  loss_mal_pre: 0.9321 (1.3165)  loss_bbox_pre: 0.6141 (0.9753)  loss_giou_pre: 1.1693 (1.5205)  loss_mal_enc_0: 0.9609 (1.2811)  loss_bbox_enc_0: 0.6729 (1.0494)  loss_giou_enc_0: 1.3276 (1.6117)  loss_mal_dn_0: 1.4688 (1.5139)  loss_bbox_dn_0: 0.9112 (1.0108)  loss_giou_dn_0: 1.1786 (1.1870)  loss_fgl_dn_0: 1.0762 (1.0580)  loss_ddf_dn_0: 0.1837 (0.2023)  loss_mal_dn_1: 1.7119 (1.7681)  loss_bbox_dn_1: 0.7402 (0.8183)  loss_giou_dn_1: 0.9999 (1.0687)  loss_fgl_dn_1: 1.0205 (1.0187)  loss_ddf_dn_1: 0.0378 (0.0423)  loss_mal_dn_2: 1.8633 (1.9221)  loss_bbox_dn_2: 0.7167 (0.8267)  loss_giou_dn_2: 0.9369 (1.0193)  loss_fgl_dn_2: 1.0071 (1.0204)  loss_ddf_dn_2: 0.0033 (0.0036)  loss_mal_dn_3: 1.7900 (1.8746)  loss_bbox_dn_3: 0.7070 (0.8292)  loss_giou_dn_3: 0.9336 (1.0139)  loss_fgl_dn_3: 1.0081 (1.0246)  loss_mal_dn_pre: 1.5000 (1.5420)  loss_bbox_dn_pre: 0.8585 (0.9642)  loss_giou_dn_pre: 1.1681 (1.1704)
Test:  [0/4]  eta: 0:00:01    time: 0.3955  data: 0.3583  max mem: 3579
Test:  [3/4]  eta: 0:00:00    time: 0.1245  data: 0.0918  max mem: 3579
Test: Total time: 0:00:00 (0.1409 s / it)
Averaged stats: 
Accumulating evaluation results...
COCOeval_opt.accumulate() finished...
DONE (t=0.00s).
IoU metric: bbox
 Average Precision  (AP) @[ IoU=0.50:0.95 | area=   all | maxDets=100 ] = 0.000
 Average Precision  (AP) @[ IoU=0.50      | area=   all | maxDets=100 ] = 0.000
 Average Precision  (AP) @[ IoU=0.75      | area=   all | maxDets=100 ] = 0.000
 Average Precision  (AP) @[ IoU=0.50:0.95 | area= small | maxDets=100 ] = -1.000
 Average Precision  (AP) @[ IoU=0.50:0.95 | area=medium | maxDets=100 ] = -1.000
 Average Precision  (AP) @[ IoU=0.50:0.95 | area= large | maxDets=100 ] = 0.000
 Average Recall     (AR) @[ IoU=0.50:0.95 | area=   all | maxDets=  1 ] = 0.000
 Average Recall     (AR) @[ IoU=0.50:0.95 | area=   all | maxDets= 10 ] = 0.000
 Average Recall     (AR) @[ IoU=0.50:0.95 | area=   all | maxDets=100 ] = 0.000
 Average Recall     (AR) @[ IoU=0.50:0.95 | area= small | maxDets=100 ] = -1.000
 Average Recall     (AR) @[ IoU=0.50:0.95 | area=medium | maxDets=100 ] = -1.000
 Average Recall     (AR) @[ IoU=0.50:0.95 | area= large | maxDets=100 ] = 0.000
 Average Recall     (AR) @[ IoU=0.50      | area=   all | maxDets=100 ] = 0.000
 Average Recall     (AR) @[ IoU=0.75      | area=   all | maxDets=100 ] = 0.000
best_stat: {'epoch': -1, 'coco_eval_bbox': 0.0}
Epoch: [9]  [0/8]  eta: 0:00:09  lr: 0.000000  loss: 48.1597 (48.1597)  loss_mal: 0.8516 (0.8516)  loss_bbox: 1.1579 (1.1579)  loss_giou: 1.5764 (1.5764)  loss_fgl: 0.7358 (0.7358)  loss_mal_aux_0: 0.8618 (0.8618)  loss_bbox_aux_0: 1.1687 (1.1687)  loss_giou_aux_0: 1.6066 (1.6066)  loss_fgl_aux_0: 0.7095 (0.7095)  loss_ddf_aux_0: 0.0350 (0.0350)  loss_mal_aux_1: 0.8193 (0.8193)  loss_bbox_aux_1: 1.1819 (1.1819)  loss_giou_aux_1: 1.5974 (1.5974)  loss_fgl_aux_1: 0.7239 (0.7239)  loss_ddf_aux_1: 0.0060 (0.0060)  loss_mal_aux_2: 0.8799 (0.8799)  loss_bbox_aux_2: 1.1598 (1.1598)  loss_giou_aux_2: 1.5740 (1.5740)  loss_fgl_aux_2: 0.7386 (0.7386)  loss_ddf_aux_2: 0.0009 (0.0009)  loss_mal_pre: 0.8306 (0.8306)  loss_bbox_pre: 1.1902 (1.1902)  loss_giou_pre: 1.6297 (1.6297)  loss_mal_enc_0: 0.8892 (0.8892)  loss_bbox_enc_0: 1.2248 (1.2248)  loss_giou_enc_0: 1.6805 (1.6805)  loss_mal_dn_0: 1.2207 (1.2207)  loss_bbox_dn_0: 1.1936 (1.1936)  loss_giou_dn_0: 1.3731 (1.3731)  loss_fgl_dn_0: 1.1409 (1.1409)  loss_ddf_dn_0: 0.2459 (0.2459)  loss_mal_dn_1: 1.3154 (1.3154)  loss_bbox_dn_1: 1.0465 (1.0465)  loss_giou_dn_1: 1.2898 (1.2898)  loss_fgl_dn_1: 1.0457 (1.0457)  loss_ddf_dn_1: 0.0477 (0.0477)  loss_mal_dn_2: 1.4727 (1.4727)  loss_bbox_dn_2: 1.0536 (1.0536)  loss_giou_dn_2: 1.2188 (1.2188)  loss_fgl_dn_2: 1.0934 (1.0934)  loss_ddf_dn_2: 0.0044 (0.0044)  loss_mal_dn_3: 1.4492 (1.4492)  loss_bbox_dn_3: 1.0334 (1.0334)  loss_giou_dn_3: 1.2176 (1.2176)  loss_fgl_dn_3: 1.0956 (1.0956)  loss_mal_dn_pre: 1.3057 (1.3057)  loss_bbox_dn_pre: 1.1469 (1.1469)  loss_giou_dn_pre: 1.3191 (1.3191)  time: 1.2149  data: 0.9998  max mem: 3579
Epoch: [9]  [7/8]  eta: 0:00:00  lr: 0.000000  loss: 48.0073 (49.3975)  loss_mal: 0.7769 (0.9604)  loss_bbox: 1.1579 (1.3026)  loss_giou: 1.7552 (1.7290)  loss_fgl: 0.5920 (0.6479)  loss_mal_aux_0: 0.7197 (0.8308)  loss_bbox_aux_0: 1.1687 (1.3444)  loss_giou_aux_0: 1.7919 (1.7888)  loss_fgl_aux_0: 0.5968 (0.6173)  loss_ddf_aux_0: 0.0517 (0.0620)  loss_mal_aux_1: 0.7573 (0.9177)  loss_bbox_aux_1: 1.1819 (1.3134)  loss_giou_aux_1: 1.7921 (1.7563)  loss_fgl_aux_1: 0.5768 (0.6322)  loss_ddf_aux_1: 0.0108 (0.0119)  loss_mal_aux_2: 0.8188 (0.9858)  loss_bbox_aux_2: 1.1598 (1.3019)  loss_giou_aux_2: 1.7561 (1.7272)  loss_fgl_aux_2: 0.5900 (0.6498)  loss_ddf_aux_2: 0.0009 (0.0012)  loss_mal_pre: 0.7188 (0.8310)  loss_bbox_pre: 1.1902 (1.3621)  loss_giou_pre: 1.7979 (1.7978)  loss_mal_enc_0: 0.8804 (0.9658)  loss_bbox_enc_0: 1.2248 (1.3890)  loss_giou_enc_0: 1.8491 (1.8593)  loss_mal_dn_0: 1.3037 (1.3115)  loss_bbox_dn_0: 0.9688 (1.0816)  loss_giou_dn_0: 1.2273 (1.2866)  loss_fgl_dn_0: 1.0135 (1.0257)  loss_ddf_dn_0: 0.1779 (0.2010)  loss_mal_dn_1: 1.5996 (1.5490)  loss_bbox_dn_1: 0.9251 (0.9152)  loss_giou_dn_1: 1.1342 (1.1752)  loss_fgl_dn_1: 0.9796 (1.0043)  loss_ddf_dn_1: 0.0352 (0.0396)  loss_mal_dn_2: 1.6211 (1.6429)  loss_bbox_dn_2: 0.8991 (0.9127)  loss_giou_dn_2: 1.1153 (1.1351)  loss_fgl_dn_2: 0.9896 (1.0130)  loss_ddf_dn_2: 0.0031 (0.0033)  loss_mal_dn_3: 1.5713 (1.6071)  loss_bbox_dn_3: 0.8989 (0.9107)  loss_giou_dn_3: 1.1170 (1.1317)  loss_fgl_dn_3: 0.9928 (1.0153)  loss_mal_dn_pre: 1.3350 (1.3450)  loss_bbox_dn_pre: 0.9647 (1.0423)  loss_giou_dn_pre: 1.2265 (1.2632)  time: 0.2901  data: 0.1260  max mem: 3583
Epoch: [9] Total time: 0:00:02 (0.2993 s / it)
Averaged stats: lr: 0.000000  loss: 48.0073 (49.3975)  loss_mal: 0.7769 (0.9604)  loss_bbox: 1.1579 (1.3026)  loss_giou: 1.7552 (1.7290)  loss_fgl: 0.5920 (0.6479)  loss_mal_aux_0: 0.7197 (0.8308)  loss_bbox_aux_0: 1.1687 (1.3444)  loss_giou_aux_0: 1.7919 (1.7888)  loss_fgl_aux_0: 0.5968 (0.6173)  loss_ddf_aux_0: 0.0517 (0.0620)  loss_mal_aux_1: 0.7573 (0.9177)  loss_bbox_aux_1: 1.1819 (1.3134)  loss_giou_aux_1: 1.7921 (1.7563)  loss_fgl_aux_1: 0.5768 (0.6322)  loss_ddf_aux_1: 0.0108 (0.0119)  loss_mal_aux_2: 0.8188 (0.9858)  loss_bbox_aux_2: 1.1598 (1.3019)  loss_giou_aux_2: 1.7561 (1.7272)  loss_fgl_aux_2: 0.5900 (0.6498)  loss_ddf_aux_2: 0.0009 (0.0012)  loss_mal_pre: 0.7188 (0.8310)  loss_bbox_pre: 1.1902 (1.3621)  loss_giou_pre: 1.7979 (1.7978)  loss_mal_enc_0: 0.8804 (0.9658)  loss_bbox_enc_0: 1.2248 (1.3890)  loss_giou_enc_0: 1.8491 (1.8593)  loss_mal_dn_0: 1.3037 (1.3115)  loss_bbox_dn_0: 0.9688 (1.0816)  loss_giou_dn_0: 1.2273 (1.2866)  loss_fgl_dn_0: 1.0135 (1.0257)  loss_ddf_dn_0: 0.1779 (0.2010)  loss_mal_dn_1: 1.5996 (1.5490)  loss_bbox_dn_1: 0.9251 (0.9152)  loss_giou_dn_1: 1.1342 (1.1752)  loss_fgl_dn_1: 0.9796 (1.0043)  loss_ddf_dn_1: 0.0352 (0.0396)  loss_mal_dn_2: 1.6211 (1.6429)  loss_bbox_dn_2: 0.8991 (0.9127)  loss_giou_dn_2: 1.1153 (1.1351)  loss_fgl_dn_2: 0.9896 (1.0130)  loss_ddf_dn_2: 0.0031 (0.0033)  loss_mal_dn_3: 1.5713 (1.6071)  loss_bbox_dn_3: 0.8989 (0.9107)  loss_giou_dn_3: 1.1170 (1.1317)  loss_fgl_dn_3: 0.9928 (1.0153)  loss_mal_dn_pre: 1.3350 (1.3450)  loss_bbox_dn_pre: 0.9647 (1.0423)  loss_giou_dn_pre: 1.2265 (1.2632)
Test:  [0/4]  eta: 0:00:01    time: 0.3917  data: 0.3534  max mem: 3583
Test:  [3/4]  eta: 0:00:00    time: 0.1241  data: 0.0905  max mem: 3583
Test: Total time: 0:00:00 (0.1430 s / it)
Averaged stats: 
Accumulating evaluation results...
COCOeval_opt.accumulate() finished...
DONE (t=0.00s).
IoU metric: bbox
 Average Precision  (AP) @[ IoU=0.50:0.95 | area=   all | maxDets=100 ] = 0.000
 Average Precision  (AP) @[ IoU=0.50      | area=   all | maxDets=100 ] = 0.000
 Average Precision  (AP) @[ IoU=0.75      | area=   all | maxDets=100 ] = 0.000
 Average Precision  (AP) @[ IoU=0.50:0.95 | area= small | maxDets=100 ] = -1.000
 Average Precision  (AP) @[ IoU=0.50:0.95 | area=medium | maxDets=100 ] = -1.000
 Average Precision  (AP) @[ IoU=0.50:0.95 | area= large | maxDets=100 ] = 0.000
 Average Recall     (AR) @[ IoU=0.50:0.95 | area=   all | maxDets=  1 ] = 0.000
 Average Recall     (AR) @[ IoU=0.50:0.95 | area=   all | maxDets= 10 ] = 0.000
 Average Recall     (AR) @[ IoU=0.50:0.95 | area=   all | maxDets=100 ] = 0.000
 Average Recall     (AR) @[ IoU=0.50:0.95 | area= small | maxDets=100 ] = -1.000
 Average Recall     (AR) @[ IoU=0.50:0.95 | area=medium | maxDets=100 ] = -1.000
 Average Recall     (AR) @[ IoU=0.50:0.95 | area= large | maxDets=100 ] = 0.000
 Average Recall     (AR) @[ IoU=0.50      | area=   all | maxDets=100 ] = 0.000
 Average Recall     (AR) @[ IoU=0.75      | area=   all | maxDets=100 ] = 0.000
best_stat: {'epoch': -1, 'coco_eval_bbox': 0.0}
Epoch: [10]  [0/8]  eta: 0:00:07  lr: 0.000000  loss: 48.7716 (48.7716)  loss_mal: 1.2520 (1.2520)  loss_bbox: 1.1401 (1.1401)  loss_giou: 1.5002 (1.5002)  loss_fgl: 0.7300 (0.7300)  loss_mal_aux_0: 1.0752 (1.0752)  loss_bbox_aux_0: 1.1762 (1.1762)  loss_giou_aux_0: 1.5472 (1.5472)  loss_fgl_aux_0: 0.6852 (0.6852)  loss_ddf_aux_0: 0.0502 (0.0502)  loss_mal_aux_1: 1.2275 (1.2275)  loss_bbox_aux_1: 1.1600 (1.1600)  loss_giou_aux_1: 1.5175 (1.5175)  loss_fgl_aux_1: 0.7276 (0.7276)  loss_ddf_aux_1: 0.0086 (0.0086)  loss_mal_aux_2: 1.2803 (1.2803)  loss_bbox_aux_2: 1.1447 (1.1447)  loss_giou_aux_2: 1.5016 (1.5016)  loss_fgl_aux_2: 0.7325 (0.7325)  loss_ddf_aux_2: 0.0007 (0.0007)  loss_mal_pre: 1.0869 (1.0869)  loss_bbox_pre: 1.1601 (1.1601)  loss_giou_pre: 1.5501 (1.5501)  loss_mal_enc_0: 1.0859 (1.0859)  loss_bbox_enc_0: 1.0901 (1.0901)  loss_giou_enc_0: 1.5911 (1.5911)  loss_mal_dn_0: 1.1123 (1.1123)  loss_bbox_dn_0: 1.3059 (1.3059)  loss_giou_dn_0: 1.3945 (1.3945)  loss_fgl_dn_0: 0.9411 (0.9411)  loss_ddf_dn_0: 0.1758 (0.1758)  loss_mal_dn_1: 1.1875 (1.1875)  loss_bbox_dn_1: 1.1608 (1.1608)  loss_giou_dn_1: 1.3530 (1.3530)  loss_fgl_dn_1: 0.9118 (0.9118)  loss_ddf_dn_1: 0.0301 (0.0301)  loss_mal_dn_2: 1.2764 (1.2764)  loss_bbox_dn_2: 1.1766 (1.1766)  loss_giou_dn_2: 1.3130 (1.3130)  loss_fgl_dn_2: 0.9378 (0.9378)  loss_ddf_dn_2: 0.0024 (0.0024)  loss_mal_dn_3: 1.2402 (1.2402)  loss_bbox_dn_3: 1.1721 (1.1721)  loss_giou_dn_3: 1.3094 (1.3094)  loss_fgl_dn_3: 0.9390 (0.9390)  loss_mal_dn_pre: 1.1641 (1.1641)  loss_bbox_dn_pre: 1.2947 (1.2947)  loss_giou_dn_pre: 1.3517 (1.3517)  time: 0.9008  data: 0.6709  max mem: 3583
Epoch: [10]  [7/8]  eta: 0:00:00  lr: 0.000000  loss: 48.7716 (49.4854)  loss_mal: 1.2520 (1.3234)  loss_bbox: 0.9887 (1.0513)  loss_giou: 1.4336 (1.4307)  loss_fgl: 0.7948 (0.8587)  loss_mal_aux_0: 1.0752 (1.1659)  loss_bbox_aux_0: 1.0164 (1.1121)  loss_giou_aux_0: 1.4494 (1.4929)  loss_fgl_aux_0: 0.7446 (0.8328)  loss_ddf_aux_0: 0.0555 (0.0691)  loss_mal_aux_1: 1.2275 (1.2878)  loss_bbox_aux_1: 1.0239 (1.0533)  loss_giou_aux_1: 1.4288 (1.4503)  loss_fgl_aux_1: 0.8058 (0.8501)  loss_ddf_aux_1: 0.0086 (0.0115)  loss_mal_aux_2: 1.2803 (1.3618)  loss_bbox_aux_2: 0.9881 (1.0503)  loss_giou_aux_2: 1.4331 (1.4293)  loss_fgl_aux_2: 0.7961 (0.8619)  loss_ddf_aux_2: 0.0007 (0.0010)  loss_mal_pre: 1.0869 (1.1635)  loss_bbox_pre: 0.9966 (1.1165)  loss_giou_pre: 1.4496 (1.4925)  loss_mal_enc_0: 1.1914 (1.1929)  loss_bbox_enc_0: 1.0695 (1.0989)  loss_giou_enc_0: 1.5769 (1.5952)  loss_mal_dn_0: 1.3252 (1.3389)  loss_bbox_dn_0: 1.0766 (1.1637)  loss_giou_dn_0: 1.2140 (1.2852)  loss_fgl_dn_0: 1.0440 (1.0409)  loss_ddf_dn_0: 0.1758 (0.1850)  loss_mal_dn_1: 1.6367 (1.5637)  loss_bbox_dn_1: 0.9208 (0.9950)  loss_giou_dn_1: 1.1181 (1.1712)  loss_fgl_dn_1: 1.0146 (1.0078)  loss_ddf_dn_1: 0.0301 (0.0360)  loss_mal_dn_2: 1.7529 (1.6880)  loss_bbox_dn_2: 0.8990 (0.9799)  loss_giou_dn_2: 1.0544 (1.1209)  loss_fgl_dn_2: 1.0260 (1.0232)  loss_ddf_dn_2: 0.0024 (0.0030)  loss_mal_dn_3: 1.6982 (1.6445)  loss_bbox_dn_3: 0.8765 (0.9755)  loss_giou_dn_3: 1.0468 (1.1146)  loss_fgl_dn_3: 1.0405 (1.0266)  loss_mal_dn_pre: 1.3447 (1.3854)  loss_bbox_dn_pre: 1.0348 (1.1335)  loss_giou_dn_pre: 1.1715 (1.2493)  time: 0.2518  data: 0.0870  max mem: 3583
Epoch: [10] Total time: 0:00:02 (0.2608 s / it)
Averaged stats: lr: 0.000000  loss: 48.7716 (49.4854)  loss_mal: 1.2520 (1.3234)  loss_bbox: 0.9887 (1.0513)  loss_giou: 1.4336 (1.4307)  loss_fgl: 0.7948 (0.8587)  loss_mal_aux_0: 1.0752 (1.1659)  loss_bbox_aux_0: 1.0164 (1.1121)  loss_giou_aux_0: 1.4494 (1.4929)  loss_fgl_aux_0: 0.7446 (0.8328)  loss_ddf_aux_0: 0.0555 (0.0691)  loss_mal_aux_1: 1.2275 (1.2878)  loss_bbox_aux_1: 1.0239 (1.0533)  loss_giou_aux_1: 1.4288 (1.4503)  loss_fgl_aux_1: 0.8058 (0.8501)  loss_ddf_aux_1: 0.0086 (0.0115)  loss_mal_aux_2: 1.2803 (1.3618)  loss_bbox_aux_2: 0.9881 (1.0503)  loss_giou_aux_2: 1.4331 (1.4293)  loss_fgl_aux_2: 0.7961 (0.8619)  loss_ddf_aux_2: 0.0007 (0.0010)  loss_mal_pre: 1.0869 (1.1635)  loss_bbox_pre: 0.9966 (1.1165)  loss_giou_pre: 1.4496 (1.4925)  loss_mal_enc_0: 1.1914 (1.1929)  loss_bbox_enc_0: 1.0695 (1.0989)  loss_giou_enc_0: 1.5769 (1.5952)  loss_mal_dn_0: 1.3252 (1.3389)  loss_bbox_dn_0: 1.0766 (1.1637)  loss_giou_dn_0: 1.2140 (1.2852)  loss_fgl_dn_0: 1.0440 (1.0409)  loss_ddf_dn_0: 0.1758 (0.1850)  loss_mal_dn_1: 1.6367 (1.5637)  loss_bbox_dn_1: 0.9208 (0.9950)  loss_giou_dn_1: 1.1181 (1.1712)  loss_fgl_dn_1: 1.0146 (1.0078)  loss_ddf_dn_1: 0.0301 (0.0360)  loss_mal_dn_2: 1.7529 (1.6880)  loss_bbox_dn_2: 0.8990 (0.9799)  loss_giou_dn_2: 1.0544 (1.1209)  loss_fgl_dn_2: 1.0260 (1.0232)  loss_ddf_dn_2: 0.0024 (0.0030)  loss_mal_dn_3: 1.6982 (1.6445)  loss_bbox_dn_3: 0.8765 (0.9755)  loss_giou_dn_3: 1.0468 (1.1146)  loss_fgl_dn_3: 1.0405 (1.0266)  loss_mal_dn_pre: 1.3447 (1.3854)  loss_bbox_dn_pre: 1.0348 (1.1335)  loss_giou_dn_pre: 1.1715 (1.2493)
Test:  [0/4]  eta: 0:00:01    time: 0.4172  data: 0.3758  max mem: 3583
Test:  [3/4]  eta: 0:00:00    time: 0.1309  data: 0.0962  max mem: 3583
Test: Total time: 0:00:00 (0.1541 s / it)
Averaged stats: 
Accumulating evaluation results...
COCOeval_opt.accumulate() finished...
DONE (t=0.00s).
IoU metric: bbox
 Average Precision  (AP) @[ IoU=0.50:0.95 | area=   all | maxDets=100 ] = 0.000
 Average Precision  (AP) @[ IoU=0.50      | area=   all | maxDets=100 ] = 0.000
 Average Precision  (AP) @[ IoU=0.75      | area=   all | maxDets=100 ] = 0.000
 Average Precision  (AP) @[ IoU=0.50:0.95 | area= small | maxDets=100 ] = -1.000
 Average Precision  (AP) @[ IoU=0.50:0.95 | area=medium | maxDets=100 ] = -1.000
 Average Precision  (AP) @[ IoU=0.50:0.95 | area= large | maxDets=100 ] = 0.000
 Average Recall     (AR) @[ IoU=0.50:0.95 | area=   all | maxDets=  1 ] = 0.000
 Average Recall     (AR) @[ IoU=0.50:0.95 | area=   all | maxDets= 10 ] = 0.000
 Average Recall     (AR) @[ IoU=0.50:0.95 | area=   all | maxDets=100 ] = 0.000
 Average Recall     (AR) @[ IoU=0.50:0.95 | area= small | maxDets=100 ] = -1.000
 Average Recall     (AR) @[ IoU=0.50:0.95 | area=medium | maxDets=100 ] = -1.000
 Average Recall     (AR) @[ IoU=0.50:0.95 | area= large | maxDets=100 ] = 0.000
 Average Recall     (AR) @[ IoU=0.50      | area=   all | maxDets=100 ] = 0.000
 Average Recall     (AR) @[ IoU=0.75      | area=   all | maxDets=100 ] = 0.000
best_stat: {'epoch': -1, 'coco_eval_bbox': 0.0}
Epoch: [11]  [0/8]  eta: 0:00:07  lr: 0.000000  loss: 50.9196 (50.9196)  loss_mal: 1.4756 (1.4756)  loss_bbox: 1.0335 (1.0335)  loss_giou: 1.3779 (1.3779)  loss_fgl: 0.9820 (0.9820)  loss_mal_aux_0: 1.2383 (1.2383)  loss_bbox_aux_0: 1.1444 (1.1444)  loss_giou_aux_0: 1.4692 (1.4692)  loss_fgl_aux_0: 0.9804 (0.9804)  loss_ddf_aux_0: 0.0669 (0.0669)  loss_mal_aux_1: 1.3867 (1.3867)  loss_bbox_aux_1: 1.0782 (1.0782)  loss_giou_aux_1: 1.4019 (1.4019)  loss_fgl_aux_1: 0.9681 (0.9681)  loss_ddf_aux_1: 0.0140 (0.0140)  loss_mal_aux_2: 1.5215 (1.5215)  loss_bbox_aux_2: 1.0335 (1.0335)  loss_giou_aux_2: 1.3800 (1.3800)  loss_fgl_aux_2: 0.9805 (0.9805)  loss_ddf_aux_2: 0.0017 (0.0017)  loss_mal_pre: 1.2881 (1.2881)  loss_bbox_pre: 1.1115 (1.1115)  loss_giou_pre: 1.4635 (1.4635)  loss_mal_enc_0: 1.2383 (1.2383)  loss_bbox_enc_0: 1.1140 (1.1140)  loss_giou_enc_0: 1.5736 (1.5736)  loss_mal_dn_0: 1.7568 (1.7568)  loss_bbox_dn_0: 0.9750 (0.9750)  loss_giou_dn_0: 1.0941 (1.0941)  loss_fgl_dn_0: 1.0475 (1.0475)  loss_ddf_dn_0: 0.1348 (0.1348)  loss_mal_dn_1: 1.9551 (1.9551)  loss_bbox_dn_1: 0.9606 (0.9606)  loss_giou_dn_1: 0.9976 (0.9976)  loss_fgl_dn_1: 0.9755 (0.9755)  loss_ddf_dn_1: 0.0261 (0.0261)  loss_mal_dn_2: 2.0684 (2.0684)  loss_bbox_dn_2: 0.9469 (0.9469)  loss_giou_dn_2: 0.9581 (0.9581)  loss_fgl_dn_2: 0.9879 (0.9879)  loss_ddf_dn_2: 0.0021 (0.0021)  loss_mal_dn_3: 2.0195 (2.0195)  loss_bbox_dn_3: 0.9368 (0.9368)  loss_giou_dn_3: 0.9528 (0.9528)  loss_fgl_dn_3: 0.9908 (0.9908)  loss_mal_dn_pre: 1.7939 (1.7939)  loss_bbox_dn_pre: 0.9434 (0.9434)  loss_giou_dn_pre: 1.0729 (1.0729)  time: 0.9530  data: 0.7310  max mem: 3583
Epoch: [11]  [7/8]  eta: 0:00:00  lr: 0.000000  loss: 50.8073 (51.2708)  loss_mal: 1.4121 (1.5664)  loss_bbox: 1.0335 (1.0940)  loss_giou: 1.4010 (1.4205)  loss_fgl: 0.7148 (0.7769)  loss_mal_aux_0: 1.3662 (1.4398)  loss_bbox_aux_0: 1.1209 (1.1529)  loss_giou_aux_0: 1.4692 (1.4832)  loss_fgl_aux_0: 0.7354 (0.7953)  loss_ddf_aux_0: 0.0770 (0.0950)  loss_mal_aux_1: 1.3867 (1.4963)  loss_bbox_aux_1: 1.0653 (1.1099)  loss_giou_aux_1: 1.4019 (1.4342)  loss_fgl_aux_1: 0.7272 (0.7775)  loss_ddf_aux_1: 0.0146 (0.0182)  loss_mal_aux_2: 1.4023 (1.5958)  loss_bbox_aux_2: 1.0335 (1.1002)  loss_giou_aux_2: 1.3969 (1.4218)  loss_fgl_aux_2: 0.7175 (0.7778)  loss_ddf_aux_2: 0.0012 (0.0014)  loss_mal_pre: 1.3643 (1.4357)  loss_bbox_pre: 1.0796 (1.1574)  loss_giou_pre: 1.4635 (1.4975)  loss_mal_enc_0: 1.4307 (1.4658)  loss_bbox_enc_0: 0.9888 (1.1535)  loss_giou_enc_0: 1.5736 (1.5421)  loss_mal_dn_0: 1.4131 (1.5482)  loss_bbox_dn_0: 1.0683 (1.0853)  loss_giou_dn_0: 1.1483 (1.1814)  loss_fgl_dn_0: 1.0287 (1.0641)  loss_ddf_dn_0: 0.2093 (0.1984)  loss_mal_dn_1: 1.7529 (1.7948)  loss_bbox_dn_1: 0.9606 (0.9490)  loss_giou_dn_1: 1.0473 (1.0559)  loss_fgl_dn_1: 1.0004 (1.0212)  loss_ddf_dn_1: 0.0342 (0.0367)  loss_mal_dn_2: 1.8750 (1.9290)  loss_bbox_dn_2: 0.9033 (0.9185)  loss_giou_dn_2: 0.9958 (1.0080)  loss_fgl_dn_2: 1.0196 (1.0244)  loss_ddf_dn_2: 0.0022 (0.0029)  loss_mal_dn_3: 1.8604 (1.8959)  loss_bbox_dn_3: 0.8813 (0.9141)  loss_giou_dn_3: 0.9831 (0.9992)  loss_fgl_dn_3: 1.0307 (1.0293)  loss_mal_dn_pre: 1.4482 (1.5819)  loss_bbox_dn_pre: 1.0536 (1.0658)  loss_giou_dn_pre: 1.1513 (1.1576)  time: 0.2414  data: 0.0933  max mem: 3583
Epoch: [11] Total time: 0:00:02 (0.2517 s / it)
Averaged stats: lr: 0.000000  loss: 50.8073 (51.2708)  loss_mal: 1.4121 (1.5664)  loss_bbox: 1.0335 (1.0940)  loss_giou: 1.4010 (1.4205)  loss_fgl: 0.7148 (0.7769)  loss_mal_aux_0: 1.3662 (1.4398)  loss_bbox_aux_0: 1.1209 (1.1529)  loss_giou_aux_0: 1.4692 (1.4832)  loss_fgl_aux_0: 0.7354 (0.7953)  loss_ddf_aux_0: 0.0770 (0.0950)  loss_mal_aux_1: 1.3867 (1.4963)  loss_bbox_aux_1: 1.0653 (1.1099)  loss_giou_aux_1: 1.4019 (1.4342)  loss_fgl_aux_1: 0.7272 (0.7775)  loss_ddf_aux_1: 0.0146 (0.0182)  loss_mal_aux_2: 1.4023 (1.5958)  loss_bbox_aux_2: 1.0335 (1.1002)  loss_giou_aux_2: 1.3969 (1.4218)  loss_fgl_aux_2: 0.7175 (0.7778)  loss_ddf_aux_2: 0.0012 (0.0014)  loss_mal_pre: 1.3643 (1.4357)  loss_bbox_pre: 1.0796 (1.1574)  loss_giou_pre: 1.4635 (1.4975)  loss_mal_enc_0: 1.4307 (1.4658)  loss_bbox_enc_0: 0.9888 (1.1535)  loss_giou_enc_0: 1.5736 (1.5421)  loss_mal_dn_0: 1.4131 (1.5482)  loss_bbox_dn_0: 1.0683 (1.0853)  loss_giou_dn_0: 1.1483 (1.1814)  loss_fgl_dn_0: 1.0287 (1.0641)  loss_ddf_dn_0: 0.2093 (0.1984)  loss_mal_dn_1: 1.7529 (1.7948)  loss_bbox_dn_1: 0.9606 (0.9490)  loss_giou_dn_1: 1.0473 (1.0559)  loss_fgl_dn_1: 1.0004 (1.0212)  loss_ddf_dn_1: 0.0342 (0.0367)  loss_mal_dn_2: 1.8750 (1.9290)  loss_bbox_dn_2: 0.9033 (0.9185)  loss_giou_dn_2: 0.9958 (1.0080)  loss_fgl_dn_2: 1.0196 (1.0244)  loss_ddf_dn_2: 0.0022 (0.0029)  loss_mal_dn_3: 1.8604 (1.8959)  loss_bbox_dn_3: 0.8813 (0.9141)  loss_giou_dn_3: 0.9831 (0.9992)  loss_fgl_dn_3: 1.0307 (1.0293)  loss_mal_dn_pre: 1.4482 (1.5819)  loss_bbox_dn_pre: 1.0536 (1.0658)  loss_giou_dn_pre: 1.1513 (1.1576)
Test:  [0/4]  eta: 0:00:01    time: 0.4089  data: 0.3663  max mem: 3583
Test:  [3/4]  eta: 0:00:00    time: 0.1347  data: 0.0937  max mem: 3583
Test: Total time: 0:00:00 (0.1512 s / it)
Averaged stats: 
Accumulating evaluation results...
COCOeval_opt.accumulate() finished...
DONE (t=0.00s).
IoU metric: bbox
 Average Precision  (AP) @[ IoU=0.50:0.95 | area=   all | maxDets=100 ] = 0.000
 Average Precision  (AP) @[ IoU=0.50      | area=   all | maxDets=100 ] = 0.000
 Average Precision  (AP) @[ IoU=0.75      | area=   all | maxDets=100 ] = 0.000
 Average Precision  (AP) @[ IoU=0.50:0.95 | area= small | maxDets=100 ] = -1.000
 Average Precision  (AP) @[ IoU=0.50:0.95 | area=medium | maxDets=100 ] = -1.000
 Average Precision  (AP) @[ IoU=0.50:0.95 | area= large | maxDets=100 ] = 0.000
 Average Recall     (AR) @[ IoU=0.50:0.95 | area=   all | maxDets=  1 ] = 0.000
 Average Recall     (AR) @[ IoU=0.50:0.95 | area=   all | maxDets= 10 ] = 0.000
 Average Recall     (AR) @[ IoU=0.50:0.95 | area=   all | maxDets=100 ] = 0.000
 Average Recall     (AR) @[ IoU=0.50:0.95 | area= small | maxDets=100 ] = -1.000
 Average Recall     (AR) @[ IoU=0.50:0.95 | area=medium | maxDets=100 ] = -1.000
 Average Recall     (AR) @[ IoU=0.50:0.95 | area= large | maxDets=100 ] = 0.000
 Average Recall     (AR) @[ IoU=0.50      | area=   all | maxDets=100 ] = 0.000
 Average Recall     (AR) @[ IoU=0.75      | area=   all | maxDets=100 ] = 0.000
best_stat: {'epoch': -1, 'coco_eval_bbox': 0.0}
Epoch: [12]  [0/8]  eta: 0:00:05  lr: 0.000000  loss: 47.5611 (47.5611)  loss_mal: 0.7124 (0.7124)  loss_bbox: 1.2218 (1.2218)  loss_giou: 1.9675 (1.9675)  loss_fgl: 0.5196 (0.5196)  loss_mal_aux_0: 0.6079 (0.6079)  loss_bbox_aux_0: 1.2369 (1.2369)  loss_giou_aux_0: 2.0038 (2.0038)  loss_fgl_aux_0: 0.4938 (0.4938)  loss_ddf_aux_0: 0.0442 (0.0442)  loss_mal_aux_1: 0.7046 (0.7046)  loss_bbox_aux_1: 1.2261 (1.2261)  loss_giou_aux_1: 1.9729 (1.9729)  loss_fgl_aux_1: 0.5112 (0.5112)  loss_ddf_aux_1: 0.0080 (0.0080)  loss_mal_aux_2: 0.7324 (0.7324)  loss_bbox_aux_2: 1.2207 (1.2207)  loss_giou_aux_2: 1.9661 (1.9661)  loss_fgl_aux_2: 0.5197 (0.5197)  loss_ddf_aux_2: 0.0007 (0.0007)  loss_mal_pre: 0.5610 (0.5610)  loss_bbox_pre: 1.2679 (1.2679)  loss_giou_pre: 2.0067 (2.0067)  loss_mal_enc_0: 0.6348 (0.6348)  loss_bbox_enc_0: 1.3341 (1.3341)  loss_giou_enc_0: 2.0366 (2.0366)  loss_mal_dn_0: 1.2539 (1.2539)  loss_bbox_dn_0: 0.9548 (0.9548)  loss_giou_dn_0: 1.3525 (1.3525)  loss_fgl_dn_0: 1.0344 (1.0344)  loss_ddf_dn_0: 0.2174 (0.2174)  loss_mal_dn_1: 1.5029 (1.5029)  loss_bbox_dn_1: 0.7621 (0.7621)  loss_giou_dn_1: 1.2350 (1.2350)  loss_fgl_dn_1: 1.0321 (1.0321)  loss_ddf_dn_1: 0.0362 (0.0362)  loss_mal_dn_2: 1.5830 (1.5830)  loss_bbox_dn_2: 0.7542 (0.7542)  loss_giou_dn_2: 1.1946 (1.1946)  loss_fgl_dn_2: 1.0459 (1.0459)  loss_ddf_dn_2: 0.0023 (0.0023)  loss_mal_dn_3: 1.5498 (1.5498)  loss_bbox_dn_3: 0.7494 (0.7494)  loss_giou_dn_3: 1.1880 (1.1880)  loss_fgl_dn_3: 1.0505 (1.0505)  loss_mal_dn_pre: 1.2656 (1.2656)  loss_bbox_dn_pre: 0.9632 (0.9632)  loss_giou_dn_pre: 1.3217 (1.3217)  time: 0.6570  data: 0.4263  max mem: 3583
Epoch: [12]  [7/8]  eta: 0:00:00  lr: 0.000000  loss: 47.5611 (49.6185)  loss_mal: 1.1865 (1.3111)  loss_bbox: 1.0535 (1.1087)  loss_giou: 1.4887 (1.5207)  loss_fgl: 0.6299 (0.7428)  loss_mal_aux_0: 1.0303 (1.1577)  loss_bbox_aux_0: 1.0895 (1.1361)  loss_giou_aux_0: 1.5279 (1.5728)  loss_fgl_aux_0: 0.6178 (0.7192)  loss_ddf_aux_0: 0.0695 (0.0739)  loss_mal_aux_1: 1.1660 (1.2483)  loss_bbox_aux_1: 1.0093 (1.1083)  loss_giou_aux_1: 1.4944 (1.5376)  loss_fgl_aux_1: 0.6394 (0.7350)  loss_ddf_aux_1: 0.0119 (0.0138)  loss_mal_aux_2: 1.2090 (1.3341)  loss_bbox_aux_2: 1.0305 (1.1096)  loss_giou_aux_2: 1.4876 (1.5219)  loss_fgl_aux_2: 0.6317 (0.7412)  loss_ddf_aux_2: 0.0008 (0.0012)  loss_mal_pre: 1.0293 (1.1646)  loss_bbox_pre: 1.0672 (1.1564)  loss_giou_pre: 1.5227 (1.5761)  loss_mal_enc_0: 1.1699 (1.2584)  loss_bbox_enc_0: 1.0068 (1.2220)  loss_giou_enc_0: 1.5661 (1.6264)  loss_mal_dn_0: 1.3271 (1.4343)  loss_bbox_dn_0: 0.9490 (1.0462)  loss_giou_dn_0: 1.2345 (1.2377)  loss_fgl_dn_0: 1.0721 (1.0593)  loss_ddf_dn_0: 0.2174 (0.2136)  loss_mal_dn_1: 1.5039 (1.6699)  loss_bbox_dn_1: 0.7621 (0.8787)  loss_giou_dn_1: 1.1650 (1.1266)  loss_fgl_dn_1: 1.0464 (1.0234)  loss_ddf_dn_1: 0.0389 (0.0404)  loss_mal_dn_2: 1.6162 (1.7986)  loss_bbox_dn_2: 0.7542 (0.8591)  loss_giou_dn_2: 1.1399 (1.0742)  loss_fgl_dn_2: 1.0459 (1.0373)  loss_ddf_dn_2: 0.0028 (0.0036)  loss_mal_dn_3: 1.5918 (1.7565)  loss_bbox_dn_3: 0.7494 (0.8600)  loss_giou_dn_3: 1.1320 (1.0701)  loss_fgl_dn_3: 1.0505 (1.0383)  loss_mal_dn_pre: 1.3789 (1.4641)  loss_bbox_dn_pre: 0.9164 (1.0190)  loss_giou_dn_pre: 1.2048 (1.2096)  time: 0.2180  data: 0.0619  max mem: 3583
Epoch: [12] Total time: 0:00:01 (0.2302 s / it)
Averaged stats: lr: 0.000000  loss: 47.5611 (49.6185)  loss_mal: 1.1865 (1.3111)  loss_bbox: 1.0535 (1.1087)  loss_giou: 1.4887 (1.5207)  loss_fgl: 0.6299 (0.7428)  loss_mal_aux_0: 1.0303 (1.1577)  loss_bbox_aux_0: 1.0895 (1.1361)  loss_giou_aux_0: 1.5279 (1.5728)  loss_fgl_aux_0: 0.6178 (0.7192)  loss_ddf_aux_0: 0.0695 (0.0739)  loss_mal_aux_1: 1.1660 (1.2483)  loss_bbox_aux_1: 1.0093 (1.1083)  loss_giou_aux_1: 1.4944 (1.5376)  loss_fgl_aux_1: 0.6394 (0.7350)  loss_ddf_aux_1: 0.0119 (0.0138)  loss_mal_aux_2: 1.2090 (1.3341)  loss_bbox_aux_2: 1.0305 (1.1096)  loss_giou_aux_2: 1.4876 (1.5219)  loss_fgl_aux_2: 0.6317 (0.7412)  loss_ddf_aux_2: 0.0008 (0.0012)  loss_mal_pre: 1.0293 (1.1646)  loss_bbox_pre: 1.0672 (1.1564)  loss_giou_pre: 1.5227 (1.5761)  loss_mal_enc_0: 1.1699 (1.2584)  loss_bbox_enc_0: 1.0068 (1.2220)  loss_giou_enc_0: 1.5661 (1.6264)  loss_mal_dn_0: 1.3271 (1.4343)  loss_bbox_dn_0: 0.9490 (1.0462)  loss_giou_dn_0: 1.2345 (1.2377)  loss_fgl_dn_0: 1.0721 (1.0593)  loss_ddf_dn_0: 0.2174 (0.2136)  loss_mal_dn_1: 1.5039 (1.6699)  loss_bbox_dn_1: 0.7621 (0.8787)  loss_giou_dn_1: 1.1650 (1.1266)  loss_fgl_dn_1: 1.0464 (1.0234)  loss_ddf_dn_1: 0.0389 (0.0404)  loss_mal_dn_2: 1.6162 (1.7986)  loss_bbox_dn_2: 0.7542 (0.8591)  loss_giou_dn_2: 1.1399 (1.0742)  loss_fgl_dn_2: 1.0459 (1.0373)  loss_ddf_dn_2: 0.0028 (0.0036)  loss_mal_dn_3: 1.5918 (1.7565)  loss_bbox_dn_3: 0.7494 (0.8600)  loss_giou_dn_3: 1.1320 (1.0701)  loss_fgl_dn_3: 1.0505 (1.0383)  loss_mal_dn_pre: 1.3789 (1.4641)  loss_bbox_dn_pre: 0.9164 (1.0190)  loss_giou_dn_pre: 1.2048 (1.2096)
Test:  [0/4]  eta: 0:00:01    time: 0.4412  data: 0.3876  max mem: 3583
Test:  [3/4]  eta: 0:00:00    time: 0.1369  data: 0.0991  max mem: 3583
Test: Total time: 0:00:00 (0.1538 s / it)
Averaged stats: 
Accumulating evaluation results...
COCOeval_opt.accumulate() finished...
DONE (t=0.00s).
IoU metric: bbox
 Average Precision  (AP) @[ IoU=0.50:0.95 | area=   all | maxDets=100 ] = 0.000
 Average Precision  (AP) @[ IoU=0.50      | area=   all | maxDets=100 ] = 0.000
 Average Precision  (AP) @[ IoU=0.75      | area=   all | maxDets=100 ] = 0.000
 Average Precision  (AP) @[ IoU=0.50:0.95 | area= small | maxDets=100 ] = -1.000
 Average Precision  (AP) @[ IoU=0.50:0.95 | area=medium | maxDets=100 ] = -1.000
 Average Precision  (AP) @[ IoU=0.50:0.95 | area= large | maxDets=100 ] = 0.000
 Average Recall     (AR) @[ IoU=0.50:0.95 | area=   all | maxDets=  1 ] = 0.000
 Average Recall     (AR) @[ IoU=0.50:0.95 | area=   all | maxDets= 10 ] = 0.000
 Average Recall     (AR) @[ IoU=0.50:0.95 | area=   all | maxDets=100 ] = 0.000
 Average Recall     (AR) @[ IoU=0.50:0.95 | area= small | maxDets=100 ] = -1.000
 Average Recall     (AR) @[ IoU=0.50:0.95 | area=medium | maxDets=100 ] = -1.000
 Average Recall     (AR) @[ IoU=0.50:0.95 | area= large | maxDets=100 ] = 0.000
 Average Recall     (AR) @[ IoU=0.50      | area=   all | maxDets=100 ] = 0.000
 Average Recall     (AR) @[ IoU=0.75      | area=   all | maxDets=100 ] = 0.000
best_stat: {'epoch': -1, 'coco_eval_bbox': 0.0}
Epoch: [13]  [0/8]  eta: 0:00:04  lr: 0.000000  loss: 47.5153 (47.5153)  loss_mal: 0.7349 (0.7349)  loss_bbox: 1.2571 (1.2571)  loss_giou: 1.7987 (1.7987)  loss_fgl: 0.4846 (0.4846)  loss_mal_aux_0: 0.6792 (0.6792)  loss_bbox_aux_0: 1.2133 (1.2133)  loss_giou_aux_0: 1.8779 (1.8779)  loss_fgl_aux_0: 0.4187 (0.4187)  loss_ddf_aux_0: 0.0537 (0.0537)  loss_mal_aux_1: 0.6895 (0.6895)  loss_bbox_aux_1: 1.2197 (1.2197)  loss_giou_aux_1: 1.8417 (1.8417)  loss_fgl_aux_1: 0.4457 (0.4457)  loss_ddf_aux_1: 0.0172 (0.0172)  loss_mal_aux_2: 0.7285 (0.7285)  loss_bbox_aux_2: 1.2450 (1.2450)  loss_giou_aux_2: 1.7998 (1.7998)  loss_fgl_aux_2: 0.4805 (0.4805)  loss_ddf_aux_2: 0.0016 (0.0016)  loss_mal_pre: 0.6689 (0.6689)  loss_bbox_pre: 1.2317 (1.2317)  loss_giou_pre: 1.8970 (1.8970)  loss_mal_enc_0: 0.6401 (0.6401)  loss_bbox_enc_0: 1.1933 (1.1933)  loss_giou_enc_0: 1.9544 (1.9544)  loss_mal_dn_0: 1.3203 (1.3203)  loss_bbox_dn_0: 1.1158 (1.1158)  loss_giou_dn_0: 1.2627 (1.2627)  loss_fgl_dn_0: 1.0774 (1.0774)  loss_ddf_dn_0: 0.1712 (0.1712)  loss_mal_dn_1: 1.5322 (1.5322)  loss_bbox_dn_1: 0.9685 (0.9685)  loss_giou_dn_1: 1.1701 (1.1701)  loss_fgl_dn_1: 1.0197 (1.0197)  loss_ddf_dn_1: 0.0348 (0.0348)  loss_mal_dn_2: 1.6455 (1.6455)  loss_bbox_dn_2: 0.9713 (0.9713)  loss_giou_dn_2: 1.1328 (1.1328)  loss_fgl_dn_2: 1.0467 (1.0467)  loss_ddf_dn_2: 0.0041 (0.0041)  loss_mal_dn_3: 1.6270 (1.6270)  loss_bbox_dn_3: 0.9658 (0.9658)  loss_giou_dn_3: 1.1192 (1.1192)  loss_fgl_dn_3: 1.0606 (1.0606)  loss_mal_dn_pre: 1.3418 (1.3418)  loss_bbox_dn_pre: 1.1156 (1.1156)  loss_giou_dn_pre: 1.2394 (1.2394)  time: 0.5861  data: 0.3997  max mem: 3583
Epoch: [13]  [7/8]  eta: 0:00:00  lr: 0.000000  loss: 48.4437 (48.6537)  loss_mal: 0.9277 (1.0711)  loss_bbox: 1.1073 (1.2076)  loss_giou: 1.5778 (1.5965)  loss_fgl: 0.6031 (0.6580)  loss_mal_aux_0: 0.7998 (0.9248)  loss_bbox_aux_0: 1.1618 (1.2437)  loss_giou_aux_0: 1.6490 (1.6563)  loss_fgl_aux_0: 0.5762 (0.6272)  loss_ddf_aux_0: 0.0575 (0.0684)  loss_mal_aux_1: 0.8892 (1.0277)  loss_bbox_aux_1: 1.1190 (1.2199)  loss_giou_aux_1: 1.5973 (1.6161)  loss_fgl_aux_1: 0.5976 (0.6468)  loss_ddf_aux_1: 0.0109 (0.0131)  loss_mal_aux_2: 0.9648 (1.0851)  loss_bbox_aux_2: 1.1155 (1.2096)  loss_giou_aux_2: 1.5806 (1.5981)  loss_fgl_aux_2: 0.6041 (0.6587)  loss_ddf_aux_2: 0.0007 (0.0011)  loss_mal_pre: 0.8008 (0.9228)  loss_bbox_pre: 1.1880 (1.2527)  loss_giou_pre: 1.6701 (1.6685)  loss_mal_enc_0: 0.8154 (0.9315)  loss_bbox_enc_0: 1.1143 (1.2680)  loss_giou_enc_0: 1.6699 (1.7083)  loss_mal_dn_0: 1.3203 (1.2968)  loss_bbox_dn_0: 1.1158 (1.1365)  loss_giou_dn_0: 1.2605 (1.3017)  loss_fgl_dn_0: 1.0004 (0.9922)  loss_ddf_dn_0: 0.1712 (0.1786)  loss_mal_dn_1: 1.5947 (1.5189)  loss_bbox_dn_1: 0.9685 (1.0042)  loss_giou_dn_1: 1.1376 (1.1986)  loss_fgl_dn_1: 0.9478 (0.9653)  loss_ddf_dn_1: 0.0313 (0.0338)  loss_mal_dn_2: 1.6650 (1.6014)  loss_bbox_dn_2: 0.9567 (0.9993)  loss_giou_dn_2: 1.1245 (1.1623)  loss_fgl_dn_2: 0.9615 (0.9761)  loss_ddf_dn_2: 0.0031 (0.0031)  loss_mal_dn_3: 1.6270 (1.5668)  loss_bbox_dn_3: 0.9609 (0.9981)  loss_giou_dn_3: 1.1192 (1.1560)  loss_fgl_dn_3: 0.9663 (0.9790)  loss_mal_dn_pre: 1.3418 (1.3361)  loss_bbox_dn_pre: 1.1156 (1.0941)  loss_giou_dn_pre: 1.2394 (1.2731)  time: 0.2170  data: 0.0700  max mem: 3583
Epoch: [13] Total time: 0:00:01 (0.2269 s / it)
Averaged stats: lr: 0.000000  loss: 48.4437 (48.6537)  loss_mal: 0.9277 (1.0711)  loss_bbox: 1.1073 (1.2076)  loss_giou: 1.5778 (1.5965)  loss_fgl: 0.6031 (0.6580)  loss_mal_aux_0: 0.7998 (0.9248)  loss_bbox_aux_0: 1.1618 (1.2437)  loss_giou_aux_0: 1.6490 (1.6563)  loss_fgl_aux_0: 0.5762 (0.6272)  loss_ddf_aux_0: 0.0575 (0.0684)  loss_mal_aux_1: 0.8892 (1.0277)  loss_bbox_aux_1: 1.1190 (1.2199)  loss_giou_aux_1: 1.5973 (1.6161)  loss_fgl_aux_1: 0.5976 (0.6468)  loss_ddf_aux_1: 0.0109 (0.0131)  loss_mal_aux_2: 0.9648 (1.0851)  loss_bbox_aux_2: 1.1155 (1.2096)  loss_giou_aux_2: 1.5806 (1.5981)  loss_fgl_aux_2: 0.6041 (0.6587)  loss_ddf_aux_2: 0.0007 (0.0011)  loss_mal_pre: 0.8008 (0.9228)  loss_bbox_pre: 1.1880 (1.2527)  loss_giou_pre: 1.6701 (1.6685)  loss_mal_enc_0: 0.8154 (0.9315)  loss_bbox_enc_0: 1.1143 (1.2680)  loss_giou_enc_0: 1.6699 (1.7083)  loss_mal_dn_0: 1.3203 (1.2968)  loss_bbox_dn_0: 1.1158 (1.1365)  loss_giou_dn_0: 1.2605 (1.3017)  loss_fgl_dn_0: 1.0004 (0.9922)  loss_ddf_dn_0: 0.1712 (0.1786)  loss_mal_dn_1: 1.5947 (1.5189)  loss_bbox_dn_1: 0.9685 (1.0042)  loss_giou_dn_1: 1.1376 (1.1986)  loss_fgl_dn_1: 0.9478 (0.9653)  loss_ddf_dn_1: 0.0313 (0.0338)  loss_mal_dn_2: 1.6650 (1.6014)  loss_bbox_dn_2: 0.9567 (0.9993)  loss_giou_dn_2: 1.1245 (1.1623)  loss_fgl_dn_2: 0.9615 (0.9761)  loss_ddf_dn_2: 0.0031 (0.0031)  loss_mal_dn_3: 1.6270 (1.5668)  loss_bbox_dn_3: 0.9609 (0.9981)  loss_giou_dn_3: 1.1192 (1.1560)  loss_fgl_dn_3: 0.9663 (0.9790)  loss_mal_dn_pre: 1.3418 (1.3361)  loss_bbox_dn_pre: 1.1156 (1.0941)  loss_giou_dn_pre: 1.2394 (1.2731)
Test:  [0/4]  eta: 0:00:01    time: 0.4050  data: 0.3609  max mem: 3583
Test:  [3/4]  eta: 0:00:00    time: 0.1722  data: 0.0921  max mem: 3583
Test: Total time: 0:00:00 (0.1889 s / it)
Averaged stats: 
Accumulating evaluation results...
COCOeval_opt.accumulate() finished...
DONE (t=0.00s).
IoU metric: bbox
 Average Precision  (AP) @[ IoU=0.50:0.95 | area=   all | maxDets=100 ] = 0.000
 Average Precision  (AP) @[ IoU=0.50      | area=   all | maxDets=100 ] = 0.000
 Average Precision  (AP) @[ IoU=0.75      | area=   all | maxDets=100 ] = 0.000
 Average Precision  (AP) @[ IoU=0.50:0.95 | area= small | maxDets=100 ] = -1.000
 Average Precision  (AP) @[ IoU=0.50:0.95 | area=medium | maxDets=100 ] = -1.000
 Average Precision  (AP) @[ IoU=0.50:0.95 | area= large | maxDets=100 ] = 0.000
 Average Recall     (AR) @[ IoU=0.50:0.95 | area=   all | maxDets=  1 ] = 0.000
 Average Recall     (AR) @[ IoU=0.50:0.95 | area=   all | maxDets= 10 ] = 0.000
 Average Recall     (AR) @[ IoU=0.50:0.95 | area=   all | maxDets=100 ] = 0.000
 Average Recall     (AR) @[ IoU=0.50:0.95 | area= small | maxDets=100 ] = -1.000
 Average Recall     (AR) @[ IoU=0.50:0.95 | area=medium | maxDets=100 ] = -1.000
 Average Recall     (AR) @[ IoU=0.50:0.95 | area= large | maxDets=100 ] = 0.000
 Average Recall     (AR) @[ IoU=0.50      | area=   all | maxDets=100 ] = 0.000
 Average Recall     (AR) @[ IoU=0.75      | area=   all | maxDets=100 ] = 0.000
best_stat: {'epoch': -1, 'coco_eval_bbox': 0.0}
Epoch: [14]  [0/8]  eta: 0:00:06  lr: 0.000000  loss: 51.3173 (51.3173)  loss_mal: 0.9629 (0.9629)  loss_bbox: 1.4147 (1.4147)  loss_giou: 1.9439 (1.9439)  loss_fgl: 0.5939 (0.5939)  loss_mal_aux_0: 0.9097 (0.9097)  loss_bbox_aux_0: 1.3918 (1.3918)  loss_giou_aux_0: 1.9626 (1.9626)  loss_fgl_aux_0: 0.5670 (0.5670)  loss_ddf_aux_0: 0.0493 (0.0493)  loss_mal_aux_1: 0.9673 (0.9673)  loss_bbox_aux_1: 1.4142 (1.4142)  loss_giou_aux_1: 1.9407 (1.9407)  loss_fgl_aux_1: 0.5980 (0.5980)  loss_ddf_aux_1: 0.0072 (0.0072)  loss_mal_aux_2: 1.0029 (1.0029)  loss_bbox_aux_2: 1.4064 (1.4064)  loss_giou_aux_2: 1.9338 (1.9338)  loss_fgl_aux_2: 0.6031 (0.6031)  loss_ddf_aux_2: 0.0008 (0.0008)  loss_mal_pre: 0.8472 (0.8472)  loss_bbox_pre: 1.4071 (1.4071)  loss_giou_pre: 1.9750 (1.9750)  loss_mal_enc_0: 0.8389 (0.8389)  loss_bbox_enc_0: 1.4364 (1.4364)  loss_giou_enc_0: 2.0521 (2.0521)  loss_mal_dn_0: 0.9521 (0.9521)  loss_bbox_dn_0: 1.4491 (1.4491)  loss_giou_dn_0: 1.5088 (1.5088)  loss_fgl_dn_0: 1.0100 (1.0100)  loss_ddf_dn_0: 0.2334 (0.2334)  loss_mal_dn_1: 1.1104 (1.1104)  loss_bbox_dn_1: 1.0831 (1.0831)  loss_giou_dn_1: 1.4047 (1.4047)  loss_fgl_dn_1: 1.0016 (1.0016)  loss_ddf_dn_1: 0.0349 (0.0349)  loss_mal_dn_2: 1.2217 (1.2217)  loss_bbox_dn_2: 1.0833 (1.0833)  loss_giou_dn_2: 1.3402 (1.3402)  loss_fgl_dn_2: 1.0445 (1.0445)  loss_ddf_dn_2: 0.0028 (0.0028)  loss_mal_dn_3: 1.2217 (1.2217)  loss_bbox_dn_3: 1.0739 (1.0739)  loss_giou_dn_3: 1.3323 (1.3323)  loss_fgl_dn_3: 1.0477 (1.0477)  loss_mal_dn_pre: 1.0156 (1.0156)  loss_bbox_dn_pre: 1.4635 (1.4635)  loss_giou_dn_pre: 1.4552 (1.4552)  time: 0.8598  data: 0.6700  max mem: 3583
Epoch: [14]  [7/8]  eta: 0:00:00  lr: 0.000000  loss: 49.8302 (50.0886)  loss_mal: 0.9858 (1.3176)  loss_bbox: 1.0438 (1.1394)  loss_giou: 1.6150 (1.5273)  loss_fgl: 0.6824 (0.7081)  loss_mal_aux_0: 0.9097 (1.1108)  loss_bbox_aux_0: 1.0697 (1.1783)  loss_giou_aux_0: 1.6483 (1.6039)  loss_fgl_aux_0: 0.6708 (0.6844)  loss_ddf_aux_0: 0.0703 (0.0775)  loss_mal_aux_1: 0.9673 (1.2653)  loss_bbox_aux_1: 1.0400 (1.1482)  loss_giou_aux_1: 1.6219 (1.5532)  loss_fgl_aux_1: 0.6838 (0.6982)  loss_ddf_aux_1: 0.0116 (0.0131)  loss_mal_aux_2: 1.0029 (1.3579)  loss_bbox_aux_2: 1.0456 (1.1406)  loss_giou_aux_2: 1.6140 (1.5265)  loss_fgl_aux_2: 0.6837 (0.7103)  loss_ddf_aux_2: 0.0010 (0.0011)  loss_mal_pre: 0.8994 (1.1143)  loss_bbox_pre: 1.0794 (1.1724)  loss_giou_pre: 1.6519 (1.6067)  loss_mal_enc_0: 0.9302 (1.1511)  loss_bbox_enc_0: 1.0147 (1.1668)  loss_giou_enc_0: 1.6371 (1.6448)  loss_mal_dn_0: 1.2002 (1.3273)  loss_bbox_dn_0: 1.3142 (1.2494)  loss_giou_dn_0: 1.2972 (1.2953)  loss_fgl_dn_0: 1.0100 (1.0430)  loss_ddf_dn_0: 0.1946 (0.2037)  loss_mal_dn_1: 1.4307 (1.5449)  loss_bbox_dn_1: 1.0734 (1.0574)  loss_giou_dn_1: 1.1825 (1.1799)  loss_fgl_dn_1: 0.9882 (1.0078)  loss_ddf_dn_1: 0.0349 (0.0369)  loss_mal_dn_2: 1.4746 (1.6525)  loss_bbox_dn_2: 1.0833 (1.0440)  loss_giou_dn_2: 1.1574 (1.1322)  loss_fgl_dn_2: 1.0011 (1.0195)  loss_ddf_dn_2: 0.0028 (0.0031)  loss_mal_dn_3: 1.4209 (1.6193)  loss_bbox_dn_3: 1.0739 (1.0436)  loss_giou_dn_3: 1.1511 (1.1264)  loss_fgl_dn_3: 1.0015 (1.0231)  loss_mal_dn_pre: 1.2529 (1.3596)  loss_bbox_dn_pre: 1.2671 (1.2324)  loss_giou_dn_pre: 1.2622 (1.2698)  time: 0.2521  data: 0.0862  max mem: 3583
Epoch: [14] Total time: 0:00:02 (0.2604 s / it)
Averaged stats: lr: 0.000000  loss: 49.8302 (50.0886)  loss_mal: 0.9858 (1.3176)  loss_bbox: 1.0438 (1.1394)  loss_giou: 1.6150 (1.5273)  loss_fgl: 0.6824 (0.7081)  loss_mal_aux_0: 0.9097 (1.1108)  loss_bbox_aux_0: 1.0697 (1.1783)  loss_giou_aux_0: 1.6483 (1.6039)  loss_fgl_aux_0: 0.6708 (0.6844)  loss_ddf_aux_0: 0.0703 (0.0775)  loss_mal_aux_1: 0.9673 (1.2653)  loss_bbox_aux_1: 1.0400 (1.1482)  loss_giou_aux_1: 1.6219 (1.5532)  loss_fgl_aux_1: 0.6838 (0.6982)  loss_ddf_aux_1: 0.0116 (0.0131)  loss_mal_aux_2: 1.0029 (1.3579)  loss_bbox_aux_2: 1.0456 (1.1406)  loss_giou_aux_2: 1.6140 (1.5265)  loss_fgl_aux_2: 0.6837 (0.7103)  loss_ddf_aux_2: 0.0010 (0.0011)  loss_mal_pre: 0.8994 (1.1143)  loss_bbox_pre: 1.0794 (1.1724)  loss_giou_pre: 1.6519 (1.6067)  loss_mal_enc_0: 0.9302 (1.1511)  loss_bbox_enc_0: 1.0147 (1.1668)  loss_giou_enc_0: 1.6371 (1.6448)  loss_mal_dn_0: 1.2002 (1.3273)  loss_bbox_dn_0: 1.3142 (1.2494)  loss_giou_dn_0: 1.2972 (1.2953)  loss_fgl_dn_0: 1.0100 (1.0430)  loss_ddf_dn_0: 0.1946 (0.2037)  loss_mal_dn_1: 1.4307 (1.5449)  loss_bbox_dn_1: 1.0734 (1.0574)  loss_giou_dn_1: 1.1825 (1.1799)  loss_fgl_dn_1: 0.9882 (1.0078)  loss_ddf_dn_1: 0.0349 (0.0369)  loss_mal_dn_2: 1.4746 (1.6525)  loss_bbox_dn_2: 1.0833 (1.0440)  loss_giou_dn_2: 1.1574 (1.1322)  loss_fgl_dn_2: 1.0011 (1.0195)  loss_ddf_dn_2: 0.0028 (0.0031)  loss_mal_dn_3: 1.4209 (1.6193)  loss_bbox_dn_3: 1.0739 (1.0436)  loss_giou_dn_3: 1.1511 (1.1264)  loss_fgl_dn_3: 1.0015 (1.0231)  loss_mal_dn_pre: 1.2529 (1.3596)  loss_bbox_dn_pre: 1.2671 (1.2324)  loss_giou_dn_pre: 1.2622 (1.2698)
Test:  [0/4]  eta: 0:00:01    time: 0.3744  data: 0.3353  max mem: 3583
Test:  [3/4]  eta: 0:00:00    time: 0.1213  data: 0.0860  max mem: 3583
Test: Total time: 0:00:00 (0.1390 s / it)
Averaged stats: 
Accumulating evaluation results...
COCOeval_opt.accumulate() finished...
DONE (t=0.00s).
IoU metric: bbox
 Average Precision  (AP) @[ IoU=0.50:0.95 | area=   all | maxDets=100 ] = 0.000
 Average Precision  (AP) @[ IoU=0.50      | area=   all | maxDets=100 ] = 0.000
 Average Precision  (AP) @[ IoU=0.75      | area=   all | maxDets=100 ] = 0.000
 Average Precision  (AP) @[ IoU=0.50:0.95 | area= small | maxDets=100 ] = -1.000
 Average Precision  (AP) @[ IoU=0.50:0.95 | area=medium | maxDets=100 ] = -1.000
 Average Precision  (AP) @[ IoU=0.50:0.95 | area= large | maxDets=100 ] = 0.000
 Average Recall     (AR) @[ IoU=0.50:0.95 | area=   all | maxDets=  1 ] = 0.000
 Average Recall     (AR) @[ IoU=0.50:0.95 | area=   all | maxDets= 10 ] = 0.000
 Average Recall     (AR) @[ IoU=0.50:0.95 | area=   all | maxDets=100 ] = 0.000
 Average Recall     (AR) @[ IoU=0.50:0.95 | area= small | maxDets=100 ] = -1.000
 Average Recall     (AR) @[ IoU=0.50:0.95 | area=medium | maxDets=100 ] = -1.000
 Average Recall     (AR) @[ IoU=0.50:0.95 | area= large | maxDets=100 ] = 0.000
 Average Recall     (AR) @[ IoU=0.50      | area=   all | maxDets=100 ] = 0.000
 Average Recall     (AR) @[ IoU=0.75      | area=   all | maxDets=100 ] = 0.000
best_stat: {'epoch': -1, 'coco_eval_bbox': 0.0}
Epoch: [15]  [0/8]  eta: 0:00:06  lr: 0.000000  loss: 47.3264 (47.3264)  loss_mal: 1.6953 (1.6953)  loss_bbox: 0.6299 (0.6299)  loss_giou: 1.1891 (1.1891)  loss_fgl: 0.9618 (0.9618)  loss_mal_aux_0: 1.5791 (1.5791)  loss_bbox_aux_0: 0.6506 (0.6506)  loss_giou_aux_0: 1.2547 (1.2547)  loss_fgl_aux_0: 0.9096 (0.9096)  loss_ddf_aux_0: 0.0819 (0.0819)  loss_mal_aux_1: 1.5713 (1.5713)  loss_bbox_aux_1: 0.6505 (0.6505)  loss_giou_aux_1: 1.2350 (1.2350)  loss_fgl_aux_1: 0.9364 (0.9364)  loss_ddf_aux_1: 0.0108 (0.0108)  loss_mal_aux_2: 1.7148 (1.7148)  loss_bbox_aux_2: 0.6370 (0.6370)  loss_giou_aux_2: 1.2065 (1.2065)  loss_fgl_aux_2: 0.9507 (0.9507)  loss_ddf_aux_2: 0.0025 (0.0025)  loss_mal_pre: 1.5586 (1.5586)  loss_bbox_pre: 0.6632 (0.6632)  loss_giou_pre: 1.2611 (1.2611)  loss_mal_enc_0: 1.3799 (1.3799)  loss_bbox_enc_0: 0.7158 (0.7158)  loss_giou_enc_0: 1.3832 (1.3832)  loss_mal_dn_0: 1.3750 (1.3750)  loss_bbox_dn_0: 0.9323 (0.9323)  loss_giou_dn_0: 1.2615 (1.2615)  loss_fgl_dn_0: 1.0763 (1.0763)  loss_ddf_dn_0: 0.2270 (0.2270)  loss_mal_dn_1: 1.7695 (1.7695)  loss_bbox_dn_1: 0.7629 (0.7629)  loss_giou_dn_1: 1.0880 (1.0880)  loss_fgl_dn_1: 1.0182 (1.0182)  loss_ddf_dn_1: 0.0445 (0.0445)  loss_mal_dn_2: 1.8682 (1.8682)  loss_bbox_dn_2: 0.7967 (0.7967)  loss_giou_dn_2: 1.0306 (1.0306)  loss_fgl_dn_2: 1.0232 (1.0232)  loss_ddf_dn_2: 0.0037 (0.0037)  loss_mal_dn_3: 1.8066 (1.8066)  loss_bbox_dn_3: 0.8067 (0.8067)  loss_giou_dn_3: 1.0291 (1.0291)  loss_fgl_dn_3: 1.0220 (1.0220)  loss_mal_dn_pre: 1.3770 (1.3770)  loss_bbox_dn_pre: 0.9240 (0.9240)  loss_giou_dn_pre: 1.2542 (1.2542)  time: 0.7975  data: 0.5821  max mem: 3583
Epoch: [15]  [7/8]  eta: 0:00:00  lr: 0.000000  loss: 48.5576 (49.0751)  loss_mal: 1.5527 (1.6235)  loss_bbox: 0.7598 (0.8706)  loss_giou: 1.2251 (1.2483)  loss_fgl: 0.7483 (0.8758)  loss_mal_aux_0: 1.4736 (1.4382)  loss_bbox_aux_0: 0.7851 (0.9094)  loss_giou_aux_0: 1.3232 (1.3176)  loss_fgl_aux_0: 0.6916 (0.8517)  loss_ddf_aux_0: 0.0787 (0.0857)  loss_mal_aux_1: 1.5186 (1.5475)  loss_bbox_aux_1: 0.7696 (0.8835)  loss_giou_aux_1: 1.2514 (1.2754)  loss_fgl_aux_1: 0.7449 (0.8621)  loss_ddf_aux_1: 0.0108 (0.0125)  loss_mal_aux_2: 1.6191 (1.6784)  loss_bbox_aux_2: 0.7594 (0.8650)  loss_giou_aux_2: 1.2276 (1.2448)  loss_fgl_aux_2: 0.7571 (0.8832)  loss_ddf_aux_2: 0.0012 (0.0014)  loss_mal_pre: 1.4326 (1.4220)  loss_bbox_pre: 0.7844 (0.9209)  loss_giou_pre: 1.3323 (1.3362)  loss_mal_enc_0: 1.3799 (1.4189)  loss_bbox_enc_0: 0.8423 (0.9541)  loss_giou_enc_0: 1.4347 (1.4322)  loss_mal_dn_0: 1.5420 (1.5516)  loss_bbox_dn_0: 0.9812 (1.0329)  loss_giou_dn_0: 1.1761 (1.1706)  loss_fgl_dn_0: 1.0691 (1.0715)  loss_ddf_dn_0: 0.1923 (0.2017)  loss_mal_dn_1: 1.8320 (1.8359)  loss_bbox_dn_1: 0.7629 (0.8442)  loss_giou_dn_1: 1.0272 (1.0335)  loss_fgl_dn_1: 1.0182 (1.0201)  loss_ddf_dn_1: 0.0330 (0.0358)  loss_mal_dn_2: 2.0039 (1.9822)  loss_bbox_dn_2: 0.7432 (0.8243)  loss_giou_dn_2: 0.9615 (0.9772)  loss_fgl_dn_2: 1.0232 (1.0317)  loss_ddf_dn_2: 0.0028 (0.0030)  loss_mal_dn_3: 1.9668 (1.9395)  loss_bbox_dn_3: 0.7433 (0.8208)  loss_giou_dn_3: 0.9504 (0.9700)  loss_fgl_dn_3: 1.0270 (1.0356)  loss_mal_dn_pre: 1.5586 (1.5757)  loss_bbox_dn_pre: 0.9240 (1.0065)  loss_giou_dn_pre: 1.1509 (1.1519)  time: 0.2351  data: 0.0765  max mem: 3583
Epoch: [15] Total time: 0:00:01 (0.2436 s / it)
Averaged stats: lr: 0.000000  loss: 48.5576 (49.0751)  loss_mal: 1.5527 (1.6235)  loss_bbox: 0.7598 (0.8706)  loss_giou: 1.2251 (1.2483)  loss_fgl: 0.7483 (0.8758)  loss_mal_aux_0: 1.4736 (1.4382)  loss_bbox_aux_0: 0.7851 (0.9094)  loss_giou_aux_0: 1.3232 (1.3176)  loss_fgl_aux_0: 0.6916 (0.8517)  loss_ddf_aux_0: 0.0787 (0.0857)  loss_mal_aux_1: 1.5186 (1.5475)  loss_bbox_aux_1: 0.7696 (0.8835)  loss_giou_aux_1: 1.2514 (1.2754)  loss_fgl_aux_1: 0.7449 (0.8621)  loss_ddf_aux_1: 0.0108 (0.0125)  loss_mal_aux_2: 1.6191 (1.6784)  loss_bbox_aux_2: 0.7594 (0.8650)  loss_giou_aux_2: 1.2276 (1.2448)  loss_fgl_aux_2: 0.7571 (0.8832)  loss_ddf_aux_2: 0.0012 (0.0014)  loss_mal_pre: 1.4326 (1.4220)  loss_bbox_pre: 0.7844 (0.9209)  loss_giou_pre: 1.3323 (1.3362)  loss_mal_enc_0: 1.3799 (1.4189)  loss_bbox_enc_0: 0.8423 (0.9541)  loss_giou_enc_0: 1.4347 (1.4322)  loss_mal_dn_0: 1.5420 (1.5516)  loss_bbox_dn_0: 0.9812 (1.0329)  loss_giou_dn_0: 1.1761 (1.1706)  loss_fgl_dn_0: 1.0691 (1.0715)  loss_ddf_dn_0: 0.1923 (0.2017)  loss_mal_dn_1: 1.8320 (1.8359)  loss_bbox_dn_1: 0.7629 (0.8442)  loss_giou_dn_1: 1.0272 (1.0335)  loss_fgl_dn_1: 1.0182 (1.0201)  loss_ddf_dn_1: 0.0330 (0.0358)  loss_mal_dn_2: 2.0039 (1.9822)  loss_bbox_dn_2: 0.7432 (0.8243)  loss_giou_dn_2: 0.9615 (0.9772)  loss_fgl_dn_2: 1.0232 (1.0317)  loss_ddf_dn_2: 0.0028 (0.0030)  loss_mal_dn_3: 1.9668 (1.9395)  loss_bbox_dn_3: 0.7433 (0.8208)  loss_giou_dn_3: 0.9504 (0.9700)  loss_fgl_dn_3: 1.0270 (1.0356)  loss_mal_dn_pre: 1.5586 (1.5757)  loss_bbox_dn_pre: 0.9240 (1.0065)  loss_giou_dn_pre: 1.1509 (1.1519)
Test:  [0/4]  eta: 0:00:01    time: 0.3919  data: 0.3554  max mem: 3583
Test:  [3/4]  eta: 0:00:00    time: 0.1236  data: 0.0908  max mem: 3583
Test: Total time: 0:00:00 (0.1420 s / it)
Averaged stats: 
Accumulating evaluation results...
COCOeval_opt.accumulate() finished...
DONE (t=0.00s).
IoU metric: bbox
 Average Precision  (AP) @[ IoU=0.50:0.95 | area=   all | maxDets=100 ] = 0.000
 Average Precision  (AP) @[ IoU=0.50      | area=   all | maxDets=100 ] = 0.000
 Average Precision  (AP) @[ IoU=0.75      | area=   all | maxDets=100 ] = 0.000
 Average Precision  (AP) @[ IoU=0.50:0.95 | area= small | maxDets=100 ] = -1.000
 Average Precision  (AP) @[ IoU=0.50:0.95 | area=medium | maxDets=100 ] = -1.000
 Average Precision  (AP) @[ IoU=0.50:0.95 | area= large | maxDets=100 ] = 0.000
 Average Recall     (AR) @[ IoU=0.50:0.95 | area=   all | maxDets=  1 ] = 0.000
 Average Recall     (AR) @[ IoU=0.50:0.95 | area=   all | maxDets= 10 ] = 0.000
 Average Recall     (AR) @[ IoU=0.50:0.95 | area=   all | maxDets=100 ] = 0.000
 Average Recall     (AR) @[ IoU=0.50:0.95 | area= small | maxDets=100 ] = -1.000
 Average Recall     (AR) @[ IoU=0.50:0.95 | area=medium | maxDets=100 ] = -1.000
 Average Recall     (AR) @[ IoU=0.50:0.95 | area= large | maxDets=100 ] = 0.000
 Average Recall     (AR) @[ IoU=0.50      | area=   all | maxDets=100 ] = 0.000
 Average Recall     (AR) @[ IoU=0.75      | area=   all | maxDets=100 ] = 0.000
best_stat: {'epoch': -1, 'coco_eval_bbox': 0.0}
Epoch: [16]  [0/8]  eta: 0:00:07  lr: 0.000000  loss: 54.4793 (54.4793)  loss_mal: 1.0605 (1.0605)  loss_bbox: 1.8328 (1.8328)  loss_giou: 1.5243 (1.5243)  loss_fgl: 0.7462 (0.7462)  loss_mal_aux_0: 0.9873 (0.9873)  loss_bbox_aux_0: 1.8413 (1.8413)  loss_giou_aux_0: 1.5824 (1.5824)  loss_fgl_aux_0: 0.6977 (0.6977)  loss_ddf_aux_0: 0.0790 (0.0790)  loss_mal_aux_1: 0.9990 (0.9990)  loss_bbox_aux_1: 1.8256 (1.8256)  loss_giou_aux_1: 1.5473 (1.5473)  loss_fgl_aux_1: 0.7315 (0.7315)  loss_ddf_aux_1: 0.0189 (0.0189)  loss_mal_aux_2: 1.0996 (1.0996)  loss_bbox_aux_2: 1.8097 (1.8097)  loss_giou_aux_2: 1.5281 (1.5281)  loss_fgl_aux_2: 0.7432 (0.7432)  loss_ddf_aux_2: 0.0032 (0.0032)  loss_mal_pre: 0.8906 (0.8906)  loss_bbox_pre: 1.9703 (1.9703)  loss_giou_pre: 1.6725 (1.6725)  loss_mal_enc_0: 1.1260 (1.1260)  loss_bbox_enc_0: 2.0070 (2.0070)  loss_giou_enc_0: 1.7671 (1.7671)  loss_mal_dn_0: 1.3789 (1.3789)  loss_bbox_dn_0: 1.4927 (1.4927)  loss_giou_dn_0: 1.2330 (1.2330)  loss_fgl_dn_0: 0.9949 (0.9949)  loss_ddf_dn_0: 0.1251 (0.1251)  loss_mal_dn_1: 1.6514 (1.6514)  loss_bbox_dn_1: 1.2363 (1.2363)  loss_giou_dn_1: 1.1211 (1.1211)  loss_fgl_dn_1: 0.9950 (0.9950)  loss_ddf_dn_1: 0.0235 (0.0235)  loss_mal_dn_2: 1.7324 (1.7324)  loss_bbox_dn_2: 1.2261 (1.2261)  loss_giou_dn_2: 1.0918 (1.0918)  loss_fgl_dn_2: 0.9998 (0.9998)  loss_ddf_dn_2: 0.0030 (0.0030)  loss_mal_dn_3: 1.6846 (1.6846)  loss_bbox_dn_3: 1.2324 (1.2324)  loss_giou_dn_3: 1.0859 (1.0859)  loss_fgl_dn_3: 1.0023 (1.0023)  loss_mal_dn_pre: 1.4307 (1.4307)  loss_bbox_dn_pre: 1.4460 (1.4460)  loss_giou_dn_pre: 1.2013 (1.2013)  time: 0.9350  data: 0.7630  max mem: 3583
Epoch: [16]  [7/8]  eta: 0:00:00  lr: 0.000000  loss: 47.3240 (49.0261)  loss_mal: 1.0557 (1.2413)  loss_bbox: 0.9431 (1.0599)  loss_giou: 1.5241 (1.4501)  loss_fgl: 0.7083 (0.7841)  loss_mal_aux_0: 0.9092 (1.1301)  loss_bbox_aux_0: 0.9558 (1.0883)  loss_giou_aux_0: 1.5824 (1.5103)  loss_fgl_aux_0: 0.6812 (0.7590)  loss_ddf_aux_0: 0.0644 (0.0693)  loss_mal_aux_1: 0.9990 (1.2110)  loss_bbox_aux_1: 0.9299 (1.0643)  loss_giou_aux_1: 1.5473 (1.4683)  loss_fgl_aux_1: 0.6965 (0.7812)  loss_ddf_aux_1: 0.0101 (0.0135)  loss_mal_aux_2: 1.0752 (1.2888)  loss_bbox_aux_2: 0.9477 (1.0590)  loss_giou_aux_2: 1.5214 (1.4462)  loss_fgl_aux_2: 0.7123 (0.7858)  loss_ddf_aux_2: 0.0009 (0.0013)  loss_mal_pre: 0.8906 (1.0923)  loss_bbox_pre: 0.9394 (1.1249)  loss_giou_pre: 1.6465 (1.5246)  loss_mal_enc_0: 0.9712 (1.1227)  loss_bbox_enc_0: 0.9326 (1.1158)  loss_giou_enc_0: 1.6579 (1.5894)  loss_mal_dn_0: 1.3789 (1.4823)  loss_bbox_dn_0: 1.0898 (1.1257)  loss_giou_dn_0: 1.2330 (1.2042)  loss_fgl_dn_0: 0.9949 (1.0345)  loss_ddf_dn_0: 0.1664 (0.1790)  loss_mal_dn_1: 1.6514 (1.7332)  loss_bbox_dn_1: 0.9364 (0.9330)  loss_giou_dn_1: 1.1211 (1.0926)  loss_fgl_dn_1: 0.9609 (1.0069)  loss_ddf_dn_1: 0.0339 (0.0339)  loss_mal_dn_2: 1.7168 (1.8635)  loss_bbox_dn_2: 0.8966 (0.9241)  loss_giou_dn_2: 1.0777 (1.0415)  loss_fgl_dn_2: 0.9614 (1.0095)  loss_ddf_dn_2: 0.0028 (0.0028)  loss_mal_dn_3: 1.6719 (1.8124)  loss_bbox_dn_3: 0.8880 (0.9270)  loss_giou_dn_3: 1.0749 (1.0370)  loss_fgl_dn_3: 0.9653 (1.0112)  loss_mal_dn_pre: 1.4307 (1.4974)  loss_bbox_dn_pre: 1.1003 (1.1010)  loss_giou_dn_pre: 1.2065 (1.1918)  time: 0.2944  data: 0.0973  max mem: 3583
Epoch: [16] Total time: 0:00:02 (0.3045 s / it)
Averaged stats: lr: 0.000000  loss: 47.3240 (49.0261)  loss_mal: 1.0557 (1.2413)  loss_bbox: 0.9431 (1.0599)  loss_giou: 1.5241 (1.4501)  loss_fgl: 0.7083 (0.7841)  loss_mal_aux_0: 0.9092 (1.1301)  loss_bbox_aux_0: 0.9558 (1.0883)  loss_giou_aux_0: 1.5824 (1.5103)  loss_fgl_aux_0: 0.6812 (0.7590)  loss_ddf_aux_0: 0.0644 (0.0693)  loss_mal_aux_1: 0.9990 (1.2110)  loss_bbox_aux_1: 0.9299 (1.0643)  loss_giou_aux_1: 1.5473 (1.4683)  loss_fgl_aux_1: 0.6965 (0.7812)  loss_ddf_aux_1: 0.0101 (0.0135)  loss_mal_aux_2: 1.0752 (1.2888)  loss_bbox_aux_2: 0.9477 (1.0590)  loss_giou_aux_2: 1.5214 (1.4462)  loss_fgl_aux_2: 0.7123 (0.7858)  loss_ddf_aux_2: 0.0009 (0.0013)  loss_mal_pre: 0.8906 (1.0923)  loss_bbox_pre: 0.9394 (1.1249)  loss_giou_pre: 1.6465 (1.5246)  loss_mal_enc_0: 0.9712 (1.1227)  loss_bbox_enc_0: 0.9326 (1.1158)  loss_giou_enc_0: 1.6579 (1.5894)  loss_mal_dn_0: 1.3789 (1.4823)  loss_bbox_dn_0: 1.0898 (1.1257)  loss_giou_dn_0: 1.2330 (1.2042)  loss_fgl_dn_0: 0.9949 (1.0345)  loss_ddf_dn_0: 0.1664 (0.1790)  loss_mal_dn_1: 1.6514 (1.7332)  loss_bbox_dn_1: 0.9364 (0.9330)  loss_giou_dn_1: 1.1211 (1.0926)  loss_fgl_dn_1: 0.9609 (1.0069)  loss_ddf_dn_1: 0.0339 (0.0339)  loss_mal_dn_2: 1.7168 (1.8635)  loss_bbox_dn_2: 0.8966 (0.9241)  loss_giou_dn_2: 1.0777 (1.0415)  loss_fgl_dn_2: 0.9614 (1.0095)  loss_ddf_dn_2: 0.0028 (0.0028)  loss_mal_dn_3: 1.6719 (1.8124)  loss_bbox_dn_3: 0.8880 (0.9270)  loss_giou_dn_3: 1.0749 (1.0370)  loss_fgl_dn_3: 0.9653 (1.0112)  loss_mal_dn_pre: 1.4307 (1.4974)  loss_bbox_dn_pre: 1.1003 (1.1010)  loss_giou_dn_pre: 1.2065 (1.1918)
Test:  [0/4]  eta: 0:00:01    time: 0.3960  data: 0.3559  max mem: 3583
Test:  [3/4]  eta: 0:00:00    time: 0.1757  data: 0.0912  max mem: 3583
Test: Total time: 0:00:00 (0.1959 s / it)
Averaged stats: 
Accumulating evaluation results...
COCOeval_opt.accumulate() finished...
DONE (t=0.00s).
IoU metric: bbox
 Average Precision  (AP) @[ IoU=0.50:0.95 | area=   all | maxDets=100 ] = 0.000
 Average Precision  (AP) @[ IoU=0.50      | area=   all | maxDets=100 ] = 0.000
 Average Precision  (AP) @[ IoU=0.75      | area=   all | maxDets=100 ] = 0.000
 Average Precision  (AP) @[ IoU=0.50:0.95 | area= small | maxDets=100 ] = -1.000
 Average Precision  (AP) @[ IoU=0.50:0.95 | area=medium | maxDets=100 ] = -1.000
 Average Precision  (AP) @[ IoU=0.50:0.95 | area= large | maxDets=100 ] = 0.000
 Average Recall     (AR) @[ IoU=0.50:0.95 | area=   all | maxDets=  1 ] = 0.000
 Average Recall     (AR) @[ IoU=0.50:0.95 | area=   all | maxDets= 10 ] = 0.000
 Average Recall     (AR) @[ IoU=0.50:0.95 | area=   all | maxDets=100 ] = 0.000
 Average Recall     (AR) @[ IoU=0.50:0.95 | area= small | maxDets=100 ] = -1.000
 Average Recall     (AR) @[ IoU=0.50:0.95 | area=medium | maxDets=100 ] = -1.000
 Average Recall     (AR) @[ IoU=0.50:0.95 | area= large | maxDets=100 ] = 0.000
 Average Recall     (AR) @[ IoU=0.50      | area=   all | maxDets=100 ] = 0.000
 Average Recall     (AR) @[ IoU=0.75      | area=   all | maxDets=100 ] = 0.000
best_stat: {'epoch': -1, 'coco_eval_bbox': 0.0}
Epoch: [17]  [0/8]  eta: 0:00:06  lr: 0.000000  loss: 48.9365 (48.9365)  loss_mal: 1.1924 (1.1924)  loss_bbox: 1.0328 (1.0328)  loss_giou: 1.4995 (1.4995)  loss_fgl: 0.6463 (0.6463)  loss_mal_aux_0: 1.0674 (1.0674)  loss_bbox_aux_0: 1.0907 (1.0907)  loss_giou_aux_0: 1.5758 (1.5758)  loss_fgl_aux_0: 0.6233 (0.6233)  loss_ddf_aux_0: 0.0267 (0.0267)  loss_mal_aux_1: 1.2100 (1.2100)  loss_bbox_aux_1: 1.0308 (1.0308)  loss_giou_aux_1: 1.5055 (1.5055)  loss_fgl_aux_1: 0.6546 (0.6546)  loss_ddf_aux_1: 0.0050 (0.0050)  loss_mal_aux_2: 1.2480 (1.2480)  loss_bbox_aux_2: 1.0325 (1.0325)  loss_giou_aux_2: 1.4996 (1.4996)  loss_fgl_aux_2: 0.6478 (0.6478)  loss_ddf_aux_2: 0.0006 (0.0006)  loss_mal_pre: 1.0322 (1.0322)  loss_bbox_pre: 1.1315 (1.1315)  loss_giou_pre: 1.5942 (1.5942)  loss_mal_enc_0: 0.9048 (0.9048)  loss_bbox_enc_0: 1.2455 (1.2455)  loss_giou_enc_0: 1.6998 (1.6998)  loss_mal_dn_0: 1.3398 (1.3398)  loss_bbox_dn_0: 1.3301 (1.3301)  loss_giou_dn_0: 1.2832 (1.2832)  loss_fgl_dn_0: 1.0966 (1.0966)  loss_ddf_dn_0: 0.2497 (0.2497)  loss_mal_dn_1: 1.5420 (1.5420)  loss_bbox_dn_1: 1.0377 (1.0377)  loss_giou_dn_1: 1.1647 (1.1647)  loss_fgl_dn_1: 1.0395 (1.0395)  loss_ddf_dn_1: 0.0383 (0.0383)  loss_mal_dn_2: 1.7402 (1.7402)  loss_bbox_dn_2: 0.9885 (0.9885)  loss_giou_dn_2: 1.0869 (1.0869)  loss_fgl_dn_2: 1.0503 (1.0503)  loss_ddf_dn_2: 0.0022 (0.0022)  loss_mal_dn_3: 1.7002 (1.7002)  loss_bbox_dn_3: 0.9926 (0.9926)  loss_giou_dn_3: 1.0800 (1.0800)  loss_fgl_dn_3: 1.0533 (1.0533)  loss_mal_dn_pre: 1.3711 (1.3711)  loss_bbox_dn_pre: 1.2960 (1.2960)  loss_giou_dn_pre: 1.2565 (1.2565)  time: 0.8423  data: 0.6156  max mem: 3583
Epoch: [17]  [7/8]  eta: 0:00:00  lr: 0.000000  loss: 48.9365 (49.1748)  loss_mal: 1.3252 (1.5960)  loss_bbox: 0.7259 (0.9025)  loss_giou: 1.1720 (1.3254)  loss_fgl: 0.7863 (0.8139)  loss_mal_aux_0: 1.0674 (1.4071)  loss_bbox_aux_0: 0.7634 (0.9425)  loss_giou_aux_0: 1.2715 (1.4205)  loss_fgl_aux_0: 0.7867 (0.8089)  loss_ddf_aux_0: 0.0635 (0.0803)  loss_mal_aux_1: 1.2100 (1.5112)  loss_bbox_aux_1: 0.7453 (0.9055)  loss_giou_aux_1: 1.2072 (1.3549)  loss_fgl_aux_1: 0.7740 (0.8117)  loss_ddf_aux_1: 0.0092 (0.0128)  loss_mal_aux_2: 1.3193 (1.6256)  loss_bbox_aux_2: 0.7288 (0.9017)  loss_giou_aux_2: 1.1742 (1.3261)  loss_fgl_aux_2: 0.7841 (0.8138)  loss_ddf_aux_2: 0.0009 (0.0010)  loss_mal_pre: 1.0322 (1.3712)  loss_bbox_pre: 0.7732 (0.9598)  loss_giou_pre: 1.3144 (1.4309)  loss_mal_enc_0: 0.9741 (1.3377)  loss_bbox_enc_0: 0.8359 (1.0065)  loss_giou_enc_0: 1.3822 (1.5357)  loss_mal_dn_0: 1.6025 (1.5945)  loss_bbox_dn_0: 0.8794 (0.9236)  loss_giou_dn_0: 1.0651 (1.1569)  loss_fgl_dn_0: 1.1089 (1.0915)  loss_ddf_dn_0: 0.2356 (0.2190)  loss_mal_dn_1: 2.0293 (1.9100)  loss_bbox_dn_1: 0.7382 (0.7601)  loss_giou_dn_1: 0.9381 (1.0076)  loss_fgl_dn_1: 1.0236 (1.0320)  loss_ddf_dn_1: 0.0363 (0.0387)  loss_mal_dn_2: 2.2480 (2.0779)  loss_bbox_dn_2: 0.7224 (0.7471)  loss_giou_dn_2: 0.8623 (0.9474)  loss_fgl_dn_2: 1.0348 (1.0349)  loss_ddf_dn_2: 0.0027 (0.0025)  loss_mal_dn_3: 2.2012 (2.0363)  loss_bbox_dn_3: 0.7316 (0.7433)  loss_giou_dn_3: 0.8589 (0.9423)  loss_fgl_dn_3: 1.0390 (1.0377)  loss_mal_dn_pre: 1.6162 (1.6265)  loss_bbox_dn_pre: 0.8223 (0.9071)  loss_giou_dn_pre: 1.0565 (1.1347)  time: 0.2668  data: 0.0903  max mem: 3583
Epoch: [17] Total time: 0:00:02 (0.2763 s / it)
Averaged stats: lr: 0.000000  loss: 48.9365 (49.1748)  loss_mal: 1.3252 (1.5960)  loss_bbox: 0.7259 (0.9025)  loss_giou: 1.1720 (1.3254)  loss_fgl: 0.7863 (0.8139)  loss_mal_aux_0: 1.0674 (1.4071)  loss_bbox_aux_0: 0.7634 (0.9425)  loss_giou_aux_0: 1.2715 (1.4205)  loss_fgl_aux_0: 0.7867 (0.8089)  loss_ddf_aux_0: 0.0635 (0.0803)  loss_mal_aux_1: 1.2100 (1.5112)  loss_bbox_aux_1: 0.7453 (0.9055)  loss_giou_aux_1: 1.2072 (1.3549)  loss_fgl_aux_1: 0.7740 (0.8117)  loss_ddf_aux_1: 0.0092 (0.0128)  loss_mal_aux_2: 1.3193 (1.6256)  loss_bbox_aux_2: 0.7288 (0.9017)  loss_giou_aux_2: 1.1742 (1.3261)  loss_fgl_aux_2: 0.7841 (0.8138)  loss_ddf_aux_2: 0.0009 (0.0010)  loss_mal_pre: 1.0322 (1.3712)  loss_bbox_pre: 0.7732 (0.9598)  loss_giou_pre: 1.3144 (1.4309)  loss_mal_enc_0: 0.9741 (1.3377)  loss_bbox_enc_0: 0.8359 (1.0065)  loss_giou_enc_0: 1.3822 (1.5357)  loss_mal_dn_0: 1.6025 (1.5945)  loss_bbox_dn_0: 0.8794 (0.9236)  loss_giou_dn_0: 1.0651 (1.1569)  loss_fgl_dn_0: 1.1089 (1.0915)  loss_ddf_dn_0: 0.2356 (0.2190)  loss_mal_dn_1: 2.0293 (1.9100)  loss_bbox_dn_1: 0.7382 (0.7601)  loss_giou_dn_1: 0.9381 (1.0076)  loss_fgl_dn_1: 1.0236 (1.0320)  loss_ddf_dn_1: 0.0363 (0.0387)  loss_mal_dn_2: 2.2480 (2.0779)  loss_bbox_dn_2: 0.7224 (0.7471)  loss_giou_dn_2: 0.8623 (0.9474)  loss_fgl_dn_2: 1.0348 (1.0349)  loss_ddf_dn_2: 0.0027 (0.0025)  loss_mal_dn_3: 2.2012 (2.0363)  loss_bbox_dn_3: 0.7316 (0.7433)  loss_giou_dn_3: 0.8589 (0.9423)  loss_fgl_dn_3: 1.0390 (1.0377)  loss_mal_dn_pre: 1.6162 (1.6265)  loss_bbox_dn_pre: 0.8223 (0.9071)  loss_giou_dn_pre: 1.0565 (1.1347)
Test:  [0/4]  eta: 0:00:01    time: 0.3953  data: 0.3552  max mem: 3583
Test:  [3/4]  eta: 0:00:00    time: 0.1290  data: 0.0908  max mem: 3583
Test: Total time: 0:00:00 (0.1453 s / it)
Averaged stats: 
Accumulating evaluation results...
COCOeval_opt.accumulate() finished...
DONE (t=0.00s).
IoU metric: bbox
 Average Precision  (AP) @[ IoU=0.50:0.95 | area=   all | maxDets=100 ] = 0.000
 Average Precision  (AP) @[ IoU=0.50      | area=   all | maxDets=100 ] = 0.000
 Average Precision  (AP) @[ IoU=0.75      | area=   all | maxDets=100 ] = 0.000
 Average Precision  (AP) @[ IoU=0.50:0.95 | area= small | maxDets=100 ] = -1.000
 Average Precision  (AP) @[ IoU=0.50:0.95 | area=medium | maxDets=100 ] = -1.000
 Average Precision  (AP) @[ IoU=0.50:0.95 | area= large | maxDets=100 ] = 0.000
 Average Recall     (AR) @[ IoU=0.50:0.95 | area=   all | maxDets=  1 ] = 0.000
 Average Recall     (AR) @[ IoU=0.50:0.95 | area=   all | maxDets= 10 ] = 0.000
 Average Recall     (AR) @[ IoU=0.50:0.95 | area=   all | maxDets=100 ] = 0.000
 Average Recall     (AR) @[ IoU=0.50:0.95 | area= small | maxDets=100 ] = -1.000
 Average Recall     (AR) @[ IoU=0.50:0.95 | area=medium | maxDets=100 ] = -1.000
 Average Recall     (AR) @[ IoU=0.50:0.95 | area= large | maxDets=100 ] = 0.000
 Average Recall     (AR) @[ IoU=0.50      | area=   all | maxDets=100 ] = 0.000
 Average Recall     (AR) @[ IoU=0.75      | area=   all | maxDets=100 ] = 0.000
best_stat: {'epoch': -1, 'coco_eval_bbox': 0.0}
Epoch: [18]  [0/8]  eta: 0:00:07  lr: 0.000000  loss: 50.0948 (50.0948)  loss_mal: 1.8018 (1.8018)  loss_bbox: 0.8523 (0.8523)  loss_giou: 1.0910 (1.0910)  loss_fgl: 0.8175 (0.8175)  loss_mal_aux_0: 1.7080 (1.7080)  loss_bbox_aux_0: 0.8848 (0.8848)  loss_giou_aux_0: 1.1709 (1.1709)  loss_fgl_aux_0: 0.7708 (0.7708)  loss_ddf_aux_0: 0.0947 (0.0947)  loss_mal_aux_1: 1.6826 (1.6826)  loss_bbox_aux_1: 0.8573 (0.8573)  loss_giou_aux_1: 1.1125 (1.1125)  loss_fgl_aux_1: 0.8108 (0.8108)  loss_ddf_aux_1: 0.0128 (0.0128)  loss_mal_aux_2: 1.8408 (1.8408)  loss_bbox_aux_2: 0.8491 (0.8491)  loss_giou_aux_2: 1.0900 (1.0900)  loss_fgl_aux_2: 0.8186 (0.8186)  loss_ddf_aux_2: 0.0010 (0.0010)  loss_mal_pre: 1.6777 (1.6777)  loss_bbox_pre: 0.9643 (0.9643)  loss_giou_pre: 1.1973 (1.1973)  loss_mal_enc_0: 1.5996 (1.5996)  loss_bbox_enc_0: 1.0482 (1.0482)  loss_giou_enc_0: 1.3196 (1.3196)  loss_mal_dn_0: 1.8525 (1.8525)  loss_bbox_dn_0: 0.9664 (0.9664)  loss_giou_dn_0: 1.0441 (1.0441)  loss_fgl_dn_0: 1.1813 (1.1813)  loss_ddf_dn_0: 0.2452 (0.2452)  loss_mal_dn_1: 2.1465 (2.1465)  loss_bbox_dn_1: 0.8055 (0.8055)  loss_giou_dn_1: 0.8803 (0.8803)  loss_fgl_dn_1: 1.0498 (1.0498)  loss_ddf_dn_1: 0.0360 (0.0360)  loss_mal_dn_2: 2.3457 (2.3457)  loss_bbox_dn_2: 0.7759 (0.7759)  loss_giou_dn_2: 0.8296 (0.8296)  loss_fgl_dn_2: 1.0433 (1.0433)  loss_ddf_dn_2: 0.0035 (0.0035)  loss_mal_dn_3: 2.3223 (2.3223)  loss_bbox_dn_3: 0.7562 (0.7562)  loss_giou_dn_3: 0.8116 (0.8116)  loss_fgl_dn_3: 1.0561 (1.0561)  loss_mal_dn_pre: 1.8848 (1.8848)  loss_bbox_dn_pre: 0.9594 (0.9594)  loss_giou_dn_pre: 1.0250 (1.0250)  time: 0.9087  data: 0.7363  max mem: 3583
Epoch: [18]  [7/8]  eta: 0:00:00  lr: 0.000000  loss: 48.9130 (49.6276)  loss_mal: 1.3271 (1.5833)  loss_bbox: 0.8996 (0.9944)  loss_giou: 1.2996 (1.3120)  loss_fgl: 0.8175 (0.8137)  loss_mal_aux_0: 1.1797 (1.3474)  loss_bbox_aux_0: 0.9364 (1.0674)  loss_giou_aux_0: 1.4058 (1.3996)  loss_fgl_aux_0: 0.7708 (0.7955)  loss_ddf_aux_0: 0.0695 (0.0876)  loss_mal_aux_1: 1.2881 (1.4744)  loss_bbox_aux_1: 0.9150 (1.0118)  loss_giou_aux_1: 1.3348 (1.3428)  loss_fgl_aux_1: 0.8108 (0.8066)  loss_ddf_aux_1: 0.0116 (0.0132)  loss_mal_aux_2: 1.3770 (1.6159)  loss_bbox_aux_2: 0.9023 (0.9913)  loss_giou_aux_2: 1.2989 (1.3128)  loss_fgl_aux_2: 0.8186 (0.8147)  loss_ddf_aux_2: 0.0010 (0.0012)  loss_mal_pre: 1.1709 (1.3155)  loss_bbox_pre: 0.9643 (1.0384)  loss_giou_pre: 1.3865 (1.3971)  loss_mal_enc_0: 1.0742 (1.2755)  loss_bbox_enc_0: 1.0482 (1.0971)  loss_giou_enc_0: 1.4594 (1.5097)  loss_mal_dn_0: 1.3916 (1.4934)  loss_bbox_dn_0: 1.0735 (1.0787)  loss_giou_dn_0: 1.2210 (1.2098)  loss_fgl_dn_0: 1.0677 (1.0671)  loss_ddf_dn_0: 0.1844 (0.2033)  loss_mal_dn_1: 1.6602 (1.7695)  loss_bbox_dn_1: 0.8512 (0.8821)  loss_giou_dn_1: 1.0847 (1.0731)  loss_fgl_dn_1: 1.0063 (1.0110)  loss_ddf_dn_1: 0.0347 (0.0379)  loss_mal_dn_2: 1.8633 (1.9354)  loss_bbox_dn_2: 0.8495 (0.8570)  loss_giou_dn_2: 0.9955 (1.0149)  loss_fgl_dn_2: 1.0022 (1.0224)  loss_ddf_dn_2: 0.0032 (0.0036)  loss_mal_dn_3: 1.8398 (1.8928)  loss_bbox_dn_3: 0.8528 (0.8530)  loss_giou_dn_3: 0.9969 (1.0104)  loss_fgl_dn_3: 1.0076 (1.0236)  loss_mal_dn_pre: 1.4189 (1.5233)  loss_bbox_dn_pre: 1.0988 (1.0601)  loss_giou_dn_pre: 1.2014 (1.1863)  time: 0.2416  data: 0.0957  max mem: 3583
Epoch: [18] Total time: 0:00:02 (0.2505 s / it)
Averaged stats: lr: 0.000000  loss: 48.9130 (49.6276)  loss_mal: 1.3271 (1.5833)  loss_bbox: 0.8996 (0.9944)  loss_giou: 1.2996 (1.3120)  loss_fgl: 0.8175 (0.8137)  loss_mal_aux_0: 1.1797 (1.3474)  loss_bbox_aux_0: 0.9364 (1.0674)  loss_giou_aux_0: 1.4058 (1.3996)  loss_fgl_aux_0: 0.7708 (0.7955)  loss_ddf_aux_0: 0.0695 (0.0876)  loss_mal_aux_1: 1.2881 (1.4744)  loss_bbox_aux_1: 0.9150 (1.0118)  loss_giou_aux_1: 1.3348 (1.3428)  loss_fgl_aux_1: 0.8108 (0.8066)  loss_ddf_aux_1: 0.0116 (0.0132)  loss_mal_aux_2: 1.3770 (1.6159)  loss_bbox_aux_2: 0.9023 (0.9913)  loss_giou_aux_2: 1.2989 (1.3128)  loss_fgl_aux_2: 0.8186 (0.8147)  loss_ddf_aux_2: 0.0010 (0.0012)  loss_mal_pre: 1.1709 (1.3155)  loss_bbox_pre: 0.9643 (1.0384)  loss_giou_pre: 1.3865 (1.3971)  loss_mal_enc_0: 1.0742 (1.2755)  loss_bbox_enc_0: 1.0482 (1.0971)  loss_giou_enc_0: 1.4594 (1.5097)  loss_mal_dn_0: 1.3916 (1.4934)  loss_bbox_dn_0: 1.0735 (1.0787)  loss_giou_dn_0: 1.2210 (1.2098)  loss_fgl_dn_0: 1.0677 (1.0671)  loss_ddf_dn_0: 0.1844 (0.2033)  loss_mal_dn_1: 1.6602 (1.7695)  loss_bbox_dn_1: 0.8512 (0.8821)  loss_giou_dn_1: 1.0847 (1.0731)  loss_fgl_dn_1: 1.0063 (1.0110)  loss_ddf_dn_1: 0.0347 (0.0379)  loss_mal_dn_2: 1.8633 (1.9354)  loss_bbox_dn_2: 0.8495 (0.8570)  loss_giou_dn_2: 0.9955 (1.0149)  loss_fgl_dn_2: 1.0022 (1.0224)  loss_ddf_dn_2: 0.0032 (0.0036)  loss_mal_dn_3: 1.8398 (1.8928)  loss_bbox_dn_3: 0.8528 (0.8530)  loss_giou_dn_3: 0.9969 (1.0104)  loss_fgl_dn_3: 1.0076 (1.0236)  loss_mal_dn_pre: 1.4189 (1.5233)  loss_bbox_dn_pre: 1.0988 (1.0601)  loss_giou_dn_pre: 1.2014 (1.1863)
Test:  [0/4]  eta: 0:00:01    time: 0.3683  data: 0.3289  max mem: 3583
Test:  [3/4]  eta: 0:00:00    time: 0.1215  data: 0.0841  max mem: 3583
Test: Total time: 0:00:00 (0.1398 s / it)
Averaged stats: 
Accumulating evaluation results...
COCOeval_opt.accumulate() finished...
DONE (t=0.00s).
IoU metric: bbox
 Average Precision  (AP) @[ IoU=0.50:0.95 | area=   all | maxDets=100 ] = 0.000
 Average Precision  (AP) @[ IoU=0.50      | area=   all | maxDets=100 ] = 0.000
 Average Precision  (AP) @[ IoU=0.75      | area=   all | maxDets=100 ] = 0.000
 Average Precision  (AP) @[ IoU=0.50:0.95 | area= small | maxDets=100 ] = -1.000
 Average Precision  (AP) @[ IoU=0.50:0.95 | area=medium | maxDets=100 ] = -1.000
 Average Precision  (AP) @[ IoU=0.50:0.95 | area= large | maxDets=100 ] = 0.000
 Average Recall     (AR) @[ IoU=0.50:0.95 | area=   all | maxDets=  1 ] = 0.000
 Average Recall     (AR) @[ IoU=0.50:0.95 | area=   all | maxDets= 10 ] = 0.000
 Average Recall     (AR) @[ IoU=0.50:0.95 | area=   all | maxDets=100 ] = 0.000
 Average Recall     (AR) @[ IoU=0.50:0.95 | area= small | maxDets=100 ] = -1.000
 Average Recall     (AR) @[ IoU=0.50:0.95 | area=medium | maxDets=100 ] = -1.000
 Average Recall     (AR) @[ IoU=0.50:0.95 | area= large | maxDets=100 ] = 0.000
 Average Recall     (AR) @[ IoU=0.50      | area=   all | maxDets=100 ] = 0.000
 Average Recall     (AR) @[ IoU=0.75      | area=   all | maxDets=100 ] = 0.000
best_stat: {'epoch': -1, 'coco_eval_bbox': 0.0}
Epoch: [19]  [0/8]  eta: 0:00:06  lr: 0.000000  loss: 46.1618 (46.1618)  loss_mal: 0.5444 (0.5444)  loss_bbox: 1.1832 (1.1832)  loss_giou: 1.7505 (1.7505)  loss_fgl: 0.6125 (0.6125)  loss_mal_aux_0: 0.3628 (0.3628)  loss_bbox_aux_0: 1.2307 (1.2307)  loss_giou_aux_0: 1.8322 (1.8322)  loss_fgl_aux_0: 0.5658 (0.5658)  loss_ddf_aux_0: 0.0570 (0.0570)  loss_mal_aux_1: 0.5000 (0.5000)  loss_bbox_aux_1: 1.1857 (1.1857)  loss_giou_aux_1: 1.7790 (1.7790)  loss_fgl_aux_1: 0.5993 (0.5993)  loss_ddf_aux_1: 0.0084 (0.0084)  loss_mal_aux_2: 0.5347 (0.5347)  loss_bbox_aux_2: 1.1860 (1.1860)  loss_giou_aux_2: 1.7528 (1.7528)  loss_fgl_aux_2: 0.6144 (0.6144)  loss_ddf_aux_2: 0.0014 (0.0014)  loss_mal_pre: 0.4314 (0.4314)  loss_bbox_pre: 1.2307 (1.2307)  loss_giou_pre: 1.8629 (1.8629)  loss_mal_enc_0: 0.6821 (0.6821)  loss_bbox_enc_0: 1.2955 (1.2955)  loss_giou_enc_0: 1.8971 (1.8971)  loss_mal_dn_0: 1.6152 (1.6152)  loss_bbox_dn_0: 0.8280 (0.8280)  loss_giou_dn_0: 1.1293 (1.1293)  loss_fgl_dn_0: 1.0186 (1.0186)  loss_ddf_dn_0: 0.1714 (0.1714)  loss_mal_dn_1: 2.0859 (2.0859)  loss_bbox_dn_1: 0.6498 (0.6498)  loss_giou_dn_1: 0.9043 (0.9043)  loss_fgl_dn_1: 0.9997 (0.9997)  loss_ddf_dn_1: 0.0312 (0.0312)  loss_mal_dn_2: 2.2930 (2.2930)  loss_bbox_dn_2: 0.6371 (0.6371)  loss_giou_dn_2: 0.8332 (0.8332)  loss_fgl_dn_2: 1.0063 (1.0063)  loss_ddf_dn_2: 0.0026 (0.0026)  loss_mal_dn_3: 2.2422 (2.2422)  loss_bbox_dn_3: 0.6263 (0.6263)  loss_giou_dn_3: 0.8254 (0.8254)  loss_fgl_dn_3: 1.0133 (1.0133)  loss_mal_dn_pre: 1.6396 (1.6396)  loss_bbox_dn_pre: 0.7888 (0.7888)  loss_giou_dn_pre: 1.1201 (1.1201)  time: 0.8098  data: 0.6212  max mem: 3583
Epoch: [19]  [7/8]  eta: 0:00:00  lr: 0.000000  loss: 48.4329 (49.1419)  loss_mal: 1.3076 (1.3480)  loss_bbox: 1.1160 (1.0588)  loss_giou: 1.3633 (1.4531)  loss_fgl: 0.7196 (0.7647)  loss_mal_aux_0: 1.0439 (1.1230)  loss_bbox_aux_0: 1.1124 (1.1009)  loss_giou_aux_0: 1.4624 (1.5478)  loss_fgl_aux_0: 0.6779 (0.7307)  loss_ddf_aux_0: 0.0585 (0.0791)  loss_mal_aux_1: 1.1943 (1.2637)  loss_bbox_aux_1: 1.1152 (1.0656)  loss_giou_aux_1: 1.3820 (1.4810)  loss_fgl_aux_1: 0.7124 (0.7532)  loss_ddf_aux_1: 0.0106 (0.0137)  loss_mal_aux_2: 1.3311 (1.3716)  loss_bbox_aux_2: 1.1262 (1.0583)  loss_giou_aux_2: 1.3613 (1.4547)  loss_fgl_aux_2: 0.7208 (0.7631)  loss_ddf_aux_2: 0.0010 (0.0011)  loss_mal_pre: 0.9927 (1.1008)  loss_bbox_pre: 1.1120 (1.1049)  loss_giou_pre: 1.4709 (1.5567)  loss_mal_enc_0: 1.0713 (1.1552)  loss_bbox_enc_0: 1.0794 (1.1476)  loss_giou_enc_0: 1.6124 (1.6323)  loss_mal_dn_0: 1.4258 (1.5037)  loss_bbox_dn_0: 0.9710 (1.0231)  loss_giou_dn_0: 1.1293 (1.1984)  loss_fgl_dn_0: 1.0692 (1.0592)  loss_ddf_dn_0: 0.1758 (0.1966)  loss_mal_dn_1: 1.7188 (1.7931)  loss_bbox_dn_1: 0.8110 (0.8373)  loss_giou_dn_1: 0.9630 (1.0534)  loss_fgl_dn_1: 1.0554 (1.0301)  loss_ddf_dn_1: 0.0312 (0.0334)  loss_mal_dn_2: 1.9512 (1.9651)  loss_bbox_dn_2: 0.8072 (0.8155)  loss_giou_dn_2: 0.9121 (0.9880)  loss_fgl_dn_2: 1.0682 (1.0443)  loss_ddf_dn_2: 0.0026 (0.0027)  loss_mal_dn_3: 1.9170 (1.9297)  loss_bbox_dn_3: 0.7975 (0.8098)  loss_giou_dn_3: 0.9087 (0.9770)  loss_fgl_dn_3: 1.0701 (1.0524)  loss_mal_dn_pre: 1.5029 (1.5454)  loss_bbox_dn_pre: 0.9574 (0.9841)  loss_giou_dn_pre: 1.1201 (1.1700)  time: 0.2572  data: 0.0816  max mem: 3583
Epoch: [19] Total time: 0:00:02 (0.2653 s / it)
Averaged stats: lr: 0.000000  loss: 48.4329 (49.1419)  loss_mal: 1.3076 (1.3480)  loss_bbox: 1.1160 (1.0588)  loss_giou: 1.3633 (1.4531)  loss_fgl: 0.7196 (0.7647)  loss_mal_aux_0: 1.0439 (1.1230)  loss_bbox_aux_0: 1.1124 (1.1009)  loss_giou_aux_0: 1.4624 (1.5478)  loss_fgl_aux_0: 0.6779 (0.7307)  loss_ddf_aux_0: 0.0585 (0.0791)  loss_mal_aux_1: 1.1943 (1.2637)  loss_bbox_aux_1: 1.1152 (1.0656)  loss_giou_aux_1: 1.3820 (1.4810)  loss_fgl_aux_1: 0.7124 (0.7532)  loss_ddf_aux_1: 0.0106 (0.0137)  loss_mal_aux_2: 1.3311 (1.3716)  loss_bbox_aux_2: 1.1262 (1.0583)  loss_giou_aux_2: 1.3613 (1.4547)  loss_fgl_aux_2: 0.7208 (0.7631)  loss_ddf_aux_2: 0.0010 (0.0011)  loss_mal_pre: 0.9927 (1.1008)  loss_bbox_pre: 1.1120 (1.1049)  loss_giou_pre: 1.4709 (1.5567)  loss_mal_enc_0: 1.0713 (1.1552)  loss_bbox_enc_0: 1.0794 (1.1476)  loss_giou_enc_0: 1.6124 (1.6323)  loss_mal_dn_0: 1.4258 (1.5037)  loss_bbox_dn_0: 0.9710 (1.0231)  loss_giou_dn_0: 1.1293 (1.1984)  loss_fgl_dn_0: 1.0692 (1.0592)  loss_ddf_dn_0: 0.1758 (0.1966)  loss_mal_dn_1: 1.7188 (1.7931)  loss_bbox_dn_1: 0.8110 (0.8373)  loss_giou_dn_1: 0.9630 (1.0534)  loss_fgl_dn_1: 1.0554 (1.0301)  loss_ddf_dn_1: 0.0312 (0.0334)  loss_mal_dn_2: 1.9512 (1.9651)  loss_bbox_dn_2: 0.8072 (0.8155)  loss_giou_dn_2: 0.9121 (0.9880)  loss_fgl_dn_2: 1.0682 (1.0443)  loss_ddf_dn_2: 0.0026 (0.0027)  loss_mal_dn_3: 1.9170 (1.9297)  loss_bbox_dn_3: 0.7975 (0.8098)  loss_giou_dn_3: 0.9087 (0.9770)  loss_fgl_dn_3: 1.0701 (1.0524)  loss_mal_dn_pre: 1.5029 (1.5454)  loss_bbox_dn_pre: 0.9574 (0.9841)  loss_giou_dn_pre: 1.1201 (1.1700)
Test:  [0/4]  eta: 0:00:01    time: 0.3862  data: 0.3491  max mem: 3583
Test:  [3/4]  eta: 0:00:00    time: 0.1592  data: 0.0893  max mem: 3583
Test: Total time: 0:00:00 (0.1765 s / it)
Averaged stats: 
Accumulating evaluation results...
COCOeval_opt.accumulate() finished...
DONE (t=0.00s).
IoU metric: bbox
 Average Precision  (AP) @[ IoU=0.50:0.95 | area=   all | maxDets=100 ] = 0.000
 Average Precision  (AP) @[ IoU=0.50      | area=   all | maxDets=100 ] = 0.000
 Average Precision  (AP) @[ IoU=0.75      | area=   all | maxDets=100 ] = 0.000
 Average Precision  (AP) @[ IoU=0.50:0.95 | area= small | maxDets=100 ] = -1.000
 Average Precision  (AP) @[ IoU=0.50:0.95 | area=medium | maxDets=100 ] = -1.000
 Average Precision  (AP) @[ IoU=0.50:0.95 | area= large | maxDets=100 ] = 0.001
 Average Recall     (AR) @[ IoU=0.50:0.95 | area=   all | maxDets=  1 ] = 0.000
 Average Recall     (AR) @[ IoU=0.50:0.95 | area=   all | maxDets= 10 ] = 0.000
 Average Recall     (AR) @[ IoU=0.50:0.95 | area=   all | maxDets=100 ] = 0.013
 Average Recall     (AR) @[ IoU=0.50:0.95 | area= small | maxDets=100 ] = -1.000
 Average Recall     (AR) @[ IoU=0.50:0.95 | area=medium | maxDets=100 ] = -1.000
 Average Recall     (AR) @[ IoU=0.50:0.95 | area= large | maxDets=100 ] = 0.013
 Average Recall     (AR) @[ IoU=0.50      | area=   all | maxDets=100 ] = 0.033
 Average Recall     (AR) @[ IoU=0.75      | area=   all | maxDets=100 ] = 0.000
best_stat: {'epoch': 19, 'coco_eval_bbox': 7.15342470207612e-05}
Epoch: [20]  [0/8]  eta: 0:00:06  lr: 0.000000  loss: 48.8009 (48.8009)  loss_mal: 1.2041 (1.2041)  loss_bbox: 1.1673 (1.1673)  loss_giou: 1.6105 (1.6105)  loss_fgl: 0.6876 (0.6876)  loss_mal_aux_0: 1.0273 (1.0273)  loss_bbox_aux_0: 1.2236 (1.2236)  loss_giou_aux_0: 1.6730 (1.6730)  loss_fgl_aux_0: 0.6500 (0.6500)  loss_ddf_aux_0: 0.0609 (0.0609)  loss_mal_aux_1: 1.1484 (1.1484)  loss_bbox_aux_1: 1.2006 (1.2006)  loss_giou_aux_1: 1.6489 (1.6489)  loss_fgl_aux_1: 0.6660 (0.6660)  loss_ddf_aux_1: 0.0130 (0.0130)  loss_mal_aux_2: 1.2324 (1.2324)  loss_bbox_aux_2: 1.1595 (1.1595)  loss_giou_aux_2: 1.6089 (1.6089)  loss_fgl_aux_2: 0.6884 (0.6884)  loss_ddf_aux_2: 0.0014 (0.0014)  loss_mal_pre: 1.0117 (1.0117)  loss_bbox_pre: 1.2074 (1.2074)  loss_giou_pre: 1.6774 (1.6774)  loss_mal_enc_0: 1.1406 (1.1406)  loss_bbox_enc_0: 1.0903 (1.0903)  loss_giou_enc_0: 1.7177 (1.7177)  loss_mal_dn_0: 1.2432 (1.2432)  loss_bbox_dn_0: 1.1401 (1.1401)  loss_giou_dn_0: 1.2880 (1.2880)  loss_fgl_dn_0: 0.9306 (0.9306)  loss_ddf_dn_0: 0.2105 (0.2105)  loss_mal_dn_1: 1.5840 (1.5840)  loss_bbox_dn_1: 0.9027 (0.9027)  loss_giou_dn_1: 1.1220 (1.1220)  loss_fgl_dn_1: 0.9218 (0.9218)  loss_ddf_dn_1: 0.0451 (0.0451)  loss_mal_dn_2: 1.7051 (1.7051)  loss_bbox_dn_2: 0.9120 (0.9120)  loss_giou_dn_2: 1.0801 (1.0801)  loss_fgl_dn_2: 0.9392 (0.9392)  loss_ddf_dn_2: 0.0036 (0.0036)  loss_mal_dn_3: 1.6357 (1.6357)  loss_bbox_dn_3: 0.9201 (0.9201)  loss_giou_dn_3: 1.0837 (1.0837)  loss_fgl_dn_3: 0.9383 (0.9383)  loss_mal_dn_pre: 1.2471 (1.2471)  loss_bbox_dn_pre: 1.1395 (1.1395)  loss_giou_dn_pre: 1.2911 (1.2911)  time: 0.7527  data: 0.5451  max mem: 3583
Epoch: [20]  [7/8]  eta: 0:00:00  lr: 0.000000  loss: 49.0894 (49.0142)  loss_mal: 1.2041 (1.2442)  loss_bbox: 1.1673 (1.1302)  loss_giou: 1.4445 (1.5444)  loss_fgl: 0.6665 (0.7017)  loss_mal_aux_0: 1.0273 (1.0695)  loss_bbox_aux_0: 1.1631 (1.1667)  loss_giou_aux_0: 1.5886 (1.6175)  loss_fgl_aux_0: 0.5939 (0.6614)  loss_ddf_aux_0: 0.0609 (0.0647)  loss_mal_aux_1: 1.1484 (1.1660)  loss_bbox_aux_1: 1.2006 (1.1572)  loss_giou_aux_1: 1.5527 (1.5840)  loss_fgl_aux_1: 0.6426 (0.6732)  loss_ddf_aux_1: 0.0109 (0.0113)  loss_mal_aux_2: 1.2324 (1.2724)  loss_bbox_aux_2: 1.1454 (1.1295)  loss_giou_aux_2: 1.4491 (1.5451)  loss_fgl_aux_2: 0.6688 (0.6999)  loss_ddf_aux_2: 0.0010 (0.0010)  loss_mal_pre: 1.0117 (1.0273)  loss_bbox_pre: 1.1296 (1.1655)  loss_giou_pre: 1.6244 (1.6334)  loss_mal_enc_0: 1.0928 (1.0320)  loss_bbox_enc_0: 1.0903 (1.1571)  loss_giou_enc_0: 1.6699 (1.7069)  loss_mal_dn_0: 1.4297 (1.4596)  loss_bbox_dn_0: 0.9868 (1.0206)  loss_giou_dn_0: 1.2351 (1.2146)  loss_fgl_dn_0: 1.0621 (1.0391)  loss_ddf_dn_0: 0.1883 (0.1949)  loss_mal_dn_1: 1.6543 (1.7229)  loss_bbox_dn_1: 0.8659 (0.8624)  loss_giou_dn_1: 1.1098 (1.0930)  loss_fgl_dn_1: 1.0163 (1.0147)  loss_ddf_dn_1: 0.0308 (0.0369)  loss_mal_dn_2: 1.7607 (1.8447)  loss_bbox_dn_2: 0.8574 (0.8643)  loss_giou_dn_2: 1.0654 (1.0461)  loss_fgl_dn_2: 1.0378 (1.0302)  loss_ddf_dn_2: 0.0029 (0.0028)  loss_mal_dn_3: 1.7197 (1.8002)  loss_bbox_dn_3: 0.8444 (0.8552)  loss_giou_dn_3: 1.0563 (1.0385)  loss_fgl_dn_3: 1.0383 (1.0344)  loss_mal_dn_pre: 1.4648 (1.4917)  loss_bbox_dn_pre: 0.9504 (0.9950)  loss_giou_dn_pre: 1.1982 (1.1904)  time: 0.2460  data: 0.0713  max mem: 3583
Epoch: [20] Total time: 0:00:02 (0.2553 s / it)
Averaged stats: lr: 0.000000  loss: 49.0894 (49.0142)  loss_mal: 1.2041 (1.2442)  loss_bbox: 1.1673 (1.1302)  loss_giou: 1.4445 (1.5444)  loss_fgl: 0.6665 (0.7017)  loss_mal_aux_0: 1.0273 (1.0695)  loss_bbox_aux_0: 1.1631 (1.1667)  loss_giou_aux_0: 1.5886 (1.6175)  loss_fgl_aux_0: 0.5939 (0.6614)  loss_ddf_aux_0: 0.0609 (0.0647)  loss_mal_aux_1: 1.1484 (1.1660)  loss_bbox_aux_1: 1.2006 (1.1572)  loss_giou_aux_1: 1.5527 (1.5840)  loss_fgl_aux_1: 0.6426 (0.6732)  loss_ddf_aux_1: 0.0109 (0.0113)  loss_mal_aux_2: 1.2324 (1.2724)  loss_bbox_aux_2: 1.1454 (1.1295)  loss_giou_aux_2: 1.4491 (1.5451)  loss_fgl_aux_2: 0.6688 (0.6999)  loss_ddf_aux_2: 0.0010 (0.0010)  loss_mal_pre: 1.0117 (1.0273)  loss_bbox_pre: 1.1296 (1.1655)  loss_giou_pre: 1.6244 (1.6334)  loss_mal_enc_0: 1.0928 (1.0320)  loss_bbox_enc_0: 1.0903 (1.1571)  loss_giou_enc_0: 1.6699 (1.7069)  loss_mal_dn_0: 1.4297 (1.4596)  loss_bbox_dn_0: 0.9868 (1.0206)  loss_giou_dn_0: 1.2351 (1.2146)  loss_fgl_dn_0: 1.0621 (1.0391)  loss_ddf_dn_0: 0.1883 (0.1949)  loss_mal_dn_1: 1.6543 (1.7229)  loss_bbox_dn_1: 0.8659 (0.8624)  loss_giou_dn_1: 1.1098 (1.0930)  loss_fgl_dn_1: 1.0163 (1.0147)  loss_ddf_dn_1: 0.0308 (0.0369)  loss_mal_dn_2: 1.7607 (1.8447)  loss_bbox_dn_2: 0.8574 (0.8643)  loss_giou_dn_2: 1.0654 (1.0461)  loss_fgl_dn_2: 1.0378 (1.0302)  loss_ddf_dn_2: 0.0029 (0.0028)  loss_mal_dn_3: 1.7197 (1.8002)  loss_bbox_dn_3: 0.8444 (0.8552)  loss_giou_dn_3: 1.0563 (1.0385)  loss_fgl_dn_3: 1.0383 (1.0344)  loss_mal_dn_pre: 1.4648 (1.4917)  loss_bbox_dn_pre: 0.9504 (0.9950)  loss_giou_dn_pre: 1.1982 (1.1904)
Test:  [0/4]  eta: 0:00:01    time: 0.4236  data: 0.3641  max mem: 3583
Test:  [3/4]  eta: 0:00:00    time: 0.1326  data: 0.0932  max mem: 3583
Test: Total time: 0:00:00 (0.1530 s / it)
Averaged stats: 
Accumulating evaluation results...
COCOeval_opt.accumulate() finished...
DONE (t=0.00s).
IoU metric: bbox
 Average Precision  (AP) @[ IoU=0.50:0.95 | area=   all | maxDets=100 ] = 0.000
 Average Precision  (AP) @[ IoU=0.50      | area=   all | maxDets=100 ] = 0.000
 Average Precision  (AP) @[ IoU=0.75      | area=   all | maxDets=100 ] = 0.000
 Average Precision  (AP) @[ IoU=0.50:0.95 | area= small | maxDets=100 ] = -1.000
 Average Precision  (AP) @[ IoU=0.50:0.95 | area=medium | maxDets=100 ] = -1.000
 Average Precision  (AP) @[ IoU=0.50:0.95 | area= large | maxDets=100 ] = 0.000
 Average Recall     (AR) @[ IoU=0.50:0.95 | area=   all | maxDets=  1 ] = 0.000
 Average Recall     (AR) @[ IoU=0.50:0.95 | area=   all | maxDets= 10 ] = 0.000
 Average Recall     (AR) @[ IoU=0.50:0.95 | area=   all | maxDets=100 ] = 0.000
 Average Recall     (AR) @[ IoU=0.50:0.95 | area= small | maxDets=100 ] = -1.000
 Average Recall     (AR) @[ IoU=0.50:0.95 | area=medium | maxDets=100 ] = -1.000
 Average Recall     (AR) @[ IoU=0.50:0.95 | area= large | maxDets=100 ] = 0.000
 Average Recall     (AR) @[ IoU=0.50      | area=   all | maxDets=100 ] = 0.000
 Average Recall     (AR) @[ IoU=0.75      | area=   all | maxDets=100 ] = 0.000
best_stat: {'epoch': 19, 'coco_eval_bbox': 7.15342470207612e-05}
Epoch: [21]  [0/8]  eta: 0:00:06  lr: 0.000000  loss: 52.2505 (52.2505)  loss_mal: 1.4170 (1.4170)  loss_bbox: 1.1442 (1.1442)  loss_giou: 1.4570 (1.4570)  loss_fgl: 0.9222 (0.9222)  loss_mal_aux_0: 1.1650 (1.1650)  loss_bbox_aux_0: 1.1998 (1.1998)  loss_giou_aux_0: 1.5395 (1.5395)  loss_fgl_aux_0: 0.8915 (0.8915)  loss_ddf_aux_0: 0.1024 (0.1024)  loss_mal_aux_1: 1.2705 (1.2705)  loss_bbox_aux_1: 1.1799 (1.1799)  loss_giou_aux_1: 1.4861 (1.4861)  loss_fgl_aux_1: 0.8955 (0.8955)  loss_ddf_aux_1: 0.0189 (0.0189)  loss_mal_aux_2: 1.4453 (1.4453)  loss_bbox_aux_2: 1.1504 (1.1504)  loss_giou_aux_2: 1.4562 (1.4562)  loss_fgl_aux_2: 0.9261 (0.9261)  loss_ddf_aux_2: 0.0021 (0.0021)  loss_mal_pre: 1.0283 (1.0283)  loss_bbox_pre: 1.3290 (1.3290)  loss_giou_pre: 1.5909 (1.5909)  loss_mal_enc_0: 1.0283 (1.0283)  loss_bbox_enc_0: 1.3556 (1.3556)  loss_giou_enc_0: 1.6441 (1.6441)  loss_mal_dn_0: 1.4775 (1.4775)  loss_bbox_dn_0: 1.2728 (1.2728)  loss_giou_dn_0: 1.2330 (1.2330)  loss_fgl_dn_0: 1.1950 (1.1950)  loss_ddf_dn_0: 0.2059 (0.2059)  loss_mal_dn_1: 1.6582 (1.6582)  loss_bbox_dn_1: 1.1200 (1.1200)  loss_giou_dn_1: 1.1211 (1.1211)  loss_fgl_dn_1: 1.1684 (1.1684)  loss_ddf_dn_1: 0.0321 (0.0321)  loss_mal_dn_2: 1.7588 (1.7588)  loss_bbox_dn_2: 1.0982 (1.0982)  loss_giou_dn_2: 1.0878 (1.0878)  loss_fgl_dn_2: 1.1885 (1.1885)  loss_ddf_dn_2: 0.0025 (0.0025)  loss_mal_dn_3: 1.7080 (1.7080)  loss_bbox_dn_3: 1.0860 (1.0860)  loss_giou_dn_3: 1.0877 (1.0877)  loss_fgl_dn_3: 1.1832 (1.1832)  loss_mal_dn_pre: 1.5371 (1.5371)  loss_bbox_dn_pre: 1.1949 (1.1949)  loss_giou_dn_pre: 1.1881 (1.1881)  time: 0.7939  data: 0.6040  max mem: 3583
Epoch: [21]  [7/8]  eta: 0:00:00  lr: 0.000000  loss: 48.7826 (49.0666)  loss_mal: 1.1787 (1.2824)  loss_bbox: 1.0852 (1.0584)  loss_giou: 1.5965 (1.5351)  loss_fgl: 0.6968 (0.7574)  loss_mal_aux_0: 0.9385 (1.0679)  loss_bbox_aux_0: 1.1211 (1.1069)  loss_giou_aux_0: 1.6498 (1.6200)  loss_fgl_aux_0: 0.6698 (0.7205)  loss_ddf_aux_0: 0.0683 (0.0784)  loss_mal_aux_1: 1.0830 (1.1909)  loss_bbox_aux_1: 1.1049 (1.0675)  loss_giou_aux_1: 1.5960 (1.5640)  loss_fgl_aux_1: 0.7031 (0.7453)  loss_ddf_aux_1: 0.0115 (0.0136)  loss_mal_aux_2: 1.1816 (1.3055)  loss_bbox_aux_2: 1.0922 (1.0610)  loss_giou_aux_2: 1.5971 (1.5358)  loss_fgl_aux_2: 0.6951 (0.7569)  loss_ddf_aux_2: 0.0009 (0.0012)  loss_mal_pre: 0.9277 (1.0245)  loss_bbox_pre: 1.1549 (1.1497)  loss_giou_pre: 1.6985 (1.6522)  loss_mal_enc_0: 0.9785 (1.0635)  loss_bbox_enc_0: 1.2056 (1.1614)  loss_giou_enc_0: 1.6441 (1.6998)  loss_mal_dn_0: 1.2803 (1.3948)  loss_bbox_dn_0: 1.1388 (1.1025)  loss_giou_dn_0: 1.2330 (1.2529)  loss_fgl_dn_0: 1.0019 (1.0141)  loss_ddf_dn_0: 0.1650 (0.1897)  loss_mal_dn_1: 1.5098 (1.6234)  loss_bbox_dn_1: 0.9246 (0.9164)  loss_giou_dn_1: 1.1211 (1.1453)  loss_fgl_dn_1: 0.9722 (0.9927)  loss_ddf_dn_1: 0.0321 (0.0366)  loss_mal_dn_2: 1.6621 (1.7477)  loss_bbox_dn_2: 0.9118 (0.8955)  loss_giou_dn_2: 1.0878 (1.0927)  loss_fgl_dn_2: 0.9771 (1.0090)  loss_ddf_dn_2: 0.0028 (0.0034)  loss_mal_dn_3: 1.6201 (1.7059)  loss_bbox_dn_3: 0.8989 (0.8994)  loss_giou_dn_3: 1.0877 (1.0888)  loss_fgl_dn_3: 0.9857 (1.0102)  loss_mal_dn_pre: 1.3721 (1.4373)  loss_bbox_dn_pre: 1.0870 (1.0698)  loss_giou_dn_pre: 1.1881 (1.2188)  time: 0.2329  data: 0.0939  max mem: 3583
Epoch: [21] Total time: 0:00:01 (0.2430 s / it)
Averaged stats: lr: 0.000000  loss: 48.7826 (49.0666)  loss_mal: 1.1787 (1.2824)  loss_bbox: 1.0852 (1.0584)  loss_giou: 1.5965 (1.5351)  loss_fgl: 0.6968 (0.7574)  loss_mal_aux_0: 0.9385 (1.0679)  loss_bbox_aux_0: 1.1211 (1.1069)  loss_giou_aux_0: 1.6498 (1.6200)  loss_fgl_aux_0: 0.6698 (0.7205)  loss_ddf_aux_0: 0.0683 (0.0784)  loss_mal_aux_1: 1.0830 (1.1909)  loss_bbox_aux_1: 1.1049 (1.0675)  loss_giou_aux_1: 1.5960 (1.5640)  loss_fgl_aux_1: 0.7031 (0.7453)  loss_ddf_aux_1: 0.0115 (0.0136)  loss_mal_aux_2: 1.1816 (1.3055)  loss_bbox_aux_2: 1.0922 (1.0610)  loss_giou_aux_2: 1.5971 (1.5358)  loss_fgl_aux_2: 0.6951 (0.7569)  loss_ddf_aux_2: 0.0009 (0.0012)  loss_mal_pre: 0.9277 (1.0245)  loss_bbox_pre: 1.1549 (1.1497)  loss_giou_pre: 1.6985 (1.6522)  loss_mal_enc_0: 0.9785 (1.0635)  loss_bbox_enc_0: 1.2056 (1.1614)  loss_giou_enc_0: 1.6441 (1.6998)  loss_mal_dn_0: 1.2803 (1.3948)  loss_bbox_dn_0: 1.1388 (1.1025)  loss_giou_dn_0: 1.2330 (1.2529)  loss_fgl_dn_0: 1.0019 (1.0141)  loss_ddf_dn_0: 0.1650 (0.1897)  loss_mal_dn_1: 1.5098 (1.6234)  loss_bbox_dn_1: 0.9246 (0.9164)  loss_giou_dn_1: 1.1211 (1.1453)  loss_fgl_dn_1: 0.9722 (0.9927)  loss_ddf_dn_1: 0.0321 (0.0366)  loss_mal_dn_2: 1.6621 (1.7477)  loss_bbox_dn_2: 0.9118 (0.8955)  loss_giou_dn_2: 1.0878 (1.0927)  loss_fgl_dn_2: 0.9771 (1.0090)  loss_ddf_dn_2: 0.0028 (0.0034)  loss_mal_dn_3: 1.6201 (1.7059)  loss_bbox_dn_3: 0.8989 (0.8994)  loss_giou_dn_3: 1.0877 (1.0888)  loss_fgl_dn_3: 0.9857 (1.0102)  loss_mal_dn_pre: 1.3721 (1.4373)  loss_bbox_dn_pre: 1.0870 (1.0698)  loss_giou_dn_pre: 1.1881 (1.2188)
Test:  [0/4]  eta: 0:00:01    time: 0.3894  data: 0.3484  max mem: 3583
Test:  [3/4]  eta: 0:00:00    time: 0.1255  data: 0.0890  max mem: 3583
Test: Total time: 0:00:00 (0.1498 s / it)
Averaged stats: 
Accumulating evaluation results...
COCOeval_opt.accumulate() finished...
DONE (t=0.00s).
IoU metric: bbox
 Average Precision  (AP) @[ IoU=0.50:0.95 | area=   all | maxDets=100 ] = 0.000
 Average Precision  (AP) @[ IoU=0.50      | area=   all | maxDets=100 ] = 0.000
 Average Precision  (AP) @[ IoU=0.75      | area=   all | maxDets=100 ] = 0.000
 Average Precision  (AP) @[ IoU=0.50:0.95 | area= small | maxDets=100 ] = -1.000
 Average Precision  (AP) @[ IoU=0.50:0.95 | area=medium | maxDets=100 ] = -1.000
 Average Precision  (AP) @[ IoU=0.50:0.95 | area= large | maxDets=100 ] = 0.000
 Average Recall     (AR) @[ IoU=0.50:0.95 | area=   all | maxDets=  1 ] = 0.000
 Average Recall     (AR) @[ IoU=0.50:0.95 | area=   all | maxDets= 10 ] = 0.000
 Average Recall     (AR) @[ IoU=0.50:0.95 | area=   all | maxDets=100 ] = 0.000
 Average Recall     (AR) @[ IoU=0.50:0.95 | area= small | maxDets=100 ] = -1.000
 Average Recall     (AR) @[ IoU=0.50:0.95 | area=medium | maxDets=100 ] = -1.000
 Average Recall     (AR) @[ IoU=0.50:0.95 | area= large | maxDets=100 ] = 0.000
 Average Recall     (AR) @[ IoU=0.50      | area=   all | maxDets=100 ] = 0.000
 Average Recall     (AR) @[ IoU=0.75      | area=   all | maxDets=100 ] = 0.000
best_stat: {'epoch': 19, 'coco_eval_bbox': 7.15342470207612e-05}
Epoch: [22]  [0/8]  eta: 0:00:07  lr: 0.000000  loss: 48.8003 (48.8003)  loss_mal: 0.8145 (0.8145)  loss_bbox: 1.4024 (1.4024)  loss_giou: 1.7772 (1.7772)  loss_fgl: 0.5348 (0.5348)  loss_mal_aux_0: 0.6636 (0.6636)  loss_bbox_aux_0: 1.3633 (1.3633)  loss_giou_aux_0: 1.8244 (1.8244)  loss_fgl_aux_0: 0.4800 (0.4800)  loss_ddf_aux_0: 0.0496 (0.0496)  loss_mal_aux_1: 0.7393 (0.7393)  loss_bbox_aux_1: 1.3952 (1.3952)  loss_giou_aux_1: 1.8068 (1.8068)  loss_fgl_aux_1: 0.5078 (0.5078)  loss_ddf_aux_1: 0.0096 (0.0096)  loss_mal_aux_2: 0.8179 (0.8179)  loss_bbox_aux_2: 1.3730 (1.3730)  loss_giou_aux_2: 1.7740 (1.7740)  loss_fgl_aux_2: 0.5367 (0.5367)  loss_ddf_aux_2: 0.0008 (0.0008)  loss_mal_pre: 0.6465 (0.6465)  loss_bbox_pre: 1.3811 (1.3811)  loss_giou_pre: 1.8323 (1.8323)  loss_mal_enc_0: 0.7275 (0.7275)  loss_bbox_enc_0: 1.4271 (1.4271)  loss_giou_enc_0: 1.8996 (1.8996)  loss_mal_dn_0: 1.2139 (1.2139)  loss_bbox_dn_0: 1.3297 (1.3297)  loss_giou_dn_0: 1.3064 (1.3064)  loss_fgl_dn_0: 0.9418 (0.9418)  loss_ddf_dn_0: 0.1574 (0.1574)  loss_mal_dn_1: 1.5098 (1.5098)  loss_bbox_dn_1: 1.0967 (1.0967)  loss_giou_dn_1: 1.1737 (1.1737)  loss_fgl_dn_1: 0.9036 (0.9036)  loss_ddf_dn_1: 0.0268 (0.0268)  loss_mal_dn_2: 1.6299 (1.6299)  loss_bbox_dn_2: 1.0906 (1.0906)  loss_giou_dn_2: 1.1098 (1.1098)  loss_fgl_dn_2: 0.9366 (0.9366)  loss_ddf_dn_2: 0.0022 (0.0022)  loss_mal_dn_3: 1.6016 (1.6016)  loss_bbox_dn_3: 1.0891 (1.0891)  loss_giou_dn_3: 1.1011 (1.1011)  loss_fgl_dn_3: 0.9404 (0.9404)  loss_mal_dn_pre: 1.2529 (1.2529)  loss_bbox_dn_pre: 1.3169 (1.3169)  loss_giou_dn_pre: 1.2846 (1.2846)  time: 0.8985  data: 0.7425  max mem: 3583
Epoch: [22]  [7/8]  eta: 0:00:00  lr: 0.000000  loss: 47.0350 (47.2783)  loss_mal: 1.1709 (1.3170)  loss_bbox: 0.8469 (0.8943)  loss_giou: 1.4343 (1.4736)  loss_fgl: 0.6799 (0.7485)  loss_mal_aux_0: 1.0020 (1.1187)  loss_bbox_aux_0: 0.8842 (0.9256)  loss_giou_aux_0: 1.5438 (1.5492)  loss_fgl_aux_0: 0.6674 (0.7172)  loss_ddf_aux_0: 0.0603 (0.0663)  loss_mal_aux_1: 1.1660 (1.2308)  loss_bbox_aux_1: 0.8656 (0.9030)  loss_giou_aux_1: 1.4867 (1.5040)  loss_fgl_aux_1: 0.6885 (0.7403)  loss_ddf_aux_1: 0.0096 (0.0111)  loss_mal_aux_2: 1.1982 (1.3380)  loss_bbox_aux_2: 0.8546 (0.8916)  loss_giou_aux_2: 1.4420 (1.4735)  loss_fgl_aux_2: 0.6814 (0.7497)  loss_ddf_aux_2: 0.0008 (0.0010)  loss_mal_pre: 0.9819 (1.1039)  loss_bbox_pre: 0.9636 (0.9535)  loss_giou_pre: 1.5447 (1.5617)  loss_mal_enc_0: 0.9937 (1.1207)  loss_bbox_enc_0: 0.9321 (0.9620)  loss_giou_enc_0: 1.5398 (1.6130)  loss_mal_dn_0: 1.3184 (1.4111)  loss_bbox_dn_0: 0.9536 (0.9890)  loss_giou_dn_0: 1.2280 (1.2365)  loss_fgl_dn_0: 0.9850 (1.0139)  loss_ddf_dn_0: 0.1649 (0.1820)  loss_mal_dn_1: 1.5527 (1.6985)  loss_bbox_dn_1: 0.7593 (0.7813)  loss_giou_dn_1: 1.1389 (1.1052)  loss_fgl_dn_1: 0.9695 (0.9846)  loss_ddf_dn_1: 0.0343 (0.0335)  loss_mal_dn_2: 1.6416 (1.8420)  loss_bbox_dn_2: 0.7449 (0.7673)  loss_giou_dn_2: 1.0808 (1.0473)  loss_fgl_dn_2: 0.9774 (0.9984)  loss_ddf_dn_2: 0.0023 (0.0025)  loss_mal_dn_3: 1.6016 (1.7964)  loss_bbox_dn_3: 0.7278 (0.7613)  loss_giou_dn_3: 1.0686 (1.0402)  loss_fgl_dn_3: 0.9828 (1.0014)  loss_mal_dn_pre: 1.3389 (1.4457)  loss_bbox_dn_pre: 0.8670 (0.9588)  loss_giou_dn_pre: 1.1933 (1.2132)  time: 0.2316  data: 0.0969  max mem: 3583
Epoch: [22] Total time: 0:00:01 (0.2415 s / it)
Averaged stats: lr: 0.000000  loss: 47.0350 (47.2783)  loss_mal: 1.1709 (1.3170)  loss_bbox: 0.8469 (0.8943)  loss_giou: 1.4343 (1.4736)  loss_fgl: 0.6799 (0.7485)  loss_mal_aux_0: 1.0020 (1.1187)  loss_bbox_aux_0: 0.8842 (0.9256)  loss_giou_aux_0: 1.5438 (1.5492)  loss_fgl_aux_0: 0.6674 (0.7172)  loss_ddf_aux_0: 0.0603 (0.0663)  loss_mal_aux_1: 1.1660 (1.2308)  loss_bbox_aux_1: 0.8656 (0.9030)  loss_giou_aux_1: 1.4867 (1.5040)  loss_fgl_aux_1: 0.6885 (0.7403)  loss_ddf_aux_1: 0.0096 (0.0111)  loss_mal_aux_2: 1.1982 (1.3380)  loss_bbox_aux_2: 0.8546 (0.8916)  loss_giou_aux_2: 1.4420 (1.4735)  loss_fgl_aux_2: 0.6814 (0.7497)  loss_ddf_aux_2: 0.0008 (0.0010)  loss_mal_pre: 0.9819 (1.1039)  loss_bbox_pre: 0.9636 (0.9535)  loss_giou_pre: 1.5447 (1.5617)  loss_mal_enc_0: 0.9937 (1.1207)  loss_bbox_enc_0: 0.9321 (0.9620)  loss_giou_enc_0: 1.5398 (1.6130)  loss_mal_dn_0: 1.3184 (1.4111)  loss_bbox_dn_0: 0.9536 (0.9890)  loss_giou_dn_0: 1.2280 (1.2365)  loss_fgl_dn_0: 0.9850 (1.0139)  loss_ddf_dn_0: 0.1649 (0.1820)  loss_mal_dn_1: 1.5527 (1.6985)  loss_bbox_dn_1: 0.7593 (0.7813)  loss_giou_dn_1: 1.1389 (1.1052)  loss_fgl_dn_1: 0.9695 (0.9846)  loss_ddf_dn_1: 0.0343 (0.0335)  loss_mal_dn_2: 1.6416 (1.8420)  loss_bbox_dn_2: 0.7449 (0.7673)  loss_giou_dn_2: 1.0808 (1.0473)  loss_fgl_dn_2: 0.9774 (0.9984)  loss_ddf_dn_2: 0.0023 (0.0025)  loss_mal_dn_3: 1.6016 (1.7964)  loss_bbox_dn_3: 0.7278 (0.7613)  loss_giou_dn_3: 1.0686 (1.0402)  loss_fgl_dn_3: 0.9828 (1.0014)  loss_mal_dn_pre: 1.3389 (1.4457)  loss_bbox_dn_pre: 0.8670 (0.9588)  loss_giou_dn_pre: 1.1933 (1.2132)
Test:  [0/4]  eta: 0:00:01    time: 0.3810  data: 0.3382  max mem: 3583
Test:  [3/4]  eta: 0:00:00    time: 0.1650  data: 0.0867  max mem: 3583
Test: Total time: 0:00:00 (0.1801 s / it)
Averaged stats: 
Accumulating evaluation results...
COCOeval_opt.accumulate() finished...
DONE (t=0.00s).
IoU metric: bbox
 Average Precision  (AP) @[ IoU=0.50:0.95 | area=   all | maxDets=100 ] = 0.000
 Average Precision  (AP) @[ IoU=0.50      | area=   all | maxDets=100 ] = 0.000
 Average Precision  (AP) @[ IoU=0.75      | area=   all | maxDets=100 ] = 0.000
 Average Precision  (AP) @[ IoU=0.50:0.95 | area= small | maxDets=100 ] = -1.000
 Average Precision  (AP) @[ IoU=0.50:0.95 | area=medium | maxDets=100 ] = -1.000
 Average Precision  (AP) @[ IoU=0.50:0.95 | area= large | maxDets=100 ] = 0.000
 Average Recall     (AR) @[ IoU=0.50:0.95 | area=   all | maxDets=  1 ] = 0.000
 Average Recall     (AR) @[ IoU=0.50:0.95 | area=   all | maxDets= 10 ] = 0.000
 Average Recall     (AR) @[ IoU=0.50:0.95 | area=   all | maxDets=100 ] = 0.000
 Average Recall     (AR) @[ IoU=0.50:0.95 | area= small | maxDets=100 ] = -1.000
 Average Recall     (AR) @[ IoU=0.50:0.95 | area=medium | maxDets=100 ] = -1.000
 Average Recall     (AR) @[ IoU=0.50:0.95 | area= large | maxDets=100 ] = 0.000
 Average Recall     (AR) @[ IoU=0.50      | area=   all | maxDets=100 ] = 0.000
 Average Recall     (AR) @[ IoU=0.75      | area=   all | maxDets=100 ] = 0.000
best_stat: {'epoch': 19, 'coco_eval_bbox': 7.15342470207612e-05}
Epoch: [23]  [0/8]  eta: 0:00:06  lr: 0.000000  loss: 53.7376 (53.7376)  loss_mal: 2.0879 (2.0879)  loss_bbox: 0.9860 (0.9860)  loss_giou: 1.0331 (1.0331)  loss_fgl: 1.0707 (1.0707)  loss_mal_aux_0: 1.9248 (1.9248)  loss_bbox_aux_0: 1.0255 (1.0255)  loss_giou_aux_0: 1.0669 (1.0669)  loss_fgl_aux_0: 1.0608 (1.0608)  loss_ddf_aux_0: 0.0677 (0.0677)  loss_mal_aux_1: 2.0000 (2.0000)  loss_bbox_aux_1: 0.9918 (0.9918)  loss_giou_aux_1: 1.0441 (1.0441)  loss_fgl_aux_1: 1.0766 (1.0766)  loss_ddf_aux_1: 0.0113 (0.0113)  loss_mal_aux_2: 2.1504 (2.1504)  loss_bbox_aux_2: 0.9853 (0.9853)  loss_giou_aux_2: 1.0325 (1.0325)  loss_fgl_aux_2: 1.0714 (1.0714)  loss_ddf_aux_2: 0.0006 (0.0006)  loss_mal_pre: 1.8740 (1.8740)  loss_bbox_pre: 1.0430 (1.0430)  loss_giou_pre: 1.0837 (1.0837)  loss_mal_enc_0: 2.1602 (2.1602)  loss_bbox_enc_0: 1.0567 (1.0567)  loss_giou_enc_0: 1.1362 (1.1362)  loss_mal_dn_0: 1.8164 (1.8164)  loss_bbox_dn_0: 1.1105 (1.1105)  loss_giou_dn_0: 1.0511 (1.0511)  loss_fgl_dn_0: 1.1633 (1.1633)  loss_ddf_dn_0: 0.1997 (0.1997)  loss_mal_dn_1: 2.1074 (2.1074)  loss_bbox_dn_1: 0.9040 (0.9040)  loss_giou_dn_1: 0.9154 (0.9154)  loss_fgl_dn_1: 1.1509 (1.1509)  loss_ddf_dn_1: 0.0471 (0.0471)  loss_mal_dn_2: 2.3203 (2.3203)  loss_bbox_dn_2: 0.8513 (0.8513)  loss_giou_dn_2: 0.8375 (0.8375)  loss_fgl_dn_2: 1.1582 (1.1582)  loss_ddf_dn_2: 0.0044 (0.0044)  loss_mal_dn_3: 2.2461 (2.2461)  loss_bbox_dn_3: 0.8429 (0.8429)  loss_giou_dn_3: 0.8318 (0.8318)  loss_fgl_dn_3: 1.1556 (1.1556)  loss_mal_dn_pre: 1.8555 (1.8555)  loss_bbox_dn_pre: 1.1072 (1.1072)  loss_giou_dn_pre: 1.0197 (1.0197)  time: 0.8502  data: 0.6689  max mem: 3583
Epoch: [23]  [7/8]  eta: 0:00:00  lr: 0.000000  loss: 49.7983 (52.8057)  loss_mal: 1.4736 (1.5946)  loss_bbox: 0.9860 (1.2642)  loss_giou: 1.3131 (1.3064)  loss_fgl: 0.8398 (0.8689)  loss_mal_aux_0: 1.2686 (1.4128)  loss_bbox_aux_0: 1.0255 (1.3637)  loss_giou_aux_0: 1.3979 (1.3909)  loss_fgl_aux_0: 0.8233 (0.8664)  loss_ddf_aux_0: 0.0680 (0.0799)  loss_mal_aux_1: 1.4404 (1.5200)  loss_bbox_aux_1: 0.9918 (1.3171)  loss_giou_aux_1: 1.3607 (1.3346)  loss_fgl_aux_1: 0.8196 (0.8590)  loss_ddf_aux_1: 0.0142 (0.0142)  loss_mal_aux_2: 1.5029 (1.6283)  loss_bbox_aux_2: 0.9853 (1.2763)  loss_giou_aux_2: 1.3157 (1.3093)  loss_fgl_aux_2: 0.8366 (0.8684)  loss_ddf_aux_2: 0.0008 (0.0010)  loss_mal_pre: 1.2100 (1.3646)  loss_bbox_pre: 1.0639 (1.3288)  loss_giou_pre: 1.4225 (1.4114)  loss_mal_enc_0: 1.1924 (1.3590)  loss_bbox_enc_0: 1.1085 (1.4207)  loss_giou_enc_0: 1.5335 (1.4977)  loss_mal_dn_0: 1.4326 (1.5603)  loss_bbox_dn_0: 1.1628 (1.2474)  loss_giou_dn_0: 1.1468 (1.1659)  loss_fgl_dn_0: 1.0177 (1.0700)  loss_ddf_dn_0: 0.1604 (0.1600)  loss_mal_dn_1: 1.7656 (1.8456)  loss_bbox_dn_1: 1.0228 (1.0538)  loss_giou_dn_1: 1.0172 (1.0344)  loss_fgl_dn_1: 0.9894 (1.0341)  loss_ddf_dn_1: 0.0300 (0.0316)  loss_mal_dn_2: 1.8535 (1.9642)  loss_bbox_dn_2: 1.0131 (1.0301)  loss_giou_dn_2: 0.9844 (0.9859)  loss_fgl_dn_2: 1.0024 (1.0438)  loss_ddf_dn_2: 0.0026 (0.0029)  loss_mal_dn_3: 1.7900 (1.9169)  loss_bbox_dn_3: 1.0132 (1.0244)  loss_giou_dn_3: 0.9724 (0.9812)  loss_fgl_dn_3: 1.0003 (1.0459)  loss_mal_dn_pre: 1.4551 (1.5804)  loss_bbox_dn_pre: 1.1202 (1.2188)  loss_giou_dn_pre: 1.1200 (1.1497)  time: 0.2370  data: 0.0877  max mem: 3583
Epoch: [23] Total time: 0:00:01 (0.2485 s / it)
Averaged stats: lr: 0.000000  loss: 49.7983 (52.8057)  loss_mal: 1.4736 (1.5946)  loss_bbox: 0.9860 (1.2642)  loss_giou: 1.3131 (1.3064)  loss_fgl: 0.8398 (0.8689)  loss_mal_aux_0: 1.2686 (1.4128)  loss_bbox_aux_0: 1.0255 (1.3637)  loss_giou_aux_0: 1.3979 (1.3909)  loss_fgl_aux_0: 0.8233 (0.8664)  loss_ddf_aux_0: 0.0680 (0.0799)  loss_mal_aux_1: 1.4404 (1.5200)  loss_bbox_aux_1: 0.9918 (1.3171)  loss_giou_aux_1: 1.3607 (1.3346)  loss_fgl_aux_1: 0.8196 (0.8590)  loss_ddf_aux_1: 0.0142 (0.0142)  loss_mal_aux_2: 1.5029 (1.6283)  loss_bbox_aux_2: 0.9853 (1.2763)  loss_giou_aux_2: 1.3157 (1.3093)  loss_fgl_aux_2: 0.8366 (0.8684)  loss_ddf_aux_2: 0.0008 (0.0010)  loss_mal_pre: 1.2100 (1.3646)  loss_bbox_pre: 1.0639 (1.3288)  loss_giou_pre: 1.4225 (1.4114)  loss_mal_enc_0: 1.1924 (1.3590)  loss_bbox_enc_0: 1.1085 (1.4207)  loss_giou_enc_0: 1.5335 (1.4977)  loss_mal_dn_0: 1.4326 (1.5603)  loss_bbox_dn_0: 1.1628 (1.2474)  loss_giou_dn_0: 1.1468 (1.1659)  loss_fgl_dn_0: 1.0177 (1.0700)  loss_ddf_dn_0: 0.1604 (0.1600)  loss_mal_dn_1: 1.7656 (1.8456)  loss_bbox_dn_1: 1.0228 (1.0538)  loss_giou_dn_1: 1.0172 (1.0344)  loss_fgl_dn_1: 0.9894 (1.0341)  loss_ddf_dn_1: 0.0300 (0.0316)  loss_mal_dn_2: 1.8535 (1.9642)  loss_bbox_dn_2: 1.0131 (1.0301)  loss_giou_dn_2: 0.9844 (0.9859)  loss_fgl_dn_2: 1.0024 (1.0438)  loss_ddf_dn_2: 0.0026 (0.0029)  loss_mal_dn_3: 1.7900 (1.9169)  loss_bbox_dn_3: 1.0132 (1.0244)  loss_giou_dn_3: 0.9724 (0.9812)  loss_fgl_dn_3: 1.0003 (1.0459)  loss_mal_dn_pre: 1.4551 (1.5804)  loss_bbox_dn_pre: 1.1202 (1.2188)  loss_giou_dn_pre: 1.1200 (1.1497)
Test:  [0/4]  eta: 0:00:01    time: 0.3658  data: 0.3269  max mem: 3583
Test:  [3/4]  eta: 0:00:00    time: 0.1149  data: 0.0836  max mem: 3583
Test: Total time: 0:00:00 (0.1326 s / it)
Averaged stats: 
Accumulating evaluation results...
COCOeval_opt.accumulate() finished...
DONE (t=0.00s).
IoU metric: bbox
 Average Precision  (AP) @[ IoU=0.50:0.95 | area=   all | maxDets=100 ] = 0.000
 Average Precision  (AP) @[ IoU=0.50      | area=   all | maxDets=100 ] = 0.000
 Average Precision  (AP) @[ IoU=0.75      | area=   all | maxDets=100 ] = 0.000
 Average Precision  (AP) @[ IoU=0.50:0.95 | area= small | maxDets=100 ] = -1.000
 Average Precision  (AP) @[ IoU=0.50:0.95 | area=medium | maxDets=100 ] = -1.000
 Average Precision  (AP) @[ IoU=0.50:0.95 | area= large | maxDets=100 ] = 0.000
 Average Recall     (AR) @[ IoU=0.50:0.95 | area=   all | maxDets=  1 ] = 0.000
 Average Recall     (AR) @[ IoU=0.50:0.95 | area=   all | maxDets= 10 ] = 0.000
 Average Recall     (AR) @[ IoU=0.50:0.95 | area=   all | maxDets=100 ] = 0.000
 Average Recall     (AR) @[ IoU=0.50:0.95 | area= small | maxDets=100 ] = -1.000
 Average Recall     (AR) @[ IoU=0.50:0.95 | area=medium | maxDets=100 ] = -1.000
 Average Recall     (AR) @[ IoU=0.50:0.95 | area= large | maxDets=100 ] = 0.000
 Average Recall     (AR) @[ IoU=0.50      | area=   all | maxDets=100 ] = 0.000
 Average Recall     (AR) @[ IoU=0.75      | area=   all | maxDets=100 ] = 0.000
best_stat: {'epoch': 19, 'coco_eval_bbox': 7.15342470207612e-05}
Epoch: [24]  [0/8]  eta: 0:00:05  lr: 0.000000  loss: 50.4376 (50.4376)  loss_mal: 1.2578 (1.2578)  loss_bbox: 1.1555 (1.1555)  loss_giou: 1.5291 (1.5291)  loss_fgl: 0.8087 (0.8087)  loss_mal_aux_0: 1.1211 (1.1211)  loss_bbox_aux_0: 1.2334 (1.2334)  loss_giou_aux_0: 1.5844 (1.5844)  loss_fgl_aux_0: 0.7405 (0.7405)  loss_ddf_aux_0: 0.0537 (0.0537)  loss_mal_aux_1: 1.2158 (1.2158)  loss_bbox_aux_1: 1.1757 (1.1757)  loss_giou_aux_1: 1.5407 (1.5407)  loss_fgl_aux_1: 0.7994 (0.7994)  loss_ddf_aux_1: 0.0095 (0.0095)  loss_mal_aux_2: 1.2891 (1.2891)  loss_bbox_aux_2: 1.1618 (1.1618)  loss_giou_aux_2: 1.5310 (1.5310)  loss_fgl_aux_2: 0.8106 (0.8106)  loss_ddf_aux_2: 0.0007 (0.0007)  loss_mal_pre: 1.1455 (1.1455)  loss_bbox_pre: 1.1473 (1.1473)  loss_giou_pre: 1.5801 (1.5801)  loss_mal_enc_0: 1.1953 (1.1953)  loss_bbox_enc_0: 1.3081 (1.3081)  loss_giou_enc_0: 1.6584 (1.6584)  loss_mal_dn_0: 1.6221 (1.6221)  loss_bbox_dn_0: 1.0379 (1.0379)  loss_giou_dn_0: 1.1144 (1.1144)  loss_fgl_dn_0: 1.0650 (1.0650)  loss_ddf_dn_0: 0.2142 (0.2142)  loss_mal_dn_1: 1.9248 (1.9248)  loss_bbox_dn_1: 0.8662 (0.8662)  loss_giou_dn_1: 0.9748 (0.9748)  loss_fgl_dn_1: 1.0412 (1.0412)  loss_ddf_dn_1: 0.0382 (0.0382)  loss_mal_dn_2: 2.0664 (2.0664)  loss_bbox_dn_2: 0.8299 (0.8299)  loss_giou_dn_2: 0.9212 (0.9212)  loss_fgl_dn_2: 1.0552 (1.0552)  loss_ddf_dn_2: 0.0038 (0.0038)  loss_mal_dn_3: 2.0410 (2.0410)  loss_bbox_dn_3: 0.8139 (0.8139)  loss_giou_dn_3: 0.9111 (0.9111)  loss_fgl_dn_3: 1.0627 (1.0627)  loss_mal_dn_pre: 1.6475 (1.6475)  loss_bbox_dn_pre: 1.0339 (1.0339)  loss_giou_dn_pre: 1.0990 (1.0990)  time: 0.7323  data: 0.5755  max mem: 3583
Epoch: [24]  [7/8]  eta: 0:00:00  lr: 0.000000  loss: 48.4216 (50.1817)  loss_mal: 1.2578 (1.2590)  loss_bbox: 1.1555 (1.1743)  loss_giou: 1.5291 (1.4815)  loss_fgl: 0.7911 (0.8278)  loss_mal_aux_0: 1.1152 (1.0977)  loss_bbox_aux_0: 1.2334 (1.2457)  loss_giou_aux_0: 1.5844 (1.5485)  loss_fgl_aux_0: 0.7337 (0.7940)  loss_ddf_aux_0: 0.0671 (0.0760)  loss_mal_aux_1: 1.1621 (1.1946)  loss_bbox_aux_1: 1.1757 (1.1840)  loss_giou_aux_1: 1.5407 (1.5011)  loss_fgl_aux_1: 0.7816 (0.8215)  loss_ddf_aux_1: 0.0106 (0.0126)  loss_mal_aux_2: 1.2891 (1.2833)  loss_bbox_aux_2: 1.1618 (1.1723)  loss_giou_aux_2: 1.5310 (1.4796)  loss_fgl_aux_2: 0.8040 (0.8293)  loss_ddf_aux_2: 0.0011 (0.0012)  loss_mal_pre: 1.0732 (1.0742)  loss_bbox_pre: 1.1473 (1.2472)  loss_giou_pre: 1.5801 (1.5584)  loss_mal_enc_0: 1.1240 (1.1199)  loss_bbox_enc_0: 1.2460 (1.3039)  loss_giou_enc_0: 1.6584 (1.6131)  loss_mal_dn_0: 1.5967 (1.5719)  loss_bbox_dn_0: 1.0379 (1.0647)  loss_giou_dn_0: 1.1144 (1.1584)  loss_fgl_dn_0: 1.0476 (1.0632)  loss_ddf_dn_0: 0.1944 (0.1863)  loss_mal_dn_1: 1.7754 (1.8270)  loss_bbox_dn_1: 0.8410 (0.8898)  loss_giou_dn_1: 0.9946 (1.0327)  loss_fgl_dn_1: 1.0412 (1.0317)  loss_ddf_dn_1: 0.0337 (0.0334)  loss_mal_dn_2: 1.8750 (1.9442)  loss_bbox_dn_2: 0.8299 (0.8753)  loss_giou_dn_2: 0.9225 (0.9828)  loss_fgl_dn_2: 1.0461 (1.0383)  loss_ddf_dn_2: 0.0026 (0.0028)  loss_mal_dn_3: 1.8125 (1.9039)  loss_bbox_dn_3: 0.8139 (0.8671)  loss_giou_dn_3: 0.9199 (0.9786)  loss_fgl_dn_3: 1.0582 (1.0420)  loss_mal_dn_pre: 1.6270 (1.6025)  loss_bbox_dn_pre: 1.0339 (1.0466)  loss_giou_dn_pre: 1.1155 (1.1377)  time: 0.2491  data: 0.0878  max mem: 3583
Epoch: [24] Total time: 0:00:02 (0.2584 s / it)
Averaged stats: lr: 0.000000  loss: 48.4216 (50.1817)  loss_mal: 1.2578 (1.2590)  loss_bbox: 1.1555 (1.1743)  loss_giou: 1.5291 (1.4815)  loss_fgl: 0.7911 (0.8278)  loss_mal_aux_0: 1.1152 (1.0977)  loss_bbox_aux_0: 1.2334 (1.2457)  loss_giou_aux_0: 1.5844 (1.5485)  loss_fgl_aux_0: 0.7337 (0.7940)  loss_ddf_aux_0: 0.0671 (0.0760)  loss_mal_aux_1: 1.1621 (1.1946)  loss_bbox_aux_1: 1.1757 (1.1840)  loss_giou_aux_1: 1.5407 (1.5011)  loss_fgl_aux_1: 0.7816 (0.8215)  loss_ddf_aux_1: 0.0106 (0.0126)  loss_mal_aux_2: 1.2891 (1.2833)  loss_bbox_aux_2: 1.1618 (1.1723)  loss_giou_aux_2: 1.5310 (1.4796)  loss_fgl_aux_2: 0.8040 (0.8293)  loss_ddf_aux_2: 0.0011 (0.0012)  loss_mal_pre: 1.0732 (1.0742)  loss_bbox_pre: 1.1473 (1.2472)  loss_giou_pre: 1.5801 (1.5584)  loss_mal_enc_0: 1.1240 (1.1199)  loss_bbox_enc_0: 1.2460 (1.3039)  loss_giou_enc_0: 1.6584 (1.6131)  loss_mal_dn_0: 1.5967 (1.5719)  loss_bbox_dn_0: 1.0379 (1.0647)  loss_giou_dn_0: 1.1144 (1.1584)  loss_fgl_dn_0: 1.0476 (1.0632)  loss_ddf_dn_0: 0.1944 (0.1863)  loss_mal_dn_1: 1.7754 (1.8270)  loss_bbox_dn_1: 0.8410 (0.8898)  loss_giou_dn_1: 0.9946 (1.0327)  loss_fgl_dn_1: 1.0412 (1.0317)  loss_ddf_dn_1: 0.0337 (0.0334)  loss_mal_dn_2: 1.8750 (1.9442)  loss_bbox_dn_2: 0.8299 (0.8753)  loss_giou_dn_2: 0.9225 (0.9828)  loss_fgl_dn_2: 1.0461 (1.0383)  loss_ddf_dn_2: 0.0026 (0.0028)  loss_mal_dn_3: 1.8125 (1.9039)  loss_bbox_dn_3: 0.8139 (0.8671)  loss_giou_dn_3: 0.9199 (0.9786)  loss_fgl_dn_3: 1.0582 (1.0420)  loss_mal_dn_pre: 1.6270 (1.6025)  loss_bbox_dn_pre: 1.0339 (1.0466)  loss_giou_dn_pre: 1.1155 (1.1377)
Test:  [0/4]  eta: 0:00:01    time: 0.3978  data: 0.3603  max mem: 3583
Test:  [3/4]  eta: 0:00:00    time: 0.1236  data: 0.0922  max mem: 3583
Test: Total time: 0:00:00 (0.1478 s / it)
Averaged stats: 
Accumulating evaluation results...
COCOeval_opt.accumulate() finished...
DONE (t=0.00s).
IoU metric: bbox
 Average Precision  (AP) @[ IoU=0.50:0.95 | area=   all | maxDets=100 ] = 0.000
 Average Precision  (AP) @[ IoU=0.50      | area=   all | maxDets=100 ] = 0.000
 Average Precision  (AP) @[ IoU=0.75      | area=   all | maxDets=100 ] = 0.000
 Average Precision  (AP) @[ IoU=0.50:0.95 | area= small | maxDets=100 ] = -1.000
 Average Precision  (AP) @[ IoU=0.50:0.95 | area=medium | maxDets=100 ] = -1.000
 Average Precision  (AP) @[ IoU=0.50:0.95 | area= large | maxDets=100 ] = 0.000
 Average Recall     (AR) @[ IoU=0.50:0.95 | area=   all | maxDets=  1 ] = 0.000
 Average Recall     (AR) @[ IoU=0.50:0.95 | area=   all | maxDets= 10 ] = 0.000
 Average Recall     (AR) @[ IoU=0.50:0.95 | area=   all | maxDets=100 ] = 0.000
 Average Recall     (AR) @[ IoU=0.50:0.95 | area= small | maxDets=100 ] = -1.000
 Average Recall     (AR) @[ IoU=0.50:0.95 | area=medium | maxDets=100 ] = -1.000
 Average Recall     (AR) @[ IoU=0.50:0.95 | area= large | maxDets=100 ] = 0.000
 Average Recall     (AR) @[ IoU=0.50      | area=   all | maxDets=100 ] = 0.000
 Average Recall     (AR) @[ IoU=0.75      | area=   all | maxDets=100 ] = 0.000
best_stat: {'epoch': 19, 'coco_eval_bbox': 7.15342470207612e-05}
Epoch: [25]  [0/8]  eta: 0:00:05  lr: 0.000000  loss: 49.4901 (49.4901)  loss_mal: 1.8174 (1.8174)  loss_bbox: 0.7254 (0.7254)  loss_giou: 1.1848 (1.1848)  loss_fgl: 1.0506 (1.0506)  loss_mal_aux_0: 1.5762 (1.5762)  loss_bbox_aux_0: 0.7808 (0.7808)  loss_giou_aux_0: 1.2994 (1.2994)  loss_fgl_aux_0: 1.0002 (1.0002)  loss_ddf_aux_0: 0.0845 (0.0845)  loss_mal_aux_1: 1.8418 (1.8418)  loss_bbox_aux_1: 0.7220 (0.7220)  loss_giou_aux_1: 1.1919 (1.1919)  loss_fgl_aux_1: 1.0590 (1.0590)  loss_ddf_aux_1: 0.0295 (0.0295)  loss_mal_aux_2: 1.8574 (1.8574)  loss_bbox_aux_2: 0.7254 (0.7254)  loss_giou_aux_2: 1.1849 (1.1849)  loss_fgl_aux_2: 1.0533 (1.0533)  loss_ddf_aux_2: 0.0013 (0.0013)  loss_mal_pre: 1.6270 (1.6270)  loss_bbox_pre: 0.7732 (0.7732)  loss_giou_pre: 1.3107 (1.3107)  loss_mal_enc_0: 1.3369 (1.3369)  loss_bbox_enc_0: 0.8432 (0.8432)  loss_giou_enc_0: 1.4396 (1.4396)  loss_mal_dn_0: 1.9580 (1.9580)  loss_bbox_dn_0: 0.7004 (0.7004)  loss_giou_dn_0: 0.9894 (0.9894)  loss_fgl_dn_0: 1.1426 (1.1426)  loss_ddf_dn_0: 0.2096 (0.2096)  loss_mal_dn_1: 2.3242 (2.3242)  loss_bbox_dn_1: 0.5723 (0.5723)  loss_giou_dn_1: 0.8193 (0.8193)  loss_fgl_dn_1: 1.0414 (1.0414)  loss_ddf_dn_1: 0.0394 (0.0394)  loss_mal_dn_2: 2.4766 (2.4766)  loss_bbox_dn_2: 0.5513 (0.5513)  loss_giou_dn_2: 0.7667 (0.7667)  loss_fgl_dn_2: 1.0225 (1.0225)  loss_ddf_dn_2: 0.0035 (0.0035)  loss_mal_dn_3: 2.3906 (2.3906)  loss_bbox_dn_3: 0.5546 (0.5546)  loss_giou_dn_3: 0.7709 (0.7709)  loss_fgl_dn_3: 1.0213 (1.0213)  loss_mal_dn_pre: 1.9473 (1.9473)  loss_bbox_dn_pre: 0.6798 (0.6798)  loss_giou_dn_pre: 0.9922 (0.9922)  time: 0.6877  data: 0.4895  max mem: 3583
Epoch: [25]  [7/8]  eta: 0:00:00  lr: 0.000000  loss: 49.4901 (50.2367)  loss_mal: 1.0957 (1.1594)  loss_bbox: 1.1969 (1.2135)  loss_giou: 1.6129 (1.6917)  loss_fgl: 0.6910 (0.6860)  loss_mal_aux_0: 0.7622 (0.9256)  loss_bbox_aux_0: 1.2473 (1.2547)  loss_giou_aux_0: 1.6911 (1.7828)  loss_fgl_aux_0: 0.6302 (0.6456)  loss_ddf_aux_0: 0.0815 (0.0762)  loss_mal_aux_1: 0.8740 (1.0835)  loss_bbox_aux_1: 1.2078 (1.2335)  loss_giou_aux_1: 1.6344 (1.7163)  loss_fgl_aux_1: 0.6685 (0.6749)  loss_ddf_aux_1: 0.0137 (0.0173)  loss_mal_aux_2: 1.1143 (1.1749)  loss_bbox_aux_2: 1.1985 (1.2099)  loss_giou_aux_2: 1.6133 (1.6915)  loss_fgl_aux_2: 0.6938 (0.6851)  loss_ddf_aux_2: 0.0010 (0.0012)  loss_mal_pre: 0.7148 (0.9171)  loss_bbox_pre: 1.2625 (1.2818)  loss_giou_pre: 1.7319 (1.8003)  loss_mal_enc_0: 0.8296 (0.8447)  loss_bbox_enc_0: 1.3180 (1.4223)  loss_giou_enc_0: 1.8501 (1.8599)  loss_mal_dn_0: 1.4902 (1.5985)  loss_bbox_dn_0: 0.9548 (1.0207)  loss_giou_dn_0: 1.1732 (1.1392)  loss_fgl_dn_0: 1.0307 (1.0532)  loss_ddf_dn_0: 0.1467 (0.1745)  loss_mal_dn_1: 1.7803 (1.9001)  loss_bbox_dn_1: 0.8454 (0.8748)  loss_giou_dn_1: 1.0483 (1.0083)  loss_fgl_dn_1: 0.9917 (1.0141)  loss_ddf_dn_1: 0.0310 (0.0330)  loss_mal_dn_2: 1.8525 (2.0085)  loss_bbox_dn_2: 0.8368 (0.8556)  loss_giou_dn_2: 1.0235 (0.9679)  loss_fgl_dn_2: 1.0027 (1.0201)  loss_ddf_dn_2: 0.0025 (0.0027)  loss_mal_dn_3: 1.8232 (1.9584)  loss_bbox_dn_3: 0.8292 (0.8459)  loss_giou_dn_3: 1.0117 (0.9611)  loss_fgl_dn_3: 1.0120 (1.0240)  loss_mal_dn_pre: 1.5107 (1.6237)  loss_bbox_dn_pre: 0.8491 (0.9788)  loss_giou_dn_pre: 1.1529 (1.1240)  time: 0.2380  data: 0.0806  max mem: 3583
Epoch: [25] Total time: 0:00:01 (0.2472 s / it)
Averaged stats: lr: 0.000000  loss: 49.4901 (50.2367)  loss_mal: 1.0957 (1.1594)  loss_bbox: 1.1969 (1.2135)  loss_giou: 1.6129 (1.6917)  loss_fgl: 0.6910 (0.6860)  loss_mal_aux_0: 0.7622 (0.9256)  loss_bbox_aux_0: 1.2473 (1.2547)  loss_giou_aux_0: 1.6911 (1.7828)  loss_fgl_aux_0: 0.6302 (0.6456)  loss_ddf_aux_0: 0.0815 (0.0762)  loss_mal_aux_1: 0.8740 (1.0835)  loss_bbox_aux_1: 1.2078 (1.2335)  loss_giou_aux_1: 1.6344 (1.7163)  loss_fgl_aux_1: 0.6685 (0.6749)  loss_ddf_aux_1: 0.0137 (0.0173)  loss_mal_aux_2: 1.1143 (1.1749)  loss_bbox_aux_2: 1.1985 (1.2099)  loss_giou_aux_2: 1.6133 (1.6915)  loss_fgl_aux_2: 0.6938 (0.6851)  loss_ddf_aux_2: 0.0010 (0.0012)  loss_mal_pre: 0.7148 (0.9171)  loss_bbox_pre: 1.2625 (1.2818)  loss_giou_pre: 1.7319 (1.8003)  loss_mal_enc_0: 0.8296 (0.8447)  loss_bbox_enc_0: 1.3180 (1.4223)  loss_giou_enc_0: 1.8501 (1.8599)  loss_mal_dn_0: 1.4902 (1.5985)  loss_bbox_dn_0: 0.9548 (1.0207)  loss_giou_dn_0: 1.1732 (1.1392)  loss_fgl_dn_0: 1.0307 (1.0532)  loss_ddf_dn_0: 0.1467 (0.1745)  loss_mal_dn_1: 1.7803 (1.9001)  loss_bbox_dn_1: 0.8454 (0.8748)  loss_giou_dn_1: 1.0483 (1.0083)  loss_fgl_dn_1: 0.9917 (1.0141)  loss_ddf_dn_1: 0.0310 (0.0330)  loss_mal_dn_2: 1.8525 (2.0085)  loss_bbox_dn_2: 0.8368 (0.8556)  loss_giou_dn_2: 1.0235 (0.9679)  loss_fgl_dn_2: 1.0027 (1.0201)  loss_ddf_dn_2: 0.0025 (0.0027)  loss_mal_dn_3: 1.8232 (1.9584)  loss_bbox_dn_3: 0.8292 (0.8459)  loss_giou_dn_3: 1.0117 (0.9611)  loss_fgl_dn_3: 1.0120 (1.0240)  loss_mal_dn_pre: 1.5107 (1.6237)  loss_bbox_dn_pre: 0.8491 (0.9788)  loss_giou_dn_pre: 1.1529 (1.1240)
Test:  [0/4]  eta: 0:00:01    time: 0.3902  data: 0.3503  max mem: 3583
Test:  [3/4]  eta: 0:00:00    time: 0.1710  data: 0.0896  max mem: 3583
Test: Total time: 0:00:00 (0.1895 s / it)
Averaged stats: 
Accumulating evaluation results...
COCOeval_opt.accumulate() finished...
DONE (t=0.00s).
IoU metric: bbox
 Average Precision  (AP) @[ IoU=0.50:0.95 | area=   all | maxDets=100 ] = 0.000
 Average Precision  (AP) @[ IoU=0.50      | area=   all | maxDets=100 ] = 0.000
 Average Precision  (AP) @[ IoU=0.75      | area=   all | maxDets=100 ] = 0.000
 Average Precision  (AP) @[ IoU=0.50:0.95 | area= small | maxDets=100 ] = -1.000
 Average Precision  (AP) @[ IoU=0.50:0.95 | area=medium | maxDets=100 ] = -1.000
 Average Precision  (AP) @[ IoU=0.50:0.95 | area= large | maxDets=100 ] = 0.000
 Average Recall     (AR) @[ IoU=0.50:0.95 | area=   all | maxDets=  1 ] = 0.000
 Average Recall     (AR) @[ IoU=0.50:0.95 | area=   all | maxDets= 10 ] = 0.000
 Average Recall     (AR) @[ IoU=0.50:0.95 | area=   all | maxDets=100 ] = 0.000
 Average Recall     (AR) @[ IoU=0.50:0.95 | area= small | maxDets=100 ] = -1.000
 Average Recall     (AR) @[ IoU=0.50:0.95 | area=medium | maxDets=100 ] = -1.000
 Average Recall     (AR) @[ IoU=0.50:0.95 | area= large | maxDets=100 ] = 0.000
 Average Recall     (AR) @[ IoU=0.50      | area=   all | maxDets=100 ] = 0.000
 Average Recall     (AR) @[ IoU=0.75      | area=   all | maxDets=100 ] = 0.000
best_stat: {'epoch': 19, 'coco_eval_bbox': 7.15342470207612e-05}
Epoch: [26]  [0/8]  eta: 0:00:06  lr: 0.000000  loss: 46.9585 (46.9585)  loss_mal: 1.1787 (1.1787)  loss_bbox: 0.9520 (0.9520)  loss_giou: 1.5865 (1.5865)  loss_fgl: 0.7174 (0.7174)  loss_mal_aux_0: 0.7861 (0.7861)  loss_bbox_aux_0: 1.0490 (1.0490)  loss_giou_aux_0: 1.7295 (1.7295)  loss_fgl_aux_0: 0.6325 (0.6325)  loss_ddf_aux_0: 0.1092 (0.1092)  loss_mal_aux_1: 1.0615 (1.0615)  loss_bbox_aux_1: 0.9806 (0.9806)  loss_giou_aux_1: 1.6356 (1.6356)  loss_fgl_aux_1: 0.6938 (0.6938)  loss_ddf_aux_1: 0.0198 (0.0198)  loss_mal_aux_2: 1.2178 (1.2178)  loss_bbox_aux_2: 0.9583 (0.9583)  loss_giou_aux_2: 1.5888 (1.5888)  loss_fgl_aux_2: 0.7158 (0.7158)  loss_ddf_aux_2: 0.0014 (0.0014)  loss_mal_pre: 0.7915 (0.7915)  loss_bbox_pre: 1.0437 (1.0437)  loss_giou_pre: 1.7298 (1.7298)  loss_mal_enc_0: 0.8984 (0.8984)  loss_bbox_enc_0: 1.0326 (1.0326)  loss_giou_enc_0: 1.6856 (1.6856)  loss_mal_dn_0: 1.4688 (1.4688)  loss_bbox_dn_0: 0.9228 (0.9228)  loss_giou_dn_0: 1.1934 (1.1934)  loss_fgl_dn_0: 0.9509 (0.9509)  loss_ddf_dn_0: 0.1589 (0.1589)  loss_mal_dn_1: 1.8018 (1.8018)  loss_bbox_dn_1: 0.7664 (0.7664)  loss_giou_dn_1: 1.0574 (1.0574)  loss_fgl_dn_1: 0.9663 (0.9663)  loss_ddf_dn_1: 0.0347 (0.0347)  loss_mal_dn_2: 1.8975 (1.8975)  loss_bbox_dn_2: 0.7611 (0.7611)  loss_giou_dn_2: 1.0242 (1.0242)  loss_fgl_dn_2: 0.9740 (0.9740)  loss_ddf_dn_2: 0.0029 (0.0029)  loss_mal_dn_3: 1.8574 (1.8574)  loss_bbox_dn_3: 0.7496 (0.7496)  loss_giou_dn_3: 1.0190 (1.0190)  loss_fgl_dn_3: 0.9750 (0.9750)  loss_mal_dn_pre: 1.4590 (1.4590)  loss_bbox_dn_pre: 0.9276 (0.9276)  loss_giou_dn_pre: 1.1939 (1.1939)  time: 0.7989  data: 0.5702  max mem: 3583
Epoch: [26]  [7/8]  eta: 0:00:00  lr: 0.000000  loss: 47.4587 (48.7816)  loss_mal: 1.2510 (1.3884)  loss_bbox: 0.9520 (1.0365)  loss_giou: 1.3734 (1.4172)  loss_fgl: 0.7051 (0.7371)  loss_mal_aux_0: 1.0293 (1.1260)  loss_bbox_aux_0: 1.0265 (1.0992)  loss_giou_aux_0: 1.4258 (1.5170)  loss_fgl_aux_0: 0.6734 (0.7013)  loss_ddf_aux_0: 0.0929 (0.0887)  loss_mal_aux_1: 1.1182 (1.2854)  loss_bbox_aux_1: 0.9806 (1.0643)  loss_giou_aux_1: 1.4023 (1.4537)  loss_fgl_aux_1: 0.6933 (0.7185)  loss_ddf_aux_1: 0.0146 (0.0156)  loss_mal_aux_2: 1.2686 (1.4224)  loss_bbox_aux_2: 0.9583 (1.0378)  loss_giou_aux_2: 1.3759 (1.4182)  loss_fgl_aux_2: 0.7047 (0.7353)  loss_ddf_aux_2: 0.0012 (0.0013)  loss_mal_pre: 1.0176 (1.0952)  loss_bbox_pre: 1.0368 (1.0837)  loss_giou_pre: 1.4517 (1.5249)  loss_mal_enc_0: 1.0547 (1.1560)  loss_bbox_enc_0: 1.0001 (1.1257)  loss_giou_enc_0: 1.5779 (1.5762)  loss_mal_dn_0: 1.4688 (1.5712)  loss_bbox_dn_0: 0.8904 (0.9805)  loss_giou_dn_0: 1.1233 (1.1579)  loss_fgl_dn_0: 0.9867 (1.0430)  loss_ddf_dn_0: 0.1765 (0.1973)  loss_mal_dn_1: 1.8018 (1.8569)  loss_bbox_dn_1: 0.7335 (0.8301)  loss_giou_dn_1: 1.0015 (1.0289)  loss_fgl_dn_1: 0.9663 (1.0046)  loss_ddf_dn_1: 0.0347 (0.0366)  loss_mal_dn_2: 1.8975 (1.9928)  loss_bbox_dn_2: 0.7113 (0.8194)  loss_giou_dn_2: 0.9089 (0.9753)  loss_fgl_dn_2: 0.9740 (1.0118)  loss_ddf_dn_2: 0.0029 (0.0029)  loss_mal_dn_3: 1.8574 (1.9529)  loss_bbox_dn_3: 0.7246 (0.8120)  loss_giou_dn_3: 0.9042 (0.9670)  loss_fgl_dn_3: 0.9750 (1.0159)  loss_mal_dn_pre: 1.4590 (1.5887)  loss_bbox_dn_pre: 0.8407 (0.9651)  loss_giou_dn_pre: 1.1021 (1.1450)  time: 0.2200  data: 0.0748  max mem: 3583
Epoch: [26] Total time: 0:00:01 (0.2305 s / it)
Averaged stats: lr: 0.000000  loss: 47.4587 (48.7816)  loss_mal: 1.2510 (1.3884)  loss_bbox: 0.9520 (1.0365)  loss_giou: 1.3734 (1.4172)  loss_fgl: 0.7051 (0.7371)  loss_mal_aux_0: 1.0293 (1.1260)  loss_bbox_aux_0: 1.0265 (1.0992)  loss_giou_aux_0: 1.4258 (1.5170)  loss_fgl_aux_0: 0.6734 (0.7013)  loss_ddf_aux_0: 0.0929 (0.0887)  loss_mal_aux_1: 1.1182 (1.2854)  loss_bbox_aux_1: 0.9806 (1.0643)  loss_giou_aux_1: 1.4023 (1.4537)  loss_fgl_aux_1: 0.6933 (0.7185)  loss_ddf_aux_1: 0.0146 (0.0156)  loss_mal_aux_2: 1.2686 (1.4224)  loss_bbox_aux_2: 0.9583 (1.0378)  loss_giou_aux_2: 1.3759 (1.4182)  loss_fgl_aux_2: 0.7047 (0.7353)  loss_ddf_aux_2: 0.0012 (0.0013)  loss_mal_pre: 1.0176 (1.0952)  loss_bbox_pre: 1.0368 (1.0837)  loss_giou_pre: 1.4517 (1.5249)  loss_mal_enc_0: 1.0547 (1.1560)  loss_bbox_enc_0: 1.0001 (1.1257)  loss_giou_enc_0: 1.5779 (1.5762)  loss_mal_dn_0: 1.4688 (1.5712)  loss_bbox_dn_0: 0.8904 (0.9805)  loss_giou_dn_0: 1.1233 (1.1579)  loss_fgl_dn_0: 0.9867 (1.0430)  loss_ddf_dn_0: 0.1765 (0.1973)  loss_mal_dn_1: 1.8018 (1.8569)  loss_bbox_dn_1: 0.7335 (0.8301)  loss_giou_dn_1: 1.0015 (1.0289)  loss_fgl_dn_1: 0.9663 (1.0046)  loss_ddf_dn_1: 0.0347 (0.0366)  loss_mal_dn_2: 1.8975 (1.9928)  loss_bbox_dn_2: 0.7113 (0.8194)  loss_giou_dn_2: 0.9089 (0.9753)  loss_fgl_dn_2: 0.9740 (1.0118)  loss_ddf_dn_2: 0.0029 (0.0029)  loss_mal_dn_3: 1.8574 (1.9529)  loss_bbox_dn_3: 0.7246 (0.8120)  loss_giou_dn_3: 0.9042 (0.9670)  loss_fgl_dn_3: 0.9750 (1.0159)  loss_mal_dn_pre: 1.4590 (1.5887)  loss_bbox_dn_pre: 0.8407 (0.9651)  loss_giou_dn_pre: 1.1021 (1.1450)
Test:  [0/4]  eta: 0:00:01    time: 0.4301  data: 0.3838  max mem: 3583
Test:  [3/4]  eta: 0:00:00    time: 0.1359  data: 0.0980  max mem: 3583
Test: Total time: 0:00:00 (0.1591 s / it)
Averaged stats: 
Accumulating evaluation results...
COCOeval_opt.accumulate() finished...
DONE (t=0.00s).
IoU metric: bbox
 Average Precision  (AP) @[ IoU=0.50:0.95 | area=   all | maxDets=100 ] = 0.000
 Average Precision  (AP) @[ IoU=0.50      | area=   all | maxDets=100 ] = 0.000
 Average Precision  (AP) @[ IoU=0.75      | area=   all | maxDets=100 ] = 0.000
 Average Precision  (AP) @[ IoU=0.50:0.95 | area= small | maxDets=100 ] = -1.000
 Average Precision  (AP) @[ IoU=0.50:0.95 | area=medium | maxDets=100 ] = -1.000
 Average Precision  (AP) @[ IoU=0.50:0.95 | area= large | maxDets=100 ] = 0.000
 Average Recall     (AR) @[ IoU=0.50:0.95 | area=   all | maxDets=  1 ] = 0.000
 Average Recall     (AR) @[ IoU=0.50:0.95 | area=   all | maxDets= 10 ] = 0.000
 Average Recall     (AR) @[ IoU=0.50:0.95 | area=   all | maxDets=100 ] = 0.000
 Average Recall     (AR) @[ IoU=0.50:0.95 | area= small | maxDets=100 ] = -1.000
 Average Recall     (AR) @[ IoU=0.50:0.95 | area=medium | maxDets=100 ] = -1.000
 Average Recall     (AR) @[ IoU=0.50:0.95 | area= large | maxDets=100 ] = 0.000
 Average Recall     (AR) @[ IoU=0.50      | area=   all | maxDets=100 ] = 0.000
 Average Recall     (AR) @[ IoU=0.75      | area=   all | maxDets=100 ] = 0.000
best_stat: {'epoch': 19, 'coco_eval_bbox': 7.15342470207612e-05}
Epoch: [27]  [0/8]  eta: 0:00:08  lr: 0.000000  loss: 50.7079 (50.7079)  loss_mal: 1.5674 (1.5674)  loss_bbox: 1.1920 (1.1920)  loss_giou: 1.3442 (1.3442)  loss_fgl: 0.8058 (0.8058)  loss_mal_aux_0: 1.4160 (1.4160)  loss_bbox_aux_0: 1.2373 (1.2373)  loss_giou_aux_0: 1.3792 (1.3792)  loss_fgl_aux_0: 0.8352 (0.8352)  loss_ddf_aux_0: 0.0720 (0.0720)  loss_mal_aux_1: 1.5312 (1.5312)  loss_bbox_aux_1: 1.2025 (1.2025)  loss_giou_aux_1: 1.3671 (1.3671)  loss_fgl_aux_1: 0.8077 (0.8077)  loss_ddf_aux_1: 0.0118 (0.0118)  loss_mal_aux_2: 1.5459 (1.5459)  loss_bbox_aux_2: 1.2092 (1.2092)  loss_giou_aux_2: 1.3469 (1.3469)  loss_fgl_aux_2: 0.8028 (0.8028)  loss_ddf_aux_2: 0.0015 (0.0015)  loss_mal_pre: 1.4355 (1.4355)  loss_bbox_pre: 1.2550 (1.2550)  loss_giou_pre: 1.4042 (1.4042)  loss_mal_enc_0: 1.4971 (1.4971)  loss_bbox_enc_0: 1.2249 (1.2249)  loss_giou_enc_0: 1.4728 (1.4728)  loss_mal_dn_0: 1.4463 (1.4463)  loss_bbox_dn_0: 1.0348 (1.0348)  loss_giou_dn_0: 1.2500 (1.2500)  loss_fgl_dn_0: 1.0190 (1.0190)  loss_ddf_dn_0: 0.1732 (0.1732)  loss_mal_dn_1: 1.6211 (1.6211)  loss_bbox_dn_1: 0.9029 (0.9029)  loss_giou_dn_1: 1.1662 (1.1662)  loss_fgl_dn_1: 0.9518 (0.9518)  loss_ddf_dn_1: 0.0371 (0.0371)  loss_mal_dn_2: 1.7109 (1.7109)  loss_bbox_dn_2: 0.9365 (0.9365)  loss_giou_dn_2: 1.1304 (1.1304)  loss_fgl_dn_2: 0.9600 (0.9600)  loss_ddf_dn_2: 0.0032 (0.0032)  loss_mal_dn_3: 1.6602 (1.6602)  loss_bbox_dn_3: 0.9391 (0.9391)  loss_giou_dn_3: 1.1253 (1.1253)  loss_fgl_dn_3: 0.9607 (0.9607)  loss_mal_dn_pre: 1.5000 (1.5000)  loss_bbox_dn_pre: 1.0118 (1.0118)  loss_giou_dn_pre: 1.2019 (1.2019)  time: 1.1221  data: 0.9504  max mem: 3583
Epoch: [27]  [7/8]  eta: 0:00:00  lr: 0.000000  loss: 50.4435 (51.2978)  loss_mal: 1.5674 (1.5854)  loss_bbox: 1.1886 (1.1552)  loss_giou: 1.3062 (1.4425)  loss_fgl: 0.6344 (0.7275)  loss_mal_aux_0: 1.4160 (1.3829)  loss_bbox_aux_0: 1.2210 (1.1983)  loss_giou_aux_0: 1.3792 (1.5168)  loss_fgl_aux_0: 0.7237 (0.7335)  loss_ddf_aux_0: 0.0782 (0.0796)  loss_mal_aux_1: 1.5312 (1.4894)  loss_bbox_aux_1: 1.2025 (1.1792)  loss_giou_aux_1: 1.3191 (1.4688)  loss_fgl_aux_1: 0.6372 (0.7259)  loss_ddf_aux_1: 0.0118 (0.0121)  loss_mal_aux_2: 1.5459 (1.6004)  loss_bbox_aux_2: 1.1843 (1.1610)  loss_giou_aux_2: 1.3073 (1.4459)  loss_fgl_aux_2: 0.6340 (0.7256)  loss_ddf_aux_2: 0.0010 (0.0010)  loss_mal_pre: 1.3750 (1.3670)  loss_bbox_pre: 1.2536 (1.2338)  loss_giou_pre: 1.4042 (1.5336)  loss_mal_enc_0: 1.3760 (1.3677)  loss_bbox_enc_0: 1.2503 (1.2937)  loss_giou_enc_0: 1.4802 (1.6200)  loss_mal_dn_0: 1.5635 (1.6355)  loss_bbox_dn_0: 0.9280 (0.9995)  loss_giou_dn_0: 1.0747 (1.1377)  loss_fgl_dn_0: 1.0461 (1.0670)  loss_ddf_dn_0: 0.1732 (0.1793)  loss_mal_dn_1: 1.9111 (1.9099)  loss_bbox_dn_1: 0.7734 (0.8352)  loss_giou_dn_1: 0.9532 (1.0110)  loss_fgl_dn_1: 1.0269 (1.0223)  loss_ddf_dn_1: 0.0327 (0.0325)  loss_mal_dn_2: 2.0156 (2.0273)  loss_bbox_dn_2: 0.8524 (0.8283)  loss_giou_dn_2: 0.9443 (0.9654)  loss_fgl_dn_2: 1.0267 (1.0291)  loss_ddf_dn_2: 0.0030 (0.0026)  loss_mal_dn_3: 1.9658 (1.9841)  loss_bbox_dn_3: 0.8523 (0.8246)  loss_giou_dn_3: 0.9452 (0.9594)  loss_fgl_dn_3: 1.0306 (1.0330)  loss_mal_dn_pre: 1.5918 (1.6606)  loss_bbox_dn_pre: 0.9314 (0.9903)  loss_giou_dn_pre: 1.0616 (1.1163)  time: 0.2748  data: 0.1197  max mem: 3583
Epoch: [27] Total time: 0:00:02 (0.2835 s / it)
Averaged stats: lr: 0.000000  loss: 50.4435 (51.2978)  loss_mal: 1.5674 (1.5854)  loss_bbox: 1.1886 (1.1552)  loss_giou: 1.3062 (1.4425)  loss_fgl: 0.6344 (0.7275)  loss_mal_aux_0: 1.4160 (1.3829)  loss_bbox_aux_0: 1.2210 (1.1983)  loss_giou_aux_0: 1.3792 (1.5168)  loss_fgl_aux_0: 0.7237 (0.7335)  loss_ddf_aux_0: 0.0782 (0.0796)  loss_mal_aux_1: 1.5312 (1.4894)  loss_bbox_aux_1: 1.2025 (1.1792)  loss_giou_aux_1: 1.3191 (1.4688)  loss_fgl_aux_1: 0.6372 (0.7259)  loss_ddf_aux_1: 0.0118 (0.0121)  loss_mal_aux_2: 1.5459 (1.6004)  loss_bbox_aux_2: 1.1843 (1.1610)  loss_giou_aux_2: 1.3073 (1.4459)  loss_fgl_aux_2: 0.6340 (0.7256)  loss_ddf_aux_2: 0.0010 (0.0010)  loss_mal_pre: 1.3750 (1.3670)  loss_bbox_pre: 1.2536 (1.2338)  loss_giou_pre: 1.4042 (1.5336)  loss_mal_enc_0: 1.3760 (1.3677)  loss_bbox_enc_0: 1.2503 (1.2937)  loss_giou_enc_0: 1.4802 (1.6200)  loss_mal_dn_0: 1.5635 (1.6355)  loss_bbox_dn_0: 0.9280 (0.9995)  loss_giou_dn_0: 1.0747 (1.1377)  loss_fgl_dn_0: 1.0461 (1.0670)  loss_ddf_dn_0: 0.1732 (0.1793)  loss_mal_dn_1: 1.9111 (1.9099)  loss_bbox_dn_1: 0.7734 (0.8352)  loss_giou_dn_1: 0.9532 (1.0110)  loss_fgl_dn_1: 1.0269 (1.0223)  loss_ddf_dn_1: 0.0327 (0.0325)  loss_mal_dn_2: 2.0156 (2.0273)  loss_bbox_dn_2: 0.8524 (0.8283)  loss_giou_dn_2: 0.9443 (0.9654)  loss_fgl_dn_2: 1.0267 (1.0291)  loss_ddf_dn_2: 0.0030 (0.0026)  loss_mal_dn_3: 1.9658 (1.9841)  loss_bbox_dn_3: 0.8523 (0.8246)  loss_giou_dn_3: 0.9452 (0.9594)  loss_fgl_dn_3: 1.0306 (1.0330)  loss_mal_dn_pre: 1.5918 (1.6606)  loss_bbox_dn_pre: 0.9314 (0.9903)  loss_giou_dn_pre: 1.0616 (1.1163)
Test:  [0/4]  eta: 0:00:01    time: 0.3624  data: 0.3265  max mem: 3583
Test:  [3/4]  eta: 0:00:00    time: 0.1143  data: 0.0837  max mem: 3583
Test: Total time: 0:00:00 (0.1372 s / it)
Averaged stats: 
Accumulating evaluation results...
COCOeval_opt.accumulate() finished...
DONE (t=0.00s).
IoU metric: bbox
 Average Precision  (AP) @[ IoU=0.50:0.95 | area=   all | maxDets=100 ] = 0.000
 Average Precision  (AP) @[ IoU=0.50      | area=   all | maxDets=100 ] = 0.000
 Average Precision  (AP) @[ IoU=0.75      | area=   all | maxDets=100 ] = 0.000
 Average Precision  (AP) @[ IoU=0.50:0.95 | area= small | maxDets=100 ] = -1.000
 Average Precision  (AP) @[ IoU=0.50:0.95 | area=medium | maxDets=100 ] = -1.000
 Average Precision  (AP) @[ IoU=0.50:0.95 | area= large | maxDets=100 ] = 0.000
 Average Recall     (AR) @[ IoU=0.50:0.95 | area=   all | maxDets=  1 ] = 0.000
 Average Recall     (AR) @[ IoU=0.50:0.95 | area=   all | maxDets= 10 ] = 0.000
 Average Recall     (AR) @[ IoU=0.50:0.95 | area=   all | maxDets=100 ] = 0.000
 Average Recall     (AR) @[ IoU=0.50:0.95 | area= small | maxDets=100 ] = -1.000
 Average Recall     (AR) @[ IoU=0.50:0.95 | area=medium | maxDets=100 ] = -1.000
 Average Recall     (AR) @[ IoU=0.50:0.95 | area= large | maxDets=100 ] = 0.000
 Average Recall     (AR) @[ IoU=0.50      | area=   all | maxDets=100 ] = 0.000
 Average Recall     (AR) @[ IoU=0.75      | area=   all | maxDets=100 ] = 0.000
best_stat: {'epoch': 19, 'coco_eval_bbox': 7.15342470207612e-05}
Epoch: [28]  [0/8]  eta: 0:00:06  lr: 0.000000  loss: 48.6507 (48.6507)  loss_mal: 1.9170 (1.9170)  loss_bbox: 0.5930 (0.5930)  loss_giou: 1.1938 (1.1938)  loss_fgl: 0.9773 (0.9773)  loss_mal_aux_0: 1.5615 (1.5615)  loss_bbox_aux_0: 0.6753 (0.6753)  loss_giou_aux_0: 1.3373 (1.3373)  loss_fgl_aux_0: 0.9656 (0.9656)  loss_ddf_aux_0: 0.1665 (0.1665)  loss_mal_aux_1: 1.7402 (1.7402)  loss_bbox_aux_1: 0.6267 (0.6267)  loss_giou_aux_1: 1.2326 (1.2326)  loss_fgl_aux_1: 0.9840 (0.9840)  loss_ddf_aux_1: 0.0253 (0.0253)  loss_mal_aux_2: 1.9385 (1.9385)  loss_bbox_aux_2: 0.5957 (0.5957)  loss_giou_aux_2: 1.1965 (1.1965)  loss_fgl_aux_2: 0.9834 (0.9834)  loss_ddf_aux_2: 0.0017 (0.0017)  loss_mal_pre: 1.5557 (1.5557)  loss_bbox_pre: 0.6909 (0.6909)  loss_giou_pre: 1.3380 (1.3380)  loss_mal_enc_0: 1.6729 (1.6729)  loss_bbox_enc_0: 0.6741 (0.6741)  loss_giou_enc_0: 1.3952 (1.3952)  loss_mal_dn_0: 1.9248 (1.9248)  loss_bbox_dn_0: 0.6727 (0.6727)  loss_giou_dn_0: 0.9759 (0.9759)  loss_fgl_dn_0: 1.1173 (1.1173)  loss_ddf_dn_0: 0.2698 (0.2698)  loss_mal_dn_1: 2.3145 (2.3145)  loss_bbox_dn_1: 0.5020 (0.5020)  loss_giou_dn_1: 0.8021 (0.8021)  loss_fgl_dn_1: 1.0306 (1.0306)  loss_ddf_dn_1: 0.0519 (0.0519)  loss_mal_dn_2: 2.5039 (2.5039)  loss_bbox_dn_2: 0.4624 (0.4624)  loss_giou_dn_2: 0.7374 (0.7374)  loss_fgl_dn_2: 1.0103 (1.0103)  loss_ddf_dn_2: 0.0037 (0.0037)  loss_mal_dn_3: 2.4473 (2.4473)  loss_bbox_dn_3: 0.4663 (0.4663)  loss_giou_dn_3: 0.7342 (0.7342)  loss_fgl_dn_3: 1.0097 (1.0097)  loss_mal_dn_pre: 1.9551 (1.9551)  loss_bbox_dn_pre: 0.6532 (0.6532)  loss_giou_dn_pre: 0.9672 (0.9672)  time: 0.8024  data: 0.6077  max mem: 3583
Epoch: [28]  [7/8]  eta: 0:00:00  lr: 0.000000  loss: 50.1458 (51.0419)  loss_mal: 1.4463 (1.6039)  loss_bbox: 0.8135 (1.1091)  loss_giou: 1.2249 (1.3233)  loss_fgl: 0.7961 (0.8280)  loss_mal_aux_0: 1.3008 (1.3146)  loss_bbox_aux_0: 0.8927 (1.1913)  loss_giou_aux_0: 1.3793 (1.4417)  loss_fgl_aux_0: 0.7619 (0.7980)  loss_ddf_aux_0: 0.0751 (0.0924)  loss_mal_aux_1: 1.3877 (1.4988)  loss_bbox_aux_1: 0.8604 (1.1427)  loss_giou_aux_1: 1.2845 (1.3581)  loss_fgl_aux_1: 0.7934 (0.8226)  loss_ddf_aux_1: 0.0136 (0.0157)  loss_mal_aux_2: 1.4873 (1.6342)  loss_bbox_aux_2: 0.8163 (1.1192)  loss_giou_aux_2: 1.2302 (1.3231)  loss_fgl_aux_2: 0.7976 (0.8299)  loss_ddf_aux_2: 0.0013 (0.0015)  loss_mal_pre: 1.3018 (1.3052)  loss_bbox_pre: 0.8674 (1.2227)  loss_giou_pre: 1.4190 (1.4469)  loss_mal_enc_0: 1.2090 (1.2822)  loss_bbox_enc_0: 0.9376 (1.2519)  loss_giou_enc_0: 1.5146 (1.5110)  loss_mal_dn_0: 1.6670 (1.7238)  loss_bbox_dn_0: 0.9134 (0.9560)  loss_giou_dn_0: 1.1045 (1.0907)  loss_fgl_dn_0: 1.1173 (1.1097)  loss_ddf_dn_0: 0.2042 (0.2078)  loss_mal_dn_1: 1.9932 (2.0344)  loss_bbox_dn_1: 0.7931 (0.8200)  loss_giou_dn_1: 0.9731 (0.9443)  loss_fgl_dn_1: 1.0817 (1.0627)  loss_ddf_dn_1: 0.0345 (0.0374)  loss_mal_dn_2: 2.1172 (2.2057)  loss_bbox_dn_2: 0.7585 (0.7823)  loss_giou_dn_2: 0.9285 (0.8820)  loss_fgl_dn_2: 1.0832 (1.0693)  loss_ddf_dn_2: 0.0024 (0.0028)  loss_mal_dn_3: 2.0391 (2.1481)  loss_bbox_dn_3: 0.7580 (0.7830)  loss_giou_dn_3: 0.9216 (0.8767)  loss_fgl_dn_3: 1.0913 (1.0719)  loss_mal_dn_pre: 1.7334 (1.7534)  loss_bbox_dn_pre: 0.8970 (0.9383)  loss_giou_dn_pre: 1.0715 (1.0739)  time: 0.2419  data: 0.0784  max mem: 3583
Epoch: [28] Total time: 0:00:02 (0.2501 s / it)
Averaged stats: lr: 0.000000  loss: 50.1458 (51.0419)  loss_mal: 1.4463 (1.6039)  loss_bbox: 0.8135 (1.1091)  loss_giou: 1.2249 (1.3233)  loss_fgl: 0.7961 (0.8280)  loss_mal_aux_0: 1.3008 (1.3146)  loss_bbox_aux_0: 0.8927 (1.1913)  loss_giou_aux_0: 1.3793 (1.4417)  loss_fgl_aux_0: 0.7619 (0.7980)  loss_ddf_aux_0: 0.0751 (0.0924)  loss_mal_aux_1: 1.3877 (1.4988)  loss_bbox_aux_1: 0.8604 (1.1427)  loss_giou_aux_1: 1.2845 (1.3581)  loss_fgl_aux_1: 0.7934 (0.8226)  loss_ddf_aux_1: 0.0136 (0.0157)  loss_mal_aux_2: 1.4873 (1.6342)  loss_bbox_aux_2: 0.8163 (1.1192)  loss_giou_aux_2: 1.2302 (1.3231)  loss_fgl_aux_2: 0.7976 (0.8299)  loss_ddf_aux_2: 0.0013 (0.0015)  loss_mal_pre: 1.3018 (1.3052)  loss_bbox_pre: 0.8674 (1.2227)  loss_giou_pre: 1.4190 (1.4469)  loss_mal_enc_0: 1.2090 (1.2822)  loss_bbox_enc_0: 0.9376 (1.2519)  loss_giou_enc_0: 1.5146 (1.5110)  loss_mal_dn_0: 1.6670 (1.7238)  loss_bbox_dn_0: 0.9134 (0.9560)  loss_giou_dn_0: 1.1045 (1.0907)  loss_fgl_dn_0: 1.1173 (1.1097)  loss_ddf_dn_0: 0.2042 (0.2078)  loss_mal_dn_1: 1.9932 (2.0344)  loss_bbox_dn_1: 0.7931 (0.8200)  loss_giou_dn_1: 0.9731 (0.9443)  loss_fgl_dn_1: 1.0817 (1.0627)  loss_ddf_dn_1: 0.0345 (0.0374)  loss_mal_dn_2: 2.1172 (2.2057)  loss_bbox_dn_2: 0.7585 (0.7823)  loss_giou_dn_2: 0.9285 (0.8820)  loss_fgl_dn_2: 1.0832 (1.0693)  loss_ddf_dn_2: 0.0024 (0.0028)  loss_mal_dn_3: 2.0391 (2.1481)  loss_bbox_dn_3: 0.7580 (0.7830)  loss_giou_dn_3: 0.9216 (0.8767)  loss_fgl_dn_3: 1.0913 (1.0719)  loss_mal_dn_pre: 1.7334 (1.7534)  loss_bbox_dn_pre: 0.8970 (0.9383)  loss_giou_dn_pre: 1.0715 (1.0739)
Test:  [0/4]  eta: 0:00:01    time: 0.4052  data: 0.3690  max mem: 3583
Test:  [3/4]  eta: 0:00:00    time: 0.1266  data: 0.0944  max mem: 3583
Test: Total time: 0:00:00 (0.1498 s / it)
Averaged stats: 
Accumulating evaluation results...
COCOeval_opt.accumulate() finished...
DONE (t=0.00s).
IoU metric: bbox
 Average Precision  (AP) @[ IoU=0.50:0.95 | area=   all | maxDets=100 ] = 0.000
 Average Precision  (AP) @[ IoU=0.50      | area=   all | maxDets=100 ] = 0.000
 Average Precision  (AP) @[ IoU=0.75      | area=   all | maxDets=100 ] = 0.000
 Average Precision  (AP) @[ IoU=0.50:0.95 | area= small | maxDets=100 ] = -1.000
 Average Precision  (AP) @[ IoU=0.50:0.95 | area=medium | maxDets=100 ] = -1.000
 Average Precision  (AP) @[ IoU=0.50:0.95 | area= large | maxDets=100 ] = 0.000
 Average Recall     (AR) @[ IoU=0.50:0.95 | area=   all | maxDets=  1 ] = 0.000
 Average Recall     (AR) @[ IoU=0.50:0.95 | area=   all | maxDets= 10 ] = 0.000
 Average Recall     (AR) @[ IoU=0.50:0.95 | area=   all | maxDets=100 ] = 0.000
 Average Recall     (AR) @[ IoU=0.50:0.95 | area= small | maxDets=100 ] = -1.000
 Average Recall     (AR) @[ IoU=0.50:0.95 | area=medium | maxDets=100 ] = -1.000
 Average Recall     (AR) @[ IoU=0.50:0.95 | area= large | maxDets=100 ] = 0.000
 Average Recall     (AR) @[ IoU=0.50      | area=   all | maxDets=100 ] = 0.000
 Average Recall     (AR) @[ IoU=0.75      | area=   all | maxDets=100 ] = 0.000
best_stat: {'epoch': 19, 'coco_eval_bbox': 7.15342470207612e-05}
Epoch: [29]  [0/8]  eta: 0:00:08  lr: 0.000000  loss: 52.4669 (52.4669)  loss_mal: 1.2002 (1.2002)  loss_bbox: 1.3638 (1.3638)  loss_giou: 1.6183 (1.6183)  loss_fgl: 0.8886 (0.8886)  loss_mal_aux_0: 0.9521 (0.9521)  loss_bbox_aux_0: 1.4638 (1.4638)  loss_giou_aux_0: 1.7081 (1.7081)  loss_fgl_aux_0: 0.8233 (0.8233)  loss_ddf_aux_0: 0.0654 (0.0654)  loss_mal_aux_1: 1.1709 (1.1709)  loss_bbox_aux_1: 1.3790 (1.3790)  loss_giou_aux_1: 1.6309 (1.6309)  loss_fgl_aux_1: 0.8628 (0.8628)  loss_ddf_aux_1: 0.0119 (0.0119)  loss_mal_aux_2: 1.2266 (1.2266)  loss_bbox_aux_2: 1.3721 (1.3721)  loss_giou_aux_2: 1.6208 (1.6208)  loss_fgl_aux_2: 0.8894 (0.8894)  loss_ddf_aux_2: 0.0008 (0.0008)  loss_mal_pre: 0.9268 (0.9268)  loss_bbox_pre: 1.4901 (1.4901)  loss_giou_pre: 1.6996 (1.6996)  loss_mal_enc_0: 1.0342 (1.0342)  loss_bbox_enc_0: 1.4779 (1.4779)  loss_giou_enc_0: 1.7330 (1.7330)  loss_mal_dn_0: 1.1514 (1.1514)  loss_bbox_dn_0: 1.4489 (1.4489)  loss_giou_dn_0: 1.4146 (1.4146)  loss_fgl_dn_0: 1.0216 (1.0216)  loss_ddf_dn_0: 0.1570 (0.1570)  loss_mal_dn_1: 1.3018 (1.3018)  loss_bbox_dn_1: 1.2743 (1.2743)  loss_giou_dn_1: 1.3149 (1.3149)  loss_fgl_dn_1: 1.0152 (1.0152)  loss_ddf_dn_1: 0.0305 (0.0305)  loss_mal_dn_2: 1.3721 (1.3721)  loss_bbox_dn_2: 1.2610 (1.2610)  loss_giou_dn_2: 1.2787 (1.2787)  loss_fgl_dn_2: 1.0315 (1.0315)  loss_ddf_dn_2: 0.0018 (0.0018)  loss_mal_dn_3: 1.3418 (1.3418)  loss_bbox_dn_3: 1.2518 (1.2518)  loss_giou_dn_3: 1.2766 (1.2766)  loss_fgl_dn_3: 1.0356 (1.0356)  loss_mal_dn_pre: 1.2002 (1.2002)  loss_bbox_dn_pre: 1.3243 (1.3243)  loss_giou_dn_pre: 1.3511 (1.3511)  time: 1.1193  data: 0.9213  max mem: 3583
Epoch: [29]  [7/8]  eta: 0:00:00  lr: 0.000000  loss: 48.4036 (49.9091)  loss_mal: 1.5645 (1.6430)  loss_bbox: 0.7012 (0.9475)  loss_giou: 1.1763 (1.3211)  loss_fgl: 0.8178 (0.8177)  loss_mal_aux_0: 1.3838 (1.3289)  loss_bbox_aux_0: 0.7866 (1.0266)  loss_giou_aux_0: 1.3272 (1.4299)  loss_fgl_aux_0: 0.8233 (0.8111)  loss_ddf_aux_0: 0.1009 (0.1015)  loss_mal_aux_1: 1.4424 (1.5322)  loss_bbox_aux_1: 0.7186 (0.9789)  loss_giou_aux_1: 1.2385 (1.3566)  loss_fgl_aux_1: 0.7971 (0.8071)  loss_ddf_aux_1: 0.0177 (0.0171)  loss_mal_aux_2: 1.6133 (1.6899)  loss_bbox_aux_2: 0.7025 (0.9521)  loss_giou_aux_2: 1.1783 (1.3189)  loss_fgl_aux_2: 0.8186 (0.8206)  loss_ddf_aux_2: 0.0012 (0.0013)  loss_mal_pre: 1.3730 (1.3177)  loss_bbox_pre: 0.7804 (1.0552)  loss_giou_pre: 1.3363 (1.4451)  loss_mal_enc_0: 1.2578 (1.3876)  loss_bbox_enc_0: 0.8273 (1.0412)  loss_giou_enc_0: 1.4419 (1.5341)  loss_mal_dn_0: 1.6777 (1.7356)  loss_bbox_dn_0: 0.8127 (0.9425)  loss_giou_dn_0: 1.0692 (1.0837)  loss_fgl_dn_0: 1.0407 (1.0697)  loss_ddf_dn_0: 0.2473 (0.2248)  loss_mal_dn_1: 2.1289 (2.0723)  loss_bbox_dn_1: 0.4406 (0.7286)  loss_giou_dn_1: 0.8442 (0.9229)  loss_fgl_dn_1: 1.0152 (1.0190)  loss_ddf_dn_1: 0.0380 (0.0417)  loss_mal_dn_2: 2.3379 (2.2644)  loss_bbox_dn_2: 0.4162 (0.7023)  loss_giou_dn_2: 0.7427 (0.8540)  loss_fgl_dn_2: 1.0315 (1.0259)  loss_ddf_dn_2: 0.0028 (0.0032)  loss_mal_dn_3: 2.2969 (2.2142)  loss_bbox_dn_3: 0.4081 (0.6946)  loss_giou_dn_3: 0.7460 (0.8492)  loss_fgl_dn_3: 1.0356 (1.0280)  loss_mal_dn_pre: 1.6885 (1.7375)  loss_bbox_dn_pre: 0.8432 (0.9368)  loss_giou_dn_pre: 1.0728 (1.0753)  time: 0.2640  data: 0.1164  max mem: 3583
Epoch: [29] Total time: 0:00:02 (0.2744 s / it)
Averaged stats: lr: 0.000000  loss: 48.4036 (49.9091)  loss_mal: 1.5645 (1.6430)  loss_bbox: 0.7012 (0.9475)  loss_giou: 1.1763 (1.3211)  loss_fgl: 0.8178 (0.8177)  loss_mal_aux_0: 1.3838 (1.3289)  loss_bbox_aux_0: 0.7866 (1.0266)  loss_giou_aux_0: 1.3272 (1.4299)  loss_fgl_aux_0: 0.8233 (0.8111)  loss_ddf_aux_0: 0.1009 (0.1015)  loss_mal_aux_1: 1.4424 (1.5322)  loss_bbox_aux_1: 0.7186 (0.9789)  loss_giou_aux_1: 1.2385 (1.3566)  loss_fgl_aux_1: 0.7971 (0.8071)  loss_ddf_aux_1: 0.0177 (0.0171)  loss_mal_aux_2: 1.6133 (1.6899)  loss_bbox_aux_2: 0.7025 (0.9521)  loss_giou_aux_2: 1.1783 (1.3189)  loss_fgl_aux_2: 0.8186 (0.8206)  loss_ddf_aux_2: 0.0012 (0.0013)  loss_mal_pre: 1.3730 (1.3177)  loss_bbox_pre: 0.7804 (1.0552)  loss_giou_pre: 1.3363 (1.4451)  loss_mal_enc_0: 1.2578 (1.3876)  loss_bbox_enc_0: 0.8273 (1.0412)  loss_giou_enc_0: 1.4419 (1.5341)  loss_mal_dn_0: 1.6777 (1.7356)  loss_bbox_dn_0: 0.8127 (0.9425)  loss_giou_dn_0: 1.0692 (1.0837)  loss_fgl_dn_0: 1.0407 (1.0697)  loss_ddf_dn_0: 0.2473 (0.2248)  loss_mal_dn_1: 2.1289 (2.0723)  loss_bbox_dn_1: 0.4406 (0.7286)  loss_giou_dn_1: 0.8442 (0.9229)  loss_fgl_dn_1: 1.0152 (1.0190)  loss_ddf_dn_1: 0.0380 (0.0417)  loss_mal_dn_2: 2.3379 (2.2644)  loss_bbox_dn_2: 0.4162 (0.7023)  loss_giou_dn_2: 0.7427 (0.8540)  loss_fgl_dn_2: 1.0315 (1.0259)  loss_ddf_dn_2: 0.0028 (0.0032)  loss_mal_dn_3: 2.2969 (2.2142)  loss_bbox_dn_3: 0.4081 (0.6946)  loss_giou_dn_3: 0.7460 (0.8492)  loss_fgl_dn_3: 1.0356 (1.0280)  loss_mal_dn_pre: 1.6885 (1.7375)  loss_bbox_dn_pre: 0.8432 (0.9368)  loss_giou_dn_pre: 1.0728 (1.0753)
Test:  [0/4]  eta: 0:00:01    time: 0.4240  data: 0.3752  max mem: 3583
Test:  [3/4]  eta: 0:00:00    time: 0.1382  data: 0.0961  max mem: 3583
Test: Total time: 0:00:00 (0.1569 s / it)
Averaged stats: 
Accumulating evaluation results...
COCOeval_opt.accumulate() finished...
DONE (t=0.00s).
IoU metric: bbox
 Average Precision  (AP) @[ IoU=0.50:0.95 | area=   all | maxDets=100 ] = 0.000
 Average Precision  (AP) @[ IoU=0.50      | area=   all | maxDets=100 ] = 0.000
 Average Precision  (AP) @[ IoU=0.75      | area=   all | maxDets=100 ] = 0.000
 Average Precision  (AP) @[ IoU=0.50:0.95 | area= small | maxDets=100 ] = -1.000
 Average Precision  (AP) @[ IoU=0.50:0.95 | area=medium | maxDets=100 ] = -1.000
 Average Precision  (AP) @[ IoU=0.50:0.95 | area= large | maxDets=100 ] = 0.000
 Average Recall     (AR) @[ IoU=0.50:0.95 | area=   all | maxDets=  1 ] = 0.000
 Average Recall     (AR) @[ IoU=0.50:0.95 | area=   all | maxDets= 10 ] = 0.000
 Average Recall     (AR) @[ IoU=0.50:0.95 | area=   all | maxDets=100 ] = 0.000
 Average Recall     (AR) @[ IoU=0.50:0.95 | area= small | maxDets=100 ] = -1.000
 Average Recall     (AR) @[ IoU=0.50:0.95 | area=medium | maxDets=100 ] = -1.000
 Average Recall     (AR) @[ IoU=0.50:0.95 | area= large | maxDets=100 ] = 0.000
 Average Recall     (AR) @[ IoU=0.50      | area=   all | maxDets=100 ] = 0.000
 Average Recall     (AR) @[ IoU=0.75      | area=   all | maxDets=100 ] = 0.000
best_stat: {'epoch': 19, 'coco_eval_bbox': 7.15342470207612e-05}
Epoch: [30]  [0/8]  eta: 0:00:05  lr: 0.000000  loss: 48.5244 (48.5244)  loss_mal: 1.7715 (1.7715)  loss_bbox: 0.6866 (0.6866)  loss_giou: 1.2959 (1.2959)  loss_fgl: 0.8737 (0.8737)  loss_mal_aux_0: 1.3574 (1.3574)  loss_bbox_aux_0: 0.7472 (0.7472)  loss_giou_aux_0: 1.4717 (1.4717)  loss_fgl_aux_0: 0.8093 (0.8093)  loss_ddf_aux_0: 0.1077 (0.1077)  loss_mal_aux_1: 1.7041 (1.7041)  loss_bbox_aux_1: 0.6811 (0.6811)  loss_giou_aux_1: 1.3224 (1.3224)  loss_fgl_aux_1: 0.8748 (0.8748)  loss_ddf_aux_1: 0.0216 (0.0216)  loss_mal_aux_2: 1.8340 (1.8340)  loss_bbox_aux_2: 0.6809 (0.6809)  loss_giou_aux_2: 1.2963 (1.2963)  loss_fgl_aux_2: 0.8724 (0.8724)  loss_ddf_aux_2: 0.0006 (0.0006)  loss_mal_pre: 1.3047 (1.3047)  loss_bbox_pre: 0.7260 (0.7260)  loss_giou_pre: 1.4816 (1.4816)  loss_mal_enc_0: 1.2783 (1.2783)  loss_bbox_enc_0: 0.7536 (0.7536)  loss_giou_enc_0: 1.5478 (1.5478)  loss_mal_dn_0: 2.0254 (2.0254)  loss_bbox_dn_0: 0.5716 (0.5716)  loss_giou_dn_0: 0.9389 (0.9389)  loss_fgl_dn_0: 1.2057 (1.2057)  loss_ddf_dn_0: 0.2685 (0.2685)  loss_mal_dn_1: 2.4473 (2.4473)  loss_bbox_dn_1: 0.4892 (0.4892)  loss_giou_dn_1: 0.7591 (0.7591)  loss_fgl_dn_1: 1.0849 (1.0849)  loss_ddf_dn_1: 0.0470 (0.0470)  loss_mal_dn_2: 2.6445 (2.6445)  loss_bbox_dn_2: 0.4597 (0.4597)  loss_giou_dn_2: 0.6966 (0.6966)  loss_fgl_dn_2: 1.0681 (1.0681)  loss_ddf_dn_2: 0.0026 (0.0026)  loss_mal_dn_3: 2.5508 (2.5508)  loss_bbox_dn_3: 0.4635 (0.4635)  loss_giou_dn_3: 0.6981 (0.6981)  loss_fgl_dn_3: 1.0673 (1.0673)  loss_mal_dn_pre: 2.0293 (2.0293)  loss_bbox_dn_pre: 0.5701 (0.5701)  loss_giou_dn_pre: 0.9344 (0.9344)  time: 0.6846  data: 0.5000  max mem: 3583
Epoch: [30]  [7/8]  eta: 0:00:00  lr: 0.000000  loss: 49.5974 (49.3243)  loss_mal: 1.2012 (1.4216)  loss_bbox: 1.1703 (1.0181)  loss_giou: 1.4314 (1.4415)  loss_fgl: 0.8737 (0.8199)  loss_mal_aux_0: 1.0166 (1.1666)  loss_bbox_aux_0: 1.1570 (1.0779)  loss_giou_aux_0: 1.5480 (1.5586)  loss_fgl_aux_0: 0.8093 (0.7790)  loss_ddf_aux_0: 0.0845 (0.0920)  loss_mal_aux_1: 1.2012 (1.3505)  loss_bbox_aux_1: 1.1575 (1.0381)  loss_giou_aux_1: 1.4646 (1.4803)  loss_fgl_aux_1: 0.8496 (0.8076)  loss_ddf_aux_1: 0.0178 (0.0190)  loss_mal_aux_2: 1.2451 (1.4470)  loss_bbox_aux_2: 1.1549 (1.0169)  loss_giou_aux_2: 1.4288 (1.4438)  loss_fgl_aux_2: 0.8715 (0.8185)  loss_ddf_aux_2: 0.0013 (0.0013)  loss_mal_pre: 0.9785 (1.1642)  loss_bbox_pre: 1.2038 (1.0875)  loss_giou_pre: 1.5545 (1.5655)  loss_mal_enc_0: 1.0918 (1.2004)  loss_bbox_enc_0: 1.2234 (1.1483)  loss_giou_enc_0: 1.6105 (1.6379)  loss_mal_dn_0: 1.4365 (1.4969)  loss_bbox_dn_0: 0.9735 (1.0068)  loss_giou_dn_0: 1.1886 (1.1935)  loss_fgl_dn_0: 1.0059 (1.0256)  loss_ddf_dn_0: 0.1814 (0.1985)  loss_mal_dn_1: 1.6611 (1.7744)  loss_bbox_dn_1: 0.8283 (0.8258)  loss_giou_dn_1: 1.0847 (1.0676)  loss_fgl_dn_1: 0.9937 (0.9943)  loss_ddf_dn_1: 0.0349 (0.0386)  loss_mal_dn_2: 1.8008 (1.9049)  loss_bbox_dn_2: 0.7980 (0.8144)  loss_giou_dn_2: 1.0555 (1.0107)  loss_fgl_dn_2: 1.0008 (1.0070)  loss_ddf_dn_2: 0.0029 (0.0031)  loss_mal_dn_3: 1.7471 (1.8539)  loss_bbox_dn_3: 0.7639 (0.8101)  loss_giou_dn_3: 1.0479 (1.0064)  loss_fgl_dn_3: 1.0028 (1.0076)  loss_mal_dn_pre: 1.4893 (1.5291)  loss_bbox_dn_pre: 0.9290 (0.9815)  loss_giou_dn_pre: 1.1557 (1.1716)  time: 0.2243  data: 0.0840  max mem: 3583
Epoch: [30] Total time: 0:00:01 (0.2368 s / it)
Averaged stats: lr: 0.000000  loss: 49.5974 (49.3243)  loss_mal: 1.2012 (1.4216)  loss_bbox: 1.1703 (1.0181)  loss_giou: 1.4314 (1.4415)  loss_fgl: 0.8737 (0.8199)  loss_mal_aux_0: 1.0166 (1.1666)  loss_bbox_aux_0: 1.1570 (1.0779)  loss_giou_aux_0: 1.5480 (1.5586)  loss_fgl_aux_0: 0.8093 (0.7790)  loss_ddf_aux_0: 0.0845 (0.0920)  loss_mal_aux_1: 1.2012 (1.3505)  loss_bbox_aux_1: 1.1575 (1.0381)  loss_giou_aux_1: 1.4646 (1.4803)  loss_fgl_aux_1: 0.8496 (0.8076)  loss_ddf_aux_1: 0.0178 (0.0190)  loss_mal_aux_2: 1.2451 (1.4470)  loss_bbox_aux_2: 1.1549 (1.0169)  loss_giou_aux_2: 1.4288 (1.4438)  loss_fgl_aux_2: 0.8715 (0.8185)  loss_ddf_aux_2: 0.0013 (0.0013)  loss_mal_pre: 0.9785 (1.1642)  loss_bbox_pre: 1.2038 (1.0875)  loss_giou_pre: 1.5545 (1.5655)  loss_mal_enc_0: 1.0918 (1.2004)  loss_bbox_enc_0: 1.2234 (1.1483)  loss_giou_enc_0: 1.6105 (1.6379)  loss_mal_dn_0: 1.4365 (1.4969)  loss_bbox_dn_0: 0.9735 (1.0068)  loss_giou_dn_0: 1.1886 (1.1935)  loss_fgl_dn_0: 1.0059 (1.0256)  loss_ddf_dn_0: 0.1814 (0.1985)  loss_mal_dn_1: 1.6611 (1.7744)  loss_bbox_dn_1: 0.8283 (0.8258)  loss_giou_dn_1: 1.0847 (1.0676)  loss_fgl_dn_1: 0.9937 (0.9943)  loss_ddf_dn_1: 0.0349 (0.0386)  loss_mal_dn_2: 1.8008 (1.9049)  loss_bbox_dn_2: 0.7980 (0.8144)  loss_giou_dn_2: 1.0555 (1.0107)  loss_fgl_dn_2: 1.0008 (1.0070)  loss_ddf_dn_2: 0.0029 (0.0031)  loss_mal_dn_3: 1.7471 (1.8539)  loss_bbox_dn_3: 0.7639 (0.8101)  loss_giou_dn_3: 1.0479 (1.0064)  loss_fgl_dn_3: 1.0028 (1.0076)  loss_mal_dn_pre: 1.4893 (1.5291)  loss_bbox_dn_pre: 0.9290 (0.9815)  loss_giou_dn_pre: 1.1557 (1.1716)
Test:  [0/4]  eta: 0:00:01    time: 0.3947  data: 0.3544  max mem: 3583
Test:  [3/4]  eta: 0:00:00    time: 0.1251  data: 0.0906  max mem: 3583
Test: Total time: 0:00:00 (0.1432 s / it)
Averaged stats: 
Accumulating evaluation results...
COCOeval_opt.accumulate() finished...
DONE (t=0.00s).
IoU metric: bbox
 Average Precision  (AP) @[ IoU=0.50:0.95 | area=   all | maxDets=100 ] = 0.000
 Average Precision  (AP) @[ IoU=0.50      | area=   all | maxDets=100 ] = 0.000
 Average Precision  (AP) @[ IoU=0.75      | area=   all | maxDets=100 ] = 0.000
 Average Precision  (AP) @[ IoU=0.50:0.95 | area= small | maxDets=100 ] = -1.000
 Average Precision  (AP) @[ IoU=0.50:0.95 | area=medium | maxDets=100 ] = -1.000
 Average Precision  (AP) @[ IoU=0.50:0.95 | area= large | maxDets=100 ] = 0.000
 Average Recall     (AR) @[ IoU=0.50:0.95 | area=   all | maxDets=  1 ] = 0.000
 Average Recall     (AR) @[ IoU=0.50:0.95 | area=   all | maxDets= 10 ] = 0.000
 Average Recall     (AR) @[ IoU=0.50:0.95 | area=   all | maxDets=100 ] = 0.000
 Average Recall     (AR) @[ IoU=0.50:0.95 | area= small | maxDets=100 ] = -1.000
 Average Recall     (AR) @[ IoU=0.50:0.95 | area=medium | maxDets=100 ] = -1.000
 Average Recall     (AR) @[ IoU=0.50:0.95 | area= large | maxDets=100 ] = 0.000
 Average Recall     (AR) @[ IoU=0.50      | area=   all | maxDets=100 ] = 0.000
 Average Recall     (AR) @[ IoU=0.75      | area=   all | maxDets=100 ] = 0.000
best_stat: {'epoch': 19, 'coco_eval_bbox': 7.15342470207612e-05}
Epoch: [31]  [0/8]  eta: 0:00:07  lr: 0.000000  loss: 51.5961 (51.5961)  loss_mal: 0.9590 (0.9590)  loss_bbox: 1.5484 (1.5484)  loss_giou: 2.0740 (2.0740)  loss_fgl: 0.5432 (0.5432)  loss_mal_aux_0: 0.8047 (0.8047)  loss_bbox_aux_0: 1.5954 (1.5954)  loss_giou_aux_0: 2.1293 (2.1293)  loss_fgl_aux_0: 0.5225 (0.5225)  loss_ddf_aux_0: 0.0398 (0.0398)  loss_mal_aux_1: 0.9453 (0.9453)  loss_bbox_aux_1: 1.5587 (1.5587)  loss_giou_aux_1: 2.0855 (2.0855)  loss_fgl_aux_1: 0.5433 (0.5433)  loss_ddf_aux_1: 0.0073 (0.0073)  loss_mal_aux_2: 0.9839 (0.9839)  loss_bbox_aux_2: 1.5474 (1.5474)  loss_giou_aux_2: 2.0753 (2.0753)  loss_fgl_aux_2: 0.5421 (0.5421)  loss_ddf_aux_2: 0.0008 (0.0008)  loss_mal_pre: 0.7393 (0.7393)  loss_bbox_pre: 1.6515 (1.6515)  loss_giou_pre: 2.1415 (2.1415)  loss_mal_enc_0: 0.8848 (0.8848)  loss_bbox_enc_0: 1.7166 (1.7166)  loss_giou_enc_0: 2.1809 (2.1809)  loss_mal_dn_0: 1.2920 (1.2920)  loss_bbox_dn_0: 0.9694 (0.9694)  loss_giou_dn_0: 1.2792 (1.2792)  loss_fgl_dn_0: 1.0077 (1.0077)  loss_ddf_dn_0: 0.1473 (0.1473)  loss_mal_dn_1: 1.5840 (1.5840)  loss_bbox_dn_1: 0.7453 (0.7453)  loss_giou_dn_1: 1.1579 (1.1579)  loss_fgl_dn_1: 0.9831 (0.9831)  loss_ddf_dn_1: 0.0248 (0.0248)  loss_mal_dn_2: 1.7246 (1.7246)  loss_bbox_dn_2: 0.7051 (0.7051)  loss_giou_dn_2: 1.0823 (1.0823)  loss_fgl_dn_2: 1.0272 (1.0272)  loss_ddf_dn_2: 0.0029 (0.0029)  loss_mal_dn_3: 1.6914 (1.6914)  loss_bbox_dn_3: 0.7022 (0.7022)  loss_giou_dn_3: 1.0755 (1.0755)  loss_fgl_dn_3: 1.0276 (1.0276)  loss_mal_dn_pre: 1.2871 (1.2871)  loss_bbox_dn_pre: 0.9834 (0.9834)  loss_giou_dn_pre: 1.2759 (1.2759)  time: 0.8950  data: 0.7077  max mem: 3583
Epoch: [31]  [7/8]  eta: 0:00:00  lr: 0.000000  loss: 50.9355 (49.9993)  loss_mal: 1.3193 (1.5651)  loss_bbox: 0.9537 (0.9950)  loss_giou: 1.2215 (1.3851)  loss_fgl: 0.7405 (0.7881)  loss_mal_aux_0: 1.0684 (1.3007)  loss_bbox_aux_0: 1.0748 (1.0841)  loss_giou_aux_0: 1.3658 (1.5050)  loss_fgl_aux_0: 0.6986 (0.7516)  loss_ddf_aux_0: 0.0888 (0.0923)  loss_mal_aux_1: 1.3086 (1.5261)  loss_bbox_aux_1: 0.9240 (1.0076)  loss_giou_aux_1: 1.2513 (1.4134)  loss_fgl_aux_1: 0.7458 (0.7837)  loss_ddf_aux_1: 0.0158 (0.0199)  loss_mal_aux_2: 1.3535 (1.6036)  loss_bbox_aux_2: 0.9425 (0.9950)  loss_giou_aux_2: 1.2225 (1.3854)  loss_fgl_aux_2: 0.7401 (0.7872)  loss_ddf_aux_2: 0.0012 (0.0015)  loss_mal_pre: 1.0547 (1.2770)  loss_bbox_pre: 1.1655 (1.1120)  loss_giou_pre: 1.3937 (1.5157)  loss_mal_enc_0: 1.0244 (1.2253)  loss_bbox_enc_0: 1.0772 (1.1406)  loss_giou_enc_0: 1.4969 (1.5904)  loss_mal_dn_0: 1.4541 (1.5060)  loss_bbox_dn_0: 0.9363 (1.0741)  loss_giou_dn_0: 1.1900 (1.1961)  loss_fgl_dn_0: 1.0567 (1.0774)  loss_ddf_dn_0: 0.1706 (0.2335)  loss_mal_dn_1: 1.7441 (1.7838)  loss_bbox_dn_1: 0.7453 (0.8605)  loss_giou_dn_1: 1.0649 (1.0562)  loss_fgl_dn_1: 0.9993 (1.0300)  loss_ddf_dn_1: 0.0294 (0.0424)  loss_mal_dn_2: 1.8184 (1.9353)  loss_bbox_dn_2: 0.7051 (0.8228)  loss_giou_dn_2: 1.0222 (0.9942)  loss_fgl_dn_2: 1.0272 (1.0443)  loss_ddf_dn_2: 0.0031 (0.0037)  loss_mal_dn_3: 1.7725 (1.8976)  loss_bbox_dn_3: 0.7022 (0.8111)  loss_giou_dn_3: 1.0084 (0.9867)  loss_fgl_dn_3: 1.0276 (1.0469)  loss_mal_dn_pre: 1.5186 (1.5355)  loss_bbox_dn_pre: 0.9259 (1.0348)  loss_giou_dn_pre: 1.1567 (1.1747)  time: 0.2387  data: 0.0912  max mem: 3583
Epoch: [31] Total time: 0:00:01 (0.2488 s / it)
Averaged stats: lr: 0.000000  loss: 50.9355 (49.9993)  loss_mal: 1.3193 (1.5651)  loss_bbox: 0.9537 (0.9950)  loss_giou: 1.2215 (1.3851)  loss_fgl: 0.7405 (0.7881)  loss_mal_aux_0: 1.0684 (1.3007)  loss_bbox_aux_0: 1.0748 (1.0841)  loss_giou_aux_0: 1.3658 (1.5050)  loss_fgl_aux_0: 0.6986 (0.7516)  loss_ddf_aux_0: 0.0888 (0.0923)  loss_mal_aux_1: 1.3086 (1.5261)  loss_bbox_aux_1: 0.9240 (1.0076)  loss_giou_aux_1: 1.2513 (1.4134)  loss_fgl_aux_1: 0.7458 (0.7837)  loss_ddf_aux_1: 0.0158 (0.0199)  loss_mal_aux_2: 1.3535 (1.6036)  loss_bbox_aux_2: 0.9425 (0.9950)  loss_giou_aux_2: 1.2225 (1.3854)  loss_fgl_aux_2: 0.7401 (0.7872)  loss_ddf_aux_2: 0.0012 (0.0015)  loss_mal_pre: 1.0547 (1.2770)  loss_bbox_pre: 1.1655 (1.1120)  loss_giou_pre: 1.3937 (1.5157)  loss_mal_enc_0: 1.0244 (1.2253)  loss_bbox_enc_0: 1.0772 (1.1406)  loss_giou_enc_0: 1.4969 (1.5904)  loss_mal_dn_0: 1.4541 (1.5060)  loss_bbox_dn_0: 0.9363 (1.0741)  loss_giou_dn_0: 1.1900 (1.1961)  loss_fgl_dn_0: 1.0567 (1.0774)  loss_ddf_dn_0: 0.1706 (0.2335)  loss_mal_dn_1: 1.7441 (1.7838)  loss_bbox_dn_1: 0.7453 (0.8605)  loss_giou_dn_1: 1.0649 (1.0562)  loss_fgl_dn_1: 0.9993 (1.0300)  loss_ddf_dn_1: 0.0294 (0.0424)  loss_mal_dn_2: 1.8184 (1.9353)  loss_bbox_dn_2: 0.7051 (0.8228)  loss_giou_dn_2: 1.0222 (0.9942)  loss_fgl_dn_2: 1.0272 (1.0443)  loss_ddf_dn_2: 0.0031 (0.0037)  loss_mal_dn_3: 1.7725 (1.8976)  loss_bbox_dn_3: 0.7022 (0.8111)  loss_giou_dn_3: 1.0084 (0.9867)  loss_fgl_dn_3: 1.0276 (1.0469)  loss_mal_dn_pre: 1.5186 (1.5355)  loss_bbox_dn_pre: 0.9259 (1.0348)  loss_giou_dn_pre: 1.1567 (1.1747)
Test:  [0/4]  eta: 0:00:01    time: 0.3752  data: 0.3330  max mem: 3583
Test:  [3/4]  eta: 0:00:00    time: 0.1185  data: 0.0853  max mem: 3583
Test: Total time: 0:00:00 (0.1381 s / it)
Averaged stats: 
Accumulating evaluation results...
COCOeval_opt.accumulate() finished...
DONE (t=0.00s).
IoU metric: bbox
 Average Precision  (AP) @[ IoU=0.50:0.95 | area=   all | maxDets=100 ] = 0.000
 Average Precision  (AP) @[ IoU=0.50      | area=   all | maxDets=100 ] = 0.000
 Average Precision  (AP) @[ IoU=0.75      | area=   all | maxDets=100 ] = 0.000
 Average Precision  (AP) @[ IoU=0.50:0.95 | area= small | maxDets=100 ] = -1.000
 Average Precision  (AP) @[ IoU=0.50:0.95 | area=medium | maxDets=100 ] = -1.000
 Average Precision  (AP) @[ IoU=0.50:0.95 | area= large | maxDets=100 ] = 0.000
 Average Recall     (AR) @[ IoU=0.50:0.95 | area=   all | maxDets=  1 ] = 0.000
 Average Recall     (AR) @[ IoU=0.50:0.95 | area=   all | maxDets= 10 ] = 0.000
 Average Recall     (AR) @[ IoU=0.50:0.95 | area=   all | maxDets=100 ] = 0.000
 Average Recall     (AR) @[ IoU=0.50:0.95 | area= small | maxDets=100 ] = -1.000
 Average Recall     (AR) @[ IoU=0.50:0.95 | area=medium | maxDets=100 ] = -1.000
 Average Recall     (AR) @[ IoU=0.50:0.95 | area= large | maxDets=100 ] = 0.000
 Average Recall     (AR) @[ IoU=0.50      | area=   all | maxDets=100 ] = 0.000
 Average Recall     (AR) @[ IoU=0.75      | area=   all | maxDets=100 ] = 0.000
best_stat: {'epoch': 19, 'coco_eval_bbox': 7.15342470207612e-05}
Epoch: [32]  [0/8]  eta: 0:00:06  lr: 0.000000  loss: 49.1006 (49.1006)  loss_mal: 0.8569 (0.8569)  loss_bbox: 1.2893 (1.2893)  loss_giou: 2.1228 (2.1228)  loss_fgl: 0.5434 (0.5434)  loss_mal_aux_0: 0.6660 (0.6660)  loss_bbox_aux_0: 1.3423 (1.3423)  loss_giou_aux_0: 2.2064 (2.2064)  loss_fgl_aux_0: 0.5297 (0.5297)  loss_ddf_aux_0: 0.0515 (0.0515)  loss_mal_aux_1: 0.7861 (0.7861)  loss_bbox_aux_1: 1.3084 (1.3084)  loss_giou_aux_1: 2.1462 (2.1462)  loss_fgl_aux_1: 0.5445 (0.5445)  loss_ddf_aux_1: 0.0116 (0.0116)  loss_mal_aux_2: 0.8789 (0.8789)  loss_bbox_aux_2: 1.2973 (1.2973)  loss_giou_aux_2: 2.1273 (2.1273)  loss_fgl_aux_2: 0.5377 (0.5377)  loss_ddf_aux_2: 0.0013 (0.0013)  loss_mal_pre: 0.6157 (0.6157)  loss_bbox_pre: 1.3783 (1.3783)  loss_giou_pre: 2.2163 (2.2163)  loss_mal_enc_0: 0.6392 (0.6392)  loss_bbox_enc_0: 1.4524 (1.4524)  loss_giou_enc_0: 2.3179 (2.3179)  loss_mal_dn_0: 1.3311 (1.3311)  loss_bbox_dn_0: 0.8216 (0.8216)  loss_giou_dn_0: 1.2664 (1.2664)  loss_fgl_dn_0: 0.9348 (0.9348)  loss_ddf_dn_0: 0.1548 (0.1548)  loss_mal_dn_1: 1.6543 (1.6543)  loss_bbox_dn_1: 0.6755 (0.6755)  loss_giou_dn_1: 1.1225 (1.1225)  loss_fgl_dn_1: 0.9458 (0.9458)  loss_ddf_dn_1: 0.0307 (0.0307)  loss_mal_dn_2: 1.7871 (1.7871)  loss_bbox_dn_2: 0.6545 (0.6545)  loss_giou_dn_2: 1.0568 (1.0568)  loss_fgl_dn_2: 0.9715 (0.9715)  loss_ddf_dn_2: 0.0028 (0.0028)  loss_mal_dn_3: 1.7529 (1.7529)  loss_bbox_dn_3: 0.6478 (0.6478)  loss_giou_dn_3: 1.0518 (1.0518)  loss_fgl_dn_3: 0.9761 (0.9761)  loss_mal_dn_pre: 1.3379 (1.3379)  loss_bbox_dn_pre: 0.8044 (0.8044)  loss_giou_dn_pre: 1.2519 (1.2519)  time: 0.8459  data: 0.6780  max mem: 3583
Epoch: [32]  [7/8]  eta: 0:00:00  lr: 0.000000  loss: 49.7469 (50.9189)  loss_mal: 1.4854 (1.5241)  loss_bbox: 0.8876 (1.0717)  loss_giou: 1.2814 (1.4323)  loss_fgl: 0.7875 (0.7742)  loss_mal_aux_0: 1.3896 (1.3555)  loss_bbox_aux_0: 0.9972 (1.1361)  loss_giou_aux_0: 1.3382 (1.5217)  loss_fgl_aux_0: 0.7586 (0.7580)  loss_ddf_aux_0: 0.0649 (0.0808)  loss_mal_aux_1: 1.4424 (1.4408)  loss_bbox_aux_1: 0.9151 (1.0864)  loss_giou_aux_1: 1.3017 (1.4560)  loss_fgl_aux_1: 0.8182 (0.7725)  loss_ddf_aux_1: 0.0116 (0.0147)  loss_mal_aux_2: 1.5146 (1.5537)  loss_bbox_aux_2: 0.8972 (1.0748)  loss_giou_aux_2: 1.2873 (1.4321)  loss_fgl_aux_2: 0.7924 (0.7739)  loss_ddf_aux_2: 0.0010 (0.0011)  loss_mal_pre: 1.4355 (1.3176)  loss_bbox_pre: 1.0146 (1.1815)  loss_giou_pre: 1.3798 (1.5556)  loss_mal_enc_0: 1.3496 (1.2663)  loss_bbox_enc_0: 1.0921 (1.2728)  loss_giou_enc_0: 1.5754 (1.6845)  loss_mal_dn_0: 1.6260 (1.7217)  loss_bbox_dn_0: 0.8979 (0.9596)  loss_giou_dn_0: 1.0437 (1.0767)  loss_fgl_dn_0: 1.1215 (1.1191)  loss_ddf_dn_0: 0.2279 (0.2120)  loss_mal_dn_1: 2.0215 (2.0389)  loss_bbox_dn_1: 0.7329 (0.7879)  loss_giou_dn_1: 0.8839 (0.9304)  loss_fgl_dn_1: 1.0579 (1.0559)  loss_ddf_dn_1: 0.0369 (0.0363)  loss_mal_dn_2: 2.0977 (2.1851)  loss_bbox_dn_2: 0.6857 (0.7573)  loss_giou_dn_2: 0.8165 (0.8707)  loss_fgl_dn_2: 1.0607 (1.0649)  loss_ddf_dn_2: 0.0023 (0.0025)  loss_mal_dn_3: 2.0566 (2.1372)  loss_bbox_dn_3: 0.6721 (0.7483)  loss_giou_dn_3: 0.8087 (0.8636)  loss_fgl_dn_3: 1.0625 (1.0676)  loss_mal_dn_pre: 1.6299 (1.7322)  loss_bbox_dn_pre: 0.8637 (0.9453)  loss_giou_dn_pre: 1.0409 (1.0671)  time: 0.2519  data: 0.0865  max mem: 3583
Epoch: [32] Total time: 0:00:02 (0.2609 s / it)
Averaged stats: lr: 0.000000  loss: 49.7469 (50.9189)  loss_mal: 1.4854 (1.5241)  loss_bbox: 0.8876 (1.0717)  loss_giou: 1.2814 (1.4323)  loss_fgl: 0.7875 (0.7742)  loss_mal_aux_0: 1.3896 (1.3555)  loss_bbox_aux_0: 0.9972 (1.1361)  loss_giou_aux_0: 1.3382 (1.5217)  loss_fgl_aux_0: 0.7586 (0.7580)  loss_ddf_aux_0: 0.0649 (0.0808)  loss_mal_aux_1: 1.4424 (1.4408)  loss_bbox_aux_1: 0.9151 (1.0864)  loss_giou_aux_1: 1.3017 (1.4560)  loss_fgl_aux_1: 0.8182 (0.7725)  loss_ddf_aux_1: 0.0116 (0.0147)  loss_mal_aux_2: 1.5146 (1.5537)  loss_bbox_aux_2: 0.8972 (1.0748)  loss_giou_aux_2: 1.2873 (1.4321)  loss_fgl_aux_2: 0.7924 (0.7739)  loss_ddf_aux_2: 0.0010 (0.0011)  loss_mal_pre: 1.4355 (1.3176)  loss_bbox_pre: 1.0146 (1.1815)  loss_giou_pre: 1.3798 (1.5556)  loss_mal_enc_0: 1.3496 (1.2663)  loss_bbox_enc_0: 1.0921 (1.2728)  loss_giou_enc_0: 1.5754 (1.6845)  loss_mal_dn_0: 1.6260 (1.7217)  loss_bbox_dn_0: 0.8979 (0.9596)  loss_giou_dn_0: 1.0437 (1.0767)  loss_fgl_dn_0: 1.1215 (1.1191)  loss_ddf_dn_0: 0.2279 (0.2120)  loss_mal_dn_1: 2.0215 (2.0389)  loss_bbox_dn_1: 0.7329 (0.7879)  loss_giou_dn_1: 0.8839 (0.9304)  loss_fgl_dn_1: 1.0579 (1.0559)  loss_ddf_dn_1: 0.0369 (0.0363)  loss_mal_dn_2: 2.0977 (2.1851)  loss_bbox_dn_2: 0.6857 (0.7573)  loss_giou_dn_2: 0.8165 (0.8707)  loss_fgl_dn_2: 1.0607 (1.0649)  loss_ddf_dn_2: 0.0023 (0.0025)  loss_mal_dn_3: 2.0566 (2.1372)  loss_bbox_dn_3: 0.6721 (0.7483)  loss_giou_dn_3: 0.8087 (0.8636)  loss_fgl_dn_3: 1.0625 (1.0676)  loss_mal_dn_pre: 1.6299 (1.7322)  loss_bbox_dn_pre: 0.8637 (0.9453)  loss_giou_dn_pre: 1.0409 (1.0671)
Test:  [0/4]  eta: 0:00:01    time: 0.3839  data: 0.3462  max mem: 3583
Test:  [3/4]  eta: 0:00:00    time: 0.1608  data: 0.0886  max mem: 3583
Test: Total time: 0:00:00 (0.1815 s / it)
Averaged stats: 
Accumulating evaluation results...
COCOeval_opt.accumulate() finished...
DONE (t=0.00s).
IoU metric: bbox
 Average Precision  (AP) @[ IoU=0.50:0.95 | area=   all | maxDets=100 ] = 0.000
 Average Precision  (AP) @[ IoU=0.50      | area=   all | maxDets=100 ] = 0.000
 Average Precision  (AP) @[ IoU=0.75      | area=   all | maxDets=100 ] = 0.000
 Average Precision  (AP) @[ IoU=0.50:0.95 | area= small | maxDets=100 ] = -1.000
 Average Precision  (AP) @[ IoU=0.50:0.95 | area=medium | maxDets=100 ] = -1.000
 Average Precision  (AP) @[ IoU=0.50:0.95 | area= large | maxDets=100 ] = 0.000
 Average Recall     (AR) @[ IoU=0.50:0.95 | area=   all | maxDets=  1 ] = 0.000
 Average Recall     (AR) @[ IoU=0.50:0.95 | area=   all | maxDets= 10 ] = 0.000
 Average Recall     (AR) @[ IoU=0.50:0.95 | area=   all | maxDets=100 ] = 0.000
 Average Recall     (AR) @[ IoU=0.50:0.95 | area= small | maxDets=100 ] = -1.000
 Average Recall     (AR) @[ IoU=0.50:0.95 | area=medium | maxDets=100 ] = -1.000
 Average Recall     (AR) @[ IoU=0.50:0.95 | area= large | maxDets=100 ] = 0.000
 Average Recall     (AR) @[ IoU=0.50      | area=   all | maxDets=100 ] = 0.000
 Average Recall     (AR) @[ IoU=0.75      | area=   all | maxDets=100 ] = 0.000
best_stat: {'epoch': 19, 'coco_eval_bbox': 7.15342470207612e-05}
Epoch: [33]  [0/8]  eta: 0:00:07  lr: 0.000000  loss: 48.3643 (48.3643)  loss_mal: 2.1816 (2.1816)  loss_bbox: 0.5315 (0.5315)  loss_giou: 0.9625 (0.9625)  loss_fgl: 0.8712 (0.8712)  loss_mal_aux_0: 1.8887 (1.8887)  loss_bbox_aux_0: 0.5991 (0.5991)  loss_giou_aux_0: 1.1253 (1.1253)  loss_fgl_aux_0: 0.8813 (0.8813)  loss_ddf_aux_0: 0.1512 (0.1512)  loss_mal_aux_1: 2.0137 (2.0137)  loss_bbox_aux_1: 0.5530 (0.5530)  loss_giou_aux_1: 1.0120 (1.0120)  loss_fgl_aux_1: 0.8717 (0.8717)  loss_ddf_aux_1: 0.0207 (0.0207)  loss_mal_aux_2: 2.2148 (2.2148)  loss_bbox_aux_2: 0.5320 (0.5320)  loss_giou_aux_2: 0.9668 (0.9668)  loss_fgl_aux_2: 0.8705 (0.8705)  loss_ddf_aux_2: 0.0014 (0.0014)  loss_mal_pre: 1.8232 (1.8232)  loss_bbox_pre: 0.5814 (0.5814)  loss_giou_pre: 1.1352 (1.1352)  loss_mal_enc_0: 1.6992 (1.6992)  loss_bbox_enc_0: 0.6417 (0.6417)  loss_giou_enc_0: 1.2891 (1.2891)  loss_mal_dn_0: 2.0840 (2.0840)  loss_bbox_dn_0: 0.6254 (0.6254)  loss_giou_dn_0: 0.9194 (0.9194)  loss_fgl_dn_0: 1.1670 (1.1670)  loss_ddf_dn_0: 0.3067 (0.3067)  loss_mal_dn_1: 2.3438 (2.3438)  loss_bbox_dn_1: 0.4859 (0.4859)  loss_giou_dn_1: 0.7714 (0.7714)  loss_fgl_dn_1: 1.0367 (1.0367)  loss_ddf_dn_1: 0.0509 (0.0509)  loss_mal_dn_2: 2.5996 (2.5996)  loss_bbox_dn_2: 0.4619 (0.4619)  loss_giou_dn_2: 0.6958 (0.6958)  loss_fgl_dn_2: 1.0345 (1.0345)  loss_ddf_dn_2: 0.0031 (0.0031)  loss_mal_dn_3: 2.5449 (2.5449)  loss_bbox_dn_3: 0.4569 (0.4569)  loss_giou_dn_3: 0.6894 (0.6894)  loss_fgl_dn_3: 1.0389 (1.0389)  loss_mal_dn_pre: 2.0742 (2.0742)  loss_bbox_dn_pre: 0.6313 (0.6313)  loss_giou_dn_pre: 0.9238 (0.9238)  time: 0.9589  data: 0.7823  max mem: 3583
Epoch: [33]  [7/8]  eta: 0:00:00  lr: 0.000000  loss: 51.1153 (50.9993)  loss_mal: 1.9385 (1.9379)  loss_bbox: 0.7591 (0.8970)  loss_giou: 0.9664 (1.1586)  loss_fgl: 0.8547 (0.8797)  loss_mal_aux_0: 1.6250 (1.6829)  loss_bbox_aux_0: 0.8890 (0.9921)  loss_giou_aux_0: 1.1253 (1.2832)  loss_fgl_aux_0: 0.8612 (0.8617)  loss_ddf_aux_0: 0.1103 (0.1178)  loss_mal_aux_1: 1.8623 (1.8519)  loss_bbox_aux_1: 0.8004 (0.9208)  loss_giou_aux_1: 1.0120 (1.1973)  loss_fgl_aux_1: 0.8363 (0.8710)  loss_ddf_aux_1: 0.0177 (0.0195)  loss_mal_aux_2: 1.9248 (1.9814)  loss_bbox_aux_2: 0.7631 (0.9002)  loss_giou_aux_2: 0.9720 (1.1622)  loss_fgl_aux_2: 0.8511 (0.8790)  loss_ddf_aux_2: 0.0010 (0.0012)  loss_mal_pre: 1.5840 (1.6302)  loss_bbox_pre: 0.8699 (1.0102)  loss_giou_pre: 1.1352 (1.3080)  loss_mal_enc_0: 1.4629 (1.5944)  loss_bbox_enc_0: 1.0018 (1.0977)  loss_giou_enc_0: 1.2891 (1.4234)  loss_mal_dn_0: 1.6797 (1.7314)  loss_bbox_dn_0: 0.8811 (0.9390)  loss_giou_dn_0: 1.0790 (1.0844)  loss_fgl_dn_0: 1.0760 (1.1015)  loss_ddf_dn_0: 0.2131 (0.2049)  loss_mal_dn_1: 2.0684 (2.0447)  loss_bbox_dn_1: 0.7574 (0.7667)  loss_giou_dn_1: 0.9024 (0.9323)  loss_fgl_dn_1: 1.0367 (1.0561)  loss_ddf_dn_1: 0.0361 (0.0366)  loss_mal_dn_2: 2.2363 (2.2076)  loss_bbox_dn_2: 0.6988 (0.7302)  loss_giou_dn_2: 0.8204 (0.8686)  loss_fgl_dn_2: 1.0463 (1.0699)  loss_ddf_dn_2: 0.0027 (0.0027)  loss_mal_dn_3: 2.1660 (2.1580)  loss_bbox_dn_3: 0.6982 (0.7181)  loss_giou_dn_3: 0.8100 (0.8598)  loss_fgl_dn_3: 1.0485 (1.0734)  loss_mal_dn_pre: 1.6855 (1.7410)  loss_bbox_dn_pre: 0.8905 (0.9352)  loss_giou_dn_pre: 1.0866 (1.0779)  time: 0.2606  data: 0.1000  max mem: 3583
Epoch: [33] Total time: 0:00:02 (0.2686 s / it)
Averaged stats: lr: 0.000000  loss: 51.1153 (50.9993)  loss_mal: 1.9385 (1.9379)  loss_bbox: 0.7591 (0.8970)  loss_giou: 0.9664 (1.1586)  loss_fgl: 0.8547 (0.8797)  loss_mal_aux_0: 1.6250 (1.6829)  loss_bbox_aux_0: 0.8890 (0.9921)  loss_giou_aux_0: 1.1253 (1.2832)  loss_fgl_aux_0: 0.8612 (0.8617)  loss_ddf_aux_0: 0.1103 (0.1178)  loss_mal_aux_1: 1.8623 (1.8519)  loss_bbox_aux_1: 0.8004 (0.9208)  loss_giou_aux_1: 1.0120 (1.1973)  loss_fgl_aux_1: 0.8363 (0.8710)  loss_ddf_aux_1: 0.0177 (0.0195)  loss_mal_aux_2: 1.9248 (1.9814)  loss_bbox_aux_2: 0.7631 (0.9002)  loss_giou_aux_2: 0.9720 (1.1622)  loss_fgl_aux_2: 0.8511 (0.8790)  loss_ddf_aux_2: 0.0010 (0.0012)  loss_mal_pre: 1.5840 (1.6302)  loss_bbox_pre: 0.8699 (1.0102)  loss_giou_pre: 1.1352 (1.3080)  loss_mal_enc_0: 1.4629 (1.5944)  loss_bbox_enc_0: 1.0018 (1.0977)  loss_giou_enc_0: 1.2891 (1.4234)  loss_mal_dn_0: 1.6797 (1.7314)  loss_bbox_dn_0: 0.8811 (0.9390)  loss_giou_dn_0: 1.0790 (1.0844)  loss_fgl_dn_0: 1.0760 (1.1015)  loss_ddf_dn_0: 0.2131 (0.2049)  loss_mal_dn_1: 2.0684 (2.0447)  loss_bbox_dn_1: 0.7574 (0.7667)  loss_giou_dn_1: 0.9024 (0.9323)  loss_fgl_dn_1: 1.0367 (1.0561)  loss_ddf_dn_1: 0.0361 (0.0366)  loss_mal_dn_2: 2.2363 (2.2076)  loss_bbox_dn_2: 0.6988 (0.7302)  loss_giou_dn_2: 0.8204 (0.8686)  loss_fgl_dn_2: 1.0463 (1.0699)  loss_ddf_dn_2: 0.0027 (0.0027)  loss_mal_dn_3: 2.1660 (2.1580)  loss_bbox_dn_3: 0.6982 (0.7181)  loss_giou_dn_3: 0.8100 (0.8598)  loss_fgl_dn_3: 1.0485 (1.0734)  loss_mal_dn_pre: 1.6855 (1.7410)  loss_bbox_dn_pre: 0.8905 (0.9352)  loss_giou_dn_pre: 1.0866 (1.0779)
Test:  [0/4]  eta: 0:00:01    time: 0.3920  data: 0.3540  max mem: 3583
Test:  [3/4]  eta: 0:00:00    time: 0.1219  data: 0.0906  max mem: 3583
Test: Total time: 0:00:00 (0.1409 s / it)
Averaged stats: 
Accumulating evaluation results...
COCOeval_opt.accumulate() finished...
DONE (t=0.00s).
IoU metric: bbox
 Average Precision  (AP) @[ IoU=0.50:0.95 | area=   all | maxDets=100 ] = 0.000
 Average Precision  (AP) @[ IoU=0.50      | area=   all | maxDets=100 ] = 0.000
 Average Precision  (AP) @[ IoU=0.75      | area=   all | maxDets=100 ] = 0.000
 Average Precision  (AP) @[ IoU=0.50:0.95 | area= small | maxDets=100 ] = -1.000
 Average Precision  (AP) @[ IoU=0.50:0.95 | area=medium | maxDets=100 ] = -1.000
 Average Precision  (AP) @[ IoU=0.50:0.95 | area= large | maxDets=100 ] = 0.000
 Average Recall     (AR) @[ IoU=0.50:0.95 | area=   all | maxDets=  1 ] = 0.000
 Average Recall     (AR) @[ IoU=0.50:0.95 | area=   all | maxDets= 10 ] = 0.000
 Average Recall     (AR) @[ IoU=0.50:0.95 | area=   all | maxDets=100 ] = 0.000
 Average Recall     (AR) @[ IoU=0.50:0.95 | area= small | maxDets=100 ] = -1.000
 Average Recall     (AR) @[ IoU=0.50:0.95 | area=medium | maxDets=100 ] = -1.000
 Average Recall     (AR) @[ IoU=0.50:0.95 | area= large | maxDets=100 ] = 0.000
 Average Recall     (AR) @[ IoU=0.50      | area=   all | maxDets=100 ] = 0.000
 Average Recall     (AR) @[ IoU=0.75      | area=   all | maxDets=100 ] = 0.000
best_stat: {'epoch': 19, 'coco_eval_bbox': 7.15342470207612e-05}
Epoch: [34]  [0/8]  eta: 0:00:08  lr: 0.000000  loss: 57.5626 (57.5626)  loss_mal: 1.1104 (1.1104)  loss_bbox: 1.8270 (1.8270)  loss_giou: 1.4869 (1.4869)  loss_fgl: 0.9705 (0.9705)  loss_mal_aux_0: 1.0283 (1.0283)  loss_bbox_aux_0: 2.0244 (2.0244)  loss_giou_aux_0: 1.5977 (1.5977)  loss_fgl_aux_0: 0.8923 (0.8923)  loss_ddf_aux_0: 0.0893 (0.0893)  loss_mal_aux_1: 1.2529 (1.2529)  loss_bbox_aux_1: 1.8574 (1.8574)  loss_giou_aux_1: 1.5124 (1.5124)  loss_fgl_aux_1: 0.9767 (0.9767)  loss_ddf_aux_1: 0.0155 (0.0155)  loss_mal_aux_2: 1.1260 (1.1260)  loss_bbox_aux_2: 1.8389 (1.8389)  loss_giou_aux_2: 1.4994 (1.4994)  loss_fgl_aux_2: 0.9632 (0.9632)  loss_ddf_aux_2: 0.0012 (0.0012)  loss_mal_pre: 0.9956 (0.9956)  loss_bbox_pre: 2.0389 (2.0389)  loss_giou_pre: 1.6020 (1.6020)  loss_mal_enc_0: 0.9106 (0.9106)  loss_bbox_enc_0: 2.1135 (2.1135)  loss_giou_enc_0: 1.6141 (1.6141)  loss_mal_dn_0: 1.5977 (1.5977)  loss_bbox_dn_0: 1.6141 (1.6141)  loss_giou_dn_0: 1.1468 (1.1468)  loss_fgl_dn_0: 1.0590 (1.0590)  loss_ddf_dn_0: 0.1385 (0.1385)  loss_mal_dn_1: 1.8252 (1.8252)  loss_bbox_dn_1: 1.4649 (1.4649)  loss_giou_dn_1: 1.0343 (1.0343)  loss_fgl_dn_1: 1.0490 (1.0490)  loss_ddf_dn_1: 0.0308 (0.0308)  loss_mal_dn_2: 1.9287 (1.9287)  loss_bbox_dn_2: 1.4859 (1.4859)  loss_giou_dn_2: 0.9842 (0.9842)  loss_fgl_dn_2: 1.0657 (1.0657)  loss_ddf_dn_2: 0.0022 (0.0022)  loss_mal_dn_3: 1.9082 (1.9082)  loss_bbox_dn_3: 1.4795 (1.4795)  loss_giou_dn_3: 0.9689 (0.9689)  loss_fgl_dn_3: 1.0758 (1.0758)  loss_mal_dn_pre: 1.5996 (1.5996)  loss_bbox_dn_pre: 1.6194 (1.6194)  loss_giou_dn_pre: 1.1391 (1.1391)  time: 1.0410  data: 0.8451  max mem: 3583
Epoch: [34]  [7/8]  eta: 0:00:00  lr: 0.000000  loss: 50.1168 (50.6340)  loss_mal: 1.3730 (1.6917)  loss_bbox: 0.9740 (1.0053)  loss_giou: 1.3243 (1.2933)  loss_fgl: 0.7367 (0.8236)  loss_mal_aux_0: 1.2979 (1.4910)  loss_bbox_aux_0: 1.0554 (1.0798)  loss_giou_aux_0: 1.4135 (1.3910)  loss_fgl_aux_0: 0.7828 (0.8027)  loss_ddf_aux_0: 0.0825 (0.0951)  loss_mal_aux_1: 1.4287 (1.6584)  loss_bbox_aux_1: 0.9845 (1.0247)  loss_giou_aux_1: 1.3515 (1.3198)  loss_fgl_aux_1: 0.7492 (0.8199)  loss_ddf_aux_1: 0.0147 (0.0149)  loss_mal_aux_2: 1.4395 (1.7323)  loss_bbox_aux_2: 0.9768 (1.0054)  loss_giou_aux_2: 1.3282 (1.2941)  loss_fgl_aux_2: 0.7362 (0.8222)  loss_ddf_aux_2: 0.0011 (0.0013)  loss_mal_pre: 1.2842 (1.4661)  loss_bbox_pre: 1.0505 (1.0892)  loss_giou_pre: 1.4458 (1.3949)  loss_mal_enc_0: 1.0195 (1.3015)  loss_bbox_enc_0: 1.0225 (1.1761)  loss_giou_enc_0: 1.5449 (1.5136)  loss_mal_dn_0: 1.5947 (1.6382)  loss_bbox_dn_0: 0.8828 (0.9842)  loss_giou_dn_0: 1.1468 (1.1261)  loss_fgl_dn_0: 1.0608 (1.0745)  loss_ddf_dn_0: 0.2321 (0.2353)  loss_mal_dn_1: 1.8252 (1.9468)  loss_bbox_dn_1: 0.6674 (0.8210)  loss_giou_dn_1: 0.9956 (0.9811)  loss_fgl_dn_1: 1.0466 (1.0538)  loss_ddf_dn_1: 0.0416 (0.0401)  loss_mal_dn_2: 1.9287 (2.0812)  loss_bbox_dn_2: 0.6847 (0.7996)  loss_giou_dn_2: 0.9512 (0.9223)  loss_fgl_dn_2: 1.0515 (1.0610)  loss_ddf_dn_2: 0.0030 (0.0030)  loss_mal_dn_3: 1.9082 (2.0399)  loss_bbox_dn_3: 0.6729 (0.7911)  loss_giou_dn_3: 0.9459 (0.9125)  loss_fgl_dn_3: 1.0471 (1.0658)  loss_mal_dn_pre: 1.6396 (1.6637)  loss_bbox_dn_pre: 0.8723 (0.9762)  loss_giou_dn_pre: 1.1195 (1.1085)  time: 0.2568  data: 0.1075  max mem: 3583
Epoch: [34] Total time: 0:00:02 (0.2645 s / it)
Averaged stats: lr: 0.000000  loss: 50.1168 (50.6340)  loss_mal: 1.3730 (1.6917)  loss_bbox: 0.9740 (1.0053)  loss_giou: 1.3243 (1.2933)  loss_fgl: 0.7367 (0.8236)  loss_mal_aux_0: 1.2979 (1.4910)  loss_bbox_aux_0: 1.0554 (1.0798)  loss_giou_aux_0: 1.4135 (1.3910)  loss_fgl_aux_0: 0.7828 (0.8027)  loss_ddf_aux_0: 0.0825 (0.0951)  loss_mal_aux_1: 1.4287 (1.6584)  loss_bbox_aux_1: 0.9845 (1.0247)  loss_giou_aux_1: 1.3515 (1.3198)  loss_fgl_aux_1: 0.7492 (0.8199)  loss_ddf_aux_1: 0.0147 (0.0149)  loss_mal_aux_2: 1.4395 (1.7323)  loss_bbox_aux_2: 0.9768 (1.0054)  loss_giou_aux_2: 1.3282 (1.2941)  loss_fgl_aux_2: 0.7362 (0.8222)  loss_ddf_aux_2: 0.0011 (0.0013)  loss_mal_pre: 1.2842 (1.4661)  loss_bbox_pre: 1.0505 (1.0892)  loss_giou_pre: 1.4458 (1.3949)  loss_mal_enc_0: 1.0195 (1.3015)  loss_bbox_enc_0: 1.0225 (1.1761)  loss_giou_enc_0: 1.5449 (1.5136)  loss_mal_dn_0: 1.5947 (1.6382)  loss_bbox_dn_0: 0.8828 (0.9842)  loss_giou_dn_0: 1.1468 (1.1261)  loss_fgl_dn_0: 1.0608 (1.0745)  loss_ddf_dn_0: 0.2321 (0.2353)  loss_mal_dn_1: 1.8252 (1.9468)  loss_bbox_dn_1: 0.6674 (0.8210)  loss_giou_dn_1: 0.9956 (0.9811)  loss_fgl_dn_1: 1.0466 (1.0538)  loss_ddf_dn_1: 0.0416 (0.0401)  loss_mal_dn_2: 1.9287 (2.0812)  loss_bbox_dn_2: 0.6847 (0.7996)  loss_giou_dn_2: 0.9512 (0.9223)  loss_fgl_dn_2: 1.0515 (1.0610)  loss_ddf_dn_2: 0.0030 (0.0030)  loss_mal_dn_3: 1.9082 (2.0399)  loss_bbox_dn_3: 0.6729 (0.7911)  loss_giou_dn_3: 0.9459 (0.9125)  loss_fgl_dn_3: 1.0471 (1.0658)  loss_mal_dn_pre: 1.6396 (1.6637)  loss_bbox_dn_pre: 0.8723 (0.9762)  loss_giou_dn_pre: 1.1195 (1.1085)
Test:  [0/4]  eta: 0:00:01    time: 0.4126  data: 0.3654  max mem: 3583
Test:  [3/4]  eta: 0:00:00    time: 0.1362  data: 0.0935  max mem: 3583
Test: Total time: 0:00:00 (0.1596 s / it)
Averaged stats: 
Accumulating evaluation results...
COCOeval_opt.accumulate() finished...
DONE (t=0.00s).
IoU metric: bbox
 Average Precision  (AP) @[ IoU=0.50:0.95 | area=   all | maxDets=100 ] = 0.000
 Average Precision  (AP) @[ IoU=0.50      | area=   all | maxDets=100 ] = 0.000
 Average Precision  (AP) @[ IoU=0.75      | area=   all | maxDets=100 ] = 0.000
 Average Precision  (AP) @[ IoU=0.50:0.95 | area= small | maxDets=100 ] = -1.000
 Average Precision  (AP) @[ IoU=0.50:0.95 | area=medium | maxDets=100 ] = -1.000
 Average Precision  (AP) @[ IoU=0.50:0.95 | area= large | maxDets=100 ] = 0.000
 Average Recall     (AR) @[ IoU=0.50:0.95 | area=   all | maxDets=  1 ] = 0.000
 Average Recall     (AR) @[ IoU=0.50:0.95 | area=   all | maxDets= 10 ] = 0.000
 Average Recall     (AR) @[ IoU=0.50:0.95 | area=   all | maxDets=100 ] = 0.000
 Average Recall     (AR) @[ IoU=0.50:0.95 | area= small | maxDets=100 ] = -1.000
 Average Recall     (AR) @[ IoU=0.50:0.95 | area=medium | maxDets=100 ] = -1.000
 Average Recall     (AR) @[ IoU=0.50:0.95 | area= large | maxDets=100 ] = 0.000
 Average Recall     (AR) @[ IoU=0.50      | area=   all | maxDets=100 ] = 0.000
 Average Recall     (AR) @[ IoU=0.75      | area=   all | maxDets=100 ] = 0.000
best_stat: {'epoch': 19, 'coco_eval_bbox': 7.15342470207612e-05}
Epoch: [35]  [0/8]  eta: 0:00:05  lr: 0.000000  loss: 47.8713 (47.8713)  loss_mal: 1.7461 (1.7461)  loss_bbox: 0.6951 (0.6951)  loss_giou: 1.1846 (1.1846)  loss_fgl: 0.9590 (0.9590)  loss_mal_aux_0: 1.2539 (1.2539)  loss_bbox_aux_0: 0.7654 (0.7654)  loss_giou_aux_0: 1.3700 (1.3700)  loss_fgl_aux_0: 0.8687 (0.8687)  loss_ddf_aux_0: 0.1006 (0.1006)  loss_mal_aux_1: 1.6055 (1.6055)  loss_bbox_aux_1: 0.7087 (0.7087)  loss_giou_aux_1: 1.2284 (1.2284)  loss_fgl_aux_1: 0.9397 (0.9397)  loss_ddf_aux_1: 0.0181 (0.0181)  loss_mal_aux_2: 1.7441 (1.7441)  loss_bbox_aux_2: 0.6955 (0.6955)  loss_giou_aux_2: 1.1870 (1.1870)  loss_fgl_aux_2: 0.9594 (0.9594)  loss_ddf_aux_2: 0.0010 (0.0010)  loss_mal_pre: 1.1699 (1.1699)  loss_bbox_pre: 0.8022 (0.8022)  loss_giou_pre: 1.4073 (1.4073)  loss_mal_enc_0: 1.1025 (1.1025)  loss_bbox_enc_0: 0.8836 (0.8836)  loss_giou_enc_0: 1.4918 (1.4918)  loss_mal_dn_0: 1.6650 (1.6650)  loss_bbox_dn_0: 0.8466 (0.8466)  loss_giou_dn_0: 1.1105 (1.1105)  loss_fgl_dn_0: 1.0898 (1.0898)  loss_ddf_dn_0: 0.2167 (0.2167)  loss_mal_dn_1: 1.9570 (1.9570)  loss_bbox_dn_1: 0.7699 (0.7699)  loss_giou_dn_1: 0.9915 (0.9915)  loss_fgl_dn_1: 1.0635 (1.0635)  loss_ddf_dn_1: 0.0326 (0.0326)  loss_mal_dn_2: 2.0312 (2.0312)  loss_bbox_dn_2: 0.7677 (0.7677)  loss_giou_dn_2: 0.9608 (0.9608)  loss_fgl_dn_2: 1.0760 (1.0760)  loss_ddf_dn_2: 0.0030 (0.0030)  loss_mal_dn_3: 1.9824 (1.9824)  loss_bbox_dn_3: 0.7599 (0.7599)  loss_giou_dn_3: 0.9580 (0.9580)  loss_fgl_dn_3: 1.0769 (1.0769)  loss_mal_dn_pre: 1.6787 (1.6787)  loss_bbox_dn_pre: 0.8464 (0.8464)  loss_giou_dn_pre: 1.0991 (1.0991)  time: 0.7354  data: 0.5693  max mem: 3583
Epoch: [35]  [7/8]  eta: 0:00:00  lr: 0.000001  loss: 48.6607 (49.4956)  loss_mal: 2.0156 (2.1409)  loss_bbox: 0.6246 (0.6549)  loss_giou: 1.0077 (1.0504)  loss_fgl: 0.9324 (0.9295)  loss_mal_aux_0: 1.5801 (1.7205)  loss_bbox_aux_0: 0.7102 (0.7568)  loss_giou_aux_0: 1.1925 (1.2230)  loss_fgl_aux_0: 0.8935 (0.8922)  loss_ddf_aux_0: 0.1238 (0.1266)  loss_mal_aux_1: 1.9482 (2.0686)  loss_bbox_aux_1: 0.6329 (0.6741)  loss_giou_aux_1: 1.0572 (1.0912)  loss_fgl_aux_1: 0.9221 (0.9255)  loss_ddf_aux_1: 0.0205 (0.0237)  loss_mal_aux_2: 2.0781 (2.1852)  loss_bbox_aux_2: 0.6205 (0.6564)  loss_giou_aux_2: 1.0099 (1.0519)  loss_fgl_aux_2: 0.9327 (0.9298)  loss_ddf_aux_2: 0.0015 (0.0017)  loss_mal_pre: 1.5898 (1.6816)  loss_bbox_pre: 0.7294 (0.7670)  loss_giou_pre: 1.2022 (1.2389)  loss_mal_enc_0: 1.4873 (1.6469)  loss_bbox_enc_0: 0.7874 (0.8426)  loss_giou_enc_0: 1.3434 (1.3484)  loss_mal_dn_0: 1.6650 (1.7518)  loss_bbox_dn_0: 0.8409 (0.8372)  loss_giou_dn_0: 1.0813 (1.0721)  loss_fgl_dn_0: 1.0523 (1.0734)  loss_ddf_dn_0: 0.2167 (0.2405)  loss_mal_dn_1: 1.9570 (2.0989)  loss_bbox_dn_1: 0.6852 (0.6614)  loss_giou_dn_1: 0.8850 (0.9073)  loss_fgl_dn_1: 0.9891 (1.0328)  loss_ddf_dn_1: 0.0416 (0.0430)  loss_mal_dn_2: 2.0312 (2.2749)  loss_bbox_dn_2: 0.6246 (0.6198)  loss_giou_dn_2: 0.7942 (0.8339)  loss_fgl_dn_2: 1.0036 (1.0466)  loss_ddf_dn_2: 0.0030 (0.0036)  loss_mal_dn_3: 1.9824 (2.2217)  loss_bbox_dn_3: 0.6243 (0.6077)  loss_giou_dn_3: 0.7824 (0.8251)  loss_fgl_dn_3: 1.0070 (1.0496)  loss_mal_dn_pre: 1.6787 (1.7625)  loss_bbox_dn_pre: 0.8464 (0.8403)  loss_giou_dn_pre: 1.0735 (1.0630)  time: 0.2120  data: 0.0737  max mem: 3583
Epoch: [35] Total time: 0:00:01 (0.2227 s / it)
Averaged stats: lr: 0.000001  loss: 48.6607 (49.4956)  loss_mal: 2.0156 (2.1409)  loss_bbox: 0.6246 (0.6549)  loss_giou: 1.0077 (1.0504)  loss_fgl: 0.9324 (0.9295)  loss_mal_aux_0: 1.5801 (1.7205)  loss_bbox_aux_0: 0.7102 (0.7568)  loss_giou_aux_0: 1.1925 (1.2230)  loss_fgl_aux_0: 0.8935 (0.8922)  loss_ddf_aux_0: 0.1238 (0.1266)  loss_mal_aux_1: 1.9482 (2.0686)  loss_bbox_aux_1: 0.6329 (0.6741)  loss_giou_aux_1: 1.0572 (1.0912)  loss_fgl_aux_1: 0.9221 (0.9255)  loss_ddf_aux_1: 0.0205 (0.0237)  loss_mal_aux_2: 2.0781 (2.1852)  loss_bbox_aux_2: 0.6205 (0.6564)  loss_giou_aux_2: 1.0099 (1.0519)  loss_fgl_aux_2: 0.9327 (0.9298)  loss_ddf_aux_2: 0.0015 (0.0017)  loss_mal_pre: 1.5898 (1.6816)  loss_bbox_pre: 0.7294 (0.7670)  loss_giou_pre: 1.2022 (1.2389)  loss_mal_enc_0: 1.4873 (1.6469)  loss_bbox_enc_0: 0.7874 (0.8426)  loss_giou_enc_0: 1.3434 (1.3484)  loss_mal_dn_0: 1.6650 (1.7518)  loss_bbox_dn_0: 0.8409 (0.8372)  loss_giou_dn_0: 1.0813 (1.0721)  loss_fgl_dn_0: 1.0523 (1.0734)  loss_ddf_dn_0: 0.2167 (0.2405)  loss_mal_dn_1: 1.9570 (2.0989)  loss_bbox_dn_1: 0.6852 (0.6614)  loss_giou_dn_1: 0.8850 (0.9073)  loss_fgl_dn_1: 0.9891 (1.0328)  loss_ddf_dn_1: 0.0416 (0.0430)  loss_mal_dn_2: 2.0312 (2.2749)  loss_bbox_dn_2: 0.6246 (0.6198)  loss_giou_dn_2: 0.7942 (0.8339)  loss_fgl_dn_2: 1.0036 (1.0466)  loss_ddf_dn_2: 0.0030 (0.0036)  loss_mal_dn_3: 1.9824 (2.2217)  loss_bbox_dn_3: 0.6243 (0.6077)  loss_giou_dn_3: 0.7824 (0.8251)  loss_fgl_dn_3: 1.0070 (1.0496)  loss_mal_dn_pre: 1.6787 (1.7625)  loss_bbox_dn_pre: 0.8464 (0.8403)  loss_giou_dn_pre: 1.0735 (1.0630)
Test:  [0/4]  eta: 0:00:01    time: 0.4182  data: 0.3658  max mem: 3583
Test:  [3/4]  eta: 0:00:00    time: 0.1332  data: 0.0935  max mem: 3583
Test: Total time: 0:00:00 (0.1492 s / it)
Averaged stats: 
Accumulating evaluation results...
COCOeval_opt.accumulate() finished...
DONE (t=0.00s).
IoU metric: bbox
 Average Precision  (AP) @[ IoU=0.50:0.95 | area=   all | maxDets=100 ] = 0.000
 Average Precision  (AP) @[ IoU=0.50      | area=   all | maxDets=100 ] = 0.000
 Average Precision  (AP) @[ IoU=0.75      | area=   all | maxDets=100 ] = 0.000
 Average Precision  (AP) @[ IoU=0.50:0.95 | area= small | maxDets=100 ] = -1.000
 Average Precision  (AP) @[ IoU=0.50:0.95 | area=medium | maxDets=100 ] = -1.000
 Average Precision  (AP) @[ IoU=0.50:0.95 | area= large | maxDets=100 ] = 0.001
 Average Recall     (AR) @[ IoU=0.50:0.95 | area=   all | maxDets=  1 ] = 0.000
 Average Recall     (AR) @[ IoU=0.50:0.95 | area=   all | maxDets= 10 ] = 0.000
 Average Recall     (AR) @[ IoU=0.50:0.95 | area=   all | maxDets=100 ] = 0.013
 Average Recall     (AR) @[ IoU=0.50:0.95 | area= small | maxDets=100 ] = -1.000
 Average Recall     (AR) @[ IoU=0.50:0.95 | area=medium | maxDets=100 ] = -1.000
 Average Recall     (AR) @[ IoU=0.50:0.95 | area= large | maxDets=100 ] = 0.013
 Average Recall     (AR) @[ IoU=0.50      | area=   all | maxDets=100 ] = 0.033
 Average Recall     (AR) @[ IoU=0.75      | area=   all | maxDets=100 ] = 0.000
best_stat: {'epoch': 19, 'coco_eval_bbox': 7.15342470207612e-05}
Epoch: [36]  [0/8]  eta: 0:00:08  lr: 0.000001  loss: 51.3297 (51.3297)  loss_mal: 1.4268 (1.4268)  loss_bbox: 1.0569 (1.0569)  loss_giou: 1.5946 (1.5946)  loss_fgl: 0.7485 (0.7485)  loss_mal_aux_0: 1.3281 (1.3281)  loss_bbox_aux_0: 1.1139 (1.1139)  loss_giou_aux_0: 1.6283 (1.6283)  loss_fgl_aux_0: 0.6964 (0.6964)  loss_ddf_aux_0: 0.0781 (0.0781)  loss_mal_aux_1: 1.4258 (1.4258)  loss_bbox_aux_1: 1.0920 (1.0920)  loss_giou_aux_1: 1.6091 (1.6091)  loss_fgl_aux_1: 0.7304 (0.7304)  loss_ddf_aux_1: 0.0134 (0.0134)  loss_mal_aux_2: 1.4980 (1.4980)  loss_bbox_aux_2: 1.0630 (1.0630)  loss_giou_aux_2: 1.6001 (1.6001)  loss_fgl_aux_2: 0.7469 (0.7469)  loss_ddf_aux_2: 0.0008 (0.0008)  loss_mal_pre: 1.2725 (1.2725)  loss_bbox_pre: 1.2072 (1.2072)  loss_giou_pre: 1.6477 (1.6477)  loss_mal_enc_0: 1.6768 (1.6768)  loss_bbox_enc_0: 1.3740 (1.3740)  loss_giou_enc_0: 1.7487 (1.7487)  loss_mal_dn_0: 1.5547 (1.5547)  loss_bbox_dn_0: 1.0461 (1.0461)  loss_giou_dn_0: 1.1396 (1.1396)  loss_fgl_dn_0: 1.1060 (1.1060)  loss_ddf_dn_0: 0.2361 (0.2361)  loss_mal_dn_1: 1.7529 (1.7529)  loss_bbox_dn_1: 0.8601 (0.8601)  loss_giou_dn_1: 0.9949 (0.9949)  loss_fgl_dn_1: 1.0528 (1.0528)  loss_ddf_dn_1: 0.0385 (0.0385)  loss_mal_dn_2: 1.9795 (1.9795)  loss_bbox_dn_2: 0.7965 (0.7965)  loss_giou_dn_2: 0.9004 (0.9004)  loss_fgl_dn_2: 1.0665 (1.0665)  loss_ddf_dn_2: 0.0033 (0.0033)  loss_mal_dn_3: 1.9150 (1.9150)  loss_bbox_dn_3: 0.7918 (0.7918)  loss_giou_dn_3: 0.9005 (0.9005)  loss_fgl_dn_3: 1.0640 (1.0640)  loss_mal_dn_pre: 1.5078 (1.5078)  loss_bbox_dn_pre: 1.0909 (1.0909)  loss_giou_dn_pre: 1.1539 (1.1539)  time: 1.1078  data: 0.7247  max mem: 3583
Epoch: [36]  [7/8]  eta: 0:00:00  lr: 0.000001  loss: 47.5223 (49.2111)  loss_mal: 1.5029 (1.7554)  loss_bbox: 0.7540 (0.8306)  loss_giou: 1.3184 (1.2496)  loss_fgl: 0.7680 (0.8180)  loss_mal_aux_0: 1.3125 (1.5148)  loss_bbox_aux_0: 0.7933 (0.9046)  loss_giou_aux_0: 1.4520 (1.3820)  loss_fgl_aux_0: 0.7317 (0.7826)  loss_ddf_aux_0: 0.0904 (0.1103)  loss_mal_aux_1: 1.4258 (1.6354)  loss_bbox_aux_1: 0.7646 (0.8499)  loss_giou_aux_1: 1.3609 (1.2913)  loss_fgl_aux_1: 0.7516 (0.8041)  loss_ddf_aux_1: 0.0166 (0.0194)  loss_mal_aux_2: 1.5234 (1.8058)  loss_bbox_aux_2: 0.7512 (0.8318)  loss_giou_aux_2: 1.3213 (1.2523)  loss_fgl_aux_2: 0.7706 (0.8171)  loss_ddf_aux_2: 0.0011 (0.0014)  loss_mal_pre: 1.2734 (1.4716)  loss_bbox_pre: 0.7994 (0.9190)  loss_giou_pre: 1.4585 (1.3979)  loss_mal_enc_0: 1.3389 (1.4882)  loss_bbox_enc_0: 1.0115 (0.9942)  loss_giou_enc_0: 1.5548 (1.4841)  loss_mal_dn_0: 1.5547 (1.7441)  loss_bbox_dn_0: 0.7555 (0.8443)  loss_giou_dn_0: 1.0700 (1.0634)  loss_fgl_dn_0: 1.1060 (1.0864)  loss_ddf_dn_0: 0.2049 (0.2005)  loss_mal_dn_1: 2.0234 (2.1100)  loss_bbox_dn_1: 0.5941 (0.6648)  loss_giou_dn_1: 0.9034 (0.8884)  loss_fgl_dn_1: 1.0444 (1.0408)  loss_ddf_dn_1: 0.0342 (0.0352)  loss_mal_dn_2: 2.1328 (2.2810)  loss_bbox_dn_2: 0.5919 (0.6239)  loss_giou_dn_2: 0.8449 (0.8260)  loss_fgl_dn_2: 1.0630 (1.0486)  loss_ddf_dn_2: 0.0027 (0.0028)  loss_mal_dn_3: 2.0957 (2.2191)  loss_bbox_dn_3: 0.5770 (0.6140)  loss_giou_dn_3: 0.8352 (0.8169)  loss_fgl_dn_3: 1.0631 (1.0526)  loss_mal_dn_pre: 1.5215 (1.7621)  loss_bbox_dn_pre: 0.7291 (0.8243)  loss_giou_dn_pre: 1.0548 (1.0507)  time: 0.2843  data: 0.0933  max mem: 3583
Epoch: [36] Total time: 0:00:02 (0.2960 s / it)
Averaged stats: lr: 0.000001  loss: 47.5223 (49.2111)  loss_mal: 1.5029 (1.7554)  loss_bbox: 0.7540 (0.8306)  loss_giou: 1.3184 (1.2496)  loss_fgl: 0.7680 (0.8180)  loss_mal_aux_0: 1.3125 (1.5148)  loss_bbox_aux_0: 0.7933 (0.9046)  loss_giou_aux_0: 1.4520 (1.3820)  loss_fgl_aux_0: 0.7317 (0.7826)  loss_ddf_aux_0: 0.0904 (0.1103)  loss_mal_aux_1: 1.4258 (1.6354)  loss_bbox_aux_1: 0.7646 (0.8499)  loss_giou_aux_1: 1.3609 (1.2913)  loss_fgl_aux_1: 0.7516 (0.8041)  loss_ddf_aux_1: 0.0166 (0.0194)  loss_mal_aux_2: 1.5234 (1.8058)  loss_bbox_aux_2: 0.7512 (0.8318)  loss_giou_aux_2: 1.3213 (1.2523)  loss_fgl_aux_2: 0.7706 (0.8171)  loss_ddf_aux_2: 0.0011 (0.0014)  loss_mal_pre: 1.2734 (1.4716)  loss_bbox_pre: 0.7994 (0.9190)  loss_giou_pre: 1.4585 (1.3979)  loss_mal_enc_0: 1.3389 (1.4882)  loss_bbox_enc_0: 1.0115 (0.9942)  loss_giou_enc_0: 1.5548 (1.4841)  loss_mal_dn_0: 1.5547 (1.7441)  loss_bbox_dn_0: 0.7555 (0.8443)  loss_giou_dn_0: 1.0700 (1.0634)  loss_fgl_dn_0: 1.1060 (1.0864)  loss_ddf_dn_0: 0.2049 (0.2005)  loss_mal_dn_1: 2.0234 (2.1100)  loss_bbox_dn_1: 0.5941 (0.6648)  loss_giou_dn_1: 0.9034 (0.8884)  loss_fgl_dn_1: 1.0444 (1.0408)  loss_ddf_dn_1: 0.0342 (0.0352)  loss_mal_dn_2: 2.1328 (2.2810)  loss_bbox_dn_2: 0.5919 (0.6239)  loss_giou_dn_2: 0.8449 (0.8260)  loss_fgl_dn_2: 1.0630 (1.0486)  loss_ddf_dn_2: 0.0027 (0.0028)  loss_mal_dn_3: 2.0957 (2.2191)  loss_bbox_dn_3: 0.5770 (0.6140)  loss_giou_dn_3: 0.8352 (0.8169)  loss_fgl_dn_3: 1.0631 (1.0526)  loss_mal_dn_pre: 1.5215 (1.7621)  loss_bbox_dn_pre: 0.7291 (0.8243)  loss_giou_dn_pre: 1.0548 (1.0507)
Test:  [0/4]  eta: 0:00:01    time: 0.3697  data: 0.3314  max mem: 3583
Test:  [3/4]  eta: 0:00:00    time: 0.1176  data: 0.0849  max mem: 3583
Test: Total time: 0:00:00 (0.1409 s / it)
Averaged stats: 
Accumulating evaluation results...
COCOeval_opt.accumulate() finished...
DONE (t=0.00s).
IoU metric: bbox
 Average Precision  (AP) @[ IoU=0.50:0.95 | area=   all | maxDets=100 ] = 0.000
 Average Precision  (AP) @[ IoU=0.50      | area=   all | maxDets=100 ] = 0.000
 Average Precision  (AP) @[ IoU=0.75      | area=   all | maxDets=100 ] = 0.000
 Average Precision  (AP) @[ IoU=0.50:0.95 | area= small | maxDets=100 ] = -1.000
 Average Precision  (AP) @[ IoU=0.50:0.95 | area=medium | maxDets=100 ] = -1.000
 Average Precision  (AP) @[ IoU=0.50:0.95 | area= large | maxDets=100 ] = 0.000
 Average Recall     (AR) @[ IoU=0.50:0.95 | area=   all | maxDets=  1 ] = 0.000
 Average Recall     (AR) @[ IoU=0.50:0.95 | area=   all | maxDets= 10 ] = 0.000
 Average Recall     (AR) @[ IoU=0.50:0.95 | area=   all | maxDets=100 ] = 0.000
 Average Recall     (AR) @[ IoU=0.50:0.95 | area= small | maxDets=100 ] = -1.000
 Average Recall     (AR) @[ IoU=0.50:0.95 | area=medium | maxDets=100 ] = -1.000
 Average Recall     (AR) @[ IoU=0.50:0.95 | area= large | maxDets=100 ] = 0.000
 Average Recall     (AR) @[ IoU=0.50      | area=   all | maxDets=100 ] = 0.000
 Average Recall     (AR) @[ IoU=0.75      | area=   all | maxDets=100 ] = 0.000
best_stat: {'epoch': 19, 'coco_eval_bbox': 7.15342470207612e-05}
Epoch: [37]  [0/8]  eta: 0:00:06  lr: 0.000001  loss: 50.1456 (50.1456)  loss_mal: 2.2891 (2.2891)  loss_bbox: 0.5476 (0.5476)  loss_giou: 0.9710 (0.9710)  loss_fgl: 1.0033 (1.0033)  loss_mal_aux_0: 1.8887 (1.8887)  loss_bbox_aux_0: 0.6850 (0.6850)  loss_giou_aux_0: 1.1458 (1.1458)  loss_fgl_aux_0: 0.9527 (0.9527)  loss_ddf_aux_0: 0.1981 (0.1981)  loss_mal_aux_1: 2.2695 (2.2695)  loss_bbox_aux_1: 0.5872 (0.5872)  loss_giou_aux_1: 1.0234 (1.0234)  loss_fgl_aux_1: 0.9766 (0.9766)  loss_ddf_aux_1: 0.0335 (0.0335)  loss_mal_aux_2: 2.3125 (2.3125)  loss_bbox_aux_2: 0.5588 (0.5588)  loss_giou_aux_2: 0.9811 (0.9811)  loss_fgl_aux_2: 0.9973 (0.9973)  loss_ddf_aux_2: 0.0020 (0.0020)  loss_mal_pre: 1.8916 (1.8916)  loss_bbox_pre: 0.6714 (0.6714)  loss_giou_pre: 1.1313 (1.1313)  loss_mal_enc_0: 1.7119 (1.7119)  loss_bbox_enc_0: 0.7700 (0.7700)  loss_giou_enc_0: 1.2783 (1.2783)  loss_mal_dn_0: 1.8369 (1.8369)  loss_bbox_dn_0: 0.8005 (0.8005)  loss_giou_dn_0: 1.0252 (1.0252)  loss_fgl_dn_0: 1.1897 (1.1897)  loss_ddf_dn_0: 0.3013 (0.3013)  loss_mal_dn_1: 2.2441 (2.2441)  loss_bbox_dn_1: 0.6546 (0.6546)  loss_giou_dn_1: 0.8132 (0.8132)  loss_fgl_dn_1: 1.0848 (1.0848)  loss_ddf_dn_1: 0.0528 (0.0528)  loss_mal_dn_2: 2.4355 (2.4355)  loss_bbox_dn_2: 0.5888 (0.5888)  loss_giou_dn_2: 0.7395 (0.7395)  loss_fgl_dn_2: 1.0780 (1.0780)  loss_ddf_dn_2: 0.0039 (0.0039)  loss_mal_dn_3: 2.3906 (2.3906)  loss_bbox_dn_3: 0.5733 (0.5733)  loss_giou_dn_3: 0.7255 (0.7255)  loss_fgl_dn_3: 1.0843 (1.0843)  loss_mal_dn_pre: 1.8379 (1.8379)  loss_bbox_dn_pre: 0.7830 (0.7830)  loss_giou_dn_pre: 1.0243 (1.0243)  time: 0.8471  data: 0.6378  max mem: 3583
Epoch: [37]  [7/8]  eta: 0:00:00  lr: 0.000001  loss: 49.6810 (49.6315)  loss_mal: 1.7480 (1.8427)  loss_bbox: 0.8081 (0.8350)  loss_giou: 1.1648 (1.1435)  loss_fgl: 0.8417 (0.8688)  loss_mal_aux_0: 1.5010 (1.5323)  loss_bbox_aux_0: 0.8880 (0.9517)  loss_giou_aux_0: 1.2522 (1.2985)  loss_fgl_aux_0: 0.7589 (0.7969)  loss_ddf_aux_0: 0.0954 (0.1058)  loss_mal_aux_1: 1.6660 (1.7780)  loss_bbox_aux_1: 0.8555 (0.8718)  loss_giou_aux_1: 1.1912 (1.1889)  loss_fgl_aux_1: 0.8311 (0.8542)  loss_ddf_aux_1: 0.0177 (0.0192)  loss_mal_aux_2: 1.7939 (1.8787)  loss_bbox_aux_2: 0.8239 (0.8449)  loss_giou_aux_2: 1.1718 (1.1510)  loss_fgl_aux_2: 0.8395 (0.8663)  loss_ddf_aux_2: 0.0014 (0.0014)  loss_mal_pre: 1.4854 (1.5099)  loss_bbox_pre: 0.9112 (0.9582)  loss_giou_pre: 1.2720 (1.3093)  loss_mal_enc_0: 1.5234 (1.4694)  loss_bbox_enc_0: 0.9912 (1.0255)  loss_giou_enc_0: 1.2783 (1.4032)  loss_mal_dn_0: 1.6758 (1.6951)  loss_bbox_dn_0: 0.9657 (0.9608)  loss_giou_dn_0: 1.0771 (1.0886)  loss_fgl_dn_0: 1.0777 (1.0794)  loss_ddf_dn_0: 0.2092 (0.2147)  loss_mal_dn_1: 1.9902 (2.0017)  loss_bbox_dn_1: 0.7821 (0.7849)  loss_giou_dn_1: 0.9208 (0.9358)  loss_fgl_dn_1: 1.0511 (1.0404)  loss_ddf_dn_1: 0.0343 (0.0362)  loss_mal_dn_2: 2.1699 (2.1398)  loss_bbox_dn_2: 0.7164 (0.7483)  loss_giou_dn_2: 0.8436 (0.8756)  loss_fgl_dn_2: 1.0492 (1.0479)  loss_ddf_dn_2: 0.0029 (0.0031)  loss_mal_dn_3: 2.1074 (2.0778)  loss_bbox_dn_3: 0.6978 (0.7398)  loss_giou_dn_3: 0.8365 (0.8639)  loss_fgl_dn_3: 1.0509 (1.0528)  loss_mal_dn_pre: 1.7021 (1.7214)  loss_bbox_dn_pre: 0.9598 (0.9437)  loss_giou_dn_pre: 1.0582 (1.0748)  time: 0.2412  data: 0.0852  max mem: 3583
Epoch: [37] Total time: 0:00:02 (0.2513 s / it)
Averaged stats: lr: 0.000001  loss: 49.6810 (49.6315)  loss_mal: 1.7480 (1.8427)  loss_bbox: 0.8081 (0.8350)  loss_giou: 1.1648 (1.1435)  loss_fgl: 0.8417 (0.8688)  loss_mal_aux_0: 1.5010 (1.5323)  loss_bbox_aux_0: 0.8880 (0.9517)  loss_giou_aux_0: 1.2522 (1.2985)  loss_fgl_aux_0: 0.7589 (0.7969)  loss_ddf_aux_0: 0.0954 (0.1058)  loss_mal_aux_1: 1.6660 (1.7780)  loss_bbox_aux_1: 0.8555 (0.8718)  loss_giou_aux_1: 1.1912 (1.1889)  loss_fgl_aux_1: 0.8311 (0.8542)  loss_ddf_aux_1: 0.0177 (0.0192)  loss_mal_aux_2: 1.7939 (1.8787)  loss_bbox_aux_2: 0.8239 (0.8449)  loss_giou_aux_2: 1.1718 (1.1510)  loss_fgl_aux_2: 0.8395 (0.8663)  loss_ddf_aux_2: 0.0014 (0.0014)  loss_mal_pre: 1.4854 (1.5099)  loss_bbox_pre: 0.9112 (0.9582)  loss_giou_pre: 1.2720 (1.3093)  loss_mal_enc_0: 1.5234 (1.4694)  loss_bbox_enc_0: 0.9912 (1.0255)  loss_giou_enc_0: 1.2783 (1.4032)  loss_mal_dn_0: 1.6758 (1.6951)  loss_bbox_dn_0: 0.9657 (0.9608)  loss_giou_dn_0: 1.0771 (1.0886)  loss_fgl_dn_0: 1.0777 (1.0794)  loss_ddf_dn_0: 0.2092 (0.2147)  loss_mal_dn_1: 1.9902 (2.0017)  loss_bbox_dn_1: 0.7821 (0.7849)  loss_giou_dn_1: 0.9208 (0.9358)  loss_fgl_dn_1: 1.0511 (1.0404)  loss_ddf_dn_1: 0.0343 (0.0362)  loss_mal_dn_2: 2.1699 (2.1398)  loss_bbox_dn_2: 0.7164 (0.7483)  loss_giou_dn_2: 0.8436 (0.8756)  loss_fgl_dn_2: 1.0492 (1.0479)  loss_ddf_dn_2: 0.0029 (0.0031)  loss_mal_dn_3: 2.1074 (2.0778)  loss_bbox_dn_3: 0.6978 (0.7398)  loss_giou_dn_3: 0.8365 (0.8639)  loss_fgl_dn_3: 1.0509 (1.0528)  loss_mal_dn_pre: 1.7021 (1.7214)  loss_bbox_dn_pre: 0.9598 (0.9437)  loss_giou_dn_pre: 1.0582 (1.0748)
Test:  [0/4]  eta: 0:00:01    time: 0.3662  data: 0.3296  max mem: 3583
Test:  [3/4]  eta: 0:00:00    time: 0.1184  data: 0.0849  max mem: 3583
Test: Total time: 0:00:00 (0.1399 s / it)
Averaged stats: 
Accumulating evaluation results...
COCOeval_opt.accumulate() finished...
DONE (t=0.00s).
IoU metric: bbox
 Average Precision  (AP) @[ IoU=0.50:0.95 | area=   all | maxDets=100 ] = 0.000
 Average Precision  (AP) @[ IoU=0.50      | area=   all | maxDets=100 ] = 0.000
 Average Precision  (AP) @[ IoU=0.75      | area=   all | maxDets=100 ] = 0.000
 Average Precision  (AP) @[ IoU=0.50:0.95 | area= small | maxDets=100 ] = -1.000
 Average Precision  (AP) @[ IoU=0.50:0.95 | area=medium | maxDets=100 ] = -1.000
 Average Precision  (AP) @[ IoU=0.50:0.95 | area= large | maxDets=100 ] = 0.000
 Average Recall     (AR) @[ IoU=0.50:0.95 | area=   all | maxDets=  1 ] = 0.000
 Average Recall     (AR) @[ IoU=0.50:0.95 | area=   all | maxDets= 10 ] = 0.000
 Average Recall     (AR) @[ IoU=0.50:0.95 | area=   all | maxDets=100 ] = 0.000
 Average Recall     (AR) @[ IoU=0.50:0.95 | area= small | maxDets=100 ] = -1.000
 Average Recall     (AR) @[ IoU=0.50:0.95 | area=medium | maxDets=100 ] = -1.000
 Average Recall     (AR) @[ IoU=0.50:0.95 | area= large | maxDets=100 ] = 0.000
 Average Recall     (AR) @[ IoU=0.50      | area=   all | maxDets=100 ] = 0.000
 Average Recall     (AR) @[ IoU=0.75      | area=   all | maxDets=100 ] = 0.000
best_stat: {'epoch': 19, 'coco_eval_bbox': 7.15342470207612e-05}
Epoch: [38]  [0/8]  eta: 0:00:08  lr: 0.000001  loss: 49.0268 (49.0268)  loss_mal: 2.3848 (2.3848)  loss_bbox: 0.4532 (0.4532)  loss_giou: 0.9784 (0.9784)  loss_fgl: 0.9653 (0.9653)  loss_mal_aux_0: 1.9863 (1.9863)  loss_bbox_aux_0: 0.5264 (0.5264)  loss_giou_aux_0: 1.1554 (1.1554)  loss_fgl_aux_0: 0.9642 (0.9642)  loss_ddf_aux_0: 0.1758 (0.1758)  loss_mal_aux_1: 2.2871 (2.2871)  loss_bbox_aux_1: 0.4775 (0.4775)  loss_giou_aux_1: 1.0286 (1.0286)  loss_fgl_aux_1: 0.9645 (0.9645)  loss_ddf_aux_1: 0.0310 (0.0310)  loss_mal_aux_2: 2.4512 (2.4512)  loss_bbox_aux_2: 0.4578 (0.4578)  loss_giou_aux_2: 0.9883 (0.9883)  loss_fgl_aux_2: 0.9603 (0.9603)  loss_ddf_aux_2: 0.0032 (0.0032)  loss_mal_pre: 1.9160 (1.9160)  loss_bbox_pre: 0.5269 (0.5269)  loss_giou_pre: 1.1713 (1.1713)  loss_mal_enc_0: 1.6514 (1.6514)  loss_bbox_enc_0: 0.6059 (0.6059)  loss_giou_enc_0: 1.3470 (1.3470)  loss_mal_dn_0: 1.9883 (1.9883)  loss_bbox_dn_0: 0.5458 (0.5458)  loss_giou_dn_0: 0.9425 (0.9425)  loss_fgl_dn_0: 1.1906 (1.1906)  loss_ddf_dn_0: 0.2919 (0.2919)  loss_mal_dn_1: 2.4355 (2.4355)  loss_bbox_dn_1: 0.4041 (0.4041)  loss_giou_dn_1: 0.7487 (0.7487)  loss_fgl_dn_1: 1.0848 (1.0848)  loss_ddf_dn_1: 0.0605 (0.0605)  loss_mal_dn_2: 2.6289 (2.6289)  loss_bbox_dn_2: 0.3654 (0.3654)  loss_giou_dn_2: 0.6690 (0.6690)  loss_fgl_dn_2: 1.0899 (1.0899)  loss_ddf_dn_2: 0.0056 (0.0056)  loss_mal_dn_3: 2.5449 (2.5449)  loss_bbox_dn_3: 0.3556 (0.3556)  loss_giou_dn_3: 0.6587 (0.6587)  loss_fgl_dn_3: 1.0893 (1.0893)  loss_mal_dn_pre: 1.9824 (1.9824)  loss_bbox_dn_pre: 0.5407 (0.5407)  loss_giou_dn_pre: 0.9460 (0.9460)  time: 1.0440  data: 0.8064  max mem: 3583
Epoch: [38]  [7/8]  eta: 0:00:00  lr: 0.000001  loss: 50.6374 (53.8677)  loss_mal: 1.5410 (1.7296)  loss_bbox: 0.9105 (1.2930)  loss_giou: 1.1760 (1.2347)  loss_fgl: 0.8985 (0.8978)  loss_mal_aux_0: 1.4102 (1.4213)  loss_bbox_aux_0: 1.0197 (1.4561)  loss_giou_aux_0: 1.3256 (1.3797)  loss_fgl_aux_0: 0.8351 (0.8768)  loss_ddf_aux_0: 0.1062 (0.1139)  loss_mal_aux_1: 1.5352 (1.6327)  loss_bbox_aux_1: 0.9534 (1.3637)  loss_giou_aux_1: 1.2380 (1.2834)  loss_fgl_aux_1: 0.8584 (0.8861)  loss_ddf_aux_1: 0.0167 (0.0229)  loss_mal_aux_2: 1.5830 (1.7765)  loss_bbox_aux_2: 0.8890 (1.2995)  loss_giou_aux_2: 1.1833 (1.2416)  loss_fgl_aux_2: 0.8819 (0.8960)  loss_ddf_aux_2: 0.0015 (0.0024)  loss_mal_pre: 1.3076 (1.3729)  loss_bbox_pre: 1.0222 (1.4505)  loss_giou_pre: 1.3807 (1.4109)  loss_mal_enc_0: 1.1631 (1.3755)  loss_bbox_enc_0: 1.1760 (1.5397)  loss_giou_enc_0: 1.4800 (1.5479)  loss_mal_dn_0: 1.6572 (1.8622)  loss_bbox_dn_0: 0.9280 (1.1155)  loss_giou_dn_0: 0.9514 (1.0169)  loss_fgl_dn_0: 1.1203 (1.1246)  loss_ddf_dn_0: 0.2067 (0.2188)  loss_mal_dn_1: 2.0234 (2.1533)  loss_bbox_dn_1: 0.7365 (0.9228)  loss_giou_dn_1: 0.7852 (0.8686)  loss_fgl_dn_1: 1.0450 (1.0466)  loss_ddf_dn_1: 0.0411 (0.0436)  loss_mal_dn_2: 2.2246 (2.3212)  loss_bbox_dn_2: 0.6925 (0.8683)  loss_giou_dn_2: 0.7285 (0.7972)  loss_fgl_dn_2: 1.0493 (1.0548)  loss_ddf_dn_2: 0.0040 (0.0042)  loss_mal_dn_3: 2.1699 (2.2611)  loss_bbox_dn_3: 0.6900 (0.8553)  loss_giou_dn_3: 0.7170 (0.7860)  loss_fgl_dn_3: 1.0565 (1.0581)  loss_mal_dn_pre: 1.6719 (1.8820)  loss_bbox_dn_pre: 0.9366 (1.0949)  loss_giou_dn_pre: 0.9546 (1.0066)  time: 0.2548  data: 0.1043  max mem: 3583
Epoch: [38] Total time: 0:00:02 (0.2648 s / it)
Averaged stats: lr: 0.000001  loss: 50.6374 (53.8677)  loss_mal: 1.5410 (1.7296)  loss_bbox: 0.9105 (1.2930)  loss_giou: 1.1760 (1.2347)  loss_fgl: 0.8985 (0.8978)  loss_mal_aux_0: 1.4102 (1.4213)  loss_bbox_aux_0: 1.0197 (1.4561)  loss_giou_aux_0: 1.3256 (1.3797)  loss_fgl_aux_0: 0.8351 (0.8768)  loss_ddf_aux_0: 0.1062 (0.1139)  loss_mal_aux_1: 1.5352 (1.6327)  loss_bbox_aux_1: 0.9534 (1.3637)  loss_giou_aux_1: 1.2380 (1.2834)  loss_fgl_aux_1: 0.8584 (0.8861)  loss_ddf_aux_1: 0.0167 (0.0229)  loss_mal_aux_2: 1.5830 (1.7765)  loss_bbox_aux_2: 0.8890 (1.2995)  loss_giou_aux_2: 1.1833 (1.2416)  loss_fgl_aux_2: 0.8819 (0.8960)  loss_ddf_aux_2: 0.0015 (0.0024)  loss_mal_pre: 1.3076 (1.3729)  loss_bbox_pre: 1.0222 (1.4505)  loss_giou_pre: 1.3807 (1.4109)  loss_mal_enc_0: 1.1631 (1.3755)  loss_bbox_enc_0: 1.1760 (1.5397)  loss_giou_enc_0: 1.4800 (1.5479)  loss_mal_dn_0: 1.6572 (1.8622)  loss_bbox_dn_0: 0.9280 (1.1155)  loss_giou_dn_0: 0.9514 (1.0169)  loss_fgl_dn_0: 1.1203 (1.1246)  loss_ddf_dn_0: 0.2067 (0.2188)  loss_mal_dn_1: 2.0234 (2.1533)  loss_bbox_dn_1: 0.7365 (0.9228)  loss_giou_dn_1: 0.7852 (0.8686)  loss_fgl_dn_1: 1.0450 (1.0466)  loss_ddf_dn_1: 0.0411 (0.0436)  loss_mal_dn_2: 2.2246 (2.3212)  loss_bbox_dn_2: 0.6925 (0.8683)  loss_giou_dn_2: 0.7285 (0.7972)  loss_fgl_dn_2: 1.0493 (1.0548)  loss_ddf_dn_2: 0.0040 (0.0042)  loss_mal_dn_3: 2.1699 (2.2611)  loss_bbox_dn_3: 0.6900 (0.8553)  loss_giou_dn_3: 0.7170 (0.7860)  loss_fgl_dn_3: 1.0565 (1.0581)  loss_mal_dn_pre: 1.6719 (1.8820)  loss_bbox_dn_pre: 0.9366 (1.0949)  loss_giou_dn_pre: 0.9546 (1.0066)
Test:  [0/4]  eta: 0:00:01    time: 0.4088  data: 0.3707  max mem: 3583
Test:  [3/4]  eta: 0:00:00    time: 0.1291  data: 0.0948  max mem: 3583
Test: Total time: 0:00:00 (0.1463 s / it)
Averaged stats: 
Accumulating evaluation results...
COCOeval_opt.accumulate() finished...
DONE (t=0.00s).
IoU metric: bbox
 Average Precision  (AP) @[ IoU=0.50:0.95 | area=   all | maxDets=100 ] = 0.000
 Average Precision  (AP) @[ IoU=0.50      | area=   all | maxDets=100 ] = 0.000
 Average Precision  (AP) @[ IoU=0.75      | area=   all | maxDets=100 ] = 0.000
 Average Precision  (AP) @[ IoU=0.50:0.95 | area= small | maxDets=100 ] = -1.000
 Average Precision  (AP) @[ IoU=0.50:0.95 | area=medium | maxDets=100 ] = -1.000
 Average Precision  (AP) @[ IoU=0.50:0.95 | area= large | maxDets=100 ] = 0.000
 Average Recall     (AR) @[ IoU=0.50:0.95 | area=   all | maxDets=  1 ] = 0.000
 Average Recall     (AR) @[ IoU=0.50:0.95 | area=   all | maxDets= 10 ] = 0.000
 Average Recall     (AR) @[ IoU=0.50:0.95 | area=   all | maxDets=100 ] = 0.000
 Average Recall     (AR) @[ IoU=0.50:0.95 | area= small | maxDets=100 ] = -1.000
 Average Recall     (AR) @[ IoU=0.50:0.95 | area=medium | maxDets=100 ] = -1.000
 Average Recall     (AR) @[ IoU=0.50:0.95 | area= large | maxDets=100 ] = 0.000
 Average Recall     (AR) @[ IoU=0.50      | area=   all | maxDets=100 ] = 0.000
 Average Recall     (AR) @[ IoU=0.75      | area=   all | maxDets=100 ] = 0.000
best_stat: {'epoch': 19, 'coco_eval_bbox': 7.15342470207612e-05}
Epoch: [39]  [0/8]  eta: 0:00:09  lr: 0.000001  loss: 49.6321 (49.6321)  loss_mal: 1.9375 (1.9375)  loss_bbox: 0.8581 (0.8581)  loss_giou: 1.1405 (1.1405)  loss_fgl: 0.9044 (0.9044)  loss_mal_aux_0: 1.6621 (1.6621)  loss_bbox_aux_0: 0.9177 (0.9177)  loss_giou_aux_0: 1.2700 (1.2700)  loss_fgl_aux_0: 0.8444 (0.8444)  loss_ddf_aux_0: 0.0701 (0.0701)  loss_mal_aux_1: 1.8652 (1.8652)  loss_bbox_aux_1: 0.8669 (0.8669)  loss_giou_aux_1: 1.1771 (1.1771)  loss_fgl_aux_1: 0.8910 (0.8910)  loss_ddf_aux_1: 0.0132 (0.0132)  loss_mal_aux_2: 1.9902 (1.9902)  loss_bbox_aux_2: 0.8647 (0.8647)  loss_giou_aux_2: 1.1489 (1.1489)  loss_fgl_aux_2: 0.8947 (0.8947)  loss_ddf_aux_2: 0.0014 (0.0014)  loss_mal_pre: 1.5469 (1.5469)  loss_bbox_pre: 0.9896 (0.9896)  loss_giou_pre: 1.3285 (1.3285)  loss_mal_enc_0: 1.3643 (1.3643)  loss_bbox_enc_0: 1.0680 (1.0680)  loss_giou_enc_0: 1.4822 (1.4822)  loss_mal_dn_0: 1.4824 (1.4824)  loss_bbox_dn_0: 1.0090 (1.0090)  loss_giou_dn_0: 1.2136 (1.2136)  loss_fgl_dn_0: 1.0173 (1.0173)  loss_ddf_dn_0: 0.1946 (0.1946)  loss_mal_dn_1: 1.7627 (1.7627)  loss_bbox_dn_1: 0.8011 (0.8011)  loss_giou_dn_1: 1.0512 (1.0512)  loss_fgl_dn_1: 0.9893 (0.9893)  loss_ddf_dn_1: 0.0277 (0.0277)  loss_mal_dn_2: 1.9258 (1.9258)  loss_bbox_dn_2: 0.7812 (0.7812)  loss_giou_dn_2: 0.9696 (0.9696)  loss_fgl_dn_2: 1.0196 (1.0196)  loss_ddf_dn_2: 0.0029 (0.0029)  loss_mal_dn_3: 1.8438 (1.8438)  loss_bbox_dn_3: 0.7724 (0.7724)  loss_giou_dn_3: 0.9680 (0.9680)  loss_fgl_dn_3: 1.0164 (1.0164)  loss_mal_dn_pre: 1.5215 (1.5215)  loss_bbox_dn_pre: 0.9778 (0.9778)  loss_giou_dn_pre: 1.1867 (1.1867)  time: 1.1534  data: 0.9980  max mem: 3583
Epoch: [39]  [7/8]  eta: 0:00:00  lr: 0.000001  loss: 49.6321 (49.5360)  loss_mal: 1.8408 (1.8594)  loss_bbox: 0.7893 (0.8626)  loss_giou: 1.1244 (1.1572)  loss_fgl: 0.8495 (0.8876)  loss_mal_aux_0: 1.2715 (1.4698)  loss_bbox_aux_0: 0.8813 (0.9678)  loss_giou_aux_0: 1.2700 (1.3324)  loss_fgl_aux_0: 0.7711 (0.8428)  loss_ddf_aux_0: 0.1108 (0.1361)  loss_mal_aux_1: 1.7305 (1.8027)  loss_bbox_aux_1: 0.8004 (0.8890)  loss_giou_aux_1: 1.1698 (1.1941)  loss_fgl_aux_1: 0.8427 (0.8800)  loss_ddf_aux_1: 0.0209 (0.0231)  loss_mal_aux_2: 1.9189 (1.8925)  loss_bbox_aux_2: 0.7821 (0.8680)  loss_giou_aux_2: 1.1223 (1.1616)  loss_fgl_aux_2: 0.8526 (0.8858)  loss_ddf_aux_2: 0.0014 (0.0014)  loss_mal_pre: 1.2520 (1.3957)  loss_bbox_pre: 0.8893 (0.9984)  loss_giou_pre: 1.3285 (1.3660)  loss_mal_enc_0: 1.1201 (1.3436)  loss_bbox_enc_0: 0.9254 (1.1075)  loss_giou_enc_0: 1.4822 (1.4800)  loss_mal_dn_0: 1.5527 (1.6058)  loss_bbox_dn_0: 0.7754 (0.9457)  loss_giou_dn_0: 1.1249 (1.1328)  loss_fgl_dn_0: 1.0173 (1.0536)  loss_ddf_dn_0: 0.1736 (0.2005)  loss_mal_dn_1: 1.8086 (1.9038)  loss_bbox_dn_1: 0.6074 (0.7595)  loss_giou_dn_1: 0.9979 (0.9739)  loss_fgl_dn_1: 1.0233 (1.0359)  loss_ddf_dn_1: 0.0330 (0.0384)  loss_mal_dn_2: 1.9258 (2.0580)  loss_bbox_dn_2: 0.6174 (0.7285)  loss_giou_dn_2: 0.9507 (0.9031)  loss_fgl_dn_2: 1.0322 (1.0554)  loss_ddf_dn_2: 0.0034 (0.0037)  loss_mal_dn_3: 1.8438 (1.9915)  loss_bbox_dn_3: 0.6232 (0.7151)  loss_giou_dn_3: 0.9477 (0.8958)  loss_fgl_dn_3: 1.0360 (1.0565)  loss_mal_dn_pre: 1.5586 (1.6143)  loss_bbox_dn_pre: 0.7659 (0.9339)  loss_giou_dn_pre: 1.1232 (1.1252)  time: 0.2666  data: 0.1326  max mem: 3583
Epoch: [39] Total time: 0:00:02 (0.2767 s / it)
Averaged stats: lr: 0.000001  loss: 49.6321 (49.5360)  loss_mal: 1.8408 (1.8594)  loss_bbox: 0.7893 (0.8626)  loss_giou: 1.1244 (1.1572)  loss_fgl: 0.8495 (0.8876)  loss_mal_aux_0: 1.2715 (1.4698)  loss_bbox_aux_0: 0.8813 (0.9678)  loss_giou_aux_0: 1.2700 (1.3324)  loss_fgl_aux_0: 0.7711 (0.8428)  loss_ddf_aux_0: 0.1108 (0.1361)  loss_mal_aux_1: 1.7305 (1.8027)  loss_bbox_aux_1: 0.8004 (0.8890)  loss_giou_aux_1: 1.1698 (1.1941)  loss_fgl_aux_1: 0.8427 (0.8800)  loss_ddf_aux_1: 0.0209 (0.0231)  loss_mal_aux_2: 1.9189 (1.8925)  loss_bbox_aux_2: 0.7821 (0.8680)  loss_giou_aux_2: 1.1223 (1.1616)  loss_fgl_aux_2: 0.8526 (0.8858)  loss_ddf_aux_2: 0.0014 (0.0014)  loss_mal_pre: 1.2520 (1.3957)  loss_bbox_pre: 0.8893 (0.9984)  loss_giou_pre: 1.3285 (1.3660)  loss_mal_enc_0: 1.1201 (1.3436)  loss_bbox_enc_0: 0.9254 (1.1075)  loss_giou_enc_0: 1.4822 (1.4800)  loss_mal_dn_0: 1.5527 (1.6058)  loss_bbox_dn_0: 0.7754 (0.9457)  loss_giou_dn_0: 1.1249 (1.1328)  loss_fgl_dn_0: 1.0173 (1.0536)  loss_ddf_dn_0: 0.1736 (0.2005)  loss_mal_dn_1: 1.8086 (1.9038)  loss_bbox_dn_1: 0.6074 (0.7595)  loss_giou_dn_1: 0.9979 (0.9739)  loss_fgl_dn_1: 1.0233 (1.0359)  loss_ddf_dn_1: 0.0330 (0.0384)  loss_mal_dn_2: 1.9258 (2.0580)  loss_bbox_dn_2: 0.6174 (0.7285)  loss_giou_dn_2: 0.9507 (0.9031)  loss_fgl_dn_2: 1.0322 (1.0554)  loss_ddf_dn_2: 0.0034 (0.0037)  loss_mal_dn_3: 1.8438 (1.9915)  loss_bbox_dn_3: 0.6232 (0.7151)  loss_giou_dn_3: 0.9477 (0.8958)  loss_fgl_dn_3: 1.0360 (1.0565)  loss_mal_dn_pre: 1.5586 (1.6143)  loss_bbox_dn_pre: 0.7659 (0.9339)  loss_giou_dn_pre: 1.1232 (1.1252)
Test:  [0/4]  eta: 0:00:01    time: 0.3833  data: 0.3454  max mem: 3583
Test:  [3/4]  eta: 0:00:00    time: 0.1197  data: 0.0886  max mem: 3583
Test: Total time: 0:00:00 (0.1381 s / it)
Averaged stats: 
Accumulating evaluation results...
COCOeval_opt.accumulate() finished...
DONE (t=0.00s).
IoU metric: bbox
 Average Precision  (AP) @[ IoU=0.50:0.95 | area=   all | maxDets=100 ] = 0.000
 Average Precision  (AP) @[ IoU=0.50      | area=   all | maxDets=100 ] = 0.000
 Average Precision  (AP) @[ IoU=0.75      | area=   all | maxDets=100 ] = 0.000
 Average Precision  (AP) @[ IoU=0.50:0.95 | area= small | maxDets=100 ] = -1.000
 Average Precision  (AP) @[ IoU=0.50:0.95 | area=medium | maxDets=100 ] = -1.000
 Average Precision  (AP) @[ IoU=0.50:0.95 | area= large | maxDets=100 ] = 0.003
 Average Recall     (AR) @[ IoU=0.50:0.95 | area=   all | maxDets=  1 ] = 0.000
 Average Recall     (AR) @[ IoU=0.50:0.95 | area=   all | maxDets= 10 ] = 0.000
 Average Recall     (AR) @[ IoU=0.50:0.95 | area=   all | maxDets=100 ] = 0.030
 Average Recall     (AR) @[ IoU=0.50:0.95 | area= small | maxDets=100 ] = -1.000
 Average Recall     (AR) @[ IoU=0.50:0.95 | area=medium | maxDets=100 ] = -1.000
 Average Recall     (AR) @[ IoU=0.50:0.95 | area= large | maxDets=100 ] = 0.030
 Average Recall     (AR) @[ IoU=0.50      | area=   all | maxDets=100 ] = 0.033
 Average Recall     (AR) @[ IoU=0.75      | area=   all | maxDets=100 ] = 0.033
best_stat: {'epoch': 39, 'coco_eval_bbox': 9.050766572502126e-05}
Epoch: [40]  [0/8]  eta: 0:00:05  lr: 0.000001  loss: 48.2475 (48.2475)  loss_mal: 1.4424 (1.4424)  loss_bbox: 0.9450 (0.9450)  loss_giou: 1.4270 (1.4270)  loss_fgl: 0.8031 (0.8031)  loss_mal_aux_0: 1.1553 (1.1553)  loss_bbox_aux_0: 1.0704 (1.0704)  loss_giou_aux_0: 1.5938 (1.5938)  loss_fgl_aux_0: 0.6771 (0.6771)  loss_ddf_aux_0: 0.0865 (0.0865)  loss_mal_aux_1: 1.4229 (1.4229)  loss_bbox_aux_1: 0.9884 (0.9884)  loss_giou_aux_1: 1.4627 (1.4627)  loss_fgl_aux_1: 0.7474 (0.7474)  loss_ddf_aux_1: 0.0148 (0.0148)  loss_mal_aux_2: 1.4834 (1.4834)  loss_bbox_aux_2: 0.9353 (0.9353)  loss_giou_aux_2: 1.4292 (1.4292)  loss_fgl_aux_2: 0.7969 (0.7969)  loss_ddf_aux_2: 0.0012 (0.0012)  loss_mal_pre: 1.1504 (1.1504)  loss_bbox_pre: 1.0384 (1.0384)  loss_giou_pre: 1.5915 (1.5915)  loss_mal_enc_0: 1.1133 (1.1133)  loss_bbox_enc_0: 1.1415 (1.1415)  loss_giou_enc_0: 1.6580 (1.6580)  loss_mal_dn_0: 1.4531 (1.4531)  loss_bbox_dn_0: 0.9006 (0.9006)  loss_giou_dn_0: 1.1917 (1.1917)  loss_fgl_dn_0: 0.9946 (0.9946)  loss_ddf_dn_0: 0.2281 (0.2281)  loss_mal_dn_1: 1.7754 (1.7754)  loss_bbox_dn_1: 0.7496 (0.7496)  loss_giou_dn_1: 1.0568 (1.0568)  loss_fgl_dn_1: 1.0036 (1.0036)  loss_ddf_dn_1: 0.0374 (0.0374)  loss_mal_dn_2: 1.8643 (1.8643)  loss_bbox_dn_2: 0.7195 (0.7195)  loss_giou_dn_2: 1.0105 (1.0105)  loss_fgl_dn_2: 1.0197 (1.0197)  loss_ddf_dn_2: 0.0036 (0.0036)  loss_mal_dn_3: 1.7930 (1.7930)  loss_bbox_dn_3: 0.7080 (0.7080)  loss_giou_dn_3: 1.0023 (1.0023)  loss_fgl_dn_3: 1.0214 (1.0214)  loss_mal_dn_pre: 1.4873 (1.4873)  loss_bbox_dn_pre: 0.8759 (0.8759)  loss_giou_dn_pre: 1.1754 (1.1754)  time: 0.6982  data: 0.4626  max mem: 3583
Epoch: [40]  [7/8]  eta: 0:00:00  lr: 0.000001  loss: 48.7508 (49.9635)  loss_mal: 1.4521 (1.7341)  loss_bbox: 0.9072 (0.9344)  loss_giou: 1.3493 (1.2323)  loss_fgl: 0.7773 (0.8297)  loss_mal_aux_0: 1.1875 (1.4551)  loss_bbox_aux_0: 0.9424 (1.0533)  loss_giou_aux_0: 1.5278 (1.4037)  loss_fgl_aux_0: 0.6771 (0.7511)  loss_ddf_aux_0: 0.1142 (0.1255)  loss_mal_aux_1: 1.4326 (1.6958)  loss_bbox_aux_1: 0.9324 (0.9671)  loss_giou_aux_1: 1.4063 (1.2748)  loss_fgl_aux_1: 0.7474 (0.8128)  loss_ddf_aux_1: 0.0199 (0.0262)  loss_mal_aux_2: 1.5098 (1.7905)  loss_bbox_aux_2: 0.9061 (0.9373)  loss_giou_aux_2: 1.3649 (1.2332)  loss_fgl_aux_2: 0.7720 (0.8299)  loss_ddf_aux_2: 0.0015 (0.0018)  loss_mal_pre: 1.1709 (1.4465)  loss_bbox_pre: 0.9561 (1.0716)  loss_giou_pre: 1.5390 (1.4189)  loss_mal_enc_0: 1.1133 (1.3411)  loss_bbox_enc_0: 1.0285 (1.1660)  loss_giou_enc_0: 1.6184 (1.5490)  loss_mal_dn_0: 1.5186 (1.7063)  loss_bbox_dn_0: 0.9006 (0.9024)  loss_giou_dn_0: 1.1475 (1.0896)  loss_fgl_dn_0: 0.9946 (1.0550)  loss_ddf_dn_0: 0.2191 (0.2199)  loss_mal_dn_1: 1.8730 (2.0602)  loss_bbox_dn_1: 0.7496 (0.7214)  loss_giou_dn_1: 0.9935 (0.9225)  loss_fgl_dn_1: 1.0036 (1.0226)  loss_ddf_dn_1: 0.0374 (0.0408)  loss_mal_dn_2: 1.9424 (2.1729)  loss_bbox_dn_2: 0.7195 (0.6900)  loss_giou_dn_2: 0.9285 (0.8646)  loss_fgl_dn_2: 1.0197 (1.0315)  loss_ddf_dn_2: 0.0035 (0.0038)  loss_mal_dn_3: 1.8779 (2.1124)  loss_bbox_dn_3: 0.7080 (0.6805)  loss_giou_dn_3: 0.9158 (0.8553)  loss_fgl_dn_3: 1.0214 (1.0350)  loss_mal_dn_pre: 1.5352 (1.7174)  loss_bbox_dn_pre: 0.8759 (0.8979)  loss_giou_dn_pre: 1.1425 (1.0802)  time: 0.2284  data: 0.0629  max mem: 3583
Epoch: [40] Total time: 0:00:01 (0.2358 s / it)
Averaged stats: lr: 0.000001  loss: 48.7508 (49.9635)  loss_mal: 1.4521 (1.7341)  loss_bbox: 0.9072 (0.9344)  loss_giou: 1.3493 (1.2323)  loss_fgl: 0.7773 (0.8297)  loss_mal_aux_0: 1.1875 (1.4551)  loss_bbox_aux_0: 0.9424 (1.0533)  loss_giou_aux_0: 1.5278 (1.4037)  loss_fgl_aux_0: 0.6771 (0.7511)  loss_ddf_aux_0: 0.1142 (0.1255)  loss_mal_aux_1: 1.4326 (1.6958)  loss_bbox_aux_1: 0.9324 (0.9671)  loss_giou_aux_1: 1.4063 (1.2748)  loss_fgl_aux_1: 0.7474 (0.8128)  loss_ddf_aux_1: 0.0199 (0.0262)  loss_mal_aux_2: 1.5098 (1.7905)  loss_bbox_aux_2: 0.9061 (0.9373)  loss_giou_aux_2: 1.3649 (1.2332)  loss_fgl_aux_2: 0.7720 (0.8299)  loss_ddf_aux_2: 0.0015 (0.0018)  loss_mal_pre: 1.1709 (1.4465)  loss_bbox_pre: 0.9561 (1.0716)  loss_giou_pre: 1.5390 (1.4189)  loss_mal_enc_0: 1.1133 (1.3411)  loss_bbox_enc_0: 1.0285 (1.1660)  loss_giou_enc_0: 1.6184 (1.5490)  loss_mal_dn_0: 1.5186 (1.7063)  loss_bbox_dn_0: 0.9006 (0.9024)  loss_giou_dn_0: 1.1475 (1.0896)  loss_fgl_dn_0: 0.9946 (1.0550)  loss_ddf_dn_0: 0.2191 (0.2199)  loss_mal_dn_1: 1.8730 (2.0602)  loss_bbox_dn_1: 0.7496 (0.7214)  loss_giou_dn_1: 0.9935 (0.9225)  loss_fgl_dn_1: 1.0036 (1.0226)  loss_ddf_dn_1: 0.0374 (0.0408)  loss_mal_dn_2: 1.9424 (2.1729)  loss_bbox_dn_2: 0.7195 (0.6900)  loss_giou_dn_2: 0.9285 (0.8646)  loss_fgl_dn_2: 1.0197 (1.0315)  loss_ddf_dn_2: 0.0035 (0.0038)  loss_mal_dn_3: 1.8779 (2.1124)  loss_bbox_dn_3: 0.7080 (0.6805)  loss_giou_dn_3: 0.9158 (0.8553)  loss_fgl_dn_3: 1.0214 (1.0350)  loss_mal_dn_pre: 1.5352 (1.7174)  loss_bbox_dn_pre: 0.8759 (0.8979)  loss_giou_dn_pre: 1.1425 (1.0802)
Test:  [0/4]  eta: 0:00:01    time: 0.3814  data: 0.3448  max mem: 3583
Test:  [3/4]  eta: 0:00:00    time: 0.1190  data: 0.0882  max mem: 3583
Test: Total time: 0:00:00 (0.1429 s / it)
Averaged stats: 
Accumulating evaluation results...
COCOeval_opt.accumulate() finished...
DONE (t=0.00s).
IoU metric: bbox
 Average Precision  (AP) @[ IoU=0.50:0.95 | area=   all | maxDets=100 ] = 0.000
 Average Precision  (AP) @[ IoU=0.50      | area=   all | maxDets=100 ] = 0.000
 Average Precision  (AP) @[ IoU=0.75      | area=   all | maxDets=100 ] = 0.000
 Average Precision  (AP) @[ IoU=0.50:0.95 | area= small | maxDets=100 ] = -1.000
 Average Precision  (AP) @[ IoU=0.50:0.95 | area=medium | maxDets=100 ] = -1.000
 Average Precision  (AP) @[ IoU=0.50:0.95 | area= large | maxDets=100 ] = 0.000
 Average Recall     (AR) @[ IoU=0.50:0.95 | area=   all | maxDets=  1 ] = 0.000
 Average Recall     (AR) @[ IoU=0.50:0.95 | area=   all | maxDets= 10 ] = 0.000
 Average Recall     (AR) @[ IoU=0.50:0.95 | area=   all | maxDets=100 ] = 0.000
 Average Recall     (AR) @[ IoU=0.50:0.95 | area= small | maxDets=100 ] = -1.000
 Average Recall     (AR) @[ IoU=0.50:0.95 | area=medium | maxDets=100 ] = -1.000
 Average Recall     (AR) @[ IoU=0.50:0.95 | area= large | maxDets=100 ] = 0.000
 Average Recall     (AR) @[ IoU=0.50      | area=   all | maxDets=100 ] = 0.000
 Average Recall     (AR) @[ IoU=0.75      | area=   all | maxDets=100 ] = 0.000
best_stat: {'epoch': 39, 'coco_eval_bbox': 9.050766572502126e-05}
Epoch: [41]  [0/8]  eta: 0:00:07  lr: 0.000001  loss: 50.2166 (50.2166)  loss_mal: 2.5332 (2.5332)  loss_bbox: 0.4650 (0.4650)  loss_giou: 0.7111 (0.7111)  loss_fgl: 1.1502 (1.1502)  loss_mal_aux_0: 2.3965 (2.3965)  loss_bbox_aux_0: 0.5200 (0.5200)  loss_giou_aux_0: 0.8495 (0.8495)  loss_fgl_aux_0: 1.1185 (1.1185)  loss_ddf_aux_0: 0.1983 (0.1983)  loss_mal_aux_1: 2.5762 (2.5762)  loss_bbox_aux_1: 0.4692 (0.4692)  loss_giou_aux_1: 0.7345 (0.7345)  loss_fgl_aux_1: 1.1518 (1.1518)  loss_ddf_aux_1: 0.0320 (0.0320)  loss_mal_aux_2: 2.6113 (2.6113)  loss_bbox_aux_2: 0.4658 (0.4658)  loss_giou_aux_2: 0.7138 (0.7138)  loss_fgl_aux_2: 1.1470 (1.1470)  loss_ddf_aux_2: 0.0017 (0.0017)  loss_mal_pre: 2.3770 (2.3770)  loss_bbox_pre: 0.5148 (0.5148)  loss_giou_pre: 0.8710 (0.8710)  loss_mal_enc_0: 2.0488 (2.0488)  loss_bbox_enc_0: 0.6442 (0.6442)  loss_giou_enc_0: 1.0667 (1.0667)  loss_mal_dn_0: 1.7266 (1.7266)  loss_bbox_dn_0: 0.7815 (0.7815)  loss_giou_dn_0: 1.0806 (1.0806)  loss_fgl_dn_0: 1.1478 (1.1478)  loss_ddf_dn_0: 0.3377 (0.3377)  loss_mal_dn_1: 2.0957 (2.0957)  loss_bbox_dn_1: 0.6265 (0.6265)  loss_giou_dn_1: 0.8904 (0.8904)  loss_fgl_dn_1: 1.1021 (1.1021)  loss_ddf_dn_1: 0.0609 (0.0609)  loss_mal_dn_2: 2.2852 (2.2852)  loss_bbox_dn_2: 0.5578 (0.5578)  loss_giou_dn_2: 0.8017 (0.8017)  loss_fgl_dn_2: 1.1050 (1.1050)  loss_ddf_dn_2: 0.0062 (0.0062)  loss_mal_dn_3: 2.2285 (2.2285)  loss_bbox_dn_3: 0.5402 (0.5402)  loss_giou_dn_3: 0.7831 (0.7831)  loss_fgl_dn_3: 1.1121 (1.1121)  loss_mal_dn_pre: 1.7344 (1.7344)  loss_bbox_dn_pre: 0.7735 (0.7735)  loss_giou_dn_pre: 1.0710 (1.0710)  time: 0.9883  data: 0.8165  max mem: 3583
Epoch: [41]  [7/8]  eta: 0:00:00  lr: 0.000001  loss: 50.6312 (50.9255)  loss_mal: 1.9463 (2.1052)  loss_bbox: 0.7556 (0.8904)  loss_giou: 1.0036 (1.0295)  loss_fgl: 0.8654 (0.8952)  loss_mal_aux_0: 1.4170 (1.6758)  loss_bbox_aux_0: 0.8704 (1.0150)  loss_giou_aux_0: 1.2105 (1.2465)  loss_fgl_aux_0: 0.7674 (0.8428)  loss_ddf_aux_0: 0.1053 (0.1277)  loss_mal_aux_1: 1.8721 (2.0251)  loss_bbox_aux_1: 0.7990 (0.9247)  loss_giou_aux_1: 1.0452 (1.0863)  loss_fgl_aux_1: 0.8336 (0.8851)  loss_ddf_aux_1: 0.0221 (0.0251)  loss_mal_aux_2: 2.0527 (2.1715)  loss_bbox_aux_2: 0.7679 (0.8931)  loss_giou_aux_2: 1.0086 (1.0353)  loss_fgl_aux_2: 0.8627 (0.8922)  loss_ddf_aux_2: 0.0017 (0.0019)  loss_mal_pre: 1.3662 (1.6185)  loss_bbox_pre: 0.9586 (1.0585)  loss_giou_pre: 1.2844 (1.2772)  loss_mal_enc_0: 1.3467 (1.4647)  loss_bbox_enc_0: 0.9720 (1.1443)  loss_giou_enc_0: 1.3865 (1.4173)  loss_mal_dn_0: 1.7168 (1.7236)  loss_bbox_dn_0: 0.9237 (0.9192)  loss_giou_dn_0: 1.0749 (1.0734)  loss_fgl_dn_0: 1.1031 (1.0949)  loss_ddf_dn_0: 0.2183 (0.2352)  loss_mal_dn_1: 2.0957 (2.1194)  loss_bbox_dn_1: 0.7142 (0.7379)  loss_giou_dn_1: 0.8875 (0.8762)  loss_fgl_dn_1: 1.0659 (1.0520)  loss_ddf_dn_1: 0.0405 (0.0457)  loss_mal_dn_2: 2.2852 (2.2930)  loss_bbox_dn_2: 0.6813 (0.6888)  loss_giou_dn_2: 0.8017 (0.7989)  loss_fgl_dn_2: 1.0653 (1.0549)  loss_ddf_dn_2: 0.0036 (0.0042)  loss_mal_dn_3: 2.2285 (2.2208)  loss_bbox_dn_3: 0.6745 (0.6774)  loss_giou_dn_3: 0.7831 (0.7868)  loss_fgl_dn_3: 1.0725 (1.0601)  loss_mal_dn_pre: 1.7344 (1.7393)  loss_bbox_dn_pre: 0.9230 (0.9122)  loss_giou_dn_pre: 1.0665 (1.0625)  time: 0.2468  data: 0.1053  max mem: 3583
Epoch: [41] Total time: 0:00:02 (0.2561 s / it)
Averaged stats: lr: 0.000001  loss: 50.6312 (50.9255)  loss_mal: 1.9463 (2.1052)  loss_bbox: 0.7556 (0.8904)  loss_giou: 1.0036 (1.0295)  loss_fgl: 0.8654 (0.8952)  loss_mal_aux_0: 1.4170 (1.6758)  loss_bbox_aux_0: 0.8704 (1.0150)  loss_giou_aux_0: 1.2105 (1.2465)  loss_fgl_aux_0: 0.7674 (0.8428)  loss_ddf_aux_0: 0.1053 (0.1277)  loss_mal_aux_1: 1.8721 (2.0251)  loss_bbox_aux_1: 0.7990 (0.9247)  loss_giou_aux_1: 1.0452 (1.0863)  loss_fgl_aux_1: 0.8336 (0.8851)  loss_ddf_aux_1: 0.0221 (0.0251)  loss_mal_aux_2: 2.0527 (2.1715)  loss_bbox_aux_2: 0.7679 (0.8931)  loss_giou_aux_2: 1.0086 (1.0353)  loss_fgl_aux_2: 0.8627 (0.8922)  loss_ddf_aux_2: 0.0017 (0.0019)  loss_mal_pre: 1.3662 (1.6185)  loss_bbox_pre: 0.9586 (1.0585)  loss_giou_pre: 1.2844 (1.2772)  loss_mal_enc_0: 1.3467 (1.4647)  loss_bbox_enc_0: 0.9720 (1.1443)  loss_giou_enc_0: 1.3865 (1.4173)  loss_mal_dn_0: 1.7168 (1.7236)  loss_bbox_dn_0: 0.9237 (0.9192)  loss_giou_dn_0: 1.0749 (1.0734)  loss_fgl_dn_0: 1.1031 (1.0949)  loss_ddf_dn_0: 0.2183 (0.2352)  loss_mal_dn_1: 2.0957 (2.1194)  loss_bbox_dn_1: 0.7142 (0.7379)  loss_giou_dn_1: 0.8875 (0.8762)  loss_fgl_dn_1: 1.0659 (1.0520)  loss_ddf_dn_1: 0.0405 (0.0457)  loss_mal_dn_2: 2.2852 (2.2930)  loss_bbox_dn_2: 0.6813 (0.6888)  loss_giou_dn_2: 0.8017 (0.7989)  loss_fgl_dn_2: 1.0653 (1.0549)  loss_ddf_dn_2: 0.0036 (0.0042)  loss_mal_dn_3: 2.2285 (2.2208)  loss_bbox_dn_3: 0.6745 (0.6774)  loss_giou_dn_3: 0.7831 (0.7868)  loss_fgl_dn_3: 1.0725 (1.0601)  loss_mal_dn_pre: 1.7344 (1.7393)  loss_bbox_dn_pre: 0.9230 (0.9122)  loss_giou_dn_pre: 1.0665 (1.0625)
Test:  [0/4]  eta: 0:00:01    time: 0.3986  data: 0.3571  max mem: 3583
Test:  [3/4]  eta: 0:00:00    time: 0.1326  data: 0.0915  max mem: 3583
Test: Total time: 0:00:00 (0.1543 s / it)
Averaged stats: 
Accumulating evaluation results...
COCOeval_opt.accumulate() finished...
DONE (t=0.00s).
IoU metric: bbox
 Average Precision  (AP) @[ IoU=0.50:0.95 | area=   all | maxDets=100 ] = 0.000
 Average Precision  (AP) @[ IoU=0.50      | area=   all | maxDets=100 ] = 0.000
 Average Precision  (AP) @[ IoU=0.75      | area=   all | maxDets=100 ] = 0.000
 Average Precision  (AP) @[ IoU=0.50:0.95 | area= small | maxDets=100 ] = -1.000
 Average Precision  (AP) @[ IoU=0.50:0.95 | area=medium | maxDets=100 ] = -1.000
 Average Precision  (AP) @[ IoU=0.50:0.95 | area= large | maxDets=100 ] = 0.001
 Average Recall     (AR) @[ IoU=0.50:0.95 | area=   all | maxDets=  1 ] = 0.000
 Average Recall     (AR) @[ IoU=0.50:0.95 | area=   all | maxDets= 10 ] = 0.000
 Average Recall     (AR) @[ IoU=0.50:0.95 | area=   all | maxDets=100 ] = 0.030
 Average Recall     (AR) @[ IoU=0.50:0.95 | area= small | maxDets=100 ] = -1.000
 Average Recall     (AR) @[ IoU=0.50:0.95 | area=medium | maxDets=100 ] = -1.000
 Average Recall     (AR) @[ IoU=0.50:0.95 | area= large | maxDets=100 ] = 0.030
 Average Recall     (AR) @[ IoU=0.50      | area=   all | maxDets=100 ] = 0.033
 Average Recall     (AR) @[ IoU=0.75      | area=   all | maxDets=100 ] = 0.033
best_stat: {'epoch': 39, 'coco_eval_bbox': 9.050766572502126e-05}
Epoch: [42]  [0/8]  eta: 0:00:09  lr: 0.000001  loss: 46.2105 (46.2105)  loss_mal: 2.3711 (2.3711)  loss_bbox: 0.3653 (0.3653)  loss_giou: 0.9082 (0.9082)  loss_fgl: 0.9753 (0.9753)  loss_mal_aux_0: 1.8750 (1.8750)  loss_bbox_aux_0: 0.4688 (0.4688)  loss_giou_aux_0: 1.1942 (1.1942)  loss_fgl_aux_0: 0.8734 (0.8734)  loss_ddf_aux_0: 0.1407 (0.1407)  loss_mal_aux_1: 2.2617 (2.2617)  loss_bbox_aux_1: 0.4016 (0.4016)  loss_giou_aux_1: 1.0161 (1.0161)  loss_fgl_aux_1: 0.9546 (0.9546)  loss_ddf_aux_1: 0.0363 (0.0363)  loss_mal_aux_2: 2.4004 (2.4004)  loss_bbox_aux_2: 0.3659 (0.3659)  loss_giou_aux_2: 0.9120 (0.9120)  loss_fgl_aux_2: 0.9717 (0.9717)  loss_ddf_aux_2: 0.0023 (0.0023)  loss_mal_pre: 1.8076 (1.8076)  loss_bbox_pre: 0.4657 (0.4657)  loss_giou_pre: 1.2292 (1.2292)  loss_mal_enc_0: 1.2676 (1.2676)  loss_bbox_enc_0: 0.5287 (0.5287)  loss_giou_enc_0: 1.4365 (1.4365)  loss_mal_dn_0: 1.5498 (1.5498)  loss_bbox_dn_0: 0.6962 (0.6962)  loss_giou_dn_0: 1.1953 (1.1953)  loss_fgl_dn_0: 0.8883 (0.8883)  loss_ddf_dn_0: 0.1770 (0.1770)  loss_mal_dn_1: 1.9121 (1.9121)  loss_bbox_dn_1: 0.5066 (0.5066)  loss_giou_dn_1: 1.0072 (1.0072)  loss_fgl_dn_1: 0.9007 (0.9007)  loss_ddf_dn_1: 0.0403 (0.0403)  loss_mal_dn_2: 2.0918 (2.0918)  loss_bbox_dn_2: 0.4534 (0.4534)  loss_giou_dn_2: 0.8718 (0.8718)  loss_fgl_dn_2: 0.9362 (0.9362)  loss_ddf_dn_2: 0.0036 (0.0036)  loss_mal_dn_3: 2.0508 (2.0508)  loss_bbox_dn_3: 0.4525 (0.4525)  loss_giou_dn_3: 0.8582 (0.8582)  loss_fgl_dn_3: 0.9451 (0.9451)  loss_mal_dn_pre: 1.5439 (1.5439)  loss_bbox_dn_pre: 0.7098 (0.7098)  loss_giou_dn_pre: 1.1900 (1.1900)  time: 1.2044  data: 1.0421  max mem: 3583
Epoch: [42]  [7/8]  eta: 0:00:00  lr: 0.000001  loss: 49.6143 (49.7749)  loss_mal: 2.1621 (2.1923)  loss_bbox: 0.6054 (0.6881)  loss_giou: 0.9082 (0.9524)  loss_fgl: 0.9753 (0.9710)  loss_mal_aux_0: 1.7119 (1.7368)  loss_bbox_aux_0: 0.7563 (0.8494)  loss_giou_aux_0: 1.1942 (1.1999)  loss_fgl_aux_0: 0.9199 (0.9111)  loss_ddf_aux_0: 0.1452 (0.1566)  loss_mal_aux_1: 2.1367 (2.0779)  loss_bbox_aux_1: 0.6468 (0.7323)  loss_giou_aux_1: 1.0161 (1.0196)  loss_fgl_aux_1: 0.9546 (0.9638)  loss_ddf_aux_1: 0.0333 (0.0355)  loss_mal_aux_2: 2.2520 (2.2606)  loss_bbox_aux_2: 0.6051 (0.6910)  loss_giou_aux_2: 0.9120 (0.9580)  loss_fgl_aux_2: 0.9717 (0.9694)  loss_ddf_aux_2: 0.0021 (0.0024)  loss_mal_pre: 1.6494 (1.7059)  loss_bbox_pre: 0.7637 (0.8641)  loss_giou_pre: 1.2181 (1.2171)  loss_mal_enc_0: 1.4551 (1.4997)  loss_bbox_enc_0: 0.8950 (0.9890)  loss_giou_enc_0: 1.3360 (1.3889)  loss_mal_dn_0: 1.7598 (1.7802)  loss_bbox_dn_0: 0.7605 (0.8319)  loss_giou_dn_0: 1.0285 (1.0515)  loss_fgl_dn_0: 1.0288 (1.0498)  loss_ddf_dn_0: 0.2231 (0.2388)  loss_mal_dn_1: 2.2168 (2.1733)  loss_bbox_dn_1: 0.6227 (0.6436)  loss_giou_dn_1: 0.8425 (0.8618)  loss_fgl_dn_1: 1.0311 (1.0196)  loss_ddf_dn_1: 0.0435 (0.0487)  loss_mal_dn_2: 2.3086 (2.3235)  loss_bbox_dn_2: 0.5675 (0.5953)  loss_giou_dn_2: 0.7411 (0.7854)  loss_fgl_dn_2: 1.0283 (1.0299)  loss_ddf_dn_2: 0.0042 (0.0047)  loss_mal_dn_3: 2.2246 (2.2542)  loss_bbox_dn_3: 0.5581 (0.5792)  loss_giou_dn_3: 0.7178 (0.7688)  loss_fgl_dn_3: 1.0396 (1.0374)  loss_mal_dn_pre: 1.7686 (1.7893)  loss_bbox_dn_pre: 0.7488 (0.8312)  loss_giou_dn_pre: 1.0263 (1.0442)  time: 0.2950  data: 0.1314  max mem: 3583
Epoch: [42] Total time: 0:00:02 (0.3033 s / it)
Averaged stats: lr: 0.000001  loss: 49.6143 (49.7749)  loss_mal: 2.1621 (2.1923)  loss_bbox: 0.6054 (0.6881)  loss_giou: 0.9082 (0.9524)  loss_fgl: 0.9753 (0.9710)  loss_mal_aux_0: 1.7119 (1.7368)  loss_bbox_aux_0: 0.7563 (0.8494)  loss_giou_aux_0: 1.1942 (1.1999)  loss_fgl_aux_0: 0.9199 (0.9111)  loss_ddf_aux_0: 0.1452 (0.1566)  loss_mal_aux_1: 2.1367 (2.0779)  loss_bbox_aux_1: 0.6468 (0.7323)  loss_giou_aux_1: 1.0161 (1.0196)  loss_fgl_aux_1: 0.9546 (0.9638)  loss_ddf_aux_1: 0.0333 (0.0355)  loss_mal_aux_2: 2.2520 (2.2606)  loss_bbox_aux_2: 0.6051 (0.6910)  loss_giou_aux_2: 0.9120 (0.9580)  loss_fgl_aux_2: 0.9717 (0.9694)  loss_ddf_aux_2: 0.0021 (0.0024)  loss_mal_pre: 1.6494 (1.7059)  loss_bbox_pre: 0.7637 (0.8641)  loss_giou_pre: 1.2181 (1.2171)  loss_mal_enc_0: 1.4551 (1.4997)  loss_bbox_enc_0: 0.8950 (0.9890)  loss_giou_enc_0: 1.3360 (1.3889)  loss_mal_dn_0: 1.7598 (1.7802)  loss_bbox_dn_0: 0.7605 (0.8319)  loss_giou_dn_0: 1.0285 (1.0515)  loss_fgl_dn_0: 1.0288 (1.0498)  loss_ddf_dn_0: 0.2231 (0.2388)  loss_mal_dn_1: 2.2168 (2.1733)  loss_bbox_dn_1: 0.6227 (0.6436)  loss_giou_dn_1: 0.8425 (0.8618)  loss_fgl_dn_1: 1.0311 (1.0196)  loss_ddf_dn_1: 0.0435 (0.0487)  loss_mal_dn_2: 2.3086 (2.3235)  loss_bbox_dn_2: 0.5675 (0.5953)  loss_giou_dn_2: 0.7411 (0.7854)  loss_fgl_dn_2: 1.0283 (1.0299)  loss_ddf_dn_2: 0.0042 (0.0047)  loss_mal_dn_3: 2.2246 (2.2542)  loss_bbox_dn_3: 0.5581 (0.5792)  loss_giou_dn_3: 0.7178 (0.7688)  loss_fgl_dn_3: 1.0396 (1.0374)  loss_mal_dn_pre: 1.7686 (1.7893)  loss_bbox_dn_pre: 0.7488 (0.8312)  loss_giou_dn_pre: 1.0263 (1.0442)
Test:  [0/4]  eta: 0:00:01    time: 0.3635  data: 0.3249  max mem: 3583
Test:  [3/4]  eta: 0:00:00    time: 0.1154  data: 0.0835  max mem: 3583
Test: Total time: 0:00:00 (0.1340 s / it)
Averaged stats: 
Accumulating evaluation results...
COCOeval_opt.accumulate() finished...
DONE (t=0.00s).
IoU metric: bbox
 Average Precision  (AP) @[ IoU=0.50:0.95 | area=   all | maxDets=100 ] = 0.000
 Average Precision  (AP) @[ IoU=0.50      | area=   all | maxDets=100 ] = 0.000
 Average Precision  (AP) @[ IoU=0.75      | area=   all | maxDets=100 ] = 0.000
 Average Precision  (AP) @[ IoU=0.50:0.95 | area= small | maxDets=100 ] = -1.000
 Average Precision  (AP) @[ IoU=0.50:0.95 | area=medium | maxDets=100 ] = -1.000
 Average Precision  (AP) @[ IoU=0.50:0.95 | area= large | maxDets=100 ] = 0.001
 Average Recall     (AR) @[ IoU=0.50:0.95 | area=   all | maxDets=  1 ] = 0.000
 Average Recall     (AR) @[ IoU=0.50:0.95 | area=   all | maxDets= 10 ] = 0.000
 Average Recall     (AR) @[ IoU=0.50:0.95 | area=   all | maxDets=100 ] = 0.030
 Average Recall     (AR) @[ IoU=0.50:0.95 | area= small | maxDets=100 ] = -1.000
 Average Recall     (AR) @[ IoU=0.50:0.95 | area=medium | maxDets=100 ] = -1.000
 Average Recall     (AR) @[ IoU=0.50:0.95 | area= large | maxDets=100 ] = 0.030
 Average Recall     (AR) @[ IoU=0.50      | area=   all | maxDets=100 ] = 0.033
 Average Recall     (AR) @[ IoU=0.75      | area=   all | maxDets=100 ] = 0.033
best_stat: {'epoch': 39, 'coco_eval_bbox': 9.050766572502126e-05}
Epoch: [43]  [0/8]  eta: 0:00:07  lr: 0.000001  loss: 48.7738 (48.7738)  loss_mal: 1.2529 (1.2529)  loss_bbox: 1.1319 (1.1319)  loss_giou: 1.5981 (1.5981)  loss_fgl: 0.6409 (0.6409)  loss_mal_aux_0: 1.0166 (1.0166)  loss_bbox_aux_0: 1.2065 (1.2065)  loss_giou_aux_0: 1.7427 (1.7427)  loss_fgl_aux_0: 0.6025 (0.6025)  loss_ddf_aux_0: 0.0946 (0.0946)  loss_mal_aux_1: 1.1963 (1.1963)  loss_bbox_aux_1: 1.1605 (1.1605)  loss_giou_aux_1: 1.6537 (1.6537)  loss_fgl_aux_1: 0.6234 (0.6234)  loss_ddf_aux_1: 0.0265 (0.0265)  loss_mal_aux_2: 1.2969 (1.2969)  loss_bbox_aux_2: 1.1296 (1.1296)  loss_giou_aux_2: 1.5980 (1.5980)  loss_fgl_aux_2: 0.6476 (0.6476)  loss_ddf_aux_2: 0.0021 (0.0021)  loss_mal_pre: 1.0195 (1.0195)  loss_bbox_pre: 1.2412 (1.2412)  loss_giou_pre: 1.7379 (1.7379)  loss_mal_enc_0: 0.9971 (0.9971)  loss_bbox_enc_0: 1.1391 (1.1391)  loss_giou_enc_0: 1.8075 (1.8075)  loss_mal_dn_0: 1.4814 (1.4814)  loss_bbox_dn_0: 1.0272 (1.0272)  loss_giou_dn_0: 1.1448 (1.1448)  loss_fgl_dn_0: 0.9422 (0.9422)  loss_ddf_dn_0: 0.1850 (0.1850)  loss_mal_dn_1: 1.9678 (1.9678)  loss_bbox_dn_1: 0.7622 (0.7622)  loss_giou_dn_1: 0.9573 (0.9573)  loss_fgl_dn_1: 0.9425 (0.9425)  loss_ddf_dn_1: 0.0361 (0.0361)  loss_mal_dn_2: 1.9336 (1.9336)  loss_bbox_dn_2: 0.7751 (0.7751)  loss_giou_dn_2: 0.9496 (0.9496)  loss_fgl_dn_2: 0.9343 (0.9343)  loss_ddf_dn_2: 0.0043 (0.0043)  loss_mal_dn_3: 1.9014 (1.9014)  loss_bbox_dn_3: 0.7322 (0.7322)  loss_giou_dn_3: 0.9244 (0.9244)  loss_fgl_dn_3: 0.9497 (0.9497)  loss_mal_dn_pre: 1.5283 (1.5283)  loss_bbox_dn_pre: 1.0122 (1.0122)  loss_giou_dn_pre: 1.1187 (1.1187)  time: 0.9788  data: 0.7988  max mem: 3583
Epoch: [43]  [7/8]  eta: 0:00:00  lr: 0.000001  loss: 48.7738 (49.0036)  loss_mal: 1.6875 (1.7764)  loss_bbox: 0.7672 (0.8368)  loss_giou: 1.1274 (1.1644)  loss_fgl: 0.8396 (0.8851)  loss_mal_aux_0: 1.1475 (1.3884)  loss_bbox_aux_0: 0.8140 (0.9575)  loss_giou_aux_0: 1.3543 (1.4017)  loss_fgl_aux_0: 0.7073 (0.7708)  loss_ddf_aux_0: 0.1327 (0.1458)  loss_mal_aux_1: 1.5547 (1.7062)  loss_bbox_aux_1: 0.7776 (0.8714)  loss_giou_aux_1: 1.1532 (1.2307)  loss_fgl_aux_1: 0.7834 (0.8513)  loss_ddf_aux_1: 0.0283 (0.0330)  loss_mal_aux_2: 1.7227 (1.8324)  loss_bbox_aux_2: 0.7640 (0.8444)  loss_giou_aux_2: 1.1306 (1.1695)  loss_fgl_aux_2: 0.8278 (0.8766)  loss_ddf_aux_2: 0.0019 (0.0023)  loss_mal_pre: 1.1514 (1.3564)  loss_bbox_pre: 0.8410 (0.9731)  loss_giou_pre: 1.3836 (1.4185)  loss_mal_enc_0: 1.1543 (1.3063)  loss_bbox_enc_0: 0.8802 (0.9961)  loss_giou_enc_0: 1.4905 (1.5103)  loss_mal_dn_0: 1.5420 (1.7094)  loss_bbox_dn_0: 0.8147 (0.8875)  loss_giou_dn_0: 1.1243 (1.0678)  loss_fgl_dn_0: 1.0010 (1.0445)  loss_ddf_dn_0: 0.2308 (0.2338)  loss_mal_dn_1: 1.9678 (2.1122)  loss_bbox_dn_1: 0.6497 (0.6866)  loss_giou_dn_1: 0.9431 (0.8842)  loss_fgl_dn_1: 1.0201 (1.0250)  loss_ddf_dn_1: 0.0410 (0.0450)  loss_mal_dn_2: 2.0566 (2.1962)  loss_bbox_dn_2: 0.6161 (0.6523)  loss_giou_dn_2: 0.8850 (0.8306)  loss_fgl_dn_2: 1.0203 (1.0293)  loss_ddf_dn_2: 0.0039 (0.0046)  loss_mal_dn_3: 1.9971 (2.1382)  loss_bbox_dn_3: 0.5980 (0.6325)  loss_giou_dn_3: 0.8700 (0.8134)  loss_fgl_dn_3: 1.0274 (1.0374)  loss_mal_dn_pre: 1.5371 (1.7096)  loss_bbox_dn_pre: 0.8044 (0.8918)  loss_giou_dn_pre: 1.1187 (1.0665)  time: 0.2676  data: 0.1048  max mem: 3583
Epoch: [43] Total time: 0:00:02 (0.2766 s / it)
Averaged stats: lr: 0.000001  loss: 48.7738 (49.0036)  loss_mal: 1.6875 (1.7764)  loss_bbox: 0.7672 (0.8368)  loss_giou: 1.1274 (1.1644)  loss_fgl: 0.8396 (0.8851)  loss_mal_aux_0: 1.1475 (1.3884)  loss_bbox_aux_0: 0.8140 (0.9575)  loss_giou_aux_0: 1.3543 (1.4017)  loss_fgl_aux_0: 0.7073 (0.7708)  loss_ddf_aux_0: 0.1327 (0.1458)  loss_mal_aux_1: 1.5547 (1.7062)  loss_bbox_aux_1: 0.7776 (0.8714)  loss_giou_aux_1: 1.1532 (1.2307)  loss_fgl_aux_1: 0.7834 (0.8513)  loss_ddf_aux_1: 0.0283 (0.0330)  loss_mal_aux_2: 1.7227 (1.8324)  loss_bbox_aux_2: 0.7640 (0.8444)  loss_giou_aux_2: 1.1306 (1.1695)  loss_fgl_aux_2: 0.8278 (0.8766)  loss_ddf_aux_2: 0.0019 (0.0023)  loss_mal_pre: 1.1514 (1.3564)  loss_bbox_pre: 0.8410 (0.9731)  loss_giou_pre: 1.3836 (1.4185)  loss_mal_enc_0: 1.1543 (1.3063)  loss_bbox_enc_0: 0.8802 (0.9961)  loss_giou_enc_0: 1.4905 (1.5103)  loss_mal_dn_0: 1.5420 (1.7094)  loss_bbox_dn_0: 0.8147 (0.8875)  loss_giou_dn_0: 1.1243 (1.0678)  loss_fgl_dn_0: 1.0010 (1.0445)  loss_ddf_dn_0: 0.2308 (0.2338)  loss_mal_dn_1: 1.9678 (2.1122)  loss_bbox_dn_1: 0.6497 (0.6866)  loss_giou_dn_1: 0.9431 (0.8842)  loss_fgl_dn_1: 1.0201 (1.0250)  loss_ddf_dn_1: 0.0410 (0.0450)  loss_mal_dn_2: 2.0566 (2.1962)  loss_bbox_dn_2: 0.6161 (0.6523)  loss_giou_dn_2: 0.8850 (0.8306)  loss_fgl_dn_2: 1.0203 (1.0293)  loss_ddf_dn_2: 0.0039 (0.0046)  loss_mal_dn_3: 1.9971 (2.1382)  loss_bbox_dn_3: 0.5980 (0.6325)  loss_giou_dn_3: 0.8700 (0.8134)  loss_fgl_dn_3: 1.0274 (1.0374)  loss_mal_dn_pre: 1.5371 (1.7096)  loss_bbox_dn_pre: 0.8044 (0.8918)  loss_giou_dn_pre: 1.1187 (1.0665)
Test:  [0/4]  eta: 0:00:01    time: 0.3912  data: 0.3549  max mem: 3583
Test:  [3/4]  eta: 0:00:00    time: 0.1213  data: 0.0906  max mem: 3583
Test: Total time: 0:00:00 (0.1385 s / it)
Averaged stats: 
Accumulating evaluation results...
COCOeval_opt.accumulate() finished...
DONE (t=0.00s).
IoU metric: bbox
 Average Precision  (AP) @[ IoU=0.50:0.95 | area=   all | maxDets=100 ] = 0.000
 Average Precision  (AP) @[ IoU=0.50      | area=   all | maxDets=100 ] = 0.000
 Average Precision  (AP) @[ IoU=0.75      | area=   all | maxDets=100 ] = 0.000
 Average Precision  (AP) @[ IoU=0.50:0.95 | area= small | maxDets=100 ] = -1.000
 Average Precision  (AP) @[ IoU=0.50:0.95 | area=medium | maxDets=100 ] = -1.000
 Average Precision  (AP) @[ IoU=0.50:0.95 | area= large | maxDets=100 ] = 0.000
 Average Recall     (AR) @[ IoU=0.50:0.95 | area=   all | maxDets=  1 ] = 0.000
 Average Recall     (AR) @[ IoU=0.50:0.95 | area=   all | maxDets= 10 ] = 0.000
 Average Recall     (AR) @[ IoU=0.50:0.95 | area=   all | maxDets=100 ] = 0.017
 Average Recall     (AR) @[ IoU=0.50:0.95 | area= small | maxDets=100 ] = -1.000
 Average Recall     (AR) @[ IoU=0.50:0.95 | area=medium | maxDets=100 ] = -1.000
 Average Recall     (AR) @[ IoU=0.50:0.95 | area= large | maxDets=100 ] = 0.017
 Average Recall     (AR) @[ IoU=0.50      | area=   all | maxDets=100 ] = 0.033
 Average Recall     (AR) @[ IoU=0.75      | area=   all | maxDets=100 ] = 0.000
best_stat: {'epoch': 39, 'coco_eval_bbox': 9.050766572502126e-05}
Epoch: [44]  [0/8]  eta: 0:00:08  lr: 0.000001  loss: 49.1003 (49.1003)  loss_mal: 2.2461 (2.2461)  loss_bbox: 0.6613 (0.6613)  loss_giou: 0.9519 (0.9519)  loss_fgl: 0.9960 (0.9960)  loss_mal_aux_0: 1.9570 (1.9570)  loss_bbox_aux_0: 0.6733 (0.6733)  loss_giou_aux_0: 1.0779 (1.0779)  loss_fgl_aux_0: 0.9561 (0.9561)  loss_ddf_aux_0: 0.0865 (0.0865)  loss_mal_aux_1: 2.2109 (2.2109)  loss_bbox_aux_1: 0.6681 (0.6681)  loss_giou_aux_1: 0.9802 (0.9802)  loss_fgl_aux_1: 0.9915 (0.9915)  loss_ddf_aux_1: 0.0147 (0.0147)  loss_mal_aux_2: 2.2832 (2.2832)  loss_bbox_aux_2: 0.6613 (0.6613)  loss_giou_aux_2: 0.9546 (0.9546)  loss_fgl_aux_2: 0.9928 (0.9928)  loss_ddf_aux_2: 0.0012 (0.0012)  loss_mal_pre: 1.9248 (1.9248)  loss_bbox_pre: 0.6897 (0.6897)  loss_giou_pre: 1.1073 (1.1073)  loss_mal_enc_0: 1.6816 (1.6816)  loss_bbox_enc_0: 0.7607 (0.7607)  loss_giou_enc_0: 1.3016 (1.3016)  loss_mal_dn_0: 1.7852 (1.7852)  loss_bbox_dn_0: 0.6329 (0.6329)  loss_giou_dn_0: 1.0273 (1.0273)  loss_fgl_dn_0: 1.0605 (1.0605)  loss_ddf_dn_0: 0.2121 (0.2121)  loss_mal_dn_1: 2.4258 (2.4258)  loss_bbox_dn_1: 0.4361 (0.4361)  loss_giou_dn_1: 0.7756 (0.7756)  loss_fgl_dn_1: 1.0416 (1.0416)  loss_ddf_dn_1: 0.0348 (0.0348)  loss_mal_dn_2: 2.5938 (2.5938)  loss_bbox_dn_2: 0.4062 (0.4062)  loss_giou_dn_2: 0.6819 (0.6819)  loss_fgl_dn_2: 1.0689 (1.0689)  loss_ddf_dn_2: 0.0052 (0.0052)  loss_mal_dn_3: 2.4805 (2.4805)  loss_bbox_dn_3: 0.3945 (0.3945)  loss_giou_dn_3: 0.6690 (0.6690)  loss_fgl_dn_3: 1.0741 (1.0741)  loss_mal_dn_pre: 1.8125 (1.8125)  loss_bbox_dn_pre: 0.6405 (0.6405)  loss_giou_dn_pre: 1.0111 (1.0111)  time: 1.0108  data: 0.8364  max mem: 3583
Epoch: [44]  [7/8]  eta: 0:00:00  lr: 0.000001  loss: 50.2130 (50.0799)  loss_mal: 2.0254 (2.1271)  loss_bbox: 0.6613 (0.7299)  loss_giou: 0.9464 (1.0288)  loss_fgl: 0.9432 (0.9062)  loss_mal_aux_0: 1.6221 (1.7764)  loss_bbox_aux_0: 0.7528 (0.8340)  loss_giou_aux_0: 1.2013 (1.2591)  loss_fgl_aux_0: 0.8679 (0.8413)  loss_ddf_aux_0: 0.1580 (0.1612)  loss_mal_aux_1: 1.9229 (2.0751)  loss_bbox_aux_1: 0.6681 (0.7632)  loss_giou_aux_1: 0.9802 (1.0829)  loss_fgl_aux_1: 0.9525 (0.8942)  loss_ddf_aux_1: 0.0316 (0.0328)  loss_mal_aux_2: 2.1465 (2.1783)  loss_bbox_aux_2: 0.6613 (0.7403)  loss_giou_aux_2: 0.9540 (1.0379)  loss_fgl_aux_2: 0.9397 (0.9021)  loss_ddf_aux_2: 0.0024 (0.0026)  loss_mal_pre: 1.6064 (1.7784)  loss_bbox_pre: 0.7415 (0.8445)  loss_giou_pre: 1.2293 (1.2764)  loss_mal_enc_0: 1.5039 (1.5334)  loss_bbox_enc_0: 0.8324 (0.9494)  loss_giou_enc_0: 1.3363 (1.4663)  loss_mal_dn_0: 1.8945 (1.9309)  loss_bbox_dn_0: 0.7019 (0.7168)  loss_giou_dn_0: 0.9650 (0.9681)  loss_fgl_dn_0: 1.0763 (1.0997)  loss_ddf_dn_0: 0.2479 (0.2680)  loss_mal_dn_1: 2.3477 (2.3984)  loss_bbox_dn_1: 0.5058 (0.5614)  loss_giou_dn_1: 0.7441 (0.7594)  loss_fgl_dn_1: 1.0250 (1.0414)  loss_ddf_dn_1: 0.0507 (0.0516)  loss_mal_dn_2: 2.4863 (2.5437)  loss_bbox_dn_2: 0.4200 (0.5084)  loss_giou_dn_2: 0.6819 (0.6790)  loss_fgl_dn_2: 1.0339 (1.0474)  loss_ddf_dn_2: 0.0049 (0.0049)  loss_mal_dn_3: 2.4199 (2.4490)  loss_bbox_dn_3: 0.4048 (0.4953)  loss_giou_dn_3: 0.6690 (0.6648)  loss_fgl_dn_3: 1.0418 (1.0528)  loss_mal_dn_pre: 1.9375 (1.9587)  loss_bbox_dn_pre: 0.6909 (0.7020)  loss_giou_dn_pre: 0.9524 (0.9565)  time: 0.2568  data: 0.1063  max mem: 3583
Epoch: [44] Total time: 0:00:02 (0.2668 s / it)
Averaged stats: lr: 0.000001  loss: 50.2130 (50.0799)  loss_mal: 2.0254 (2.1271)  loss_bbox: 0.6613 (0.7299)  loss_giou: 0.9464 (1.0288)  loss_fgl: 0.9432 (0.9062)  loss_mal_aux_0: 1.6221 (1.7764)  loss_bbox_aux_0: 0.7528 (0.8340)  loss_giou_aux_0: 1.2013 (1.2591)  loss_fgl_aux_0: 0.8679 (0.8413)  loss_ddf_aux_0: 0.1580 (0.1612)  loss_mal_aux_1: 1.9229 (2.0751)  loss_bbox_aux_1: 0.6681 (0.7632)  loss_giou_aux_1: 0.9802 (1.0829)  loss_fgl_aux_1: 0.9525 (0.8942)  loss_ddf_aux_1: 0.0316 (0.0328)  loss_mal_aux_2: 2.1465 (2.1783)  loss_bbox_aux_2: 0.6613 (0.7403)  loss_giou_aux_2: 0.9540 (1.0379)  loss_fgl_aux_2: 0.9397 (0.9021)  loss_ddf_aux_2: 0.0024 (0.0026)  loss_mal_pre: 1.6064 (1.7784)  loss_bbox_pre: 0.7415 (0.8445)  loss_giou_pre: 1.2293 (1.2764)  loss_mal_enc_0: 1.5039 (1.5334)  loss_bbox_enc_0: 0.8324 (0.9494)  loss_giou_enc_0: 1.3363 (1.4663)  loss_mal_dn_0: 1.8945 (1.9309)  loss_bbox_dn_0: 0.7019 (0.7168)  loss_giou_dn_0: 0.9650 (0.9681)  loss_fgl_dn_0: 1.0763 (1.0997)  loss_ddf_dn_0: 0.2479 (0.2680)  loss_mal_dn_1: 2.3477 (2.3984)  loss_bbox_dn_1: 0.5058 (0.5614)  loss_giou_dn_1: 0.7441 (0.7594)  loss_fgl_dn_1: 1.0250 (1.0414)  loss_ddf_dn_1: 0.0507 (0.0516)  loss_mal_dn_2: 2.4863 (2.5437)  loss_bbox_dn_2: 0.4200 (0.5084)  loss_giou_dn_2: 0.6819 (0.6790)  loss_fgl_dn_2: 1.0339 (1.0474)  loss_ddf_dn_2: 0.0049 (0.0049)  loss_mal_dn_3: 2.4199 (2.4490)  loss_bbox_dn_3: 0.4048 (0.4953)  loss_giou_dn_3: 0.6690 (0.6648)  loss_fgl_dn_3: 1.0418 (1.0528)  loss_mal_dn_pre: 1.9375 (1.9587)  loss_bbox_dn_pre: 0.6909 (0.7020)  loss_giou_dn_pre: 0.9524 (0.9565)
Test:  [0/4]  eta: 0:00:01    time: 0.3729  data: 0.3321  max mem: 3583
Test:  [3/4]  eta: 0:00:00    time: 0.1206  data: 0.0853  max mem: 3583
Test: Total time: 0:00:00 (0.1420 s / it)
Averaged stats: 
Accumulating evaluation results...
COCOeval_opt.accumulate() finished...
DONE (t=0.00s).
IoU metric: bbox
 Average Precision  (AP) @[ IoU=0.50:0.95 | area=   all | maxDets=100 ] = 0.000
 Average Precision  (AP) @[ IoU=0.50      | area=   all | maxDets=100 ] = 0.000
 Average Precision  (AP) @[ IoU=0.75      | area=   all | maxDets=100 ] = 0.000
 Average Precision  (AP) @[ IoU=0.50:0.95 | area= small | maxDets=100 ] = -1.000
 Average Precision  (AP) @[ IoU=0.50:0.95 | area=medium | maxDets=100 ] = -1.000
 Average Precision  (AP) @[ IoU=0.50:0.95 | area= large | maxDets=100 ] = 0.001
 Average Recall     (AR) @[ IoU=0.50:0.95 | area=   all | maxDets=  1 ] = 0.000
 Average Recall     (AR) @[ IoU=0.50:0.95 | area=   all | maxDets= 10 ] = 0.010
 Average Recall     (AR) @[ IoU=0.50:0.95 | area=   all | maxDets=100 ] = 0.037
 Average Recall     (AR) @[ IoU=0.50:0.95 | area= small | maxDets=100 ] = -1.000
 Average Recall     (AR) @[ IoU=0.50:0.95 | area=medium | maxDets=100 ] = -1.000
 Average Recall     (AR) @[ IoU=0.50:0.95 | area= large | maxDets=100 ] = 0.037
 Average Recall     (AR) @[ IoU=0.50      | area=   all | maxDets=100 ] = 0.067
 Average Recall     (AR) @[ IoU=0.75      | area=   all | maxDets=100 ] = 0.033
best_stat: {'epoch': 44, 'coco_eval_bbox': 0.0001633383677350786}
Epoch: [45]  [0/8]  eta: 0:00:05  lr: 0.000001  loss: 48.5502 (48.5502)  loss_mal: 2.6016 (2.6016)  loss_bbox: 0.3650 (0.3650)  loss_giou: 0.6614 (0.6614)  loss_fgl: 0.9472 (0.9472)  loss_mal_aux_0: 2.2227 (2.2227)  loss_bbox_aux_0: 0.5213 (0.5213)  loss_giou_aux_0: 0.9575 (0.9575)  loss_fgl_aux_0: 1.0258 (1.0258)  loss_ddf_aux_0: 0.2370 (0.2370)  loss_mal_aux_1: 2.5820 (2.5820)  loss_bbox_aux_1: 0.3814 (0.3814)  loss_giou_aux_1: 0.7079 (0.7079)  loss_fgl_aux_1: 0.9666 (0.9666)  loss_ddf_aux_1: 0.0378 (0.0378)  loss_mal_aux_2: 2.6992 (2.6992)  loss_bbox_aux_2: 0.3718 (0.3718)  loss_giou_aux_2: 0.6745 (0.6745)  loss_fgl_aux_2: 0.9450 (0.9450)  loss_ddf_aux_2: 0.0027 (0.0027)  loss_mal_pre: 2.1621 (2.1621)  loss_bbox_pre: 0.5369 (0.5369)  loss_giou_pre: 0.9723 (0.9723)  loss_mal_enc_0: 1.8418 (1.8418)  loss_bbox_enc_0: 0.6286 (0.6286)  loss_giou_enc_0: 1.2245 (1.2245)  loss_mal_dn_0: 1.8604 (1.8604)  loss_bbox_dn_0: 0.6248 (0.6248)  loss_giou_dn_0: 0.9904 (0.9904)  loss_fgl_dn_0: 1.1187 (1.1187)  loss_ddf_dn_0: 0.3163 (0.3163)  loss_mal_dn_1: 2.4902 (2.4902)  loss_bbox_dn_1: 0.4170 (0.4170)  loss_giou_dn_1: 0.6998 (0.6998)  loss_fgl_dn_1: 1.0331 (1.0331)  loss_ddf_dn_1: 0.0714 (0.0714)  loss_mal_dn_2: 2.6836 (2.6836)  loss_bbox_dn_2: 0.3501 (0.3501)  loss_giou_dn_2: 0.5877 (0.5877)  loss_fgl_dn_2: 1.0367 (1.0367)  loss_ddf_dn_2: 0.0061 (0.0061)  loss_mal_dn_3: 2.5762 (2.5762)  loss_bbox_dn_3: 0.3343 (0.3343)  loss_giou_dn_3: 0.5658 (0.5658)  loss_fgl_dn_3: 1.0428 (1.0428)  loss_mal_dn_pre: 1.8271 (1.8271)  loss_bbox_dn_pre: 0.6420 (0.6420)  loss_giou_dn_pre: 1.0012 (1.0012)  time: 0.7331  data: 0.5567  max mem: 3583
Epoch: [45]  [7/8]  eta: 0:00:00  lr: 0.000001  loss: 50.0961 (50.3322)  loss_mal: 2.4531 (2.5042)  loss_bbox: 0.4776 (0.5476)  loss_giou: 0.6683 (0.7512)  loss_fgl: 1.0009 (1.0175)  loss_mal_aux_0: 1.9443 (2.0785)  loss_bbox_aux_0: 0.6795 (0.7336)  loss_giou_aux_0: 0.9575 (1.0379)  loss_fgl_aux_0: 0.9554 (0.9861)  loss_ddf_aux_0: 0.1775 (0.1943)  loss_mal_aux_1: 2.3340 (2.4413)  loss_bbox_aux_1: 0.5726 (0.5978)  loss_giou_aux_1: 0.7681 (0.8251)  loss_fgl_aux_1: 0.9849 (1.0055)  loss_ddf_aux_1: 0.0378 (0.0399)  loss_mal_aux_2: 2.5684 (2.6050)  loss_bbox_aux_2: 0.5030 (0.5529)  loss_giou_aux_2: 0.6961 (0.7585)  loss_fgl_aux_2: 0.9926 (1.0149)  loss_ddf_aux_2: 0.0031 (0.0034)  loss_mal_pre: 2.0156 (2.0601)  loss_bbox_pre: 0.7520 (0.7622)  loss_giou_pre: 0.9723 (1.0555)  loss_mal_enc_0: 1.8096 (1.8239)  loss_bbox_enc_0: 0.8335 (0.8621)  loss_giou_enc_0: 1.2222 (1.2169)  loss_mal_dn_0: 1.8604 (1.8887)  loss_bbox_dn_0: 0.6368 (0.7648)  loss_giou_dn_0: 0.9904 (0.9922)  loss_fgl_dn_0: 1.0769 (1.0992)  loss_ddf_dn_0: 0.2475 (0.2539)  loss_mal_dn_1: 2.3086 (2.3290)  loss_bbox_dn_1: 0.4363 (0.5816)  loss_giou_dn_1: 0.7132 (0.7754)  loss_fgl_dn_1: 1.0342 (1.0610)  loss_ddf_dn_1: 0.0466 (0.0529)  loss_mal_dn_2: 2.4922 (2.4973)  loss_bbox_dn_2: 0.3501 (0.5138)  loss_giou_dn_2: 0.6316 (0.6870)  loss_fgl_dn_2: 1.0367 (1.0703)  loss_ddf_dn_2: 0.0051 (0.0058)  loss_mal_dn_3: 2.3809 (2.4009)  loss_bbox_dn_3: 0.3343 (0.4952)  loss_giou_dn_3: 0.6078 (0.6677)  loss_fgl_dn_3: 1.0545 (1.0776)  loss_mal_dn_pre: 1.8271 (1.9038)  loss_bbox_dn_pre: 0.6420 (0.7553)  loss_giou_dn_pre: 0.9967 (0.9830)  time: 0.2102  data: 0.0725  max mem: 3583
Epoch: [45] Total time: 0:00:01 (0.2203 s / it)
Averaged stats: lr: 0.000001  loss: 50.0961 (50.3322)  loss_mal: 2.4531 (2.5042)  loss_bbox: 0.4776 (0.5476)  loss_giou: 0.6683 (0.7512)  loss_fgl: 1.0009 (1.0175)  loss_mal_aux_0: 1.9443 (2.0785)  loss_bbox_aux_0: 0.6795 (0.7336)  loss_giou_aux_0: 0.9575 (1.0379)  loss_fgl_aux_0: 0.9554 (0.9861)  loss_ddf_aux_0: 0.1775 (0.1943)  loss_mal_aux_1: 2.3340 (2.4413)  loss_bbox_aux_1: 0.5726 (0.5978)  loss_giou_aux_1: 0.7681 (0.8251)  loss_fgl_aux_1: 0.9849 (1.0055)  loss_ddf_aux_1: 0.0378 (0.0399)  loss_mal_aux_2: 2.5684 (2.6050)  loss_bbox_aux_2: 0.5030 (0.5529)  loss_giou_aux_2: 0.6961 (0.7585)  loss_fgl_aux_2: 0.9926 (1.0149)  loss_ddf_aux_2: 0.0031 (0.0034)  loss_mal_pre: 2.0156 (2.0601)  loss_bbox_pre: 0.7520 (0.7622)  loss_giou_pre: 0.9723 (1.0555)  loss_mal_enc_0: 1.8096 (1.8239)  loss_bbox_enc_0: 0.8335 (0.8621)  loss_giou_enc_0: 1.2222 (1.2169)  loss_mal_dn_0: 1.8604 (1.8887)  loss_bbox_dn_0: 0.6368 (0.7648)  loss_giou_dn_0: 0.9904 (0.9922)  loss_fgl_dn_0: 1.0769 (1.0992)  loss_ddf_dn_0: 0.2475 (0.2539)  loss_mal_dn_1: 2.3086 (2.3290)  loss_bbox_dn_1: 0.4363 (0.5816)  loss_giou_dn_1: 0.7132 (0.7754)  loss_fgl_dn_1: 1.0342 (1.0610)  loss_ddf_dn_1: 0.0466 (0.0529)  loss_mal_dn_2: 2.4922 (2.4973)  loss_bbox_dn_2: 0.3501 (0.5138)  loss_giou_dn_2: 0.6316 (0.6870)  loss_fgl_dn_2: 1.0367 (1.0703)  loss_ddf_dn_2: 0.0051 (0.0058)  loss_mal_dn_3: 2.3809 (2.4009)  loss_bbox_dn_3: 0.3343 (0.4952)  loss_giou_dn_3: 0.6078 (0.6677)  loss_fgl_dn_3: 1.0545 (1.0776)  loss_mal_dn_pre: 1.8271 (1.9038)  loss_bbox_dn_pre: 0.6420 (0.7553)  loss_giou_dn_pre: 0.9967 (0.9830)
Test:  [0/4]  eta: 0:00:01    time: 0.4128  data: 0.3553  max mem: 3583
Test:  [3/4]  eta: 0:00:00    time: 0.1332  data: 0.0907  max mem: 3583
Test: Total time: 0:00:00 (0.1480 s / it)
Averaged stats: 
Accumulating evaluation results...
COCOeval_opt.accumulate() finished...
DONE (t=0.00s).
IoU metric: bbox
 Average Precision  (AP) @[ IoU=0.50:0.95 | area=   all | maxDets=100 ] = 0.004
 Average Precision  (AP) @[ IoU=0.50      | area=   all | maxDets=100 ] = 0.014
 Average Precision  (AP) @[ IoU=0.75      | area=   all | maxDets=100 ] = 0.000
 Average Precision  (AP) @[ IoU=0.50:0.95 | area= small | maxDets=100 ] = -1.000
 Average Precision  (AP) @[ IoU=0.50:0.95 | area=medium | maxDets=100 ] = -1.000
 Average Precision  (AP) @[ IoU=0.50:0.95 | area= large | maxDets=100 ] = 0.007
 Average Recall     (AR) @[ IoU=0.50:0.95 | area=   all | maxDets=  1 ] = 0.010
 Average Recall     (AR) @[ IoU=0.50:0.95 | area=   all | maxDets= 10 ] = 0.037
 Average Recall     (AR) @[ IoU=0.50:0.95 | area=   all | maxDets=100 ] = 0.107
 Average Recall     (AR) @[ IoU=0.50:0.95 | area= small | maxDets=100 ] = -1.000
 Average Recall     (AR) @[ IoU=0.50:0.95 | area=medium | maxDets=100 ] = -1.000
 Average Recall     (AR) @[ IoU=0.50:0.95 | area= large | maxDets=100 ] = 0.107
 Average Recall     (AR) @[ IoU=0.50      | area=   all | maxDets=100 ] = 0.233
 Average Recall     (AR) @[ IoU=0.75      | area=   all | maxDets=100 ] = 0.100
best_stat: {'epoch': 45, 'coco_eval_bbox': 0.004174008573842551}
Epoch: [46]  [0/8]  eta: 0:00:06  lr: 0.000001  loss: 51.7831 (51.7831)  loss_mal: 1.6807 (1.6807)  loss_bbox: 1.0560 (1.0560)  loss_giou: 1.2501 (1.2501)  loss_fgl: 1.0281 (1.0281)  loss_mal_aux_0: 1.4844 (1.4844)  loss_bbox_aux_0: 1.2032 (1.2032)  loss_giou_aux_0: 1.4268 (1.4268)  loss_fgl_aux_0: 0.9444 (0.9444)  loss_ddf_aux_0: 0.2134 (0.2134)  loss_mal_aux_1: 1.6572 (1.6572)  loss_bbox_aux_1: 1.0682 (1.0682)  loss_giou_aux_1: 1.2982 (1.2982)  loss_fgl_aux_1: 0.9981 (0.9981)  loss_ddf_aux_1: 0.0464 (0.0464)  loss_mal_aux_2: 1.7520 (1.7520)  loss_bbox_aux_2: 1.0618 (1.0618)  loss_giou_aux_2: 1.2558 (1.2558)  loss_fgl_aux_2: 1.0263 (1.0263)  loss_ddf_aux_2: 0.0041 (0.0041)  loss_mal_pre: 1.4551 (1.4551)  loss_bbox_pre: 1.2714 (1.2714)  loss_giou_pre: 1.4661 (1.4661)  loss_mal_enc_0: 1.1865 (1.1865)  loss_bbox_enc_0: 1.4281 (1.4281)  loss_giou_enc_0: 1.6069 (1.6069)  loss_mal_dn_0: 1.7744 (1.7744)  loss_bbox_dn_0: 0.8534 (0.8534)  loss_giou_dn_0: 1.0597 (1.0597)  loss_fgl_dn_0: 1.1275 (1.1275)  loss_ddf_dn_0: 0.2824 (0.2824)  loss_mal_dn_1: 1.9551 (1.9551)  loss_bbox_dn_1: 0.7556 (0.7556)  loss_giou_dn_1: 0.9560 (0.9560)  loss_fgl_dn_1: 1.0808 (1.0808)  loss_ddf_dn_1: 0.0552 (0.0552)  loss_mal_dn_2: 2.0000 (2.0000)  loss_bbox_dn_2: 0.7330 (0.7330)  loss_giou_dn_2: 0.9160 (0.9160)  loss_fgl_dn_2: 1.0705 (1.0705)  loss_ddf_dn_2: 0.0055 (0.0055)  loss_mal_dn_3: 1.8906 (1.8906)  loss_bbox_dn_3: 0.7309 (0.7309)  loss_giou_dn_3: 0.9183 (0.9183)  loss_fgl_dn_3: 1.0629 (1.0629)  loss_mal_dn_pre: 1.7773 (1.7773)  loss_bbox_dn_pre: 0.8565 (0.8565)  loss_giou_dn_pre: 1.0524 (1.0524)  time: 0.7597  data: 0.5999  max mem: 3583
Epoch: [46]  [7/8]  eta: 0:00:00  lr: 0.000001  loss: 49.4967 (49.6788)  loss_mal: 2.3770 (2.2292)  loss_bbox: 0.5273 (0.6102)  loss_giou: 0.8017 (0.8910)  loss_fgl: 1.0205 (1.0387)  loss_mal_aux_0: 1.9316 (1.8711)  loss_bbox_aux_0: 0.6719 (0.7635)  loss_giou_aux_0: 1.1214 (1.1722)  loss_fgl_aux_0: 0.9444 (0.9317)  loss_ddf_aux_0: 0.1859 (0.2093)  loss_mal_aux_1: 2.3379 (2.2122)  loss_bbox_aux_1: 0.5611 (0.6565)  loss_giou_aux_1: 0.8821 (0.9674)  loss_fgl_aux_1: 0.9981 (1.0147)  loss_ddf_aux_1: 0.0445 (0.0508)  loss_mal_aux_2: 2.4629 (2.3293)  loss_bbox_aux_2: 0.5269 (0.6158)  loss_giou_aux_2: 0.8084 (0.8999)  loss_fgl_aux_2: 1.0197 (1.0342)  loss_ddf_aux_2: 0.0033 (0.0040)  loss_mal_pre: 1.7852 (1.8585)  loss_bbox_pre: 0.5986 (0.7655)  loss_giou_pre: 1.0818 (1.1821)  loss_mal_enc_0: 1.6172 (1.6448)  loss_bbox_enc_0: 0.7747 (0.8642)  loss_giou_enc_0: 1.3153 (1.3309)  loss_mal_dn_0: 1.8008 (1.8632)  loss_bbox_dn_0: 0.7341 (0.7320)  loss_giou_dn_0: 1.0177 (1.0068)  loss_fgl_dn_0: 1.0724 (1.0819)  loss_ddf_dn_0: 0.2703 (0.2773)  loss_mal_dn_1: 2.1348 (2.2063)  loss_bbox_dn_1: 0.6431 (0.5962)  loss_giou_dn_1: 0.8515 (0.8281)  loss_fgl_dn_1: 1.0464 (1.0568)  loss_ddf_dn_1: 0.0552 (0.0566)  loss_mal_dn_2: 2.2266 (2.3124)  loss_bbox_dn_2: 0.5766 (0.5468)  loss_giou_dn_2: 0.7842 (0.7584)  loss_fgl_dn_2: 1.0541 (1.0630)  loss_ddf_dn_2: 0.0064 (0.0068)  loss_mal_dn_3: 2.0742 (2.1912)  loss_bbox_dn_3: 0.5727 (0.5321)  loss_giou_dn_3: 0.7783 (0.7447)  loss_fgl_dn_3: 1.0585 (1.0673)  loss_mal_dn_pre: 1.8301 (1.8774)  loss_bbox_dn_pre: 0.7172 (0.7280)  loss_giou_dn_pre: 1.0065 (0.9978)  time: 0.2641  data: 0.1116  max mem: 3583
Epoch: [46] Total time: 0:00:02 (0.2722 s / it)
Averaged stats: lr: 0.000001  loss: 49.4967 (49.6788)  loss_mal: 2.3770 (2.2292)  loss_bbox: 0.5273 (0.6102)  loss_giou: 0.8017 (0.8910)  loss_fgl: 1.0205 (1.0387)  loss_mal_aux_0: 1.9316 (1.8711)  loss_bbox_aux_0: 0.6719 (0.7635)  loss_giou_aux_0: 1.1214 (1.1722)  loss_fgl_aux_0: 0.9444 (0.9317)  loss_ddf_aux_0: 0.1859 (0.2093)  loss_mal_aux_1: 2.3379 (2.2122)  loss_bbox_aux_1: 0.5611 (0.6565)  loss_giou_aux_1: 0.8821 (0.9674)  loss_fgl_aux_1: 0.9981 (1.0147)  loss_ddf_aux_1: 0.0445 (0.0508)  loss_mal_aux_2: 2.4629 (2.3293)  loss_bbox_aux_2: 0.5269 (0.6158)  loss_giou_aux_2: 0.8084 (0.8999)  loss_fgl_aux_2: 1.0197 (1.0342)  loss_ddf_aux_2: 0.0033 (0.0040)  loss_mal_pre: 1.7852 (1.8585)  loss_bbox_pre: 0.5986 (0.7655)  loss_giou_pre: 1.0818 (1.1821)  loss_mal_enc_0: 1.6172 (1.6448)  loss_bbox_enc_0: 0.7747 (0.8642)  loss_giou_enc_0: 1.3153 (1.3309)  loss_mal_dn_0: 1.8008 (1.8632)  loss_bbox_dn_0: 0.7341 (0.7320)  loss_giou_dn_0: 1.0177 (1.0068)  loss_fgl_dn_0: 1.0724 (1.0819)  loss_ddf_dn_0: 0.2703 (0.2773)  loss_mal_dn_1: 2.1348 (2.2063)  loss_bbox_dn_1: 0.6431 (0.5962)  loss_giou_dn_1: 0.8515 (0.8281)  loss_fgl_dn_1: 1.0464 (1.0568)  loss_ddf_dn_1: 0.0552 (0.0566)  loss_mal_dn_2: 2.2266 (2.3124)  loss_bbox_dn_2: 0.5766 (0.5468)  loss_giou_dn_2: 0.7842 (0.7584)  loss_fgl_dn_2: 1.0541 (1.0630)  loss_ddf_dn_2: 0.0064 (0.0068)  loss_mal_dn_3: 2.0742 (2.1912)  loss_bbox_dn_3: 0.5727 (0.5321)  loss_giou_dn_3: 0.7783 (0.7447)  loss_fgl_dn_3: 1.0585 (1.0673)  loss_mal_dn_pre: 1.8301 (1.8774)  loss_bbox_dn_pre: 0.7172 (0.7280)  loss_giou_dn_pre: 1.0065 (0.9978)
Test:  [0/4]  eta: 0:00:01    time: 0.3833  data: 0.3450  max mem: 3583
Test:  [3/4]  eta: 0:00:00    time: 0.1231  data: 0.0884  max mem: 3583
Test: Total time: 0:00:00 (0.1384 s / it)
Averaged stats: 
Accumulating evaluation results...
COCOeval_opt.accumulate() finished...
DONE (t=0.00s).
IoU metric: bbox
 Average Precision  (AP) @[ IoU=0.50:0.95 | area=   all | maxDets=100 ] = 0.001
 Average Precision  (AP) @[ IoU=0.50      | area=   all | maxDets=100 ] = 0.002
 Average Precision  (AP) @[ IoU=0.75      | area=   all | maxDets=100 ] = 0.001
 Average Precision  (AP) @[ IoU=0.50:0.95 | area= small | maxDets=100 ] = -1.000
 Average Precision  (AP) @[ IoU=0.50:0.95 | area=medium | maxDets=100 ] = -1.000
 Average Precision  (AP) @[ IoU=0.50:0.95 | area= large | maxDets=100 ] = 0.007
 Average Recall     (AR) @[ IoU=0.50:0.95 | area=   all | maxDets=  1 ] = 0.000
 Average Recall     (AR) @[ IoU=0.50:0.95 | area=   all | maxDets= 10 ] = 0.043
 Average Recall     (AR) @[ IoU=0.50:0.95 | area=   all | maxDets=100 ] = 0.107
 Average Recall     (AR) @[ IoU=0.50:0.95 | area= small | maxDets=100 ] = -1.000
 Average Recall     (AR) @[ IoU=0.50:0.95 | area=medium | maxDets=100 ] = -1.000
 Average Recall     (AR) @[ IoU=0.50:0.95 | area= large | maxDets=100 ] = 0.107
 Average Recall     (AR) @[ IoU=0.50      | area=   all | maxDets=100 ] = 0.233
 Average Recall     (AR) @[ IoU=0.75      | area=   all | maxDets=100 ] = 0.133
best_stat: {'epoch': 45, 'coco_eval_bbox': 0.004174008573842551}
Epoch: [47]  [0/8]  eta: 0:00:09  lr: 0.000001  loss: 52.9245 (52.9245)  loss_mal: 2.8555 (2.8555)  loss_bbox: 0.3585 (0.3585)  loss_giou: 0.4756 (0.4756)  loss_fgl: 1.2987 (1.2987)  loss_mal_aux_0: 2.6582 (2.6582)  loss_bbox_aux_0: 0.6020 (0.6020)  loss_giou_aux_0: 0.7576 (0.7576)  loss_fgl_aux_0: 1.2110 (1.2110)  loss_ddf_aux_0: 0.3440 (0.3440)  loss_mal_aux_1: 2.8945 (2.8945)  loss_bbox_aux_1: 0.4048 (0.4048)  loss_giou_aux_1: 0.5231 (0.5231)  loss_fgl_aux_1: 1.3169 (1.3169)  loss_ddf_aux_1: 0.0545 (0.0545)  loss_mal_aux_2: 2.9336 (2.9336)  loss_bbox_aux_2: 0.3726 (0.3726)  loss_giou_aux_2: 0.4854 (0.4854)  loss_fgl_aux_2: 1.3001 (1.3001)  loss_ddf_aux_2: 0.0031 (0.0031)  loss_mal_pre: 2.6445 (2.6445)  loss_bbox_pre: 0.6993 (0.6993)  loss_giou_pre: 0.8312 (0.8312)  loss_mal_enc_0: 2.1230 (2.1230)  loss_bbox_enc_0: 0.9395 (0.9395)  loss_giou_enc_0: 1.1286 (1.1286)  loss_mal_dn_0: 1.8545 (1.8545)  loss_bbox_dn_0: 0.9903 (0.9903)  loss_giou_dn_0: 0.9962 (0.9962)  loss_fgl_dn_0: 1.1883 (1.1883)  loss_ddf_dn_0: 0.2162 (0.2162)  loss_mal_dn_1: 2.2910 (2.2910)  loss_bbox_dn_1: 0.7246 (0.7246)  loss_giou_dn_1: 0.7671 (0.7671)  loss_fgl_dn_1: 1.1524 (1.1524)  loss_ddf_dn_1: 0.0430 (0.0430)  loss_mal_dn_2: 2.3711 (2.3711)  loss_bbox_dn_2: 0.6515 (0.6515)  loss_giou_dn_2: 0.6865 (0.6865)  loss_fgl_dn_2: 1.1724 (1.1724)  loss_ddf_dn_2: 0.0060 (0.0060)  loss_mal_dn_3: 2.3105 (2.3105)  loss_bbox_dn_3: 0.6304 (0.6304)  loss_giou_dn_3: 0.6604 (0.6604)  loss_fgl_dn_3: 1.1803 (1.1803)  loss_mal_dn_pre: 1.9053 (1.9053)  loss_bbox_dn_pre: 0.9420 (0.9420)  loss_giou_dn_pre: 0.9689 (0.9689)  time: 1.1397  data: 0.9237  max mem: 3583
Epoch: [47]  [7/8]  eta: 0:00:00  lr: 0.000001  loss: 49.3811 (50.0213)  loss_mal: 2.4629 (2.4319)  loss_bbox: 0.3585 (0.5018)  loss_giou: 0.6809 (0.7538)  loss_fgl: 1.0275 (1.0664)  loss_mal_aux_0: 2.0859 (2.1643)  loss_bbox_aux_0: 0.6020 (0.6638)  loss_giou_aux_0: 0.9398 (1.0062)  loss_fgl_aux_0: 0.9782 (1.0165)  loss_ddf_aux_0: 0.1884 (0.2366)  loss_mal_aux_1: 2.5156 (2.4716)  loss_bbox_aux_1: 0.4048 (0.5344)  loss_giou_aux_1: 0.7367 (0.8123)  loss_fgl_aux_1: 1.0160 (1.0638)  loss_ddf_aux_1: 0.0488 (0.0468)  loss_mal_aux_2: 2.6211 (2.5558)  loss_bbox_aux_2: 0.3726 (0.5048)  loss_giou_aux_2: 0.6833 (0.7608)  loss_fgl_aux_2: 1.0316 (1.0659)  loss_ddf_aux_2: 0.0031 (0.0038)  loss_mal_pre: 2.0684 (2.1335)  loss_bbox_pre: 0.6415 (0.6885)  loss_giou_pre: 0.9597 (1.0381)  loss_mal_enc_0: 1.7061 (1.8596)  loss_bbox_enc_0: 0.6990 (0.8088)  loss_giou_enc_0: 1.1891 (1.2605)  loss_mal_dn_0: 1.8516 (1.8398)  loss_bbox_dn_0: 0.6988 (0.7715)  loss_giou_dn_0: 0.9880 (1.0079)  loss_fgl_dn_0: 1.0650 (1.0847)  loss_ddf_dn_0: 0.2698 (0.2739)  loss_mal_dn_1: 2.1914 (2.2852)  loss_bbox_dn_1: 0.5566 (0.5682)  loss_giou_dn_1: 0.7671 (0.7783)  loss_fgl_dn_1: 1.0378 (1.0625)  loss_ddf_dn_1: 0.0558 (0.0596)  loss_mal_dn_2: 2.3711 (2.4070)  loss_bbox_dn_2: 0.4824 (0.5054)  loss_giou_dn_2: 0.6865 (0.6961)  loss_fgl_dn_2: 1.0449 (1.0732)  loss_ddf_dn_2: 0.0071 (0.0076)  loss_mal_dn_3: 2.2422 (2.2935)  loss_bbox_dn_3: 0.4606 (0.4843)  loss_giou_dn_3: 0.6604 (0.6727)  loss_fgl_dn_3: 1.0547 (1.0827)  loss_mal_dn_pre: 1.8701 (1.8611)  loss_bbox_dn_pre: 0.7036 (0.7604)  loss_giou_dn_pre: 0.9689 (0.9957)  time: 0.2755  data: 0.1171  max mem: 3583
Epoch: [47] Total time: 0:00:02 (0.2830 s / it)
Averaged stats: lr: 0.000001  loss: 49.3811 (50.0213)  loss_mal: 2.4629 (2.4319)  loss_bbox: 0.3585 (0.5018)  loss_giou: 0.6809 (0.7538)  loss_fgl: 1.0275 (1.0664)  loss_mal_aux_0: 2.0859 (2.1643)  loss_bbox_aux_0: 0.6020 (0.6638)  loss_giou_aux_0: 0.9398 (1.0062)  loss_fgl_aux_0: 0.9782 (1.0165)  loss_ddf_aux_0: 0.1884 (0.2366)  loss_mal_aux_1: 2.5156 (2.4716)  loss_bbox_aux_1: 0.4048 (0.5344)  loss_giou_aux_1: 0.7367 (0.8123)  loss_fgl_aux_1: 1.0160 (1.0638)  loss_ddf_aux_1: 0.0488 (0.0468)  loss_mal_aux_2: 2.6211 (2.5558)  loss_bbox_aux_2: 0.3726 (0.5048)  loss_giou_aux_2: 0.6833 (0.7608)  loss_fgl_aux_2: 1.0316 (1.0659)  loss_ddf_aux_2: 0.0031 (0.0038)  loss_mal_pre: 2.0684 (2.1335)  loss_bbox_pre: 0.6415 (0.6885)  loss_giou_pre: 0.9597 (1.0381)  loss_mal_enc_0: 1.7061 (1.8596)  loss_bbox_enc_0: 0.6990 (0.8088)  loss_giou_enc_0: 1.1891 (1.2605)  loss_mal_dn_0: 1.8516 (1.8398)  loss_bbox_dn_0: 0.6988 (0.7715)  loss_giou_dn_0: 0.9880 (1.0079)  loss_fgl_dn_0: 1.0650 (1.0847)  loss_ddf_dn_0: 0.2698 (0.2739)  loss_mal_dn_1: 2.1914 (2.2852)  loss_bbox_dn_1: 0.5566 (0.5682)  loss_giou_dn_1: 0.7671 (0.7783)  loss_fgl_dn_1: 1.0378 (1.0625)  loss_ddf_dn_1: 0.0558 (0.0596)  loss_mal_dn_2: 2.3711 (2.4070)  loss_bbox_dn_2: 0.4824 (0.5054)  loss_giou_dn_2: 0.6865 (0.6961)  loss_fgl_dn_2: 1.0449 (1.0732)  loss_ddf_dn_2: 0.0071 (0.0076)  loss_mal_dn_3: 2.2422 (2.2935)  loss_bbox_dn_3: 0.4606 (0.4843)  loss_giou_dn_3: 0.6604 (0.6727)  loss_fgl_dn_3: 1.0547 (1.0827)  loss_mal_dn_pre: 1.8701 (1.8611)  loss_bbox_dn_pre: 0.7036 (0.7604)  loss_giou_dn_pre: 0.9689 (0.9957)
Test:  [0/4]  eta: 0:00:02    time: 0.7083  data: 0.5057  max mem: 3583
Test:  [3/4]  eta: 0:00:00    time: 0.2046  data: 0.1285  max mem: 3583
Test: Total time: 0:00:00 (0.2268 s / it)
Averaged stats: 
Accumulating evaluation results...
COCOeval_opt.accumulate() finished...
DONE (t=0.00s).
IoU metric: bbox
 Average Precision  (AP) @[ IoU=0.50:0.95 | area=   all | maxDets=100 ] = 0.014
 Average Precision  (AP) @[ IoU=0.50      | area=   all | maxDets=100 ] = 0.019
 Average Precision  (AP) @[ IoU=0.75      | area=   all | maxDets=100 ] = 0.012
 Average Precision  (AP) @[ IoU=0.50:0.95 | area= small | maxDets=100 ] = -1.000
 Average Precision  (AP) @[ IoU=0.50:0.95 | area=medium | maxDets=100 ] = -1.000
 Average Precision  (AP) @[ IoU=0.50:0.95 | area= large | maxDets=100 ] = 0.023
 Average Recall     (AR) @[ IoU=0.50:0.95 | area=   all | maxDets=  1 ] = 0.047
 Average Recall     (AR) @[ IoU=0.50:0.95 | area=   all | maxDets= 10 ] = 0.077
 Average Recall     (AR) @[ IoU=0.50:0.95 | area=   all | maxDets=100 ] = 0.253
 Average Recall     (AR) @[ IoU=0.50:0.95 | area= small | maxDets=100 ] = -1.000
 Average Recall     (AR) @[ IoU=0.50:0.95 | area=medium | maxDets=100 ] = -1.000
 Average Recall     (AR) @[ IoU=0.50:0.95 | area= large | maxDets=100 ] = 0.253
 Average Recall     (AR) @[ IoU=0.50      | area=   all | maxDets=100 ] = 0.367
 Average Recall     (AR) @[ IoU=0.75      | area=   all | maxDets=100 ] = 0.267
best_stat: {'epoch': 47, 'coco_eval_bbox': 0.01413797793775584}
Epoch: [48]  [0/8]  eta: 0:00:07  lr: 0.000001  loss: 51.8957 (51.8957)  loss_mal: 2.3984 (2.3984)  loss_bbox: 0.6312 (0.6312)  loss_giou: 0.7406 (0.7406)  loss_fgl: 1.2280 (1.2280)  loss_mal_aux_0: 2.4297 (2.4297)  loss_bbox_aux_0: 0.7316 (0.7316)  loss_giou_aux_0: 0.8748 (0.8748)  loss_fgl_aux_0: 1.1541 (1.1541)  loss_ddf_aux_0: 0.1340 (0.1340)  loss_mal_aux_1: 2.5625 (2.5625)  loss_bbox_aux_1: 0.6606 (0.6606)  loss_giou_aux_1: 0.7649 (0.7649)  loss_fgl_aux_1: 1.2194 (1.2194)  loss_ddf_aux_1: 0.0299 (0.0299)  loss_mal_aux_2: 2.5117 (2.5117)  loss_bbox_aux_2: 0.6464 (0.6464)  loss_giou_aux_2: 0.7515 (0.7515)  loss_fgl_aux_2: 1.2185 (1.2185)  loss_ddf_aux_2: 0.0020 (0.0020)  loss_mal_pre: 2.3613 (2.3613)  loss_bbox_pre: 0.7733 (0.7733)  loss_giou_pre: 0.9064 (0.9064)  loss_mal_enc_0: 1.9160 (1.9160)  loss_bbox_enc_0: 0.9452 (0.9452)  loss_giou_enc_0: 1.1207 (1.1207)  loss_mal_dn_0: 1.6260 (1.6260)  loss_bbox_dn_0: 1.0028 (1.0028)  loss_giou_dn_0: 1.0895 (1.0895)  loss_fgl_dn_0: 1.0697 (1.0697)  loss_ddf_dn_0: 0.2542 (0.2542)  loss_mal_dn_1: 2.0703 (2.0703)  loss_bbox_dn_1: 0.8418 (0.8418)  loss_giou_dn_1: 0.8823 (0.8823)  loss_fgl_dn_1: 1.0455 (1.0455)  loss_ddf_dn_1: 0.0633 (0.0633)  loss_mal_dn_2: 2.1992 (2.1992)  loss_bbox_dn_2: 0.7717 (0.7717)  loss_giou_dn_2: 0.7831 (0.7831)  loss_fgl_dn_2: 1.0692 (1.0692)  loss_ddf_dn_2: 0.0087 (0.0087)  loss_mal_dn_3: 2.0684 (2.0684)  loss_bbox_dn_3: 0.7683 (0.7683)  loss_giou_dn_3: 0.7664 (0.7664)  loss_fgl_dn_3: 1.0751 (1.0751)  loss_mal_dn_pre: 1.6104 (1.6104)  loss_bbox_dn_pre: 1.0246 (1.0246)  loss_giou_dn_pre: 1.0924 (1.0924)  time: 0.9163  data: 0.7580  max mem: 3583
Epoch: [48]  [7/8]  eta: 0:00:00  lr: 0.000001  loss: 49.9104 (49.9025)  loss_mal: 2.2637 (2.2799)  loss_bbox: 0.6312 (0.5632)  loss_giou: 0.7457 (0.8128)  loss_fgl: 1.0234 (1.0370)  loss_mal_aux_0: 1.9951 (1.9592)  loss_bbox_aux_0: 0.7372 (0.7190)  loss_giou_aux_0: 1.0355 (1.1151)  loss_fgl_aux_0: 1.0155 (0.9932)  loss_ddf_aux_0: 0.2140 (0.2554)  loss_mal_aux_1: 2.2871 (2.3798)  loss_bbox_aux_1: 0.6606 (0.6021)  loss_giou_aux_1: 0.8060 (0.8888)  loss_fgl_aux_1: 1.0107 (1.0252)  loss_ddf_aux_1: 0.0510 (0.0544)  loss_mal_aux_2: 2.5117 (2.4586)  loss_bbox_aux_2: 0.6464 (0.5763)  loss_giou_aux_2: 0.7645 (0.8321)  loss_fgl_aux_2: 1.0058 (1.0276)  loss_ddf_aux_2: 0.0045 (0.0052)  loss_mal_pre: 1.9219 (1.9182)  loss_bbox_pre: 0.6975 (0.7218)  loss_giou_pre: 1.0483 (1.1318)  loss_mal_enc_0: 1.6270 (1.6860)  loss_bbox_enc_0: 0.9362 (0.8536)  loss_giou_enc_0: 1.2575 (1.3217)  loss_mal_dn_0: 1.8682 (1.9999)  loss_bbox_dn_0: 0.7014 (0.7362)  loss_giou_dn_0: 0.9232 (0.9351)  loss_fgl_dn_0: 1.0812 (1.1000)  loss_ddf_dn_0: 0.2641 (0.2881)  loss_mal_dn_1: 2.2051 (2.3760)  loss_bbox_dn_1: 0.5389 (0.5607)  loss_giou_dn_1: 0.6840 (0.7310)  loss_fgl_dn_1: 1.0367 (1.0455)  loss_ddf_dn_1: 0.0620 (0.0598)  loss_mal_dn_2: 2.2559 (2.4724)  loss_bbox_dn_2: 0.4896 (0.5017)  loss_giou_dn_2: 0.5903 (0.6551)  loss_fgl_dn_2: 1.0369 (1.0494)  loss_ddf_dn_2: 0.0070 (0.0080)  loss_mal_dn_3: 2.0840 (2.2982)  loss_bbox_dn_3: 0.4701 (0.4890)  loss_giou_dn_3: 0.5598 (0.6396)  loss_fgl_dn_3: 1.0407 (1.0547)  loss_mal_dn_pre: 1.8779 (1.9943)  loss_bbox_dn_pre: 0.6953 (0.7517)  loss_giou_dn_pre: 0.9415 (0.9380)  time: 0.2445  data: 0.0966  max mem: 3583
Epoch: [48] Total time: 0:00:02 (0.2546 s / it)
Averaged stats: lr: 0.000001  loss: 49.9104 (49.9025)  loss_mal: 2.2637 (2.2799)  loss_bbox: 0.6312 (0.5632)  loss_giou: 0.7457 (0.8128)  loss_fgl: 1.0234 (1.0370)  loss_mal_aux_0: 1.9951 (1.9592)  loss_bbox_aux_0: 0.7372 (0.7190)  loss_giou_aux_0: 1.0355 (1.1151)  loss_fgl_aux_0: 1.0155 (0.9932)  loss_ddf_aux_0: 0.2140 (0.2554)  loss_mal_aux_1: 2.2871 (2.3798)  loss_bbox_aux_1: 0.6606 (0.6021)  loss_giou_aux_1: 0.8060 (0.8888)  loss_fgl_aux_1: 1.0107 (1.0252)  loss_ddf_aux_1: 0.0510 (0.0544)  loss_mal_aux_2: 2.5117 (2.4586)  loss_bbox_aux_2: 0.6464 (0.5763)  loss_giou_aux_2: 0.7645 (0.8321)  loss_fgl_aux_2: 1.0058 (1.0276)  loss_ddf_aux_2: 0.0045 (0.0052)  loss_mal_pre: 1.9219 (1.9182)  loss_bbox_pre: 0.6975 (0.7218)  loss_giou_pre: 1.0483 (1.1318)  loss_mal_enc_0: 1.6270 (1.6860)  loss_bbox_enc_0: 0.9362 (0.8536)  loss_giou_enc_0: 1.2575 (1.3217)  loss_mal_dn_0: 1.8682 (1.9999)  loss_bbox_dn_0: 0.7014 (0.7362)  loss_giou_dn_0: 0.9232 (0.9351)  loss_fgl_dn_0: 1.0812 (1.1000)  loss_ddf_dn_0: 0.2641 (0.2881)  loss_mal_dn_1: 2.2051 (2.3760)  loss_bbox_dn_1: 0.5389 (0.5607)  loss_giou_dn_1: 0.6840 (0.7310)  loss_fgl_dn_1: 1.0367 (1.0455)  loss_ddf_dn_1: 0.0620 (0.0598)  loss_mal_dn_2: 2.2559 (2.4724)  loss_bbox_dn_2: 0.4896 (0.5017)  loss_giou_dn_2: 0.5903 (0.6551)  loss_fgl_dn_2: 1.0369 (1.0494)  loss_ddf_dn_2: 0.0070 (0.0080)  loss_mal_dn_3: 2.0840 (2.2982)  loss_bbox_dn_3: 0.4701 (0.4890)  loss_giou_dn_3: 0.5598 (0.6396)  loss_fgl_dn_3: 1.0407 (1.0547)  loss_mal_dn_pre: 1.8779 (1.9943)  loss_bbox_dn_pre: 0.6953 (0.7517)  loss_giou_dn_pre: 0.9415 (0.9380)
Test:  [0/4]  eta: 0:00:01    time: 0.3720  data: 0.3350  max mem: 3583
Test:  [3/4]  eta: 0:00:00    time: 0.1175  data: 0.0859  max mem: 3583
Test: Total time: 0:00:00 (0.1352 s / it)
Averaged stats: 
Accumulating evaluation results...
COCOeval_opt.accumulate() finished...
DONE (t=0.00s).
IoU metric: bbox
 Average Precision  (AP) @[ IoU=0.50:0.95 | area=   all | maxDets=100 ] = 0.017
 Average Precision  (AP) @[ IoU=0.50      | area=   all | maxDets=100 ] = 0.031
 Average Precision  (AP) @[ IoU=0.75      | area=   all | maxDets=100 ] = 0.026
 Average Precision  (AP) @[ IoU=0.50:0.95 | area= small | maxDets=100 ] = -1.000
 Average Precision  (AP) @[ IoU=0.50:0.95 | area=medium | maxDets=100 ] = -1.000
 Average Precision  (AP) @[ IoU=0.50:0.95 | area= large | maxDets=100 ] = 0.034
 Average Recall     (AR) @[ IoU=0.50:0.95 | area=   all | maxDets=  1 ] = 0.020
 Average Recall     (AR) @[ IoU=0.50:0.95 | area=   all | maxDets= 10 ] = 0.097
 Average Recall     (AR) @[ IoU=0.50:0.95 | area=   all | maxDets=100 ] = 0.167
 Average Recall     (AR) @[ IoU=0.50:0.95 | area= small | maxDets=100 ] = -1.000
 Average Recall     (AR) @[ IoU=0.50:0.95 | area=medium | maxDets=100 ] = -1.000
 Average Recall     (AR) @[ IoU=0.50:0.95 | area= large | maxDets=100 ] = 0.167
 Average Recall     (AR) @[ IoU=0.50      | area=   all | maxDets=100 ] = 0.300
 Average Recall     (AR) @[ IoU=0.75      | area=   all | maxDets=100 ] = 0.200
best_stat: {'epoch': 48, 'coco_eval_bbox': 0.01749067831004672}
Epoch: [49]  [0/8]  eta: 0:00:05  lr: 0.000001  loss: 48.5478 (48.5478)  loss_mal: 1.5049 (1.5049)  loss_bbox: 0.9297 (0.9297)  loss_giou: 1.2657 (1.2657)  loss_fgl: 0.9108 (0.9108)  loss_mal_aux_0: 1.3770 (1.3770)  loss_bbox_aux_0: 1.0317 (1.0317)  loss_giou_aux_0: 1.4168 (1.4168)  loss_fgl_aux_0: 0.8352 (0.8352)  loss_ddf_aux_0: 0.2601 (0.2601)  loss_mal_aux_1: 1.6299 (1.6299)  loss_bbox_aux_1: 0.9260 (0.9260)  loss_giou_aux_1: 1.3083 (1.3083)  loss_fgl_aux_1: 0.8945 (0.8945)  loss_ddf_aux_1: 0.0565 (0.0565)  loss_mal_aux_2: 1.6299 (1.6299)  loss_bbox_aux_2: 0.9200 (0.9200)  loss_giou_aux_2: 1.2681 (1.2681)  loss_fgl_aux_2: 0.9113 (0.9113)  loss_ddf_aux_2: 0.0047 (0.0047)  loss_mal_pre: 1.3682 (1.3682)  loss_bbox_pre: 0.9309 (0.9309)  loss_giou_pre: 1.4540 (1.4540)  loss_mal_enc_0: 1.1865 (1.1865)  loss_bbox_enc_0: 1.0236 (1.0236)  loss_giou_enc_0: 1.6124 (1.6124)  loss_mal_dn_0: 1.7686 (1.7686)  loss_bbox_dn_0: 0.6825 (0.6825)  loss_giou_dn_0: 1.0473 (1.0473)  loss_fgl_dn_0: 1.0669 (1.0669)  loss_ddf_dn_0: 0.3071 (0.3071)  loss_mal_dn_1: 2.0762 (2.0762)  loss_bbox_dn_1: 0.5751 (0.5751)  loss_giou_dn_1: 0.9022 (0.9022)  loss_fgl_dn_1: 1.0349 (1.0349)  loss_ddf_dn_1: 0.0634 (0.0634)  loss_mal_dn_2: 2.0645 (2.0645)  loss_bbox_dn_2: 0.5465 (0.5465)  loss_giou_dn_2: 0.8577 (0.8577)  loss_fgl_dn_2: 1.0434 (1.0434)  loss_ddf_dn_2: 0.0094 (0.0094)  loss_mal_dn_3: 1.9355 (1.9355)  loss_bbox_dn_3: 0.5314 (0.5314)  loss_giou_dn_3: 0.8479 (0.8479)  loss_fgl_dn_3: 1.0465 (1.0465)  loss_mal_dn_pre: 1.7930 (1.7930)  loss_bbox_dn_pre: 0.6590 (0.6590)  loss_giou_dn_pre: 1.0319 (1.0319)  time: 0.6351  data: 0.4545  max mem: 3583
Epoch: [49]  [7/8]  eta: 0:00:00  lr: 0.000001  loss: 49.4887 (49.7929)  loss_mal: 2.1543 (2.2434)  loss_bbox: 0.4134 (0.5581)  loss_giou: 0.6739 (0.8527)  loss_fgl: 0.9391 (0.9875)  loss_mal_aux_0: 2.0176 (2.0497)  loss_bbox_aux_0: 0.5784 (0.6878)  loss_giou_aux_0: 0.8543 (1.1183)  loss_fgl_aux_0: 0.8981 (0.9338)  loss_ddf_aux_0: 0.2601 (0.2807)  loss_mal_aux_1: 2.4766 (2.3987)  loss_bbox_aux_1: 0.4439 (0.5871)  loss_giou_aux_1: 0.6482 (0.9072)  loss_fgl_aux_1: 0.9336 (0.9830)  loss_ddf_aux_1: 0.0514 (0.0577)  loss_mal_aux_2: 2.4375 (2.4359)  loss_bbox_aux_2: 0.4181 (0.5566)  loss_giou_aux_2: 0.6867 (0.8608)  loss_fgl_aux_2: 0.9393 (0.9853)  loss_ddf_aux_2: 0.0047 (0.0056)  loss_mal_pre: 1.9609 (2.0190)  loss_bbox_pre: 0.5758 (0.6687)  loss_giou_pre: 0.8578 (1.1300)  loss_mal_enc_0: 1.7666 (1.7156)  loss_bbox_enc_0: 0.7801 (0.8350)  loss_giou_enc_0: 1.1600 (1.3448)  loss_mal_dn_0: 1.8770 (2.0031)  loss_bbox_dn_0: 0.6825 (0.7015)  loss_giou_dn_0: 0.8676 (0.9368)  loss_fgl_dn_0: 1.1006 (1.1119)  loss_ddf_dn_0: 0.3462 (0.3701)  loss_mal_dn_1: 2.4785 (2.4148)  loss_bbox_dn_1: 0.4248 (0.4919)  loss_giou_dn_1: 0.6687 (0.7084)  loss_fgl_dn_1: 1.0521 (1.0706)  loss_ddf_dn_1: 0.0698 (0.0829)  loss_mal_dn_2: 2.5742 (2.4985)  loss_bbox_dn_2: 0.3562 (0.4279)  loss_giou_dn_2: 0.5786 (0.6296)  loss_fgl_dn_2: 1.0463 (1.0721)  loss_ddf_dn_2: 0.0093 (0.0103)  loss_mal_dn_3: 2.3887 (2.3146)  loss_bbox_dn_3: 0.3310 (0.4110)  loss_giou_dn_3: 0.5617 (0.6096)  loss_fgl_dn_3: 1.0490 (1.0767)  loss_mal_dn_pre: 1.8975 (2.0084)  loss_bbox_dn_pre: 0.6590 (0.7059)  loss_giou_dn_pre: 0.8783 (0.9334)  time: 0.2285  data: 0.0610  max mem: 3583
Epoch: [49] Total time: 0:00:01 (0.2358 s / it)
Averaged stats: lr: 0.000001  loss: 49.4887 (49.7929)  loss_mal: 2.1543 (2.2434)  loss_bbox: 0.4134 (0.5581)  loss_giou: 0.6739 (0.8527)  loss_fgl: 0.9391 (0.9875)  loss_mal_aux_0: 2.0176 (2.0497)  loss_bbox_aux_0: 0.5784 (0.6878)  loss_giou_aux_0: 0.8543 (1.1183)  loss_fgl_aux_0: 0.8981 (0.9338)  loss_ddf_aux_0: 0.2601 (0.2807)  loss_mal_aux_1: 2.4766 (2.3987)  loss_bbox_aux_1: 0.4439 (0.5871)  loss_giou_aux_1: 0.6482 (0.9072)  loss_fgl_aux_1: 0.9336 (0.9830)  loss_ddf_aux_1: 0.0514 (0.0577)  loss_mal_aux_2: 2.4375 (2.4359)  loss_bbox_aux_2: 0.4181 (0.5566)  loss_giou_aux_2: 0.6867 (0.8608)  loss_fgl_aux_2: 0.9393 (0.9853)  loss_ddf_aux_2: 0.0047 (0.0056)  loss_mal_pre: 1.9609 (2.0190)  loss_bbox_pre: 0.5758 (0.6687)  loss_giou_pre: 0.8578 (1.1300)  loss_mal_enc_0: 1.7666 (1.7156)  loss_bbox_enc_0: 0.7801 (0.8350)  loss_giou_enc_0: 1.1600 (1.3448)  loss_mal_dn_0: 1.8770 (2.0031)  loss_bbox_dn_0: 0.6825 (0.7015)  loss_giou_dn_0: 0.8676 (0.9368)  loss_fgl_dn_0: 1.1006 (1.1119)  loss_ddf_dn_0: 0.3462 (0.3701)  loss_mal_dn_1: 2.4785 (2.4148)  loss_bbox_dn_1: 0.4248 (0.4919)  loss_giou_dn_1: 0.6687 (0.7084)  loss_fgl_dn_1: 1.0521 (1.0706)  loss_ddf_dn_1: 0.0698 (0.0829)  loss_mal_dn_2: 2.5742 (2.4985)  loss_bbox_dn_2: 0.3562 (0.4279)  loss_giou_dn_2: 0.5786 (0.6296)  loss_fgl_dn_2: 1.0463 (1.0721)  loss_ddf_dn_2: 0.0093 (0.0103)  loss_mal_dn_3: 2.3887 (2.3146)  loss_bbox_dn_3: 0.3310 (0.4110)  loss_giou_dn_3: 0.5617 (0.6096)  loss_fgl_dn_3: 1.0490 (1.0767)  loss_mal_dn_pre: 1.8975 (2.0084)  loss_bbox_dn_pre: 0.6590 (0.7059)  loss_giou_dn_pre: 0.8783 (0.9334)
Test:  [0/4]  eta: 0:00:01    time: 0.3603  data: 0.3231  max mem: 3583
Test:  [3/4]  eta: 0:00:00    time: 0.1147  data: 0.0831  max mem: 3583
Test: Total time: 0:00:00 (0.1336 s / it)
Averaged stats: 
Accumulating evaluation results...
COCOeval_opt.accumulate() finished...
DONE (t=0.00s).
IoU metric: bbox
 Average Precision  (AP) @[ IoU=0.50:0.95 | area=   all | maxDets=100 ] = 0.048
 Average Precision  (AP) @[ IoU=0.50      | area=   all | maxDets=100 ] = 0.087
 Average Precision  (AP) @[ IoU=0.75      | area=   all | maxDets=100 ] = 0.055
 Average Precision  (AP) @[ IoU=0.50:0.95 | area= small | maxDets=100 ] = -1.000
 Average Precision  (AP) @[ IoU=0.50:0.95 | area=medium | maxDets=100 ] = -1.000
 Average Precision  (AP) @[ IoU=0.50:0.95 | area= large | maxDets=100 ] = 0.053
 Average Recall     (AR) @[ IoU=0.50:0.95 | area=   all | maxDets=  1 ] = 0.077
 Average Recall     (AR) @[ IoU=0.50:0.95 | area=   all | maxDets= 10 ] = 0.173
 Average Recall     (AR) @[ IoU=0.50:0.95 | area=   all | maxDets=100 ] = 0.320
 Average Recall     (AR) @[ IoU=0.50:0.95 | area= small | maxDets=100 ] = -1.000
 Average Recall     (AR) @[ IoU=0.50:0.95 | area=medium | maxDets=100 ] = -1.000
 Average Recall     (AR) @[ IoU=0.50:0.95 | area= large | maxDets=100 ] = 0.320
 Average Recall     (AR) @[ IoU=0.50      | area=   all | maxDets=100 ] = 0.533
 Average Recall     (AR) @[ IoU=0.75      | area=   all | maxDets=100 ] = 0.367
best_stat: {'epoch': 49, 'coco_eval_bbox': 0.04809191641161234}
Epoch: [50]  [0/8]  eta: 0:00:09  lr: 0.000001  loss: 50.8886 (50.8886)  loss_mal: 2.1836 (2.1836)  loss_bbox: 0.6935 (0.6935)  loss_giou: 0.6283 (0.6283)  loss_fgl: 1.1044 (1.1044)  loss_mal_aux_0: 2.0020 (2.0020)  loss_bbox_aux_0: 0.7964 (0.7964)  loss_giou_aux_0: 0.8166 (0.8166)  loss_fgl_aux_0: 1.1606 (1.1606)  loss_ddf_aux_0: 0.1629 (0.1629)  loss_mal_aux_1: 2.3242 (2.3242)  loss_bbox_aux_1: 0.7497 (0.7497)  loss_giou_aux_1: 0.6728 (0.6728)  loss_fgl_aux_1: 1.0863 (1.0863)  loss_ddf_aux_1: 0.0344 (0.0344)  loss_mal_aux_2: 2.3848 (2.3848)  loss_bbox_aux_2: 0.6922 (0.6922)  loss_giou_aux_2: 0.6304 (0.6304)  loss_fgl_aux_2: 1.0997 (1.0997)  loss_ddf_aux_2: 0.0041 (0.0041)  loss_mal_pre: 2.0352 (2.0352)  loss_bbox_pre: 0.8253 (0.8253)  loss_giou_pre: 0.8369 (0.8369)  loss_mal_enc_0: 1.8691 (1.8691)  loss_bbox_enc_0: 1.0134 (1.0134)  loss_giou_enc_0: 1.0347 (1.0347)  loss_mal_dn_0: 2.0098 (2.0098)  loss_bbox_dn_0: 1.0930 (1.0930)  loss_giou_dn_0: 0.9199 (0.9199)  loss_fgl_dn_0: 1.0760 (1.0760)  loss_ddf_dn_0: 0.1590 (0.1590)  loss_mal_dn_1: 2.3262 (2.3262)  loss_bbox_dn_1: 0.9138 (0.9138)  loss_giou_dn_1: 0.7646 (0.7646)  loss_fgl_dn_1: 0.9993 (0.9993)  loss_ddf_dn_1: 0.0370 (0.0370)  loss_mal_dn_2: 2.4551 (2.4551)  loss_bbox_dn_2: 0.8218 (0.8218)  loss_giou_dn_2: 0.6711 (0.6711)  loss_fgl_dn_2: 1.0170 (1.0170)  loss_ddf_dn_2: 0.0066 (0.0066)  loss_mal_dn_3: 2.2793 (2.2793)  loss_bbox_dn_3: 0.7895 (0.7895)  loss_giou_dn_3: 0.6441 (0.6441)  loss_fgl_dn_3: 1.0301 (1.0301)  loss_mal_dn_pre: 2.0156 (2.0156)  loss_bbox_dn_pre: 1.1012 (1.1012)  loss_giou_dn_pre: 0.9173 (0.9173)  time: 1.1449  data: 0.9906  max mem: 3583
Epoch: [50]  [7/8]  eta: 0:00:00  lr: 0.000001  loss: 49.8648 (49.9088)  loss_mal: 2.4004 (2.4231)  loss_bbox: 0.4228 (0.4599)  loss_giou: 0.5931 (0.6267)  loss_fgl: 1.0700 (1.0803)  loss_mal_aux_0: 2.0039 (2.1167)  loss_bbox_aux_0: 0.6913 (0.6656)  loss_giou_aux_0: 0.9043 (0.9276)  loss_fgl_aux_0: 1.0487 (1.0535)  loss_ddf_aux_0: 0.2983 (0.2761)  loss_mal_aux_1: 2.6875 (2.5891)  loss_bbox_aux_1: 0.5611 (0.5243)  loss_giou_aux_1: 0.6728 (0.7036)  loss_fgl_aux_1: 1.0754 (1.0715)  loss_ddf_aux_1: 0.0728 (0.0651)  loss_mal_aux_2: 2.6680 (2.6567)  loss_bbox_aux_2: 0.4359 (0.4640)  loss_giou_aux_2: 0.6019 (0.6362)  loss_fgl_aux_2: 1.0724 (1.0779)  loss_ddf_aux_2: 0.0064 (0.0062)  loss_mal_pre: 2.0352 (2.1440)  loss_bbox_pre: 0.6920 (0.6785)  loss_giou_pre: 0.8724 (0.9427)  loss_mal_enc_0: 1.9824 (1.9431)  loss_bbox_enc_0: 0.8141 (0.8276)  loss_giou_enc_0: 1.1418 (1.1557)  loss_mal_dn_0: 2.0098 (2.1030)  loss_bbox_dn_0: 0.6034 (0.7175)  loss_giou_dn_0: 0.9199 (0.8827)  loss_fgl_dn_0: 1.1094 (1.1293)  loss_ddf_dn_0: 0.2585 (0.2975)  loss_mal_dn_1: 2.4141 (2.4689)  loss_bbox_dn_1: 0.4299 (0.5399)  loss_giou_dn_1: 0.6726 (0.6802)  loss_fgl_dn_1: 1.0722 (1.0731)  loss_ddf_dn_1: 0.0568 (0.0618)  loss_mal_dn_2: 2.5293 (2.5325)  loss_bbox_dn_2: 0.3697 (0.4778)  loss_giou_dn_2: 0.6031 (0.6056)  loss_fgl_dn_2: 1.0651 (1.0696)  loss_ddf_dn_2: 0.0078 (0.0078)  loss_mal_dn_3: 2.2793 (2.3086)  loss_bbox_dn_3: 0.3545 (0.4629)  loss_giou_dn_3: 0.5913 (0.5911)  loss_fgl_dn_3: 1.0700 (1.0750)  loss_mal_dn_pre: 2.0312 (2.1228)  loss_bbox_dn_pre: 0.5881 (0.7117)  loss_giou_dn_pre: 0.9030 (0.8737)  time: 0.2529  data: 0.1248  max mem: 3583
Epoch: [50] Total time: 0:00:02 (0.2636 s / it)
Averaged stats: lr: 0.000001  loss: 49.8648 (49.9088)  loss_mal: 2.4004 (2.4231)  loss_bbox: 0.4228 (0.4599)  loss_giou: 0.5931 (0.6267)  loss_fgl: 1.0700 (1.0803)  loss_mal_aux_0: 2.0039 (2.1167)  loss_bbox_aux_0: 0.6913 (0.6656)  loss_giou_aux_0: 0.9043 (0.9276)  loss_fgl_aux_0: 1.0487 (1.0535)  loss_ddf_aux_0: 0.2983 (0.2761)  loss_mal_aux_1: 2.6875 (2.5891)  loss_bbox_aux_1: 0.5611 (0.5243)  loss_giou_aux_1: 0.6728 (0.7036)  loss_fgl_aux_1: 1.0754 (1.0715)  loss_ddf_aux_1: 0.0728 (0.0651)  loss_mal_aux_2: 2.6680 (2.6567)  loss_bbox_aux_2: 0.4359 (0.4640)  loss_giou_aux_2: 0.6019 (0.6362)  loss_fgl_aux_2: 1.0724 (1.0779)  loss_ddf_aux_2: 0.0064 (0.0062)  loss_mal_pre: 2.0352 (2.1440)  loss_bbox_pre: 0.6920 (0.6785)  loss_giou_pre: 0.8724 (0.9427)  loss_mal_enc_0: 1.9824 (1.9431)  loss_bbox_enc_0: 0.8141 (0.8276)  loss_giou_enc_0: 1.1418 (1.1557)  loss_mal_dn_0: 2.0098 (2.1030)  loss_bbox_dn_0: 0.6034 (0.7175)  loss_giou_dn_0: 0.9199 (0.8827)  loss_fgl_dn_0: 1.1094 (1.1293)  loss_ddf_dn_0: 0.2585 (0.2975)  loss_mal_dn_1: 2.4141 (2.4689)  loss_bbox_dn_1: 0.4299 (0.5399)  loss_giou_dn_1: 0.6726 (0.6802)  loss_fgl_dn_1: 1.0722 (1.0731)  loss_ddf_dn_1: 0.0568 (0.0618)  loss_mal_dn_2: 2.5293 (2.5325)  loss_bbox_dn_2: 0.3697 (0.4778)  loss_giou_dn_2: 0.6031 (0.6056)  loss_fgl_dn_2: 1.0651 (1.0696)  loss_ddf_dn_2: 0.0078 (0.0078)  loss_mal_dn_3: 2.2793 (2.3086)  loss_bbox_dn_3: 0.3545 (0.4629)  loss_giou_dn_3: 0.5913 (0.5911)  loss_fgl_dn_3: 1.0700 (1.0750)  loss_mal_dn_pre: 2.0312 (2.1228)  loss_bbox_dn_pre: 0.5881 (0.7117)  loss_giou_dn_pre: 0.9030 (0.8737)
Test:  [0/4]  eta: 0:00:01    time: 0.4097  data: 0.3667  max mem: 3583
Test:  [3/4]  eta: 0:00:00    time: 0.1333  data: 0.0935  max mem: 3583
Test: Total time: 0:00:00 (0.1511 s / it)
Averaged stats: 
Accumulating evaluation results...
COCOeval_opt.accumulate() finished...
DONE (t=0.00s).
IoU metric: bbox
 Average Precision  (AP) @[ IoU=0.50:0.95 | area=   all | maxDets=100 ] = 0.059
 Average Precision  (AP) @[ IoU=0.50      | area=   all | maxDets=100 ] = 0.127
 Average Precision  (AP) @[ IoU=0.75      | area=   all | maxDets=100 ] = 0.060
 Average Precision  (AP) @[ IoU=0.50:0.95 | area= small | maxDets=100 ] = -1.000
 Average Precision  (AP) @[ IoU=0.50:0.95 | area=medium | maxDets=100 ] = -1.000
 Average Precision  (AP) @[ IoU=0.50:0.95 | area= large | maxDets=100 ] = 0.070
 Average Recall     (AR) @[ IoU=0.50:0.95 | area=   all | maxDets=  1 ] = 0.123
 Average Recall     (AR) @[ IoU=0.50:0.95 | area=   all | maxDets= 10 ] = 0.280
 Average Recall     (AR) @[ IoU=0.50:0.95 | area=   all | maxDets=100 ] = 0.423
 Average Recall     (AR) @[ IoU=0.50:0.95 | area= small | maxDets=100 ] = -1.000
 Average Recall     (AR) @[ IoU=0.50:0.95 | area=medium | maxDets=100 ] = -1.000
 Average Recall     (AR) @[ IoU=0.50:0.95 | area= large | maxDets=100 ] = 0.423
 Average Recall     (AR) @[ IoU=0.50      | area=   all | maxDets=100 ] = 0.633
 Average Recall     (AR) @[ IoU=0.75      | area=   all | maxDets=100 ] = 0.467
best_stat: {'epoch': 50, 'coco_eval_bbox': 0.05910369448316175}
Epoch: [51]  [0/8]  eta: 0:00:07  lr: 0.000001  loss: 50.9870 (50.9870)  loss_mal: 2.8242 (2.8242)  loss_bbox: 0.2161 (0.2161)  loss_giou: 0.3635 (0.3635)  loss_fgl: 1.1536 (1.1536)  loss_mal_aux_0: 2.9570 (2.9570)  loss_bbox_aux_0: 0.4084 (0.4084)  loss_giou_aux_0: 0.6421 (0.6421)  loss_fgl_aux_0: 1.1860 (1.1860)  loss_ddf_aux_0: 0.3829 (0.3829)  loss_mal_aux_1: 3.0527 (3.0527)  loss_bbox_aux_1: 0.2840 (0.2840)  loss_giou_aux_1: 0.4320 (0.4320)  loss_fgl_aux_1: 1.1666 (1.1666)  loss_ddf_aux_1: 0.0760 (0.0760)  loss_mal_aux_2: 3.1055 (3.1055)  loss_bbox_aux_2: 0.2180 (0.2180)  loss_giou_aux_2: 0.3735 (0.3735)  loss_fgl_aux_2: 1.1458 (1.1458)  loss_ddf_aux_2: 0.0070 (0.0070)  loss_mal_pre: 2.9277 (2.9277)  loss_bbox_pre: 0.4210 (0.4210)  loss_giou_pre: 0.6596 (0.6596)  loss_mal_enc_0: 2.5000 (2.5000)  loss_bbox_enc_0: 0.6014 (0.6014)  loss_giou_enc_0: 0.9489 (0.9489)  loss_mal_dn_0: 2.0000 (2.0000)  loss_bbox_dn_0: 0.7716 (0.7716)  loss_giou_dn_0: 0.9313 (0.9313)  loss_fgl_dn_0: 1.1496 (1.1496)  loss_ddf_dn_0: 0.4777 (0.4777)  loss_mal_dn_1: 2.4609 (2.4609)  loss_bbox_dn_1: 0.5274 (0.5274)  loss_giou_dn_1: 0.6598 (0.6598)  loss_fgl_dn_1: 1.1024 (1.1024)  loss_ddf_dn_1: 0.1044 (0.1044)  loss_mal_dn_2: 2.5352 (2.5352)  loss_bbox_dn_2: 0.4459 (0.4459)  loss_giou_dn_2: 0.5690 (0.5690)  loss_fgl_dn_2: 1.0919 (1.0919)  loss_ddf_dn_2: 0.0142 (0.0142)  loss_mal_dn_3: 2.3145 (2.3145)  loss_bbox_dn_3: 0.4234 (0.4234)  loss_giou_dn_3: 0.5419 (0.5419)  loss_fgl_dn_3: 1.1017 (1.1017)  loss_mal_dn_pre: 2.0078 (2.0078)  loss_bbox_dn_pre: 0.7754 (0.7754)  loss_giou_dn_pre: 0.9272 (0.9272)  time: 0.9019  data: 0.7447  max mem: 3583
Epoch: [51]  [7/8]  eta: 0:00:00  lr: 0.000001  loss: 50.6131 (50.6061)  loss_mal: 2.0508 (2.3149)  loss_bbox: 0.5176 (0.5403)  loss_giou: 0.6649 (0.6761)  loss_fgl: 1.0508 (1.0612)  loss_mal_aux_0: 2.0449 (2.2750)  loss_bbox_aux_0: 0.6312 (0.7340)  loss_giou_aux_0: 1.0059 (0.9470)  loss_fgl_aux_0: 0.9863 (1.0450)  loss_ddf_aux_0: 0.2952 (0.2908)  loss_mal_aux_1: 2.3340 (2.5504)  loss_bbox_aux_1: 0.5565 (0.6074)  loss_giou_aux_1: 0.7353 (0.7402)  loss_fgl_aux_1: 1.0334 (1.0525)  loss_ddf_aux_1: 0.0542 (0.0609)  loss_mal_aux_2: 2.3301 (2.5762)  loss_bbox_aux_2: 0.5346 (0.5556)  loss_giou_aux_2: 0.6758 (0.6835)  loss_fgl_aux_2: 1.0527 (1.0579)  loss_ddf_aux_2: 0.0063 (0.0062)  loss_mal_pre: 1.9668 (2.2532)  loss_bbox_pre: 0.6077 (0.7230)  loss_giou_pre: 1.0048 (0.9602)  loss_mal_enc_0: 1.7705 (1.8195)  loss_bbox_enc_0: 0.8071 (0.9189)  loss_giou_enc_0: 1.2231 (1.2353)  loss_mal_dn_0: 2.0000 (2.0480)  loss_bbox_dn_0: 0.6808 (0.7795)  loss_giou_dn_0: 0.9212 (0.9132)  loss_fgl_dn_0: 1.1382 (1.1331)  loss_ddf_dn_0: 0.3427 (0.3251)  loss_mal_dn_1: 2.3711 (2.4521)  loss_bbox_dn_1: 0.5032 (0.5893)  loss_giou_dn_1: 0.6598 (0.6833)  loss_fgl_dn_1: 1.1024 (1.0850)  loss_ddf_dn_1: 0.0673 (0.0754)  loss_mal_dn_2: 2.3574 (2.4622)  loss_bbox_dn_2: 0.4459 (0.5167)  loss_giou_dn_2: 0.5690 (0.6108)  loss_fgl_dn_2: 1.0919 (1.0850)  loss_ddf_dn_2: 0.0100 (0.0104)  loss_mal_dn_3: 2.1562 (2.2244)  loss_bbox_dn_3: 0.4234 (0.4959)  loss_giou_dn_3: 0.5419 (0.5892)  loss_fgl_dn_3: 1.1067 (1.0936)  loss_mal_dn_pre: 2.0078 (2.0645)  loss_bbox_dn_pre: 0.6711 (0.7797)  loss_giou_dn_pre: 0.9262 (0.9046)  time: 0.2460  data: 0.0951  max mem: 3583
Epoch: [51] Total time: 0:00:02 (0.2535 s / it)
Averaged stats: lr: 0.000001  loss: 50.6131 (50.6061)  loss_mal: 2.0508 (2.3149)  loss_bbox: 0.5176 (0.5403)  loss_giou: 0.6649 (0.6761)  loss_fgl: 1.0508 (1.0612)  loss_mal_aux_0: 2.0449 (2.2750)  loss_bbox_aux_0: 0.6312 (0.7340)  loss_giou_aux_0: 1.0059 (0.9470)  loss_fgl_aux_0: 0.9863 (1.0450)  loss_ddf_aux_0: 0.2952 (0.2908)  loss_mal_aux_1: 2.3340 (2.5504)  loss_bbox_aux_1: 0.5565 (0.6074)  loss_giou_aux_1: 0.7353 (0.7402)  loss_fgl_aux_1: 1.0334 (1.0525)  loss_ddf_aux_1: 0.0542 (0.0609)  loss_mal_aux_2: 2.3301 (2.5762)  loss_bbox_aux_2: 0.5346 (0.5556)  loss_giou_aux_2: 0.6758 (0.6835)  loss_fgl_aux_2: 1.0527 (1.0579)  loss_ddf_aux_2: 0.0063 (0.0062)  loss_mal_pre: 1.9668 (2.2532)  loss_bbox_pre: 0.6077 (0.7230)  loss_giou_pre: 1.0048 (0.9602)  loss_mal_enc_0: 1.7705 (1.8195)  loss_bbox_enc_0: 0.8071 (0.9189)  loss_giou_enc_0: 1.2231 (1.2353)  loss_mal_dn_0: 2.0000 (2.0480)  loss_bbox_dn_0: 0.6808 (0.7795)  loss_giou_dn_0: 0.9212 (0.9132)  loss_fgl_dn_0: 1.1382 (1.1331)  loss_ddf_dn_0: 0.3427 (0.3251)  loss_mal_dn_1: 2.3711 (2.4521)  loss_bbox_dn_1: 0.5032 (0.5893)  loss_giou_dn_1: 0.6598 (0.6833)  loss_fgl_dn_1: 1.1024 (1.0850)  loss_ddf_dn_1: 0.0673 (0.0754)  loss_mal_dn_2: 2.3574 (2.4622)  loss_bbox_dn_2: 0.4459 (0.5167)  loss_giou_dn_2: 0.5690 (0.6108)  loss_fgl_dn_2: 1.0919 (1.0850)  loss_ddf_dn_2: 0.0100 (0.0104)  loss_mal_dn_3: 2.1562 (2.2244)  loss_bbox_dn_3: 0.4234 (0.4959)  loss_giou_dn_3: 0.5419 (0.5892)  loss_fgl_dn_3: 1.1067 (1.0936)  loss_mal_dn_pre: 2.0078 (2.0645)  loss_bbox_dn_pre: 0.6711 (0.7797)  loss_giou_dn_pre: 0.9262 (0.9046)
Test:  [0/4]  eta: 0:00:01    time: 0.3639  data: 0.3246  max mem: 3583
Test:  [3/4]  eta: 0:00:00    time: 0.1644  data: 0.0833  max mem: 3583
Test: Total time: 0:00:00 (0.1828 s / it)
Averaged stats: 
Accumulating evaluation results...
COCOeval_opt.accumulate() finished...
DONE (t=0.00s).
IoU metric: bbox
 Average Precision  (AP) @[ IoU=0.50:0.95 | area=   all | maxDets=100 ] = 0.113
 Average Precision  (AP) @[ IoU=0.50      | area=   all | maxDets=100 ] = 0.151
 Average Precision  (AP) @[ IoU=0.75      | area=   all | maxDets=100 ] = 0.139
 Average Precision  (AP) @[ IoU=0.50:0.95 | area= small | maxDets=100 ] = -1.000
 Average Precision  (AP) @[ IoU=0.50:0.95 | area=medium | maxDets=100 ] = -1.000
 Average Precision  (AP) @[ IoU=0.50:0.95 | area= large | maxDets=100 ] = 0.117
 Average Recall     (AR) @[ IoU=0.50:0.95 | area=   all | maxDets=  1 ] = 0.190
 Average Recall     (AR) @[ IoU=0.50:0.95 | area=   all | maxDets= 10 ] = 0.367
 Average Recall     (AR) @[ IoU=0.50:0.95 | area=   all | maxDets=100 ] = 0.490
 Average Recall     (AR) @[ IoU=0.50:0.95 | area= small | maxDets=100 ] = -1.000
 Average Recall     (AR) @[ IoU=0.50:0.95 | area=medium | maxDets=100 ] = -1.000
 Average Recall     (AR) @[ IoU=0.50:0.95 | area= large | maxDets=100 ] = 0.490
 Average Recall     (AR) @[ IoU=0.50      | area=   all | maxDets=100 ] = 0.633
 Average Recall     (AR) @[ IoU=0.75      | area=   all | maxDets=100 ] = 0.600
best_stat: {'epoch': 51, 'coco_eval_bbox': 0.11309263274897155}
Epoch: [52]  [0/8]  eta: 0:00:07  lr: 0.000001  loss: 52.0261 (52.0261)  loss_mal: 2.0820 (2.0820)  loss_bbox: 0.8253 (0.8253)  loss_giou: 0.8897 (0.8897)  loss_fgl: 1.0697 (1.0697)  loss_mal_aux_0: 1.8018 (1.8018)  loss_bbox_aux_0: 1.0404 (1.0404)  loss_giou_aux_0: 1.1539 (1.1539)  loss_fgl_aux_0: 1.0458 (1.0458)  loss_ddf_aux_0: 0.2464 (0.2464)  loss_mal_aux_1: 2.1406 (2.1406)  loss_bbox_aux_1: 0.9285 (0.9285)  loss_giou_aux_1: 0.9911 (0.9911)  loss_fgl_aux_1: 1.0622 (1.0622)  loss_ddf_aux_1: 0.0565 (0.0565)  loss_mal_aux_2: 2.2695 (2.2695)  loss_bbox_aux_2: 0.8140 (0.8140)  loss_giou_aux_2: 0.8896 (0.8896)  loss_fgl_aux_2: 1.0787 (1.0787)  loss_ddf_aux_2: 0.0089 (0.0089)  loss_mal_pre: 1.7637 (1.7637)  loss_bbox_pre: 0.9544 (0.9544)  loss_giou_pre: 1.1714 (1.1714)  loss_mal_enc_0: 1.5674 (1.5674)  loss_bbox_enc_0: 1.1939 (1.1939)  loss_giou_enc_0: 1.3951 (1.3951)  loss_mal_dn_0: 2.1055 (2.1055)  loss_bbox_dn_0: 0.8054 (0.8054)  loss_giou_dn_0: 0.8816 (0.8816)  loss_fgl_dn_0: 1.1917 (1.1917)  loss_ddf_dn_0: 0.2776 (0.2776)  loss_mal_dn_1: 2.4160 (2.4160)  loss_bbox_dn_1: 0.7034 (0.7034)  loss_giou_dn_1: 0.6847 (0.6847)  loss_fgl_dn_1: 1.1258 (1.1258)  loss_ddf_dn_1: 0.0628 (0.0628)  loss_mal_dn_2: 2.4688 (2.4688)  loss_bbox_dn_2: 0.6669 (0.6669)  loss_giou_dn_2: 0.6236 (0.6236)  loss_fgl_dn_2: 1.1181 (1.1181)  loss_ddf_dn_2: 0.0094 (0.0094)  loss_mal_dn_3: 2.2676 (2.2676)  loss_bbox_dn_3: 0.6432 (0.6432)  loss_giou_dn_3: 0.6059 (0.6059)  loss_fgl_dn_3: 1.1242 (1.1242)  loss_mal_dn_pre: 2.1035 (2.1035)  loss_bbox_dn_pre: 0.8170 (0.8170)  loss_giou_dn_pre: 0.8827 (0.8827)  time: 0.8767  data: 0.6530  max mem: 3583
Epoch: [52]  [7/8]  eta: 0:00:00  lr: 0.000001  loss: 50.0841 (49.7454)  loss_mal: 2.0820 (2.1783)  loss_bbox: 0.5848 (0.5714)  loss_giou: 0.7325 (0.7285)  loss_fgl: 1.0661 (1.0445)  loss_mal_aux_0: 1.8164 (2.0823)  loss_bbox_aux_0: 0.7126 (0.7722)  loss_giou_aux_0: 0.9899 (0.9992)  loss_fgl_aux_0: 0.9857 (1.0026)  loss_ddf_aux_0: 0.2611 (0.2807)  loss_mal_aux_1: 2.2852 (2.3887)  loss_bbox_aux_1: 0.6433 (0.6362)  loss_giou_aux_1: 0.8032 (0.7998)  loss_fgl_aux_1: 1.0381 (1.0260)  loss_ddf_aux_1: 0.0565 (0.0676)  loss_mal_aux_2: 2.2695 (2.4102)  loss_bbox_aux_2: 0.6156 (0.5823)  loss_giou_aux_2: 0.7439 (0.7397)  loss_fgl_aux_2: 1.0495 (1.0381)  loss_ddf_aux_2: 0.0088 (0.0079)  loss_mal_pre: 1.7793 (2.0677)  loss_bbox_pre: 0.7376 (0.7711)  loss_giou_pre: 0.9984 (1.0196)  loss_mal_enc_0: 1.5049 (1.6985)  loss_bbox_enc_0: 0.8602 (0.9543)  loss_giou_enc_0: 1.2890 (1.2894)  loss_mal_dn_0: 1.9785 (1.9843)  loss_bbox_dn_0: 0.7765 (0.7550)  loss_giou_dn_0: 0.8816 (0.9248)  loss_fgl_dn_0: 1.0941 (1.1341)  loss_ddf_dn_0: 0.2964 (0.3373)  loss_mal_dn_1: 2.3867 (2.3625)  loss_bbox_dn_1: 0.5093 (0.5890)  loss_giou_dn_1: 0.6668 (0.7039)  loss_fgl_dn_1: 1.0601 (1.0808)  loss_ddf_dn_1: 0.0666 (0.0788)  loss_mal_dn_2: 2.4082 (2.3848)  loss_bbox_dn_2: 0.4351 (0.5168)  loss_giou_dn_2: 0.6192 (0.6265)  loss_fgl_dn_2: 1.0706 (1.0840)  loss_ddf_dn_2: 0.0110 (0.0116)  loss_mal_dn_3: 2.1602 (2.1483)  loss_bbox_dn_3: 0.4340 (0.4968)  loss_giou_dn_3: 0.5937 (0.6046)  loss_fgl_dn_3: 1.0823 (1.0921)  loss_mal_dn_pre: 2.0195 (1.9923)  loss_bbox_dn_pre: 0.7527 (0.7592)  loss_giou_dn_pre: 0.8827 (0.9212)  time: 0.2653  data: 0.0868  max mem: 3583
Epoch: [52] Total time: 0:00:02 (0.2771 s / it)
Averaged stats: lr: 0.000001  loss: 50.0841 (49.7454)  loss_mal: 2.0820 (2.1783)  loss_bbox: 0.5848 (0.5714)  loss_giou: 0.7325 (0.7285)  loss_fgl: 1.0661 (1.0445)  loss_mal_aux_0: 1.8164 (2.0823)  loss_bbox_aux_0: 0.7126 (0.7722)  loss_giou_aux_0: 0.9899 (0.9992)  loss_fgl_aux_0: 0.9857 (1.0026)  loss_ddf_aux_0: 0.2611 (0.2807)  loss_mal_aux_1: 2.2852 (2.3887)  loss_bbox_aux_1: 0.6433 (0.6362)  loss_giou_aux_1: 0.8032 (0.7998)  loss_fgl_aux_1: 1.0381 (1.0260)  loss_ddf_aux_1: 0.0565 (0.0676)  loss_mal_aux_2: 2.2695 (2.4102)  loss_bbox_aux_2: 0.6156 (0.5823)  loss_giou_aux_2: 0.7439 (0.7397)  loss_fgl_aux_2: 1.0495 (1.0381)  loss_ddf_aux_2: 0.0088 (0.0079)  loss_mal_pre: 1.7793 (2.0677)  loss_bbox_pre: 0.7376 (0.7711)  loss_giou_pre: 0.9984 (1.0196)  loss_mal_enc_0: 1.5049 (1.6985)  loss_bbox_enc_0: 0.8602 (0.9543)  loss_giou_enc_0: 1.2890 (1.2894)  loss_mal_dn_0: 1.9785 (1.9843)  loss_bbox_dn_0: 0.7765 (0.7550)  loss_giou_dn_0: 0.8816 (0.9248)  loss_fgl_dn_0: 1.0941 (1.1341)  loss_ddf_dn_0: 0.2964 (0.3373)  loss_mal_dn_1: 2.3867 (2.3625)  loss_bbox_dn_1: 0.5093 (0.5890)  loss_giou_dn_1: 0.6668 (0.7039)  loss_fgl_dn_1: 1.0601 (1.0808)  loss_ddf_dn_1: 0.0666 (0.0788)  loss_mal_dn_2: 2.4082 (2.3848)  loss_bbox_dn_2: 0.4351 (0.5168)  loss_giou_dn_2: 0.6192 (0.6265)  loss_fgl_dn_2: 1.0706 (1.0840)  loss_ddf_dn_2: 0.0110 (0.0116)  loss_mal_dn_3: 2.1602 (2.1483)  loss_bbox_dn_3: 0.4340 (0.4968)  loss_giou_dn_3: 0.5937 (0.6046)  loss_fgl_dn_3: 1.0823 (1.0921)  loss_mal_dn_pre: 2.0195 (1.9923)  loss_bbox_dn_pre: 0.7527 (0.7592)  loss_giou_dn_pre: 0.8827 (0.9212)
Test:  [0/4]  eta: 0:00:01    time: 0.3786  data: 0.3406  max mem: 3583
Test:  [3/4]  eta: 0:00:00    time: 0.1194  data: 0.0872  max mem: 3583
Test: Total time: 0:00:00 (0.1403 s / it)
Averaged stats: 
Accumulating evaluation results...
COCOeval_opt.accumulate() finished...
DONE (t=0.00s).
IoU metric: bbox
 Average Precision  (AP) @[ IoU=0.50:0.95 | area=   all | maxDets=100 ] = 0.088
 Average Precision  (AP) @[ IoU=0.50      | area=   all | maxDets=100 ] = 0.137
 Average Precision  (AP) @[ IoU=0.75      | area=   all | maxDets=100 ] = 0.085
 Average Precision  (AP) @[ IoU=0.50:0.95 | area= small | maxDets=100 ] = -1.000
 Average Precision  (AP) @[ IoU=0.50:0.95 | area=medium | maxDets=100 ] = -1.000
 Average Precision  (AP) @[ IoU=0.50:0.95 | area= large | maxDets=100 ] = 0.097
 Average Recall     (AR) @[ IoU=0.50:0.95 | area=   all | maxDets=  1 ] = 0.167
 Average Recall     (AR) @[ IoU=0.50:0.95 | area=   all | maxDets= 10 ] = 0.417
 Average Recall     (AR) @[ IoU=0.50:0.95 | area=   all | maxDets=100 ] = 0.453
 Average Recall     (AR) @[ IoU=0.50:0.95 | area= small | maxDets=100 ] = -1.000
 Average Recall     (AR) @[ IoU=0.50:0.95 | area=medium | maxDets=100 ] = -1.000
 Average Recall     (AR) @[ IoU=0.50:0.95 | area= large | maxDets=100 ] = 0.453
 Average Recall     (AR) @[ IoU=0.50      | area=   all | maxDets=100 ] = 0.633
 Average Recall     (AR) @[ IoU=0.75      | area=   all | maxDets=100 ] = 0.467
best_stat: {'epoch': 51, 'coco_eval_bbox': 0.11309263274897155}
Epoch: [53]  [0/8]  eta: 0:00:05  lr: 0.000001  loss: 47.2999 (47.2999)  loss_mal: 1.9160 (1.9160)  loss_bbox: 0.5220 (0.5220)  loss_giou: 0.8231 (0.8231)  loss_fgl: 1.0632 (1.0632)  loss_mal_aux_0: 1.7666 (1.7666)  loss_bbox_aux_0: 0.6744 (0.6744)  loss_giou_aux_0: 1.1254 (1.1254)  loss_fgl_aux_0: 0.9487 (0.9487)  loss_ddf_aux_0: 0.2735 (0.2735)  loss_mal_aux_1: 2.2363 (2.2363)  loss_bbox_aux_1: 0.5827 (0.5827)  loss_giou_aux_1: 0.8991 (0.8991)  loss_fgl_aux_1: 1.0333 (1.0333)  loss_ddf_aux_1: 0.0631 (0.0631)  loss_mal_aux_2: 2.2285 (2.2285)  loss_bbox_aux_2: 0.5360 (0.5360)  loss_giou_aux_2: 0.8450 (0.8450)  loss_fgl_aux_2: 1.0492 (1.0492)  loss_ddf_aux_2: 0.0089 (0.0089)  loss_mal_pre: 1.7617 (1.7617)  loss_bbox_pre: 0.6632 (0.6632)  loss_giou_pre: 1.1252 (1.1252)  loss_mal_enc_0: 1.5068 (1.5068)  loss_bbox_enc_0: 0.7419 (0.7419)  loss_giou_enc_0: 1.3215 (1.3215)  loss_mal_dn_0: 1.9922 (1.9922)  loss_bbox_dn_0: 0.5881 (0.5881)  loss_giou_dn_0: 0.9367 (0.9367)  loss_fgl_dn_0: 1.0560 (1.0560)  loss_ddf_dn_0: 0.3228 (0.3228)  loss_mal_dn_1: 2.2793 (2.2793)  loss_bbox_dn_1: 0.4448 (0.4448)  loss_giou_dn_1: 0.7543 (0.7543)  loss_fgl_dn_1: 1.0545 (1.0545)  loss_ddf_dn_1: 0.0779 (0.0779)  loss_mal_dn_2: 2.3203 (2.3203)  loss_bbox_dn_2: 0.3825 (0.3825)  loss_giou_dn_2: 0.6656 (0.6656)  loss_fgl_dn_2: 1.0677 (1.0677)  loss_ddf_dn_2: 0.0103 (0.0103)  loss_mal_dn_3: 2.0137 (2.0137)  loss_bbox_dn_3: 0.3735 (0.3735)  loss_giou_dn_3: 0.6496 (0.6496)  loss_fgl_dn_3: 1.0756 (1.0756)  loss_mal_dn_pre: 2.0000 (2.0000)  loss_bbox_dn_pre: 0.5838 (0.5838)  loss_giou_dn_pre: 0.9355 (0.9355)  time: 0.6875  data: 0.5225  max mem: 3583
Epoch: [53]  [7/8]  eta: 0:00:00  lr: 0.000001  loss: 48.2272 (49.0008)  loss_mal: 1.9863 (2.1580)  loss_bbox: 0.4203 (0.5152)  loss_giou: 0.7388 (0.7169)  loss_fgl: 0.9738 (1.0052)  loss_mal_aux_0: 1.8438 (2.1085)  loss_bbox_aux_0: 0.6163 (0.6969)  loss_giou_aux_0: 1.0215 (0.9985)  loss_fgl_aux_0: 1.0080 (1.0168)  loss_ddf_aux_0: 0.2735 (0.2997)  loss_mal_aux_1: 2.2422 (2.4365)  loss_bbox_aux_1: 0.4350 (0.5689)  loss_giou_aux_1: 0.8021 (0.7961)  loss_fgl_aux_1: 0.9681 (0.9988)  loss_ddf_aux_1: 0.0631 (0.0662)  loss_mal_aux_2: 2.2949 (2.4680)  loss_bbox_aux_2: 0.4414 (0.5273)  loss_giou_aux_2: 0.7593 (0.7323)  loss_fgl_aux_2: 0.9780 (0.9981)  loss_ddf_aux_2: 0.0079 (0.0085)  loss_mal_pre: 1.8887 (2.1174)  loss_bbox_pre: 0.6563 (0.7018)  loss_giou_pre: 1.0705 (1.0219)  loss_mal_enc_0: 1.7422 (1.9088)  loss_bbox_enc_0: 0.7419 (0.8183)  loss_giou_enc_0: 1.2363 (1.2400)  loss_mal_dn_0: 1.9922 (2.1725)  loss_bbox_dn_0: 0.5710 (0.6053)  loss_giou_dn_0: 0.8278 (0.8465)  loss_fgl_dn_0: 1.1108 (1.1226)  loss_ddf_dn_0: 0.3358 (0.3563)  loss_mal_dn_1: 2.3340 (2.4836)  loss_bbox_dn_1: 0.4448 (0.4444)  loss_giou_dn_1: 0.5832 (0.6308)  loss_fgl_dn_1: 1.0545 (1.0690)  loss_ddf_dn_1: 0.0779 (0.0778)  loss_mal_dn_2: 2.3477 (2.4810)  loss_bbox_dn_2: 0.3825 (0.3808)  loss_giou_dn_2: 0.5186 (0.5564)  loss_fgl_dn_2: 1.0617 (1.0614)  loss_ddf_dn_2: 0.0109 (0.0118)  loss_mal_dn_3: 2.0430 (2.1759)  loss_bbox_dn_3: 0.3735 (0.3656)  loss_giou_dn_3: 0.4987 (0.5361)  loss_fgl_dn_3: 1.0702 (1.0679)  loss_mal_dn_pre: 2.0000 (2.1831)  loss_bbox_dn_pre: 0.5838 (0.6044)  loss_giou_dn_pre: 0.8173 (0.8428)  time: 0.2837  data: 0.1351  max mem: 3583
Epoch: [53] Total time: 0:00:02 (0.2937 s / it)
Averaged stats: lr: 0.000001  loss: 48.2272 (49.0008)  loss_mal: 1.9863 (2.1580)  loss_bbox: 0.4203 (0.5152)  loss_giou: 0.7388 (0.7169)  loss_fgl: 0.9738 (1.0052)  loss_mal_aux_0: 1.8438 (2.1085)  loss_bbox_aux_0: 0.6163 (0.6969)  loss_giou_aux_0: 1.0215 (0.9985)  loss_fgl_aux_0: 1.0080 (1.0168)  loss_ddf_aux_0: 0.2735 (0.2997)  loss_mal_aux_1: 2.2422 (2.4365)  loss_bbox_aux_1: 0.4350 (0.5689)  loss_giou_aux_1: 0.8021 (0.7961)  loss_fgl_aux_1: 0.9681 (0.9988)  loss_ddf_aux_1: 0.0631 (0.0662)  loss_mal_aux_2: 2.2949 (2.4680)  loss_bbox_aux_2: 0.4414 (0.5273)  loss_giou_aux_2: 0.7593 (0.7323)  loss_fgl_aux_2: 0.9780 (0.9981)  loss_ddf_aux_2: 0.0079 (0.0085)  loss_mal_pre: 1.8887 (2.1174)  loss_bbox_pre: 0.6563 (0.7018)  loss_giou_pre: 1.0705 (1.0219)  loss_mal_enc_0: 1.7422 (1.9088)  loss_bbox_enc_0: 0.7419 (0.8183)  loss_giou_enc_0: 1.2363 (1.2400)  loss_mal_dn_0: 1.9922 (2.1725)  loss_bbox_dn_0: 0.5710 (0.6053)  loss_giou_dn_0: 0.8278 (0.8465)  loss_fgl_dn_0: 1.1108 (1.1226)  loss_ddf_dn_0: 0.3358 (0.3563)  loss_mal_dn_1: 2.3340 (2.4836)  loss_bbox_dn_1: 0.4448 (0.4444)  loss_giou_dn_1: 0.5832 (0.6308)  loss_fgl_dn_1: 1.0545 (1.0690)  loss_ddf_dn_1: 0.0779 (0.0778)  loss_mal_dn_2: 2.3477 (2.4810)  loss_bbox_dn_2: 0.3825 (0.3808)  loss_giou_dn_2: 0.5186 (0.5564)  loss_fgl_dn_2: 1.0617 (1.0614)  loss_ddf_dn_2: 0.0109 (0.0118)  loss_mal_dn_3: 2.0430 (2.1759)  loss_bbox_dn_3: 0.3735 (0.3656)  loss_giou_dn_3: 0.4987 (0.5361)  loss_fgl_dn_3: 1.0702 (1.0679)  loss_mal_dn_pre: 2.0000 (2.1831)  loss_bbox_dn_pre: 0.5838 (0.6044)  loss_giou_dn_pre: 0.8173 (0.8428)
Test:  [0/4]  eta: 0:00:01    time: 0.3895  data: 0.3511  max mem: 3583
Test:  [3/4]  eta: 0:00:00    time: 0.1240  data: 0.0900  max mem: 3583
Test: Total time: 0:00:00 (0.1428 s / it)
Averaged stats: 
Accumulating evaluation results...
COCOeval_opt.accumulate() finished...
DONE (t=0.00s).
IoU metric: bbox
 Average Precision  (AP) @[ IoU=0.50:0.95 | area=   all | maxDets=100 ] = 0.105
 Average Precision  (AP) @[ IoU=0.50      | area=   all | maxDets=100 ] = 0.161
 Average Precision  (AP) @[ IoU=0.75      | area=   all | maxDets=100 ] = 0.107
 Average Precision  (AP) @[ IoU=0.50:0.95 | area= small | maxDets=100 ] = -1.000
 Average Precision  (AP) @[ IoU=0.50:0.95 | area=medium | maxDets=100 ] = -1.000
 Average Precision  (AP) @[ IoU=0.50:0.95 | area= large | maxDets=100 ] = 0.107
 Average Recall     (AR) @[ IoU=0.50:0.95 | area=   all | maxDets=  1 ] = 0.210
 Average Recall     (AR) @[ IoU=0.50:0.95 | area=   all | maxDets= 10 ] = 0.377
 Average Recall     (AR) @[ IoU=0.50:0.95 | area=   all | maxDets=100 ] = 0.440
 Average Recall     (AR) @[ IoU=0.50:0.95 | area= small | maxDets=100 ] = -1.000
 Average Recall     (AR) @[ IoU=0.50:0.95 | area=medium | maxDets=100 ] = -1.000
 Average Recall     (AR) @[ IoU=0.50:0.95 | area= large | maxDets=100 ] = 0.440
 Average Recall     (AR) @[ IoU=0.50      | area=   all | maxDets=100 ] = 0.633
 Average Recall     (AR) @[ IoU=0.75      | area=   all | maxDets=100 ] = 0.500
best_stat: {'epoch': 51, 'coco_eval_bbox': 0.11309263274897155}
Epoch: [54]  [0/8]  eta: 0:00:05  lr: 0.000001  loss: 49.1855 (49.1855)  loss_mal: 2.5039 (2.5039)  loss_bbox: 0.1946 (0.1946)  loss_giou: 0.3713 (0.3713)  loss_fgl: 1.0429 (1.0429)  loss_mal_aux_0: 2.8047 (2.8047)  loss_bbox_aux_0: 0.3992 (0.3992)  loss_giou_aux_0: 0.7302 (0.7302)  loss_fgl_aux_0: 1.0702 (1.0702)  loss_ddf_aux_0: 0.4553 (0.4553)  loss_mal_aux_1: 2.9922 (2.9922)  loss_bbox_aux_1: 0.2168 (0.2168)  loss_giou_aux_1: 0.4056 (0.4056)  loss_fgl_aux_1: 1.0893 (1.0893)  loss_ddf_aux_1: 0.1050 (0.1050)  loss_mal_aux_2: 2.8730 (2.8730)  loss_bbox_aux_2: 0.1958 (0.1958)  loss_giou_aux_2: 0.3826 (0.3826)  loss_fgl_aux_2: 1.0402 (1.0402)  loss_ddf_aux_2: 0.0099 (0.0099)  loss_mal_pre: 2.8887 (2.8887)  loss_bbox_pre: 0.4187 (0.4187)  loss_giou_pre: 0.7333 (0.7333)  loss_mal_enc_0: 2.7363 (2.7363)  loss_bbox_enc_0: 0.5438 (0.5438)  loss_giou_enc_0: 0.8763 (0.8763)  loss_mal_dn_0: 2.2051 (2.2051)  loss_bbox_dn_0: 0.6242 (0.6242)  loss_giou_dn_0: 0.8450 (0.8450)  loss_fgl_dn_0: 1.1073 (1.1073)  loss_ddf_dn_0: 0.2531 (0.2531)  loss_mal_dn_1: 2.5762 (2.5762)  loss_bbox_dn_1: 0.4525 (0.4525)  loss_giou_dn_1: 0.5791 (0.5791)  loss_fgl_dn_1: 1.0823 (1.0823)  loss_ddf_dn_1: 0.0637 (0.0637)  loss_mal_dn_2: 2.5762 (2.5762)  loss_bbox_dn_2: 0.3635 (0.3635)  loss_giou_dn_2: 0.4733 (0.4733)  loss_fgl_dn_2: 1.0918 (1.0918)  loss_ddf_dn_2: 0.0090 (0.0090)  loss_mal_dn_3: 2.2285 (2.2285)  loss_bbox_dn_3: 0.3516 (0.3516)  loss_giou_dn_3: 0.4581 (0.4581)  loss_fgl_dn_3: 1.0880 (1.0880)  loss_mal_dn_pre: 2.2441 (2.2441)  loss_bbox_dn_pre: 0.6035 (0.6035)  loss_giou_dn_pre: 0.8296 (0.8296)  time: 0.7277  data: 0.5188  max mem: 3583
Epoch: [54]  [7/8]  eta: 0:00:00  lr: 0.000001  loss: 48.2957 (48.3682)  loss_mal: 2.1016 (2.2781)  loss_bbox: 0.3190 (0.3406)  loss_giou: 0.5794 (0.5933)  loss_fgl: 1.0277 (0.9911)  loss_mal_aux_0: 2.1855 (2.4176)  loss_bbox_aux_0: 0.4687 (0.5027)  loss_giou_aux_0: 0.8613 (0.8851)  loss_fgl_aux_0: 1.0383 (1.0323)  loss_ddf_aux_0: 0.3310 (0.3397)  loss_mal_aux_1: 2.5684 (2.6436)  loss_bbox_aux_1: 0.3957 (0.3822)  loss_giou_aux_1: 0.6689 (0.6629)  loss_fgl_aux_1: 1.0203 (1.0056)  loss_ddf_aux_1: 0.0796 (0.0795)  loss_mal_aux_2: 2.4590 (2.5905)  loss_bbox_aux_2: 0.3417 (0.3499)  loss_giou_aux_2: 0.6001 (0.6039)  loss_fgl_aux_2: 1.0206 (0.9884)  loss_ddf_aux_2: 0.0099 (0.0103)  loss_mal_pre: 2.1797 (2.4486)  loss_bbox_pre: 0.4314 (0.4884)  loss_giou_pre: 0.8415 (0.8854)  loss_mal_enc_0: 1.8760 (2.0647)  loss_bbox_enc_0: 0.5639 (0.6408)  loss_giou_enc_0: 1.1657 (1.1866)  loss_mal_dn_0: 2.4570 (2.3125)  loss_bbox_dn_0: 0.5443 (0.5216)  loss_giou_dn_0: 0.6964 (0.7855)  loss_fgl_dn_0: 1.1417 (1.1421)  loss_ddf_dn_0: 0.4229 (0.4135)  loss_mal_dn_1: 2.7344 (2.6514)  loss_bbox_dn_1: 0.3166 (0.3562)  loss_giou_dn_1: 0.4543 (0.5368)  loss_fgl_dn_1: 1.0510 (1.0609)  loss_ddf_dn_1: 0.0915 (0.0921)  loss_mal_dn_2: 2.7012 (2.6052)  loss_bbox_dn_2: 0.2345 (0.2862)  loss_giou_dn_2: 0.3655 (0.4519)  loss_fgl_dn_2: 1.0495 (1.0552)  loss_ddf_dn_2: 0.0134 (0.0129)  loss_mal_dn_3: 2.3027 (2.2877)  loss_bbox_dn_3: 0.2002 (0.2701)  loss_giou_dn_3: 0.3472 (0.4341)  loss_fgl_dn_3: 1.0571 (1.0576)  loss_mal_dn_pre: 2.4961 (2.3435)  loss_bbox_dn_pre: 0.5331 (0.5061)  loss_giou_dn_pre: 0.6931 (0.7735)  time: 0.2302  data: 0.0686  max mem: 3583
Epoch: [54] Total time: 0:00:01 (0.2393 s / it)
Averaged stats: lr: 0.000001  loss: 48.2957 (48.3682)  loss_mal: 2.1016 (2.2781)  loss_bbox: 0.3190 (0.3406)  loss_giou: 0.5794 (0.5933)  loss_fgl: 1.0277 (0.9911)  loss_mal_aux_0: 2.1855 (2.4176)  loss_bbox_aux_0: 0.4687 (0.5027)  loss_giou_aux_0: 0.8613 (0.8851)  loss_fgl_aux_0: 1.0383 (1.0323)  loss_ddf_aux_0: 0.3310 (0.3397)  loss_mal_aux_1: 2.5684 (2.6436)  loss_bbox_aux_1: 0.3957 (0.3822)  loss_giou_aux_1: 0.6689 (0.6629)  loss_fgl_aux_1: 1.0203 (1.0056)  loss_ddf_aux_1: 0.0796 (0.0795)  loss_mal_aux_2: 2.4590 (2.5905)  loss_bbox_aux_2: 0.3417 (0.3499)  loss_giou_aux_2: 0.6001 (0.6039)  loss_fgl_aux_2: 1.0206 (0.9884)  loss_ddf_aux_2: 0.0099 (0.0103)  loss_mal_pre: 2.1797 (2.4486)  loss_bbox_pre: 0.4314 (0.4884)  loss_giou_pre: 0.8415 (0.8854)  loss_mal_enc_0: 1.8760 (2.0647)  loss_bbox_enc_0: 0.5639 (0.6408)  loss_giou_enc_0: 1.1657 (1.1866)  loss_mal_dn_0: 2.4570 (2.3125)  loss_bbox_dn_0: 0.5443 (0.5216)  loss_giou_dn_0: 0.6964 (0.7855)  loss_fgl_dn_0: 1.1417 (1.1421)  loss_ddf_dn_0: 0.4229 (0.4135)  loss_mal_dn_1: 2.7344 (2.6514)  loss_bbox_dn_1: 0.3166 (0.3562)  loss_giou_dn_1: 0.4543 (0.5368)  loss_fgl_dn_1: 1.0510 (1.0609)  loss_ddf_dn_1: 0.0915 (0.0921)  loss_mal_dn_2: 2.7012 (2.6052)  loss_bbox_dn_2: 0.2345 (0.2862)  loss_giou_dn_2: 0.3655 (0.4519)  loss_fgl_dn_2: 1.0495 (1.0552)  loss_ddf_dn_2: 0.0134 (0.0129)  loss_mal_dn_3: 2.3027 (2.2877)  loss_bbox_dn_3: 0.2002 (0.2701)  loss_giou_dn_3: 0.3472 (0.4341)  loss_fgl_dn_3: 1.0571 (1.0576)  loss_mal_dn_pre: 2.4961 (2.3435)  loss_bbox_dn_pre: 0.5331 (0.5061)  loss_giou_dn_pre: 0.6931 (0.7735)
Test:  [0/4]  eta: 0:00:01    time: 0.3852  data: 0.3472  max mem: 3583
Test:  [3/4]  eta: 0:00:00    time: 0.1702  data: 0.0888  max mem: 3583
Test: Total time: 0:00:00 (0.1890 s / it)
Averaged stats: 
Accumulating evaluation results...
COCOeval_opt.accumulate() finished...
DONE (t=0.00s).
IoU metric: bbox
 Average Precision  (AP) @[ IoU=0.50:0.95 | area=   all | maxDets=100 ] = 0.217
 Average Precision  (AP) @[ IoU=0.50      | area=   all | maxDets=100 ] = 0.279
 Average Precision  (AP) @[ IoU=0.75      | area=   all | maxDets=100 ] = 0.263
 Average Precision  (AP) @[ IoU=0.50:0.95 | area= small | maxDets=100 ] = -1.000
 Average Precision  (AP) @[ IoU=0.50:0.95 | area=medium | maxDets=100 ] = -1.000
 Average Precision  (AP) @[ IoU=0.50:0.95 | area= large | maxDets=100 ] = 0.218
 Average Recall     (AR) @[ IoU=0.50:0.95 | area=   all | maxDets=  1 ] = 0.293
 Average Recall     (AR) @[ IoU=0.50:0.95 | area=   all | maxDets= 10 ] = 0.537
 Average Recall     (AR) @[ IoU=0.50:0.95 | area=   all | maxDets=100 ] = 0.560
 Average Recall     (AR) @[ IoU=0.50:0.95 | area= small | maxDets=100 ] = -1.000
 Average Recall     (AR) @[ IoU=0.50:0.95 | area=medium | maxDets=100 ] = -1.000
 Average Recall     (AR) @[ IoU=0.50:0.95 | area= large | maxDets=100 ] = 0.560
 Average Recall     (AR) @[ IoU=0.50      | area=   all | maxDets=100 ] = 0.767
 Average Recall     (AR) @[ IoU=0.75      | area=   all | maxDets=100 ] = 0.600
best_stat: {'epoch': 54, 'coco_eval_bbox': 0.2172542754152188}
Epoch: [55]  [0/8]  eta: 0:00:08  lr: 0.000001  loss: 51.3296 (51.3296)  loss_mal: 2.1504 (2.1504)  loss_bbox: 0.8292 (0.8292)  loss_giou: 0.8159 (0.8159)  loss_fgl: 0.9372 (0.9372)  loss_mal_aux_0: 2.0586 (2.0586)  loss_bbox_aux_0: 0.9266 (0.9266)  loss_giou_aux_0: 1.1702 (1.1702)  loss_fgl_aux_0: 0.8945 (0.8945)  loss_ddf_aux_0: 0.3692 (0.3692)  loss_mal_aux_1: 2.4277 (2.4277)  loss_bbox_aux_1: 0.8926 (0.8926)  loss_giou_aux_1: 0.9103 (0.9103)  loss_fgl_aux_1: 0.9259 (0.9259)  loss_ddf_aux_1: 0.0733 (0.0733)  loss_mal_aux_2: 2.4824 (2.4824)  loss_bbox_aux_2: 0.8429 (0.8429)  loss_giou_aux_2: 0.8077 (0.8077)  loss_fgl_aux_2: 0.9431 (0.9431)  loss_ddf_aux_2: 0.0118 (0.0118)  loss_mal_pre: 2.0039 (2.0039)  loss_bbox_pre: 0.9097 (0.9097)  loss_giou_pre: 1.1864 (1.1864)  loss_mal_enc_0: 1.5674 (1.5674)  loss_bbox_enc_0: 1.1684 (1.1684)  loss_giou_enc_0: 1.4813 (1.4813)  loss_mal_dn_0: 2.0098 (2.0098)  loss_bbox_dn_0: 0.7843 (0.7843)  loss_giou_dn_0: 0.9187 (0.9187)  loss_fgl_dn_0: 1.1047 (1.1047)  loss_ddf_dn_0: 0.3985 (0.3985)  loss_mal_dn_1: 2.3574 (2.3574)  loss_bbox_dn_1: 0.6171 (0.6171)  loss_giou_dn_1: 0.7044 (0.7044)  loss_fgl_dn_1: 1.0333 (1.0333)  loss_ddf_dn_1: 0.0844 (0.0844)  loss_mal_dn_2: 2.3301 (2.3301)  loss_bbox_dn_2: 0.5647 (0.5647)  loss_giou_dn_2: 0.6130 (0.6130)  loss_fgl_dn_2: 1.0293 (1.0293)  loss_ddf_dn_2: 0.0123 (0.0123)  loss_mal_dn_3: 2.0586 (2.0586)  loss_bbox_dn_3: 0.5611 (0.5611)  loss_giou_dn_3: 0.5998 (0.5998)  loss_fgl_dn_3: 1.0324 (1.0324)  loss_mal_dn_pre: 2.0234 (2.0234)  loss_bbox_dn_pre: 0.7925 (0.7925)  loss_giou_dn_pre: 0.9129 (0.9129)  time: 1.0420  data: 0.8588  max mem: 3583
Epoch: [55]  [7/8]  eta: 0:00:00  lr: 0.000001  loss: 47.9482 (48.5106)  loss_mal: 2.1348 (2.1825)  loss_bbox: 0.3474 (0.3970)  loss_giou: 0.5342 (0.5718)  loss_fgl: 1.0393 (1.0514)  loss_mal_aux_0: 2.4609 (2.4141)  loss_bbox_aux_0: 0.4974 (0.5577)  loss_giou_aux_0: 0.7505 (0.8345)  loss_fgl_aux_0: 1.0355 (1.0532)  loss_ddf_aux_0: 0.3692 (0.3764)  loss_mal_aux_1: 2.4707 (2.6052)  loss_bbox_aux_1: 0.3978 (0.4433)  loss_giou_aux_1: 0.6290 (0.6416)  loss_fgl_aux_1: 1.0499 (1.0584)  loss_ddf_aux_1: 0.0768 (0.0822)  loss_mal_aux_2: 2.4824 (2.5535)  loss_bbox_aux_2: 0.3555 (0.4034)  loss_giou_aux_2: 0.5459 (0.5767)  loss_fgl_aux_2: 1.0440 (1.0528)  loss_ddf_aux_2: 0.0096 (0.0097)  loss_mal_pre: 2.3926 (2.3975)  loss_bbox_pre: 0.4896 (0.5429)  loss_giou_pre: 0.8063 (0.8398)  loss_mal_enc_0: 1.8408 (1.9084)  loss_bbox_enc_0: 0.7095 (0.7673)  loss_giou_enc_0: 1.2265 (1.2025)  loss_mal_dn_0: 2.1562 (2.1667)  loss_bbox_dn_0: 0.5641 (0.6102)  loss_giou_dn_0: 0.8310 (0.8449)  loss_fgl_dn_0: 1.1275 (1.1211)  loss_ddf_dn_0: 0.3985 (0.4751)  loss_mal_dn_1: 2.5527 (2.5105)  loss_bbox_dn_1: 0.3656 (0.4257)  loss_giou_dn_1: 0.5768 (0.5945)  loss_fgl_dn_1: 1.0569 (1.0643)  loss_ddf_dn_1: 0.1012 (0.1098)  loss_mal_dn_2: 2.4590 (2.4453)  loss_bbox_dn_2: 0.2926 (0.3660)  loss_giou_dn_2: 0.4747 (0.5195)  loss_fgl_dn_2: 1.0576 (1.0561)  loss_ddf_dn_2: 0.0159 (0.0152)  loss_mal_dn_3: 2.0938 (2.1102)  loss_bbox_dn_3: 0.2806 (0.3543)  loss_giou_dn_3: 0.4579 (0.5019)  loss_fgl_dn_3: 1.0654 (1.0611)  loss_mal_dn_pre: 2.1855 (2.1881)  loss_bbox_dn_pre: 0.5603 (0.6084)  loss_giou_dn_pre: 0.8271 (0.8378)  time: 0.2431  data: 0.1084  max mem: 3583
Epoch: [55] Total time: 0:00:02 (0.2534 s / it)
Averaged stats: lr: 0.000001  loss: 47.9482 (48.5106)  loss_mal: 2.1348 (2.1825)  loss_bbox: 0.3474 (0.3970)  loss_giou: 0.5342 (0.5718)  loss_fgl: 1.0393 (1.0514)  loss_mal_aux_0: 2.4609 (2.4141)  loss_bbox_aux_0: 0.4974 (0.5577)  loss_giou_aux_0: 0.7505 (0.8345)  loss_fgl_aux_0: 1.0355 (1.0532)  loss_ddf_aux_0: 0.3692 (0.3764)  loss_mal_aux_1: 2.4707 (2.6052)  loss_bbox_aux_1: 0.3978 (0.4433)  loss_giou_aux_1: 0.6290 (0.6416)  loss_fgl_aux_1: 1.0499 (1.0584)  loss_ddf_aux_1: 0.0768 (0.0822)  loss_mal_aux_2: 2.4824 (2.5535)  loss_bbox_aux_2: 0.3555 (0.4034)  loss_giou_aux_2: 0.5459 (0.5767)  loss_fgl_aux_2: 1.0440 (1.0528)  loss_ddf_aux_2: 0.0096 (0.0097)  loss_mal_pre: 2.3926 (2.3975)  loss_bbox_pre: 0.4896 (0.5429)  loss_giou_pre: 0.8063 (0.8398)  loss_mal_enc_0: 1.8408 (1.9084)  loss_bbox_enc_0: 0.7095 (0.7673)  loss_giou_enc_0: 1.2265 (1.2025)  loss_mal_dn_0: 2.1562 (2.1667)  loss_bbox_dn_0: 0.5641 (0.6102)  loss_giou_dn_0: 0.8310 (0.8449)  loss_fgl_dn_0: 1.1275 (1.1211)  loss_ddf_dn_0: 0.3985 (0.4751)  loss_mal_dn_1: 2.5527 (2.5105)  loss_bbox_dn_1: 0.3656 (0.4257)  loss_giou_dn_1: 0.5768 (0.5945)  loss_fgl_dn_1: 1.0569 (1.0643)  loss_ddf_dn_1: 0.1012 (0.1098)  loss_mal_dn_2: 2.4590 (2.4453)  loss_bbox_dn_2: 0.2926 (0.3660)  loss_giou_dn_2: 0.4747 (0.5195)  loss_fgl_dn_2: 1.0576 (1.0561)  loss_ddf_dn_2: 0.0159 (0.0152)  loss_mal_dn_3: 2.0938 (2.1102)  loss_bbox_dn_3: 0.2806 (0.3543)  loss_giou_dn_3: 0.4579 (0.5019)  loss_fgl_dn_3: 1.0654 (1.0611)  loss_mal_dn_pre: 2.1855 (2.1881)  loss_bbox_dn_pre: 0.5603 (0.6084)  loss_giou_dn_pre: 0.8271 (0.8378)
Test:  [0/4]  eta: 0:00:01    time: 0.3928  data: 0.3517  max mem: 3583
Test:  [3/4]  eta: 0:00:00    time: 0.1266  data: 0.0901  max mem: 3583
Test: Total time: 0:00:00 (0.1516 s / it)
Averaged stats: 
Accumulating evaluation results...
COCOeval_opt.accumulate() finished...
DONE (t=0.00s).
IoU metric: bbox
 Average Precision  (AP) @[ IoU=0.50:0.95 | area=   all | maxDets=100 ] = 0.220
 Average Precision  (AP) @[ IoU=0.50      | area=   all | maxDets=100 ] = 0.277
 Average Precision  (AP) @[ IoU=0.75      | area=   all | maxDets=100 ] = 0.258
 Average Precision  (AP) @[ IoU=0.50:0.95 | area= small | maxDets=100 ] = -1.000
 Average Precision  (AP) @[ IoU=0.50:0.95 | area=medium | maxDets=100 ] = -1.000
 Average Precision  (AP) @[ IoU=0.50:0.95 | area= large | maxDets=100 ] = 0.221
 Average Recall     (AR) @[ IoU=0.50:0.95 | area=   all | maxDets=  1 ] = 0.410
 Average Recall     (AR) @[ IoU=0.50:0.95 | area=   all | maxDets= 10 ] = 0.650
 Average Recall     (AR) @[ IoU=0.50:0.95 | area=   all | maxDets=100 ] = 0.677
 Average Recall     (AR) @[ IoU=0.50:0.95 | area= small | maxDets=100 ] = -1.000
 Average Recall     (AR) @[ IoU=0.50:0.95 | area=medium | maxDets=100 ] = -1.000
 Average Recall     (AR) @[ IoU=0.50:0.95 | area= large | maxDets=100 ] = 0.677
 Average Recall     (AR) @[ IoU=0.50      | area=   all | maxDets=100 ] = 0.867
 Average Recall     (AR) @[ IoU=0.75      | area=   all | maxDets=100 ] = 0.733
best_stat: {'epoch': 55, 'coco_eval_bbox': 0.21960471827384917}
Epoch: [56]  [0/8]  eta: 0:00:07  lr: 0.000001  loss: 47.8037 (47.8037)  loss_mal: 1.9141 (1.9141)  loss_bbox: 0.5883 (0.5883)  loss_giou: 0.7320 (0.7320)  loss_fgl: 1.0480 (1.0480)  loss_mal_aux_0: 2.1582 (2.1582)  loss_bbox_aux_0: 0.6836 (0.6836)  loss_giou_aux_0: 0.9126 (0.9126)  loss_fgl_aux_0: 0.9999 (0.9999)  loss_ddf_aux_0: 0.2923 (0.2923)  loss_mal_aux_1: 2.1895 (2.1895)  loss_bbox_aux_1: 0.6315 (0.6315)  loss_giou_aux_1: 0.7929 (0.7929)  loss_fgl_aux_1: 1.0347 (1.0347)  loss_ddf_aux_1: 0.0817 (0.0817)  loss_mal_aux_2: 2.2148 (2.2148)  loss_bbox_aux_2: 0.6023 (0.6023)  loss_giou_aux_2: 0.7417 (0.7417)  loss_fgl_aux_2: 1.0436 (1.0436)  loss_ddf_aux_2: 0.0089 (0.0089)  loss_mal_pre: 2.1680 (2.1680)  loss_bbox_pre: 0.6705 (0.6705)  loss_giou_pre: 0.9243 (0.9243)  loss_mal_enc_0: 1.6680 (1.6680)  loss_bbox_enc_0: 0.8385 (0.8385)  loss_giou_enc_0: 1.2448 (1.2448)  loss_mal_dn_0: 1.9111 (1.9111)  loss_bbox_dn_0: 0.6603 (0.6603)  loss_giou_dn_0: 0.9365 (0.9365)  loss_fgl_dn_0: 1.1120 (1.1120)  loss_ddf_dn_0: 0.4085 (0.4085)  loss_mal_dn_1: 2.2500 (2.2500)  loss_bbox_dn_1: 0.4963 (0.4963)  loss_giou_dn_1: 0.7350 (0.7350)  loss_fgl_dn_1: 1.0837 (1.0837)  loss_ddf_dn_1: 0.0947 (0.0947)  loss_mal_dn_2: 2.1855 (2.1855)  loss_bbox_dn_2: 0.4385 (0.4385)  loss_giou_dn_2: 0.6658 (0.6658)  loss_fgl_dn_2: 1.0869 (1.0869)  loss_ddf_dn_2: 0.0162 (0.0162)  loss_mal_dn_3: 1.8369 (1.8369)  loss_bbox_dn_3: 0.4362 (0.4362)  loss_giou_dn_3: 0.6615 (0.6615)  loss_fgl_dn_3: 1.0875 (1.0875)  loss_mal_dn_pre: 1.9307 (1.9307)  loss_bbox_dn_pre: 0.6590 (0.6590)  loss_giou_dn_pre: 0.9262 (0.9262)  time: 0.9643  data: 0.7854  max mem: 3583
Epoch: [56]  [7/8]  eta: 0:00:00  lr: 0.000001  loss: 47.8037 (47.5371)  loss_mal: 1.9141 (1.9985)  loss_bbox: 0.4786 (0.4350)  loss_giou: 0.7257 (0.6730)  loss_fgl: 1.0352 (1.0531)  loss_mal_aux_0: 2.0195 (2.1915)  loss_bbox_aux_0: 0.6503 (0.5849)  loss_giou_aux_0: 0.9763 (0.9506)  loss_fgl_aux_0: 0.9999 (1.0281)  loss_ddf_aux_0: 0.3433 (0.3691)  loss_mal_aux_1: 2.1719 (2.3198)  loss_bbox_aux_1: 0.5895 (0.4924)  loss_giou_aux_1: 0.7929 (0.7455)  loss_fgl_aux_1: 1.0373 (1.0560)  loss_ddf_aux_1: 0.0899 (0.0982)  loss_mal_aux_2: 2.1250 (2.2339)  loss_bbox_aux_2: 0.4798 (0.4421)  loss_giou_aux_2: 0.7341 (0.6862)  loss_fgl_aux_2: 1.0360 (1.0502)  loss_ddf_aux_2: 0.0106 (0.0112)  loss_mal_pre: 2.0332 (2.2043)  loss_bbox_pre: 0.6705 (0.5869)  loss_giou_pre: 0.9913 (0.9584)  loss_mal_enc_0: 1.6680 (1.7944)  loss_bbox_enc_0: 0.8209 (0.7456)  loss_giou_enc_0: 1.2448 (1.2319)  loss_mal_dn_0: 2.0703 (2.1769)  loss_bbox_dn_0: 0.5568 (0.5445)  loss_giou_dn_0: 0.8766 (0.8365)  loss_fgl_dn_0: 1.1281 (1.1280)  loss_ddf_dn_0: 0.4064 (0.4085)  loss_mal_dn_1: 2.3438 (2.4587)  loss_bbox_dn_1: 0.4373 (0.3936)  loss_giou_dn_1: 0.6498 (0.6188)  loss_fgl_dn_1: 1.0912 (1.0813)  loss_ddf_dn_1: 0.0833 (0.0904)  loss_mal_dn_2: 2.2227 (2.3049)  loss_bbox_dn_2: 0.3634 (0.3439)  loss_giou_dn_2: 0.5961 (0.5626)  loss_fgl_dn_2: 1.0869 (1.0810)  loss_ddf_dn_2: 0.0112 (0.0131)  loss_mal_dn_3: 1.9385 (2.0192)  loss_bbox_dn_3: 0.3422 (0.3311)  loss_giou_dn_3: 0.5797 (0.5456)  loss_fgl_dn_3: 1.0878 (1.0871)  loss_mal_dn_pre: 2.0996 (2.2000)  loss_bbox_dn_pre: 0.5427 (0.5421)  loss_giou_dn_pre: 0.8710 (0.8282)  time: 0.2762  data: 0.1338  max mem: 3583
Epoch: [56] Total time: 0:00:02 (0.2856 s / it)
Averaged stats: lr: 0.000001  loss: 47.8037 (47.5371)  loss_mal: 1.9141 (1.9985)  loss_bbox: 0.4786 (0.4350)  loss_giou: 0.7257 (0.6730)  loss_fgl: 1.0352 (1.0531)  loss_mal_aux_0: 2.0195 (2.1915)  loss_bbox_aux_0: 0.6503 (0.5849)  loss_giou_aux_0: 0.9763 (0.9506)  loss_fgl_aux_0: 0.9999 (1.0281)  loss_ddf_aux_0: 0.3433 (0.3691)  loss_mal_aux_1: 2.1719 (2.3198)  loss_bbox_aux_1: 0.5895 (0.4924)  loss_giou_aux_1: 0.7929 (0.7455)  loss_fgl_aux_1: 1.0373 (1.0560)  loss_ddf_aux_1: 0.0899 (0.0982)  loss_mal_aux_2: 2.1250 (2.2339)  loss_bbox_aux_2: 0.4798 (0.4421)  loss_giou_aux_2: 0.7341 (0.6862)  loss_fgl_aux_2: 1.0360 (1.0502)  loss_ddf_aux_2: 0.0106 (0.0112)  loss_mal_pre: 2.0332 (2.2043)  loss_bbox_pre: 0.6705 (0.5869)  loss_giou_pre: 0.9913 (0.9584)  loss_mal_enc_0: 1.6680 (1.7944)  loss_bbox_enc_0: 0.8209 (0.7456)  loss_giou_enc_0: 1.2448 (1.2319)  loss_mal_dn_0: 2.0703 (2.1769)  loss_bbox_dn_0: 0.5568 (0.5445)  loss_giou_dn_0: 0.8766 (0.8365)  loss_fgl_dn_0: 1.1281 (1.1280)  loss_ddf_dn_0: 0.4064 (0.4085)  loss_mal_dn_1: 2.3438 (2.4587)  loss_bbox_dn_1: 0.4373 (0.3936)  loss_giou_dn_1: 0.6498 (0.6188)  loss_fgl_dn_1: 1.0912 (1.0813)  loss_ddf_dn_1: 0.0833 (0.0904)  loss_mal_dn_2: 2.2227 (2.3049)  loss_bbox_dn_2: 0.3634 (0.3439)  loss_giou_dn_2: 0.5961 (0.5626)  loss_fgl_dn_2: 1.0869 (1.0810)  loss_ddf_dn_2: 0.0112 (0.0131)  loss_mal_dn_3: 1.9385 (2.0192)  loss_bbox_dn_3: 0.3422 (0.3311)  loss_giou_dn_3: 0.5797 (0.5456)  loss_fgl_dn_3: 1.0878 (1.0871)  loss_mal_dn_pre: 2.0996 (2.2000)  loss_bbox_dn_pre: 0.5427 (0.5421)  loss_giou_dn_pre: 0.8710 (0.8282)
Test:  [0/4]  eta: 0:00:01    time: 0.3969  data: 0.3424  max mem: 3583
Test:  [3/4]  eta: 0:00:00    time: 0.1262  data: 0.0876  max mem: 3583
Test: Total time: 0:00:00 (0.1493 s / it)
Averaged stats: 
Accumulating evaluation results...
COCOeval_opt.accumulate() finished...
DONE (t=0.00s).
IoU metric: bbox
 Average Precision  (AP) @[ IoU=0.50:0.95 | area=   all | maxDets=100 ] = 0.198
 Average Precision  (AP) @[ IoU=0.50      | area=   all | maxDets=100 ] = 0.262
 Average Precision  (AP) @[ IoU=0.75      | area=   all | maxDets=100 ] = 0.232
 Average Precision  (AP) @[ IoU=0.50:0.95 | area= small | maxDets=100 ] = -1.000
 Average Precision  (AP) @[ IoU=0.50:0.95 | area=medium | maxDets=100 ] = -1.000
 Average Precision  (AP) @[ IoU=0.50:0.95 | area= large | maxDets=100 ] = 0.200
 Average Recall     (AR) @[ IoU=0.50:0.95 | area=   all | maxDets=  1 ] = 0.310
 Average Recall     (AR) @[ IoU=0.50:0.95 | area=   all | maxDets= 10 ] = 0.600
 Average Recall     (AR) @[ IoU=0.50:0.95 | area=   all | maxDets=100 ] = 0.677
 Average Recall     (AR) @[ IoU=0.50:0.95 | area= small | maxDets=100 ] = -1.000
 Average Recall     (AR) @[ IoU=0.50:0.95 | area=medium | maxDets=100 ] = -1.000
 Average Recall     (AR) @[ IoU=0.50:0.95 | area= large | maxDets=100 ] = 0.677
 Average Recall     (AR) @[ IoU=0.50      | area=   all | maxDets=100 ] = 0.867
 Average Recall     (AR) @[ IoU=0.75      | area=   all | maxDets=100 ] = 0.733
best_stat: {'epoch': 55, 'coco_eval_bbox': 0.21960471827384917}
Epoch: [57]  [0/8]  eta: 0:00:06  lr: 0.000001  loss: 47.2932 (47.2932)  loss_mal: 2.4219 (2.4219)  loss_bbox: 0.1284 (0.1284)  loss_giou: 0.3071 (0.3071)  loss_fgl: 1.0660 (1.0660)  loss_mal_aux_0: 2.7734 (2.7734)  loss_bbox_aux_0: 0.2969 (0.2969)  loss_giou_aux_0: 0.6170 (0.6170)  loss_fgl_aux_0: 1.1471 (1.1471)  loss_ddf_aux_0: 0.5484 (0.5484)  loss_mal_aux_1: 2.9785 (2.9785)  loss_bbox_aux_1: 0.1666 (0.1666)  loss_giou_aux_1: 0.3814 (0.3814)  loss_fgl_aux_1: 1.0896 (1.0896)  loss_ddf_aux_1: 0.1222 (0.1222)  loss_mal_aux_2: 2.8066 (2.8066)  loss_bbox_aux_2: 0.1355 (0.1355)  loss_giou_aux_2: 0.3196 (0.3196)  loss_fgl_aux_2: 1.0655 (1.0655)  loss_ddf_aux_2: 0.0139 (0.0139)  loss_mal_pre: 2.8047 (2.8047)  loss_bbox_pre: 0.2945 (0.2945)  loss_giou_pre: 0.6179 (0.6179)  loss_mal_enc_0: 2.0332 (2.0332)  loss_bbox_enc_0: 0.5663 (0.5663)  loss_giou_enc_0: 1.0846 (1.0846)  loss_mal_dn_0: 2.1895 (2.1895)  loss_bbox_dn_0: 0.5067 (0.5067)  loss_giou_dn_0: 0.8355 (0.8355)  loss_fgl_dn_0: 1.1299 (1.1299)  loss_ddf_dn_0: 0.6285 (0.6285)  loss_mal_dn_1: 2.5195 (2.5195)  loss_bbox_dn_1: 0.3197 (0.3197)  loss_giou_dn_1: 0.5769 (0.5769)  loss_fgl_dn_1: 1.0747 (1.0747)  loss_ddf_dn_1: 0.1373 (0.1373)  loss_mal_dn_2: 2.3984 (2.3984)  loss_bbox_dn_2: 0.2463 (0.2463)  loss_giou_dn_2: 0.4886 (0.4886)  loss_fgl_dn_2: 1.0668 (1.0668)  loss_ddf_dn_2: 0.0167 (0.0167)  loss_mal_dn_3: 2.0723 (2.0723)  loss_bbox_dn_3: 0.2334 (0.2334)  loss_giou_dn_3: 0.4666 (0.4666)  loss_fgl_dn_3: 1.0737 (1.0737)  loss_mal_dn_pre: 2.1777 (2.1777)  loss_bbox_dn_pre: 0.5052 (0.5052)  loss_giou_dn_pre: 0.8426 (0.8426)  time: 0.7915  data: 0.5948  max mem: 3583
Epoch: [57]  [7/8]  eta: 0:00:00  lr: 0.000001  loss: 47.9391 (48.3495)  loss_mal: 1.8496 (2.0101)  loss_bbox: 0.5114 (0.4564)  loss_giou: 0.7356 (0.6787)  loss_fgl: 1.0654 (1.0235)  loss_mal_aux_0: 1.9238 (2.2633)  loss_bbox_aux_0: 0.6970 (0.6462)  loss_giou_aux_0: 1.1026 (0.9606)  loss_fgl_aux_0: 1.0080 (1.0204)  loss_ddf_aux_0: 0.4493 (0.4492)  loss_mal_aux_1: 2.2656 (2.4377)  loss_bbox_aux_1: 0.5674 (0.5149)  loss_giou_aux_1: 0.8451 (0.7492)  loss_fgl_aux_1: 1.0436 (1.0252)  loss_ddf_aux_1: 0.1104 (0.1102)  loss_mal_aux_2: 2.1191 (2.2574)  loss_bbox_aux_2: 0.5167 (0.4607)  loss_giou_aux_2: 0.7454 (0.6848)  loss_fgl_aux_2: 1.0638 (1.0224)  loss_ddf_aux_2: 0.0128 (0.0141)  loss_mal_pre: 1.9238 (2.2848)  loss_bbox_pre: 0.6660 (0.6428)  loss_giou_pre: 1.1202 (0.9586)  loss_mal_enc_0: 1.4443 (1.7352)  loss_bbox_enc_0: 0.8157 (0.8842)  loss_giou_enc_0: 1.3196 (1.2841)  loss_mal_dn_0: 2.0605 (2.1431)  loss_bbox_dn_0: 0.5795 (0.5954)  loss_giou_dn_0: 0.8368 (0.8510)  loss_fgl_dn_0: 1.1299 (1.1417)  loss_ddf_dn_0: 0.4928 (0.5170)  loss_mal_dn_1: 2.3770 (2.4253)  loss_bbox_dn_1: 0.4316 (0.4249)  loss_giou_dn_1: 0.5769 (0.6328)  loss_fgl_dn_1: 1.0693 (1.0872)  loss_ddf_dn_1: 0.1121 (0.1155)  loss_mal_dn_2: 2.1230 (2.2181)  loss_bbox_dn_2: 0.4343 (0.3848)  loss_giou_dn_2: 0.5275 (0.5818)  loss_fgl_dn_2: 1.0668 (1.0752)  loss_ddf_dn_2: 0.0130 (0.0141)  loss_mal_dn_3: 1.8926 (1.9421)  loss_bbox_dn_3: 0.4350 (0.3802)  loss_giou_dn_3: 0.5265 (0.5697)  loss_fgl_dn_3: 1.0737 (1.0796)  loss_mal_dn_pre: 2.0742 (2.1488)  loss_bbox_dn_pre: 0.5780 (0.5957)  loss_giou_dn_pre: 0.8426 (0.8506)  time: 0.2400  data: 0.0769  max mem: 3583
Epoch: [57] Total time: 0:00:02 (0.2501 s / it)
Averaged stats: lr: 0.000001  loss: 47.9391 (48.3495)  loss_mal: 1.8496 (2.0101)  loss_bbox: 0.5114 (0.4564)  loss_giou: 0.7356 (0.6787)  loss_fgl: 1.0654 (1.0235)  loss_mal_aux_0: 1.9238 (2.2633)  loss_bbox_aux_0: 0.6970 (0.6462)  loss_giou_aux_0: 1.1026 (0.9606)  loss_fgl_aux_0: 1.0080 (1.0204)  loss_ddf_aux_0: 0.4493 (0.4492)  loss_mal_aux_1: 2.2656 (2.4377)  loss_bbox_aux_1: 0.5674 (0.5149)  loss_giou_aux_1: 0.8451 (0.7492)  loss_fgl_aux_1: 1.0436 (1.0252)  loss_ddf_aux_1: 0.1104 (0.1102)  loss_mal_aux_2: 2.1191 (2.2574)  loss_bbox_aux_2: 0.5167 (0.4607)  loss_giou_aux_2: 0.7454 (0.6848)  loss_fgl_aux_2: 1.0638 (1.0224)  loss_ddf_aux_2: 0.0128 (0.0141)  loss_mal_pre: 1.9238 (2.2848)  loss_bbox_pre: 0.6660 (0.6428)  loss_giou_pre: 1.1202 (0.9586)  loss_mal_enc_0: 1.4443 (1.7352)  loss_bbox_enc_0: 0.8157 (0.8842)  loss_giou_enc_0: 1.3196 (1.2841)  loss_mal_dn_0: 2.0605 (2.1431)  loss_bbox_dn_0: 0.5795 (0.5954)  loss_giou_dn_0: 0.8368 (0.8510)  loss_fgl_dn_0: 1.1299 (1.1417)  loss_ddf_dn_0: 0.4928 (0.5170)  loss_mal_dn_1: 2.3770 (2.4253)  loss_bbox_dn_1: 0.4316 (0.4249)  loss_giou_dn_1: 0.5769 (0.6328)  loss_fgl_dn_1: 1.0693 (1.0872)  loss_ddf_dn_1: 0.1121 (0.1155)  loss_mal_dn_2: 2.1230 (2.2181)  loss_bbox_dn_2: 0.4343 (0.3848)  loss_giou_dn_2: 0.5275 (0.5818)  loss_fgl_dn_2: 1.0668 (1.0752)  loss_ddf_dn_2: 0.0130 (0.0141)  loss_mal_dn_3: 1.8926 (1.9421)  loss_bbox_dn_3: 0.4350 (0.3802)  loss_giou_dn_3: 0.5265 (0.5697)  loss_fgl_dn_3: 1.0737 (1.0796)  loss_mal_dn_pre: 2.0742 (2.1488)  loss_bbox_dn_pre: 0.5780 (0.5957)  loss_giou_dn_pre: 0.8426 (0.8506)
Test:  [0/4]  eta: 0:00:01    time: 0.3766  data: 0.3320  max mem: 3583
Test:  [3/4]  eta: 0:00:00    time: 0.1263  data: 0.0850  max mem: 3583
Test: Total time: 0:00:00 (0.1448 s / it)
Averaged stats: 
Accumulating evaluation results...
COCOeval_opt.accumulate() finished...
DONE (t=0.00s).
IoU metric: bbox
 Average Precision  (AP) @[ IoU=0.50:0.95 | area=   all | maxDets=100 ] = 0.210
 Average Precision  (AP) @[ IoU=0.50      | area=   all | maxDets=100 ] = 0.285
 Average Precision  (AP) @[ IoU=0.75      | area=   all | maxDets=100 ] = 0.236
 Average Precision  (AP) @[ IoU=0.50:0.95 | area= small | maxDets=100 ] = -1.000
 Average Precision  (AP) @[ IoU=0.50:0.95 | area=medium | maxDets=100 ] = -1.000
 Average Precision  (AP) @[ IoU=0.50:0.95 | area= large | maxDets=100 ] = 0.211
 Average Recall     (AR) @[ IoU=0.50:0.95 | area=   all | maxDets=  1 ] = 0.373
 Average Recall     (AR) @[ IoU=0.50:0.95 | area=   all | maxDets= 10 ] = 0.643
 Average Recall     (AR) @[ IoU=0.50:0.95 | area=   all | maxDets=100 ] = 0.647
 Average Recall     (AR) @[ IoU=0.50:0.95 | area= small | maxDets=100 ] = -1.000
 Average Recall     (AR) @[ IoU=0.50:0.95 | area=medium | maxDets=100 ] = -1.000
 Average Recall     (AR) @[ IoU=0.50:0.95 | area= large | maxDets=100 ] = 0.647
 Average Recall     (AR) @[ IoU=0.50      | area=   all | maxDets=100 ] = 0.933
 Average Recall     (AR) @[ IoU=0.75      | area=   all | maxDets=100 ] = 0.700
best_stat: {'epoch': 55, 'coco_eval_bbox': 0.21960471827384917}
Epoch: [58]  [0/8]  eta: 0:00:05  lr: 0.000001  loss: 47.8304 (47.8304)  loss_mal: 1.3779 (1.3779)  loss_bbox: 0.8463 (0.8463)  loss_giou: 1.2632 (1.2632)  loss_fgl: 0.7701 (0.7701)  loss_mal_aux_0: 1.5352 (1.5352)  loss_bbox_aux_0: 0.9505 (0.9505)  loss_giou_aux_0: 1.4830 (1.4830)  loss_fgl_aux_0: 0.7570 (0.7570)  loss_ddf_aux_0: 0.3074 (0.3074)  loss_mal_aux_1: 1.7188 (1.7188)  loss_bbox_aux_1: 0.9165 (0.9165)  loss_giou_aux_1: 1.3253 (1.3253)  loss_fgl_aux_1: 0.7598 (0.7598)  loss_ddf_aux_1: 0.0738 (0.0738)  loss_mal_aux_2: 1.5801 (1.5801)  loss_bbox_aux_2: 0.8589 (0.8589)  loss_giou_aux_2: 1.2657 (1.2657)  loss_fgl_aux_2: 0.7720 (0.7720)  loss_ddf_aux_2: 0.0118 (0.0118)  loss_mal_pre: 1.4971 (1.4971)  loss_bbox_pre: 0.9621 (0.9621)  loss_giou_pre: 1.5104 (1.5104)  loss_mal_enc_0: 1.1758 (1.1758)  loss_bbox_enc_0: 1.1214 (1.1214)  loss_giou_enc_0: 1.7498 (1.7498)  loss_mal_dn_0: 2.1973 (2.1973)  loss_bbox_dn_0: 0.4365 (0.4365)  loss_giou_dn_0: 0.8171 (0.8171)  loss_fgl_dn_0: 1.1491 (1.1491)  loss_ddf_dn_0: 0.5133 (0.5133)  loss_mal_dn_1: 2.3867 (2.3867)  loss_bbox_dn_1: 0.3232 (0.3232)  loss_giou_dn_1: 0.6570 (0.6570)  loss_fgl_dn_1: 1.1191 (1.1191)  loss_ddf_dn_1: 0.0957 (0.0957)  loss_mal_dn_2: 2.1367 (2.1367)  loss_bbox_dn_2: 0.3060 (0.3060)  loss_giou_dn_2: 0.6298 (0.6298)  loss_fgl_dn_2: 1.1211 (1.1211)  loss_ddf_dn_2: 0.0141 (0.0141)  loss_mal_dn_3: 1.8535 (1.8535)  loss_bbox_dn_3: 0.2967 (0.2967)  loss_giou_dn_3: 0.6178 (0.6178)  loss_fgl_dn_3: 1.1255 (1.1255)  loss_mal_dn_pre: 2.1992 (2.1992)  loss_bbox_dn_pre: 0.4297 (0.4297)  loss_giou_dn_pre: 0.8156 (0.8156)  time: 0.7024  data: 0.5122  max mem: 3583
Epoch: [58]  [7/8]  eta: 0:00:00  lr: 0.000001  loss: 47.8643 (50.0228)  loss_mal: 2.0020 (2.0363)  loss_bbox: 0.5498 (0.6267)  loss_giou: 0.5242 (0.6449)  loss_fgl: 1.0045 (1.0121)  loss_mal_aux_0: 2.1465 (2.3129)  loss_bbox_aux_0: 0.6881 (0.8276)  loss_giou_aux_0: 0.8043 (0.9159)  loss_fgl_aux_0: 1.0364 (1.0294)  loss_ddf_aux_0: 0.3541 (0.3962)  loss_mal_aux_1: 2.4961 (2.4729)  loss_bbox_aux_1: 0.6157 (0.6778)  loss_giou_aux_1: 0.5773 (0.7042)  loss_fgl_aux_1: 1.0278 (1.0158)  loss_ddf_aux_1: 0.0887 (0.0973)  loss_mal_aux_2: 2.1816 (2.2930)  loss_bbox_aux_2: 0.5318 (0.6368)  loss_giou_aux_2: 0.5170 (0.6503)  loss_fgl_aux_2: 1.0081 (1.0119)  loss_ddf_aux_2: 0.0127 (0.0149)  loss_mal_pre: 2.1211 (2.2987)  loss_bbox_pre: 0.7128 (0.8352)  loss_giou_pre: 0.8238 (0.9297)  loss_mal_enc_0: 1.7646 (1.8126)  loss_bbox_enc_0: 0.9640 (1.1444)  loss_giou_enc_0: 1.2498 (1.2667)  loss_mal_dn_0: 2.1113 (2.1399)  loss_bbox_dn_0: 0.6055 (0.7589)  loss_giou_dn_0: 0.8462 (0.8501)  loss_fgl_dn_0: 1.1491 (1.1497)  loss_ddf_dn_0: 0.4640 (0.5097)  loss_mal_dn_1: 2.3867 (2.4200)  loss_bbox_dn_1: 0.4160 (0.5688)  loss_giou_dn_1: 0.6128 (0.6182)  loss_fgl_dn_1: 1.0783 (1.0756)  loss_ddf_dn_1: 0.0957 (0.1113)  loss_mal_dn_2: 2.1465 (2.2261)  loss_bbox_dn_2: 0.3484 (0.5084)  loss_giou_dn_2: 0.5563 (0.5532)  loss_fgl_dn_2: 1.0545 (1.0643)  loss_ddf_dn_2: 0.0140 (0.0152)  loss_mal_dn_3: 1.8877 (1.9225)  loss_bbox_dn_3: 0.3448 (0.5019)  loss_giou_dn_3: 0.5479 (0.5413)  loss_fgl_dn_3: 1.0602 (1.0668)  loss_mal_dn_pre: 2.1367 (2.1521)  loss_bbox_dn_pre: 0.6100 (0.7574)  loss_giou_dn_pre: 0.8475 (0.8470)  time: 0.2199  data: 0.0681  max mem: 3583
Epoch: [58] Total time: 0:00:01 (0.2294 s / it)
Averaged stats: lr: 0.000001  loss: 47.8643 (50.0228)  loss_mal: 2.0020 (2.0363)  loss_bbox: 0.5498 (0.6267)  loss_giou: 0.5242 (0.6449)  loss_fgl: 1.0045 (1.0121)  loss_mal_aux_0: 2.1465 (2.3129)  loss_bbox_aux_0: 0.6881 (0.8276)  loss_giou_aux_0: 0.8043 (0.9159)  loss_fgl_aux_0: 1.0364 (1.0294)  loss_ddf_aux_0: 0.3541 (0.3962)  loss_mal_aux_1: 2.4961 (2.4729)  loss_bbox_aux_1: 0.6157 (0.6778)  loss_giou_aux_1: 0.5773 (0.7042)  loss_fgl_aux_1: 1.0278 (1.0158)  loss_ddf_aux_1: 0.0887 (0.0973)  loss_mal_aux_2: 2.1816 (2.2930)  loss_bbox_aux_2: 0.5318 (0.6368)  loss_giou_aux_2: 0.5170 (0.6503)  loss_fgl_aux_2: 1.0081 (1.0119)  loss_ddf_aux_2: 0.0127 (0.0149)  loss_mal_pre: 2.1211 (2.2987)  loss_bbox_pre: 0.7128 (0.8352)  loss_giou_pre: 0.8238 (0.9297)  loss_mal_enc_0: 1.7646 (1.8126)  loss_bbox_enc_0: 0.9640 (1.1444)  loss_giou_enc_0: 1.2498 (1.2667)  loss_mal_dn_0: 2.1113 (2.1399)  loss_bbox_dn_0: 0.6055 (0.7589)  loss_giou_dn_0: 0.8462 (0.8501)  loss_fgl_dn_0: 1.1491 (1.1497)  loss_ddf_dn_0: 0.4640 (0.5097)  loss_mal_dn_1: 2.3867 (2.4200)  loss_bbox_dn_1: 0.4160 (0.5688)  loss_giou_dn_1: 0.6128 (0.6182)  loss_fgl_dn_1: 1.0783 (1.0756)  loss_ddf_dn_1: 0.0957 (0.1113)  loss_mal_dn_2: 2.1465 (2.2261)  loss_bbox_dn_2: 0.3484 (0.5084)  loss_giou_dn_2: 0.5563 (0.5532)  loss_fgl_dn_2: 1.0545 (1.0643)  loss_ddf_dn_2: 0.0140 (0.0152)  loss_mal_dn_3: 1.8877 (1.9225)  loss_bbox_dn_3: 0.3448 (0.5019)  loss_giou_dn_3: 0.5479 (0.5413)  loss_fgl_dn_3: 1.0602 (1.0668)  loss_mal_dn_pre: 2.1367 (2.1521)  loss_bbox_dn_pre: 0.6100 (0.7574)  loss_giou_dn_pre: 0.8475 (0.8470)
Test:  [0/4]  eta: 0:00:01    time: 0.3840  data: 0.3470  max mem: 3583
Test:  [3/4]  eta: 0:00:00    time: 0.1211  data: 0.0888  max mem: 3583
Test: Total time: 0:00:00 (0.1388 s / it)
Averaged stats: 
Accumulating evaluation results...
COCOeval_opt.accumulate() finished...
DONE (t=0.00s).
IoU metric: bbox
 Average Precision  (AP) @[ IoU=0.50:0.95 | area=   all | maxDets=100 ] = 0.189
 Average Precision  (AP) @[ IoU=0.50      | area=   all | maxDets=100 ] = 0.263
 Average Precision  (AP) @[ IoU=0.75      | area=   all | maxDets=100 ] = 0.206
 Average Precision  (AP) @[ IoU=0.50:0.95 | area= small | maxDets=100 ] = -1.000
 Average Precision  (AP) @[ IoU=0.50:0.95 | area=medium | maxDets=100 ] = -1.000
 Average Precision  (AP) @[ IoU=0.50:0.95 | area= large | maxDets=100 ] = 0.189
 Average Recall     (AR) @[ IoU=0.50:0.95 | area=   all | maxDets=  1 ] = 0.360
 Average Recall     (AR) @[ IoU=0.50:0.95 | area=   all | maxDets= 10 ] = 0.607
 Average Recall     (AR) @[ IoU=0.50:0.95 | area=   all | maxDets=100 ] = 0.613
 Average Recall     (AR) @[ IoU=0.50:0.95 | area= small | maxDets=100 ] = -1.000
 Average Recall     (AR) @[ IoU=0.50:0.95 | area=medium | maxDets=100 ] = -1.000
 Average Recall     (AR) @[ IoU=0.50:0.95 | area= large | maxDets=100 ] = 0.613
 Average Recall     (AR) @[ IoU=0.50      | area=   all | maxDets=100 ] = 0.867
 Average Recall     (AR) @[ IoU=0.75      | area=   all | maxDets=100 ] = 0.633
best_stat: {'epoch': 55, 'coco_eval_bbox': 0.21960471827384917}
Epoch: [59]  [0/8]  eta: 0:00:06  lr: 0.000001  loss: 49.0204 (49.0204)  loss_mal: 2.2715 (2.2715)  loss_bbox: 0.2659 (0.2659)  loss_giou: 0.3110 (0.3110)  loss_fgl: 1.0473 (1.0473)  loss_mal_aux_0: 2.8555 (2.8555)  loss_bbox_aux_0: 0.5450 (0.5450)  loss_giou_aux_0: 0.6239 (0.6239)  loss_fgl_aux_0: 1.1668 (1.1668)  loss_ddf_aux_0: 0.5822 (0.5822)  loss_mal_aux_1: 2.9512 (2.9512)  loss_bbox_aux_1: 0.3360 (0.3360)  loss_giou_aux_1: 0.3770 (0.3770)  loss_fgl_aux_1: 1.0702 (1.0702)  loss_ddf_aux_1: 0.1222 (0.1222)  loss_mal_aux_2: 2.6914 (2.6914)  loss_bbox_aux_2: 0.2899 (0.2899)  loss_giou_aux_2: 0.3299 (0.3299)  loss_fgl_aux_2: 1.0423 (1.0423)  loss_ddf_aux_2: 0.0136 (0.0136)  loss_mal_pre: 2.9023 (2.9023)  loss_bbox_pre: 0.5466 (0.5466)  loss_giou_pre: 0.6249 (0.6249)  loss_mal_enc_0: 1.8994 (1.8994)  loss_bbox_enc_0: 0.9369 (0.9369)  loss_giou_enc_0: 1.1160 (1.1160)  loss_mal_dn_0: 2.4219 (2.4219)  loss_bbox_dn_0: 0.7297 (0.7297)  loss_giou_dn_0: 0.7281 (0.7281)  loss_fgl_dn_0: 1.1308 (1.1308)  loss_ddf_dn_0: 0.5147 (0.5147)  loss_mal_dn_1: 2.5645 (2.5645)  loss_bbox_dn_1: 0.4949 (0.4949)  loss_giou_dn_1: 0.5144 (0.5144)  loss_fgl_dn_1: 1.0326 (1.0326)  loss_ddf_dn_1: 0.1095 (0.1095)  loss_mal_dn_2: 2.3672 (2.3672)  loss_bbox_dn_2: 0.3975 (0.3975)  loss_giou_dn_2: 0.4433 (0.4433)  loss_fgl_dn_2: 1.0007 (1.0007)  loss_ddf_dn_2: 0.0118 (0.0118)  loss_mal_dn_3: 1.9316 (1.9316)  loss_bbox_dn_3: 0.3836 (0.3836)  loss_giou_dn_3: 0.4274 (0.4274)  loss_fgl_dn_3: 1.0054 (1.0054)  loss_mal_dn_pre: 2.4023 (2.4023)  loss_bbox_dn_pre: 0.7495 (0.7495)  loss_giou_dn_pre: 0.7402 (0.7402)  time: 0.8321  data: 0.6819  max mem: 3583
Epoch: [59]  [7/8]  eta: 0:00:00  lr: 0.000001  loss: 48.2976 (48.5217)  loss_mal: 1.8584 (2.0480)  loss_bbox: 0.3557 (0.4335)  loss_giou: 0.4462 (0.5598)  loss_fgl: 1.0579 (1.0890)  loss_mal_aux_0: 2.4492 (2.3876)  loss_bbox_aux_0: 0.6249 (0.6245)  loss_giou_aux_0: 0.7659 (0.8500)  loss_fgl_aux_0: 1.0788 (1.0977)  loss_ddf_aux_0: 0.5716 (0.5686)  loss_mal_aux_1: 2.4062 (2.5076)  loss_bbox_aux_1: 0.4386 (0.4880)  loss_giou_aux_1: 0.5475 (0.6448)  loss_fgl_aux_1: 1.0632 (1.0838)  loss_ddf_aux_1: 0.1196 (0.1257)  loss_mal_aux_2: 2.1172 (2.3105)  loss_bbox_aux_2: 0.3887 (0.4495)  loss_giou_aux_2: 0.4683 (0.5774)  loss_fgl_aux_2: 1.0538 (1.0837)  loss_ddf_aux_2: 0.0159 (0.0168)  loss_mal_pre: 2.4609 (2.3788)  loss_bbox_pre: 0.5896 (0.6295)  loss_giou_pre: 0.7910 (0.8610)  loss_mal_enc_0: 1.8994 (1.7898)  loss_bbox_enc_0: 0.8111 (0.8811)  loss_giou_enc_0: 1.1373 (1.2394)  loss_mal_dn_0: 2.1348 (2.2780)  loss_bbox_dn_0: 0.5266 (0.5970)  loss_giou_dn_0: 0.7681 (0.7902)  loss_fgl_dn_0: 1.1480 (1.1568)  loss_ddf_dn_0: 0.5987 (0.5757)  loss_mal_dn_1: 2.3496 (2.4795)  loss_bbox_dn_1: 0.4147 (0.4190)  loss_giou_dn_1: 0.5466 (0.5615)  loss_fgl_dn_1: 1.0714 (1.0897)  loss_ddf_dn_1: 0.1106 (0.1206)  loss_mal_dn_2: 2.1719 (2.2177)  loss_bbox_dn_2: 0.3368 (0.3766)  loss_giou_dn_2: 0.4768 (0.5051)  loss_fgl_dn_2: 1.0555 (1.0747)  loss_ddf_dn_2: 0.0143 (0.0138)  loss_mal_dn_3: 1.8477 (1.9253)  loss_bbox_dn_3: 0.3332 (0.3658)  loss_giou_dn_3: 0.4621 (0.4907)  loss_fgl_dn_3: 1.0613 (1.0783)  loss_mal_dn_pre: 2.1562 (2.2864)  loss_bbox_dn_pre: 0.5254 (0.6028)  loss_giou_dn_pre: 0.7554 (0.7907)  time: 0.2401  data: 0.1045  max mem: 3583
Epoch: [59] Total time: 0:00:01 (0.2497 s / it)
Averaged stats: lr: 0.000001  loss: 48.2976 (48.5217)  loss_mal: 1.8584 (2.0480)  loss_bbox: 0.3557 (0.4335)  loss_giou: 0.4462 (0.5598)  loss_fgl: 1.0579 (1.0890)  loss_mal_aux_0: 2.4492 (2.3876)  loss_bbox_aux_0: 0.6249 (0.6245)  loss_giou_aux_0: 0.7659 (0.8500)  loss_fgl_aux_0: 1.0788 (1.0977)  loss_ddf_aux_0: 0.5716 (0.5686)  loss_mal_aux_1: 2.4062 (2.5076)  loss_bbox_aux_1: 0.4386 (0.4880)  loss_giou_aux_1: 0.5475 (0.6448)  loss_fgl_aux_1: 1.0632 (1.0838)  loss_ddf_aux_1: 0.1196 (0.1257)  loss_mal_aux_2: 2.1172 (2.3105)  loss_bbox_aux_2: 0.3887 (0.4495)  loss_giou_aux_2: 0.4683 (0.5774)  loss_fgl_aux_2: 1.0538 (1.0837)  loss_ddf_aux_2: 0.0159 (0.0168)  loss_mal_pre: 2.4609 (2.3788)  loss_bbox_pre: 0.5896 (0.6295)  loss_giou_pre: 0.7910 (0.8610)  loss_mal_enc_0: 1.8994 (1.7898)  loss_bbox_enc_0: 0.8111 (0.8811)  loss_giou_enc_0: 1.1373 (1.2394)  loss_mal_dn_0: 2.1348 (2.2780)  loss_bbox_dn_0: 0.5266 (0.5970)  loss_giou_dn_0: 0.7681 (0.7902)  loss_fgl_dn_0: 1.1480 (1.1568)  loss_ddf_dn_0: 0.5987 (0.5757)  loss_mal_dn_1: 2.3496 (2.4795)  loss_bbox_dn_1: 0.4147 (0.4190)  loss_giou_dn_1: 0.5466 (0.5615)  loss_fgl_dn_1: 1.0714 (1.0897)  loss_ddf_dn_1: 0.1106 (0.1206)  loss_mal_dn_2: 2.1719 (2.2177)  loss_bbox_dn_2: 0.3368 (0.3766)  loss_giou_dn_2: 0.4768 (0.5051)  loss_fgl_dn_2: 1.0555 (1.0747)  loss_ddf_dn_2: 0.0143 (0.0138)  loss_mal_dn_3: 1.8477 (1.9253)  loss_bbox_dn_3: 0.3332 (0.3658)  loss_giou_dn_3: 0.4621 (0.4907)  loss_fgl_dn_3: 1.0613 (1.0783)  loss_mal_dn_pre: 2.1562 (2.2864)  loss_bbox_dn_pre: 0.5254 (0.6028)  loss_giou_dn_pre: 0.7554 (0.7907)
Test:  [0/4]  eta: 0:00:01    time: 0.3977  data: 0.3525  max mem: 3583
Test:  [3/4]  eta: 0:00:00    time: 0.1318  data: 0.0901  max mem: 3583
Test: Total time: 0:00:00 (0.1554 s / it)
Averaged stats: 
Accumulating evaluation results...
COCOeval_opt.accumulate() finished...
DONE (t=0.00s).
IoU metric: bbox
 Average Precision  (AP) @[ IoU=0.50:0.95 | area=   all | maxDets=100 ] = 0.191
 Average Precision  (AP) @[ IoU=0.50      | area=   all | maxDets=100 ] = 0.264
 Average Precision  (AP) @[ IoU=0.75      | area=   all | maxDets=100 ] = 0.219
 Average Precision  (AP) @[ IoU=0.50:0.95 | area= small | maxDets=100 ] = -1.000
 Average Precision  (AP) @[ IoU=0.50:0.95 | area=medium | maxDets=100 ] = -1.000
 Average Precision  (AP) @[ IoU=0.50:0.95 | area= large | maxDets=100 ] = 0.192
 Average Recall     (AR) @[ IoU=0.50:0.95 | area=   all | maxDets=  1 ] = 0.357
 Average Recall     (AR) @[ IoU=0.50:0.95 | area=   all | maxDets= 10 ] = 0.640
 Average Recall     (AR) @[ IoU=0.50:0.95 | area=   all | maxDets=100 ] = 0.663
 Average Recall     (AR) @[ IoU=0.50:0.95 | area= small | maxDets=100 ] = -1.000
 Average Recall     (AR) @[ IoU=0.50:0.95 | area=medium | maxDets=100 ] = -1.000
 Average Recall     (AR) @[ IoU=0.50:0.95 | area= large | maxDets=100 ] = 0.663
 Average Recall     (AR) @[ IoU=0.50      | area=   all | maxDets=100 ] = 0.933
 Average Recall     (AR) @[ IoU=0.75      | area=   all | maxDets=100 ] = 0.733
best_stat: {'epoch': 55, 'coco_eval_bbox': 0.21960471827384917}
Epoch: [60]  [0/8]  eta: 0:00:08  lr: 0.000001  loss: 47.5411 (47.5411)  loss_mal: 2.0879 (2.0879)  loss_bbox: 0.2941 (0.2941)  loss_giou: 0.4152 (0.4152)  loss_fgl: 1.1470 (1.1470)  loss_mal_aux_0: 2.5605 (2.5605)  loss_bbox_aux_0: 0.5024 (0.5024)  loss_giou_aux_0: 0.6841 (0.6841)  loss_fgl_aux_0: 1.1433 (1.1433)  loss_ddf_aux_0: 0.5029 (0.5029)  loss_mal_aux_1: 2.4336 (2.4336)  loss_bbox_aux_1: 0.3404 (0.3404)  loss_giou_aux_1: 0.4907 (0.4907)  loss_fgl_aux_1: 1.1361 (1.1361)  loss_ddf_aux_1: 0.1168 (0.1168)  loss_mal_aux_2: 2.3145 (2.3145)  loss_bbox_aux_2: 0.2967 (0.2967)  loss_giou_aux_2: 0.4198 (0.4198)  loss_fgl_aux_2: 1.1442 (1.1442)  loss_ddf_aux_2: 0.0180 (0.0180)  loss_mal_pre: 2.4219 (2.4219)  loss_bbox_pre: 0.6116 (0.6116)  loss_giou_pre: 0.7483 (0.7483)  loss_mal_enc_0: 1.6943 (1.6943)  loss_bbox_enc_0: 0.9961 (0.9961)  loss_giou_enc_0: 1.2566 (1.2566)  loss_mal_dn_0: 2.1992 (2.1992)  loss_bbox_dn_0: 0.5693 (0.5693)  loss_giou_dn_0: 0.8054 (0.8054)  loss_fgl_dn_0: 1.2648 (1.2648)  loss_ddf_dn_0: 0.5218 (0.5218)  loss_mal_dn_1: 2.4336 (2.4336)  loss_bbox_dn_1: 0.3818 (0.3818)  loss_giou_dn_1: 0.5418 (0.5418)  loss_fgl_dn_1: 1.2335 (1.2335)  loss_ddf_dn_1: 0.0960 (0.0960)  loss_mal_dn_2: 2.1836 (2.1836)  loss_bbox_dn_2: 0.3241 (0.3241)  loss_giou_dn_2: 0.4577 (0.4577)  loss_fgl_dn_2: 1.2477 (1.2477)  loss_ddf_dn_2: 0.0151 (0.0151)  loss_mal_dn_3: 1.8730 (1.8730)  loss_bbox_dn_3: 0.3111 (0.3111)  loss_giou_dn_3: 0.4488 (0.4488)  loss_fgl_dn_3: 1.2604 (1.2604)  loss_mal_dn_pre: 2.2168 (2.2168)  loss_bbox_dn_pre: 0.5777 (0.5777)  loss_giou_dn_pre: 0.8009 (0.8009)  time: 1.0180  data: 0.8603  max mem: 3583
Epoch: [60]  [7/8]  eta: 0:00:00  lr: 0.000001  loss: 47.0582 (46.9636)  loss_mal: 2.0879 (2.1858)  loss_bbox: 0.2110 (0.2790)  loss_giou: 0.3793 (0.3989)  loss_fgl: 1.0214 (1.0385)  loss_mal_aux_0: 2.4688 (2.6375)  loss_bbox_aux_0: 0.4181 (0.4139)  loss_giou_aux_0: 0.6615 (0.6513)  loss_fgl_aux_0: 1.1330 (1.1275)  loss_ddf_aux_0: 0.5233 (0.5480)  loss_mal_aux_1: 2.4629 (2.5801)  loss_bbox_aux_1: 0.2722 (0.3159)  loss_giou_aux_1: 0.4540 (0.4517)  loss_fgl_aux_1: 1.0150 (1.0466)  loss_ddf_aux_1: 0.1097 (0.1133)  loss_mal_aux_2: 2.3145 (2.3213)  loss_bbox_aux_2: 0.2210 (0.2868)  loss_giou_aux_2: 0.3883 (0.4032)  loss_fgl_aux_2: 1.0291 (1.0431)  loss_ddf_aux_2: 0.0177 (0.0176)  loss_mal_pre: 2.4219 (2.6169)  loss_bbox_pre: 0.4208 (0.4202)  loss_giou_pre: 0.6622 (0.6662)  loss_mal_enc_0: 2.1230 (2.0355)  loss_bbox_enc_0: 0.8171 (0.8065)  loss_giou_enc_0: 1.0990 (1.1547)  loss_mal_dn_0: 2.4961 (2.4614)  loss_bbox_dn_0: 0.4404 (0.4756)  loss_giou_dn_0: 0.6765 (0.6848)  loss_fgl_dn_0: 1.2089 (1.2267)  loss_ddf_dn_0: 0.5525 (0.5750)  loss_mal_dn_1: 2.6465 (2.6587)  loss_bbox_dn_1: 0.2282 (0.2796)  loss_giou_dn_1: 0.4017 (0.4170)  loss_fgl_dn_1: 1.1036 (1.1122)  loss_ddf_dn_1: 0.0960 (0.1091)  loss_mal_dn_2: 2.3418 (2.3271)  loss_bbox_dn_2: 0.1758 (0.2249)  loss_giou_dn_2: 0.3398 (0.3538)  loss_fgl_dn_2: 1.0512 (1.0954)  loss_ddf_dn_2: 0.0142 (0.0137)  loss_mal_dn_3: 2.0938 (2.0876)  loss_bbox_dn_3: 0.1640 (0.2143)  loss_giou_dn_3: 0.3342 (0.3444)  loss_fgl_dn_3: 1.0522 (1.0986)  loss_mal_dn_pre: 2.5020 (2.4863)  loss_bbox_dn_pre: 0.4345 (0.4761)  loss_giou_dn_pre: 0.6763 (0.6812)  time: 0.2518  data: 0.1088  max mem: 3583
Epoch: [60] Total time: 0:00:02 (0.2624 s / it)
Averaged stats: lr: 0.000001  loss: 47.0582 (46.9636)  loss_mal: 2.0879 (2.1858)  loss_bbox: 0.2110 (0.2790)  loss_giou: 0.3793 (0.3989)  loss_fgl: 1.0214 (1.0385)  loss_mal_aux_0: 2.4688 (2.6375)  loss_bbox_aux_0: 0.4181 (0.4139)  loss_giou_aux_0: 0.6615 (0.6513)  loss_fgl_aux_0: 1.1330 (1.1275)  loss_ddf_aux_0: 0.5233 (0.5480)  loss_mal_aux_1: 2.4629 (2.5801)  loss_bbox_aux_1: 0.2722 (0.3159)  loss_giou_aux_1: 0.4540 (0.4517)  loss_fgl_aux_1: 1.0150 (1.0466)  loss_ddf_aux_1: 0.1097 (0.1133)  loss_mal_aux_2: 2.3145 (2.3213)  loss_bbox_aux_2: 0.2210 (0.2868)  loss_giou_aux_2: 0.3883 (0.4032)  loss_fgl_aux_2: 1.0291 (1.0431)  loss_ddf_aux_2: 0.0177 (0.0176)  loss_mal_pre: 2.4219 (2.6169)  loss_bbox_pre: 0.4208 (0.4202)  loss_giou_pre: 0.6622 (0.6662)  loss_mal_enc_0: 2.1230 (2.0355)  loss_bbox_enc_0: 0.8171 (0.8065)  loss_giou_enc_0: 1.0990 (1.1547)  loss_mal_dn_0: 2.4961 (2.4614)  loss_bbox_dn_0: 0.4404 (0.4756)  loss_giou_dn_0: 0.6765 (0.6848)  loss_fgl_dn_0: 1.2089 (1.2267)  loss_ddf_dn_0: 0.5525 (0.5750)  loss_mal_dn_1: 2.6465 (2.6587)  loss_bbox_dn_1: 0.2282 (0.2796)  loss_giou_dn_1: 0.4017 (0.4170)  loss_fgl_dn_1: 1.1036 (1.1122)  loss_ddf_dn_1: 0.0960 (0.1091)  loss_mal_dn_2: 2.3418 (2.3271)  loss_bbox_dn_2: 0.1758 (0.2249)  loss_giou_dn_2: 0.3398 (0.3538)  loss_fgl_dn_2: 1.0512 (1.0954)  loss_ddf_dn_2: 0.0142 (0.0137)  loss_mal_dn_3: 2.0938 (2.0876)  loss_bbox_dn_3: 0.1640 (0.2143)  loss_giou_dn_3: 0.3342 (0.3444)  loss_fgl_dn_3: 1.0522 (1.0986)  loss_mal_dn_pre: 2.5020 (2.4863)  loss_bbox_dn_pre: 0.4345 (0.4761)  loss_giou_dn_pre: 0.6763 (0.6812)
Test:  [0/4]  eta: 0:00:01    time: 0.3717  data: 0.3304  max mem: 3583
Test:  [3/4]  eta: 0:00:00    time: 0.1640  data: 0.0846  max mem: 3583
Test: Total time: 0:00:00 (0.1859 s / it)
Averaged stats: 
Accumulating evaluation results...
COCOeval_opt.accumulate() finished...
DONE (t=0.00s).
IoU metric: bbox
 Average Precision  (AP) @[ IoU=0.50:0.95 | area=   all | maxDets=100 ] = 0.199
 Average Precision  (AP) @[ IoU=0.50      | area=   all | maxDets=100 ] = 0.264
 Average Precision  (AP) @[ IoU=0.75      | area=   all | maxDets=100 ] = 0.241
 Average Precision  (AP) @[ IoU=0.50:0.95 | area= small | maxDets=100 ] = -1.000
 Average Precision  (AP) @[ IoU=0.50:0.95 | area=medium | maxDets=100 ] = -1.000
 Average Precision  (AP) @[ IoU=0.50:0.95 | area= large | maxDets=100 ] = 0.199
 Average Recall     (AR) @[ IoU=0.50:0.95 | area=   all | maxDets=  1 ] = 0.393
 Average Recall     (AR) @[ IoU=0.50:0.95 | area=   all | maxDets= 10 ] = 0.737
 Average Recall     (AR) @[ IoU=0.50:0.95 | area=   all | maxDets=100 ] = 0.797
 Average Recall     (AR) @[ IoU=0.50:0.95 | area= small | maxDets=100 ] = -1.000
 Average Recall     (AR) @[ IoU=0.50:0.95 | area=medium | maxDets=100 ] = -1.000
 Average Recall     (AR) @[ IoU=0.50:0.95 | area= large | maxDets=100 ] = 0.797
 Average Recall     (AR) @[ IoU=0.50      | area=   all | maxDets=100 ] = 1.000
 Average Recall     (AR) @[ IoU=0.75      | area=   all | maxDets=100 ] = 0.867
best_stat: {'epoch': 55, 'coco_eval_bbox': 0.21960471827384917}
Epoch: [61]  [0/8]  eta: 0:00:06  lr: 0.000001  loss: 46.1461 (46.1461)  loss_mal: 2.3574 (2.3574)  loss_bbox: 0.0974 (0.0974)  loss_giou: 0.2095 (0.2095)  loss_fgl: 0.9841 (0.9841)  loss_mal_aux_0: 2.7031 (2.7031)  loss_bbox_aux_0: 0.2278 (0.2278)  loss_giou_aux_0: 0.4963 (0.4963)  loss_fgl_aux_0: 1.1835 (1.1835)  loss_ddf_aux_0: 0.5670 (0.5670)  loss_mal_aux_1: 2.7520 (2.7520)  loss_bbox_aux_1: 0.1131 (0.1131)  loss_giou_aux_1: 0.2458 (0.2458)  loss_fgl_aux_1: 1.0041 (1.0041)  loss_ddf_aux_1: 0.1057 (0.1057)  loss_mal_aux_2: 2.4648 (2.4648)  loss_bbox_aux_2: 0.1043 (0.1043)  loss_giou_aux_2: 0.2147 (0.2147)  loss_fgl_aux_2: 0.9839 (0.9839)  loss_ddf_aux_2: 0.0187 (0.0187)  loss_mal_pre: 2.7891 (2.7891)  loss_bbox_pre: 0.2027 (0.2027)  loss_giou_pre: 0.4586 (0.4586)  loss_mal_enc_0: 2.3945 (2.3945)  loss_bbox_enc_0: 0.6466 (0.6466)  loss_giou_enc_0: 0.9963 (0.9963)  loss_mal_dn_0: 2.7773 (2.7773)  loss_bbox_dn_0: 0.5627 (0.5627)  loss_giou_dn_0: 0.5593 (0.5593)  loss_fgl_dn_0: 1.2197 (1.2197)  loss_ddf_dn_0: 0.4326 (0.4326)  loss_mal_dn_1: 2.6328 (2.6328)  loss_bbox_dn_1: 0.4048 (0.4048)  loss_giou_dn_1: 0.3752 (0.3752)  loss_fgl_dn_1: 1.0864 (1.0864)  loss_ddf_dn_1: 0.0672 (0.0672)  loss_mal_dn_2: 2.2852 (2.2852)  loss_bbox_dn_2: 0.3055 (0.3055)  loss_giou_dn_2: 0.3238 (0.3238)  loss_fgl_dn_2: 1.0798 (1.0798)  loss_ddf_dn_2: 0.0099 (0.0099)  loss_mal_dn_3: 2.0977 (2.0977)  loss_bbox_dn_3: 0.2741 (0.2741)  loss_giou_dn_3: 0.3132 (0.3132)  loss_fgl_dn_3: 1.0902 (1.0902)  loss_mal_dn_pre: 2.7969 (2.7969)  loss_bbox_dn_pre: 0.5697 (0.5697)  loss_giou_dn_pre: 0.5609 (0.5609)  time: 0.8119  data: 0.5895  max mem: 3583
Epoch: [61]  [7/8]  eta: 0:00:00  lr: 0.000002  loss: 46.0833 (46.5666)  loss_mal: 2.2051 (2.0814)  loss_bbox: 0.1329 (0.2818)  loss_giou: 0.3122 (0.4272)  loss_fgl: 1.0417 (1.0614)  loss_mal_aux_0: 2.6523 (2.5522)  loss_bbox_aux_0: 0.2824 (0.4407)  loss_giou_aux_0: 0.5694 (0.6758)  loss_fgl_aux_0: 1.1568 (1.1116)  loss_ddf_aux_0: 0.5379 (0.5886)  loss_mal_aux_1: 2.5527 (2.5232)  loss_bbox_aux_1: 0.1696 (0.3113)  loss_giou_aux_1: 0.3522 (0.4775)  loss_fgl_aux_1: 1.0620 (1.0715)  loss_ddf_aux_1: 0.1179 (0.1238)  loss_mal_aux_2: 2.2754 (2.2212)  loss_bbox_aux_2: 0.1373 (0.2845)  loss_giou_aux_2: 0.3129 (0.4334)  loss_fgl_aux_2: 1.0401 (1.0596)  loss_ddf_aux_2: 0.0153 (0.0164)  loss_mal_pre: 2.6621 (2.5913)  loss_bbox_pre: 0.2809 (0.4255)  loss_giou_pre: 0.5715 (0.6683)  loss_mal_enc_0: 1.9834 (1.9496)  loss_bbox_enc_0: 0.6466 (0.7512)  loss_giou_enc_0: 1.1071 (1.1488)  loss_mal_dn_0: 2.1621 (2.2806)  loss_bbox_dn_0: 0.5273 (0.5498)  loss_giou_dn_0: 0.7255 (0.7656)  loss_fgl_dn_0: 1.1536 (1.1750)  loss_ddf_dn_0: 0.6804 (0.6703)  loss_mal_dn_1: 2.5137 (2.4744)  loss_bbox_dn_1: 0.2966 (0.3581)  loss_giou_dn_1: 0.4598 (0.5018)  loss_fgl_dn_1: 1.1020 (1.1079)  loss_ddf_dn_1: 0.1187 (0.1274)  loss_mal_dn_2: 2.1895 (2.1237)  loss_bbox_dn_2: 0.2338 (0.2990)  loss_giou_dn_2: 0.3861 (0.4407)  loss_fgl_dn_2: 1.0782 (1.0889)  loss_ddf_dn_2: 0.0119 (0.0132)  loss_mal_dn_3: 1.8877 (1.8883)  loss_bbox_dn_3: 0.2205 (0.2881)  loss_giou_dn_3: 0.3722 (0.4311)  loss_fgl_dn_3: 1.0723 (1.0909)  loss_mal_dn_pre: 2.1855 (2.2983)  loss_bbox_dn_pre: 0.5340 (0.5515)  loss_giou_dn_pre: 0.7270 (0.7640)  time: 0.2467  data: 0.0780  max mem: 3583
Epoch: [61] Total time: 0:00:02 (0.2541 s / it)
Averaged stats: lr: 0.000002  loss: 46.0833 (46.5666)  loss_mal: 2.2051 (2.0814)  loss_bbox: 0.1329 (0.2818)  loss_giou: 0.3122 (0.4272)  loss_fgl: 1.0417 (1.0614)  loss_mal_aux_0: 2.6523 (2.5522)  loss_bbox_aux_0: 0.2824 (0.4407)  loss_giou_aux_0: 0.5694 (0.6758)  loss_fgl_aux_0: 1.1568 (1.1116)  loss_ddf_aux_0: 0.5379 (0.5886)  loss_mal_aux_1: 2.5527 (2.5232)  loss_bbox_aux_1: 0.1696 (0.3113)  loss_giou_aux_1: 0.3522 (0.4775)  loss_fgl_aux_1: 1.0620 (1.0715)  loss_ddf_aux_1: 0.1179 (0.1238)  loss_mal_aux_2: 2.2754 (2.2212)  loss_bbox_aux_2: 0.1373 (0.2845)  loss_giou_aux_2: 0.3129 (0.4334)  loss_fgl_aux_2: 1.0401 (1.0596)  loss_ddf_aux_2: 0.0153 (0.0164)  loss_mal_pre: 2.6621 (2.5913)  loss_bbox_pre: 0.2809 (0.4255)  loss_giou_pre: 0.5715 (0.6683)  loss_mal_enc_0: 1.9834 (1.9496)  loss_bbox_enc_0: 0.6466 (0.7512)  loss_giou_enc_0: 1.1071 (1.1488)  loss_mal_dn_0: 2.1621 (2.2806)  loss_bbox_dn_0: 0.5273 (0.5498)  loss_giou_dn_0: 0.7255 (0.7656)  loss_fgl_dn_0: 1.1536 (1.1750)  loss_ddf_dn_0: 0.6804 (0.6703)  loss_mal_dn_1: 2.5137 (2.4744)  loss_bbox_dn_1: 0.2966 (0.3581)  loss_giou_dn_1: 0.4598 (0.5018)  loss_fgl_dn_1: 1.1020 (1.1079)  loss_ddf_dn_1: 0.1187 (0.1274)  loss_mal_dn_2: 2.1895 (2.1237)  loss_bbox_dn_2: 0.2338 (0.2990)  loss_giou_dn_2: 0.3861 (0.4407)  loss_fgl_dn_2: 1.0782 (1.0889)  loss_ddf_dn_2: 0.0119 (0.0132)  loss_mal_dn_3: 1.8877 (1.8883)  loss_bbox_dn_3: 0.2205 (0.2881)  loss_giou_dn_3: 0.3722 (0.4311)  loss_fgl_dn_3: 1.0723 (1.0909)  loss_mal_dn_pre: 2.1855 (2.2983)  loss_bbox_dn_pre: 0.5340 (0.5515)  loss_giou_dn_pre: 0.7270 (0.7640)
Test:  [0/4]  eta: 0:00:01    time: 0.4011  data: 0.3629  max mem: 3583
Test:  [3/4]  eta: 0:00:00    time: 0.1266  data: 0.0930  max mem: 3583
Test: Total time: 0:00:00 (0.1443 s / it)
Averaged stats: 
Accumulating evaluation results...
COCOeval_opt.accumulate() finished...
DONE (t=0.00s).
IoU metric: bbox
 Average Precision  (AP) @[ IoU=0.50:0.95 | area=   all | maxDets=100 ] = 0.228
 Average Precision  (AP) @[ IoU=0.50      | area=   all | maxDets=100 ] = 0.302
 Average Precision  (AP) @[ IoU=0.75      | area=   all | maxDets=100 ] = 0.265
 Average Precision  (AP) @[ IoU=0.50:0.95 | area= small | maxDets=100 ] = -1.000
 Average Precision  (AP) @[ IoU=0.50:0.95 | area=medium | maxDets=100 ] = -1.000
 Average Precision  (AP) @[ IoU=0.50:0.95 | area= large | maxDets=100 ] = 0.228
 Average Recall     (AR) @[ IoU=0.50:0.95 | area=   all | maxDets=  1 ] = 0.533
 Average Recall     (AR) @[ IoU=0.50:0.95 | area=   all | maxDets= 10 ] = 0.823
 Average Recall     (AR) @[ IoU=0.50:0.95 | area=   all | maxDets=100 ] = 0.850
 Average Recall     (AR) @[ IoU=0.50:0.95 | area= small | maxDets=100 ] = -1.000
 Average Recall     (AR) @[ IoU=0.50:0.95 | area=medium | maxDets=100 ] = -1.000
 Average Recall     (AR) @[ IoU=0.50:0.95 | area= large | maxDets=100 ] = 0.850
 Average Recall     (AR) @[ IoU=0.50      | area=   all | maxDets=100 ] = 1.000
 Average Recall     (AR) @[ IoU=0.75      | area=   all | maxDets=100 ] = 0.933
best_stat: {'epoch': 61, 'coco_eval_bbox': 0.22787878108008522}
Epoch: [62]  [0/8]  eta: 0:00:07  lr: 0.000002  loss: 47.6906 (47.6906)  loss_mal: 2.2324 (2.2324)  loss_bbox: 0.2050 (0.2050)  loss_giou: 0.4325 (0.4325)  loss_fgl: 1.1240 (1.1240)  loss_mal_aux_0: 2.9395 (2.9395)  loss_bbox_aux_0: 0.3093 (0.3093)  loss_giou_aux_0: 0.6185 (0.6185)  loss_fgl_aux_0: 1.1437 (1.1437)  loss_ddf_aux_0: 0.7306 (0.7306)  loss_mal_aux_1: 2.5664 (2.5664)  loss_bbox_aux_1: 0.2432 (0.2432)  loss_giou_aux_1: 0.4955 (0.4955)  loss_fgl_aux_1: 1.1325 (1.1325)  loss_ddf_aux_1: 0.1416 (0.1416)  loss_mal_aux_2: 2.3008 (2.3008)  loss_bbox_aux_2: 0.2037 (0.2037)  loss_giou_aux_2: 0.4352 (0.4352)  loss_fgl_aux_2: 1.1183 (1.1183)  loss_ddf_aux_2: 0.0163 (0.0163)  loss_mal_pre: 3.0098 (3.0098)  loss_bbox_pre: 0.3218 (0.3218)  loss_giou_pre: 0.6313 (0.6313)  loss_mal_enc_0: 2.1309 (2.1309)  loss_bbox_enc_0: 0.6707 (0.6707)  loss_giou_enc_0: 1.1380 (1.1380)  loss_mal_dn_0: 2.4883 (2.4883)  loss_bbox_dn_0: 0.4299 (0.4299)  loss_giou_dn_0: 0.6660 (0.6660)  loss_fgl_dn_0: 1.2159 (1.2159)  loss_ddf_dn_0: 0.7653 (0.7653)  loss_mal_dn_1: 2.6211 (2.6211)  loss_bbox_dn_1: 0.2535 (0.2535)  loss_giou_dn_1: 0.4108 (0.4108)  loss_fgl_dn_1: 1.1520 (1.1520)  loss_ddf_dn_1: 0.1502 (0.1502)  loss_mal_dn_2: 2.2090 (2.2090)  loss_bbox_dn_2: 0.2109 (0.2109)  loss_giou_dn_2: 0.3591 (0.3591)  loss_fgl_dn_2: 1.1335 (1.1335)  loss_ddf_dn_2: 0.0138 (0.0138)  loss_mal_dn_3: 2.0293 (2.0293)  loss_bbox_dn_3: 0.2035 (0.2035)  loss_giou_dn_3: 0.3500 (0.3500)  loss_fgl_dn_3: 1.1373 (1.1373)  loss_mal_dn_pre: 2.5156 (2.5156)  loss_bbox_dn_pre: 0.4244 (0.4244)  loss_giou_dn_pre: 0.6601 (0.6601)  time: 0.9329  data: 0.7131  max mem: 3583
Epoch: [62]  [7/8]  eta: 0:00:00  lr: 0.000002  loss: 47.5633 (47.7055)  loss_mal: 2.2598 (2.2115)  loss_bbox: 0.2050 (0.2510)  loss_giou: 0.3350 (0.3620)  loss_fgl: 1.1225 (1.1518)  loss_mal_aux_0: 2.9199 (2.8892)  loss_bbox_aux_0: 0.3102 (0.3836)  loss_giou_aux_0: 0.5499 (0.5544)  loss_fgl_aux_0: 1.1656 (1.1780)  loss_ddf_aux_0: 0.6463 (0.6654)  loss_mal_aux_1: 2.5977 (2.6108)  loss_bbox_aux_1: 0.2432 (0.2686)  loss_giou_aux_1: 0.3767 (0.3991)  loss_fgl_aux_1: 1.1266 (1.1563)  loss_ddf_aux_1: 0.1185 (0.1217)  loss_mal_aux_2: 2.3242 (2.2671)  loss_bbox_aux_2: 0.2037 (0.2522)  loss_giou_aux_2: 0.3383 (0.3668)  loss_fgl_aux_2: 1.1183 (1.1517)  loss_ddf_aux_2: 0.0148 (0.0151)  loss_mal_pre: 2.9375 (2.9243)  loss_bbox_pre: 0.3264 (0.3780)  loss_giou_pre: 0.5568 (0.5610)  loss_mal_enc_0: 2.1074 (2.2174)  loss_bbox_enc_0: 0.8167 (0.7927)  loss_giou_enc_0: 1.0945 (1.0920)  loss_mal_dn_0: 2.4297 (2.4220)  loss_bbox_dn_0: 0.4537 (0.5560)  loss_giou_dn_0: 0.6660 (0.6920)  loss_fgl_dn_0: 1.1895 (1.2149)  loss_ddf_dn_0: 0.6513 (0.6532)  loss_mal_dn_1: 2.5039 (2.5000)  loss_bbox_dn_1: 0.2622 (0.3467)  loss_giou_dn_1: 0.3726 (0.4456)  loss_fgl_dn_1: 1.1133 (1.1565)  loss_ddf_dn_1: 0.1076 (0.1197)  loss_mal_dn_2: 2.0977 (2.1096)  loss_bbox_dn_2: 0.2109 (0.2959)  loss_giou_dn_2: 0.3492 (0.3947)  loss_fgl_dn_2: 1.0950 (1.1437)  loss_ddf_dn_2: 0.0120 (0.0118)  loss_mal_dn_3: 1.9697 (1.9152)  loss_bbox_dn_3: 0.2035 (0.2886)  loss_giou_dn_3: 0.3417 (0.3863)  loss_fgl_dn_3: 1.0954 (1.1456)  loss_mal_dn_pre: 2.4395 (2.4424)  loss_bbox_dn_pre: 0.4491 (0.5542)  loss_giou_dn_pre: 0.6601 (0.6893)  time: 0.2651  data: 0.0919  max mem: 3583
Epoch: [62] Total time: 0:00:02 (0.2728 s / it)
Averaged stats: lr: 0.000002  loss: 47.5633 (47.7055)  loss_mal: 2.2598 (2.2115)  loss_bbox: 0.2050 (0.2510)  loss_giou: 0.3350 (0.3620)  loss_fgl: 1.1225 (1.1518)  loss_mal_aux_0: 2.9199 (2.8892)  loss_bbox_aux_0: 0.3102 (0.3836)  loss_giou_aux_0: 0.5499 (0.5544)  loss_fgl_aux_0: 1.1656 (1.1780)  loss_ddf_aux_0: 0.6463 (0.6654)  loss_mal_aux_1: 2.5977 (2.6108)  loss_bbox_aux_1: 0.2432 (0.2686)  loss_giou_aux_1: 0.3767 (0.3991)  loss_fgl_aux_1: 1.1266 (1.1563)  loss_ddf_aux_1: 0.1185 (0.1217)  loss_mal_aux_2: 2.3242 (2.2671)  loss_bbox_aux_2: 0.2037 (0.2522)  loss_giou_aux_2: 0.3383 (0.3668)  loss_fgl_aux_2: 1.1183 (1.1517)  loss_ddf_aux_2: 0.0148 (0.0151)  loss_mal_pre: 2.9375 (2.9243)  loss_bbox_pre: 0.3264 (0.3780)  loss_giou_pre: 0.5568 (0.5610)  loss_mal_enc_0: 2.1074 (2.2174)  loss_bbox_enc_0: 0.8167 (0.7927)  loss_giou_enc_0: 1.0945 (1.0920)  loss_mal_dn_0: 2.4297 (2.4220)  loss_bbox_dn_0: 0.4537 (0.5560)  loss_giou_dn_0: 0.6660 (0.6920)  loss_fgl_dn_0: 1.1895 (1.2149)  loss_ddf_dn_0: 0.6513 (0.6532)  loss_mal_dn_1: 2.5039 (2.5000)  loss_bbox_dn_1: 0.2622 (0.3467)  loss_giou_dn_1: 0.3726 (0.4456)  loss_fgl_dn_1: 1.1133 (1.1565)  loss_ddf_dn_1: 0.1076 (0.1197)  loss_mal_dn_2: 2.0977 (2.1096)  loss_bbox_dn_2: 0.2109 (0.2959)  loss_giou_dn_2: 0.3492 (0.3947)  loss_fgl_dn_2: 1.0950 (1.1437)  loss_ddf_dn_2: 0.0120 (0.0118)  loss_mal_dn_3: 1.9697 (1.9152)  loss_bbox_dn_3: 0.2035 (0.2886)  loss_giou_dn_3: 0.3417 (0.3863)  loss_fgl_dn_3: 1.0954 (1.1456)  loss_mal_dn_pre: 2.4395 (2.4424)  loss_bbox_dn_pre: 0.4491 (0.5542)  loss_giou_dn_pre: 0.6601 (0.6893)
Test:  [0/4]  eta: 0:00:01    time: 0.3773  data: 0.3378  max mem: 3583
Test:  [3/4]  eta: 0:00:00    time: 0.1221  data: 0.0868  max mem: 3583
Test: Total time: 0:00:00 (0.1382 s / it)
Averaged stats: 
Accumulating evaluation results...
COCOeval_opt.accumulate() finished...
DONE (t=0.00s).
IoU metric: bbox
 Average Precision  (AP) @[ IoU=0.50:0.95 | area=   all | maxDets=100 ] = 0.205
 Average Precision  (AP) @[ IoU=0.50      | area=   all | maxDets=100 ] = 0.281
 Average Precision  (AP) @[ IoU=0.75      | area=   all | maxDets=100 ] = 0.248
 Average Precision  (AP) @[ IoU=0.50:0.95 | area= small | maxDets=100 ] = -1.000
 Average Precision  (AP) @[ IoU=0.50:0.95 | area=medium | maxDets=100 ] = -1.000
 Average Precision  (AP) @[ IoU=0.50:0.95 | area= large | maxDets=100 ] = 0.205
 Average Recall     (AR) @[ IoU=0.50:0.95 | area=   all | maxDets=  1 ] = 0.430
 Average Recall     (AR) @[ IoU=0.50:0.95 | area=   all | maxDets= 10 ] = 0.770
 Average Recall     (AR) @[ IoU=0.50:0.95 | area=   all | maxDets=100 ] = 0.833
 Average Recall     (AR) @[ IoU=0.50:0.95 | area= small | maxDets=100 ] = -1.000
 Average Recall     (AR) @[ IoU=0.50:0.95 | area=medium | maxDets=100 ] = -1.000
 Average Recall     (AR) @[ IoU=0.50:0.95 | area= large | maxDets=100 ] = 0.833
 Average Recall     (AR) @[ IoU=0.50      | area=   all | maxDets=100 ] = 1.000
 Average Recall     (AR) @[ IoU=0.75      | area=   all | maxDets=100 ] = 0.967
best_stat: {'epoch': 61, 'coco_eval_bbox': 0.22787878108008522}
Epoch: [63]  [0/8]  eta: 0:00:05  lr: 0.000002  loss: 45.9168 (45.9168)  loss_mal: 1.9814 (1.9814)  loss_bbox: 0.2545 (0.2545)  loss_giou: 0.4216 (0.4216)  loss_fgl: 1.0819 (1.0819)  loss_mal_aux_0: 2.7598 (2.7598)  loss_bbox_aux_0: 0.3587 (0.3587)  loss_giou_aux_0: 0.5947 (0.5947)  loss_fgl_aux_0: 1.1479 (1.1479)  loss_ddf_aux_0: 0.6918 (0.6918)  loss_mal_aux_1: 2.4336 (2.4336)  loss_bbox_aux_1: 0.2835 (0.2835)  loss_giou_aux_1: 0.4654 (0.4654)  loss_fgl_aux_1: 1.0728 (1.0728)  loss_ddf_aux_1: 0.1294 (0.1294)  loss_mal_aux_2: 1.9512 (1.9512)  loss_bbox_aux_2: 0.2627 (0.2627)  loss_giou_aux_2: 0.4477 (0.4477)  loss_fgl_aux_2: 1.0771 (1.0771)  loss_ddf_aux_2: 0.0178 (0.0178)  loss_mal_pre: 2.8555 (2.8555)  loss_bbox_pre: 0.3103 (0.3103)  loss_giou_pre: 0.5581 (0.5581)  loss_mal_enc_0: 2.0664 (2.0664)  loss_bbox_enc_0: 0.6553 (0.6553)  loss_giou_enc_0: 1.0720 (1.0720)  loss_mal_dn_0: 2.3320 (2.3320)  loss_bbox_dn_0: 0.5075 (0.5075)  loss_giou_dn_0: 0.7318 (0.7318)  loss_fgl_dn_0: 1.1930 (1.1930)  loss_ddf_dn_0: 0.8890 (0.8890)  loss_mal_dn_1: 2.3652 (2.3652)  loss_bbox_dn_1: 0.3355 (0.3355)  loss_giou_dn_1: 0.4840 (0.4840)  loss_fgl_dn_1: 1.0706 (1.0706)  loss_ddf_dn_1: 0.1656 (0.1656)  loss_mal_dn_2: 1.9580 (1.9580)  loss_bbox_dn_2: 0.2763 (0.2763)  loss_giou_dn_2: 0.4384 (0.4384)  loss_fgl_dn_2: 1.0569 (1.0569)  loss_ddf_dn_2: 0.0170 (0.0170)  loss_mal_dn_3: 1.8076 (1.8076)  loss_bbox_dn_3: 0.2664 (0.2664)  loss_giou_dn_3: 0.4261 (0.4261)  loss_fgl_dn_3: 1.0624 (1.0624)  loss_mal_dn_pre: 2.3516 (2.3516)  loss_bbox_dn_pre: 0.5001 (0.5001)  loss_giou_dn_pre: 0.7310 (0.7310)  time: 0.6575  data: 0.4528  max mem: 3583
Epoch: [63]  [7/8]  eta: 0:00:00  lr: 0.000002  loss: 45.3971 (46.7344)  loss_mal: 1.9463 (1.9563)  loss_bbox: 0.2036 (0.3756)  loss_giou: 0.4216 (0.4874)  loss_fgl: 1.0784 (1.0824)  loss_mal_aux_0: 2.5430 (2.4871)  loss_bbox_aux_0: 0.3587 (0.5355)  loss_giou_aux_0: 0.5947 (0.7075)  loss_fgl_aux_0: 1.1284 (1.1157)  loss_ddf_aux_0: 0.6918 (0.6889)  loss_mal_aux_1: 2.1484 (2.2805)  loss_bbox_aux_1: 0.2835 (0.4025)  loss_giou_aux_1: 0.4654 (0.5382)  loss_fgl_aux_1: 1.0506 (1.0773)  loss_ddf_aux_1: 0.1294 (0.1352)  loss_mal_aux_2: 2.0098 (1.9642)  loss_bbox_aux_2: 0.2123 (0.3805)  loss_giou_aux_2: 0.4477 (0.4981)  loss_fgl_aux_2: 1.0680 (1.0758)  loss_ddf_aux_2: 0.0178 (0.0178)  loss_mal_pre: 2.5410 (2.5282)  loss_bbox_pre: 0.3169 (0.5189)  loss_giou_pre: 0.5705 (0.7026)  loss_mal_enc_0: 1.8232 (1.8663)  loss_bbox_enc_0: 0.7054 (0.8390)  loss_giou_enc_0: 1.1449 (1.1754)  loss_mal_dn_0: 2.2363 (2.2883)  loss_bbox_dn_0: 0.5075 (0.5412)  loss_giou_dn_0: 0.7318 (0.7451)  loss_fgl_dn_0: 1.1748 (1.2286)  loss_ddf_dn_0: 0.8270 (0.8246)  loss_mal_dn_1: 2.3652 (2.3447)  loss_bbox_dn_1: 0.3316 (0.3738)  loss_giou_dn_1: 0.4635 (0.5078)  loss_fgl_dn_1: 1.0880 (1.1380)  loss_ddf_dn_1: 0.1525 (0.1574)  loss_mal_dn_2: 1.9580 (1.9187)  loss_bbox_dn_2: 0.2403 (0.3434)  loss_giou_dn_2: 0.4058 (0.4632)  loss_fgl_dn_2: 1.0648 (1.1235)  loss_ddf_dn_2: 0.0144 (0.0164)  loss_mal_dn_3: 1.7529 (1.7689)  loss_bbox_dn_3: 0.2439 (0.3344)  loss_giou_dn_3: 0.3914 (0.4562)  loss_fgl_dn_3: 1.0675 (1.1271)  loss_mal_dn_pre: 2.2480 (2.3098)  loss_bbox_dn_pre: 0.5001 (0.5421)  loss_giou_dn_pre: 0.7310 (0.7441)  time: 0.2489  data: 0.0610  max mem: 3583
Epoch: [63] Total time: 0:00:02 (0.2589 s / it)
Averaged stats: lr: 0.000002  loss: 45.3971 (46.7344)  loss_mal: 1.9463 (1.9563)  loss_bbox: 0.2036 (0.3756)  loss_giou: 0.4216 (0.4874)  loss_fgl: 1.0784 (1.0824)  loss_mal_aux_0: 2.5430 (2.4871)  loss_bbox_aux_0: 0.3587 (0.5355)  loss_giou_aux_0: 0.5947 (0.7075)  loss_fgl_aux_0: 1.1284 (1.1157)  loss_ddf_aux_0: 0.6918 (0.6889)  loss_mal_aux_1: 2.1484 (2.2805)  loss_bbox_aux_1: 0.2835 (0.4025)  loss_giou_aux_1: 0.4654 (0.5382)  loss_fgl_aux_1: 1.0506 (1.0773)  loss_ddf_aux_1: 0.1294 (0.1352)  loss_mal_aux_2: 2.0098 (1.9642)  loss_bbox_aux_2: 0.2123 (0.3805)  loss_giou_aux_2: 0.4477 (0.4981)  loss_fgl_aux_2: 1.0680 (1.0758)  loss_ddf_aux_2: 0.0178 (0.0178)  loss_mal_pre: 2.5410 (2.5282)  loss_bbox_pre: 0.3169 (0.5189)  loss_giou_pre: 0.5705 (0.7026)  loss_mal_enc_0: 1.8232 (1.8663)  loss_bbox_enc_0: 0.7054 (0.8390)  loss_giou_enc_0: 1.1449 (1.1754)  loss_mal_dn_0: 2.2363 (2.2883)  loss_bbox_dn_0: 0.5075 (0.5412)  loss_giou_dn_0: 0.7318 (0.7451)  loss_fgl_dn_0: 1.1748 (1.2286)  loss_ddf_dn_0: 0.8270 (0.8246)  loss_mal_dn_1: 2.3652 (2.3447)  loss_bbox_dn_1: 0.3316 (0.3738)  loss_giou_dn_1: 0.4635 (0.5078)  loss_fgl_dn_1: 1.0880 (1.1380)  loss_ddf_dn_1: 0.1525 (0.1574)  loss_mal_dn_2: 1.9580 (1.9187)  loss_bbox_dn_2: 0.2403 (0.3434)  loss_giou_dn_2: 0.4058 (0.4632)  loss_fgl_dn_2: 1.0648 (1.1235)  loss_ddf_dn_2: 0.0144 (0.0164)  loss_mal_dn_3: 1.7529 (1.7689)  loss_bbox_dn_3: 0.2439 (0.3344)  loss_giou_dn_3: 0.3914 (0.4562)  loss_fgl_dn_3: 1.0675 (1.1271)  loss_mal_dn_pre: 2.2480 (2.3098)  loss_bbox_dn_pre: 0.5001 (0.5421)  loss_giou_dn_pre: 0.7310 (0.7441)
Test:  [0/4]  eta: 0:00:01    time: 0.3931  data: 0.3520  max mem: 3583
Test:  [3/4]  eta: 0:00:00    time: 0.1740  data: 0.0903  max mem: 3583
Test: Total time: 0:00:00 (0.1991 s / it)
Averaged stats: 
Accumulating evaluation results...
COCOeval_opt.accumulate() finished...
DONE (t=0.00s).
IoU metric: bbox
 Average Precision  (AP) @[ IoU=0.50:0.95 | area=   all | maxDets=100 ] = 0.185
 Average Precision  (AP) @[ IoU=0.50      | area=   all | maxDets=100 ] = 0.246
 Average Precision  (AP) @[ IoU=0.75      | area=   all | maxDets=100 ] = 0.224
 Average Precision  (AP) @[ IoU=0.50:0.95 | area= small | maxDets=100 ] = -1.000
 Average Precision  (AP) @[ IoU=0.50:0.95 | area=medium | maxDets=100 ] = -1.000
 Average Precision  (AP) @[ IoU=0.50:0.95 | area= large | maxDets=100 ] = 0.185
 Average Recall     (AR) @[ IoU=0.50:0.95 | area=   all | maxDets=  1 ] = 0.460
 Average Recall     (AR) @[ IoU=0.50:0.95 | area=   all | maxDets= 10 ] = 0.763
 Average Recall     (AR) @[ IoU=0.50:0.95 | area=   all | maxDets=100 ] = 0.827
 Average Recall     (AR) @[ IoU=0.50:0.95 | area= small | maxDets=100 ] = -1.000
 Average Recall     (AR) @[ IoU=0.50:0.95 | area=medium | maxDets=100 ] = -1.000
 Average Recall     (AR) @[ IoU=0.50:0.95 | area= large | maxDets=100 ] = 0.827
 Average Recall     (AR) @[ IoU=0.50      | area=   all | maxDets=100 ] = 1.000
 Average Recall     (AR) @[ IoU=0.75      | area=   all | maxDets=100 ] = 0.933
best_stat: {'epoch': 61, 'coco_eval_bbox': 0.22787878108008522}
     ### Attention --- Mixup is closed after epoch@ 64 ###
     ### Attention --- Mixup is closed after epoch@ 64 ###
     ### Attention --- Mixup is closed after epoch@ 64 ###
     ### Attention --- Mixup is closed after epoch@ 64 ###
Epoch: [64]  [0/8]  eta: 0:00:11  lr: 0.000002  loss: 45.8612 (45.8612)  loss_mal: 2.3652 (2.3652)  loss_bbox: 0.1153 (0.1153)  loss_giou: 0.2225 (0.2225)  loss_fgl: 1.0821 (1.0821)  loss_mal_aux_0: 3.0879 (3.0879)  loss_bbox_aux_0: 0.1836 (0.1836)  loss_giou_aux_0: 0.3385 (0.3385)  loss_fgl_aux_0: 1.1764 (1.1764)  loss_ddf_aux_0: 0.5990 (0.5990)  loss_mal_aux_1: 2.5605 (2.5605)  loss_bbox_aux_1: 0.1046 (0.1046)  loss_giou_aux_1: 0.1987 (0.1987)  loss_fgl_aux_1: 1.0308 (1.0308)  loss_ddf_aux_1: 0.1034 (0.1034)  loss_mal_aux_2: 2.1543 (2.1543)  loss_bbox_aux_2: 0.1433 (0.1433)  loss_giou_aux_2: 0.2359 (0.2359)  loss_fgl_aux_2: 1.0745 (1.0745)  loss_ddf_aux_2: 0.0198 (0.0198)  loss_mal_pre: 3.1934 (3.1934)  loss_bbox_pre: 0.1754 (0.1754)  loss_giou_pre: 0.3244 (0.3244)  loss_mal_enc_0: 2.5820 (2.5820)  loss_bbox_enc_0: 0.7541 (0.7541)  loss_giou_enc_0: 1.0499 (1.0499)  loss_mal_dn_0: 2.5684 (2.5684)  loss_bbox_dn_0: 0.3485 (0.3485)  loss_giou_dn_0: 0.5860 (0.5860)  loss_fgl_dn_0: 1.3708 (1.3708)  loss_ddf_dn_0: 0.8232 (0.8232)  loss_mal_dn_1: 2.4824 (2.4824)  loss_bbox_dn_1: 0.1830 (0.1830)  loss_giou_dn_1: 0.3585 (0.3585)  loss_fgl_dn_1: 1.2324 (1.2324)  loss_ddf_dn_1: 0.1483 (0.1483)  loss_mal_dn_2: 1.9717 (1.9717)  loss_bbox_dn_2: 0.1604 (0.1604)  loss_giou_dn_2: 0.3481 (0.3481)  loss_fgl_dn_2: 1.2427 (1.2427)  loss_ddf_dn_2: 0.0189 (0.0189)  loss_mal_dn_3: 1.8359 (1.8359)  loss_bbox_dn_3: 0.1597 (0.1597)  loss_giou_dn_3: 0.3483 (0.3483)  loss_fgl_dn_3: 1.2621 (1.2621)  loss_mal_dn_pre: 2.6152 (2.6152)  loss_bbox_dn_pre: 0.3425 (0.3425)  loss_giou_dn_pre: 0.5786 (0.5786)  time: 1.4336  data: 1.2260  max mem: 3583
Epoch: [64]  [7/8]  eta: 0:00:00  lr: 0.000002  loss: 48.0730 (47.8205)  loss_mal: 2.3281 (2.3970)  loss_bbox: 0.1714 (0.2227)  loss_giou: 0.2297 (0.2437)  loss_fgl: 1.0426 (1.0223)  loss_mal_aux_0: 3.0508 (3.0579)  loss_bbox_aux_0: 0.3866 (0.4208)  loss_giou_aux_0: 0.4000 (0.4470)  loss_fgl_aux_0: 1.1580 (1.1590)  loss_ddf_aux_0: 0.5990 (0.6334)  loss_mal_aux_1: 2.6641 (2.6760)  loss_bbox_aux_1: 0.2038 (0.2627)  loss_giou_aux_1: 0.2764 (0.2799)  loss_fgl_aux_1: 1.0714 (1.0425)  loss_ddf_aux_1: 0.1034 (0.1139)  loss_mal_aux_2: 2.2285 (2.2646)  loss_bbox_aux_2: 0.1651 (0.2358)  loss_giou_aux_2: 0.2359 (0.2481)  loss_fgl_aux_2: 1.0445 (1.0176)  loss_ddf_aux_2: 0.0164 (0.0165)  loss_mal_pre: 3.0352 (3.0955)  loss_bbox_pre: 0.4075 (0.4367)  loss_giou_pre: 0.4103 (0.4580)  loss_mal_enc_0: 2.2188 (2.3347)  loss_bbox_enc_0: 0.9742 (1.0100)  loss_giou_enc_0: 1.0265 (1.0482)  loss_mal_dn_0: 2.5215 (2.5029)  loss_bbox_dn_0: 0.6387 (0.7268)  loss_giou_dn_0: 0.6373 (0.6475)  loss_fgl_dn_0: 1.1835 (1.2253)  loss_ddf_dn_0: 0.7922 (0.7840)  loss_mal_dn_1: 2.4707 (2.4792)  loss_bbox_dn_1: 0.4015 (0.4257)  loss_giou_dn_1: 0.3585 (0.3984)  loss_fgl_dn_1: 1.0824 (1.0818)  loss_ddf_dn_1: 0.1483 (0.1567)  loss_mal_dn_2: 2.0273 (2.0421)  loss_bbox_dn_2: 0.3500 (0.3306)  loss_giou_dn_2: 0.2867 (0.3313)  loss_fgl_dn_2: 1.0386 (1.0466)  loss_ddf_dn_2: 0.0177 (0.0175)  loss_mal_dn_3: 1.8574 (1.8788)  loss_bbox_dn_3: 0.3472 (0.3162)  loss_giou_dn_3: 0.2820 (0.3236)  loss_fgl_dn_3: 1.0443 (1.0536)  loss_mal_dn_pre: 2.5469 (2.5261)  loss_bbox_dn_pre: 0.6477 (0.7327)  loss_giou_dn_pre: 0.6392 (0.6487)  time: 0.2993  data: 0.1548  max mem: 3583
Epoch: [64] Total time: 0:00:02 (0.3077 s / it)
Averaged stats: lr: 0.000002  loss: 48.0730 (47.8205)  loss_mal: 2.3281 (2.3970)  loss_bbox: 0.1714 (0.2227)  loss_giou: 0.2297 (0.2437)  loss_fgl: 1.0426 (1.0223)  loss_mal_aux_0: 3.0508 (3.0579)  loss_bbox_aux_0: 0.3866 (0.4208)  loss_giou_aux_0: 0.4000 (0.4470)  loss_fgl_aux_0: 1.1580 (1.1590)  loss_ddf_aux_0: 0.5990 (0.6334)  loss_mal_aux_1: 2.6641 (2.6760)  loss_bbox_aux_1: 0.2038 (0.2627)  loss_giou_aux_1: 0.2764 (0.2799)  loss_fgl_aux_1: 1.0714 (1.0425)  loss_ddf_aux_1: 0.1034 (0.1139)  loss_mal_aux_2: 2.2285 (2.2646)  loss_bbox_aux_2: 0.1651 (0.2358)  loss_giou_aux_2: 0.2359 (0.2481)  loss_fgl_aux_2: 1.0445 (1.0176)  loss_ddf_aux_2: 0.0164 (0.0165)  loss_mal_pre: 3.0352 (3.0955)  loss_bbox_pre: 0.4075 (0.4367)  loss_giou_pre: 0.4103 (0.4580)  loss_mal_enc_0: 2.2188 (2.3347)  loss_bbox_enc_0: 0.9742 (1.0100)  loss_giou_enc_0: 1.0265 (1.0482)  loss_mal_dn_0: 2.5215 (2.5029)  loss_bbox_dn_0: 0.6387 (0.7268)  loss_giou_dn_0: 0.6373 (0.6475)  loss_fgl_dn_0: 1.1835 (1.2253)  loss_ddf_dn_0: 0.7922 (0.7840)  loss_mal_dn_1: 2.4707 (2.4792)  loss_bbox_dn_1: 0.4015 (0.4257)  loss_giou_dn_1: 0.3585 (0.3984)  loss_fgl_dn_1: 1.0824 (1.0818)  loss_ddf_dn_1: 0.1483 (0.1567)  loss_mal_dn_2: 2.0273 (2.0421)  loss_bbox_dn_2: 0.3500 (0.3306)  loss_giou_dn_2: 0.2867 (0.3313)  loss_fgl_dn_2: 1.0386 (1.0466)  loss_ddf_dn_2: 0.0177 (0.0175)  loss_mal_dn_3: 1.8574 (1.8788)  loss_bbox_dn_3: 0.3472 (0.3162)  loss_giou_dn_3: 0.2820 (0.3236)  loss_fgl_dn_3: 1.0443 (1.0536)  loss_mal_dn_pre: 2.5469 (2.5261)  loss_bbox_dn_pre: 0.6477 (0.7327)  loss_giou_dn_pre: 0.6392 (0.6487)
Test:  [0/4]  eta: 0:00:01    time: 0.4352  data: 0.3805  max mem: 3583
Test:  [3/4]  eta: 0:00:00    time: 0.1386  data: 0.0972  max mem: 3583
Test: Total time: 0:00:00 (0.1549 s / it)
Averaged stats: 
Accumulating evaluation results...
COCOeval_opt.accumulate() finished...
DONE (t=0.00s).
IoU metric: bbox
 Average Precision  (AP) @[ IoU=0.50:0.95 | area=   all | maxDets=100 ] = 0.231
 Average Precision  (AP) @[ IoU=0.50      | area=   all | maxDets=100 ] = 0.314
 Average Precision  (AP) @[ IoU=0.75      | area=   all | maxDets=100 ] = 0.263
 Average Precision  (AP) @[ IoU=0.50:0.95 | area= small | maxDets=100 ] = -1.000
 Average Precision  (AP) @[ IoU=0.50:0.95 | area=medium | maxDets=100 ] = -1.000
 Average Precision  (AP) @[ IoU=0.50:0.95 | area= large | maxDets=100 ] = 0.231
 Average Recall     (AR) @[ IoU=0.50:0.95 | area=   all | maxDets=  1 ] = 0.527
 Average Recall     (AR) @[ IoU=0.50:0.95 | area=   all | maxDets= 10 ] = 0.803
 Average Recall     (AR) @[ IoU=0.50:0.95 | area=   all | maxDets=100 ] = 0.880
 Average Recall     (AR) @[ IoU=0.50:0.95 | area= small | maxDets=100 ] = -1.000
 Average Recall     (AR) @[ IoU=0.50:0.95 | area=medium | maxDets=100 ] = -1.000
 Average Recall     (AR) @[ IoU=0.50:0.95 | area= large | maxDets=100 ] = 0.880
 Average Recall     (AR) @[ IoU=0.50      | area=   all | maxDets=100 ] = 1.000
 Average Recall     (AR) @[ IoU=0.75      | area=   all | maxDets=100 ] = 0.967
best_stat: {'epoch': 64, 'coco_eval_bbox': 0.2310690731945921}
Epoch: [65]  [0/8]  eta: 0:00:07  lr: 0.000002  loss: 48.8381 (48.8381)  loss_mal: 2.5117 (2.5117)  loss_bbox: 0.2031 (0.2031)  loss_giou: 0.2048 (0.2048)  loss_fgl: 1.0087 (1.0087)  loss_mal_aux_0: 3.0137 (3.0137)  loss_bbox_aux_0: 0.8055 (0.8055)  loss_giou_aux_0: 0.5680 (0.5680)  loss_fgl_aux_0: 1.2290 (1.2290)  loss_ddf_aux_0: 0.5784 (0.5784)  loss_mal_aux_1: 2.9512 (2.9512)  loss_bbox_aux_1: 0.2504 (0.2504)  loss_giou_aux_1: 0.2280 (0.2280)  loss_fgl_aux_1: 1.0222 (1.0222)  loss_ddf_aux_1: 0.0955 (0.0955)  loss_mal_aux_2: 2.3496 (2.3496)  loss_bbox_aux_2: 0.2058 (0.2058)  loss_giou_aux_2: 0.2057 (0.2057)  loss_fgl_aux_2: 1.0117 (1.0117)  loss_ddf_aux_2: 0.0140 (0.0140)  loss_mal_pre: 2.9863 (2.9863)  loss_bbox_pre: 0.7829 (0.7829)  loss_giou_pre: 0.5960 (0.5960)  loss_mal_enc_0: 2.0566 (2.0566)  loss_bbox_enc_0: 1.1900 (1.1900)  loss_giou_enc_0: 1.0349 (1.0349)  loss_mal_dn_0: 2.8965 (2.8965)  loss_bbox_dn_0: 0.6988 (0.6988)  loss_giou_dn_0: 0.5097 (0.5097)  loss_fgl_dn_0: 1.1608 (1.1608)  loss_ddf_dn_0: 0.5186 (0.5186)  loss_mal_dn_1: 2.6426 (2.6426)  loss_bbox_dn_1: 0.3668 (0.3668)  loss_giou_dn_1: 0.3072 (0.3072)  loss_fgl_dn_1: 1.0460 (1.0460)  loss_ddf_dn_1: 0.1098 (0.1098)  loss_mal_dn_2: 2.0996 (2.0996)  loss_bbox_dn_2: 0.3165 (0.3165)  loss_giou_dn_2: 0.2665 (0.2665)  loss_fgl_dn_2: 1.0314 (1.0314)  loss_ddf_dn_2: 0.0156 (0.0156)  loss_mal_dn_3: 2.0176 (2.0176)  loss_bbox_dn_3: 0.2972 (0.2972)  loss_giou_dn_3: 0.2583 (0.2583)  loss_fgl_dn_3: 1.0331 (1.0331)  loss_mal_dn_pre: 2.9219 (2.9219)  loss_bbox_dn_pre: 0.7056 (0.7056)  loss_giou_dn_pre: 0.5143 (0.5143)  time: 0.8966  data: 0.7208  max mem: 3583
Epoch: [65]  [7/8]  eta: 0:00:00  lr: 0.000002  loss: 46.4583 (46.6904)  loss_mal: 2.3574 (2.3865)  loss_bbox: 0.2031 (0.1977)  loss_giou: 0.2632 (0.2845)  loss_fgl: 1.0087 (0.9956)  loss_mal_aux_0: 2.9375 (2.9470)  loss_bbox_aux_0: 0.4097 (0.4242)  loss_giou_aux_0: 0.5265 (0.5083)  loss_fgl_aux_0: 1.1898 (1.1800)  loss_ddf_aux_0: 0.6302 (0.6950)  loss_mal_aux_1: 2.4746 (2.5471)  loss_bbox_aux_1: 0.2504 (0.2320)  loss_giou_aux_1: 0.3049 (0.3102)  loss_fgl_aux_1: 1.0498 (1.0209)  loss_ddf_aux_1: 0.1150 (0.1189)  loss_mal_aux_2: 2.1660 (2.2446)  loss_bbox_aux_2: 0.2058 (0.2037)  loss_giou_aux_2: 0.2662 (0.2868)  loss_fgl_aux_2: 1.0117 (0.9952)  loss_ddf_aux_2: 0.0138 (0.0141)  loss_mal_pre: 2.9766 (2.9871)  loss_bbox_pre: 0.3851 (0.4155)  loss_giou_pre: 0.5343 (0.5100)  loss_mal_enc_0: 2.1797 (2.1434)  loss_bbox_enc_0: 0.8926 (0.9073)  loss_giou_enc_0: 1.0624 (1.0822)  loss_mal_dn_0: 2.5859 (2.5962)  loss_bbox_dn_0: 0.5649 (0.5814)  loss_giou_dn_0: 0.5578 (0.5990)  loss_fgl_dn_0: 1.1608 (1.1884)  loss_ddf_dn_0: 0.8807 (0.8599)  loss_mal_dn_1: 2.4609 (2.4529)  loss_bbox_dn_1: 0.3009 (0.3165)  loss_giou_dn_1: 0.3089 (0.3538)  loss_fgl_dn_1: 1.0460 (1.0672)  loss_ddf_dn_1: 0.1662 (0.1707)  loss_mal_dn_2: 2.0742 (2.0142)  loss_bbox_dn_2: 0.2768 (0.2579)  loss_giou_dn_2: 0.2587 (0.2992)  loss_fgl_dn_2: 1.0233 (1.0272)  loss_ddf_dn_2: 0.0161 (0.0163)  loss_mal_dn_3: 1.9180 (1.8755)  loss_bbox_dn_3: 0.2506 (0.2459)  loss_giou_dn_3: 0.2499 (0.2927)  loss_fgl_dn_3: 1.0202 (1.0287)  loss_mal_dn_pre: 2.6270 (2.6235)  loss_bbox_dn_pre: 0.5745 (0.5852)  loss_giou_dn_pre: 0.5620 (0.6001)  time: 0.2589  data: 0.1158  max mem: 3583
Epoch: [65] Total time: 0:00:02 (0.2698 s / it)
Averaged stats: lr: 0.000002  loss: 46.4583 (46.6904)  loss_mal: 2.3574 (2.3865)  loss_bbox: 0.2031 (0.1977)  loss_giou: 0.2632 (0.2845)  loss_fgl: 1.0087 (0.9956)  loss_mal_aux_0: 2.9375 (2.9470)  loss_bbox_aux_0: 0.4097 (0.4242)  loss_giou_aux_0: 0.5265 (0.5083)  loss_fgl_aux_0: 1.1898 (1.1800)  loss_ddf_aux_0: 0.6302 (0.6950)  loss_mal_aux_1: 2.4746 (2.5471)  loss_bbox_aux_1: 0.2504 (0.2320)  loss_giou_aux_1: 0.3049 (0.3102)  loss_fgl_aux_1: 1.0498 (1.0209)  loss_ddf_aux_1: 0.1150 (0.1189)  loss_mal_aux_2: 2.1660 (2.2446)  loss_bbox_aux_2: 0.2058 (0.2037)  loss_giou_aux_2: 0.2662 (0.2868)  loss_fgl_aux_2: 1.0117 (0.9952)  loss_ddf_aux_2: 0.0138 (0.0141)  loss_mal_pre: 2.9766 (2.9871)  loss_bbox_pre: 0.3851 (0.4155)  loss_giou_pre: 0.5343 (0.5100)  loss_mal_enc_0: 2.1797 (2.1434)  loss_bbox_enc_0: 0.8926 (0.9073)  loss_giou_enc_0: 1.0624 (1.0822)  loss_mal_dn_0: 2.5859 (2.5962)  loss_bbox_dn_0: 0.5649 (0.5814)  loss_giou_dn_0: 0.5578 (0.5990)  loss_fgl_dn_0: 1.1608 (1.1884)  loss_ddf_dn_0: 0.8807 (0.8599)  loss_mal_dn_1: 2.4609 (2.4529)  loss_bbox_dn_1: 0.3009 (0.3165)  loss_giou_dn_1: 0.3089 (0.3538)  loss_fgl_dn_1: 1.0460 (1.0672)  loss_ddf_dn_1: 0.1662 (0.1707)  loss_mal_dn_2: 2.0742 (2.0142)  loss_bbox_dn_2: 0.2768 (0.2579)  loss_giou_dn_2: 0.2587 (0.2992)  loss_fgl_dn_2: 1.0233 (1.0272)  loss_ddf_dn_2: 0.0161 (0.0163)  loss_mal_dn_3: 1.9180 (1.8755)  loss_bbox_dn_3: 0.2506 (0.2459)  loss_giou_dn_3: 0.2499 (0.2927)  loss_fgl_dn_3: 1.0202 (1.0287)  loss_mal_dn_pre: 2.6270 (2.6235)  loss_bbox_dn_pre: 0.5745 (0.5852)  loss_giou_dn_pre: 0.5620 (0.6001)
Test:  [0/4]  eta: 0:00:01    time: 0.3963  data: 0.3576  max mem: 3583
Test:  [3/4]  eta: 0:00:00    time: 0.1243  data: 0.0917  max mem: 3583
Test: Total time: 0:00:00 (0.1397 s / it)
Averaged stats: 
Accumulating evaluation results...
COCOeval_opt.accumulate() finished...
DONE (t=0.00s).
IoU metric: bbox
 Average Precision  (AP) @[ IoU=0.50:0.95 | area=   all | maxDets=100 ] = 0.198
 Average Precision  (AP) @[ IoU=0.50      | area=   all | maxDets=100 ] = 0.238
 Average Precision  (AP) @[ IoU=0.75      | area=   all | maxDets=100 ] = 0.227
 Average Precision  (AP) @[ IoU=0.50:0.95 | area= small | maxDets=100 ] = -1.000
 Average Precision  (AP) @[ IoU=0.50:0.95 | area=medium | maxDets=100 ] = -1.000
 Average Precision  (AP) @[ IoU=0.50:0.95 | area= large | maxDets=100 ] = 0.198
 Average Recall     (AR) @[ IoU=0.50:0.95 | area=   all | maxDets=  1 ] = 0.620
 Average Recall     (AR) @[ IoU=0.50:0.95 | area=   all | maxDets= 10 ] = 0.827
 Average Recall     (AR) @[ IoU=0.50:0.95 | area=   all | maxDets=100 ] = 0.880
 Average Recall     (AR) @[ IoU=0.50:0.95 | area= small | maxDets=100 ] = -1.000
 Average Recall     (AR) @[ IoU=0.50:0.95 | area=medium | maxDets=100 ] = -1.000
 Average Recall     (AR) @[ IoU=0.50:0.95 | area= large | maxDets=100 ] = 0.880
 Average Recall     (AR) @[ IoU=0.50      | area=   all | maxDets=100 ] = 1.000
 Average Recall     (AR) @[ IoU=0.75      | area=   all | maxDets=100 ] = 0.967
best_stat: {'epoch': 64, 'coco_eval_bbox': 0.2310690731945921}
Epoch: [66]  [0/8]  eta: 0:00:07  lr: 0.000002  loss: 53.9025 (53.9025)  loss_mal: 1.9131 (1.9131)  loss_bbox: 0.9828 (0.9828)  loss_giou: 0.5567 (0.5567)  loss_fgl: 1.1142 (1.1142)  loss_mal_aux_0: 2.5938 (2.5938)  loss_bbox_aux_0: 1.1038 (1.1038)  loss_giou_aux_0: 0.7235 (0.7235)  loss_fgl_aux_0: 1.1755 (1.1755)  loss_ddf_aux_0: 0.6623 (0.6623)  loss_mal_aux_1: 2.4355 (2.4355)  loss_bbox_aux_1: 0.9603 (0.9603)  loss_giou_aux_1: 0.5596 (0.5596)  loss_fgl_aux_1: 1.1489 (1.1489)  loss_ddf_aux_1: 0.1386 (0.1386)  loss_mal_aux_2: 1.9131 (1.9131)  loss_bbox_aux_2: 1.0131 (1.0131)  loss_giou_aux_2: 0.5661 (0.5661)  loss_fgl_aux_2: 1.1083 (1.1083)  loss_ddf_aux_2: 0.0159 (0.0159)  loss_mal_pre: 2.5703 (2.5703)  loss_bbox_pre: 1.0978 (1.0978)  loss_giou_pre: 0.7390 (0.7390)  loss_mal_enc_0: 1.6533 (1.6533)  loss_bbox_enc_0: 1.6510 (1.6510)  loss_giou_enc_0: 1.1640 (1.1640)  loss_mal_dn_0: 2.0156 (2.0156)  loss_bbox_dn_0: 1.4117 (1.4117)  loss_giou_dn_0: 0.8765 (0.8765)  loss_fgl_dn_0: 1.1692 (1.1692)  loss_ddf_dn_0: 0.7177 (0.7177)  loss_mal_dn_1: 2.0449 (2.0449)  loss_bbox_dn_1: 1.1239 (1.1239)  loss_giou_dn_1: 0.6765 (0.6765)  loss_fgl_dn_1: 1.1192 (1.1192)  loss_ddf_dn_1: 0.1612 (0.1612)  loss_mal_dn_2: 1.5996 (1.5996)  loss_bbox_dn_2: 1.1119 (1.1119)  loss_giou_dn_2: 0.6500 (0.6500)  loss_fgl_dn_2: 1.1003 (1.1003)  loss_ddf_dn_2: 0.0156 (0.0156)  loss_mal_dn_3: 1.4053 (1.4053)  loss_bbox_dn_3: 1.0836 (1.0836)  loss_giou_dn_3: 0.6333 (0.6333)  loss_fgl_dn_3: 1.1087 (1.1087)  loss_mal_dn_pre: 2.0312 (2.0312)  loss_bbox_dn_pre: 1.4137 (1.4137)  loss_giou_dn_pre: 0.8724 (0.8724)  time: 0.9452  data: 0.7631  max mem: 3583
Epoch: [66]  [7/8]  eta: 0:00:00  lr: 0.000002  loss: 46.5172 (47.5259)  loss_mal: 2.4297 (2.3564)  loss_bbox: 0.1471 (0.3555)  loss_giou: 0.1858 (0.2852)  loss_fgl: 0.9725 (0.9805)  loss_mal_aux_0: 3.1816 (3.1030)  loss_bbox_aux_0: 0.2614 (0.4432)  loss_giou_aux_0: 0.3502 (0.4286)  loss_fgl_aux_0: 1.1755 (1.1706)  loss_ddf_aux_0: 0.6255 (0.6558)  loss_mal_aux_1: 2.4863 (2.5251)  loss_bbox_aux_1: 0.1750 (0.3567)  loss_giou_aux_1: 0.2318 (0.3065)  loss_fgl_aux_1: 1.0064 (1.0226)  loss_ddf_aux_1: 0.1165 (0.1231)  loss_mal_aux_2: 2.2266 (2.1528)  loss_bbox_aux_2: 0.1482 (0.3608)  loss_giou_aux_2: 0.1926 (0.2882)  loss_fgl_aux_2: 0.9726 (0.9801)  loss_ddf_aux_2: 0.0140 (0.0146)  loss_mal_pre: 3.2871 (3.1294)  loss_bbox_pre: 0.2717 (0.4517)  loss_giou_pre: 0.3567 (0.4334)  loss_mal_enc_0: 2.2617 (2.3041)  loss_bbox_enc_0: 0.7327 (0.9794)  loss_giou_enc_0: 0.9532 (0.9938)  loss_mal_dn_0: 2.5156 (2.5667)  loss_bbox_dn_0: 0.5869 (0.6804)  loss_giou_dn_0: 0.6208 (0.6006)  loss_fgl_dn_0: 1.2272 (1.2238)  loss_ddf_dn_0: 0.7177 (0.7903)  loss_mal_dn_1: 2.4258 (2.3994)  loss_bbox_dn_1: 0.2992 (0.4467)  loss_giou_dn_1: 0.3355 (0.3688)  loss_fgl_dn_1: 1.0292 (1.0350)  loss_ddf_dn_1: 0.1451 (0.1515)  loss_mal_dn_2: 1.9336 (1.9043)  loss_bbox_dn_2: 0.2400 (0.4136)  loss_giou_dn_2: 0.2743 (0.3298)  loss_fgl_dn_2: 0.9909 (0.9929)  loss_ddf_dn_2: 0.0133 (0.0148)  loss_mal_dn_3: 1.8398 (1.8042)  loss_bbox_dn_3: 0.2337 (0.4005)  loss_giou_dn_3: 0.2669 (0.3216)  loss_fgl_dn_3: 0.9896 (0.9950)  loss_mal_dn_pre: 2.5566 (2.6060)  loss_bbox_dn_pre: 0.5816 (0.6813)  loss_giou_dn_pre: 0.6044 (0.5975)  time: 0.2600  data: 0.1100  max mem: 3583
Epoch: [66] Total time: 0:00:02 (0.2689 s / it)
Averaged stats: lr: 0.000002  loss: 46.5172 (47.5259)  loss_mal: 2.4297 (2.3564)  loss_bbox: 0.1471 (0.3555)  loss_giou: 0.1858 (0.2852)  loss_fgl: 0.9725 (0.9805)  loss_mal_aux_0: 3.1816 (3.1030)  loss_bbox_aux_0: 0.2614 (0.4432)  loss_giou_aux_0: 0.3502 (0.4286)  loss_fgl_aux_0: 1.1755 (1.1706)  loss_ddf_aux_0: 0.6255 (0.6558)  loss_mal_aux_1: 2.4863 (2.5251)  loss_bbox_aux_1: 0.1750 (0.3567)  loss_giou_aux_1: 0.2318 (0.3065)  loss_fgl_aux_1: 1.0064 (1.0226)  loss_ddf_aux_1: 0.1165 (0.1231)  loss_mal_aux_2: 2.2266 (2.1528)  loss_bbox_aux_2: 0.1482 (0.3608)  loss_giou_aux_2: 0.1926 (0.2882)  loss_fgl_aux_2: 0.9726 (0.9801)  loss_ddf_aux_2: 0.0140 (0.0146)  loss_mal_pre: 3.2871 (3.1294)  loss_bbox_pre: 0.2717 (0.4517)  loss_giou_pre: 0.3567 (0.4334)  loss_mal_enc_0: 2.2617 (2.3041)  loss_bbox_enc_0: 0.7327 (0.9794)  loss_giou_enc_0: 0.9532 (0.9938)  loss_mal_dn_0: 2.5156 (2.5667)  loss_bbox_dn_0: 0.5869 (0.6804)  loss_giou_dn_0: 0.6208 (0.6006)  loss_fgl_dn_0: 1.2272 (1.2238)  loss_ddf_dn_0: 0.7177 (0.7903)  loss_mal_dn_1: 2.4258 (2.3994)  loss_bbox_dn_1: 0.2992 (0.4467)  loss_giou_dn_1: 0.3355 (0.3688)  loss_fgl_dn_1: 1.0292 (1.0350)  loss_ddf_dn_1: 0.1451 (0.1515)  loss_mal_dn_2: 1.9336 (1.9043)  loss_bbox_dn_2: 0.2400 (0.4136)  loss_giou_dn_2: 0.2743 (0.3298)  loss_fgl_dn_2: 0.9909 (0.9929)  loss_ddf_dn_2: 0.0133 (0.0148)  loss_mal_dn_3: 1.8398 (1.8042)  loss_bbox_dn_3: 0.2337 (0.4005)  loss_giou_dn_3: 0.2669 (0.3216)  loss_fgl_dn_3: 0.9896 (0.9950)  loss_mal_dn_pre: 2.5566 (2.6060)  loss_bbox_dn_pre: 0.5816 (0.6813)  loss_giou_dn_pre: 0.6044 (0.5975)
Test:  [0/4]  eta: 0:00:01    time: 0.3917  data: 0.3353  max mem: 3583
Test:  [3/4]  eta: 0:00:00    time: 0.1615  data: 0.0858  max mem: 3583
Test: Total time: 0:00:00 (0.1815 s / it)
Averaged stats: 
Accumulating evaluation results...
COCOeval_opt.accumulate() finished...
DONE (t=0.00s).
IoU metric: bbox
 Average Precision  (AP) @[ IoU=0.50:0.95 | area=   all | maxDets=100 ] = 0.259
 Average Precision  (AP) @[ IoU=0.50      | area=   all | maxDets=100 ] = 0.314
 Average Precision  (AP) @[ IoU=0.75      | area=   all | maxDets=100 ] = 0.310
 Average Precision  (AP) @[ IoU=0.50:0.95 | area= small | maxDets=100 ] = -1.000
 Average Precision  (AP) @[ IoU=0.50:0.95 | area=medium | maxDets=100 ] = -1.000
 Average Precision  (AP) @[ IoU=0.50:0.95 | area= large | maxDets=100 ] = 0.259
 Average Recall     (AR) @[ IoU=0.50:0.95 | area=   all | maxDets=  1 ] = 0.677
 Average Recall     (AR) @[ IoU=0.50:0.95 | area=   all | maxDets= 10 ] = 0.840
 Average Recall     (AR) @[ IoU=0.50:0.95 | area=   all | maxDets=100 ] = 0.893
 Average Recall     (AR) @[ IoU=0.50:0.95 | area= small | maxDets=100 ] = -1.000
 Average Recall     (AR) @[ IoU=0.50:0.95 | area=medium | maxDets=100 ] = -1.000
 Average Recall     (AR) @[ IoU=0.50:0.95 | area= large | maxDets=100 ] = 0.893
 Average Recall     (AR) @[ IoU=0.50      | area=   all | maxDets=100 ] = 1.000
 Average Recall     (AR) @[ IoU=0.75      | area=   all | maxDets=100 ] = 0.967
best_stat: {'epoch': 66, 'coco_eval_bbox': 0.25919380393355074}
Epoch: [67]  [0/8]  eta: 0:00:07  lr: 0.000002  loss: 46.4883 (46.4883)  loss_mal: 2.8516 (2.8516)  loss_bbox: 0.1349 (0.1349)  loss_giou: 0.1890 (0.1890)  loss_fgl: 0.9714 (0.9714)  loss_mal_aux_0: 2.9902 (2.9902)  loss_bbox_aux_0: 0.3055 (0.3055)  loss_giou_aux_0: 0.3587 (0.3587)  loss_fgl_aux_0: 1.1878 (1.1878)  loss_ddf_aux_0: 0.5231 (0.5231)  loss_mal_aux_1: 2.4844 (2.4844)  loss_bbox_aux_1: 0.1556 (0.1556)  loss_giou_aux_1: 0.2153 (0.2153)  loss_fgl_aux_1: 1.0253 (1.0253)  loss_ddf_aux_1: 0.1082 (0.1082)  loss_mal_aux_2: 2.4082 (2.4082)  loss_bbox_aux_2: 0.1322 (0.1322)  loss_giou_aux_2: 0.1866 (0.1866)  loss_fgl_aux_2: 0.9651 (0.9651)  loss_ddf_aux_2: 0.0130 (0.0130)  loss_mal_pre: 3.0469 (3.0469)  loss_bbox_pre: 0.2907 (0.2907)  loss_giou_pre: 0.3608 (0.3608)  loss_mal_enc_0: 2.2305 (2.2305)  loss_bbox_enc_0: 0.9374 (0.9374)  loss_giou_enc_0: 0.9320 (0.9320)  loss_mal_dn_0: 2.1406 (2.1406)  loss_bbox_dn_0: 0.9718 (0.9718)  loss_giou_dn_0: 0.7879 (0.7879)  loss_fgl_dn_0: 1.2886 (1.2886)  loss_ddf_dn_0: 0.7012 (0.7012)  loss_mal_dn_1: 2.2695 (2.2695)  loss_bbox_dn_1: 0.4260 (0.4260)  loss_giou_dn_1: 0.4134 (0.4134)  loss_fgl_dn_1: 1.2250 (1.2250)  loss_ddf_dn_1: 0.1516 (0.1516)  loss_mal_dn_2: 1.8496 (1.8496)  loss_bbox_dn_2: 0.3045 (0.3045)  loss_giou_dn_2: 0.3230 (0.3230)  loss_fgl_dn_2: 1.1686 (1.1686)  loss_ddf_dn_2: 0.0131 (0.0131)  loss_mal_dn_3: 1.7617 (1.7617)  loss_bbox_dn_3: 0.2835 (0.2835)  loss_giou_dn_3: 0.3113 (0.3113)  loss_fgl_dn_3: 1.1784 (1.1784)  loss_mal_dn_pre: 2.1816 (2.1816)  loss_bbox_dn_pre: 0.9548 (0.9548)  loss_giou_dn_pre: 0.7777 (0.7777)  time: 0.9734  data: 0.7488  max mem: 3583
Epoch: [67]  [7/8]  eta: 0:00:00  lr: 0.000002  loss: 46.4883 (49.0700)  loss_mal: 2.6016 (2.5107)  loss_bbox: 0.1349 (0.4280)  loss_giou: 0.1890 (0.3199)  loss_fgl: 1.0198 (1.0199)  loss_mal_aux_0: 2.8613 (2.8956)  loss_bbox_aux_0: 0.3055 (0.5891)  loss_giou_aux_0: 0.3443 (0.4809)  loss_fgl_aux_0: 1.1464 (1.1597)  loss_ddf_aux_0: 0.6161 (0.6171)  loss_mal_aux_1: 2.4434 (2.3876)  loss_bbox_aux_1: 0.1387 (0.4537)  loss_giou_aux_1: 0.2153 (0.3478)  loss_fgl_aux_1: 1.0417 (1.0491)  loss_ddf_aux_1: 0.1076 (0.1164)  loss_mal_aux_2: 2.3008 (2.2701)  loss_bbox_aux_2: 0.1322 (0.4283)  loss_giou_aux_2: 0.1866 (0.3212)  loss_fgl_aux_2: 1.0183 (1.0178)  loss_ddf_aux_2: 0.0120 (0.0129)  loss_mal_pre: 2.8496 (2.9419)  loss_bbox_pre: 0.2907 (0.5894)  loss_giou_pre: 0.3532 (0.4854)  loss_mal_enc_0: 2.1348 (2.2539)  loss_bbox_enc_0: 0.9374 (1.2380)  loss_giou_enc_0: 0.9524 (1.0554)  loss_mal_dn_0: 2.1406 (2.3389)  loss_bbox_dn_0: 0.9451 (0.9090)  loss_giou_dn_0: 0.7048 (0.7079)  loss_fgl_dn_0: 1.2220 (1.2215)  loss_ddf_dn_0: 0.8471 (0.8428)  loss_mal_dn_1: 2.2695 (2.2234)  loss_bbox_dn_1: 0.3916 (0.5888)  loss_giou_dn_1: 0.3038 (0.4602)  loss_fgl_dn_1: 1.0905 (1.1133)  loss_ddf_dn_1: 0.1516 (0.1670)  loss_mal_dn_2: 1.8496 (1.8032)  loss_bbox_dn_2: 0.2951 (0.5145)  loss_giou_dn_2: 0.2537 (0.4047)  loss_fgl_dn_2: 1.0501 (1.0757)  loss_ddf_dn_2: 0.0147 (0.0154)  loss_mal_dn_3: 1.7617 (1.7164)  loss_bbox_dn_3: 0.2780 (0.5101)  loss_giou_dn_3: 0.2531 (0.4000)  loss_fgl_dn_3: 1.0491 (1.0782)  loss_mal_dn_pre: 2.1816 (2.3733)  loss_bbox_dn_pre: 0.9391 (0.9104)  loss_giou_dn_pre: 0.7005 (0.7054)  time: 0.2706  data: 0.0980  max mem: 3583
Epoch: [67] Total time: 0:00:02 (0.2796 s / it)
Averaged stats: lr: 0.000002  loss: 46.4883 (49.0700)  loss_mal: 2.6016 (2.5107)  loss_bbox: 0.1349 (0.4280)  loss_giou: 0.1890 (0.3199)  loss_fgl: 1.0198 (1.0199)  loss_mal_aux_0: 2.8613 (2.8956)  loss_bbox_aux_0: 0.3055 (0.5891)  loss_giou_aux_0: 0.3443 (0.4809)  loss_fgl_aux_0: 1.1464 (1.1597)  loss_ddf_aux_0: 0.6161 (0.6171)  loss_mal_aux_1: 2.4434 (2.3876)  loss_bbox_aux_1: 0.1387 (0.4537)  loss_giou_aux_1: 0.2153 (0.3478)  loss_fgl_aux_1: 1.0417 (1.0491)  loss_ddf_aux_1: 0.1076 (0.1164)  loss_mal_aux_2: 2.3008 (2.2701)  loss_bbox_aux_2: 0.1322 (0.4283)  loss_giou_aux_2: 0.1866 (0.3212)  loss_fgl_aux_2: 1.0183 (1.0178)  loss_ddf_aux_2: 0.0120 (0.0129)  loss_mal_pre: 2.8496 (2.9419)  loss_bbox_pre: 0.2907 (0.5894)  loss_giou_pre: 0.3532 (0.4854)  loss_mal_enc_0: 2.1348 (2.2539)  loss_bbox_enc_0: 0.9374 (1.2380)  loss_giou_enc_0: 0.9524 (1.0554)  loss_mal_dn_0: 2.1406 (2.3389)  loss_bbox_dn_0: 0.9451 (0.9090)  loss_giou_dn_0: 0.7048 (0.7079)  loss_fgl_dn_0: 1.2220 (1.2215)  loss_ddf_dn_0: 0.8471 (0.8428)  loss_mal_dn_1: 2.2695 (2.2234)  loss_bbox_dn_1: 0.3916 (0.5888)  loss_giou_dn_1: 0.3038 (0.4602)  loss_fgl_dn_1: 1.0905 (1.1133)  loss_ddf_dn_1: 0.1516 (0.1670)  loss_mal_dn_2: 1.8496 (1.8032)  loss_bbox_dn_2: 0.2951 (0.5145)  loss_giou_dn_2: 0.2537 (0.4047)  loss_fgl_dn_2: 1.0501 (1.0757)  loss_ddf_dn_2: 0.0147 (0.0154)  loss_mal_dn_3: 1.7617 (1.7164)  loss_bbox_dn_3: 0.2780 (0.5101)  loss_giou_dn_3: 0.2531 (0.4000)  loss_fgl_dn_3: 1.0491 (1.0782)  loss_mal_dn_pre: 2.1816 (2.3733)  loss_bbox_dn_pre: 0.9391 (0.9104)  loss_giou_dn_pre: 0.7005 (0.7054)
Test:  [0/4]  eta: 0:00:01    time: 0.3989  data: 0.3622  max mem: 3583
Test:  [3/4]  eta: 0:00:00    time: 0.1262  data: 0.0927  max mem: 3583
Test: Total time: 0:00:00 (0.1446 s / it)
Averaged stats: 
Accumulating evaluation results...
COCOeval_opt.accumulate() finished...
DONE (t=0.00s).
IoU metric: bbox
 Average Precision  (AP) @[ IoU=0.50:0.95 | area=   all | maxDets=100 ] = 0.232
 Average Precision  (AP) @[ IoU=0.50      | area=   all | maxDets=100 ] = 0.290
 Average Precision  (AP) @[ IoU=0.75      | area=   all | maxDets=100 ] = 0.269
 Average Precision  (AP) @[ IoU=0.50:0.95 | area= small | maxDets=100 ] = -1.000
 Average Precision  (AP) @[ IoU=0.50:0.95 | area=medium | maxDets=100 ] = -1.000
 Average Precision  (AP) @[ IoU=0.50:0.95 | area= large | maxDets=100 ] = 0.232
 Average Recall     (AR) @[ IoU=0.50:0.95 | area=   all | maxDets=  1 ] = 0.660
 Average Recall     (AR) @[ IoU=0.50:0.95 | area=   all | maxDets= 10 ] = 0.783
 Average Recall     (AR) @[ IoU=0.50:0.95 | area=   all | maxDets=100 ] = 0.890
 Average Recall     (AR) @[ IoU=0.50:0.95 | area= small | maxDets=100 ] = -1.000
 Average Recall     (AR) @[ IoU=0.50:0.95 | area=medium | maxDets=100 ] = -1.000
 Average Recall     (AR) @[ IoU=0.50:0.95 | area= large | maxDets=100 ] = 0.890
 Average Recall     (AR) @[ IoU=0.50      | area=   all | maxDets=100 ] = 1.000
 Average Recall     (AR) @[ IoU=0.75      | area=   all | maxDets=100 ] = 1.000
best_stat: {'epoch': 66, 'coco_eval_bbox': 0.25919380393355074}
Epoch: [68]  [0/8]  eta: 0:00:09  lr: 0.000002  loss: 45.5542 (45.5542)  loss_mal: 2.3691 (2.3691)  loss_bbox: 0.1037 (0.1037)  loss_giou: 0.2222 (0.2222)  loss_fgl: 1.0448 (1.0448)  loss_mal_aux_0: 3.0527 (3.0527)  loss_bbox_aux_0: 0.1731 (0.1731)  loss_giou_aux_0: 0.3667 (0.3667)  loss_fgl_aux_0: 1.2048 (1.2048)  loss_ddf_aux_0: 1.0630 (1.0630)  loss_mal_aux_1: 2.5117 (2.5117)  loss_bbox_aux_1: 0.1097 (0.1097)  loss_giou_aux_1: 0.2265 (0.2265)  loss_fgl_aux_1: 1.0618 (1.0618)  loss_ddf_aux_1: 0.1712 (0.1712)  loss_mal_aux_2: 2.2168 (2.2168)  loss_bbox_aux_2: 0.1049 (0.1049)  loss_giou_aux_2: 0.2210 (0.2210)  loss_fgl_aux_2: 1.0439 (1.0439)  loss_ddf_aux_2: 0.0126 (0.0126)  loss_mal_pre: 3.0820 (3.0820)  loss_bbox_pre: 0.1830 (0.1830)  loss_giou_pre: 0.3735 (0.3735)  loss_mal_enc_0: 2.5781 (2.5781)  loss_bbox_enc_0: 0.5955 (0.5955)  loss_giou_enc_0: 1.0135 (1.0135)  loss_mal_dn_0: 2.7109 (2.7109)  loss_bbox_dn_0: 0.3259 (0.3259)  loss_giou_dn_0: 0.5181 (0.5181)  loss_fgl_dn_0: 1.2109 (1.2109)  loss_ddf_dn_0: 1.0388 (1.0388)  loss_mal_dn_1: 2.3555 (2.3555)  loss_bbox_dn_1: 0.2115 (0.2115)  loss_giou_dn_1: 0.3645 (0.3645)  loss_fgl_dn_1: 1.0767 (1.0767)  loss_ddf_dn_1: 0.1739 (0.1739)  loss_mal_dn_2: 1.8984 (1.8984)  loss_bbox_dn_2: 0.1864 (0.1864)  loss_giou_dn_2: 0.3238 (0.3238)  loss_fgl_dn_2: 1.0556 (1.0556)  loss_ddf_dn_2: 0.0164 (0.0164)  loss_mal_dn_3: 1.8379 (1.8379)  loss_bbox_dn_3: 0.1838 (0.1838)  loss_giou_dn_3: 0.3195 (0.3195)  loss_fgl_dn_3: 1.0580 (1.0580)  loss_mal_dn_pre: 2.7422 (2.7422)  loss_bbox_dn_pre: 0.3207 (0.3207)  loss_giou_dn_pre: 0.5189 (0.5189)  time: 1.1357  data: 0.8789  max mem: 3583
Epoch: [68]  [7/8]  eta: 0:00:00  lr: 0.000002  loss: 45.5542 (46.0658)  loss_mal: 2.3691 (2.5347)  loss_bbox: 0.1263 (0.1661)  loss_giou: 0.1905 (0.2066)  loss_fgl: 0.8854 (0.9331)  loss_mal_aux_0: 3.1289 (3.0835)  loss_bbox_aux_0: 0.2564 (0.3209)  loss_giou_aux_0: 0.3667 (0.3698)  loss_fgl_aux_0: 1.1593 (1.1458)  loss_ddf_aux_0: 0.7091 (0.8016)  loss_mal_aux_1: 2.5020 (2.4521)  loss_bbox_aux_1: 0.1405 (0.1934)  loss_giou_aux_1: 0.2217 (0.2277)  loss_fgl_aux_1: 0.9537 (0.9671)  loss_ddf_aux_1: 0.1314 (0.1372)  loss_mal_aux_2: 2.2168 (2.3153)  loss_bbox_aux_2: 0.1256 (0.1717)  loss_giou_aux_2: 0.1911 (0.2088)  loss_fgl_aux_2: 0.8865 (0.9333)  loss_ddf_aux_2: 0.0125 (0.0121)  loss_mal_pre: 3.1855 (3.1123)  loss_bbox_pre: 0.2601 (0.3509)  loss_giou_pre: 0.3735 (0.3779)  loss_mal_enc_0: 2.5781 (2.5354)  loss_bbox_enc_0: 0.8054 (0.8805)  loss_giou_enc_0: 0.9212 (0.9414)  loss_mal_dn_0: 2.4551 (2.5266)  loss_bbox_dn_0: 0.5456 (0.6314)  loss_giou_dn_0: 0.6295 (0.6046)  loss_fgl_dn_0: 1.2109 (1.2131)  loss_ddf_dn_0: 0.7857 (0.9116)  loss_mal_dn_1: 2.2891 (2.2878)  loss_bbox_dn_1: 0.3553 (0.3630)  loss_giou_dn_1: 0.3645 (0.3616)  loss_fgl_dn_1: 1.0226 (1.0358)  loss_ddf_dn_1: 0.1739 (0.1733)  loss_mal_dn_2: 1.8486 (1.8455)  loss_bbox_dn_2: 0.2156 (0.2859)  loss_giou_dn_2: 0.3066 (0.3016)  loss_fgl_dn_2: 0.9514 (0.9836)  loss_ddf_dn_2: 0.0163 (0.0156)  loss_mal_dn_3: 1.7988 (1.7938)  loss_bbox_dn_3: 0.2084 (0.2754)  loss_giou_dn_3: 0.3040 (0.2947)  loss_fgl_dn_3: 0.9486 (0.9837)  loss_mal_dn_pre: 2.4922 (2.5676)  loss_bbox_dn_pre: 0.5397 (0.6277)  loss_giou_dn_pre: 0.6271 (0.6027)  time: 0.2862  data: 0.1122  max mem: 3583
Epoch: [68] Total time: 0:00:02 (0.2978 s / it)
Averaged stats: lr: 0.000002  loss: 45.5542 (46.0658)  loss_mal: 2.3691 (2.5347)  loss_bbox: 0.1263 (0.1661)  loss_giou: 0.1905 (0.2066)  loss_fgl: 0.8854 (0.9331)  loss_mal_aux_0: 3.1289 (3.0835)  loss_bbox_aux_0: 0.2564 (0.3209)  loss_giou_aux_0: 0.3667 (0.3698)  loss_fgl_aux_0: 1.1593 (1.1458)  loss_ddf_aux_0: 0.7091 (0.8016)  loss_mal_aux_1: 2.5020 (2.4521)  loss_bbox_aux_1: 0.1405 (0.1934)  loss_giou_aux_1: 0.2217 (0.2277)  loss_fgl_aux_1: 0.9537 (0.9671)  loss_ddf_aux_1: 0.1314 (0.1372)  loss_mal_aux_2: 2.2168 (2.3153)  loss_bbox_aux_2: 0.1256 (0.1717)  loss_giou_aux_2: 0.1911 (0.2088)  loss_fgl_aux_2: 0.8865 (0.9333)  loss_ddf_aux_2: 0.0125 (0.0121)  loss_mal_pre: 3.1855 (3.1123)  loss_bbox_pre: 0.2601 (0.3509)  loss_giou_pre: 0.3735 (0.3779)  loss_mal_enc_0: 2.5781 (2.5354)  loss_bbox_enc_0: 0.8054 (0.8805)  loss_giou_enc_0: 0.9212 (0.9414)  loss_mal_dn_0: 2.4551 (2.5266)  loss_bbox_dn_0: 0.5456 (0.6314)  loss_giou_dn_0: 0.6295 (0.6046)  loss_fgl_dn_0: 1.2109 (1.2131)  loss_ddf_dn_0: 0.7857 (0.9116)  loss_mal_dn_1: 2.2891 (2.2878)  loss_bbox_dn_1: 0.3553 (0.3630)  loss_giou_dn_1: 0.3645 (0.3616)  loss_fgl_dn_1: 1.0226 (1.0358)  loss_ddf_dn_1: 0.1739 (0.1733)  loss_mal_dn_2: 1.8486 (1.8455)  loss_bbox_dn_2: 0.2156 (0.2859)  loss_giou_dn_2: 0.3066 (0.3016)  loss_fgl_dn_2: 0.9514 (0.9836)  loss_ddf_dn_2: 0.0163 (0.0156)  loss_mal_dn_3: 1.7988 (1.7938)  loss_bbox_dn_3: 0.2084 (0.2754)  loss_giou_dn_3: 0.3040 (0.2947)  loss_fgl_dn_3: 0.9486 (0.9837)  loss_mal_dn_pre: 2.4922 (2.5676)  loss_bbox_dn_pre: 0.5397 (0.6277)  loss_giou_dn_pre: 0.6271 (0.6027)
Test:  [0/4]  eta: 0:00:01    time: 0.4138  data: 0.3750  max mem: 3583
Test:  [3/4]  eta: 0:00:00    time: 0.1291  data: 0.0959  max mem: 3583
Test: Total time: 0:00:00 (0.1445 s / it)
Averaged stats: 
Accumulating evaluation results...
COCOeval_opt.accumulate() finished...
DONE (t=0.00s).
IoU metric: bbox
 Average Precision  (AP) @[ IoU=0.50:0.95 | area=   all | maxDets=100 ] = 0.183
 Average Precision  (AP) @[ IoU=0.50      | area=   all | maxDets=100 ] = 0.215
 Average Precision  (AP) @[ IoU=0.75      | area=   all | maxDets=100 ] = 0.204
 Average Precision  (AP) @[ IoU=0.50:0.95 | area= small | maxDets=100 ] = -1.000
 Average Precision  (AP) @[ IoU=0.50:0.95 | area=medium | maxDets=100 ] = -1.000
 Average Precision  (AP) @[ IoU=0.50:0.95 | area= large | maxDets=100 ] = 0.183
 Average Recall     (AR) @[ IoU=0.50:0.95 | area=   all | maxDets=  1 ] = 0.687
 Average Recall     (AR) @[ IoU=0.50:0.95 | area=   all | maxDets= 10 ] = 0.850
 Average Recall     (AR) @[ IoU=0.50:0.95 | area=   all | maxDets=100 ] = 0.897
 Average Recall     (AR) @[ IoU=0.50:0.95 | area= small | maxDets=100 ] = -1.000
 Average Recall     (AR) @[ IoU=0.50:0.95 | area=medium | maxDets=100 ] = -1.000
 Average Recall     (AR) @[ IoU=0.50:0.95 | area= large | maxDets=100 ] = 0.897
 Average Recall     (AR) @[ IoU=0.50      | area=   all | maxDets=100 ] = 1.000
 Average Recall     (AR) @[ IoU=0.75      | area=   all | maxDets=100 ] = 0.967
best_stat: {'epoch': 66, 'coco_eval_bbox': 0.25919380393355074}
Epoch: [69]  [0/8]  eta: 0:00:10  lr: 0.000002  loss: 47.2017 (47.2017)  loss_mal: 2.0898 (2.0898)  loss_bbox: 0.3678 (0.3678)  loss_giou: 0.3499 (0.3499)  loss_fgl: 0.9952 (0.9952)  loss_mal_aux_0: 2.9727 (2.9727)  loss_bbox_aux_0: 0.4263 (0.4263)  loss_giou_aux_0: 0.4517 (0.4517)  loss_fgl_aux_0: 1.1593 (1.1593)  loss_ddf_aux_0: 0.9691 (0.9691)  loss_mal_aux_1: 2.3359 (2.3359)  loss_bbox_aux_1: 0.3683 (0.3683)  loss_giou_aux_1: 0.3503 (0.3503)  loss_fgl_aux_1: 1.0129 (1.0129)  loss_ddf_aux_1: 0.1663 (0.1663)  loss_mal_aux_2: 2.0000 (2.0000)  loss_bbox_aux_2: 0.3671 (0.3671)  loss_giou_aux_2: 0.3503 (0.3503)  loss_fgl_aux_2: 0.9963 (0.9963)  loss_ddf_aux_2: 0.0135 (0.0135)  loss_mal_pre: 3.0938 (3.0938)  loss_bbox_pre: 0.4408 (0.4408)  loss_giou_pre: 0.4657 (0.4657)  loss_mal_enc_0: 2.1289 (2.1289)  loss_bbox_enc_0: 0.9986 (0.9986)  loss_giou_enc_0: 1.0907 (1.0907)  loss_mal_dn_0: 2.3945 (2.3945)  loss_bbox_dn_0: 0.6847 (0.6847)  loss_giou_dn_0: 0.6706 (0.6706)  loss_fgl_dn_0: 1.2151 (1.2151)  loss_ddf_dn_0: 1.2075 (1.2075)  loss_mal_dn_1: 2.2109 (2.2109)  loss_bbox_dn_1: 0.4246 (0.4246)  loss_giou_dn_1: 0.4102 (0.4102)  loss_fgl_dn_1: 1.0376 (1.0376)  loss_ddf_dn_1: 0.2051 (0.2051)  loss_mal_dn_2: 1.7461 (1.7461)  loss_bbox_dn_2: 0.3857 (0.3857)  loss_giou_dn_2: 0.3784 (0.3784)  loss_fgl_dn_2: 1.0207 (1.0207)  loss_ddf_dn_2: 0.0172 (0.0172)  loss_mal_dn_3: 1.6641 (1.6641)  loss_bbox_dn_3: 0.3838 (0.3838)  loss_giou_dn_3: 0.3736 (0.3736)  loss_fgl_dn_3: 1.0202 (1.0202)  loss_mal_dn_pre: 2.4453 (2.4453)  loss_bbox_dn_pre: 0.6796 (0.6796)  loss_giou_dn_pre: 0.6651 (0.6651)  time: 1.2707  data: 1.0900  max mem: 3583
Epoch: [69]  [7/8]  eta: 0:00:00  lr: 0.000002  loss: 46.1974 (45.9600)  loss_mal: 2.3828 (2.4399)  loss_bbox: 0.1737 (0.1957)  loss_giou: 0.1831 (0.2215)  loss_fgl: 0.9226 (0.9682)  loss_mal_aux_0: 2.9512 (3.0190)  loss_bbox_aux_0: 0.2238 (0.3324)  loss_giou_aux_0: 0.4307 (0.3818)  loss_fgl_aux_0: 1.1571 (1.1644)  loss_ddf_aux_0: 0.8738 (0.8646)  loss_mal_aux_1: 2.3359 (2.3364)  loss_bbox_aux_1: 0.1721 (0.2360)  loss_giou_aux_1: 0.2283 (0.2582)  loss_fgl_aux_1: 0.9923 (1.0148)  loss_ddf_aux_1: 0.1453 (0.1484)  loss_mal_aux_2: 2.1680 (2.2178)  loss_bbox_aux_2: 0.1746 (0.2036)  loss_giou_aux_2: 0.1872 (0.2269)  loss_fgl_aux_2: 0.9192 (0.9694)  loss_ddf_aux_2: 0.0135 (0.0133)  loss_mal_pre: 3.0605 (3.0789)  loss_bbox_pre: 0.2485 (0.3322)  loss_giou_pre: 0.4035 (0.3833)  loss_mal_enc_0: 2.2031 (2.2289)  loss_bbox_enc_0: 0.9734 (0.9117)  loss_giou_enc_0: 1.0221 (1.0188)  loss_mal_dn_0: 2.5273 (2.5437)  loss_bbox_dn_0: 0.6847 (0.6544)  loss_giou_dn_0: 0.5921 (0.5903)  loss_fgl_dn_0: 1.2151 (1.2099)  loss_ddf_dn_0: 0.9876 (1.0082)  loss_mal_dn_1: 2.1895 (2.1787)  loss_bbox_dn_1: 0.3673 (0.4014)  loss_giou_dn_1: 0.3306 (0.3593)  loss_fgl_dn_1: 1.0404 (1.0415)  loss_ddf_dn_1: 0.1833 (0.1843)  loss_mal_dn_2: 1.7949 (1.7896)  loss_bbox_dn_2: 0.2622 (0.3221)  loss_giou_dn_2: 0.2502 (0.3054)  loss_fgl_dn_2: 0.9916 (0.9923)  loss_ddf_dn_2: 0.0163 (0.0162)  loss_mal_dn_3: 1.8086 (1.7671)  loss_bbox_dn_3: 0.2559 (0.3096)  loss_giou_dn_3: 0.2385 (0.2973)  loss_fgl_dn_3: 0.9923 (0.9920)  loss_mal_dn_pre: 2.5820 (2.5923)  loss_bbox_dn_pre: 0.6796 (0.6514)  loss_giou_dn_pre: 0.5917 (0.5870)  time: 0.3288  data: 0.1772  max mem: 3583
Epoch: [69] Total time: 0:00:02 (0.3370 s / it)
Averaged stats: lr: 0.000002  loss: 46.1974 (45.9600)  loss_mal: 2.3828 (2.4399)  loss_bbox: 0.1737 (0.1957)  loss_giou: 0.1831 (0.2215)  loss_fgl: 0.9226 (0.9682)  loss_mal_aux_0: 2.9512 (3.0190)  loss_bbox_aux_0: 0.2238 (0.3324)  loss_giou_aux_0: 0.4307 (0.3818)  loss_fgl_aux_0: 1.1571 (1.1644)  loss_ddf_aux_0: 0.8738 (0.8646)  loss_mal_aux_1: 2.3359 (2.3364)  loss_bbox_aux_1: 0.1721 (0.2360)  loss_giou_aux_1: 0.2283 (0.2582)  loss_fgl_aux_1: 0.9923 (1.0148)  loss_ddf_aux_1: 0.1453 (0.1484)  loss_mal_aux_2: 2.1680 (2.2178)  loss_bbox_aux_2: 0.1746 (0.2036)  loss_giou_aux_2: 0.1872 (0.2269)  loss_fgl_aux_2: 0.9192 (0.9694)  loss_ddf_aux_2: 0.0135 (0.0133)  loss_mal_pre: 3.0605 (3.0789)  loss_bbox_pre: 0.2485 (0.3322)  loss_giou_pre: 0.4035 (0.3833)  loss_mal_enc_0: 2.2031 (2.2289)  loss_bbox_enc_0: 0.9734 (0.9117)  loss_giou_enc_0: 1.0221 (1.0188)  loss_mal_dn_0: 2.5273 (2.5437)  loss_bbox_dn_0: 0.6847 (0.6544)  loss_giou_dn_0: 0.5921 (0.5903)  loss_fgl_dn_0: 1.2151 (1.2099)  loss_ddf_dn_0: 0.9876 (1.0082)  loss_mal_dn_1: 2.1895 (2.1787)  loss_bbox_dn_1: 0.3673 (0.4014)  loss_giou_dn_1: 0.3306 (0.3593)  loss_fgl_dn_1: 1.0404 (1.0415)  loss_ddf_dn_1: 0.1833 (0.1843)  loss_mal_dn_2: 1.7949 (1.7896)  loss_bbox_dn_2: 0.2622 (0.3221)  loss_giou_dn_2: 0.2502 (0.3054)  loss_fgl_dn_2: 0.9916 (0.9923)  loss_ddf_dn_2: 0.0163 (0.0162)  loss_mal_dn_3: 1.8086 (1.7671)  loss_bbox_dn_3: 0.2559 (0.3096)  loss_giou_dn_3: 0.2385 (0.2973)  loss_fgl_dn_3: 0.9923 (0.9920)  loss_mal_dn_pre: 2.5820 (2.5923)  loss_bbox_dn_pre: 0.6796 (0.6514)  loss_giou_dn_pre: 0.5917 (0.5870)
Test:  [0/4]  eta: 0:00:01    time: 0.4324  data: 0.3889  max mem: 3583
Test:  [3/4]  eta: 0:00:00    time: 0.1428  data: 0.0994  max mem: 3583
Test: Total time: 0:00:00 (0.1633 s / it)
Averaged stats: 
Accumulating evaluation results...
COCOeval_opt.accumulate() finished...
DONE (t=0.00s).
IoU metric: bbox
 Average Precision  (AP) @[ IoU=0.50:0.95 | area=   all | maxDets=100 ] = 0.198
 Average Precision  (AP) @[ IoU=0.50      | area=   all | maxDets=100 ] = 0.242
 Average Precision  (AP) @[ IoU=0.75      | area=   all | maxDets=100 ] = 0.226
 Average Precision  (AP) @[ IoU=0.50:0.95 | area= small | maxDets=100 ] = -1.000
 Average Precision  (AP) @[ IoU=0.50:0.95 | area=medium | maxDets=100 ] = -1.000
 Average Precision  (AP) @[ IoU=0.50:0.95 | area= large | maxDets=100 ] = 0.198
 Average Recall     (AR) @[ IoU=0.50:0.95 | area=   all | maxDets=  1 ] = 0.680
 Average Recall     (AR) @[ IoU=0.50:0.95 | area=   all | maxDets= 10 ] = 0.847
 Average Recall     (AR) @[ IoU=0.50:0.95 | area=   all | maxDets=100 ] = 0.893
 Average Recall     (AR) @[ IoU=0.50:0.95 | area= small | maxDets=100 ] = -1.000
 Average Recall     (AR) @[ IoU=0.50:0.95 | area=medium | maxDets=100 ] = -1.000
 Average Recall     (AR) @[ IoU=0.50:0.95 | area= large | maxDets=100 ] = 0.893
 Average Recall     (AR) @[ IoU=0.50      | area=   all | maxDets=100 ] = 1.000
 Average Recall     (AR) @[ IoU=0.75      | area=   all | maxDets=100 ] = 0.967
best_stat: {'epoch': 66, 'coco_eval_bbox': 0.25919380393355074}
Epoch: [70]  [0/8]  eta: 0:00:09  lr: 0.000002  loss: 47.0606 (47.0606)  loss_mal: 2.0879 (2.0879)  loss_bbox: 0.2933 (0.2933)  loss_giou: 0.3152 (0.3152)  loss_fgl: 1.0371 (1.0371)  loss_mal_aux_0: 2.7559 (2.7559)  loss_bbox_aux_0: 0.5582 (0.5582)  loss_giou_aux_0: 0.5525 (0.5525)  loss_fgl_aux_0: 1.2007 (1.2007)  loss_ddf_aux_0: 0.8801 (0.8801)  loss_mal_aux_1: 2.3281 (2.3281)  loss_bbox_aux_1: 0.3476 (0.3476)  loss_giou_aux_1: 0.3457 (0.3457)  loss_fgl_aux_1: 1.0787 (1.0787)  loss_ddf_aux_1: 0.1602 (0.1602)  loss_mal_aux_2: 2.0000 (2.0000)  loss_bbox_aux_2: 0.2993 (0.2993)  loss_giou_aux_2: 0.3201 (0.3201)  loss_fgl_aux_2: 1.0342 (1.0342)  loss_ddf_aux_2: 0.0128 (0.0128)  loss_mal_pre: 2.7520 (2.7520)  loss_bbox_pre: 0.5822 (0.5822)  loss_giou_pre: 0.5620 (0.5620)  loss_mal_enc_0: 1.9883 (1.9883)  loss_bbox_enc_0: 1.2805 (1.2805)  loss_giou_enc_0: 1.0641 (1.0641)  loss_mal_dn_0: 2.2109 (2.2109)  loss_bbox_dn_0: 0.8007 (0.8007)  loss_giou_dn_0: 0.7542 (0.7542)  loss_fgl_dn_0: 1.1550 (1.1550)  loss_ddf_dn_0: 1.0850 (1.0850)  loss_mal_dn_1: 2.1113 (2.1113)  loss_bbox_dn_1: 0.4985 (0.4985)  loss_giou_dn_1: 0.5075 (0.5075)  loss_fgl_dn_1: 1.0591 (1.0591)  loss_ddf_dn_1: 0.2144 (0.2144)  loss_mal_dn_2: 1.6660 (1.6660)  loss_bbox_dn_2: 0.4127 (0.4127)  loss_giou_dn_2: 0.4299 (0.4299)  loss_fgl_dn_2: 1.0286 (1.0286)  loss_ddf_dn_2: 0.0169 (0.0169)  loss_mal_dn_3: 1.6064 (1.6064)  loss_bbox_dn_3: 0.4078 (0.4078)  loss_giou_dn_3: 0.4251 (0.4251)  loss_fgl_dn_3: 1.0317 (1.0317)  loss_mal_dn_pre: 2.2363 (2.2363)  loss_bbox_dn_pre: 0.8098 (0.8098)  loss_giou_dn_pre: 0.7561 (0.7561)  time: 1.1963  data: 1.0188  max mem: 3583
Epoch: [70]  [7/8]  eta: 0:00:00  lr: 0.000002  loss: 44.9476 (46.0589)  loss_mal: 2.5605 (2.5198)  loss_bbox: 0.1442 (0.1911)  loss_giou: 0.1811 (0.2030)  loss_fgl: 0.9385 (0.9671)  loss_mal_aux_0: 2.9902 (2.9333)  loss_bbox_aux_0: 0.2537 (0.3717)  loss_giou_aux_0: 0.3610 (0.3745)  loss_fgl_aux_0: 1.1759 (1.1800)  loss_ddf_aux_0: 0.7238 (0.8282)  loss_mal_aux_1: 2.3281 (2.3140)  loss_bbox_aux_1: 0.1403 (0.2260)  loss_giou_aux_1: 0.2138 (0.2302)  loss_fgl_aux_1: 0.9999 (1.0139)  loss_ddf_aux_1: 0.1324 (0.1442)  loss_mal_aux_2: 2.3418 (2.3069)  loss_bbox_aux_2: 0.1269 (0.1926)  loss_giou_aux_2: 0.1836 (0.2039)  loss_fgl_aux_2: 0.9444 (0.9671)  loss_ddf_aux_2: 0.0127 (0.0130)  loss_mal_pre: 3.0332 (3.0237)  loss_bbox_pre: 0.2705 (0.3891)  loss_giou_pre: 0.3695 (0.3783)  loss_mal_enc_0: 2.2441 (2.2158)  loss_bbox_enc_0: 0.9462 (1.0479)  loss_giou_enc_0: 0.9938 (1.0267)  loss_mal_dn_0: 2.4492 (2.4407)  loss_bbox_dn_0: 0.6772 (0.7352)  loss_giou_dn_0: 0.5992 (0.6221)  loss_fgl_dn_0: 1.2375 (1.2232)  loss_ddf_dn_0: 1.0148 (1.0518)  loss_mal_dn_1: 2.1211 (2.1379)  loss_bbox_dn_1: 0.3151 (0.3903)  loss_giou_dn_1: 0.2736 (0.3484)  loss_fgl_dn_1: 1.0591 (1.0641)  loss_ddf_dn_1: 0.2009 (0.1986)  loss_mal_dn_2: 1.7275 (1.7478)  loss_bbox_dn_2: 0.2099 (0.3170)  loss_giou_dn_2: 0.2230 (0.2892)  loss_fgl_dn_2: 1.0037 (1.0089)  loss_ddf_dn_2: 0.0168 (0.0172)  loss_mal_dn_3: 1.7549 (1.7644)  loss_bbox_dn_3: 0.2116 (0.3115)  loss_giou_dn_3: 0.2151 (0.2846)  loss_fgl_dn_3: 0.9954 (1.0099)  loss_mal_dn_pre: 2.4922 (2.4863)  loss_bbox_dn_pre: 0.6773 (0.7267)  loss_giou_dn_pre: 0.6034 (0.6210)  time: 0.2852  data: 0.1419  max mem: 3583
Epoch: [70] Total time: 0:00:02 (0.2955 s / it)
Averaged stats: lr: 0.000002  loss: 44.9476 (46.0589)  loss_mal: 2.5605 (2.5198)  loss_bbox: 0.1442 (0.1911)  loss_giou: 0.1811 (0.2030)  loss_fgl: 0.9385 (0.9671)  loss_mal_aux_0: 2.9902 (2.9333)  loss_bbox_aux_0: 0.2537 (0.3717)  loss_giou_aux_0: 0.3610 (0.3745)  loss_fgl_aux_0: 1.1759 (1.1800)  loss_ddf_aux_0: 0.7238 (0.8282)  loss_mal_aux_1: 2.3281 (2.3140)  loss_bbox_aux_1: 0.1403 (0.2260)  loss_giou_aux_1: 0.2138 (0.2302)  loss_fgl_aux_1: 0.9999 (1.0139)  loss_ddf_aux_1: 0.1324 (0.1442)  loss_mal_aux_2: 2.3418 (2.3069)  loss_bbox_aux_2: 0.1269 (0.1926)  loss_giou_aux_2: 0.1836 (0.2039)  loss_fgl_aux_2: 0.9444 (0.9671)  loss_ddf_aux_2: 0.0127 (0.0130)  loss_mal_pre: 3.0332 (3.0237)  loss_bbox_pre: 0.2705 (0.3891)  loss_giou_pre: 0.3695 (0.3783)  loss_mal_enc_0: 2.2441 (2.2158)  loss_bbox_enc_0: 0.9462 (1.0479)  loss_giou_enc_0: 0.9938 (1.0267)  loss_mal_dn_0: 2.4492 (2.4407)  loss_bbox_dn_0: 0.6772 (0.7352)  loss_giou_dn_0: 0.5992 (0.6221)  loss_fgl_dn_0: 1.2375 (1.2232)  loss_ddf_dn_0: 1.0148 (1.0518)  loss_mal_dn_1: 2.1211 (2.1379)  loss_bbox_dn_1: 0.3151 (0.3903)  loss_giou_dn_1: 0.2736 (0.3484)  loss_fgl_dn_1: 1.0591 (1.0641)  loss_ddf_dn_1: 0.2009 (0.1986)  loss_mal_dn_2: 1.7275 (1.7478)  loss_bbox_dn_2: 0.2099 (0.3170)  loss_giou_dn_2: 0.2230 (0.2892)  loss_fgl_dn_2: 1.0037 (1.0089)  loss_ddf_dn_2: 0.0168 (0.0172)  loss_mal_dn_3: 1.7549 (1.7644)  loss_bbox_dn_3: 0.2116 (0.3115)  loss_giou_dn_3: 0.2151 (0.2846)  loss_fgl_dn_3: 0.9954 (1.0099)  loss_mal_dn_pre: 2.4922 (2.4863)  loss_bbox_dn_pre: 0.6773 (0.7267)  loss_giou_dn_pre: 0.6034 (0.6210)
Test:  [0/4]  eta: 0:00:01    time: 0.4067  data: 0.3633  max mem: 3583
Test:  [3/4]  eta: 0:00:00    time: 0.1345  data: 0.0930  max mem: 3583
Test: Total time: 0:00:00 (0.1523 s / it)
Averaged stats: 
Accumulating evaluation results...
COCOeval_opt.accumulate() finished...
DONE (t=0.00s).
IoU metric: bbox
 Average Precision  (AP) @[ IoU=0.50:0.95 | area=   all | maxDets=100 ] = 0.298
 Average Precision  (AP) @[ IoU=0.50      | area=   all | maxDets=100 ] = 0.359
 Average Precision  (AP) @[ IoU=0.75      | area=   all | maxDets=100 ] = 0.342
 Average Precision  (AP) @[ IoU=0.50:0.95 | area= small | maxDets=100 ] = -1.000
 Average Precision  (AP) @[ IoU=0.50:0.95 | area=medium | maxDets=100 ] = -1.000
 Average Precision  (AP) @[ IoU=0.50:0.95 | area= large | maxDets=100 ] = 0.298
 Average Recall     (AR) @[ IoU=0.50:0.95 | area=   all | maxDets=  1 ] = 0.717
 Average Recall     (AR) @[ IoU=0.50:0.95 | area=   all | maxDets= 10 ] = 0.797
 Average Recall     (AR) @[ IoU=0.50:0.95 | area=   all | maxDets=100 ] = 0.897
 Average Recall     (AR) @[ IoU=0.50:0.95 | area= small | maxDets=100 ] = -1.000
 Average Recall     (AR) @[ IoU=0.50:0.95 | area=medium | maxDets=100 ] = -1.000
 Average Recall     (AR) @[ IoU=0.50:0.95 | area= large | maxDets=100 ] = 0.897
 Average Recall     (AR) @[ IoU=0.50      | area=   all | maxDets=100 ] = 1.000
 Average Recall     (AR) @[ IoU=0.75      | area=   all | maxDets=100 ] = 0.967
best_stat: {'epoch': 70, 'coco_eval_bbox': 0.29770582029862386}
Epoch: [71]  [0/8]  eta: 0:00:07  lr: 0.000002  loss: 47.1169 (47.1169)  loss_mal: 2.3457 (2.3457)  loss_bbox: 0.2739 (0.2739)  loss_giou: 0.2372 (0.2372)  loss_fgl: 0.9829 (0.9829)  loss_mal_aux_0: 2.7559 (2.7559)  loss_bbox_aux_0: 0.4368 (0.4368)  loss_giou_aux_0: 0.4144 (0.4144)  loss_fgl_aux_0: 1.2002 (1.2002)  loss_ddf_aux_0: 1.0011 (1.0011)  loss_mal_aux_1: 2.2910 (2.2910)  loss_bbox_aux_1: 0.3082 (0.3082)  loss_giou_aux_1: 0.2688 (0.2688)  loss_fgl_aux_1: 1.0370 (1.0370)  loss_ddf_aux_1: 0.1810 (0.1810)  loss_mal_aux_2: 2.1836 (2.1836)  loss_bbox_aux_2: 0.2805 (0.2805)  loss_giou_aux_2: 0.2412 (0.2412)  loss_fgl_aux_2: 0.9806 (0.9806)  loss_ddf_aux_2: 0.0131 (0.0131)  loss_mal_pre: 2.7344 (2.7344)  loss_bbox_pre: 0.4548 (0.4548)  loss_giou_pre: 0.4289 (0.4289)  loss_mal_enc_0: 2.1719 (2.1719)  loss_bbox_enc_0: 1.0257 (1.0257)  loss_giou_enc_0: 1.0201 (1.0201)  loss_mal_dn_0: 2.1211 (2.1211)  loss_bbox_dn_0: 1.0295 (1.0295)  loss_giou_dn_0: 0.7769 (0.7769)  loss_fgl_dn_0: 1.1344 (1.1344)  loss_ddf_dn_0: 1.0604 (1.0604)  loss_mal_dn_1: 1.9629 (1.9629)  loss_bbox_dn_1: 0.6679 (0.6679)  loss_giou_dn_1: 0.5082 (0.5082)  loss_fgl_dn_1: 1.0692 (1.0692)  loss_ddf_dn_1: 0.2157 (0.2157)  loss_mal_dn_2: 1.6768 (1.6768)  loss_bbox_dn_2: 0.5560 (0.5560)  loss_giou_dn_2: 0.4254 (0.4254)  loss_fgl_dn_2: 1.0257 (1.0257)  loss_ddf_dn_2: 0.0180 (0.0180)  loss_mal_dn_3: 1.6484 (1.6484)  loss_bbox_dn_3: 0.5462 (0.5462)  loss_giou_dn_3: 0.4167 (0.4167)  loss_fgl_dn_3: 1.0279 (1.0279)  loss_mal_dn_pre: 2.1426 (2.1426)  loss_bbox_dn_pre: 1.0378 (1.0378)  loss_giou_dn_pre: 0.7800 (0.7800)  time: 0.9824  data: 0.7929  max mem: 3583
Epoch: [71]  [7/8]  eta: 0:00:00  lr: 0.000002  loss: 46.5508 (46.4681)  loss_mal: 2.3320 (2.4302)  loss_bbox: 0.1705 (0.2448)  loss_giou: 0.1616 (0.2335)  loss_fgl: 0.9415 (0.9814)  loss_mal_aux_0: 3.0215 (2.9812)  loss_bbox_aux_0: 0.3157 (0.3715)  loss_giou_aux_0: 0.2975 (0.3701)  loss_fgl_aux_0: 1.2002 (1.1640)  loss_ddf_aux_0: 0.9999 (0.9644)  loss_mal_aux_1: 2.2910 (2.2509)  loss_bbox_aux_1: 0.1866 (0.2690)  loss_giou_aux_1: 0.1846 (0.2556)  loss_fgl_aux_1: 1.0189 (1.0104)  loss_ddf_aux_1: 0.1566 (0.1612)  loss_mal_aux_2: 2.1191 (2.2000)  loss_bbox_aux_2: 0.1704 (0.2464)  loss_giou_aux_2: 0.1603 (0.2361)  loss_fgl_aux_2: 0.9474 (0.9784)  loss_ddf_aux_2: 0.0118 (0.0126)  loss_mal_pre: 3.0039 (2.9795)  loss_bbox_pre: 0.3773 (0.3925)  loss_giou_pre: 0.2976 (0.3823)  loss_mal_enc_0: 2.2832 (2.3721)  loss_bbox_enc_0: 1.0257 (0.9573)  loss_giou_enc_0: 0.9507 (0.9721)  loss_mal_dn_0: 2.3145 (2.3743)  loss_bbox_dn_0: 0.7522 (0.7518)  loss_giou_dn_0: 0.6103 (0.6405)  loss_fgl_dn_0: 1.2024 (1.2149)  loss_ddf_dn_0: 1.1331 (1.2166)  loss_mal_dn_1: 2.0234 (2.0325)  loss_bbox_dn_1: 0.3961 (0.4658)  loss_giou_dn_1: 0.2894 (0.3847)  loss_fgl_dn_1: 1.0692 (1.0587)  loss_ddf_dn_1: 0.2156 (0.2192)  loss_mal_dn_2: 1.6768 (1.6941)  loss_bbox_dn_2: 0.3011 (0.3917)  loss_giou_dn_2: 0.2436 (0.3297)  loss_fgl_dn_2: 0.9963 (1.0113)  loss_ddf_dn_2: 0.0178 (0.0181)  loss_mal_dn_3: 1.6484 (1.7139)  loss_bbox_dn_3: 0.3003 (0.3844)  loss_giou_dn_3: 0.2419 (0.3245)  loss_fgl_dn_3: 0.9942 (1.0138)  loss_mal_dn_pre: 2.3203 (2.4094)  loss_bbox_dn_pre: 0.7663 (0.7574)  loss_giou_dn_pre: 0.6126 (0.6434)  time: 0.2654  data: 0.1027  max mem: 3583
Epoch: [71] Total time: 0:00:02 (0.2729 s / it)
Averaged stats: lr: 0.000002  loss: 46.5508 (46.4681)  loss_mal: 2.3320 (2.4302)  loss_bbox: 0.1705 (0.2448)  loss_giou: 0.1616 (0.2335)  loss_fgl: 0.9415 (0.9814)  loss_mal_aux_0: 3.0215 (2.9812)  loss_bbox_aux_0: 0.3157 (0.3715)  loss_giou_aux_0: 0.2975 (0.3701)  loss_fgl_aux_0: 1.2002 (1.1640)  loss_ddf_aux_0: 0.9999 (0.9644)  loss_mal_aux_1: 2.2910 (2.2509)  loss_bbox_aux_1: 0.1866 (0.2690)  loss_giou_aux_1: 0.1846 (0.2556)  loss_fgl_aux_1: 1.0189 (1.0104)  loss_ddf_aux_1: 0.1566 (0.1612)  loss_mal_aux_2: 2.1191 (2.2000)  loss_bbox_aux_2: 0.1704 (0.2464)  loss_giou_aux_2: 0.1603 (0.2361)  loss_fgl_aux_2: 0.9474 (0.9784)  loss_ddf_aux_2: 0.0118 (0.0126)  loss_mal_pre: 3.0039 (2.9795)  loss_bbox_pre: 0.3773 (0.3925)  loss_giou_pre: 0.2976 (0.3823)  loss_mal_enc_0: 2.2832 (2.3721)  loss_bbox_enc_0: 1.0257 (0.9573)  loss_giou_enc_0: 0.9507 (0.9721)  loss_mal_dn_0: 2.3145 (2.3743)  loss_bbox_dn_0: 0.7522 (0.7518)  loss_giou_dn_0: 0.6103 (0.6405)  loss_fgl_dn_0: 1.2024 (1.2149)  loss_ddf_dn_0: 1.1331 (1.2166)  loss_mal_dn_1: 2.0234 (2.0325)  loss_bbox_dn_1: 0.3961 (0.4658)  loss_giou_dn_1: 0.2894 (0.3847)  loss_fgl_dn_1: 1.0692 (1.0587)  loss_ddf_dn_1: 0.2156 (0.2192)  loss_mal_dn_2: 1.6768 (1.6941)  loss_bbox_dn_2: 0.3011 (0.3917)  loss_giou_dn_2: 0.2436 (0.3297)  loss_fgl_dn_2: 0.9963 (1.0113)  loss_ddf_dn_2: 0.0178 (0.0181)  loss_mal_dn_3: 1.6484 (1.7139)  loss_bbox_dn_3: 0.3003 (0.3844)  loss_giou_dn_3: 0.2419 (0.3245)  loss_fgl_dn_3: 0.9942 (1.0138)  loss_mal_dn_pre: 2.3203 (2.4094)  loss_bbox_dn_pre: 0.7663 (0.7574)  loss_giou_dn_pre: 0.6126 (0.6434)
Test:  [0/4]  eta: 0:00:01    time: 0.4036  data: 0.3652  max mem: 3583
Test:  [3/4]  eta: 0:00:00    time: 0.1289  data: 0.0935  max mem: 3583
Test: Total time: 0:00:00 (0.1473 s / it)
Averaged stats: 
Accumulating evaluation results...
COCOeval_opt.accumulate() finished...
DONE (t=0.00s).
IoU metric: bbox
 Average Precision  (AP) @[ IoU=0.50:0.95 | area=   all | maxDets=100 ] = 0.300
 Average Precision  (AP) @[ IoU=0.50      | area=   all | maxDets=100 ] = 0.360
 Average Precision  (AP) @[ IoU=0.75      | area=   all | maxDets=100 ] = 0.347
 Average Precision  (AP) @[ IoU=0.50:0.95 | area= small | maxDets=100 ] = -1.000
 Average Precision  (AP) @[ IoU=0.50:0.95 | area=medium | maxDets=100 ] = -1.000
 Average Precision  (AP) @[ IoU=0.50:0.95 | area= large | maxDets=100 ] = 0.300
 Average Recall     (AR) @[ IoU=0.50:0.95 | area=   all | maxDets=  1 ] = 0.717
 Average Recall     (AR) @[ IoU=0.50:0.95 | area=   all | maxDets= 10 ] = 0.857
 Average Recall     (AR) @[ IoU=0.50:0.95 | area=   all | maxDets=100 ] = 0.907
 Average Recall     (AR) @[ IoU=0.50:0.95 | area= small | maxDets=100 ] = -1.000
 Average Recall     (AR) @[ IoU=0.50:0.95 | area=medium | maxDets=100 ] = -1.000
 Average Recall     (AR) @[ IoU=0.50:0.95 | area= large | maxDets=100 ] = 0.907
 Average Recall     (AR) @[ IoU=0.50      | area=   all | maxDets=100 ] = 1.000
 Average Recall     (AR) @[ IoU=0.75      | area=   all | maxDets=100 ] = 1.000
best_stat: {'epoch': 71, 'coco_eval_bbox': 0.29967001972507334}
Epoch: [72]  [0/8]  eta: 0:00:08  lr: 0.000002  loss: 48.3012 (48.3012)  loss_mal: 2.1680 (2.1680)  loss_bbox: 0.3333 (0.3333)  loss_giou: 0.2572 (0.2572)  loss_fgl: 1.0357 (1.0357)  loss_mal_aux_0: 2.9297 (2.9297)  loss_bbox_aux_0: 0.4491 (0.4491)  loss_giou_aux_0: 0.3906 (0.3906)  loss_fgl_aux_0: 1.2434 (1.2434)  loss_ddf_aux_0: 0.8449 (0.8449)  loss_mal_aux_1: 2.2656 (2.2656)  loss_bbox_aux_1: 0.3311 (0.3311)  loss_giou_aux_1: 0.2705 (0.2705)  loss_fgl_aux_1: 1.0620 (1.0620)  loss_ddf_aux_1: 0.1587 (0.1587)  loss_mal_aux_2: 2.0371 (2.0371)  loss_bbox_aux_2: 0.3318 (0.3318)  loss_giou_aux_2: 0.2562 (0.2562)  loss_fgl_aux_2: 1.0346 (1.0346)  loss_ddf_aux_2: 0.0103 (0.0103)  loss_mal_pre: 2.9668 (2.9668)  loss_bbox_pre: 0.4776 (0.4776)  loss_giou_pre: 0.4020 (0.4020)  loss_mal_enc_0: 2.3438 (2.3438)  loss_bbox_enc_0: 1.1193 (1.1193)  loss_giou_enc_0: 0.9160 (0.9160)  loss_mal_dn_0: 1.9727 (1.9727)  loss_bbox_dn_0: 1.1403 (1.1403)  loss_giou_dn_0: 0.8411 (0.8411)  loss_fgl_dn_0: 1.1858 (1.1858)  loss_ddf_dn_0: 1.2764 (1.2764)  loss_mal_dn_1: 1.8027 (1.8027)  loss_bbox_dn_1: 0.8635 (0.8635)  loss_giou_dn_1: 0.5950 (0.5950)  loss_fgl_dn_1: 1.1166 (1.1166)  loss_ddf_dn_1: 0.2339 (0.2339)  loss_mal_dn_2: 1.5254 (1.5254)  loss_bbox_dn_2: 0.7471 (0.7471)  loss_giou_dn_2: 0.5260 (0.5260)  loss_fgl_dn_2: 1.0628 (1.0628)  loss_ddf_dn_2: 0.0166 (0.0166)  loss_mal_dn_3: 1.4658 (1.4658)  loss_bbox_dn_3: 0.7330 (0.7330)  loss_giou_dn_3: 0.5119 (0.5119)  loss_fgl_dn_3: 1.0680 (1.0680)  loss_mal_dn_pre: 1.9854 (1.9854)  loss_bbox_dn_pre: 1.1483 (1.1483)  loss_giou_dn_pre: 0.8478 (0.8478)  time: 1.0623  data: 0.8801  max mem: 3583
Epoch: [72]  [7/8]  eta: 0:00:00  lr: 0.000002  loss: 46.0565 (47.7712)  loss_mal: 2.2324 (2.3655)  loss_bbox: 0.2472 (0.3387)  loss_giou: 0.2572 (0.2857)  loss_fgl: 1.0357 (1.0382)  loss_mal_aux_0: 2.8711 (2.8518)  loss_bbox_aux_0: 0.4277 (0.4884)  loss_giou_aux_0: 0.3906 (0.4392)  loss_fgl_aux_0: 1.1800 (1.2074)  loss_ddf_aux_0: 0.9975 (0.9920)  loss_mal_aux_1: 2.1797 (2.1763)  loss_bbox_aux_1: 0.2434 (0.3556)  loss_giou_aux_1: 0.2705 (0.3056)  loss_fgl_aux_1: 1.0620 (1.0638)  loss_ddf_aux_1: 0.1684 (0.1688)  loss_mal_aux_2: 2.0645 (2.1968)  loss_bbox_aux_2: 0.2422 (0.3391)  loss_giou_aux_2: 0.2562 (0.2848)  loss_fgl_aux_2: 1.0346 (1.0332)  loss_ddf_aux_2: 0.0108 (0.0116)  loss_mal_pre: 2.8750 (2.8738)  loss_bbox_pre: 0.4164 (0.4966)  loss_giou_pre: 0.4020 (0.4481)  loss_mal_enc_0: 2.1934 (2.2395)  loss_bbox_enc_0: 1.1193 (1.1603)  loss_giou_enc_0: 1.0066 (1.0234)  loss_mal_dn_0: 2.3672 (2.3110)  loss_bbox_dn_0: 0.8271 (0.8509)  loss_giou_dn_0: 0.6188 (0.6687)  loss_fgl_dn_0: 1.2186 (1.2311)  loss_ddf_dn_0: 1.1544 (1.1344)  loss_mal_dn_1: 1.8330 (1.8789)  loss_bbox_dn_1: 0.4411 (0.5995)  loss_giou_dn_1: 0.3906 (0.4590)  loss_fgl_dn_1: 1.0936 (1.1345)  loss_ddf_dn_1: 0.2189 (0.2114)  loss_mal_dn_2: 1.5898 (1.5914)  loss_bbox_dn_2: 0.3720 (0.5266)  loss_giou_dn_2: 0.3436 (0.4049)  loss_fgl_dn_2: 1.0628 (1.0815)  loss_ddf_dn_2: 0.0188 (0.0178)  loss_mal_dn_3: 1.6123 (1.6058)  loss_bbox_dn_3: 0.3732 (0.5200)  loss_giou_dn_3: 0.3426 (0.3989)  loss_fgl_dn_3: 1.0680 (1.0890)  loss_mal_dn_pre: 2.3965 (2.3485)  loss_bbox_dn_pre: 0.8352 (0.8521)  loss_giou_dn_pre: 0.6031 (0.6711)  time: 0.2623  data: 0.1139  max mem: 3583
Epoch: [72] Total time: 0:00:02 (0.2706 s / it)
Averaged stats: lr: 0.000002  loss: 46.0565 (47.7712)  loss_mal: 2.2324 (2.3655)  loss_bbox: 0.2472 (0.3387)  loss_giou: 0.2572 (0.2857)  loss_fgl: 1.0357 (1.0382)  loss_mal_aux_0: 2.8711 (2.8518)  loss_bbox_aux_0: 0.4277 (0.4884)  loss_giou_aux_0: 0.3906 (0.4392)  loss_fgl_aux_0: 1.1800 (1.2074)  loss_ddf_aux_0: 0.9975 (0.9920)  loss_mal_aux_1: 2.1797 (2.1763)  loss_bbox_aux_1: 0.2434 (0.3556)  loss_giou_aux_1: 0.2705 (0.3056)  loss_fgl_aux_1: 1.0620 (1.0638)  loss_ddf_aux_1: 0.1684 (0.1688)  loss_mal_aux_2: 2.0645 (2.1968)  loss_bbox_aux_2: 0.2422 (0.3391)  loss_giou_aux_2: 0.2562 (0.2848)  loss_fgl_aux_2: 1.0346 (1.0332)  loss_ddf_aux_2: 0.0108 (0.0116)  loss_mal_pre: 2.8750 (2.8738)  loss_bbox_pre: 0.4164 (0.4966)  loss_giou_pre: 0.4020 (0.4481)  loss_mal_enc_0: 2.1934 (2.2395)  loss_bbox_enc_0: 1.1193 (1.1603)  loss_giou_enc_0: 1.0066 (1.0234)  loss_mal_dn_0: 2.3672 (2.3110)  loss_bbox_dn_0: 0.8271 (0.8509)  loss_giou_dn_0: 0.6188 (0.6687)  loss_fgl_dn_0: 1.2186 (1.2311)  loss_ddf_dn_0: 1.1544 (1.1344)  loss_mal_dn_1: 1.8330 (1.8789)  loss_bbox_dn_1: 0.4411 (0.5995)  loss_giou_dn_1: 0.3906 (0.4590)  loss_fgl_dn_1: 1.0936 (1.1345)  loss_ddf_dn_1: 0.2189 (0.2114)  loss_mal_dn_2: 1.5898 (1.5914)  loss_bbox_dn_2: 0.3720 (0.5266)  loss_giou_dn_2: 0.3436 (0.4049)  loss_fgl_dn_2: 1.0628 (1.0815)  loss_ddf_dn_2: 0.0188 (0.0178)  loss_mal_dn_3: 1.6123 (1.6058)  loss_bbox_dn_3: 0.3732 (0.5200)  loss_giou_dn_3: 0.3426 (0.3989)  loss_fgl_dn_3: 1.0680 (1.0890)  loss_mal_dn_pre: 2.3965 (2.3485)  loss_bbox_dn_pre: 0.8352 (0.8521)  loss_giou_dn_pre: 0.6031 (0.6711)
Test:  [0/4]  eta: 0:00:01    time: 0.4040  data: 0.3645  max mem: 3583
Test:  [3/4]  eta: 0:00:00    time: 0.1293  data: 0.0935  max mem: 3583
Test: Total time: 0:00:00 (0.1459 s / it)
Averaged stats: 
Accumulating evaluation results...
COCOeval_opt.accumulate() finished...
DONE (t=0.00s).
IoU metric: bbox
 Average Precision  (AP) @[ IoU=0.50:0.95 | area=   all | maxDets=100 ] = 0.268
 Average Precision  (AP) @[ IoU=0.50      | area=   all | maxDets=100 ] = 0.329
 Average Precision  (AP) @[ IoU=0.75      | area=   all | maxDets=100 ] = 0.321
 Average Precision  (AP) @[ IoU=0.50:0.95 | area= small | maxDets=100 ] = -1.000
 Average Precision  (AP) @[ IoU=0.50:0.95 | area=medium | maxDets=100 ] = -1.000
 Average Precision  (AP) @[ IoU=0.50:0.95 | area= large | maxDets=100 ] = 0.268
 Average Recall     (AR) @[ IoU=0.50:0.95 | area=   all | maxDets=  1 ] = 0.713
 Average Recall     (AR) @[ IoU=0.50:0.95 | area=   all | maxDets= 10 ] = 0.883
 Average Recall     (AR) @[ IoU=0.50:0.95 | area=   all | maxDets=100 ] = 0.903
 Average Recall     (AR) @[ IoU=0.50:0.95 | area= small | maxDets=100 ] = -1.000
 Average Recall     (AR) @[ IoU=0.50:0.95 | area=medium | maxDets=100 ] = -1.000
 Average Recall     (AR) @[ IoU=0.50:0.95 | area= large | maxDets=100 ] = 0.903
 Average Recall     (AR) @[ IoU=0.50      | area=   all | maxDets=100 ] = 1.000
 Average Recall     (AR) @[ IoU=0.75      | area=   all | maxDets=100 ] = 1.000
best_stat: {'epoch': 71, 'coco_eval_bbox': 0.29967001972507334}
Epoch: [73]  [0/8]  eta: 0:00:08  lr: 0.000002  loss: 44.6732 (44.6732)  loss_mal: 2.4238 (2.4238)  loss_bbox: 0.1108 (0.1108)  loss_giou: 0.1581 (0.1581)  loss_fgl: 0.9228 (0.9228)  loss_mal_aux_0: 3.0312 (3.0312)  loss_bbox_aux_0: 0.1908 (0.1908)  loss_giou_aux_0: 0.2688 (0.2688)  loss_fgl_aux_0: 1.1473 (1.1473)  loss_ddf_aux_0: 1.0154 (1.0154)  loss_mal_aux_1: 2.2559 (2.2559)  loss_bbox_aux_1: 0.1221 (0.1221)  loss_giou_aux_1: 0.1717 (0.1717)  loss_fgl_aux_1: 0.9779 (0.9779)  loss_ddf_aux_1: 0.1536 (0.1536)  loss_mal_aux_2: 2.2539 (2.2539)  loss_bbox_aux_2: 0.1108 (0.1108)  loss_giou_aux_2: 0.1572 (0.1572)  loss_fgl_aux_2: 0.9234 (0.9234)  loss_ddf_aux_2: 0.0097 (0.0097)  loss_mal_pre: 3.1270 (3.1270)  loss_bbox_pre: 0.1816 (0.1816)  loss_giou_pre: 0.2504 (0.2504)  loss_mal_enc_0: 2.3691 (2.3691)  loss_bbox_enc_0: 0.7802 (0.7802)  loss_giou_enc_0: 0.9167 (0.9167)  loss_mal_dn_0: 2.2070 (2.2070)  loss_bbox_dn_0: 0.7057 (0.7057)  loss_giou_dn_0: 0.6970 (0.6970)  loss_fgl_dn_0: 1.1983 (1.1983)  loss_ddf_dn_0: 1.4501 (1.4501)  loss_mal_dn_1: 1.9053 (1.9053)  loss_bbox_dn_1: 0.4295 (0.4295)  loss_giou_dn_1: 0.4023 (0.4023)  loss_fgl_dn_1: 1.0608 (1.0608)  loss_ddf_dn_1: 0.2279 (0.2279)  loss_mal_dn_2: 1.5996 (1.5996)  loss_bbox_dn_2: 0.3681 (0.3681)  loss_giou_dn_2: 0.3494 (0.3494)  loss_fgl_dn_2: 1.0023 (1.0023)  loss_ddf_dn_2: 0.0161 (0.0161)  loss_mal_dn_3: 1.6426 (1.6426)  loss_bbox_dn_3: 0.3685 (0.3685)  loss_giou_dn_3: 0.3443 (0.3443)  loss_fgl_dn_3: 1.0016 (1.0016)  loss_mal_dn_pre: 2.2656 (2.2656)  loss_bbox_dn_pre: 0.7095 (0.7095)  loss_giou_dn_pre: 0.6914 (0.6914)  time: 1.0667  data: 0.8624  max mem: 3583
Epoch: [73]  [7/8]  eta: 0:00:00  lr: 0.000002  loss: 43.4928 (43.7933)  loss_mal: 2.4102 (2.4607)  loss_bbox: 0.1042 (0.1557)  loss_giou: 0.1581 (0.2005)  loss_fgl: 0.8495 (0.9006)  loss_mal_aux_0: 2.8027 (2.8533)  loss_bbox_aux_0: 0.1908 (0.2582)  loss_giou_aux_0: 0.2927 (0.3434)  loss_fgl_aux_0: 1.1181 (1.1375)  loss_ddf_aux_0: 1.0154 (0.9329)  loss_mal_aux_1: 2.2207 (2.1920)  loss_bbox_aux_1: 0.1024 (0.1643)  loss_giou_aux_1: 0.1717 (0.2159)  loss_fgl_aux_1: 0.8790 (0.9394)  loss_ddf_aux_1: 0.1536 (0.1488)  loss_mal_aux_2: 2.2051 (2.3147)  loss_bbox_aux_2: 0.1047 (0.1567)  loss_giou_aux_2: 0.1572 (0.2023)  loss_fgl_aux_2: 0.8483 (0.8987)  loss_ddf_aux_2: 0.0101 (0.0109)  loss_mal_pre: 2.9121 (2.9221)  loss_bbox_pre: 0.1816 (0.2701)  loss_giou_pre: 0.2841 (0.3463)  loss_mal_enc_0: 2.2168 (2.2417)  loss_bbox_enc_0: 0.7802 (0.8407)  loss_giou_enc_0: 0.9422 (0.9882)  loss_mal_dn_0: 2.4805 (2.4827)  loss_bbox_dn_0: 0.5224 (0.5351)  loss_giou_dn_0: 0.5447 (0.5578)  loss_fgl_dn_0: 1.2184 (1.2377)  loss_ddf_dn_0: 1.1795 (1.2039)  loss_mal_dn_1: 1.8232 (1.8667)  loss_bbox_dn_1: 0.2219 (0.2968)  loss_giou_dn_1: 0.3266 (0.3270)  loss_fgl_dn_1: 1.0608 (1.0318)  loss_ddf_dn_1: 0.1964 (0.1963)  loss_mal_dn_2: 1.5996 (1.6078)  loss_bbox_dn_2: 0.1791 (0.2414)  loss_giou_dn_2: 0.2665 (0.2853)  loss_fgl_dn_2: 1.0023 (0.9833)  loss_ddf_dn_2: 0.0155 (0.0163)  loss_mal_dn_3: 1.6807 (1.6843)  loss_bbox_dn_3: 0.1712 (0.2349)  loss_giou_dn_3: 0.2643 (0.2813)  loss_fgl_dn_3: 1.0016 (0.9856)  loss_mal_dn_pre: 2.5547 (2.5444)  loss_bbox_dn_pre: 0.5234 (0.5397)  loss_giou_dn_pre: 0.5396 (0.5574)  time: 0.2625  data: 0.1209  max mem: 3583
Epoch: [73] Total time: 0:00:02 (0.2729 s / it)
Averaged stats: lr: 0.000002  loss: 43.4928 (43.7933)  loss_mal: 2.4102 (2.4607)  loss_bbox: 0.1042 (0.1557)  loss_giou: 0.1581 (0.2005)  loss_fgl: 0.8495 (0.9006)  loss_mal_aux_0: 2.8027 (2.8533)  loss_bbox_aux_0: 0.1908 (0.2582)  loss_giou_aux_0: 0.2927 (0.3434)  loss_fgl_aux_0: 1.1181 (1.1375)  loss_ddf_aux_0: 1.0154 (0.9329)  loss_mal_aux_1: 2.2207 (2.1920)  loss_bbox_aux_1: 0.1024 (0.1643)  loss_giou_aux_1: 0.1717 (0.2159)  loss_fgl_aux_1: 0.8790 (0.9394)  loss_ddf_aux_1: 0.1536 (0.1488)  loss_mal_aux_2: 2.2051 (2.3147)  loss_bbox_aux_2: 0.1047 (0.1567)  loss_giou_aux_2: 0.1572 (0.2023)  loss_fgl_aux_2: 0.8483 (0.8987)  loss_ddf_aux_2: 0.0101 (0.0109)  loss_mal_pre: 2.9121 (2.9221)  loss_bbox_pre: 0.1816 (0.2701)  loss_giou_pre: 0.2841 (0.3463)  loss_mal_enc_0: 2.2168 (2.2417)  loss_bbox_enc_0: 0.7802 (0.8407)  loss_giou_enc_0: 0.9422 (0.9882)  loss_mal_dn_0: 2.4805 (2.4827)  loss_bbox_dn_0: 0.5224 (0.5351)  loss_giou_dn_0: 0.5447 (0.5578)  loss_fgl_dn_0: 1.2184 (1.2377)  loss_ddf_dn_0: 1.1795 (1.2039)  loss_mal_dn_1: 1.8232 (1.8667)  loss_bbox_dn_1: 0.2219 (0.2968)  loss_giou_dn_1: 0.3266 (0.3270)  loss_fgl_dn_1: 1.0608 (1.0318)  loss_ddf_dn_1: 0.1964 (0.1963)  loss_mal_dn_2: 1.5996 (1.6078)  loss_bbox_dn_2: 0.1791 (0.2414)  loss_giou_dn_2: 0.2665 (0.2853)  loss_fgl_dn_2: 1.0023 (0.9833)  loss_ddf_dn_2: 0.0155 (0.0163)  loss_mal_dn_3: 1.6807 (1.6843)  loss_bbox_dn_3: 0.1712 (0.2349)  loss_giou_dn_3: 0.2643 (0.2813)  loss_fgl_dn_3: 1.0016 (0.9856)  loss_mal_dn_pre: 2.5547 (2.5444)  loss_bbox_dn_pre: 0.5234 (0.5397)  loss_giou_dn_pre: 0.5396 (0.5574)
Test:  [0/4]  eta: 0:00:01    time: 0.4326  data: 0.3882  max mem: 3583
Test:  [3/4]  eta: 0:00:00    time: 0.1424  data: 0.0992  max mem: 3583
Test: Total time: 0:00:00 (0.1629 s / it)
Averaged stats: 
Accumulating evaluation results...
COCOeval_opt.accumulate() finished...
DONE (t=0.00s).
IoU metric: bbox
 Average Precision  (AP) @[ IoU=0.50:0.95 | area=   all | maxDets=100 ] = 0.234
 Average Precision  (AP) @[ IoU=0.50      | area=   all | maxDets=100 ] = 0.283
 Average Precision  (AP) @[ IoU=0.75      | area=   all | maxDets=100 ] = 0.261
 Average Precision  (AP) @[ IoU=0.50:0.95 | area= small | maxDets=100 ] = -1.000
 Average Precision  (AP) @[ IoU=0.50:0.95 | area=medium | maxDets=100 ] = -1.000
 Average Precision  (AP) @[ IoU=0.50:0.95 | area= large | maxDets=100 ] = 0.234
 Average Recall     (AR) @[ IoU=0.50:0.95 | area=   all | maxDets=  1 ] = 0.710
 Average Recall     (AR) @[ IoU=0.50:0.95 | area=   all | maxDets= 10 ] = 0.830
 Average Recall     (AR) @[ IoU=0.50:0.95 | area=   all | maxDets=100 ] = 0.900
 Average Recall     (AR) @[ IoU=0.50:0.95 | area= small | maxDets=100 ] = -1.000
 Average Recall     (AR) @[ IoU=0.50:0.95 | area=medium | maxDets=100 ] = -1.000
 Average Recall     (AR) @[ IoU=0.50:0.95 | area= large | maxDets=100 ] = 0.900
 Average Recall     (AR) @[ IoU=0.50      | area=   all | maxDets=100 ] = 1.000
 Average Recall     (AR) @[ IoU=0.75      | area=   all | maxDets=100 ] = 0.967
best_stat: {'epoch': 71, 'coco_eval_bbox': 0.29967001972507334}
Epoch: [74]  [0/8]  eta: 0:00:07  lr: 0.000002  loss: 44.4280 (44.4280)  loss_mal: 2.3027 (2.3027)  loss_bbox: 0.1864 (0.1864)  loss_giou: 0.2759 (0.2759)  loss_fgl: 1.0853 (1.0853)  loss_mal_aux_0: 2.6289 (2.6289)  loss_bbox_aux_0: 0.3335 (0.3335)  loss_giou_aux_0: 0.4263 (0.4263)  loss_fgl_aux_0: 1.2816 (1.2816)  loss_ddf_aux_0: 1.0889 (1.0889)  loss_mal_aux_1: 1.9746 (1.9746)  loss_bbox_aux_1: 0.2195 (0.2195)  loss_giou_aux_1: 0.3034 (0.3034)  loss_fgl_aux_1: 1.1143 (1.1143)  loss_ddf_aux_1: 0.1643 (0.1643)  loss_mal_aux_2: 2.1523 (2.1523)  loss_bbox_aux_2: 0.1843 (0.1843)  loss_giou_aux_2: 0.2749 (0.2749)  loss_fgl_aux_2: 1.0777 (1.0777)  loss_ddf_aux_2: 0.0126 (0.0126)  loss_mal_pre: 2.6914 (2.6914)  loss_bbox_pre: 0.3329 (0.3329)  loss_giou_pre: 0.4389 (0.4389)  loss_mal_enc_0: 2.4102 (2.4102)  loss_bbox_enc_0: 0.7899 (0.7899)  loss_giou_enc_0: 0.9784 (0.9784)  loss_mal_dn_0: 2.4102 (2.4102)  loss_bbox_dn_0: 0.5215 (0.5215)  loss_giou_dn_0: 0.5872 (0.5872)  loss_fgl_dn_0: 1.1755 (1.1755)  loss_ddf_dn_0: 1.1992 (1.1992)  loss_mal_dn_1: 1.9111 (1.9111)  loss_bbox_dn_1: 0.2817 (0.2817)  loss_giou_dn_1: 0.3385 (0.3385)  loss_fgl_dn_1: 1.0450 (1.0450)  loss_ddf_dn_1: 0.2050 (0.2050)  loss_mal_dn_2: 1.6396 (1.6396)  loss_bbox_dn_2: 0.2385 (0.2385)  loss_giou_dn_2: 0.2915 (0.2915)  loss_fgl_dn_2: 0.9911 (0.9911)  loss_ddf_dn_2: 0.0184 (0.0184)  loss_mal_dn_3: 1.7451 (1.7451)  loss_bbox_dn_3: 0.2334 (0.2334)  loss_giou_dn_3: 0.2890 (0.2890)  loss_fgl_dn_3: 0.9966 (0.9966)  loss_mal_dn_pre: 2.4746 (2.4746)  loss_bbox_dn_pre: 0.5252 (0.5252)  loss_giou_dn_pre: 0.5812 (0.5812)  time: 0.8871  data: 0.7116  max mem: 3583
Epoch: [74]  [7/8]  eta: 0:00:00  lr: 0.000002  loss: 44.4280 (44.8113)  loss_mal: 2.6797 (2.7527)  loss_bbox: 0.1797 (0.1548)  loss_giou: 0.1486 (0.1687)  loss_fgl: 0.9045 (0.8814)  loss_mal_aux_0: 2.8965 (2.9292)  loss_bbox_aux_0: 0.3370 (0.3226)  loss_giou_aux_0: 0.2756 (0.3163)  loss_fgl_aux_0: 1.1398 (1.1565)  loss_ddf_aux_0: 0.7846 (0.9124)  loss_mal_aux_1: 2.4746 (2.4147)  loss_bbox_aux_1: 0.2195 (0.1994)  loss_giou_aux_1: 0.1759 (0.2012)  loss_fgl_aux_1: 0.9519 (0.9202)  loss_ddf_aux_1: 0.1528 (0.1461)  loss_mal_aux_2: 2.3379 (2.4541)  loss_bbox_aux_2: 0.1843 (0.1591)  loss_giou_aux_2: 0.1525 (0.1714)  loss_fgl_aux_2: 0.9016 (0.8806)  loss_ddf_aux_2: 0.0102 (0.0102)  loss_mal_pre: 2.9512 (2.9866)  loss_bbox_pre: 0.3336 (0.3522)  loss_giou_pre: 0.2922 (0.3321)  loss_mal_enc_0: 2.4336 (2.4712)  loss_bbox_enc_0: 0.9565 (1.0813)  loss_giou_enc_0: 0.9784 (0.9533)  loss_mal_dn_0: 2.4219 (2.4841)  loss_bbox_dn_0: 0.5954 (0.6488)  loss_giou_dn_0: 0.5777 (0.5440)  loss_fgl_dn_0: 1.2399 (1.2470)  loss_ddf_dn_0: 0.9503 (1.0578)  loss_mal_dn_1: 1.8252 (1.8450)  loss_bbox_dn_1: 0.2868 (0.3109)  loss_giou_dn_1: 0.2695 (0.2831)  loss_fgl_dn_1: 1.0451 (1.0008)  loss_ddf_dn_1: 0.1721 (0.1784)  loss_mal_dn_2: 1.6279 (1.6478)  loss_bbox_dn_2: 0.2385 (0.2338)  loss_giou_dn_2: 0.2239 (0.2272)  loss_fgl_dn_2: 0.9710 (0.9267)  loss_ddf_dn_2: 0.0140 (0.0145)  loss_mal_dn_3: 1.6885 (1.7166)  loss_bbox_dn_3: 0.2231 (0.2220)  loss_giou_dn_3: 0.2174 (0.2196)  loss_fgl_dn_3: 0.9745 (0.9276)  loss_mal_dn_pre: 2.4746 (2.5447)  loss_bbox_dn_pre: 0.6062 (0.6575)  loss_giou_dn_pre: 0.5804 (0.5454)  time: 0.2321  data: 0.0931  max mem: 3583
Epoch: [74] Total time: 0:00:01 (0.2420 s / it)
Averaged stats: lr: 0.000002  loss: 44.4280 (44.8113)  loss_mal: 2.6797 (2.7527)  loss_bbox: 0.1797 (0.1548)  loss_giou: 0.1486 (0.1687)  loss_fgl: 0.9045 (0.8814)  loss_mal_aux_0: 2.8965 (2.9292)  loss_bbox_aux_0: 0.3370 (0.3226)  loss_giou_aux_0: 0.2756 (0.3163)  loss_fgl_aux_0: 1.1398 (1.1565)  loss_ddf_aux_0: 0.7846 (0.9124)  loss_mal_aux_1: 2.4746 (2.4147)  loss_bbox_aux_1: 0.2195 (0.1994)  loss_giou_aux_1: 0.1759 (0.2012)  loss_fgl_aux_1: 0.9519 (0.9202)  loss_ddf_aux_1: 0.1528 (0.1461)  loss_mal_aux_2: 2.3379 (2.4541)  loss_bbox_aux_2: 0.1843 (0.1591)  loss_giou_aux_2: 0.1525 (0.1714)  loss_fgl_aux_2: 0.9016 (0.8806)  loss_ddf_aux_2: 0.0102 (0.0102)  loss_mal_pre: 2.9512 (2.9866)  loss_bbox_pre: 0.3336 (0.3522)  loss_giou_pre: 0.2922 (0.3321)  loss_mal_enc_0: 2.4336 (2.4712)  loss_bbox_enc_0: 0.9565 (1.0813)  loss_giou_enc_0: 0.9784 (0.9533)  loss_mal_dn_0: 2.4219 (2.4841)  loss_bbox_dn_0: 0.5954 (0.6488)  loss_giou_dn_0: 0.5777 (0.5440)  loss_fgl_dn_0: 1.2399 (1.2470)  loss_ddf_dn_0: 0.9503 (1.0578)  loss_mal_dn_1: 1.8252 (1.8450)  loss_bbox_dn_1: 0.2868 (0.3109)  loss_giou_dn_1: 0.2695 (0.2831)  loss_fgl_dn_1: 1.0451 (1.0008)  loss_ddf_dn_1: 0.1721 (0.1784)  loss_mal_dn_2: 1.6279 (1.6478)  loss_bbox_dn_2: 0.2385 (0.2338)  loss_giou_dn_2: 0.2239 (0.2272)  loss_fgl_dn_2: 0.9710 (0.9267)  loss_ddf_dn_2: 0.0140 (0.0145)  loss_mal_dn_3: 1.6885 (1.7166)  loss_bbox_dn_3: 0.2231 (0.2220)  loss_giou_dn_3: 0.2174 (0.2196)  loss_fgl_dn_3: 0.9745 (0.9276)  loss_mal_dn_pre: 2.4746 (2.5447)  loss_bbox_dn_pre: 0.6062 (0.6575)  loss_giou_dn_pre: 0.5804 (0.5454)
Test:  [0/4]  eta: 0:00:01    time: 0.4230  data: 0.3832  max mem: 3583
Test:  [3/4]  eta: 0:00:00    time: 0.1752  data: 0.0980  max mem: 3583
Test: Total time: 0:00:00 (0.1951 s / it)
Averaged stats: 
Accumulating evaluation results...
COCOeval_opt.accumulate() finished...
DONE (t=0.00s).
IoU metric: bbox
 Average Precision  (AP) @[ IoU=0.50:0.95 | area=   all | maxDets=100 ] = 0.274
 Average Precision  (AP) @[ IoU=0.50      | area=   all | maxDets=100 ] = 0.329
 Average Precision  (AP) @[ IoU=0.75      | area=   all | maxDets=100 ] = 0.325
 Average Precision  (AP) @[ IoU=0.50:0.95 | area= small | maxDets=100 ] = -1.000
 Average Precision  (AP) @[ IoU=0.50:0.95 | area=medium | maxDets=100 ] = -1.000
 Average Precision  (AP) @[ IoU=0.50:0.95 | area= large | maxDets=100 ] = 0.274
 Average Recall     (AR) @[ IoU=0.50:0.95 | area=   all | maxDets=  1 ] = 0.747
 Average Recall     (AR) @[ IoU=0.50:0.95 | area=   all | maxDets= 10 ] = 0.863
 Average Recall     (AR) @[ IoU=0.50:0.95 | area=   all | maxDets=100 ] = 0.907
 Average Recall     (AR) @[ IoU=0.50:0.95 | area= small | maxDets=100 ] = -1.000
 Average Recall     (AR) @[ IoU=0.50:0.95 | area=medium | maxDets=100 ] = -1.000
 Average Recall     (AR) @[ IoU=0.50:0.95 | area= large | maxDets=100 ] = 0.907
 Average Recall     (AR) @[ IoU=0.50      | area=   all | maxDets=100 ] = 1.000
 Average Recall     (AR) @[ IoU=0.75      | area=   all | maxDets=100 ] = 1.000
best_stat: {'epoch': 71, 'coco_eval_bbox': 0.29967001972507334}
Epoch: [75]  [0/8]  eta: 0:00:07  lr: 0.000002  loss: 48.2763 (48.2763)  loss_mal: 2.3125 (2.3125)  loss_bbox: 0.3482 (0.3482)  loss_giou: 0.3080 (0.3080)  loss_fgl: 1.1143 (1.1143)  loss_mal_aux_0: 2.8281 (2.8281)  loss_bbox_aux_0: 0.4493 (0.4493)  loss_giou_aux_0: 0.4366 (0.4366)  loss_fgl_aux_0: 1.1805 (1.1805)  loss_ddf_aux_0: 0.8011 (0.8011)  loss_mal_aux_1: 2.1172 (2.1172)  loss_bbox_aux_1: 0.3703 (0.3703)  loss_giou_aux_1: 0.3315 (0.3315)  loss_fgl_aux_1: 1.1567 (1.1567)  loss_ddf_aux_1: 0.1347 (0.1347)  loss_mal_aux_2: 2.2070 (2.2070)  loss_bbox_aux_2: 0.3432 (0.3432)  loss_giou_aux_2: 0.3030 (0.3030)  loss_fgl_aux_2: 1.1159 (1.1159)  loss_ddf_aux_2: 0.0096 (0.0096)  loss_mal_pre: 2.9785 (2.9785)  loss_bbox_pre: 0.4656 (0.4656)  loss_giou_pre: 0.4396 (0.4396)  loss_mal_enc_0: 2.3047 (2.3047)  loss_bbox_enc_0: 1.1655 (1.1655)  loss_giou_enc_0: 0.9637 (0.9637)  loss_mal_dn_0: 1.8428 (1.8428)  loss_bbox_dn_0: 1.1890 (1.1890)  loss_giou_dn_0: 0.8788 (0.8788)  loss_fgl_dn_0: 1.1183 (1.1183)  loss_ddf_dn_0: 1.3504 (1.3504)  loss_mal_dn_1: 1.6260 (1.6260)  loss_bbox_dn_1: 0.7710 (0.7710)  loss_giou_dn_1: 0.6041 (0.6041)  loss_fgl_dn_1: 1.1285 (1.1285)  loss_ddf_dn_1: 0.2256 (0.2256)  loss_mal_dn_2: 1.3838 (1.3838)  loss_bbox_dn_2: 0.6796 (0.6796)  loss_giou_dn_2: 0.5326 (0.5326)  loss_fgl_dn_2: 1.0953 (1.0953)  loss_ddf_dn_2: 0.0145 (0.0145)  loss_mal_dn_3: 1.3906 (1.3906)  loss_bbox_dn_3: 0.6795 (0.6795)  loss_giou_dn_3: 0.5279 (0.5279)  loss_fgl_dn_3: 1.1001 (1.1001)  loss_mal_dn_pre: 1.8584 (1.8584)  loss_bbox_dn_pre: 1.2080 (1.2080)  loss_giou_dn_pre: 0.8861 (0.8861)  time: 0.9696  data: 0.8012  max mem: 3583
Epoch: [75]  [7/8]  eta: 0:00:00  lr: 0.000002  loss: 45.1761 (46.4965)  loss_mal: 2.3301 (2.5952)  loss_bbox: 0.1139 (0.2862)  loss_giou: 0.2099 (0.2582)  loss_fgl: 1.0406 (1.0812)  loss_mal_aux_0: 2.7266 (2.7463)  loss_bbox_aux_0: 0.1987 (0.4146)  loss_giou_aux_0: 0.3084 (0.3650)  loss_fgl_aux_0: 1.1536 (1.2004)  loss_ddf_aux_0: 0.6552 (0.7371)  loss_mal_aux_1: 2.1230 (2.4696)  loss_bbox_aux_1: 0.1370 (0.3227)  loss_giou_aux_1: 0.2315 (0.2780)  loss_fgl_aux_1: 1.0923 (1.1032)  loss_ddf_aux_1: 0.1017 (0.1233)  loss_mal_aux_2: 2.2070 (2.3699)  loss_bbox_aux_2: 0.1130 (0.3102)  loss_giou_aux_2: 0.2097 (0.2607)  loss_fgl_aux_2: 1.0427 (1.0731)  loss_ddf_aux_2: 0.0092 (0.0101)  loss_mal_pre: 2.7734 (2.8313)  loss_bbox_pre: 0.2171 (0.4491)  loss_giou_pre: 0.3304 (0.3790)  loss_mal_enc_0: 2.3047 (2.3629)  loss_bbox_enc_0: 0.8912 (1.1071)  loss_giou_enc_0: 0.9637 (0.9515)  loss_mal_dn_0: 2.4199 (2.3193)  loss_bbox_dn_0: 0.8099 (0.8135)  loss_giou_dn_0: 0.5505 (0.6084)  loss_fgl_dn_0: 1.2597 (1.2568)  loss_ddf_dn_0: 0.9767 (1.0192)  loss_mal_dn_1: 1.6953 (1.6885)  loss_bbox_dn_1: 0.3242 (0.4830)  loss_giou_dn_1: 0.2940 (0.3728)  loss_fgl_dn_1: 1.1285 (1.1123)  loss_ddf_dn_1: 0.1619 (0.1723)  loss_mal_dn_2: 1.5586 (1.5424)  loss_bbox_dn_2: 0.2022 (0.4153)  loss_giou_dn_2: 0.2406 (0.3276)  loss_fgl_dn_2: 1.0847 (1.0643)  loss_ddf_dn_2: 0.0109 (0.0130)  loss_mal_dn_3: 1.6406 (1.5929)  loss_bbox_dn_3: 0.1925 (0.4094)  loss_giou_dn_3: 0.2332 (0.3238)  loss_fgl_dn_3: 1.0896 (1.0692)  loss_mal_dn_pre: 2.4727 (2.3752)  loss_bbox_dn_pre: 0.8395 (0.8205)  loss_giou_dn_pre: 0.5427 (0.6108)  time: 0.2688  data: 0.1279  max mem: 3583
Epoch: [75] Total time: 0:00:02 (0.2811 s / it)
Averaged stats: lr: 0.000002  loss: 45.1761 (46.4965)  loss_mal: 2.3301 (2.5952)  loss_bbox: 0.1139 (0.2862)  loss_giou: 0.2099 (0.2582)  loss_fgl: 1.0406 (1.0812)  loss_mal_aux_0: 2.7266 (2.7463)  loss_bbox_aux_0: 0.1987 (0.4146)  loss_giou_aux_0: 0.3084 (0.3650)  loss_fgl_aux_0: 1.1536 (1.2004)  loss_ddf_aux_0: 0.6552 (0.7371)  loss_mal_aux_1: 2.1230 (2.4696)  loss_bbox_aux_1: 0.1370 (0.3227)  loss_giou_aux_1: 0.2315 (0.2780)  loss_fgl_aux_1: 1.0923 (1.1032)  loss_ddf_aux_1: 0.1017 (0.1233)  loss_mal_aux_2: 2.2070 (2.3699)  loss_bbox_aux_2: 0.1130 (0.3102)  loss_giou_aux_2: 0.2097 (0.2607)  loss_fgl_aux_2: 1.0427 (1.0731)  loss_ddf_aux_2: 0.0092 (0.0101)  loss_mal_pre: 2.7734 (2.8313)  loss_bbox_pre: 0.2171 (0.4491)  loss_giou_pre: 0.3304 (0.3790)  loss_mal_enc_0: 2.3047 (2.3629)  loss_bbox_enc_0: 0.8912 (1.1071)  loss_giou_enc_0: 0.9637 (0.9515)  loss_mal_dn_0: 2.4199 (2.3193)  loss_bbox_dn_0: 0.8099 (0.8135)  loss_giou_dn_0: 0.5505 (0.6084)  loss_fgl_dn_0: 1.2597 (1.2568)  loss_ddf_dn_0: 0.9767 (1.0192)  loss_mal_dn_1: 1.6953 (1.6885)  loss_bbox_dn_1: 0.3242 (0.4830)  loss_giou_dn_1: 0.2940 (0.3728)  loss_fgl_dn_1: 1.1285 (1.1123)  loss_ddf_dn_1: 0.1619 (0.1723)  loss_mal_dn_2: 1.5586 (1.5424)  loss_bbox_dn_2: 0.2022 (0.4153)  loss_giou_dn_2: 0.2406 (0.3276)  loss_fgl_dn_2: 1.0847 (1.0643)  loss_ddf_dn_2: 0.0109 (0.0130)  loss_mal_dn_3: 1.6406 (1.5929)  loss_bbox_dn_3: 0.1925 (0.4094)  loss_giou_dn_3: 0.2332 (0.3238)  loss_fgl_dn_3: 1.0896 (1.0692)  loss_mal_dn_pre: 2.4727 (2.3752)  loss_bbox_dn_pre: 0.8395 (0.8205)  loss_giou_dn_pre: 0.5427 (0.6108)
Test:  [0/4]  eta: 0:00:01    time: 0.4394  data: 0.3865  max mem: 3583
Test:  [3/4]  eta: 0:00:00    time: 0.1433  data: 0.0989  max mem: 3583
Test: Total time: 0:00:00 (0.1662 s / it)
Averaged stats: 
Accumulating evaluation results...
COCOeval_opt.accumulate() finished...
DONE (t=0.00s).
IoU metric: bbox
 Average Precision  (AP) @[ IoU=0.50:0.95 | area=   all | maxDets=100 ] = 0.355
 Average Precision  (AP) @[ IoU=0.50      | area=   all | maxDets=100 ] = 0.409
 Average Precision  (AP) @[ IoU=0.75      | area=   all | maxDets=100 ] = 0.384
 Average Precision  (AP) @[ IoU=0.50:0.95 | area= small | maxDets=100 ] = -1.000
 Average Precision  (AP) @[ IoU=0.50:0.95 | area=medium | maxDets=100 ] = -1.000
 Average Precision  (AP) @[ IoU=0.50:0.95 | area= large | maxDets=100 ] = 0.355
 Average Recall     (AR) @[ IoU=0.50:0.95 | area=   all | maxDets=  1 ] = 0.780
 Average Recall     (AR) @[ IoU=0.50:0.95 | area=   all | maxDets= 10 ] = 0.833
 Average Recall     (AR) @[ IoU=0.50:0.95 | area=   all | maxDets=100 ] = 0.903
 Average Recall     (AR) @[ IoU=0.50:0.95 | area= small | maxDets=100 ] = -1.000
 Average Recall     (AR) @[ IoU=0.50:0.95 | area=medium | maxDets=100 ] = -1.000
 Average Recall     (AR) @[ IoU=0.50:0.95 | area= large | maxDets=100 ] = 0.903
 Average Recall     (AR) @[ IoU=0.50      | area=   all | maxDets=100 ] = 1.000
 Average Recall     (AR) @[ IoU=0.75      | area=   all | maxDets=100 ] = 0.967
best_stat: {'epoch': 75, 'coco_eval_bbox': 0.35546549146200523}
Epoch: [76]  [0/8]  eta: 0:00:08  lr: 0.000002  loss: 46.2138 (46.2138)  loss_mal: 2.1777 (2.1777)  loss_bbox: 0.5779 (0.5779)  loss_giou: 0.4925 (0.4925)  loss_fgl: 0.8790 (0.8790)  loss_mal_aux_0: 2.4180 (2.4180)  loss_bbox_aux_0: 0.7162 (0.7162)  loss_giou_aux_0: 0.6488 (0.6488)  loss_fgl_aux_0: 1.0746 (1.0746)  loss_ddf_aux_0: 0.9739 (0.9739)  loss_mal_aux_1: 1.8857 (1.8857)  loss_bbox_aux_1: 0.6001 (0.6001)  loss_giou_aux_1: 0.5095 (0.5095)  loss_fgl_aux_1: 0.9030 (0.9030)  loss_ddf_aux_1: 0.1364 (0.1364)  loss_mal_aux_2: 2.0078 (2.0078)  loss_bbox_aux_2: 0.5938 (0.5938)  loss_giou_aux_2: 0.4987 (0.4987)  loss_fgl_aux_2: 0.8791 (0.8791)  loss_ddf_aux_2: 0.0086 (0.0086)  loss_mal_pre: 2.6270 (2.6270)  loss_bbox_pre: 0.6711 (0.6711)  loss_giou_pre: 0.6492 (0.6492)  loss_mal_enc_0: 1.9512 (1.9512)  loss_bbox_enc_0: 1.1472 (1.1472)  loss_giou_enc_0: 1.1664 (1.1664)  loss_mal_dn_0: 2.2832 (2.2832)  loss_bbox_dn_0: 0.7057 (0.7057)  loss_giou_dn_0: 0.6344 (0.6344)  loss_fgl_dn_0: 1.2224 (1.2224)  loss_ddf_dn_0: 1.1640 (1.1640)  loss_mal_dn_1: 1.7705 (1.7705)  loss_bbox_dn_1: 0.4164 (0.4164)  loss_giou_dn_1: 0.3737 (0.3737)  loss_fgl_dn_1: 1.0431 (1.0431)  loss_ddf_dn_1: 0.1982 (0.1982)  loss_mal_dn_2: 1.5400 (1.5400)  loss_bbox_dn_2: 0.3567 (0.3567)  loss_giou_dn_2: 0.3210 (0.3210)  loss_fgl_dn_2: 0.9988 (0.9988)  loss_ddf_dn_2: 0.0141 (0.0141)  loss_mal_dn_3: 1.6191 (1.6191)  loss_bbox_dn_3: 0.3537 (0.3537)  loss_giou_dn_3: 0.3153 (0.3153)  loss_fgl_dn_3: 1.0011 (1.0011)  loss_mal_dn_pre: 2.3477 (2.3477)  loss_bbox_dn_pre: 0.7090 (0.7090)  loss_giou_dn_pre: 0.6323 (0.6323)  time: 1.0259  data: 0.8429  max mem: 3583
Epoch: [76]  [7/8]  eta: 0:00:00  lr: 0.000002  loss: 43.1409 (43.7153)  loss_mal: 2.4863 (2.4927)  loss_bbox: 0.1151 (0.1853)  loss_giou: 0.1536 (0.2007)  loss_fgl: 0.8961 (0.8936)  loss_mal_aux_0: 2.6777 (2.7703)  loss_bbox_aux_0: 0.1700 (0.2903)  loss_giou_aux_0: 0.3003 (0.3143)  loss_fgl_aux_0: 1.1096 (1.1519)  loss_ddf_aux_0: 0.7894 (0.8053)  loss_mal_aux_1: 2.5996 (2.5675)  loss_bbox_aux_1: 0.1236 (0.1973)  loss_giou_aux_1: 0.1809 (0.2136)  loss_fgl_aux_1: 0.9030 (0.9241)  loss_ddf_aux_1: 0.1122 (0.1146)  loss_mal_aux_2: 2.2109 (2.2820)  loss_bbox_aux_2: 0.1138 (0.1863)  loss_giou_aux_2: 0.1525 (0.2006)  loss_fgl_aux_2: 0.8983 (0.8925)  loss_ddf_aux_2: 0.0071 (0.0073)  loss_mal_pre: 2.8477 (2.8955)  loss_bbox_pre: 0.1680 (0.2815)  loss_giou_pre: 0.3026 (0.3131)  loss_mal_enc_0: 2.5098 (2.5244)  loss_bbox_enc_0: 0.9298 (0.9155)  loss_giou_enc_0: 0.8769 (0.9006)  loss_mal_dn_0: 2.3594 (2.4224)  loss_bbox_dn_0: 0.5102 (0.6362)  loss_giou_dn_0: 0.5543 (0.5428)  loss_fgl_dn_0: 1.2224 (1.2302)  loss_ddf_dn_0: 1.0361 (1.1388)  loss_mal_dn_1: 1.7129 (1.7356)  loss_bbox_dn_1: 0.2247 (0.2907)  loss_giou_dn_1: 0.2472 (0.2826)  loss_fgl_dn_1: 1.0431 (0.9954)  loss_ddf_dn_1: 0.1777 (0.1864)  loss_mal_dn_2: 1.5576 (1.5804)  loss_bbox_dn_2: 0.1699 (0.2229)  loss_giou_dn_2: 0.1941 (0.2334)  loss_fgl_dn_2: 0.9736 (0.9325)  loss_ddf_dn_2: 0.0132 (0.0135)  loss_mal_dn_3: 1.6816 (1.6958)  loss_bbox_dn_3: 0.1631 (0.2162)  loss_giou_dn_3: 0.1924 (0.2291)  loss_fgl_dn_3: 0.9747 (0.9335)  loss_mal_dn_pre: 2.4395 (2.4880)  loss_bbox_dn_pre: 0.5229 (0.6428)  loss_giou_dn_pre: 0.5579 (0.5452)  time: 0.2664  data: 0.1119  max mem: 3583
Epoch: [76] Total time: 0:00:02 (0.2747 s / it)
Averaged stats: lr: 0.000002  loss: 43.1409 (43.7153)  loss_mal: 2.4863 (2.4927)  loss_bbox: 0.1151 (0.1853)  loss_giou: 0.1536 (0.2007)  loss_fgl: 0.8961 (0.8936)  loss_mal_aux_0: 2.6777 (2.7703)  loss_bbox_aux_0: 0.1700 (0.2903)  loss_giou_aux_0: 0.3003 (0.3143)  loss_fgl_aux_0: 1.1096 (1.1519)  loss_ddf_aux_0: 0.7894 (0.8053)  loss_mal_aux_1: 2.5996 (2.5675)  loss_bbox_aux_1: 0.1236 (0.1973)  loss_giou_aux_1: 0.1809 (0.2136)  loss_fgl_aux_1: 0.9030 (0.9241)  loss_ddf_aux_1: 0.1122 (0.1146)  loss_mal_aux_2: 2.2109 (2.2820)  loss_bbox_aux_2: 0.1138 (0.1863)  loss_giou_aux_2: 0.1525 (0.2006)  loss_fgl_aux_2: 0.8983 (0.8925)  loss_ddf_aux_2: 0.0071 (0.0073)  loss_mal_pre: 2.8477 (2.8955)  loss_bbox_pre: 0.1680 (0.2815)  loss_giou_pre: 0.3026 (0.3131)  loss_mal_enc_0: 2.5098 (2.5244)  loss_bbox_enc_0: 0.9298 (0.9155)  loss_giou_enc_0: 0.8769 (0.9006)  loss_mal_dn_0: 2.3594 (2.4224)  loss_bbox_dn_0: 0.5102 (0.6362)  loss_giou_dn_0: 0.5543 (0.5428)  loss_fgl_dn_0: 1.2224 (1.2302)  loss_ddf_dn_0: 1.0361 (1.1388)  loss_mal_dn_1: 1.7129 (1.7356)  loss_bbox_dn_1: 0.2247 (0.2907)  loss_giou_dn_1: 0.2472 (0.2826)  loss_fgl_dn_1: 1.0431 (0.9954)  loss_ddf_dn_1: 0.1777 (0.1864)  loss_mal_dn_2: 1.5576 (1.5804)  loss_bbox_dn_2: 0.1699 (0.2229)  loss_giou_dn_2: 0.1941 (0.2334)  loss_fgl_dn_2: 0.9736 (0.9325)  loss_ddf_dn_2: 0.0132 (0.0135)  loss_mal_dn_3: 1.6816 (1.6958)  loss_bbox_dn_3: 0.1631 (0.2162)  loss_giou_dn_3: 0.1924 (0.2291)  loss_fgl_dn_3: 0.9747 (0.9335)  loss_mal_dn_pre: 2.4395 (2.4880)  loss_bbox_dn_pre: 0.5229 (0.6428)  loss_giou_dn_pre: 0.5579 (0.5452)
Test:  [0/4]  eta: 0:00:01    time: 0.3750  data: 0.3317  max mem: 3583
Test:  [3/4]  eta: 0:00:00    time: 0.1187  data: 0.0849  max mem: 3583
Test: Total time: 0:00:00 (0.1340 s / it)
Averaged stats: 
Accumulating evaluation results...
COCOeval_opt.accumulate() finished...
DONE (t=0.00s).
IoU metric: bbox
 Average Precision  (AP) @[ IoU=0.50:0.95 | area=   all | maxDets=100 ] = 0.309
 Average Precision  (AP) @[ IoU=0.50      | area=   all | maxDets=100 ] = 0.359
 Average Precision  (AP) @[ IoU=0.75      | area=   all | maxDets=100 ] = 0.351
 Average Precision  (AP) @[ IoU=0.50:0.95 | area= small | maxDets=100 ] = -1.000
 Average Precision  (AP) @[ IoU=0.50:0.95 | area=medium | maxDets=100 ] = -1.000
 Average Precision  (AP) @[ IoU=0.50:0.95 | area= large | maxDets=100 ] = 0.309
 Average Recall     (AR) @[ IoU=0.50:0.95 | area=   all | maxDets=  1 ] = 0.757
 Average Recall     (AR) @[ IoU=0.50:0.95 | area=   all | maxDets= 10 ] = 0.887
 Average Recall     (AR) @[ IoU=0.50:0.95 | area=   all | maxDets=100 ] = 0.900
 Average Recall     (AR) @[ IoU=0.50:0.95 | area= small | maxDets=100 ] = -1.000
 Average Recall     (AR) @[ IoU=0.50:0.95 | area=medium | maxDets=100 ] = -1.000
 Average Recall     (AR) @[ IoU=0.50:0.95 | area= large | maxDets=100 ] = 0.900
 Average Recall     (AR) @[ IoU=0.50      | area=   all | maxDets=100 ] = 1.000
 Average Recall     (AR) @[ IoU=0.75      | area=   all | maxDets=100 ] = 0.967
best_stat: {'epoch': 75, 'coco_eval_bbox': 0.35546549146200523}
Epoch: [77]  [0/8]  eta: 0:00:07  lr: 0.000002  loss: 45.3017 (45.3017)  loss_mal: 2.3164 (2.3164)  loss_bbox: 0.2502 (0.2502)  loss_giou: 0.2270 (0.2270)  loss_fgl: 1.0155 (1.0155)  loss_mal_aux_0: 2.7734 (2.7734)  loss_bbox_aux_0: 0.3950 (0.3950)  loss_giou_aux_0: 0.3693 (0.3693)  loss_fgl_aux_0: 1.2365 (1.2365)  loss_ddf_aux_0: 1.1676 (1.1676)  loss_mal_aux_1: 2.1270 (2.1270)  loss_bbox_aux_1: 0.2776 (0.2776)  loss_giou_aux_1: 0.2378 (0.2378)  loss_fgl_aux_1: 1.0439 (1.0439)  loss_ddf_aux_1: 0.1588 (0.1588)  loss_mal_aux_2: 2.0625 (2.0625)  loss_bbox_aux_2: 0.2522 (0.2522)  loss_giou_aux_2: 0.2276 (0.2276)  loss_fgl_aux_2: 1.0127 (1.0127)  loss_ddf_aux_2: 0.0075 (0.0075)  loss_mal_pre: 2.9160 (2.9160)  loss_bbox_pre: 0.3724 (0.3724)  loss_giou_pre: 0.3524 (0.3524)  loss_mal_enc_0: 2.5234 (2.5234)  loss_bbox_enc_0: 0.8987 (0.8987)  loss_giou_enc_0: 0.8774 (0.8774)  loss_mal_dn_0: 2.3379 (2.3379)  loss_bbox_dn_0: 0.7986 (0.7986)  loss_giou_dn_0: 0.5955 (0.5955)  loss_fgl_dn_0: 1.1747 (1.1747)  loss_ddf_dn_0: 1.3439 (1.3439)  loss_mal_dn_1: 1.6670 (1.6670)  loss_bbox_dn_1: 0.4675 (0.4675)  loss_giou_dn_1: 0.3605 (0.3605)  loss_fgl_dn_1: 0.9969 (0.9969)  loss_ddf_dn_1: 0.2099 (0.2099)  loss_mal_dn_2: 1.5625 (1.5625)  loss_bbox_dn_2: 0.3863 (0.3863)  loss_giou_dn_2: 0.3076 (0.3076)  loss_fgl_dn_2: 0.9333 (0.9333)  loss_ddf_dn_2: 0.0145 (0.0145)  loss_mal_dn_3: 1.6289 (1.6289)  loss_bbox_dn_3: 0.3764 (0.3764)  loss_giou_dn_3: 0.3023 (0.3023)  loss_fgl_dn_3: 0.9338 (0.9338)  loss_mal_dn_pre: 2.4043 (2.4043)  loss_bbox_dn_pre: 0.8047 (0.8047)  loss_giou_dn_pre: 0.5958 (0.5958)  time: 0.9681  data: 0.7509  max mem: 3583
Epoch: [77]  [7/8]  eta: 0:00:00  lr: 0.000002  loss: 42.2020 (42.6262)  loss_mal: 2.2949 (2.3198)  loss_bbox: 0.1188 (0.1483)  loss_giou: 0.1981 (0.2075)  loss_fgl: 1.0155 (1.0037)  loss_mal_aux_0: 2.6953 (2.7334)  loss_bbox_aux_0: 0.2051 (0.2333)  loss_giou_aux_0: 0.3330 (0.3139)  loss_fgl_aux_0: 1.1416 (1.1684)  loss_ddf_aux_0: 0.5638 (0.6502)  loss_mal_aux_1: 2.5254 (2.6301)  loss_bbox_aux_1: 0.1219 (0.1590)  loss_giou_aux_1: 0.2042 (0.2163)  loss_fgl_aux_1: 1.0236 (1.0248)  loss_ddf_aux_1: 0.0726 (0.0891)  loss_mal_aux_2: 2.1387 (2.1227)  loss_bbox_aux_2: 0.1191 (0.1520)  loss_giou_aux_2: 0.1999 (0.2079)  loss_fgl_aux_2: 1.0127 (1.0020)  loss_ddf_aux_2: 0.0059 (0.0060)  loss_mal_pre: 2.8125 (2.8037)  loss_bbox_pre: 0.2288 (0.2402)  loss_giou_pre: 0.3404 (0.3180)  loss_mal_enc_0: 2.3555 (2.4927)  loss_bbox_enc_0: 0.7717 (0.7828)  loss_giou_enc_0: 0.8634 (0.8921)  loss_mal_dn_0: 2.3672 (2.4490)  loss_bbox_dn_0: 0.5192 (0.5066)  loss_giou_dn_0: 0.5344 (0.5033)  loss_fgl_dn_0: 1.2617 (1.2553)  loss_ddf_dn_0: 0.9249 (0.9964)  loss_mal_dn_1: 1.6396 (1.6331)  loss_bbox_dn_1: 0.2162 (0.2424)  loss_giou_dn_1: 0.2601 (0.2739)  loss_fgl_dn_1: 1.0167 (1.0540)  loss_ddf_dn_1: 0.1391 (0.1480)  loss_mal_dn_2: 1.5625 (1.5648)  loss_bbox_dn_2: 0.1660 (0.1888)  loss_giou_dn_2: 0.2141 (0.2346)  loss_fgl_dn_2: 0.9469 (1.0032)  loss_ddf_dn_2: 0.0090 (0.0109)  loss_mal_dn_3: 1.6621 (1.6874)  loss_bbox_dn_3: 0.1590 (0.1806)  loss_giou_dn_3: 0.2113 (0.2305)  loss_fgl_dn_3: 0.9434 (1.0044)  loss_mal_dn_pre: 2.4180 (2.5193)  loss_bbox_dn_pre: 0.5390 (0.5147)  loss_giou_dn_pre: 0.5321 (0.5071)  time: 0.2854  data: 0.1120  max mem: 3583
Epoch: [77] Total time: 0:00:02 (0.2934 s / it)
Averaged stats: lr: 0.000002  loss: 42.2020 (42.6262)  loss_mal: 2.2949 (2.3198)  loss_bbox: 0.1188 (0.1483)  loss_giou: 0.1981 (0.2075)  loss_fgl: 1.0155 (1.0037)  loss_mal_aux_0: 2.6953 (2.7334)  loss_bbox_aux_0: 0.2051 (0.2333)  loss_giou_aux_0: 0.3330 (0.3139)  loss_fgl_aux_0: 1.1416 (1.1684)  loss_ddf_aux_0: 0.5638 (0.6502)  loss_mal_aux_1: 2.5254 (2.6301)  loss_bbox_aux_1: 0.1219 (0.1590)  loss_giou_aux_1: 0.2042 (0.2163)  loss_fgl_aux_1: 1.0236 (1.0248)  loss_ddf_aux_1: 0.0726 (0.0891)  loss_mal_aux_2: 2.1387 (2.1227)  loss_bbox_aux_2: 0.1191 (0.1520)  loss_giou_aux_2: 0.1999 (0.2079)  loss_fgl_aux_2: 1.0127 (1.0020)  loss_ddf_aux_2: 0.0059 (0.0060)  loss_mal_pre: 2.8125 (2.8037)  loss_bbox_pre: 0.2288 (0.2402)  loss_giou_pre: 0.3404 (0.3180)  loss_mal_enc_0: 2.3555 (2.4927)  loss_bbox_enc_0: 0.7717 (0.7828)  loss_giou_enc_0: 0.8634 (0.8921)  loss_mal_dn_0: 2.3672 (2.4490)  loss_bbox_dn_0: 0.5192 (0.5066)  loss_giou_dn_0: 0.5344 (0.5033)  loss_fgl_dn_0: 1.2617 (1.2553)  loss_ddf_dn_0: 0.9249 (0.9964)  loss_mal_dn_1: 1.6396 (1.6331)  loss_bbox_dn_1: 0.2162 (0.2424)  loss_giou_dn_1: 0.2601 (0.2739)  loss_fgl_dn_1: 1.0167 (1.0540)  loss_ddf_dn_1: 0.1391 (0.1480)  loss_mal_dn_2: 1.5625 (1.5648)  loss_bbox_dn_2: 0.1660 (0.1888)  loss_giou_dn_2: 0.2141 (0.2346)  loss_fgl_dn_2: 0.9469 (1.0032)  loss_ddf_dn_2: 0.0090 (0.0109)  loss_mal_dn_3: 1.6621 (1.6874)  loss_bbox_dn_3: 0.1590 (0.1806)  loss_giou_dn_3: 0.2113 (0.2305)  loss_fgl_dn_3: 0.9434 (1.0044)  loss_mal_dn_pre: 2.4180 (2.5193)  loss_bbox_dn_pre: 0.5390 (0.5147)  loss_giou_dn_pre: 0.5321 (0.5071)
Test:  [0/4]  eta: 0:00:01    time: 0.3939  data: 0.3547  max mem: 3583
Test:  [3/4]  eta: 0:00:00    time: 0.1239  data: 0.0908  max mem: 3583
Test: Total time: 0:00:00 (0.1435 s / it)
Averaged stats: 
Accumulating evaluation results...
COCOeval_opt.accumulate() finished...
DONE (t=0.00s).
IoU metric: bbox
 Average Precision  (AP) @[ IoU=0.50:0.95 | area=   all | maxDets=100 ] = 0.355
 Average Precision  (AP) @[ IoU=0.50      | area=   all | maxDets=100 ] = 0.413
 Average Precision  (AP) @[ IoU=0.75      | area=   all | maxDets=100 ] = 0.399
 Average Precision  (AP) @[ IoU=0.50:0.95 | area= small | maxDets=100 ] = -1.000
 Average Precision  (AP) @[ IoU=0.50:0.95 | area=medium | maxDets=100 ] = -1.000
 Average Precision  (AP) @[ IoU=0.50:0.95 | area= large | maxDets=100 ] = 0.355
 Average Recall     (AR) @[ IoU=0.50:0.95 | area=   all | maxDets=  1 ] = 0.720
 Average Recall     (AR) @[ IoU=0.50:0.95 | area=   all | maxDets= 10 ] = 0.857
 Average Recall     (AR) @[ IoU=0.50:0.95 | area=   all | maxDets=100 ] = 0.900
 Average Recall     (AR) @[ IoU=0.50:0.95 | area= small | maxDets=100 ] = -1.000
 Average Recall     (AR) @[ IoU=0.50:0.95 | area=medium | maxDets=100 ] = -1.000
 Average Recall     (AR) @[ IoU=0.50:0.95 | area= large | maxDets=100 ] = 0.900
 Average Recall     (AR) @[ IoU=0.50      | area=   all | maxDets=100 ] = 1.000
 Average Recall     (AR) @[ IoU=0.75      | area=   all | maxDets=100 ] = 0.967
best_stat: {'epoch': 75, 'coco_eval_bbox': 0.35546549146200523}
Epoch: [78]  [0/8]  eta: 0:00:07  lr: 0.000002  loss: 63.6312 (63.6312)  loss_mal: 1.8057 (1.8057)  loss_bbox: 1.8730 (1.8730)  loss_giou: 0.6653 (0.6653)  loss_fgl: 1.3062 (1.3062)  loss_mal_aux_0: 2.2539 (2.2539)  loss_bbox_aux_0: 1.9823 (1.9823)  loss_giou_aux_0: 0.7753 (0.7753)  loss_fgl_aux_0: 1.2896 (1.2896)  loss_ddf_aux_0: 0.6745 (0.6745)  loss_mal_aux_1: 1.8916 (1.8916)  loss_bbox_aux_1: 1.7722 (1.7722)  loss_giou_aux_1: 0.6805 (0.6805)  loss_fgl_aux_1: 1.2990 (1.2990)  loss_ddf_aux_1: 0.1516 (0.1516)  loss_mal_aux_2: 1.8115 (1.8115)  loss_bbox_aux_2: 1.8589 (1.8589)  loss_giou_aux_2: 0.6713 (0.6713)  loss_fgl_aux_2: 1.3042 (1.3042)  loss_ddf_aux_2: 0.0118 (0.0118)  loss_mal_pre: 2.1738 (2.1738)  loss_bbox_pre: 1.8118 (1.8118)  loss_giou_pre: 0.7560 (0.7560)  loss_mal_enc_0: 1.6719 (1.6719)  loss_bbox_enc_0: 2.6709 (2.6709)  loss_giou_enc_0: 1.1767 (1.1767)  loss_mal_dn_0: 1.9336 (1.9336)  loss_bbox_dn_0: 2.0989 (2.0989)  loss_giou_dn_0: 0.8384 (0.8384)  loss_fgl_dn_0: 1.3287 (1.3287)  loss_ddf_dn_0: 0.8572 (0.8572)  loss_mal_dn_1: 1.4658 (1.4658)  loss_bbox_dn_1: 2.2863 (2.2863)  loss_giou_dn_1: 0.8299 (0.8299)  loss_fgl_dn_1: 1.2913 (1.2913)  loss_ddf_dn_1: 0.1769 (0.1769)  loss_mal_dn_2: 1.2256 (1.2256)  loss_bbox_dn_2: 2.3047 (2.3047)  loss_giou_dn_2: 0.8048 (0.8048)  loss_fgl_dn_2: 1.2942 (1.2942)  loss_ddf_dn_2: 0.0134 (0.0134)  loss_mal_dn_3: 1.2236 (1.2236)  loss_bbox_dn_3: 2.3115 (2.3115)  loss_giou_dn_3: 0.8051 (0.8051)  loss_fgl_dn_3: 1.3001 (1.3001)  loss_mal_dn_pre: 2.0078 (2.0078)  loss_bbox_dn_pre: 2.0680 (2.0680)  loss_giou_dn_pre: 0.8261 (0.8261)  time: 0.9793  data: 0.7806  max mem: 3583
Epoch: [78]  [7/8]  eta: 0:00:00  lr: 0.000002  loss: 40.7879 (43.7985)  loss_mal: 2.0547 (2.0299)  loss_bbox: 0.1014 (0.3649)  loss_giou: 0.1761 (0.2504)  loss_fgl: 0.9357 (0.9461)  loss_mal_aux_0: 2.7422 (2.7332)  loss_bbox_aux_0: 0.1792 (0.4344)  loss_giou_aux_0: 0.2641 (0.3566)  loss_fgl_aux_0: 1.1055 (1.1218)  loss_ddf_aux_0: 0.6745 (0.6870)  loss_mal_aux_1: 1.9814 (2.1431)  loss_bbox_aux_1: 0.1108 (0.3604)  loss_giou_aux_1: 0.1845 (0.2650)  loss_fgl_aux_1: 0.9613 (0.9719)  loss_ddf_aux_1: 0.1057 (0.1007)  loss_mal_aux_2: 1.8467 (1.8700)  loss_bbox_aux_2: 0.1011 (0.3621)  loss_giou_aux_2: 0.1751 (0.2519)  loss_fgl_aux_2: 0.9336 (0.9448)  loss_ddf_aux_2: 0.0057 (0.0066)  loss_mal_pre: 2.8711 (2.8259)  loss_bbox_pre: 0.1793 (0.4187)  loss_giou_pre: 0.2622 (0.3516)  loss_mal_enc_0: 2.4121 (2.3289)  loss_bbox_enc_0: 0.6306 (0.9559)  loss_giou_enc_0: 0.8979 (0.9320)  loss_mal_dn_0: 2.5312 (2.4045)  loss_bbox_dn_0: 0.4055 (0.6600)  loss_giou_dn_0: 0.4291 (0.5235)  loss_fgl_dn_0: 1.2452 (1.2556)  loss_ddf_dn_0: 1.0448 (1.0432)  loss_mal_dn_1: 1.5596 (1.5962)  loss_bbox_dn_1: 0.1728 (0.5022)  loss_giou_dn_1: 0.2325 (0.3380)  loss_fgl_dn_1: 1.0223 (1.0218)  loss_ddf_dn_1: 0.1550 (0.1564)  loss_mal_dn_2: 1.4971 (1.4852)  loss_bbox_dn_2: 0.1606 (0.4738)  loss_giou_dn_2: 0.2025 (0.3086)  loss_fgl_dn_2: 0.9642 (0.9789)  loss_ddf_dn_2: 0.0113 (0.0115)  loss_mal_dn_3: 1.6338 (1.5906)  loss_bbox_dn_3: 0.1595 (0.4721)  loss_giou_dn_3: 0.1942 (0.3057)  loss_fgl_dn_3: 0.9645 (0.9814)  loss_mal_dn_pre: 2.6367 (2.4905)  loss_bbox_dn_pre: 0.4010 (0.6637)  loss_giou_dn_pre: 0.4380 (0.5216)  time: 0.2813  data: 0.1225  max mem: 3583
Epoch: [78] Total time: 0:00:02 (0.2918 s / it)
Averaged stats: lr: 0.000002  loss: 40.7879 (43.7985)  loss_mal: 2.0547 (2.0299)  loss_bbox: 0.1014 (0.3649)  loss_giou: 0.1761 (0.2504)  loss_fgl: 0.9357 (0.9461)  loss_mal_aux_0: 2.7422 (2.7332)  loss_bbox_aux_0: 0.1792 (0.4344)  loss_giou_aux_0: 0.2641 (0.3566)  loss_fgl_aux_0: 1.1055 (1.1218)  loss_ddf_aux_0: 0.6745 (0.6870)  loss_mal_aux_1: 1.9814 (2.1431)  loss_bbox_aux_1: 0.1108 (0.3604)  loss_giou_aux_1: 0.1845 (0.2650)  loss_fgl_aux_1: 0.9613 (0.9719)  loss_ddf_aux_1: 0.1057 (0.1007)  loss_mal_aux_2: 1.8467 (1.8700)  loss_bbox_aux_2: 0.1011 (0.3621)  loss_giou_aux_2: 0.1751 (0.2519)  loss_fgl_aux_2: 0.9336 (0.9448)  loss_ddf_aux_2: 0.0057 (0.0066)  loss_mal_pre: 2.8711 (2.8259)  loss_bbox_pre: 0.1793 (0.4187)  loss_giou_pre: 0.2622 (0.3516)  loss_mal_enc_0: 2.4121 (2.3289)  loss_bbox_enc_0: 0.6306 (0.9559)  loss_giou_enc_0: 0.8979 (0.9320)  loss_mal_dn_0: 2.5312 (2.4045)  loss_bbox_dn_0: 0.4055 (0.6600)  loss_giou_dn_0: 0.4291 (0.5235)  loss_fgl_dn_0: 1.2452 (1.2556)  loss_ddf_dn_0: 1.0448 (1.0432)  loss_mal_dn_1: 1.5596 (1.5962)  loss_bbox_dn_1: 0.1728 (0.5022)  loss_giou_dn_1: 0.2325 (0.3380)  loss_fgl_dn_1: 1.0223 (1.0218)  loss_ddf_dn_1: 0.1550 (0.1564)  loss_mal_dn_2: 1.4971 (1.4852)  loss_bbox_dn_2: 0.1606 (0.4738)  loss_giou_dn_2: 0.2025 (0.3086)  loss_fgl_dn_2: 0.9642 (0.9789)  loss_ddf_dn_2: 0.0113 (0.0115)  loss_mal_dn_3: 1.6338 (1.5906)  loss_bbox_dn_3: 0.1595 (0.4721)  loss_giou_dn_3: 0.1942 (0.3057)  loss_fgl_dn_3: 0.9645 (0.9814)  loss_mal_dn_pre: 2.6367 (2.4905)  loss_bbox_dn_pre: 0.4010 (0.6637)  loss_giou_dn_pre: 0.4380 (0.5216)
Test:  [0/4]  eta: 0:00:01    time: 0.3957  data: 0.3538  max mem: 3583
Test:  [3/4]  eta: 0:00:00    time: 0.1274  data: 0.0910  max mem: 3583
Test: Total time: 0:00:00 (0.1473 s / it)
Averaged stats: 
Accumulating evaluation results...
COCOeval_opt.accumulate() finished...
DONE (t=0.00s).
IoU metric: bbox
 Average Precision  (AP) @[ IoU=0.50:0.95 | area=   all | maxDets=100 ] = 0.353
 Average Precision  (AP) @[ IoU=0.50      | area=   all | maxDets=100 ] = 0.405
 Average Precision  (AP) @[ IoU=0.75      | area=   all | maxDets=100 ] = 0.397
 Average Precision  (AP) @[ IoU=0.50:0.95 | area= small | maxDets=100 ] = -1.000
 Average Precision  (AP) @[ IoU=0.50:0.95 | area=medium | maxDets=100 ] = -1.000
 Average Precision  (AP) @[ IoU=0.50:0.95 | area= large | maxDets=100 ] = 0.353
 Average Recall     (AR) @[ IoU=0.50:0.95 | area=   all | maxDets=  1 ] = 0.693
 Average Recall     (AR) @[ IoU=0.50:0.95 | area=   all | maxDets= 10 ] = 0.853
 Average Recall     (AR) @[ IoU=0.50:0.95 | area=   all | maxDets=100 ] = 0.897
 Average Recall     (AR) @[ IoU=0.50:0.95 | area= small | maxDets=100 ] = -1.000
 Average Recall     (AR) @[ IoU=0.50:0.95 | area=medium | maxDets=100 ] = -1.000
 Average Recall     (AR) @[ IoU=0.50:0.95 | area= large | maxDets=100 ] = 0.897
 Average Recall     (AR) @[ IoU=0.50      | area=   all | maxDets=100 ] = 1.000
 Average Recall     (AR) @[ IoU=0.75      | area=   all | maxDets=100 ] = 0.967
best_stat: {'epoch': 75, 'coco_eval_bbox': 0.35546549146200523}
Epoch: [79]  [0/8]  eta: 0:00:09  lr: 0.000002  loss: 41.7731 (41.7731)  loss_mal: 2.2656 (2.2656)  loss_bbox: 0.1160 (0.1160)  loss_giou: 0.1935 (0.1935)  loss_fgl: 0.9468 (0.9468)  loss_mal_aux_0: 2.6797 (2.6797)  loss_bbox_aux_0: 0.1820 (0.1820)  loss_giou_aux_0: 0.3282 (0.3282)  loss_fgl_aux_0: 1.0606 (1.0606)  loss_ddf_aux_0: 0.4207 (0.4207)  loss_mal_aux_1: 2.8613 (2.8613)  loss_bbox_aux_1: 0.1152 (0.1152)  loss_giou_aux_1: 0.1995 (0.1995)  loss_fgl_aux_1: 0.9297 (0.9297)  loss_ddf_aux_1: 0.0552 (0.0552)  loss_mal_aux_2: 1.9297 (1.9297)  loss_bbox_aux_2: 0.1118 (0.1118)  loss_giou_aux_2: 0.1864 (0.1864)  loss_fgl_aux_2: 0.9444 (0.9444)  loss_ddf_aux_2: 0.0052 (0.0052)  loss_mal_pre: 2.8086 (2.8086)  loss_bbox_pre: 0.1781 (0.1781)  loss_giou_pre: 0.3144 (0.3144)  loss_mal_enc_0: 2.5566 (2.5566)  loss_bbox_enc_0: 0.5760 (0.5760)  loss_giou_enc_0: 0.7959 (0.7959)  loss_mal_dn_0: 2.1465 (2.1465)  loss_bbox_dn_0: 0.6073 (0.6073)  loss_giou_dn_0: 0.6495 (0.6495)  loss_fgl_dn_0: 1.2366 (1.2366)  loss_ddf_dn_0: 1.1176 (1.1176)  loss_mal_dn_1: 1.7070 (1.7070)  loss_bbox_dn_1: 0.2728 (0.2728)  loss_giou_dn_1: 0.3417 (0.3417)  loss_fgl_dn_1: 1.0879 (1.0879)  loss_ddf_dn_1: 0.1913 (0.1913)  loss_mal_dn_2: 1.5742 (1.5742)  loss_bbox_dn_2: 0.1913 (0.1913)  loss_giou_dn_2: 0.2664 (0.2664)  loss_fgl_dn_2: 1.0093 (1.0093)  loss_ddf_dn_2: 0.0155 (0.0155)  loss_mal_dn_3: 1.6826 (1.6826)  loss_bbox_dn_3: 0.1837 (0.1837)  loss_giou_dn_3: 0.2522 (0.2522)  loss_fgl_dn_3: 1.0074 (1.0074)  loss_mal_dn_pre: 2.1973 (2.1973)  loss_bbox_dn_pre: 0.6220 (0.6220)  loss_giou_dn_pre: 0.6519 (0.6519)  time: 1.2434  data: 1.0647  max mem: 3583
Epoch: [79]  [7/8]  eta: 0:00:00  lr: 0.000003  loss: 40.7791 (43.2064)  loss_mal: 1.9902 (2.0475)  loss_bbox: 0.1160 (0.3062)  loss_giou: 0.1698 (0.2403)  loss_fgl: 0.9288 (1.0492)  loss_mal_aux_0: 2.5742 (2.6150)  loss_bbox_aux_0: 0.1788 (0.3630)  loss_giou_aux_0: 0.2863 (0.3462)  loss_fgl_aux_0: 1.1362 (1.1838)  loss_ddf_aux_0: 0.5717 (0.7171)  loss_mal_aux_1: 2.3945 (2.4222)  loss_bbox_aux_1: 0.1152 (0.3067)  loss_giou_aux_1: 0.1713 (0.2482)  loss_fgl_aux_1: 0.9381 (1.0505)  loss_ddf_aux_1: 0.0682 (0.0908)  loss_mal_aux_2: 1.8086 (1.8678)  loss_bbox_aux_2: 0.1118 (0.3055)  loss_giou_aux_2: 0.1691 (0.2404)  loss_fgl_aux_2: 0.9248 (1.0471)  loss_ddf_aux_2: 0.0052 (0.0056)  loss_mal_pre: 2.7227 (2.7292)  loss_bbox_pre: 0.1744 (0.3440)  loss_giou_pre: 0.2774 (0.3387)  loss_mal_enc_0: 2.3613 (2.4363)  loss_bbox_enc_0: 0.6524 (0.8789)  loss_giou_enc_0: 0.8579 (0.8924)  loss_mal_dn_0: 2.3594 (2.4058)  loss_bbox_dn_0: 0.4693 (0.5729)  loss_giou_dn_0: 0.4344 (0.4985)  loss_fgl_dn_0: 1.2280 (1.2443)  loss_ddf_dn_0: 0.9721 (0.9979)  loss_mal_dn_1: 1.5615 (1.5610)  loss_bbox_dn_1: 0.1913 (0.3752)  loss_giou_dn_1: 0.2408 (0.3093)  loss_fgl_dn_1: 1.0172 (1.0668)  loss_ddf_dn_1: 0.1342 (0.1471)  loss_mal_dn_2: 1.4727 (1.4767)  loss_bbox_dn_2: 0.1434 (0.3430)  loss_giou_dn_2: 0.2077 (0.2775)  loss_fgl_dn_2: 0.9713 (1.0302)  loss_ddf_dn_2: 0.0089 (0.0106)  loss_mal_dn_3: 1.6660 (1.6111)  loss_bbox_dn_3: 0.1409 (0.3395)  loss_giou_dn_3: 0.2033 (0.2725)  loss_fgl_dn_3: 0.9737 (1.0318)  loss_mal_dn_pre: 2.4609 (2.4973)  loss_bbox_dn_pre: 0.4607 (0.5691)  loss_giou_dn_pre: 0.4358 (0.4957)  time: 0.2883  data: 0.1389  max mem: 3583
Epoch: [79] Total time: 0:00:02 (0.2984 s / it)
Averaged stats: lr: 0.000003  loss: 40.7791 (43.2064)  loss_mal: 1.9902 (2.0475)  loss_bbox: 0.1160 (0.3062)  loss_giou: 0.1698 (0.2403)  loss_fgl: 0.9288 (1.0492)  loss_mal_aux_0: 2.5742 (2.6150)  loss_bbox_aux_0: 0.1788 (0.3630)  loss_giou_aux_0: 0.2863 (0.3462)  loss_fgl_aux_0: 1.1362 (1.1838)  loss_ddf_aux_0: 0.5717 (0.7171)  loss_mal_aux_1: 2.3945 (2.4222)  loss_bbox_aux_1: 0.1152 (0.3067)  loss_giou_aux_1: 0.1713 (0.2482)  loss_fgl_aux_1: 0.9381 (1.0505)  loss_ddf_aux_1: 0.0682 (0.0908)  loss_mal_aux_2: 1.8086 (1.8678)  loss_bbox_aux_2: 0.1118 (0.3055)  loss_giou_aux_2: 0.1691 (0.2404)  loss_fgl_aux_2: 0.9248 (1.0471)  loss_ddf_aux_2: 0.0052 (0.0056)  loss_mal_pre: 2.7227 (2.7292)  loss_bbox_pre: 0.1744 (0.3440)  loss_giou_pre: 0.2774 (0.3387)  loss_mal_enc_0: 2.3613 (2.4363)  loss_bbox_enc_0: 0.6524 (0.8789)  loss_giou_enc_0: 0.8579 (0.8924)  loss_mal_dn_0: 2.3594 (2.4058)  loss_bbox_dn_0: 0.4693 (0.5729)  loss_giou_dn_0: 0.4344 (0.4985)  loss_fgl_dn_0: 1.2280 (1.2443)  loss_ddf_dn_0: 0.9721 (0.9979)  loss_mal_dn_1: 1.5615 (1.5610)  loss_bbox_dn_1: 0.1913 (0.3752)  loss_giou_dn_1: 0.2408 (0.3093)  loss_fgl_dn_1: 1.0172 (1.0668)  loss_ddf_dn_1: 0.1342 (0.1471)  loss_mal_dn_2: 1.4727 (1.4767)  loss_bbox_dn_2: 0.1434 (0.3430)  loss_giou_dn_2: 0.2077 (0.2775)  loss_fgl_dn_2: 0.9713 (1.0302)  loss_ddf_dn_2: 0.0089 (0.0106)  loss_mal_dn_3: 1.6660 (1.6111)  loss_bbox_dn_3: 0.1409 (0.3395)  loss_giou_dn_3: 0.2033 (0.2725)  loss_fgl_dn_3: 0.9737 (1.0318)  loss_mal_dn_pre: 2.4609 (2.4973)  loss_bbox_dn_pre: 0.4607 (0.5691)  loss_giou_dn_pre: 0.4358 (0.4957)
Test:  [0/4]  eta: 0:00:01    time: 0.4255  data: 0.3813  max mem: 3583
Test:  [3/4]  eta: 0:00:00    time: 0.1395  data: 0.0975  max mem: 3583
Test: Total time: 0:00:00 (0.1567 s / it)
Averaged stats: 
Accumulating evaluation results...
COCOeval_opt.accumulate() finished...
DONE (t=0.00s).
IoU metric: bbox
 Average Precision  (AP) @[ IoU=0.50:0.95 | area=   all | maxDets=100 ] = 0.392
 Average Precision  (AP) @[ IoU=0.50      | area=   all | maxDets=100 ] = 0.440
 Average Precision  (AP) @[ IoU=0.75      | area=   all | maxDets=100 ] = 0.440
 Average Precision  (AP) @[ IoU=0.50:0.95 | area= small | maxDets=100 ] = -1.000
 Average Precision  (AP) @[ IoU=0.50:0.95 | area=medium | maxDets=100 ] = -1.000
 Average Precision  (AP) @[ IoU=0.50:0.95 | area= large | maxDets=100 ] = 0.392
 Average Recall     (AR) @[ IoU=0.50:0.95 | area=   all | maxDets=  1 ] = 0.700
 Average Recall     (AR) @[ IoU=0.50:0.95 | area=   all | maxDets= 10 ] = 0.890
 Average Recall     (AR) @[ IoU=0.50:0.95 | area=   all | maxDets=100 ] = 0.903
 Average Recall     (AR) @[ IoU=0.50:0.95 | area= small | maxDets=100 ] = -1.000
 Average Recall     (AR) @[ IoU=0.50:0.95 | area=medium | maxDets=100 ] = -1.000
 Average Recall     (AR) @[ IoU=0.50:0.95 | area= large | maxDets=100 ] = 0.903
 Average Recall     (AR) @[ IoU=0.50      | area=   all | maxDets=100 ] = 1.000
 Average Recall     (AR) @[ IoU=0.75      | area=   all | maxDets=100 ] = 1.000
best_stat: {'epoch': 79, 'coco_eval_bbox': 0.39246648852794996}
Epoch: [80]  [0/8]  eta: 0:00:07  lr: 0.000003  loss: 48.9377 (48.9377)  loss_mal: 1.9961 (1.9961)  loss_bbox: 0.6314 (0.6314)  loss_giou: 0.3655 (0.3655)  loss_fgl: 1.0635 (1.0635)  loss_mal_aux_0: 2.5469 (2.5469)  loss_bbox_aux_0: 0.7503 (0.7503)  loss_giou_aux_0: 0.4829 (0.4829)  loss_fgl_aux_0: 1.2284 (1.2284)  loss_ddf_aux_0: 0.9263 (0.9263)  loss_mal_aux_1: 2.0117 (2.0117)  loss_bbox_aux_1: 0.6940 (0.6940)  loss_giou_aux_1: 0.3918 (0.3918)  loss_fgl_aux_1: 1.1198 (1.1198)  loss_ddf_aux_1: 0.1468 (0.1468)  loss_mal_aux_2: 1.9707 (1.9707)  loss_bbox_aux_2: 0.6320 (0.6320)  loss_giou_aux_2: 0.3618 (0.3618)  loss_fgl_aux_2: 1.0668 (1.0668)  loss_ddf_aux_2: 0.0062 (0.0062)  loss_mal_pre: 2.5195 (2.5195)  loss_bbox_pre: 0.8406 (0.8406)  loss_giou_pre: 0.5201 (0.5201)  loss_mal_enc_0: 1.8984 (1.8984)  loss_bbox_enc_0: 1.6707 (1.6707)  loss_giou_enc_0: 1.0541 (1.0541)  loss_mal_dn_0: 2.1836 (2.1836)  loss_bbox_dn_0: 1.0685 (1.0685)  loss_giou_dn_0: 0.6658 (0.6658)  loss_fgl_dn_0: 1.2475 (1.2475)  loss_ddf_dn_0: 0.8781 (0.8781)  loss_mal_dn_1: 1.5312 (1.5312)  loss_bbox_dn_1: 0.9123 (0.9123)  loss_giou_dn_1: 0.5490 (0.5490)  loss_fgl_dn_1: 1.1737 (1.1737)  loss_ddf_dn_1: 0.1462 (0.1462)  loss_mal_dn_2: 1.3799 (1.3799)  loss_bbox_dn_2: 0.8125 (0.8125)  loss_giou_dn_2: 0.4928 (0.4928)  loss_fgl_dn_2: 1.1343 (1.1343)  loss_ddf_dn_2: 0.0083 (0.0083)  loss_mal_dn_3: 1.4463 (1.4463)  loss_bbox_dn_3: 0.8023 (0.8023)  loss_giou_dn_3: 0.4852 (0.4852)  loss_fgl_dn_3: 1.1299 (1.1299)  loss_mal_dn_pre: 2.2402 (2.2402)  loss_bbox_dn_pre: 1.0837 (1.0837)  loss_giou_dn_pre: 0.6701 (0.6701)  time: 0.8959  data: 0.7309  max mem: 3583
Epoch: [80]  [7/8]  eta: 0:00:00  lr: 0.000003  loss: 39.1409 (40.9363)  loss_mal: 1.9199 (1.9155)  loss_bbox: 0.1355 (0.2079)  loss_giou: 0.2089 (0.2316)  loss_fgl: 0.8605 (0.9075)  loss_mal_aux_0: 2.6133 (2.5864)  loss_bbox_aux_0: 0.1729 (0.2829)  loss_giou_aux_0: 0.3221 (0.3436)  loss_fgl_aux_0: 1.0796 (1.1109)  loss_ddf_aux_0: 0.5404 (0.6845)  loss_mal_aux_1: 2.0703 (2.1486)  loss_bbox_aux_1: 0.1409 (0.2195)  loss_giou_aux_1: 0.2265 (0.2464)  loss_fgl_aux_1: 0.9034 (0.9417)  loss_ddf_aux_1: 0.0719 (0.0878)  loss_mal_aux_2: 1.8535 (1.8634)  loss_bbox_aux_2: 0.1365 (0.2076)  loss_giou_aux_2: 0.2090 (0.2323)  loss_fgl_aux_2: 0.8652 (0.9070)  loss_ddf_aux_2: 0.0046 (0.0049)  loss_mal_pre: 2.6855 (2.6777)  loss_bbox_pre: 0.1621 (0.2986)  loss_giou_pre: 0.3440 (0.3504)  loss_mal_enc_0: 2.2773 (2.3420)  loss_bbox_enc_0: 0.6767 (0.8267)  loss_giou_enc_0: 0.9154 (0.9383)  loss_mal_dn_0: 2.3164 (2.3652)  loss_bbox_dn_0: 0.3779 (0.5198)  loss_giou_dn_0: 0.4996 (0.5008)  loss_fgl_dn_0: 1.2443 (1.2391)  loss_ddf_dn_0: 0.9143 (0.9922)  loss_mal_dn_1: 1.5254 (1.5325)  loss_bbox_dn_1: 0.1637 (0.3102)  loss_giou_dn_1: 0.2390 (0.2989)  loss_fgl_dn_1: 0.9951 (1.0088)  loss_ddf_dn_1: 0.1233 (0.1375)  loss_mal_dn_2: 1.4219 (1.4437)  loss_bbox_dn_2: 0.1344 (0.2583)  loss_giou_dn_2: 0.2169 (0.2619)  loss_fgl_dn_2: 0.9467 (0.9559)  loss_ddf_dn_2: 0.0083 (0.0088)  loss_mal_dn_3: 1.5898 (1.5859)  loss_bbox_dn_3: 0.1352 (0.2546)  loss_giou_dn_3: 0.2183 (0.2575)  loss_fgl_dn_3: 0.9476 (0.9566)  loss_mal_dn_pre: 2.4199 (2.4561)  loss_bbox_dn_pre: 0.3929 (0.5270)  loss_giou_dn_pre: 0.4920 (0.5009)  time: 0.2811  data: 0.1220  max mem: 3583
Epoch: [80] Total time: 0:00:02 (0.2906 s / it)
Averaged stats: lr: 0.000003  loss: 39.1409 (40.9363)  loss_mal: 1.9199 (1.9155)  loss_bbox: 0.1355 (0.2079)  loss_giou: 0.2089 (0.2316)  loss_fgl: 0.8605 (0.9075)  loss_mal_aux_0: 2.6133 (2.5864)  loss_bbox_aux_0: 0.1729 (0.2829)  loss_giou_aux_0: 0.3221 (0.3436)  loss_fgl_aux_0: 1.0796 (1.1109)  loss_ddf_aux_0: 0.5404 (0.6845)  loss_mal_aux_1: 2.0703 (2.1486)  loss_bbox_aux_1: 0.1409 (0.2195)  loss_giou_aux_1: 0.2265 (0.2464)  loss_fgl_aux_1: 0.9034 (0.9417)  loss_ddf_aux_1: 0.0719 (0.0878)  loss_mal_aux_2: 1.8535 (1.8634)  loss_bbox_aux_2: 0.1365 (0.2076)  loss_giou_aux_2: 0.2090 (0.2323)  loss_fgl_aux_2: 0.8652 (0.9070)  loss_ddf_aux_2: 0.0046 (0.0049)  loss_mal_pre: 2.6855 (2.6777)  loss_bbox_pre: 0.1621 (0.2986)  loss_giou_pre: 0.3440 (0.3504)  loss_mal_enc_0: 2.2773 (2.3420)  loss_bbox_enc_0: 0.6767 (0.8267)  loss_giou_enc_0: 0.9154 (0.9383)  loss_mal_dn_0: 2.3164 (2.3652)  loss_bbox_dn_0: 0.3779 (0.5198)  loss_giou_dn_0: 0.4996 (0.5008)  loss_fgl_dn_0: 1.2443 (1.2391)  loss_ddf_dn_0: 0.9143 (0.9922)  loss_mal_dn_1: 1.5254 (1.5325)  loss_bbox_dn_1: 0.1637 (0.3102)  loss_giou_dn_1: 0.2390 (0.2989)  loss_fgl_dn_1: 0.9951 (1.0088)  loss_ddf_dn_1: 0.1233 (0.1375)  loss_mal_dn_2: 1.4219 (1.4437)  loss_bbox_dn_2: 0.1344 (0.2583)  loss_giou_dn_2: 0.2169 (0.2619)  loss_fgl_dn_2: 0.9467 (0.9559)  loss_ddf_dn_2: 0.0083 (0.0088)  loss_mal_dn_3: 1.5898 (1.5859)  loss_bbox_dn_3: 0.1352 (0.2546)  loss_giou_dn_3: 0.2183 (0.2575)  loss_fgl_dn_3: 0.9476 (0.9566)  loss_mal_dn_pre: 2.4199 (2.4561)  loss_bbox_dn_pre: 0.3929 (0.5270)  loss_giou_dn_pre: 0.4920 (0.5009)
Test:  [0/4]  eta: 0:00:01    time: 0.3837  data: 0.3462  max mem: 3583
Test:  [3/4]  eta: 0:00:00    time: 0.1207  data: 0.0888  max mem: 3583
Test: Total time: 0:00:00 (0.1397 s / it)
Averaged stats: 
Accumulating evaluation results...
COCOeval_opt.accumulate() finished...
DONE (t=0.00s).
IoU metric: bbox
 Average Precision  (AP) @[ IoU=0.50:0.95 | area=   all | maxDets=100 ] = 0.460
 Average Precision  (AP) @[ IoU=0.50      | area=   all | maxDets=100 ] = 0.517
 Average Precision  (AP) @[ IoU=0.75      | area=   all | maxDets=100 ] = 0.515
 Average Precision  (AP) @[ IoU=0.50:0.95 | area= small | maxDets=100 ] = -1.000
 Average Precision  (AP) @[ IoU=0.50:0.95 | area=medium | maxDets=100 ] = -1.000
 Average Precision  (AP) @[ IoU=0.50:0.95 | area= large | maxDets=100 ] = 0.460
 Average Recall     (AR) @[ IoU=0.50:0.95 | area=   all | maxDets=  1 ] = 0.763
 Average Recall     (AR) @[ IoU=0.50:0.95 | area=   all | maxDets= 10 ] = 0.887
 Average Recall     (AR) @[ IoU=0.50:0.95 | area=   all | maxDets=100 ] = 0.917
 Average Recall     (AR) @[ IoU=0.50:0.95 | area= small | maxDets=100 ] = -1.000
 Average Recall     (AR) @[ IoU=0.50:0.95 | area=medium | maxDets=100 ] = -1.000
 Average Recall     (AR) @[ IoU=0.50:0.95 | area= large | maxDets=100 ] = 0.917
 Average Recall     (AR) @[ IoU=0.50      | area=   all | maxDets=100 ] = 1.000
 Average Recall     (AR) @[ IoU=0.75      | area=   all | maxDets=100 ] = 1.000
best_stat: {'epoch': 80, 'coco_eval_bbox': 0.4597123550752423}
Epoch: [81]  [0/8]  eta: 0:00:08  lr: 0.000003  loss: 36.9827 (36.9827)  loss_mal: 1.9453 (1.9453)  loss_bbox: 0.0530 (0.0530)  loss_giou: 0.0883 (0.0883)  loss_fgl: 0.7120 (0.7120)  loss_mal_aux_0: 2.6582 (2.6582)  loss_bbox_aux_0: 0.1000 (0.1000)  loss_giou_aux_0: 0.1754 (0.1754)  loss_fgl_aux_0: 0.9893 (0.9893)  loss_ddf_aux_0: 0.4360 (0.4360)  loss_mal_aux_1: 2.2539 (2.2539)  loss_bbox_aux_1: 0.0574 (0.0574)  loss_giou_aux_1: 0.0984 (0.0984)  loss_fgl_aux_1: 0.7526 (0.7526)  loss_ddf_aux_1: 0.0517 (0.0517)  loss_mal_aux_2: 1.8027 (1.8027)  loss_bbox_aux_2: 0.0536 (0.0536)  loss_giou_aux_2: 0.0884 (0.0884)  loss_fgl_aux_2: 0.7133 (0.7133)  loss_ddf_aux_2: 0.0030 (0.0030)  loss_mal_pre: 2.8027 (2.8027)  loss_bbox_pre: 0.1027 (0.1027)  loss_giou_pre: 0.1695 (0.1695)  loss_mal_enc_0: 2.6680 (2.6680)  loss_bbox_enc_0: 0.5288 (0.5288)  loss_giou_enc_0: 0.7459 (0.7459)  loss_mal_dn_0: 2.4238 (2.4238)  loss_bbox_dn_0: 0.5018 (0.5018)  loss_giou_dn_0: 0.4271 (0.4271)  loss_fgl_dn_0: 1.1967 (1.1967)  loss_ddf_dn_0: 0.9407 (0.9407)  loss_mal_dn_1: 1.5381 (1.5381)  loss_bbox_dn_1: 0.1459 (0.1459)  loss_giou_dn_1: 0.1537 (0.1537)  loss_fgl_dn_1: 0.8262 (0.8262)  loss_ddf_dn_1: 0.1230 (0.1230)  loss_mal_dn_2: 1.5225 (1.5225)  loss_bbox_dn_2: 0.0947 (0.0947)  loss_giou_dn_2: 0.1202 (0.1202)  loss_fgl_dn_2: 0.7608 (0.7608)  loss_ddf_dn_2: 0.0072 (0.0072)  loss_mal_dn_3: 1.7139 (1.7139)  loss_bbox_dn_3: 0.0888 (0.0888)  loss_giou_dn_3: 0.1159 (0.1159)  loss_fgl_dn_3: 0.7585 (0.7585)  loss_mal_dn_pre: 2.5176 (2.5176)  loss_bbox_dn_pre: 0.5232 (0.5232)  loss_giou_dn_pre: 0.4324 (0.4324)  time: 1.0852  data: 0.8931  max mem: 3583
Epoch: [81]  [7/8]  eta: 0:00:00  lr: 0.000003  loss: 39.7458 (39.3236)  loss_mal: 1.9580 (1.9307)  loss_bbox: 0.1068 (0.1181)  loss_giou: 0.1752 (0.1690)  loss_fgl: 0.8978 (0.9552)  loss_mal_aux_0: 2.6504 (2.6233)  loss_bbox_aux_0: 0.1373 (0.1679)  loss_giou_aux_0: 0.2618 (0.2582)  loss_fgl_aux_0: 1.1006 (1.1310)  loss_ddf_aux_0: 0.4680 (0.6265)  loss_mal_aux_1: 2.1504 (2.1425)  loss_bbox_aux_1: 0.0993 (0.1216)  loss_giou_aux_1: 0.1831 (0.1747)  loss_fgl_aux_1: 0.9111 (0.9628)  loss_ddf_aux_1: 0.0668 (0.0771)  loss_mal_aux_2: 1.7939 (1.7897)  loss_bbox_aux_2: 0.1070 (0.1181)  loss_giou_aux_2: 0.1744 (0.1689)  loss_fgl_aux_2: 0.8945 (0.9557)  loss_ddf_aux_2: 0.0038 (0.0040)  loss_mal_pre: 2.7480 (2.7388)  loss_bbox_pre: 0.1351 (0.1688)  loss_giou_pre: 0.2660 (0.2555)  loss_mal_enc_0: 2.6074 (2.5522)  loss_bbox_enc_0: 0.5868 (0.6370)  loss_giou_enc_0: 0.8249 (0.8144)  loss_mal_dn_0: 2.2578 (2.3176)  loss_bbox_dn_0: 0.4676 (0.4604)  loss_giou_dn_0: 0.5116 (0.4784)  loss_fgl_dn_0: 1.2338 (1.2296)  loss_ddf_dn_0: 0.9578 (1.1178)  loss_mal_dn_1: 1.4307 (1.4667)  loss_bbox_dn_1: 0.2325 (0.2057)  loss_giou_dn_1: 0.2454 (0.2506)  loss_fgl_dn_1: 0.9303 (0.9822)  loss_ddf_dn_1: 0.1400 (0.1519)  loss_mal_dn_2: 1.3750 (1.4020)  loss_bbox_dn_2: 0.1557 (0.1693)  loss_giou_dn_2: 0.2267 (0.2231)  loss_fgl_dn_2: 0.8824 (0.9381)  loss_ddf_dn_2: 0.0083 (0.0090)  loss_mal_dn_3: 1.5400 (1.5703)  loss_bbox_dn_3: 0.1570 (0.1662)  loss_giou_dn_3: 0.2239 (0.2203)  loss_fgl_dn_3: 0.8826 (0.9384)  loss_mal_dn_pre: 2.3398 (2.4121)  loss_bbox_dn_pre: 0.4670 (0.4706)  loss_giou_dn_pre: 0.5158 (0.4816)  time: 0.2905  data: 0.1156  max mem: 3583
Epoch: [81] Total time: 0:00:02 (0.2999 s / it)
Averaged stats: lr: 0.000003  loss: 39.7458 (39.3236)  loss_mal: 1.9580 (1.9307)  loss_bbox: 0.1068 (0.1181)  loss_giou: 0.1752 (0.1690)  loss_fgl: 0.8978 (0.9552)  loss_mal_aux_0: 2.6504 (2.6233)  loss_bbox_aux_0: 0.1373 (0.1679)  loss_giou_aux_0: 0.2618 (0.2582)  loss_fgl_aux_0: 1.1006 (1.1310)  loss_ddf_aux_0: 0.4680 (0.6265)  loss_mal_aux_1: 2.1504 (2.1425)  loss_bbox_aux_1: 0.0993 (0.1216)  loss_giou_aux_1: 0.1831 (0.1747)  loss_fgl_aux_1: 0.9111 (0.9628)  loss_ddf_aux_1: 0.0668 (0.0771)  loss_mal_aux_2: 1.7939 (1.7897)  loss_bbox_aux_2: 0.1070 (0.1181)  loss_giou_aux_2: 0.1744 (0.1689)  loss_fgl_aux_2: 0.8945 (0.9557)  loss_ddf_aux_2: 0.0038 (0.0040)  loss_mal_pre: 2.7480 (2.7388)  loss_bbox_pre: 0.1351 (0.1688)  loss_giou_pre: 0.2660 (0.2555)  loss_mal_enc_0: 2.6074 (2.5522)  loss_bbox_enc_0: 0.5868 (0.6370)  loss_giou_enc_0: 0.8249 (0.8144)  loss_mal_dn_0: 2.2578 (2.3176)  loss_bbox_dn_0: 0.4676 (0.4604)  loss_giou_dn_0: 0.5116 (0.4784)  loss_fgl_dn_0: 1.2338 (1.2296)  loss_ddf_dn_0: 0.9578 (1.1178)  loss_mal_dn_1: 1.4307 (1.4667)  loss_bbox_dn_1: 0.2325 (0.2057)  loss_giou_dn_1: 0.2454 (0.2506)  loss_fgl_dn_1: 0.9303 (0.9822)  loss_ddf_dn_1: 0.1400 (0.1519)  loss_mal_dn_2: 1.3750 (1.4020)  loss_bbox_dn_2: 0.1557 (0.1693)  loss_giou_dn_2: 0.2267 (0.2231)  loss_fgl_dn_2: 0.8824 (0.9381)  loss_ddf_dn_2: 0.0083 (0.0090)  loss_mal_dn_3: 1.5400 (1.5703)  loss_bbox_dn_3: 0.1570 (0.1662)  loss_giou_dn_3: 0.2239 (0.2203)  loss_fgl_dn_3: 0.8826 (0.9384)  loss_mal_dn_pre: 2.3398 (2.4121)  loss_bbox_dn_pre: 0.4670 (0.4706)  loss_giou_dn_pre: 0.5158 (0.4816)
Test:  [0/4]  eta: 0:00:01    time: 0.4027  data: 0.3644  max mem: 3583
Test:  [3/4]  eta: 0:00:00    time: 0.1274  data: 0.0935  max mem: 3583
Test: Total time: 0:00:00 (0.1526 s / it)
Averaged stats: 
Accumulating evaluation results...
COCOeval_opt.accumulate() finished...
DONE (t=0.00s).
IoU metric: bbox
 Average Precision  (AP) @[ IoU=0.50:0.95 | area=   all | maxDets=100 ] = 0.425
 Average Precision  (AP) @[ IoU=0.50      | area=   all | maxDets=100 ] = 0.491
 Average Precision  (AP) @[ IoU=0.75      | area=   all | maxDets=100 ] = 0.480
 Average Precision  (AP) @[ IoU=0.50:0.95 | area= small | maxDets=100 ] = -1.000
 Average Precision  (AP) @[ IoU=0.50:0.95 | area=medium | maxDets=100 ] = -1.000
 Average Precision  (AP) @[ IoU=0.50:0.95 | area= large | maxDets=100 ] = 0.425
 Average Recall     (AR) @[ IoU=0.50:0.95 | area=   all | maxDets=  1 ] = 0.753
 Average Recall     (AR) @[ IoU=0.50:0.95 | area=   all | maxDets= 10 ] = 0.887
 Average Recall     (AR) @[ IoU=0.50:0.95 | area=   all | maxDets=100 ] = 0.913
 Average Recall     (AR) @[ IoU=0.50:0.95 | area= small | maxDets=100 ] = -1.000
 Average Recall     (AR) @[ IoU=0.50:0.95 | area=medium | maxDets=100 ] = -1.000
 Average Recall     (AR) @[ IoU=0.50:0.95 | area= large | maxDets=100 ] = 0.913
 Average Recall     (AR) @[ IoU=0.50      | area=   all | maxDets=100 ] = 1.000
 Average Recall     (AR) @[ IoU=0.75      | area=   all | maxDets=100 ] = 1.000
best_stat: {'epoch': 80, 'coco_eval_bbox': 0.4597123550752423}
Epoch: [82]  [0/8]  eta: 0:00:07  lr: 0.000003  loss: 36.7151 (36.7151)  loss_mal: 1.8701 (1.8701)  loss_bbox: 0.1058 (0.1058)  loss_giou: 0.1176 (0.1176)  loss_fgl: 0.8389 (0.8389)  loss_mal_aux_0: 2.7656 (2.7656)  loss_bbox_aux_0: 0.1334 (0.1334)  loss_giou_aux_0: 0.1469 (0.1469)  loss_fgl_aux_0: 0.9432 (0.9432)  loss_ddf_aux_0: 0.3089 (0.3089)  loss_mal_aux_1: 2.0371 (2.0371)  loss_bbox_aux_1: 0.1008 (0.1008)  loss_giou_aux_1: 0.1080 (0.1080)  loss_fgl_aux_1: 0.8156 (0.8156)  loss_ddf_aux_1: 0.0509 (0.0509)  loss_mal_aux_2: 1.7334 (1.7334)  loss_bbox_aux_2: 0.1058 (0.1058)  loss_giou_aux_2: 0.1175 (0.1175)  loss_fgl_aux_2: 0.8366 (0.8366)  loss_ddf_aux_2: 0.0039 (0.0039)  loss_mal_pre: 2.8828 (2.8828)  loss_bbox_pre: 0.1314 (0.1314)  loss_giou_pre: 0.1431 (0.1431)  loss_mal_enc_0: 2.8105 (2.8105)  loss_bbox_enc_0: 0.6734 (0.6734)  loss_giou_enc_0: 0.6794 (0.6794)  loss_mal_dn_0: 2.5215 (2.5215)  loss_bbox_dn_0: 0.3327 (0.3327)  loss_giou_dn_0: 0.3439 (0.3439)  loss_fgl_dn_0: 1.1797 (1.1797)  loss_ddf_dn_0: 0.6375 (0.6375)  loss_mal_dn_1: 1.4287 (1.4287)  loss_bbox_dn_1: 0.1337 (0.1337)  loss_giou_dn_1: 0.1478 (0.1478)  loss_fgl_dn_1: 0.8864 (0.8864)  loss_ddf_dn_1: 0.0899 (0.0899)  loss_mal_dn_2: 1.4121 (1.4121)  loss_bbox_dn_2: 0.1217 (0.1217)  loss_giou_dn_2: 0.1310 (0.1310)  loss_fgl_dn_2: 0.8431 (0.8431)  loss_ddf_dn_2: 0.0062 (0.0062)  loss_mal_dn_3: 1.6279 (1.6279)  loss_bbox_dn_3: 0.1207 (0.1207)  loss_giou_dn_3: 0.1296 (0.1296)  loss_fgl_dn_3: 0.8406 (0.8406)  loss_mal_dn_pre: 2.6230 (2.6230)  loss_bbox_dn_pre: 0.3465 (0.3465)  loss_giou_dn_pre: 0.3501 (0.3501)  time: 0.9821  data: 0.7544  max mem: 3583
Epoch: [82]  [7/8]  eta: 0:00:00  lr: 0.000003  loss: 38.7595 (40.6407)  loss_mal: 1.8701 (1.8986)  loss_bbox: 0.1174 (0.2101)  loss_giou: 0.1281 (0.1779)  loss_fgl: 0.8592 (0.9062)  loss_mal_aux_0: 2.4922 (2.5454)  loss_bbox_aux_0: 0.2315 (0.3117)  loss_giou_aux_0: 0.2130 (0.2775)  loss_fgl_aux_0: 1.0784 (1.1431)  loss_ddf_aux_0: 0.6403 (0.6307)  loss_mal_aux_1: 2.0273 (2.0334)  loss_bbox_aux_1: 0.1371 (0.2172)  loss_giou_aux_1: 0.1353 (0.1872)  loss_fgl_aux_1: 0.8628 (0.9319)  loss_ddf_aux_1: 0.0774 (0.0826)  loss_mal_aux_2: 1.7061 (1.7421)  loss_bbox_aux_2: 0.1242 (0.2111)  loss_giou_aux_2: 0.1267 (0.1779)  loss_fgl_aux_2: 0.8594 (0.9059)  loss_ddf_aux_2: 0.0039 (0.0046)  loss_mal_pre: 2.5996 (2.6858)  loss_bbox_pre: 0.2117 (0.3058)  loss_giou_pre: 0.2115 (0.2787)  loss_mal_enc_0: 2.2129 (2.4155)  loss_bbox_enc_0: 0.8036 (0.9622)  loss_giou_enc_0: 0.8436 (0.8629)  loss_mal_dn_0: 2.2207 (2.2424)  loss_bbox_dn_0: 0.4809 (0.6779)  loss_giou_dn_0: 0.4958 (0.5220)  loss_fgl_dn_0: 1.1855 (1.2127)  loss_ddf_dn_0: 1.0441 (1.1042)  loss_mal_dn_1: 1.4297 (1.4523)  loss_bbox_dn_1: 0.2236 (0.3972)  loss_giou_dn_1: 0.2319 (0.2955)  loss_fgl_dn_1: 0.9226 (0.9730)  loss_ddf_dn_1: 0.1437 (0.1549)  loss_mal_dn_2: 1.3643 (1.3661)  loss_bbox_dn_2: 0.1791 (0.3519)  loss_giou_dn_2: 0.1959 (0.2592)  loss_fgl_dn_2: 0.8873 (0.9265)  loss_ddf_dn_2: 0.0093 (0.0096)  loss_mal_dn_3: 1.5410 (1.5129)  loss_bbox_dn_3: 0.1617 (0.3473)  loss_giou_dn_3: 0.1936 (0.2567)  loss_fgl_dn_3: 0.8866 (0.9274)  loss_mal_dn_pre: 2.3320 (2.3397)  loss_bbox_dn_pre: 0.4869 (0.6826)  loss_giou_dn_pre: 0.4921 (0.5225)  time: 0.2563  data: 0.0975  max mem: 3583
Epoch: [82] Total time: 0:00:02 (0.2675 s / it)
Averaged stats: lr: 0.000003  loss: 38.7595 (40.6407)  loss_mal: 1.8701 (1.8986)  loss_bbox: 0.1174 (0.2101)  loss_giou: 0.1281 (0.1779)  loss_fgl: 0.8592 (0.9062)  loss_mal_aux_0: 2.4922 (2.5454)  loss_bbox_aux_0: 0.2315 (0.3117)  loss_giou_aux_0: 0.2130 (0.2775)  loss_fgl_aux_0: 1.0784 (1.1431)  loss_ddf_aux_0: 0.6403 (0.6307)  loss_mal_aux_1: 2.0273 (2.0334)  loss_bbox_aux_1: 0.1371 (0.2172)  loss_giou_aux_1: 0.1353 (0.1872)  loss_fgl_aux_1: 0.8628 (0.9319)  loss_ddf_aux_1: 0.0774 (0.0826)  loss_mal_aux_2: 1.7061 (1.7421)  loss_bbox_aux_2: 0.1242 (0.2111)  loss_giou_aux_2: 0.1267 (0.1779)  loss_fgl_aux_2: 0.8594 (0.9059)  loss_ddf_aux_2: 0.0039 (0.0046)  loss_mal_pre: 2.5996 (2.6858)  loss_bbox_pre: 0.2117 (0.3058)  loss_giou_pre: 0.2115 (0.2787)  loss_mal_enc_0: 2.2129 (2.4155)  loss_bbox_enc_0: 0.8036 (0.9622)  loss_giou_enc_0: 0.8436 (0.8629)  loss_mal_dn_0: 2.2207 (2.2424)  loss_bbox_dn_0: 0.4809 (0.6779)  loss_giou_dn_0: 0.4958 (0.5220)  loss_fgl_dn_0: 1.1855 (1.2127)  loss_ddf_dn_0: 1.0441 (1.1042)  loss_mal_dn_1: 1.4297 (1.4523)  loss_bbox_dn_1: 0.2236 (0.3972)  loss_giou_dn_1: 0.2319 (0.2955)  loss_fgl_dn_1: 0.9226 (0.9730)  loss_ddf_dn_1: 0.1437 (0.1549)  loss_mal_dn_2: 1.3643 (1.3661)  loss_bbox_dn_2: 0.1791 (0.3519)  loss_giou_dn_2: 0.1959 (0.2592)  loss_fgl_dn_2: 0.8873 (0.9265)  loss_ddf_dn_2: 0.0093 (0.0096)  loss_mal_dn_3: 1.5410 (1.5129)  loss_bbox_dn_3: 0.1617 (0.3473)  loss_giou_dn_3: 0.1936 (0.2567)  loss_fgl_dn_3: 0.8866 (0.9274)  loss_mal_dn_pre: 2.3320 (2.3397)  loss_bbox_dn_pre: 0.4869 (0.6826)  loss_giou_dn_pre: 0.4921 (0.5225)
Test:  [0/4]  eta: 0:00:01    time: 0.4128  data: 0.3742  max mem: 3583
Test:  [3/4]  eta: 0:00:00    time: 0.1318  data: 0.0960  max mem: 3583
Test: Total time: 0:00:00 (0.1576 s / it)
Averaged stats: 
Accumulating evaluation results...
COCOeval_opt.accumulate() finished...
DONE (t=0.00s).
IoU metric: bbox
 Average Precision  (AP) @[ IoU=0.50:0.95 | area=   all | maxDets=100 ] = 0.504
 Average Precision  (AP) @[ IoU=0.50      | area=   all | maxDets=100 ] = 0.596
 Average Precision  (AP) @[ IoU=0.75      | area=   all | maxDets=100 ] = 0.579
 Average Precision  (AP) @[ IoU=0.50:0.95 | area= small | maxDets=100 ] = -1.000
 Average Precision  (AP) @[ IoU=0.50:0.95 | area=medium | maxDets=100 ] = -1.000
 Average Precision  (AP) @[ IoU=0.50:0.95 | area= large | maxDets=100 ] = 0.504
 Average Recall     (AR) @[ IoU=0.50:0.95 | area=   all | maxDets=  1 ] = 0.760
 Average Recall     (AR) @[ IoU=0.50:0.95 | area=   all | maxDets= 10 ] = 0.877
 Average Recall     (AR) @[ IoU=0.50:0.95 | area=   all | maxDets=100 ] = 0.917
 Average Recall     (AR) @[ IoU=0.50:0.95 | area= small | maxDets=100 ] = -1.000
 Average Recall     (AR) @[ IoU=0.50:0.95 | area=medium | maxDets=100 ] = -1.000
 Average Recall     (AR) @[ IoU=0.50:0.95 | area= large | maxDets=100 ] = 0.917
 Average Recall     (AR) @[ IoU=0.50      | area=   all | maxDets=100 ] = 1.000
 Average Recall     (AR) @[ IoU=0.75      | area=   all | maxDets=100 ] = 0.967
best_stat: {'epoch': 82, 'coco_eval_bbox': 0.5043830755505059}
Epoch: [83]  [0/8]  eta: 0:00:07  lr: 0.000003  loss: 41.0501 (41.0501)  loss_mal: 1.8672 (1.8672)  loss_bbox: 0.1842 (0.1842)  loss_giou: 0.1745 (0.1745)  loss_fgl: 0.9475 (0.9475)  loss_mal_aux_0: 2.6074 (2.6074)  loss_bbox_aux_0: 0.2680 (0.2680)  loss_giou_aux_0: 0.2896 (0.2896)  loss_fgl_aux_0: 1.2494 (1.2494)  loss_ddf_aux_0: 0.6673 (0.6673)  loss_mal_aux_1: 3.5645 (3.5645)  loss_bbox_aux_1: 0.1973 (0.1973)  loss_giou_aux_1: 0.1937 (0.1937)  loss_fgl_aux_1: 1.0072 (1.0072)  loss_ddf_aux_1: 0.0731 (0.0731)  loss_mal_aux_2: 1.8770 (1.8770)  loss_bbox_aux_2: 0.1844 (0.1844)  loss_giou_aux_2: 0.1741 (0.1741)  loss_fgl_aux_2: 0.9450 (0.9450)  loss_ddf_aux_2: 0.0027 (0.0027)  loss_mal_pre: 2.5586 (2.5586)  loss_bbox_pre: 0.2842 (0.2842)  loss_giou_pre: 0.3064 (0.3064)  loss_mal_enc_0: 2.6523 (2.6523)  loss_bbox_enc_0: 0.8673 (0.8673)  loss_giou_enc_0: 0.8117 (0.8117)  loss_mal_dn_0: 2.3066 (2.3066)  loss_bbox_dn_0: 0.5351 (0.5351)  loss_giou_dn_0: 0.4091 (0.4091)  loss_fgl_dn_0: 1.2248 (1.2248)  loss_ddf_dn_0: 0.7526 (0.7526)  loss_mal_dn_1: 1.3584 (1.3584)  loss_bbox_dn_1: 0.2429 (0.2429)  loss_giou_dn_1: 0.2213 (0.2213)  loss_fgl_dn_1: 1.0248 (1.0248)  loss_ddf_dn_1: 0.1019 (0.1019)  loss_mal_dn_2: 1.3750 (1.3750)  loss_bbox_dn_2: 0.1996 (0.1996)  loss_giou_dn_2: 0.1822 (0.1822)  loss_fgl_dn_2: 0.9453 (0.9453)  loss_ddf_dn_2: 0.0049 (0.0049)  loss_mal_dn_3: 1.5254 (1.5254)  loss_bbox_dn_3: 0.1967 (0.1967)  loss_giou_dn_3: 0.1788 (0.1788)  loss_fgl_dn_3: 0.9410 (0.9410)  loss_mal_dn_pre: 2.4258 (2.4258)  loss_bbox_dn_pre: 0.5362 (0.5362)  loss_giou_dn_pre: 0.4073 (0.4073)  time: 0.8832  data: 0.7099  max mem: 3583
Epoch: [83]  [7/8]  eta: 0:00:00  lr: 0.000003  loss: 38.4391 (39.1222)  loss_mal: 1.8232 (1.8113)  loss_bbox: 0.1104 (0.1429)  loss_giou: 0.1066 (0.1664)  loss_fgl: 0.7828 (0.8899)  loss_mal_aux_0: 2.6074 (2.6357)  loss_bbox_aux_0: 0.1806 (0.2203)  loss_giou_aux_0: 0.2179 (0.2610)  loss_fgl_aux_0: 1.1500 (1.1212)  loss_ddf_aux_0: 0.5308 (0.5334)  loss_mal_aux_1: 1.9912 (2.3323)  loss_bbox_aux_1: 0.1057 (0.1512)  loss_giou_aux_1: 0.1245 (0.1796)  loss_fgl_aux_1: 0.8306 (0.9276)  loss_ddf_aux_1: 0.0642 (0.0654)  loss_mal_aux_2: 1.6299 (1.6770)  loss_bbox_aux_2: 0.1098 (0.1437)  loss_giou_aux_2: 0.1085 (0.1670)  loss_fgl_aux_2: 0.7863 (0.8894)  loss_ddf_aux_2: 0.0027 (0.0034)  loss_mal_pre: 2.6543 (2.6931)  loss_bbox_pre: 0.1752 (0.2182)  loss_giou_pre: 0.2031 (0.2588)  loss_mal_enc_0: 2.4551 (2.5100)  loss_bbox_enc_0: 0.6698 (0.7810)  loss_giou_enc_0: 0.8358 (0.8289)  loss_mal_dn_0: 2.1836 (2.2463)  loss_bbox_dn_0: 0.5351 (0.5505)  loss_giou_dn_0: 0.4091 (0.4803)  loss_fgl_dn_0: 1.2091 (1.2028)  loss_ddf_dn_0: 0.8776 (0.9829)  loss_mal_dn_1: 1.3896 (1.3855)  loss_bbox_dn_1: 0.2392 (0.2854)  loss_giou_dn_1: 0.2026 (0.2752)  loss_fgl_dn_1: 0.9076 (0.9741)  loss_ddf_dn_1: 0.1214 (0.1356)  loss_mal_dn_2: 1.3779 (1.3584)  loss_bbox_dn_2: 0.1420 (0.2268)  loss_giou_dn_2: 0.1458 (0.2341)  loss_fgl_dn_2: 0.8548 (0.9112)  loss_ddf_dn_2: 0.0064 (0.0080)  loss_mal_dn_3: 1.5049 (1.4991)  loss_bbox_dn_3: 0.1341 (0.2209)  loss_giou_dn_3: 0.1401 (0.2296)  loss_fgl_dn_3: 0.8505 (0.9116)  loss_mal_dn_pre: 2.2695 (2.3464)  loss_bbox_dn_pre: 0.5362 (0.5641)  loss_giou_dn_pre: 0.4091 (0.4840)  time: 0.2866  data: 0.1170  max mem: 3583
Epoch: [83] Total time: 0:00:02 (0.2941 s / it)
Averaged stats: lr: 0.000003  loss: 38.4391 (39.1222)  loss_mal: 1.8232 (1.8113)  loss_bbox: 0.1104 (0.1429)  loss_giou: 0.1066 (0.1664)  loss_fgl: 0.7828 (0.8899)  loss_mal_aux_0: 2.6074 (2.6357)  loss_bbox_aux_0: 0.1806 (0.2203)  loss_giou_aux_0: 0.2179 (0.2610)  loss_fgl_aux_0: 1.1500 (1.1212)  loss_ddf_aux_0: 0.5308 (0.5334)  loss_mal_aux_1: 1.9912 (2.3323)  loss_bbox_aux_1: 0.1057 (0.1512)  loss_giou_aux_1: 0.1245 (0.1796)  loss_fgl_aux_1: 0.8306 (0.9276)  loss_ddf_aux_1: 0.0642 (0.0654)  loss_mal_aux_2: 1.6299 (1.6770)  loss_bbox_aux_2: 0.1098 (0.1437)  loss_giou_aux_2: 0.1085 (0.1670)  loss_fgl_aux_2: 0.7863 (0.8894)  loss_ddf_aux_2: 0.0027 (0.0034)  loss_mal_pre: 2.6543 (2.6931)  loss_bbox_pre: 0.1752 (0.2182)  loss_giou_pre: 0.2031 (0.2588)  loss_mal_enc_0: 2.4551 (2.5100)  loss_bbox_enc_0: 0.6698 (0.7810)  loss_giou_enc_0: 0.8358 (0.8289)  loss_mal_dn_0: 2.1836 (2.2463)  loss_bbox_dn_0: 0.5351 (0.5505)  loss_giou_dn_0: 0.4091 (0.4803)  loss_fgl_dn_0: 1.2091 (1.2028)  loss_ddf_dn_0: 0.8776 (0.9829)  loss_mal_dn_1: 1.3896 (1.3855)  loss_bbox_dn_1: 0.2392 (0.2854)  loss_giou_dn_1: 0.2026 (0.2752)  loss_fgl_dn_1: 0.9076 (0.9741)  loss_ddf_dn_1: 0.1214 (0.1356)  loss_mal_dn_2: 1.3779 (1.3584)  loss_bbox_dn_2: 0.1420 (0.2268)  loss_giou_dn_2: 0.1458 (0.2341)  loss_fgl_dn_2: 0.8548 (0.9112)  loss_ddf_dn_2: 0.0064 (0.0080)  loss_mal_dn_3: 1.5049 (1.4991)  loss_bbox_dn_3: 0.1341 (0.2209)  loss_giou_dn_3: 0.1401 (0.2296)  loss_fgl_dn_3: 0.8505 (0.9116)  loss_mal_dn_pre: 2.2695 (2.3464)  loss_bbox_dn_pre: 0.5362 (0.5641)  loss_giou_dn_pre: 0.4091 (0.4840)
Test:  [0/4]  eta: 0:00:01    time: 0.3914  data: 0.3497  max mem: 3583
Test:  [3/4]  eta: 0:00:00    time: 0.1226  data: 0.0894  max mem: 3583
Test: Total time: 0:00:00 (0.1401 s / it)
Averaged stats: 
Accumulating evaluation results...
COCOeval_opt.accumulate() finished...
DONE (t=0.00s).
IoU metric: bbox
 Average Precision  (AP) @[ IoU=0.50:0.95 | area=   all | maxDets=100 ] = 0.467
 Average Precision  (AP) @[ IoU=0.50      | area=   all | maxDets=100 ] = 0.537
 Average Precision  (AP) @[ IoU=0.75      | area=   all | maxDets=100 ] = 0.523
 Average Precision  (AP) @[ IoU=0.50:0.95 | area= small | maxDets=100 ] = -1.000
 Average Precision  (AP) @[ IoU=0.50:0.95 | area=medium | maxDets=100 ] = -1.000
 Average Precision  (AP) @[ IoU=0.50:0.95 | area= large | maxDets=100 ] = 0.467
 Average Recall     (AR) @[ IoU=0.50:0.95 | area=   all | maxDets=  1 ] = 0.790
 Average Recall     (AR) @[ IoU=0.50:0.95 | area=   all | maxDets= 10 ] = 0.887
 Average Recall     (AR) @[ IoU=0.50:0.95 | area=   all | maxDets=100 ] = 0.907
 Average Recall     (AR) @[ IoU=0.50:0.95 | area= small | maxDets=100 ] = -1.000
 Average Recall     (AR) @[ IoU=0.50:0.95 | area=medium | maxDets=100 ] = -1.000
 Average Recall     (AR) @[ IoU=0.50:0.95 | area= large | maxDets=100 ] = 0.907
 Average Recall     (AR) @[ IoU=0.50      | area=   all | maxDets=100 ] = 1.000
 Average Recall     (AR) @[ IoU=0.75      | area=   all | maxDets=100 ] = 0.967
best_stat: {'epoch': 82, 'coco_eval_bbox': 0.5043830755505059}
Epoch: [84]  [0/8]  eta: 0:00:06  lr: 0.000003  loss: 37.1147 (37.1147)  loss_mal: 1.6924 (1.6924)  loss_bbox: 0.1169 (0.1169)  loss_giou: 0.1185 (0.1185)  loss_fgl: 0.8674 (0.8674)  loss_mal_aux_0: 2.5684 (2.5684)  loss_bbox_aux_0: 0.1317 (0.1317)  loss_giou_aux_0: 0.1551 (0.1551)  loss_fgl_aux_0: 0.9483 (0.9483)  loss_ddf_aux_0: 0.3464 (0.3464)  loss_mal_aux_1: 1.9453 (1.9453)  loss_bbox_aux_1: 0.1233 (0.1233)  loss_giou_aux_1: 0.1254 (0.1254)  loss_fgl_aux_1: 0.8697 (0.8697)  loss_ddf_aux_1: 0.0362 (0.0362)  loss_mal_aux_2: 1.4639 (1.4639)  loss_bbox_aux_2: 0.1182 (0.1182)  loss_giou_aux_2: 0.1187 (0.1187)  loss_fgl_aux_2: 0.8696 (0.8696)  loss_ddf_aux_2: 0.0034 (0.0034)  loss_mal_pre: 2.6934 (2.6934)  loss_bbox_pre: 0.1417 (0.1417)  loss_giou_pre: 0.1624 (0.1624)  loss_mal_enc_0: 2.4902 (2.4902)  loss_bbox_enc_0: 0.8239 (0.8239)  loss_giou_enc_0: 0.7565 (0.7565)  loss_mal_dn_0: 2.1426 (2.1426)  loss_bbox_dn_0: 0.6229 (0.6229)  loss_giou_dn_0: 0.4973 (0.4973)  loss_fgl_dn_0: 1.2230 (1.2230)  loss_ddf_dn_0: 1.0925 (1.0925)  loss_mal_dn_1: 1.4199 (1.4199)  loss_bbox_dn_1: 0.2368 (0.2368)  loss_giou_dn_1: 0.2144 (0.2144)  loss_fgl_dn_1: 0.9993 (0.9993)  loss_ddf_dn_1: 0.1660 (0.1660)  loss_mal_dn_2: 1.3818 (1.3818)  loss_bbox_dn_2: 0.1723 (0.1723)  loss_giou_dn_2: 0.1675 (0.1675)  loss_fgl_dn_2: 0.9399 (0.9399)  loss_ddf_dn_2: 0.0091 (0.0091)  loss_mal_dn_3: 1.5098 (1.5098)  loss_bbox_dn_3: 0.1614 (0.1614)  loss_giou_dn_3: 0.1620 (0.1620)  loss_fgl_dn_3: 0.9346 (0.9346)  loss_mal_dn_pre: 2.2129 (2.2129)  loss_bbox_dn_pre: 0.6498 (0.6498)  loss_giou_dn_pre: 0.5124 (0.5124)  time: 0.8103  data: 0.6240  max mem: 3583
Epoch: [84]  [7/8]  eta: 0:00:00  lr: 0.000003  loss: 37.1147 (38.1639)  loss_mal: 1.7002 (1.7614)  loss_bbox: 0.1169 (0.1492)  loss_giou: 0.1238 (0.1794)  loss_fgl: 0.8674 (0.9247)  loss_mal_aux_0: 2.5098 (2.4910)  loss_bbox_aux_0: 0.1796 (0.2181)  loss_giou_aux_0: 0.1866 (0.2525)  loss_fgl_aux_0: 1.0103 (1.0969)  loss_ddf_aux_0: 0.4392 (0.4797)  loss_mal_aux_1: 1.9453 (1.9823)  loss_bbox_aux_1: 0.1233 (0.1517)  loss_giou_aux_1: 0.1273 (0.1908)  loss_fgl_aux_1: 0.8697 (0.9613)  loss_ddf_aux_1: 0.0545 (0.0604)  loss_mal_aux_2: 1.6299 (1.6782)  loss_bbox_aux_2: 0.1182 (0.1479)  loss_giou_aux_2: 0.1230 (0.1789)  loss_fgl_aux_2: 0.8696 (0.9244)  loss_ddf_aux_2: 0.0029 (0.0030)  loss_mal_pre: 2.6074 (2.5752)  loss_bbox_pre: 0.1733 (0.2232)  loss_giou_pre: 0.1944 (0.2552)  loss_mal_enc_0: 2.4648 (2.5310)  loss_bbox_enc_0: 0.6020 (0.7502)  loss_giou_enc_0: 0.7565 (0.8134)  loss_mal_dn_0: 2.1406 (2.1924)  loss_bbox_dn_0: 0.3974 (0.4630)  loss_giou_dn_0: 0.4908 (0.4662)  loss_fgl_dn_0: 1.2230 (1.2538)  loss_ddf_dn_0: 1.0925 (1.1300)  loss_mal_dn_1: 1.3174 (1.3328)  loss_bbox_dn_1: 0.1708 (0.2319)  loss_giou_dn_1: 0.2158 (0.2567)  loss_fgl_dn_1: 0.9993 (0.9964)  loss_ddf_dn_1: 0.1551 (0.1505)  loss_mal_dn_2: 1.2773 (1.2996)  loss_bbox_dn_2: 0.1345 (0.1935)  loss_giou_dn_2: 0.1725 (0.2219)  loss_fgl_dn_2: 0.9399 (0.9381)  loss_ddf_dn_2: 0.0071 (0.0083)  loss_mal_dn_3: 1.4473 (1.4534)  loss_bbox_dn_3: 0.1304 (0.1917)  loss_giou_dn_3: 0.1699 (0.2209)  loss_fgl_dn_3: 0.9346 (0.9394)  loss_mal_dn_pre: 2.2129 (2.2998)  loss_bbox_dn_pre: 0.4121 (0.4743)  loss_giou_dn_pre: 0.4969 (0.4696)  time: 0.2429  data: 0.0938  max mem: 3583
Epoch: [84] Total time: 0:00:02 (0.2525 s / it)
Averaged stats: lr: 0.000003  loss: 37.1147 (38.1639)  loss_mal: 1.7002 (1.7614)  loss_bbox: 0.1169 (0.1492)  loss_giou: 0.1238 (0.1794)  loss_fgl: 0.8674 (0.9247)  loss_mal_aux_0: 2.5098 (2.4910)  loss_bbox_aux_0: 0.1796 (0.2181)  loss_giou_aux_0: 0.1866 (0.2525)  loss_fgl_aux_0: 1.0103 (1.0969)  loss_ddf_aux_0: 0.4392 (0.4797)  loss_mal_aux_1: 1.9453 (1.9823)  loss_bbox_aux_1: 0.1233 (0.1517)  loss_giou_aux_1: 0.1273 (0.1908)  loss_fgl_aux_1: 0.8697 (0.9613)  loss_ddf_aux_1: 0.0545 (0.0604)  loss_mal_aux_2: 1.6299 (1.6782)  loss_bbox_aux_2: 0.1182 (0.1479)  loss_giou_aux_2: 0.1230 (0.1789)  loss_fgl_aux_2: 0.8696 (0.9244)  loss_ddf_aux_2: 0.0029 (0.0030)  loss_mal_pre: 2.6074 (2.5752)  loss_bbox_pre: 0.1733 (0.2232)  loss_giou_pre: 0.1944 (0.2552)  loss_mal_enc_0: 2.4648 (2.5310)  loss_bbox_enc_0: 0.6020 (0.7502)  loss_giou_enc_0: 0.7565 (0.8134)  loss_mal_dn_0: 2.1406 (2.1924)  loss_bbox_dn_0: 0.3974 (0.4630)  loss_giou_dn_0: 0.4908 (0.4662)  loss_fgl_dn_0: 1.2230 (1.2538)  loss_ddf_dn_0: 1.0925 (1.1300)  loss_mal_dn_1: 1.3174 (1.3328)  loss_bbox_dn_1: 0.1708 (0.2319)  loss_giou_dn_1: 0.2158 (0.2567)  loss_fgl_dn_1: 0.9993 (0.9964)  loss_ddf_dn_1: 0.1551 (0.1505)  loss_mal_dn_2: 1.2773 (1.2996)  loss_bbox_dn_2: 0.1345 (0.1935)  loss_giou_dn_2: 0.1725 (0.2219)  loss_fgl_dn_2: 0.9399 (0.9381)  loss_ddf_dn_2: 0.0071 (0.0083)  loss_mal_dn_3: 1.4473 (1.4534)  loss_bbox_dn_3: 0.1304 (0.1917)  loss_giou_dn_3: 0.1699 (0.2209)  loss_fgl_dn_3: 0.9346 (0.9394)  loss_mal_dn_pre: 2.2129 (2.2998)  loss_bbox_dn_pre: 0.4121 (0.4743)  loss_giou_dn_pre: 0.4969 (0.4696)
Test:  [0/4]  eta: 0:00:01    time: 0.3900  data: 0.3373  max mem: 3583
Test:  [3/4]  eta: 0:00:00    time: 0.1248  data: 0.0866  max mem: 3583
Test: Total time: 0:00:00 (0.1445 s / it)
Averaged stats: 
Accumulating evaluation results...
COCOeval_opt.accumulate() finished...
DONE (t=0.00s).
IoU metric: bbox
 Average Precision  (AP) @[ IoU=0.50:0.95 | area=   all | maxDets=100 ] = 0.488
 Average Precision  (AP) @[ IoU=0.50      | area=   all | maxDets=100 ] = 0.573
 Average Precision  (AP) @[ IoU=0.75      | area=   all | maxDets=100 ] = 0.558
 Average Precision  (AP) @[ IoU=0.50:0.95 | area= small | maxDets=100 ] = -1.000
 Average Precision  (AP) @[ IoU=0.50:0.95 | area=medium | maxDets=100 ] = -1.000
 Average Precision  (AP) @[ IoU=0.50:0.95 | area= large | maxDets=100 ] = 0.488
 Average Recall     (AR) @[ IoU=0.50:0.95 | area=   all | maxDets=  1 ] = 0.797
 Average Recall     (AR) @[ IoU=0.50:0.95 | area=   all | maxDets= 10 ] = 0.883
 Average Recall     (AR) @[ IoU=0.50:0.95 | area=   all | maxDets=100 ] = 0.917
 Average Recall     (AR) @[ IoU=0.50:0.95 | area= small | maxDets=100 ] = -1.000
 Average Recall     (AR) @[ IoU=0.50:0.95 | area=medium | maxDets=100 ] = -1.000
 Average Recall     (AR) @[ IoU=0.50:0.95 | area= large | maxDets=100 ] = 0.917
 Average Recall     (AR) @[ IoU=0.50      | area=   all | maxDets=100 ] = 1.000
 Average Recall     (AR) @[ IoU=0.75      | area=   all | maxDets=100 ] = 0.967
best_stat: {'epoch': 82, 'coco_eval_bbox': 0.5043830755505059}
Epoch: [85]  [0/8]  eta: 0:00:10  lr: 0.000003  loss: 35.2661 (35.2661)  loss_mal: 1.6514 (1.6514)  loss_bbox: 0.0534 (0.0534)  loss_giou: 0.1549 (0.1549)  loss_fgl: 0.9191 (0.9191)  loss_mal_aux_0: 2.3125 (2.3125)  loss_bbox_aux_0: 0.0970 (0.0970)  loss_giou_aux_0: 0.2679 (0.2679)  loss_fgl_aux_0: 1.1361 (1.1361)  loss_ddf_aux_0: 0.6684 (0.6684)  loss_mal_aux_1: 1.7314 (1.7314)  loss_bbox_aux_1: 0.0573 (0.0573)  loss_giou_aux_1: 0.1602 (0.1602)  loss_fgl_aux_1: 0.9206 (0.9206)  loss_ddf_aux_1: 0.0717 (0.0717)  loss_mal_aux_2: 1.5176 (1.5176)  loss_bbox_aux_2: 0.0539 (0.0539)  loss_giou_aux_2: 0.1562 (0.1562)  loss_fgl_aux_2: 0.9180 (0.9180)  loss_ddf_aux_2: 0.0036 (0.0036)  loss_mal_pre: 2.4512 (2.4512)  loss_bbox_pre: 0.0935 (0.0935)  loss_giou_pre: 0.2578 (0.2578)  loss_mal_enc_0: 2.0820 (2.0820)  loss_bbox_enc_0: 0.4734 (0.4734)  loss_giou_enc_0: 0.9444 (0.9444)  loss_mal_dn_0: 2.2812 (2.2812)  loss_bbox_dn_0: 0.1517 (0.1517)  loss_giou_dn_0: 0.3935 (0.3935)  loss_fgl_dn_0: 1.3092 (1.3092)  loss_ddf_dn_0: 1.3056 (1.3056)  loss_mal_dn_1: 1.2852 (1.2852)  loss_bbox_dn_1: 0.0740 (0.0740)  loss_giou_dn_1: 0.2025 (0.2025)  loss_fgl_dn_1: 0.9577 (0.9577)  loss_ddf_dn_1: 0.1379 (0.1379)  loss_mal_dn_2: 1.2627 (1.2627)  loss_bbox_dn_2: 0.0642 (0.0642)  loss_giou_dn_2: 0.1832 (0.1832)  loss_fgl_dn_2: 0.9052 (0.9052)  loss_ddf_dn_2: 0.0085 (0.0085)  loss_mal_dn_3: 1.4629 (1.4629)  loss_bbox_dn_3: 0.0640 (0.0640)  loss_giou_dn_3: 0.1840 (0.1840)  loss_fgl_dn_3: 0.9081 (0.9081)  loss_mal_dn_pre: 2.4336 (2.4336)  loss_bbox_dn_pre: 0.1506 (0.1506)  loss_giou_dn_pre: 0.3871 (0.3871)  time: 1.2574  data: 1.0546  max mem: 3583
Epoch: [85]  [7/8]  eta: 0:00:00  lr: 0.000003  loss: 38.9856 (40.1095)  loss_mal: 1.7686 (1.7767)  loss_bbox: 0.1369 (0.2319)  loss_giou: 0.1884 (0.2068)  loss_fgl: 0.9191 (0.9682)  loss_mal_aux_0: 2.4141 (2.4026)  loss_bbox_aux_0: 0.2133 (0.3350)  loss_giou_aux_0: 0.3014 (0.3130)  loss_fgl_aux_0: 1.1563 (1.1630)  loss_ddf_aux_0: 0.6648 (0.6573)  loss_mal_aux_1: 1.9951 (1.9082)  loss_bbox_aux_1: 0.1624 (0.2427)  loss_giou_aux_1: 0.2085 (0.2179)  loss_fgl_aux_1: 0.9429 (0.9955)  loss_ddf_aux_1: 0.0847 (0.0918)  loss_mal_aux_2: 1.7334 (1.6802)  loss_bbox_aux_2: 0.1737 (0.2330)  loss_giou_aux_2: 0.1944 (0.2072)  loss_fgl_aux_2: 0.9180 (0.9654)  loss_ddf_aux_2: 0.0036 (0.0048)  loss_mal_pre: 2.5059 (2.5247)  loss_bbox_pre: 0.2131 (0.3403)  loss_giou_pre: 0.2899 (0.3130)  loss_mal_enc_0: 2.2910 (2.3069)  loss_bbox_enc_0: 0.7589 (0.9231)  loss_giou_enc_0: 0.8462 (0.8857)  loss_mal_dn_0: 2.1270 (2.1423)  loss_bbox_dn_0: 0.4209 (0.5869)  loss_giou_dn_0: 0.4804 (0.5192)  loss_fgl_dn_0: 1.2318 (1.2418)  loss_ddf_dn_0: 1.1317 (1.2152)  loss_mal_dn_1: 1.2852 (1.2997)  loss_bbox_dn_1: 0.2759 (0.3992)  loss_giou_dn_1: 0.3127 (0.3282)  loss_fgl_dn_1: 0.9944 (1.0246)  loss_ddf_dn_1: 0.1718 (0.1731)  loss_mal_dn_2: 1.2617 (1.2515)  loss_bbox_dn_2: 0.2452 (0.3567)  loss_giou_dn_2: 0.2556 (0.2935)  loss_fgl_dn_2: 0.9181 (0.9780)  loss_ddf_dn_2: 0.0108 (0.0107)  loss_mal_dn_3: 1.4434 (1.3933)  loss_bbox_dn_3: 0.2380 (0.3572)  loss_giou_dn_3: 0.2510 (0.2934)  loss_fgl_dn_3: 0.9179 (0.9820)  loss_mal_dn_pre: 2.2402 (2.2573)  loss_bbox_dn_pre: 0.4345 (0.5915)  loss_giou_dn_pre: 0.4867 (0.5192)  time: 0.2958  data: 0.1329  max mem: 3583
Epoch: [85] Total time: 0:00:02 (0.3026 s / it)
Averaged stats: lr: 0.000003  loss: 38.9856 (40.1095)  loss_mal: 1.7686 (1.7767)  loss_bbox: 0.1369 (0.2319)  loss_giou: 0.1884 (0.2068)  loss_fgl: 0.9191 (0.9682)  loss_mal_aux_0: 2.4141 (2.4026)  loss_bbox_aux_0: 0.2133 (0.3350)  loss_giou_aux_0: 0.3014 (0.3130)  loss_fgl_aux_0: 1.1563 (1.1630)  loss_ddf_aux_0: 0.6648 (0.6573)  loss_mal_aux_1: 1.9951 (1.9082)  loss_bbox_aux_1: 0.1624 (0.2427)  loss_giou_aux_1: 0.2085 (0.2179)  loss_fgl_aux_1: 0.9429 (0.9955)  loss_ddf_aux_1: 0.0847 (0.0918)  loss_mal_aux_2: 1.7334 (1.6802)  loss_bbox_aux_2: 0.1737 (0.2330)  loss_giou_aux_2: 0.1944 (0.2072)  loss_fgl_aux_2: 0.9180 (0.9654)  loss_ddf_aux_2: 0.0036 (0.0048)  loss_mal_pre: 2.5059 (2.5247)  loss_bbox_pre: 0.2131 (0.3403)  loss_giou_pre: 0.2899 (0.3130)  loss_mal_enc_0: 2.2910 (2.3069)  loss_bbox_enc_0: 0.7589 (0.9231)  loss_giou_enc_0: 0.8462 (0.8857)  loss_mal_dn_0: 2.1270 (2.1423)  loss_bbox_dn_0: 0.4209 (0.5869)  loss_giou_dn_0: 0.4804 (0.5192)  loss_fgl_dn_0: 1.2318 (1.2418)  loss_ddf_dn_0: 1.1317 (1.2152)  loss_mal_dn_1: 1.2852 (1.2997)  loss_bbox_dn_1: 0.2759 (0.3992)  loss_giou_dn_1: 0.3127 (0.3282)  loss_fgl_dn_1: 0.9944 (1.0246)  loss_ddf_dn_1: 0.1718 (0.1731)  loss_mal_dn_2: 1.2617 (1.2515)  loss_bbox_dn_2: 0.2452 (0.3567)  loss_giou_dn_2: 0.2556 (0.2935)  loss_fgl_dn_2: 0.9181 (0.9780)  loss_ddf_dn_2: 0.0108 (0.0107)  loss_mal_dn_3: 1.4434 (1.3933)  loss_bbox_dn_3: 0.2380 (0.3572)  loss_giou_dn_3: 0.2510 (0.2934)  loss_fgl_dn_3: 0.9179 (0.9820)  loss_mal_dn_pre: 2.2402 (2.2573)  loss_bbox_dn_pre: 0.4345 (0.5915)  loss_giou_dn_pre: 0.4867 (0.5192)
Test:  [0/4]  eta: 0:00:01    time: 0.3971  data: 0.3536  max mem: 3583
Test:  [3/4]  eta: 0:00:00    time: 0.1298  data: 0.0909  max mem: 3583
Test: Total time: 0:00:00 (0.1491 s / it)
Averaged stats: 
Accumulating evaluation results...
COCOeval_opt.accumulate() finished...
DONE (t=0.00s).
IoU metric: bbox
 Average Precision  (AP) @[ IoU=0.50:0.95 | area=   all | maxDets=100 ] = 0.433
 Average Precision  (AP) @[ IoU=0.50      | area=   all | maxDets=100 ] = 0.509
 Average Precision  (AP) @[ IoU=0.75      | area=   all | maxDets=100 ] = 0.509
 Average Precision  (AP) @[ IoU=0.50:0.95 | area= small | maxDets=100 ] = -1.000
 Average Precision  (AP) @[ IoU=0.50:0.95 | area=medium | maxDets=100 ] = -1.000
 Average Precision  (AP) @[ IoU=0.50:0.95 | area= large | maxDets=100 ] = 0.433
 Average Recall     (AR) @[ IoU=0.50:0.95 | area=   all | maxDets=  1 ] = 0.793
 Average Recall     (AR) @[ IoU=0.50:0.95 | area=   all | maxDets= 10 ] = 0.887
 Average Recall     (AR) @[ IoU=0.50:0.95 | area=   all | maxDets=100 ] = 0.913
 Average Recall     (AR) @[ IoU=0.50:0.95 | area= small | maxDets=100 ] = -1.000
 Average Recall     (AR) @[ IoU=0.50:0.95 | area=medium | maxDets=100 ] = -1.000
 Average Recall     (AR) @[ IoU=0.50:0.95 | area= large | maxDets=100 ] = 0.913
 Average Recall     (AR) @[ IoU=0.50      | area=   all | maxDets=100 ] = 1.000
 Average Recall     (AR) @[ IoU=0.75      | area=   all | maxDets=100 ] = 1.000
best_stat: {'epoch': 82, 'coco_eval_bbox': 0.5043830755505059}
Epoch: [86]  [0/8]  eta: 0:00:07  lr: 0.000003  loss: 43.2166 (43.2166)  loss_mal: 1.8770 (1.8770)  loss_bbox: 0.2944 (0.2944)  loss_giou: 0.2947 (0.2947)  loss_fgl: 1.0586 (1.0586)  loss_mal_aux_0: 2.3477 (2.3477)  loss_bbox_aux_0: 0.4369 (0.4369)  loss_giou_aux_0: 0.4554 (0.4554)  loss_fgl_aux_0: 1.2721 (1.2721)  loss_ddf_aux_0: 0.7501 (0.7501)  loss_mal_aux_1: 1.8105 (1.8105)  loss_bbox_aux_1: 0.2970 (0.2970)  loss_giou_aux_1: 0.3024 (0.3024)  loss_fgl_aux_1: 1.1067 (1.1067)  loss_ddf_aux_1: 0.1116 (0.1116)  loss_mal_aux_2: 1.7812 (1.7812)  loss_bbox_aux_2: 0.2970 (0.2970)  loss_giou_aux_2: 0.2972 (0.2972)  loss_fgl_aux_2: 1.0561 (1.0561)  loss_ddf_aux_2: 0.0051 (0.0051)  loss_mal_pre: 2.4316 (2.4316)  loss_bbox_pre: 0.4845 (0.4845)  loss_giou_pre: 0.4630 (0.4630)  loss_mal_enc_0: 2.2168 (2.2168)  loss_bbox_enc_0: 1.1516 (1.1516)  loss_giou_enc_0: 1.0253 (1.0253)  loss_mal_dn_0: 1.8984 (1.8984)  loss_bbox_dn_0: 0.8614 (0.8614)  loss_giou_dn_0: 0.6885 (0.6885)  loss_fgl_dn_0: 1.2545 (1.2545)  loss_ddf_dn_0: 1.2997 (1.2997)  loss_mal_dn_1: 1.2979 (1.2979)  loss_bbox_dn_1: 0.5513 (0.5513)  loss_giou_dn_1: 0.4594 (0.4594)  loss_fgl_dn_1: 1.1005 (1.1005)  loss_ddf_dn_1: 0.1822 (0.1822)  loss_mal_dn_2: 1.1504 (1.1504)  loss_bbox_dn_2: 0.5203 (0.5203)  loss_giou_dn_2: 0.4392 (0.4392)  loss_fgl_dn_2: 1.0519 (1.0519)  loss_ddf_dn_2: 0.0098 (0.0098)  loss_mal_dn_3: 1.2754 (1.2754)  loss_bbox_dn_3: 0.5226 (0.5226)  loss_giou_dn_3: 0.4387 (0.4387)  loss_fgl_dn_3: 1.0578 (1.0578)  loss_mal_dn_pre: 1.9873 (1.9873)  loss_bbox_dn_pre: 0.8568 (0.8568)  loss_giou_dn_pre: 0.6878 (0.6878)  time: 0.9568  data: 0.8041  max mem: 3583
Epoch: [86]  [7/8]  eta: 0:00:00  lr: 0.000003  loss: 37.2034 (38.7585)  loss_mal: 1.6680 (1.6970)  loss_bbox: 0.1361 (0.2085)  loss_giou: 0.1563 (0.2075)  loss_fgl: 0.8646 (0.9445)  loss_mal_aux_0: 2.4902 (2.5073)  loss_bbox_aux_0: 0.1860 (0.2785)  loss_giou_aux_0: 0.2168 (0.2909)  loss_fgl_aux_0: 1.0796 (1.1223)  loss_ddf_aux_0: 0.3848 (0.4656)  loss_mal_aux_1: 1.8193 (1.9800)  loss_bbox_aux_1: 0.1364 (0.2152)  loss_giou_aux_1: 0.1607 (0.2166)  loss_fgl_aux_1: 0.8953 (0.9789)  loss_ddf_aux_1: 0.0490 (0.0641)  loss_mal_aux_2: 1.6650 (1.6963)  loss_bbox_aux_2: 0.1362 (0.2095)  loss_giou_aux_2: 0.1542 (0.2082)  loss_fgl_aux_2: 0.8630 (0.9451)  loss_ddf_aux_2: 0.0029 (0.0034)  loss_mal_pre: 2.5449 (2.5320)  loss_bbox_pre: 0.1905 (0.2881)  loss_giou_pre: 0.2137 (0.2905)  loss_mal_enc_0: 2.4980 (2.5068)  loss_bbox_enc_0: 0.8329 (0.8052)  loss_giou_enc_0: 0.7785 (0.8143)  loss_mal_dn_0: 2.0742 (2.0769)  loss_bbox_dn_0: 0.4242 (0.5805)  loss_giou_dn_0: 0.4203 (0.4855)  loss_fgl_dn_0: 1.2168 (1.2217)  loss_ddf_dn_0: 1.0218 (1.0734)  loss_mal_dn_1: 1.2695 (1.2603)  loss_bbox_dn_1: 0.1639 (0.3141)  loss_giou_dn_1: 0.2339 (0.2770)  loss_fgl_dn_1: 1.0027 (1.0086)  loss_ddf_dn_1: 0.1277 (0.1479)  loss_mal_dn_2: 1.1904 (1.2180)  loss_bbox_dn_2: 0.1504 (0.2779)  loss_giou_dn_2: 0.1907 (0.2488)  loss_fgl_dn_2: 0.9581 (0.9615)  loss_ddf_dn_2: 0.0065 (0.0088)  loss_mal_dn_3: 1.3555 (1.3666)  loss_bbox_dn_3: 0.1439 (0.2740)  loss_giou_dn_3: 0.1824 (0.2458)  loss_fgl_dn_3: 0.9574 (0.9601)  loss_mal_dn_pre: 2.1992 (2.1918)  loss_bbox_dn_pre: 0.4390 (0.5944)  loss_giou_dn_pre: 0.4270 (0.4889)  time: 0.2698  data: 0.1222  max mem: 3583
Epoch: [86] Total time: 0:00:02 (0.2802 s / it)
Averaged stats: lr: 0.000003  loss: 37.2034 (38.7585)  loss_mal: 1.6680 (1.6970)  loss_bbox: 0.1361 (0.2085)  loss_giou: 0.1563 (0.2075)  loss_fgl: 0.8646 (0.9445)  loss_mal_aux_0: 2.4902 (2.5073)  loss_bbox_aux_0: 0.1860 (0.2785)  loss_giou_aux_0: 0.2168 (0.2909)  loss_fgl_aux_0: 1.0796 (1.1223)  loss_ddf_aux_0: 0.3848 (0.4656)  loss_mal_aux_1: 1.8193 (1.9800)  loss_bbox_aux_1: 0.1364 (0.2152)  loss_giou_aux_1: 0.1607 (0.2166)  loss_fgl_aux_1: 0.8953 (0.9789)  loss_ddf_aux_1: 0.0490 (0.0641)  loss_mal_aux_2: 1.6650 (1.6963)  loss_bbox_aux_2: 0.1362 (0.2095)  loss_giou_aux_2: 0.1542 (0.2082)  loss_fgl_aux_2: 0.8630 (0.9451)  loss_ddf_aux_2: 0.0029 (0.0034)  loss_mal_pre: 2.5449 (2.5320)  loss_bbox_pre: 0.1905 (0.2881)  loss_giou_pre: 0.2137 (0.2905)  loss_mal_enc_0: 2.4980 (2.5068)  loss_bbox_enc_0: 0.8329 (0.8052)  loss_giou_enc_0: 0.7785 (0.8143)  loss_mal_dn_0: 2.0742 (2.0769)  loss_bbox_dn_0: 0.4242 (0.5805)  loss_giou_dn_0: 0.4203 (0.4855)  loss_fgl_dn_0: 1.2168 (1.2217)  loss_ddf_dn_0: 1.0218 (1.0734)  loss_mal_dn_1: 1.2695 (1.2603)  loss_bbox_dn_1: 0.1639 (0.3141)  loss_giou_dn_1: 0.2339 (0.2770)  loss_fgl_dn_1: 1.0027 (1.0086)  loss_ddf_dn_1: 0.1277 (0.1479)  loss_mal_dn_2: 1.1904 (1.2180)  loss_bbox_dn_2: 0.1504 (0.2779)  loss_giou_dn_2: 0.1907 (0.2488)  loss_fgl_dn_2: 0.9581 (0.9615)  loss_ddf_dn_2: 0.0065 (0.0088)  loss_mal_dn_3: 1.3555 (1.3666)  loss_bbox_dn_3: 0.1439 (0.2740)  loss_giou_dn_3: 0.1824 (0.2458)  loss_fgl_dn_3: 0.9574 (0.9601)  loss_mal_dn_pre: 2.1992 (2.1918)  loss_bbox_dn_pre: 0.4390 (0.5944)  loss_giou_dn_pre: 0.4270 (0.4889)
Test:  [0/4]  eta: 0:00:01    time: 0.3920  data: 0.3510  max mem: 3583
Test:  [3/4]  eta: 0:00:00    time: 0.1249  data: 0.0900  max mem: 3583
Test: Total time: 0:00:00 (0.1413 s / it)
Averaged stats: 
Accumulating evaluation results...
COCOeval_opt.accumulate() finished...
DONE (t=0.00s).
IoU metric: bbox
 Average Precision  (AP) @[ IoU=0.50:0.95 | area=   all | maxDets=100 ] = 0.489
 Average Precision  (AP) @[ IoU=0.50      | area=   all | maxDets=100 ] = 0.590
 Average Precision  (AP) @[ IoU=0.75      | area=   all | maxDets=100 ] = 0.565
 Average Precision  (AP) @[ IoU=0.50:0.95 | area= small | maxDets=100 ] = -1.000
 Average Precision  (AP) @[ IoU=0.50:0.95 | area=medium | maxDets=100 ] = -1.000
 Average Precision  (AP) @[ IoU=0.50:0.95 | area= large | maxDets=100 ] = 0.489
 Average Recall     (AR) @[ IoU=0.50:0.95 | area=   all | maxDets=  1 ] = 0.753
 Average Recall     (AR) @[ IoU=0.50:0.95 | area=   all | maxDets= 10 ] = 0.883
 Average Recall     (AR) @[ IoU=0.50:0.95 | area=   all | maxDets=100 ] = 0.917
 Average Recall     (AR) @[ IoU=0.50:0.95 | area= small | maxDets=100 ] = -1.000
 Average Recall     (AR) @[ IoU=0.50:0.95 | area=medium | maxDets=100 ] = -1.000
 Average Recall     (AR) @[ IoU=0.50:0.95 | area= large | maxDets=100 ] = 0.917
 Average Recall     (AR) @[ IoU=0.50      | area=   all | maxDets=100 ] = 1.000
 Average Recall     (AR) @[ IoU=0.75      | area=   all | maxDets=100 ] = 0.967
best_stat: {'epoch': 82, 'coco_eval_bbox': 0.5043830755505059}
Epoch: [87]  [0/8]  eta: 0:00:08  lr: 0.000003  loss: 39.6288 (39.6288)  loss_mal: 1.7021 (1.7021)  loss_bbox: 0.2218 (0.2218)  loss_giou: 0.2486 (0.2486)  loss_fgl: 1.0461 (1.0461)  loss_mal_aux_0: 2.4121 (2.4121)  loss_bbox_aux_0: 0.3317 (0.3317)  loss_giou_aux_0: 0.3252 (0.3252)  loss_fgl_aux_0: 1.1619 (1.1619)  loss_ddf_aux_0: 0.5466 (0.5466)  loss_mal_aux_1: 1.8223 (1.8223)  loss_bbox_aux_1: 0.2286 (0.2286)  loss_giou_aux_1: 0.2645 (0.2645)  loss_fgl_aux_1: 1.0684 (1.0684)  loss_ddf_aux_1: 0.0742 (0.0742)  loss_mal_aux_2: 1.6113 (1.6113)  loss_bbox_aux_2: 0.2259 (0.2259)  loss_giou_aux_2: 0.2494 (0.2494)  loss_fgl_aux_2: 1.0458 (1.0458)  loss_ddf_aux_2: 0.0033 (0.0033)  loss_mal_pre: 2.5332 (2.5332)  loss_bbox_pre: 0.3423 (0.3423)  loss_giou_pre: 0.3294 (0.3294)  loss_mal_enc_0: 2.5098 (2.5098)  loss_bbox_enc_0: 0.9942 (0.9942)  loss_giou_enc_0: 0.8845 (0.8845)  loss_mal_dn_0: 1.9932 (1.9932)  loss_bbox_dn_0: 0.4984 (0.4984)  loss_giou_dn_0: 0.5072 (0.5072)  loss_fgl_dn_0: 1.2317 (1.2317)  loss_ddf_dn_0: 1.2708 (1.2708)  loss_mal_dn_1: 1.2129 (1.2129)  loss_bbox_dn_1: 0.3591 (0.3591)  loss_giou_dn_1: 0.3308 (0.3308)  loss_fgl_dn_1: 1.0300 (1.0300)  loss_ddf_dn_1: 0.1988 (0.1988)  loss_mal_dn_2: 1.1846 (1.1846)  loss_bbox_dn_2: 0.3136 (0.3136)  loss_giou_dn_2: 0.3020 (0.3020)  loss_fgl_dn_2: 0.9782 (0.9782)  loss_ddf_dn_2: 0.0087 (0.0087)  loss_mal_dn_3: 1.3037 (1.3037)  loss_bbox_dn_3: 0.3133 (0.3133)  loss_giou_dn_3: 0.3000 (0.3000)  loss_fgl_dn_3: 0.9805 (0.9805)  loss_mal_dn_pre: 2.1035 (2.1035)  loss_bbox_dn_pre: 0.5132 (0.5132)  loss_giou_dn_pre: 0.5117 (0.5117)  time: 1.0322  data: 0.8411  max mem: 3583
Epoch: [87]  [7/8]  eta: 0:00:00  lr: 0.000003  loss: 37.9133 (39.1358)  loss_mal: 1.6406 (1.6661)  loss_bbox: 0.1686 (0.2469)  loss_giou: 0.2172 (0.2382)  loss_fgl: 1.0306 (1.0309)  loss_mal_aux_0: 2.3203 (2.3923)  loss_bbox_aux_0: 0.2376 (0.3177)  loss_giou_aux_0: 0.3208 (0.3155)  loss_fgl_aux_0: 1.1849 (1.1678)  loss_ddf_aux_0: 0.4269 (0.4508)  loss_mal_aux_1: 1.7637 (1.8668)  loss_bbox_aux_1: 0.1831 (0.2532)  loss_giou_aux_1: 0.2233 (0.2459)  loss_fgl_aux_1: 1.0520 (1.0500)  loss_ddf_aux_1: 0.0677 (0.0633)  loss_mal_aux_2: 1.5996 (1.6121)  loss_bbox_aux_2: 0.1784 (0.2501)  loss_giou_aux_2: 0.2182 (0.2391)  loss_fgl_aux_2: 1.0204 (1.0227)  loss_ddf_aux_2: 0.0033 (0.0035)  loss_mal_pre: 2.3457 (2.4519)  loss_bbox_pre: 0.2300 (0.3340)  loss_giou_pre: 0.3210 (0.3235)  loss_mal_enc_0: 2.2930 (2.3405)  loss_bbox_enc_0: 0.7368 (0.8714)  loss_giou_enc_0: 0.8779 (0.8628)  loss_mal_dn_0: 1.9932 (1.9950)  loss_bbox_dn_0: 0.4969 (0.5559)  loss_giou_dn_0: 0.4142 (0.4982)  loss_fgl_dn_0: 1.2317 (1.2287)  loss_ddf_dn_0: 1.1368 (1.1064)  loss_mal_dn_1: 1.2129 (1.2285)  loss_bbox_dn_1: 0.2465 (0.3958)  loss_giou_dn_1: 0.2382 (0.3229)  loss_fgl_dn_1: 1.0300 (1.0388)  loss_ddf_dn_1: 0.1661 (0.1585)  loss_mal_dn_2: 1.1846 (1.2004)  loss_bbox_dn_2: 0.2143 (0.3576)  loss_giou_dn_2: 0.2087 (0.2901)  loss_fgl_dn_2: 0.9763 (0.9938)  loss_ddf_dn_2: 0.0087 (0.0087)  loss_mal_dn_3: 1.3037 (1.3225)  loss_bbox_dn_3: 0.2095 (0.3547)  loss_giou_dn_3: 0.2110 (0.2872)  loss_fgl_dn_3: 0.9805 (0.9973)  loss_mal_dn_pre: 2.1035 (2.1121)  loss_bbox_dn_pre: 0.4971 (0.5637)  loss_giou_dn_pre: 0.4204 (0.5020)  time: 0.2572  data: 0.1091  max mem: 3583
Epoch: [87] Total time: 0:00:02 (0.2661 s / it)
Averaged stats: lr: 0.000003  loss: 37.9133 (39.1358)  loss_mal: 1.6406 (1.6661)  loss_bbox: 0.1686 (0.2469)  loss_giou: 0.2172 (0.2382)  loss_fgl: 1.0306 (1.0309)  loss_mal_aux_0: 2.3203 (2.3923)  loss_bbox_aux_0: 0.2376 (0.3177)  loss_giou_aux_0: 0.3208 (0.3155)  loss_fgl_aux_0: 1.1849 (1.1678)  loss_ddf_aux_0: 0.4269 (0.4508)  loss_mal_aux_1: 1.7637 (1.8668)  loss_bbox_aux_1: 0.1831 (0.2532)  loss_giou_aux_1: 0.2233 (0.2459)  loss_fgl_aux_1: 1.0520 (1.0500)  loss_ddf_aux_1: 0.0677 (0.0633)  loss_mal_aux_2: 1.5996 (1.6121)  loss_bbox_aux_2: 0.1784 (0.2501)  loss_giou_aux_2: 0.2182 (0.2391)  loss_fgl_aux_2: 1.0204 (1.0227)  loss_ddf_aux_2: 0.0033 (0.0035)  loss_mal_pre: 2.3457 (2.4519)  loss_bbox_pre: 0.2300 (0.3340)  loss_giou_pre: 0.3210 (0.3235)  loss_mal_enc_0: 2.2930 (2.3405)  loss_bbox_enc_0: 0.7368 (0.8714)  loss_giou_enc_0: 0.8779 (0.8628)  loss_mal_dn_0: 1.9932 (1.9950)  loss_bbox_dn_0: 0.4969 (0.5559)  loss_giou_dn_0: 0.4142 (0.4982)  loss_fgl_dn_0: 1.2317 (1.2287)  loss_ddf_dn_0: 1.1368 (1.1064)  loss_mal_dn_1: 1.2129 (1.2285)  loss_bbox_dn_1: 0.2465 (0.3958)  loss_giou_dn_1: 0.2382 (0.3229)  loss_fgl_dn_1: 1.0300 (1.0388)  loss_ddf_dn_1: 0.1661 (0.1585)  loss_mal_dn_2: 1.1846 (1.2004)  loss_bbox_dn_2: 0.2143 (0.3576)  loss_giou_dn_2: 0.2087 (0.2901)  loss_fgl_dn_2: 0.9763 (0.9938)  loss_ddf_dn_2: 0.0087 (0.0087)  loss_mal_dn_3: 1.3037 (1.3225)  loss_bbox_dn_3: 0.2095 (0.3547)  loss_giou_dn_3: 0.2110 (0.2872)  loss_fgl_dn_3: 0.9805 (0.9973)  loss_mal_dn_pre: 2.1035 (2.1121)  loss_bbox_dn_pre: 0.4971 (0.5637)  loss_giou_dn_pre: 0.4204 (0.5020)
Test:  [0/4]  eta: 0:00:01    time: 0.4334  data: 0.3873  max mem: 3583
Test:  [3/4]  eta: 0:00:00    time: 0.1397  data: 0.0989  max mem: 3583
Test: Total time: 0:00:00 (0.1607 s / it)
Averaged stats: 
Accumulating evaluation results...
COCOeval_opt.accumulate() finished...
DONE (t=0.00s).
IoU metric: bbox
 Average Precision  (AP) @[ IoU=0.50:0.95 | area=   all | maxDets=100 ] = 0.633
 Average Precision  (AP) @[ IoU=0.50      | area=   all | maxDets=100 ] = 0.741
 Average Precision  (AP) @[ IoU=0.75      | area=   all | maxDets=100 ] = 0.714
 Average Precision  (AP) @[ IoU=0.50:0.95 | area= small | maxDets=100 ] = -1.000
 Average Precision  (AP) @[ IoU=0.50:0.95 | area=medium | maxDets=100 ] = -1.000
 Average Precision  (AP) @[ IoU=0.50:0.95 | area= large | maxDets=100 ] = 0.633
 Average Recall     (AR) @[ IoU=0.50:0.95 | area=   all | maxDets=  1 ] = 0.803
 Average Recall     (AR) @[ IoU=0.50:0.95 | area=   all | maxDets= 10 ] = 0.893
 Average Recall     (AR) @[ IoU=0.50:0.95 | area=   all | maxDets=100 ] = 0.913
 Average Recall     (AR) @[ IoU=0.50:0.95 | area= small | maxDets=100 ] = -1.000
 Average Recall     (AR) @[ IoU=0.50:0.95 | area=medium | maxDets=100 ] = -1.000
 Average Recall     (AR) @[ IoU=0.50:0.95 | area= large | maxDets=100 ] = 0.913
 Average Recall     (AR) @[ IoU=0.50      | area=   all | maxDets=100 ] = 1.000
 Average Recall     (AR) @[ IoU=0.75      | area=   all | maxDets=100 ] = 1.000
best_stat: {'epoch': 87, 'coco_eval_bbox': 0.6328455546123285}
Epoch: [88]  [0/8]  eta: 0:00:09  lr: 0.000003  loss: 37.6428 (37.6428)  loss_mal: 1.6592 (1.6592)  loss_bbox: 0.1627 (0.1627)  loss_giou: 0.1793 (0.1793)  loss_fgl: 0.9699 (0.9699)  loss_mal_aux_0: 2.4512 (2.4512)  loss_bbox_aux_0: 0.2752 (0.2752)  loss_giou_aux_0: 0.2331 (0.2331)  loss_fgl_aux_0: 1.1569 (1.1569)  loss_ddf_aux_0: 0.3527 (0.3527)  loss_mal_aux_1: 1.6162 (1.6162)  loss_bbox_aux_1: 0.1914 (0.1914)  loss_giou_aux_1: 0.1926 (0.1926)  loss_fgl_aux_1: 1.0188 (1.0188)  loss_ddf_aux_1: 0.0615 (0.0615)  loss_mal_aux_2: 1.4697 (1.4697)  loss_bbox_aux_2: 0.1612 (0.1612)  loss_giou_aux_2: 0.1784 (0.1784)  loss_fgl_aux_2: 0.9697 (0.9697)  loss_ddf_aux_2: 0.0024 (0.0024)  loss_mal_pre: 2.4297 (2.4297)  loss_bbox_pre: 0.3056 (0.3056)  loss_giou_pre: 0.2344 (0.2344)  loss_mal_enc_0: 2.1855 (2.1855)  loss_bbox_enc_0: 1.1339 (1.1339)  loss_giou_enc_0: 0.8899 (0.8899)  loss_mal_dn_0: 1.9131 (1.9131)  loss_bbox_dn_0: 0.7913 (0.7913)  loss_giou_dn_0: 0.5180 (0.5180)  loss_fgl_dn_0: 1.2490 (1.2490)  loss_ddf_dn_0: 1.1529 (1.1529)  loss_mal_dn_1: 1.1689 (1.1689)  loss_bbox_dn_1: 0.2774 (0.2774)  loss_giou_dn_1: 0.2680 (0.2680)  loss_fgl_dn_1: 1.0422 (1.0422)  loss_ddf_dn_1: 0.1560 (0.1560)  loss_mal_dn_2: 1.1650 (1.1650)  loss_bbox_dn_2: 0.2009 (0.2009)  loss_giou_dn_2: 0.2299 (0.2299)  loss_fgl_dn_2: 0.9721 (0.9721)  loss_ddf_dn_2: 0.0062 (0.0062)  loss_mal_dn_3: 1.2773 (1.2773)  loss_bbox_dn_3: 0.1995 (0.1995)  loss_giou_dn_3: 0.2296 (0.2296)  loss_fgl_dn_3: 0.9764 (0.9764)  loss_mal_dn_pre: 2.0078 (2.0078)  loss_bbox_dn_pre: 0.8282 (0.8282)  loss_giou_dn_pre: 0.5322 (0.5322)  time: 1.1939  data: 0.9737  max mem: 3583
Epoch: [88]  [7/8]  eta: 0:00:00  lr: 0.000003  loss: 35.2215 (35.4941)  loss_mal: 1.5596 (1.6003)  loss_bbox: 0.0932 (0.1069)  loss_giou: 0.1617 (0.1517)  loss_fgl: 0.8996 (0.8951)  loss_mal_aux_0: 2.5352 (2.5879)  loss_bbox_aux_0: 0.1288 (0.1589)  loss_giou_aux_0: 0.2331 (0.2193)  loss_fgl_aux_0: 1.0603 (1.0602)  loss_ddf_aux_0: 0.2580 (0.3311)  loss_mal_aux_1: 1.9092 (1.8358)  loss_bbox_aux_1: 0.0956 (0.1159)  loss_giou_aux_1: 0.1676 (0.1622)  loss_fgl_aux_1: 0.9057 (0.9223)  loss_ddf_aux_1: 0.0327 (0.0435)  loss_mal_aux_2: 1.4697 (1.5273)  loss_bbox_aux_2: 0.0922 (0.1067)  loss_giou_aux_2: 0.1606 (0.1515)  loss_fgl_aux_2: 0.8991 (0.8946)  loss_ddf_aux_2: 0.0024 (0.0025)  loss_mal_pre: 2.5176 (2.5352)  loss_bbox_pre: 0.1281 (0.1614)  loss_giou_pre: 0.2344 (0.2197)  loss_mal_enc_0: 2.3047 (2.4849)  loss_bbox_enc_0: 0.6123 (0.6899)  loss_giou_enc_0: 0.7511 (0.7730)  loss_mal_dn_0: 2.0273 (2.0146)  loss_bbox_dn_0: 0.3400 (0.4132)  loss_giou_dn_0: 0.4156 (0.4150)  loss_fgl_dn_0: 1.2344 (1.2377)  loss_ddf_dn_0: 0.9998 (1.0302)  loss_mal_dn_1: 1.1631 (1.1796)  loss_bbox_dn_1: 0.1479 (0.1627)  loss_giou_dn_1: 0.2135 (0.2073)  loss_fgl_dn_1: 0.9372 (0.9676)  loss_ddf_dn_1: 0.1250 (0.1307)  loss_mal_dn_2: 1.1924 (1.2008)  loss_bbox_dn_2: 0.1086 (0.1280)  loss_giou_dn_2: 0.1883 (0.1806)  loss_fgl_dn_2: 0.8945 (0.9136)  loss_ddf_dn_2: 0.0062 (0.0072)  loss_mal_dn_3: 1.3271 (1.3473)  loss_bbox_dn_3: 0.1099 (0.1275)  loss_giou_dn_3: 0.1930 (0.1807)  loss_fgl_dn_3: 0.8929 (0.9167)  loss_mal_dn_pre: 2.1641 (2.1475)  loss_bbox_dn_pre: 0.3424 (0.4278)  loss_giou_dn_pre: 0.4160 (0.4198)  time: 0.2904  data: 0.1248  max mem: 3583
Epoch: [88] Total time: 0:00:02 (0.2993 s / it)
Averaged stats: lr: 0.000003  loss: 35.2215 (35.4941)  loss_mal: 1.5596 (1.6003)  loss_bbox: 0.0932 (0.1069)  loss_giou: 0.1617 (0.1517)  loss_fgl: 0.8996 (0.8951)  loss_mal_aux_0: 2.5352 (2.5879)  loss_bbox_aux_0: 0.1288 (0.1589)  loss_giou_aux_0: 0.2331 (0.2193)  loss_fgl_aux_0: 1.0603 (1.0602)  loss_ddf_aux_0: 0.2580 (0.3311)  loss_mal_aux_1: 1.9092 (1.8358)  loss_bbox_aux_1: 0.0956 (0.1159)  loss_giou_aux_1: 0.1676 (0.1622)  loss_fgl_aux_1: 0.9057 (0.9223)  loss_ddf_aux_1: 0.0327 (0.0435)  loss_mal_aux_2: 1.4697 (1.5273)  loss_bbox_aux_2: 0.0922 (0.1067)  loss_giou_aux_2: 0.1606 (0.1515)  loss_fgl_aux_2: 0.8991 (0.8946)  loss_ddf_aux_2: 0.0024 (0.0025)  loss_mal_pre: 2.5176 (2.5352)  loss_bbox_pre: 0.1281 (0.1614)  loss_giou_pre: 0.2344 (0.2197)  loss_mal_enc_0: 2.3047 (2.4849)  loss_bbox_enc_0: 0.6123 (0.6899)  loss_giou_enc_0: 0.7511 (0.7730)  loss_mal_dn_0: 2.0273 (2.0146)  loss_bbox_dn_0: 0.3400 (0.4132)  loss_giou_dn_0: 0.4156 (0.4150)  loss_fgl_dn_0: 1.2344 (1.2377)  loss_ddf_dn_0: 0.9998 (1.0302)  loss_mal_dn_1: 1.1631 (1.1796)  loss_bbox_dn_1: 0.1479 (0.1627)  loss_giou_dn_1: 0.2135 (0.2073)  loss_fgl_dn_1: 0.9372 (0.9676)  loss_ddf_dn_1: 0.1250 (0.1307)  loss_mal_dn_2: 1.1924 (1.2008)  loss_bbox_dn_2: 0.1086 (0.1280)  loss_giou_dn_2: 0.1883 (0.1806)  loss_fgl_dn_2: 0.8945 (0.9136)  loss_ddf_dn_2: 0.0062 (0.0072)  loss_mal_dn_3: 1.3271 (1.3473)  loss_bbox_dn_3: 0.1099 (0.1275)  loss_giou_dn_3: 0.1930 (0.1807)  loss_fgl_dn_3: 0.8929 (0.9167)  loss_mal_dn_pre: 2.1641 (2.1475)  loss_bbox_dn_pre: 0.3424 (0.4278)  loss_giou_dn_pre: 0.4160 (0.4198)
Test:  [0/4]  eta: 0:00:01    time: 0.3849  data: 0.3406  max mem: 3583
Test:  [3/4]  eta: 0:00:00    time: 0.1250  data: 0.0879  max mem: 3583
Test: Total time: 0:00:00 (0.1507 s / it)
Averaged stats: 
Accumulating evaluation results...
COCOeval_opt.accumulate() finished...
DONE (t=0.00s).
IoU metric: bbox
 Average Precision  (AP) @[ IoU=0.50:0.95 | area=   all | maxDets=100 ] = 0.556
 Average Precision  (AP) @[ IoU=0.50      | area=   all | maxDets=100 ] = 0.630
 Average Precision  (AP) @[ IoU=0.75      | area=   all | maxDets=100 ] = 0.626
 Average Precision  (AP) @[ IoU=0.50:0.95 | area= small | maxDets=100 ] = -1.000
 Average Precision  (AP) @[ IoU=0.50:0.95 | area=medium | maxDets=100 ] = -1.000
 Average Precision  (AP) @[ IoU=0.50:0.95 | area= large | maxDets=100 ] = 0.556
 Average Recall     (AR) @[ IoU=0.50:0.95 | area=   all | maxDets=  1 ] = 0.773
 Average Recall     (AR) @[ IoU=0.50:0.95 | area=   all | maxDets= 10 ] = 0.897
 Average Recall     (AR) @[ IoU=0.50:0.95 | area=   all | maxDets=100 ] = 0.910
 Average Recall     (AR) @[ IoU=0.50:0.95 | area= small | maxDets=100 ] = -1.000
 Average Recall     (AR) @[ IoU=0.50:0.95 | area=medium | maxDets=100 ] = -1.000
 Average Recall     (AR) @[ IoU=0.50:0.95 | area= large | maxDets=100 ] = 0.910
 Average Recall     (AR) @[ IoU=0.50      | area=   all | maxDets=100 ] = 1.000
 Average Recall     (AR) @[ IoU=0.75      | area=   all | maxDets=100 ] = 1.000
best_stat: {'epoch': 87, 'coco_eval_bbox': 0.6328455546123285}
Epoch: [89]  [0/8]  eta: 0:00:09  lr: 0.000003  loss: 36.2020 (36.2020)  loss_mal: 1.4609 (1.4609)  loss_bbox: 0.3924 (0.3924)  loss_giou: 0.3663 (0.3663)  loss_fgl: 0.8129 (0.8129)  loss_mal_aux_0: 2.0449 (2.0449)  loss_bbox_aux_0: 0.4711 (0.4711)  loss_giou_aux_0: 0.4184 (0.4184)  loss_fgl_aux_0: 0.9768 (0.9768)  loss_ddf_aux_0: 0.4915 (0.4915)  loss_mal_aux_1: 1.3818 (1.3818)  loss_bbox_aux_1: 0.4042 (0.4042)  loss_giou_aux_1: 0.3734 (0.3734)  loss_fgl_aux_1: 0.8277 (0.8277)  loss_ddf_aux_1: 0.0475 (0.0475)  loss_mal_aux_2: 1.3623 (1.3623)  loss_bbox_aux_2: 0.3968 (0.3968)  loss_giou_aux_2: 0.3668 (0.3668)  loss_fgl_aux_2: 0.8129 (0.8129)  loss_ddf_aux_2: 0.0023 (0.0023)  loss_mal_pre: 2.0977 (2.0977)  loss_bbox_pre: 0.4603 (0.4603)  loss_giou_pre: 0.4198 (0.4198)  loss_mal_enc_0: 1.9814 (1.9814)  loss_bbox_enc_0: 0.8443 (0.8443)  loss_giou_enc_0: 1.0198 (1.0198)  loss_mal_dn_0: 2.0664 (2.0664)  loss_bbox_dn_0: 0.2992 (0.2992)  loss_giou_dn_0: 0.3986 (0.3986)  loss_fgl_dn_0: 1.2085 (1.2085)  loss_ddf_dn_0: 1.2937 (1.2937)  loss_mal_dn_1: 1.1768 (1.1768)  loss_bbox_dn_1: 0.1796 (0.1796)  loss_giou_dn_1: 0.2210 (0.2210)  loss_fgl_dn_1: 0.9564 (0.9564)  loss_ddf_dn_1: 0.1760 (0.1760)  loss_mal_dn_2: 1.2002 (1.2002)  loss_bbox_dn_2: 0.1491 (0.1491)  loss_giou_dn_2: 0.1876 (0.1876)  loss_fgl_dn_2: 0.9042 (0.9042)  loss_ddf_dn_2: 0.0097 (0.0097)  loss_mal_dn_3: 1.3867 (1.3867)  loss_bbox_dn_3: 0.1502 (0.1502)  loss_giou_dn_3: 0.1863 (0.1863)  loss_fgl_dn_3: 0.9021 (0.9021)  loss_mal_dn_pre: 2.2207 (2.2207)  loss_bbox_dn_pre: 0.3002 (0.3002)  loss_giou_dn_pre: 0.3947 (0.3947)  time: 1.1774  data: 1.0037  max mem: 3583
Epoch: [89]  [7/8]  eta: 0:00:00  lr: 0.000003  loss: 34.5751 (35.8969)  loss_mal: 1.5469 (1.6090)  loss_bbox: 0.1047 (0.1513)  loss_giou: 0.1176 (0.1651)  loss_fgl: 0.8129 (0.8266)  loss_mal_aux_0: 2.7344 (2.8022)  loss_bbox_aux_0: 0.1592 (0.2063)  loss_giou_aux_0: 0.2092 (0.2323)  loss_fgl_aux_0: 0.9768 (1.0184)  loss_ddf_aux_0: 0.3100 (0.3188)  loss_mal_aux_1: 1.9785 (1.8546)  loss_bbox_aux_1: 0.1049 (0.1516)  loss_giou_aux_1: 0.1201 (0.1711)  loss_fgl_aux_1: 0.8277 (0.8470)  loss_ddf_aux_1: 0.0374 (0.0378)  loss_mal_aux_2: 1.6152 (1.6346)  loss_bbox_aux_2: 0.1033 (0.1520)  loss_giou_aux_2: 0.1176 (0.1654)  loss_fgl_aux_2: 0.8129 (0.8266)  loss_ddf_aux_2: 0.0022 (0.0022)  loss_mal_pre: 2.6426 (2.6252)  loss_bbox_pre: 0.1541 (0.2039)  loss_giou_pre: 0.2101 (0.2312)  loss_mal_enc_0: 2.6152 (2.5446)  loss_bbox_enc_0: 0.5949 (0.7100)  loss_giou_enc_0: 0.7473 (0.7786)  loss_mal_dn_0: 1.9805 (1.9717)  loss_bbox_dn_0: 0.3627 (0.4597)  loss_giou_dn_0: 0.3986 (0.4236)  loss_fgl_dn_0: 1.2093 (1.2171)  loss_ddf_dn_0: 0.9109 (1.0445)  loss_mal_dn_1: 1.2080 (1.2087)  loss_bbox_dn_1: 0.1633 (0.1881)  loss_giou_dn_1: 0.2069 (0.1999)  loss_fgl_dn_1: 0.9010 (0.9197)  loss_ddf_dn_1: 0.1150 (0.1503)  loss_mal_dn_2: 1.1924 (1.1921)  loss_bbox_dn_2: 0.1491 (0.1435)  loss_giou_dn_2: 0.1639 (0.1607)  loss_fgl_dn_2: 0.8527 (0.8531)  loss_ddf_dn_2: 0.0075 (0.0074)  loss_mal_dn_3: 1.3291 (1.3296)  loss_bbox_dn_3: 0.1502 (0.1399)  loss_giou_dn_3: 0.1604 (0.1578)  loss_fgl_dn_3: 0.8475 (0.8520)  loss_mal_dn_pre: 2.1094 (2.0966)  loss_bbox_dn_pre: 0.3814 (0.4822)  loss_giou_dn_pre: 0.3947 (0.4321)  time: 0.2906  data: 0.1442  max mem: 3583
Epoch: [89] Total time: 0:00:02 (0.2991 s / it)
Averaged stats: lr: 0.000003  loss: 34.5751 (35.8969)  loss_mal: 1.5469 (1.6090)  loss_bbox: 0.1047 (0.1513)  loss_giou: 0.1176 (0.1651)  loss_fgl: 0.8129 (0.8266)  loss_mal_aux_0: 2.7344 (2.8022)  loss_bbox_aux_0: 0.1592 (0.2063)  loss_giou_aux_0: 0.2092 (0.2323)  loss_fgl_aux_0: 0.9768 (1.0184)  loss_ddf_aux_0: 0.3100 (0.3188)  loss_mal_aux_1: 1.9785 (1.8546)  loss_bbox_aux_1: 0.1049 (0.1516)  loss_giou_aux_1: 0.1201 (0.1711)  loss_fgl_aux_1: 0.8277 (0.8470)  loss_ddf_aux_1: 0.0374 (0.0378)  loss_mal_aux_2: 1.6152 (1.6346)  loss_bbox_aux_2: 0.1033 (0.1520)  loss_giou_aux_2: 0.1176 (0.1654)  loss_fgl_aux_2: 0.8129 (0.8266)  loss_ddf_aux_2: 0.0022 (0.0022)  loss_mal_pre: 2.6426 (2.6252)  loss_bbox_pre: 0.1541 (0.2039)  loss_giou_pre: 0.2101 (0.2312)  loss_mal_enc_0: 2.6152 (2.5446)  loss_bbox_enc_0: 0.5949 (0.7100)  loss_giou_enc_0: 0.7473 (0.7786)  loss_mal_dn_0: 1.9805 (1.9717)  loss_bbox_dn_0: 0.3627 (0.4597)  loss_giou_dn_0: 0.3986 (0.4236)  loss_fgl_dn_0: 1.2093 (1.2171)  loss_ddf_dn_0: 0.9109 (1.0445)  loss_mal_dn_1: 1.2080 (1.2087)  loss_bbox_dn_1: 0.1633 (0.1881)  loss_giou_dn_1: 0.2069 (0.1999)  loss_fgl_dn_1: 0.9010 (0.9197)  loss_ddf_dn_1: 0.1150 (0.1503)  loss_mal_dn_2: 1.1924 (1.1921)  loss_bbox_dn_2: 0.1491 (0.1435)  loss_giou_dn_2: 0.1639 (0.1607)  loss_fgl_dn_2: 0.8527 (0.8531)  loss_ddf_dn_2: 0.0075 (0.0074)  loss_mal_dn_3: 1.3291 (1.3296)  loss_bbox_dn_3: 0.1502 (0.1399)  loss_giou_dn_3: 0.1604 (0.1578)  loss_fgl_dn_3: 0.8475 (0.8520)  loss_mal_dn_pre: 2.1094 (2.0966)  loss_bbox_dn_pre: 0.3814 (0.4822)  loss_giou_dn_pre: 0.3947 (0.4321)
Test:  [0/4]  eta: 0:00:01    time: 0.3999  data: 0.3631  max mem: 3583
Test:  [3/4]  eta: 0:00:00    time: 0.1235  data: 0.0926  max mem: 3583
Test: Total time: 0:00:00 (0.1425 s / it)
Averaged stats: 
Accumulating evaluation results...
COCOeval_opt.accumulate() finished...
DONE (t=0.00s).
IoU metric: bbox
 Average Precision  (AP) @[ IoU=0.50:0.95 | area=   all | maxDets=100 ] = 0.649
 Average Precision  (AP) @[ IoU=0.50      | area=   all | maxDets=100 ] = 0.750
 Average Precision  (AP) @[ IoU=0.75      | area=   all | maxDets=100 ] = 0.750
 Average Precision  (AP) @[ IoU=0.50:0.95 | area= small | maxDets=100 ] = -1.000
 Average Precision  (AP) @[ IoU=0.50:0.95 | area=medium | maxDets=100 ] = -1.000
 Average Precision  (AP) @[ IoU=0.50:0.95 | area= large | maxDets=100 ] = 0.649
 Average Recall     (AR) @[ IoU=0.50:0.95 | area=   all | maxDets=  1 ] = 0.800
 Average Recall     (AR) @[ IoU=0.50:0.95 | area=   all | maxDets= 10 ] = 0.893
 Average Recall     (AR) @[ IoU=0.50:0.95 | area=   all | maxDets=100 ] = 0.913
 Average Recall     (AR) @[ IoU=0.50:0.95 | area= small | maxDets=100 ] = -1.000
 Average Recall     (AR) @[ IoU=0.50:0.95 | area=medium | maxDets=100 ] = -1.000
 Average Recall     (AR) @[ IoU=0.50:0.95 | area= large | maxDets=100 ] = 0.913
 Average Recall     (AR) @[ IoU=0.50      | area=   all | maxDets=100 ] = 1.000
 Average Recall     (AR) @[ IoU=0.75      | area=   all | maxDets=100 ] = 1.000
best_stat: {'epoch': 89, 'coco_eval_bbox': 0.6488543842442117}
Epoch: [90]  [0/8]  eta: 0:00:11  lr: 0.000003  loss: 33.1402 (33.1402)  loss_mal: 1.4180 (1.4180)  loss_bbox: 0.0766 (0.0766)  loss_giou: 0.1816 (0.1816)  loss_fgl: 0.8467 (0.8467)  loss_mal_aux_0: 2.3965 (2.3965)  loss_bbox_aux_0: 0.1037 (0.1037)  loss_giou_aux_0: 0.2605 (0.2605)  loss_fgl_aux_0: 1.1182 (1.1182)  loss_ddf_aux_0: 0.5269 (0.5269)  loss_mal_aux_1: 1.5332 (1.5332)  loss_bbox_aux_1: 0.0802 (0.0802)  loss_giou_aux_1: 0.1952 (0.1952)  loss_fgl_aux_1: 0.9021 (0.9021)  loss_ddf_aux_1: 0.0637 (0.0637)  loss_mal_aux_2: 1.4404 (1.4404)  loss_bbox_aux_2: 0.0766 (0.0766)  loss_giou_aux_2: 0.1818 (0.1818)  loss_fgl_aux_2: 0.8493 (0.8493)  loss_ddf_aux_2: 0.0022 (0.0022)  loss_mal_pre: 2.4336 (2.4336)  loss_bbox_pre: 0.0994 (0.0994)  loss_giou_pre: 0.2565 (0.2565)  loss_mal_enc_0: 2.4824 (2.4824)  loss_bbox_enc_0: 0.3216 (0.3216)  loss_giou_enc_0: 0.7884 (0.7884)  loss_mal_dn_0: 1.9004 (1.9004)  loss_bbox_dn_0: 0.1180 (0.1180)  loss_giou_dn_0: 0.3801 (0.3801)  loss_fgl_dn_0: 1.2524 (1.2524)  loss_ddf_dn_0: 1.1575 (1.1575)  loss_mal_dn_1: 1.1289 (1.1289)  loss_bbox_dn_1: 0.0640 (0.0640)  loss_giou_dn_1: 0.2164 (0.2164)  loss_fgl_dn_1: 0.9295 (0.9295)  loss_ddf_dn_1: 0.1236 (0.1236)  loss_mal_dn_2: 1.1436 (1.1436)  loss_bbox_dn_2: 0.0582 (0.0582)  loss_giou_dn_2: 0.2010 (0.2010)  loss_fgl_dn_2: 0.8790 (0.8790)  loss_ddf_dn_2: 0.0051 (0.0051)  loss_mal_dn_3: 1.2441 (1.2441)  loss_bbox_dn_3: 0.0586 (0.0586)  loss_giou_dn_3: 0.2026 (0.2026)  loss_fgl_dn_3: 0.8820 (0.8820)  loss_mal_dn_pre: 2.0625 (2.0625)  loss_bbox_dn_pre: 0.1190 (0.1190)  loss_giou_dn_pre: 0.3786 (0.3786)  time: 1.4975  data: 1.3510  max mem: 3583
Epoch: [90]  [7/8]  eta: 0:00:00  lr: 0.000003  loss: 34.2821 (34.3271)  loss_mal: 1.4482 (1.4514)  loss_bbox: 0.0766 (0.0952)  loss_giou: 0.1409 (0.1421)  loss_fgl: 0.8467 (0.8356)  loss_mal_aux_0: 2.5957 (2.7368)  loss_bbox_aux_0: 0.1037 (0.1352)  loss_giou_aux_0: 0.1893 (0.1966)  loss_fgl_aux_0: 1.0054 (1.0225)  loss_ddf_aux_0: 0.2607 (0.2942)  loss_mal_aux_1: 1.7744 (1.8281)  loss_bbox_aux_1: 0.0802 (0.1018)  loss_giou_aux_1: 0.1519 (0.1505)  loss_fgl_aux_1: 0.8823 (0.8730)  loss_ddf_aux_1: 0.0303 (0.0363)  loss_mal_aux_2: 1.4404 (1.4347)  loss_bbox_aux_2: 0.0766 (0.0966)  loss_giou_aux_2: 0.1420 (0.1427)  loss_fgl_aux_2: 0.8493 (0.8360)  loss_ddf_aux_2: 0.0019 (0.0019)  loss_mal_pre: 2.4785 (2.5955)  loss_bbox_pre: 0.0994 (0.1377)  loss_giou_pre: 0.1871 (0.1960)  loss_mal_enc_0: 2.6113 (2.6719)  loss_bbox_enc_0: 0.5590 (0.5808)  loss_giou_enc_0: 0.6742 (0.6944)  loss_mal_dn_0: 1.9004 (1.9103)  loss_bbox_dn_0: 0.3444 (0.3613)  loss_giou_dn_0: 0.3801 (0.3998)  loss_fgl_dn_0: 1.2050 (1.2088)  loss_ddf_dn_0: 0.8952 (0.9746)  loss_mal_dn_1: 1.1309 (1.1534)  loss_bbox_dn_1: 0.1353 (0.1582)  loss_giou_dn_1: 0.1866 (0.2048)  loss_fgl_dn_1: 0.9295 (0.9295)  loss_ddf_dn_1: 0.1096 (0.1278)  loss_mal_dn_2: 1.1436 (1.1614)  loss_bbox_dn_2: 0.0955 (0.1237)  loss_giou_dn_2: 0.1689 (0.1755)  loss_fgl_dn_2: 0.8576 (0.8710)  loss_ddf_dn_2: 0.0062 (0.0075)  loss_mal_dn_3: 1.2676 (1.2773)  loss_bbox_dn_3: 0.0954 (0.1205)  loss_giou_dn_3: 0.1657 (0.1730)  loss_fgl_dn_3: 0.8583 (0.8707)  loss_mal_dn_pre: 2.0566 (2.0535)  loss_bbox_dn_pre: 0.3729 (0.3724)  loss_giou_dn_pre: 0.3849 (0.4044)  time: 0.3231  data: 0.1699  max mem: 3583
Epoch: [90] Total time: 0:00:02 (0.3324 s / it)
Averaged stats: lr: 0.000003  loss: 34.2821 (34.3271)  loss_mal: 1.4482 (1.4514)  loss_bbox: 0.0766 (0.0952)  loss_giou: 0.1409 (0.1421)  loss_fgl: 0.8467 (0.8356)  loss_mal_aux_0: 2.5957 (2.7368)  loss_bbox_aux_0: 0.1037 (0.1352)  loss_giou_aux_0: 0.1893 (0.1966)  loss_fgl_aux_0: 1.0054 (1.0225)  loss_ddf_aux_0: 0.2607 (0.2942)  loss_mal_aux_1: 1.7744 (1.8281)  loss_bbox_aux_1: 0.0802 (0.1018)  loss_giou_aux_1: 0.1519 (0.1505)  loss_fgl_aux_1: 0.8823 (0.8730)  loss_ddf_aux_1: 0.0303 (0.0363)  loss_mal_aux_2: 1.4404 (1.4347)  loss_bbox_aux_2: 0.0766 (0.0966)  loss_giou_aux_2: 0.1420 (0.1427)  loss_fgl_aux_2: 0.8493 (0.8360)  loss_ddf_aux_2: 0.0019 (0.0019)  loss_mal_pre: 2.4785 (2.5955)  loss_bbox_pre: 0.0994 (0.1377)  loss_giou_pre: 0.1871 (0.1960)  loss_mal_enc_0: 2.6113 (2.6719)  loss_bbox_enc_0: 0.5590 (0.5808)  loss_giou_enc_0: 0.6742 (0.6944)  loss_mal_dn_0: 1.9004 (1.9103)  loss_bbox_dn_0: 0.3444 (0.3613)  loss_giou_dn_0: 0.3801 (0.3998)  loss_fgl_dn_0: 1.2050 (1.2088)  loss_ddf_dn_0: 0.8952 (0.9746)  loss_mal_dn_1: 1.1309 (1.1534)  loss_bbox_dn_1: 0.1353 (0.1582)  loss_giou_dn_1: 0.1866 (0.2048)  loss_fgl_dn_1: 0.9295 (0.9295)  loss_ddf_dn_1: 0.1096 (0.1278)  loss_mal_dn_2: 1.1436 (1.1614)  loss_bbox_dn_2: 0.0955 (0.1237)  loss_giou_dn_2: 0.1689 (0.1755)  loss_fgl_dn_2: 0.8576 (0.8710)  loss_ddf_dn_2: 0.0062 (0.0075)  loss_mal_dn_3: 1.2676 (1.2773)  loss_bbox_dn_3: 0.0954 (0.1205)  loss_giou_dn_3: 0.1657 (0.1730)  loss_fgl_dn_3: 0.8583 (0.8707)  loss_mal_dn_pre: 2.0566 (2.0535)  loss_bbox_dn_pre: 0.3729 (0.3724)  loss_giou_dn_pre: 0.3849 (0.4044)
Test:  [0/4]  eta: 0:00:01    time: 0.4013  data: 0.3627  max mem: 3583
Test:  [3/4]  eta: 0:00:00    time: 0.1244  data: 0.0926  max mem: 3583
Test: Total time: 0:00:00 (0.1416 s / it)
Averaged stats: 
Accumulating evaluation results...
COCOeval_opt.accumulate() finished...
DONE (t=0.00s).
IoU metric: bbox
 Average Precision  (AP) @[ IoU=0.50:0.95 | area=   all | maxDets=100 ] = 0.683
 Average Precision  (AP) @[ IoU=0.50      | area=   all | maxDets=100 ] = 0.786
 Average Precision  (AP) @[ IoU=0.75      | area=   all | maxDets=100 ] = 0.786
 Average Precision  (AP) @[ IoU=0.50:0.95 | area= small | maxDets=100 ] = -1.000
 Average Precision  (AP) @[ IoU=0.50:0.95 | area=medium | maxDets=100 ] = -1.000
 Average Precision  (AP) @[ IoU=0.50:0.95 | area= large | maxDets=100 ] = 0.683
 Average Recall     (AR) @[ IoU=0.50:0.95 | area=   all | maxDets=  1 ] = 0.710
 Average Recall     (AR) @[ IoU=0.50:0.95 | area=   all | maxDets= 10 ] = 0.897
 Average Recall     (AR) @[ IoU=0.50:0.95 | area=   all | maxDets=100 ] = 0.920
 Average Recall     (AR) @[ IoU=0.50:0.95 | area= small | maxDets=100 ] = -1.000
 Average Recall     (AR) @[ IoU=0.50:0.95 | area=medium | maxDets=100 ] = -1.000
 Average Recall     (AR) @[ IoU=0.50:0.95 | area= large | maxDets=100 ] = 0.920
 Average Recall     (AR) @[ IoU=0.50      | area=   all | maxDets=100 ] = 1.000
 Average Recall     (AR) @[ IoU=0.75      | area=   all | maxDets=100 ] = 1.000
best_stat: {'epoch': 90, 'coco_eval_bbox': 0.6834861609652055}
Epoch: [91]  [0/8]  eta: 0:00:07  lr: 0.000003  loss: 34.2632 (34.2632)  loss_mal: 1.4580 (1.4580)  loss_bbox: 0.0920 (0.0920)  loss_giou: 0.1204 (0.1204)  loss_fgl: 0.8181 (0.8181)  loss_mal_aux_0: 2.3848 (2.3848)  loss_bbox_aux_0: 0.1457 (0.1457)  loss_giou_aux_0: 0.1970 (0.1970)  loss_fgl_aux_0: 1.0319 (1.0319)  loss_ddf_aux_0: 0.4217 (0.4217)  loss_mal_aux_1: 1.4316 (1.4316)  loss_bbox_aux_1: 0.1067 (0.1067)  loss_giou_aux_1: 0.1405 (0.1405)  loss_fgl_aux_1: 0.8718 (0.8718)  loss_ddf_aux_1: 0.0504 (0.0504)  loss_mal_aux_2: 1.3506 (1.3506)  loss_bbox_aux_2: 0.0877 (0.0877)  loss_giou_aux_2: 0.1180 (0.1180)  loss_fgl_aux_2: 0.8170 (0.8170)  loss_ddf_aux_2: 0.0019 (0.0019)  loss_mal_pre: 2.4082 (2.4082)  loss_bbox_pre: 0.1447 (0.1447)  loss_giou_pre: 0.1995 (0.1995)  loss_mal_enc_0: 2.4824 (2.4824)  loss_bbox_enc_0: 0.6631 (0.6631)  loss_giou_enc_0: 0.7603 (0.7603)  loss_mal_dn_0: 1.9404 (1.9404)  loss_bbox_dn_0: 0.3773 (0.3773)  loss_giou_dn_0: 0.4244 (0.4244)  loss_fgl_dn_0: 1.2538 (1.2538)  loss_ddf_dn_0: 1.4540 (1.4540)  loss_mal_dn_1: 1.1543 (1.1543)  loss_bbox_dn_1: 0.2228 (0.2228)  loss_giou_dn_1: 0.2365 (0.2365)  loss_fgl_dn_1: 0.9209 (0.9209)  loss_ddf_dn_1: 0.1832 (0.1832)  loss_mal_dn_2: 1.1660 (1.1660)  loss_bbox_dn_2: 0.1986 (0.1986)  loss_giou_dn_2: 0.1933 (0.1933)  loss_fgl_dn_2: 0.8306 (0.8306)  loss_ddf_dn_2: 0.0083 (0.0083)  loss_mal_dn_3: 1.2705 (1.2705)  loss_bbox_dn_3: 0.1993 (0.1993)  loss_giou_dn_3: 0.1921 (0.1921)  loss_fgl_dn_3: 0.8282 (0.8282)  loss_mal_dn_pre: 2.0938 (2.0938)  loss_bbox_dn_pre: 0.3857 (0.3857)  loss_giou_dn_pre: 0.4252 (0.4252)  time: 0.9884  data: 0.8117  max mem: 3583
Epoch: [91]  [7/8]  eta: 0:00:00  lr: 0.000003  loss: 37.1518 (38.0630)  loss_mal: 1.4707 (1.5811)  loss_bbox: 0.2021 (0.2423)  loss_giou: 0.1687 (0.2359)  loss_fgl: 0.9324 (1.0575)  loss_mal_aux_0: 2.3848 (2.4679)  loss_bbox_aux_0: 0.2924 (0.3093)  loss_giou_aux_0: 0.2291 (0.3065)  loss_fgl_aux_0: 1.0943 (1.1798)  loss_ddf_aux_0: 0.4217 (0.3934)  loss_mal_aux_1: 1.7822 (1.8755)  loss_bbox_aux_1: 0.2145 (0.2497)  loss_giou_aux_1: 0.1749 (0.2491)  loss_fgl_aux_1: 0.9599 (1.0833)  loss_ddf_aux_1: 0.0445 (0.0466)  loss_mal_aux_2: 1.4062 (1.6616)  loss_bbox_aux_2: 0.1990 (0.2384)  loss_giou_aux_2: 0.1653 (0.2343)  loss_fgl_aux_2: 0.9310 (1.0576)  loss_ddf_aux_2: 0.0027 (0.0027)  loss_mal_pre: 2.4082 (2.3815)  loss_bbox_pre: 0.2960 (0.3117)  loss_giou_pre: 0.2239 (0.3046)  loss_mal_enc_0: 2.4258 (2.4039)  loss_bbox_enc_0: 0.7992 (0.8053)  loss_giou_enc_0: 0.7603 (0.7826)  loss_mal_dn_0: 1.8701 (1.8669)  loss_bbox_dn_0: 0.3635 (0.4828)  loss_giou_dn_0: 0.4244 (0.4513)  loss_fgl_dn_0: 1.2280 (1.2294)  loss_ddf_dn_0: 1.2104 (1.2391)  loss_mal_dn_1: 1.1387 (1.1489)  loss_bbox_dn_1: 0.2228 (0.3380)  loss_giou_dn_1: 0.2809 (0.2828)  loss_fgl_dn_1: 0.9752 (1.0226)  loss_ddf_dn_1: 0.1653 (0.1629)  loss_mal_dn_2: 1.1318 (1.1232)  loss_bbox_dn_2: 0.1986 (0.3099)  loss_giou_dn_2: 0.2524 (0.2572)  loss_fgl_dn_2: 0.9226 (0.9787)  loss_ddf_dn_2: 0.0083 (0.0089)  loss_mal_dn_3: 1.2109 (1.2009)  loss_bbox_dn_3: 0.1993 (0.3085)  loss_giou_dn_3: 0.2535 (0.2560)  loss_fgl_dn_3: 0.9263 (0.9774)  loss_mal_dn_pre: 2.0273 (2.0165)  loss_bbox_dn_pre: 0.3670 (0.4883)  loss_giou_dn_pre: 0.4291 (0.4510)  time: 0.2753  data: 0.1193  max mem: 3583
Epoch: [91] Total time: 0:00:02 (0.2873 s / it)
Averaged stats: lr: 0.000003  loss: 37.1518 (38.0630)  loss_mal: 1.4707 (1.5811)  loss_bbox: 0.2021 (0.2423)  loss_giou: 0.1687 (0.2359)  loss_fgl: 0.9324 (1.0575)  loss_mal_aux_0: 2.3848 (2.4679)  loss_bbox_aux_0: 0.2924 (0.3093)  loss_giou_aux_0: 0.2291 (0.3065)  loss_fgl_aux_0: 1.0943 (1.1798)  loss_ddf_aux_0: 0.4217 (0.3934)  loss_mal_aux_1: 1.7822 (1.8755)  loss_bbox_aux_1: 0.2145 (0.2497)  loss_giou_aux_1: 0.1749 (0.2491)  loss_fgl_aux_1: 0.9599 (1.0833)  loss_ddf_aux_1: 0.0445 (0.0466)  loss_mal_aux_2: 1.4062 (1.6616)  loss_bbox_aux_2: 0.1990 (0.2384)  loss_giou_aux_2: 0.1653 (0.2343)  loss_fgl_aux_2: 0.9310 (1.0576)  loss_ddf_aux_2: 0.0027 (0.0027)  loss_mal_pre: 2.4082 (2.3815)  loss_bbox_pre: 0.2960 (0.3117)  loss_giou_pre: 0.2239 (0.3046)  loss_mal_enc_0: 2.4258 (2.4039)  loss_bbox_enc_0: 0.7992 (0.8053)  loss_giou_enc_0: 0.7603 (0.7826)  loss_mal_dn_0: 1.8701 (1.8669)  loss_bbox_dn_0: 0.3635 (0.4828)  loss_giou_dn_0: 0.4244 (0.4513)  loss_fgl_dn_0: 1.2280 (1.2294)  loss_ddf_dn_0: 1.2104 (1.2391)  loss_mal_dn_1: 1.1387 (1.1489)  loss_bbox_dn_1: 0.2228 (0.3380)  loss_giou_dn_1: 0.2809 (0.2828)  loss_fgl_dn_1: 0.9752 (1.0226)  loss_ddf_dn_1: 0.1653 (0.1629)  loss_mal_dn_2: 1.1318 (1.1232)  loss_bbox_dn_2: 0.1986 (0.3099)  loss_giou_dn_2: 0.2524 (0.2572)  loss_fgl_dn_2: 0.9226 (0.9787)  loss_ddf_dn_2: 0.0083 (0.0089)  loss_mal_dn_3: 1.2109 (1.2009)  loss_bbox_dn_3: 0.1993 (0.3085)  loss_giou_dn_3: 0.2535 (0.2560)  loss_fgl_dn_3: 0.9263 (0.9774)  loss_mal_dn_pre: 2.0273 (2.0165)  loss_bbox_dn_pre: 0.3670 (0.4883)  loss_giou_dn_pre: 0.4291 (0.4510)
Test:  [0/4]  eta: 0:00:02    time: 0.5340  data: 0.3474  max mem: 3583
Test:  [3/4]  eta: 0:00:00    time: 0.1585  data: 0.0888  max mem: 3583
Test: Total time: 0:00:00 (0.1777 s / it)
Averaged stats: 
Accumulating evaluation results...
COCOeval_opt.accumulate() finished...
DONE (t=0.00s).
IoU metric: bbox
 Average Precision  (AP) @[ IoU=0.50:0.95 | area=   all | maxDets=100 ] = 0.609
 Average Precision  (AP) @[ IoU=0.50      | area=   all | maxDets=100 ] = 0.680
 Average Precision  (AP) @[ IoU=0.75      | area=   all | maxDets=100 ] = 0.680
 Average Precision  (AP) @[ IoU=0.50:0.95 | area= small | maxDets=100 ] = -1.000
 Average Precision  (AP) @[ IoU=0.50:0.95 | area=medium | maxDets=100 ] = -1.000
 Average Precision  (AP) @[ IoU=0.50:0.95 | area= large | maxDets=100 ] = 0.609
 Average Recall     (AR) @[ IoU=0.50:0.95 | area=   all | maxDets=  1 ] = 0.810
 Average Recall     (AR) @[ IoU=0.50:0.95 | area=   all | maxDets= 10 ] = 0.893
 Average Recall     (AR) @[ IoU=0.50:0.95 | area=   all | maxDets=100 ] = 0.917
 Average Recall     (AR) @[ IoU=0.50:0.95 | area= small | maxDets=100 ] = -1.000
 Average Recall     (AR) @[ IoU=0.50:0.95 | area=medium | maxDets=100 ] = -1.000
 Average Recall     (AR) @[ IoU=0.50:0.95 | area= large | maxDets=100 ] = 0.917
 Average Recall     (AR) @[ IoU=0.50      | area=   all | maxDets=100 ] = 1.000
 Average Recall     (AR) @[ IoU=0.75      | area=   all | maxDets=100 ] = 1.000
best_stat: {'epoch': 90, 'coco_eval_bbox': 0.6834861609652055}
Epoch: [92]  [0/8]  eta: 0:00:09  lr: 0.000003  loss: 43.0601 (43.0601)  loss_mal: 1.4932 (1.4932)  loss_bbox: 0.5777 (0.5777)  loss_giou: 0.3198 (0.3198)  loss_fgl: 1.0075 (1.0075)  loss_mal_aux_0: 2.2520 (2.2520)  loss_bbox_aux_0: 0.5864 (0.5864)  loss_giou_aux_0: 0.3783 (0.3783)  loss_fgl_aux_0: 1.2051 (1.2051)  loss_ddf_aux_0: 0.5252 (0.5252)  loss_mal_aux_1: 1.7314 (1.7314)  loss_bbox_aux_1: 0.5698 (0.5698)  loss_giou_aux_1: 0.3309 (0.3309)  loss_fgl_aux_1: 1.0371 (1.0371)  loss_ddf_aux_1: 0.0753 (0.0753)  loss_mal_aux_2: 1.5527 (1.5527)  loss_bbox_aux_2: 0.5746 (0.5746)  loss_giou_aux_2: 0.3185 (0.3185)  loss_fgl_aux_2: 1.0017 (1.0017)  loss_ddf_aux_2: 0.0038 (0.0038)  loss_mal_pre: 2.3594 (2.3594)  loss_bbox_pre: 0.6144 (0.6144)  loss_giou_pre: 0.3829 (0.3829)  loss_mal_enc_0: 2.4082 (2.4082)  loss_bbox_enc_0: 1.2242 (1.2242)  loss_giou_enc_0: 0.8098 (0.8098)  loss_mal_dn_0: 1.6885 (1.6885)  loss_bbox_dn_0: 1.0576 (1.0576)  loss_giou_dn_0: 0.6713 (0.6713)  loss_fgl_dn_0: 1.1902 (1.1902)  loss_ddf_dn_0: 1.3323 (1.3323)  loss_mal_dn_1: 1.2031 (1.2031)  loss_bbox_dn_1: 0.8019 (0.8019)  loss_giou_dn_1: 0.4727 (0.4727)  loss_fgl_dn_1: 1.0461 (1.0461)  loss_ddf_dn_1: 0.2092 (0.2092)  loss_mal_dn_2: 1.0996 (1.0996)  loss_bbox_dn_2: 0.7224 (0.7224)  loss_giou_dn_2: 0.4142 (0.4142)  loss_fgl_dn_2: 1.0000 (1.0000)  loss_ddf_dn_2: 0.0121 (0.0121)  loss_mal_dn_3: 1.1309 (1.1309)  loss_bbox_dn_3: 0.7138 (0.7138)  loss_giou_dn_3: 0.4112 (0.4112)  loss_fgl_dn_3: 1.0030 (1.0030)  loss_mal_dn_pre: 1.7783 (1.7783)  loss_bbox_dn_pre: 1.0862 (1.0862)  loss_giou_dn_pre: 0.6756 (0.6756)  time: 1.1291  data: 0.9088  max mem: 3583
Epoch: [92]  [7/8]  eta: 0:00:00  lr: 0.000003  loss: 35.3237 (36.2390)  loss_mal: 1.4102 (1.4564)  loss_bbox: 0.1210 (0.2030)  loss_giou: 0.1619 (0.1897)  loss_fgl: 0.8801 (0.9117)  loss_mal_aux_0: 2.3320 (2.4905)  loss_bbox_aux_0: 0.1865 (0.2482)  loss_giou_aux_0: 0.2234 (0.2630)  loss_fgl_aux_0: 1.1210 (1.1050)  loss_ddf_aux_0: 0.5252 (0.4579)  loss_mal_aux_1: 1.6641 (1.6884)  loss_bbox_aux_1: 0.1363 (0.2116)  loss_giou_aux_1: 0.1741 (0.2046)  loss_fgl_aux_1: 0.9243 (0.9543)  loss_ddf_aux_1: 0.0600 (0.0569)  loss_mal_aux_2: 1.4434 (1.4541)  loss_bbox_aux_2: 0.1216 (0.2058)  loss_giou_aux_2: 0.1669 (0.1904)  loss_fgl_aux_2: 0.8770 (0.9092)  loss_ddf_aux_2: 0.0029 (0.0032)  loss_mal_pre: 2.3594 (2.4045)  loss_bbox_pre: 0.1877 (0.2493)  loss_giou_pre: 0.2219 (0.2641)  loss_mal_enc_0: 2.4082 (2.4524)  loss_bbox_enc_0: 0.5358 (0.7002)  loss_giou_enc_0: 0.6917 (0.7394)  loss_mal_dn_0: 1.7695 (1.7963)  loss_bbox_dn_0: 0.3606 (0.4685)  loss_giou_dn_0: 0.4178 (0.4671)  loss_fgl_dn_0: 1.2188 (1.2335)  loss_ddf_dn_0: 1.3323 (1.3284)  loss_mal_dn_1: 1.1533 (1.1499)  loss_bbox_dn_1: 0.2113 (0.2893)  loss_giou_dn_1: 0.2168 (0.2759)  loss_fgl_dn_1: 0.9800 (0.9817)  loss_ddf_dn_1: 0.1911 (0.1864)  loss_mal_dn_2: 1.1182 (1.1185)  loss_bbox_dn_2: 0.1845 (0.2576)  loss_giou_dn_2: 0.1994 (0.2446)  loss_fgl_dn_2: 0.9114 (0.9239)  loss_ddf_dn_2: 0.0108 (0.0101)  loss_mal_dn_3: 1.1660 (1.1824)  loss_bbox_dn_3: 0.1865 (0.2542)  loss_giou_dn_3: 0.1994 (0.2435)  loss_fgl_dn_3: 0.9149 (0.9266)  loss_mal_dn_pre: 1.9238 (1.9453)  loss_bbox_dn_pre: 0.3678 (0.4758)  loss_giou_dn_pre: 0.4170 (0.4659)  time: 0.2655  data: 0.1154  max mem: 3583
Epoch: [92] Total time: 0:00:02 (0.2757 s / it)
Averaged stats: lr: 0.000003  loss: 35.3237 (36.2390)  loss_mal: 1.4102 (1.4564)  loss_bbox: 0.1210 (0.2030)  loss_giou: 0.1619 (0.1897)  loss_fgl: 0.8801 (0.9117)  loss_mal_aux_0: 2.3320 (2.4905)  loss_bbox_aux_0: 0.1865 (0.2482)  loss_giou_aux_0: 0.2234 (0.2630)  loss_fgl_aux_0: 1.1210 (1.1050)  loss_ddf_aux_0: 0.5252 (0.4579)  loss_mal_aux_1: 1.6641 (1.6884)  loss_bbox_aux_1: 0.1363 (0.2116)  loss_giou_aux_1: 0.1741 (0.2046)  loss_fgl_aux_1: 0.9243 (0.9543)  loss_ddf_aux_1: 0.0600 (0.0569)  loss_mal_aux_2: 1.4434 (1.4541)  loss_bbox_aux_2: 0.1216 (0.2058)  loss_giou_aux_2: 0.1669 (0.1904)  loss_fgl_aux_2: 0.8770 (0.9092)  loss_ddf_aux_2: 0.0029 (0.0032)  loss_mal_pre: 2.3594 (2.4045)  loss_bbox_pre: 0.1877 (0.2493)  loss_giou_pre: 0.2219 (0.2641)  loss_mal_enc_0: 2.4082 (2.4524)  loss_bbox_enc_0: 0.5358 (0.7002)  loss_giou_enc_0: 0.6917 (0.7394)  loss_mal_dn_0: 1.7695 (1.7963)  loss_bbox_dn_0: 0.3606 (0.4685)  loss_giou_dn_0: 0.4178 (0.4671)  loss_fgl_dn_0: 1.2188 (1.2335)  loss_ddf_dn_0: 1.3323 (1.3284)  loss_mal_dn_1: 1.1533 (1.1499)  loss_bbox_dn_1: 0.2113 (0.2893)  loss_giou_dn_1: 0.2168 (0.2759)  loss_fgl_dn_1: 0.9800 (0.9817)  loss_ddf_dn_1: 0.1911 (0.1864)  loss_mal_dn_2: 1.1182 (1.1185)  loss_bbox_dn_2: 0.1845 (0.2576)  loss_giou_dn_2: 0.1994 (0.2446)  loss_fgl_dn_2: 0.9114 (0.9239)  loss_ddf_dn_2: 0.0108 (0.0101)  loss_mal_dn_3: 1.1660 (1.1824)  loss_bbox_dn_3: 0.1865 (0.2542)  loss_giou_dn_3: 0.1994 (0.2435)  loss_fgl_dn_3: 0.9149 (0.9266)  loss_mal_dn_pre: 1.9238 (1.9453)  loss_bbox_dn_pre: 0.3678 (0.4758)  loss_giou_dn_pre: 0.4170 (0.4659)
Test:  [0/4]  eta: 0:00:01    time: 0.3896  data: 0.3418  max mem: 3583
Test:  [3/4]  eta: 0:00:00    time: 0.1291  data: 0.0874  max mem: 3583
Test: Total time: 0:00:00 (0.1482 s / it)
Averaged stats: 
Accumulating evaluation results...
COCOeval_opt.accumulate() finished...
DONE (t=0.00s).
IoU metric: bbox
 Average Precision  (AP) @[ IoU=0.50:0.95 | area=   all | maxDets=100 ] = 0.642
 Average Precision  (AP) @[ IoU=0.50      | area=   all | maxDets=100 ] = 0.706
 Average Precision  (AP) @[ IoU=0.75      | area=   all | maxDets=100 ] = 0.706
 Average Precision  (AP) @[ IoU=0.50:0.95 | area= small | maxDets=100 ] = -1.000
 Average Precision  (AP) @[ IoU=0.50:0.95 | area=medium | maxDets=100 ] = -1.000
 Average Precision  (AP) @[ IoU=0.50:0.95 | area= large | maxDets=100 ] = 0.642
 Average Recall     (AR) @[ IoU=0.50:0.95 | area=   all | maxDets=  1 ] = 0.810
 Average Recall     (AR) @[ IoU=0.50:0.95 | area=   all | maxDets= 10 ] = 0.897
 Average Recall     (AR) @[ IoU=0.50:0.95 | area=   all | maxDets=100 ] = 0.913
 Average Recall     (AR) @[ IoU=0.50:0.95 | area= small | maxDets=100 ] = -1.000
 Average Recall     (AR) @[ IoU=0.50:0.95 | area=medium | maxDets=100 ] = -1.000
 Average Recall     (AR) @[ IoU=0.50:0.95 | area= large | maxDets=100 ] = 0.913
 Average Recall     (AR) @[ IoU=0.50      | area=   all | maxDets=100 ] = 1.000
 Average Recall     (AR) @[ IoU=0.75      | area=   all | maxDets=100 ] = 1.000
best_stat: {'epoch': 90, 'coco_eval_bbox': 0.6834861609652055}
Epoch: [93]  [0/8]  eta: 0:00:10  lr: 0.000003  loss: 31.5197 (31.5197)  loss_mal: 1.3691 (1.3691)  loss_bbox: 0.0531 (0.0531)  loss_giou: 0.1032 (0.1032)  loss_fgl: 0.7494 (0.7494)  loss_mal_aux_0: 2.6875 (2.6875)  loss_bbox_aux_0: 0.0991 (0.0991)  loss_giou_aux_0: 0.2133 (0.2133)  loss_fgl_aux_0: 1.0600 (1.0600)  loss_ddf_aux_0: 0.2724 (0.2724)  loss_mal_aux_1: 1.8457 (1.8457)  loss_bbox_aux_1: 0.0618 (0.0618)  loss_giou_aux_1: 0.1217 (0.1217)  loss_fgl_aux_1: 0.8052 (0.8052)  loss_ddf_aux_1: 0.0276 (0.0276)  loss_mal_aux_2: 1.4062 (1.4062)  loss_bbox_aux_2: 0.0529 (0.0529)  loss_giou_aux_2: 0.1031 (0.1031)  loss_fgl_aux_2: 0.7496 (0.7496)  loss_ddf_aux_2: 0.0020 (0.0020)  loss_mal_pre: 2.4805 (2.4805)  loss_bbox_pre: 0.0996 (0.0996)  loss_giou_pre: 0.2040 (0.2040)  loss_mal_enc_0: 2.3770 (2.3770)  loss_bbox_enc_0: 0.4822 (0.4822)  loss_giou_enc_0: 0.8009 (0.8009)  loss_mal_dn_0: 1.8418 (1.8418)  loss_bbox_dn_0: 0.1749 (0.1749)  loss_giou_dn_0: 0.3209 (0.3209)  loss_fgl_dn_0: 1.2035 (1.2035)  loss_ddf_dn_0: 0.8485 (0.8485)  loss_mal_dn_1: 1.1162 (1.1162)  loss_bbox_dn_1: 0.0673 (0.0673)  loss_giou_dn_1: 0.1362 (0.1362)  loss_fgl_dn_1: 0.8023 (0.8023)  loss_ddf_dn_1: 0.1024 (0.1024)  loss_mal_dn_2: 1.1240 (1.1240)  loss_bbox_dn_2: 0.0535 (0.0535)  loss_giou_dn_2: 0.1128 (0.1128)  loss_fgl_dn_2: 0.7418 (0.7418)  loss_ddf_dn_2: 0.0052 (0.0052)  loss_mal_dn_3: 1.2256 (1.2256)  loss_bbox_dn_3: 0.0534 (0.0534)  loss_giou_dn_3: 0.1124 (0.1124)  loss_fgl_dn_3: 0.7409 (0.7409)  loss_mal_dn_pre: 2.0117 (2.0117)  loss_bbox_dn_pre: 0.1734 (0.1734)  loss_giou_dn_pre: 0.3238 (0.3238)  time: 1.3624  data: 1.1794  max mem: 3583
Epoch: [93]  [7/8]  eta: 0:00:00  lr: 0.000004  loss: 32.3722 (33.2547)  loss_mal: 1.3809 (1.3851)  loss_bbox: 0.0700 (0.0943)  loss_giou: 0.1117 (0.1357)  loss_fgl: 0.8142 (0.8516)  loss_mal_aux_0: 2.4590 (2.6924)  loss_bbox_aux_0: 0.1034 (0.1228)  loss_giou_aux_0: 0.1806 (0.2022)  loss_fgl_aux_0: 1.0165 (1.0509)  loss_ddf_aux_0: 0.3087 (0.3603)  loss_mal_aux_1: 1.5967 (1.7402)  loss_bbox_aux_1: 0.0717 (0.0985)  loss_giou_aux_1: 0.1217 (0.1429)  loss_fgl_aux_1: 0.8296 (0.8816)  loss_ddf_aux_1: 0.0360 (0.0410)  loss_mal_aux_2: 1.4258 (1.4166)  loss_bbox_aux_2: 0.0693 (0.0949)  loss_giou_aux_2: 0.1115 (0.1355)  loss_fgl_aux_2: 0.8127 (0.8517)  loss_ddf_aux_2: 0.0020 (0.0020)  loss_mal_pre: 2.3652 (2.4653)  loss_bbox_pre: 0.0997 (0.1224)  loss_giou_pre: 0.1735 (0.2008)  loss_mal_enc_0: 2.3945 (2.4771)  loss_bbox_enc_0: 0.4383 (0.4822)  loss_giou_enc_0: 0.6688 (0.6955)  loss_mal_dn_0: 1.8252 (1.7988)  loss_bbox_dn_0: 0.2008 (0.2625)  loss_giou_dn_0: 0.3460 (0.3639)  loss_fgl_dn_0: 1.1921 (1.1894)  loss_ddf_dn_0: 1.0904 (1.1874)  loss_mal_dn_1: 1.1182 (1.1232)  loss_bbox_dn_1: 0.1246 (0.1333)  loss_giou_dn_1: 0.1735 (0.1884)  loss_fgl_dn_1: 0.8705 (0.9136)  loss_ddf_dn_1: 0.1265 (0.1538)  loss_mal_dn_2: 1.1240 (1.1160)  loss_bbox_dn_2: 0.1065 (0.1162)  loss_giou_dn_2: 0.1418 (0.1660)  loss_fgl_dn_2: 0.8140 (0.8661)  loss_ddf_dn_2: 0.0066 (0.0074)  loss_mal_dn_3: 1.1709 (1.1779)  loss_bbox_dn_3: 0.1059 (0.1155)  loss_giou_dn_3: 0.1400 (0.1651)  loss_fgl_dn_3: 0.8126 (0.8663)  loss_mal_dn_pre: 1.9971 (1.9667)  loss_bbox_dn_pre: 0.2031 (0.2684)  loss_giou_dn_pre: 0.3434 (0.3654)  time: 0.3070  data: 0.1490  max mem: 3583
Epoch: [93] Total time: 0:00:02 (0.3167 s / it)
Averaged stats: lr: 0.000004  loss: 32.3722 (33.2547)  loss_mal: 1.3809 (1.3851)  loss_bbox: 0.0700 (0.0943)  loss_giou: 0.1117 (0.1357)  loss_fgl: 0.8142 (0.8516)  loss_mal_aux_0: 2.4590 (2.6924)  loss_bbox_aux_0: 0.1034 (0.1228)  loss_giou_aux_0: 0.1806 (0.2022)  loss_fgl_aux_0: 1.0165 (1.0509)  loss_ddf_aux_0: 0.3087 (0.3603)  loss_mal_aux_1: 1.5967 (1.7402)  loss_bbox_aux_1: 0.0717 (0.0985)  loss_giou_aux_1: 0.1217 (0.1429)  loss_fgl_aux_1: 0.8296 (0.8816)  loss_ddf_aux_1: 0.0360 (0.0410)  loss_mal_aux_2: 1.4258 (1.4166)  loss_bbox_aux_2: 0.0693 (0.0949)  loss_giou_aux_2: 0.1115 (0.1355)  loss_fgl_aux_2: 0.8127 (0.8517)  loss_ddf_aux_2: 0.0020 (0.0020)  loss_mal_pre: 2.3652 (2.4653)  loss_bbox_pre: 0.0997 (0.1224)  loss_giou_pre: 0.1735 (0.2008)  loss_mal_enc_0: 2.3945 (2.4771)  loss_bbox_enc_0: 0.4383 (0.4822)  loss_giou_enc_0: 0.6688 (0.6955)  loss_mal_dn_0: 1.8252 (1.7988)  loss_bbox_dn_0: 0.2008 (0.2625)  loss_giou_dn_0: 0.3460 (0.3639)  loss_fgl_dn_0: 1.1921 (1.1894)  loss_ddf_dn_0: 1.0904 (1.1874)  loss_mal_dn_1: 1.1182 (1.1232)  loss_bbox_dn_1: 0.1246 (0.1333)  loss_giou_dn_1: 0.1735 (0.1884)  loss_fgl_dn_1: 0.8705 (0.9136)  loss_ddf_dn_1: 0.1265 (0.1538)  loss_mal_dn_2: 1.1240 (1.1160)  loss_bbox_dn_2: 0.1065 (0.1162)  loss_giou_dn_2: 0.1418 (0.1660)  loss_fgl_dn_2: 0.8140 (0.8661)  loss_ddf_dn_2: 0.0066 (0.0074)  loss_mal_dn_3: 1.1709 (1.1779)  loss_bbox_dn_3: 0.1059 (0.1155)  loss_giou_dn_3: 0.1400 (0.1651)  loss_fgl_dn_3: 0.8126 (0.8663)  loss_mal_dn_pre: 1.9971 (1.9667)  loss_bbox_dn_pre: 0.2031 (0.2684)  loss_giou_dn_pre: 0.3434 (0.3654)
Test:  [0/4]  eta: 0:00:01    time: 0.4063  data: 0.3642  max mem: 3583
Test:  [3/4]  eta: 0:00:00    time: 0.1367  data: 0.0933  max mem: 3583
Test: Total time: 0:00:00 (0.1543 s / it)
Averaged stats: 
Accumulating evaluation results...
COCOeval_opt.accumulate() finished...
DONE (t=0.00s).
IoU metric: bbox
 Average Precision  (AP) @[ IoU=0.50:0.95 | area=   all | maxDets=100 ] = 0.757
 Average Precision  (AP) @[ IoU=0.50      | area=   all | maxDets=100 ] = 0.847
 Average Precision  (AP) @[ IoU=0.75      | area=   all | maxDets=100 ] = 0.847
 Average Precision  (AP) @[ IoU=0.50:0.95 | area= small | maxDets=100 ] = -1.000
 Average Precision  (AP) @[ IoU=0.50:0.95 | area=medium | maxDets=100 ] = -1.000
 Average Precision  (AP) @[ IoU=0.50:0.95 | area= large | maxDets=100 ] = 0.757
 Average Recall     (AR) @[ IoU=0.50:0.95 | area=   all | maxDets=  1 ] = 0.813
 Average Recall     (AR) @[ IoU=0.50:0.95 | area=   all | maxDets= 10 ] = 0.900
 Average Recall     (AR) @[ IoU=0.50:0.95 | area=   all | maxDets=100 ] = 0.917
 Average Recall     (AR) @[ IoU=0.50:0.95 | area= small | maxDets=100 ] = -1.000
 Average Recall     (AR) @[ IoU=0.50:0.95 | area=medium | maxDets=100 ] = -1.000
 Average Recall     (AR) @[ IoU=0.50:0.95 | area= large | maxDets=100 ] = 0.917
 Average Recall     (AR) @[ IoU=0.50      | area=   all | maxDets=100 ] = 1.000
 Average Recall     (AR) @[ IoU=0.75      | area=   all | maxDets=100 ] = 1.000
best_stat: {'epoch': 93, 'coco_eval_bbox': 0.7572679250911202}
Epoch: [94]  [0/8]  eta: 0:00:09  lr: 0.000004  loss: 35.5701 (35.5701)  loss_mal: 1.2109 (1.2109)  loss_bbox: 0.5631 (0.5631)  loss_giou: 0.2884 (0.2884)  loss_fgl: 0.8281 (0.8281)  loss_mal_aux_0: 2.2754 (2.2754)  loss_bbox_aux_0: 0.6736 (0.6736)  loss_giou_aux_0: 0.3512 (0.3512)  loss_fgl_aux_0: 1.0338 (1.0338)  loss_ddf_aux_0: 0.4504 (0.4504)  loss_mal_aux_1: 1.3818 (1.3818)  loss_bbox_aux_1: 0.6023 (0.6023)  loss_giou_aux_1: 0.3024 (0.3024)  loss_fgl_aux_1: 0.8815 (0.8815)  loss_ddf_aux_1: 0.0499 (0.0499)  loss_mal_aux_2: 1.2539 (1.2539)  loss_bbox_aux_2: 0.5456 (0.5456)  loss_giou_aux_2: 0.2940 (0.2940)  loss_fgl_aux_2: 0.8283 (0.8283)  loss_ddf_aux_2: 0.0019 (0.0019)  loss_mal_pre: 2.2090 (2.2090)  loss_bbox_pre: 0.6780 (0.6780)  loss_giou_pre: 0.3583 (0.3583)  loss_mal_enc_0: 2.2344 (2.2344)  loss_bbox_enc_0: 0.9587 (0.9587)  loss_giou_enc_0: 0.8460 (0.8460)  loss_mal_dn_0: 1.8320 (1.8320)  loss_bbox_dn_0: 0.2061 (0.2061)  loss_giou_dn_0: 0.3761 (0.3761)  loss_fgl_dn_0: 1.2345 (1.2345)  loss_ddf_dn_0: 1.2189 (1.2189)  loss_mal_dn_1: 1.1357 (1.1357)  loss_bbox_dn_1: 0.1065 (0.1065)  loss_giou_dn_1: 0.1917 (0.1917)  loss_fgl_dn_1: 0.9045 (0.9045)  loss_ddf_dn_1: 0.1259 (0.1259)  loss_mal_dn_2: 1.1436 (1.1436)  loss_bbox_dn_2: 0.0934 (0.0934)  loss_giou_dn_2: 0.1611 (0.1611)  loss_fgl_dn_2: 0.8392 (0.8392)  loss_ddf_dn_2: 0.0046 (0.0046)  loss_mal_dn_3: 1.2090 (1.2090)  loss_bbox_dn_3: 0.0933 (0.0933)  loss_giou_dn_3: 0.1603 (0.1603)  loss_fgl_dn_3: 0.8386 (0.8386)  loss_mal_dn_pre: 2.0000 (2.0000)  loss_bbox_dn_pre: 0.2132 (0.2132)  loss_giou_dn_pre: 0.3809 (0.3809)  time: 1.1715  data: 0.9855  max mem: 3583
Epoch: [94]  [7/8]  eta: 0:00:00  lr: 0.000004  loss: 34.7835 (37.1911)  loss_mal: 1.4121 (1.4832)  loss_bbox: 0.1535 (0.3186)  loss_giou: 0.1831 (0.2163)  loss_fgl: 0.8353 (0.9134)  loss_mal_aux_0: 2.2754 (2.6907)  loss_bbox_aux_0: 0.1821 (0.3937)  loss_giou_aux_0: 0.2500 (0.2968)  loss_fgl_aux_0: 1.0338 (1.0953)  loss_ddf_aux_0: 0.4504 (0.4465)  loss_mal_aux_1: 1.7041 (1.6698)  loss_bbox_aux_1: 0.1540 (0.3326)  loss_giou_aux_1: 0.2004 (0.2314)  loss_fgl_aux_1: 0.8613 (0.9585)  loss_ddf_aux_1: 0.0536 (0.0564)  loss_mal_aux_2: 1.4688 (1.5432)  loss_bbox_aux_2: 0.1527 (0.3170)  loss_giou_aux_2: 0.1804 (0.2167)  loss_fgl_aux_2: 0.8331 (0.9138)  loss_ddf_aux_2: 0.0020 (0.0023)  loss_mal_pre: 2.2871 (2.4431)  loss_bbox_pre: 0.1842 (0.3909)  loss_giou_pre: 0.2394 (0.2979)  loss_mal_enc_0: 2.4121 (2.4065)  loss_bbox_enc_0: 0.5482 (0.8118)  loss_giou_enc_0: 0.7590 (0.7790)  loss_mal_dn_0: 1.7461 (1.7540)  loss_bbox_dn_0: 0.3209 (0.4653)  loss_giou_dn_0: 0.3761 (0.4238)  loss_fgl_dn_0: 1.2140 (1.2147)  loss_ddf_dn_0: 1.2800 (1.2192)  loss_mal_dn_1: 1.1240 (1.0975)  loss_bbox_dn_1: 0.1732 (0.3494)  loss_giou_dn_1: 0.2194 (0.2703)  loss_fgl_dn_1: 0.9143 (0.9727)  loss_ddf_dn_1: 0.1427 (0.1566)  loss_mal_dn_2: 1.0996 (1.1034)  loss_bbox_dn_2: 0.1547 (0.3264)  loss_giou_dn_2: 0.1914 (0.2415)  loss_fgl_dn_2: 0.8779 (0.9207)  loss_ddf_dn_2: 0.0068 (0.0074)  loss_mal_dn_3: 1.1523 (1.1438)  loss_bbox_dn_3: 0.1540 (0.3256)  loss_giou_dn_3: 0.1867 (0.2395)  loss_fgl_dn_3: 0.8785 (0.9202)  loss_mal_dn_pre: 1.9180 (1.9221)  loss_bbox_dn_pre: 0.3280 (0.4700)  loss_giou_dn_pre: 0.3836 (0.4216)  time: 0.2629  data: 0.1285  max mem: 3583
Epoch: [94] Total time: 0:00:02 (0.2736 s / it)
Averaged stats: lr: 0.000004  loss: 34.7835 (37.1911)  loss_mal: 1.4121 (1.4832)  loss_bbox: 0.1535 (0.3186)  loss_giou: 0.1831 (0.2163)  loss_fgl: 0.8353 (0.9134)  loss_mal_aux_0: 2.2754 (2.6907)  loss_bbox_aux_0: 0.1821 (0.3937)  loss_giou_aux_0: 0.2500 (0.2968)  loss_fgl_aux_0: 1.0338 (1.0953)  loss_ddf_aux_0: 0.4504 (0.4465)  loss_mal_aux_1: 1.7041 (1.6698)  loss_bbox_aux_1: 0.1540 (0.3326)  loss_giou_aux_1: 0.2004 (0.2314)  loss_fgl_aux_1: 0.8613 (0.9585)  loss_ddf_aux_1: 0.0536 (0.0564)  loss_mal_aux_2: 1.4688 (1.5432)  loss_bbox_aux_2: 0.1527 (0.3170)  loss_giou_aux_2: 0.1804 (0.2167)  loss_fgl_aux_2: 0.8331 (0.9138)  loss_ddf_aux_2: 0.0020 (0.0023)  loss_mal_pre: 2.2871 (2.4431)  loss_bbox_pre: 0.1842 (0.3909)  loss_giou_pre: 0.2394 (0.2979)  loss_mal_enc_0: 2.4121 (2.4065)  loss_bbox_enc_0: 0.5482 (0.8118)  loss_giou_enc_0: 0.7590 (0.7790)  loss_mal_dn_0: 1.7461 (1.7540)  loss_bbox_dn_0: 0.3209 (0.4653)  loss_giou_dn_0: 0.3761 (0.4238)  loss_fgl_dn_0: 1.2140 (1.2147)  loss_ddf_dn_0: 1.2800 (1.2192)  loss_mal_dn_1: 1.1240 (1.0975)  loss_bbox_dn_1: 0.1732 (0.3494)  loss_giou_dn_1: 0.2194 (0.2703)  loss_fgl_dn_1: 0.9143 (0.9727)  loss_ddf_dn_1: 0.1427 (0.1566)  loss_mal_dn_2: 1.0996 (1.1034)  loss_bbox_dn_2: 0.1547 (0.3264)  loss_giou_dn_2: 0.1914 (0.2415)  loss_fgl_dn_2: 0.8779 (0.9207)  loss_ddf_dn_2: 0.0068 (0.0074)  loss_mal_dn_3: 1.1523 (1.1438)  loss_bbox_dn_3: 0.1540 (0.3256)  loss_giou_dn_3: 0.1867 (0.2395)  loss_fgl_dn_3: 0.8785 (0.9202)  loss_mal_dn_pre: 1.9180 (1.9221)  loss_bbox_dn_pre: 0.3280 (0.4700)  loss_giou_dn_pre: 0.3836 (0.4216)
Test:  [0/4]  eta: 0:00:01    time: 0.3783  data: 0.3403  max mem: 3583
Test:  [3/4]  eta: 0:00:00    time: 0.1191  data: 0.0872  max mem: 3583
Test: Total time: 0:00:00 (0.1378 s / it)
Averaged stats: 
Accumulating evaluation results...
COCOeval_opt.accumulate() finished...
DONE (t=0.00s).
IoU metric: bbox
 Average Precision  (AP) @[ IoU=0.50:0.95 | area=   all | maxDets=100 ] = 0.710
 Average Precision  (AP) @[ IoU=0.50      | area=   all | maxDets=100 ] = 0.806
 Average Precision  (AP) @[ IoU=0.75      | area=   all | maxDets=100 ] = 0.784
 Average Precision  (AP) @[ IoU=0.50:0.95 | area= small | maxDets=100 ] = -1.000
 Average Precision  (AP) @[ IoU=0.50:0.95 | area=medium | maxDets=100 ] = -1.000
 Average Precision  (AP) @[ IoU=0.50:0.95 | area= large | maxDets=100 ] = 0.710
 Average Recall     (AR) @[ IoU=0.50:0.95 | area=   all | maxDets=  1 ] = 0.803
 Average Recall     (AR) @[ IoU=0.50:0.95 | area=   all | maxDets= 10 ] = 0.890
 Average Recall     (AR) @[ IoU=0.50:0.95 | area=   all | maxDets=100 ] = 0.920
 Average Recall     (AR) @[ IoU=0.50:0.95 | area= small | maxDets=100 ] = -1.000
 Average Recall     (AR) @[ IoU=0.50:0.95 | area=medium | maxDets=100 ] = -1.000
 Average Recall     (AR) @[ IoU=0.50:0.95 | area= large | maxDets=100 ] = 0.920
 Average Recall     (AR) @[ IoU=0.50      | area=   all | maxDets=100 ] = 1.000
 Average Recall     (AR) @[ IoU=0.75      | area=   all | maxDets=100 ] = 1.000
best_stat: {'epoch': 93, 'coco_eval_bbox': 0.7572679250911202}
Epoch: [95]  [0/8]  eta: 0:00:10  lr: 0.000004  loss: 32.4204 (32.4204)  loss_mal: 1.4072 (1.4072)  loss_bbox: 0.0747 (0.0747)  loss_giou: 0.1535 (0.1535)  loss_fgl: 0.9225 (0.9225)  loss_mal_aux_0: 2.7383 (2.7383)  loss_bbox_aux_0: 0.0834 (0.0834)  loss_giou_aux_0: 0.1831 (0.1831)  loss_fgl_aux_0: 0.9968 (0.9968)  loss_ddf_aux_0: 0.2593 (0.2593)  loss_mal_aux_1: 2.2363 (2.2363)  loss_bbox_aux_1: 0.0768 (0.0768)  loss_giou_aux_1: 0.1578 (0.1578)  loss_fgl_aux_1: 0.9359 (0.9359)  loss_ddf_aux_1: 0.0262 (0.0262)  loss_mal_aux_2: 1.4014 (1.4014)  loss_bbox_aux_2: 0.0758 (0.0758)  loss_giou_aux_2: 0.1557 (0.1557)  loss_fgl_aux_2: 0.9326 (0.9326)  loss_ddf_aux_2: 0.0028 (0.0028)  loss_mal_pre: 2.4492 (2.4492)  loss_bbox_pre: 0.0839 (0.0839)  loss_giou_pre: 0.1852 (0.1852)  loss_mal_enc_0: 2.4629 (2.4629)  loss_bbox_enc_0: 0.4495 (0.4495)  loss_giou_enc_0: 0.6986 (0.6986)  loss_mal_dn_0: 1.7188 (1.7188)  loss_bbox_dn_0: 0.1082 (0.1082)  loss_giou_dn_0: 0.2684 (0.2684)  loss_fgl_dn_0: 1.1449 (1.1449)  loss_ddf_dn_0: 0.7848 (0.7848)  loss_mal_dn_1: 1.0703 (1.0703)  loss_bbox_dn_1: 0.0654 (0.0654)  loss_giou_dn_1: 0.1825 (0.1825)  loss_fgl_dn_1: 0.9802 (0.9802)  loss_ddf_dn_1: 0.0907 (0.0907)  loss_mal_dn_2: 1.0596 (1.0596)  loss_bbox_dn_2: 0.0629 (0.0629)  loss_giou_dn_2: 0.1774 (0.1774)  loss_fgl_dn_2: 0.9743 (0.9743)  loss_ddf_dn_2: 0.0057 (0.0057)  loss_mal_dn_3: 1.0928 (1.0928)  loss_bbox_dn_3: 0.0621 (0.0621)  loss_giou_dn_3: 0.1736 (0.1736)  loss_fgl_dn_3: 0.9663 (0.9663)  loss_mal_dn_pre: 1.9043 (1.9043)  loss_bbox_dn_pre: 0.1097 (0.1097)  loss_giou_dn_pre: 0.2682 (0.2682)  time: 1.3275  data: 1.1692  max mem: 3583
Epoch: [95]  [7/8]  eta: 0:00:00  lr: 0.000004  loss: 34.0290 (36.0323)  loss_mal: 1.4570 (1.4565)  loss_bbox: 0.0863 (0.2317)  loss_giou: 0.1535 (0.2022)  loss_fgl: 0.8406 (0.8618)  loss_mal_aux_0: 2.6172 (2.8284)  loss_bbox_aux_0: 0.1138 (0.2960)  loss_giou_aux_0: 0.1998 (0.2637)  loss_fgl_aux_0: 0.9974 (1.0479)  loss_ddf_aux_0: 0.3303 (0.3838)  loss_mal_aux_1: 1.7344 (1.8638)  loss_bbox_aux_1: 0.0944 (0.2480)  loss_giou_aux_1: 0.1578 (0.2119)  loss_fgl_aux_1: 0.8819 (0.8956)  loss_ddf_aux_1: 0.0360 (0.0431)  loss_mal_aux_2: 1.4014 (1.4924)  loss_bbox_aux_2: 0.0860 (0.2334)  loss_giou_aux_2: 0.1534 (0.2020)  loss_fgl_aux_2: 0.8367 (0.8629)  loss_ddf_aux_2: 0.0018 (0.0025)  loss_mal_pre: 2.3965 (2.5042)  loss_bbox_pre: 0.1143 (0.2990)  loss_giou_pre: 0.1973 (0.2616)  loss_mal_enc_0: 2.3887 (2.3745)  loss_bbox_enc_0: 0.5032 (0.8067)  loss_giou_enc_0: 0.7390 (0.7624)  loss_mal_dn_0: 1.6543 (1.6644)  loss_bbox_dn_0: 0.3022 (0.4494)  loss_giou_dn_0: 0.3842 (0.4304)  loss_fgl_dn_0: 1.2280 (1.2253)  loss_ddf_dn_0: 1.2215 (1.2204)  loss_mal_dn_1: 1.0811 (1.1067)  loss_bbox_dn_1: 0.1410 (0.2635)  loss_giou_dn_1: 0.1966 (0.2578)  loss_fgl_dn_1: 0.9407 (0.9734)  loss_ddf_dn_1: 0.1436 (0.1701)  loss_mal_dn_2: 1.0732 (1.0886)  loss_bbox_dn_2: 0.1284 (0.2288)  loss_giou_dn_2: 0.1774 (0.2280)  loss_fgl_dn_2: 0.8783 (0.9114)  loss_ddf_dn_2: 0.0078 (0.0087)  loss_mal_dn_3: 1.0713 (1.0917)  loss_bbox_dn_3: 0.1270 (0.2267)  loss_giou_dn_3: 0.1736 (0.2257)  loss_fgl_dn_3: 0.8770 (0.9109)  loss_mal_dn_pre: 1.8281 (1.8231)  loss_bbox_dn_pre: 0.3061 (0.4582)  loss_giou_dn_pre: 0.3845 (0.4332)  time: 0.2866  data: 0.1575  max mem: 3583
Epoch: [95] Total time: 0:00:02 (0.2940 s / it)
Averaged stats: lr: 0.000004  loss: 34.0290 (36.0323)  loss_mal: 1.4570 (1.4565)  loss_bbox: 0.0863 (0.2317)  loss_giou: 0.1535 (0.2022)  loss_fgl: 0.8406 (0.8618)  loss_mal_aux_0: 2.6172 (2.8284)  loss_bbox_aux_0: 0.1138 (0.2960)  loss_giou_aux_0: 0.1998 (0.2637)  loss_fgl_aux_0: 0.9974 (1.0479)  loss_ddf_aux_0: 0.3303 (0.3838)  loss_mal_aux_1: 1.7344 (1.8638)  loss_bbox_aux_1: 0.0944 (0.2480)  loss_giou_aux_1: 0.1578 (0.2119)  loss_fgl_aux_1: 0.8819 (0.8956)  loss_ddf_aux_1: 0.0360 (0.0431)  loss_mal_aux_2: 1.4014 (1.4924)  loss_bbox_aux_2: 0.0860 (0.2334)  loss_giou_aux_2: 0.1534 (0.2020)  loss_fgl_aux_2: 0.8367 (0.8629)  loss_ddf_aux_2: 0.0018 (0.0025)  loss_mal_pre: 2.3965 (2.5042)  loss_bbox_pre: 0.1143 (0.2990)  loss_giou_pre: 0.1973 (0.2616)  loss_mal_enc_0: 2.3887 (2.3745)  loss_bbox_enc_0: 0.5032 (0.8067)  loss_giou_enc_0: 0.7390 (0.7624)  loss_mal_dn_0: 1.6543 (1.6644)  loss_bbox_dn_0: 0.3022 (0.4494)  loss_giou_dn_0: 0.3842 (0.4304)  loss_fgl_dn_0: 1.2280 (1.2253)  loss_ddf_dn_0: 1.2215 (1.2204)  loss_mal_dn_1: 1.0811 (1.1067)  loss_bbox_dn_1: 0.1410 (0.2635)  loss_giou_dn_1: 0.1966 (0.2578)  loss_fgl_dn_1: 0.9407 (0.9734)  loss_ddf_dn_1: 0.1436 (0.1701)  loss_mal_dn_2: 1.0732 (1.0886)  loss_bbox_dn_2: 0.1284 (0.2288)  loss_giou_dn_2: 0.1774 (0.2280)  loss_fgl_dn_2: 0.8783 (0.9114)  loss_ddf_dn_2: 0.0078 (0.0087)  loss_mal_dn_3: 1.0713 (1.0917)  loss_bbox_dn_3: 0.1270 (0.2267)  loss_giou_dn_3: 0.1736 (0.2257)  loss_fgl_dn_3: 0.8770 (0.9109)  loss_mal_dn_pre: 1.8281 (1.8231)  loss_bbox_dn_pre: 0.3061 (0.4582)  loss_giou_dn_pre: 0.3845 (0.4332)
Test:  [0/4]  eta: 0:00:01    time: 0.3785  data: 0.3401  max mem: 3583
Test:  [3/4]  eta: 0:00:00    time: 0.1210  data: 0.0871  max mem: 3583
Test: Total time: 0:00:00 (0.1374 s / it)
Averaged stats: 
Accumulating evaluation results...
COCOeval_opt.accumulate() finished...
DONE (t=0.00s).
IoU metric: bbox
 Average Precision  (AP) @[ IoU=0.50:0.95 | area=   all | maxDets=100 ] = 0.694
 Average Precision  (AP) @[ IoU=0.50      | area=   all | maxDets=100 ] = 0.790
 Average Precision  (AP) @[ IoU=0.75      | area=   all | maxDets=100 ] = 0.775
 Average Precision  (AP) @[ IoU=0.50:0.95 | area= small | maxDets=100 ] = -1.000
 Average Precision  (AP) @[ IoU=0.50:0.95 | area=medium | maxDets=100 ] = -1.000
 Average Precision  (AP) @[ IoU=0.50:0.95 | area= large | maxDets=100 ] = 0.694
 Average Recall     (AR) @[ IoU=0.50:0.95 | area=   all | maxDets=  1 ] = 0.813
 Average Recall     (AR) @[ IoU=0.50:0.95 | area=   all | maxDets= 10 ] = 0.893
 Average Recall     (AR) @[ IoU=0.50:0.95 | area=   all | maxDets=100 ] = 0.920
 Average Recall     (AR) @[ IoU=0.50:0.95 | area= small | maxDets=100 ] = -1.000
 Average Recall     (AR) @[ IoU=0.50:0.95 | area=medium | maxDets=100 ] = -1.000
 Average Recall     (AR) @[ IoU=0.50:0.95 | area= large | maxDets=100 ] = 0.920
 Average Recall     (AR) @[ IoU=0.50      | area=   all | maxDets=100 ] = 1.000
 Average Recall     (AR) @[ IoU=0.75      | area=   all | maxDets=100 ] = 1.000
best_stat: {'epoch': 93, 'coco_eval_bbox': 0.7572679250911202}
Epoch: [96]  [0/8]  eta: 0:00:07  lr: 0.000004  loss: 43.9734 (43.9734)  loss_mal: 1.3652 (1.3652)  loss_bbox: 0.9455 (0.9455)  loss_giou: 0.5138 (0.5138)  loss_fgl: 0.9480 (0.9480)  loss_mal_aux_0: 2.1309 (2.1309)  loss_bbox_aux_0: 1.0460 (1.0460)  loss_giou_aux_0: 0.5940 (0.5940)  loss_fgl_aux_0: 1.1199 (1.1199)  loss_ddf_aux_0: 0.4446 (0.4446)  loss_mal_aux_1: 1.5156 (1.5156)  loss_bbox_aux_1: 1.0035 (1.0035)  loss_giou_aux_1: 0.5392 (0.5392)  loss_fgl_aux_1: 0.9795 (0.9795)  loss_ddf_aux_1: 0.0599 (0.0599)  loss_mal_aux_2: 1.3398 (1.3398)  loss_bbox_aux_2: 0.9411 (0.9411)  loss_giou_aux_2: 0.5065 (0.5065)  loss_fgl_aux_2: 0.9425 (0.9425)  loss_ddf_aux_2: 0.0041 (0.0041)  loss_mal_pre: 2.1484 (2.1484)  loss_bbox_pre: 1.0056 (1.0056)  loss_giou_pre: 0.6032 (0.6032)  loss_mal_enc_0: 2.0840 (2.0840)  loss_bbox_enc_0: 1.3958 (1.3958)  loss_giou_enc_0: 0.9693 (0.9693)  loss_mal_dn_0: 1.4707 (1.4707)  loss_bbox_dn_0: 0.8813 (0.8813)  loss_giou_dn_0: 0.6472 (0.6472)  loss_fgl_dn_0: 1.2451 (1.2451)  loss_ddf_dn_0: 1.2998 (1.2998)  loss_mal_dn_1: 1.0801 (1.0801)  loss_bbox_dn_1: 0.6899 (0.6899)  loss_giou_dn_1: 0.4900 (0.4900)  loss_fgl_dn_1: 1.1461 (1.1461)  loss_ddf_dn_1: 0.2058 (0.2058)  loss_mal_dn_2: 1.0352 (1.0352)  loss_bbox_dn_2: 0.6536 (0.6536)  loss_giou_dn_2: 0.4692 (0.4692)  loss_fgl_dn_2: 1.1124 (1.1124)  loss_ddf_dn_2: 0.0130 (0.0130)  loss_mal_dn_3: 1.0264 (1.0264)  loss_bbox_dn_3: 0.6542 (0.6542)  loss_giou_dn_3: 0.4671 (0.4671)  loss_fgl_dn_3: 1.1151 (1.1151)  loss_mal_dn_pre: 1.5898 (1.5898)  loss_bbox_dn_pre: 0.8910 (0.8910)  loss_giou_dn_pre: 0.6445 (0.6445)  time: 0.9252  data: 0.7388  max mem: 3583
Epoch: [96]  [7/8]  eta: 0:00:00  lr: 0.000004  loss: 36.9644 (37.8262)  loss_mal: 1.3213 (1.3217)  loss_bbox: 0.3071 (0.3971)  loss_giou: 0.2404 (0.2675)  loss_fgl: 0.9480 (0.9165)  loss_mal_aux_0: 2.2227 (2.4414)  loss_bbox_aux_0: 0.4348 (0.4758)  loss_giou_aux_0: 0.3191 (0.3482)  loss_fgl_aux_0: 1.1199 (1.0950)  loss_ddf_aux_0: 0.3880 (0.3802)  loss_mal_aux_1: 1.5156 (1.5748)  loss_bbox_aux_1: 0.3302 (0.4220)  loss_giou_aux_1: 0.2567 (0.2840)  loss_fgl_aux_1: 0.9795 (0.9505)  loss_ddf_aux_1: 0.0492 (0.0486)  loss_mal_aux_2: 1.3398 (1.3368)  loss_bbox_aux_2: 0.3095 (0.3994)  loss_giou_aux_2: 0.2494 (0.2673)  loss_fgl_aux_2: 0.9425 (0.9135)  loss_ddf_aux_2: 0.0023 (0.0026)  loss_mal_pre: 2.1758 (2.2776)  loss_bbox_pre: 0.4341 (0.4697)  loss_giou_pre: 0.3139 (0.3508)  loss_mal_enc_0: 2.1641 (2.2417)  loss_bbox_enc_0: 1.0215 (0.9850)  loss_giou_enc_0: 0.8110 (0.8098)  loss_mal_dn_0: 1.5391 (1.5697)  loss_bbox_dn_0: 0.6232 (0.6692)  loss_giou_dn_0: 0.5485 (0.5356)  loss_fgl_dn_0: 1.2347 (1.2380)  loss_ddf_dn_0: 1.4550 (1.3885)  loss_mal_dn_1: 1.1074 (1.1113)  loss_bbox_dn_1: 0.3631 (0.4370)  loss_giou_dn_1: 0.2998 (0.3279)  loss_fgl_dn_1: 1.0124 (1.0017)  loss_ddf_dn_1: 0.2171 (0.2120)  loss_mal_dn_2: 1.0742 (1.0803)  loss_bbox_dn_2: 0.3235 (0.3963)  loss_giou_dn_2: 0.2614 (0.2910)  loss_fgl_dn_2: 0.9320 (0.9397)  loss_ddf_dn_2: 0.0119 (0.0115)  loss_mal_dn_3: 1.0830 (1.0906)  loss_bbox_dn_3: 0.3239 (0.3952)  loss_giou_dn_3: 0.2601 (0.2889)  loss_fgl_dn_3: 0.9312 (0.9408)  loss_mal_dn_pre: 1.6836 (1.7135)  loss_bbox_dn_pre: 0.6416 (0.6744)  loss_giou_dn_pre: 0.5543 (0.5355)  time: 0.2338  data: 0.0970  max mem: 3583
Epoch: [96] Total time: 0:00:01 (0.2410 s / it)
Averaged stats: lr: 0.000004  loss: 36.9644 (37.8262)  loss_mal: 1.3213 (1.3217)  loss_bbox: 0.3071 (0.3971)  loss_giou: 0.2404 (0.2675)  loss_fgl: 0.9480 (0.9165)  loss_mal_aux_0: 2.2227 (2.4414)  loss_bbox_aux_0: 0.4348 (0.4758)  loss_giou_aux_0: 0.3191 (0.3482)  loss_fgl_aux_0: 1.1199 (1.0950)  loss_ddf_aux_0: 0.3880 (0.3802)  loss_mal_aux_1: 1.5156 (1.5748)  loss_bbox_aux_1: 0.3302 (0.4220)  loss_giou_aux_1: 0.2567 (0.2840)  loss_fgl_aux_1: 0.9795 (0.9505)  loss_ddf_aux_1: 0.0492 (0.0486)  loss_mal_aux_2: 1.3398 (1.3368)  loss_bbox_aux_2: 0.3095 (0.3994)  loss_giou_aux_2: 0.2494 (0.2673)  loss_fgl_aux_2: 0.9425 (0.9135)  loss_ddf_aux_2: 0.0023 (0.0026)  loss_mal_pre: 2.1758 (2.2776)  loss_bbox_pre: 0.4341 (0.4697)  loss_giou_pre: 0.3139 (0.3508)  loss_mal_enc_0: 2.1641 (2.2417)  loss_bbox_enc_0: 1.0215 (0.9850)  loss_giou_enc_0: 0.8110 (0.8098)  loss_mal_dn_0: 1.5391 (1.5697)  loss_bbox_dn_0: 0.6232 (0.6692)  loss_giou_dn_0: 0.5485 (0.5356)  loss_fgl_dn_0: 1.2347 (1.2380)  loss_ddf_dn_0: 1.4550 (1.3885)  loss_mal_dn_1: 1.1074 (1.1113)  loss_bbox_dn_1: 0.3631 (0.4370)  loss_giou_dn_1: 0.2998 (0.3279)  loss_fgl_dn_1: 1.0124 (1.0017)  loss_ddf_dn_1: 0.2171 (0.2120)  loss_mal_dn_2: 1.0742 (1.0803)  loss_bbox_dn_2: 0.3235 (0.3963)  loss_giou_dn_2: 0.2614 (0.2910)  loss_fgl_dn_2: 0.9320 (0.9397)  loss_ddf_dn_2: 0.0119 (0.0115)  loss_mal_dn_3: 1.0830 (1.0906)  loss_bbox_dn_3: 0.3239 (0.3952)  loss_giou_dn_3: 0.2601 (0.2889)  loss_fgl_dn_3: 0.9312 (0.9408)  loss_mal_dn_pre: 1.6836 (1.7135)  loss_bbox_dn_pre: 0.6416 (0.6744)  loss_giou_dn_pre: 0.5543 (0.5355)
Test:  [0/4]  eta: 0:00:01    time: 0.3799  data: 0.3387  max mem: 3583
Test:  [3/4]  eta: 0:00:00    time: 0.1196  data: 0.0868  max mem: 3583
Test: Total time: 0:00:00 (0.1396 s / it)
Averaged stats: 
Accumulating evaluation results...
COCOeval_opt.accumulate() finished...
DONE (t=0.00s).
IoU metric: bbox
 Average Precision  (AP) @[ IoU=0.50:0.95 | area=   all | maxDets=100 ] = 0.730
 Average Precision  (AP) @[ IoU=0.50      | area=   all | maxDets=100 ] = 0.842
 Average Precision  (AP) @[ IoU=0.75      | area=   all | maxDets=100 ] = 0.817
 Average Precision  (AP) @[ IoU=0.50:0.95 | area= small | maxDets=100 ] = -1.000
 Average Precision  (AP) @[ IoU=0.50:0.95 | area=medium | maxDets=100 ] = -1.000
 Average Precision  (AP) @[ IoU=0.50:0.95 | area= large | maxDets=100 ] = 0.730
 Average Recall     (AR) @[ IoU=0.50:0.95 | area=   all | maxDets=  1 ] = 0.810
 Average Recall     (AR) @[ IoU=0.50:0.95 | area=   all | maxDets= 10 ] = 0.893
 Average Recall     (AR) @[ IoU=0.50:0.95 | area=   all | maxDets=100 ] = 0.923
 Average Recall     (AR) @[ IoU=0.50:0.95 | area= small | maxDets=100 ] = -1.000
 Average Recall     (AR) @[ IoU=0.50:0.95 | area=medium | maxDets=100 ] = -1.000
 Average Recall     (AR) @[ IoU=0.50:0.95 | area= large | maxDets=100 ] = 0.923
 Average Recall     (AR) @[ IoU=0.50      | area=   all | maxDets=100 ] = 1.000
 Average Recall     (AR) @[ IoU=0.75      | area=   all | maxDets=100 ] = 1.000
best_stat: {'epoch': 93, 'coco_eval_bbox': 0.7572679250911202}
Epoch: [97]  [0/8]  eta: 0:00:08  lr: 0.000004  loss: 32.4301 (32.4301)  loss_mal: 1.2998 (1.2998)  loss_bbox: 0.0861 (0.0861)  loss_giou: 0.1348 (0.1348)  loss_fgl: 0.8489 (0.8489)  loss_mal_aux_0: 2.4688 (2.4688)  loss_bbox_aux_0: 0.1195 (0.1195)  loss_giou_aux_0: 0.2037 (0.2037)  loss_fgl_aux_0: 1.0440 (1.0440)  loss_ddf_aux_0: 0.3895 (0.3895)  loss_mal_aux_1: 1.4951 (1.4951)  loss_bbox_aux_1: 0.0875 (0.0875)  loss_giou_aux_1: 0.1444 (0.1444)  loss_fgl_aux_1: 0.8890 (0.8890)  loss_ddf_aux_1: 0.0407 (0.0407)  loss_mal_aux_2: 1.2559 (1.2559)  loss_bbox_aux_2: 0.0861 (0.0861)  loss_giou_aux_2: 0.1349 (0.1349)  loss_fgl_aux_2: 0.8515 (0.8515)  loss_ddf_aux_2: 0.0011 (0.0011)  loss_mal_pre: 2.2324 (2.2324)  loss_bbox_pre: 0.1249 (0.1249)  loss_giou_pre: 0.2119 (0.2119)  loss_mal_enc_0: 2.3398 (2.3398)  loss_bbox_enc_0: 0.4887 (0.4887)  loss_giou_enc_0: 0.7235 (0.7235)  loss_mal_dn_0: 1.6133 (1.6133)  loss_bbox_dn_0: 0.2956 (0.2956)  loss_giou_dn_0: 0.4183 (0.4183)  loss_fgl_dn_0: 1.2541 (1.2541)  loss_ddf_dn_0: 1.5127 (1.5127)  loss_mal_dn_1: 1.0332 (1.0332)  loss_bbox_dn_1: 0.1663 (0.1663)  loss_giou_dn_1: 0.2255 (0.2255)  loss_fgl_dn_1: 0.9357 (0.9357)  loss_ddf_dn_1: 0.2106 (0.2106)  loss_mal_dn_2: 1.0635 (1.0635)  loss_bbox_dn_2: 0.1409 (0.1409)  loss_giou_dn_2: 0.1933 (0.1933)  loss_fgl_dn_2: 0.8670 (0.8670)  loss_ddf_dn_2: 0.0086 (0.0086)  loss_mal_dn_3: 1.0879 (1.0879)  loss_bbox_dn_3: 0.1403 (0.1403)  loss_giou_dn_3: 0.1925 (0.1925)  loss_fgl_dn_3: 0.8680 (0.8680)  loss_mal_dn_pre: 1.7812 (1.7812)  loss_bbox_dn_pre: 0.2993 (0.2993)  loss_giou_dn_pre: 0.4196 (0.4196)  time: 1.0653  data: 0.8981  max mem: 3583
Epoch: [97]  [7/8]  eta: 0:00:00  lr: 0.000004  loss: 32.6074 (33.4278)  loss_mal: 1.2666 (1.3073)  loss_bbox: 0.0898 (0.1018)  loss_giou: 0.1348 (0.1396)  loss_fgl: 0.8489 (0.8668)  loss_mal_aux_0: 2.9453 (3.0986)  loss_bbox_aux_0: 0.1195 (0.1616)  loss_giou_aux_0: 0.2028 (0.1992)  loss_fgl_aux_0: 1.0047 (1.0539)  loss_ddf_aux_0: 0.2887 (0.3500)  loss_mal_aux_1: 1.6611 (1.6747)  loss_bbox_aux_1: 0.0900 (0.1149)  loss_giou_aux_1: 0.1444 (0.1491)  loss_fgl_aux_1: 0.8469 (0.9011)  loss_ddf_aux_1: 0.0362 (0.0444)  loss_mal_aux_2: 1.2959 (1.2985)  loss_bbox_aux_2: 0.0898 (0.1035)  loss_giou_aux_2: 0.1349 (0.1404)  loss_fgl_aux_2: 0.8515 (0.8687)  loss_ddf_aux_2: 0.0018 (0.0021)  loss_mal_pre: 2.4922 (2.5793)  loss_bbox_pre: 0.1249 (0.1709)  loss_giou_pre: 0.1973 (0.2025)  loss_mal_enc_0: 2.4258 (2.4099)  loss_bbox_enc_0: 0.5332 (0.5998)  loss_giou_enc_0: 0.6770 (0.6762)  loss_mal_dn_0: 1.6084 (1.5992)  loss_bbox_dn_0: 0.3197 (0.3011)  loss_giou_dn_0: 0.3874 (0.3723)  loss_fgl_dn_0: 1.2013 (1.2236)  loss_ddf_dn_0: 1.2908 (1.2497)  loss_mal_dn_1: 1.0596 (1.0764)  loss_bbox_dn_1: 0.1635 (0.1548)  loss_giou_dn_1: 0.1970 (0.1950)  loss_fgl_dn_1: 0.9122 (0.9237)  loss_ddf_dn_1: 0.1596 (0.1754)  loss_mal_dn_2: 1.0635 (1.0750)  loss_bbox_dn_2: 0.1150 (0.1261)  loss_giou_dn_2: 0.1690 (0.1709)  loss_fgl_dn_2: 0.8670 (0.8690)  loss_ddf_dn_2: 0.0090 (0.0090)  loss_mal_dn_3: 1.0488 (1.0761)  loss_bbox_dn_3: 0.1115 (0.1245)  loss_giou_dn_3: 0.1679 (0.1695)  loss_fgl_dn_3: 0.8680 (0.8686)  loss_mal_dn_pre: 1.7773 (1.7649)  loss_bbox_dn_pre: 0.3242 (0.3101)  loss_giou_dn_pre: 0.3914 (0.3782)  time: 0.2911  data: 0.1421  max mem: 3583
Epoch: [97] Total time: 0:00:02 (0.3014 s / it)
Averaged stats: lr: 0.000004  loss: 32.6074 (33.4278)  loss_mal: 1.2666 (1.3073)  loss_bbox: 0.0898 (0.1018)  loss_giou: 0.1348 (0.1396)  loss_fgl: 0.8489 (0.8668)  loss_mal_aux_0: 2.9453 (3.0986)  loss_bbox_aux_0: 0.1195 (0.1616)  loss_giou_aux_0: 0.2028 (0.1992)  loss_fgl_aux_0: 1.0047 (1.0539)  loss_ddf_aux_0: 0.2887 (0.3500)  loss_mal_aux_1: 1.6611 (1.6747)  loss_bbox_aux_1: 0.0900 (0.1149)  loss_giou_aux_1: 0.1444 (0.1491)  loss_fgl_aux_1: 0.8469 (0.9011)  loss_ddf_aux_1: 0.0362 (0.0444)  loss_mal_aux_2: 1.2959 (1.2985)  loss_bbox_aux_2: 0.0898 (0.1035)  loss_giou_aux_2: 0.1349 (0.1404)  loss_fgl_aux_2: 0.8515 (0.8687)  loss_ddf_aux_2: 0.0018 (0.0021)  loss_mal_pre: 2.4922 (2.5793)  loss_bbox_pre: 0.1249 (0.1709)  loss_giou_pre: 0.1973 (0.2025)  loss_mal_enc_0: 2.4258 (2.4099)  loss_bbox_enc_0: 0.5332 (0.5998)  loss_giou_enc_0: 0.6770 (0.6762)  loss_mal_dn_0: 1.6084 (1.5992)  loss_bbox_dn_0: 0.3197 (0.3011)  loss_giou_dn_0: 0.3874 (0.3723)  loss_fgl_dn_0: 1.2013 (1.2236)  loss_ddf_dn_0: 1.2908 (1.2497)  loss_mal_dn_1: 1.0596 (1.0764)  loss_bbox_dn_1: 0.1635 (0.1548)  loss_giou_dn_1: 0.1970 (0.1950)  loss_fgl_dn_1: 0.9122 (0.9237)  loss_ddf_dn_1: 0.1596 (0.1754)  loss_mal_dn_2: 1.0635 (1.0750)  loss_bbox_dn_2: 0.1150 (0.1261)  loss_giou_dn_2: 0.1690 (0.1709)  loss_fgl_dn_2: 0.8670 (0.8690)  loss_ddf_dn_2: 0.0090 (0.0090)  loss_mal_dn_3: 1.0488 (1.0761)  loss_bbox_dn_3: 0.1115 (0.1245)  loss_giou_dn_3: 0.1679 (0.1695)  loss_fgl_dn_3: 0.8680 (0.8686)  loss_mal_dn_pre: 1.7773 (1.7649)  loss_bbox_dn_pre: 0.3242 (0.3101)  loss_giou_dn_pre: 0.3914 (0.3782)
Test:  [0/4]  eta: 0:00:01    time: 0.4039  data: 0.3522  max mem: 3583
Test:  [3/4]  eta: 0:00:00    time: 0.1643  data: 0.0900  max mem: 3583
Test: Total time: 0:00:00 (0.1845 s / it)
Averaged stats: 
Accumulating evaluation results...
COCOeval_opt.accumulate() finished...
DONE (t=0.00s).
IoU metric: bbox
 Average Precision  (AP) @[ IoU=0.50:0.95 | area=   all | maxDets=100 ] = 0.759
 Average Precision  (AP) @[ IoU=0.50      | area=   all | maxDets=100 ] = 0.897
 Average Precision  (AP) @[ IoU=0.75      | area=   all | maxDets=100 ] = 0.875
 Average Precision  (AP) @[ IoU=0.50:0.95 | area= small | maxDets=100 ] = -1.000
 Average Precision  (AP) @[ IoU=0.50:0.95 | area=medium | maxDets=100 ] = -1.000
 Average Precision  (AP) @[ IoU=0.50:0.95 | area= large | maxDets=100 ] = 0.759
 Average Recall     (AR) @[ IoU=0.50:0.95 | area=   all | maxDets=  1 ] = 0.807
 Average Recall     (AR) @[ IoU=0.50:0.95 | area=   all | maxDets= 10 ] = 0.890
 Average Recall     (AR) @[ IoU=0.50:0.95 | area=   all | maxDets=100 ] = 0.917
 Average Recall     (AR) @[ IoU=0.50:0.95 | area= small | maxDets=100 ] = -1.000
 Average Recall     (AR) @[ IoU=0.50:0.95 | area=medium | maxDets=100 ] = -1.000
 Average Recall     (AR) @[ IoU=0.50:0.95 | area= large | maxDets=100 ] = 0.917
 Average Recall     (AR) @[ IoU=0.50      | area=   all | maxDets=100 ] = 1.000
 Average Recall     (AR) @[ IoU=0.75      | area=   all | maxDets=100 ] = 1.000
best_stat: {'epoch': 97, 'coco_eval_bbox': 0.7588688231433481}
Epoch: [98]  [0/8]  eta: 0:00:07  lr: 0.000004  loss: 35.4052 (35.4052)  loss_mal: 1.3584 (1.3584)  loss_bbox: 0.1093 (0.1093)  loss_giou: 0.0881 (0.0881)  loss_fgl: 0.7144 (0.7144)  loss_mal_aux_0: 4.8281 (4.8281)  loss_bbox_aux_0: 0.1368 (0.1368)  loss_giou_aux_0: 0.1310 (0.1310)  loss_fgl_aux_0: 0.9184 (0.9184)  loss_ddf_aux_0: 0.2398 (0.2398)  loss_mal_aux_1: 2.0449 (2.0449)  loss_bbox_aux_1: 0.1108 (0.1108)  loss_giou_aux_1: 0.0957 (0.0957)  loss_fgl_aux_1: 0.7616 (0.7616)  loss_ddf_aux_1: 0.0306 (0.0306)  loss_mal_aux_2: 1.4727 (1.4727)  loss_bbox_aux_2: 0.1100 (0.1100)  loss_giou_aux_2: 0.0890 (0.0890)  loss_fgl_aux_2: 0.7168 (0.7168)  loss_ddf_aux_2: 0.0013 (0.0013)  loss_mal_pre: 3.5566 (3.5566)  loss_bbox_pre: 0.1188 (0.1188)  loss_giou_pre: 0.1242 (0.1242)  loss_mal_enc_0: 2.5449 (2.5449)  loss_bbox_enc_0: 0.7401 (0.7401)  loss_giou_enc_0: 0.6711 (0.6711)  loss_mal_dn_0: 1.6133 (1.6133)  loss_bbox_dn_0: 0.4729 (0.4729)  loss_giou_dn_0: 0.3637 (0.3637)  loss_fgl_dn_0: 1.1796 (1.1796)  loss_ddf_dn_0: 0.9520 (0.9520)  loss_mal_dn_1: 1.0195 (1.0195)  loss_bbox_dn_1: 0.1894 (0.1894)  loss_giou_dn_1: 0.1508 (0.1508)  loss_fgl_dn_1: 0.8324 (0.8324)  loss_ddf_dn_1: 0.1328 (0.1328)  loss_mal_dn_2: 1.0879 (1.0879)  loss_bbox_dn_2: 0.1358 (0.1358)  loss_giou_dn_2: 0.0999 (0.0999)  loss_fgl_dn_2: 0.7390 (0.7390)  loss_ddf_dn_2: 0.0054 (0.0054)  loss_mal_dn_3: 1.1113 (1.1113)  loss_bbox_dn_3: 0.1325 (0.1325)  loss_giou_dn_3: 0.0986 (0.0986)  loss_fgl_dn_3: 0.7368 (0.7368)  loss_mal_dn_pre: 1.7881 (1.7881)  loss_bbox_dn_pre: 0.4843 (0.4843)  loss_giou_dn_pre: 0.3656 (0.3656)  time: 0.8761  data: 0.6505  max mem: 3583
Epoch: [98]  [7/8]  eta: 0:00:00  lr: 0.000004  loss: 32.0651 (33.6803)  loss_mal: 1.2402 (1.2166)  loss_bbox: 0.0822 (0.1256)  loss_giou: 0.1344 (0.1570)  loss_fgl: 0.8499 (0.9052)  loss_mal_aux_0: 3.1816 (3.2842)  loss_bbox_aux_0: 0.0982 (0.1682)  loss_giou_aux_0: 0.1914 (0.2174)  loss_fgl_aux_0: 1.0315 (1.0670)  loss_ddf_aux_0: 0.1835 (0.2638)  loss_mal_aux_1: 1.4375 (1.5154)  loss_bbox_aux_1: 0.0843 (0.1328)  loss_giou_aux_1: 0.1576 (0.1677)  loss_fgl_aux_1: 0.9076 (0.9352)  loss_ddf_aux_1: 0.0254 (0.0347)  loss_mal_aux_2: 1.2773 (1.2897)  loss_bbox_aux_2: 0.0820 (0.1256)  loss_giou_aux_2: 0.1356 (0.1572)  loss_fgl_aux_2: 0.8483 (0.9056)  loss_ddf_aux_2: 0.0019 (0.0022)  loss_mal_pre: 2.6387 (2.6841)  loss_bbox_pre: 0.1015 (0.1638)  loss_giou_pre: 0.1953 (0.2126)  loss_mal_enc_0: 2.3848 (2.4802)  loss_bbox_enc_0: 0.4505 (0.5466)  loss_giou_enc_0: 0.6711 (0.6841)  loss_mal_dn_0: 1.5596 (1.5586)  loss_bbox_dn_0: 0.2291 (0.3544)  loss_giou_dn_0: 0.3360 (0.3742)  loss_fgl_dn_0: 1.1813 (1.2100)  loss_ddf_dn_0: 0.8788 (1.0807)  loss_mal_dn_1: 1.0547 (1.0608)  loss_bbox_dn_1: 0.1175 (0.1917)  loss_giou_dn_1: 0.1767 (0.2076)  loss_fgl_dn_1: 0.9420 (0.9453)  loss_ddf_dn_1: 0.1220 (0.1544)  loss_mal_dn_2: 1.0723 (1.0759)  loss_bbox_dn_2: 0.1061 (0.1690)  loss_giou_dn_2: 0.1646 (0.1828)  loss_fgl_dn_2: 0.8873 (0.8927)  loss_ddf_dn_2: 0.0069 (0.0080)  loss_mal_dn_3: 1.0811 (1.0702)  loss_bbox_dn_3: 0.1033 (0.1668)  loss_giou_dn_3: 0.1651 (0.1817)  loss_fgl_dn_3: 0.8867 (0.8929)  loss_mal_dn_pre: 1.6973 (1.7264)  loss_bbox_dn_pre: 0.2399 (0.3583)  loss_giou_dn_pre: 0.3375 (0.3755)  time: 0.2449  data: 0.0863  max mem: 3583
Epoch: [98] Total time: 0:00:02 (0.2543 s / it)
Averaged stats: lr: 0.000004  loss: 32.0651 (33.6803)  loss_mal: 1.2402 (1.2166)  loss_bbox: 0.0822 (0.1256)  loss_giou: 0.1344 (0.1570)  loss_fgl: 0.8499 (0.9052)  loss_mal_aux_0: 3.1816 (3.2842)  loss_bbox_aux_0: 0.0982 (0.1682)  loss_giou_aux_0: 0.1914 (0.2174)  loss_fgl_aux_0: 1.0315 (1.0670)  loss_ddf_aux_0: 0.1835 (0.2638)  loss_mal_aux_1: 1.4375 (1.5154)  loss_bbox_aux_1: 0.0843 (0.1328)  loss_giou_aux_1: 0.1576 (0.1677)  loss_fgl_aux_1: 0.9076 (0.9352)  loss_ddf_aux_1: 0.0254 (0.0347)  loss_mal_aux_2: 1.2773 (1.2897)  loss_bbox_aux_2: 0.0820 (0.1256)  loss_giou_aux_2: 0.1356 (0.1572)  loss_fgl_aux_2: 0.8483 (0.9056)  loss_ddf_aux_2: 0.0019 (0.0022)  loss_mal_pre: 2.6387 (2.6841)  loss_bbox_pre: 0.1015 (0.1638)  loss_giou_pre: 0.1953 (0.2126)  loss_mal_enc_0: 2.3848 (2.4802)  loss_bbox_enc_0: 0.4505 (0.5466)  loss_giou_enc_0: 0.6711 (0.6841)  loss_mal_dn_0: 1.5596 (1.5586)  loss_bbox_dn_0: 0.2291 (0.3544)  loss_giou_dn_0: 0.3360 (0.3742)  loss_fgl_dn_0: 1.1813 (1.2100)  loss_ddf_dn_0: 0.8788 (1.0807)  loss_mal_dn_1: 1.0547 (1.0608)  loss_bbox_dn_1: 0.1175 (0.1917)  loss_giou_dn_1: 0.1767 (0.2076)  loss_fgl_dn_1: 0.9420 (0.9453)  loss_ddf_dn_1: 0.1220 (0.1544)  loss_mal_dn_2: 1.0723 (1.0759)  loss_bbox_dn_2: 0.1061 (0.1690)  loss_giou_dn_2: 0.1646 (0.1828)  loss_fgl_dn_2: 0.8873 (0.8927)  loss_ddf_dn_2: 0.0069 (0.0080)  loss_mal_dn_3: 1.0811 (1.0702)  loss_bbox_dn_3: 0.1033 (0.1668)  loss_giou_dn_3: 0.1651 (0.1817)  loss_fgl_dn_3: 0.8867 (0.8929)  loss_mal_dn_pre: 1.6973 (1.7264)  loss_bbox_dn_pre: 0.2399 (0.3583)  loss_giou_dn_pre: 0.3375 (0.3755)
Test:  [0/4]  eta: 0:00:01    time: 0.3971  data: 0.3585  max mem: 3583
Test:  [3/4]  eta: 0:00:00    time: 0.1263  data: 0.0917  max mem: 3583
Test: Total time: 0:00:00 (0.1472 s / it)
Averaged stats: 
Accumulating evaluation results...
COCOeval_opt.accumulate() finished...
DONE (t=0.00s).
IoU metric: bbox
 Average Precision  (AP) @[ IoU=0.50:0.95 | area=   all | maxDets=100 ] = 0.696
 Average Precision  (AP) @[ IoU=0.50      | area=   all | maxDets=100 ] = 0.820
 Average Precision  (AP) @[ IoU=0.75      | area=   all | maxDets=100 ] = 0.799
 Average Precision  (AP) @[ IoU=0.50:0.95 | area= small | maxDets=100 ] = -1.000
 Average Precision  (AP) @[ IoU=0.50:0.95 | area=medium | maxDets=100 ] = -1.000
 Average Precision  (AP) @[ IoU=0.50:0.95 | area= large | maxDets=100 ] = 0.696
 Average Recall     (AR) @[ IoU=0.50:0.95 | area=   all | maxDets=  1 ] = 0.773
 Average Recall     (AR) @[ IoU=0.50:0.95 | area=   all | maxDets= 10 ] = 0.883
 Average Recall     (AR) @[ IoU=0.50:0.95 | area=   all | maxDets=100 ] = 0.910
 Average Recall     (AR) @[ IoU=0.50:0.95 | area= small | maxDets=100 ] = -1.000
 Average Recall     (AR) @[ IoU=0.50:0.95 | area=medium | maxDets=100 ] = -1.000
 Average Recall     (AR) @[ IoU=0.50:0.95 | area= large | maxDets=100 ] = 0.910
 Average Recall     (AR) @[ IoU=0.50      | area=   all | maxDets=100 ] = 1.000
 Average Recall     (AR) @[ IoU=0.75      | area=   all | maxDets=100 ] = 1.000
best_stat: {'epoch': 97, 'coco_eval_bbox': 0.7588688231433481}
Epoch: [99]  [0/8]  eta: 0:00:09  lr: 0.000004  loss: 34.1057 (34.1057)  loss_mal: 1.3047 (1.3047)  loss_bbox: 0.1628 (0.1628)  loss_giou: 0.2121 (0.2121)  loss_fgl: 1.0460 (1.0460)  loss_mal_aux_0: 2.3926 (2.3926)  loss_bbox_aux_0: 0.2284 (0.2284)  loss_giou_aux_0: 0.3141 (0.3141)  loss_fgl_aux_0: 1.1732 (1.1732)  loss_ddf_aux_0: 0.3838 (0.3838)  loss_mal_aux_1: 1.4502 (1.4502)  loss_bbox_aux_1: 0.1762 (0.1762)  loss_giou_aux_1: 0.2362 (0.2362)  loss_fgl_aux_1: 1.0568 (1.0568)  loss_ddf_aux_1: 0.0531 (0.0531)  loss_mal_aux_2: 1.2881 (1.2881)  loss_bbox_aux_2: 0.1564 (0.1564)  loss_giou_aux_2: 0.2075 (0.2075)  loss_fgl_aux_2: 1.0482 (1.0482)  loss_ddf_aux_2: 0.0045 (0.0045)  loss_mal_pre: 2.1621 (2.1621)  loss_bbox_pre: 0.2216 (0.2216)  loss_giou_pre: 0.3165 (0.3165)  loss_mal_enc_0: 2.1719 (2.1719)  loss_bbox_enc_0: 0.6139 (0.6139)  loss_giou_enc_0: 0.7882 (0.7882)  loss_mal_dn_0: 1.4023 (1.4023)  loss_bbox_dn_0: 0.3534 (0.3534)  loss_giou_dn_0: 0.4633 (0.4633)  loss_fgl_dn_0: 1.2482 (1.2482)  loss_ddf_dn_0: 1.3201 (1.3201)  loss_mal_dn_1: 1.0420 (1.0420)  loss_bbox_dn_1: 0.2177 (0.2177)  loss_giou_dn_1: 0.2971 (0.2971)  loss_fgl_dn_1: 1.0393 (1.0393)  loss_ddf_dn_1: 0.2196 (0.2196)  loss_mal_dn_2: 1.0586 (1.0586)  loss_bbox_dn_2: 0.1963 (0.1963)  loss_giou_dn_2: 0.2704 (0.2704)  loss_fgl_dn_2: 0.9880 (0.9880)  loss_ddf_dn_2: 0.0148 (0.0148)  loss_mal_dn_3: 1.0049 (1.0049)  loss_bbox_dn_3: 0.1935 (0.1935)  loss_giou_dn_3: 0.2666 (0.2666)  loss_fgl_dn_3: 0.9845 (0.9845)  loss_mal_dn_pre: 1.5498 (1.5498)  loss_bbox_dn_pre: 0.3457 (0.3457)  loss_giou_dn_pre: 0.4604 (0.4604)  time: 1.1526  data: 0.9817  max mem: 3583
Epoch: [99]  [7/8]  eta: 0:00:00  lr: 0.000004  loss: 34.0833 (35.5046)  loss_mal: 1.2539 (1.2631)  loss_bbox: 0.1035 (0.2173)  loss_giou: 0.1631 (0.2269)  loss_fgl: 0.8197 (0.8711)  loss_mal_aux_0: 2.6016 (3.2959)  loss_bbox_aux_0: 0.1768 (0.2731)  loss_giou_aux_0: 0.2346 (0.2967)  loss_fgl_aux_0: 1.0268 (1.0364)  loss_ddf_aux_0: 0.2788 (0.2951)  loss_mal_aux_1: 1.6807 (1.6940)  loss_bbox_aux_1: 0.1014 (0.2201)  loss_giou_aux_1: 0.1574 (0.2352)  loss_fgl_aux_1: 0.8610 (0.8987)  loss_ddf_aux_1: 0.0348 (0.0351)  loss_mal_aux_2: 1.3057 (1.3226)  loss_bbox_aux_2: 0.1031 (0.2165)  loss_giou_aux_2: 0.1617 (0.2258)  loss_fgl_aux_2: 0.8255 (0.8720)  loss_ddf_aux_2: 0.0023 (0.0027)  loss_mal_pre: 2.2012 (2.6538)  loss_bbox_pre: 0.1923 (0.2669)  loss_giou_pre: 0.2324 (0.2985)  loss_mal_enc_0: 2.1738 (2.3679)  loss_bbox_enc_0: 0.4600 (0.6914)  loss_giou_enc_0: 0.7040 (0.7357)  loss_mal_dn_0: 1.4746 (1.4810)  loss_bbox_dn_0: 0.3534 (0.4094)  loss_giou_dn_0: 0.4389 (0.4697)  loss_fgl_dn_0: 1.2387 (1.2329)  loss_ddf_dn_0: 1.1566 (1.2498)  loss_mal_dn_1: 1.0400 (1.0383)  loss_bbox_dn_1: 0.1995 (0.2459)  loss_giou_dn_1: 0.2629 (0.2955)  loss_fgl_dn_1: 0.9349 (0.9677)  loss_ddf_dn_1: 0.1914 (0.1920)  loss_mal_dn_2: 1.0410 (1.0419)  loss_bbox_dn_2: 0.1931 (0.2286)  loss_giou_dn_2: 0.2446 (0.2762)  loss_fgl_dn_2: 0.8838 (0.9118)  loss_ddf_dn_2: 0.0134 (0.0117)  loss_mal_dn_3: 0.9902 (1.0085)  loss_bbox_dn_3: 0.1935 (0.2270)  loss_giou_dn_3: 0.2455 (0.2745)  loss_fgl_dn_3: 0.8773 (0.9130)  loss_mal_dn_pre: 1.6162 (1.6320)  loss_bbox_dn_pre: 0.3457 (0.4160)  loss_giou_dn_pre: 0.4366 (0.4687)  time: 0.2576  data: 0.1245  max mem: 3583
Epoch: [99] Total time: 0:00:02 (0.2697 s / it)
Averaged stats: lr: 0.000004  loss: 34.0833 (35.5046)  loss_mal: 1.2539 (1.2631)  loss_bbox: 0.1035 (0.2173)  loss_giou: 0.1631 (0.2269)  loss_fgl: 0.8197 (0.8711)  loss_mal_aux_0: 2.6016 (3.2959)  loss_bbox_aux_0: 0.1768 (0.2731)  loss_giou_aux_0: 0.2346 (0.2967)  loss_fgl_aux_0: 1.0268 (1.0364)  loss_ddf_aux_0: 0.2788 (0.2951)  loss_mal_aux_1: 1.6807 (1.6940)  loss_bbox_aux_1: 0.1014 (0.2201)  loss_giou_aux_1: 0.1574 (0.2352)  loss_fgl_aux_1: 0.8610 (0.8987)  loss_ddf_aux_1: 0.0348 (0.0351)  loss_mal_aux_2: 1.3057 (1.3226)  loss_bbox_aux_2: 0.1031 (0.2165)  loss_giou_aux_2: 0.1617 (0.2258)  loss_fgl_aux_2: 0.8255 (0.8720)  loss_ddf_aux_2: 0.0023 (0.0027)  loss_mal_pre: 2.2012 (2.6538)  loss_bbox_pre: 0.1923 (0.2669)  loss_giou_pre: 0.2324 (0.2985)  loss_mal_enc_0: 2.1738 (2.3679)  loss_bbox_enc_0: 0.4600 (0.6914)  loss_giou_enc_0: 0.7040 (0.7357)  loss_mal_dn_0: 1.4746 (1.4810)  loss_bbox_dn_0: 0.3534 (0.4094)  loss_giou_dn_0: 0.4389 (0.4697)  loss_fgl_dn_0: 1.2387 (1.2329)  loss_ddf_dn_0: 1.1566 (1.2498)  loss_mal_dn_1: 1.0400 (1.0383)  loss_bbox_dn_1: 0.1995 (0.2459)  loss_giou_dn_1: 0.2629 (0.2955)  loss_fgl_dn_1: 0.9349 (0.9677)  loss_ddf_dn_1: 0.1914 (0.1920)  loss_mal_dn_2: 1.0410 (1.0419)  loss_bbox_dn_2: 0.1931 (0.2286)  loss_giou_dn_2: 0.2446 (0.2762)  loss_fgl_dn_2: 0.8838 (0.9118)  loss_ddf_dn_2: 0.0134 (0.0117)  loss_mal_dn_3: 0.9902 (1.0085)  loss_bbox_dn_3: 0.1935 (0.2270)  loss_giou_dn_3: 0.2455 (0.2745)  loss_fgl_dn_3: 0.8773 (0.9130)  loss_mal_dn_pre: 1.6162 (1.6320)  loss_bbox_dn_pre: 0.3457 (0.4160)  loss_giou_dn_pre: 0.4366 (0.4687)
Test:  [0/4]  eta: 0:00:01    time: 0.4034  data: 0.3571  max mem: 3583
Test:  [3/4]  eta: 0:00:00    time: 0.1309  data: 0.0913  max mem: 3583
Test: Total time: 0:00:00 (0.1488 s / it)
Averaged stats: 
Accumulating evaluation results...
COCOeval_opt.accumulate() finished...
DONE (t=0.00s).
IoU metric: bbox
 Average Precision  (AP) @[ IoU=0.50:0.95 | area=   all | maxDets=100 ] = 0.791
 Average Precision  (AP) @[ IoU=0.50      | area=   all | maxDets=100 ] = 0.930
 Average Precision  (AP) @[ IoU=0.75      | area=   all | maxDets=100 ] = 0.889
 Average Precision  (AP) @[ IoU=0.50:0.95 | area= small | maxDets=100 ] = -1.000
 Average Precision  (AP) @[ IoU=0.50:0.95 | area=medium | maxDets=100 ] = -1.000
 Average Precision  (AP) @[ IoU=0.50:0.95 | area= large | maxDets=100 ] = 0.791
 Average Recall     (AR) @[ IoU=0.50:0.95 | area=   all | maxDets=  1 ] = 0.770
 Average Recall     (AR) @[ IoU=0.50:0.95 | area=   all | maxDets= 10 ] = 0.890
 Average Recall     (AR) @[ IoU=0.50:0.95 | area=   all | maxDets=100 ] = 0.917
 Average Recall     (AR) @[ IoU=0.50:0.95 | area= small | maxDets=100 ] = -1.000
 Average Recall     (AR) @[ IoU=0.50:0.95 | area=medium | maxDets=100 ] = -1.000
 Average Recall     (AR) @[ IoU=0.50:0.95 | area= large | maxDets=100 ] = 0.917
 Average Recall     (AR) @[ IoU=0.50      | area=   all | maxDets=100 ] = 1.000
 Average Recall     (AR) @[ IoU=0.75      | area=   all | maxDets=100 ] = 1.000
best_stat: {'epoch': 99, 'coco_eval_bbox': 0.7906597847570801}
Load last_epoch
Load model.state_dict
Load criterion.state_dict
Load postprocessor.state_dict
Load ema.state_dict
Load scaler.state_dict
Load optimizer.state_dict
Load lr_warmup_scheduler.state_dict
Refresh EMA at epoch 100 with decay 0.9999
Epoch: [100]  [0/8]  eta: 0:00:04  lr: 0.000004  loss: 32.3788 (32.3788)  loss_mal: 0.9126 (0.9126)  loss_bbox: 0.0909 (0.0909)  loss_giou: 0.1240 (0.1240)  loss_fgl: 0.7802 (0.7802)  loss_mal_aux_0: 3.9688 (3.9688)  loss_bbox_aux_0: 0.1150 (0.1150)  loss_giou_aux_0: 0.1553 (0.1553)  loss_fgl_aux_0: 0.9294 (0.9294)  loss_ddf_aux_0: 0.1830 (0.1830)  loss_mal_aux_1: 1.6025 (1.6025)  loss_bbox_aux_1: 0.0960 (0.0960)  loss_giou_aux_1: 0.1314 (0.1314)  loss_fgl_aux_1: 0.8214 (0.8214)  loss_ddf_aux_1: 0.0293 (0.0293)  loss_mal_aux_2: 1.0127 (1.0127)  loss_bbox_aux_2: 0.0889 (0.0889)  loss_giou_aux_2: 0.1225 (0.1225)  loss_fgl_aux_2: 0.7798 (0.7798)  loss_ddf_aux_2: 0.0021 (0.0021)  loss_mal_pre: 2.9922 (2.9922)  loss_bbox_pre: 0.1160 (0.1160)  loss_giou_pre: 0.1571 (0.1571)  loss_mal_enc_0: 2.5449 (2.5449)  loss_bbox_enc_0: 0.5496 (0.5496)  loss_giou_enc_0: 0.5707 (0.5707)  loss_mal_dn_0: 1.5576 (1.5576)  loss_bbox_dn_0: 0.3151 (0.3151)  loss_giou_dn_0: 0.3336 (0.3336)  loss_fgl_dn_0: 1.2120 (1.2120)  loss_ddf_dn_0: 1.2049 (1.2049)  loss_mal_dn_1: 0.9902 (0.9902)  loss_bbox_dn_1: 0.1354 (0.1354)  loss_giou_dn_1: 0.1681 (0.1681)  loss_fgl_dn_1: 0.9332 (0.9332)  loss_ddf_dn_1: 0.2042 (0.2042)  loss_mal_dn_2: 0.9976 (0.9976)  loss_bbox_dn_2: 0.1028 (0.1028)  loss_giou_dn_2: 0.1378 (0.1378)  loss_fgl_dn_2: 0.8259 (0.8259)  loss_ddf_dn_2: 0.0114 (0.0114)  loss_mal_dn_3: 0.9268 (0.9268)  loss_bbox_dn_3: 0.1023 (0.1023)  loss_giou_dn_3: 0.1391 (0.1391)  loss_fgl_dn_3: 0.8273 (0.8273)  loss_mal_dn_pre: 1.7217 (1.7217)  loss_bbox_dn_pre: 0.3192 (0.3192)  loss_giou_dn_pre: 0.3363 (0.3363)  time: 0.5805  data: 0.4071  max mem: 3583
Epoch: [100]  [7/8]  eta: 0:00:00  lr: 0.000004  loss: 31.5328 (32.0921)  loss_mal: 1.0410 (1.0663)  loss_bbox: 0.0691 (0.0934)  loss_giou: 0.1049 (0.1139)  loss_fgl: 0.7474 (0.7956)  loss_mal_aux_0: 3.7285 (3.7031)  loss_bbox_aux_0: 0.1063 (0.1229)  loss_giou_aux_0: 0.1446 (0.1497)  loss_fgl_aux_0: 0.8975 (0.9272)  loss_ddf_aux_0: 0.1394 (0.1594)  loss_mal_aux_1: 1.5117 (1.5450)  loss_bbox_aux_1: 0.0764 (0.0966)  loss_giou_aux_1: 0.1127 (0.1193)  loss_fgl_aux_1: 0.7850 (0.8270)  loss_ddf_aux_1: 0.0237 (0.0260)  loss_mal_aux_2: 1.1553 (1.1484)  loss_bbox_aux_2: 0.0695 (0.0935)  loss_giou_aux_2: 0.1053 (0.1142)  loss_fgl_aux_2: 0.7502 (0.7968)  loss_ddf_aux_2: 0.0019 (0.0020)  loss_mal_pre: 2.8672 (2.8970)  loss_bbox_pre: 0.1109 (0.1227)  loss_giou_pre: 0.1518 (0.1498)  loss_mal_enc_0: 2.6523 (2.6672)  loss_bbox_enc_0: 0.5496 (0.5488)  loss_giou_enc_0: 0.5809 (0.5786)  loss_mal_dn_0: 1.5664 (1.5922)  loss_bbox_dn_0: 0.2610 (0.2811)  loss_giou_dn_0: 0.3302 (0.3148)  loss_fgl_dn_0: 1.2047 (1.1883)  loss_ddf_dn_0: 0.9287 (0.9986)  loss_mal_dn_1: 1.0098 (1.0186)  loss_bbox_dn_1: 0.1187 (0.1316)  loss_giou_dn_1: 0.1275 (0.1568)  loss_fgl_dn_1: 0.8354 (0.8921)  loss_ddf_dn_1: 0.1310 (0.1412)  loss_mal_dn_2: 1.0391 (1.0337)  loss_bbox_dn_2: 0.0842 (0.1063)  loss_giou_dn_2: 0.1036 (0.1306)  loss_fgl_dn_2: 0.7732 (0.8179)  loss_ddf_dn_2: 0.0067 (0.0079)  loss_mal_dn_3: 0.9863 (0.9888)  loss_bbox_dn_3: 0.0812 (0.1050)  loss_giou_dn_3: 0.1024 (0.1296)  loss_fgl_dn_3: 0.7741 (0.8185)  loss_mal_dn_pre: 1.7383 (1.7716)  loss_bbox_dn_pre: 0.2631 (0.2876)  loss_giou_dn_pre: 0.3332 (0.3149)  time: 0.2123  data: 0.0525  max mem: 3583
Epoch: [100] Total time: 0:00:01 (0.2211 s / it)
Averaged stats: lr: 0.000004  loss: 31.5328 (32.0921)  loss_mal: 1.0410 (1.0663)  loss_bbox: 0.0691 (0.0934)  loss_giou: 0.1049 (0.1139)  loss_fgl: 0.7474 (0.7956)  loss_mal_aux_0: 3.7285 (3.7031)  loss_bbox_aux_0: 0.1063 (0.1229)  loss_giou_aux_0: 0.1446 (0.1497)  loss_fgl_aux_0: 0.8975 (0.9272)  loss_ddf_aux_0: 0.1394 (0.1594)  loss_mal_aux_1: 1.5117 (1.5450)  loss_bbox_aux_1: 0.0764 (0.0966)  loss_giou_aux_1: 0.1127 (0.1193)  loss_fgl_aux_1: 0.7850 (0.8270)  loss_ddf_aux_1: 0.0237 (0.0260)  loss_mal_aux_2: 1.1553 (1.1484)  loss_bbox_aux_2: 0.0695 (0.0935)  loss_giou_aux_2: 0.1053 (0.1142)  loss_fgl_aux_2: 0.7502 (0.7968)  loss_ddf_aux_2: 0.0019 (0.0020)  loss_mal_pre: 2.8672 (2.8970)  loss_bbox_pre: 0.1109 (0.1227)  loss_giou_pre: 0.1518 (0.1498)  loss_mal_enc_0: 2.6523 (2.6672)  loss_bbox_enc_0: 0.5496 (0.5488)  loss_giou_enc_0: 0.5809 (0.5786)  loss_mal_dn_0: 1.5664 (1.5922)  loss_bbox_dn_0: 0.2610 (0.2811)  loss_giou_dn_0: 0.3302 (0.3148)  loss_fgl_dn_0: 1.2047 (1.1883)  loss_ddf_dn_0: 0.9287 (0.9986)  loss_mal_dn_1: 1.0098 (1.0186)  loss_bbox_dn_1: 0.1187 (0.1316)  loss_giou_dn_1: 0.1275 (0.1568)  loss_fgl_dn_1: 0.8354 (0.8921)  loss_ddf_dn_1: 0.1310 (0.1412)  loss_mal_dn_2: 1.0391 (1.0337)  loss_bbox_dn_2: 0.0842 (0.1063)  loss_giou_dn_2: 0.1036 (0.1306)  loss_fgl_dn_2: 0.7732 (0.8179)  loss_ddf_dn_2: 0.0067 (0.0079)  loss_mal_dn_3: 0.9863 (0.9888)  loss_bbox_dn_3: 0.0812 (0.1050)  loss_giou_dn_3: 0.1024 (0.1296)  loss_fgl_dn_3: 0.7741 (0.8185)  loss_mal_dn_pre: 1.7383 (1.7716)  loss_bbox_dn_pre: 0.2631 (0.2876)  loss_giou_dn_pre: 0.3332 (0.3149)
Test:  [0/4]  eta: 0:00:01    time: 0.3878  data: 0.3455  max mem: 3583
Test:  [3/4]  eta: 0:00:00    time: 0.1245  data: 0.0884  max mem: 3583
Test: Total time: 0:00:00 (0.1471 s / it)
Averaged stats: 
Accumulating evaluation results...
COCOeval_opt.accumulate() finished...
DONE (t=0.00s).
IoU metric: bbox
 Average Precision  (AP) @[ IoU=0.50:0.95 | area=   all | maxDets=100 ] = 0.790
 Average Precision  (AP) @[ IoU=0.50      | area=   all | maxDets=100 ] = 0.913
 Average Precision  (AP) @[ IoU=0.75      | area=   all | maxDets=100 ] = 0.882
 Average Precision  (AP) @[ IoU=0.50:0.95 | area= small | maxDets=100 ] = -1.000
 Average Precision  (AP) @[ IoU=0.50:0.95 | area=medium | maxDets=100 ] = -1.000
 Average Precision  (AP) @[ IoU=0.50:0.95 | area= large | maxDets=100 ] = 0.791
 Average Recall     (AR) @[ IoU=0.50:0.95 | area=   all | maxDets=  1 ] = 0.807
 Average Recall     (AR) @[ IoU=0.50:0.95 | area=   all | maxDets= 10 ] = 0.903
 Average Recall     (AR) @[ IoU=0.50:0.95 | area=   all | maxDets=100 ] = 0.917
 Average Recall     (AR) @[ IoU=0.50:0.95 | area= small | maxDets=100 ] = -1.000
 Average Recall     (AR) @[ IoU=0.50:0.95 | area=medium | maxDets=100 ] = -1.000
 Average Recall     (AR) @[ IoU=0.50:0.95 | area= large | maxDets=100 ] = 0.917
 Average Recall     (AR) @[ IoU=0.50      | area=   all | maxDets=100 ] = 1.000
 Average Recall     (AR) @[ IoU=0.75      | area=   all | maxDets=100 ] = 0.967
best_stat: {'epoch': 99, 'coco_eval_bbox': 0.7906597847570801}
Load last_epoch
Load model.state_dict
Load criterion.state_dict
Load postprocessor.state_dict
Load ema.state_dict
Load scaler.state_dict
Load optimizer.state_dict
Load lr_warmup_scheduler.state_dict
Refresh EMA at epoch 100 with decay 0.9998
Epoch: [101]  [0/8]  eta: 0:00:05  lr: 0.000004  loss: 32.9158 (32.9158)  loss_mal: 1.0391 (1.0391)  loss_bbox: 0.0830 (0.0830)  loss_giou: 0.0993 (0.0993)  loss_fgl: 0.7551 (0.7551)  loss_mal_aux_0: 4.1172 (4.1172)  loss_bbox_aux_0: 0.1269 (0.1269)  loss_giou_aux_0: 0.1487 (0.1487)  loss_fgl_aux_0: 0.9226 (0.9226)  loss_ddf_aux_0: 0.2119 (0.2119)  loss_mal_aux_1: 1.4404 (1.4404)  loss_bbox_aux_1: 0.0917 (0.0917)  loss_giou_aux_1: 0.1102 (0.1102)  loss_fgl_aux_1: 0.7911 (0.7911)  loss_ddf_aux_1: 0.0342 (0.0342)  loss_mal_aux_2: 1.1367 (1.1367)  loss_bbox_aux_2: 0.0808 (0.0808)  loss_giou_aux_2: 0.0982 (0.0982)  loss_fgl_aux_2: 0.7540 (0.7540)  loss_ddf_aux_2: 0.0021 (0.0021)  loss_mal_pre: 3.1113 (3.1113)  loss_bbox_pre: 0.1379 (0.1379)  loss_giou_pre: 0.1522 (0.1522)  loss_mal_enc_0: 2.5352 (2.5352)  loss_bbox_enc_0: 0.5422 (0.5422)  loss_giou_enc_0: 0.6027 (0.6027)  loss_mal_dn_0: 1.5703 (1.5703)  loss_bbox_dn_0: 0.3396 (0.3396)  loss_giou_dn_0: 0.3489 (0.3489)  loss_fgl_dn_0: 1.2182 (1.2182)  loss_ddf_dn_0: 1.3325 (1.3325)  loss_mal_dn_1: 1.0166 (1.0166)  loss_bbox_dn_1: 0.1374 (0.1374)  loss_giou_dn_1: 0.1562 (0.1562)  loss_fgl_dn_1: 0.8911 (0.8911)  loss_ddf_dn_1: 0.2578 (0.2578)  loss_mal_dn_2: 1.0264 (1.0264)  loss_bbox_dn_2: 0.1094 (0.1094)  loss_giou_dn_2: 0.1251 (0.1251)  loss_fgl_dn_2: 0.8079 (0.8079)  loss_ddf_dn_2: 0.0118 (0.0118)  loss_mal_dn_3: 0.9648 (0.9648)  loss_bbox_dn_3: 0.1077 (0.1077)  loss_giou_dn_3: 0.1233 (0.1233)  loss_fgl_dn_3: 0.8056 (0.8056)  loss_mal_dn_pre: 1.7441 (1.7441)  loss_bbox_dn_pre: 0.3482 (0.3482)  loss_giou_dn_pre: 0.3483 (0.3483)  time: 0.6276  data: 0.4058  max mem: 3583
Epoch: [101]  [7/8]  eta: 0:00:00  lr: 0.000004  loss: 31.0148 (31.9672)  loss_mal: 1.0547 (1.0643)  loss_bbox: 0.0732 (0.0843)  loss_giou: 0.0871 (0.1049)  loss_fgl: 0.7309 (0.7823)  loss_mal_aux_0: 3.7285 (3.6909)  loss_bbox_aux_0: 0.1046 (0.1203)  loss_giou_aux_0: 0.1454 (0.1499)  loss_fgl_aux_0: 0.9010 (0.9382)  loss_ddf_aux_0: 0.1835 (0.1804)  loss_mal_aux_1: 1.7568 (1.6871)  loss_bbox_aux_1: 0.0776 (0.0907)  loss_giou_aux_1: 0.0969 (0.1138)  loss_fgl_aux_1: 0.7485 (0.8137)  loss_ddf_aux_1: 0.0235 (0.0248)  loss_mal_aux_2: 1.1377 (1.1602)  loss_bbox_aux_2: 0.0735 (0.0843)  loss_giou_aux_2: 0.0864 (0.1052)  loss_fgl_aux_2: 0.7319 (0.7833)  loss_ddf_aux_2: 0.0019 (0.0019)  loss_mal_pre: 2.8984 (2.8862)  loss_bbox_pre: 0.1014 (0.1219)  loss_giou_pre: 0.1472 (0.1505)  loss_mal_enc_0: 2.5352 (2.5479)  loss_bbox_enc_0: 0.5304 (0.5467)  loss_giou_enc_0: 0.5903 (0.5871)  loss_mal_dn_0: 1.5947 (1.5864)  loss_bbox_dn_0: 0.2380 (0.2762)  loss_giou_dn_0: 0.3151 (0.3047)  loss_fgl_dn_0: 1.1938 (1.1820)  loss_ddf_dn_0: 0.9930 (1.0607)  loss_mal_dn_1: 0.9961 (1.0021)  loss_bbox_dn_1: 0.1133 (0.1245)  loss_giou_dn_1: 0.1428 (0.1490)  loss_fgl_dn_1: 0.8423 (0.8709)  loss_ddf_dn_1: 0.1510 (0.1652)  loss_mal_dn_2: 1.0166 (1.0160)  loss_bbox_dn_2: 0.0921 (0.1034)  loss_giou_dn_2: 0.1174 (0.1274)  loss_fgl_dn_2: 0.7509 (0.8087)  loss_ddf_dn_2: 0.0085 (0.0092)  loss_mal_dn_3: 0.9648 (0.9700)  loss_bbox_dn_3: 0.0928 (0.1022)  loss_giou_dn_3: 0.1178 (0.1265)  loss_fgl_dn_3: 0.7480 (0.8083)  loss_mal_dn_pre: 1.7549 (1.7645)  loss_bbox_dn_pre: 0.2433 (0.2812)  loss_giou_dn_pre: 0.3147 (0.3070)  time: 0.2181  data: 0.0534  max mem: 3583
Epoch: [101] Total time: 0:00:01 (0.2286 s / it)
Averaged stats: lr: 0.000004  loss: 31.0148 (31.9672)  loss_mal: 1.0547 (1.0643)  loss_bbox: 0.0732 (0.0843)  loss_giou: 0.0871 (0.1049)  loss_fgl: 0.7309 (0.7823)  loss_mal_aux_0: 3.7285 (3.6909)  loss_bbox_aux_0: 0.1046 (0.1203)  loss_giou_aux_0: 0.1454 (0.1499)  loss_fgl_aux_0: 0.9010 (0.9382)  loss_ddf_aux_0: 0.1835 (0.1804)  loss_mal_aux_1: 1.7568 (1.6871)  loss_bbox_aux_1: 0.0776 (0.0907)  loss_giou_aux_1: 0.0969 (0.1138)  loss_fgl_aux_1: 0.7485 (0.8137)  loss_ddf_aux_1: 0.0235 (0.0248)  loss_mal_aux_2: 1.1377 (1.1602)  loss_bbox_aux_2: 0.0735 (0.0843)  loss_giou_aux_2: 0.0864 (0.1052)  loss_fgl_aux_2: 0.7319 (0.7833)  loss_ddf_aux_2: 0.0019 (0.0019)  loss_mal_pre: 2.8984 (2.8862)  loss_bbox_pre: 0.1014 (0.1219)  loss_giou_pre: 0.1472 (0.1505)  loss_mal_enc_0: 2.5352 (2.5479)  loss_bbox_enc_0: 0.5304 (0.5467)  loss_giou_enc_0: 0.5903 (0.5871)  loss_mal_dn_0: 1.5947 (1.5864)  loss_bbox_dn_0: 0.2380 (0.2762)  loss_giou_dn_0: 0.3151 (0.3047)  loss_fgl_dn_0: 1.1938 (1.1820)  loss_ddf_dn_0: 0.9930 (1.0607)  loss_mal_dn_1: 0.9961 (1.0021)  loss_bbox_dn_1: 0.1133 (0.1245)  loss_giou_dn_1: 0.1428 (0.1490)  loss_fgl_dn_1: 0.8423 (0.8709)  loss_ddf_dn_1: 0.1510 (0.1652)  loss_mal_dn_2: 1.0166 (1.0160)  loss_bbox_dn_2: 0.0921 (0.1034)  loss_giou_dn_2: 0.1174 (0.1274)  loss_fgl_dn_2: 0.7509 (0.8087)  loss_ddf_dn_2: 0.0085 (0.0092)  loss_mal_dn_3: 0.9648 (0.9700)  loss_bbox_dn_3: 0.0928 (0.1022)  loss_giou_dn_3: 0.1178 (0.1265)  loss_fgl_dn_3: 0.7480 (0.8083)  loss_mal_dn_pre: 1.7549 (1.7645)  loss_bbox_dn_pre: 0.2433 (0.2812)  loss_giou_dn_pre: 0.3147 (0.3070)
Test:  [0/4]  eta: 0:00:01    time: 0.3858  data: 0.3462  max mem: 3583
Test:  [3/4]  eta: 0:00:00    time: 0.1232  data: 0.0886  max mem: 3583
Test: Total time: 0:00:00 (0.1433 s / it)
Averaged stats: 
Accumulating evaluation results...
COCOeval_opt.accumulate() finished...
DONE (t=0.00s).
IoU metric: bbox
 Average Precision  (AP) @[ IoU=0.50:0.95 | area=   all | maxDets=100 ] = 0.765
 Average Precision  (AP) @[ IoU=0.50      | area=   all | maxDets=100 ] = 0.883
 Average Precision  (AP) @[ IoU=0.75      | area=   all | maxDets=100 ] = 0.857
 Average Precision  (AP) @[ IoU=0.50:0.95 | area= small | maxDets=100 ] = -1.000
 Average Precision  (AP) @[ IoU=0.50:0.95 | area=medium | maxDets=100 ] = -1.000
 Average Precision  (AP) @[ IoU=0.50:0.95 | area= large | maxDets=100 ] = 0.765
 Average Recall     (AR) @[ IoU=0.50:0.95 | area=   all | maxDets=  1 ] = 0.780
 Average Recall     (AR) @[ IoU=0.50:0.95 | area=   all | maxDets= 10 ] = 0.900
 Average Recall     (AR) @[ IoU=0.50:0.95 | area=   all | maxDets=100 ] = 0.917
 Average Recall     (AR) @[ IoU=0.50:0.95 | area= small | maxDets=100 ] = -1.000
 Average Recall     (AR) @[ IoU=0.50:0.95 | area=medium | maxDets=100 ] = -1.000
 Average Recall     (AR) @[ IoU=0.50:0.95 | area= large | maxDets=100 ] = 0.917
 Average Recall     (AR) @[ IoU=0.50      | area=   all | maxDets=100 ] = 1.000
 Average Recall     (AR) @[ IoU=0.75      | area=   all | maxDets=100 ] = 0.967
best_stat: {'epoch': 99, 'coco_eval_bbox': 0.7906597847570801}
Epoch: [102]  [0/8]  eta: 0:00:04  lr: 0.000004  loss: 31.6439 (31.6439)  loss_mal: 1.0635 (1.0635)  loss_bbox: 0.1101 (0.1101)  loss_giou: 0.1458 (0.1458)  loss_fgl: 0.8507 (0.8507)  loss_mal_aux_0: 3.3926 (3.3926)  loss_bbox_aux_0: 0.1235 (0.1235)  loss_giou_aux_0: 0.1585 (0.1585)  loss_fgl_aux_0: 0.9521 (0.9521)  loss_ddf_aux_0: 0.1286 (0.1286)  loss_mal_aux_1: 1.4277 (1.4277)  loss_bbox_aux_1: 0.1081 (0.1081)  loss_giou_aux_1: 0.1460 (0.1460)  loss_fgl_aux_1: 0.8629 (0.8629)  loss_ddf_aux_1: 0.0228 (0.0228)  loss_mal_aux_2: 1.0732 (1.0732)  loss_bbox_aux_2: 0.1100 (0.1100)  loss_giou_aux_2: 0.1461 (0.1461)  loss_fgl_aux_2: 0.8521 (0.8521)  loss_ddf_aux_2: 0.0019 (0.0019)  loss_mal_pre: 2.7168 (2.7168)  loss_bbox_pre: 0.1259 (0.1259)  loss_giou_pre: 0.1591 (0.1591)  loss_mal_enc_0: 2.9023 (2.9023)  loss_bbox_enc_0: 0.5593 (0.5593)  loss_giou_enc_0: 0.5708 (0.5708)  loss_mal_dn_0: 1.5938 (1.5938)  loss_bbox_dn_0: 0.2165 (0.2165)  loss_giou_dn_0: 0.2799 (0.2799)  loss_fgl_dn_0: 1.1608 (1.1608)  loss_ddf_dn_0: 0.8123 (0.8123)  loss_mal_dn_1: 0.9819 (0.9819)  loss_bbox_dn_1: 0.1229 (0.1229)  loss_giou_dn_1: 0.1618 (0.1618)  loss_fgl_dn_1: 0.8944 (0.8944)  loss_ddf_dn_1: 0.0997 (0.0997)  loss_mal_dn_2: 1.0615 (1.0615)  loss_bbox_dn_2: 0.1120 (0.1120)  loss_giou_dn_2: 0.1471 (0.1471)  loss_fgl_dn_2: 0.8493 (0.8493)  loss_ddf_dn_2: 0.0079 (0.0079)  loss_mal_dn_3: 1.0547 (1.0547)  loss_bbox_dn_3: 0.1108 (0.1108)  loss_giou_dn_3: 0.1462 (0.1462)  loss_fgl_dn_3: 0.8473 (0.8473)  loss_mal_dn_pre: 1.7764 (1.7764)  loss_bbox_dn_pre: 0.2144 (0.2144)  loss_giou_dn_pre: 0.2817 (0.2817)  time: 0.6126  data: 0.3908  max mem: 3583
Epoch: [102]  [7/8]  eta: 0:00:00  lr: 0.000004  loss: 31.3330 (31.0673)  loss_mal: 0.9556 (0.9651)  loss_bbox: 0.0736 (0.0867)  loss_giou: 0.0911 (0.1089)  loss_fgl: 0.6932 (0.7698)  loss_mal_aux_0: 3.4004 (3.5044)  loss_bbox_aux_0: 0.0936 (0.1111)  loss_giou_aux_0: 0.1399 (0.1407)  loss_fgl_aux_0: 0.9160 (0.9189)  loss_ddf_aux_0: 0.1518 (0.1814)  loss_mal_aux_1: 1.4580 (1.4438)  loss_bbox_aux_1: 0.0764 (0.0911)  loss_giou_aux_1: 0.1064 (0.1157)  loss_fgl_aux_1: 0.7516 (0.8030)  loss_ddf_aux_1: 0.0229 (0.0256)  loss_mal_aux_2: 1.0352 (1.0532)  loss_bbox_aux_2: 0.0743 (0.0868)  loss_giou_aux_2: 0.0902 (0.1091)  loss_fgl_aux_2: 0.6971 (0.7714)  loss_ddf_aux_2: 0.0019 (0.0018)  loss_mal_pre: 2.7988 (2.8159)  loss_bbox_pre: 0.0929 (0.1122)  loss_giou_pre: 0.1374 (0.1402)  loss_mal_enc_0: 2.6523 (2.6394)  loss_bbox_enc_0: 0.5112 (0.5210)  loss_giou_enc_0: 0.5436 (0.5460)  loss_mal_dn_0: 1.5947 (1.6051)  loss_bbox_dn_0: 0.2606 (0.2710)  loss_giou_dn_0: 0.2821 (0.2979)  loss_fgl_dn_0: 1.1524 (1.1705)  loss_ddf_dn_0: 0.9030 (1.0601)  loss_mal_dn_1: 0.9819 (0.9777)  loss_bbox_dn_1: 0.1229 (0.1228)  loss_giou_dn_1: 0.1287 (0.1461)  loss_fgl_dn_1: 0.8242 (0.8610)  loss_ddf_dn_1: 0.1168 (0.1461)  loss_mal_dn_2: 0.9941 (1.0026)  loss_bbox_dn_2: 0.0988 (0.1000)  loss_giou_dn_2: 0.1022 (0.1221)  loss_fgl_dn_2: 0.7478 (0.7957)  loss_ddf_dn_2: 0.0082 (0.0081)  loss_mal_dn_3: 0.9268 (0.9418)  loss_bbox_dn_3: 0.0976 (0.0987)  loss_giou_dn_3: 0.1025 (0.1214)  loss_fgl_dn_3: 0.7433 (0.7953)  loss_mal_dn_pre: 1.7822 (1.7827)  loss_bbox_dn_pre: 0.2717 (0.2772)  loss_giou_dn_pre: 0.2881 (0.3003)  time: 0.2180  data: 0.0516  max mem: 3583
Epoch: [102] Total time: 0:00:01 (0.2278 s / it)
Averaged stats: lr: 0.000004  loss: 31.3330 (31.0673)  loss_mal: 0.9556 (0.9651)  loss_bbox: 0.0736 (0.0867)  loss_giou: 0.0911 (0.1089)  loss_fgl: 0.6932 (0.7698)  loss_mal_aux_0: 3.4004 (3.5044)  loss_bbox_aux_0: 0.0936 (0.1111)  loss_giou_aux_0: 0.1399 (0.1407)  loss_fgl_aux_0: 0.9160 (0.9189)  loss_ddf_aux_0: 0.1518 (0.1814)  loss_mal_aux_1: 1.4580 (1.4438)  loss_bbox_aux_1: 0.0764 (0.0911)  loss_giou_aux_1: 0.1064 (0.1157)  loss_fgl_aux_1: 0.7516 (0.8030)  loss_ddf_aux_1: 0.0229 (0.0256)  loss_mal_aux_2: 1.0352 (1.0532)  loss_bbox_aux_2: 0.0743 (0.0868)  loss_giou_aux_2: 0.0902 (0.1091)  loss_fgl_aux_2: 0.6971 (0.7714)  loss_ddf_aux_2: 0.0019 (0.0018)  loss_mal_pre: 2.7988 (2.8159)  loss_bbox_pre: 0.0929 (0.1122)  loss_giou_pre: 0.1374 (0.1402)  loss_mal_enc_0: 2.6523 (2.6394)  loss_bbox_enc_0: 0.5112 (0.5210)  loss_giou_enc_0: 0.5436 (0.5460)  loss_mal_dn_0: 1.5947 (1.6051)  loss_bbox_dn_0: 0.2606 (0.2710)  loss_giou_dn_0: 0.2821 (0.2979)  loss_fgl_dn_0: 1.1524 (1.1705)  loss_ddf_dn_0: 0.9030 (1.0601)  loss_mal_dn_1: 0.9819 (0.9777)  loss_bbox_dn_1: 0.1229 (0.1228)  loss_giou_dn_1: 0.1287 (0.1461)  loss_fgl_dn_1: 0.8242 (0.8610)  loss_ddf_dn_1: 0.1168 (0.1461)  loss_mal_dn_2: 0.9941 (1.0026)  loss_bbox_dn_2: 0.0988 (0.1000)  loss_giou_dn_2: 0.1022 (0.1221)  loss_fgl_dn_2: 0.7478 (0.7957)  loss_ddf_dn_2: 0.0082 (0.0081)  loss_mal_dn_3: 0.9268 (0.9418)  loss_bbox_dn_3: 0.0976 (0.0987)  loss_giou_dn_3: 0.1025 (0.1214)  loss_fgl_dn_3: 0.7433 (0.7953)  loss_mal_dn_pre: 1.7822 (1.7827)  loss_bbox_dn_pre: 0.2717 (0.2772)  loss_giou_dn_pre: 0.2881 (0.3003)
Test:  [0/4]  eta: 0:00:01    time: 0.3911  data: 0.3468  max mem: 3583
Test:  [3/4]  eta: 0:00:00    time: 0.1233  data: 0.0886  max mem: 3583
Test: Total time: 0:00:00 (0.1415 s / it)
Averaged stats: 
Accumulating evaluation results...
COCOeval_opt.accumulate() finished...
DONE (t=0.00s).
IoU metric: bbox
 Average Precision  (AP) @[ IoU=0.50:0.95 | area=   all | maxDets=100 ] = 0.738
 Average Precision  (AP) @[ IoU=0.50      | area=   all | maxDets=100 ] = 0.843
 Average Precision  (AP) @[ IoU=0.75      | area=   all | maxDets=100 ] = 0.818
 Average Precision  (AP) @[ IoU=0.50:0.95 | area= small | maxDets=100 ] = -1.000
 Average Precision  (AP) @[ IoU=0.50:0.95 | area=medium | maxDets=100 ] = -1.000
 Average Precision  (AP) @[ IoU=0.50:0.95 | area= large | maxDets=100 ] = 0.738
 Average Recall     (AR) @[ IoU=0.50:0.95 | area=   all | maxDets=  1 ] = 0.777
 Average Recall     (AR) @[ IoU=0.50:0.95 | area=   all | maxDets= 10 ] = 0.890
 Average Recall     (AR) @[ IoU=0.50:0.95 | area=   all | maxDets=100 ] = 0.910
 Average Recall     (AR) @[ IoU=0.50:0.95 | area= small | maxDets=100 ] = -1.000
 Average Recall     (AR) @[ IoU=0.50:0.95 | area=medium | maxDets=100 ] = -1.000
 Average Recall     (AR) @[ IoU=0.50:0.95 | area= large | maxDets=100 ] = 0.910
 Average Recall     (AR) @[ IoU=0.50      | area=   all | maxDets=100 ] = 1.000
 Average Recall     (AR) @[ IoU=0.75      | area=   all | maxDets=100 ] = 0.967
best_stat: {'epoch': 99, 'coco_eval_bbox': 0.7906597847570801}
Load last_epoch
Load model.state_dict
Load criterion.state_dict
Load postprocessor.state_dict
Load ema.state_dict
Load scaler.state_dict
Load optimizer.state_dict
Load lr_warmup_scheduler.state_dict
Refresh EMA at epoch 102 with decay 0.9997
Epoch: [103]  [0/8]  eta: 0:00:04  lr: 0.000004  loss: 32.6923 (32.6923)  loss_mal: 1.0430 (1.0430)  loss_bbox: 0.0999 (0.0999)  loss_giou: 0.1129 (0.1129)  loss_fgl: 0.7984 (0.7984)  loss_mal_aux_0: 3.8184 (3.8184)  loss_bbox_aux_0: 0.1286 (0.1286)  loss_giou_aux_0: 0.1545 (0.1545)  loss_fgl_aux_0: 0.9680 (0.9680)  loss_ddf_aux_0: 0.1986 (0.1986)  loss_mal_aux_1: 1.6553 (1.6553)  loss_bbox_aux_1: 0.0995 (0.0995)  loss_giou_aux_1: 0.1188 (0.1188)  loss_fgl_aux_1: 0.8304 (0.8304)  loss_ddf_aux_1: 0.0289 (0.0289)  loss_mal_aux_2: 1.0664 (1.0664)  loss_bbox_aux_2: 0.0980 (0.0980)  loss_giou_aux_2: 0.1119 (0.1119)  loss_fgl_aux_2: 0.7967 (0.7967)  loss_ddf_aux_2: 0.0032 (0.0032)  loss_mal_pre: 2.9570 (2.9570)  loss_bbox_pre: 0.1299 (0.1299)  loss_giou_pre: 0.1554 (0.1554)  loss_mal_enc_0: 2.4863 (2.4863)  loss_bbox_enc_0: 0.6503 (0.6503)  loss_giou_enc_0: 0.6415 (0.6415)  loss_mal_dn_0: 1.5840 (1.5840)  loss_bbox_dn_0: 0.2893 (0.2893)  loss_giou_dn_0: 0.3103 (0.3103)  loss_fgl_dn_0: 1.1632 (1.1632)  loss_ddf_dn_0: 1.2541 (1.2541)  loss_mal_dn_1: 0.9785 (0.9785)  loss_bbox_dn_1: 0.1498 (0.1498)  loss_giou_dn_1: 0.1565 (0.1565)  loss_fgl_dn_1: 0.9163 (0.9163)  loss_ddf_dn_1: 0.1900 (0.1900)  loss_mal_dn_2: 1.0225 (1.0225)  loss_bbox_dn_2: 0.1163 (0.1163)  loss_giou_dn_2: 0.1245 (0.1245)  loss_fgl_dn_2: 0.8294 (0.8294)  loss_ddf_dn_2: 0.0110 (0.0110)  loss_mal_dn_3: 0.9956 (0.9956)  loss_bbox_dn_3: 0.1186 (0.1186)  loss_giou_dn_3: 0.1246 (0.1246)  loss_fgl_dn_3: 0.8330 (0.8330)  loss_mal_dn_pre: 1.7500 (1.7500)  loss_bbox_dn_pre: 0.3036 (0.3036)  loss_giou_dn_pre: 0.3194 (0.3194)  time: 0.6202  data: 0.4392  max mem: 3583
Epoch: [103]  [7/8]  eta: 0:00:00  lr: 0.000004  loss: 32.0147 (31.8055)  loss_mal: 1.0371 (1.0358)  loss_bbox: 0.0844 (0.0926)  loss_giou: 0.1009 (0.1127)  loss_fgl: 0.7603 (0.7911)  loss_mal_aux_0: 3.6465 (3.6726)  loss_bbox_aux_0: 0.1247 (0.1163)  loss_giou_aux_0: 0.1352 (0.1450)  loss_fgl_aux_0: 0.9158 (0.9251)  loss_ddf_aux_0: 0.1420 (0.1542)  loss_mal_aux_1: 1.4805 (1.4883)  loss_bbox_aux_1: 0.0995 (0.0973)  loss_giou_aux_1: 0.1054 (0.1187)  loss_fgl_aux_1: 0.7958 (0.8240)  loss_ddf_aux_1: 0.0241 (0.0244)  loss_mal_aux_2: 1.0791 (1.1091)  loss_bbox_aux_2: 0.0840 (0.0922)  loss_giou_aux_2: 0.1006 (0.1129)  loss_fgl_aux_2: 0.7624 (0.7913)  loss_ddf_aux_2: 0.0016 (0.0020)  loss_mal_pre: 2.8535 (2.8877)  loss_bbox_pre: 0.1237 (0.1187)  loss_giou_pre: 0.1396 (0.1464)  loss_mal_enc_0: 2.6113 (2.5845)  loss_bbox_enc_0: 0.5129 (0.5407)  loss_giou_enc_0: 0.5802 (0.5869)  loss_mal_dn_0: 1.5889 (1.5944)  loss_bbox_dn_0: 0.2617 (0.2822)  loss_giou_dn_0: 0.3041 (0.3110)  loss_fgl_dn_0: 1.1746 (1.1833)  loss_ddf_dn_0: 0.9464 (1.0665)  loss_mal_dn_1: 0.9785 (1.0063)  loss_bbox_dn_1: 0.1176 (0.1307)  loss_giou_dn_1: 0.1500 (0.1543)  loss_fgl_dn_1: 0.8785 (0.8798)  loss_ddf_dn_1: 0.1480 (0.1626)  loss_mal_dn_2: 1.0146 (1.0202)  loss_bbox_dn_2: 0.1015 (0.1061)  loss_giou_dn_2: 0.1202 (0.1281)  loss_fgl_dn_2: 0.7848 (0.8116)  loss_ddf_dn_2: 0.0090 (0.0090)  loss_mal_dn_3: 0.9590 (0.9709)  loss_bbox_dn_3: 0.1020 (0.1057)  loss_giou_dn_3: 0.1197 (0.1272)  loss_fgl_dn_3: 0.7875 (0.8121)  loss_mal_dn_pre: 1.7559 (1.7687)  loss_bbox_dn_pre: 0.2677 (0.2899)  loss_giou_dn_pre: 0.3091 (0.3146)  time: 0.2048  data: 0.0566  max mem: 3583
Epoch: [103] Total time: 0:00:01 (0.2143 s / it)
Averaged stats: lr: 0.000004  loss: 32.0147 (31.8055)  loss_mal: 1.0371 (1.0358)  loss_bbox: 0.0844 (0.0926)  loss_giou: 0.1009 (0.1127)  loss_fgl: 0.7603 (0.7911)  loss_mal_aux_0: 3.6465 (3.6726)  loss_bbox_aux_0: 0.1247 (0.1163)  loss_giou_aux_0: 0.1352 (0.1450)  loss_fgl_aux_0: 0.9158 (0.9251)  loss_ddf_aux_0: 0.1420 (0.1542)  loss_mal_aux_1: 1.4805 (1.4883)  loss_bbox_aux_1: 0.0995 (0.0973)  loss_giou_aux_1: 0.1054 (0.1187)  loss_fgl_aux_1: 0.7958 (0.8240)  loss_ddf_aux_1: 0.0241 (0.0244)  loss_mal_aux_2: 1.0791 (1.1091)  loss_bbox_aux_2: 0.0840 (0.0922)  loss_giou_aux_2: 0.1006 (0.1129)  loss_fgl_aux_2: 0.7624 (0.7913)  loss_ddf_aux_2: 0.0016 (0.0020)  loss_mal_pre: 2.8535 (2.8877)  loss_bbox_pre: 0.1237 (0.1187)  loss_giou_pre: 0.1396 (0.1464)  loss_mal_enc_0: 2.6113 (2.5845)  loss_bbox_enc_0: 0.5129 (0.5407)  loss_giou_enc_0: 0.5802 (0.5869)  loss_mal_dn_0: 1.5889 (1.5944)  loss_bbox_dn_0: 0.2617 (0.2822)  loss_giou_dn_0: 0.3041 (0.3110)  loss_fgl_dn_0: 1.1746 (1.1833)  loss_ddf_dn_0: 0.9464 (1.0665)  loss_mal_dn_1: 0.9785 (1.0063)  loss_bbox_dn_1: 0.1176 (0.1307)  loss_giou_dn_1: 0.1500 (0.1543)  loss_fgl_dn_1: 0.8785 (0.8798)  loss_ddf_dn_1: 0.1480 (0.1626)  loss_mal_dn_2: 1.0146 (1.0202)  loss_bbox_dn_2: 0.1015 (0.1061)  loss_giou_dn_2: 0.1202 (0.1281)  loss_fgl_dn_2: 0.7848 (0.8116)  loss_ddf_dn_2: 0.0090 (0.0090)  loss_mal_dn_3: 0.9590 (0.9709)  loss_bbox_dn_3: 0.1020 (0.1057)  loss_giou_dn_3: 0.1197 (0.1272)  loss_fgl_dn_3: 0.7875 (0.8121)  loss_mal_dn_pre: 1.7559 (1.7687)  loss_bbox_dn_pre: 0.2677 (0.2899)  loss_giou_dn_pre: 0.3091 (0.3146)
Test:  [0/4]  eta: 0:00:01    time: 0.4107  data: 0.3672  max mem: 3583
Test:  [3/4]  eta: 0:00:00    time: 0.1655  data: 0.0937  max mem: 3583
Test: Total time: 0:00:00 (0.1874 s / it)
Averaged stats: 
Accumulating evaluation results...
COCOeval_opt.accumulate() finished...
DONE (t=0.00s).
IoU metric: bbox
 Average Precision  (AP) @[ IoU=0.50:0.95 | area=   all | maxDets=100 ] = 0.748
 Average Precision  (AP) @[ IoU=0.50      | area=   all | maxDets=100 ] = 0.872
 Average Precision  (AP) @[ IoU=0.75      | area=   all | maxDets=100 ] = 0.844
 Average Precision  (AP) @[ IoU=0.50:0.95 | area= small | maxDets=100 ] = -1.000
 Average Precision  (AP) @[ IoU=0.50:0.95 | area=medium | maxDets=100 ] = -1.000
 Average Precision  (AP) @[ IoU=0.50:0.95 | area= large | maxDets=100 ] = 0.749
 Average Recall     (AR) @[ IoU=0.50:0.95 | area=   all | maxDets=  1 ] = 0.773
 Average Recall     (AR) @[ IoU=0.50:0.95 | area=   all | maxDets= 10 ] = 0.897
 Average Recall     (AR) @[ IoU=0.50:0.95 | area=   all | maxDets=100 ] = 0.913
 Average Recall     (AR) @[ IoU=0.50:0.95 | area= small | maxDets=100 ] = -1.000
 Average Recall     (AR) @[ IoU=0.50:0.95 | area=medium | maxDets=100 ] = -1.000
 Average Recall     (AR) @[ IoU=0.50:0.95 | area= large | maxDets=100 ] = 0.913
 Average Recall     (AR) @[ IoU=0.50      | area=   all | maxDets=100 ] = 1.000
 Average Recall     (AR) @[ IoU=0.75      | area=   all | maxDets=100 ] = 0.967
best_stat: {'epoch': 99, 'coco_eval_bbox': 0.7906597847570801}
Epoch: [104]  [0/8]  eta: 0:00:04  lr: 0.000004  loss: 30.1855 (30.1855)  loss_mal: 1.1074 (1.1074)  loss_bbox: 0.0592 (0.0592)  loss_giou: 0.0806 (0.0806)  loss_fgl: 0.7033 (0.7033)  loss_mal_aux_0: 3.4141 (3.4141)  loss_bbox_aux_0: 0.0894 (0.0894)  loss_giou_aux_0: 0.1323 (0.1323)  loss_fgl_aux_0: 0.8893 (0.8893)  loss_ddf_aux_0: 0.1609 (0.1609)  loss_mal_aux_1: 1.5195 (1.5195)  loss_bbox_aux_1: 0.0654 (0.0654)  loss_giou_aux_1: 0.0882 (0.0882)  loss_fgl_aux_1: 0.7498 (0.7498)  loss_ddf_aux_1: 0.0209 (0.0209)  loss_mal_aux_2: 1.2236 (1.2236)  loss_bbox_aux_2: 0.0586 (0.0586)  loss_giou_aux_2: 0.0802 (0.0802)  loss_fgl_aux_2: 0.7017 (0.7017)  loss_ddf_aux_2: 0.0020 (0.0020)  loss_mal_pre: 2.7305 (2.7305)  loss_bbox_pre: 0.0862 (0.0862)  loss_giou_pre: 0.1263 (0.1263)  loss_mal_enc_0: 2.8125 (2.8125)  loss_bbox_enc_0: 0.3720 (0.3720)  loss_giou_enc_0: 0.5004 (0.5004)  loss_mal_dn_0: 1.5908 (1.5908)  loss_bbox_dn_0: 0.2387 (0.2387)  loss_giou_dn_0: 0.2867 (0.2867)  loss_fgl_dn_0: 1.1409 (1.1409)  loss_ddf_dn_0: 0.8738 (0.8738)  loss_mal_dn_1: 1.0303 (1.0303)  loss_bbox_dn_1: 0.0996 (0.0996)  loss_giou_dn_1: 0.1240 (0.1240)  loss_fgl_dn_1: 0.7960 (0.7960)  loss_ddf_dn_1: 0.1321 (0.1321)  loss_mal_dn_2: 1.0254 (1.0254)  loss_bbox_dn_2: 0.0734 (0.0734)  loss_giou_dn_2: 0.0966 (0.0966)  loss_fgl_dn_2: 0.7256 (0.7256)  loss_ddf_dn_2: 0.0054 (0.0054)  loss_mal_dn_3: 0.9712 (0.9712)  loss_bbox_dn_3: 0.0730 (0.0730)  loss_giou_dn_3: 0.0969 (0.0969)  loss_fgl_dn_3: 0.7273 (0.7273)  loss_mal_dn_pre: 1.7715 (1.7715)  loss_bbox_dn_pre: 0.2458 (0.2458)  loss_giou_dn_pre: 0.2861 (0.2861)  time: 0.6086  data: 0.4203  max mem: 3583
Epoch: [104]  [7/8]  eta: 0:00:00  lr: 0.000004  loss: 30.5200 (30.6078)  loss_mal: 0.9219 (0.9694)  loss_bbox: 0.0767 (0.0823)  loss_giou: 0.0920 (0.1001)  loss_fgl: 0.7094 (0.7577)  loss_mal_aux_0: 3.4141 (3.4717)  loss_bbox_aux_0: 0.0933 (0.1090)  loss_giou_aux_0: 0.1323 (0.1394)  loss_fgl_aux_0: 0.8893 (0.9007)  loss_ddf_aux_0: 0.1541 (0.1627)  loss_mal_aux_1: 1.5195 (1.5743)  loss_bbox_aux_1: 0.0803 (0.0862)  loss_giou_aux_1: 0.0969 (0.1066)  loss_fgl_aux_1: 0.7498 (0.7872)  loss_ddf_aux_1: 0.0225 (0.0244)  loss_mal_aux_2: 1.0039 (1.0450)  loss_bbox_aux_2: 0.0767 (0.0823)  loss_giou_aux_2: 0.0907 (0.1003)  loss_fgl_aux_2: 0.7147 (0.7582)  loss_ddf_aux_2: 0.0017 (0.0018)  loss_mal_pre: 2.7520 (2.7876)  loss_bbox_pre: 0.0942 (0.1079)  loss_giou_pre: 0.1263 (0.1370)  loss_mal_enc_0: 2.5742 (2.6204)  loss_bbox_enc_0: 0.4594 (0.4659)  loss_giou_enc_0: 0.5060 (0.5185)  loss_mal_dn_0: 1.5908 (1.5941)  loss_bbox_dn_0: 0.2387 (0.2571)  loss_giou_dn_0: 0.2974 (0.2928)  loss_fgl_dn_0: 1.1618 (1.1702)  loss_ddf_dn_0: 0.8701 (0.9246)  loss_mal_dn_1: 0.9937 (0.9981)  loss_bbox_dn_1: 0.1023 (0.1153)  loss_giou_dn_1: 0.1277 (0.1368)  loss_fgl_dn_1: 0.7960 (0.8324)  loss_ddf_dn_1: 0.1227 (0.1238)  loss_mal_dn_2: 0.9985 (1.0084)  loss_bbox_dn_2: 0.0850 (0.0956)  loss_giou_dn_2: 0.1028 (0.1148)  loss_fgl_dn_2: 0.7256 (0.7768)  loss_ddf_dn_2: 0.0063 (0.0062)  loss_mal_dn_3: 0.9277 (0.9471)  loss_bbox_dn_3: 0.0843 (0.0946)  loss_giou_dn_3: 0.1027 (0.1143)  loss_fgl_dn_3: 0.7273 (0.7775)  loss_mal_dn_pre: 1.7715 (1.7720)  loss_bbox_dn_pre: 0.2458 (0.2634)  loss_giou_dn_pre: 0.2975 (0.2954)  time: 0.2090  data: 0.0542  max mem: 3583
Epoch: [104] Total time: 0:00:01 (0.2189 s / it)
Averaged stats: lr: 0.000004  loss: 30.5200 (30.6078)  loss_mal: 0.9219 (0.9694)  loss_bbox: 0.0767 (0.0823)  loss_giou: 0.0920 (0.1001)  loss_fgl: 0.7094 (0.7577)  loss_mal_aux_0: 3.4141 (3.4717)  loss_bbox_aux_0: 0.0933 (0.1090)  loss_giou_aux_0: 0.1323 (0.1394)  loss_fgl_aux_0: 0.8893 (0.9007)  loss_ddf_aux_0: 0.1541 (0.1627)  loss_mal_aux_1: 1.5195 (1.5743)  loss_bbox_aux_1: 0.0803 (0.0862)  loss_giou_aux_1: 0.0969 (0.1066)  loss_fgl_aux_1: 0.7498 (0.7872)  loss_ddf_aux_1: 0.0225 (0.0244)  loss_mal_aux_2: 1.0039 (1.0450)  loss_bbox_aux_2: 0.0767 (0.0823)  loss_giou_aux_2: 0.0907 (0.1003)  loss_fgl_aux_2: 0.7147 (0.7582)  loss_ddf_aux_2: 0.0017 (0.0018)  loss_mal_pre: 2.7520 (2.7876)  loss_bbox_pre: 0.0942 (0.1079)  loss_giou_pre: 0.1263 (0.1370)  loss_mal_enc_0: 2.5742 (2.6204)  loss_bbox_enc_0: 0.4594 (0.4659)  loss_giou_enc_0: 0.5060 (0.5185)  loss_mal_dn_0: 1.5908 (1.5941)  loss_bbox_dn_0: 0.2387 (0.2571)  loss_giou_dn_0: 0.2974 (0.2928)  loss_fgl_dn_0: 1.1618 (1.1702)  loss_ddf_dn_0: 0.8701 (0.9246)  loss_mal_dn_1: 0.9937 (0.9981)  loss_bbox_dn_1: 0.1023 (0.1153)  loss_giou_dn_1: 0.1277 (0.1368)  loss_fgl_dn_1: 0.7960 (0.8324)  loss_ddf_dn_1: 0.1227 (0.1238)  loss_mal_dn_2: 0.9985 (1.0084)  loss_bbox_dn_2: 0.0850 (0.0956)  loss_giou_dn_2: 0.1028 (0.1148)  loss_fgl_dn_2: 0.7256 (0.7768)  loss_ddf_dn_2: 0.0063 (0.0062)  loss_mal_dn_3: 0.9277 (0.9471)  loss_bbox_dn_3: 0.0843 (0.0946)  loss_giou_dn_3: 0.1027 (0.1143)  loss_fgl_dn_3: 0.7273 (0.7775)  loss_mal_dn_pre: 1.7715 (1.7720)  loss_bbox_dn_pre: 0.2458 (0.2634)  loss_giou_dn_pre: 0.2975 (0.2954)
Test:  [0/4]  eta: 0:00:01    time: 0.3934  data: 0.3497  max mem: 3583
Test:  [3/4]  eta: 0:00:00    time: 0.1243  data: 0.0895  max mem: 3583
Test: Total time: 0:00:00 (0.1430 s / it)
Averaged stats: 
Accumulating evaluation results...
COCOeval_opt.accumulate() finished...
DONE (t=0.00s).
IoU metric: bbox
 Average Precision  (AP) @[ IoU=0.50:0.95 | area=   all | maxDets=100 ] = 0.746
 Average Precision  (AP) @[ IoU=0.50      | area=   all | maxDets=100 ] = 0.864
 Average Precision  (AP) @[ IoU=0.75      | area=   all | maxDets=100 ] = 0.847
 Average Precision  (AP) @[ IoU=0.50:0.95 | area= small | maxDets=100 ] = -1.000
 Average Precision  (AP) @[ IoU=0.50:0.95 | area=medium | maxDets=100 ] = -1.000
 Average Precision  (AP) @[ IoU=0.50:0.95 | area= large | maxDets=100 ] = 0.747
 Average Recall     (AR) @[ IoU=0.50:0.95 | area=   all | maxDets=  1 ] = 0.780
 Average Recall     (AR) @[ IoU=0.50:0.95 | area=   all | maxDets= 10 ] = 0.890
 Average Recall     (AR) @[ IoU=0.50:0.95 | area=   all | maxDets=100 ] = 0.913
 Average Recall     (AR) @[ IoU=0.50:0.95 | area= small | maxDets=100 ] = -1.000
 Average Recall     (AR) @[ IoU=0.50:0.95 | area=medium | maxDets=100 ] = -1.000
 Average Recall     (AR) @[ IoU=0.50:0.95 | area= large | maxDets=100 ] = 0.913
 Average Recall     (AR) @[ IoU=0.50      | area=   all | maxDets=100 ] = 1.000
 Average Recall     (AR) @[ IoU=0.75      | area=   all | maxDets=100 ] = 1.000
best_stat: {'epoch': 99, 'coco_eval_bbox': 0.7906597847570801}
Load last_epoch
Load model.state_dict
Load criterion.state_dict
Load postprocessor.state_dict
Load ema.state_dict
Load scaler.state_dict
Load optimizer.state_dict
Load lr_warmup_scheduler.state_dict
Refresh EMA at epoch 104 with decay 0.9996
Epoch: [105]  [0/8]  eta: 0:00:04  lr: 0.000004  loss: 31.4445 (31.4445)  loss_mal: 1.1543 (1.1543)  loss_bbox: 0.0584 (0.0584)  loss_giou: 0.0702 (0.0702)  loss_fgl: 0.6595 (0.6595)  loss_mal_aux_0: 3.9277 (3.9277)  loss_bbox_aux_0: 0.0686 (0.0686)  loss_giou_aux_0: 0.0953 (0.0953)  loss_fgl_aux_0: 0.8111 (0.8111)  loss_ddf_aux_0: 0.1426 (0.1426)  loss_mal_aux_1: 1.9189 (1.9189)  loss_bbox_aux_1: 0.0587 (0.0587)  loss_giou_aux_1: 0.0731 (0.0731)  loss_fgl_aux_1: 0.7045 (0.7045)  loss_ddf_aux_1: 0.0194 (0.0194)  loss_mal_aux_2: 1.2412 (1.2412)  loss_bbox_aux_2: 0.0560 (0.0560)  loss_giou_aux_2: 0.0681 (0.0681)  loss_fgl_aux_2: 0.6564 (0.6564)  loss_ddf_aux_2: 0.0015 (0.0015)  loss_mal_pre: 2.9688 (2.9688)  loss_bbox_pre: 0.0700 (0.0700)  loss_giou_pre: 0.0981 (0.0981)  loss_mal_enc_0: 2.8262 (2.8262)  loss_bbox_enc_0: 0.4413 (0.4413)  loss_giou_enc_0: 0.5346 (0.5346)  loss_mal_dn_0: 1.5654 (1.5654)  loss_bbox_dn_0: 0.2340 (0.2340)  loss_giou_dn_0: 0.3014 (0.3014)  loss_fgl_dn_0: 1.1969 (1.1969)  loss_ddf_dn_0: 1.1078 (1.1078)  loss_mal_dn_1: 1.0020 (1.0020)  loss_bbox_dn_1: 0.0981 (0.0981)  loss_giou_dn_1: 0.1220 (0.1220)  loss_fgl_dn_1: 0.7906 (0.7906)  loss_ddf_dn_1: 0.1771 (0.1771)  loss_mal_dn_2: 1.0410 (1.0410)  loss_bbox_dn_2: 0.0813 (0.0813)  loss_giou_dn_2: 0.1009 (0.1009)  loss_fgl_dn_2: 0.7189 (0.7189)  loss_ddf_dn_2: 0.0084 (0.0084)  loss_mal_dn_3: 0.9971 (0.9971)  loss_bbox_dn_3: 0.0811 (0.0811)  loss_giou_dn_3: 0.1003 (0.1003)  loss_fgl_dn_3: 0.7175 (0.7175)  loss_mal_dn_pre: 1.7510 (1.7510)  loss_bbox_dn_pre: 0.2303 (0.2303)  loss_giou_dn_pre: 0.2972 (0.2972)  time: 0.5923  data: 0.4046  max mem: 3583
Epoch: [105]  [7/8]  eta: 0:00:00  lr: 0.000004  loss: 31.4445 (31.7100)  loss_mal: 1.0527 (1.0762)  loss_bbox: 0.0757 (0.0834)  loss_giou: 0.0998 (0.1034)  loss_fgl: 0.7612 (0.7751)  loss_mal_aux_0: 3.6660 (3.6118)  loss_bbox_aux_0: 0.0853 (0.1060)  loss_giou_aux_0: 0.1233 (0.1331)  loss_fgl_aux_0: 0.8749 (0.8982)  loss_ddf_aux_0: 0.1364 (0.1465)  loss_mal_aux_1: 1.4805 (1.5724)  loss_bbox_aux_1: 0.0773 (0.0867)  loss_giou_aux_1: 0.1018 (0.1072)  loss_fgl_aux_1: 0.7994 (0.8074)  loss_ddf_aux_1: 0.0219 (0.0222)  loss_mal_aux_2: 1.1045 (1.1461)  loss_bbox_aux_2: 0.0739 (0.0823)  loss_giou_aux_2: 0.0989 (0.1024)  loss_fgl_aux_2: 0.7631 (0.7745)  loss_ddf_aux_2: 0.0022 (0.0021)  loss_mal_pre: 2.8809 (2.8369)  loss_bbox_pre: 0.0889 (0.1066)  loss_giou_pre: 0.1275 (0.1333)  loss_mal_enc_0: 2.6406 (2.6660)  loss_bbox_enc_0: 0.5125 (0.5197)  loss_giou_enc_0: 0.5671 (0.5824)  loss_mal_dn_0: 1.5654 (1.5653)  loss_bbox_dn_0: 0.2532 (0.2870)  loss_giou_dn_0: 0.3014 (0.3215)  loss_fgl_dn_0: 1.1675 (1.1900)  loss_ddf_dn_0: 1.0689 (1.0831)  loss_mal_dn_1: 1.0039 (1.0011)  loss_bbox_dn_1: 0.1035 (0.1264)  loss_giou_dn_1: 0.1399 (0.1530)  loss_fgl_dn_1: 0.8581 (0.8765)  loss_ddf_dn_1: 0.1524 (0.1576)  loss_mal_dn_2: 1.0254 (1.0336)  loss_bbox_dn_2: 0.0845 (0.1020)  loss_giou_dn_2: 0.1212 (0.1287)  loss_fgl_dn_2: 0.7621 (0.8117)  loss_ddf_dn_2: 0.0083 (0.0087)  loss_mal_dn_3: 0.9795 (0.9866)  loss_bbox_dn_3: 0.0845 (0.1006)  loss_giou_dn_3: 0.1222 (0.1278)  loss_fgl_dn_3: 0.7617 (0.8119)  loss_mal_dn_pre: 1.7510 (1.7386)  loss_bbox_dn_pre: 0.2564 (0.2939)  loss_giou_dn_pre: 0.2972 (0.3225)  time: 0.2016  data: 0.0523  max mem: 3583
Epoch: [105] Total time: 0:00:01 (0.2106 s / it)
Averaged stats: lr: 0.000004  loss: 31.4445 (31.7100)  loss_mal: 1.0527 (1.0762)  loss_bbox: 0.0757 (0.0834)  loss_giou: 0.0998 (0.1034)  loss_fgl: 0.7612 (0.7751)  loss_mal_aux_0: 3.6660 (3.6118)  loss_bbox_aux_0: 0.0853 (0.1060)  loss_giou_aux_0: 0.1233 (0.1331)  loss_fgl_aux_0: 0.8749 (0.8982)  loss_ddf_aux_0: 0.1364 (0.1465)  loss_mal_aux_1: 1.4805 (1.5724)  loss_bbox_aux_1: 0.0773 (0.0867)  loss_giou_aux_1: 0.1018 (0.1072)  loss_fgl_aux_1: 0.7994 (0.8074)  loss_ddf_aux_1: 0.0219 (0.0222)  loss_mal_aux_2: 1.1045 (1.1461)  loss_bbox_aux_2: 0.0739 (0.0823)  loss_giou_aux_2: 0.0989 (0.1024)  loss_fgl_aux_2: 0.7631 (0.7745)  loss_ddf_aux_2: 0.0022 (0.0021)  loss_mal_pre: 2.8809 (2.8369)  loss_bbox_pre: 0.0889 (0.1066)  loss_giou_pre: 0.1275 (0.1333)  loss_mal_enc_0: 2.6406 (2.6660)  loss_bbox_enc_0: 0.5125 (0.5197)  loss_giou_enc_0: 0.5671 (0.5824)  loss_mal_dn_0: 1.5654 (1.5653)  loss_bbox_dn_0: 0.2532 (0.2870)  loss_giou_dn_0: 0.3014 (0.3215)  loss_fgl_dn_0: 1.1675 (1.1900)  loss_ddf_dn_0: 1.0689 (1.0831)  loss_mal_dn_1: 1.0039 (1.0011)  loss_bbox_dn_1: 0.1035 (0.1264)  loss_giou_dn_1: 0.1399 (0.1530)  loss_fgl_dn_1: 0.8581 (0.8765)  loss_ddf_dn_1: 0.1524 (0.1576)  loss_mal_dn_2: 1.0254 (1.0336)  loss_bbox_dn_2: 0.0845 (0.1020)  loss_giou_dn_2: 0.1212 (0.1287)  loss_fgl_dn_2: 0.7621 (0.8117)  loss_ddf_dn_2: 0.0083 (0.0087)  loss_mal_dn_3: 0.9795 (0.9866)  loss_bbox_dn_3: 0.0845 (0.1006)  loss_giou_dn_3: 0.1222 (0.1278)  loss_fgl_dn_3: 0.7617 (0.8119)  loss_mal_dn_pre: 1.7510 (1.7386)  loss_bbox_dn_pre: 0.2564 (0.2939)  loss_giou_dn_pre: 0.2972 (0.3225)
Test:  [0/4]  eta: 0:00:01    time: 0.4142  data: 0.3701  max mem: 3583
Test:  [3/4]  eta: 0:00:00    time: 0.1291  data: 0.0945  max mem: 3583
Test: Total time: 0:00:00 (0.1509 s / it)
Averaged stats: 
Accumulating evaluation results...
COCOeval_opt.accumulate() finished...
DONE (t=0.00s).
IoU metric: bbox
 Average Precision  (AP) @[ IoU=0.50:0.95 | area=   all | maxDets=100 ] = 0.774
 Average Precision  (AP) @[ IoU=0.50      | area=   all | maxDets=100 ] = 0.885
 Average Precision  (AP) @[ IoU=0.75      | area=   all | maxDets=100 ] = 0.861
 Average Precision  (AP) @[ IoU=0.50:0.95 | area= small | maxDets=100 ] = -1.000
 Average Precision  (AP) @[ IoU=0.50:0.95 | area=medium | maxDets=100 ] = -1.000
 Average Precision  (AP) @[ IoU=0.50:0.95 | area= large | maxDets=100 ] = 0.774
 Average Recall     (AR) @[ IoU=0.50:0.95 | area=   all | maxDets=  1 ] = 0.803
 Average Recall     (AR) @[ IoU=0.50:0.95 | area=   all | maxDets= 10 ] = 0.907
 Average Recall     (AR) @[ IoU=0.50:0.95 | area=   all | maxDets=100 ] = 0.920
 Average Recall     (AR) @[ IoU=0.50:0.95 | area= small | maxDets=100 ] = -1.000
 Average Recall     (AR) @[ IoU=0.50:0.95 | area=medium | maxDets=100 ] = -1.000
 Average Recall     (AR) @[ IoU=0.50:0.95 | area= large | maxDets=100 ] = 0.920
 Average Recall     (AR) @[ IoU=0.50      | area=   all | maxDets=100 ] = 1.000
 Average Recall     (AR) @[ IoU=0.75      | area=   all | maxDets=100 ] = 0.967
best_stat: {'epoch': 99, 'coco_eval_bbox': 0.7906597847570801}
Epoch: [106]  [0/8]  eta: 0:00:04  lr: 0.000004  loss: 32.8933 (32.8933)  loss_mal: 0.8770 (0.8770)  loss_bbox: 0.0984 (0.0984)  loss_giou: 0.1332 (0.1332)  loss_fgl: 0.8580 (0.8580)  loss_mal_aux_0: 3.7500 (3.7500)  loss_bbox_aux_0: 0.1123 (0.1123)  loss_giou_aux_0: 0.1494 (0.1494)  loss_fgl_aux_0: 0.9161 (0.9161)  loss_ddf_aux_0: 0.1258 (0.1258)  loss_mal_aux_1: 1.5527 (1.5527)  loss_bbox_aux_1: 0.0977 (0.0977)  loss_giou_aux_1: 0.1282 (0.1282)  loss_fgl_aux_1: 0.8586 (0.8586)  loss_ddf_aux_1: 0.0198 (0.0198)  loss_mal_aux_2: 0.9453 (0.9453)  loss_bbox_aux_2: 0.0986 (0.0986)  loss_giou_aux_2: 0.1335 (0.1335)  loss_fgl_aux_2: 0.8573 (0.8573)  loss_ddf_aux_2: 0.0012 (0.0012)  loss_mal_pre: 2.8848 (2.8848)  loss_bbox_pre: 0.1125 (0.1125)  loss_giou_pre: 0.1491 (0.1491)  loss_mal_enc_0: 2.7188 (2.7188)  loss_bbox_enc_0: 0.5227 (0.5227)  loss_giou_enc_0: 0.5740 (0.5740)  loss_mal_dn_0: 1.5967 (1.5967)  loss_bbox_dn_0: 0.3249 (0.3249)  loss_giou_dn_0: 0.3402 (0.3402)  loss_fgl_dn_0: 1.2101 (1.2101)  loss_ddf_dn_0: 1.5508 (1.5508)  loss_mal_dn_1: 0.9629 (0.9629)  loss_bbox_dn_1: 0.1473 (0.1473)  loss_giou_dn_1: 0.1785 (0.1785)  loss_fgl_dn_1: 0.9702 (0.9702)  loss_ddf_dn_1: 0.2652 (0.2652)  loss_mal_dn_2: 0.9951 (0.9951)  loss_bbox_dn_2: 0.1141 (0.1141)  loss_giou_dn_2: 0.1497 (0.1497)  loss_fgl_dn_2: 0.8782 (0.8782)  loss_ddf_dn_2: 0.0113 (0.0113)  loss_mal_dn_3: 0.9404 (0.9404)  loss_bbox_dn_3: 0.1122 (0.1122)  loss_giou_dn_3: 0.1485 (0.1485)  loss_fgl_dn_3: 0.8783 (0.8783)  loss_mal_dn_pre: 1.7471 (1.7471)  loss_bbox_dn_pre: 0.3442 (0.3442)  loss_giou_dn_pre: 0.3525 (0.3525)  time: 0.5892  data: 0.4124  max mem: 3583
Epoch: [106]  [7/8]  eta: 0:00:00  lr: 0.000005  loss: 30.1833 (30.7491)  loss_mal: 0.9707 (0.9811)  loss_bbox: 0.0722 (0.0809)  loss_giou: 0.0925 (0.1015)  loss_fgl: 0.7078 (0.7448)  loss_mal_aux_0: 3.5273 (3.4763)  loss_bbox_aux_0: 0.1040 (0.1104)  loss_giou_aux_0: 0.1292 (0.1364)  loss_fgl_aux_0: 0.9120 (0.8996)  loss_ddf_aux_0: 0.1536 (0.1539)  loss_mal_aux_1: 1.3994 (1.4258)  loss_bbox_aux_1: 0.0766 (0.0864)  loss_giou_aux_1: 0.1007 (0.1076)  loss_fgl_aux_1: 0.7586 (0.7813)  loss_ddf_aux_1: 0.0246 (0.0238)  loss_mal_aux_2: 1.0439 (1.0791)  loss_bbox_aux_2: 0.0693 (0.0815)  loss_giou_aux_2: 0.0910 (0.1020)  loss_fgl_aux_2: 0.7049 (0.7466)  loss_ddf_aux_2: 0.0015 (0.0021)  loss_mal_pre: 2.8516 (2.8184)  loss_bbox_pre: 0.1022 (0.1089)  loss_giou_pre: 0.1279 (0.1336)  loss_mal_enc_0: 2.6758 (2.6372)  loss_bbox_enc_0: 0.5150 (0.5334)  loss_giou_enc_0: 0.5519 (0.5709)  loss_mal_dn_0: 1.5967 (1.6038)  loss_bbox_dn_0: 0.2375 (0.2517)  loss_giou_dn_0: 0.2673 (0.2847)  loss_fgl_dn_0: 1.1566 (1.1570)  loss_ddf_dn_0: 0.9916 (1.0884)  loss_mal_dn_1: 0.9829 (0.9830)  loss_bbox_dn_1: 0.1060 (0.1130)  loss_giou_dn_1: 0.1268 (0.1370)  loss_fgl_dn_1: 0.8221 (0.8279)  loss_ddf_dn_1: 0.1330 (0.1517)  loss_mal_dn_2: 1.0029 (0.9971)  loss_bbox_dn_2: 0.0848 (0.0945)  loss_giou_dn_2: 0.1062 (0.1172)  loss_fgl_dn_2: 0.7547 (0.7659)  loss_ddf_dn_2: 0.0075 (0.0084)  loss_mal_dn_3: 0.9336 (0.9406)  loss_bbox_dn_3: 0.0831 (0.0934)  loss_giou_dn_3: 0.1051 (0.1164)  loss_fgl_dn_3: 0.7577 (0.7652)  loss_mal_dn_pre: 1.7686 (1.7792)  loss_bbox_dn_pre: 0.2510 (0.2606)  loss_giou_dn_pre: 0.2722 (0.2892)  time: 0.2020  data: 0.0532  max mem: 3583
Epoch: [106] Total time: 0:00:01 (0.2136 s / it)
Averaged stats: lr: 0.000005  loss: 30.1833 (30.7491)  loss_mal: 0.9707 (0.9811)  loss_bbox: 0.0722 (0.0809)  loss_giou: 0.0925 (0.1015)  loss_fgl: 0.7078 (0.7448)  loss_mal_aux_0: 3.5273 (3.4763)  loss_bbox_aux_0: 0.1040 (0.1104)  loss_giou_aux_0: 0.1292 (0.1364)  loss_fgl_aux_0: 0.9120 (0.8996)  loss_ddf_aux_0: 0.1536 (0.1539)  loss_mal_aux_1: 1.3994 (1.4258)  loss_bbox_aux_1: 0.0766 (0.0864)  loss_giou_aux_1: 0.1007 (0.1076)  loss_fgl_aux_1: 0.7586 (0.7813)  loss_ddf_aux_1: 0.0246 (0.0238)  loss_mal_aux_2: 1.0439 (1.0791)  loss_bbox_aux_2: 0.0693 (0.0815)  loss_giou_aux_2: 0.0910 (0.1020)  loss_fgl_aux_2: 0.7049 (0.7466)  loss_ddf_aux_2: 0.0015 (0.0021)  loss_mal_pre: 2.8516 (2.8184)  loss_bbox_pre: 0.1022 (0.1089)  loss_giou_pre: 0.1279 (0.1336)  loss_mal_enc_0: 2.6758 (2.6372)  loss_bbox_enc_0: 0.5150 (0.5334)  loss_giou_enc_0: 0.5519 (0.5709)  loss_mal_dn_0: 1.5967 (1.6038)  loss_bbox_dn_0: 0.2375 (0.2517)  loss_giou_dn_0: 0.2673 (0.2847)  loss_fgl_dn_0: 1.1566 (1.1570)  loss_ddf_dn_0: 0.9916 (1.0884)  loss_mal_dn_1: 0.9829 (0.9830)  loss_bbox_dn_1: 0.1060 (0.1130)  loss_giou_dn_1: 0.1268 (0.1370)  loss_fgl_dn_1: 0.8221 (0.8279)  loss_ddf_dn_1: 0.1330 (0.1517)  loss_mal_dn_2: 1.0029 (0.9971)  loss_bbox_dn_2: 0.0848 (0.0945)  loss_giou_dn_2: 0.1062 (0.1172)  loss_fgl_dn_2: 0.7547 (0.7659)  loss_ddf_dn_2: 0.0075 (0.0084)  loss_mal_dn_3: 0.9336 (0.9406)  loss_bbox_dn_3: 0.0831 (0.0934)  loss_giou_dn_3: 0.1051 (0.1164)  loss_fgl_dn_3: 0.7577 (0.7652)  loss_mal_dn_pre: 1.7686 (1.7792)  loss_bbox_dn_pre: 0.2510 (0.2606)  loss_giou_dn_pre: 0.2722 (0.2892)
Test:  [0/4]  eta: 0:00:01    time: 0.4076  data: 0.3700  max mem: 3583
Test:  [3/4]  eta: 0:00:00    time: 0.1289  data: 0.0946  max mem: 3583
Test: Total time: 0:00:00 (0.1488 s / it)
Averaged stats: 
Accumulating evaluation results...
COCOeval_opt.accumulate() finished...
DONE (t=0.00s).
IoU metric: bbox
 Average Precision  (AP) @[ IoU=0.50:0.95 | area=   all | maxDets=100 ] = 0.758
 Average Precision  (AP) @[ IoU=0.50      | area=   all | maxDets=100 ] = 0.871
 Average Precision  (AP) @[ IoU=0.75      | area=   all | maxDets=100 ] = 0.842
 Average Precision  (AP) @[ IoU=0.50:0.95 | area= small | maxDets=100 ] = -1.000
 Average Precision  (AP) @[ IoU=0.50:0.95 | area=medium | maxDets=100 ] = -1.000
 Average Precision  (AP) @[ IoU=0.50:0.95 | area= large | maxDets=100 ] = 0.758
 Average Recall     (AR) @[ IoU=0.50:0.95 | area=   all | maxDets=  1 ] = 0.740
 Average Recall     (AR) @[ IoU=0.50:0.95 | area=   all | maxDets= 10 ] = 0.893
 Average Recall     (AR) @[ IoU=0.50:0.95 | area=   all | maxDets=100 ] = 0.910
 Average Recall     (AR) @[ IoU=0.50:0.95 | area= small | maxDets=100 ] = -1.000
 Average Recall     (AR) @[ IoU=0.50:0.95 | area=medium | maxDets=100 ] = -1.000
 Average Recall     (AR) @[ IoU=0.50:0.95 | area= large | maxDets=100 ] = 0.910
 Average Recall     (AR) @[ IoU=0.50      | area=   all | maxDets=100 ] = 1.000
 Average Recall     (AR) @[ IoU=0.75      | area=   all | maxDets=100 ] = 0.967
best_stat: {'epoch': 99, 'coco_eval_bbox': 0.7906597847570801}
Load last_epoch
Load model.state_dict
Load criterion.state_dict
Load postprocessor.state_dict
Load ema.state_dict
Load scaler.state_dict
Load optimizer.state_dict
Load lr_warmup_scheduler.state_dict
Refresh EMA at epoch 106 with decay 0.9995
Epoch: [107]  [0/8]  eta: 0:00:04  lr: 0.000005  loss: 34.6988 (34.6988)  loss_mal: 1.0947 (1.0947)  loss_bbox: 0.1480 (0.1480)  loss_giou: 0.1172 (0.1172)  loss_fgl: 0.8151 (0.8151)  loss_mal_aux_0: 4.4141 (4.4141)  loss_bbox_aux_0: 0.1930 (0.1930)  loss_giou_aux_0: 0.1581 (0.1581)  loss_fgl_aux_0: 0.9671 (0.9671)  loss_ddf_aux_0: 0.1997 (0.1997)  loss_mal_aux_1: 1.6426 (1.6426)  loss_bbox_aux_1: 0.1547 (0.1547)  loss_giou_aux_1: 0.1249 (0.1249)  loss_fgl_aux_1: 0.8569 (0.8569)  loss_ddf_aux_1: 0.0336 (0.0336)  loss_mal_aux_2: 1.2188 (1.2188)  loss_bbox_aux_2: 0.1456 (0.1456)  loss_giou_aux_2: 0.1164 (0.1164)  loss_fgl_aux_2: 0.8130 (0.8130)  loss_ddf_aux_2: 0.0026 (0.0026)  loss_mal_pre: 3.2402 (3.2402)  loss_bbox_pre: 0.1981 (0.1981)  loss_giou_pre: 0.1636 (0.1636)  loss_mal_enc_0: 2.5840 (2.5840)  loss_bbox_enc_0: 0.7492 (0.7492)  loss_giou_enc_0: 0.5724 (0.5724)  loss_mal_dn_0: 1.6514 (1.6514)  loss_bbox_dn_0: 0.4160 (0.4160)  loss_giou_dn_0: 0.3461 (0.3461)  loss_fgl_dn_0: 1.2511 (1.2511)  loss_ddf_dn_0: 1.0805 (1.0805)  loss_mal_dn_1: 1.0166 (1.0166)  loss_bbox_dn_1: 0.1907 (0.1907)  loss_giou_dn_1: 0.1607 (0.1607)  loss_fgl_dn_1: 0.9205 (0.9205)  loss_ddf_dn_1: 0.1549 (0.1549)  loss_mal_dn_2: 1.0283 (1.0283)  loss_bbox_dn_2: 0.1484 (0.1484)  loss_giou_dn_2: 0.1235 (0.1235)  loss_fgl_dn_2: 0.8118 (0.8118)  loss_ddf_dn_2: 0.0085 (0.0085)  loss_mal_dn_3: 0.9800 (0.9800)  loss_bbox_dn_3: 0.1465 (0.1465)  loss_giou_dn_3: 0.1218 (0.1218)  loss_fgl_dn_3: 0.8143 (0.8143)  loss_mal_dn_pre: 1.8359 (1.8359)  loss_bbox_dn_pre: 0.4233 (0.4233)  loss_giou_dn_pre: 0.3445 (0.3445)  time: 0.5963  data: 0.4112  max mem: 3583
Epoch: [107]  [7/8]  eta: 0:00:00  lr: 0.000005  loss: 31.0697 (31.9066)  loss_mal: 1.0742 (1.0769)  loss_bbox: 0.0775 (0.0929)  loss_giou: 0.1125 (0.1127)  loss_fgl: 0.7994 (0.7906)  loss_mal_aux_0: 3.6113 (3.6809)  loss_bbox_aux_0: 0.1111 (0.1289)  loss_giou_aux_0: 0.1471 (0.1577)  loss_fgl_aux_0: 0.9413 (0.9429)  loss_ddf_aux_0: 0.1574 (0.1723)  loss_mal_aux_1: 1.4141 (1.5150)  loss_bbox_aux_1: 0.0833 (0.0986)  loss_giou_aux_1: 0.1225 (0.1202)  loss_fgl_aux_1: 0.8256 (0.8237)  loss_ddf_aux_1: 0.0244 (0.0252)  loss_mal_aux_2: 1.1455 (1.1500)  loss_bbox_aux_2: 0.0771 (0.0928)  loss_giou_aux_2: 0.1135 (0.1131)  loss_fgl_aux_2: 0.8023 (0.7916)  loss_ddf_aux_2: 0.0015 (0.0019)  loss_mal_pre: 2.8809 (2.8843)  loss_bbox_pre: 0.1105 (0.1294)  loss_giou_pre: 0.1481 (0.1587)  loss_mal_enc_0: 2.5840 (2.6108)  loss_bbox_enc_0: 0.4748 (0.5109)  loss_giou_enc_0: 0.5724 (0.5618)  loss_mal_dn_0: 1.5859 (1.5917)  loss_bbox_dn_0: 0.2682 (0.2789)  loss_giou_dn_0: 0.3130 (0.3100)  loss_fgl_dn_0: 1.1618 (1.1764)  loss_ddf_dn_0: 0.9319 (1.0034)  loss_mal_dn_1: 1.0127 (1.0121)  loss_bbox_dn_1: 0.1142 (0.1310)  loss_giou_dn_1: 0.1453 (0.1556)  loss_fgl_dn_1: 0.8460 (0.8784)  loss_ddf_dn_1: 0.1303 (0.1531)  loss_mal_dn_2: 1.0225 (1.0318)  loss_bbox_dn_2: 0.0857 (0.1065)  loss_giou_dn_2: 0.1235 (0.1306)  loss_fgl_dn_2: 0.7897 (0.8067)  loss_ddf_dn_2: 0.0083 (0.0085)  loss_mal_dn_3: 0.9800 (0.9824)  loss_bbox_dn_3: 0.0843 (0.1049)  loss_giou_dn_3: 0.1218 (0.1292)  loss_fgl_dn_3: 0.7890 (0.8069)  loss_mal_dn_pre: 1.7559 (1.7692)  loss_bbox_dn_pre: 0.2806 (0.2849)  loss_giou_dn_pre: 0.3112 (0.3106)  time: 0.2284  data: 0.0532  max mem: 3583
Epoch: [107] Total time: 0:00:01 (0.2393 s / it)
Averaged stats: lr: 0.000005  loss: 31.0697 (31.9066)  loss_mal: 1.0742 (1.0769)  loss_bbox: 0.0775 (0.0929)  loss_giou: 0.1125 (0.1127)  loss_fgl: 0.7994 (0.7906)  loss_mal_aux_0: 3.6113 (3.6809)  loss_bbox_aux_0: 0.1111 (0.1289)  loss_giou_aux_0: 0.1471 (0.1577)  loss_fgl_aux_0: 0.9413 (0.9429)  loss_ddf_aux_0: 0.1574 (0.1723)  loss_mal_aux_1: 1.4141 (1.5150)  loss_bbox_aux_1: 0.0833 (0.0986)  loss_giou_aux_1: 0.1225 (0.1202)  loss_fgl_aux_1: 0.8256 (0.8237)  loss_ddf_aux_1: 0.0244 (0.0252)  loss_mal_aux_2: 1.1455 (1.1500)  loss_bbox_aux_2: 0.0771 (0.0928)  loss_giou_aux_2: 0.1135 (0.1131)  loss_fgl_aux_2: 0.8023 (0.7916)  loss_ddf_aux_2: 0.0015 (0.0019)  loss_mal_pre: 2.8809 (2.8843)  loss_bbox_pre: 0.1105 (0.1294)  loss_giou_pre: 0.1481 (0.1587)  loss_mal_enc_0: 2.5840 (2.6108)  loss_bbox_enc_0: 0.4748 (0.5109)  loss_giou_enc_0: 0.5724 (0.5618)  loss_mal_dn_0: 1.5859 (1.5917)  loss_bbox_dn_0: 0.2682 (0.2789)  loss_giou_dn_0: 0.3130 (0.3100)  loss_fgl_dn_0: 1.1618 (1.1764)  loss_ddf_dn_0: 0.9319 (1.0034)  loss_mal_dn_1: 1.0127 (1.0121)  loss_bbox_dn_1: 0.1142 (0.1310)  loss_giou_dn_1: 0.1453 (0.1556)  loss_fgl_dn_1: 0.8460 (0.8784)  loss_ddf_dn_1: 0.1303 (0.1531)  loss_mal_dn_2: 1.0225 (1.0318)  loss_bbox_dn_2: 0.0857 (0.1065)  loss_giou_dn_2: 0.1235 (0.1306)  loss_fgl_dn_2: 0.7897 (0.8067)  loss_ddf_dn_2: 0.0083 (0.0085)  loss_mal_dn_3: 0.9800 (0.9824)  loss_bbox_dn_3: 0.0843 (0.1049)  loss_giou_dn_3: 0.1218 (0.1292)  loss_fgl_dn_3: 0.7890 (0.8069)  loss_mal_dn_pre: 1.7559 (1.7692)  loss_bbox_dn_pre: 0.2806 (0.2849)  loss_giou_dn_pre: 0.3112 (0.3106)
Test:  [0/4]  eta: 0:00:01    time: 0.3949  data: 0.3555  max mem: 3583
Test:  [3/4]  eta: 0:00:00    time: 0.1255  data: 0.0910  max mem: 3583
Test: Total time: 0:00:00 (0.1480 s / it)
Averaged stats: 
Accumulating evaluation results...
COCOeval_opt.accumulate() finished...
DONE (t=0.00s).
IoU metric: bbox
 Average Precision  (AP) @[ IoU=0.50:0.95 | area=   all | maxDets=100 ] = 0.771
 Average Precision  (AP) @[ IoU=0.50      | area=   all | maxDets=100 ] = 0.893
 Average Precision  (AP) @[ IoU=0.75      | area=   all | maxDets=100 ] = 0.857
 Average Precision  (AP) @[ IoU=0.50:0.95 | area= small | maxDets=100 ] = -1.000
 Average Precision  (AP) @[ IoU=0.50:0.95 | area=medium | maxDets=100 ] = -1.000
 Average Precision  (AP) @[ IoU=0.50:0.95 | area= large | maxDets=100 ] = 0.771
 Average Recall     (AR) @[ IoU=0.50:0.95 | area=   all | maxDets=  1 ] = 0.743
 Average Recall     (AR) @[ IoU=0.50:0.95 | area=   all | maxDets= 10 ] = 0.903
 Average Recall     (AR) @[ IoU=0.50:0.95 | area=   all | maxDets=100 ] = 0.917
 Average Recall     (AR) @[ IoU=0.50:0.95 | area= small | maxDets=100 ] = -1.000
 Average Recall     (AR) @[ IoU=0.50:0.95 | area=medium | maxDets=100 ] = -1.000
 Average Recall     (AR) @[ IoU=0.50:0.95 | area= large | maxDets=100 ] = 0.917
 Average Recall     (AR) @[ IoU=0.50      | area=   all | maxDets=100 ] = 1.000
 Average Recall     (AR) @[ IoU=0.75      | area=   all | maxDets=100 ] = 0.967
best_stat: {'epoch': 99, 'coco_eval_bbox': 0.7906597847570801}
Epoch: [108]  [0/8]  eta: 0:00:04  lr: 0.000005  loss: 29.7998 (29.7998)  loss_mal: 1.0938 (1.0938)  loss_bbox: 0.0668 (0.0668)  loss_giou: 0.0740 (0.0740)  loss_fgl: 0.6680 (0.6680)  loss_mal_aux_0: 3.5938 (3.5938)  loss_bbox_aux_0: 0.1032 (0.1032)  loss_giou_aux_0: 0.1231 (0.1231)  loss_fgl_aux_0: 0.8668 (0.8668)  loss_ddf_aux_0: 0.1424 (0.1424)  loss_mal_aux_1: 1.3145 (1.3145)  loss_bbox_aux_1: 0.0741 (0.0741)  loss_giou_aux_1: 0.0814 (0.0814)  loss_fgl_aux_1: 0.7146 (0.7146)  loss_ddf_aux_1: 0.0215 (0.0215)  loss_mal_aux_2: 1.0957 (1.0957)  loss_bbox_aux_2: 0.0686 (0.0686)  loss_giou_aux_2: 0.0745 (0.0745)  loss_fgl_aux_2: 0.6693 (0.6693)  loss_ddf_aux_2: 0.0015 (0.0015)  loss_mal_pre: 2.8809 (2.8809)  loss_bbox_pre: 0.1016 (0.1016)  loss_giou_pre: 0.1227 (0.1227)  loss_mal_enc_0: 2.7676 (2.7676)  loss_bbox_enc_0: 0.4019 (0.4019)  loss_giou_enc_0: 0.4889 (0.4889)  loss_mal_dn_0: 1.6621 (1.6621)  loss_bbox_dn_0: 0.2137 (0.2137)  loss_giou_dn_0: 0.2461 (0.2461)  loss_fgl_dn_0: 1.0952 (1.0952)  loss_ddf_dn_0: 0.8598 (0.8598)  loss_mal_dn_1: 1.0303 (1.0303)  loss_bbox_dn_1: 0.0862 (0.0862)  loss_giou_dn_1: 0.1016 (0.1016)  loss_fgl_dn_1: 0.7341 (0.7341)  loss_ddf_dn_1: 0.1204 (0.1204)  loss_mal_dn_2: 1.0508 (1.0508)  loss_bbox_dn_2: 0.0705 (0.0705)  loss_giou_dn_2: 0.0813 (0.0813)  loss_fgl_dn_2: 0.6716 (0.6716)  loss_ddf_dn_2: 0.0060 (0.0060)  loss_mal_dn_3: 1.0176 (1.0176)  loss_bbox_dn_3: 0.0697 (0.0697)  loss_giou_dn_3: 0.0810 (0.0810)  loss_fgl_dn_3: 0.6698 (0.6698)  loss_mal_dn_pre: 1.8555 (1.8555)  loss_bbox_dn_pre: 0.2179 (0.2179)  loss_giou_dn_pre: 0.2478 (0.2478)  time: 0.5471  data: 0.3724  max mem: 3583
Epoch: [108]  [7/8]  eta: 0:00:00  lr: 0.000005  loss: 30.0521 (30.7654)  loss_mal: 0.9893 (0.9813)  loss_bbox: 0.0920 (0.0866)  loss_giou: 0.0951 (0.1027)  loss_fgl: 0.7571 (0.7560)  loss_mal_aux_0: 3.4004 (3.4238)  loss_bbox_aux_0: 0.1196 (0.1203)  loss_giou_aux_0: 0.1337 (0.1441)  loss_fgl_aux_0: 0.8996 (0.9083)  loss_ddf_aux_0: 0.1686 (0.1771)  loss_mal_aux_1: 1.5371 (1.5419)  loss_bbox_aux_1: 0.0902 (0.0920)  loss_giou_aux_1: 0.1002 (0.1104)  loss_fgl_aux_1: 0.7795 (0.7905)  loss_ddf_aux_1: 0.0240 (0.0266)  loss_mal_aux_2: 1.0488 (1.0599)  loss_bbox_aux_2: 0.0917 (0.0872)  loss_giou_aux_2: 0.0947 (0.1030)  loss_fgl_aux_2: 0.7569 (0.7578)  loss_ddf_aux_2: 0.0020 (0.0020)  loss_mal_pre: 2.7852 (2.7852)  loss_bbox_pre: 0.1175 (0.1184)  loss_giou_pre: 0.1288 (0.1411)  loss_mal_enc_0: 2.6504 (2.6802)  loss_bbox_enc_0: 0.4380 (0.4876)  loss_giou_enc_0: 0.4983 (0.5192)  loss_mal_dn_0: 1.5879 (1.5861)  loss_bbox_dn_0: 0.2213 (0.2551)  loss_giou_dn_0: 0.2934 (0.2885)  loss_fgl_dn_0: 1.1623 (1.1623)  loss_ddf_dn_0: 0.9780 (1.0262)  loss_mal_dn_1: 0.9771 (0.9863)  loss_bbox_dn_1: 0.1152 (0.1156)  loss_giou_dn_1: 0.1376 (0.1395)  loss_fgl_dn_1: 0.8364 (0.8332)  loss_ddf_dn_1: 0.1222 (0.1359)  loss_mal_dn_2: 0.9829 (0.9998)  loss_bbox_dn_2: 0.1006 (0.0966)  loss_giou_dn_2: 0.1156 (0.1179)  loss_fgl_dn_2: 0.7861 (0.7759)  loss_ddf_dn_2: 0.0069 (0.0069)  loss_mal_dn_3: 0.9077 (0.9288)  loss_bbox_dn_3: 0.0951 (0.0958)  loss_giou_dn_3: 0.1143 (0.1172)  loss_fgl_dn_3: 0.7853 (0.7755)  loss_mal_dn_pre: 1.7559 (1.7627)  loss_bbox_dn_pre: 0.2305 (0.2637)  loss_giou_dn_pre: 0.2987 (0.2929)  time: 0.2007  data: 0.0482  max mem: 3583
Epoch: [108] Total time: 0:00:01 (0.2103 s / it)
Averaged stats: lr: 0.000005  loss: 30.0521 (30.7654)  loss_mal: 0.9893 (0.9813)  loss_bbox: 0.0920 (0.0866)  loss_giou: 0.0951 (0.1027)  loss_fgl: 0.7571 (0.7560)  loss_mal_aux_0: 3.4004 (3.4238)  loss_bbox_aux_0: 0.1196 (0.1203)  loss_giou_aux_0: 0.1337 (0.1441)  loss_fgl_aux_0: 0.8996 (0.9083)  loss_ddf_aux_0: 0.1686 (0.1771)  loss_mal_aux_1: 1.5371 (1.5419)  loss_bbox_aux_1: 0.0902 (0.0920)  loss_giou_aux_1: 0.1002 (0.1104)  loss_fgl_aux_1: 0.7795 (0.7905)  loss_ddf_aux_1: 0.0240 (0.0266)  loss_mal_aux_2: 1.0488 (1.0599)  loss_bbox_aux_2: 0.0917 (0.0872)  loss_giou_aux_2: 0.0947 (0.1030)  loss_fgl_aux_2: 0.7569 (0.7578)  loss_ddf_aux_2: 0.0020 (0.0020)  loss_mal_pre: 2.7852 (2.7852)  loss_bbox_pre: 0.1175 (0.1184)  loss_giou_pre: 0.1288 (0.1411)  loss_mal_enc_0: 2.6504 (2.6802)  loss_bbox_enc_0: 0.4380 (0.4876)  loss_giou_enc_0: 0.4983 (0.5192)  loss_mal_dn_0: 1.5879 (1.5861)  loss_bbox_dn_0: 0.2213 (0.2551)  loss_giou_dn_0: 0.2934 (0.2885)  loss_fgl_dn_0: 1.1623 (1.1623)  loss_ddf_dn_0: 0.9780 (1.0262)  loss_mal_dn_1: 0.9771 (0.9863)  loss_bbox_dn_1: 0.1152 (0.1156)  loss_giou_dn_1: 0.1376 (0.1395)  loss_fgl_dn_1: 0.8364 (0.8332)  loss_ddf_dn_1: 0.1222 (0.1359)  loss_mal_dn_2: 0.9829 (0.9998)  loss_bbox_dn_2: 0.1006 (0.0966)  loss_giou_dn_2: 0.1156 (0.1179)  loss_fgl_dn_2: 0.7861 (0.7759)  loss_ddf_dn_2: 0.0069 (0.0069)  loss_mal_dn_3: 0.9077 (0.9288)  loss_bbox_dn_3: 0.0951 (0.0958)  loss_giou_dn_3: 0.1143 (0.1172)  loss_fgl_dn_3: 0.7853 (0.7755)  loss_mal_dn_pre: 1.7559 (1.7627)  loss_bbox_dn_pre: 0.2305 (0.2637)  loss_giou_dn_pre: 0.2987 (0.2929)
Test:  [0/4]  eta: 0:00:01    time: 0.3843  data: 0.3454  max mem: 3583
Test:  [3/4]  eta: 0:00:00    time: 0.1210  data: 0.0886  max mem: 3583
Test: Total time: 0:00:00 (0.1449 s / it)
Averaged stats: 
Accumulating evaluation results...
COCOeval_opt.accumulate() finished...
DONE (t=0.00s).
IoU metric: bbox
 Average Precision  (AP) @[ IoU=0.50:0.95 | area=   all | maxDets=100 ] = 0.728
 Average Precision  (AP) @[ IoU=0.50      | area=   all | maxDets=100 ] = 0.845
 Average Precision  (AP) @[ IoU=0.75      | area=   all | maxDets=100 ] = 0.820
 Average Precision  (AP) @[ IoU=0.50:0.95 | area= small | maxDets=100 ] = -1.000
 Average Precision  (AP) @[ IoU=0.50:0.95 | area=medium | maxDets=100 ] = -1.000
 Average Precision  (AP) @[ IoU=0.50:0.95 | area= large | maxDets=100 ] = 0.728
 Average Recall     (AR) @[ IoU=0.50:0.95 | area=   all | maxDets=  1 ] = 0.763
 Average Recall     (AR) @[ IoU=0.50:0.95 | area=   all | maxDets= 10 ] = 0.893
 Average Recall     (AR) @[ IoU=0.50:0.95 | area=   all | maxDets=100 ] = 0.927
 Average Recall     (AR) @[ IoU=0.50:0.95 | area= small | maxDets=100 ] = -1.000
 Average Recall     (AR) @[ IoU=0.50:0.95 | area=medium | maxDets=100 ] = -1.000
 Average Recall     (AR) @[ IoU=0.50:0.95 | area= large | maxDets=100 ] = 0.927
 Average Recall     (AR) @[ IoU=0.50      | area=   all | maxDets=100 ] = 1.000
 Average Recall     (AR) @[ IoU=0.75      | area=   all | maxDets=100 ] = 1.000
best_stat: {'epoch': 99, 'coco_eval_bbox': 0.7906597847570801}
Load last_epoch
Load model.state_dict
Load criterion.state_dict
Load postprocessor.state_dict
Load ema.state_dict
Load scaler.state_dict
Load optimizer.state_dict
Load lr_warmup_scheduler.state_dict
Refresh EMA at epoch 108 with decay 0.9994000000000001
Epoch: [109]  [0/8]  eta: 0:00:04  lr: 0.000005  loss: 31.9152 (31.9152)  loss_mal: 1.1670 (1.1670)  loss_bbox: 0.0620 (0.0620)  loss_giou: 0.0803 (0.0803)  loss_fgl: 0.7024 (0.7024)  loss_mal_aux_0: 3.6094 (3.6094)  loss_bbox_aux_0: 0.0824 (0.0824)  loss_giou_aux_0: 0.1237 (0.1237)  loss_fgl_aux_0: 0.8756 (0.8756)  loss_ddf_aux_0: 0.1776 (0.1776)  loss_mal_aux_1: 2.3379 (2.3379)  loss_bbox_aux_1: 0.0638 (0.0638)  loss_giou_aux_1: 0.0854 (0.0854)  loss_fgl_aux_1: 0.7424 (0.7424)  loss_ddf_aux_1: 0.0237 (0.0237)  loss_mal_aux_2: 1.2803 (1.2803)  loss_bbox_aux_2: 0.0614 (0.0614)  loss_giou_aux_2: 0.0798 (0.0798)  loss_fgl_aux_2: 0.7025 (0.7025)  loss_ddf_aux_2: 0.0021 (0.0021)  loss_mal_pre: 2.8594 (2.8594)  loss_bbox_pre: 0.0830 (0.0830)  loss_giou_pre: 0.1241 (0.1241)  loss_mal_enc_0: 2.4902 (2.4902)  loss_bbox_enc_0: 0.4931 (0.4931)  loss_giou_enc_0: 0.6257 (0.6257)  loss_mal_dn_0: 1.5996 (1.5996)  loss_bbox_dn_0: 0.2247 (0.2247)  loss_giou_dn_0: 0.2893 (0.2893)  loss_fgl_dn_0: 1.1513 (1.1513)  loss_ddf_dn_0: 1.2947 (1.2947)  loss_mal_dn_1: 1.0449 (1.0449)  loss_bbox_dn_1: 0.0838 (0.0838)  loss_giou_dn_1: 0.1138 (0.1138)  loss_fgl_dn_1: 0.7944 (0.7944)  loss_ddf_dn_1: 0.2063 (0.2063)  loss_mal_dn_2: 1.0684 (1.0684)  loss_bbox_dn_2: 0.0689 (0.0689)  loss_giou_dn_2: 0.0892 (0.0892)  loss_fgl_dn_2: 0.7207 (0.7207)  loss_ddf_dn_2: 0.0102 (0.0102)  loss_mal_dn_3: 1.0391 (1.0391)  loss_bbox_dn_3: 0.0698 (0.0698)  loss_giou_dn_3: 0.0904 (0.0904)  loss_fgl_dn_3: 0.7210 (0.7210)  loss_mal_dn_pre: 1.7852 (1.7852)  loss_bbox_dn_pre: 0.2259 (0.2259)  loss_giou_dn_pre: 0.2885 (0.2885)  time: 0.5701  data: 0.3915  max mem: 3583
Epoch: [109]  [7/8]  eta: 0:00:00  lr: 0.000005  loss: 31.9831 (31.9212)  loss_mal: 1.0645 (1.0528)  loss_bbox: 0.0914 (0.0910)  loss_giou: 0.1055 (0.1104)  loss_fgl: 0.7974 (0.7864)  loss_mal_aux_0: 3.6406 (3.7310)  loss_bbox_aux_0: 0.1255 (0.1217)  loss_giou_aux_0: 0.1511 (0.1475)  loss_fgl_aux_0: 0.9262 (0.9312)  loss_ddf_aux_0: 0.1521 (0.1634)  loss_mal_aux_1: 1.5293 (1.5636)  loss_bbox_aux_1: 0.0977 (0.0982)  loss_giou_aux_1: 0.1103 (0.1191)  loss_fgl_aux_1: 0.8200 (0.8237)  loss_ddf_aux_1: 0.0243 (0.0251)  loss_mal_aux_2: 1.1172 (1.1377)  loss_bbox_aux_2: 0.0923 (0.0908)  loss_giou_aux_2: 0.1059 (0.1104)  loss_fgl_aux_2: 0.7981 (0.7872)  loss_ddf_aux_2: 0.0016 (0.0018)  loss_mal_pre: 2.9082 (2.9177)  loss_bbox_pre: 0.1266 (0.1218)  loss_giou_pre: 0.1493 (0.1483)  loss_mal_enc_0: 2.5664 (2.6265)  loss_bbox_enc_0: 0.5551 (0.5439)  loss_giou_enc_0: 0.5645 (0.5716)  loss_mal_dn_0: 1.5889 (1.5920)  loss_bbox_dn_0: 0.2353 (0.2697)  loss_giou_dn_0: 0.2893 (0.3035)  loss_fgl_dn_0: 1.1513 (1.1727)  loss_ddf_dn_0: 0.9954 (1.0208)  loss_mal_dn_1: 1.0039 (1.0085)  loss_bbox_dn_1: 0.1199 (0.1258)  loss_giou_dn_1: 0.1418 (0.1509)  loss_fgl_dn_1: 0.8617 (0.8772)  loss_ddf_dn_1: 0.1395 (0.1509)  loss_mal_dn_2: 1.0146 (1.0223)  loss_bbox_dn_2: 0.0981 (0.1018)  loss_giou_dn_2: 0.1185 (0.1258)  loss_fgl_dn_2: 0.7729 (0.8063)  loss_ddf_dn_2: 0.0079 (0.0085)  loss_mal_dn_3: 0.9512 (0.9766)  loss_bbox_dn_3: 0.0971 (0.1009)  loss_giou_dn_3: 0.1216 (0.1253)  loss_fgl_dn_3: 0.7736 (0.8067)  loss_mal_dn_pre: 1.7627 (1.7650)  loss_bbox_dn_pre: 0.2382 (0.2788)  loss_giou_dn_pre: 0.2885 (0.3084)  time: 0.2042  data: 0.0511  max mem: 3583
Epoch: [109] Total time: 0:00:01 (0.2126 s / it)
Averaged stats: lr: 0.000005  loss: 31.9831 (31.9212)  loss_mal: 1.0645 (1.0528)  loss_bbox: 0.0914 (0.0910)  loss_giou: 0.1055 (0.1104)  loss_fgl: 0.7974 (0.7864)  loss_mal_aux_0: 3.6406 (3.7310)  loss_bbox_aux_0: 0.1255 (0.1217)  loss_giou_aux_0: 0.1511 (0.1475)  loss_fgl_aux_0: 0.9262 (0.9312)  loss_ddf_aux_0: 0.1521 (0.1634)  loss_mal_aux_1: 1.5293 (1.5636)  loss_bbox_aux_1: 0.0977 (0.0982)  loss_giou_aux_1: 0.1103 (0.1191)  loss_fgl_aux_1: 0.8200 (0.8237)  loss_ddf_aux_1: 0.0243 (0.0251)  loss_mal_aux_2: 1.1172 (1.1377)  loss_bbox_aux_2: 0.0923 (0.0908)  loss_giou_aux_2: 0.1059 (0.1104)  loss_fgl_aux_2: 0.7981 (0.7872)  loss_ddf_aux_2: 0.0016 (0.0018)  loss_mal_pre: 2.9082 (2.9177)  loss_bbox_pre: 0.1266 (0.1218)  loss_giou_pre: 0.1493 (0.1483)  loss_mal_enc_0: 2.5664 (2.6265)  loss_bbox_enc_0: 0.5551 (0.5439)  loss_giou_enc_0: 0.5645 (0.5716)  loss_mal_dn_0: 1.5889 (1.5920)  loss_bbox_dn_0: 0.2353 (0.2697)  loss_giou_dn_0: 0.2893 (0.3035)  loss_fgl_dn_0: 1.1513 (1.1727)  loss_ddf_dn_0: 0.9954 (1.0208)  loss_mal_dn_1: 1.0039 (1.0085)  loss_bbox_dn_1: 0.1199 (0.1258)  loss_giou_dn_1: 0.1418 (0.1509)  loss_fgl_dn_1: 0.8617 (0.8772)  loss_ddf_dn_1: 0.1395 (0.1509)  loss_mal_dn_2: 1.0146 (1.0223)  loss_bbox_dn_2: 0.0981 (0.1018)  loss_giou_dn_2: 0.1185 (0.1258)  loss_fgl_dn_2: 0.7729 (0.8063)  loss_ddf_dn_2: 0.0079 (0.0085)  loss_mal_dn_3: 0.9512 (0.9766)  loss_bbox_dn_3: 0.0971 (0.1009)  loss_giou_dn_3: 0.1216 (0.1253)  loss_fgl_dn_3: 0.7736 (0.8067)  loss_mal_dn_pre: 1.7627 (1.7650)  loss_bbox_dn_pre: 0.2382 (0.2788)  loss_giou_dn_pre: 0.2885 (0.3084)
Test:  [0/4]  eta: 0:00:01    time: 0.3842  data: 0.3456  max mem: 3583
Test:  [3/4]  eta: 0:00:00    time: 0.1214  data: 0.0886  max mem: 3583
Test: Total time: 0:00:00 (0.1428 s / it)
Averaged stats: 
Accumulating evaluation results...
COCOeval_opt.accumulate() finished...
DONE (t=0.00s).
IoU metric: bbox
 Average Precision  (AP) @[ IoU=0.50:0.95 | area=   all | maxDets=100 ] = 0.748
 Average Precision  (AP) @[ IoU=0.50      | area=   all | maxDets=100 ] = 0.856
 Average Precision  (AP) @[ IoU=0.75      | area=   all | maxDets=100 ] = 0.833
 Average Precision  (AP) @[ IoU=0.50:0.95 | area= small | maxDets=100 ] = -1.000
 Average Precision  (AP) @[ IoU=0.50:0.95 | area=medium | maxDets=100 ] = -1.000
 Average Precision  (AP) @[ IoU=0.50:0.95 | area= large | maxDets=100 ] = 0.748
 Average Recall     (AR) @[ IoU=0.50:0.95 | area=   all | maxDets=  1 ] = 0.777
 Average Recall     (AR) @[ IoU=0.50:0.95 | area=   all | maxDets= 10 ] = 0.897
 Average Recall     (AR) @[ IoU=0.50:0.95 | area=   all | maxDets=100 ] = 0.913
 Average Recall     (AR) @[ IoU=0.50:0.95 | area= small | maxDets=100 ] = -1.000
 Average Recall     (AR) @[ IoU=0.50:0.95 | area=medium | maxDets=100 ] = -1.000
 Average Recall     (AR) @[ IoU=0.50:0.95 | area= large | maxDets=100 ] = 0.913
 Average Recall     (AR) @[ IoU=0.50      | area=   all | maxDets=100 ] = 1.000
 Average Recall     (AR) @[ IoU=0.75      | area=   all | maxDets=100 ] = 0.967
best_stat: {'epoch': 99, 'coco_eval_bbox': 0.7906597847570801}
Epoch: [110]  [0/8]  eta: 0:00:04  lr: 0.000005  loss: 30.4187 (30.4187)  loss_mal: 0.9780 (0.9780)  loss_bbox: 0.0702 (0.0702)  loss_giou: 0.0824 (0.0824)  loss_fgl: 0.7201 (0.7201)  loss_mal_aux_0: 3.5176 (3.5176)  loss_bbox_aux_0: 0.1095 (0.1095)  loss_giou_aux_0: 0.1478 (0.1478)  loss_fgl_aux_0: 0.9287 (0.9287)  loss_ddf_aux_0: 0.1980 (0.1980)  loss_mal_aux_1: 1.5371 (1.5371)  loss_bbox_aux_1: 0.0839 (0.0839)  loss_giou_aux_1: 0.1001 (0.1001)  loss_fgl_aux_1: 0.7762 (0.7762)  loss_ddf_aux_1: 0.0255 (0.0255)  loss_mal_aux_2: 1.0869 (1.0869)  loss_bbox_aux_2: 0.0708 (0.0708)  loss_giou_aux_2: 0.0830 (0.0830)  loss_fgl_aux_2: 0.7236 (0.7236)  loss_ddf_aux_2: 0.0020 (0.0020)  loss_mal_pre: 2.8105 (2.8105)  loss_bbox_pre: 0.1139 (0.1139)  loss_giou_pre: 0.1560 (0.1560)  loss_mal_enc_0: 2.5469 (2.5469)  loss_bbox_enc_0: 0.5541 (0.5541)  loss_giou_enc_0: 0.6321 (0.6321)  loss_mal_dn_0: 1.5400 (1.5400)  loss_bbox_dn_0: 0.2306 (0.2306)  loss_giou_dn_0: 0.2842 (0.2842)  loss_fgl_dn_0: 1.1488 (1.1488)  loss_ddf_dn_0: 1.1187 (1.1187)  loss_mal_dn_1: 0.9927 (0.9927)  loss_bbox_dn_1: 0.0864 (0.0864)  loss_giou_dn_1: 0.1055 (0.1055)  loss_fgl_dn_1: 0.7706 (0.7706)  loss_ddf_dn_1: 0.1472 (0.1472)  loss_mal_dn_2: 1.0127 (1.0127)  loss_bbox_dn_2: 0.0672 (0.0672)  loss_giou_dn_2: 0.0856 (0.0856)  loss_fgl_dn_2: 0.7123 (0.7123)  loss_ddf_dn_2: 0.0095 (0.0095)  loss_mal_dn_3: 0.9526 (0.9526)  loss_bbox_dn_3: 0.0657 (0.0657)  loss_giou_dn_3: 0.0838 (0.0838)  loss_fgl_dn_3: 0.7114 (0.7114)  loss_mal_dn_pre: 1.7051 (1.7051)  loss_bbox_dn_pre: 0.2438 (0.2438)  loss_giou_dn_pre: 0.2891 (0.2891)  time: 0.5181  data: 0.3566  max mem: 3583
Epoch: [110]  [7/8]  eta: 0:00:00  lr: 0.000005  loss: 30.8342 (30.8016)  loss_mal: 0.9717 (0.9562)  loss_bbox: 0.0747 (0.0830)  loss_giou: 0.0988 (0.1022)  loss_fgl: 0.7771 (0.7600)  loss_mal_aux_0: 3.5176 (3.4827)  loss_bbox_aux_0: 0.1068 (0.1151)  loss_giou_aux_0: 0.1478 (0.1497)  loss_fgl_aux_0: 0.9051 (0.9211)  loss_ddf_aux_0: 0.1602 (0.1687)  loss_mal_aux_1: 1.4043 (1.4432)  loss_bbox_aux_1: 0.0848 (0.0887)  loss_giou_aux_1: 0.1067 (0.1114)  loss_fgl_aux_1: 0.7914 (0.7951)  loss_ddf_aux_1: 0.0246 (0.0256)  loss_mal_aux_2: 1.0381 (1.0412)  loss_bbox_aux_2: 0.0738 (0.0825)  loss_giou_aux_2: 0.0991 (0.1020)  loss_fgl_aux_2: 0.7785 (0.7598)  loss_ddf_aux_2: 0.0016 (0.0017)  loss_mal_pre: 2.7832 (2.8022)  loss_bbox_pre: 0.1052 (0.1140)  loss_giou_pre: 0.1494 (0.1478)  loss_mal_enc_0: 2.6016 (2.6453)  loss_bbox_enc_0: 0.5031 (0.4990)  loss_giou_enc_0: 0.5509 (0.5454)  loss_mal_dn_0: 1.5889 (1.5978)  loss_bbox_dn_0: 0.2348 (0.2571)  loss_giou_dn_0: 0.2809 (0.2913)  loss_fgl_dn_0: 1.1576 (1.1642)  loss_ddf_dn_0: 0.9842 (1.0641)  loss_mal_dn_1: 0.9731 (0.9802)  loss_bbox_dn_1: 0.1123 (0.1157)  loss_giou_dn_1: 0.1397 (0.1402)  loss_fgl_dn_1: 0.8380 (0.8459)  loss_ddf_dn_1: 0.1306 (0.1493)  loss_mal_dn_2: 0.9868 (0.9996)  loss_bbox_dn_2: 0.0938 (0.0941)  loss_giou_dn_2: 0.1146 (0.1168)  loss_fgl_dn_2: 0.7578 (0.7787)  loss_ddf_dn_2: 0.0074 (0.0074)  loss_mal_dn_3: 0.9238 (0.9373)  loss_bbox_dn_3: 0.0927 (0.0928)  loss_giou_dn_3: 0.1120 (0.1157)  loss_fgl_dn_3: 0.7572 (0.7787)  loss_mal_dn_pre: 1.7715 (1.7731)  loss_bbox_dn_pre: 0.2438 (0.2641)  loss_giou_dn_pre: 0.2891 (0.2939)  time: 0.1944  data: 0.0474  max mem: 3583
Epoch: [110] Total time: 0:00:01 (0.2028 s / it)
Averaged stats: lr: 0.000005  loss: 30.8342 (30.8016)  loss_mal: 0.9717 (0.9562)  loss_bbox: 0.0747 (0.0830)  loss_giou: 0.0988 (0.1022)  loss_fgl: 0.7771 (0.7600)  loss_mal_aux_0: 3.5176 (3.4827)  loss_bbox_aux_0: 0.1068 (0.1151)  loss_giou_aux_0: 0.1478 (0.1497)  loss_fgl_aux_0: 0.9051 (0.9211)  loss_ddf_aux_0: 0.1602 (0.1687)  loss_mal_aux_1: 1.4043 (1.4432)  loss_bbox_aux_1: 0.0848 (0.0887)  loss_giou_aux_1: 0.1067 (0.1114)  loss_fgl_aux_1: 0.7914 (0.7951)  loss_ddf_aux_1: 0.0246 (0.0256)  loss_mal_aux_2: 1.0381 (1.0412)  loss_bbox_aux_2: 0.0738 (0.0825)  loss_giou_aux_2: 0.0991 (0.1020)  loss_fgl_aux_2: 0.7785 (0.7598)  loss_ddf_aux_2: 0.0016 (0.0017)  loss_mal_pre: 2.7832 (2.8022)  loss_bbox_pre: 0.1052 (0.1140)  loss_giou_pre: 0.1494 (0.1478)  loss_mal_enc_0: 2.6016 (2.6453)  loss_bbox_enc_0: 0.5031 (0.4990)  loss_giou_enc_0: 0.5509 (0.5454)  loss_mal_dn_0: 1.5889 (1.5978)  loss_bbox_dn_0: 0.2348 (0.2571)  loss_giou_dn_0: 0.2809 (0.2913)  loss_fgl_dn_0: 1.1576 (1.1642)  loss_ddf_dn_0: 0.9842 (1.0641)  loss_mal_dn_1: 0.9731 (0.9802)  loss_bbox_dn_1: 0.1123 (0.1157)  loss_giou_dn_1: 0.1397 (0.1402)  loss_fgl_dn_1: 0.8380 (0.8459)  loss_ddf_dn_1: 0.1306 (0.1493)  loss_mal_dn_2: 0.9868 (0.9996)  loss_bbox_dn_2: 0.0938 (0.0941)  loss_giou_dn_2: 0.1146 (0.1168)  loss_fgl_dn_2: 0.7578 (0.7787)  loss_ddf_dn_2: 0.0074 (0.0074)  loss_mal_dn_3: 0.9238 (0.9373)  loss_bbox_dn_3: 0.0927 (0.0928)  loss_giou_dn_3: 0.1120 (0.1157)  loss_fgl_dn_3: 0.7572 (0.7787)  loss_mal_dn_pre: 1.7715 (1.7731)  loss_bbox_dn_pre: 0.2438 (0.2641)  loss_giou_dn_pre: 0.2891 (0.2939)
Test:  [0/4]  eta: 0:00:01    time: 0.3852  data: 0.3446  max mem: 3583
Test:  [3/4]  eta: 0:00:00    time: 0.1266  data: 0.0881  max mem: 3583
Test: Total time: 0:00:00 (0.1461 s / it)
Averaged stats: 
Accumulating evaluation results...
COCOeval_opt.accumulate() finished...
DONE (t=0.00s).
IoU metric: bbox
 Average Precision  (AP) @[ IoU=0.50:0.95 | area=   all | maxDets=100 ] = 0.681
 Average Precision  (AP) @[ IoU=0.50      | area=   all | maxDets=100 ] = 0.786
 Average Precision  (AP) @[ IoU=0.75      | area=   all | maxDets=100 ] = 0.768
 Average Precision  (AP) @[ IoU=0.50:0.95 | area= small | maxDets=100 ] = -1.000
 Average Precision  (AP) @[ IoU=0.50:0.95 | area=medium | maxDets=100 ] = -1.000
 Average Precision  (AP) @[ IoU=0.50:0.95 | area= large | maxDets=100 ] = 0.681
 Average Recall     (AR) @[ IoU=0.50:0.95 | area=   all | maxDets=  1 ] = 0.793
 Average Recall     (AR) @[ IoU=0.50:0.95 | area=   all | maxDets= 10 ] = 0.887
 Average Recall     (AR) @[ IoU=0.50:0.95 | area=   all | maxDets=100 ] = 0.927
 Average Recall     (AR) @[ IoU=0.50:0.95 | area= small | maxDets=100 ] = -1.000
 Average Recall     (AR) @[ IoU=0.50:0.95 | area=medium | maxDets=100 ] = -1.000
 Average Recall     (AR) @[ IoU=0.50:0.95 | area= large | maxDets=100 ] = 0.927
 Average Recall     (AR) @[ IoU=0.50      | area=   all | maxDets=100 ] = 1.000
 Average Recall     (AR) @[ IoU=0.75      | area=   all | maxDets=100 ] = 1.000
best_stat: {'epoch': 99, 'coco_eval_bbox': 0.7906597847570801}
Load last_epoch
Load model.state_dict
Load criterion.state_dict
Load postprocessor.state_dict
Load ema.state_dict
Load scaler.state_dict
Load optimizer.state_dict
Load lr_warmup_scheduler.state_dict
Refresh EMA at epoch 110 with decay 0.9993000000000001
Epoch: [111]  [0/8]  eta: 0:00:04  lr: 0.000005  loss: 34.0908 (34.0908)  loss_mal: 0.9961 (0.9961)  loss_bbox: 0.1147 (0.1147)  loss_giou: 0.1559 (0.1559)  loss_fgl: 0.9774 (0.9774)  loss_mal_aux_0: 3.7695 (3.7695)  loss_bbox_aux_0: 0.1268 (0.1268)  loss_giou_aux_0: 0.1639 (0.1639)  loss_fgl_aux_0: 1.0095 (1.0095)  loss_ddf_aux_0: 0.1973 (0.1973)  loss_mal_aux_1: 1.5244 (1.5244)  loss_bbox_aux_1: 0.1160 (0.1160)  loss_giou_aux_1: 0.1562 (0.1562)  loss_fgl_aux_1: 0.9668 (0.9668)  loss_ddf_aux_1: 0.0263 (0.0263)  loss_mal_aux_2: 1.0635 (1.0635)  loss_bbox_aux_2: 0.1143 (0.1143)  loss_giou_aux_2: 0.1561 (0.1561)  loss_fgl_aux_2: 0.9821 (0.9821)  loss_ddf_aux_2: 0.0023 (0.0023)  loss_mal_pre: 2.9219 (2.9219)  loss_bbox_pre: 0.1336 (0.1336)  loss_giou_pre: 0.1703 (0.1703)  loss_mal_enc_0: 2.6387 (2.6387)  loss_bbox_enc_0: 0.5556 (0.5556)  loss_giou_enc_0: 0.6017 (0.6017)  loss_mal_dn_0: 1.5791 (1.5791)  loss_bbox_dn_0: 0.2910 (0.2910)  loss_giou_dn_0: 0.3430 (0.3430)  loss_fgl_dn_0: 1.2741 (1.2741)  loss_ddf_dn_0: 1.1661 (1.1661)  loss_mal_dn_1: 1.0205 (1.0205)  loss_bbox_dn_1: 0.1690 (0.1690)  loss_giou_dn_1: 0.2104 (0.2104)  loss_fgl_dn_1: 1.0970 (1.0970)  loss_ddf_dn_1: 0.1711 (0.1711)  loss_mal_dn_2: 1.0039 (1.0039)  loss_bbox_dn_2: 0.1473 (0.1473)  loss_giou_dn_2: 0.1921 (0.1921)  loss_fgl_dn_2: 1.0511 (1.0511)  loss_ddf_dn_2: 0.0096 (0.0096)  loss_mal_dn_3: 0.9473 (0.9473)  loss_bbox_dn_3: 0.1439 (0.1439)  loss_giou_dn_3: 0.1895 (0.1895)  loss_fgl_dn_3: 1.0511 (1.0511)  loss_mal_dn_pre: 1.7441 (1.7441)  loss_bbox_dn_pre: 0.3004 (0.3004)  loss_giou_dn_pre: 0.3485 (0.3485)  time: 0.5513  data: 0.3843  max mem: 3583
Epoch: [111]  [7/8]  eta: 0:00:00  lr: 0.000005  loss: 31.0990 (31.7414)  loss_mal: 1.0068 (1.0388)  loss_bbox: 0.0815 (0.0878)  loss_giou: 0.1084 (0.1100)  loss_fgl: 0.7882 (0.7869)  loss_mal_aux_0: 3.7188 (3.7473)  loss_bbox_aux_0: 0.1156 (0.1231)  loss_giou_aux_0: 0.1460 (0.1514)  loss_fgl_aux_0: 0.9327 (0.9383)  loss_ddf_aux_0: 0.1675 (0.1651)  loss_mal_aux_1: 1.4023 (1.4324)  loss_bbox_aux_1: 0.0851 (0.0946)  loss_giou_aux_1: 0.1122 (0.1193)  loss_fgl_aux_1: 0.8288 (0.8256)  loss_ddf_aux_1: 0.0249 (0.0257)  loss_mal_aux_2: 1.1201 (1.1069)  loss_bbox_aux_2: 0.0794 (0.0876)  loss_giou_aux_2: 0.1080 (0.1101)  loss_fgl_aux_2: 0.7871 (0.7879)  loss_ddf_aux_2: 0.0019 (0.0020)  loss_mal_pre: 2.8867 (2.9170)  loss_bbox_pre: 0.1179 (0.1257)  loss_giou_pre: 0.1554 (0.1529)  loss_mal_enc_0: 2.6387 (2.6421)  loss_bbox_enc_0: 0.5193 (0.5261)  loss_giou_enc_0: 0.5881 (0.5748)  loss_mal_dn_0: 1.5840 (1.5970)  loss_bbox_dn_0: 0.2522 (0.2656)  loss_giou_dn_0: 0.2930 (0.2993)  loss_fgl_dn_0: 1.1514 (1.1680)  loss_ddf_dn_0: 0.9092 (0.9916)  loss_mal_dn_1: 1.0059 (1.0106)  loss_bbox_dn_1: 0.1210 (0.1248)  loss_giou_dn_1: 0.1376 (0.1486)  loss_fgl_dn_1: 0.8481 (0.8715)  loss_ddf_dn_1: 0.1494 (0.1537)  loss_mal_dn_2: 1.0264 (1.0352)  loss_bbox_dn_2: 0.0950 (0.1007)  loss_giou_dn_2: 0.1170 (0.1233)  loss_fgl_dn_2: 0.7724 (0.7996)  loss_ddf_dn_2: 0.0082 (0.0085)  loss_mal_dn_3: 0.9658 (0.9939)  loss_bbox_dn_3: 0.0944 (0.0994)  loss_giou_dn_3: 0.1154 (0.1223)  loss_fgl_dn_3: 0.7679 (0.7996)  loss_mal_dn_pre: 1.7695 (1.7764)  loss_bbox_dn_pre: 0.2553 (0.2713)  loss_giou_dn_pre: 0.2919 (0.3011)  time: 0.2201  data: 0.0514  max mem: 3583
Epoch: [111] Total time: 0:00:01 (0.2293 s / it)
Averaged stats: lr: 0.000005  loss: 31.0990 (31.7414)  loss_mal: 1.0068 (1.0388)  loss_bbox: 0.0815 (0.0878)  loss_giou: 0.1084 (0.1100)  loss_fgl: 0.7882 (0.7869)  loss_mal_aux_0: 3.7188 (3.7473)  loss_bbox_aux_0: 0.1156 (0.1231)  loss_giou_aux_0: 0.1460 (0.1514)  loss_fgl_aux_0: 0.9327 (0.9383)  loss_ddf_aux_0: 0.1675 (0.1651)  loss_mal_aux_1: 1.4023 (1.4324)  loss_bbox_aux_1: 0.0851 (0.0946)  loss_giou_aux_1: 0.1122 (0.1193)  loss_fgl_aux_1: 0.8288 (0.8256)  loss_ddf_aux_1: 0.0249 (0.0257)  loss_mal_aux_2: 1.1201 (1.1069)  loss_bbox_aux_2: 0.0794 (0.0876)  loss_giou_aux_2: 0.1080 (0.1101)  loss_fgl_aux_2: 0.7871 (0.7879)  loss_ddf_aux_2: 0.0019 (0.0020)  loss_mal_pre: 2.8867 (2.9170)  loss_bbox_pre: 0.1179 (0.1257)  loss_giou_pre: 0.1554 (0.1529)  loss_mal_enc_0: 2.6387 (2.6421)  loss_bbox_enc_0: 0.5193 (0.5261)  loss_giou_enc_0: 0.5881 (0.5748)  loss_mal_dn_0: 1.5840 (1.5970)  loss_bbox_dn_0: 0.2522 (0.2656)  loss_giou_dn_0: 0.2930 (0.2993)  loss_fgl_dn_0: 1.1514 (1.1680)  loss_ddf_dn_0: 0.9092 (0.9916)  loss_mal_dn_1: 1.0059 (1.0106)  loss_bbox_dn_1: 0.1210 (0.1248)  loss_giou_dn_1: 0.1376 (0.1486)  loss_fgl_dn_1: 0.8481 (0.8715)  loss_ddf_dn_1: 0.1494 (0.1537)  loss_mal_dn_2: 1.0264 (1.0352)  loss_bbox_dn_2: 0.0950 (0.1007)  loss_giou_dn_2: 0.1170 (0.1233)  loss_fgl_dn_2: 0.7724 (0.7996)  loss_ddf_dn_2: 0.0082 (0.0085)  loss_mal_dn_3: 0.9658 (0.9939)  loss_bbox_dn_3: 0.0944 (0.0994)  loss_giou_dn_3: 0.1154 (0.1223)  loss_fgl_dn_3: 0.7679 (0.7996)  loss_mal_dn_pre: 1.7695 (1.7764)  loss_bbox_dn_pre: 0.2553 (0.2713)  loss_giou_dn_pre: 0.2919 (0.3011)
Test:  [0/4]  eta: 0:00:01    time: 0.4113  data: 0.3676  max mem: 3583
Test:  [3/4]  eta: 0:00:00    time: 0.1328  data: 0.0940  max mem: 3583
Test: Total time: 0:00:00 (0.1569 s / it)
Averaged stats: 
Accumulating evaluation results...
COCOeval_opt.accumulate() finished...
DONE (t=0.00s).
IoU metric: bbox
 Average Precision  (AP) @[ IoU=0.50:0.95 | area=   all | maxDets=100 ] = 0.748
 Average Precision  (AP) @[ IoU=0.50      | area=   all | maxDets=100 ] = 0.855
 Average Precision  (AP) @[ IoU=0.75      | area=   all | maxDets=100 ] = 0.828
 Average Precision  (AP) @[ IoU=0.50:0.95 | area= small | maxDets=100 ] = -1.000
 Average Precision  (AP) @[ IoU=0.50:0.95 | area=medium | maxDets=100 ] = -1.000
 Average Precision  (AP) @[ IoU=0.50:0.95 | area= large | maxDets=100 ] = 0.748
 Average Recall     (AR) @[ IoU=0.50:0.95 | area=   all | maxDets=  1 ] = 0.777
 Average Recall     (AR) @[ IoU=0.50:0.95 | area=   all | maxDets= 10 ] = 0.893
 Average Recall     (AR) @[ IoU=0.50:0.95 | area=   all | maxDets=100 ] = 0.913
 Average Recall     (AR) @[ IoU=0.50:0.95 | area= small | maxDets=100 ] = -1.000
 Average Recall     (AR) @[ IoU=0.50:0.95 | area=medium | maxDets=100 ] = -1.000
 Average Recall     (AR) @[ IoU=0.50:0.95 | area= large | maxDets=100 ] = 0.913
 Average Recall     (AR) @[ IoU=0.50      | area=   all | maxDets=100 ] = 1.000
 Average Recall     (AR) @[ IoU=0.75      | area=   all | maxDets=100 ] = 0.967
best_stat: {'epoch': 99, 'coco_eval_bbox': 0.7906597847570801}
Epoch: [112]  [0/8]  eta: 0:00:04  lr: 0.000005  loss: 31.0374 (31.0374)  loss_mal: 1.1123 (1.1123)  loss_bbox: 0.0900 (0.0900)  loss_giou: 0.1419 (0.1419)  loss_fgl: 0.8234 (0.8234)  loss_mal_aux_0: 3.2227 (3.2227)  loss_bbox_aux_0: 0.1150 (0.1150)  loss_giou_aux_0: 0.1701 (0.1701)  loss_fgl_aux_0: 0.9521 (0.9521)  loss_ddf_aux_0: 0.1398 (0.1398)  loss_mal_aux_1: 1.3730 (1.3730)  loss_bbox_aux_1: 0.0989 (0.0989)  loss_giou_aux_1: 0.1466 (0.1466)  loss_fgl_aux_1: 0.8612 (0.8612)  loss_ddf_aux_1: 0.0236 (0.0236)  loss_mal_aux_2: 1.2139 (1.2139)  loss_bbox_aux_2: 0.0900 (0.0900)  loss_giou_aux_2: 0.1416 (0.1416)  loss_fgl_aux_2: 0.8240 (0.8240)  loss_ddf_aux_2: 0.0008 (0.0008)  loss_mal_pre: 2.6094 (2.6094)  loss_bbox_pre: 0.1165 (0.1165)  loss_giou_pre: 0.1707 (0.1707)  loss_mal_enc_0: 2.7422 (2.7422)  loss_bbox_enc_0: 0.4070 (0.4070)  loss_giou_enc_0: 0.5373 (0.5373)  loss_mal_dn_0: 1.5811 (1.5811)  loss_bbox_dn_0: 0.2155 (0.2155)  loss_giou_dn_0: 0.2913 (0.2913)  loss_fgl_dn_0: 1.1674 (1.1674)  loss_ddf_dn_0: 0.8201 (0.8201)  loss_mal_dn_1: 1.0547 (1.0547)  loss_bbox_dn_1: 0.1160 (0.1160)  loss_giou_dn_1: 0.1677 (0.1677)  loss_fgl_dn_1: 0.8704 (0.8704)  loss_ddf_dn_1: 0.1099 (0.1099)  loss_mal_dn_2: 1.0615 (1.0615)  loss_bbox_dn_2: 0.1002 (0.1002)  loss_giou_dn_2: 0.1505 (0.1505)  loss_fgl_dn_2: 0.8360 (0.8360)  loss_ddf_dn_2: 0.0071 (0.0071)  loss_mal_dn_3: 1.0137 (1.0137)  loss_bbox_dn_3: 0.0972 (0.0972)  loss_giou_dn_3: 0.1474 (0.1474)  loss_fgl_dn_3: 0.8339 (0.8339)  loss_mal_dn_pre: 1.7695 (1.7695)  loss_bbox_dn_pre: 0.2138 (0.2138)  loss_giou_dn_pre: 0.2886 (0.2886)  time: 0.5534  data: 0.3836  max mem: 3583
Epoch: [112]  [7/8]  eta: 0:00:00  lr: 0.000005  loss: 30.7993 (31.1945)  loss_mal: 1.0273 (1.0236)  loss_bbox: 0.0831 (0.0848)  loss_giou: 0.0971 (0.1033)  loss_fgl: 0.7428 (0.7597)  loss_mal_aux_0: 3.2734 (3.3589)  loss_bbox_aux_0: 0.1034 (0.1126)  loss_giou_aux_0: 0.1356 (0.1442)  loss_fgl_aux_0: 0.8915 (0.9109)  loss_ddf_aux_0: 0.1788 (0.1863)  loss_mal_aux_1: 1.6504 (1.8938)  loss_bbox_aux_1: 0.0901 (0.0915)  loss_giou_aux_1: 0.1096 (0.1124)  loss_fgl_aux_1: 0.7724 (0.7965)  loss_ddf_aux_1: 0.0257 (0.0266)  loss_mal_aux_2: 1.1299 (1.1317)  loss_bbox_aux_2: 0.0824 (0.0846)  loss_giou_aux_2: 0.0983 (0.1031)  loss_fgl_aux_2: 0.7464 (0.7603)  loss_ddf_aux_2: 0.0018 (0.0018)  loss_mal_pre: 2.7266 (2.7385)  loss_bbox_pre: 0.1045 (0.1126)  loss_giou_pre: 0.1327 (0.1418)  loss_mal_enc_0: 2.5801 (2.6189)  loss_bbox_enc_0: 0.4697 (0.5008)  loss_giou_enc_0: 0.5474 (0.5533)  loss_mal_dn_0: 1.5889 (1.5894)  loss_bbox_dn_0: 0.2211 (0.2528)  loss_giou_dn_0: 0.2909 (0.2897)  loss_fgl_dn_0: 1.1585 (1.1604)  loss_ddf_dn_0: 1.0934 (1.0748)  loss_mal_dn_1: 0.9717 (0.9944)  loss_bbox_dn_1: 0.1054 (0.1190)  loss_giou_dn_1: 0.1340 (0.1407)  loss_fgl_dn_1: 0.8283 (0.8335)  loss_ddf_dn_1: 0.1570 (0.1507)  loss_mal_dn_2: 0.9902 (0.9998)  loss_bbox_dn_2: 0.0879 (0.0981)  loss_giou_dn_2: 0.1209 (0.1186)  loss_fgl_dn_2: 0.7599 (0.7750)  loss_ddf_dn_2: 0.0075 (0.0074)  loss_mal_dn_3: 0.9199 (0.9316)  loss_bbox_dn_3: 0.0872 (0.0968)  loss_giou_dn_3: 0.1199 (0.1176)  loss_fgl_dn_3: 0.7536 (0.7742)  loss_mal_dn_pre: 1.7754 (1.7644)  loss_bbox_dn_pre: 0.2329 (0.2597)  loss_giou_dn_pre: 0.2891 (0.2933)  time: 0.1815  data: 0.0509  max mem: 3583
Epoch: [112] Total time: 0:00:01 (0.1910 s / it)
Averaged stats: lr: 0.000005  loss: 30.7993 (31.1945)  loss_mal: 1.0273 (1.0236)  loss_bbox: 0.0831 (0.0848)  loss_giou: 0.0971 (0.1033)  loss_fgl: 0.7428 (0.7597)  loss_mal_aux_0: 3.2734 (3.3589)  loss_bbox_aux_0: 0.1034 (0.1126)  loss_giou_aux_0: 0.1356 (0.1442)  loss_fgl_aux_0: 0.8915 (0.9109)  loss_ddf_aux_0: 0.1788 (0.1863)  loss_mal_aux_1: 1.6504 (1.8938)  loss_bbox_aux_1: 0.0901 (0.0915)  loss_giou_aux_1: 0.1096 (0.1124)  loss_fgl_aux_1: 0.7724 (0.7965)  loss_ddf_aux_1: 0.0257 (0.0266)  loss_mal_aux_2: 1.1299 (1.1317)  loss_bbox_aux_2: 0.0824 (0.0846)  loss_giou_aux_2: 0.0983 (0.1031)  loss_fgl_aux_2: 0.7464 (0.7603)  loss_ddf_aux_2: 0.0018 (0.0018)  loss_mal_pre: 2.7266 (2.7385)  loss_bbox_pre: 0.1045 (0.1126)  loss_giou_pre: 0.1327 (0.1418)  loss_mal_enc_0: 2.5801 (2.6189)  loss_bbox_enc_0: 0.4697 (0.5008)  loss_giou_enc_0: 0.5474 (0.5533)  loss_mal_dn_0: 1.5889 (1.5894)  loss_bbox_dn_0: 0.2211 (0.2528)  loss_giou_dn_0: 0.2909 (0.2897)  loss_fgl_dn_0: 1.1585 (1.1604)  loss_ddf_dn_0: 1.0934 (1.0748)  loss_mal_dn_1: 0.9717 (0.9944)  loss_bbox_dn_1: 0.1054 (0.1190)  loss_giou_dn_1: 0.1340 (0.1407)  loss_fgl_dn_1: 0.8283 (0.8335)  loss_ddf_dn_1: 0.1570 (0.1507)  loss_mal_dn_2: 0.9902 (0.9998)  loss_bbox_dn_2: 0.0879 (0.0981)  loss_giou_dn_2: 0.1209 (0.1186)  loss_fgl_dn_2: 0.7599 (0.7750)  loss_ddf_dn_2: 0.0075 (0.0074)  loss_mal_dn_3: 0.9199 (0.9316)  loss_bbox_dn_3: 0.0872 (0.0968)  loss_giou_dn_3: 0.1199 (0.1176)  loss_fgl_dn_3: 0.7536 (0.7742)  loss_mal_dn_pre: 1.7754 (1.7644)  loss_bbox_dn_pre: 0.2329 (0.2597)  loss_giou_dn_pre: 0.2891 (0.2933)
Test:  [0/4]  eta: 0:00:01    time: 0.4293  data: 0.3853  max mem: 3583
Test:  [3/4]  eta: 0:00:00    time: 0.1404  data: 0.0985  max mem: 3583
Test: Total time: 0:00:00 (0.1589 s / it)
Averaged stats: 
Accumulating evaluation results...
COCOeval_opt.accumulate() finished...
DONE (t=0.00s).
IoU metric: bbox
 Average Precision  (AP) @[ IoU=0.50:0.95 | area=   all | maxDets=100 ] = 0.731
 Average Precision  (AP) @[ IoU=0.50      | area=   all | maxDets=100 ] = 0.833
 Average Precision  (AP) @[ IoU=0.75      | area=   all | maxDets=100 ] = 0.816
 Average Precision  (AP) @[ IoU=0.50:0.95 | area= small | maxDets=100 ] = -1.000
 Average Precision  (AP) @[ IoU=0.50:0.95 | area=medium | maxDets=100 ] = -1.000
 Average Precision  (AP) @[ IoU=0.50:0.95 | area= large | maxDets=100 ] = 0.731
 Average Recall     (AR) @[ IoU=0.50:0.95 | area=   all | maxDets=  1 ] = 0.813
 Average Recall     (AR) @[ IoU=0.50:0.95 | area=   all | maxDets= 10 ] = 0.890
 Average Recall     (AR) @[ IoU=0.50:0.95 | area=   all | maxDets=100 ] = 0.927
 Average Recall     (AR) @[ IoU=0.50:0.95 | area= small | maxDets=100 ] = -1.000
 Average Recall     (AR) @[ IoU=0.50:0.95 | area=medium | maxDets=100 ] = -1.000
 Average Recall     (AR) @[ IoU=0.50:0.95 | area= large | maxDets=100 ] = 0.927
 Average Recall     (AR) @[ IoU=0.50      | area=   all | maxDets=100 ] = 1.000
 Average Recall     (AR) @[ IoU=0.75      | area=   all | maxDets=100 ] = 1.000
best_stat: {'epoch': 99, 'coco_eval_bbox': 0.7906597847570801}
Load last_epoch
Load model.state_dict
Load criterion.state_dict
Load postprocessor.state_dict
Load ema.state_dict
Load scaler.state_dict
Load optimizer.state_dict
Load lr_warmup_scheduler.state_dict
Refresh EMA at epoch 112 with decay 0.9992000000000001
Epoch: [113]  [0/8]  eta: 0:00:04  lr: 0.000005  loss: 31.8722 (31.8722)  loss_mal: 1.1318 (1.1318)  loss_bbox: 0.0791 (0.0791)  loss_giou: 0.1188 (0.1188)  loss_fgl: 0.7771 (0.7771)  loss_mal_aux_0: 3.7266 (3.7266)  loss_bbox_aux_0: 0.1056 (0.1056)  loss_giou_aux_0: 0.1560 (0.1560)  loss_fgl_aux_0: 0.9175 (0.9175)  loss_ddf_aux_0: 0.1606 (0.1606)  loss_mal_aux_1: 2.0410 (2.0410)  loss_bbox_aux_1: 0.0831 (0.0831)  loss_giou_aux_1: 0.1236 (0.1236)  loss_fgl_aux_1: 0.8098 (0.8098)  loss_ddf_aux_1: 0.0212 (0.0212)  loss_mal_aux_2: 1.1641 (1.1641)  loss_bbox_aux_2: 0.0809 (0.0809)  loss_giou_aux_2: 0.1211 (0.1211)  loss_fgl_aux_2: 0.7812 (0.7812)  loss_ddf_aux_2: 0.0025 (0.0025)  loss_mal_pre: 2.8730 (2.8730)  loss_bbox_pre: 0.1101 (0.1101)  loss_giou_pre: 0.1654 (0.1654)  loss_mal_enc_0: 2.6328 (2.6328)  loss_bbox_enc_0: 0.4184 (0.4184)  loss_giou_enc_0: 0.5715 (0.5715)  loss_mal_dn_0: 1.5537 (1.5537)  loss_bbox_dn_0: 0.2133 (0.2133)  loss_giou_dn_0: 0.2881 (0.2881)  loss_fgl_dn_0: 1.1530 (1.1530)  loss_ddf_dn_0: 0.9397 (0.9397)  loss_mal_dn_1: 1.0791 (1.0791)  loss_bbox_dn_1: 0.0930 (0.0930)  loss_giou_dn_1: 0.1329 (0.1329)  loss_fgl_dn_1: 0.8078 (0.8078)  loss_ddf_dn_1: 0.1331 (0.1331)  loss_mal_dn_2: 1.0957 (1.0957)  loss_bbox_dn_2: 0.0764 (0.0764)  loss_giou_dn_2: 0.1110 (0.1110)  loss_fgl_dn_2: 0.7534 (0.7534)  loss_ddf_dn_2: 0.0072 (0.0072)  loss_mal_dn_3: 1.0859 (1.0859)  loss_bbox_dn_3: 0.0741 (0.0741)  loss_giou_dn_3: 0.1087 (0.1087)  loss_fgl_dn_3: 0.7534 (0.7534)  loss_mal_dn_pre: 1.7354 (1.7354)  loss_bbox_dn_pre: 0.2163 (0.2163)  loss_giou_dn_pre: 0.2884 (0.2884)  time: 0.5817  data: 0.3944  max mem: 3583
Epoch: [113]  [7/8]  eta: 0:00:00  lr: 0.000005  loss: 31.8263 (32.0261)  loss_mal: 1.0137 (1.0333)  loss_bbox: 0.0838 (0.0961)  loss_giou: 0.1188 (0.1191)  loss_fgl: 0.7771 (0.8067)  loss_mal_aux_0: 3.7266 (3.6919)  loss_bbox_aux_0: 0.1097 (0.1254)  loss_giou_aux_0: 0.1560 (0.1538)  loss_fgl_aux_0: 0.9175 (0.9377)  loss_ddf_aux_0: 0.1600 (0.1646)  loss_mal_aux_1: 1.5391 (1.5659)  loss_bbox_aux_1: 0.0849 (0.0995)  loss_giou_aux_1: 0.1236 (0.1256)  loss_fgl_aux_1: 0.8098 (0.8364)  loss_ddf_aux_1: 0.0245 (0.0248)  loss_mal_aux_2: 1.0625 (1.1057)  loss_bbox_aux_2: 0.0812 (0.0962)  loss_giou_aux_2: 0.1211 (0.1194)  loss_fgl_aux_2: 0.7812 (0.8085)  loss_ddf_aux_2: 0.0022 (0.0023)  loss_mal_pre: 2.8730 (2.8772)  loss_bbox_pre: 0.1101 (0.1273)  loss_giou_pre: 0.1600 (0.1564)  loss_mal_enc_0: 2.5723 (2.5657)  loss_bbox_enc_0: 0.5363 (0.5391)  loss_giou_enc_0: 0.5715 (0.5818)  loss_mal_dn_0: 1.5596 (1.5900)  loss_bbox_dn_0: 0.2746 (0.2843)  loss_giou_dn_0: 0.2930 (0.3114)  loss_fgl_dn_0: 1.1530 (1.1676)  loss_ddf_dn_0: 0.9397 (1.0171)  loss_mal_dn_1: 1.0186 (1.0162)  loss_bbox_dn_1: 0.1237 (0.1317)  loss_giou_dn_1: 0.1407 (0.1586)  loss_fgl_dn_1: 0.8358 (0.8775)  loss_ddf_dn_1: 0.1505 (0.1558)  loss_mal_dn_2: 1.0322 (1.0526)  loss_bbox_dn_2: 0.1012 (0.1095)  loss_giou_dn_2: 0.1166 (0.1352)  loss_fgl_dn_2: 0.7658 (0.8167)  loss_ddf_dn_2: 0.0081 (0.0087)  loss_mal_dn_3: 0.9937 (1.0042)  loss_bbox_dn_3: 0.1001 (0.1077)  loss_giou_dn_3: 0.1160 (0.1339)  loss_fgl_dn_3: 0.7651 (0.8176)  loss_mal_dn_pre: 1.7354 (1.7632)  loss_bbox_dn_pre: 0.2788 (0.2915)  loss_giou_dn_pre: 0.2973 (0.3144)  time: 0.1959  data: 0.0516  max mem: 3583
Epoch: [113] Total time: 0:00:01 (0.2043 s / it)
Averaged stats: lr: 0.000005  loss: 31.8263 (32.0261)  loss_mal: 1.0137 (1.0333)  loss_bbox: 0.0838 (0.0961)  loss_giou: 0.1188 (0.1191)  loss_fgl: 0.7771 (0.8067)  loss_mal_aux_0: 3.7266 (3.6919)  loss_bbox_aux_0: 0.1097 (0.1254)  loss_giou_aux_0: 0.1560 (0.1538)  loss_fgl_aux_0: 0.9175 (0.9377)  loss_ddf_aux_0: 0.1600 (0.1646)  loss_mal_aux_1: 1.5391 (1.5659)  loss_bbox_aux_1: 0.0849 (0.0995)  loss_giou_aux_1: 0.1236 (0.1256)  loss_fgl_aux_1: 0.8098 (0.8364)  loss_ddf_aux_1: 0.0245 (0.0248)  loss_mal_aux_2: 1.0625 (1.1057)  loss_bbox_aux_2: 0.0812 (0.0962)  loss_giou_aux_2: 0.1211 (0.1194)  loss_fgl_aux_2: 0.7812 (0.8085)  loss_ddf_aux_2: 0.0022 (0.0023)  loss_mal_pre: 2.8730 (2.8772)  loss_bbox_pre: 0.1101 (0.1273)  loss_giou_pre: 0.1600 (0.1564)  loss_mal_enc_0: 2.5723 (2.5657)  loss_bbox_enc_0: 0.5363 (0.5391)  loss_giou_enc_0: 0.5715 (0.5818)  loss_mal_dn_0: 1.5596 (1.5900)  loss_bbox_dn_0: 0.2746 (0.2843)  loss_giou_dn_0: 0.2930 (0.3114)  loss_fgl_dn_0: 1.1530 (1.1676)  loss_ddf_dn_0: 0.9397 (1.0171)  loss_mal_dn_1: 1.0186 (1.0162)  loss_bbox_dn_1: 0.1237 (0.1317)  loss_giou_dn_1: 0.1407 (0.1586)  loss_fgl_dn_1: 0.8358 (0.8775)  loss_ddf_dn_1: 0.1505 (0.1558)  loss_mal_dn_2: 1.0322 (1.0526)  loss_bbox_dn_2: 0.1012 (0.1095)  loss_giou_dn_2: 0.1166 (0.1352)  loss_fgl_dn_2: 0.7658 (0.8167)  loss_ddf_dn_2: 0.0081 (0.0087)  loss_mal_dn_3: 0.9937 (1.0042)  loss_bbox_dn_3: 0.1001 (0.1077)  loss_giou_dn_3: 0.1160 (0.1339)  loss_fgl_dn_3: 0.7651 (0.8176)  loss_mal_dn_pre: 1.7354 (1.7632)  loss_bbox_dn_pre: 0.2788 (0.2915)  loss_giou_dn_pre: 0.2973 (0.3144)
Test:  [0/4]  eta: 0:00:01    time: 0.4127  data: 0.3708  max mem: 3583
Test:  [3/4]  eta: 0:00:00    time: 0.1334  data: 0.0947  max mem: 3583
Test: Total time: 0:00:00 (0.1549 s / it)
Averaged stats: 
Accumulating evaluation results...
COCOeval_opt.accumulate() finished...
DONE (t=0.00s).
IoU metric: bbox
 Average Precision  (AP) @[ IoU=0.50:0.95 | area=   all | maxDets=100 ] = 0.764
 Average Precision  (AP) @[ IoU=0.50      | area=   all | maxDets=100 ] = 0.884
 Average Precision  (AP) @[ IoU=0.75      | area=   all | maxDets=100 ] = 0.855
 Average Precision  (AP) @[ IoU=0.50:0.95 | area= small | maxDets=100 ] = -1.000
 Average Precision  (AP) @[ IoU=0.50:0.95 | area=medium | maxDets=100 ] = -1.000
 Average Precision  (AP) @[ IoU=0.50:0.95 | area= large | maxDets=100 ] = 0.764
 Average Recall     (AR) @[ IoU=0.50:0.95 | area=   all | maxDets=  1 ] = 0.773
 Average Recall     (AR) @[ IoU=0.50:0.95 | area=   all | maxDets= 10 ] = 0.893
 Average Recall     (AR) @[ IoU=0.50:0.95 | area=   all | maxDets=100 ] = 0.907
 Average Recall     (AR) @[ IoU=0.50:0.95 | area= small | maxDets=100 ] = -1.000
 Average Recall     (AR) @[ IoU=0.50:0.95 | area=medium | maxDets=100 ] = -1.000
 Average Recall     (AR) @[ IoU=0.50:0.95 | area= large | maxDets=100 ] = 0.907
 Average Recall     (AR) @[ IoU=0.50      | area=   all | maxDets=100 ] = 1.000
 Average Recall     (AR) @[ IoU=0.75      | area=   all | maxDets=100 ] = 0.967
best_stat: {'epoch': 99, 'coco_eval_bbox': 0.7906597847570801}
Epoch: [114]  [0/8]  eta: 0:00:04  lr: 0.000005  loss: 30.9743 (30.9743)  loss_mal: 1.1074 (1.1074)  loss_bbox: 0.0851 (0.0851)  loss_giou: 0.1296 (0.1296)  loss_fgl: 0.7728 (0.7728)  loss_mal_aux_0: 3.6113 (3.6113)  loss_bbox_aux_0: 0.1103 (0.1103)  loss_giou_aux_0: 0.1637 (0.1637)  loss_fgl_aux_0: 0.9180 (0.9180)  loss_ddf_aux_0: 0.1499 (0.1499)  loss_mal_aux_1: 1.5723 (1.5723)  loss_bbox_aux_1: 0.1000 (0.1000)  loss_giou_aux_1: 0.1468 (0.1468)  loss_fgl_aux_1: 0.8408 (0.8408)  loss_ddf_aux_1: 0.0241 (0.0241)  loss_mal_aux_2: 1.2178 (1.2178)  loss_bbox_aux_2: 0.0849 (0.0849)  loss_giou_aux_2: 0.1297 (0.1297)  loss_fgl_aux_2: 0.7726 (0.7726)  loss_ddf_aux_2: 0.0011 (0.0011)  loss_mal_pre: 2.8145 (2.8145)  loss_bbox_pre: 0.1082 (0.1082)  loss_giou_pre: 0.1608 (0.1608)  loss_mal_enc_0: 2.6719 (2.6719)  loss_bbox_enc_0: 0.3982 (0.3982)  loss_giou_enc_0: 0.5122 (0.5122)  loss_mal_dn_0: 1.5283 (1.5283)  loss_bbox_dn_0: 0.1992 (0.1992)  loss_giou_dn_0: 0.2835 (0.2835)  loss_fgl_dn_0: 1.1354 (1.1354)  loss_ddf_dn_0: 0.9104 (0.9104)  loss_mal_dn_1: 1.0684 (1.0684)  loss_bbox_dn_1: 0.0950 (0.0950)  loss_giou_dn_1: 0.1373 (0.1373)  loss_fgl_dn_1: 0.7928 (0.7928)  loss_ddf_dn_1: 0.1214 (0.1214)  loss_mal_dn_2: 1.0332 (1.0332)  loss_bbox_dn_2: 0.0791 (0.0791)  loss_giou_dn_2: 0.1162 (0.1162)  loss_fgl_dn_2: 0.7437 (0.7437)  loss_ddf_dn_2: 0.0090 (0.0090)  loss_mal_dn_3: 0.9873 (0.9873)  loss_bbox_dn_3: 0.0782 (0.0782)  loss_giou_dn_3: 0.1156 (0.1156)  loss_fgl_dn_3: 0.7441 (0.7441)  loss_mal_dn_pre: 1.7129 (1.7129)  loss_bbox_dn_pre: 0.1983 (0.1983)  loss_giou_dn_pre: 0.2816 (0.2816)  time: 0.5816  data: 0.4223  max mem: 3583
Epoch: [114]  [7/8]  eta: 0:00:00  lr: 0.000005  loss: 31.0102 (31.7151)  loss_mal: 1.0518 (1.0558)  loss_bbox: 0.0851 (0.0989)  loss_giou: 0.0989 (0.1155)  loss_fgl: 0.7544 (0.7918)  loss_mal_aux_0: 3.4238 (3.4407)  loss_bbox_aux_0: 0.1103 (0.1320)  loss_giou_aux_0: 0.1430 (0.1572)  loss_fgl_aux_0: 0.9180 (0.9452)  loss_ddf_aux_0: 0.1630 (0.1790)  loss_mal_aux_1: 1.4717 (1.5696)  loss_bbox_aux_1: 0.0902 (0.1075)  loss_giou_aux_1: 0.1141 (0.1267)  loss_fgl_aux_1: 0.8016 (0.8313)  loss_ddf_aux_1: 0.0241 (0.0260)  loss_mal_aux_2: 1.1846 (1.1686)  loss_bbox_aux_2: 0.0849 (0.0990)  loss_giou_aux_2: 0.0980 (0.1157)  loss_fgl_aux_2: 0.7504 (0.7922)  loss_ddf_aux_2: 0.0016 (0.0016)  loss_mal_pre: 2.7695 (2.7820)  loss_bbox_pre: 0.1082 (0.1303)  loss_giou_pre: 0.1426 (0.1558)  loss_mal_enc_0: 2.6602 (2.6450)  loss_bbox_enc_0: 0.5061 (0.5195)  loss_giou_enc_0: 0.5337 (0.5505)  loss_mal_dn_0: 1.5967 (1.6008)  loss_bbox_dn_0: 0.2617 (0.2738)  loss_giou_dn_0: 0.2835 (0.2987)  loss_fgl_dn_0: 1.1555 (1.1708)  loss_ddf_dn_0: 1.1211 (1.2022)  loss_mal_dn_1: 0.9639 (0.9904)  loss_bbox_dn_1: 0.1119 (0.1263)  loss_giou_dn_1: 0.1299 (0.1454)  loss_fgl_dn_1: 0.8200 (0.8578)  loss_ddf_dn_1: 0.1745 (0.1767)  loss_mal_dn_2: 0.9858 (1.0092)  loss_bbox_dn_2: 0.0891 (0.1035)  loss_giou_dn_2: 0.1077 (0.1209)  loss_fgl_dn_2: 0.7428 (0.7871)  loss_ddf_dn_2: 0.0090 (0.0097)  loss_mal_dn_3: 0.9302 (0.9351)  loss_bbox_dn_3: 0.0859 (0.1026)  loss_giou_dn_3: 0.1072 (0.1197)  loss_fgl_dn_3: 0.7441 (0.7861)  loss_mal_dn_pre: 1.7842 (1.7732)  loss_bbox_dn_pre: 0.2779 (0.2838)  loss_giou_dn_pre: 0.2839 (0.3038)  time: 0.2027  data: 0.0547  max mem: 3583
Epoch: [114] Total time: 0:00:01 (0.2154 s / it)
Averaged stats: lr: 0.000005  loss: 31.0102 (31.7151)  loss_mal: 1.0518 (1.0558)  loss_bbox: 0.0851 (0.0989)  loss_giou: 0.0989 (0.1155)  loss_fgl: 0.7544 (0.7918)  loss_mal_aux_0: 3.4238 (3.4407)  loss_bbox_aux_0: 0.1103 (0.1320)  loss_giou_aux_0: 0.1430 (0.1572)  loss_fgl_aux_0: 0.9180 (0.9452)  loss_ddf_aux_0: 0.1630 (0.1790)  loss_mal_aux_1: 1.4717 (1.5696)  loss_bbox_aux_1: 0.0902 (0.1075)  loss_giou_aux_1: 0.1141 (0.1267)  loss_fgl_aux_1: 0.8016 (0.8313)  loss_ddf_aux_1: 0.0241 (0.0260)  loss_mal_aux_2: 1.1846 (1.1686)  loss_bbox_aux_2: 0.0849 (0.0990)  loss_giou_aux_2: 0.0980 (0.1157)  loss_fgl_aux_2: 0.7504 (0.7922)  loss_ddf_aux_2: 0.0016 (0.0016)  loss_mal_pre: 2.7695 (2.7820)  loss_bbox_pre: 0.1082 (0.1303)  loss_giou_pre: 0.1426 (0.1558)  loss_mal_enc_0: 2.6602 (2.6450)  loss_bbox_enc_0: 0.5061 (0.5195)  loss_giou_enc_0: 0.5337 (0.5505)  loss_mal_dn_0: 1.5967 (1.6008)  loss_bbox_dn_0: 0.2617 (0.2738)  loss_giou_dn_0: 0.2835 (0.2987)  loss_fgl_dn_0: 1.1555 (1.1708)  loss_ddf_dn_0: 1.1211 (1.2022)  loss_mal_dn_1: 0.9639 (0.9904)  loss_bbox_dn_1: 0.1119 (0.1263)  loss_giou_dn_1: 0.1299 (0.1454)  loss_fgl_dn_1: 0.8200 (0.8578)  loss_ddf_dn_1: 0.1745 (0.1767)  loss_mal_dn_2: 0.9858 (1.0092)  loss_bbox_dn_2: 0.0891 (0.1035)  loss_giou_dn_2: 0.1077 (0.1209)  loss_fgl_dn_2: 0.7428 (0.7871)  loss_ddf_dn_2: 0.0090 (0.0097)  loss_mal_dn_3: 0.9302 (0.9351)  loss_bbox_dn_3: 0.0859 (0.1026)  loss_giou_dn_3: 0.1072 (0.1197)  loss_fgl_dn_3: 0.7441 (0.7861)  loss_mal_dn_pre: 1.7842 (1.7732)  loss_bbox_dn_pre: 0.2779 (0.2838)  loss_giou_dn_pre: 0.2839 (0.3038)
Test:  [0/4]  eta: 0:00:01    time: 0.4139  data: 0.3680  max mem: 3583
Test:  [3/4]  eta: 0:00:00    time: 0.1310  data: 0.0940  max mem: 3583
Test: Total time: 0:00:00 (0.1497 s / it)
Averaged stats: 
Accumulating evaluation results...
COCOeval_opt.accumulate() finished...
DONE (t=0.00s).
IoU metric: bbox
 Average Precision  (AP) @[ IoU=0.50:0.95 | area=   all | maxDets=100 ] = 0.786
 Average Precision  (AP) @[ IoU=0.50      | area=   all | maxDets=100 ] = 0.899
 Average Precision  (AP) @[ IoU=0.75      | area=   all | maxDets=100 ] = 0.877
 Average Precision  (AP) @[ IoU=0.50:0.95 | area= small | maxDets=100 ] = -1.000
 Average Precision  (AP) @[ IoU=0.50:0.95 | area=medium | maxDets=100 ] = -1.000
 Average Precision  (AP) @[ IoU=0.50:0.95 | area= large | maxDets=100 ] = 0.786
 Average Recall     (AR) @[ IoU=0.50:0.95 | area=   all | maxDets=  1 ] = 0.767
 Average Recall     (AR) @[ IoU=0.50:0.95 | area=   all | maxDets= 10 ] = 0.887
 Average Recall     (AR) @[ IoU=0.50:0.95 | area=   all | maxDets=100 ] = 0.913
 Average Recall     (AR) @[ IoU=0.50:0.95 | area= small | maxDets=100 ] = -1.000
 Average Recall     (AR) @[ IoU=0.50:0.95 | area=medium | maxDets=100 ] = -1.000
 Average Recall     (AR) @[ IoU=0.50:0.95 | area= large | maxDets=100 ] = 0.913
 Average Recall     (AR) @[ IoU=0.50      | area=   all | maxDets=100 ] = 1.000
 Average Recall     (AR) @[ IoU=0.75      | area=   all | maxDets=100 ] = 0.967
best_stat: {'epoch': 99, 'coco_eval_bbox': 0.7906597847570801}
Epoch: [115]  [0/8]  eta: 0:00:04  lr: 0.000005  loss: 31.1282 (31.1282)  loss_mal: 0.9380 (0.9380)  loss_bbox: 0.1008 (0.1008)  loss_giou: 0.0975 (0.0975)  loss_fgl: 0.7123 (0.7123)  loss_mal_aux_0: 3.4629 (3.4629)  loss_bbox_aux_0: 0.1147 (0.1147)  loss_giou_aux_0: 0.1333 (0.1333)  loss_fgl_aux_0: 0.8511 (0.8511)  loss_ddf_aux_0: 0.1790 (0.1790)  loss_mal_aux_1: 1.4229 (1.4229)  loss_bbox_aux_1: 0.0952 (0.0952)  loss_giou_aux_1: 0.1018 (0.1018)  loss_fgl_aux_1: 0.7269 (0.7269)  loss_ddf_aux_1: 0.0260 (0.0260)  loss_mal_aux_2: 1.0332 (1.0332)  loss_bbox_aux_2: 0.0992 (0.0992)  loss_giou_aux_2: 0.0969 (0.0969)  loss_fgl_aux_2: 0.7116 (0.7116)  loss_ddf_aux_2: 0.0013 (0.0013)  loss_mal_pre: 2.8398 (2.8398)  loss_bbox_pre: 0.1161 (0.1161)  loss_giou_pre: 0.1347 (0.1347)  loss_mal_enc_0: 2.6777 (2.6777)  loss_bbox_enc_0: 0.5858 (0.5858)  loss_giou_enc_0: 0.5589 (0.5589)  loss_mal_dn_0: 1.6396 (1.6396)  loss_bbox_dn_0: 0.3257 (0.3257)  loss_giou_dn_0: 0.3108 (0.3108)  loss_fgl_dn_0: 1.1939 (1.1939)  loss_ddf_dn_0: 1.3783 (1.3783)  loss_mal_dn_1: 0.9512 (0.9512)  loss_bbox_dn_1: 0.1351 (0.1351)  loss_giou_dn_1: 0.1347 (0.1347)  loss_fgl_dn_1: 0.8164 (0.8164)  loss_ddf_dn_1: 0.2065 (0.2065)  loss_mal_dn_2: 0.9976 (0.9976)  loss_bbox_dn_2: 0.1101 (0.1101)  loss_giou_dn_2: 0.1001 (0.1001)  loss_fgl_dn_2: 0.7136 (0.7136)  loss_ddf_dn_2: 0.0080 (0.0080)  loss_mal_dn_3: 0.9077 (0.9077)  loss_bbox_dn_3: 0.1093 (0.1093)  loss_giou_dn_3: 0.0993 (0.0993)  loss_fgl_dn_3: 0.7130 (0.7130)  loss_mal_dn_pre: 1.8184 (1.8184)  loss_bbox_dn_pre: 0.3316 (0.3316)  loss_giou_dn_pre: 0.3096 (0.3096)  time: 0.5574  data: 0.3973  max mem: 3583
Epoch: [115]  [7/8]  eta: 0:00:00  lr: 0.000005  loss: 29.6443 (29.9263)  loss_mal: 0.9346 (0.9017)  loss_bbox: 0.0771 (0.0758)  loss_giou: 0.0965 (0.0940)  loss_fgl: 0.7123 (0.7232)  loss_mal_aux_0: 3.1465 (3.1982)  loss_bbox_aux_0: 0.0977 (0.1080)  loss_giou_aux_0: 0.1228 (0.1266)  loss_fgl_aux_0: 0.8591 (0.8574)  loss_ddf_aux_0: 0.1393 (0.1595)  loss_mal_aux_1: 1.4229 (1.4342)  loss_bbox_aux_1: 0.0881 (0.0823)  loss_giou_aux_1: 0.1019 (0.1027)  loss_fgl_aux_1: 0.7277 (0.7597)  loss_ddf_aux_1: 0.0241 (0.0259)  loss_mal_aux_2: 0.9810 (0.9784)  loss_bbox_aux_2: 0.0823 (0.0762)  loss_giou_aux_2: 0.0969 (0.0946)  loss_fgl_aux_2: 0.7116 (0.7228)  loss_ddf_aux_2: 0.0015 (0.0018)  loss_mal_pre: 2.6660 (2.7053)  loss_bbox_pre: 0.0959 (0.1073)  loss_giou_pre: 0.1347 (0.1280)  loss_mal_enc_0: 2.6777 (2.6716)  loss_bbox_enc_0: 0.4888 (0.4972)  loss_giou_enc_0: 0.5524 (0.5367)  loss_mal_dn_0: 1.5889 (1.5812)  loss_bbox_dn_0: 0.2315 (0.2594)  loss_giou_dn_0: 0.2755 (0.2919)  loss_fgl_dn_0: 1.1584 (1.1754)  loss_ddf_dn_0: 1.1277 (1.1515)  loss_mal_dn_1: 0.9600 (0.9669)  loss_bbox_dn_1: 0.1023 (0.1124)  loss_giou_dn_1: 0.1248 (0.1354)  loss_fgl_dn_1: 0.8103 (0.8290)  loss_ddf_dn_1: 0.1657 (0.1578)  loss_mal_dn_2: 0.9771 (0.9824)  loss_bbox_dn_2: 0.0812 (0.0891)  loss_giou_dn_2: 0.1001 (0.1092)  loss_fgl_dn_2: 0.7223 (0.7506)  loss_ddf_dn_2: 0.0064 (0.0071)  loss_mal_dn_3: 0.8882 (0.8975)  loss_bbox_dn_3: 0.0788 (0.0880)  loss_giou_dn_3: 0.0988 (0.1085)  loss_fgl_dn_3: 0.7222 (0.7500)  loss_mal_dn_pre: 1.7842 (1.7543)  loss_bbox_dn_pre: 0.2322 (0.2668)  loss_giou_dn_pre: 0.2874 (0.2926)  time: 0.1925  data: 0.0525  max mem: 3583
Epoch: [115] Total time: 0:00:01 (0.2030 s / it)
Averaged stats: lr: 0.000005  loss: 29.6443 (29.9263)  loss_mal: 0.9346 (0.9017)  loss_bbox: 0.0771 (0.0758)  loss_giou: 0.0965 (0.0940)  loss_fgl: 0.7123 (0.7232)  loss_mal_aux_0: 3.1465 (3.1982)  loss_bbox_aux_0: 0.0977 (0.1080)  loss_giou_aux_0: 0.1228 (0.1266)  loss_fgl_aux_0: 0.8591 (0.8574)  loss_ddf_aux_0: 0.1393 (0.1595)  loss_mal_aux_1: 1.4229 (1.4342)  loss_bbox_aux_1: 0.0881 (0.0823)  loss_giou_aux_1: 0.1019 (0.1027)  loss_fgl_aux_1: 0.7277 (0.7597)  loss_ddf_aux_1: 0.0241 (0.0259)  loss_mal_aux_2: 0.9810 (0.9784)  loss_bbox_aux_2: 0.0823 (0.0762)  loss_giou_aux_2: 0.0969 (0.0946)  loss_fgl_aux_2: 0.7116 (0.7228)  loss_ddf_aux_2: 0.0015 (0.0018)  loss_mal_pre: 2.6660 (2.7053)  loss_bbox_pre: 0.0959 (0.1073)  loss_giou_pre: 0.1347 (0.1280)  loss_mal_enc_0: 2.6777 (2.6716)  loss_bbox_enc_0: 0.4888 (0.4972)  loss_giou_enc_0: 0.5524 (0.5367)  loss_mal_dn_0: 1.5889 (1.5812)  loss_bbox_dn_0: 0.2315 (0.2594)  loss_giou_dn_0: 0.2755 (0.2919)  loss_fgl_dn_0: 1.1584 (1.1754)  loss_ddf_dn_0: 1.1277 (1.1515)  loss_mal_dn_1: 0.9600 (0.9669)  loss_bbox_dn_1: 0.1023 (0.1124)  loss_giou_dn_1: 0.1248 (0.1354)  loss_fgl_dn_1: 0.8103 (0.8290)  loss_ddf_dn_1: 0.1657 (0.1578)  loss_mal_dn_2: 0.9771 (0.9824)  loss_bbox_dn_2: 0.0812 (0.0891)  loss_giou_dn_2: 0.1001 (0.1092)  loss_fgl_dn_2: 0.7223 (0.7506)  loss_ddf_dn_2: 0.0064 (0.0071)  loss_mal_dn_3: 0.8882 (0.8975)  loss_bbox_dn_3: 0.0788 (0.0880)  loss_giou_dn_3: 0.0988 (0.1085)  loss_fgl_dn_3: 0.7222 (0.7500)  loss_mal_dn_pre: 1.7842 (1.7543)  loss_bbox_dn_pre: 0.2322 (0.2668)  loss_giou_dn_pre: 0.2874 (0.2926)
Test:  [0/4]  eta: 0:00:01    time: 0.4353  data: 0.3926  max mem: 3583
Test:  [3/4]  eta: 0:00:00    time: 0.1742  data: 0.1001  max mem: 3583
Test: Total time: 0:00:00 (0.1918 s / it)
Averaged stats: 
Accumulating evaluation results...
COCOeval_opt.accumulate() finished...
DONE (t=0.00s).
IoU metric: bbox
 Average Precision  (AP) @[ IoU=0.50:0.95 | area=   all | maxDets=100 ] = 0.730
 Average Precision  (AP) @[ IoU=0.50      | area=   all | maxDets=100 ] = 0.846
 Average Precision  (AP) @[ IoU=0.75      | area=   all | maxDets=100 ] = 0.786
 Average Precision  (AP) @[ IoU=0.50:0.95 | area= small | maxDets=100 ] = -1.000
 Average Precision  (AP) @[ IoU=0.50:0.95 | area=medium | maxDets=100 ] = -1.000
 Average Precision  (AP) @[ IoU=0.50:0.95 | area= large | maxDets=100 ] = 0.731
 Average Recall     (AR) @[ IoU=0.50:0.95 | area=   all | maxDets=  1 ] = 0.793
 Average Recall     (AR) @[ IoU=0.50:0.95 | area=   all | maxDets= 10 ] = 0.887
 Average Recall     (AR) @[ IoU=0.50:0.95 | area=   all | maxDets=100 ] = 0.920
 Average Recall     (AR) @[ IoU=0.50:0.95 | area= small | maxDets=100 ] = -1.000
 Average Recall     (AR) @[ IoU=0.50:0.95 | area=medium | maxDets=100 ] = -1.000
 Average Recall     (AR) @[ IoU=0.50:0.95 | area= large | maxDets=100 ] = 0.920
 Average Recall     (AR) @[ IoU=0.50      | area=   all | maxDets=100 ] = 1.000
 Average Recall     (AR) @[ IoU=0.75      | area=   all | maxDets=100 ] = 0.967
best_stat: {'epoch': 99, 'coco_eval_bbox': 0.7906597847570801}
Load last_epoch
Load model.state_dict
Load criterion.state_dict
Load postprocessor.state_dict
Load ema.state_dict
Load scaler.state_dict
Load optimizer.state_dict
Load lr_warmup_scheduler.state_dict
Refresh EMA at epoch 115 with decay 0.9991000000000001
Epoch: [116]  [0/8]  eta: 0:00:04  lr: 0.000005  loss: 32.4665 (32.4665)  loss_mal: 1.0332 (1.0332)  loss_bbox: 0.0986 (0.0986)  loss_giou: 0.1101 (0.1101)  loss_fgl: 0.7852 (0.7852)  loss_mal_aux_0: 4.1914 (4.1914)  loss_bbox_aux_0: 0.1283 (0.1283)  loss_giou_aux_0: 0.1494 (0.1494)  loss_fgl_aux_0: 0.9285 (0.9285)  loss_ddf_aux_0: 0.1348 (0.1348)  loss_mal_aux_1: 1.5488 (1.5488)  loss_bbox_aux_1: 0.0983 (0.0983)  loss_giou_aux_1: 0.1155 (0.1155)  loss_fgl_aux_1: 0.8116 (0.8116)  loss_ddf_aux_1: 0.0209 (0.0209)  loss_mal_aux_2: 1.0693 (1.0693)  loss_bbox_aux_2: 0.0977 (0.0977)  loss_giou_aux_2: 0.1100 (0.1100)  loss_fgl_aux_2: 0.7831 (0.7831)  loss_ddf_aux_2: 0.0017 (0.0017)  loss_mal_pre: 3.1074 (3.1074)  loss_bbox_pre: 0.1326 (0.1326)  loss_giou_pre: 0.1555 (0.1555)  loss_mal_enc_0: 2.6953 (2.6953)  loss_bbox_enc_0: 0.4707 (0.4707)  loss_giou_enc_0: 0.5000 (0.5000)  loss_mal_dn_0: 1.5547 (1.5547)  loss_bbox_dn_0: 0.3014 (0.3014)  loss_giou_dn_0: 0.3208 (0.3208)  loss_fgl_dn_0: 1.1947 (1.1947)  loss_ddf_dn_0: 1.0249 (1.0249)  loss_mal_dn_1: 1.0859 (1.0859)  loss_bbox_dn_1: 0.1288 (0.1288)  loss_giou_dn_1: 0.1425 (0.1425)  loss_fgl_dn_1: 0.8475 (0.8475)  loss_ddf_dn_1: 0.1405 (0.1405)  loss_mal_dn_2: 1.0732 (1.0732)  loss_bbox_dn_2: 0.1043 (0.1043)  loss_giou_dn_2: 0.1147 (0.1147)  loss_fgl_dn_2: 0.7584 (0.7584)  loss_ddf_dn_2: 0.0079 (0.0079)  loss_mal_dn_3: 1.0361 (1.0361)  loss_bbox_dn_3: 0.1027 (0.1027)  loss_giou_dn_3: 0.1133 (0.1133)  loss_fgl_dn_3: 0.7618 (0.7618)  loss_mal_dn_pre: 1.7188 (1.7188)  loss_bbox_dn_pre: 0.3233 (0.3233)  loss_giou_dn_pre: 0.3319 (0.3319)  time: 0.5500  data: 0.3839  max mem: 3583
Epoch: [116]  [7/8]  eta: 0:00:00  lr: 0.000005  loss: 31.4540 (31.8106)  loss_mal: 0.9766 (1.0208)  loss_bbox: 0.0873 (0.0872)  loss_giou: 0.1024 (0.1095)  loss_fgl: 0.7852 (0.7770)  loss_mal_aux_0: 3.7969 (3.7437)  loss_bbox_aux_0: 0.1120 (0.1213)  loss_giou_aux_0: 0.1494 (0.1561)  loss_fgl_aux_0: 0.9285 (0.9466)  loss_ddf_aux_0: 0.1575 (0.1592)  loss_mal_aux_1: 1.4434 (1.4944)  loss_bbox_aux_1: 0.0927 (0.0939)  loss_giou_aux_1: 0.1104 (0.1187)  loss_fgl_aux_1: 0.8116 (0.8177)  loss_ddf_aux_1: 0.0227 (0.0245)  loss_mal_aux_2: 1.0439 (1.0895)  loss_bbox_aux_2: 0.0865 (0.0868)  loss_giou_aux_2: 0.1028 (0.1094)  loss_fgl_aux_2: 0.7831 (0.7765)  loss_ddf_aux_2: 0.0017 (0.0017)  loss_mal_pre: 2.9746 (2.9250)  loss_bbox_pre: 0.1104 (0.1209)  loss_giou_pre: 0.1520 (0.1569)  loss_mal_enc_0: 2.5996 (2.6108)  loss_bbox_enc_0: 0.4921 (0.5059)  loss_giou_enc_0: 0.5511 (0.5582)  loss_mal_dn_0: 1.5547 (1.5986)  loss_bbox_dn_0: 0.3014 (0.2864)  loss_giou_dn_0: 0.2962 (0.3114)  loss_fgl_dn_0: 1.1445 (1.1761)  loss_ddf_dn_0: 1.0385 (1.0703)  loss_mal_dn_1: 1.0225 (1.0161)  loss_bbox_dn_1: 0.1227 (0.1268)  loss_giou_dn_1: 0.1425 (0.1513)  loss_fgl_dn_1: 0.8475 (0.8696)  loss_ddf_dn_1: 0.1496 (0.1621)  loss_mal_dn_2: 1.0215 (1.0244)  loss_bbox_dn_2: 0.0970 (0.1017)  loss_giou_dn_2: 0.1147 (0.1241)  loss_fgl_dn_2: 0.7584 (0.7952)  loss_ddf_dn_2: 0.0087 (0.0091)  loss_mal_dn_3: 0.9883 (0.9746)  loss_bbox_dn_3: 0.0955 (0.1005)  loss_giou_dn_3: 0.1133 (0.1227)  loss_fgl_dn_3: 0.7618 (0.7955)  loss_mal_dn_pre: 1.7188 (1.7736)  loss_bbox_dn_pre: 0.3207 (0.2935)  loss_giou_dn_pre: 0.2987 (0.3147)  time: 0.1996  data: 0.0497  max mem: 3583
Epoch: [116] Total time: 0:00:01 (0.2120 s / it)
Averaged stats: lr: 0.000005  loss: 31.4540 (31.8106)  loss_mal: 0.9766 (1.0208)  loss_bbox: 0.0873 (0.0872)  loss_giou: 0.1024 (0.1095)  loss_fgl: 0.7852 (0.7770)  loss_mal_aux_0: 3.7969 (3.7437)  loss_bbox_aux_0: 0.1120 (0.1213)  loss_giou_aux_0: 0.1494 (0.1561)  loss_fgl_aux_0: 0.9285 (0.9466)  loss_ddf_aux_0: 0.1575 (0.1592)  loss_mal_aux_1: 1.4434 (1.4944)  loss_bbox_aux_1: 0.0927 (0.0939)  loss_giou_aux_1: 0.1104 (0.1187)  loss_fgl_aux_1: 0.8116 (0.8177)  loss_ddf_aux_1: 0.0227 (0.0245)  loss_mal_aux_2: 1.0439 (1.0895)  loss_bbox_aux_2: 0.0865 (0.0868)  loss_giou_aux_2: 0.1028 (0.1094)  loss_fgl_aux_2: 0.7831 (0.7765)  loss_ddf_aux_2: 0.0017 (0.0017)  loss_mal_pre: 2.9746 (2.9250)  loss_bbox_pre: 0.1104 (0.1209)  loss_giou_pre: 0.1520 (0.1569)  loss_mal_enc_0: 2.5996 (2.6108)  loss_bbox_enc_0: 0.4921 (0.5059)  loss_giou_enc_0: 0.5511 (0.5582)  loss_mal_dn_0: 1.5547 (1.5986)  loss_bbox_dn_0: 0.3014 (0.2864)  loss_giou_dn_0: 0.2962 (0.3114)  loss_fgl_dn_0: 1.1445 (1.1761)  loss_ddf_dn_0: 1.0385 (1.0703)  loss_mal_dn_1: 1.0225 (1.0161)  loss_bbox_dn_1: 0.1227 (0.1268)  loss_giou_dn_1: 0.1425 (0.1513)  loss_fgl_dn_1: 0.8475 (0.8696)  loss_ddf_dn_1: 0.1496 (0.1621)  loss_mal_dn_2: 1.0215 (1.0244)  loss_bbox_dn_2: 0.0970 (0.1017)  loss_giou_dn_2: 0.1147 (0.1241)  loss_fgl_dn_2: 0.7584 (0.7952)  loss_ddf_dn_2: 0.0087 (0.0091)  loss_mal_dn_3: 0.9883 (0.9746)  loss_bbox_dn_3: 0.0955 (0.1005)  loss_giou_dn_3: 0.1133 (0.1227)  loss_fgl_dn_3: 0.7618 (0.7955)  loss_mal_dn_pre: 1.7188 (1.7736)  loss_bbox_dn_pre: 0.3207 (0.2935)  loss_giou_dn_pre: 0.2987 (0.3147)
Test:  [0/4]  eta: 0:00:01    time: 0.3761  data: 0.3372  max mem: 3583
Test:  [3/4]  eta: 0:00:00    time: 0.1186  data: 0.0864  max mem: 3583
Test: Total time: 0:00:00 (0.1412 s / it)
Averaged stats: 
Accumulating evaluation results...
COCOeval_opt.accumulate() finished...
DONE (t=0.00s).
IoU metric: bbox
 Average Precision  (AP) @[ IoU=0.50:0.95 | area=   all | maxDets=100 ] = 0.787
 Average Precision  (AP) @[ IoU=0.50      | area=   all | maxDets=100 ] = 0.905
 Average Precision  (AP) @[ IoU=0.75      | area=   all | maxDets=100 ] = 0.881
 Average Precision  (AP) @[ IoU=0.50:0.95 | area= small | maxDets=100 ] = -1.000
 Average Precision  (AP) @[ IoU=0.50:0.95 | area=medium | maxDets=100 ] = -1.000
 Average Precision  (AP) @[ IoU=0.50:0.95 | area= large | maxDets=100 ] = 0.787
 Average Recall     (AR) @[ IoU=0.50:0.95 | area=   all | maxDets=  1 ] = 0.807
 Average Recall     (AR) @[ IoU=0.50:0.95 | area=   all | maxDets= 10 ] = 0.890
 Average Recall     (AR) @[ IoU=0.50:0.95 | area=   all | maxDets=100 ] = 0.910
 Average Recall     (AR) @[ IoU=0.50:0.95 | area= small | maxDets=100 ] = -1.000
 Average Recall     (AR) @[ IoU=0.50:0.95 | area=medium | maxDets=100 ] = -1.000
 Average Recall     (AR) @[ IoU=0.50:0.95 | area= large | maxDets=100 ] = 0.910
 Average Recall     (AR) @[ IoU=0.50      | area=   all | maxDets=100 ] = 1.000
 Average Recall     (AR) @[ IoU=0.75      | area=   all | maxDets=100 ] = 0.967
best_stat: {'epoch': 99, 'coco_eval_bbox': 0.7906597847570801}
Epoch: [117]  [0/8]  eta: 0:00:04  lr: 0.000005  loss: 30.5534 (30.5534)  loss_mal: 0.9946 (0.9946)  loss_bbox: 0.0851 (0.0851)  loss_giou: 0.1103 (0.1103)  loss_fgl: 0.7253 (0.7253)  loss_mal_aux_0: 3.3262 (3.3262)  loss_bbox_aux_0: 0.1158 (0.1158)  loss_giou_aux_0: 0.1460 (0.1460)  loss_fgl_aux_0: 0.9110 (0.9110)  loss_ddf_aux_0: 0.1609 (0.1609)  loss_mal_aux_1: 1.5312 (1.5312)  loss_bbox_aux_1: 0.0932 (0.0932)  loss_giou_aux_1: 0.1216 (0.1216)  loss_fgl_aux_1: 0.7858 (0.7858)  loss_ddf_aux_1: 0.0281 (0.0281)  loss_mal_aux_2: 1.0625 (1.0625)  loss_bbox_aux_2: 0.0831 (0.0831)  loss_giou_aux_2: 0.1089 (0.1089)  loss_fgl_aux_2: 0.7239 (0.7239)  loss_ddf_aux_2: 0.0020 (0.0020)  loss_mal_pre: 2.7285 (2.7285)  loss_bbox_pre: 0.1132 (0.1132)  loss_giou_pre: 0.1425 (0.1425)  loss_mal_enc_0: 2.7520 (2.7520)  loss_bbox_enc_0: 0.4992 (0.4992)  loss_giou_enc_0: 0.5467 (0.5467)  loss_mal_dn_0: 1.6338 (1.6338)  loss_bbox_dn_0: 0.2522 (0.2522)  loss_giou_dn_0: 0.2786 (0.2786)  loss_fgl_dn_0: 1.1260 (1.1260)  loss_ddf_dn_0: 0.9282 (0.9282)  loss_mal_dn_1: 0.9980 (0.9980)  loss_bbox_dn_1: 0.1165 (0.1165)  loss_giou_dn_1: 0.1417 (0.1417)  loss_fgl_dn_1: 0.8252 (0.8252)  loss_ddf_dn_1: 0.1262 (0.1262)  loss_mal_dn_2: 0.9824 (0.9824)  loss_bbox_dn_2: 0.0972 (0.0972)  loss_giou_dn_2: 0.1197 (0.1197)  loss_fgl_dn_2: 0.7667 (0.7667)  loss_ddf_dn_2: 0.0068 (0.0068)  loss_mal_dn_3: 0.9111 (0.9111)  loss_bbox_dn_3: 0.0966 (0.0966)  loss_giou_dn_3: 0.1191 (0.1191)  loss_fgl_dn_3: 0.7660 (0.7660)  loss_mal_dn_pre: 1.8066 (1.8066)  loss_bbox_dn_pre: 0.2711 (0.2711)  loss_giou_dn_pre: 0.2858 (0.2858)  time: 0.5392  data: 0.3723  max mem: 3583
Epoch: [117]  [7/8]  eta: 0:00:00  lr: 0.000006  loss: 30.5534 (30.5550)  loss_mal: 0.9780 (0.9713)  loss_bbox: 0.0851 (0.0849)  loss_giou: 0.0899 (0.1034)  loss_fgl: 0.7204 (0.7389)  loss_mal_aux_0: 3.2773 (3.3074)  loss_bbox_aux_0: 0.1158 (0.1124)  loss_giou_aux_0: 0.1443 (0.1418)  loss_fgl_aux_0: 0.9110 (0.9085)  loss_ddf_aux_0: 0.1609 (0.1794)  loss_mal_aux_1: 1.5166 (1.5488)  loss_bbox_aux_1: 0.0932 (0.0919)  loss_giou_aux_1: 0.1060 (0.1115)  loss_fgl_aux_1: 0.7858 (0.7768)  loss_ddf_aux_1: 0.0262 (0.0258)  loss_mal_aux_2: 1.0498 (1.0712)  loss_bbox_aux_2: 0.0831 (0.0850)  loss_giou_aux_2: 0.0894 (0.1033)  loss_fgl_aux_2: 0.7221 (0.7399)  loss_ddf_aux_2: 0.0012 (0.0013)  loss_mal_pre: 2.7031 (2.7288)  loss_bbox_pre: 0.1132 (0.1120)  loss_giou_pre: 0.1425 (0.1393)  loss_mal_enc_0: 2.7109 (2.7312)  loss_bbox_enc_0: 0.4550 (0.4615)  loss_giou_enc_0: 0.5159 (0.5258)  loss_mal_dn_0: 1.6162 (1.6089)  loss_bbox_dn_0: 0.2522 (0.2489)  loss_giou_dn_0: 0.2802 (0.2833)  loss_fgl_dn_0: 1.1515 (1.1470)  loss_ddf_dn_0: 0.9526 (1.0498)  loss_mal_dn_1: 0.9604 (0.9727)  loss_bbox_dn_1: 0.1293 (0.1166)  loss_giou_dn_1: 0.1417 (0.1384)  loss_fgl_dn_1: 0.8170 (0.8348)  loss_ddf_dn_1: 0.1262 (0.1469)  loss_mal_dn_2: 0.9839 (0.9942)  loss_bbox_dn_2: 0.0972 (0.0949)  loss_giou_dn_2: 0.1136 (0.1148)  loss_fgl_dn_2: 0.7350 (0.7690)  loss_ddf_dn_2: 0.0058 (0.0064)  loss_mal_dn_3: 0.9048 (0.9197)  loss_bbox_dn_3: 0.0966 (0.0946)  loss_giou_dn_3: 0.1129 (0.1144)  loss_fgl_dn_3: 0.7350 (0.7694)  loss_mal_dn_pre: 1.7891 (1.7853)  loss_bbox_dn_pre: 0.2578 (0.2572)  loss_giou_dn_pre: 0.2858 (0.2857)  time: 0.1987  data: 0.0493  max mem: 3583
Epoch: [117] Total time: 0:00:01 (0.2076 s / it)
Averaged stats: lr: 0.000006  loss: 30.5534 (30.5550)  loss_mal: 0.9780 (0.9713)  loss_bbox: 0.0851 (0.0849)  loss_giou: 0.0899 (0.1034)  loss_fgl: 0.7204 (0.7389)  loss_mal_aux_0: 3.2773 (3.3074)  loss_bbox_aux_0: 0.1158 (0.1124)  loss_giou_aux_0: 0.1443 (0.1418)  loss_fgl_aux_0: 0.9110 (0.9085)  loss_ddf_aux_0: 0.1609 (0.1794)  loss_mal_aux_1: 1.5166 (1.5488)  loss_bbox_aux_1: 0.0932 (0.0919)  loss_giou_aux_1: 0.1060 (0.1115)  loss_fgl_aux_1: 0.7858 (0.7768)  loss_ddf_aux_1: 0.0262 (0.0258)  loss_mal_aux_2: 1.0498 (1.0712)  loss_bbox_aux_2: 0.0831 (0.0850)  loss_giou_aux_2: 0.0894 (0.1033)  loss_fgl_aux_2: 0.7221 (0.7399)  loss_ddf_aux_2: 0.0012 (0.0013)  loss_mal_pre: 2.7031 (2.7288)  loss_bbox_pre: 0.1132 (0.1120)  loss_giou_pre: 0.1425 (0.1393)  loss_mal_enc_0: 2.7109 (2.7312)  loss_bbox_enc_0: 0.4550 (0.4615)  loss_giou_enc_0: 0.5159 (0.5258)  loss_mal_dn_0: 1.6162 (1.6089)  loss_bbox_dn_0: 0.2522 (0.2489)  loss_giou_dn_0: 0.2802 (0.2833)  loss_fgl_dn_0: 1.1515 (1.1470)  loss_ddf_dn_0: 0.9526 (1.0498)  loss_mal_dn_1: 0.9604 (0.9727)  loss_bbox_dn_1: 0.1293 (0.1166)  loss_giou_dn_1: 0.1417 (0.1384)  loss_fgl_dn_1: 0.8170 (0.8348)  loss_ddf_dn_1: 0.1262 (0.1469)  loss_mal_dn_2: 0.9839 (0.9942)  loss_bbox_dn_2: 0.0972 (0.0949)  loss_giou_dn_2: 0.1136 (0.1148)  loss_fgl_dn_2: 0.7350 (0.7690)  loss_ddf_dn_2: 0.0058 (0.0064)  loss_mal_dn_3: 0.9048 (0.9197)  loss_bbox_dn_3: 0.0966 (0.0946)  loss_giou_dn_3: 0.1129 (0.1144)  loss_fgl_dn_3: 0.7350 (0.7694)  loss_mal_dn_pre: 1.7891 (1.7853)  loss_bbox_dn_pre: 0.2578 (0.2572)  loss_giou_dn_pre: 0.2858 (0.2857)
Test:  [0/4]  eta: 0:00:01    time: 0.3820  data: 0.3389  max mem: 3583
Test:  [3/4]  eta: 0:00:00    time: 0.1210  data: 0.0870  max mem: 3583
Test: Total time: 0:00:00 (0.1418 s / it)
Averaged stats: 
Accumulating evaluation results...
COCOeval_opt.accumulate() finished...
DONE (t=0.00s).
IoU metric: bbox
 Average Precision  (AP) @[ IoU=0.50:0.95 | area=   all | maxDets=100 ] = 0.770
 Average Precision  (AP) @[ IoU=0.50      | area=   all | maxDets=100 ] = 0.899
 Average Precision  (AP) @[ IoU=0.75      | area=   all | maxDets=100 ] = 0.805
 Average Precision  (AP) @[ IoU=0.50:0.95 | area= small | maxDets=100 ] = -1.000
 Average Precision  (AP) @[ IoU=0.50:0.95 | area=medium | maxDets=100 ] = -1.000
 Average Precision  (AP) @[ IoU=0.50:0.95 | area= large | maxDets=100 ] = 0.770
 Average Recall     (AR) @[ IoU=0.50:0.95 | area=   all | maxDets=  1 ] = 0.767
 Average Recall     (AR) @[ IoU=0.50:0.95 | area=   all | maxDets= 10 ] = 0.887
 Average Recall     (AR) @[ IoU=0.50:0.95 | area=   all | maxDets=100 ] = 0.910
 Average Recall     (AR) @[ IoU=0.50:0.95 | area= small | maxDets=100 ] = -1.000
 Average Recall     (AR) @[ IoU=0.50:0.95 | area=medium | maxDets=100 ] = -1.000
 Average Recall     (AR) @[ IoU=0.50:0.95 | area= large | maxDets=100 ] = 0.910
 Average Recall     (AR) @[ IoU=0.50      | area=   all | maxDets=100 ] = 1.000
 Average Recall     (AR) @[ IoU=0.75      | area=   all | maxDets=100 ] = 0.967
best_stat: {'epoch': 99, 'coco_eval_bbox': 0.7906597847570801}
Load last_epoch
Load model.state_dict
Load criterion.state_dict
Load postprocessor.state_dict
Load ema.state_dict
Load scaler.state_dict
Load optimizer.state_dict
Load lr_warmup_scheduler.state_dict
Refresh EMA at epoch 117 with decay 0.9990000000000001
Epoch: [118]  [0/8]  eta: 0:00:04  lr: 0.000006  loss: 33.6811 (33.6811)  loss_mal: 1.1475 (1.1475)  loss_bbox: 0.0898 (0.0898)  loss_giou: 0.1177 (0.1177)  loss_fgl: 0.7959 (0.7959)  loss_mal_aux_0: 3.6836 (3.6836)  loss_bbox_aux_0: 0.1296 (0.1296)  loss_giou_aux_0: 0.1780 (0.1780)  loss_fgl_aux_0: 1.0135 (1.0135)  loss_ddf_aux_0: 0.2379 (0.2379)  loss_mal_aux_1: 1.8564 (1.8564)  loss_bbox_aux_1: 0.0945 (0.0945)  loss_giou_aux_1: 0.1242 (0.1242)  loss_fgl_aux_1: 0.8317 (0.8317)  loss_ddf_aux_1: 0.0309 (0.0309)  loss_mal_aux_2: 1.2461 (1.2461)  loss_bbox_aux_2: 0.0889 (0.0889)  loss_giou_aux_2: 0.1173 (0.1173)  loss_fgl_aux_2: 0.7960 (0.7960)  loss_ddf_aux_2: 0.0019 (0.0019)  loss_mal_pre: 2.8262 (2.8262)  loss_bbox_pre: 0.1272 (0.1272)  loss_giou_pre: 0.1778 (0.1778)  loss_mal_enc_0: 2.6680 (2.6680)  loss_bbox_enc_0: 0.6151 (0.6151)  loss_giou_enc_0: 0.6125 (0.6125)  loss_mal_dn_0: 1.5615 (1.5615)  loss_bbox_dn_0: 0.3146 (0.3146)  loss_giou_dn_0: 0.3733 (0.3733)  loss_fgl_dn_0: 1.2945 (1.2945)  loss_ddf_dn_0: 1.1712 (1.1712)  loss_mal_dn_1: 1.0146 (1.0146)  loss_bbox_dn_1: 0.1390 (0.1390)  loss_giou_dn_1: 0.1818 (0.1818)  loss_fgl_dn_1: 0.9752 (0.9752)  loss_ddf_dn_1: 0.1881 (0.1881)  loss_mal_dn_2: 1.0537 (1.0537)  loss_bbox_dn_2: 0.1243 (0.1243)  loss_giou_dn_2: 0.1595 (0.1595)  loss_fgl_dn_2: 0.9016 (0.9016)  loss_ddf_dn_2: 0.0080 (0.0080)  loss_mal_dn_3: 1.0098 (1.0098)  loss_bbox_dn_3: 0.1228 (0.1228)  loss_giou_dn_3: 0.1579 (0.1579)  loss_fgl_dn_3: 0.9040 (0.9040)  loss_mal_dn_pre: 1.7471 (1.7471)  loss_bbox_dn_pre: 0.3072 (0.3072)  loss_giou_dn_pre: 0.3630 (0.3630)  time: 0.5449  data: 0.3868  max mem: 3583
Epoch: [118]  [7/8]  eta: 0:00:00  lr: 0.000006  loss: 31.6213 (31.8864)  loss_mal: 0.9858 (1.0109)  loss_bbox: 0.0898 (0.0914)  loss_giou: 0.1011 (0.1142)  loss_fgl: 0.7423 (0.7866)  loss_mal_aux_0: 3.7207 (3.7202)  loss_bbox_aux_0: 0.1192 (0.1244)  loss_giou_aux_0: 0.1441 (0.1590)  loss_fgl_aux_0: 0.9190 (0.9503)  loss_ddf_aux_0: 0.1481 (0.1671)  loss_mal_aux_1: 1.3389 (1.4453)  loss_bbox_aux_1: 0.0904 (0.0986)  loss_giou_aux_1: 0.1029 (0.1232)  loss_fgl_aux_1: 0.7918 (0.8315)  loss_ddf_aux_1: 0.0236 (0.0254)  loss_mal_aux_2: 1.0840 (1.0881)  loss_bbox_aux_2: 0.0889 (0.0914)  loss_giou_aux_2: 0.1012 (0.1142)  loss_fgl_aux_2: 0.7411 (0.7872)  loss_ddf_aux_2: 0.0017 (0.0020)  loss_mal_pre: 2.8984 (2.9150)  loss_bbox_pre: 0.1227 (0.1230)  loss_giou_pre: 0.1456 (0.1585)  loss_mal_enc_0: 2.6523 (2.6284)  loss_bbox_enc_0: 0.4987 (0.5247)  loss_giou_enc_0: 0.5238 (0.5611)  loss_mal_dn_0: 1.5791 (1.5824)  loss_bbox_dn_0: 0.2562 (0.2786)  loss_giou_dn_0: 0.3147 (0.3144)  loss_fgl_dn_0: 1.1460 (1.1788)  loss_ddf_dn_0: 1.0400 (1.0831)  loss_mal_dn_1: 1.0020 (1.0045)  loss_bbox_dn_1: 0.1222 (0.1309)  loss_giou_dn_1: 0.1566 (0.1582)  loss_fgl_dn_1: 0.8797 (0.8803)  loss_ddf_dn_1: 0.1675 (0.1661)  loss_mal_dn_2: 0.9917 (1.0190)  loss_bbox_dn_2: 0.1040 (0.1071)  loss_giou_dn_2: 0.1276 (0.1330)  loss_fgl_dn_2: 0.7950 (0.8160)  loss_ddf_dn_2: 0.0093 (0.0091)  loss_mal_dn_3: 0.9580 (0.9686)  loss_bbox_dn_3: 0.1043 (0.1065)  loss_giou_dn_3: 0.1257 (0.1324)  loss_fgl_dn_3: 0.7922 (0.8167)  loss_mal_dn_pre: 1.7471 (1.7554)  loss_bbox_dn_pre: 0.2642 (0.2863)  loss_giou_dn_pre: 0.3152 (0.3173)  time: 0.1993  data: 0.0504  max mem: 3583
Epoch: [118] Total time: 0:00:01 (0.2075 s / it)
Averaged stats: lr: 0.000006  loss: 31.6213 (31.8864)  loss_mal: 0.9858 (1.0109)  loss_bbox: 0.0898 (0.0914)  loss_giou: 0.1011 (0.1142)  loss_fgl: 0.7423 (0.7866)  loss_mal_aux_0: 3.7207 (3.7202)  loss_bbox_aux_0: 0.1192 (0.1244)  loss_giou_aux_0: 0.1441 (0.1590)  loss_fgl_aux_0: 0.9190 (0.9503)  loss_ddf_aux_0: 0.1481 (0.1671)  loss_mal_aux_1: 1.3389 (1.4453)  loss_bbox_aux_1: 0.0904 (0.0986)  loss_giou_aux_1: 0.1029 (0.1232)  loss_fgl_aux_1: 0.7918 (0.8315)  loss_ddf_aux_1: 0.0236 (0.0254)  loss_mal_aux_2: 1.0840 (1.0881)  loss_bbox_aux_2: 0.0889 (0.0914)  loss_giou_aux_2: 0.1012 (0.1142)  loss_fgl_aux_2: 0.7411 (0.7872)  loss_ddf_aux_2: 0.0017 (0.0020)  loss_mal_pre: 2.8984 (2.9150)  loss_bbox_pre: 0.1227 (0.1230)  loss_giou_pre: 0.1456 (0.1585)  loss_mal_enc_0: 2.6523 (2.6284)  loss_bbox_enc_0: 0.4987 (0.5247)  loss_giou_enc_0: 0.5238 (0.5611)  loss_mal_dn_0: 1.5791 (1.5824)  loss_bbox_dn_0: 0.2562 (0.2786)  loss_giou_dn_0: 0.3147 (0.3144)  loss_fgl_dn_0: 1.1460 (1.1788)  loss_ddf_dn_0: 1.0400 (1.0831)  loss_mal_dn_1: 1.0020 (1.0045)  loss_bbox_dn_1: 0.1222 (0.1309)  loss_giou_dn_1: 0.1566 (0.1582)  loss_fgl_dn_1: 0.8797 (0.8803)  loss_ddf_dn_1: 0.1675 (0.1661)  loss_mal_dn_2: 0.9917 (1.0190)  loss_bbox_dn_2: 0.1040 (0.1071)  loss_giou_dn_2: 0.1276 (0.1330)  loss_fgl_dn_2: 0.7950 (0.8160)  loss_ddf_dn_2: 0.0093 (0.0091)  loss_mal_dn_3: 0.9580 (0.9686)  loss_bbox_dn_3: 0.1043 (0.1065)  loss_giou_dn_3: 0.1257 (0.1324)  loss_fgl_dn_3: 0.7922 (0.8167)  loss_mal_dn_pre: 1.7471 (1.7554)  loss_bbox_dn_pre: 0.2642 (0.2863)  loss_giou_dn_pre: 0.3152 (0.3173)
Test:  [0/4]  eta: 0:00:01    time: 0.3876  data: 0.3500  max mem: 3583
Test:  [3/4]  eta: 0:00:00    time: 0.1606  data: 0.0895  max mem: 3583
Test: Total time: 0:00:00 (0.1824 s / it)
Averaged stats: 
Accumulating evaluation results...
COCOeval_opt.accumulate() finished...
DONE (t=0.00s).
IoU metric: bbox
 Average Precision  (AP) @[ IoU=0.50:0.95 | area=   all | maxDets=100 ] = 0.718
 Average Precision  (AP) @[ IoU=0.50      | area=   all | maxDets=100 ] = 0.820
 Average Precision  (AP) @[ IoU=0.75      | area=   all | maxDets=100 ] = 0.801
 Average Precision  (AP) @[ IoU=0.50:0.95 | area= small | maxDets=100 ] = -1.000
 Average Precision  (AP) @[ IoU=0.50:0.95 | area=medium | maxDets=100 ] = -1.000
 Average Precision  (AP) @[ IoU=0.50:0.95 | area= large | maxDets=100 ] = 0.718
 Average Recall     (AR) @[ IoU=0.50:0.95 | area=   all | maxDets=  1 ] = 0.800
 Average Recall     (AR) @[ IoU=0.50:0.95 | area=   all | maxDets= 10 ] = 0.890
 Average Recall     (AR) @[ IoU=0.50:0.95 | area=   all | maxDets=100 ] = 0.907
 Average Recall     (AR) @[ IoU=0.50:0.95 | area= small | maxDets=100 ] = -1.000
 Average Recall     (AR) @[ IoU=0.50:0.95 | area=medium | maxDets=100 ] = -1.000
 Average Recall     (AR) @[ IoU=0.50:0.95 | area= large | maxDets=100 ] = 0.907
 Average Recall     (AR) @[ IoU=0.50      | area=   all | maxDets=100 ] = 1.000
 Average Recall     (AR) @[ IoU=0.75      | area=   all | maxDets=100 ] = 0.967
best_stat: {'epoch': 99, 'coco_eval_bbox': 0.7906597847570801}
Epoch: [119]  [0/8]  eta: 0:00:04  lr: 0.000006  loss: 31.6380 (31.6380)  loss_mal: 1.0762 (1.0762)  loss_bbox: 0.0945 (0.0945)  loss_giou: 0.0943 (0.0943)  loss_fgl: 0.7416 (0.7416)  loss_mal_aux_0: 3.5918 (3.5918)  loss_bbox_aux_0: 0.1357 (0.1357)  loss_giou_aux_0: 0.1407 (0.1407)  loss_fgl_aux_0: 0.9625 (0.9625)  loss_ddf_aux_0: 0.1862 (0.1862)  loss_mal_aux_1: 1.4775 (1.4775)  loss_bbox_aux_1: 0.1026 (0.1026)  loss_giou_aux_1: 0.1032 (0.1032)  loss_fgl_aux_1: 0.7867 (0.7867)  loss_ddf_aux_1: 0.0232 (0.0232)  loss_mal_aux_2: 1.1455 (1.1455)  loss_bbox_aux_2: 0.0949 (0.0949)  loss_giou_aux_2: 0.0942 (0.0942)  loss_fgl_aux_2: 0.7400 (0.7400)  loss_ddf_aux_2: 0.0013 (0.0013)  loss_mal_pre: 2.8496 (2.8496)  loss_bbox_pre: 0.1370 (0.1370)  loss_giou_pre: 0.1424 (0.1424)  loss_mal_enc_0: 2.6660 (2.6660)  loss_bbox_enc_0: 0.5341 (0.5341)  loss_giou_enc_0: 0.5338 (0.5338)  loss_mal_dn_0: 1.6826 (1.6826)  loss_bbox_dn_0: 0.2559 (0.2559)  loss_giou_dn_0: 0.2706 (0.2706)  loss_fgl_dn_0: 1.1474 (1.1474)  loss_ddf_dn_0: 1.2051 (1.2051)  loss_mal_dn_1: 0.9971 (0.9971)  loss_bbox_dn_1: 0.1219 (0.1219)  loss_giou_dn_1: 0.1277 (0.1277)  loss_fgl_dn_1: 0.8402 (0.8402)  loss_ddf_dn_1: 0.2006 (0.2006)  loss_mal_dn_2: 1.0400 (1.0400)  loss_bbox_dn_2: 0.0914 (0.0914)  loss_giou_dn_2: 0.0945 (0.0945)  loss_fgl_dn_2: 0.7491 (0.7491)  loss_ddf_dn_2: 0.0099 (0.0099)  loss_mal_dn_3: 1.0088 (1.0088)  loss_bbox_dn_3: 0.0902 (0.0902)  loss_giou_dn_3: 0.0933 (0.0933)  loss_fgl_dn_3: 0.7481 (0.7481)  loss_mal_dn_pre: 1.8555 (1.8555)  loss_bbox_dn_pre: 0.2744 (0.2744)  loss_giou_dn_pre: 0.2781 (0.2781)  time: 0.5626  data: 0.3743  max mem: 3583
Epoch: [119]  [7/8]  eta: 0:00:00  lr: 0.000006  loss: 31.0747 (31.2011)  loss_mal: 0.9980 (1.0308)  loss_bbox: 0.0802 (0.0839)  loss_giou: 0.0943 (0.1067)  loss_fgl: 0.7416 (0.7633)  loss_mal_aux_0: 3.4570 (3.4602)  loss_bbox_aux_0: 0.1136 (0.1145)  loss_giou_aux_0: 0.1407 (0.1469)  loss_fgl_aux_0: 0.9039 (0.9282)  loss_ddf_aux_0: 0.1779 (0.1817)  loss_mal_aux_1: 1.5186 (1.5414)  loss_bbox_aux_1: 0.0913 (0.0922)  loss_giou_aux_1: 0.1032 (0.1172)  loss_fgl_aux_1: 0.7749 (0.8028)  loss_ddf_aux_1: 0.0266 (0.0274)  loss_mal_aux_2: 1.1455 (1.1647)  loss_bbox_aux_2: 0.0801 (0.0838)  loss_giou_aux_2: 0.0942 (0.1067)  loss_fgl_aux_2: 0.7400 (0.7647)  loss_ddf_aux_2: 0.0014 (0.0016)  loss_mal_pre: 2.7793 (2.7847)  loss_bbox_pre: 0.1104 (0.1139)  loss_giou_pre: 0.1424 (0.1461)  loss_mal_enc_0: 2.6660 (2.7114)  loss_bbox_enc_0: 0.4433 (0.4936)  loss_giou_enc_0: 0.5139 (0.5236)  loss_mal_dn_0: 1.5566 (1.6018)  loss_bbox_dn_0: 0.2559 (0.2574)  loss_giou_dn_0: 0.2920 (0.2926)  loss_fgl_dn_0: 1.1529 (1.1711)  loss_ddf_dn_0: 1.0796 (1.1069)  loss_mal_dn_1: 0.9795 (0.9828)  loss_bbox_dn_1: 0.1219 (0.1191)  loss_giou_dn_1: 0.1277 (0.1419)  loss_fgl_dn_1: 0.8300 (0.8402)  loss_ddf_dn_1: 0.1529 (0.1603)  loss_mal_dn_2: 1.0020 (1.0021)  loss_bbox_dn_2: 0.0914 (0.0952)  loss_giou_dn_2: 0.1036 (0.1175)  loss_fgl_dn_2: 0.7491 (0.7699)  loss_ddf_dn_2: 0.0085 (0.0082)  loss_mal_dn_3: 0.9355 (0.9250)  loss_bbox_dn_3: 0.0902 (0.0942)  loss_giou_dn_3: 0.1053 (0.1164)  loss_fgl_dn_3: 0.7481 (0.7688)  loss_mal_dn_pre: 1.7217 (1.7762)  loss_bbox_dn_pre: 0.2635 (0.2656)  loss_giou_dn_pre: 0.2968 (0.2961)  time: 0.2036  data: 0.0498  max mem: 3583
Epoch: [119] Total time: 0:00:01 (0.2140 s / it)
Averaged stats: lr: 0.000006  loss: 31.0747 (31.2011)  loss_mal: 0.9980 (1.0308)  loss_bbox: 0.0802 (0.0839)  loss_giou: 0.0943 (0.1067)  loss_fgl: 0.7416 (0.7633)  loss_mal_aux_0: 3.4570 (3.4602)  loss_bbox_aux_0: 0.1136 (0.1145)  loss_giou_aux_0: 0.1407 (0.1469)  loss_fgl_aux_0: 0.9039 (0.9282)  loss_ddf_aux_0: 0.1779 (0.1817)  loss_mal_aux_1: 1.5186 (1.5414)  loss_bbox_aux_1: 0.0913 (0.0922)  loss_giou_aux_1: 0.1032 (0.1172)  loss_fgl_aux_1: 0.7749 (0.8028)  loss_ddf_aux_1: 0.0266 (0.0274)  loss_mal_aux_2: 1.1455 (1.1647)  loss_bbox_aux_2: 0.0801 (0.0838)  loss_giou_aux_2: 0.0942 (0.1067)  loss_fgl_aux_2: 0.7400 (0.7647)  loss_ddf_aux_2: 0.0014 (0.0016)  loss_mal_pre: 2.7793 (2.7847)  loss_bbox_pre: 0.1104 (0.1139)  loss_giou_pre: 0.1424 (0.1461)  loss_mal_enc_0: 2.6660 (2.7114)  loss_bbox_enc_0: 0.4433 (0.4936)  loss_giou_enc_0: 0.5139 (0.5236)  loss_mal_dn_0: 1.5566 (1.6018)  loss_bbox_dn_0: 0.2559 (0.2574)  loss_giou_dn_0: 0.2920 (0.2926)  loss_fgl_dn_0: 1.1529 (1.1711)  loss_ddf_dn_0: 1.0796 (1.1069)  loss_mal_dn_1: 0.9795 (0.9828)  loss_bbox_dn_1: 0.1219 (0.1191)  loss_giou_dn_1: 0.1277 (0.1419)  loss_fgl_dn_1: 0.8300 (0.8402)  loss_ddf_dn_1: 0.1529 (0.1603)  loss_mal_dn_2: 1.0020 (1.0021)  loss_bbox_dn_2: 0.0914 (0.0952)  loss_giou_dn_2: 0.1036 (0.1175)  loss_fgl_dn_2: 0.7491 (0.7699)  loss_ddf_dn_2: 0.0085 (0.0082)  loss_mal_dn_3: 0.9355 (0.9250)  loss_bbox_dn_3: 0.0902 (0.0942)  loss_giou_dn_3: 0.1053 (0.1164)  loss_fgl_dn_3: 0.7481 (0.7688)  loss_mal_dn_pre: 1.7217 (1.7762)  loss_bbox_dn_pre: 0.2635 (0.2656)  loss_giou_dn_pre: 0.2968 (0.2961)
Test:  [0/4]  eta: 0:00:01    time: 0.4109  data: 0.3730  max mem: 3583
Test:  [3/4]  eta: 0:00:00    time: 0.1275  data: 0.0952  max mem: 3583
Test: Total time: 0:00:00 (0.1471 s / it)
Averaged stats: 
Accumulating evaluation results...
COCOeval_opt.accumulate() finished...
DONE (t=0.00s).
IoU metric: bbox
 Average Precision  (AP) @[ IoU=0.50:0.95 | area=   all | maxDets=100 ] = 0.761
 Average Precision  (AP) @[ IoU=0.50      | area=   all | maxDets=100 ] = 0.896
 Average Precision  (AP) @[ IoU=0.75      | area=   all | maxDets=100 ] = 0.867
 Average Precision  (AP) @[ IoU=0.50:0.95 | area= small | maxDets=100 ] = -1.000
 Average Precision  (AP) @[ IoU=0.50:0.95 | area=medium | maxDets=100 ] = -1.000
 Average Precision  (AP) @[ IoU=0.50:0.95 | area= large | maxDets=100 ] = 0.762
 Average Recall     (AR) @[ IoU=0.50:0.95 | area=   all | maxDets=  1 ] = 0.790
 Average Recall     (AR) @[ IoU=0.50:0.95 | area=   all | maxDets= 10 ] = 0.883
 Average Recall     (AR) @[ IoU=0.50:0.95 | area=   all | maxDets=100 ] = 0.930
 Average Recall     (AR) @[ IoU=0.50:0.95 | area= small | maxDets=100 ] = -1.000
 Average Recall     (AR) @[ IoU=0.50:0.95 | area=medium | maxDets=100 ] = -1.000
 Average Recall     (AR) @[ IoU=0.50:0.95 | area= large | maxDets=100 ] = 0.930
 Average Recall     (AR) @[ IoU=0.50      | area=   all | maxDets=100 ] = 1.000
 Average Recall     (AR) @[ IoU=0.75      | area=   all | maxDets=100 ] = 1.000
best_stat: {'epoch': 99, 'coco_eval_bbox': 0.7906597847570801}
Training time 0:06:08
/venv/main/lib/python3.12/site-packages/torch/distributed/c10d_logger.py:83: UserWarning: barrier(): using the device under current context. You can specify `device_id` in `init_process_group` to mute this warning.
  return func(*args, **kwargs)
[rank0]:[W813 08:00:44.317561223 ProcessGroupNCCL.cpp:5324] Guessing device ID based on global rank. This can cause a hang if rank to GPU mapping is heterogeneous. You can specify device_id in init_process_group()
/workspace/midi/DEIMv2/engine/core/workspace.py:177: FutureWarning: `torch.cuda.amp.GradScaler(args...)` is deprecated. Please use `torch.amp.GradScaler('cuda', args...)` instead.
  return module(**module_kwargs)
[rank0]:[W813 08:00:45.901807644 reducer.cpp:1528] Warning: find_unused_parameters=True was specified in DDP constructor, but did not find any unused parameters in the forward pass. This flag results in an extra traversal of the autograd graph every iteration,  which can adversely affect performance. If your model indeed never has any unused parameters in the forward pass, consider turning this flag off. Note that this warning may be a false positive if your model has flow control causing later iterations to have unused parameters. (function operator())
/workspace/midi/DEIMv2/engine/solver/det_engine.py:104: UserWarning: Converting a tensor with requires_grad=True to a scalar may lead to unexpected behavior.
Consider using tensor.detach() first. (Triggered internally at /pytorch/torch/csrc/autograd/generated/python_variable_methods.cpp:838.)
  if not math.isfinite(loss_value):
