Initialized distributed mode...
cfg:  {'task': 'detection', '_model': None, '_postprocessor': None, '_criterion': None, '_optimizer': None, '_lr_scheduler': None, '_lr_warmup_scheduler': None, '_train_dataloader': None, '_val_dataloader': None, '_ema': None, '_scaler': None, '_train_dataset': None, '_val_dataset': None, '_collate_fn': None, '_evaluator': None, '_writer': None, 'num_workers': 0, 'batch_size': None, '_train_batch_size': None, '_val_batch_size': None, '_train_shuffle': None, '_val_shuffle': None, 'resume': None, 'tuning': '/workspace/midi/ckpt/deimv2_hgnetv2_n_coco.pth', 'epoches': 120, 'last_epoch': -1, 'lrsheduler': 'flatcosine', 'lr_gamma': 1.0, 'no_aug_epoch': 20, 'warmup_iter': 2000, 'flat_epoch': 64, 'use_amp': True, 'use_ema': True, 'ema_decay': 0.9999, 'ema_warmups': 2000, 'sync_bn': True, 'clip_max_norm': 0.1, 'find_unused_parameters': True, 'seed': 42, 'print_freq': 500, 'checkpoint_freq': 5, 'output_dir': '/workspace/midi/deim_configs/runs/n_fold2', 'summary_dir': None, 'device': '', 'yaml_cfg': {'task': 'detection', 'evaluator': {'type': 'CocoEvaluator', 'iou_types': ['bbox']}, 'num_classes': 4, 'remap_mscoco_category': False, 'train_dataloader': {'type': 'DataLoader', 'dataset': {'type': 'CocoDetection', 'img_folder': '/workspace/midi/deim_data/images/train_fold2', 'ann_file': '/workspace/midi/deim_data/annotations/instances_train_fold2.json', 'return_masks': False, 'transforms': {'type': 'Compose', 'ops': [{'type': 'Mosaic', 'output_size': 320, 'rotation_range': 10, 'translation_range': [0.1, 0.1], 'scaling_range': [0.5, 1.5], 'probability': 1.0, 'fill_value': 0, 'use_cache': True, 'max_cached_images': 50, 'random_pop': True}, {'type': 'RandomPhotometricDistort', 'p': 0.5}, {'type': 'RandomZoomOut', 'fill': 0}, {'type': 'RandomIoUCrop', 'p': 0.8}, {'type': 'SanitizeBoundingBoxes', 'min_size': 1}, {'type': 'RandomHorizontalFlip'}, {'type': 'Resize', 'size': [640, 640]}, {'type': 'SanitizeBoundingBoxes', 'min_size': 1}, {'type': 'ConvertPILImage', 'dtype': 'float32', 'scale': True}, {'type': 'ConvertBoxes', 'fmt': 'cxcywh', 'normalize': True}], 'policy': {'name': 'stop_epoch', 'epoch': [4, 64, 100], 'ops': ['Mosaic', 'RandomPhotometricDistort', 'RandomZoomOut', 'RandomIoUCrop']}, 'mosaic_prob': 0.5}}, 'shuffle': True, 'num_workers': 4, 'drop_last': False, 'collate_fn': {'type': 'BatchImageCollateFunction', 'base_size': 640, 'base_size_repeat': None, 'stop_epoch': 100, 'mixup_prob': 0.5, 'mixup_epochs': [4, 64], 'copyblend_prob': 0.4, 'copyblend_epochs': [4, 100], 'area_threshold': 100, 'num_objects': 3, 'with_expand': True, 'expand_ratios': [0.1, 0.25], 'ema_restart_decay': 0.9999}, 'total_batch_size': 4}, 'val_dataloader': {'type': 'DataLoader', 'dataset': {'type': 'CocoDetection', 'img_folder': '/workspace/midi/deim_data/images/fold2', 'ann_file': '/workspace/midi/deim_data/annotations/instances_fold2.json', 'return_masks': False, 'transforms': {'type': 'Compose', 'ops': [{'type': 'Resize', 'size': [640, 640]}, {'type': 'ConvertPILImage', 'dtype': 'float32', 'scale': True}]}}, 'shuffle': False, 'num_workers': 4, 'drop_last': False, 'collate_fn': {'type': 'BatchImageCollateFunction'}, 'total_batch_size': 4}, 'print_freq': 500, 'output_dir': '/workspace/midi/deim_configs/runs/n_fold2', 'checkpoint_freq': 5, 'sync_bn': True, 'find_unused_parameters': True, 'use_amp': True, 'scaler': {'type': 'GradScaler', 'enabled': True}, 'use_ema': True, 'ema': {'type': 'ModelEMA', 'decay': 0.9999, 'warmups': 1000, 'start': 0}, 'epoches': 120, 'clip_max_norm': 0.1, 'optimizer': {'type': 'AdamW', 'params': [{'params': '^(?=.*backbone)(?!.*norm|bn).*$', 'lr': 0.0004}, {'params': '^(?=.*backbone)(?=.*norm|bn).*$', 'lr': 0.0004, 'weight_decay': 0.0}, {'params': '^(?=.*(?:encoder|decoder))(?=.*(?:norm|bn|bias)).*$', 'weight_decay': 0.0}], 'lr': 0.0008, 'betas': [0.9, 0.999], 'weight_decay': 0.0001}, 'lr_scheduler': {'type': 'MultiStepLR', 'milestones': [500], 'gamma': 0.1}, 'lr_warmup_scheduler': {'type': 'LinearWarmup', 'warmup_duration': 500}, 'model': 'DEIM', 'criterion': 'DEIMCriterion', 'postprocessor': 'PostProcessor', 'use_focal_loss': True, 'eval_spatial_size': [640, 640], 'DEIM': {'backbone': 'HGNetv2', 'encoder': 'HybridEncoder', 'decoder': 'DEIMTransformer'}, 'HGNetv2': {'name': 'B0', 'return_idx': [2, 3], 'freeze_at': -1, 'freeze_stem_only': True, 'freeze_norm': False, 'pretrained': True, 'local_model_dir': './weight/hgnetv2/', 'use_lab': True}, 'HybridEncoder': {'in_channels': [512, 1024], 'feat_strides': [16, 32], 'hidden_dim': 128, 'use_encoder_idx': [1], 'num_encoder_layers': 1, 'nhead': 8, 'dim_feedforward': 512, 'dropout': 0.0, 'enc_act': 'gelu', 'expansion': 0.34, 'depth_mult': 0.5, 'act': 'silu', 'version': 'dfine', 'csp_type': 'csp2', 'fuse_op': 'sum'}, 'DEIMTransformer': {'feat_channels': [128, 128], 'feat_strides': [16, 32], 'hidden_dim': 128, 'num_levels': 2, 'num_layers': 3, 'eval_idx': -1, 'num_queries': 300, 'num_denoising': 100, 'label_noise_ratio': 0.5, 'box_noise_scale': 1.0, 'reg_max': 32, 'reg_scale': 4, 'layer_scale': 1, 'num_points': [6, 6], 'cross_attn_method': 'default', 'query_select_method': 'default', 'activation': 'silu', 'mlp_act': 'silu', 'dim_feedforward': 512}, 'PostProcessor': {'num_top_queries': 300}, 'lrsheduler': 'flatcosine', 'lr_gamma': 1.0, 'warmup_iter': 2000, 'flat_epoch': 64, 'no_aug_epoch': 20, 'DEIMCriterion': {'weight_dict': {'loss_mal': 1, 'loss_bbox': 5, 'loss_giou': 2, 'loss_fgl': 0.15, 'loss_ddf': 1.5}, 'losses': ['mal', 'boxes', 'local'], 'gamma': 1.5, 'alpha': 0.75, 'reg_max': 32, 'matcher': {'type': 'HungarianMatcher', 'weight_dict': {'cost_class': 2, 'cost_bbox': 5, 'cost_giou': 2}, 'alpha': 0.25, 'gamma': 2.0, 'change_matcher': True, 'iou_order_alpha': 4.0, 'matcher_change_epoch': 90}}, '__include__': ['/workspace/midi/DEIMv2/configs/deimv2/deimv2_hgnetv2_n_coco.yml'], 'lr_warmup': {'warmup_iter': 48}, 'tuning': '/workspace/midi/ckpt/deimv2_hgnetv2_n_coco.pth', 'config': '/workspace/midi/deim_configs/deimv2_n_fold2.yml', 'seed': 42, 'test_only': False, 'print_method': 'builtin', 'print_rank': 0}}
        ### Backbone.act: relu ###     
        ### Backbone.act: relu ###     
Loaded stage1 B0 HGNetV2 from local file.
     --- Use Gateway@True ---
     --- Use Share Bbox Head@False ---
     --- Use Share Score Head@False ---
     --- Wide Layer@1 ---
Tuning checkpoint from /workspace/midi/ckpt/deimv2_hgnetv2_n_coco.pth
Load model.state_dict, {'missed': ['decoder.denoising_class_embed.weight'], 'unmatched': ['decoder.enc_score_head.weight', 'decoder.enc_score_head.bias', 'decoder.dec_score_head.0.weight', 'decoder.dec_score_head.0.bias', 'decoder.dec_score_head.1.weight', 'decoder.dec_score_head.1.bias', 'decoder.dec_score_head.2.weight', 'decoder.dec_score_head.2.bias']}
Using the new matching cost with iou_order_alpha = 4.0 at epoch 90
Initial lr: [0.0004, 0.0004, 0.0008, 0.0008]
building train_dataloader with batch_size=4...
     ### Transform @Mosaic ###    
     ### Transform @RandomPhotometricDistort ###    
     ### Transform @RandomZoomOut ###    
     ### Transform @RandomIoUCrop ###    
     ### Transform @SanitizeBoundingBoxes ###    
     ### Transform @RandomHorizontalFlip ###    
     ### Transform @Resize ###    
     ### Transform @SanitizeBoundingBoxes ###    
     ### Transform @ConvertPILImage ###    
     ### Transform @ConvertBoxes ###    
     ### Mosaic with Prob.@0.5 and ZoomOut/IoUCrop existed ### 
     ### ImgTransforms Epochs: [4, 64, 100] ### 
     ### Policy_ops@['Mosaic', 'RandomPhotometricDistort', 'RandomZoomOut', 'RandomIoUCrop'] ###
     ### Using MixUp with Prob@0.5 in [4, 64] epochs ### 
     ### Using CopyBlend-blend with Prob@0.4 in [4, 100] epochs ### 
     ### CopyBlend -- area threshold@100 and num of object@3 ###     
     ### CopyBlend -- expand@[0.1, 0.25] ###     
     ### Multi-scale Training until 100 epochs ### 
     ### Multi-scales@ None ###        
building val_dataloader with batch_size=4...
     ### Transform @Resize ###    
     ### Transform @ConvertPILImage ###    

------------------------------------- Calculate Flops Results -------------------------------------
Notations:
number of parameters (Params), number of multiply-accumulate operations(MACs),
number of floating-point operations (FLOPs), floating-point operations per second (FLOPS),
fwd FLOPs (model forward propagation FLOPs), bwd FLOPs (model backward propagation FLOPs),
default model backpropagation takes 2.00 times as much computation as forward propagation.

Total Training Params:                                                  3.54 M  
fwd MACs:                                                               3.3801 GMACs
fwd FLOPs:                                                              6.8204 GFLOPS
fwd+bwd MACs:                                                           10.1404 GMACs
fwd+bwd FLOPs:                                                          20.4612 GFLOPS
---------------------------------------------------------------------------------------------------
{'Model FLOPs:6.8204 GFLOPS   MACs:3.3801 GMACs   Params:3542191'}
------------------------------------------Start training-------------------------------------------
Index 194: module.decoder.decoder.layers.0.cross_attn.sampling_offsets.bias - requires_grad: True
Index 195: module.decoder.decoder.layers.0.cross_attn.attention_weights.weight - requires_grad: True
     ## Using Self-defined Scheduler-flatcosine ## 
[0.0004, 0.0004, 0.0008, 0.0008] [0.0004, 0.0004, 0.0008, 0.0008] 960 2000 512 160
number of trainable parameters: 3551475
number of non-trainable parameters: 2
Epoch: [0]  [0/8]  eta: 0:00:15  lr: 0.000000  loss: 44.3436 (44.3436)  loss_mal: 2.7070 (2.7070)  loss_bbox: 0.9660 (0.9660)  loss_giou: 0.9160 (0.9160)  loss_fgl: 1.0139 (1.0139)  loss_mal_aux_0: 2.2129 (2.2129)  loss_bbox_aux_0: 0.8895 (0.8895)  loss_giou_aux_0: 0.9349 (0.9349)  loss_fgl_aux_0: 1.0457 (1.0457)  loss_ddf_aux_0: 0.0253 (0.0253)  loss_mal_aux_1: 2.3887 (2.3887)  loss_bbox_aux_1: 0.9846 (0.9846)  loss_giou_aux_1: 0.9329 (0.9329)  loss_fgl_aux_1: 1.0177 (1.0177)  loss_ddf_aux_1: 0.0034 (0.0034)  loss_mal_pre: 2.2461 (2.2461)  loss_bbox_pre: 0.9684 (0.9684)  loss_giou_pre: 0.9631 (0.9631)  loss_mal_enc_0: 1.9990 (1.9990)  loss_bbox_enc_0: 1.1630 (1.1630)  loss_giou_enc_0: 1.0896 (1.0896)  loss_mal_dn_0: 1.2607 (1.2607)  loss_bbox_dn_0: 1.3534 (1.3534)  loss_giou_dn_0: 1.3057 (1.3057)  loss_fgl_dn_0: 1.1257 (1.1257)  loss_ddf_dn_0: 0.0912 (0.0912)  loss_mal_dn_1: 1.6523 (1.6523)  loss_bbox_dn_1: 1.4252 (1.4252)  loss_giou_dn_1: 1.1406 (1.1406)  loss_fgl_dn_1: 1.0773 (1.0773)  loss_ddf_dn_1: 0.0089 (0.0089)  loss_mal_dn_2: 1.9238 (1.9238)  loss_bbox_dn_2: 1.4283 (1.4283)  loss_giou_dn_2: 1.1066 (1.1066)  loss_fgl_dn_2: 1.0774 (1.0774)  loss_mal_dn_pre: 1.2480 (1.2480)  loss_bbox_dn_pre: 1.3373 (1.3373)  loss_giou_dn_pre: 1.3135 (1.3135)  time: 1.9078  data: 0.2790  max mem: 1016
Epoch: [0]  [7/8]  eta: 0:00:00  lr: 0.000000  loss: 44.3436 (44.5847)  loss_mal: 2.6055 (2.5193)  loss_bbox: 0.8875 (0.9428)  loss_giou: 0.8535 (0.9401)  loss_fgl: 1.0139 (1.0296)  loss_mal_aux_0: 2.1719 (2.0962)  loss_bbox_aux_0: 0.8990 (0.9615)  loss_giou_aux_0: 0.8746 (0.9764)  loss_fgl_aux_0: 1.0457 (1.0329)  loss_ddf_aux_0: 0.0165 (0.0211)  loss_mal_aux_1: 2.3594 (2.2506)  loss_bbox_aux_1: 0.9103 (0.9458)  loss_giou_aux_1: 0.8360 (0.9446)  loss_fgl_aux_1: 1.0177 (1.0290)  loss_ddf_aux_1: 0.0020 (0.0025)  loss_mal_pre: 2.1406 (2.0958)  loss_bbox_pre: 0.9385 (0.9799)  loss_giou_pre: 0.8787 (0.9821)  loss_mal_enc_0: 2.0684 (2.0259)  loss_bbox_enc_0: 1.0585 (1.0607)  loss_giou_enc_0: 0.9737 (1.0586)  loss_mal_dn_0: 1.3877 (1.3960)  loss_bbox_dn_0: 1.4993 (1.5650)  loss_giou_dn_0: 1.2086 (1.2318)  loss_fgl_dn_0: 1.1561 (1.1609)  loss_ddf_dn_0: 0.1025 (0.1040)  loss_mal_dn_1: 1.6875 (1.6953)  loss_bbox_dn_1: 1.4894 (1.5350)  loss_giou_dn_1: 1.0865 (1.0989)  loss_fgl_dn_1: 1.0773 (1.0859)  loss_ddf_dn_1: 0.0119 (0.0121)  loss_mal_dn_2: 1.9277 (1.9642)  loss_bbox_dn_2: 1.4520 (1.5076)  loss_giou_dn_2: 1.0590 (1.0647)  loss_fgl_dn_2: 1.0774 (1.0825)  loss_mal_dn_pre: 1.3604 (1.3827)  loss_bbox_dn_pre: 1.4907 (1.5607)  loss_giou_dn_pre: 1.2159 (1.2418)  time: 0.4485  data: 0.0367  max mem: 1024
Epoch: [0] Total time: 0:00:03 (0.4547 s / it)
Averaged stats: lr: 0.000000  loss: 44.3436 (44.5847)  loss_mal: 2.6055 (2.5193)  loss_bbox: 0.8875 (0.9428)  loss_giou: 0.8535 (0.9401)  loss_fgl: 1.0139 (1.0296)  loss_mal_aux_0: 2.1719 (2.0962)  loss_bbox_aux_0: 0.8990 (0.9615)  loss_giou_aux_0: 0.8746 (0.9764)  loss_fgl_aux_0: 1.0457 (1.0329)  loss_ddf_aux_0: 0.0165 (0.0211)  loss_mal_aux_1: 2.3594 (2.2506)  loss_bbox_aux_1: 0.9103 (0.9458)  loss_giou_aux_1: 0.8360 (0.9446)  loss_fgl_aux_1: 1.0177 (1.0290)  loss_ddf_aux_1: 0.0020 (0.0025)  loss_mal_pre: 2.1406 (2.0958)  loss_bbox_pre: 0.9385 (0.9799)  loss_giou_pre: 0.8787 (0.9821)  loss_mal_enc_0: 2.0684 (2.0259)  loss_bbox_enc_0: 1.0585 (1.0607)  loss_giou_enc_0: 0.9737 (1.0586)  loss_mal_dn_0: 1.3877 (1.3960)  loss_bbox_dn_0: 1.4993 (1.5650)  loss_giou_dn_0: 1.2086 (1.2318)  loss_fgl_dn_0: 1.1561 (1.1609)  loss_ddf_dn_0: 0.1025 (0.1040)  loss_mal_dn_1: 1.6875 (1.6953)  loss_bbox_dn_1: 1.4894 (1.5350)  loss_giou_dn_1: 1.0865 (1.0989)  loss_fgl_dn_1: 1.0773 (1.0859)  loss_ddf_dn_1: 0.0119 (0.0121)  loss_mal_dn_2: 1.9277 (1.9642)  loss_bbox_dn_2: 1.4520 (1.5076)  loss_giou_dn_2: 1.0590 (1.0647)  loss_fgl_dn_2: 1.0774 (1.0825)  loss_mal_dn_pre: 1.3604 (1.3827)  loss_bbox_dn_pre: 1.4907 (1.5607)  loss_giou_dn_pre: 1.2159 (1.2418)
Test:  [0/4]  eta: 0:00:01    time: 0.4484  data: 0.3607  max mem: 1024
Test:  [3/4]  eta: 0:00:00    time: 0.1368  data: 0.0921  max mem: 1024
Test: Total time: 0:00:00 (0.1532 s / it)
Averaged stats: 
Accumulating evaluation results...
COCOeval_opt.accumulate() finished...
DONE (t=0.00s).
IoU metric: bbox
 Average Precision  (AP) @[ IoU=0.50:0.95 | area=   all | maxDets=100 ] = 0.000
 Average Precision  (AP) @[ IoU=0.50      | area=   all | maxDets=100 ] = 0.000
 Average Precision  (AP) @[ IoU=0.75      | area=   all | maxDets=100 ] = 0.000
 Average Precision  (AP) @[ IoU=0.50:0.95 | area= small | maxDets=100 ] = -1.000
 Average Precision  (AP) @[ IoU=0.50:0.95 | area=medium | maxDets=100 ] = -1.000
 Average Precision  (AP) @[ IoU=0.50:0.95 | area= large | maxDets=100 ] = 0.000
 Average Recall     (AR) @[ IoU=0.50:0.95 | area=   all | maxDets=  1 ] = 0.000
 Average Recall     (AR) @[ IoU=0.50:0.95 | area=   all | maxDets= 10 ] = 0.000
 Average Recall     (AR) @[ IoU=0.50:0.95 | area=   all | maxDets=100 ] = 0.020
 Average Recall     (AR) @[ IoU=0.50:0.95 | area= small | maxDets=100 ] = -1.000
 Average Recall     (AR) @[ IoU=0.50:0.95 | area=medium | maxDets=100 ] = -1.000
 Average Recall     (AR) @[ IoU=0.50:0.95 | area= large | maxDets=100 ] = 0.020
 Average Recall     (AR) @[ IoU=0.50      | area=   all | maxDets=100 ] = 0.067
 Average Recall     (AR) @[ IoU=0.75      | area=   all | maxDets=100 ] = 0.000
best_stat: {'epoch': 0, 'coco_eval_bbox': 4.3855491524721965e-05}
Epoch: [1]  [0/8]  eta: 0:00:04  lr: 0.000000  loss: 46.2072 (46.2072)  loss_mal: 3.0996 (3.0996)  loss_bbox: 0.9462 (0.9462)  loss_giou: 0.8148 (0.8148)  loss_fgl: 1.1417 (1.1417)  loss_mal_aux_0: 2.6074 (2.6074)  loss_bbox_aux_0: 0.9148 (0.9148)  loss_giou_aux_0: 0.8148 (0.8148)  loss_fgl_aux_0: 1.1873 (1.1873)  loss_ddf_aux_0: 0.0194 (0.0194)  loss_mal_aux_1: 2.7109 (2.7109)  loss_bbox_aux_1: 0.9466 (0.9466)  loss_giou_aux_1: 0.8312 (0.8312)  loss_fgl_aux_1: 1.1335 (1.1335)  loss_ddf_aux_1: 0.0018 (0.0018)  loss_mal_pre: 2.6230 (2.6230)  loss_bbox_pre: 0.8953 (0.8953)  loss_giou_pre: 0.8003 (0.8003)  loss_mal_enc_0: 1.8096 (1.8096)  loss_bbox_enc_0: 1.1257 (1.1257)  loss_giou_enc_0: 1.0089 (1.0089)  loss_mal_dn_0: 1.4502 (1.4502)  loss_bbox_dn_0: 1.5653 (1.5653)  loss_giou_dn_0: 1.2138 (1.2138)  loss_fgl_dn_0: 1.1506 (1.1506)  loss_ddf_dn_0: 0.1286 (0.1286)  loss_mal_dn_1: 1.7637 (1.7637)  loss_bbox_dn_1: 1.5178 (1.5178)  loss_giou_dn_1: 1.0451 (1.0451)  loss_fgl_dn_1: 1.0888 (1.0888)  loss_ddf_dn_1: 0.0163 (0.0163)  loss_mal_dn_2: 2.1035 (2.1035)  loss_bbox_dn_2: 1.4433 (1.4433)  loss_giou_dn_2: 0.9924 (0.9924)  loss_fgl_dn_2: 1.0913 (1.0913)  loss_mal_dn_pre: 1.4521 (1.4521)  loss_bbox_dn_pre: 1.5366 (1.5366)  loss_giou_dn_pre: 1.2148 (1.2148)  time: 0.5191  data: 0.3185  max mem: 1050
Epoch: [1]  [7/8]  eta: 0:00:00  lr: 0.000000  loss: 44.8094 (44.7665)  loss_mal: 2.4355 (2.5542)  loss_bbox: 0.9462 (1.0235)  loss_giou: 0.8148 (0.9537)  loss_fgl: 1.0462 (1.0247)  loss_mal_aux_0: 2.0801 (2.1345)  loss_bbox_aux_0: 0.9148 (1.0286)  loss_giou_aux_0: 0.8148 (0.9797)  loss_fgl_aux_0: 1.0525 (1.0238)  loss_ddf_aux_0: 0.0194 (0.0202)  loss_mal_aux_1: 2.2617 (2.2593)  loss_bbox_aux_1: 0.9466 (1.0269)  loss_giou_aux_1: 0.8312 (0.9561)  loss_fgl_aux_1: 1.0517 (1.0189)  loss_ddf_aux_1: 0.0021 (0.0026)  loss_mal_pre: 2.1992 (2.1428)  loss_bbox_pre: 0.8953 (1.0247)  loss_giou_pre: 0.8003 (0.9724)  loss_mal_enc_0: 1.4404 (1.7417)  loss_bbox_enc_0: 1.1257 (1.1905)  loss_giou_enc_0: 1.0089 (1.0986)  loss_mal_dn_0: 1.4434 (1.4384)  loss_bbox_dn_0: 1.4440 (1.5127)  loss_giou_dn_0: 1.2138 (1.2207)  loss_fgl_dn_0: 1.1506 (1.1632)  loss_ddf_dn_0: 0.1086 (0.1114)  loss_mal_dn_1: 1.7598 (1.7405)  loss_bbox_dn_1: 1.4433 (1.4614)  loss_giou_dn_1: 1.0600 (1.0857)  loss_fgl_dn_1: 1.0888 (1.0953)  loss_ddf_dn_1: 0.0125 (0.0132)  loss_mal_dn_2: 1.9600 (2.0111)  loss_bbox_dn_2: 1.4232 (1.4293)  loss_giou_dn_2: 1.0271 (1.0495)  loss_fgl_dn_2: 1.0913 (1.0941)  loss_mal_dn_pre: 1.4297 (1.4288)  loss_bbox_dn_pre: 1.4445 (1.5062)  loss_giou_dn_pre: 1.2148 (1.2274)  time: 0.1968  data: 0.0414  max mem: 1050
Epoch: [1] Total time: 0:00:01 (0.2052 s / it)
Averaged stats: lr: 0.000000  loss: 44.8094 (44.7665)  loss_mal: 2.4355 (2.5542)  loss_bbox: 0.9462 (1.0235)  loss_giou: 0.8148 (0.9537)  loss_fgl: 1.0462 (1.0247)  loss_mal_aux_0: 2.0801 (2.1345)  loss_bbox_aux_0: 0.9148 (1.0286)  loss_giou_aux_0: 0.8148 (0.9797)  loss_fgl_aux_0: 1.0525 (1.0238)  loss_ddf_aux_0: 0.0194 (0.0202)  loss_mal_aux_1: 2.2617 (2.2593)  loss_bbox_aux_1: 0.9466 (1.0269)  loss_giou_aux_1: 0.8312 (0.9561)  loss_fgl_aux_1: 1.0517 (1.0189)  loss_ddf_aux_1: 0.0021 (0.0026)  loss_mal_pre: 2.1992 (2.1428)  loss_bbox_pre: 0.8953 (1.0247)  loss_giou_pre: 0.8003 (0.9724)  loss_mal_enc_0: 1.4404 (1.7417)  loss_bbox_enc_0: 1.1257 (1.1905)  loss_giou_enc_0: 1.0089 (1.0986)  loss_mal_dn_0: 1.4434 (1.4384)  loss_bbox_dn_0: 1.4440 (1.5127)  loss_giou_dn_0: 1.2138 (1.2207)  loss_fgl_dn_0: 1.1506 (1.1632)  loss_ddf_dn_0: 0.1086 (0.1114)  loss_mal_dn_1: 1.7598 (1.7405)  loss_bbox_dn_1: 1.4433 (1.4614)  loss_giou_dn_1: 1.0600 (1.0857)  loss_fgl_dn_1: 1.0888 (1.0953)  loss_ddf_dn_1: 0.0125 (0.0132)  loss_mal_dn_2: 1.9600 (2.0111)  loss_bbox_dn_2: 1.4232 (1.4293)  loss_giou_dn_2: 1.0271 (1.0495)  loss_fgl_dn_2: 1.0913 (1.0941)  loss_mal_dn_pre: 1.4297 (1.4288)  loss_bbox_dn_pre: 1.4445 (1.5062)  loss_giou_dn_pre: 1.2148 (1.2274)
Test:  [0/4]  eta: 0:00:01    time: 0.3846  data: 0.3400  max mem: 1050
Test:  [3/4]  eta: 0:00:00    time: 0.1342  data: 0.0869  max mem: 1050
Test: Total time: 0:00:00 (0.1569 s / it)
Averaged stats: 
Accumulating evaluation results...
COCOeval_opt.accumulate() finished...
DONE (t=0.00s).
IoU metric: bbox
 Average Precision  (AP) @[ IoU=0.50:0.95 | area=   all | maxDets=100 ] = 0.000
 Average Precision  (AP) @[ IoU=0.50      | area=   all | maxDets=100 ] = 0.000
 Average Precision  (AP) @[ IoU=0.75      | area=   all | maxDets=100 ] = 0.000
 Average Precision  (AP) @[ IoU=0.50:0.95 | area= small | maxDets=100 ] = -1.000
 Average Precision  (AP) @[ IoU=0.50:0.95 | area=medium | maxDets=100 ] = -1.000
 Average Precision  (AP) @[ IoU=0.50:0.95 | area= large | maxDets=100 ] = 0.000
 Average Recall     (AR) @[ IoU=0.50:0.95 | area=   all | maxDets=  1 ] = 0.000
 Average Recall     (AR) @[ IoU=0.50:0.95 | area=   all | maxDets= 10 ] = 0.000
 Average Recall     (AR) @[ IoU=0.50:0.95 | area=   all | maxDets=100 ] = 0.017
 Average Recall     (AR) @[ IoU=0.50:0.95 | area= small | maxDets=100 ] = -1.000
 Average Recall     (AR) @[ IoU=0.50:0.95 | area=medium | maxDets=100 ] = -1.000
 Average Recall     (AR) @[ IoU=0.50:0.95 | area= large | maxDets=100 ] = 0.017
 Average Recall     (AR) @[ IoU=0.50      | area=   all | maxDets=100 ] = 0.100
 Average Recall     (AR) @[ IoU=0.75      | area=   all | maxDets=100 ] = 0.000
best_stat: {'epoch': 0, 'coco_eval_bbox': 4.3855491524721965e-05}
Epoch: [2]  [0/8]  eta: 0:00:04  lr: 0.000000  loss: 44.7143 (44.7143)  loss_mal: 1.6230 (1.6230)  loss_bbox: 1.5124 (1.5124)  loss_giou: 1.5308 (1.5308)  loss_fgl: 0.7011 (0.7011)  loss_mal_aux_0: 1.3408 (1.3408)  loss_bbox_aux_0: 1.4947 (1.4947)  loss_giou_aux_0: 1.5378 (1.5378)  loss_fgl_aux_0: 0.6927 (0.6927)  loss_ddf_aux_0: 0.0085 (0.0085)  loss_mal_aux_1: 1.5645 (1.5645)  loss_bbox_aux_1: 1.4967 (1.4967)  loss_giou_aux_1: 1.5212 (1.5212)  loss_fgl_aux_1: 0.7089 (0.7089)  loss_ddf_aux_1: 0.0007 (0.0007)  loss_mal_pre: 1.2998 (1.2998)  loss_bbox_pre: 1.4750 (1.4750)  loss_giou_pre: 1.5276 (1.5276)  loss_mal_enc_0: 1.2275 (1.2275)  loss_bbox_enc_0: 1.5174 (1.5174)  loss_giou_enc_0: 1.5365 (1.5365)  loss_mal_dn_0: 1.2441 (1.2441)  loss_bbox_dn_0: 1.5837 (1.5837)  loss_giou_dn_0: 1.3207 (1.3207)  loss_fgl_dn_0: 1.1478 (1.1478)  loss_ddf_dn_0: 0.0852 (0.0852)  loss_mal_dn_1: 1.4658 (1.4658)  loss_bbox_dn_1: 1.5802 (1.5802)  loss_giou_dn_1: 1.2181 (1.2181)  loss_fgl_dn_1: 1.0806 (1.0806)  loss_ddf_dn_1: 0.0099 (0.0099)  loss_mal_dn_2: 1.6846 (1.6846)  loss_bbox_dn_2: 1.5537 (1.5537)  loss_giou_dn_2: 1.1863 (1.1863)  loss_fgl_dn_2: 1.0832 (1.0832)  loss_mal_dn_pre: 1.2363 (1.2363)  loss_bbox_dn_pre: 1.5973 (1.5973)  loss_giou_dn_pre: 1.3191 (1.3191)  time: 0.5034  data: 0.3404  max mem: 1050
Epoch: [2]  [7/8]  eta: 0:00:00  lr: 0.000000  loss: 44.7143 (44.9517)  loss_mal: 2.4199 (2.4968)  loss_bbox: 1.0097 (1.0706)  loss_giou: 0.9637 (0.9899)  loss_fgl: 1.0805 (1.0447)  loss_mal_aux_0: 2.0605 (2.0739)  loss_bbox_aux_0: 1.0425 (1.1017)  loss_giou_aux_0: 0.9878 (1.0157)  loss_fgl_aux_0: 1.0564 (1.0357)  loss_ddf_aux_0: 0.0179 (0.0176)  loss_mal_aux_1: 2.0918 (2.2318)  loss_bbox_aux_1: 1.0212 (1.0819)  loss_giou_aux_1: 0.9726 (0.9994)  loss_fgl_aux_1: 1.0751 (1.0409)  loss_ddf_aux_1: 0.0016 (0.0019)  loss_mal_pre: 1.9854 (2.0455)  loss_bbox_pre: 1.0354 (1.0913)  loss_giou_pre: 0.9826 (1.0113)  loss_mal_enc_0: 1.7959 (1.8171)  loss_bbox_enc_0: 1.1546 (1.1796)  loss_giou_enc_0: 1.0977 (1.1298)  loss_mal_dn_0: 1.3936 (1.4088)  loss_bbox_dn_0: 1.5081 (1.5043)  loss_giou_dn_0: 1.2227 (1.2319)  loss_fgl_dn_0: 1.1598 (1.1625)  loss_ddf_dn_0: 0.1067 (0.1074)  loss_mal_dn_1: 1.6709 (1.6964)  loss_bbox_dn_1: 1.4887 (1.4467)  loss_giou_dn_1: 1.0906 (1.0986)  loss_fgl_dn_1: 1.0806 (1.0970)  loss_ddf_dn_1: 0.0126 (0.0125)  loss_mal_dn_2: 1.9746 (2.0012)  loss_bbox_dn_2: 1.4056 (1.4092)  loss_giou_dn_2: 1.0639 (1.0589)  loss_fgl_dn_2: 1.0857 (1.0985)  loss_mal_dn_pre: 1.3740 (1.4023)  loss_bbox_dn_pre: 1.4973 (1.5042)  loss_giou_dn_pre: 1.2290 (1.2340)  time: 0.1899  data: 0.0452  max mem: 1050
Epoch: [2] Total time: 0:00:01 (0.1965 s / it)
Averaged stats: lr: 0.000000  loss: 44.7143 (44.9517)  loss_mal: 2.4199 (2.4968)  loss_bbox: 1.0097 (1.0706)  loss_giou: 0.9637 (0.9899)  loss_fgl: 1.0805 (1.0447)  loss_mal_aux_0: 2.0605 (2.0739)  loss_bbox_aux_0: 1.0425 (1.1017)  loss_giou_aux_0: 0.9878 (1.0157)  loss_fgl_aux_0: 1.0564 (1.0357)  loss_ddf_aux_0: 0.0179 (0.0176)  loss_mal_aux_1: 2.0918 (2.2318)  loss_bbox_aux_1: 1.0212 (1.0819)  loss_giou_aux_1: 0.9726 (0.9994)  loss_fgl_aux_1: 1.0751 (1.0409)  loss_ddf_aux_1: 0.0016 (0.0019)  loss_mal_pre: 1.9854 (2.0455)  loss_bbox_pre: 1.0354 (1.0913)  loss_giou_pre: 0.9826 (1.0113)  loss_mal_enc_0: 1.7959 (1.8171)  loss_bbox_enc_0: 1.1546 (1.1796)  loss_giou_enc_0: 1.0977 (1.1298)  loss_mal_dn_0: 1.3936 (1.4088)  loss_bbox_dn_0: 1.5081 (1.5043)  loss_giou_dn_0: 1.2227 (1.2319)  loss_fgl_dn_0: 1.1598 (1.1625)  loss_ddf_dn_0: 0.1067 (0.1074)  loss_mal_dn_1: 1.6709 (1.6964)  loss_bbox_dn_1: 1.4887 (1.4467)  loss_giou_dn_1: 1.0906 (1.0986)  loss_fgl_dn_1: 1.0806 (1.0970)  loss_ddf_dn_1: 0.0126 (0.0125)  loss_mal_dn_2: 1.9746 (2.0012)  loss_bbox_dn_2: 1.4056 (1.4092)  loss_giou_dn_2: 1.0639 (1.0589)  loss_fgl_dn_2: 1.0857 (1.0985)  loss_mal_dn_pre: 1.3740 (1.4023)  loss_bbox_dn_pre: 1.4973 (1.5042)  loss_giou_dn_pre: 1.2290 (1.2340)
Test:  [0/4]  eta: 0:00:01    time: 0.3439  data: 0.3086  max mem: 1050
Test:  [3/4]  eta: 0:00:00    time: 0.1013  data: 0.0790  max mem: 1050
Test: Total time: 0:00:00 (0.1233 s / it)
Averaged stats: 
Accumulating evaluation results...
COCOeval_opt.accumulate() finished...
DONE (t=0.00s).
IoU metric: bbox
 Average Precision  (AP) @[ IoU=0.50:0.95 | area=   all | maxDets=100 ] = 0.000
 Average Precision  (AP) @[ IoU=0.50      | area=   all | maxDets=100 ] = 0.000
 Average Precision  (AP) @[ IoU=0.75      | area=   all | maxDets=100 ] = 0.000
 Average Precision  (AP) @[ IoU=0.50:0.95 | area= small | maxDets=100 ] = -1.000
 Average Precision  (AP) @[ IoU=0.50:0.95 | area=medium | maxDets=100 ] = -1.000
 Average Precision  (AP) @[ IoU=0.50:0.95 | area= large | maxDets=100 ] = 0.000
 Average Recall     (AR) @[ IoU=0.50:0.95 | area=   all | maxDets=  1 ] = 0.000
 Average Recall     (AR) @[ IoU=0.50:0.95 | area=   all | maxDets= 10 ] = 0.000
 Average Recall     (AR) @[ IoU=0.50:0.95 | area=   all | maxDets=100 ] = 0.000
 Average Recall     (AR) @[ IoU=0.50:0.95 | area= small | maxDets=100 ] = -1.000
 Average Recall     (AR) @[ IoU=0.50:0.95 | area=medium | maxDets=100 ] = -1.000
 Average Recall     (AR) @[ IoU=0.50:0.95 | area= large | maxDets=100 ] = 0.000
 Average Recall     (AR) @[ IoU=0.50      | area=   all | maxDets=100 ] = 0.000
 Average Recall     (AR) @[ IoU=0.75      | area=   all | maxDets=100 ] = 0.000
best_stat: {'epoch': 0, 'coco_eval_bbox': 4.3855491524721965e-05}
Epoch: [3]  [0/8]  eta: 0:00:03  lr: 0.000000  loss: 46.0521 (46.0521)  loss_mal: 2.3789 (2.3789)  loss_bbox: 1.4692 (1.4692)  loss_giou: 1.1462 (1.1462)  loss_fgl: 0.9632 (0.9632)  loss_mal_aux_0: 1.9619 (1.9619)  loss_bbox_aux_0: 1.4603 (1.4603)  loss_giou_aux_0: 1.1528 (1.1528)  loss_fgl_aux_0: 0.9776 (0.9776)  loss_ddf_aux_0: 0.0150 (0.0150)  loss_mal_aux_1: 2.0332 (2.0332)  loss_bbox_aux_1: 1.4897 (1.4897)  loss_giou_aux_1: 1.1697 (1.1697)  loss_fgl_aux_1: 0.9548 (0.9548)  loss_ddf_aux_1: 0.0020 (0.0020)  loss_mal_pre: 1.9570 (1.9570)  loss_bbox_pre: 1.4781 (1.4781)  loss_giou_pre: 1.1605 (1.1605)  loss_mal_enc_0: 1.9023 (1.9023)  loss_bbox_enc_0: 1.3752 (1.3752)  loss_giou_enc_0: 1.1952 (1.1952)  loss_mal_dn_0: 1.4062 (1.4062)  loss_bbox_dn_0: 1.4109 (1.4109)  loss_giou_dn_0: 1.2195 (1.2195)  loss_fgl_dn_0: 1.0883 (1.0883)  loss_ddf_dn_0: 0.0831 (0.0831)  loss_mal_dn_1: 1.5977 (1.5977)  loss_bbox_dn_1: 1.4304 (1.4304)  loss_giou_dn_1: 1.1565 (1.1565)  loss_fgl_dn_1: 1.0092 (1.0092)  loss_ddf_dn_1: 0.0103 (0.0103)  loss_mal_dn_2: 1.8662 (1.8662)  loss_bbox_dn_2: 1.3704 (1.3704)  loss_giou_dn_2: 1.1138 (1.1138)  loss_fgl_dn_2: 1.0186 (1.0186)  loss_mal_dn_pre: 1.3945 (1.3945)  loss_bbox_dn_pre: 1.4080 (1.4080)  loss_giou_dn_pre: 1.2253 (1.2253)  time: 0.4372  data: 0.3249  max mem: 1050
Epoch: [3]  [7/8]  eta: 0:00:00  lr: 0.000000  loss: 44.4508 (44.9021)  loss_mal: 2.3789 (2.3608)  loss_bbox: 1.2694 (1.1798)  loss_giou: 1.0131 (1.0102)  loss_fgl: 0.9914 (1.0089)  loss_mal_aux_0: 1.9570 (1.8623)  loss_bbox_aux_0: 1.2236 (1.2134)  loss_giou_aux_0: 1.1090 (1.0606)  loss_fgl_aux_0: 0.9810 (1.0106)  loss_ddf_aux_0: 0.0150 (0.0197)  loss_mal_aux_1: 2.0332 (2.0316)  loss_bbox_aux_1: 1.2617 (1.2018)  loss_giou_aux_1: 1.0171 (1.0240)  loss_fgl_aux_1: 0.9907 (1.0058)  loss_ddf_aux_1: 0.0019 (0.0022)  loss_mal_pre: 1.9424 (1.8618)  loss_bbox_pre: 1.2204 (1.2251)  loss_giou_pre: 1.1106 (1.0693)  loss_mal_enc_0: 1.9023 (1.7933)  loss_bbox_enc_0: 1.2923 (1.2996)  loss_giou_enc_0: 1.1344 (1.1556)  loss_mal_dn_0: 1.3896 (1.4092)  loss_bbox_dn_0: 1.4336 (1.5282)  loss_giou_dn_0: 1.2195 (1.2346)  loss_fgl_dn_0: 1.1008 (1.1337)  loss_ddf_dn_0: 0.1094 (0.1056)  loss_mal_dn_1: 1.5977 (1.6659)  loss_bbox_dn_1: 1.4304 (1.5152)  loss_giou_dn_1: 1.0743 (1.1204)  loss_fgl_dn_1: 1.0320 (1.0580)  loss_ddf_dn_1: 0.0114 (0.0127)  loss_mal_dn_2: 1.8662 (1.9397)  loss_bbox_dn_2: 1.3704 (1.4711)  loss_giou_dn_2: 1.0152 (1.0815)  loss_fgl_dn_2: 1.0374 (1.0612)  loss_mal_dn_pre: 1.3672 (1.4004)  loss_bbox_dn_pre: 1.4202 (1.5276)  loss_giou_dn_pre: 1.2253 (1.2406)  time: 0.1358  data: 0.0433  max mem: 1050
Epoch: [3] Total time: 0:00:01 (0.1446 s / it)
Averaged stats: lr: 0.000000  loss: 44.4508 (44.9021)  loss_mal: 2.3789 (2.3608)  loss_bbox: 1.2694 (1.1798)  loss_giou: 1.0131 (1.0102)  loss_fgl: 0.9914 (1.0089)  loss_mal_aux_0: 1.9570 (1.8623)  loss_bbox_aux_0: 1.2236 (1.2134)  loss_giou_aux_0: 1.1090 (1.0606)  loss_fgl_aux_0: 0.9810 (1.0106)  loss_ddf_aux_0: 0.0150 (0.0197)  loss_mal_aux_1: 2.0332 (2.0316)  loss_bbox_aux_1: 1.2617 (1.2018)  loss_giou_aux_1: 1.0171 (1.0240)  loss_fgl_aux_1: 0.9907 (1.0058)  loss_ddf_aux_1: 0.0019 (0.0022)  loss_mal_pre: 1.9424 (1.8618)  loss_bbox_pre: 1.2204 (1.2251)  loss_giou_pre: 1.1106 (1.0693)  loss_mal_enc_0: 1.9023 (1.7933)  loss_bbox_enc_0: 1.2923 (1.2996)  loss_giou_enc_0: 1.1344 (1.1556)  loss_mal_dn_0: 1.3896 (1.4092)  loss_bbox_dn_0: 1.4336 (1.5282)  loss_giou_dn_0: 1.2195 (1.2346)  loss_fgl_dn_0: 1.1008 (1.1337)  loss_ddf_dn_0: 0.1094 (0.1056)  loss_mal_dn_1: 1.5977 (1.6659)  loss_bbox_dn_1: 1.4304 (1.5152)  loss_giou_dn_1: 1.0743 (1.1204)  loss_fgl_dn_1: 1.0320 (1.0580)  loss_ddf_dn_1: 0.0114 (0.0127)  loss_mal_dn_2: 1.8662 (1.9397)  loss_bbox_dn_2: 1.3704 (1.4711)  loss_giou_dn_2: 1.0152 (1.0815)  loss_fgl_dn_2: 1.0374 (1.0612)  loss_mal_dn_pre: 1.3672 (1.4004)  loss_bbox_dn_pre: 1.4202 (1.5276)  loss_giou_dn_pre: 1.2253 (1.2406)
Test:  [0/4]  eta: 0:00:01    time: 0.3416  data: 0.3205  max mem: 1050
Test:  [3/4]  eta: 0:00:00    time: 0.0973  data: 0.0823  max mem: 1050
Test: Total time: 0:00:00 (0.1153 s / it)
Averaged stats: 
Accumulating evaluation results...
COCOeval_opt.accumulate() finished...
DONE (t=0.00s).
IoU metric: bbox
 Average Precision  (AP) @[ IoU=0.50:0.95 | area=   all | maxDets=100 ] = 0.000
 Average Precision  (AP) @[ IoU=0.50      | area=   all | maxDets=100 ] = 0.000
 Average Precision  (AP) @[ IoU=0.75      | area=   all | maxDets=100 ] = 0.000
 Average Precision  (AP) @[ IoU=0.50:0.95 | area= small | maxDets=100 ] = -1.000
 Average Precision  (AP) @[ IoU=0.50:0.95 | area=medium | maxDets=100 ] = -1.000
 Average Precision  (AP) @[ IoU=0.50:0.95 | area= large | maxDets=100 ] = 0.000
 Average Recall     (AR) @[ IoU=0.50:0.95 | area=   all | maxDets=  1 ] = 0.000
 Average Recall     (AR) @[ IoU=0.50:0.95 | area=   all | maxDets= 10 ] = 0.000
 Average Recall     (AR) @[ IoU=0.50:0.95 | area=   all | maxDets=100 ] = 0.023
 Average Recall     (AR) @[ IoU=0.50:0.95 | area= small | maxDets=100 ] = -1.000
 Average Recall     (AR) @[ IoU=0.50:0.95 | area=medium | maxDets=100 ] = -1.000
 Average Recall     (AR) @[ IoU=0.50:0.95 | area= large | maxDets=100 ] = 0.023
 Average Recall     (AR) @[ IoU=0.50      | area=   all | maxDets=100 ] = 0.033
 Average Recall     (AR) @[ IoU=0.75      | area=   all | maxDets=100 ] = 0.033
best_stat: {'epoch': 0, 'coco_eval_bbox': 4.3855491524721965e-05}
Epoch: [4]  [0/8]  eta: 0:00:07  lr: 0.000000  loss: 40.4628 (40.4628)  loss_mal: 1.8721 (1.8721)  loss_bbox: 0.9490 (0.9490)  loss_giou: 1.0709 (1.0709)  loss_fgl: 1.0423 (1.0423)  loss_mal_aux_0: 1.6699 (1.6699)  loss_bbox_aux_0: 0.9405 (0.9405)  loss_giou_aux_0: 1.0927 (1.0927)  loss_fgl_aux_0: 1.0236 (1.0236)  loss_ddf_aux_0: 0.0277 (0.0277)  loss_mal_aux_1: 1.7734 (1.7734)  loss_bbox_aux_1: 0.9460 (0.9460)  loss_giou_aux_1: 1.0710 (1.0710)  loss_fgl_aux_1: 1.0434 (1.0434)  loss_ddf_aux_1: 0.0022 (0.0022)  loss_mal_pre: 1.6660 (1.6660)  loss_bbox_pre: 0.9413 (0.9413)  loss_giou_pre: 1.0951 (1.0951)  loss_mal_enc_0: 1.4443 (1.4443)  loss_bbox_enc_0: 1.0191 (1.0191)  loss_giou_enc_0: 1.2433 (1.2433)  loss_mal_dn_0: 1.3506 (1.3506)  loss_bbox_dn_0: 1.0662 (1.0662)  loss_giou_dn_0: 1.2532 (1.2532)  loss_fgl_dn_0: 1.1096 (1.1096)  loss_ddf_dn_0: 0.1252 (0.1252)  loss_mal_dn_1: 1.7900 (1.7900)  loss_bbox_dn_1: 0.8917 (0.8917)  loss_giou_dn_1: 1.0658 (1.0658)  loss_fgl_dn_1: 1.0992 (1.0992)  loss_ddf_dn_1: 0.0138 (0.0138)  loss_mal_dn_2: 2.0664 (2.0664)  loss_bbox_dn_2: 0.9002 (0.9002)  loss_giou_dn_2: 1.0320 (1.0320)  loss_fgl_dn_2: 1.0863 (1.0863)  loss_mal_dn_pre: 1.3691 (1.3691)  loss_bbox_dn_pre: 1.0636 (1.0636)  loss_giou_dn_pre: 1.2460 (1.2460)  time: 0.9760  data: 0.8610  max mem: 1050
Epoch: [4]  [7/8]  eta: 0:00:00  lr: 0.000000  loss: 38.8414 (38.4948)  loss_mal: 1.5381 (1.5951)  loss_bbox: 0.8777 (0.8746)  loss_giou: 1.4374 (1.4189)  loss_fgl: 0.6161 (0.7574)  loss_mal_aux_0: 1.2568 (1.3090)  loss_bbox_aux_0: 0.8706 (0.8859)  loss_giou_aux_0: 1.4562 (1.4363)  loss_fgl_aux_0: 0.5971 (0.7450)  loss_ddf_aux_0: 0.0169 (0.0192)  loss_mal_aux_1: 1.3145 (1.4149)  loss_bbox_aux_1: 0.8794 (0.8729)  loss_giou_aux_1: 1.4310 (1.4177)  loss_fgl_aux_1: 0.6096 (0.7581)  loss_ddf_aux_1: 0.0014 (0.0019)  loss_mal_pre: 1.2412 (1.3063)  loss_bbox_pre: 0.8741 (0.8881)  loss_giou_pre: 1.4515 (1.4380)  loss_mal_enc_0: 1.1299 (1.2025)  loss_bbox_enc_0: 0.8950 (0.9228)  loss_giou_enc_0: 1.5301 (1.5129)  loss_mal_dn_0: 1.3506 (1.3932)  loss_bbox_dn_0: 0.7974 (0.8462)  loss_giou_dn_0: 1.2487 (1.2425)  loss_fgl_dn_0: 1.0880 (1.1017)  loss_ddf_dn_0: 0.1057 (0.1195)  loss_mal_dn_1: 1.7148 (1.7378)  loss_bbox_dn_1: 0.7355 (0.7483)  loss_giou_dn_1: 1.0658 (1.1087)  loss_fgl_dn_1: 1.0298 (1.0598)  loss_ddf_dn_1: 0.0118 (0.0125)  loss_mal_dn_2: 1.9980 (2.0076)  loss_bbox_dn_2: 0.7411 (0.7290)  loss_giou_dn_2: 1.0320 (1.0718)  loss_fgl_dn_2: 1.0407 (1.0588)  loss_mal_dn_pre: 1.3643 (1.3929)  loss_bbox_dn_pre: 0.7900 (0.8428)  loss_giou_dn_pre: 1.2460 (1.2440)  time: 0.2502  data: 0.1091  max mem: 1050
Epoch: [4] Total time: 0:00:02 (0.2578 s / it)
Averaged stats: lr: 0.000000  loss: 38.8414 (38.4948)  loss_mal: 1.5381 (1.5951)  loss_bbox: 0.8777 (0.8746)  loss_giou: 1.4374 (1.4189)  loss_fgl: 0.6161 (0.7574)  loss_mal_aux_0: 1.2568 (1.3090)  loss_bbox_aux_0: 0.8706 (0.8859)  loss_giou_aux_0: 1.4562 (1.4363)  loss_fgl_aux_0: 0.5971 (0.7450)  loss_ddf_aux_0: 0.0169 (0.0192)  loss_mal_aux_1: 1.3145 (1.4149)  loss_bbox_aux_1: 0.8794 (0.8729)  loss_giou_aux_1: 1.4310 (1.4177)  loss_fgl_aux_1: 0.6096 (0.7581)  loss_ddf_aux_1: 0.0014 (0.0019)  loss_mal_pre: 1.2412 (1.3063)  loss_bbox_pre: 0.8741 (0.8881)  loss_giou_pre: 1.4515 (1.4380)  loss_mal_enc_0: 1.1299 (1.2025)  loss_bbox_enc_0: 0.8950 (0.9228)  loss_giou_enc_0: 1.5301 (1.5129)  loss_mal_dn_0: 1.3506 (1.3932)  loss_bbox_dn_0: 0.7974 (0.8462)  loss_giou_dn_0: 1.2487 (1.2425)  loss_fgl_dn_0: 1.0880 (1.1017)  loss_ddf_dn_0: 0.1057 (0.1195)  loss_mal_dn_1: 1.7148 (1.7378)  loss_bbox_dn_1: 0.7355 (0.7483)  loss_giou_dn_1: 1.0658 (1.1087)  loss_fgl_dn_1: 1.0298 (1.0598)  loss_ddf_dn_1: 0.0118 (0.0125)  loss_mal_dn_2: 1.9980 (2.0076)  loss_bbox_dn_2: 0.7411 (0.7290)  loss_giou_dn_2: 1.0320 (1.0718)  loss_fgl_dn_2: 1.0407 (1.0588)  loss_mal_dn_pre: 1.3643 (1.3929)  loss_bbox_dn_pre: 0.7900 (0.8428)  loss_giou_dn_pre: 1.2460 (1.2440)
Test:  [0/4]  eta: 0:00:01    time: 0.3598  data: 0.3381  max mem: 1050
Test:  [3/4]  eta: 0:00:00    time: 0.1044  data: 0.0870  max mem: 1050
Test: Total time: 0:00:00 (0.1275 s / it)
Averaged stats: 
Accumulating evaluation results...
COCOeval_opt.accumulate() finished...
DONE (t=0.00s).
IoU metric: bbox
 Average Precision  (AP) @[ IoU=0.50:0.95 | area=   all | maxDets=100 ] = 0.000
 Average Precision  (AP) @[ IoU=0.50      | area=   all | maxDets=100 ] = 0.000
 Average Precision  (AP) @[ IoU=0.75      | area=   all | maxDets=100 ] = 0.000
 Average Precision  (AP) @[ IoU=0.50:0.95 | area= small | maxDets=100 ] = -1.000
 Average Precision  (AP) @[ IoU=0.50:0.95 | area=medium | maxDets=100 ] = -1.000
 Average Precision  (AP) @[ IoU=0.50:0.95 | area= large | maxDets=100 ] = 0.000
 Average Recall     (AR) @[ IoU=0.50:0.95 | area=   all | maxDets=  1 ] = 0.000
 Average Recall     (AR) @[ IoU=0.50:0.95 | area=   all | maxDets= 10 ] = 0.000
 Average Recall     (AR) @[ IoU=0.50:0.95 | area=   all | maxDets=100 ] = 0.007
 Average Recall     (AR) @[ IoU=0.50:0.95 | area= small | maxDets=100 ] = -1.000
 Average Recall     (AR) @[ IoU=0.50:0.95 | area=medium | maxDets=100 ] = -1.000
 Average Recall     (AR) @[ IoU=0.50:0.95 | area= large | maxDets=100 ] = 0.007
 Average Recall     (AR) @[ IoU=0.50      | area=   all | maxDets=100 ] = 0.033
 Average Recall     (AR) @[ IoU=0.75      | area=   all | maxDets=100 ] = 0.000
best_stat: {'epoch': 0, 'coco_eval_bbox': 4.3855491524721965e-05}
Epoch: [5]  [0/8]  eta: 0:00:05  lr: 0.000000  loss: 41.2985 (41.2985)  loss_mal: 1.9453 (1.9453)  loss_bbox: 0.9180 (0.9180)  loss_giou: 1.2088 (1.2088)  loss_fgl: 0.9284 (0.9284)  loss_mal_aux_0: 1.6182 (1.6182)  loss_bbox_aux_0: 0.9444 (0.9444)  loss_giou_aux_0: 1.2475 (1.2475)  loss_fgl_aux_0: 0.9199 (0.9199)  loss_ddf_aux_0: 0.0532 (0.0532)  loss_mal_aux_1: 1.7402 (1.7402)  loss_bbox_aux_1: 0.9209 (0.9209)  loss_giou_aux_1: 1.2119 (1.2119)  loss_fgl_aux_1: 0.9261 (0.9261)  loss_ddf_aux_1: 0.0036 (0.0036)  loss_mal_pre: 1.5928 (1.5928)  loss_bbox_pre: 0.9393 (0.9393)  loss_giou_pre: 1.2520 (1.2520)  loss_mal_enc_0: 1.4209 (1.4209)  loss_bbox_enc_0: 1.0426 (1.0426)  loss_giou_enc_0: 1.3687 (1.3687)  loss_mal_dn_0: 1.2910 (1.2910)  loss_bbox_dn_0: 1.2379 (1.2379)  loss_giou_dn_0: 1.3184 (1.3184)  loss_fgl_dn_0: 1.1885 (1.1885)  loss_ddf_dn_0: 0.2421 (0.2421)  loss_mal_dn_1: 1.5254 (1.5254)  loss_bbox_dn_1: 1.0656 (1.0656)  loss_giou_dn_1: 1.2123 (1.2123)  loss_fgl_dn_1: 1.0746 (1.0746)  loss_ddf_dn_1: 0.0190 (0.0190)  loss_mal_dn_2: 1.7695 (1.7695)  loss_bbox_dn_2: 1.0288 (1.0288)  loss_giou_dn_2: 1.1743 (1.1743)  loss_fgl_dn_2: 1.0796 (1.0796)  loss_mal_dn_pre: 1.2812 (1.2812)  loss_bbox_dn_pre: 1.2572 (1.2572)  loss_giou_dn_pre: 1.3302 (1.3302)  time: 0.6726  data: 0.4639  max mem: 1050
Epoch: [5]  [7/8]  eta: 0:00:00  lr: 0.000000  loss: 39.8947 (40.2018)  loss_mal: 1.7188 (1.8267)  loss_bbox: 0.9109 (0.9214)  loss_giou: 1.2178 (1.3052)  loss_fgl: 0.8557 (0.8689)  loss_mal_aux_0: 1.4043 (1.5051)  loss_bbox_aux_0: 0.9228 (0.9302)  loss_giou_aux_0: 1.2475 (1.3348)  loss_fgl_aux_0: 0.8355 (0.8570)  loss_ddf_aux_0: 0.0254 (0.0324)  loss_mal_aux_1: 1.4961 (1.6039)  loss_bbox_aux_1: 0.9049 (0.9247)  loss_giou_aux_1: 1.2265 (1.3092)  loss_fgl_aux_1: 0.8535 (0.8651)  loss_ddf_aux_1: 0.0025 (0.0026)  loss_mal_pre: 1.4590 (1.5145)  loss_bbox_pre: 0.9239 (0.9273)  loss_giou_pre: 1.2520 (1.3338)  loss_mal_enc_0: 1.3604 (1.4083)  loss_bbox_enc_0: 1.0224 (1.0158)  loss_giou_enc_0: 1.3687 (1.4224)  loss_mal_dn_0: 1.2910 (1.3113)  loss_bbox_dn_0: 0.9059 (1.0491)  loss_giou_dn_0: 1.2860 (1.2893)  loss_fgl_dn_0: 1.1312 (1.1360)  loss_ddf_dn_0: 0.1889 (0.1775)  loss_mal_dn_1: 1.5508 (1.5710)  loss_bbox_dn_1: 0.8121 (0.9320)  loss_giou_dn_1: 1.1683 (1.1807)  loss_fgl_dn_1: 1.0746 (1.0610)  loss_ddf_dn_1: 0.0160 (0.0158)  loss_mal_dn_2: 1.7695 (1.8010)  loss_bbox_dn_2: 0.8007 (0.9032)  loss_giou_dn_2: 1.1484 (1.1511)  loss_fgl_dn_2: 1.0688 (1.0600)  loss_mal_dn_pre: 1.2812 (1.3098)  loss_bbox_dn_pre: 0.9028 (1.0522)  loss_giou_dn_pre: 1.2834 (1.2916)  time: 0.2231  data: 0.0707  max mem: 1050
Epoch: [5] Total time: 0:00:01 (0.2334 s / it)
Averaged stats: lr: 0.000000  loss: 39.8947 (40.2018)  loss_mal: 1.7188 (1.8267)  loss_bbox: 0.9109 (0.9214)  loss_giou: 1.2178 (1.3052)  loss_fgl: 0.8557 (0.8689)  loss_mal_aux_0: 1.4043 (1.5051)  loss_bbox_aux_0: 0.9228 (0.9302)  loss_giou_aux_0: 1.2475 (1.3348)  loss_fgl_aux_0: 0.8355 (0.8570)  loss_ddf_aux_0: 0.0254 (0.0324)  loss_mal_aux_1: 1.4961 (1.6039)  loss_bbox_aux_1: 0.9049 (0.9247)  loss_giou_aux_1: 1.2265 (1.3092)  loss_fgl_aux_1: 0.8535 (0.8651)  loss_ddf_aux_1: 0.0025 (0.0026)  loss_mal_pre: 1.4590 (1.5145)  loss_bbox_pre: 0.9239 (0.9273)  loss_giou_pre: 1.2520 (1.3338)  loss_mal_enc_0: 1.3604 (1.4083)  loss_bbox_enc_0: 1.0224 (1.0158)  loss_giou_enc_0: 1.3687 (1.4224)  loss_mal_dn_0: 1.2910 (1.3113)  loss_bbox_dn_0: 0.9059 (1.0491)  loss_giou_dn_0: 1.2860 (1.2893)  loss_fgl_dn_0: 1.1312 (1.1360)  loss_ddf_dn_0: 0.1889 (0.1775)  loss_mal_dn_1: 1.5508 (1.5710)  loss_bbox_dn_1: 0.8121 (0.9320)  loss_giou_dn_1: 1.1683 (1.1807)  loss_fgl_dn_1: 1.0746 (1.0610)  loss_ddf_dn_1: 0.0160 (0.0158)  loss_mal_dn_2: 1.7695 (1.8010)  loss_bbox_dn_2: 0.8007 (0.9032)  loss_giou_dn_2: 1.1484 (1.1511)  loss_fgl_dn_2: 1.0688 (1.0600)  loss_mal_dn_pre: 1.2812 (1.3098)  loss_bbox_dn_pre: 0.9028 (1.0522)  loss_giou_dn_pre: 1.2834 (1.2916)
Test:  [0/4]  eta: 0:00:01    time: 0.3629  data: 0.3321  max mem: 1050
Test:  [3/4]  eta: 0:00:00    time: 0.1043  data: 0.0850  max mem: 1050
Test: Total time: 0:00:00 (0.1193 s / it)
Averaged stats: 
Accumulating evaluation results...
COCOeval_opt.accumulate() finished...
DONE (t=0.00s).
IoU metric: bbox
 Average Precision  (AP) @[ IoU=0.50:0.95 | area=   all | maxDets=100 ] = 0.000
 Average Precision  (AP) @[ IoU=0.50      | area=   all | maxDets=100 ] = 0.001
 Average Precision  (AP) @[ IoU=0.75      | area=   all | maxDets=100 ] = 0.000
 Average Precision  (AP) @[ IoU=0.50:0.95 | area= small | maxDets=100 ] = -1.000
 Average Precision  (AP) @[ IoU=0.50:0.95 | area=medium | maxDets=100 ] = -1.000
 Average Precision  (AP) @[ IoU=0.50:0.95 | area= large | maxDets=100 ] = 0.000
 Average Recall     (AR) @[ IoU=0.50:0.95 | area=   all | maxDets=  1 ] = 0.000
 Average Recall     (AR) @[ IoU=0.50:0.95 | area=   all | maxDets= 10 ] = 0.003
 Average Recall     (AR) @[ IoU=0.50:0.95 | area=   all | maxDets=100 ] = 0.003
 Average Recall     (AR) @[ IoU=0.50:0.95 | area= small | maxDets=100 ] = -1.000
 Average Recall     (AR) @[ IoU=0.50:0.95 | area=medium | maxDets=100 ] = -1.000
 Average Recall     (AR) @[ IoU=0.50:0.95 | area= large | maxDets=100 ] = 0.003
 Average Recall     (AR) @[ IoU=0.50      | area=   all | maxDets=100 ] = 0.033
 Average Recall     (AR) @[ IoU=0.75      | area=   all | maxDets=100 ] = 0.000
best_stat: {'epoch': 5, 'coco_eval_bbox': 6.849741577931379e-05}
Epoch: [6]  [0/8]  eta: 0:00:06  lr: 0.000000  loss: 42.4251 (42.4251)  loss_mal: 1.8965 (1.8965)  loss_bbox: 1.0985 (1.0985)  loss_giou: 1.0635 (1.0635)  loss_fgl: 0.8604 (0.8604)  loss_mal_aux_0: 1.5723 (1.5723)  loss_bbox_aux_0: 1.1568 (1.1568)  loss_giou_aux_0: 1.0984 (1.0984)  loss_fgl_aux_0: 0.9094 (0.9094)  loss_ddf_aux_0: 0.0355 (0.0355)  loss_mal_aux_1: 1.6582 (1.6582)  loss_bbox_aux_1: 1.1305 (1.1305)  loss_giou_aux_1: 1.0789 (1.0789)  loss_fgl_aux_1: 0.8669 (0.8669)  loss_ddf_aux_1: 0.0018 (0.0018)  loss_mal_pre: 1.5371 (1.5371)  loss_bbox_pre: 1.1627 (1.1627)  loss_giou_pre: 1.1096 (1.1096)  loss_mal_enc_0: 1.3906 (1.3906)  loss_bbox_enc_0: 1.2596 (1.2596)  loss_giou_enc_0: 1.1970 (1.1970)  loss_mal_dn_0: 1.3867 (1.3867)  loss_bbox_dn_0: 1.5706 (1.5706)  loss_giou_dn_0: 1.2351 (1.2351)  loss_fgl_dn_0: 1.1026 (1.1026)  loss_ddf_dn_0: 0.1003 (0.1003)  loss_mal_dn_1: 1.7129 (1.7129)  loss_bbox_dn_1: 1.4393 (1.4393)  loss_giou_dn_1: 1.0952 (1.0952)  loss_fgl_dn_1: 1.0309 (1.0309)  loss_ddf_dn_1: 0.0115 (0.0115)  loss_mal_dn_2: 1.9180 (1.9180)  loss_bbox_dn_2: 1.4466 (1.4466)  loss_giou_dn_2: 1.0878 (1.0878)  loss_fgl_dn_2: 1.0211 (1.0211)  loss_mal_dn_pre: 1.3691 (1.3691)  loss_bbox_dn_pre: 1.5693 (1.5693)  loss_giou_dn_pre: 1.2438 (1.2438)  time: 0.8475  data: 0.7066  max mem: 1050
Epoch: [6]  [7/8]  eta: 0:00:00  lr: 0.000000  loss: 38.7669 (38.6143)  loss_mal: 1.8008 (1.6612)  loss_bbox: 0.8484 (0.8371)  loss_giou: 1.1184 (1.3595)  loss_fgl: 0.8604 (0.7442)  loss_mal_aux_0: 1.3193 (1.3353)  loss_bbox_aux_0: 0.8604 (0.8595)  loss_giou_aux_0: 1.1616 (1.4001)  loss_fgl_aux_0: 0.8467 (0.7342)  loss_ddf_aux_0: 0.0273 (0.0257)  loss_mal_aux_1: 1.5791 (1.4449)  loss_bbox_aux_1: 0.8480 (0.8424)  loss_giou_aux_1: 1.1263 (1.3659)  loss_fgl_aux_1: 0.8669 (0.7401)  loss_ddf_aux_1: 0.0018 (0.0020)  loss_mal_pre: 1.3271 (1.3246)  loss_bbox_pre: 0.8653 (0.8650)  loss_giou_pre: 1.1658 (1.4022)  loss_mal_enc_0: 1.2324 (1.2169)  loss_bbox_enc_0: 0.9560 (0.9360)  loss_giou_enc_0: 1.2632 (1.4993)  loss_mal_dn_0: 1.3838 (1.3704)  loss_bbox_dn_0: 0.8139 (0.9288)  loss_giou_dn_0: 1.2351 (1.2700)  loss_fgl_dn_0: 1.1026 (1.1263)  loss_ddf_dn_0: 0.1492 (0.1445)  loss_mal_dn_1: 1.7129 (1.7123)  loss_bbox_dn_1: 0.7091 (0.8059)  loss_giou_dn_1: 1.0952 (1.1274)  loss_fgl_dn_1: 1.0284 (1.0482)  loss_ddf_dn_1: 0.0132 (0.0130)  loss_mal_dn_2: 1.9180 (1.9899)  loss_bbox_dn_2: 0.6918 (0.7809)  loss_giou_dn_2: 1.0878 (1.0924)  loss_fgl_dn_2: 1.0366 (1.0459)  loss_mal_dn_pre: 1.3662 (1.3643)  loss_bbox_dn_pre: 0.8033 (0.9254)  loss_giou_dn_pre: 1.2438 (1.2730)  time: 0.1933  data: 0.0924  max mem: 1050
Epoch: [6] Total time: 0:00:01 (0.2025 s / it)
Averaged stats: lr: 0.000000  loss: 38.7669 (38.6143)  loss_mal: 1.8008 (1.6612)  loss_bbox: 0.8484 (0.8371)  loss_giou: 1.1184 (1.3595)  loss_fgl: 0.8604 (0.7442)  loss_mal_aux_0: 1.3193 (1.3353)  loss_bbox_aux_0: 0.8604 (0.8595)  loss_giou_aux_0: 1.1616 (1.4001)  loss_fgl_aux_0: 0.8467 (0.7342)  loss_ddf_aux_0: 0.0273 (0.0257)  loss_mal_aux_1: 1.5791 (1.4449)  loss_bbox_aux_1: 0.8480 (0.8424)  loss_giou_aux_1: 1.1263 (1.3659)  loss_fgl_aux_1: 0.8669 (0.7401)  loss_ddf_aux_1: 0.0018 (0.0020)  loss_mal_pre: 1.3271 (1.3246)  loss_bbox_pre: 0.8653 (0.8650)  loss_giou_pre: 1.1658 (1.4022)  loss_mal_enc_0: 1.2324 (1.2169)  loss_bbox_enc_0: 0.9560 (0.9360)  loss_giou_enc_0: 1.2632 (1.4993)  loss_mal_dn_0: 1.3838 (1.3704)  loss_bbox_dn_0: 0.8139 (0.9288)  loss_giou_dn_0: 1.2351 (1.2700)  loss_fgl_dn_0: 1.1026 (1.1263)  loss_ddf_dn_0: 0.1492 (0.1445)  loss_mal_dn_1: 1.7129 (1.7123)  loss_bbox_dn_1: 0.7091 (0.8059)  loss_giou_dn_1: 1.0952 (1.1274)  loss_fgl_dn_1: 1.0284 (1.0482)  loss_ddf_dn_1: 0.0132 (0.0130)  loss_mal_dn_2: 1.9180 (1.9899)  loss_bbox_dn_2: 0.6918 (0.7809)  loss_giou_dn_2: 1.0878 (1.0924)  loss_fgl_dn_2: 1.0366 (1.0459)  loss_mal_dn_pre: 1.3662 (1.3643)  loss_bbox_dn_pre: 0.8033 (0.9254)  loss_giou_dn_pre: 1.2438 (1.2730)
Test:  [0/4]  eta: 0:00:01    time: 0.3326  data: 0.3113  max mem: 1050
Test:  [3/4]  eta: 0:00:00    time: 0.0951  data: 0.0799  max mem: 1050
Test: Total time: 0:00:00 (0.1120 s / it)
Averaged stats: 
Accumulating evaluation results...
COCOeval_opt.accumulate() finished...
DONE (t=0.00s).
IoU metric: bbox
 Average Precision  (AP) @[ IoU=0.50:0.95 | area=   all | maxDets=100 ] = 0.000
 Average Precision  (AP) @[ IoU=0.50      | area=   all | maxDets=100 ] = 0.000
 Average Precision  (AP) @[ IoU=0.75      | area=   all | maxDets=100 ] = 0.000
 Average Precision  (AP) @[ IoU=0.50:0.95 | area= small | maxDets=100 ] = -1.000
 Average Precision  (AP) @[ IoU=0.50:0.95 | area=medium | maxDets=100 ] = -1.000
 Average Precision  (AP) @[ IoU=0.50:0.95 | area= large | maxDets=100 ] = 0.000
 Average Recall     (AR) @[ IoU=0.50:0.95 | area=   all | maxDets=  1 ] = 0.000
 Average Recall     (AR) @[ IoU=0.50:0.95 | area=   all | maxDets= 10 ] = 0.000
 Average Recall     (AR) @[ IoU=0.50:0.95 | area=   all | maxDets=100 ] = 0.017
 Average Recall     (AR) @[ IoU=0.50:0.95 | area= small | maxDets=100 ] = -1.000
 Average Recall     (AR) @[ IoU=0.50:0.95 | area=medium | maxDets=100 ] = -1.000
 Average Recall     (AR) @[ IoU=0.50:0.95 | area= large | maxDets=100 ] = 0.017
 Average Recall     (AR) @[ IoU=0.50      | area=   all | maxDets=100 ] = 0.100
 Average Recall     (AR) @[ IoU=0.75      | area=   all | maxDets=100 ] = 0.000
best_stat: {'epoch': 5, 'coco_eval_bbox': 6.849741577931379e-05}
Epoch: [7]  [0/8]  eta: 0:00:05  lr: 0.000000  loss: 38.8948 (38.8948)  loss_mal: 2.0938 (2.0938)  loss_bbox: 0.7553 (0.7553)  loss_giou: 1.1665 (1.1665)  loss_fgl: 0.9462 (0.9462)  loss_mal_aux_0: 1.7217 (1.7217)  loss_bbox_aux_0: 0.7602 (0.7602)  loss_giou_aux_0: 1.1923 (1.1923)  loss_fgl_aux_0: 0.9277 (0.9277)  loss_ddf_aux_0: 0.0268 (0.0268)  loss_mal_aux_1: 1.8379 (1.8379)  loss_bbox_aux_1: 0.7595 (0.7595)  loss_giou_aux_1: 1.1706 (1.1706)  loss_fgl_aux_1: 0.9467 (0.9467)  loss_ddf_aux_1: 0.0016 (0.0016)  loss_mal_pre: 1.6973 (1.6973)  loss_bbox_pre: 0.7526 (0.7526)  loss_giou_pre: 1.1831 (1.1831)  loss_mal_enc_0: 1.5566 (1.5566)  loss_bbox_enc_0: 0.8409 (0.8409)  loss_giou_enc_0: 1.2685 (1.2685)  loss_mal_dn_0: 1.3105 (1.3105)  loss_bbox_dn_0: 0.7854 (0.7854)  loss_giou_dn_0: 1.3222 (1.3222)  loss_fgl_dn_0: 1.0814 (1.0814)  loss_ddf_dn_0: 0.1503 (0.1503)  loss_mal_dn_1: 1.5664 (1.5664)  loss_bbox_dn_1: 0.6885 (0.6885)  loss_giou_dn_1: 1.1938 (1.1938)  loss_fgl_dn_1: 1.0373 (1.0373)  loss_ddf_dn_1: 0.0150 (0.0150)  loss_mal_dn_2: 1.8574 (1.8574)  loss_bbox_dn_2: 0.6540 (0.6540)  loss_giou_dn_2: 1.1558 (1.1558)  loss_fgl_dn_2: 1.0413 (1.0413)  loss_mal_dn_pre: 1.3164 (1.3164)  loss_bbox_dn_pre: 0.7917 (0.7917)  loss_giou_dn_pre: 1.3219 (1.3219)  time: 0.6785  data: 0.5291  max mem: 1050
Epoch: [7]  [7/8]  eta: 0:00:00  lr: 0.000000  loss: 39.8475 (40.3885)  loss_mal: 1.9033 (1.8508)  loss_bbox: 0.9791 (0.9475)  loss_giou: 1.1914 (1.2925)  loss_fgl: 0.9462 (0.8733)  loss_mal_aux_0: 1.6260 (1.5359)  loss_bbox_aux_0: 0.9920 (0.9623)  loss_giou_aux_0: 1.1923 (1.3231)  loss_fgl_aux_0: 0.9277 (0.8587)  loss_ddf_aux_0: 0.0268 (0.0288)  loss_mal_aux_1: 1.7188 (1.6758)  loss_bbox_aux_1: 0.9815 (0.9511)  loss_giou_aux_1: 1.1922 (1.2943)  loss_fgl_aux_1: 0.9467 (0.8718)  loss_ddf_aux_1: 0.0016 (0.0024)  loss_mal_pre: 1.6162 (1.5286)  loss_bbox_pre: 0.9883 (0.9643)  loss_giou_pre: 1.1971 (1.3192)  loss_mal_enc_0: 1.4502 (1.3799)  loss_bbox_enc_0: 1.0680 (1.0617)  loss_giou_enc_0: 1.2696 (1.4042)  loss_mal_dn_0: 1.3369 (1.3546)  loss_bbox_dn_0: 0.9284 (1.0162)  loss_giou_dn_0: 1.2622 (1.2653)  loss_fgl_dn_0: 1.1093 (1.1282)  loss_ddf_dn_0: 0.1503 (0.1581)  loss_mal_dn_1: 1.6016 (1.6730)  loss_bbox_dn_1: 0.7855 (0.8788)  loss_giou_dn_1: 1.1103 (1.1337)  loss_fgl_dn_1: 1.0579 (1.0685)  loss_ddf_dn_1: 0.0150 (0.0145)  loss_mal_dn_2: 1.8574 (1.9142)  loss_bbox_dn_2: 0.7619 (0.8552)  loss_giou_dn_2: 1.0810 (1.1032)  loss_fgl_dn_2: 1.0562 (1.0678)  loss_mal_dn_pre: 1.3311 (1.3555)  loss_bbox_dn_pre: 0.9254 (1.0098)  loss_giou_dn_pre: 1.2567 (1.2655)  time: 0.2057  data: 0.0729  max mem: 1050
Epoch: [7] Total time: 0:00:01 (0.2142 s / it)
Averaged stats: lr: 0.000000  loss: 39.8475 (40.3885)  loss_mal: 1.9033 (1.8508)  loss_bbox: 0.9791 (0.9475)  loss_giou: 1.1914 (1.2925)  loss_fgl: 0.9462 (0.8733)  loss_mal_aux_0: 1.6260 (1.5359)  loss_bbox_aux_0: 0.9920 (0.9623)  loss_giou_aux_0: 1.1923 (1.3231)  loss_fgl_aux_0: 0.9277 (0.8587)  loss_ddf_aux_0: 0.0268 (0.0288)  loss_mal_aux_1: 1.7188 (1.6758)  loss_bbox_aux_1: 0.9815 (0.9511)  loss_giou_aux_1: 1.1922 (1.2943)  loss_fgl_aux_1: 0.9467 (0.8718)  loss_ddf_aux_1: 0.0016 (0.0024)  loss_mal_pre: 1.6162 (1.5286)  loss_bbox_pre: 0.9883 (0.9643)  loss_giou_pre: 1.1971 (1.3192)  loss_mal_enc_0: 1.4502 (1.3799)  loss_bbox_enc_0: 1.0680 (1.0617)  loss_giou_enc_0: 1.2696 (1.4042)  loss_mal_dn_0: 1.3369 (1.3546)  loss_bbox_dn_0: 0.9284 (1.0162)  loss_giou_dn_0: 1.2622 (1.2653)  loss_fgl_dn_0: 1.1093 (1.1282)  loss_ddf_dn_0: 0.1503 (0.1581)  loss_mal_dn_1: 1.6016 (1.6730)  loss_bbox_dn_1: 0.7855 (0.8788)  loss_giou_dn_1: 1.1103 (1.1337)  loss_fgl_dn_1: 1.0579 (1.0685)  loss_ddf_dn_1: 0.0150 (0.0145)  loss_mal_dn_2: 1.8574 (1.9142)  loss_bbox_dn_2: 0.7619 (0.8552)  loss_giou_dn_2: 1.0810 (1.1032)  loss_fgl_dn_2: 1.0562 (1.0678)  loss_mal_dn_pre: 1.3311 (1.3555)  loss_bbox_dn_pre: 0.9254 (1.0098)  loss_giou_dn_pre: 1.2567 (1.2655)
Test:  [0/4]  eta: 0:00:01    time: 0.3460  data: 0.3204  max mem: 1050
Test:  [3/4]  eta: 0:00:00    time: 0.1071  data: 0.0821  max mem: 1050
Test: Total time: 0:00:00 (0.1267 s / it)
Averaged stats: 
Accumulating evaluation results...
COCOeval_opt.accumulate() finished...
DONE (t=0.00s).
IoU metric: bbox
 Average Precision  (AP) @[ IoU=0.50:0.95 | area=   all | maxDets=100 ] = 0.000
 Average Precision  (AP) @[ IoU=0.50      | area=   all | maxDets=100 ] = 0.000
 Average Precision  (AP) @[ IoU=0.75      | area=   all | maxDets=100 ] = 0.000
 Average Precision  (AP) @[ IoU=0.50:0.95 | area= small | maxDets=100 ] = -1.000
 Average Precision  (AP) @[ IoU=0.50:0.95 | area=medium | maxDets=100 ] = -1.000
 Average Precision  (AP) @[ IoU=0.50:0.95 | area= large | maxDets=100 ] = 0.000
 Average Recall     (AR) @[ IoU=0.50:0.95 | area=   all | maxDets=  1 ] = 0.000
 Average Recall     (AR) @[ IoU=0.50:0.95 | area=   all | maxDets= 10 ] = 0.000
 Average Recall     (AR) @[ IoU=0.50:0.95 | area=   all | maxDets=100 ] = 0.027
 Average Recall     (AR) @[ IoU=0.50:0.95 | area= small | maxDets=100 ] = -1.000
 Average Recall     (AR) @[ IoU=0.50:0.95 | area=medium | maxDets=100 ] = -1.000
 Average Recall     (AR) @[ IoU=0.50:0.95 | area= large | maxDets=100 ] = 0.027
 Average Recall     (AR) @[ IoU=0.50      | area=   all | maxDets=100 ] = 0.167
 Average Recall     (AR) @[ IoU=0.75      | area=   all | maxDets=100 ] = 0.000
best_stat: {'epoch': 5, 'coco_eval_bbox': 6.849741577931379e-05}
Epoch: [8]  [0/8]  eta: 0:00:04  lr: 0.000000  loss: 41.0886 (41.0886)  loss_mal: 1.8076 (1.8076)  loss_bbox: 0.9107 (0.9107)  loss_giou: 1.2332 (1.2332)  loss_fgl: 1.0313 (1.0313)  loss_mal_aux_0: 1.5518 (1.5518)  loss_bbox_aux_0: 0.9132 (0.9132)  loss_giou_aux_0: 1.2388 (1.2388)  loss_fgl_aux_0: 0.9934 (0.9934)  loss_ddf_aux_0: 0.0495 (0.0495)  loss_mal_aux_1: 1.6201 (1.6201)  loss_bbox_aux_1: 0.9065 (0.9065)  loss_giou_aux_1: 1.2276 (1.2276)  loss_fgl_aux_1: 1.0236 (1.0236)  loss_ddf_aux_1: 0.0042 (0.0042)  loss_mal_pre: 1.5762 (1.5762)  loss_bbox_pre: 0.9103 (0.9103)  loss_giou_pre: 1.2298 (1.2298)  loss_mal_enc_0: 1.3809 (1.3809)  loss_bbox_enc_0: 1.0266 (1.0266)  loss_giou_enc_0: 1.3352 (1.3352)  loss_mal_dn_0: 1.1221 (1.1221)  loss_bbox_dn_0: 1.3210 (1.3210)  loss_giou_dn_0: 1.4202 (1.4202)  loss_fgl_dn_0: 1.1448 (1.1448)  loss_ddf_dn_0: 0.2330 (0.2330)  loss_mal_dn_1: 1.3105 (1.3105)  loss_bbox_dn_1: 1.1772 (1.1772)  loss_giou_dn_1: 1.3455 (1.3455)  loss_fgl_dn_1: 1.1003 (1.1003)  loss_ddf_dn_1: 0.0226 (0.0226)  loss_mal_dn_2: 1.4688 (1.4688)  loss_bbox_dn_2: 1.1779 (1.1779)  loss_giou_dn_2: 1.3259 (1.3259)  loss_fgl_dn_2: 1.0984 (1.0984)  loss_mal_dn_pre: 1.1494 (1.1494)  loss_bbox_dn_pre: 1.2979 (1.2979)  loss_giou_dn_pre: 1.4026 (1.4026)  time: 0.5613  data: 0.4459  max mem: 1050
Epoch: [8]  [7/8]  eta: 0:00:00  lr: 0.000001  loss: 39.3424 (41.0572)  loss_mal: 1.8076 (1.9443)  loss_bbox: 0.9099 (0.9235)  loss_giou: 1.1266 (1.2350)  loss_fgl: 0.8439 (0.9067)  loss_mal_aux_0: 1.5518 (1.5916)  loss_bbox_aux_0: 0.9074 (0.9179)  loss_giou_aux_0: 1.1523 (1.2650)  loss_fgl_aux_0: 0.8733 (0.9065)  loss_ddf_aux_0: 0.0317 (0.0313)  loss_mal_aux_1: 1.6201 (1.7395)  loss_bbox_aux_1: 0.9065 (0.9270)  loss_giou_aux_1: 1.1227 (1.2384)  loss_fgl_aux_1: 0.8468 (0.9022)  loss_ddf_aux_1: 0.0028 (0.0026)  loss_mal_pre: 1.5762 (1.5975)  loss_bbox_pre: 0.9086 (0.9165)  loss_giou_pre: 1.1546 (1.2649)  loss_mal_enc_0: 1.3809 (1.4745)  loss_bbox_enc_0: 0.9742 (1.0128)  loss_giou_enc_0: 1.2460 (1.3410)  loss_mal_dn_0: 1.2910 (1.3511)  loss_bbox_dn_0: 0.8826 (1.1537)  loss_giou_dn_0: 1.2695 (1.2814)  loss_fgl_dn_0: 1.1448 (1.1496)  loss_ddf_dn_0: 0.1553 (0.1728)  loss_mal_dn_1: 1.6074 (1.6289)  loss_bbox_dn_1: 0.7207 (1.0119)  loss_giou_dn_1: 1.1002 (1.1662)  loss_fgl_dn_1: 1.1001 (1.1023)  loss_ddf_dn_1: 0.0139 (0.0162)  loss_mal_dn_2: 1.8682 (1.8799)  loss_bbox_dn_2: 0.6925 (0.9844)  loss_giou_dn_2: 1.0582 (1.1342)  loss_fgl_dn_2: 1.0984 (1.0990)  loss_mal_dn_pre: 1.2959 (1.3510)  loss_bbox_dn_pre: 0.8891 (1.1554)  loss_giou_dn_pre: 1.2723 (1.2805)  time: 0.2134  data: 0.0999  max mem: 1050
Epoch: [8] Total time: 0:00:01 (0.2231 s / it)
Averaged stats: lr: 0.000001  loss: 39.3424 (41.0572)  loss_mal: 1.8076 (1.9443)  loss_bbox: 0.9099 (0.9235)  loss_giou: 1.1266 (1.2350)  loss_fgl: 0.8439 (0.9067)  loss_mal_aux_0: 1.5518 (1.5916)  loss_bbox_aux_0: 0.9074 (0.9179)  loss_giou_aux_0: 1.1523 (1.2650)  loss_fgl_aux_0: 0.8733 (0.9065)  loss_ddf_aux_0: 0.0317 (0.0313)  loss_mal_aux_1: 1.6201 (1.7395)  loss_bbox_aux_1: 0.9065 (0.9270)  loss_giou_aux_1: 1.1227 (1.2384)  loss_fgl_aux_1: 0.8468 (0.9022)  loss_ddf_aux_1: 0.0028 (0.0026)  loss_mal_pre: 1.5762 (1.5975)  loss_bbox_pre: 0.9086 (0.9165)  loss_giou_pre: 1.1546 (1.2649)  loss_mal_enc_0: 1.3809 (1.4745)  loss_bbox_enc_0: 0.9742 (1.0128)  loss_giou_enc_0: 1.2460 (1.3410)  loss_mal_dn_0: 1.2910 (1.3511)  loss_bbox_dn_0: 0.8826 (1.1537)  loss_giou_dn_0: 1.2695 (1.2814)  loss_fgl_dn_0: 1.1448 (1.1496)  loss_ddf_dn_0: 0.1553 (0.1728)  loss_mal_dn_1: 1.6074 (1.6289)  loss_bbox_dn_1: 0.7207 (1.0119)  loss_giou_dn_1: 1.1002 (1.1662)  loss_fgl_dn_1: 1.1001 (1.1023)  loss_ddf_dn_1: 0.0139 (0.0162)  loss_mal_dn_2: 1.8682 (1.8799)  loss_bbox_dn_2: 0.6925 (0.9844)  loss_giou_dn_2: 1.0582 (1.1342)  loss_fgl_dn_2: 1.0984 (1.0990)  loss_mal_dn_pre: 1.2959 (1.3510)  loss_bbox_dn_pre: 0.8891 (1.1554)  loss_giou_dn_pre: 1.2723 (1.2805)
Test:  [0/4]  eta: 0:00:01    time: 0.3763  data: 0.3561  max mem: 1050
Test:  [3/4]  eta: 0:00:00    time: 0.1059  data: 0.0908  max mem: 1050
Test: Total time: 0:00:00 (0.1259 s / it)
Averaged stats: 
Accumulating evaluation results...
COCOeval_opt.accumulate() finished...
DONE (t=0.00s).
IoU metric: bbox
 Average Precision  (AP) @[ IoU=0.50:0.95 | area=   all | maxDets=100 ] = 0.000
 Average Precision  (AP) @[ IoU=0.50      | area=   all | maxDets=100 ] = 0.000
 Average Precision  (AP) @[ IoU=0.75      | area=   all | maxDets=100 ] = 0.000
 Average Precision  (AP) @[ IoU=0.50:0.95 | area= small | maxDets=100 ] = -1.000
 Average Precision  (AP) @[ IoU=0.50:0.95 | area=medium | maxDets=100 ] = -1.000
 Average Precision  (AP) @[ IoU=0.50:0.95 | area= large | maxDets=100 ] = 0.000
 Average Recall     (AR) @[ IoU=0.50:0.95 | area=   all | maxDets=  1 ] = 0.000
 Average Recall     (AR) @[ IoU=0.50:0.95 | area=   all | maxDets= 10 ] = 0.000
 Average Recall     (AR) @[ IoU=0.50:0.95 | area=   all | maxDets=100 ] = 0.013
 Average Recall     (AR) @[ IoU=0.50:0.95 | area= small | maxDets=100 ] = -1.000
 Average Recall     (AR) @[ IoU=0.50:0.95 | area=medium | maxDets=100 ] = -1.000
 Average Recall     (AR) @[ IoU=0.50:0.95 | area= large | maxDets=100 ] = 0.013
 Average Recall     (AR) @[ IoU=0.50      | area=   all | maxDets=100 ] = 0.067
 Average Recall     (AR) @[ IoU=0.75      | area=   all | maxDets=100 ] = 0.000
best_stat: {'epoch': 5, 'coco_eval_bbox': 6.849741577931379e-05}
Epoch: [9]  [0/8]  eta: 0:00:06  lr: 0.000001  loss: 37.4811 (37.4811)  loss_mal: 1.1807 (1.1807)  loss_bbox: 1.0044 (1.0044)  loss_giou: 1.5389 (1.5389)  loss_fgl: 0.6685 (0.6685)  loss_mal_aux_0: 0.9819 (0.9819)  loss_bbox_aux_0: 1.0209 (1.0209)  loss_giou_aux_0: 1.5791 (1.5791)  loss_fgl_aux_0: 0.6701 (0.6701)  loss_ddf_aux_0: 0.0207 (0.0207)  loss_mal_aux_1: 1.0449 (1.0449)  loss_bbox_aux_1: 1.0014 (1.0014)  loss_giou_aux_1: 1.5439 (1.5439)  loss_fgl_aux_1: 0.6684 (0.6684)  loss_ddf_aux_1: 0.0029 (0.0029)  loss_mal_pre: 0.9575 (0.9575)  loss_bbox_pre: 1.0295 (1.0295)  loss_giou_pre: 1.5864 (1.5864)  loss_mal_enc_0: 0.7959 (0.7959)  loss_bbox_enc_0: 1.1095 (1.1095)  loss_giou_enc_0: 1.6743 (1.6743)  loss_mal_dn_0: 1.2422 (1.2422)  loss_bbox_dn_0: 0.8742 (0.8742)  loss_giou_dn_0: 1.3407 (1.3407)  loss_fgl_dn_0: 1.0980 (1.0980)  loss_ddf_dn_0: 0.1630 (0.1630)  loss_mal_dn_1: 1.5469 (1.5469)  loss_bbox_dn_1: 0.7360 (0.7360)  loss_giou_dn_1: 1.1995 (1.1995)  loss_fgl_dn_1: 1.0312 (1.0312)  loss_ddf_dn_1: 0.0152 (0.0152)  loss_mal_dn_2: 1.7969 (1.7969)  loss_bbox_dn_2: 0.7034 (0.7034)  loss_giou_dn_2: 1.1644 (1.1644)  loss_fgl_dn_2: 1.0239 (1.0239)  loss_mal_dn_pre: 1.2451 (1.2451)  loss_bbox_dn_pre: 0.8782 (0.8782)  loss_giou_dn_pre: 1.3424 (1.3424)  time: 0.8350  data: 0.4525  max mem: 1050
Epoch: [9]  [7/8]  eta: 0:00:00  lr: 0.000001  loss: 39.1264 (39.2929)  loss_mal: 1.7598 (1.7310)  loss_bbox: 0.9231 (0.9384)  loss_giou: 1.3253 (1.3555)  loss_fgl: 0.8236 (0.7868)  loss_mal_aux_0: 1.4268 (1.4380)  loss_bbox_aux_0: 0.9360 (0.9451)  loss_giou_aux_0: 1.3484 (1.3835)  loss_fgl_aux_0: 0.7941 (0.7773)  loss_ddf_aux_0: 0.0207 (0.0225)  loss_mal_aux_1: 1.5918 (1.5444)  loss_bbox_aux_1: 0.9157 (0.9355)  loss_giou_aux_1: 1.3287 (1.3554)  loss_fgl_aux_1: 0.8217 (0.7863)  loss_ddf_aux_1: 0.0019 (0.0020)  loss_mal_pre: 1.4395 (1.4400)  loss_bbox_pre: 0.9303 (0.9451)  loss_giou_pre: 1.3460 (1.3835)  loss_mal_enc_0: 1.3291 (1.3183)  loss_bbox_enc_0: 0.9786 (1.0173)  loss_giou_enc_0: 1.4365 (1.4641)  loss_mal_dn_0: 1.2832 (1.3235)  loss_bbox_dn_0: 0.9053 (0.9014)  loss_giou_dn_0: 1.2777 (1.2836)  loss_fgl_dn_0: 1.1113 (1.1101)  loss_ddf_dn_0: 0.1651 (0.1628)  loss_mal_dn_1: 1.5889 (1.6344)  loss_bbox_dn_1: 0.7776 (0.7795)  loss_giou_dn_1: 1.1622 (1.1598)  loss_fgl_dn_1: 1.0459 (1.0416)  loss_ddf_dn_1: 0.0149 (0.0144)  loss_mal_dn_2: 1.8555 (1.8933)  loss_bbox_dn_2: 0.7477 (0.7501)  loss_giou_dn_2: 1.1113 (1.1197)  loss_fgl_dn_2: 1.0498 (1.0424)  loss_mal_dn_pre: 1.2812 (1.3225)  loss_bbox_dn_pre: 0.9041 (0.8984)  loss_giou_dn_pre: 1.2822 (1.2854)  time: 0.2455  data: 0.0609  max mem: 1050
Epoch: [9] Total time: 0:00:02 (0.2531 s / it)
Averaged stats: lr: 0.000001  loss: 39.1264 (39.2929)  loss_mal: 1.7598 (1.7310)  loss_bbox: 0.9231 (0.9384)  loss_giou: 1.3253 (1.3555)  loss_fgl: 0.8236 (0.7868)  loss_mal_aux_0: 1.4268 (1.4380)  loss_bbox_aux_0: 0.9360 (0.9451)  loss_giou_aux_0: 1.3484 (1.3835)  loss_fgl_aux_0: 0.7941 (0.7773)  loss_ddf_aux_0: 0.0207 (0.0225)  loss_mal_aux_1: 1.5918 (1.5444)  loss_bbox_aux_1: 0.9157 (0.9355)  loss_giou_aux_1: 1.3287 (1.3554)  loss_fgl_aux_1: 0.8217 (0.7863)  loss_ddf_aux_1: 0.0019 (0.0020)  loss_mal_pre: 1.4395 (1.4400)  loss_bbox_pre: 0.9303 (0.9451)  loss_giou_pre: 1.3460 (1.3835)  loss_mal_enc_0: 1.3291 (1.3183)  loss_bbox_enc_0: 0.9786 (1.0173)  loss_giou_enc_0: 1.4365 (1.4641)  loss_mal_dn_0: 1.2832 (1.3235)  loss_bbox_dn_0: 0.9053 (0.9014)  loss_giou_dn_0: 1.2777 (1.2836)  loss_fgl_dn_0: 1.1113 (1.1101)  loss_ddf_dn_0: 0.1651 (0.1628)  loss_mal_dn_1: 1.5889 (1.6344)  loss_bbox_dn_1: 0.7776 (0.7795)  loss_giou_dn_1: 1.1622 (1.1598)  loss_fgl_dn_1: 1.0459 (1.0416)  loss_ddf_dn_1: 0.0149 (0.0144)  loss_mal_dn_2: 1.8555 (1.8933)  loss_bbox_dn_2: 0.7477 (0.7501)  loss_giou_dn_2: 1.1113 (1.1197)  loss_fgl_dn_2: 1.0498 (1.0424)  loss_mal_dn_pre: 1.2812 (1.3225)  loss_bbox_dn_pre: 0.9041 (0.8984)  loss_giou_dn_pre: 1.2822 (1.2854)
Test:  [0/4]  eta: 0:00:01    time: 0.3494  data: 0.3286  max mem: 1050
Test:  [3/4]  eta: 0:00:00    time: 0.1016  data: 0.0843  max mem: 1050
Test: Total time: 0:00:00 (0.1181 s / it)
Averaged stats: 
Accumulating evaluation results...
COCOeval_opt.accumulate() finished...
DONE (t=0.00s).
IoU metric: bbox
 Average Precision  (AP) @[ IoU=0.50:0.95 | area=   all | maxDets=100 ] = 0.000
 Average Precision  (AP) @[ IoU=0.50      | area=   all | maxDets=100 ] = 0.000
 Average Precision  (AP) @[ IoU=0.75      | area=   all | maxDets=100 ] = 0.000
 Average Precision  (AP) @[ IoU=0.50:0.95 | area= small | maxDets=100 ] = -1.000
 Average Precision  (AP) @[ IoU=0.50:0.95 | area=medium | maxDets=100 ] = -1.000
 Average Precision  (AP) @[ IoU=0.50:0.95 | area= large | maxDets=100 ] = 0.000
 Average Recall     (AR) @[ IoU=0.50:0.95 | area=   all | maxDets=  1 ] = 0.000
 Average Recall     (AR) @[ IoU=0.50:0.95 | area=   all | maxDets= 10 ] = 0.000
 Average Recall     (AR) @[ IoU=0.50:0.95 | area=   all | maxDets=100 ] = 0.010
 Average Recall     (AR) @[ IoU=0.50:0.95 | area= small | maxDets=100 ] = -1.000
 Average Recall     (AR) @[ IoU=0.50:0.95 | area=medium | maxDets=100 ] = -1.000
 Average Recall     (AR) @[ IoU=0.50:0.95 | area= large | maxDets=100 ] = 0.010
 Average Recall     (AR) @[ IoU=0.50      | area=   all | maxDets=100 ] = 0.033
 Average Recall     (AR) @[ IoU=0.75      | area=   all | maxDets=100 ] = 0.000
best_stat: {'epoch': 5, 'coco_eval_bbox': 6.849741577931379e-05}
Epoch: [10]  [0/8]  eta: 0:00:05  lr: 0.000001  loss: 38.4622 (38.4622)  loss_mal: 1.4600 (1.4600)  loss_bbox: 0.9270 (0.9270)  loss_giou: 1.4803 (1.4803)  loss_fgl: 0.7900 (0.7900)  loss_mal_aux_0: 1.2422 (1.2422)  loss_bbox_aux_0: 0.9384 (0.9384)  loss_giou_aux_0: 1.4814 (1.4814)  loss_fgl_aux_0: 0.7850 (0.7850)  loss_ddf_aux_0: 0.0269 (0.0269)  loss_mal_aux_1: 1.2686 (1.2686)  loss_bbox_aux_1: 0.9278 (0.9278)  loss_giou_aux_1: 1.4833 (1.4833)  loss_fgl_aux_1: 0.7823 (0.7823)  loss_ddf_aux_1: 0.0028 (0.0028)  loss_mal_pre: 1.2061 (1.2061)  loss_bbox_pre: 0.9501 (0.9501)  loss_giou_pre: 1.4956 (1.4956)  loss_mal_enc_0: 1.1406 (1.1406)  loss_bbox_enc_0: 1.0800 (1.0800)  loss_giou_enc_0: 1.5815 (1.5815)  loss_mal_dn_0: 1.2178 (1.2178)  loss_bbox_dn_0: 0.9608 (0.9608)  loss_giou_dn_0: 1.3237 (1.3237)  loss_fgl_dn_0: 1.1251 (1.1251)  loss_ddf_dn_0: 0.1786 (0.1786)  loss_mal_dn_1: 1.3252 (1.3252)  loss_bbox_dn_1: 0.8565 (0.8565)  loss_giou_dn_1: 1.2951 (1.2951)  loss_fgl_dn_1: 1.0114 (1.0114)  loss_ddf_dn_1: 0.0130 (0.0130)  loss_mal_dn_2: 1.4854 (1.4854)  loss_bbox_dn_2: 0.8341 (0.8341)  loss_giou_dn_2: 1.2856 (1.2856)  loss_fgl_dn_2: 1.0042 (1.0042)  loss_mal_dn_pre: 1.2080 (1.2080)  loss_bbox_dn_pre: 0.9601 (0.9601)  loss_giou_dn_pre: 1.3278 (1.3278)  time: 0.7000  data: 0.5285  max mem: 1050
Epoch: [10]  [7/8]  eta: 0:00:00  lr: 0.000001  loss: 38.5232 (39.4482)  loss_mal: 1.5957 (1.7908)  loss_bbox: 0.8960 (0.8989)  loss_giou: 1.3367 (1.3666)  loss_fgl: 0.7900 (0.8089)  loss_mal_aux_0: 1.3008 (1.4701)  loss_bbox_aux_0: 0.8934 (0.9042)  loss_giou_aux_0: 1.3487 (1.3887)  loss_fgl_aux_0: 0.7850 (0.8027)  loss_ddf_aux_0: 0.0269 (0.0260)  loss_mal_aux_1: 1.4570 (1.5748)  loss_bbox_aux_1: 0.8992 (0.8975)  loss_giou_aux_1: 1.3339 (1.3668)  loss_fgl_aux_1: 0.7823 (0.8046)  loss_ddf_aux_1: 0.0021 (0.0021)  loss_mal_pre: 1.2734 (1.4584)  loss_bbox_pre: 0.9075 (0.9089)  loss_giou_pre: 1.3502 (1.3936)  loss_mal_enc_0: 1.1553 (1.3759)  loss_bbox_enc_0: 1.0116 (0.9935)  loss_giou_enc_0: 1.4790 (1.4632)  loss_mal_dn_0: 1.2930 (1.2970)  loss_bbox_dn_0: 0.9316 (0.9504)  loss_giou_dn_0: 1.2865 (1.2979)  loss_fgl_dn_0: 1.0850 (1.0979)  loss_ddf_dn_0: 0.1786 (0.1694)  loss_mal_dn_1: 1.5430 (1.5714)  loss_bbox_dn_1: 0.7976 (0.8188)  loss_giou_dn_1: 1.1648 (1.1890)  loss_fgl_dn_1: 1.0126 (1.0239)  loss_ddf_dn_1: 0.0135 (0.0150)  loss_mal_dn_2: 1.7520 (1.8002)  loss_bbox_dn_2: 0.7665 (0.7957)  loss_giou_dn_2: 1.1094 (1.1554)  loss_fgl_dn_2: 1.0141 (1.0246)  loss_mal_dn_pre: 1.3037 (1.2963)  loss_bbox_dn_pre: 0.9238 (0.9505)  loss_giou_dn_pre: 1.2832 (1.2986)  time: 0.1857  data: 0.0743  max mem: 1050
Epoch: [10] Total time: 0:00:01 (0.1955 s / it)
Averaged stats: lr: 0.000001  loss: 38.5232 (39.4482)  loss_mal: 1.5957 (1.7908)  loss_bbox: 0.8960 (0.8989)  loss_giou: 1.3367 (1.3666)  loss_fgl: 0.7900 (0.8089)  loss_mal_aux_0: 1.3008 (1.4701)  loss_bbox_aux_0: 0.8934 (0.9042)  loss_giou_aux_0: 1.3487 (1.3887)  loss_fgl_aux_0: 0.7850 (0.8027)  loss_ddf_aux_0: 0.0269 (0.0260)  loss_mal_aux_1: 1.4570 (1.5748)  loss_bbox_aux_1: 0.8992 (0.8975)  loss_giou_aux_1: 1.3339 (1.3668)  loss_fgl_aux_1: 0.7823 (0.8046)  loss_ddf_aux_1: 0.0021 (0.0021)  loss_mal_pre: 1.2734 (1.4584)  loss_bbox_pre: 0.9075 (0.9089)  loss_giou_pre: 1.3502 (1.3936)  loss_mal_enc_0: 1.1553 (1.3759)  loss_bbox_enc_0: 1.0116 (0.9935)  loss_giou_enc_0: 1.4790 (1.4632)  loss_mal_dn_0: 1.2930 (1.2970)  loss_bbox_dn_0: 0.9316 (0.9504)  loss_giou_dn_0: 1.2865 (1.2979)  loss_fgl_dn_0: 1.0850 (1.0979)  loss_ddf_dn_0: 0.1786 (0.1694)  loss_mal_dn_1: 1.5430 (1.5714)  loss_bbox_dn_1: 0.7976 (0.8188)  loss_giou_dn_1: 1.1648 (1.1890)  loss_fgl_dn_1: 1.0126 (1.0239)  loss_ddf_dn_1: 0.0135 (0.0150)  loss_mal_dn_2: 1.7520 (1.8002)  loss_bbox_dn_2: 0.7665 (0.7957)  loss_giou_dn_2: 1.1094 (1.1554)  loss_fgl_dn_2: 1.0141 (1.0246)  loss_mal_dn_pre: 1.3037 (1.2963)  loss_bbox_dn_pre: 0.9238 (0.9505)  loss_giou_dn_pre: 1.2832 (1.2986)
Test:  [0/4]  eta: 0:00:01    time: 0.3897  data: 0.3657  max mem: 1050
Test:  [3/4]  eta: 0:00:00    time: 0.1139  data: 0.0934  max mem: 1050
Test: Total time: 0:00:00 (0.1384 s / it)
Averaged stats: 
Accumulating evaluation results...
COCOeval_opt.accumulate() finished...
DONE (t=0.00s).
IoU metric: bbox
 Average Precision  (AP) @[ IoU=0.50:0.95 | area=   all | maxDets=100 ] = 0.000
 Average Precision  (AP) @[ IoU=0.50      | area=   all | maxDets=100 ] = 0.000
 Average Precision  (AP) @[ IoU=0.75      | area=   all | maxDets=100 ] = 0.000
 Average Precision  (AP) @[ IoU=0.50:0.95 | area= small | maxDets=100 ] = -1.000
 Average Precision  (AP) @[ IoU=0.50:0.95 | area=medium | maxDets=100 ] = -1.000
 Average Precision  (AP) @[ IoU=0.50:0.95 | area= large | maxDets=100 ] = 0.000
 Average Recall     (AR) @[ IoU=0.50:0.95 | area=   all | maxDets=  1 ] = 0.000
 Average Recall     (AR) @[ IoU=0.50:0.95 | area=   all | maxDets= 10 ] = 0.000
 Average Recall     (AR) @[ IoU=0.50:0.95 | area=   all | maxDets=100 ] = 0.000
 Average Recall     (AR) @[ IoU=0.50:0.95 | area= small | maxDets=100 ] = -1.000
 Average Recall     (AR) @[ IoU=0.50:0.95 | area=medium | maxDets=100 ] = -1.000
 Average Recall     (AR) @[ IoU=0.50:0.95 | area= large | maxDets=100 ] = 0.000
 Average Recall     (AR) @[ IoU=0.50      | area=   all | maxDets=100 ] = 0.000
 Average Recall     (AR) @[ IoU=0.75      | area=   all | maxDets=100 ] = 0.000
best_stat: {'epoch': 5, 'coco_eval_bbox': 6.849741577931379e-05}
Epoch: [11]  [0/8]  eta: 0:00:08  lr: 0.000001  loss: 37.3909 (37.3909)  loss_mal: 1.7295 (1.7295)  loss_bbox: 0.6591 (0.6591)  loss_giou: 1.2164 (1.2164)  loss_fgl: 1.0196 (1.0196)  loss_mal_aux_0: 1.4043 (1.4043)  loss_bbox_aux_0: 0.6590 (0.6590)  loss_giou_aux_0: 1.2552 (1.2552)  loss_fgl_aux_0: 0.9796 (0.9796)  loss_ddf_aux_0: 0.0211 (0.0211)  loss_mal_aux_1: 1.5312 (1.5312)  loss_bbox_aux_1: 0.6577 (0.6577)  loss_giou_aux_1: 1.2270 (1.2270)  loss_fgl_aux_1: 1.0160 (1.0160)  loss_ddf_aux_1: 0.0019 (0.0019)  loss_mal_pre: 1.4170 (1.4170)  loss_bbox_pre: 0.6512 (0.6512)  loss_giou_pre: 1.2470 (1.2470)  loss_mal_enc_0: 1.4512 (1.4512)  loss_bbox_enc_0: 0.6678 (0.6678)  loss_giou_enc_0: 1.2948 (1.2948)  loss_mal_dn_0: 1.3896 (1.3896)  loss_bbox_dn_0: 0.7087 (0.7087)  loss_giou_dn_0: 1.2042 (1.2042)  loss_fgl_dn_0: 1.1942 (1.1942)  loss_ddf_dn_0: 0.1695 (0.1695)  loss_mal_dn_1: 1.7373 (1.7373)  loss_bbox_dn_1: 0.5681 (0.5681)  loss_giou_dn_1: 1.0590 (1.0590)  loss_fgl_dn_1: 1.1588 (1.1588)  loss_ddf_dn_1: 0.0132 (0.0132)  loss_mal_dn_2: 2.0508 (2.0508)  loss_bbox_dn_2: 0.5420 (0.5420)  loss_giou_dn_2: 1.0190 (1.0190)  loss_fgl_dn_2: 1.1694 (1.1694)  loss_mal_dn_pre: 1.3721 (1.3721)  loss_bbox_dn_pre: 0.7134 (0.7134)  loss_giou_dn_pre: 1.2147 (1.2147)  time: 1.0381  data: 0.9148  max mem: 1050
Epoch: [11]  [7/8]  eta: 0:00:00  lr: 0.000001  loss: 38.1109 (38.4720)  loss_mal: 1.7295 (1.6224)  loss_bbox: 0.8879 (0.8669)  loss_giou: 1.2164 (1.3627)  loss_fgl: 0.9274 (0.8842)  loss_mal_aux_0: 1.4043 (1.2886)  loss_bbox_aux_0: 0.8331 (0.8749)  loss_giou_aux_0: 1.2552 (1.3948)  loss_fgl_aux_0: 0.9185 (0.8662)  loss_ddf_aux_0: 0.0190 (0.0237)  loss_mal_aux_1: 1.5312 (1.4188)  loss_bbox_aux_1: 0.8924 (0.8714)  loss_giou_aux_1: 1.2270 (1.3690)  loss_fgl_aux_1: 0.9267 (0.8817)  loss_ddf_aux_1: 0.0024 (0.0023)  loss_mal_pre: 1.4170 (1.2852)  loss_bbox_pre: 0.8406 (0.8752)  loss_giou_pre: 1.2470 (1.3947)  loss_mal_enc_0: 1.4307 (1.2109)  loss_bbox_enc_0: 0.8993 (0.9515)  loss_giou_enc_0: 1.3318 (1.4876)  loss_mal_dn_0: 1.3037 (1.3234)  loss_bbox_dn_0: 0.8793 (0.8416)  loss_giou_dn_0: 1.2652 (1.2749)  loss_fgl_dn_0: 1.1271 (1.1426)  loss_ddf_dn_0: 0.1634 (0.1589)  loss_mal_dn_1: 1.5742 (1.6105)  loss_bbox_dn_1: 0.6754 (0.7328)  loss_giou_dn_1: 1.1633 (1.1583)  loss_fgl_dn_1: 1.0409 (1.0760)  loss_ddf_dn_1: 0.0132 (0.0137)  loss_mal_dn_2: 1.8164 (1.8661)  loss_bbox_dn_2: 0.6263 (0.7029)  loss_giou_dn_2: 1.1285 (1.1221)  loss_fgl_dn_2: 1.0400 (1.0791)  loss_mal_dn_pre: 1.3105 (1.3237)  loss_bbox_dn_pre: 0.8764 (0.8385)  loss_giou_dn_pre: 1.2623 (1.2741)  time: 0.2082  data: 0.1154  max mem: 1050
Epoch: [11] Total time: 0:00:01 (0.2165 s / it)
Averaged stats: lr: 0.000001  loss: 38.1109 (38.4720)  loss_mal: 1.7295 (1.6224)  loss_bbox: 0.8879 (0.8669)  loss_giou: 1.2164 (1.3627)  loss_fgl: 0.9274 (0.8842)  loss_mal_aux_0: 1.4043 (1.2886)  loss_bbox_aux_0: 0.8331 (0.8749)  loss_giou_aux_0: 1.2552 (1.3948)  loss_fgl_aux_0: 0.9185 (0.8662)  loss_ddf_aux_0: 0.0190 (0.0237)  loss_mal_aux_1: 1.5312 (1.4188)  loss_bbox_aux_1: 0.8924 (0.8714)  loss_giou_aux_1: 1.2270 (1.3690)  loss_fgl_aux_1: 0.9267 (0.8817)  loss_ddf_aux_1: 0.0024 (0.0023)  loss_mal_pre: 1.4170 (1.2852)  loss_bbox_pre: 0.8406 (0.8752)  loss_giou_pre: 1.2470 (1.3947)  loss_mal_enc_0: 1.4307 (1.2109)  loss_bbox_enc_0: 0.8993 (0.9515)  loss_giou_enc_0: 1.3318 (1.4876)  loss_mal_dn_0: 1.3037 (1.3234)  loss_bbox_dn_0: 0.8793 (0.8416)  loss_giou_dn_0: 1.2652 (1.2749)  loss_fgl_dn_0: 1.1271 (1.1426)  loss_ddf_dn_0: 0.1634 (0.1589)  loss_mal_dn_1: 1.5742 (1.6105)  loss_bbox_dn_1: 0.6754 (0.7328)  loss_giou_dn_1: 1.1633 (1.1583)  loss_fgl_dn_1: 1.0409 (1.0760)  loss_ddf_dn_1: 0.0132 (0.0137)  loss_mal_dn_2: 1.8164 (1.8661)  loss_bbox_dn_2: 0.6263 (0.7029)  loss_giou_dn_2: 1.1285 (1.1221)  loss_fgl_dn_2: 1.0400 (1.0791)  loss_mal_dn_pre: 1.3105 (1.3237)  loss_bbox_dn_pre: 0.8764 (0.8385)  loss_giou_dn_pre: 1.2623 (1.2741)
Test:  [0/4]  eta: 0:00:01    time: 0.3487  data: 0.3281  max mem: 1050
Test:  [3/4]  eta: 0:00:00    time: 0.0994  data: 0.0842  max mem: 1050
Test: Total time: 0:00:00 (0.1191 s / it)
Averaged stats: 
Accumulating evaluation results...
COCOeval_opt.accumulate() finished...
DONE (t=0.00s).
IoU metric: bbox
 Average Precision  (AP) @[ IoU=0.50:0.95 | area=   all | maxDets=100 ] = 0.000
 Average Precision  (AP) @[ IoU=0.50      | area=   all | maxDets=100 ] = 0.000
 Average Precision  (AP) @[ IoU=0.75      | area=   all | maxDets=100 ] = 0.000
 Average Precision  (AP) @[ IoU=0.50:0.95 | area= small | maxDets=100 ] = -1.000
 Average Precision  (AP) @[ IoU=0.50:0.95 | area=medium | maxDets=100 ] = -1.000
 Average Precision  (AP) @[ IoU=0.50:0.95 | area= large | maxDets=100 ] = 0.000
 Average Recall     (AR) @[ IoU=0.50:0.95 | area=   all | maxDets=  1 ] = 0.000
 Average Recall     (AR) @[ IoU=0.50:0.95 | area=   all | maxDets= 10 ] = 0.000
 Average Recall     (AR) @[ IoU=0.50:0.95 | area=   all | maxDets=100 ] = 0.010
 Average Recall     (AR) @[ IoU=0.50:0.95 | area= small | maxDets=100 ] = -1.000
 Average Recall     (AR) @[ IoU=0.50:0.95 | area=medium | maxDets=100 ] = -1.000
 Average Recall     (AR) @[ IoU=0.50:0.95 | area= large | maxDets=100 ] = 0.010
 Average Recall     (AR) @[ IoU=0.50      | area=   all | maxDets=100 ] = 0.100
 Average Recall     (AR) @[ IoU=0.75      | area=   all | maxDets=100 ] = 0.000
best_stat: {'epoch': 5, 'coco_eval_bbox': 6.849741577931379e-05}
Epoch: [12]  [0/8]  eta: 0:00:07  lr: 0.000001  loss: 40.1328 (40.1328)  loss_mal: 2.0977 (2.0977)  loss_bbox: 0.6815 (0.6815)  loss_giou: 1.0599 (1.0599)  loss_fgl: 1.2021 (1.2021)  loss_mal_aux_0: 1.8125 (1.8125)  loss_bbox_aux_0: 0.6779 (0.6779)  loss_giou_aux_0: 1.0587 (1.0587)  loss_fgl_aux_0: 1.1670 (1.1670)  loss_ddf_aux_0: 0.0420 (0.0420)  loss_mal_aux_1: 1.8330 (1.8330)  loss_bbox_aux_1: 0.6775 (0.6775)  loss_giou_aux_1: 1.0502 (1.0502)  loss_fgl_aux_1: 1.1925 (1.1925)  loss_ddf_aux_1: 0.0032 (0.0032)  loss_mal_pre: 1.8242 (1.8242)  loss_bbox_pre: 0.6778 (0.6778)  loss_giou_pre: 1.0598 (1.0598)  loss_mal_enc_0: 1.7207 (1.7207)  loss_bbox_enc_0: 0.7549 (0.7549)  loss_giou_enc_0: 1.1339 (1.1339)  loss_mal_dn_0: 1.3623 (1.3623)  loss_bbox_dn_0: 0.9722 (0.9722)  loss_giou_dn_0: 1.2784 (1.2784)  loss_fgl_dn_0: 1.2327 (1.2327)  loss_ddf_dn_0: 0.1968 (0.1968)  loss_mal_dn_1: 1.7041 (1.7041)  loss_bbox_dn_1: 0.8227 (0.8227)  loss_giou_dn_1: 1.1233 (1.1233)  loss_fgl_dn_1: 1.1291 (1.1291)  loss_ddf_dn_1: 0.0177 (0.0177)  loss_mal_dn_2: 1.9287 (1.9287)  loss_bbox_dn_2: 0.8047 (0.8047)  loss_giou_dn_2: 1.1019 (1.1019)  loss_fgl_dn_2: 1.1212 (1.1212)  loss_mal_dn_pre: 1.3633 (1.3633)  loss_bbox_dn_pre: 0.9657 (0.9657)  loss_giou_dn_pre: 1.2810 (1.2810)  time: 0.9974  data: 0.8586  max mem: 1050
Epoch: [12]  [7/8]  eta: 0:00:00  lr: 0.000001  loss: 39.2875 (40.5404)  loss_mal: 1.7070 (1.9714)  loss_bbox: 0.7960 (0.8438)  loss_giou: 1.2390 (1.2164)  loss_fgl: 0.8613 (0.8792)  loss_mal_aux_0: 1.2764 (1.6058)  loss_bbox_aux_0: 0.7996 (0.8862)  loss_giou_aux_0: 1.2911 (1.2576)  loss_fgl_aux_0: 0.8256 (0.8590)  loss_ddf_aux_0: 0.0282 (0.0335)  loss_mal_aux_1: 1.5947 (1.7742)  loss_bbox_aux_1: 0.7992 (0.8369)  loss_giou_aux_1: 1.2395 (1.2118)  loss_fgl_aux_1: 0.8560 (0.8764)  loss_ddf_aux_1: 0.0027 (0.0029)  loss_mal_pre: 1.2490 (1.5951)  loss_bbox_pre: 0.8002 (0.8959)  loss_giou_pre: 1.3067 (1.2636)  loss_mal_enc_0: 1.2100 (1.4102)  loss_bbox_enc_0: 0.9608 (1.0253)  loss_giou_enc_0: 1.4107 (1.3773)  loss_mal_dn_0: 1.3623 (1.4235)  loss_bbox_dn_0: 0.8852 (1.0928)  loss_giou_dn_0: 1.2179 (1.2356)  loss_fgl_dn_0: 1.1207 (1.1295)  loss_ddf_dn_0: 0.1293 (0.1485)  loss_mal_dn_1: 1.7041 (1.7461)  loss_bbox_dn_1: 0.7954 (0.9460)  loss_giou_dn_1: 1.1225 (1.1086)  loss_fgl_dn_1: 1.0503 (1.0613)  loss_ddf_dn_1: 0.0124 (0.0143)  loss_mal_dn_2: 1.9287 (2.0116)  loss_bbox_dn_2: 0.7688 (0.9098)  loss_giou_dn_2: 1.0970 (1.0732)  loss_fgl_dn_2: 1.0467 (1.0605)  loss_mal_dn_pre: 1.3633 (1.4187)  loss_bbox_dn_pre: 0.8971 (1.0983)  loss_giou_dn_pre: 1.2146 (1.2394)  time: 0.2704  data: 0.1230  max mem: 1050
Epoch: [12] Total time: 0:00:02 (0.2781 s / it)
Averaged stats: lr: 0.000001  loss: 39.2875 (40.5404)  loss_mal: 1.7070 (1.9714)  loss_bbox: 0.7960 (0.8438)  loss_giou: 1.2390 (1.2164)  loss_fgl: 0.8613 (0.8792)  loss_mal_aux_0: 1.2764 (1.6058)  loss_bbox_aux_0: 0.7996 (0.8862)  loss_giou_aux_0: 1.2911 (1.2576)  loss_fgl_aux_0: 0.8256 (0.8590)  loss_ddf_aux_0: 0.0282 (0.0335)  loss_mal_aux_1: 1.5947 (1.7742)  loss_bbox_aux_1: 0.7992 (0.8369)  loss_giou_aux_1: 1.2395 (1.2118)  loss_fgl_aux_1: 0.8560 (0.8764)  loss_ddf_aux_1: 0.0027 (0.0029)  loss_mal_pre: 1.2490 (1.5951)  loss_bbox_pre: 0.8002 (0.8959)  loss_giou_pre: 1.3067 (1.2636)  loss_mal_enc_0: 1.2100 (1.4102)  loss_bbox_enc_0: 0.9608 (1.0253)  loss_giou_enc_0: 1.4107 (1.3773)  loss_mal_dn_0: 1.3623 (1.4235)  loss_bbox_dn_0: 0.8852 (1.0928)  loss_giou_dn_0: 1.2179 (1.2356)  loss_fgl_dn_0: 1.1207 (1.1295)  loss_ddf_dn_0: 0.1293 (0.1485)  loss_mal_dn_1: 1.7041 (1.7461)  loss_bbox_dn_1: 0.7954 (0.9460)  loss_giou_dn_1: 1.1225 (1.1086)  loss_fgl_dn_1: 1.0503 (1.0613)  loss_ddf_dn_1: 0.0124 (0.0143)  loss_mal_dn_2: 1.9287 (2.0116)  loss_bbox_dn_2: 0.7688 (0.9098)  loss_giou_dn_2: 1.0970 (1.0732)  loss_fgl_dn_2: 1.0467 (1.0605)  loss_mal_dn_pre: 1.3633 (1.4187)  loss_bbox_dn_pre: 0.8971 (1.0983)  loss_giou_dn_pre: 1.2146 (1.2394)
Test:  [0/4]  eta: 0:00:01    time: 0.3424  data: 0.3141  max mem: 1050
Test:  [3/4]  eta: 0:00:00    time: 0.1030  data: 0.0805  max mem: 1050
Test: Total time: 0:00:00 (0.1225 s / it)
Averaged stats: 
Accumulating evaluation results...
COCOeval_opt.accumulate() finished...
DONE (t=0.00s).
IoU metric: bbox
 Average Precision  (AP) @[ IoU=0.50:0.95 | area=   all | maxDets=100 ] = 0.000
 Average Precision  (AP) @[ IoU=0.50      | area=   all | maxDets=100 ] = 0.000
 Average Precision  (AP) @[ IoU=0.75      | area=   all | maxDets=100 ] = 0.000
 Average Precision  (AP) @[ IoU=0.50:0.95 | area= small | maxDets=100 ] = -1.000
 Average Precision  (AP) @[ IoU=0.50:0.95 | area=medium | maxDets=100 ] = -1.000
 Average Precision  (AP) @[ IoU=0.50:0.95 | area= large | maxDets=100 ] = 0.000
 Average Recall     (AR) @[ IoU=0.50:0.95 | area=   all | maxDets=  1 ] = 0.000
 Average Recall     (AR) @[ IoU=0.50:0.95 | area=   all | maxDets= 10 ] = 0.000
 Average Recall     (AR) @[ IoU=0.50:0.95 | area=   all | maxDets=100 ] = 0.010
 Average Recall     (AR) @[ IoU=0.50:0.95 | area= small | maxDets=100 ] = -1.000
 Average Recall     (AR) @[ IoU=0.50:0.95 | area=medium | maxDets=100 ] = -1.000
 Average Recall     (AR) @[ IoU=0.50:0.95 | area= large | maxDets=100 ] = 0.010
 Average Recall     (AR) @[ IoU=0.50      | area=   all | maxDets=100 ] = 0.067
 Average Recall     (AR) @[ IoU=0.75      | area=   all | maxDets=100 ] = 0.000
best_stat: {'epoch': 5, 'coco_eval_bbox': 6.849741577931379e-05}
Epoch: [13]  [0/8]  eta: 0:00:07  lr: 0.000001  loss: 37.5412 (37.5412)  loss_mal: 1.1357 (1.1357)  loss_bbox: 1.0703 (1.0703)  loss_giou: 1.6359 (1.6359)  loss_fgl: 0.6835 (0.6835)  loss_mal_aux_0: 0.8721 (0.8721)  loss_bbox_aux_0: 1.0827 (1.0827)  loss_giou_aux_0: 1.6857 (1.6857)  loss_fgl_aux_0: 0.6323 (0.6323)  loss_ddf_aux_0: 0.0210 (0.0210)  loss_mal_aux_1: 0.9326 (0.9326)  loss_bbox_aux_1: 1.0785 (1.0785)  loss_giou_aux_1: 1.6563 (1.6563)  loss_fgl_aux_1: 0.6783 (0.6783)  loss_ddf_aux_1: 0.0035 (0.0035)  loss_mal_pre: 0.8682 (0.8682)  loss_bbox_pre: 1.0837 (1.0837)  loss_giou_pre: 1.6880 (1.6880)  loss_mal_enc_0: 0.8159 (0.8159)  loss_bbox_enc_0: 1.1298 (1.1298)  loss_giou_enc_0: 1.7609 (1.7609)  loss_mal_dn_0: 1.2939 (1.2939)  loss_bbox_dn_0: 0.7003 (0.7003)  loss_giou_dn_0: 1.3145 (1.3145)  loss_fgl_dn_0: 1.0755 (1.0755)  loss_ddf_dn_0: 0.1196 (0.1196)  loss_mal_dn_1: 1.7617 (1.7617)  loss_bbox_dn_1: 0.5767 (0.5767)  loss_giou_dn_1: 1.1364 (1.1364)  loss_fgl_dn_1: 1.0381 (1.0381)  loss_ddf_dn_1: 0.0095 (0.0095)  loss_mal_dn_2: 1.9707 (1.9707)  loss_bbox_dn_2: 0.5718 (0.5718)  loss_giou_dn_2: 1.1072 (1.1072)  loss_fgl_dn_2: 1.0427 (1.0427)  loss_mal_dn_pre: 1.3096 (1.3096)  loss_bbox_dn_pre: 0.6917 (0.6917)  loss_giou_dn_pre: 1.3062 (1.3062)  time: 0.9982  data: 0.8756  max mem: 1050
Epoch: [13]  [7/8]  eta: 0:00:00  lr: 0.000001  loss: 39.0622 (40.3983)  loss_mal: 1.4521 (1.6217)  loss_bbox: 1.0703 (1.0622)  loss_giou: 1.3050 (1.4193)  loss_fgl: 0.6835 (0.8488)  loss_mal_aux_0: 1.1855 (1.3184)  loss_bbox_aux_0: 1.0827 (1.0733)  loss_giou_aux_0: 1.3255 (1.4488)  loss_fgl_aux_0: 0.6495 (0.8327)  loss_ddf_aux_0: 0.0210 (0.0287)  loss_mal_aux_1: 1.2402 (1.4263)  loss_bbox_aux_1: 1.0785 (1.0653)  loss_giou_aux_1: 1.3042 (1.4252)  loss_fgl_aux_1: 0.6783 (0.8496)  loss_ddf_aux_1: 0.0026 (0.0032)  loss_mal_pre: 1.1807 (1.3176)  loss_bbox_pre: 1.0837 (1.0887)  loss_giou_pre: 1.3444 (1.4521)  loss_mal_enc_0: 1.1416 (1.2239)  loss_bbox_enc_0: 1.1298 (1.1585)  loss_giou_enc_0: 1.3671 (1.5213)  loss_mal_dn_0: 1.2744 (1.2688)  loss_bbox_dn_0: 0.9509 (1.0018)  loss_giou_dn_0: 1.3081 (1.3221)  loss_fgl_dn_0: 1.0906 (1.1731)  loss_ddf_dn_0: 0.1302 (0.1502)  loss_mal_dn_1: 1.5918 (1.5658)  loss_bbox_dn_1: 0.8285 (0.8795)  loss_giou_dn_1: 1.1673 (1.1968)  loss_fgl_dn_1: 1.0381 (1.1151)  loss_ddf_dn_1: 0.0096 (0.0135)  loss_mal_dn_2: 1.8223 (1.7809)  loss_bbox_dn_2: 0.7976 (0.8601)  loss_giou_dn_2: 1.1467 (1.1749)  loss_fgl_dn_2: 1.0421 (1.1160)  loss_mal_dn_pre: 1.2705 (1.2695)  loss_bbox_dn_pre: 0.9528 (1.0027)  loss_giou_dn_pre: 1.3062 (1.3218)  time: 0.2231  data: 0.1107  max mem: 1050
Epoch: [13] Total time: 0:00:01 (0.2331 s / it)
Averaged stats: lr: 0.000001  loss: 39.0622 (40.3983)  loss_mal: 1.4521 (1.6217)  loss_bbox: 1.0703 (1.0622)  loss_giou: 1.3050 (1.4193)  loss_fgl: 0.6835 (0.8488)  loss_mal_aux_0: 1.1855 (1.3184)  loss_bbox_aux_0: 1.0827 (1.0733)  loss_giou_aux_0: 1.3255 (1.4488)  loss_fgl_aux_0: 0.6495 (0.8327)  loss_ddf_aux_0: 0.0210 (0.0287)  loss_mal_aux_1: 1.2402 (1.4263)  loss_bbox_aux_1: 1.0785 (1.0653)  loss_giou_aux_1: 1.3042 (1.4252)  loss_fgl_aux_1: 0.6783 (0.8496)  loss_ddf_aux_1: 0.0026 (0.0032)  loss_mal_pre: 1.1807 (1.3176)  loss_bbox_pre: 1.0837 (1.0887)  loss_giou_pre: 1.3444 (1.4521)  loss_mal_enc_0: 1.1416 (1.2239)  loss_bbox_enc_0: 1.1298 (1.1585)  loss_giou_enc_0: 1.3671 (1.5213)  loss_mal_dn_0: 1.2744 (1.2688)  loss_bbox_dn_0: 0.9509 (1.0018)  loss_giou_dn_0: 1.3081 (1.3221)  loss_fgl_dn_0: 1.0906 (1.1731)  loss_ddf_dn_0: 0.1302 (0.1502)  loss_mal_dn_1: 1.5918 (1.5658)  loss_bbox_dn_1: 0.8285 (0.8795)  loss_giou_dn_1: 1.1673 (1.1968)  loss_fgl_dn_1: 1.0381 (1.1151)  loss_ddf_dn_1: 0.0096 (0.0135)  loss_mal_dn_2: 1.8223 (1.7809)  loss_bbox_dn_2: 0.7976 (0.8601)  loss_giou_dn_2: 1.1467 (1.1749)  loss_fgl_dn_2: 1.0421 (1.1160)  loss_mal_dn_pre: 1.2705 (1.2695)  loss_bbox_dn_pre: 0.9528 (1.0027)  loss_giou_dn_pre: 1.3062 (1.3218)
Test:  [0/4]  eta: 0:00:01    time: 0.3693  data: 0.3485  max mem: 1050
Test:  [3/4]  eta: 0:00:00    time: 0.1107  data: 0.0892  max mem: 1050
Test: Total time: 0:00:00 (0.1286 s / it)
Averaged stats: 
Accumulating evaluation results...
COCOeval_opt.accumulate() finished...
DONE (t=0.00s).
IoU metric: bbox
 Average Precision  (AP) @[ IoU=0.50:0.95 | area=   all | maxDets=100 ] = 0.000
 Average Precision  (AP) @[ IoU=0.50      | area=   all | maxDets=100 ] = 0.000
 Average Precision  (AP) @[ IoU=0.75      | area=   all | maxDets=100 ] = 0.000
 Average Precision  (AP) @[ IoU=0.50:0.95 | area= small | maxDets=100 ] = -1.000
 Average Precision  (AP) @[ IoU=0.50:0.95 | area=medium | maxDets=100 ] = -1.000
 Average Precision  (AP) @[ IoU=0.50:0.95 | area= large | maxDets=100 ] = 0.000
 Average Recall     (AR) @[ IoU=0.50:0.95 | area=   all | maxDets=  1 ] = 0.000
 Average Recall     (AR) @[ IoU=0.50:0.95 | area=   all | maxDets= 10 ] = 0.000
 Average Recall     (AR) @[ IoU=0.50:0.95 | area=   all | maxDets=100 ] = 0.007
 Average Recall     (AR) @[ IoU=0.50:0.95 | area= small | maxDets=100 ] = -1.000
 Average Recall     (AR) @[ IoU=0.50:0.95 | area=medium | maxDets=100 ] = -1.000
 Average Recall     (AR) @[ IoU=0.50:0.95 | area= large | maxDets=100 ] = 0.007
 Average Recall     (AR) @[ IoU=0.50      | area=   all | maxDets=100 ] = 0.067
 Average Recall     (AR) @[ IoU=0.75      | area=   all | maxDets=100 ] = 0.000
best_stat: {'epoch': 5, 'coco_eval_bbox': 6.849741577931379e-05}
Epoch: [14]  [0/8]  eta: 0:00:05  lr: 0.000001  loss: 45.0881 (45.0881)  loss_mal: 3.1738 (3.1738)  loss_bbox: 0.8302 (0.8302)  loss_giou: 0.7844 (0.7844)  loss_fgl: 1.2554 (1.2554)  loss_mal_aux_0: 2.4570 (2.4570)  loss_bbox_aux_0: 0.9282 (0.9282)  loss_giou_aux_0: 0.8574 (0.8574)  loss_fgl_aux_0: 1.2040 (1.2040)  loss_ddf_aux_0: 0.0271 (0.0271)  loss_mal_aux_1: 2.7480 (2.7480)  loss_bbox_aux_1: 0.8174 (0.8174)  loss_giou_aux_1: 0.7848 (0.7848)  loss_fgl_aux_1: 1.2465 (1.2465)  loss_ddf_aux_1: 0.0023 (0.0023)  loss_mal_pre: 2.4512 (2.4512)  loss_bbox_pre: 0.9204 (0.9204)  loss_giou_pre: 0.8600 (0.8600)  loss_mal_enc_0: 2.4355 (2.4355)  loss_bbox_enc_0: 0.9313 (0.9313)  loss_giou_enc_0: 0.8803 (0.8803)  loss_mal_dn_0: 1.6182 (1.6182)  loss_bbox_dn_0: 1.1675 (1.1675)  loss_giou_dn_0: 1.1277 (1.1277)  loss_fgl_dn_0: 1.1821 (1.1821)  loss_ddf_dn_0: 0.1624 (0.1624)  loss_mal_dn_1: 1.9502 (1.9502)  loss_bbox_dn_1: 0.9781 (0.9781)  loss_giou_dn_1: 0.9667 (0.9667)  loss_fgl_dn_1: 1.1200 (1.1200)  loss_ddf_dn_1: 0.0174 (0.0174)  loss_mal_dn_2: 2.2539 (2.2539)  loss_bbox_dn_2: 0.9562 (0.9562)  loss_giou_dn_2: 0.9386 (0.9386)  loss_fgl_dn_2: 1.1227 (1.1227)  loss_mal_dn_pre: 1.6221 (1.6221)  loss_bbox_dn_pre: 1.1811 (1.1811)  loss_giou_dn_pre: 1.1282 (1.1282)  time: 0.6967  data: 0.5305  max mem: 1050
Epoch: [14]  [7/8]  eta: 0:00:00  lr: 0.000001  loss: 38.3645 (39.5892)  loss_mal: 1.8096 (1.9430)  loss_bbox: 0.8872 (0.8461)  loss_giou: 1.1825 (1.2102)  loss_fgl: 0.9340 (0.9351)  loss_mal_aux_0: 1.4629 (1.5370)  loss_bbox_aux_0: 0.8932 (0.8762)  loss_giou_aux_0: 1.2565 (1.2592)  loss_fgl_aux_0: 0.9069 (0.9103)  loss_ddf_aux_0: 0.0238 (0.0294)  loss_mal_aux_1: 1.5830 (1.7146)  loss_bbox_aux_1: 0.8886 (0.8452)  loss_giou_aux_1: 1.1960 (1.2182)  loss_fgl_aux_1: 0.9338 (0.9297)  loss_ddf_aux_1: 0.0024 (0.0028)  loss_mal_pre: 1.4697 (1.5287)  loss_bbox_pre: 0.9044 (0.8803)  loss_giou_pre: 1.2622 (1.2618)  loss_mal_enc_0: 1.3809 (1.4796)  loss_bbox_enc_0: 0.9320 (0.9589)  loss_giou_enc_0: 1.3197 (1.3269)  loss_mal_dn_0: 1.3145 (1.3838)  loss_bbox_dn_0: 0.8921 (0.9047)  loss_giou_dn_0: 1.2751 (1.2480)  loss_fgl_dn_0: 1.1188 (1.1405)  loss_ddf_dn_0: 0.1505 (0.1482)  loss_mal_dn_1: 1.6260 (1.6755)  loss_bbox_dn_1: 0.7812 (0.7847)  loss_giou_dn_1: 1.1554 (1.1310)  loss_fgl_dn_1: 1.0429 (1.0703)  loss_ddf_dn_1: 0.0123 (0.0143)  loss_mal_dn_2: 1.8770 (1.9224)  loss_bbox_dn_2: 0.7670 (0.7629)  loss_giou_dn_2: 1.1213 (1.1007)  loss_fgl_dn_2: 1.0413 (1.0709)  loss_mal_dn_pre: 1.3135 (1.3849)  loss_bbox_dn_pre: 0.8826 (0.9039)  loss_giou_dn_pre: 1.2695 (1.2493)  time: 0.2051  data: 0.0718  max mem: 1050
Epoch: [14] Total time: 0:00:01 (0.2137 s / it)
Averaged stats: lr: 0.000001  loss: 38.3645 (39.5892)  loss_mal: 1.8096 (1.9430)  loss_bbox: 0.8872 (0.8461)  loss_giou: 1.1825 (1.2102)  loss_fgl: 0.9340 (0.9351)  loss_mal_aux_0: 1.4629 (1.5370)  loss_bbox_aux_0: 0.8932 (0.8762)  loss_giou_aux_0: 1.2565 (1.2592)  loss_fgl_aux_0: 0.9069 (0.9103)  loss_ddf_aux_0: 0.0238 (0.0294)  loss_mal_aux_1: 1.5830 (1.7146)  loss_bbox_aux_1: 0.8886 (0.8452)  loss_giou_aux_1: 1.1960 (1.2182)  loss_fgl_aux_1: 0.9338 (0.9297)  loss_ddf_aux_1: 0.0024 (0.0028)  loss_mal_pre: 1.4697 (1.5287)  loss_bbox_pre: 0.9044 (0.8803)  loss_giou_pre: 1.2622 (1.2618)  loss_mal_enc_0: 1.3809 (1.4796)  loss_bbox_enc_0: 0.9320 (0.9589)  loss_giou_enc_0: 1.3197 (1.3269)  loss_mal_dn_0: 1.3145 (1.3838)  loss_bbox_dn_0: 0.8921 (0.9047)  loss_giou_dn_0: 1.2751 (1.2480)  loss_fgl_dn_0: 1.1188 (1.1405)  loss_ddf_dn_0: 0.1505 (0.1482)  loss_mal_dn_1: 1.6260 (1.6755)  loss_bbox_dn_1: 0.7812 (0.7847)  loss_giou_dn_1: 1.1554 (1.1310)  loss_fgl_dn_1: 1.0429 (1.0703)  loss_ddf_dn_1: 0.0123 (0.0143)  loss_mal_dn_2: 1.8770 (1.9224)  loss_bbox_dn_2: 0.7670 (0.7629)  loss_giou_dn_2: 1.1213 (1.1007)  loss_fgl_dn_2: 1.0413 (1.0709)  loss_mal_dn_pre: 1.3135 (1.3849)  loss_bbox_dn_pre: 0.8826 (0.9039)  loss_giou_dn_pre: 1.2695 (1.2493)
Test:  [0/4]  eta: 0:00:01    time: 0.3614  data: 0.3402  max mem: 1050
Test:  [3/4]  eta: 0:00:00    time: 0.1032  data: 0.0871  max mem: 1050
Test: Total time: 0:00:00 (0.1224 s / it)
Averaged stats: 
Accumulating evaluation results...
COCOeval_opt.accumulate() finished...
DONE (t=0.00s).
IoU metric: bbox
 Average Precision  (AP) @[ IoU=0.50:0.95 | area=   all | maxDets=100 ] = 0.000
 Average Precision  (AP) @[ IoU=0.50      | area=   all | maxDets=100 ] = 0.000
 Average Precision  (AP) @[ IoU=0.75      | area=   all | maxDets=100 ] = 0.000
 Average Precision  (AP) @[ IoU=0.50:0.95 | area= small | maxDets=100 ] = -1.000
 Average Precision  (AP) @[ IoU=0.50:0.95 | area=medium | maxDets=100 ] = -1.000
 Average Precision  (AP) @[ IoU=0.50:0.95 | area= large | maxDets=100 ] = 0.000
 Average Recall     (AR) @[ IoU=0.50:0.95 | area=   all | maxDets=  1 ] = 0.000
 Average Recall     (AR) @[ IoU=0.50:0.95 | area=   all | maxDets= 10 ] = 0.000
 Average Recall     (AR) @[ IoU=0.50:0.95 | area=   all | maxDets=100 ] = 0.020
 Average Recall     (AR) @[ IoU=0.50:0.95 | area= small | maxDets=100 ] = -1.000
 Average Recall     (AR) @[ IoU=0.50:0.95 | area=medium | maxDets=100 ] = -1.000
 Average Recall     (AR) @[ IoU=0.50:0.95 | area= large | maxDets=100 ] = 0.020
 Average Recall     (AR) @[ IoU=0.50      | area=   all | maxDets=100 ] = 0.133
 Average Recall     (AR) @[ IoU=0.75      | area=   all | maxDets=100 ] = 0.000
best_stat: {'epoch': 5, 'coco_eval_bbox': 6.849741577931379e-05}
Epoch: [15]  [0/8]  eta: 0:00:08  lr: 0.000001  loss: 40.1170 (40.1170)  loss_mal: 2.0020 (2.0020)  loss_bbox: 0.9058 (0.9058)  loss_giou: 1.2693 (1.2693)  loss_fgl: 0.8268 (0.8268)  loss_mal_aux_0: 1.6113 (1.6113)  loss_bbox_aux_0: 0.9111 (0.9111)  loss_giou_aux_0: 1.3129 (1.3129)  loss_fgl_aux_0: 0.8184 (0.8184)  loss_ddf_aux_0: 0.0199 (0.0199)  loss_mal_aux_1: 1.7910 (1.7910)  loss_bbox_aux_1: 0.9087 (0.9087)  loss_giou_aux_1: 1.2746 (1.2746)  loss_fgl_aux_1: 0.8210 (0.8210)  loss_ddf_aux_1: 0.0019 (0.0019)  loss_mal_pre: 1.6074 (1.6074)  loss_bbox_pre: 0.9103 (0.9103)  loss_giou_pre: 1.3113 (1.3113)  loss_mal_enc_0: 1.5225 (1.5225)  loss_bbox_enc_0: 0.9531 (0.9531)  loss_giou_enc_0: 1.4128 (1.4128)  loss_mal_dn_0: 1.5352 (1.5352)  loss_bbox_dn_0: 0.8099 (0.8099)  loss_giou_dn_0: 1.1469 (1.1469)  loss_fgl_dn_0: 1.1356 (1.1356)  loss_ddf_dn_0: 0.1649 (0.1649)  loss_mal_dn_1: 1.9023 (1.9023)  loss_bbox_dn_1: 0.7086 (0.7086)  loss_giou_dn_1: 1.0403 (1.0403)  loss_fgl_dn_1: 1.0610 (1.0610)  loss_ddf_dn_1: 0.0139 (0.0139)  loss_mal_dn_2: 2.1660 (2.1660)  loss_bbox_dn_2: 0.6805 (0.6805)  loss_giou_dn_2: 1.0019 (1.0019)  loss_fgl_dn_2: 1.0675 (1.0675)  loss_mal_dn_pre: 1.5322 (1.5322)  loss_bbox_dn_pre: 0.8101 (0.8101)  loss_giou_dn_pre: 1.1481 (1.1481)  time: 1.0161  data: 0.8882  max mem: 1050
Epoch: [15]  [7/8]  eta: 0:00:00  lr: 0.000002  loss: 38.0579 (38.3176)  loss_mal: 1.3848 (1.4395)  loss_bbox: 0.9312 (0.9615)  loss_giou: 1.5224 (1.5031)  loss_fgl: 0.6528 (0.7258)  loss_mal_aux_0: 1.0908 (1.1798)  loss_bbox_aux_0: 0.9334 (0.9701)  loss_giou_aux_0: 1.5451 (1.5336)  loss_fgl_aux_0: 0.6576 (0.7197)  loss_ddf_aux_0: 0.0215 (0.0215)  loss_mal_aux_1: 1.2393 (1.2941)  loss_bbox_aux_1: 0.9317 (0.9624)  loss_giou_aux_1: 1.5194 (1.5054)  loss_fgl_aux_1: 0.6584 (0.7268)  loss_ddf_aux_1: 0.0018 (0.0019)  loss_mal_pre: 1.0918 (1.1714)  loss_bbox_pre: 0.9412 (0.9733)  loss_giou_pre: 1.5487 (1.5377)  loss_mal_enc_0: 1.0293 (1.0530)  loss_bbox_enc_0: 0.9607 (1.0625)  loss_giou_enc_0: 1.6539 (1.6443)  loss_mal_dn_0: 1.3604 (1.3503)  loss_bbox_dn_0: 0.8092 (0.8117)  loss_giou_dn_0: 1.2442 (1.2541)  loss_fgl_dn_0: 1.0992 (1.0930)  loss_ddf_dn_0: 0.1394 (0.1399)  loss_mal_dn_1: 1.6709 (1.6913)  loss_bbox_dn_1: 0.6550 (0.6824)  loss_giou_dn_1: 1.1181 (1.1302)  loss_fgl_dn_1: 1.0365 (1.0299)  loss_ddf_dn_1: 0.0120 (0.0122)  loss_mal_dn_2: 1.8574 (1.9404)  loss_bbox_dn_2: 0.6171 (0.6543)  loss_giou_dn_2: 1.0845 (1.0914)  loss_fgl_dn_2: 1.0338 (1.0324)  loss_mal_dn_pre: 1.3516 (1.3511)  loss_bbox_dn_pre: 0.8018 (0.8113)  loss_giou_dn_pre: 1.2435 (1.2541)  time: 0.2523  data: 0.1185  max mem: 1050
Epoch: [15] Total time: 0:00:02 (0.2636 s / it)
Averaged stats: lr: 0.000002  loss: 38.0579 (38.3176)  loss_mal: 1.3848 (1.4395)  loss_bbox: 0.9312 (0.9615)  loss_giou: 1.5224 (1.5031)  loss_fgl: 0.6528 (0.7258)  loss_mal_aux_0: 1.0908 (1.1798)  loss_bbox_aux_0: 0.9334 (0.9701)  loss_giou_aux_0: 1.5451 (1.5336)  loss_fgl_aux_0: 0.6576 (0.7197)  loss_ddf_aux_0: 0.0215 (0.0215)  loss_mal_aux_1: 1.2393 (1.2941)  loss_bbox_aux_1: 0.9317 (0.9624)  loss_giou_aux_1: 1.5194 (1.5054)  loss_fgl_aux_1: 0.6584 (0.7268)  loss_ddf_aux_1: 0.0018 (0.0019)  loss_mal_pre: 1.0918 (1.1714)  loss_bbox_pre: 0.9412 (0.9733)  loss_giou_pre: 1.5487 (1.5377)  loss_mal_enc_0: 1.0293 (1.0530)  loss_bbox_enc_0: 0.9607 (1.0625)  loss_giou_enc_0: 1.6539 (1.6443)  loss_mal_dn_0: 1.3604 (1.3503)  loss_bbox_dn_0: 0.8092 (0.8117)  loss_giou_dn_0: 1.2442 (1.2541)  loss_fgl_dn_0: 1.0992 (1.0930)  loss_ddf_dn_0: 0.1394 (0.1399)  loss_mal_dn_1: 1.6709 (1.6913)  loss_bbox_dn_1: 0.6550 (0.6824)  loss_giou_dn_1: 1.1181 (1.1302)  loss_fgl_dn_1: 1.0365 (1.0299)  loss_ddf_dn_1: 0.0120 (0.0122)  loss_mal_dn_2: 1.8574 (1.9404)  loss_bbox_dn_2: 0.6171 (0.6543)  loss_giou_dn_2: 1.0845 (1.0914)  loss_fgl_dn_2: 1.0338 (1.0324)  loss_mal_dn_pre: 1.3516 (1.3511)  loss_bbox_dn_pre: 0.8018 (0.8113)  loss_giou_dn_pre: 1.2435 (1.2541)
Test:  [0/4]  eta: 0:00:01    time: 0.3537  data: 0.3292  max mem: 1050
Test:  [3/4]  eta: 0:00:00    time: 0.1030  data: 0.0842  max mem: 1050
Test: Total time: 0:00:00 (0.1181 s / it)
Averaged stats: 
Accumulating evaluation results...
COCOeval_opt.accumulate() finished...
DONE (t=0.00s).
IoU metric: bbox
 Average Precision  (AP) @[ IoU=0.50:0.95 | area=   all | maxDets=100 ] = 0.000
 Average Precision  (AP) @[ IoU=0.50      | area=   all | maxDets=100 ] = 0.001
 Average Precision  (AP) @[ IoU=0.75      | area=   all | maxDets=100 ] = 0.000
 Average Precision  (AP) @[ IoU=0.50:0.95 | area= small | maxDets=100 ] = -1.000
 Average Precision  (AP) @[ IoU=0.50:0.95 | area=medium | maxDets=100 ] = -1.000
 Average Precision  (AP) @[ IoU=0.50:0.95 | area= large | maxDets=100 ] = 0.000
 Average Recall     (AR) @[ IoU=0.50:0.95 | area=   all | maxDets=  1 ] = 0.000
 Average Recall     (AR) @[ IoU=0.50:0.95 | area=   all | maxDets= 10 ] = 0.003
 Average Recall     (AR) @[ IoU=0.50:0.95 | area=   all | maxDets=100 ] = 0.020
 Average Recall     (AR) @[ IoU=0.50:0.95 | area= small | maxDets=100 ] = -1.000
 Average Recall     (AR) @[ IoU=0.50:0.95 | area=medium | maxDets=100 ] = -1.000
 Average Recall     (AR) @[ IoU=0.50:0.95 | area= large | maxDets=100 ] = 0.020
 Average Recall     (AR) @[ IoU=0.50      | area=   all | maxDets=100 ] = 0.133
 Average Recall     (AR) @[ IoU=0.75      | area=   all | maxDets=100 ] = 0.000
best_stat: {'epoch': 15, 'coco_eval_bbox': 8.432563883354221e-05}
Epoch: [16]  [0/8]  eta: 0:00:07  lr: 0.000002  loss: 37.4165 (37.4165)  loss_mal: 2.2871 (2.2871)  loss_bbox: 0.5677 (0.5677)  loss_giou: 1.0437 (1.0437)  loss_fgl: 0.8799 (0.8799)  loss_mal_aux_0: 1.8105 (1.8105)  loss_bbox_aux_0: 0.5812 (0.5812)  loss_giou_aux_0: 1.0857 (1.0857)  loss_fgl_aux_0: 0.8950 (0.8950)  loss_ddf_aux_0: 0.0239 (0.0239)  loss_mal_aux_1: 1.9141 (1.9141)  loss_bbox_aux_1: 0.5752 (0.5752)  loss_giou_aux_1: 1.0546 (1.0546)  loss_fgl_aux_1: 0.8827 (0.8827)  loss_ddf_aux_1: 0.0015 (0.0015)  loss_mal_pre: 1.8125 (1.8125)  loss_bbox_pre: 0.5860 (0.5860)  loss_giou_pre: 1.0873 (1.0873)  loss_mal_enc_0: 1.5547 (1.5547)  loss_bbox_enc_0: 0.6354 (0.6354)  loss_giou_enc_0: 1.2162 (1.2162)  loss_mal_dn_0: 1.3154 (1.3154)  loss_bbox_dn_0: 0.6412 (0.6412)  loss_giou_dn_0: 1.2943 (1.2943)  loss_fgl_dn_0: 1.1447 (1.1447)  loss_ddf_dn_0: 0.1286 (0.1286)  loss_mal_dn_1: 1.6895 (1.6895)  loss_bbox_dn_1: 0.5635 (0.5635)  loss_giou_dn_1: 1.1450 (1.1450)  loss_fgl_dn_1: 1.0775 (1.0775)  loss_ddf_dn_1: 0.0104 (0.0104)  loss_mal_dn_2: 1.9473 (1.9473)  loss_bbox_dn_2: 0.5403 (0.5403)  loss_giou_dn_2: 1.1095 (1.1095)  loss_fgl_dn_2: 1.0716 (1.0716)  loss_mal_dn_pre: 1.3174 (1.3174)  loss_bbox_dn_pre: 0.6327 (0.6327)  loss_giou_dn_pre: 1.2928 (1.2928)  time: 0.9939  data: 0.8761  max mem: 1050
Epoch: [16]  [7/8]  eta: 0:00:00  lr: 0.000002  loss: 39.2389 (39.1617)  loss_mal: 1.5332 (1.6925)  loss_bbox: 0.9096 (0.9166)  loss_giou: 1.2415 (1.3366)  loss_fgl: 0.7529 (0.8040)  loss_mal_aux_0: 1.3604 (1.4178)  loss_bbox_aux_0: 0.9386 (0.9357)  loss_giou_aux_0: 1.3113 (1.3700)  loss_fgl_aux_0: 0.7297 (0.7894)  loss_ddf_aux_0: 0.0239 (0.0222)  loss_mal_aux_1: 1.4355 (1.4901)  loss_bbox_aux_1: 0.9157 (0.9182)  loss_giou_aux_1: 1.2479 (1.3433)  loss_fgl_aux_1: 0.7486 (0.7996)  loss_ddf_aux_1: 0.0019 (0.0020)  loss_mal_pre: 1.3848 (1.4164)  loss_bbox_pre: 0.9458 (0.9337)  loss_giou_pre: 1.3121 (1.3690)  loss_mal_enc_0: 1.4023 (1.3146)  loss_bbox_enc_0: 0.9443 (1.0017)  loss_giou_enc_0: 1.3611 (1.4349)  loss_mal_dn_0: 1.3154 (1.3585)  loss_bbox_dn_0: 0.9022 (0.9107)  loss_giou_dn_0: 1.2743 (1.2717)  loss_fgl_dn_0: 1.1297 (1.1374)  loss_ddf_dn_0: 0.1342 (0.1430)  loss_mal_dn_1: 1.6543 (1.6599)  loss_bbox_dn_1: 0.7503 (0.7896)  loss_giou_dn_1: 1.1325 (1.1473)  loss_fgl_dn_1: 1.0463 (1.0560)  loss_ddf_dn_1: 0.0128 (0.0129)  loss_mal_dn_2: 1.9424 (1.8912)  loss_bbox_dn_2: 0.7381 (0.7691)  loss_giou_dn_2: 1.0882 (1.1177)  loss_fgl_dn_2: 1.0454 (1.0504)  loss_mal_dn_pre: 1.3174 (1.3540)  loss_bbox_dn_pre: 0.8897 (0.9093)  loss_giou_dn_pre: 1.2708 (1.2745)  time: 0.2239  data: 0.1112  max mem: 1050
Epoch: [16] Total time: 0:00:01 (0.2335 s / it)
Averaged stats: lr: 0.000002  loss: 39.2389 (39.1617)  loss_mal: 1.5332 (1.6925)  loss_bbox: 0.9096 (0.9166)  loss_giou: 1.2415 (1.3366)  loss_fgl: 0.7529 (0.8040)  loss_mal_aux_0: 1.3604 (1.4178)  loss_bbox_aux_0: 0.9386 (0.9357)  loss_giou_aux_0: 1.3113 (1.3700)  loss_fgl_aux_0: 0.7297 (0.7894)  loss_ddf_aux_0: 0.0239 (0.0222)  loss_mal_aux_1: 1.4355 (1.4901)  loss_bbox_aux_1: 0.9157 (0.9182)  loss_giou_aux_1: 1.2479 (1.3433)  loss_fgl_aux_1: 0.7486 (0.7996)  loss_ddf_aux_1: 0.0019 (0.0020)  loss_mal_pre: 1.3848 (1.4164)  loss_bbox_pre: 0.9458 (0.9337)  loss_giou_pre: 1.3121 (1.3690)  loss_mal_enc_0: 1.4023 (1.3146)  loss_bbox_enc_0: 0.9443 (1.0017)  loss_giou_enc_0: 1.3611 (1.4349)  loss_mal_dn_0: 1.3154 (1.3585)  loss_bbox_dn_0: 0.9022 (0.9107)  loss_giou_dn_0: 1.2743 (1.2717)  loss_fgl_dn_0: 1.1297 (1.1374)  loss_ddf_dn_0: 0.1342 (0.1430)  loss_mal_dn_1: 1.6543 (1.6599)  loss_bbox_dn_1: 0.7503 (0.7896)  loss_giou_dn_1: 1.1325 (1.1473)  loss_fgl_dn_1: 1.0463 (1.0560)  loss_ddf_dn_1: 0.0128 (0.0129)  loss_mal_dn_2: 1.9424 (1.8912)  loss_bbox_dn_2: 0.7381 (0.7691)  loss_giou_dn_2: 1.0882 (1.1177)  loss_fgl_dn_2: 1.0454 (1.0504)  loss_mal_dn_pre: 1.3174 (1.3540)  loss_bbox_dn_pre: 0.8897 (0.9093)  loss_giou_dn_pre: 1.2708 (1.2745)
Test:  [0/4]  eta: 0:00:01    time: 0.3883  data: 0.3635  max mem: 1050
Test:  [3/4]  eta: 0:00:00    time: 0.1137  data: 0.0932  max mem: 1050
Test: Total time: 0:00:00 (0.1342 s / it)
Averaged stats: 
Accumulating evaluation results...
COCOeval_opt.accumulate() finished...
DONE (t=0.00s).
IoU metric: bbox
 Average Precision  (AP) @[ IoU=0.50:0.95 | area=   all | maxDets=100 ] = 0.000
 Average Precision  (AP) @[ IoU=0.50      | area=   all | maxDets=100 ] = 0.001
 Average Precision  (AP) @[ IoU=0.75      | area=   all | maxDets=100 ] = 0.000
 Average Precision  (AP) @[ IoU=0.50:0.95 | area= small | maxDets=100 ] = -1.000
 Average Precision  (AP) @[ IoU=0.50:0.95 | area=medium | maxDets=100 ] = -1.000
 Average Precision  (AP) @[ IoU=0.50:0.95 | area= large | maxDets=100 ] = 0.000
 Average Recall     (AR) @[ IoU=0.50:0.95 | area=   all | maxDets=  1 ] = 0.000
 Average Recall     (AR) @[ IoU=0.50:0.95 | area=   all | maxDets= 10 ] = 0.000
 Average Recall     (AR) @[ IoU=0.50:0.95 | area=   all | maxDets=100 ] = 0.023
 Average Recall     (AR) @[ IoU=0.50:0.95 | area= small | maxDets=100 ] = -1.000
 Average Recall     (AR) @[ IoU=0.50:0.95 | area=medium | maxDets=100 ] = -1.000
 Average Recall     (AR) @[ IoU=0.50:0.95 | area= large | maxDets=100 ] = 0.023
 Average Recall     (AR) @[ IoU=0.50      | area=   all | maxDets=100 ] = 0.133
 Average Recall     (AR) @[ IoU=0.75      | area=   all | maxDets=100 ] = 0.000
best_stat: {'epoch': 15, 'coco_eval_bbox': 8.432563883354221e-05}
Epoch: [17]  [0/8]  eta: 0:00:11  lr: 0.000002  loss: 37.9066 (37.9066)  loss_mal: 1.7188 (1.7188)  loss_bbox: 0.7491 (0.7491)  loss_giou: 1.2204 (1.2204)  loss_fgl: 0.9188 (0.9188)  loss_mal_aux_0: 1.4541 (1.4541)  loss_bbox_aux_0: 0.7753 (0.7753)  loss_giou_aux_0: 1.2701 (1.2701)  loss_fgl_aux_0: 0.8751 (0.8751)  loss_ddf_aux_0: 0.0269 (0.0269)  loss_mal_aux_1: 1.5205 (1.5205)  loss_bbox_aux_1: 0.7556 (0.7556)  loss_giou_aux_1: 1.2282 (1.2282)  loss_fgl_aux_1: 0.9090 (0.9090)  loss_ddf_aux_1: 0.0030 (0.0030)  loss_mal_pre: 1.4463 (1.4463)  loss_bbox_pre: 0.7808 (0.7808)  loss_giou_pre: 1.2866 (1.2866)  loss_mal_enc_0: 1.3916 (1.3916)  loss_bbox_enc_0: 0.8503 (0.8503)  loss_giou_enc_0: 1.3989 (1.3989)  loss_mal_dn_0: 1.6016 (1.6016)  loss_bbox_dn_0: 0.5346 (0.5346)  loss_giou_dn_0: 1.1329 (1.1329)  loss_fgl_dn_0: 1.2195 (1.2195)  loss_ddf_dn_0: 0.1911 (0.1911)  loss_mal_dn_1: 1.9834 (1.9834)  loss_bbox_dn_1: 0.4543 (0.4543)  loss_giou_dn_1: 0.9899 (0.9899)  loss_fgl_dn_1: 1.1617 (1.1617)  loss_ddf_dn_1: 0.0161 (0.0161)  loss_mal_dn_2: 2.1992 (2.1992)  loss_bbox_dn_2: 0.4414 (0.4414)  loss_giou_dn_2: 0.9804 (0.9804)  loss_fgl_dn_2: 1.1538 (1.1538)  loss_mal_dn_pre: 1.5889 (1.5889)  loss_bbox_dn_pre: 0.5375 (0.5375)  loss_giou_dn_pre: 1.1408 (1.1408)  time: 1.4128  data: 1.2567  max mem: 1050
Epoch: [17]  [7/8]  eta: 0:00:00  lr: 0.000002  loss: 38.7831 (38.7619)  loss_mal: 1.6543 (1.6123)  loss_bbox: 0.9131 (0.9138)  loss_giou: 1.3345 (1.4015)  loss_fgl: 0.8396 (0.8069)  loss_mal_aux_0: 1.3496 (1.2986)  loss_bbox_aux_0: 0.9169 (0.9310)  loss_giou_aux_0: 1.3496 (1.4349)  loss_fgl_aux_0: 0.8274 (0.7939)  loss_ddf_aux_0: 0.0254 (0.0241)  loss_mal_aux_1: 1.4756 (1.4364)  loss_bbox_aux_1: 0.9082 (0.9137)  loss_giou_aux_1: 1.3369 (1.4051)  loss_fgl_aux_1: 0.8400 (0.8034)  loss_ddf_aux_1: 0.0021 (0.0023)  loss_mal_pre: 1.3359 (1.2975)  loss_bbox_pre: 0.9052 (0.9302)  loss_giou_pre: 1.3587 (1.4323)  loss_mal_enc_0: 1.2090 (1.1909)  loss_bbox_enc_0: 0.9945 (1.0156)  loss_giou_enc_0: 1.4096 (1.5088)  loss_mal_dn_0: 1.3652 (1.3800)  loss_bbox_dn_0: 0.7937 (0.8197)  loss_giou_dn_0: 1.2406 (1.2560)  loss_fgl_dn_0: 1.1179 (1.1250)  loss_ddf_dn_0: 0.1436 (0.1641)  loss_mal_dn_1: 1.6953 (1.7062)  loss_bbox_dn_1: 0.6390 (0.7005)  loss_giou_dn_1: 1.1055 (1.1262)  loss_fgl_dn_1: 1.0392 (1.0664)  loss_ddf_dn_1: 0.0135 (0.0148)  loss_mal_dn_2: 1.9658 (1.9508)  loss_bbox_dn_2: 0.6141 (0.6817)  loss_giou_dn_2: 1.0684 (1.0956)  loss_fgl_dn_2: 1.0498 (1.0657)  loss_mal_dn_pre: 1.3643 (1.3804)  loss_bbox_dn_pre: 0.7867 (0.8191)  loss_giou_dn_pre: 1.2479 (1.2568)  time: 0.2822  data: 0.1576  max mem: 1050
Epoch: [17] Total time: 0:00:02 (0.2909 s / it)
Averaged stats: lr: 0.000002  loss: 38.7831 (38.7619)  loss_mal: 1.6543 (1.6123)  loss_bbox: 0.9131 (0.9138)  loss_giou: 1.3345 (1.4015)  loss_fgl: 0.8396 (0.8069)  loss_mal_aux_0: 1.3496 (1.2986)  loss_bbox_aux_0: 0.9169 (0.9310)  loss_giou_aux_0: 1.3496 (1.4349)  loss_fgl_aux_0: 0.8274 (0.7939)  loss_ddf_aux_0: 0.0254 (0.0241)  loss_mal_aux_1: 1.4756 (1.4364)  loss_bbox_aux_1: 0.9082 (0.9137)  loss_giou_aux_1: 1.3369 (1.4051)  loss_fgl_aux_1: 0.8400 (0.8034)  loss_ddf_aux_1: 0.0021 (0.0023)  loss_mal_pre: 1.3359 (1.2975)  loss_bbox_pre: 0.9052 (0.9302)  loss_giou_pre: 1.3587 (1.4323)  loss_mal_enc_0: 1.2090 (1.1909)  loss_bbox_enc_0: 0.9945 (1.0156)  loss_giou_enc_0: 1.4096 (1.5088)  loss_mal_dn_0: 1.3652 (1.3800)  loss_bbox_dn_0: 0.7937 (0.8197)  loss_giou_dn_0: 1.2406 (1.2560)  loss_fgl_dn_0: 1.1179 (1.1250)  loss_ddf_dn_0: 0.1436 (0.1641)  loss_mal_dn_1: 1.6953 (1.7062)  loss_bbox_dn_1: 0.6390 (0.7005)  loss_giou_dn_1: 1.1055 (1.1262)  loss_fgl_dn_1: 1.0392 (1.0664)  loss_ddf_dn_1: 0.0135 (0.0148)  loss_mal_dn_2: 1.9658 (1.9508)  loss_bbox_dn_2: 0.6141 (0.6817)  loss_giou_dn_2: 1.0684 (1.0956)  loss_fgl_dn_2: 1.0498 (1.0657)  loss_mal_dn_pre: 1.3643 (1.3804)  loss_bbox_dn_pre: 0.7867 (0.8191)  loss_giou_dn_pre: 1.2479 (1.2568)
Test:  [0/4]  eta: 0:00:01    time: 0.3569  data: 0.3358  max mem: 1050
Test:  [3/4]  eta: 0:00:00    time: 0.1014  data: 0.0859  max mem: 1050
Test: Total time: 0:00:00 (0.1217 s / it)
Averaged stats: 
Accumulating evaluation results...
COCOeval_opt.accumulate() finished...
DONE (t=0.00s).
IoU metric: bbox
 Average Precision  (AP) @[ IoU=0.50:0.95 | area=   all | maxDets=100 ] = 0.000
 Average Precision  (AP) @[ IoU=0.50      | area=   all | maxDets=100 ] = 0.001
 Average Precision  (AP) @[ IoU=0.75      | area=   all | maxDets=100 ] = 0.000
 Average Precision  (AP) @[ IoU=0.50:0.95 | area= small | maxDets=100 ] = -1.000
 Average Precision  (AP) @[ IoU=0.50:0.95 | area=medium | maxDets=100 ] = -1.000
 Average Precision  (AP) @[ IoU=0.50:0.95 | area= large | maxDets=100 ] = 0.000
 Average Recall     (AR) @[ IoU=0.50:0.95 | area=   all | maxDets=  1 ] = 0.000
 Average Recall     (AR) @[ IoU=0.50:0.95 | area=   all | maxDets= 10 ] = 0.000
 Average Recall     (AR) @[ IoU=0.50:0.95 | area=   all | maxDets=100 ] = 0.023
 Average Recall     (AR) @[ IoU=0.50:0.95 | area= small | maxDets=100 ] = -1.000
 Average Recall     (AR) @[ IoU=0.50:0.95 | area=medium | maxDets=100 ] = -1.000
 Average Recall     (AR) @[ IoU=0.50:0.95 | area= large | maxDets=100 ] = 0.023
 Average Recall     (AR) @[ IoU=0.50      | area=   all | maxDets=100 ] = 0.167
 Average Recall     (AR) @[ IoU=0.75      | area=   all | maxDets=100 ] = 0.000
best_stat: {'epoch': 17, 'coco_eval_bbox': 9.013355875725536e-05}
Epoch: [18]  [0/8]  eta: 0:00:05  lr: 0.000002  loss: 39.9229 (39.9229)  loss_mal: 1.5645 (1.5645)  loss_bbox: 0.9464 (0.9464)  loss_giou: 1.4120 (1.4120)  loss_fgl: 0.9413 (0.9413)  loss_mal_aux_0: 1.3389 (1.3389)  loss_bbox_aux_0: 0.9770 (0.9770)  loss_giou_aux_0: 1.4361 (1.4361)  loss_fgl_aux_0: 0.9282 (0.9282)  loss_ddf_aux_0: 0.0452 (0.0452)  loss_mal_aux_1: 1.4160 (1.4160)  loss_bbox_aux_1: 0.9467 (0.9467)  loss_giou_aux_1: 1.4120 (1.4120)  loss_fgl_aux_1: 0.9320 (0.9320)  loss_ddf_aux_1: 0.0050 (0.0050)  loss_mal_pre: 1.3291 (1.3291)  loss_bbox_pre: 0.9931 (0.9931)  loss_giou_pre: 1.4480 (1.4480)  loss_mal_enc_0: 1.2568 (1.2568)  loss_bbox_enc_0: 1.1066 (1.1066)  loss_giou_enc_0: 1.5152 (1.5152)  loss_mal_dn_0: 1.2568 (1.2568)  loss_bbox_dn_0: 0.9772 (0.9772)  loss_giou_dn_0: 1.3248 (1.3248)  loss_fgl_dn_0: 1.1041 (1.1041)  loss_ddf_dn_0: 0.2405 (0.2405)  loss_mal_dn_1: 1.5811 (1.5811)  loss_bbox_dn_1: 0.8587 (0.8587)  loss_giou_dn_1: 1.2109 (1.2109)  loss_fgl_dn_1: 1.0440 (1.0440)  loss_ddf_dn_1: 0.0237 (0.0237)  loss_mal_dn_2: 1.7314 (1.7314)  loss_bbox_dn_2: 0.8417 (0.8417)  loss_giou_dn_2: 1.1907 (1.1907)  loss_fgl_dn_2: 1.0331 (1.0331)  loss_mal_dn_pre: 1.2510 (1.2510)  loss_bbox_dn_pre: 0.9745 (0.9745)  loss_giou_dn_pre: 1.3284 (1.3284)  time: 0.6982  data: 0.4965  max mem: 1050
Epoch: [18]  [7/8]  eta: 0:00:00  lr: 0.000002  loss: 39.1730 (40.0156)  loss_mal: 1.6230 (1.8097)  loss_bbox: 0.9464 (0.9276)  loss_giou: 1.2840 (1.2623)  loss_fgl: 0.9355 (0.9248)  loss_mal_aux_0: 1.3389 (1.4751)  loss_bbox_aux_0: 0.9516 (0.9574)  loss_giou_aux_0: 1.3274 (1.2967)  loss_fgl_aux_0: 0.8884 (0.9131)  loss_ddf_aux_0: 0.0283 (0.0285)  loss_mal_aux_1: 1.4160 (1.6210)  loss_bbox_aux_1: 0.9467 (0.9341)  loss_giou_aux_1: 1.2864 (1.2655)  loss_fgl_aux_1: 0.9199 (0.9229)  loss_ddf_aux_1: 0.0022 (0.0027)  loss_mal_pre: 1.3584 (1.4777)  loss_bbox_pre: 0.9562 (0.9664)  loss_giou_pre: 1.3357 (1.2996)  loss_mal_enc_0: 1.2607 (1.3766)  loss_bbox_enc_0: 0.9970 (1.0438)  loss_giou_enc_0: 1.4116 (1.3877)  loss_mal_dn_0: 1.2598 (1.2599)  loss_bbox_dn_0: 1.0235 (1.0674)  loss_giou_dn_0: 1.2983 (1.3097)  loss_fgl_dn_0: 1.1003 (1.0941)  loss_ddf_dn_0: 0.1449 (0.1596)  loss_mal_dn_1: 1.5635 (1.5194)  loss_bbox_dn_1: 0.8587 (0.9545)  loss_giou_dn_1: 1.1742 (1.2049)  loss_fgl_dn_1: 1.0300 (1.0333)  loss_ddf_dn_1: 0.0133 (0.0151)  loss_mal_dn_2: 1.7314 (1.7183)  loss_bbox_dn_2: 0.8435 (0.9352)  loss_giou_dn_2: 1.1626 (1.1827)  loss_fgl_dn_2: 1.0220 (1.0297)  loss_mal_dn_pre: 1.2520 (1.2576)  loss_bbox_dn_pre: 1.0012 (1.0681)  loss_giou_dn_pre: 1.2959 (1.3129)  time: 0.2323  data: 0.0730  max mem: 1050
Epoch: [18] Total time: 0:00:01 (0.2389 s / it)
Averaged stats: lr: 0.000002  loss: 39.1730 (40.0156)  loss_mal: 1.6230 (1.8097)  loss_bbox: 0.9464 (0.9276)  loss_giou: 1.2840 (1.2623)  loss_fgl: 0.9355 (0.9248)  loss_mal_aux_0: 1.3389 (1.4751)  loss_bbox_aux_0: 0.9516 (0.9574)  loss_giou_aux_0: 1.3274 (1.2967)  loss_fgl_aux_0: 0.8884 (0.9131)  loss_ddf_aux_0: 0.0283 (0.0285)  loss_mal_aux_1: 1.4160 (1.6210)  loss_bbox_aux_1: 0.9467 (0.9341)  loss_giou_aux_1: 1.2864 (1.2655)  loss_fgl_aux_1: 0.9199 (0.9229)  loss_ddf_aux_1: 0.0022 (0.0027)  loss_mal_pre: 1.3584 (1.4777)  loss_bbox_pre: 0.9562 (0.9664)  loss_giou_pre: 1.3357 (1.2996)  loss_mal_enc_0: 1.2607 (1.3766)  loss_bbox_enc_0: 0.9970 (1.0438)  loss_giou_enc_0: 1.4116 (1.3877)  loss_mal_dn_0: 1.2598 (1.2599)  loss_bbox_dn_0: 1.0235 (1.0674)  loss_giou_dn_0: 1.2983 (1.3097)  loss_fgl_dn_0: 1.1003 (1.0941)  loss_ddf_dn_0: 0.1449 (0.1596)  loss_mal_dn_1: 1.5635 (1.5194)  loss_bbox_dn_1: 0.8587 (0.9545)  loss_giou_dn_1: 1.1742 (1.2049)  loss_fgl_dn_1: 1.0300 (1.0333)  loss_ddf_dn_1: 0.0133 (0.0151)  loss_mal_dn_2: 1.7314 (1.7183)  loss_bbox_dn_2: 0.8435 (0.9352)  loss_giou_dn_2: 1.1626 (1.1827)  loss_fgl_dn_2: 1.0220 (1.0297)  loss_mal_dn_pre: 1.2520 (1.2576)  loss_bbox_dn_pre: 1.0012 (1.0681)  loss_giou_dn_pre: 1.2959 (1.3129)
Test:  [0/4]  eta: 0:00:01    time: 0.3446  data: 0.3232  max mem: 1050
Test:  [3/4]  eta: 0:00:00    time: 0.0985  data: 0.0831  max mem: 1050
Test: Total time: 0:00:00 (0.1201 s / it)
Averaged stats: 
Accumulating evaluation results...
COCOeval_opt.accumulate() finished...
DONE (t=0.00s).
IoU metric: bbox
 Average Precision  (AP) @[ IoU=0.50:0.95 | area=   all | maxDets=100 ] = 0.000
 Average Precision  (AP) @[ IoU=0.50      | area=   all | maxDets=100 ] = 0.000
 Average Precision  (AP) @[ IoU=0.75      | area=   all | maxDets=100 ] = 0.000
 Average Precision  (AP) @[ IoU=0.50:0.95 | area= small | maxDets=100 ] = -1.000
 Average Precision  (AP) @[ IoU=0.50:0.95 | area=medium | maxDets=100 ] = -1.000
 Average Precision  (AP) @[ IoU=0.50:0.95 | area= large | maxDets=100 ] = 0.000
 Average Recall     (AR) @[ IoU=0.50:0.95 | area=   all | maxDets=  1 ] = 0.000
 Average Recall     (AR) @[ IoU=0.50:0.95 | area=   all | maxDets= 10 ] = 0.000
 Average Recall     (AR) @[ IoU=0.50:0.95 | area=   all | maxDets=100 ] = 0.007
 Average Recall     (AR) @[ IoU=0.50:0.95 | area= small | maxDets=100 ] = -1.000
 Average Recall     (AR) @[ IoU=0.50:0.95 | area=medium | maxDets=100 ] = -1.000
 Average Recall     (AR) @[ IoU=0.50:0.95 | area= large | maxDets=100 ] = 0.007
 Average Recall     (AR) @[ IoU=0.50      | area=   all | maxDets=100 ] = 0.033
 Average Recall     (AR) @[ IoU=0.75      | area=   all | maxDets=100 ] = 0.000
best_stat: {'epoch': 17, 'coco_eval_bbox': 9.013355875725536e-05}
Epoch: [19]  [0/8]  eta: 0:00:07  lr: 0.000002  loss: 39.1188 (39.1188)  loss_mal: 1.7568 (1.7568)  loss_bbox: 0.8602 (0.8602)  loss_giou: 1.2244 (1.2244)  loss_fgl: 0.8494 (0.8494)  loss_mal_aux_0: 1.4688 (1.4688)  loss_bbox_aux_0: 0.8883 (0.8883)  loss_giou_aux_0: 1.2505 (1.2505)  loss_fgl_aux_0: 0.8471 (0.8471)  loss_ddf_aux_0: 0.0204 (0.0204)  loss_mal_aux_1: 1.6133 (1.6133)  loss_bbox_aux_1: 0.8708 (0.8708)  loss_giou_aux_1: 1.2315 (1.2315)  loss_fgl_aux_1: 0.8464 (0.8464)  loss_ddf_aux_1: 0.0023 (0.0023)  loss_mal_pre: 1.4531 (1.4531)  loss_bbox_pre: 0.8918 (0.8918)  loss_giou_pre: 1.2577 (1.2577)  loss_mal_enc_0: 1.4336 (1.4336)  loss_bbox_enc_0: 0.9374 (0.9374)  loss_giou_enc_0: 1.3128 (1.3128)  loss_mal_dn_0: 1.4561 (1.4561)  loss_bbox_dn_0: 0.9628 (0.9628)  loss_giou_dn_0: 1.1918 (1.1918)  loss_fgl_dn_0: 1.1205 (1.1205)  loss_ddf_dn_0: 0.2068 (0.2068)  loss_mal_dn_1: 1.7412 (1.7412)  loss_bbox_dn_1: 0.8172 (0.8172)  loss_giou_dn_1: 1.0997 (1.0997)  loss_fgl_dn_1: 1.0143 (1.0143)  loss_ddf_dn_1: 0.0163 (0.0163)  loss_mal_dn_2: 1.9736 (1.9736)  loss_bbox_dn_2: 0.7980 (0.7980)  loss_giou_dn_2: 1.0671 (1.0671)  loss_fgl_dn_2: 1.0197 (1.0197)  loss_mal_dn_pre: 1.4541 (1.4541)  loss_bbox_dn_pre: 0.9684 (0.9684)  loss_giou_dn_pre: 1.1947 (1.1947)  time: 0.9812  data: 0.7705  max mem: 1050
Epoch: [19]  [7/8]  eta: 0:00:00  lr: 0.000003  loss: 39.1188 (39.4468)  loss_mal: 1.7568 (1.9069)  loss_bbox: 0.8602 (0.8441)  loss_giou: 1.1559 (1.2173)  loss_fgl: 0.8494 (0.8919)  loss_mal_aux_0: 1.4688 (1.5545)  loss_bbox_aux_0: 0.8883 (0.8592)  loss_giou_aux_0: 1.1833 (1.2466)  loss_fgl_aux_0: 0.8471 (0.8808)  loss_ddf_aux_0: 0.0232 (0.0258)  loss_mal_aux_1: 1.6133 (1.6917)  loss_bbox_aux_1: 0.8708 (0.8478)  loss_giou_aux_1: 1.1545 (1.2189)  loss_fgl_aux_1: 0.8464 (0.8892)  loss_ddf_aux_1: 0.0021 (0.0024)  loss_mal_pre: 1.4531 (1.5538)  loss_bbox_pre: 0.8918 (0.8610)  loss_giou_pre: 1.1843 (1.2491)  loss_mal_enc_0: 1.2627 (1.4616)  loss_bbox_enc_0: 0.9374 (0.9394)  loss_giou_enc_0: 1.3128 (1.3285)  loss_mal_dn_0: 1.3750 (1.3832)  loss_bbox_dn_0: 0.9462 (0.9353)  loss_giou_dn_0: 1.2272 (1.2516)  loss_fgl_dn_0: 1.1199 (1.1135)  loss_ddf_dn_0: 0.1495 (0.1674)  loss_mal_dn_1: 1.5752 (1.6893)  loss_bbox_dn_1: 0.8157 (0.8109)  loss_giou_dn_1: 1.0997 (1.1281)  loss_fgl_dn_1: 1.0176 (1.0413)  loss_ddf_dn_1: 0.0138 (0.0151)  loss_mal_dn_2: 1.8125 (1.9515)  loss_bbox_dn_2: 0.7980 (0.7844)  loss_giou_dn_2: 1.0671 (1.0902)  loss_fgl_dn_2: 1.0235 (1.0417)  loss_mal_dn_pre: 1.3770 (1.3856)  loss_bbox_dn_pre: 0.9510 (0.9362)  loss_giou_dn_pre: 1.2324 (1.2510)  time: 0.2112  data: 0.0986  max mem: 1050
Epoch: [19] Total time: 0:00:01 (0.2197 s / it)
Averaged stats: lr: 0.000003  loss: 39.1188 (39.4468)  loss_mal: 1.7568 (1.9069)  loss_bbox: 0.8602 (0.8441)  loss_giou: 1.1559 (1.2173)  loss_fgl: 0.8494 (0.8919)  loss_mal_aux_0: 1.4688 (1.5545)  loss_bbox_aux_0: 0.8883 (0.8592)  loss_giou_aux_0: 1.1833 (1.2466)  loss_fgl_aux_0: 0.8471 (0.8808)  loss_ddf_aux_0: 0.0232 (0.0258)  loss_mal_aux_1: 1.6133 (1.6917)  loss_bbox_aux_1: 0.8708 (0.8478)  loss_giou_aux_1: 1.1545 (1.2189)  loss_fgl_aux_1: 0.8464 (0.8892)  loss_ddf_aux_1: 0.0021 (0.0024)  loss_mal_pre: 1.4531 (1.5538)  loss_bbox_pre: 0.8918 (0.8610)  loss_giou_pre: 1.1843 (1.2491)  loss_mal_enc_0: 1.2627 (1.4616)  loss_bbox_enc_0: 0.9374 (0.9394)  loss_giou_enc_0: 1.3128 (1.3285)  loss_mal_dn_0: 1.3750 (1.3832)  loss_bbox_dn_0: 0.9462 (0.9353)  loss_giou_dn_0: 1.2272 (1.2516)  loss_fgl_dn_0: 1.1199 (1.1135)  loss_ddf_dn_0: 0.1495 (0.1674)  loss_mal_dn_1: 1.5752 (1.6893)  loss_bbox_dn_1: 0.8157 (0.8109)  loss_giou_dn_1: 1.0997 (1.1281)  loss_fgl_dn_1: 1.0176 (1.0413)  loss_ddf_dn_1: 0.0138 (0.0151)  loss_mal_dn_2: 1.8125 (1.9515)  loss_bbox_dn_2: 0.7980 (0.7844)  loss_giou_dn_2: 1.0671 (1.0902)  loss_fgl_dn_2: 1.0235 (1.0417)  loss_mal_dn_pre: 1.3770 (1.3856)  loss_bbox_dn_pre: 0.9510 (0.9362)  loss_giou_dn_pre: 1.2324 (1.2510)
Test:  [0/4]  eta: 0:00:01    time: 0.4392  data: 0.3659  max mem: 1050
Test:  [3/4]  eta: 0:00:00    time: 0.1284  data: 0.0937  max mem: 1050
Test: Total time: 0:00:00 (0.1527 s / it)
Averaged stats: 
Accumulating evaluation results...
COCOeval_opt.accumulate() finished...
DONE (t=0.00s).
IoU metric: bbox
 Average Precision  (AP) @[ IoU=0.50:0.95 | area=   all | maxDets=100 ] = 0.000
 Average Precision  (AP) @[ IoU=0.50      | area=   all | maxDets=100 ] = 0.000
 Average Precision  (AP) @[ IoU=0.75      | area=   all | maxDets=100 ] = 0.000
 Average Precision  (AP) @[ IoU=0.50:0.95 | area= small | maxDets=100 ] = -1.000
 Average Precision  (AP) @[ IoU=0.50:0.95 | area=medium | maxDets=100 ] = -1.000
 Average Precision  (AP) @[ IoU=0.50:0.95 | area= large | maxDets=100 ] = 0.000
 Average Recall     (AR) @[ IoU=0.50:0.95 | area=   all | maxDets=  1 ] = 0.000
 Average Recall     (AR) @[ IoU=0.50:0.95 | area=   all | maxDets= 10 ] = 0.000
 Average Recall     (AR) @[ IoU=0.50:0.95 | area=   all | maxDets=100 ] = 0.003
 Average Recall     (AR) @[ IoU=0.50:0.95 | area= small | maxDets=100 ] = -1.000
 Average Recall     (AR) @[ IoU=0.50:0.95 | area=medium | maxDets=100 ] = -1.000
 Average Recall     (AR) @[ IoU=0.50:0.95 | area= large | maxDets=100 ] = 0.003
 Average Recall     (AR) @[ IoU=0.50      | area=   all | maxDets=100 ] = 0.033
 Average Recall     (AR) @[ IoU=0.75      | area=   all | maxDets=100 ] = 0.000
best_stat: {'epoch': 17, 'coco_eval_bbox': 9.013355875725536e-05}
Epoch: [20]  [0/8]  eta: 0:00:06  lr: 0.000003  loss: 38.7059 (38.7059)  loss_mal: 1.9092 (1.9092)  loss_bbox: 0.8124 (0.8124)  loss_giou: 1.3292 (1.3292)  loss_fgl: 0.7710 (0.7710)  loss_mal_aux_0: 1.5303 (1.5303)  loss_bbox_aux_0: 0.8140 (0.8140)  loss_giou_aux_0: 1.3730 (1.3730)  loss_fgl_aux_0: 0.7668 (0.7668)  loss_ddf_aux_0: 0.0301 (0.0301)  loss_mal_aux_1: 1.6201 (1.6201)  loss_bbox_aux_1: 0.8119 (0.8119)  loss_giou_aux_1: 1.3324 (1.3324)  loss_fgl_aux_1: 0.7691 (0.7691)  loss_ddf_aux_1: 0.0016 (0.0016)  loss_mal_pre: 1.5693 (1.5693)  loss_bbox_pre: 0.8133 (0.8133)  loss_giou_pre: 1.3701 (1.3701)  loss_mal_enc_0: 1.3750 (1.3750)  loss_bbox_enc_0: 0.8789 (0.8789)  loss_giou_enc_0: 1.4715 (1.4715)  loss_mal_dn_0: 1.3369 (1.3369)  loss_bbox_dn_0: 0.7740 (0.7740)  loss_giou_dn_0: 1.2939 (1.2939)  loss_fgl_dn_0: 1.0778 (1.0778)  loss_ddf_dn_0: 0.1624 (0.1624)  loss_mal_dn_1: 1.6855 (1.6855)  loss_bbox_dn_1: 0.6862 (0.6862)  loss_giou_dn_1: 1.1706 (1.1706)  loss_fgl_dn_1: 1.0115 (1.0115)  loss_ddf_dn_1: 0.0168 (0.0168)  loss_mal_dn_2: 1.9346 (1.9346)  loss_bbox_dn_2: 0.6624 (0.6624)  loss_giou_dn_2: 1.1136 (1.1136)  loss_fgl_dn_2: 1.0217 (1.0217)  loss_mal_dn_pre: 1.3291 (1.3291)  loss_bbox_dn_pre: 0.7812 (0.7812)  loss_giou_dn_pre: 1.2986 (1.2986)  time: 0.7868  data: 0.6281  max mem: 1050
Epoch: [20]  [7/8]  eta: 0:00:00  lr: 0.000003  loss: 38.1392 (38.2188)  loss_mal: 1.8174 (1.6711)  loss_bbox: 0.8294 (0.8529)  loss_giou: 1.2655 (1.3542)  loss_fgl: 0.7785 (0.7796)  loss_mal_aux_0: 1.4453 (1.3330)  loss_bbox_aux_0: 0.8152 (0.8574)  loss_giou_aux_0: 1.2919 (1.3933)  loss_fgl_aux_0: 0.7899 (0.7704)  loss_ddf_aux_0: 0.0310 (0.0326)  loss_mal_aux_1: 1.6201 (1.4537)  loss_bbox_aux_1: 0.8282 (0.8544)  loss_giou_aux_1: 1.2673 (1.3595)  loss_fgl_aux_1: 0.7826 (0.7785)  loss_ddf_aux_1: 0.0021 (0.0026)  loss_mal_pre: 1.4453 (1.3276)  loss_bbox_pre: 0.8165 (0.8554)  loss_giou_pre: 1.2910 (1.3917)  loss_mal_enc_0: 1.2559 (1.2064)  loss_bbox_enc_0: 0.8828 (0.9293)  loss_giou_enc_0: 1.4070 (1.4778)  loss_mal_dn_0: 1.3369 (1.3694)  loss_bbox_dn_0: 0.7740 (0.8220)  loss_giou_dn_0: 1.2768 (1.2663)  loss_fgl_dn_0: 1.1000 (1.1046)  loss_ddf_dn_0: 0.1624 (0.1660)  loss_mal_dn_1: 1.6855 (1.7078)  loss_bbox_dn_1: 0.6862 (0.6992)  loss_giou_dn_1: 1.1283 (1.1335)  loss_fgl_dn_1: 1.0240 (1.0347)  loss_ddf_dn_1: 0.0155 (0.0155)  loss_mal_dn_2: 1.9346 (1.9568)  loss_bbox_dn_2: 0.6624 (0.6725)  loss_giou_dn_2: 1.0798 (1.0972)  loss_fgl_dn_2: 1.0248 (1.0333)  loss_mal_dn_pre: 1.3291 (1.3679)  loss_bbox_dn_pre: 0.7812 (0.8220)  loss_giou_dn_pre: 1.2745 (1.2688)  time: 0.2005  data: 0.0811  max mem: 1050
Epoch: [20] Total time: 0:00:01 (0.2102 s / it)
Averaged stats: lr: 0.000003  loss: 38.1392 (38.2188)  loss_mal: 1.8174 (1.6711)  loss_bbox: 0.8294 (0.8529)  loss_giou: 1.2655 (1.3542)  loss_fgl: 0.7785 (0.7796)  loss_mal_aux_0: 1.4453 (1.3330)  loss_bbox_aux_0: 0.8152 (0.8574)  loss_giou_aux_0: 1.2919 (1.3933)  loss_fgl_aux_0: 0.7899 (0.7704)  loss_ddf_aux_0: 0.0310 (0.0326)  loss_mal_aux_1: 1.6201 (1.4537)  loss_bbox_aux_1: 0.8282 (0.8544)  loss_giou_aux_1: 1.2673 (1.3595)  loss_fgl_aux_1: 0.7826 (0.7785)  loss_ddf_aux_1: 0.0021 (0.0026)  loss_mal_pre: 1.4453 (1.3276)  loss_bbox_pre: 0.8165 (0.8554)  loss_giou_pre: 1.2910 (1.3917)  loss_mal_enc_0: 1.2559 (1.2064)  loss_bbox_enc_0: 0.8828 (0.9293)  loss_giou_enc_0: 1.4070 (1.4778)  loss_mal_dn_0: 1.3369 (1.3694)  loss_bbox_dn_0: 0.7740 (0.8220)  loss_giou_dn_0: 1.2768 (1.2663)  loss_fgl_dn_0: 1.1000 (1.1046)  loss_ddf_dn_0: 0.1624 (0.1660)  loss_mal_dn_1: 1.6855 (1.7078)  loss_bbox_dn_1: 0.6862 (0.6992)  loss_giou_dn_1: 1.1283 (1.1335)  loss_fgl_dn_1: 1.0240 (1.0347)  loss_ddf_dn_1: 0.0155 (0.0155)  loss_mal_dn_2: 1.9346 (1.9568)  loss_bbox_dn_2: 0.6624 (0.6725)  loss_giou_dn_2: 1.0798 (1.0972)  loss_fgl_dn_2: 1.0248 (1.0333)  loss_mal_dn_pre: 1.3291 (1.3679)  loss_bbox_dn_pre: 0.7812 (0.8220)  loss_giou_dn_pre: 1.2745 (1.2688)
Test:  [0/4]  eta: 0:00:02    time: 0.6614  data: 0.6416  max mem: 1050
Test:  [3/4]  eta: 0:00:00    time: 0.1772  data: 0.1626  max mem: 1050
Test: Total time: 0:00:00 (0.1971 s / it)
Averaged stats: 
Accumulating evaluation results...
COCOeval_opt.accumulate() finished...
DONE (t=0.00s).
IoU metric: bbox
 Average Precision  (AP) @[ IoU=0.50:0.95 | area=   all | maxDets=100 ] = 0.000
 Average Precision  (AP) @[ IoU=0.50      | area=   all | maxDets=100 ] = 0.000
 Average Precision  (AP) @[ IoU=0.75      | area=   all | maxDets=100 ] = 0.000
 Average Precision  (AP) @[ IoU=0.50:0.95 | area= small | maxDets=100 ] = -1.000
 Average Precision  (AP) @[ IoU=0.50:0.95 | area=medium | maxDets=100 ] = -1.000
 Average Precision  (AP) @[ IoU=0.50:0.95 | area= large | maxDets=100 ] = 0.000
 Average Recall     (AR) @[ IoU=0.50:0.95 | area=   all | maxDets=  1 ] = 0.000
 Average Recall     (AR) @[ IoU=0.50:0.95 | area=   all | maxDets= 10 ] = 0.000
 Average Recall     (AR) @[ IoU=0.50:0.95 | area=   all | maxDets=100 ] = 0.010
 Average Recall     (AR) @[ IoU=0.50:0.95 | area= small | maxDets=100 ] = -1.000
 Average Recall     (AR) @[ IoU=0.50:0.95 | area=medium | maxDets=100 ] = -1.000
 Average Recall     (AR) @[ IoU=0.50:0.95 | area= large | maxDets=100 ] = 0.010
 Average Recall     (AR) @[ IoU=0.50      | area=   all | maxDets=100 ] = 0.100
 Average Recall     (AR) @[ IoU=0.75      | area=   all | maxDets=100 ] = 0.000
best_stat: {'epoch': 17, 'coco_eval_bbox': 9.013355875725536e-05}
Epoch: [21]  [0/8]  eta: 0:00:07  lr: 0.000003  loss: 43.6216 (43.6216)  loss_mal: 2.7422 (2.7422)  loss_bbox: 0.9501 (0.9501)  loss_giou: 0.8229 (0.8229)  loss_fgl: 1.0799 (1.0799)  loss_mal_aux_0: 2.2441 (2.2441)  loss_bbox_aux_0: 0.9371 (0.9371)  loss_giou_aux_0: 0.8736 (0.8736)  loss_fgl_aux_0: 1.0689 (1.0689)  loss_ddf_aux_0: 0.0338 (0.0338)  loss_mal_aux_1: 2.3887 (2.3887)  loss_bbox_aux_1: 0.9474 (0.9474)  loss_giou_aux_1: 0.8306 (0.8306)  loss_fgl_aux_1: 1.0618 (1.0618)  loss_ddf_aux_1: 0.0043 (0.0043)  loss_mal_pre: 2.2285 (2.2285)  loss_bbox_pre: 0.9086 (0.9086)  loss_giou_pre: 0.8680 (0.8680)  loss_mal_enc_0: 2.1152 (2.1152)  loss_bbox_enc_0: 0.9473 (0.9473)  loss_giou_enc_0: 0.9189 (0.9189)  loss_mal_dn_0: 1.4170 (1.4170)  loss_bbox_dn_0: 1.2751 (1.2751)  loss_giou_dn_0: 1.2162 (1.2162)  loss_fgl_dn_0: 1.2152 (1.2152)  loss_ddf_dn_0: 0.1521 (0.1521)  loss_mal_dn_1: 1.6475 (1.6475)  loss_bbox_dn_1: 1.2180 (1.2180)  loss_giou_dn_1: 1.1039 (1.1039)  loss_fgl_dn_1: 1.1581 (1.1581)  loss_ddf_dn_1: 0.0177 (0.0177)  loss_mal_dn_2: 1.9033 (1.9033)  loss_bbox_dn_2: 1.1890 (1.1890)  loss_giou_dn_2: 1.0683 (1.0683)  loss_fgl_dn_2: 1.1485 (1.1485)  loss_mal_dn_pre: 1.4248 (1.4248)  loss_bbox_dn_pre: 1.2828 (1.2828)  loss_giou_dn_pre: 1.2123 (1.2123)  time: 0.9604  data: 0.7864  max mem: 1050
Epoch: [21]  [7/8]  eta: 0:00:00  lr: 0.000003  loss: 39.6680 (40.1753)  loss_mal: 2.0859 (2.2045)  loss_bbox: 0.7288 (0.8118)  loss_giou: 1.0798 (1.0912)  loss_fgl: 0.8900 (0.9280)  loss_mal_aux_0: 1.6885 (1.8262)  loss_bbox_aux_0: 0.7244 (0.8155)  loss_giou_aux_0: 1.1161 (1.1194)  loss_fgl_aux_0: 0.8827 (0.9229)  loss_ddf_aux_0: 0.0267 (0.0266)  loss_mal_aux_1: 1.8936 (1.9586)  loss_bbox_aux_1: 0.7410 (0.8144)  loss_giou_aux_1: 1.0815 (1.0937)  loss_fgl_aux_1: 0.8872 (0.9238)  loss_ddf_aux_1: 0.0018 (0.0023)  loss_mal_pre: 1.6875 (1.8179)  loss_bbox_pre: 0.7206 (0.8161)  loss_giou_pre: 1.1319 (1.1236)  loss_mal_enc_0: 1.5762 (1.6859)  loss_bbox_enc_0: 0.7809 (0.8771)  loss_giou_enc_0: 1.2178 (1.2197)  loss_mal_dn_0: 1.4170 (1.4465)  loss_bbox_dn_0: 0.8474 (0.9138)  loss_giou_dn_0: 1.2045 (1.2073)  loss_fgl_dn_0: 1.1153 (1.1287)  loss_ddf_dn_0: 0.1519 (0.1563)  loss_mal_dn_1: 1.7520 (1.7819)  loss_bbox_dn_1: 0.7541 (0.7948)  loss_giou_dn_1: 1.0744 (1.0651)  loss_fgl_dn_1: 1.0580 (1.0686)  loss_ddf_dn_1: 0.0149 (0.0157)  loss_mal_dn_2: 2.0117 (2.0815)  loss_bbox_dn_2: 0.7236 (0.7722)  loss_giou_dn_2: 1.0373 (1.0196)  loss_fgl_dn_2: 1.0595 (1.0716)  loss_mal_dn_pre: 1.4248 (1.4435)  loss_bbox_dn_pre: 0.8468 (0.9183)  loss_giou_dn_pre: 1.2045 (1.2106)  time: 0.2547  data: 0.0999  max mem: 1050
Epoch: [21] Total time: 0:00:02 (0.2658 s / it)
Averaged stats: lr: 0.000003  loss: 39.6680 (40.1753)  loss_mal: 2.0859 (2.2045)  loss_bbox: 0.7288 (0.8118)  loss_giou: 1.0798 (1.0912)  loss_fgl: 0.8900 (0.9280)  loss_mal_aux_0: 1.6885 (1.8262)  loss_bbox_aux_0: 0.7244 (0.8155)  loss_giou_aux_0: 1.1161 (1.1194)  loss_fgl_aux_0: 0.8827 (0.9229)  loss_ddf_aux_0: 0.0267 (0.0266)  loss_mal_aux_1: 1.8936 (1.9586)  loss_bbox_aux_1: 0.7410 (0.8144)  loss_giou_aux_1: 1.0815 (1.0937)  loss_fgl_aux_1: 0.8872 (0.9238)  loss_ddf_aux_1: 0.0018 (0.0023)  loss_mal_pre: 1.6875 (1.8179)  loss_bbox_pre: 0.7206 (0.8161)  loss_giou_pre: 1.1319 (1.1236)  loss_mal_enc_0: 1.5762 (1.6859)  loss_bbox_enc_0: 0.7809 (0.8771)  loss_giou_enc_0: 1.2178 (1.2197)  loss_mal_dn_0: 1.4170 (1.4465)  loss_bbox_dn_0: 0.8474 (0.9138)  loss_giou_dn_0: 1.2045 (1.2073)  loss_fgl_dn_0: 1.1153 (1.1287)  loss_ddf_dn_0: 0.1519 (0.1563)  loss_mal_dn_1: 1.7520 (1.7819)  loss_bbox_dn_1: 0.7541 (0.7948)  loss_giou_dn_1: 1.0744 (1.0651)  loss_fgl_dn_1: 1.0580 (1.0686)  loss_ddf_dn_1: 0.0149 (0.0157)  loss_mal_dn_2: 2.0117 (2.0815)  loss_bbox_dn_2: 0.7236 (0.7722)  loss_giou_dn_2: 1.0373 (1.0196)  loss_fgl_dn_2: 1.0595 (1.0716)  loss_mal_dn_pre: 1.4248 (1.4435)  loss_bbox_dn_pre: 0.8468 (0.9183)  loss_giou_dn_pre: 1.2045 (1.2106)
Test:  [0/4]  eta: 0:00:01    time: 0.3489  data: 0.3256  max mem: 1050
Test:  [3/4]  eta: 0:00:00    time: 0.0993  data: 0.0834  max mem: 1050
Test: Total time: 0:00:00 (0.1181 s / it)
Averaged stats: 
Accumulating evaluation results...
COCOeval_opt.accumulate() finished...
DONE (t=0.00s).
IoU metric: bbox
 Average Precision  (AP) @[ IoU=0.50:0.95 | area=   all | maxDets=100 ] = 0.000
 Average Precision  (AP) @[ IoU=0.50      | area=   all | maxDets=100 ] = 0.000
 Average Precision  (AP) @[ IoU=0.75      | area=   all | maxDets=100 ] = 0.000
 Average Precision  (AP) @[ IoU=0.50:0.95 | area= small | maxDets=100 ] = -1.000
 Average Precision  (AP) @[ IoU=0.50:0.95 | area=medium | maxDets=100 ] = -1.000
 Average Precision  (AP) @[ IoU=0.50:0.95 | area= large | maxDets=100 ] = 0.000
 Average Recall     (AR) @[ IoU=0.50:0.95 | area=   all | maxDets=  1 ] = 0.000
 Average Recall     (AR) @[ IoU=0.50:0.95 | area=   all | maxDets= 10 ] = 0.000
 Average Recall     (AR) @[ IoU=0.50:0.95 | area=   all | maxDets=100 ] = 0.003
 Average Recall     (AR) @[ IoU=0.50:0.95 | area= small | maxDets=100 ] = -1.000
 Average Recall     (AR) @[ IoU=0.50:0.95 | area=medium | maxDets=100 ] = -1.000
 Average Recall     (AR) @[ IoU=0.50:0.95 | area= large | maxDets=100 ] = 0.003
 Average Recall     (AR) @[ IoU=0.50      | area=   all | maxDets=100 ] = 0.033
 Average Recall     (AR) @[ IoU=0.75      | area=   all | maxDets=100 ] = 0.000
best_stat: {'epoch': 17, 'coco_eval_bbox': 9.013355875725536e-05}
Epoch: [22]  [0/8]  eta: 0:00:07  lr: 0.000003  loss: 45.6132 (45.6132)  loss_mal: 1.9375 (1.9375)  loss_bbox: 1.3100 (1.3100)  loss_giou: 1.2017 (1.2017)  loss_fgl: 0.9458 (0.9458)  loss_mal_aux_0: 1.7402 (1.7402)  loss_bbox_aux_0: 1.3187 (1.3187)  loss_giou_aux_0: 1.1950 (1.1950)  loss_fgl_aux_0: 0.9232 (0.9232)  loss_ddf_aux_0: 0.0262 (0.0262)  loss_mal_aux_1: 1.8418 (1.8418)  loss_bbox_aux_1: 1.2992 (1.2992)  loss_giou_aux_1: 1.1913 (1.1913)  loss_fgl_aux_1: 0.9483 (0.9483)  loss_ddf_aux_1: 0.0039 (0.0039)  loss_mal_pre: 1.7070 (1.7070)  loss_bbox_pre: 1.3186 (1.3186)  loss_giou_pre: 1.2008 (1.2008)  loss_mal_enc_0: 1.7881 (1.7881)  loss_bbox_enc_0: 1.4114 (1.4114)  loss_giou_enc_0: 1.2184 (1.2184)  loss_mal_dn_0: 1.5391 (1.5391)  loss_bbox_dn_0: 1.6176 (1.6176)  loss_giou_dn_0: 1.1351 (1.1351)  loss_fgl_dn_0: 1.1835 (1.1835)  loss_ddf_dn_0: 0.1442 (0.1442)  loss_mal_dn_1: 1.7578 (1.7578)  loss_bbox_dn_1: 1.5531 (1.5531)  loss_giou_dn_1: 1.0382 (1.0382)  loss_fgl_dn_1: 1.1326 (1.1326)  loss_ddf_dn_1: 0.0144 (0.0144)  loss_mal_dn_2: 1.9521 (1.9521)  loss_bbox_dn_2: 1.5705 (1.5705)  loss_giou_dn_2: 1.0370 (1.0370)  loss_fgl_dn_2: 1.1243 (1.1243)  loss_mal_dn_pre: 1.5420 (1.5420)  loss_bbox_dn_pre: 1.6086 (1.6086)  loss_giou_dn_pre: 1.1362 (1.1362)  time: 0.8834  data: 0.7681  max mem: 1050
Epoch: [22]  [7/8]  eta: 0:00:00  lr: 0.000003  loss: 40.1566 (40.8103)  loss_mal: 1.8145 (1.8997)  loss_bbox: 0.9768 (0.9754)  loss_giou: 1.2061 (1.3162)  loss_fgl: 0.8464 (0.8010)  loss_mal_aux_0: 1.5449 (1.5989)  loss_bbox_aux_0: 0.9800 (0.9899)  loss_giou_aux_0: 1.2184 (1.3542)  loss_fgl_aux_0: 0.8201 (0.7889)  loss_ddf_aux_0: 0.0262 (0.0270)  loss_mal_aux_1: 1.6357 (1.7018)  loss_bbox_aux_1: 0.9758 (0.9802)  loss_giou_aux_1: 1.2183 (1.3216)  loss_fgl_aux_1: 0.8550 (0.8033)  loss_ddf_aux_1: 0.0025 (0.0028)  loss_mal_pre: 1.5283 (1.5825)  loss_bbox_pre: 0.9788 (0.9954)  loss_giou_pre: 1.2216 (1.3532)  loss_mal_enc_0: 1.3730 (1.4516)  loss_bbox_enc_0: 1.0218 (1.0900)  loss_giou_enc_0: 1.3014 (1.4384)  loss_mal_dn_0: 1.3867 (1.3833)  loss_bbox_dn_0: 0.9212 (1.0235)  loss_giou_dn_0: 1.2170 (1.2476)  loss_fgl_dn_0: 1.1047 (1.1142)  loss_ddf_dn_0: 0.1264 (0.1411)  loss_mal_dn_1: 1.7002 (1.7167)  loss_bbox_dn_1: 0.8047 (0.9040)  loss_giou_dn_1: 1.1014 (1.1089)  loss_fgl_dn_1: 1.0289 (1.0482)  loss_ddf_dn_1: 0.0133 (0.0138)  loss_mal_dn_2: 1.9258 (1.9686)  loss_bbox_dn_2: 0.7988 (0.8963)  loss_giou_dn_2: 1.0692 (1.0758)  loss_fgl_dn_2: 1.0229 (1.0454)  loss_mal_dn_pre: 1.3906 (1.3807)  loss_bbox_dn_pre: 0.9351 (1.0215)  loss_giou_dn_pre: 1.2151 (1.2489)  time: 0.2100  data: 0.0978  max mem: 1050
Epoch: [22] Total time: 0:00:01 (0.2197 s / it)
Averaged stats: lr: 0.000003  loss: 40.1566 (40.8103)  loss_mal: 1.8145 (1.8997)  loss_bbox: 0.9768 (0.9754)  loss_giou: 1.2061 (1.3162)  loss_fgl: 0.8464 (0.8010)  loss_mal_aux_0: 1.5449 (1.5989)  loss_bbox_aux_0: 0.9800 (0.9899)  loss_giou_aux_0: 1.2184 (1.3542)  loss_fgl_aux_0: 0.8201 (0.7889)  loss_ddf_aux_0: 0.0262 (0.0270)  loss_mal_aux_1: 1.6357 (1.7018)  loss_bbox_aux_1: 0.9758 (0.9802)  loss_giou_aux_1: 1.2183 (1.3216)  loss_fgl_aux_1: 0.8550 (0.8033)  loss_ddf_aux_1: 0.0025 (0.0028)  loss_mal_pre: 1.5283 (1.5825)  loss_bbox_pre: 0.9788 (0.9954)  loss_giou_pre: 1.2216 (1.3532)  loss_mal_enc_0: 1.3730 (1.4516)  loss_bbox_enc_0: 1.0218 (1.0900)  loss_giou_enc_0: 1.3014 (1.4384)  loss_mal_dn_0: 1.3867 (1.3833)  loss_bbox_dn_0: 0.9212 (1.0235)  loss_giou_dn_0: 1.2170 (1.2476)  loss_fgl_dn_0: 1.1047 (1.1142)  loss_ddf_dn_0: 0.1264 (0.1411)  loss_mal_dn_1: 1.7002 (1.7167)  loss_bbox_dn_1: 0.8047 (0.9040)  loss_giou_dn_1: 1.1014 (1.1089)  loss_fgl_dn_1: 1.0289 (1.0482)  loss_ddf_dn_1: 0.0133 (0.0138)  loss_mal_dn_2: 1.9258 (1.9686)  loss_bbox_dn_2: 0.7988 (0.8963)  loss_giou_dn_2: 1.0692 (1.0758)  loss_fgl_dn_2: 1.0229 (1.0454)  loss_mal_dn_pre: 1.3906 (1.3807)  loss_bbox_dn_pre: 0.9351 (1.0215)  loss_giou_dn_pre: 1.2151 (1.2489)
Test:  [0/4]  eta: 0:00:01    time: 0.4029  data: 0.3661  max mem: 1050
Test:  [3/4]  eta: 0:00:00    time: 0.1205  data: 0.0937  max mem: 1050
Test: Total time: 0:00:00 (0.1396 s / it)
Averaged stats: 
Accumulating evaluation results...
COCOeval_opt.accumulate() finished...
DONE (t=0.00s).
IoU metric: bbox
 Average Precision  (AP) @[ IoU=0.50:0.95 | area=   all | maxDets=100 ] = 0.000
 Average Precision  (AP) @[ IoU=0.50      | area=   all | maxDets=100 ] = 0.000
 Average Precision  (AP) @[ IoU=0.75      | area=   all | maxDets=100 ] = 0.000
 Average Precision  (AP) @[ IoU=0.50:0.95 | area= small | maxDets=100 ] = -1.000
 Average Precision  (AP) @[ IoU=0.50:0.95 | area=medium | maxDets=100 ] = -1.000
 Average Precision  (AP) @[ IoU=0.50:0.95 | area= large | maxDets=100 ] = 0.000
 Average Recall     (AR) @[ IoU=0.50:0.95 | area=   all | maxDets=  1 ] = 0.000
 Average Recall     (AR) @[ IoU=0.50:0.95 | area=   all | maxDets= 10 ] = 0.000
 Average Recall     (AR) @[ IoU=0.50:0.95 | area=   all | maxDets=100 ] = 0.020
 Average Recall     (AR) @[ IoU=0.50:0.95 | area= small | maxDets=100 ] = -1.000
 Average Recall     (AR) @[ IoU=0.50:0.95 | area=medium | maxDets=100 ] = -1.000
 Average Recall     (AR) @[ IoU=0.50:0.95 | area= large | maxDets=100 ] = 0.020
 Average Recall     (AR) @[ IoU=0.50      | area=   all | maxDets=100 ] = 0.133
 Average Recall     (AR) @[ IoU=0.75      | area=   all | maxDets=100 ] = 0.000
best_stat: {'epoch': 17, 'coco_eval_bbox': 9.013355875725536e-05}
Epoch: [23]  [0/8]  eta: 0:00:05  lr: 0.000003  loss: 40.1676 (40.1676)  loss_mal: 2.0293 (2.0293)  loss_bbox: 0.8526 (0.8526)  loss_giou: 1.2182 (1.2182)  loss_fgl: 0.9528 (0.9528)  loss_mal_aux_0: 1.6416 (1.6416)  loss_bbox_aux_0: 0.8519 (0.8519)  loss_giou_aux_0: 1.2547 (1.2547)  loss_fgl_aux_0: 0.9302 (0.9302)  loss_ddf_aux_0: 0.0481 (0.0481)  loss_mal_aux_1: 1.8008 (1.8008)  loss_bbox_aux_1: 0.8475 (0.8475)  loss_giou_aux_1: 1.2193 (1.2193)  loss_fgl_aux_1: 0.9529 (0.9529)  loss_ddf_aux_1: 0.0028 (0.0028)  loss_mal_pre: 1.6543 (1.6543)  loss_bbox_pre: 0.8527 (0.8527)  loss_giou_pre: 1.2571 (1.2571)  loss_mal_enc_0: 1.4775 (1.4775)  loss_bbox_enc_0: 0.9369 (0.9369)  loss_giou_enc_0: 1.3151 (1.3151)  loss_mal_dn_0: 1.3301 (1.3301)  loss_bbox_dn_0: 0.8601 (0.8601)  loss_giou_dn_0: 1.2855 (1.2855)  loss_fgl_dn_0: 1.2121 (1.2121)  loss_ddf_dn_0: 0.2027 (0.2027)  loss_mal_dn_1: 1.6357 (1.6357)  loss_bbox_dn_1: 0.7804 (0.7804)  loss_giou_dn_1: 1.1542 (1.1542)  loss_fgl_dn_1: 1.1743 (1.1743)  loss_ddf_dn_1: 0.0180 (0.0180)  loss_mal_dn_2: 1.9043 (1.9043)  loss_bbox_dn_2: 0.7524 (0.7524)  loss_giou_dn_2: 1.1165 (1.1165)  loss_fgl_dn_2: 1.1853 (1.1853)  loss_mal_dn_pre: 1.3457 (1.3457)  loss_bbox_dn_pre: 0.8364 (0.8364)  loss_giou_dn_pre: 1.2774 (1.2774)  time: 0.6771  data: 0.5162  max mem: 1050
Epoch: [23]  [7/8]  eta: 0:00:00  lr: 0.000004  loss: 38.2101 (38.4709)  loss_mal: 1.6885 (1.6786)  loss_bbox: 0.8526 (0.8640)  loss_giou: 1.2182 (1.3446)  loss_fgl: 0.7633 (0.7528)  loss_mal_aux_0: 1.3242 (1.3475)  loss_bbox_aux_0: 0.8519 (0.8862)  loss_giou_aux_0: 1.2885 (1.3993)  loss_fgl_aux_0: 0.7655 (0.7443)  loss_ddf_aux_0: 0.0241 (0.0282)  loss_mal_aux_1: 1.5098 (1.4771)  loss_bbox_aux_1: 0.8475 (0.8653)  loss_giou_aux_1: 1.2193 (1.3473)  loss_fgl_aux_1: 0.7616 (0.7534)  loss_ddf_aux_1: 0.0020 (0.0025)  loss_mal_pre: 1.3223 (1.3486)  loss_bbox_pre: 0.8528 (0.8919)  loss_giou_pre: 1.2889 (1.4005)  loss_mal_enc_0: 1.1475 (1.2216)  loss_bbox_enc_0: 0.9369 (0.9834)  loss_giou_enc_0: 1.3794 (1.4877)  loss_mal_dn_0: 1.3301 (1.4070)  loss_bbox_dn_0: 0.8601 (0.8322)  loss_giou_dn_0: 1.2376 (1.2416)  loss_fgl_dn_0: 1.0701 (1.0933)  loss_ddf_dn_0: 0.1518 (0.1464)  loss_mal_dn_1: 1.7197 (1.7686)  loss_bbox_dn_1: 0.7186 (0.7088)  loss_giou_dn_1: 1.0425 (1.0929)  loss_fgl_dn_1: 0.9943 (1.0335)  loss_ddf_dn_1: 0.0133 (0.0143)  loss_mal_dn_2: 2.0234 (2.0629)  loss_bbox_dn_2: 0.6856 (0.6811)  loss_giou_dn_2: 1.0014 (1.0477)  loss_fgl_dn_2: 1.0023 (1.0363)  loss_mal_dn_pre: 1.3457 (1.4012)  loss_bbox_dn_pre: 0.8364 (0.8336)  loss_giou_dn_pre: 1.2402 (1.2449)  time: 0.2072  data: 0.0676  max mem: 1050
Epoch: [23] Total time: 0:00:01 (0.2176 s / it)
Averaged stats: lr: 0.000004  loss: 38.2101 (38.4709)  loss_mal: 1.6885 (1.6786)  loss_bbox: 0.8526 (0.8640)  loss_giou: 1.2182 (1.3446)  loss_fgl: 0.7633 (0.7528)  loss_mal_aux_0: 1.3242 (1.3475)  loss_bbox_aux_0: 0.8519 (0.8862)  loss_giou_aux_0: 1.2885 (1.3993)  loss_fgl_aux_0: 0.7655 (0.7443)  loss_ddf_aux_0: 0.0241 (0.0282)  loss_mal_aux_1: 1.5098 (1.4771)  loss_bbox_aux_1: 0.8475 (0.8653)  loss_giou_aux_1: 1.2193 (1.3473)  loss_fgl_aux_1: 0.7616 (0.7534)  loss_ddf_aux_1: 0.0020 (0.0025)  loss_mal_pre: 1.3223 (1.3486)  loss_bbox_pre: 0.8528 (0.8919)  loss_giou_pre: 1.2889 (1.4005)  loss_mal_enc_0: 1.1475 (1.2216)  loss_bbox_enc_0: 0.9369 (0.9834)  loss_giou_enc_0: 1.3794 (1.4877)  loss_mal_dn_0: 1.3301 (1.4070)  loss_bbox_dn_0: 0.8601 (0.8322)  loss_giou_dn_0: 1.2376 (1.2416)  loss_fgl_dn_0: 1.0701 (1.0933)  loss_ddf_dn_0: 0.1518 (0.1464)  loss_mal_dn_1: 1.7197 (1.7686)  loss_bbox_dn_1: 0.7186 (0.7088)  loss_giou_dn_1: 1.0425 (1.0929)  loss_fgl_dn_1: 0.9943 (1.0335)  loss_ddf_dn_1: 0.0133 (0.0143)  loss_mal_dn_2: 2.0234 (2.0629)  loss_bbox_dn_2: 0.6856 (0.6811)  loss_giou_dn_2: 1.0014 (1.0477)  loss_fgl_dn_2: 1.0023 (1.0363)  loss_mal_dn_pre: 1.3457 (1.4012)  loss_bbox_dn_pre: 0.8364 (0.8336)  loss_giou_dn_pre: 1.2402 (1.2449)
Test:  [0/4]  eta: 0:00:01    time: 0.3750  data: 0.3544  max mem: 1050
Test:  [3/4]  eta: 0:00:00    time: 0.1070  data: 0.0907  max mem: 1050
Test: Total time: 0:00:00 (0.1271 s / it)
Averaged stats: 
Accumulating evaluation results...
COCOeval_opt.accumulate() finished...
DONE (t=0.00s).
IoU metric: bbox
 Average Precision  (AP) @[ IoU=0.50:0.95 | area=   all | maxDets=100 ] = 0.000
 Average Precision  (AP) @[ IoU=0.50      | area=   all | maxDets=100 ] = 0.000
 Average Precision  (AP) @[ IoU=0.75      | area=   all | maxDets=100 ] = 0.000
 Average Precision  (AP) @[ IoU=0.50:0.95 | area= small | maxDets=100 ] = -1.000
 Average Precision  (AP) @[ IoU=0.50:0.95 | area=medium | maxDets=100 ] = -1.000
 Average Precision  (AP) @[ IoU=0.50:0.95 | area= large | maxDets=100 ] = 0.000
 Average Recall     (AR) @[ IoU=0.50:0.95 | area=   all | maxDets=  1 ] = 0.000
 Average Recall     (AR) @[ IoU=0.50:0.95 | area=   all | maxDets= 10 ] = 0.000
 Average Recall     (AR) @[ IoU=0.50:0.95 | area=   all | maxDets=100 ] = 0.013
 Average Recall     (AR) @[ IoU=0.50:0.95 | area= small | maxDets=100 ] = -1.000
 Average Recall     (AR) @[ IoU=0.50:0.95 | area=medium | maxDets=100 ] = -1.000
 Average Recall     (AR) @[ IoU=0.50:0.95 | area= large | maxDets=100 ] = 0.013
 Average Recall     (AR) @[ IoU=0.50      | area=   all | maxDets=100 ] = 0.067
 Average Recall     (AR) @[ IoU=0.75      | area=   all | maxDets=100 ] = 0.000
best_stat: {'epoch': 17, 'coco_eval_bbox': 9.013355875725536e-05}
Epoch: [24]  [0/8]  eta: 0:00:07  lr: 0.000004  loss: 38.3345 (38.3345)  loss_mal: 1.4434 (1.4434)  loss_bbox: 0.9656 (0.9656)  loss_giou: 1.4587 (1.4587)  loss_fgl: 0.6802 (0.6802)  loss_mal_aux_0: 1.0273 (1.0273)  loss_bbox_aux_0: 0.9855 (0.9855)  loss_giou_aux_0: 1.4835 (1.4835)  loss_fgl_aux_0: 0.6894 (0.6894)  loss_ddf_aux_0: 0.0128 (0.0128)  loss_mal_aux_1: 1.1934 (1.1934)  loss_bbox_aux_1: 0.9707 (0.9707)  loss_giou_aux_1: 1.4712 (1.4712)  loss_fgl_aux_1: 0.6773 (0.6773)  loss_ddf_aux_1: 0.0010 (0.0010)  loss_mal_pre: 1.0166 (1.0166)  loss_bbox_pre: 0.9777 (0.9777)  loss_giou_pre: 1.4855 (1.4855)  loss_mal_enc_0: 1.1475 (1.1475)  loss_bbox_enc_0: 0.9851 (0.9851)  loss_giou_enc_0: 1.5328 (1.5328)  loss_mal_dn_0: 1.4258 (1.4258)  loss_bbox_dn_0: 0.9018 (0.9018)  loss_giou_dn_0: 1.2541 (1.2541)  loss_fgl_dn_0: 1.0460 (1.0460)  loss_ddf_dn_0: 0.1268 (0.1268)  loss_mal_dn_1: 1.8145 (1.8145)  loss_bbox_dn_1: 0.8451 (0.8451)  loss_giou_dn_1: 1.0831 (1.0831)  loss_fgl_dn_1: 1.0065 (1.0065)  loss_ddf_dn_1: 0.0144 (0.0144)  loss_mal_dn_2: 2.1465 (2.1465)  loss_bbox_dn_2: 0.8417 (0.8417)  loss_giou_dn_2: 1.0227 (1.0227)  loss_fgl_dn_2: 1.0133 (1.0133)  loss_mal_dn_pre: 1.4170 (1.4170)  loss_bbox_dn_pre: 0.9135 (0.9135)  loss_giou_dn_pre: 1.2567 (1.2567)  time: 0.8871  data: 0.7611  max mem: 1050
Epoch: [24]  [7/8]  eta: 0:00:00  lr: 0.000004  loss: 38.3345 (39.2143)  loss_mal: 1.5791 (1.8114)  loss_bbox: 0.8428 (0.8976)  loss_giou: 1.3391 (1.3137)  loss_fgl: 0.7436 (0.8253)  loss_mal_aux_0: 1.2705 (1.4344)  loss_bbox_aux_0: 0.8689 (0.8993)  loss_giou_aux_0: 1.3690 (1.3480)  loss_fgl_aux_0: 0.7383 (0.8147)  loss_ddf_aux_0: 0.0247 (0.0259)  loss_mal_aux_1: 1.3818 (1.5867)  loss_bbox_aux_1: 0.8323 (0.8969)  loss_giou_aux_1: 1.3408 (1.3209)  loss_fgl_aux_1: 0.7463 (0.8223)  loss_ddf_aux_1: 0.0023 (0.0022)  loss_mal_pre: 1.2422 (1.4312)  loss_bbox_pre: 0.8758 (0.9019)  loss_giou_pre: 1.3709 (1.3480)  loss_mal_enc_0: 1.1699 (1.3685)  loss_bbox_enc_0: 0.9566 (0.9750)  loss_giou_enc_0: 1.4317 (1.4144)  loss_mal_dn_0: 1.4258 (1.4347)  loss_bbox_dn_0: 0.8049 (0.8393)  loss_giou_dn_0: 1.2048 (1.2194)  loss_fgl_dn_0: 1.0731 (1.0949)  loss_ddf_dn_0: 0.1492 (0.1556)  loss_mal_dn_1: 1.7490 (1.7643)  loss_bbox_dn_1: 0.7029 (0.7574)  loss_giou_dn_1: 1.0831 (1.0824)  loss_fgl_dn_1: 1.0388 (1.0492)  loss_ddf_dn_1: 0.0146 (0.0153)  loss_mal_dn_2: 2.0156 (2.0391)  loss_bbox_dn_2: 0.6686 (0.7407)  loss_giou_dn_2: 1.0338 (1.0423)  loss_fgl_dn_2: 1.0267 (1.0508)  loss_mal_dn_pre: 1.4170 (1.4294)  loss_bbox_dn_pre: 0.8112 (0.8388)  loss_giou_dn_pre: 1.2200 (1.2224)  time: 0.2233  data: 0.0975  max mem: 1050
Epoch: [24] Total time: 0:00:01 (0.2303 s / it)
Averaged stats: lr: 0.000004  loss: 38.3345 (39.2143)  loss_mal: 1.5791 (1.8114)  loss_bbox: 0.8428 (0.8976)  loss_giou: 1.3391 (1.3137)  loss_fgl: 0.7436 (0.8253)  loss_mal_aux_0: 1.2705 (1.4344)  loss_bbox_aux_0: 0.8689 (0.8993)  loss_giou_aux_0: 1.3690 (1.3480)  loss_fgl_aux_0: 0.7383 (0.8147)  loss_ddf_aux_0: 0.0247 (0.0259)  loss_mal_aux_1: 1.3818 (1.5867)  loss_bbox_aux_1: 0.8323 (0.8969)  loss_giou_aux_1: 1.3408 (1.3209)  loss_fgl_aux_1: 0.7463 (0.8223)  loss_ddf_aux_1: 0.0023 (0.0022)  loss_mal_pre: 1.2422 (1.4312)  loss_bbox_pre: 0.8758 (0.9019)  loss_giou_pre: 1.3709 (1.3480)  loss_mal_enc_0: 1.1699 (1.3685)  loss_bbox_enc_0: 0.9566 (0.9750)  loss_giou_enc_0: 1.4317 (1.4144)  loss_mal_dn_0: 1.4258 (1.4347)  loss_bbox_dn_0: 0.8049 (0.8393)  loss_giou_dn_0: 1.2048 (1.2194)  loss_fgl_dn_0: 1.0731 (1.0949)  loss_ddf_dn_0: 0.1492 (0.1556)  loss_mal_dn_1: 1.7490 (1.7643)  loss_bbox_dn_1: 0.7029 (0.7574)  loss_giou_dn_1: 1.0831 (1.0824)  loss_fgl_dn_1: 1.0388 (1.0492)  loss_ddf_dn_1: 0.0146 (0.0153)  loss_mal_dn_2: 2.0156 (2.0391)  loss_bbox_dn_2: 0.6686 (0.7407)  loss_giou_dn_2: 1.0338 (1.0423)  loss_fgl_dn_2: 1.0267 (1.0508)  loss_mal_dn_pre: 1.4170 (1.4294)  loss_bbox_dn_pre: 0.8112 (0.8388)  loss_giou_dn_pre: 1.2200 (1.2224)
Test:  [0/4]  eta: 0:00:01    time: 0.3302  data: 0.3103  max mem: 1050
Test:  [3/4]  eta: 0:00:00    time: 0.0949  data: 0.0796  max mem: 1050
Test: Total time: 0:00:00 (0.1093 s / it)
Averaged stats: 
Accumulating evaluation results...
COCOeval_opt.accumulate() finished...
DONE (t=0.00s).
IoU metric: bbox
 Average Precision  (AP) @[ IoU=0.50:0.95 | area=   all | maxDets=100 ] = 0.000
 Average Precision  (AP) @[ IoU=0.50      | area=   all | maxDets=100 ] = 0.001
 Average Precision  (AP) @[ IoU=0.75      | area=   all | maxDets=100 ] = 0.000
 Average Precision  (AP) @[ IoU=0.50:0.95 | area= small | maxDets=100 ] = -1.000
 Average Precision  (AP) @[ IoU=0.50:0.95 | area=medium | maxDets=100 ] = -1.000
 Average Precision  (AP) @[ IoU=0.50:0.95 | area= large | maxDets=100 ] = 0.000
 Average Recall     (AR) @[ IoU=0.50:0.95 | area=   all | maxDets=  1 ] = 0.000
 Average Recall     (AR) @[ IoU=0.50:0.95 | area=   all | maxDets= 10 ] = 0.007
 Average Recall     (AR) @[ IoU=0.50:0.95 | area=   all | maxDets=100 ] = 0.033
 Average Recall     (AR) @[ IoU=0.50:0.95 | area= small | maxDets=100 ] = -1.000
 Average Recall     (AR) @[ IoU=0.50:0.95 | area=medium | maxDets=100 ] = -1.000
 Average Recall     (AR) @[ IoU=0.50:0.95 | area= large | maxDets=100 ] = 0.033
 Average Recall     (AR) @[ IoU=0.50      | area=   all | maxDets=100 ] = 0.200
 Average Recall     (AR) @[ IoU=0.75      | area=   all | maxDets=100 ] = 0.000
best_stat: {'epoch': 24, 'coco_eval_bbox': 0.0001341479517621212}
Epoch: [25]  [0/8]  eta: 0:00:07  lr: 0.000004  loss: 37.8373 (37.8373)  loss_mal: 1.4541 (1.4541)  loss_bbox: 1.0099 (1.0099)  loss_giou: 1.4131 (1.4131)  loss_fgl: 0.6982 (0.6982)  loss_mal_aux_0: 1.1484 (1.1484)  loss_bbox_aux_0: 1.0410 (1.0410)  loss_giou_aux_0: 1.4421 (1.4421)  loss_fgl_aux_0: 0.6960 (0.6960)  loss_ddf_aux_0: 0.0137 (0.0137)  loss_mal_aux_1: 1.2812 (1.2812)  loss_bbox_aux_1: 1.0257 (1.0257)  loss_giou_aux_1: 1.4183 (1.4183)  loss_fgl_aux_1: 0.7011 (0.7011)  loss_ddf_aux_1: 0.0014 (0.0014)  loss_mal_pre: 1.2051 (1.2051)  loss_bbox_pre: 1.0449 (1.0449)  loss_giou_pre: 1.4566 (1.4566)  loss_mal_enc_0: 1.1416 (1.1416)  loss_bbox_enc_0: 1.0396 (1.0396)  loss_giou_enc_0: 1.5477 (1.5477)  loss_mal_dn_0: 1.3057 (1.3057)  loss_bbox_dn_0: 0.7518 (0.7518)  loss_giou_dn_0: 1.2802 (1.2802)  loss_fgl_dn_0: 1.0565 (1.0565)  loss_ddf_dn_0: 0.1187 (0.1187)  loss_mal_dn_1: 1.6279 (1.6279)  loss_bbox_dn_1: 0.7175 (0.7175)  loss_giou_dn_1: 1.1385 (1.1385)  loss_fgl_dn_1: 1.0218 (1.0218)  loss_ddf_dn_1: 0.0132 (0.0132)  loss_mal_dn_2: 1.8418 (1.8418)  loss_bbox_dn_2: 0.7143 (0.7143)  loss_giou_dn_2: 1.1278 (1.1278)  loss_fgl_dn_2: 1.0103 (1.0103)  loss_mal_dn_pre: 1.2920 (1.2920)  loss_bbox_dn_pre: 0.7526 (0.7526)  loss_giou_dn_pre: 1.2870 (1.2870)  time: 0.9171  data: 0.8075  max mem: 1050
Epoch: [25]  [7/8]  eta: 0:00:00  lr: 0.000004  loss: 38.7141 (39.2775)  loss_mal: 1.8682 (1.7522)  loss_bbox: 0.9167 (0.9372)  loss_giou: 1.2328 (1.2865)  loss_fgl: 0.8235 (0.8367)  loss_mal_aux_0: 1.4668 (1.3795)  loss_bbox_aux_0: 0.9716 (0.9673)  loss_giou_aux_0: 1.2747 (1.3336)  loss_fgl_aux_0: 0.8097 (0.8170)  loss_ddf_aux_0: 0.0208 (0.0247)  loss_mal_aux_1: 1.6162 (1.5614)  loss_bbox_aux_1: 0.9251 (0.9462)  loss_giou_aux_1: 1.2345 (1.2969)  loss_fgl_aux_1: 0.8238 (0.8336)  loss_ddf_aux_1: 0.0021 (0.0023)  loss_mal_pre: 1.4512 (1.3868)  loss_bbox_pre: 0.9420 (0.9644)  loss_giou_pre: 1.2822 (1.3332)  loss_mal_enc_0: 1.3301 (1.2975)  loss_bbox_enc_0: 1.0254 (1.0390)  loss_giou_enc_0: 1.3852 (1.4315)  loss_mal_dn_0: 1.4102 (1.4125)  loss_bbox_dn_0: 0.7732 (0.8876)  loss_giou_dn_0: 1.2071 (1.2274)  loss_fgl_dn_0: 1.0887 (1.1125)  loss_ddf_dn_0: 0.1349 (0.1378)  loss_mal_dn_1: 1.6523 (1.7251)  loss_bbox_dn_1: 0.6804 (0.7863)  loss_giou_dn_1: 1.0762 (1.1015)  loss_fgl_dn_1: 1.0461 (1.0618)  loss_ddf_dn_1: 0.0122 (0.0130)  loss_mal_dn_2: 1.9502 (1.9653)  loss_bbox_dn_2: 0.6618 (0.7602)  loss_giou_dn_2: 1.0517 (1.0712)  loss_fgl_dn_2: 1.0501 (1.0610)  loss_mal_dn_pre: 1.4170 (1.4094)  loss_bbox_dn_pre: 0.7708 (0.8873)  loss_giou_dn_pre: 1.2107 (1.2303)  time: 0.2320  data: 0.1228  max mem: 1050
Epoch: [25] Total time: 0:00:01 (0.2430 s / it)
Averaged stats: lr: 0.000004  loss: 38.7141 (39.2775)  loss_mal: 1.8682 (1.7522)  loss_bbox: 0.9167 (0.9372)  loss_giou: 1.2328 (1.2865)  loss_fgl: 0.8235 (0.8367)  loss_mal_aux_0: 1.4668 (1.3795)  loss_bbox_aux_0: 0.9716 (0.9673)  loss_giou_aux_0: 1.2747 (1.3336)  loss_fgl_aux_0: 0.8097 (0.8170)  loss_ddf_aux_0: 0.0208 (0.0247)  loss_mal_aux_1: 1.6162 (1.5614)  loss_bbox_aux_1: 0.9251 (0.9462)  loss_giou_aux_1: 1.2345 (1.2969)  loss_fgl_aux_1: 0.8238 (0.8336)  loss_ddf_aux_1: 0.0021 (0.0023)  loss_mal_pre: 1.4512 (1.3868)  loss_bbox_pre: 0.9420 (0.9644)  loss_giou_pre: 1.2822 (1.3332)  loss_mal_enc_0: 1.3301 (1.2975)  loss_bbox_enc_0: 1.0254 (1.0390)  loss_giou_enc_0: 1.3852 (1.4315)  loss_mal_dn_0: 1.4102 (1.4125)  loss_bbox_dn_0: 0.7732 (0.8876)  loss_giou_dn_0: 1.2071 (1.2274)  loss_fgl_dn_0: 1.0887 (1.1125)  loss_ddf_dn_0: 0.1349 (0.1378)  loss_mal_dn_1: 1.6523 (1.7251)  loss_bbox_dn_1: 0.6804 (0.7863)  loss_giou_dn_1: 1.0762 (1.1015)  loss_fgl_dn_1: 1.0461 (1.0618)  loss_ddf_dn_1: 0.0122 (0.0130)  loss_mal_dn_2: 1.9502 (1.9653)  loss_bbox_dn_2: 0.6618 (0.7602)  loss_giou_dn_2: 1.0517 (1.0712)  loss_fgl_dn_2: 1.0501 (1.0610)  loss_mal_dn_pre: 1.4170 (1.4094)  loss_bbox_dn_pre: 0.7708 (0.8873)  loss_giou_dn_pre: 1.2107 (1.2303)
Test:  [0/4]  eta: 0:00:01    time: 0.4000  data: 0.3725  max mem: 1050
Test:  [3/4]  eta: 0:00:00    time: 0.1172  data: 0.0952  max mem: 1050
Test: Total time: 0:00:00 (0.1353 s / it)
Averaged stats: 
Accumulating evaluation results...
COCOeval_opt.accumulate() finished...
DONE (t=0.00s).
IoU metric: bbox
 Average Precision  (AP) @[ IoU=0.50:0.95 | area=   all | maxDets=100 ] = 0.000
 Average Precision  (AP) @[ IoU=0.50      | area=   all | maxDets=100 ] = 0.001
 Average Precision  (AP) @[ IoU=0.75      | area=   all | maxDets=100 ] = 0.000
 Average Precision  (AP) @[ IoU=0.50:0.95 | area= small | maxDets=100 ] = -1.000
 Average Precision  (AP) @[ IoU=0.50:0.95 | area=medium | maxDets=100 ] = -1.000
 Average Precision  (AP) @[ IoU=0.50:0.95 | area= large | maxDets=100 ] = 0.000
 Average Recall     (AR) @[ IoU=0.50:0.95 | area=   all | maxDets=  1 ] = 0.000
 Average Recall     (AR) @[ IoU=0.50:0.95 | area=   all | maxDets= 10 ] = 0.003
 Average Recall     (AR) @[ IoU=0.50:0.95 | area=   all | maxDets=100 ] = 0.033
 Average Recall     (AR) @[ IoU=0.50:0.95 | area= small | maxDets=100 ] = -1.000
 Average Recall     (AR) @[ IoU=0.50:0.95 | area=medium | maxDets=100 ] = -1.000
 Average Recall     (AR) @[ IoU=0.50:0.95 | area= large | maxDets=100 ] = 0.033
 Average Recall     (AR) @[ IoU=0.50      | area=   all | maxDets=100 ] = 0.167
 Average Recall     (AR) @[ IoU=0.75      | area=   all | maxDets=100 ] = 0.000
best_stat: {'epoch': 25, 'coco_eval_bbox': 0.0001494091430397646}
Epoch: [26]  [0/8]  eta: 0:00:07  lr: 0.000004  loss: 36.0295 (36.0295)  loss_mal: 1.1025 (1.1025)  loss_bbox: 0.8198 (0.8198)  loss_giou: 1.6900 (1.6900)  loss_fgl: 0.4451 (0.4451)  loss_mal_aux_0: 0.9927 (0.9927)  loss_bbox_aux_0: 0.8145 (0.8145)  loss_giou_aux_0: 1.7241 (1.7241)  loss_fgl_aux_0: 0.4358 (0.4358)  loss_ddf_aux_0: 0.0148 (0.0148)  loss_mal_aux_1: 1.0195 (1.0195)  loss_bbox_aux_1: 0.8188 (0.8188)  loss_giou_aux_1: 1.6857 (1.6857)  loss_fgl_aux_1: 0.4475 (0.4475)  loss_ddf_aux_1: 0.0015 (0.0015)  loss_mal_pre: 0.9521 (0.9521)  loss_bbox_pre: 0.8297 (0.8297)  loss_giou_pre: 1.7356 (1.7356)  loss_mal_enc_0: 0.8535 (0.8535)  loss_bbox_enc_0: 0.9409 (0.9409)  loss_giou_enc_0: 1.7822 (1.7822)  loss_mal_dn_0: 1.4746 (1.4746)  loss_bbox_dn_0: 0.6294 (0.6294)  loss_giou_dn_0: 1.1744 (1.1744)  loss_fgl_dn_0: 1.0772 (1.0772)  loss_ddf_dn_0: 0.1256 (0.1256)  loss_mal_dn_1: 2.0762 (2.0762)  loss_bbox_dn_1: 0.4040 (0.4040)  loss_giou_dn_1: 0.9448 (0.9448)  loss_fgl_dn_1: 1.0181 (1.0181)  loss_ddf_dn_1: 0.0120 (0.0120)  loss_mal_dn_2: 2.4121 (2.4121)  loss_bbox_dn_2: 0.3907 (0.3907)  loss_giou_dn_2: 0.8929 (0.8929)  loss_fgl_dn_2: 1.0126 (1.0126)  loss_mal_dn_pre: 1.4785 (1.4785)  loss_bbox_dn_pre: 0.6284 (0.6284)  loss_giou_dn_pre: 1.1717 (1.1717)  time: 0.8936  data: 0.7365  max mem: 1050
Epoch: [26]  [7/8]  eta: 0:00:00  lr: 0.000005  loss: 37.5461 (39.0234)  loss_mal: 1.7520 (1.7961)  loss_bbox: 0.8198 (0.8350)  loss_giou: 1.2488 (1.3231)  loss_fgl: 0.7507 (0.7769)  loss_mal_aux_0: 1.3379 (1.4487)  loss_bbox_aux_0: 0.8243 (0.8651)  loss_giou_aux_0: 1.3084 (1.3679)  loss_fgl_aux_0: 0.7640 (0.7618)  loss_ddf_aux_0: 0.0193 (0.0246)  loss_mal_aux_1: 1.5830 (1.6016)  loss_bbox_aux_1: 0.8188 (0.8409)  loss_giou_aux_1: 1.2499 (1.3279)  loss_fgl_aux_1: 0.7500 (0.7778)  loss_ddf_aux_1: 0.0016 (0.0024)  loss_mal_pre: 1.3379 (1.4394)  loss_bbox_pre: 0.8373 (0.8668)  loss_giou_pre: 1.3086 (1.3706)  loss_mal_enc_0: 1.1230 (1.3249)  loss_bbox_enc_0: 0.9409 (0.9430)  loss_giou_enc_0: 1.4265 (1.4488)  loss_mal_dn_0: 1.4316 (1.4379)  loss_bbox_dn_0: 0.6597 (0.8779)  loss_giou_dn_0: 1.2051 (1.2066)  loss_fgl_dn_0: 1.0772 (1.0851)  loss_ddf_dn_0: 0.1256 (0.1348)  loss_mal_dn_1: 1.8232 (1.8546)  loss_bbox_dn_1: 0.5151 (0.7483)  loss_giou_dn_1: 1.0533 (1.0431)  loss_fgl_dn_1: 1.0181 (1.0414)  loss_ddf_dn_1: 0.0131 (0.0134)  loss_mal_dn_2: 2.0703 (2.1517)  loss_bbox_dn_2: 0.4932 (0.7224)  loss_giou_dn_2: 0.9901 (0.9964)  loss_fgl_dn_2: 1.0221 (1.0488)  loss_mal_dn_pre: 1.4365 (1.4390)  loss_bbox_dn_pre: 0.6616 (0.8735)  loss_giou_dn_pre: 1.2012 (1.2052)  time: 0.2251  data: 0.1238  max mem: 1050
Epoch: [26] Total time: 0:00:01 (0.2336 s / it)
Averaged stats: lr: 0.000005  loss: 37.5461 (39.0234)  loss_mal: 1.7520 (1.7961)  loss_bbox: 0.8198 (0.8350)  loss_giou: 1.2488 (1.3231)  loss_fgl: 0.7507 (0.7769)  loss_mal_aux_0: 1.3379 (1.4487)  loss_bbox_aux_0: 0.8243 (0.8651)  loss_giou_aux_0: 1.3084 (1.3679)  loss_fgl_aux_0: 0.7640 (0.7618)  loss_ddf_aux_0: 0.0193 (0.0246)  loss_mal_aux_1: 1.5830 (1.6016)  loss_bbox_aux_1: 0.8188 (0.8409)  loss_giou_aux_1: 1.2499 (1.3279)  loss_fgl_aux_1: 0.7500 (0.7778)  loss_ddf_aux_1: 0.0016 (0.0024)  loss_mal_pre: 1.3379 (1.4394)  loss_bbox_pre: 0.8373 (0.8668)  loss_giou_pre: 1.3086 (1.3706)  loss_mal_enc_0: 1.1230 (1.3249)  loss_bbox_enc_0: 0.9409 (0.9430)  loss_giou_enc_0: 1.4265 (1.4488)  loss_mal_dn_0: 1.4316 (1.4379)  loss_bbox_dn_0: 0.6597 (0.8779)  loss_giou_dn_0: 1.2051 (1.2066)  loss_fgl_dn_0: 1.0772 (1.0851)  loss_ddf_dn_0: 0.1256 (0.1348)  loss_mal_dn_1: 1.8232 (1.8546)  loss_bbox_dn_1: 0.5151 (0.7483)  loss_giou_dn_1: 1.0533 (1.0431)  loss_fgl_dn_1: 1.0181 (1.0414)  loss_ddf_dn_1: 0.0131 (0.0134)  loss_mal_dn_2: 2.0703 (2.1517)  loss_bbox_dn_2: 0.4932 (0.7224)  loss_giou_dn_2: 0.9901 (0.9964)  loss_fgl_dn_2: 1.0221 (1.0488)  loss_mal_dn_pre: 1.4365 (1.4390)  loss_bbox_dn_pre: 0.6616 (0.8735)  loss_giou_dn_pre: 1.2012 (1.2052)
Test:  [0/4]  eta: 0:00:01    time: 0.3513  data: 0.3304  max mem: 1050
Test:  [3/4]  eta: 0:00:00    time: 0.1004  data: 0.0849  max mem: 1050
Test: Total time: 0:00:00 (0.1227 s / it)
Averaged stats: 
Accumulating evaluation results...
COCOeval_opt.accumulate() finished...
DONE (t=0.00s).
IoU metric: bbox
 Average Precision  (AP) @[ IoU=0.50:0.95 | area=   all | maxDets=100 ] = 0.000
 Average Precision  (AP) @[ IoU=0.50      | area=   all | maxDets=100 ] = 0.001
 Average Precision  (AP) @[ IoU=0.75      | area=   all | maxDets=100 ] = 0.000
 Average Precision  (AP) @[ IoU=0.50:0.95 | area= small | maxDets=100 ] = -1.000
 Average Precision  (AP) @[ IoU=0.50:0.95 | area=medium | maxDets=100 ] = -1.000
 Average Precision  (AP) @[ IoU=0.50:0.95 | area= large | maxDets=100 ] = 0.000
 Average Recall     (AR) @[ IoU=0.50:0.95 | area=   all | maxDets=  1 ] = 0.000
 Average Recall     (AR) @[ IoU=0.50:0.95 | area=   all | maxDets= 10 ] = 0.000
 Average Recall     (AR) @[ IoU=0.50:0.95 | area=   all | maxDets=100 ] = 0.043
 Average Recall     (AR) @[ IoU=0.50:0.95 | area= small | maxDets=100 ] = -1.000
 Average Recall     (AR) @[ IoU=0.50:0.95 | area=medium | maxDets=100 ] = -1.000
 Average Recall     (AR) @[ IoU=0.50:0.95 | area= large | maxDets=100 ] = 0.043
 Average Recall     (AR) @[ IoU=0.50      | area=   all | maxDets=100 ] = 0.133
 Average Recall     (AR) @[ IoU=0.75      | area=   all | maxDets=100 ] = 0.033
best_stat: {'epoch': 26, 'coco_eval_bbox': 0.00016747603440663803}
Epoch: [27]  [0/8]  eta: 0:00:06  lr: 0.000005  loss: 36.8409 (36.8409)  loss_mal: 1.1826 (1.1826)  loss_bbox: 0.9522 (0.9522)  loss_giou: 1.7065 (1.7065)  loss_fgl: 0.5328 (0.5328)  loss_mal_aux_0: 0.9136 (0.9136)  loss_bbox_aux_0: 0.9516 (0.9516)  loss_giou_aux_0: 1.7557 (1.7557)  loss_fgl_aux_0: 0.5172 (0.5172)  loss_ddf_aux_0: 0.0145 (0.0145)  loss_mal_aux_1: 1.0615 (1.0615)  loss_bbox_aux_1: 0.9529 (0.9529)  loss_giou_aux_1: 1.7075 (1.7075)  loss_fgl_aux_1: 0.5336 (0.5336)  loss_ddf_aux_1: 0.0014 (0.0014)  loss_mal_pre: 0.9194 (0.9194)  loss_bbox_pre: 0.9485 (0.9485)  loss_giou_pre: 1.7536 (1.7536)  loss_mal_enc_0: 0.7427 (0.7427)  loss_bbox_enc_0: 0.9933 (0.9933)  loss_giou_enc_0: 1.8439 (1.8439)  loss_mal_dn_0: 1.4932 (1.4932)  loss_bbox_dn_0: 0.5767 (0.5767)  loss_giou_dn_0: 1.1898 (1.1898)  loss_fgl_dn_0: 1.0397 (1.0397)  loss_ddf_dn_0: 0.1262 (0.1262)  loss_mal_dn_1: 1.9756 (1.9756)  loss_bbox_dn_1: 0.4601 (0.4601)  loss_giou_dn_1: 1.0006 (1.0006)  loss_fgl_dn_1: 0.9809 (0.9809)  loss_ddf_dn_1: 0.0129 (0.0129)  loss_mal_dn_2: 2.4141 (2.4141)  loss_bbox_dn_2: 0.4247 (0.4247)  loss_giou_dn_2: 0.9087 (0.9087)  loss_fgl_dn_2: 0.9987 (0.9987)  loss_mal_dn_pre: 1.4883 (1.4883)  loss_bbox_dn_pre: 0.5744 (0.5744)  loss_giou_dn_pre: 1.1911 (1.1911)  time: 0.8463  data: 0.6954  max mem: 1050
Epoch: [27]  [7/8]  eta: 0:00:00  lr: 0.000005  loss: 37.7275 (38.6766)  loss_mal: 1.7646 (1.6206)  loss_bbox: 0.8853 (0.9260)  loss_giou: 1.2335 (1.3957)  loss_fgl: 0.8047 (0.7775)  loss_mal_aux_0: 1.3672 (1.3245)  loss_bbox_aux_0: 0.9036 (0.9377)  loss_giou_aux_0: 1.2604 (1.4374)  loss_fgl_aux_0: 0.7826 (0.7670)  loss_ddf_aux_0: 0.0211 (0.0237)  loss_mal_aux_1: 1.5498 (1.4532)  loss_bbox_aux_1: 0.8810 (0.9276)  loss_giou_aux_1: 1.2371 (1.3972)  loss_fgl_aux_1: 0.7971 (0.7783)  loss_ddf_aux_1: 0.0016 (0.0019)  loss_mal_pre: 1.3604 (1.3256)  loss_bbox_pre: 0.9151 (0.9404)  loss_giou_pre: 1.2684 (1.4382)  loss_mal_enc_0: 1.2334 (1.2140)  loss_bbox_enc_0: 0.9715 (1.0023)  loss_giou_enc_0: 1.3545 (1.5131)  loss_mal_dn_0: 1.4443 (1.4364)  loss_bbox_dn_0: 0.7003 (0.7979)  loss_giou_dn_0: 1.1931 (1.2160)  loss_fgl_dn_0: 1.0708 (1.0789)  loss_ddf_dn_0: 0.1233 (0.1322)  loss_mal_dn_1: 1.7969 (1.7711)  loss_bbox_dn_1: 0.5746 (0.6922)  loss_giou_dn_1: 1.0446 (1.0826)  loss_fgl_dn_1: 1.0062 (1.0225)  loss_ddf_dn_1: 0.0129 (0.0130)  loss_mal_dn_2: 2.0352 (2.0610)  loss_bbox_dn_2: 0.5494 (0.6640)  loss_giou_dn_2: 0.9912 (1.0360)  loss_fgl_dn_2: 1.0183 (1.0289)  loss_mal_dn_pre: 1.4482 (1.4325)  loss_bbox_dn_pre: 0.6926 (0.7911)  loss_giou_dn_pre: 1.1919 (1.2184)  time: 0.2564  data: 0.1127  max mem: 1050
Epoch: [27] Total time: 0:00:02 (0.2641 s / it)
Averaged stats: lr: 0.000005  loss: 37.7275 (38.6766)  loss_mal: 1.7646 (1.6206)  loss_bbox: 0.8853 (0.9260)  loss_giou: 1.2335 (1.3957)  loss_fgl: 0.8047 (0.7775)  loss_mal_aux_0: 1.3672 (1.3245)  loss_bbox_aux_0: 0.9036 (0.9377)  loss_giou_aux_0: 1.2604 (1.4374)  loss_fgl_aux_0: 0.7826 (0.7670)  loss_ddf_aux_0: 0.0211 (0.0237)  loss_mal_aux_1: 1.5498 (1.4532)  loss_bbox_aux_1: 0.8810 (0.9276)  loss_giou_aux_1: 1.2371 (1.3972)  loss_fgl_aux_1: 0.7971 (0.7783)  loss_ddf_aux_1: 0.0016 (0.0019)  loss_mal_pre: 1.3604 (1.3256)  loss_bbox_pre: 0.9151 (0.9404)  loss_giou_pre: 1.2684 (1.4382)  loss_mal_enc_0: 1.2334 (1.2140)  loss_bbox_enc_0: 0.9715 (1.0023)  loss_giou_enc_0: 1.3545 (1.5131)  loss_mal_dn_0: 1.4443 (1.4364)  loss_bbox_dn_0: 0.7003 (0.7979)  loss_giou_dn_0: 1.1931 (1.2160)  loss_fgl_dn_0: 1.0708 (1.0789)  loss_ddf_dn_0: 0.1233 (0.1322)  loss_mal_dn_1: 1.7969 (1.7711)  loss_bbox_dn_1: 0.5746 (0.6922)  loss_giou_dn_1: 1.0446 (1.0826)  loss_fgl_dn_1: 1.0062 (1.0225)  loss_ddf_dn_1: 0.0129 (0.0130)  loss_mal_dn_2: 2.0352 (2.0610)  loss_bbox_dn_2: 0.5494 (0.6640)  loss_giou_dn_2: 0.9912 (1.0360)  loss_fgl_dn_2: 1.0183 (1.0289)  loss_mal_dn_pre: 1.4482 (1.4325)  loss_bbox_dn_pre: 0.6926 (0.7911)  loss_giou_dn_pre: 1.1919 (1.2184)
Test:  [0/4]  eta: 0:00:01    time: 0.3262  data: 0.3025  max mem: 1050
Test:  [3/4]  eta: 0:00:00    time: 0.1433  data: 0.0778  max mem: 1050
Test: Total time: 0:00:00 (0.1616 s / it)
Averaged stats: 
Accumulating evaluation results...
COCOeval_opt.accumulate() finished...
DONE (t=0.00s).
IoU metric: bbox
 Average Precision  (AP) @[ IoU=0.50:0.95 | area=   all | maxDets=100 ] = 0.000
 Average Precision  (AP) @[ IoU=0.50      | area=   all | maxDets=100 ] = 0.000
 Average Precision  (AP) @[ IoU=0.75      | area=   all | maxDets=100 ] = 0.000
 Average Precision  (AP) @[ IoU=0.50:0.95 | area= small | maxDets=100 ] = -1.000
 Average Precision  (AP) @[ IoU=0.50:0.95 | area=medium | maxDets=100 ] = -1.000
 Average Precision  (AP) @[ IoU=0.50:0.95 | area= large | maxDets=100 ] = 0.000
 Average Recall     (AR) @[ IoU=0.50:0.95 | area=   all | maxDets=  1 ] = 0.000
 Average Recall     (AR) @[ IoU=0.50:0.95 | area=   all | maxDets= 10 ] = 0.003
 Average Recall     (AR) @[ IoU=0.50:0.95 | area=   all | maxDets=100 ] = 0.017
 Average Recall     (AR) @[ IoU=0.50:0.95 | area= small | maxDets=100 ] = -1.000
 Average Recall     (AR) @[ IoU=0.50:0.95 | area=medium | maxDets=100 ] = -1.000
 Average Recall     (AR) @[ IoU=0.50:0.95 | area= large | maxDets=100 ] = 0.017
 Average Recall     (AR) @[ IoU=0.50      | area=   all | maxDets=100 ] = 0.100
 Average Recall     (AR) @[ IoU=0.75      | area=   all | maxDets=100 ] = 0.000
best_stat: {'epoch': 26, 'coco_eval_bbox': 0.00016747603440663803}
Epoch: [28]  [0/8]  eta: 0:00:07  lr: 0.000005  loss: 35.9737 (35.9737)  loss_mal: 0.7979 (0.7979)  loss_bbox: 1.1044 (1.1044)  loss_giou: 1.8640 (1.8640)  loss_fgl: 0.4795 (0.4795)  loss_mal_aux_0: 0.6313 (0.6313)  loss_bbox_aux_0: 1.0908 (1.0908)  loss_giou_aux_0: 1.9099 (1.9099)  loss_fgl_aux_0: 0.4463 (0.4463)  loss_ddf_aux_0: 0.0125 (0.0125)  loss_mal_aux_1: 0.7129 (0.7129)  loss_bbox_aux_1: 1.1237 (1.1237)  loss_giou_aux_1: 1.8694 (1.8694)  loss_fgl_aux_1: 0.4752 (0.4752)  loss_ddf_aux_1: 0.0014 (0.0014)  loss_mal_pre: 0.6177 (0.6177)  loss_bbox_pre: 1.1056 (1.1056)  loss_giou_pre: 1.9282 (1.9282)  loss_mal_enc_0: 0.5718 (0.5718)  loss_bbox_enc_0: 1.2045 (1.2045)  loss_giou_enc_0: 1.9477 (1.9477)  loss_mal_dn_0: 1.4316 (1.4316)  loss_bbox_dn_0: 0.4601 (0.4601)  loss_giou_dn_0: 1.2462 (1.2462)  loss_fgl_dn_0: 1.0278 (1.0278)  loss_ddf_dn_0: 0.1056 (0.1056)  loss_mal_dn_1: 1.7354 (1.7354)  loss_bbox_dn_1: 0.4164 (0.4164)  loss_giou_dn_1: 1.1291 (1.1291)  loss_fgl_dn_1: 0.9513 (0.9513)  loss_ddf_dn_1: 0.0116 (0.0116)  loss_mal_dn_2: 2.0020 (2.0020)  loss_bbox_dn_2: 0.3985 (0.3985)  loss_giou_dn_2: 1.0893 (1.0893)  loss_fgl_dn_2: 0.9525 (0.9525)  loss_mal_dn_pre: 1.4121 (1.4121)  loss_bbox_dn_pre: 0.4573 (0.4573)  loss_giou_dn_pre: 1.2524 (1.2524)  time: 0.9357  data: 0.7090  max mem: 1050
Epoch: [28]  [7/8]  eta: 0:00:00  lr: 0.000005  loss: 38.5869 (39.3950)  loss_mal: 1.5039 (1.6938)  loss_bbox: 0.9792 (0.9809)  loss_giou: 1.4408 (1.3933)  loss_fgl: 0.7103 (0.7411)  loss_mal_aux_0: 1.2871 (1.4047)  loss_bbox_aux_0: 0.9850 (0.9928)  loss_giou_aux_0: 1.4520 (1.4334)  loss_fgl_aux_0: 0.6888 (0.7238)  loss_ddf_aux_0: 0.0220 (0.0221)  loss_mal_aux_1: 1.3428 (1.4956)  loss_bbox_aux_1: 0.9885 (0.9947)  loss_giou_aux_1: 1.4416 (1.4036)  loss_fgl_aux_1: 0.7063 (0.7436)  loss_ddf_aux_1: 0.0016 (0.0020)  loss_mal_pre: 1.2930 (1.3912)  loss_bbox_pre: 0.9871 (0.9957)  loss_giou_pre: 1.4590 (1.4419)  loss_mal_enc_0: 1.2158 (1.2377)  loss_bbox_enc_0: 1.0468 (1.1089)  loss_giou_enc_0: 1.5386 (1.5303)  loss_mal_dn_0: 1.3457 (1.3671)  loss_bbox_dn_0: 0.7412 (0.8963)  loss_giou_dn_0: 1.2462 (1.2546)  loss_fgl_dn_0: 1.0432 (1.0493)  loss_ddf_dn_0: 0.1318 (0.1316)  loss_mal_dn_1: 1.7285 (1.7401)  loss_bbox_dn_1: 0.6263 (0.7875)  loss_giou_dn_1: 1.1291 (1.1043)  loss_fgl_dn_1: 0.9806 (0.9950)  loss_ddf_dn_1: 0.0133 (0.0129)  loss_mal_dn_2: 1.9404 (1.9915)  loss_bbox_dn_2: 0.5946 (0.7648)  loss_giou_dn_2: 1.0893 (1.0666)  loss_fgl_dn_2: 0.9803 (0.9970)  loss_mal_dn_pre: 1.3486 (1.3649)  loss_bbox_dn_pre: 0.7365 (0.8840)  loss_giou_dn_pre: 1.2394 (1.2564)  time: 0.2046  data: 0.0902  max mem: 1050
Epoch: [28] Total time: 0:00:01 (0.2156 s / it)
Averaged stats: lr: 0.000005  loss: 38.5869 (39.3950)  loss_mal: 1.5039 (1.6938)  loss_bbox: 0.9792 (0.9809)  loss_giou: 1.4408 (1.3933)  loss_fgl: 0.7103 (0.7411)  loss_mal_aux_0: 1.2871 (1.4047)  loss_bbox_aux_0: 0.9850 (0.9928)  loss_giou_aux_0: 1.4520 (1.4334)  loss_fgl_aux_0: 0.6888 (0.7238)  loss_ddf_aux_0: 0.0220 (0.0221)  loss_mal_aux_1: 1.3428 (1.4956)  loss_bbox_aux_1: 0.9885 (0.9947)  loss_giou_aux_1: 1.4416 (1.4036)  loss_fgl_aux_1: 0.7063 (0.7436)  loss_ddf_aux_1: 0.0016 (0.0020)  loss_mal_pre: 1.2930 (1.3912)  loss_bbox_pre: 0.9871 (0.9957)  loss_giou_pre: 1.4590 (1.4419)  loss_mal_enc_0: 1.2158 (1.2377)  loss_bbox_enc_0: 1.0468 (1.1089)  loss_giou_enc_0: 1.5386 (1.5303)  loss_mal_dn_0: 1.3457 (1.3671)  loss_bbox_dn_0: 0.7412 (0.8963)  loss_giou_dn_0: 1.2462 (1.2546)  loss_fgl_dn_0: 1.0432 (1.0493)  loss_ddf_dn_0: 0.1318 (0.1316)  loss_mal_dn_1: 1.7285 (1.7401)  loss_bbox_dn_1: 0.6263 (0.7875)  loss_giou_dn_1: 1.1291 (1.1043)  loss_fgl_dn_1: 0.9806 (0.9950)  loss_ddf_dn_1: 0.0133 (0.0129)  loss_mal_dn_2: 1.9404 (1.9915)  loss_bbox_dn_2: 0.5946 (0.7648)  loss_giou_dn_2: 1.0893 (1.0666)  loss_fgl_dn_2: 0.9803 (0.9970)  loss_mal_dn_pre: 1.3486 (1.3649)  loss_bbox_dn_pre: 0.7365 (0.8840)  loss_giou_dn_pre: 1.2394 (1.2564)
Test:  [0/4]  eta: 0:00:01    time: 0.4058  data: 0.3566  max mem: 1050
Test:  [3/4]  eta: 0:00:00    time: 0.1190  data: 0.0914  max mem: 1050
Test: Total time: 0:00:00 (0.1406 s / it)
Averaged stats: 
Accumulating evaluation results...
COCOeval_opt.accumulate() finished...
DONE (t=0.00s).
IoU metric: bbox
 Average Precision  (AP) @[ IoU=0.50:0.95 | area=   all | maxDets=100 ] = 0.000
 Average Precision  (AP) @[ IoU=0.50      | area=   all | maxDets=100 ] = 0.000
 Average Precision  (AP) @[ IoU=0.75      | area=   all | maxDets=100 ] = 0.000
 Average Precision  (AP) @[ IoU=0.50:0.95 | area= small | maxDets=100 ] = -1.000
 Average Precision  (AP) @[ IoU=0.50:0.95 | area=medium | maxDets=100 ] = -1.000
 Average Precision  (AP) @[ IoU=0.50:0.95 | area= large | maxDets=100 ] = 0.000
 Average Recall     (AR) @[ IoU=0.50:0.95 | area=   all | maxDets=  1 ] = 0.000
 Average Recall     (AR) @[ IoU=0.50:0.95 | area=   all | maxDets= 10 ] = 0.000
 Average Recall     (AR) @[ IoU=0.50:0.95 | area=   all | maxDets=100 ] = 0.030
 Average Recall     (AR) @[ IoU=0.50:0.95 | area= small | maxDets=100 ] = -1.000
 Average Recall     (AR) @[ IoU=0.50:0.95 | area=medium | maxDets=100 ] = -1.000
 Average Recall     (AR) @[ IoU=0.50:0.95 | area= large | maxDets=100 ] = 0.030
 Average Recall     (AR) @[ IoU=0.50      | area=   all | maxDets=100 ] = 0.100
 Average Recall     (AR) @[ IoU=0.75      | area=   all | maxDets=100 ] = 0.000
best_stat: {'epoch': 26, 'coco_eval_bbox': 0.00016747603440663803}
Epoch: [29]  [0/8]  eta: 0:00:06  lr: 0.000005  loss: 45.8942 (45.8942)  loss_mal: 3.2363 (3.2363)  loss_bbox: 0.7828 (0.7828)  loss_giou: 0.6182 (0.6182)  loss_fgl: 1.2061 (1.2061)  loss_mal_aux_0: 2.6953 (2.6953)  loss_bbox_aux_0: 0.8600 (0.8600)  loss_giou_aux_0: 0.6732 (0.6732)  loss_fgl_aux_0: 1.2795 (1.2795)  loss_ddf_aux_0: 0.0294 (0.0294)  loss_mal_aux_1: 3.0059 (3.0059)  loss_bbox_aux_1: 0.7758 (0.7758)  loss_giou_aux_1: 0.6047 (0.6047)  loss_fgl_aux_1: 1.2126 (1.2126)  loss_ddf_aux_1: 0.0023 (0.0023)  loss_mal_pre: 2.6719 (2.6719)  loss_bbox_pre: 0.8663 (0.8663)  loss_giou_pre: 0.6837 (0.6837)  loss_mal_enc_0: 2.1934 (2.1934)  loss_bbox_enc_0: 0.9877 (0.9877)  loss_giou_enc_0: 0.8986 (0.8986)  loss_mal_dn_0: 1.6445 (1.6445)  loss_bbox_dn_0: 1.4907 (1.4907)  loss_giou_dn_0: 1.0895 (1.0895)  loss_fgl_dn_0: 1.1758 (1.1758)  loss_ddf_dn_0: 0.1004 (0.1004)  loss_mal_dn_1: 1.8799 (1.8799)  loss_bbox_dn_1: 1.3886 (1.3886)  loss_giou_dn_1: 0.9956 (0.9956)  loss_fgl_dn_1: 1.0973 (1.0973)  loss_ddf_dn_1: 0.0123 (0.0123)  loss_mal_dn_2: 2.1934 (2.1934)  loss_bbox_dn_2: 1.2819 (1.2819)  loss_giou_dn_2: 0.9409 (0.9409)  loss_fgl_dn_2: 1.0997 (1.0997)  loss_mal_dn_pre: 1.6182 (1.6182)  loss_bbox_dn_pre: 1.5016 (1.5016)  loss_giou_dn_pre: 1.1001 (1.1001)  time: 0.8289  data: 0.6272  max mem: 1050
Epoch: [29]  [7/8]  eta: 0:00:00  lr: 0.000006  loss: 39.3848 (39.7929)  loss_mal: 1.5898 (1.8571)  loss_bbox: 0.9310 (0.9442)  loss_giou: 1.3498 (1.2947)  loss_fgl: 0.7392 (0.8203)  loss_mal_aux_0: 1.3662 (1.4642)  loss_bbox_aux_0: 0.9658 (0.9639)  loss_giou_aux_0: 1.4536 (1.3400)  loss_fgl_aux_0: 0.6948 (0.8155)  loss_ddf_aux_0: 0.0265 (0.0306)  loss_mal_aux_1: 1.4521 (1.6487)  loss_bbox_aux_1: 0.9295 (0.9411)  loss_giou_aux_1: 1.3755 (1.2957)  loss_fgl_aux_1: 0.7308 (0.8196)  loss_ddf_aux_1: 0.0021 (0.0027)  loss_mal_pre: 1.3477 (1.4608)  loss_bbox_pre: 0.9712 (0.9674)  loss_giou_pre: 1.4478 (1.3410)  loss_mal_enc_0: 1.2539 (1.2986)  loss_bbox_enc_0: 1.0462 (1.0498)  loss_giou_enc_0: 1.5171 (1.4467)  loss_mal_dn_0: 1.3857 (1.4707)  loss_bbox_dn_0: 0.7801 (0.9074)  loss_giou_dn_0: 1.1870 (1.1949)  loss_fgl_dn_0: 1.0590 (1.0799)  loss_ddf_dn_0: 0.1389 (0.1377)  loss_mal_dn_1: 1.7578 (1.7965)  loss_bbox_dn_1: 0.7412 (0.8163)  loss_giou_dn_1: 1.0970 (1.0710)  loss_fgl_dn_1: 1.0016 (1.0275)  loss_ddf_dn_1: 0.0123 (0.0134)  loss_mal_dn_2: 1.9785 (2.0510)  loss_bbox_dn_2: 0.7334 (0.7885)  loss_giou_dn_2: 1.0620 (1.0318)  loss_fgl_dn_2: 1.0113 (1.0329)  loss_mal_dn_pre: 1.3809 (1.4619)  loss_bbox_dn_pre: 0.7764 (0.9098)  loss_giou_dn_pre: 1.2019 (1.1991)  time: 0.2059  data: 0.0809  max mem: 1050
Epoch: [29] Total time: 0:00:01 (0.2162 s / it)
Averaged stats: lr: 0.000006  loss: 39.3848 (39.7929)  loss_mal: 1.5898 (1.8571)  loss_bbox: 0.9310 (0.9442)  loss_giou: 1.3498 (1.2947)  loss_fgl: 0.7392 (0.8203)  loss_mal_aux_0: 1.3662 (1.4642)  loss_bbox_aux_0: 0.9658 (0.9639)  loss_giou_aux_0: 1.4536 (1.3400)  loss_fgl_aux_0: 0.6948 (0.8155)  loss_ddf_aux_0: 0.0265 (0.0306)  loss_mal_aux_1: 1.4521 (1.6487)  loss_bbox_aux_1: 0.9295 (0.9411)  loss_giou_aux_1: 1.3755 (1.2957)  loss_fgl_aux_1: 0.7308 (0.8196)  loss_ddf_aux_1: 0.0021 (0.0027)  loss_mal_pre: 1.3477 (1.4608)  loss_bbox_pre: 0.9712 (0.9674)  loss_giou_pre: 1.4478 (1.3410)  loss_mal_enc_0: 1.2539 (1.2986)  loss_bbox_enc_0: 1.0462 (1.0498)  loss_giou_enc_0: 1.5171 (1.4467)  loss_mal_dn_0: 1.3857 (1.4707)  loss_bbox_dn_0: 0.7801 (0.9074)  loss_giou_dn_0: 1.1870 (1.1949)  loss_fgl_dn_0: 1.0590 (1.0799)  loss_ddf_dn_0: 0.1389 (0.1377)  loss_mal_dn_1: 1.7578 (1.7965)  loss_bbox_dn_1: 0.7412 (0.8163)  loss_giou_dn_1: 1.0970 (1.0710)  loss_fgl_dn_1: 1.0016 (1.0275)  loss_ddf_dn_1: 0.0123 (0.0134)  loss_mal_dn_2: 1.9785 (2.0510)  loss_bbox_dn_2: 0.7334 (0.7885)  loss_giou_dn_2: 1.0620 (1.0318)  loss_fgl_dn_2: 1.0113 (1.0329)  loss_mal_dn_pre: 1.3809 (1.4619)  loss_bbox_dn_pre: 0.7764 (0.9098)  loss_giou_dn_pre: 1.2019 (1.1991)
Test:  [0/4]  eta: 0:00:01    time: 0.3721  data: 0.3524  max mem: 1050
Test:  [3/4]  eta: 0:00:00    time: 0.1058  data: 0.0901  max mem: 1050
Test: Total time: 0:00:00 (0.1261 s / it)
Averaged stats: 
Accumulating evaluation results...
COCOeval_opt.accumulate() finished...
DONE (t=0.00s).
IoU metric: bbox
 Average Precision  (AP) @[ IoU=0.50:0.95 | area=   all | maxDets=100 ] = 0.000
 Average Precision  (AP) @[ IoU=0.50      | area=   all | maxDets=100 ] = 0.001
 Average Precision  (AP) @[ IoU=0.75      | area=   all | maxDets=100 ] = 0.000
 Average Precision  (AP) @[ IoU=0.50:0.95 | area= small | maxDets=100 ] = -1.000
 Average Precision  (AP) @[ IoU=0.50:0.95 | area=medium | maxDets=100 ] = -1.000
 Average Precision  (AP) @[ IoU=0.50:0.95 | area= large | maxDets=100 ] = 0.000
 Average Recall     (AR) @[ IoU=0.50:0.95 | area=   all | maxDets=  1 ] = 0.000
 Average Recall     (AR) @[ IoU=0.50:0.95 | area=   all | maxDets= 10 ] = 0.007
 Average Recall     (AR) @[ IoU=0.50:0.95 | area=   all | maxDets=100 ] = 0.027
 Average Recall     (AR) @[ IoU=0.50:0.95 | area= small | maxDets=100 ] = -1.000
 Average Recall     (AR) @[ IoU=0.50:0.95 | area=medium | maxDets=100 ] = -1.000
 Average Recall     (AR) @[ IoU=0.50:0.95 | area= large | maxDets=100 ] = 0.027
 Average Recall     (AR) @[ IoU=0.50      | area=   all | maxDets=100 ] = 0.133
 Average Recall     (AR) @[ IoU=0.75      | area=   all | maxDets=100 ] = 0.000
best_stat: {'epoch': 26, 'coco_eval_bbox': 0.00016747603440663803}
Epoch: [30]  [0/8]  eta: 0:00:07  lr: 0.000006  loss: 42.7397 (42.7397)  loss_mal: 2.1426 (2.1426)  loss_bbox: 1.1663 (1.1663)  loss_giou: 1.2133 (1.2133)  loss_fgl: 0.9645 (0.9645)  loss_mal_aux_0: 1.7217 (1.7217)  loss_bbox_aux_0: 1.1628 (1.1628)  loss_giou_aux_0: 1.2725 (1.2725)  loss_fgl_aux_0: 0.9205 (0.9205)  loss_ddf_aux_0: 0.0256 (0.0256)  loss_mal_aux_1: 1.8154 (1.8154)  loss_bbox_aux_1: 1.1787 (1.1787)  loss_giou_aux_1: 1.2275 (1.2275)  loss_fgl_aux_1: 0.9571 (0.9571)  loss_ddf_aux_1: 0.0033 (0.0033)  loss_mal_pre: 1.6924 (1.6924)  loss_bbox_pre: 1.1689 (1.1689)  loss_giou_pre: 1.2764 (1.2764)  loss_mal_enc_0: 1.5518 (1.5518)  loss_bbox_enc_0: 1.2903 (1.2903)  loss_giou_enc_0: 1.3747 (1.3747)  loss_mal_dn_0: 1.5342 (1.5342)  loss_bbox_dn_0: 0.9702 (0.9702)  loss_giou_dn_0: 1.1638 (1.1638)  loss_fgl_dn_0: 1.1572 (1.1572)  loss_ddf_dn_0: 0.1443 (0.1443)  loss_mal_dn_1: 1.8809 (1.8809)  loss_bbox_dn_1: 0.8473 (0.8473)  loss_giou_dn_1: 0.9925 (0.9925)  loss_fgl_dn_1: 1.1268 (1.1268)  loss_ddf_dn_1: 0.0176 (0.0176)  loss_mal_dn_2: 2.2402 (2.2402)  loss_bbox_dn_2: 0.8007 (0.8007)  loss_giou_dn_2: 0.9459 (0.9459)  loss_fgl_dn_2: 1.1213 (1.1213)  loss_mal_dn_pre: 1.5322 (1.5322)  loss_bbox_dn_pre: 0.9711 (0.9711)  loss_giou_dn_pre: 1.1673 (1.1673)  time: 0.8982  data: 0.7587  max mem: 1050
Epoch: [30]  [7/8]  eta: 0:00:00  lr: 0.000006  loss: 39.1990 (40.5728)  loss_mal: 1.9092 (2.1360)  loss_bbox: 0.8386 (0.8854)  loss_giou: 1.2133 (1.1553)  loss_fgl: 0.8317 (0.8799)  loss_mal_aux_0: 1.5498 (1.7549)  loss_bbox_aux_0: 0.8239 (0.8996)  loss_giou_aux_0: 1.2725 (1.2060)  loss_fgl_aux_0: 0.8247 (0.8638)  loss_ddf_aux_0: 0.0256 (0.0279)  loss_mal_aux_1: 1.6729 (1.8663)  loss_bbox_aux_1: 0.8428 (0.8870)  loss_giou_aux_1: 1.2275 (1.1617)  loss_fgl_aux_1: 0.8293 (0.8776)  loss_ddf_aux_1: 0.0020 (0.0026)  loss_mal_pre: 1.5859 (1.7368)  loss_bbox_pre: 0.8246 (0.9079)  loss_giou_pre: 1.2764 (1.2105)  loss_mal_enc_0: 1.3711 (1.5720)  loss_bbox_enc_0: 0.9814 (0.9882)  loss_giou_enc_0: 1.3747 (1.3065)  loss_mal_dn_0: 1.4707 (1.4598)  loss_bbox_dn_0: 0.8453 (0.9591)  loss_giou_dn_0: 1.1948 (1.2075)  loss_fgl_dn_0: 1.0590 (1.0876)  loss_ddf_dn_0: 0.1464 (0.1539)  loss_mal_dn_1: 1.8809 (1.8752)  loss_bbox_dn_1: 0.6949 (0.8173)  loss_giou_dn_1: 0.9925 (1.0300)  loss_fgl_dn_1: 1.0106 (1.0344)  loss_ddf_dn_1: 0.0175 (0.0171)  loss_mal_dn_2: 2.2402 (2.1969)  loss_bbox_dn_2: 0.6558 (0.7750)  loss_giou_dn_2: 0.9245 (0.9737)  loss_fgl_dn_2: 1.0277 (1.0361)  loss_mal_dn_pre: 1.4492 (1.4519)  loss_bbox_dn_pre: 0.8498 (0.9589)  loss_giou_dn_pre: 1.2006 (1.2124)  time: 0.2325  data: 0.1031  max mem: 1050
Epoch: [30] Total time: 0:00:01 (0.2414 s / it)
Averaged stats: lr: 0.000006  loss: 39.1990 (40.5728)  loss_mal: 1.9092 (2.1360)  loss_bbox: 0.8386 (0.8854)  loss_giou: 1.2133 (1.1553)  loss_fgl: 0.8317 (0.8799)  loss_mal_aux_0: 1.5498 (1.7549)  loss_bbox_aux_0: 0.8239 (0.8996)  loss_giou_aux_0: 1.2725 (1.2060)  loss_fgl_aux_0: 0.8247 (0.8638)  loss_ddf_aux_0: 0.0256 (0.0279)  loss_mal_aux_1: 1.6729 (1.8663)  loss_bbox_aux_1: 0.8428 (0.8870)  loss_giou_aux_1: 1.2275 (1.1617)  loss_fgl_aux_1: 0.8293 (0.8776)  loss_ddf_aux_1: 0.0020 (0.0026)  loss_mal_pre: 1.5859 (1.7368)  loss_bbox_pre: 0.8246 (0.9079)  loss_giou_pre: 1.2764 (1.2105)  loss_mal_enc_0: 1.3711 (1.5720)  loss_bbox_enc_0: 0.9814 (0.9882)  loss_giou_enc_0: 1.3747 (1.3065)  loss_mal_dn_0: 1.4707 (1.4598)  loss_bbox_dn_0: 0.8453 (0.9591)  loss_giou_dn_0: 1.1948 (1.2075)  loss_fgl_dn_0: 1.0590 (1.0876)  loss_ddf_dn_0: 0.1464 (0.1539)  loss_mal_dn_1: 1.8809 (1.8752)  loss_bbox_dn_1: 0.6949 (0.8173)  loss_giou_dn_1: 0.9925 (1.0300)  loss_fgl_dn_1: 1.0106 (1.0344)  loss_ddf_dn_1: 0.0175 (0.0171)  loss_mal_dn_2: 2.2402 (2.1969)  loss_bbox_dn_2: 0.6558 (0.7750)  loss_giou_dn_2: 0.9245 (0.9737)  loss_fgl_dn_2: 1.0277 (1.0361)  loss_mal_dn_pre: 1.4492 (1.4519)  loss_bbox_dn_pre: 0.8498 (0.9589)  loss_giou_dn_pre: 1.2006 (1.2124)
Test:  [0/4]  eta: 0:00:01    time: 0.3607  data: 0.3393  max mem: 1050
Test:  [3/4]  eta: 0:00:00    time: 0.1103  data: 0.0868  max mem: 1050
Test: Total time: 0:00:00 (0.1252 s / it)
Averaged stats: 
Accumulating evaluation results...
COCOeval_opt.accumulate() finished...
DONE (t=0.00s).
IoU metric: bbox
 Average Precision  (AP) @[ IoU=0.50:0.95 | area=   all | maxDets=100 ] = 0.000
 Average Precision  (AP) @[ IoU=0.50      | area=   all | maxDets=100 ] = 0.001
 Average Precision  (AP) @[ IoU=0.75      | area=   all | maxDets=100 ] = 0.000
 Average Precision  (AP) @[ IoU=0.50:0.95 | area= small | maxDets=100 ] = -1.000
 Average Precision  (AP) @[ IoU=0.50:0.95 | area=medium | maxDets=100 ] = -1.000
 Average Precision  (AP) @[ IoU=0.50:0.95 | area= large | maxDets=100 ] = 0.000
 Average Recall     (AR) @[ IoU=0.50:0.95 | area=   all | maxDets=  1 ] = 0.000
 Average Recall     (AR) @[ IoU=0.50:0.95 | area=   all | maxDets= 10 ] = 0.007
 Average Recall     (AR) @[ IoU=0.50:0.95 | area=   all | maxDets=100 ] = 0.020
 Average Recall     (AR) @[ IoU=0.50:0.95 | area= small | maxDets=100 ] = -1.000
 Average Recall     (AR) @[ IoU=0.50:0.95 | area=medium | maxDets=100 ] = -1.000
 Average Recall     (AR) @[ IoU=0.50:0.95 | area= large | maxDets=100 ] = 0.020
 Average Recall     (AR) @[ IoU=0.50      | area=   all | maxDets=100 ] = 0.133
 Average Recall     (AR) @[ IoU=0.75      | area=   all | maxDets=100 ] = 0.000
best_stat: {'epoch': 26, 'coco_eval_bbox': 0.00016747603440663803}
Epoch: [31]  [0/8]  eta: 0:00:04  lr: 0.000006  loss: 37.3715 (37.3715)  loss_mal: 1.4111 (1.4111)  loss_bbox: 0.9401 (0.9401)  loss_giou: 1.6513 (1.6513)  loss_fgl: 0.6063 (0.6063)  loss_mal_aux_0: 1.1338 (1.1338)  loss_bbox_aux_0: 0.9561 (0.9561)  loss_giou_aux_0: 1.7010 (1.7010)  loss_fgl_aux_0: 0.6026 (0.6026)  loss_ddf_aux_0: 0.0205 (0.0205)  loss_mal_aux_1: 1.2324 (1.2324)  loss_bbox_aux_1: 0.9416 (0.9416)  loss_giou_aux_1: 1.6564 (1.6564)  loss_fgl_aux_1: 0.6021 (0.6021)  loss_ddf_aux_1: 0.0015 (0.0015)  loss_mal_pre: 1.1338 (1.1338)  loss_bbox_pre: 0.9540 (0.9540)  loss_giou_pre: 1.7022 (1.7022)  loss_mal_enc_0: 0.9927 (0.9927)  loss_bbox_enc_0: 1.0025 (1.0025)  loss_giou_enc_0: 1.7502 (1.7502)  loss_mal_dn_0: 1.2900 (1.2900)  loss_bbox_dn_0: 0.6173 (0.6173)  loss_giou_dn_0: 1.2894 (1.2894)  loss_fgl_dn_0: 0.9893 (0.9893)  loss_ddf_dn_0: 0.1592 (0.1592)  loss_mal_dn_1: 1.7393 (1.7393)  loss_bbox_dn_1: 0.4987 (0.4987)  loss_giou_dn_1: 1.0998 (1.0998)  loss_fgl_dn_1: 0.9635 (0.9635)  loss_ddf_dn_1: 0.0146 (0.0146)  loss_mal_dn_2: 2.0508 (2.0508)  loss_bbox_dn_2: 0.4714 (0.4714)  loss_giou_dn_2: 1.0370 (1.0370)  loss_fgl_dn_2: 0.9736 (0.9736)  loss_mal_dn_pre: 1.2793 (1.2793)  loss_bbox_dn_pre: 0.6119 (0.6119)  loss_giou_dn_pre: 1.2942 (1.2942)  time: 0.6097  data: 0.4809  max mem: 1050
Epoch: [31]  [7/8]  eta: 0:00:00  lr: 0.000007  loss: 38.1641 (38.3671)  loss_mal: 1.4561 (1.5833)  loss_bbox: 0.9045 (0.9282)  loss_giou: 1.4470 (1.4167)  loss_fgl: 0.7716 (0.7666)  loss_mal_aux_0: 1.1465 (1.2642)  loss_bbox_aux_0: 0.8935 (0.9245)  loss_giou_aux_0: 1.4928 (1.4719)  loss_fgl_aux_0: 0.7505 (0.7439)  loss_ddf_aux_0: 0.0277 (0.0273)  loss_mal_aux_1: 1.2959 (1.3862)  loss_bbox_aux_1: 0.9141 (0.9288)  loss_giou_aux_1: 1.4556 (1.4212)  loss_fgl_aux_1: 0.7721 (0.7660)  loss_ddf_aux_1: 0.0020 (0.0025)  loss_mal_pre: 1.1406 (1.2409)  loss_bbox_pre: 0.9377 (0.9324)  loss_giou_pre: 1.5092 (1.4767)  loss_mal_enc_0: 1.0225 (1.1329)  loss_bbox_enc_0: 1.0025 (1.0340)  loss_giou_enc_0: 1.6119 (1.5605)  loss_mal_dn_0: 1.4795 (1.4530)  loss_bbox_dn_0: 0.6966 (0.7355)  loss_giou_dn_0: 1.2053 (1.2082)  loss_fgl_dn_0: 1.0644 (1.0763)  loss_ddf_dn_0: 0.1592 (0.1534)  loss_mal_dn_1: 1.9072 (1.8729)  loss_bbox_dn_1: 0.5638 (0.6254)  loss_giou_dn_1: 1.0204 (1.0408)  loss_fgl_dn_1: 1.0259 (1.0241)  loss_ddf_dn_1: 0.0138 (0.0151)  loss_mal_dn_2: 2.1777 (2.1323)  loss_bbox_dn_2: 0.5408 (0.6014)  loss_giou_dn_2: 0.9854 (1.0046)  loss_fgl_dn_2: 1.0317 (1.0256)  loss_mal_dn_pre: 1.4619 (1.4490)  loss_bbox_dn_pre: 0.6934 (0.7313)  loss_giou_dn_pre: 1.2102 (1.2097)  time: 0.1680  data: 0.0645  max mem: 1050
Epoch: [31] Total time: 0:00:01 (0.1753 s / it)
Averaged stats: lr: 0.000007  loss: 38.1641 (38.3671)  loss_mal: 1.4561 (1.5833)  loss_bbox: 0.9045 (0.9282)  loss_giou: 1.4470 (1.4167)  loss_fgl: 0.7716 (0.7666)  loss_mal_aux_0: 1.1465 (1.2642)  loss_bbox_aux_0: 0.8935 (0.9245)  loss_giou_aux_0: 1.4928 (1.4719)  loss_fgl_aux_0: 0.7505 (0.7439)  loss_ddf_aux_0: 0.0277 (0.0273)  loss_mal_aux_1: 1.2959 (1.3862)  loss_bbox_aux_1: 0.9141 (0.9288)  loss_giou_aux_1: 1.4556 (1.4212)  loss_fgl_aux_1: 0.7721 (0.7660)  loss_ddf_aux_1: 0.0020 (0.0025)  loss_mal_pre: 1.1406 (1.2409)  loss_bbox_pre: 0.9377 (0.9324)  loss_giou_pre: 1.5092 (1.4767)  loss_mal_enc_0: 1.0225 (1.1329)  loss_bbox_enc_0: 1.0025 (1.0340)  loss_giou_enc_0: 1.6119 (1.5605)  loss_mal_dn_0: 1.4795 (1.4530)  loss_bbox_dn_0: 0.6966 (0.7355)  loss_giou_dn_0: 1.2053 (1.2082)  loss_fgl_dn_0: 1.0644 (1.0763)  loss_ddf_dn_0: 0.1592 (0.1534)  loss_mal_dn_1: 1.9072 (1.8729)  loss_bbox_dn_1: 0.5638 (0.6254)  loss_giou_dn_1: 1.0204 (1.0408)  loss_fgl_dn_1: 1.0259 (1.0241)  loss_ddf_dn_1: 0.0138 (0.0151)  loss_mal_dn_2: 2.1777 (2.1323)  loss_bbox_dn_2: 0.5408 (0.6014)  loss_giou_dn_2: 0.9854 (1.0046)  loss_fgl_dn_2: 1.0317 (1.0256)  loss_mal_dn_pre: 1.4619 (1.4490)  loss_bbox_dn_pre: 0.6934 (0.7313)  loss_giou_dn_pre: 1.2102 (1.2097)
Test:  [0/4]  eta: 0:00:02    time: 0.6586  data: 0.4789  max mem: 1050
Test:  [3/4]  eta: 0:00:00    time: 0.1785  data: 0.1217  max mem: 1050
Test: Total time: 0:00:00 (0.1989 s / it)
Averaged stats: 
Accumulating evaluation results...
COCOeval_opt.accumulate() finished...
DONE (t=0.00s).
IoU metric: bbox
 Average Precision  (AP) @[ IoU=0.50:0.95 | area=   all | maxDets=100 ] = 0.000
 Average Precision  (AP) @[ IoU=0.50      | area=   all | maxDets=100 ] = 0.000
 Average Precision  (AP) @[ IoU=0.75      | area=   all | maxDets=100 ] = 0.000
 Average Precision  (AP) @[ IoU=0.50:0.95 | area= small | maxDets=100 ] = -1.000
 Average Precision  (AP) @[ IoU=0.50:0.95 | area=medium | maxDets=100 ] = -1.000
 Average Precision  (AP) @[ IoU=0.50:0.95 | area= large | maxDets=100 ] = 0.000
 Average Recall     (AR) @[ IoU=0.50:0.95 | area=   all | maxDets=  1 ] = 0.000
 Average Recall     (AR) @[ IoU=0.50:0.95 | area=   all | maxDets= 10 ] = 0.010
 Average Recall     (AR) @[ IoU=0.50:0.95 | area=   all | maxDets=100 ] = 0.010
 Average Recall     (AR) @[ IoU=0.50:0.95 | area= small | maxDets=100 ] = -1.000
 Average Recall     (AR) @[ IoU=0.50:0.95 | area=medium | maxDets=100 ] = -1.000
 Average Recall     (AR) @[ IoU=0.50:0.95 | area= large | maxDets=100 ] = 0.010
 Average Recall     (AR) @[ IoU=0.50      | area=   all | maxDets=100 ] = 0.067
 Average Recall     (AR) @[ IoU=0.75      | area=   all | maxDets=100 ] = 0.000
best_stat: {'epoch': 26, 'coco_eval_bbox': 0.00016747603440663803}
Epoch: [32]  [0/8]  eta: 0:00:07  lr: 0.000007  loss: 36.8012 (36.8012)  loss_mal: 1.3369 (1.3369)  loss_bbox: 0.8746 (0.8746)  loss_giou: 1.5518 (1.5518)  loss_fgl: 0.6802 (0.6802)  loss_mal_aux_0: 1.0615 (1.0615)  loss_bbox_aux_0: 0.8751 (0.8751)  loss_giou_aux_0: 1.6030 (1.6030)  loss_fgl_aux_0: 0.6507 (0.6507)  loss_ddf_aux_0: 0.0193 (0.0193)  loss_mal_aux_1: 1.1895 (1.1895)  loss_bbox_aux_1: 0.8816 (0.8816)  loss_giou_aux_1: 1.5528 (1.5528)  loss_fgl_aux_1: 0.6798 (0.6798)  loss_ddf_aux_1: 0.0019 (0.0019)  loss_mal_pre: 1.0674 (1.0674)  loss_bbox_pre: 0.8781 (0.8781)  loss_giou_pre: 1.5968 (1.5968)  loss_mal_enc_0: 1.0059 (1.0059)  loss_bbox_enc_0: 0.9652 (0.9652)  loss_giou_enc_0: 1.6455 (1.6455)  loss_mal_dn_0: 1.2686 (1.2686)  loss_bbox_dn_0: 0.7645 (0.7645)  loss_giou_dn_0: 1.2922 (1.2922)  loss_fgl_dn_0: 0.9695 (0.9695)  loss_ddf_dn_0: 0.1524 (0.1524)  loss_mal_dn_1: 1.6670 (1.6670)  loss_bbox_dn_1: 0.6036 (0.6036)  loss_giou_dn_1: 1.1235 (1.1235)  loss_fgl_dn_1: 0.9590 (0.9590)  loss_ddf_dn_1: 0.0151 (0.0151)  loss_mal_dn_2: 1.9121 (1.9121)  loss_bbox_dn_2: 0.5796 (0.5796)  loss_giou_dn_2: 1.0869 (1.0869)  loss_fgl_dn_2: 0.9679 (0.9679)  loss_mal_dn_pre: 1.2510 (1.2510)  loss_bbox_dn_pre: 0.7671 (0.7671)  loss_giou_dn_pre: 1.3037 (1.3037)  time: 0.9250  data: 0.7329  max mem: 1050
Epoch: [32]  [7/8]  eta: 0:00:00  lr: 0.000007  loss: 38.3191 (39.6616)  loss_mal: 2.0117 (2.0480)  loss_bbox: 0.7808 (0.8344)  loss_giou: 1.2797 (1.2207)  loss_fgl: 0.6826 (0.8202)  loss_mal_aux_0: 1.5234 (1.6589)  loss_bbox_aux_0: 0.7972 (0.8537)  loss_giou_aux_0: 1.3481 (1.2779)  loss_fgl_aux_0: 0.6745 (0.8161)  loss_ddf_aux_0: 0.0314 (0.0358)  loss_mal_aux_1: 1.7031 (1.7869)  loss_bbox_aux_1: 0.7827 (0.8392)  loss_giou_aux_1: 1.2798 (1.2212)  loss_fgl_aux_1: 0.6835 (0.8202)  loss_ddf_aux_1: 0.0028 (0.0037)  loss_mal_pre: 1.5391 (1.6483)  loss_bbox_pre: 0.8000 (0.8601)  loss_giou_pre: 1.3495 (1.2785)  loss_mal_enc_0: 1.2246 (1.5337)  loss_bbox_enc_0: 0.9400 (0.9641)  loss_giou_enc_0: 1.4926 (1.3616)  loss_mal_dn_0: 1.4775 (1.4869)  loss_bbox_dn_0: 0.7645 (0.8287)  loss_giou_dn_0: 1.1854 (1.1946)  loss_fgl_dn_0: 1.0895 (1.0927)  loss_ddf_dn_0: 0.1603 (0.1642)  loss_mal_dn_1: 1.7754 (1.8583)  loss_bbox_dn_1: 0.6058 (0.7035)  loss_giou_dn_1: 1.0603 (1.0406)  loss_fgl_dn_1: 1.0226 (1.0377)  loss_ddf_dn_1: 0.0161 (0.0173)  loss_mal_dn_2: 2.0410 (2.1377)  loss_bbox_dn_2: 0.5796 (0.6762)  loss_giou_dn_2: 1.0374 (0.9992)  loss_fgl_dn_2: 1.0135 (1.0374)  loss_mal_dn_pre: 1.4707 (1.4800)  loss_bbox_dn_pre: 0.7589 (0.8248)  loss_giou_dn_pre: 1.1877 (1.1985)  time: 0.2488  data: 0.0939  max mem: 1050
Epoch: [32] Total time: 0:00:02 (0.2590 s / it)
Averaged stats: lr: 0.000007  loss: 38.3191 (39.6616)  loss_mal: 2.0117 (2.0480)  loss_bbox: 0.7808 (0.8344)  loss_giou: 1.2797 (1.2207)  loss_fgl: 0.6826 (0.8202)  loss_mal_aux_0: 1.5234 (1.6589)  loss_bbox_aux_0: 0.7972 (0.8537)  loss_giou_aux_0: 1.3481 (1.2779)  loss_fgl_aux_0: 0.6745 (0.8161)  loss_ddf_aux_0: 0.0314 (0.0358)  loss_mal_aux_1: 1.7031 (1.7869)  loss_bbox_aux_1: 0.7827 (0.8392)  loss_giou_aux_1: 1.2798 (1.2212)  loss_fgl_aux_1: 0.6835 (0.8202)  loss_ddf_aux_1: 0.0028 (0.0037)  loss_mal_pre: 1.5391 (1.6483)  loss_bbox_pre: 0.8000 (0.8601)  loss_giou_pre: 1.3495 (1.2785)  loss_mal_enc_0: 1.2246 (1.5337)  loss_bbox_enc_0: 0.9400 (0.9641)  loss_giou_enc_0: 1.4926 (1.3616)  loss_mal_dn_0: 1.4775 (1.4869)  loss_bbox_dn_0: 0.7645 (0.8287)  loss_giou_dn_0: 1.1854 (1.1946)  loss_fgl_dn_0: 1.0895 (1.0927)  loss_ddf_dn_0: 0.1603 (0.1642)  loss_mal_dn_1: 1.7754 (1.8583)  loss_bbox_dn_1: 0.6058 (0.7035)  loss_giou_dn_1: 1.0603 (1.0406)  loss_fgl_dn_1: 1.0226 (1.0377)  loss_ddf_dn_1: 0.0161 (0.0173)  loss_mal_dn_2: 2.0410 (2.1377)  loss_bbox_dn_2: 0.5796 (0.6762)  loss_giou_dn_2: 1.0374 (0.9992)  loss_fgl_dn_2: 1.0135 (1.0374)  loss_mal_dn_pre: 1.4707 (1.4800)  loss_bbox_dn_pre: 0.7589 (0.8248)  loss_giou_dn_pre: 1.1877 (1.1985)
Test:  [0/4]  eta: 0:00:01    time: 0.3592  data: 0.3383  max mem: 1050
Test:  [3/4]  eta: 0:00:00    time: 0.1040  data: 0.0867  max mem: 1050
Test: Total time: 0:00:00 (0.1241 s / it)
Averaged stats: 
Accumulating evaluation results...
COCOeval_opt.accumulate() finished...
DONE (t=0.00s).
IoU metric: bbox
 Average Precision  (AP) @[ IoU=0.50:0.95 | area=   all | maxDets=100 ] = 0.000
 Average Precision  (AP) @[ IoU=0.50      | area=   all | maxDets=100 ] = 0.001
 Average Precision  (AP) @[ IoU=0.75      | area=   all | maxDets=100 ] = 0.000
 Average Precision  (AP) @[ IoU=0.50:0.95 | area= small | maxDets=100 ] = -1.000
 Average Precision  (AP) @[ IoU=0.50:0.95 | area=medium | maxDets=100 ] = -1.000
 Average Precision  (AP) @[ IoU=0.50:0.95 | area= large | maxDets=100 ] = 0.000
 Average Recall     (AR) @[ IoU=0.50:0.95 | area=   all | maxDets=  1 ] = 0.000
 Average Recall     (AR) @[ IoU=0.50:0.95 | area=   all | maxDets= 10 ] = 0.000
 Average Recall     (AR) @[ IoU=0.50:0.95 | area=   all | maxDets=100 ] = 0.030
 Average Recall     (AR) @[ IoU=0.50:0.95 | area= small | maxDets=100 ] = -1.000
 Average Recall     (AR) @[ IoU=0.50:0.95 | area=medium | maxDets=100 ] = -1.000
 Average Recall     (AR) @[ IoU=0.50:0.95 | area= large | maxDets=100 ] = 0.030
 Average Recall     (AR) @[ IoU=0.50      | area=   all | maxDets=100 ] = 0.133
 Average Recall     (AR) @[ IoU=0.75      | area=   all | maxDets=100 ] = 0.000
best_stat: {'epoch': 26, 'coco_eval_bbox': 0.00016747603440663803}
Epoch: [33]  [0/8]  eta: 0:00:05  lr: 0.000007  loss: 39.0720 (39.0720)  loss_mal: 1.8623 (1.8623)  loss_bbox: 0.8944 (0.8944)  loss_giou: 1.2596 (1.2596)  loss_fgl: 0.8530 (0.8530)  loss_mal_aux_0: 1.3975 (1.3975)  loss_bbox_aux_0: 0.9142 (0.9142)  loss_giou_aux_0: 1.3486 (1.3486)  loss_fgl_aux_0: 0.8352 (0.8352)  loss_ddf_aux_0: 0.0293 (0.0293)  loss_mal_aux_1: 1.6523 (1.6523)  loss_bbox_aux_1: 0.9036 (0.9036)  loss_giou_aux_1: 1.2774 (1.2774)  loss_fgl_aux_1: 0.8497 (0.8497)  loss_ddf_aux_1: 0.0029 (0.0029)  loss_mal_pre: 1.4150 (1.4150)  loss_bbox_pre: 0.9128 (0.9128)  loss_giou_pre: 1.3467 (1.3467)  loss_mal_enc_0: 1.2725 (1.2725)  loss_bbox_enc_0: 0.9727 (0.9727)  loss_giou_enc_0: 1.4507 (1.4507)  loss_mal_dn_0: 1.5791 (1.5791)  loss_bbox_dn_0: 0.7045 (0.7045)  loss_giou_dn_0: 1.1478 (1.1478)  loss_fgl_dn_0: 1.0766 (1.0766)  loss_ddf_dn_0: 0.1561 (0.1561)  loss_mal_dn_1: 2.0410 (2.0410)  loss_bbox_dn_1: 0.5931 (0.5931)  loss_giou_dn_1: 0.9590 (0.9590)  loss_fgl_dn_1: 1.0434 (1.0434)  loss_ddf_dn_1: 0.0154 (0.0154)  loss_mal_dn_2: 2.3809 (2.3809)  loss_bbox_dn_2: 0.5431 (0.5431)  loss_giou_dn_2: 0.9052 (0.9052)  loss_fgl_dn_2: 1.0502 (1.0502)  loss_mal_dn_pre: 1.5693 (1.5693)  loss_bbox_dn_pre: 0.7048 (0.7048)  loss_giou_dn_pre: 1.1523 (1.1523)  time: 0.6543  data: 0.5068  max mem: 1050
Epoch: [33]  [7/8]  eta: 0:00:00  lr: 0.000007  loss: 39.0720 (38.7095)  loss_mal: 1.7910 (1.7991)  loss_bbox: 0.8205 (0.8359)  loss_giou: 1.2174 (1.2959)  loss_fgl: 0.8530 (0.7922)  loss_mal_aux_0: 1.3691 (1.3974)  loss_bbox_aux_0: 0.8113 (0.8661)  loss_giou_aux_0: 1.3190 (1.3740)  loss_fgl_aux_0: 0.8261 (0.7669)  loss_ddf_aux_0: 0.0253 (0.0281)  loss_mal_aux_1: 1.5488 (1.5793)  loss_bbox_aux_1: 0.8273 (0.8419)  loss_giou_aux_1: 1.2346 (1.3037)  loss_fgl_aux_1: 0.8497 (0.7895)  loss_ddf_aux_1: 0.0021 (0.0026)  loss_mal_pre: 1.3340 (1.3863)  loss_bbox_pre: 0.8128 (0.8732)  loss_giou_pre: 1.3373 (1.3800)  loss_mal_enc_0: 1.0527 (1.2759)  loss_bbox_enc_0: 0.8979 (0.9805)  loss_giou_enc_0: 1.4507 (1.4953)  loss_mal_dn_0: 1.5371 (1.4906)  loss_bbox_dn_0: 0.7045 (0.7877)  loss_giou_dn_0: 1.1525 (1.1840)  loss_fgl_dn_0: 1.0692 (1.0602)  loss_ddf_dn_0: 0.1407 (0.1355)  loss_mal_dn_1: 1.9219 (1.9412)  loss_bbox_dn_1: 0.5931 (0.6829)  loss_giou_dn_1: 0.9590 (1.0047)  loss_fgl_dn_1: 1.0198 (1.0213)  loss_ddf_dn_1: 0.0146 (0.0147)  loss_mal_dn_2: 2.2285 (2.2321)  loss_bbox_dn_2: 0.5636 (0.6498)  loss_giou_dn_2: 0.9128 (0.9542)  loss_fgl_dn_2: 1.0201 (1.0304)  loss_mal_dn_pre: 1.5332 (1.4794)  loss_bbox_dn_pre: 0.7048 (0.7876)  loss_giou_dn_pre: 1.1560 (1.1893)  time: 0.1749  data: 0.0664  max mem: 1050
Epoch: [33] Total time: 0:00:01 (0.1842 s / it)
Averaged stats: lr: 0.000007  loss: 39.0720 (38.7095)  loss_mal: 1.7910 (1.7991)  loss_bbox: 0.8205 (0.8359)  loss_giou: 1.2174 (1.2959)  loss_fgl: 0.8530 (0.7922)  loss_mal_aux_0: 1.3691 (1.3974)  loss_bbox_aux_0: 0.8113 (0.8661)  loss_giou_aux_0: 1.3190 (1.3740)  loss_fgl_aux_0: 0.8261 (0.7669)  loss_ddf_aux_0: 0.0253 (0.0281)  loss_mal_aux_1: 1.5488 (1.5793)  loss_bbox_aux_1: 0.8273 (0.8419)  loss_giou_aux_1: 1.2346 (1.3037)  loss_fgl_aux_1: 0.8497 (0.7895)  loss_ddf_aux_1: 0.0021 (0.0026)  loss_mal_pre: 1.3340 (1.3863)  loss_bbox_pre: 0.8128 (0.8732)  loss_giou_pre: 1.3373 (1.3800)  loss_mal_enc_0: 1.0527 (1.2759)  loss_bbox_enc_0: 0.8979 (0.9805)  loss_giou_enc_0: 1.4507 (1.4953)  loss_mal_dn_0: 1.5371 (1.4906)  loss_bbox_dn_0: 0.7045 (0.7877)  loss_giou_dn_0: 1.1525 (1.1840)  loss_fgl_dn_0: 1.0692 (1.0602)  loss_ddf_dn_0: 0.1407 (0.1355)  loss_mal_dn_1: 1.9219 (1.9412)  loss_bbox_dn_1: 0.5931 (0.6829)  loss_giou_dn_1: 0.9590 (1.0047)  loss_fgl_dn_1: 1.0198 (1.0213)  loss_ddf_dn_1: 0.0146 (0.0147)  loss_mal_dn_2: 2.2285 (2.2321)  loss_bbox_dn_2: 0.5636 (0.6498)  loss_giou_dn_2: 0.9128 (0.9542)  loss_fgl_dn_2: 1.0201 (1.0304)  loss_mal_dn_pre: 1.5332 (1.4794)  loss_bbox_dn_pre: 0.7048 (0.7876)  loss_giou_dn_pre: 1.1560 (1.1893)
Test:  [0/4]  eta: 0:00:01    time: 0.3681  data: 0.3467  max mem: 1050
Test:  [3/4]  eta: 0:00:00    time: 0.1143  data: 0.0890  max mem: 1050
Test: Total time: 0:00:00 (0.1343 s / it)
Averaged stats: 
Accumulating evaluation results...
COCOeval_opt.accumulate() finished...
DONE (t=0.00s).
IoU metric: bbox
 Average Precision  (AP) @[ IoU=0.50:0.95 | area=   all | maxDets=100 ] = 0.000
 Average Precision  (AP) @[ IoU=0.50      | area=   all | maxDets=100 ] = 0.002
 Average Precision  (AP) @[ IoU=0.75      | area=   all | maxDets=100 ] = 0.000
 Average Precision  (AP) @[ IoU=0.50:0.95 | area= small | maxDets=100 ] = -1.000
 Average Precision  (AP) @[ IoU=0.50:0.95 | area=medium | maxDets=100 ] = -1.000
 Average Precision  (AP) @[ IoU=0.50:0.95 | area= large | maxDets=100 ] = 0.001
 Average Recall     (AR) @[ IoU=0.50:0.95 | area=   all | maxDets=  1 ] = 0.000
 Average Recall     (AR) @[ IoU=0.50:0.95 | area=   all | maxDets= 10 ] = 0.010
 Average Recall     (AR) @[ IoU=0.50:0.95 | area=   all | maxDets=100 ] = 0.063
 Average Recall     (AR) @[ IoU=0.50:0.95 | area= small | maxDets=100 ] = -1.000
 Average Recall     (AR) @[ IoU=0.50:0.95 | area=medium | maxDets=100 ] = -1.000
 Average Recall     (AR) @[ IoU=0.50:0.95 | area= large | maxDets=100 ] = 0.063
 Average Recall     (AR) @[ IoU=0.50      | area=   all | maxDets=100 ] = 0.233
 Average Recall     (AR) @[ IoU=0.75      | area=   all | maxDets=100 ] = 0.033
best_stat: {'epoch': 33, 'coco_eval_bbox': 0.00041595210774913365}
Epoch: [34]  [0/8]  eta: 0:00:05  lr: 0.000007  loss: 38.0003 (38.0003)  loss_mal: 1.9209 (1.9209)  loss_bbox: 0.7355 (0.7355)  loss_giou: 1.1950 (1.1950)  loss_fgl: 0.8916 (0.8916)  loss_mal_aux_0: 1.5332 (1.5332)  loss_bbox_aux_0: 0.7565 (0.7565)  loss_giou_aux_0: 1.2572 (1.2572)  loss_fgl_aux_0: 0.8780 (0.8780)  loss_ddf_aux_0: 0.0302 (0.0302)  loss_mal_aux_1: 1.6699 (1.6699)  loss_bbox_aux_1: 0.7473 (0.7473)  loss_giou_aux_1: 1.2117 (1.2117)  loss_fgl_aux_1: 0.8873 (0.8873)  loss_ddf_aux_1: 0.0026 (0.0026)  loss_mal_pre: 1.5117 (1.5117)  loss_bbox_pre: 0.7794 (0.7794)  loss_giou_pre: 1.2632 (1.2632)  loss_mal_enc_0: 1.3975 (1.3975)  loss_bbox_enc_0: 0.7973 (0.7973)  loss_giou_enc_0: 1.3651 (1.3651)  loss_mal_dn_0: 1.5127 (1.5127)  loss_bbox_dn_0: 0.6234 (0.6234)  loss_giou_dn_0: 1.1820 (1.1820)  loss_fgl_dn_0: 1.0495 (1.0495)  loss_ddf_dn_0: 0.1748 (0.1748)  loss_mal_dn_1: 2.0195 (2.0195)  loss_bbox_dn_1: 0.5102 (0.5102)  loss_giou_dn_1: 0.9483 (0.9483)  loss_fgl_dn_1: 1.0329 (1.0329)  loss_ddf_dn_1: 0.0189 (0.0189)  loss_mal_dn_2: 2.3574 (2.3574)  loss_bbox_dn_2: 0.4872 (0.4872)  loss_giou_dn_2: 0.8961 (0.8961)  loss_fgl_dn_2: 1.0358 (1.0358)  loss_mal_dn_pre: 1.5146 (1.5146)  loss_bbox_dn_pre: 0.6253 (0.6253)  loss_giou_dn_pre: 1.1808 (1.1808)  time: 0.7446  data: 0.5960  max mem: 1050
Epoch: [34]  [7/8]  eta: 0:00:00  lr: 0.000008  loss: 38.2347 (38.6801)  loss_mal: 1.9209 (1.9269)  loss_bbox: 0.7469 (0.7977)  loss_giou: 1.1950 (1.1785)  loss_fgl: 0.8659 (0.8780)  loss_mal_aux_0: 1.5723 (1.5251)  loss_bbox_aux_0: 0.7784 (0.8285)  loss_giou_aux_0: 1.2502 (1.2490)  loss_fgl_aux_0: 0.8517 (0.8589)  loss_ddf_aux_0: 0.0275 (0.0306)  loss_mal_aux_1: 1.6699 (1.6989)  loss_bbox_aux_1: 0.7602 (0.8042)  loss_giou_aux_1: 1.2117 (1.1894)  loss_fgl_aux_1: 0.8610 (0.8748)  loss_ddf_aux_1: 0.0026 (0.0028)  loss_mal_pre: 1.5703 (1.5188)  loss_bbox_pre: 0.7915 (0.8348)  loss_giou_pre: 1.2595 (1.2531)  loss_mal_enc_0: 1.4727 (1.3862)  loss_bbox_enc_0: 0.8780 (0.9179)  loss_giou_enc_0: 1.3091 (1.3528)  loss_mal_dn_0: 1.5127 (1.5282)  loss_bbox_dn_0: 0.6702 (0.7478)  loss_giou_dn_0: 1.1789 (1.1645)  loss_fgl_dn_0: 1.0670 (1.0706)  loss_ddf_dn_0: 0.1571 (0.1555)  loss_mal_dn_1: 1.9834 (1.9667)  loss_bbox_dn_1: 0.5307 (0.6171)  loss_giou_dn_1: 0.9483 (0.9769)  loss_fgl_dn_1: 1.0383 (1.0345)  loss_ddf_dn_1: 0.0169 (0.0169)  loss_mal_dn_2: 2.3398 (2.3018)  loss_bbox_dn_2: 0.5095 (0.5937)  loss_giou_dn_2: 0.8916 (0.9203)  loss_fgl_dn_2: 1.0499 (1.0437)  loss_mal_dn_pre: 1.5146 (1.5289)  loss_bbox_dn_pre: 0.6641 (0.7414)  loss_giou_dn_pre: 1.1764 (1.1646)  time: 0.1933  data: 0.0774  max mem: 1050
Epoch: [34] Total time: 0:00:01 (0.2007 s / it)
Averaged stats: lr: 0.000008  loss: 38.2347 (38.6801)  loss_mal: 1.9209 (1.9269)  loss_bbox: 0.7469 (0.7977)  loss_giou: 1.1950 (1.1785)  loss_fgl: 0.8659 (0.8780)  loss_mal_aux_0: 1.5723 (1.5251)  loss_bbox_aux_0: 0.7784 (0.8285)  loss_giou_aux_0: 1.2502 (1.2490)  loss_fgl_aux_0: 0.8517 (0.8589)  loss_ddf_aux_0: 0.0275 (0.0306)  loss_mal_aux_1: 1.6699 (1.6989)  loss_bbox_aux_1: 0.7602 (0.8042)  loss_giou_aux_1: 1.2117 (1.1894)  loss_fgl_aux_1: 0.8610 (0.8748)  loss_ddf_aux_1: 0.0026 (0.0028)  loss_mal_pre: 1.5703 (1.5188)  loss_bbox_pre: 0.7915 (0.8348)  loss_giou_pre: 1.2595 (1.2531)  loss_mal_enc_0: 1.4727 (1.3862)  loss_bbox_enc_0: 0.8780 (0.9179)  loss_giou_enc_0: 1.3091 (1.3528)  loss_mal_dn_0: 1.5127 (1.5282)  loss_bbox_dn_0: 0.6702 (0.7478)  loss_giou_dn_0: 1.1789 (1.1645)  loss_fgl_dn_0: 1.0670 (1.0706)  loss_ddf_dn_0: 0.1571 (0.1555)  loss_mal_dn_1: 1.9834 (1.9667)  loss_bbox_dn_1: 0.5307 (0.6171)  loss_giou_dn_1: 0.9483 (0.9769)  loss_fgl_dn_1: 1.0383 (1.0345)  loss_ddf_dn_1: 0.0169 (0.0169)  loss_mal_dn_2: 2.3398 (2.3018)  loss_bbox_dn_2: 0.5095 (0.5937)  loss_giou_dn_2: 0.8916 (0.9203)  loss_fgl_dn_2: 1.0499 (1.0437)  loss_mal_dn_pre: 1.5146 (1.5289)  loss_bbox_dn_pre: 0.6641 (0.7414)  loss_giou_dn_pre: 1.1764 (1.1646)
Test:  [0/4]  eta: 0:00:01    time: 0.3876  data: 0.3456  max mem: 1050
Test:  [3/4]  eta: 0:00:00    time: 0.1505  data: 0.0885  max mem: 1050
Test: Total time: 0:00:00 (0.1689 s / it)
Averaged stats: 
Accumulating evaluation results...
COCOeval_opt.accumulate() finished...
DONE (t=0.00s).
IoU metric: bbox
 Average Precision  (AP) @[ IoU=0.50:0.95 | area=   all | maxDets=100 ] = 0.000
 Average Precision  (AP) @[ IoU=0.50      | area=   all | maxDets=100 ] = 0.001
 Average Precision  (AP) @[ IoU=0.75      | area=   all | maxDets=100 ] = 0.000
 Average Precision  (AP) @[ IoU=0.50:0.95 | area= small | maxDets=100 ] = -1.000
 Average Precision  (AP) @[ IoU=0.50:0.95 | area=medium | maxDets=100 ] = -1.000
 Average Precision  (AP) @[ IoU=0.50:0.95 | area= large | maxDets=100 ] = 0.000
 Average Recall     (AR) @[ IoU=0.50:0.95 | area=   all | maxDets=  1 ] = 0.000
 Average Recall     (AR) @[ IoU=0.50:0.95 | area=   all | maxDets= 10 ] = 0.000
 Average Recall     (AR) @[ IoU=0.50:0.95 | area=   all | maxDets=100 ] = 0.060
 Average Recall     (AR) @[ IoU=0.50:0.95 | area= small | maxDets=100 ] = -1.000
 Average Recall     (AR) @[ IoU=0.50:0.95 | area=medium | maxDets=100 ] = -1.000
 Average Recall     (AR) @[ IoU=0.50:0.95 | area= large | maxDets=100 ] = 0.060
 Average Recall     (AR) @[ IoU=0.50      | area=   all | maxDets=100 ] = 0.167
 Average Recall     (AR) @[ IoU=0.75      | area=   all | maxDets=100 ] = 0.033
best_stat: {'epoch': 33, 'coco_eval_bbox': 0.00041595210774913365}
Epoch: [35]  [0/8]  eta: 0:00:06  lr: 0.000008  loss: 37.8672 (37.8672)  loss_mal: 0.7490 (0.7490)  loss_bbox: 1.3252 (1.3252)  loss_giou: 2.0206 (2.0206)  loss_fgl: 0.3995 (0.3995)  loss_mal_aux_0: 0.5664 (0.5664)  loss_bbox_aux_0: 1.3558 (1.3558)  loss_giou_aux_0: 2.0836 (2.0836)  loss_fgl_aux_0: 0.3804 (0.3804)  loss_ddf_aux_0: 0.0137 (0.0137)  loss_mal_aux_1: 0.6543 (0.6543)  loss_bbox_aux_1: 1.3319 (1.3319)  loss_giou_aux_1: 2.0254 (2.0254)  loss_fgl_aux_1: 0.4028 (0.4028)  loss_ddf_aux_1: 0.0014 (0.0014)  loss_mal_pre: 0.5566 (0.5566)  loss_bbox_pre: 1.3629 (1.3629)  loss_giou_pre: 2.0834 (2.0834)  loss_mal_enc_0: 0.5493 (0.5493)  loss_bbox_enc_0: 1.4470 (1.4470)  loss_giou_enc_0: 2.1328 (2.1328)  loss_mal_dn_0: 1.2939 (1.2939)  loss_bbox_dn_0: 0.6020 (0.6020)  loss_giou_dn_0: 1.3115 (1.3115)  loss_fgl_dn_0: 0.9783 (0.9783)  loss_ddf_dn_0: 0.1301 (0.1301)  loss_mal_dn_1: 1.7422 (1.7422)  loss_bbox_dn_1: 0.5205 (0.5205)  loss_giou_dn_1: 1.1163 (1.1163)  loss_fgl_dn_1: 0.9517 (0.9517)  loss_ddf_dn_1: 0.0159 (0.0159)  loss_mal_dn_2: 2.0586 (2.0586)  loss_bbox_dn_2: 0.4965 (0.4965)  loss_giou_dn_2: 1.0563 (1.0563)  loss_fgl_dn_2: 0.9595 (0.9595)  loss_mal_dn_pre: 1.2861 (1.2861)  loss_bbox_dn_pre: 0.5920 (0.5920)  loss_giou_dn_pre: 1.3136 (1.3136)  time: 0.7701  data: 0.6513  max mem: 1050
Epoch: [35]  [7/8]  eta: 0:00:00  lr: 0.000008  loss: 38.2776 (38.6882)  loss_mal: 1.8564 (1.8550)  loss_bbox: 0.8534 (0.8504)  loss_giou: 1.1119 (1.2688)  loss_fgl: 0.8871 (0.8203)  loss_mal_aux_0: 1.4629 (1.4658)  loss_bbox_aux_0: 0.8849 (0.8848)  loss_giou_aux_0: 1.2211 (1.3440)  loss_fgl_aux_0: 0.8559 (0.7983)  loss_ddf_aux_0: 0.0344 (0.0340)  loss_mal_aux_1: 1.6270 (1.6350)  loss_bbox_aux_1: 0.8577 (0.8634)  loss_giou_aux_1: 1.1424 (1.2808)  loss_fgl_aux_1: 0.8937 (0.8170)  loss_ddf_aux_1: 0.0028 (0.0030)  loss_mal_pre: 1.4453 (1.4564)  loss_bbox_pre: 0.8819 (0.8918)  loss_giou_pre: 1.2336 (1.3474)  loss_mal_enc_0: 1.3115 (1.2961)  loss_bbox_enc_0: 0.9023 (0.9664)  loss_giou_enc_0: 1.3697 (1.4575)  loss_mal_dn_0: 1.3857 (1.4388)  loss_bbox_dn_0: 0.7258 (0.7560)  loss_giou_dn_0: 1.1572 (1.2030)  loss_fgl_dn_0: 1.0843 (1.0561)  loss_ddf_dn_0: 0.1548 (0.1637)  loss_mal_dn_1: 1.7539 (1.8779)  loss_bbox_dn_1: 0.5922 (0.6332)  loss_giou_dn_1: 0.9687 (1.0211)  loss_fgl_dn_1: 1.0166 (1.0196)  loss_ddf_dn_1: 0.0174 (0.0186)  loss_mal_dn_2: 2.0586 (2.1591)  loss_bbox_dn_2: 0.5821 (0.6090)  loss_giou_dn_2: 0.9362 (0.9762)  loss_fgl_dn_2: 1.0167 (1.0271)  loss_mal_dn_pre: 1.3867 (1.4292)  loss_bbox_dn_pre: 0.7203 (0.7545)  loss_giou_dn_pre: 1.1652 (1.2087)  time: 0.2243  data: 0.0914  max mem: 1050
Epoch: [35] Total time: 0:00:01 (0.2318 s / it)
Averaged stats: lr: 0.000008  loss: 38.2776 (38.6882)  loss_mal: 1.8564 (1.8550)  loss_bbox: 0.8534 (0.8504)  loss_giou: 1.1119 (1.2688)  loss_fgl: 0.8871 (0.8203)  loss_mal_aux_0: 1.4629 (1.4658)  loss_bbox_aux_0: 0.8849 (0.8848)  loss_giou_aux_0: 1.2211 (1.3440)  loss_fgl_aux_0: 0.8559 (0.7983)  loss_ddf_aux_0: 0.0344 (0.0340)  loss_mal_aux_1: 1.6270 (1.6350)  loss_bbox_aux_1: 0.8577 (0.8634)  loss_giou_aux_1: 1.1424 (1.2808)  loss_fgl_aux_1: 0.8937 (0.8170)  loss_ddf_aux_1: 0.0028 (0.0030)  loss_mal_pre: 1.4453 (1.4564)  loss_bbox_pre: 0.8819 (0.8918)  loss_giou_pre: 1.2336 (1.3474)  loss_mal_enc_0: 1.3115 (1.2961)  loss_bbox_enc_0: 0.9023 (0.9664)  loss_giou_enc_0: 1.3697 (1.4575)  loss_mal_dn_0: 1.3857 (1.4388)  loss_bbox_dn_0: 0.7258 (0.7560)  loss_giou_dn_0: 1.1572 (1.2030)  loss_fgl_dn_0: 1.0843 (1.0561)  loss_ddf_dn_0: 0.1548 (0.1637)  loss_mal_dn_1: 1.7539 (1.8779)  loss_bbox_dn_1: 0.5922 (0.6332)  loss_giou_dn_1: 0.9687 (1.0211)  loss_fgl_dn_1: 1.0166 (1.0196)  loss_ddf_dn_1: 0.0174 (0.0186)  loss_mal_dn_2: 2.0586 (2.1591)  loss_bbox_dn_2: 0.5821 (0.6090)  loss_giou_dn_2: 0.9362 (0.9762)  loss_fgl_dn_2: 1.0167 (1.0271)  loss_mal_dn_pre: 1.3867 (1.4292)  loss_bbox_dn_pre: 0.7203 (0.7545)  loss_giou_dn_pre: 1.1652 (1.2087)
Test:  [0/4]  eta: 0:00:01    time: 0.3387  data: 0.3140  max mem: 1050
Test:  [3/4]  eta: 0:00:00    time: 0.0993  data: 0.0806  max mem: 1050
Test: Total time: 0:00:00 (0.1159 s / it)
Averaged stats: 
Accumulating evaluation results...
COCOeval_opt.accumulate() finished...
DONE (t=0.00s).
IoU metric: bbox
 Average Precision  (AP) @[ IoU=0.50:0.95 | area=   all | maxDets=100 ] = 0.000
 Average Precision  (AP) @[ IoU=0.50      | area=   all | maxDets=100 ] = 0.000
 Average Precision  (AP) @[ IoU=0.75      | area=   all | maxDets=100 ] = 0.000
 Average Precision  (AP) @[ IoU=0.50:0.95 | area= small | maxDets=100 ] = -1.000
 Average Precision  (AP) @[ IoU=0.50:0.95 | area=medium | maxDets=100 ] = -1.000
 Average Precision  (AP) @[ IoU=0.50:0.95 | area= large | maxDets=100 ] = 0.000
 Average Recall     (AR) @[ IoU=0.50:0.95 | area=   all | maxDets=  1 ] = 0.000
 Average Recall     (AR) @[ IoU=0.50:0.95 | area=   all | maxDets= 10 ] = 0.000
 Average Recall     (AR) @[ IoU=0.50:0.95 | area=   all | maxDets=100 ] = 0.047
 Average Recall     (AR) @[ IoU=0.50:0.95 | area= small | maxDets=100 ] = -1.000
 Average Recall     (AR) @[ IoU=0.50:0.95 | area=medium | maxDets=100 ] = -1.000
 Average Recall     (AR) @[ IoU=0.50:0.95 | area= large | maxDets=100 ] = 0.047
 Average Recall     (AR) @[ IoU=0.50      | area=   all | maxDets=100 ] = 0.167
 Average Recall     (AR) @[ IoU=0.75      | area=   all | maxDets=100 ] = 0.000
best_stat: {'epoch': 33, 'coco_eval_bbox': 0.00041595210774913365}
Epoch: [36]  [0/8]  eta: 0:00:08  lr: 0.000008  loss: 38.1348 (38.1348)  loss_mal: 1.0859 (1.0859)  loss_bbox: 1.1568 (1.1568)  loss_giou: 1.7927 (1.7927)  loss_fgl: 0.4878 (0.4878)  loss_mal_aux_0: 0.8701 (0.8701)  loss_bbox_aux_0: 1.1675 (1.1675)  loss_giou_aux_0: 1.8673 (1.8673)  loss_fgl_aux_0: 0.4622 (0.4622)  loss_ddf_aux_0: 0.0252 (0.0252)  loss_mal_aux_1: 0.9937 (0.9937)  loss_bbox_aux_1: 1.1552 (1.1552)  loss_giou_aux_1: 1.7972 (1.7972)  loss_fgl_aux_1: 0.4882 (0.4882)  loss_ddf_aux_1: 0.0021 (0.0021)  loss_mal_pre: 0.8584 (0.8584)  loss_bbox_pre: 1.1892 (1.1892)  loss_giou_pre: 1.8710 (1.8710)  loss_mal_enc_0: 0.8408 (0.8408)  loss_bbox_enc_0: 1.3590 (1.3590)  loss_giou_enc_0: 2.0011 (2.0011)  loss_mal_dn_0: 1.4219 (1.4219)  loss_bbox_dn_0: 0.6430 (0.6430)  loss_giou_dn_0: 1.2072 (1.2072)  loss_fgl_dn_0: 0.9992 (0.9992)  loss_ddf_dn_0: 0.1496 (0.1496)  loss_mal_dn_1: 1.8750 (1.8750)  loss_bbox_dn_1: 0.5085 (0.5085)  loss_giou_dn_1: 1.0304 (1.0304)  loss_fgl_dn_1: 0.9677 (0.9677)  loss_ddf_dn_1: 0.0147 (0.0147)  loss_mal_dn_2: 2.1562 (2.1562)  loss_bbox_dn_2: 0.4799 (0.4799)  loss_giou_dn_2: 0.9780 (0.9780)  loss_fgl_dn_2: 0.9727 (0.9727)  loss_mal_dn_pre: 1.4141 (1.4141)  loss_bbox_dn_pre: 0.6347 (0.6347)  loss_giou_dn_pre: 1.2105 (1.2105)  time: 1.0426  data: 0.9227  max mem: 1050
Epoch: [36]  [7/8]  eta: 0:00:00  lr: 0.000009  loss: 38.1348 (38.6502)  loss_mal: 1.8857 (1.8817)  loss_bbox: 0.7859 (0.8394)  loss_giou: 1.2567 (1.3451)  loss_fgl: 0.6826 (0.7545)  loss_mal_aux_0: 1.2881 (1.4153)  loss_bbox_aux_0: 0.8031 (0.8810)  loss_giou_aux_0: 1.4133 (1.4430)  loss_fgl_aux_0: 0.6670 (0.7282)  loss_ddf_aux_0: 0.0346 (0.0335)  loss_mal_aux_1: 1.6426 (1.6590)  loss_bbox_aux_1: 0.7938 (0.8462)  loss_giou_aux_1: 1.2762 (1.3538)  loss_fgl_aux_1: 0.6844 (0.7529)  loss_ddf_aux_1: 0.0031 (0.0035)  loss_mal_pre: 1.2832 (1.3939)  loss_bbox_pre: 0.8153 (0.8920)  loss_giou_pre: 1.4141 (1.4483)  loss_mal_enc_0: 1.2207 (1.3049)  loss_bbox_enc_0: 0.9043 (1.0008)  loss_giou_enc_0: 1.5606 (1.5643)  loss_mal_dn_0: 1.4619 (1.4719)  loss_bbox_dn_0: 0.6430 (0.6668)  loss_giou_dn_0: 1.1648 (1.1897)  loss_fgl_dn_0: 1.0504 (1.0477)  loss_ddf_dn_0: 0.1521 (0.1552)  loss_mal_dn_1: 1.8750 (1.9298)  loss_bbox_dn_1: 0.5110 (0.5638)  loss_giou_dn_1: 1.0236 (1.0035)  loss_fgl_dn_1: 0.9759 (1.0110)  loss_ddf_dn_1: 0.0173 (0.0186)  loss_mal_dn_2: 2.1133 (2.2185)  loss_bbox_dn_2: 0.4799 (0.5393)  loss_giou_dn_2: 0.9731 (0.9553)  loss_fgl_dn_2: 0.9840 (1.0161)  loss_mal_dn_pre: 1.4521 (1.4714)  loss_bbox_dn_pre: 0.6347 (0.6611)  loss_giou_dn_pre: 1.1639 (1.1892)  time: 0.2371  data: 0.1240  max mem: 1050
Epoch: [36] Total time: 0:00:01 (0.2462 s / it)
Averaged stats: lr: 0.000009  loss: 38.1348 (38.6502)  loss_mal: 1.8857 (1.8817)  loss_bbox: 0.7859 (0.8394)  loss_giou: 1.2567 (1.3451)  loss_fgl: 0.6826 (0.7545)  loss_mal_aux_0: 1.2881 (1.4153)  loss_bbox_aux_0: 0.8031 (0.8810)  loss_giou_aux_0: 1.4133 (1.4430)  loss_fgl_aux_0: 0.6670 (0.7282)  loss_ddf_aux_0: 0.0346 (0.0335)  loss_mal_aux_1: 1.6426 (1.6590)  loss_bbox_aux_1: 0.7938 (0.8462)  loss_giou_aux_1: 1.2762 (1.3538)  loss_fgl_aux_1: 0.6844 (0.7529)  loss_ddf_aux_1: 0.0031 (0.0035)  loss_mal_pre: 1.2832 (1.3939)  loss_bbox_pre: 0.8153 (0.8920)  loss_giou_pre: 1.4141 (1.4483)  loss_mal_enc_0: 1.2207 (1.3049)  loss_bbox_enc_0: 0.9043 (1.0008)  loss_giou_enc_0: 1.5606 (1.5643)  loss_mal_dn_0: 1.4619 (1.4719)  loss_bbox_dn_0: 0.6430 (0.6668)  loss_giou_dn_0: 1.1648 (1.1897)  loss_fgl_dn_0: 1.0504 (1.0477)  loss_ddf_dn_0: 0.1521 (0.1552)  loss_mal_dn_1: 1.8750 (1.9298)  loss_bbox_dn_1: 0.5110 (0.5638)  loss_giou_dn_1: 1.0236 (1.0035)  loss_fgl_dn_1: 0.9759 (1.0110)  loss_ddf_dn_1: 0.0173 (0.0186)  loss_mal_dn_2: 2.1133 (2.2185)  loss_bbox_dn_2: 0.4799 (0.5393)  loss_giou_dn_2: 0.9731 (0.9553)  loss_fgl_dn_2: 0.9840 (1.0161)  loss_mal_dn_pre: 1.4521 (1.4714)  loss_bbox_dn_pre: 0.6347 (0.6611)  loss_giou_dn_pre: 1.1639 (1.1892)
Test:  [0/4]  eta: 0:00:01    time: 0.3830  data: 0.3589  max mem: 1050
Test:  [3/4]  eta: 0:00:00    time: 0.1097  data: 0.0918  max mem: 1050
Test: Total time: 0:00:00 (0.1296 s / it)
Averaged stats: 
Accumulating evaluation results...
COCOeval_opt.accumulate() finished...
DONE (t=0.00s).
IoU metric: bbox
 Average Precision  (AP) @[ IoU=0.50:0.95 | area=   all | maxDets=100 ] = 0.000
 Average Precision  (AP) @[ IoU=0.50      | area=   all | maxDets=100 ] = 0.001
 Average Precision  (AP) @[ IoU=0.75      | area=   all | maxDets=100 ] = 0.000
 Average Precision  (AP) @[ IoU=0.50:0.95 | area= small | maxDets=100 ] = -1.000
 Average Precision  (AP) @[ IoU=0.50:0.95 | area=medium | maxDets=100 ] = -1.000
 Average Precision  (AP) @[ IoU=0.50:0.95 | area= large | maxDets=100 ] = 0.000
 Average Recall     (AR) @[ IoU=0.50:0.95 | area=   all | maxDets=  1 ] = 0.000
 Average Recall     (AR) @[ IoU=0.50:0.95 | area=   all | maxDets= 10 ] = 0.000
 Average Recall     (AR) @[ IoU=0.50:0.95 | area=   all | maxDets=100 ] = 0.063
 Average Recall     (AR) @[ IoU=0.50:0.95 | area= small | maxDets=100 ] = -1.000
 Average Recall     (AR) @[ IoU=0.50:0.95 | area=medium | maxDets=100 ] = -1.000
 Average Recall     (AR) @[ IoU=0.50:0.95 | area= large | maxDets=100 ] = 0.063
 Average Recall     (AR) @[ IoU=0.50      | area=   all | maxDets=100 ] = 0.133
 Average Recall     (AR) @[ IoU=0.75      | area=   all | maxDets=100 ] = 0.033
best_stat: {'epoch': 33, 'coco_eval_bbox': 0.00041595210774913365}
Epoch: [37]  [0/8]  eta: 0:00:08  lr: 0.000009  loss: 39.1869 (39.1869)  loss_mal: 2.0898 (2.0898)  loss_bbox: 0.7766 (0.7766)  loss_giou: 1.0411 (1.0411)  loss_fgl: 0.9348 (0.9348)  loss_mal_aux_0: 1.7764 (1.7764)  loss_bbox_aux_0: 0.8120 (0.8120)  loss_giou_aux_0: 1.0986 (1.0986)  loss_fgl_aux_0: 0.9099 (0.9099)  loss_ddf_aux_0: 0.0386 (0.0386)  loss_mal_aux_1: 1.8613 (1.8613)  loss_bbox_aux_1: 0.7837 (0.7837)  loss_giou_aux_1: 1.0471 (1.0471)  loss_fgl_aux_1: 0.9297 (0.9297)  loss_ddf_aux_1: 0.0031 (0.0031)  loss_mal_pre: 1.7832 (1.7832)  loss_bbox_pre: 0.8122 (0.8122)  loss_giou_pre: 1.1018 (1.1018)  loss_mal_enc_0: 1.5430 (1.5430)  loss_bbox_enc_0: 0.8642 (0.8642)  loss_giou_enc_0: 1.2226 (1.2226)  loss_mal_dn_0: 1.4111 (1.4111)  loss_bbox_dn_0: 0.8667 (0.8667)  loss_giou_dn_0: 1.2390 (1.2390)  loss_fgl_dn_0: 1.0677 (1.0677)  loss_ddf_dn_0: 0.2188 (0.2188)  loss_mal_dn_1: 1.7480 (1.7480)  loss_bbox_dn_1: 0.7706 (0.7706)  loss_giou_dn_1: 1.0873 (1.0873)  loss_fgl_dn_1: 1.0053 (1.0053)  loss_ddf_dn_1: 0.0259 (0.0259)  loss_mal_dn_2: 1.9990 (1.9990)  loss_bbox_dn_2: 0.7508 (0.7508)  loss_giou_dn_2: 1.0464 (1.0464)  loss_fgl_dn_2: 1.0063 (1.0063)  loss_mal_dn_pre: 1.3984 (1.3984)  loss_bbox_dn_pre: 0.8699 (0.8699)  loss_giou_dn_pre: 1.2461 (1.2461)  time: 1.0636  data: 0.9025  max mem: 1050
Epoch: [37]  [7/8]  eta: 0:00:00  lr: 0.000009  loss: 38.5685 (39.2713)  loss_mal: 1.9883 (1.8120)  loss_bbox: 0.9357 (0.9244)  loss_giou: 1.1886 (1.3215)  loss_fgl: 0.8541 (0.7917)  loss_mal_aux_0: 1.5830 (1.4329)  loss_bbox_aux_0: 0.9103 (0.9546)  loss_giou_aux_0: 1.2699 (1.3963)  loss_fgl_aux_0: 0.8412 (0.7689)  loss_ddf_aux_0: 0.0316 (0.0297)  loss_mal_aux_1: 1.8057 (1.5788)  loss_bbox_aux_1: 0.9414 (0.9291)  loss_giou_aux_1: 1.1893 (1.3288)  loss_fgl_aux_1: 0.8662 (0.7908)  loss_ddf_aux_1: 0.0023 (0.0026)  loss_mal_pre: 1.5752 (1.4292)  loss_bbox_pre: 0.9117 (0.9558)  loss_giou_pre: 1.2697 (1.4007)  loss_mal_enc_0: 1.4277 (1.3046)  loss_bbox_enc_0: 0.9888 (1.0199)  loss_giou_enc_0: 1.3589 (1.4874)  loss_mal_dn_0: 1.4639 (1.4786)  loss_bbox_dn_0: 0.7288 (0.7838)  loss_giou_dn_0: 1.1944 (1.1932)  loss_fgl_dn_0: 1.0474 (1.0444)  loss_ddf_dn_0: 0.1429 (0.1594)  loss_mal_dn_1: 1.9180 (1.9285)  loss_bbox_dn_1: 0.6595 (0.6891)  loss_giou_dn_1: 0.9923 (0.9979)  loss_fgl_dn_1: 1.0053 (1.0090)  loss_ddf_dn_1: 0.0166 (0.0194)  loss_mal_dn_2: 2.2344 (2.2323)  loss_bbox_dn_2: 0.6164 (0.6647)  loss_giou_dn_2: 0.9557 (0.9512)  loss_fgl_dn_2: 1.0063 (1.0107)  loss_mal_dn_pre: 1.4434 (1.4730)  loss_bbox_dn_pre: 0.7250 (0.7807)  loss_giou_dn_pre: 1.1907 (1.1961)  time: 0.2442  data: 0.1144  max mem: 1050
Epoch: [37] Total time: 0:00:02 (0.2544 s / it)
Averaged stats: lr: 0.000009  loss: 38.5685 (39.2713)  loss_mal: 1.9883 (1.8120)  loss_bbox: 0.9357 (0.9244)  loss_giou: 1.1886 (1.3215)  loss_fgl: 0.8541 (0.7917)  loss_mal_aux_0: 1.5830 (1.4329)  loss_bbox_aux_0: 0.9103 (0.9546)  loss_giou_aux_0: 1.2699 (1.3963)  loss_fgl_aux_0: 0.8412 (0.7689)  loss_ddf_aux_0: 0.0316 (0.0297)  loss_mal_aux_1: 1.8057 (1.5788)  loss_bbox_aux_1: 0.9414 (0.9291)  loss_giou_aux_1: 1.1893 (1.3288)  loss_fgl_aux_1: 0.8662 (0.7908)  loss_ddf_aux_1: 0.0023 (0.0026)  loss_mal_pre: 1.5752 (1.4292)  loss_bbox_pre: 0.9117 (0.9558)  loss_giou_pre: 1.2697 (1.4007)  loss_mal_enc_0: 1.4277 (1.3046)  loss_bbox_enc_0: 0.9888 (1.0199)  loss_giou_enc_0: 1.3589 (1.4874)  loss_mal_dn_0: 1.4639 (1.4786)  loss_bbox_dn_0: 0.7288 (0.7838)  loss_giou_dn_0: 1.1944 (1.1932)  loss_fgl_dn_0: 1.0474 (1.0444)  loss_ddf_dn_0: 0.1429 (0.1594)  loss_mal_dn_1: 1.9180 (1.9285)  loss_bbox_dn_1: 0.6595 (0.6891)  loss_giou_dn_1: 0.9923 (0.9979)  loss_fgl_dn_1: 1.0053 (1.0090)  loss_ddf_dn_1: 0.0166 (0.0194)  loss_mal_dn_2: 2.2344 (2.2323)  loss_bbox_dn_2: 0.6164 (0.6647)  loss_giou_dn_2: 0.9557 (0.9512)  loss_fgl_dn_2: 1.0063 (1.0107)  loss_mal_dn_pre: 1.4434 (1.4730)  loss_bbox_dn_pre: 0.7250 (0.7807)  loss_giou_dn_pre: 1.1907 (1.1961)
Test:  [0/4]  eta: 0:00:01    time: 0.3452  data: 0.3223  max mem: 1050
Test:  [3/4]  eta: 0:00:00    time: 0.1010  data: 0.0829  max mem: 1050
Test: Total time: 0:00:00 (0.1227 s / it)
Averaged stats: 
Accumulating evaluation results...
COCOeval_opt.accumulate() finished...
DONE (t=0.00s).
IoU metric: bbox
 Average Precision  (AP) @[ IoU=0.50:0.95 | area=   all | maxDets=100 ] = 0.000
 Average Precision  (AP) @[ IoU=0.50      | area=   all | maxDets=100 ] = 0.001
 Average Precision  (AP) @[ IoU=0.75      | area=   all | maxDets=100 ] = 0.000
 Average Precision  (AP) @[ IoU=0.50:0.95 | area= small | maxDets=100 ] = -1.000
 Average Precision  (AP) @[ IoU=0.50:0.95 | area=medium | maxDets=100 ] = -1.000
 Average Precision  (AP) @[ IoU=0.50:0.95 | area= large | maxDets=100 ] = 0.000
 Average Recall     (AR) @[ IoU=0.50:0.95 | area=   all | maxDets=  1 ] = 0.000
 Average Recall     (AR) @[ IoU=0.50:0.95 | area=   all | maxDets= 10 ] = 0.007
 Average Recall     (AR) @[ IoU=0.50:0.95 | area=   all | maxDets=100 ] = 0.077
 Average Recall     (AR) @[ IoU=0.50:0.95 | area= small | maxDets=100 ] = -1.000
 Average Recall     (AR) @[ IoU=0.50:0.95 | area=medium | maxDets=100 ] = -1.000
 Average Recall     (AR) @[ IoU=0.50:0.95 | area= large | maxDets=100 ] = 0.077
 Average Recall     (AR) @[ IoU=0.50      | area=   all | maxDets=100 ] = 0.200
 Average Recall     (AR) @[ IoU=0.75      | area=   all | maxDets=100 ] = 0.033
best_stat: {'epoch': 33, 'coco_eval_bbox': 0.00041595210774913365}
Epoch: [38]  [0/8]  eta: 0:00:06  lr: 0.000009  loss: 38.6853 (38.6853)  loss_mal: 2.0000 (2.0000)  loss_bbox: 0.7938 (0.7938)  loss_giou: 1.2549 (1.2549)  loss_fgl: 0.7342 (0.7342)  loss_mal_aux_0: 1.5361 (1.5361)  loss_bbox_aux_0: 0.8159 (0.8159)  loss_giou_aux_0: 1.3409 (1.3409)  loss_fgl_aux_0: 0.7240 (0.7240)  loss_ddf_aux_0: 0.0366 (0.0366)  loss_mal_aux_1: 1.6436 (1.6436)  loss_bbox_aux_1: 0.8000 (0.8000)  loss_giou_aux_1: 1.2610 (1.2610)  loss_fgl_aux_1: 0.7314 (0.7314)  loss_ddf_aux_1: 0.0033 (0.0033)  loss_mal_pre: 1.5371 (1.5371)  loss_bbox_pre: 0.8284 (0.8284)  loss_giou_pre: 1.3429 (1.3429)  loss_mal_enc_0: 1.2002 (1.2002)  loss_bbox_enc_0: 0.9560 (0.9560)  loss_giou_enc_0: 1.4754 (1.4754)  loss_mal_dn_0: 1.3447 (1.3447)  loss_bbox_dn_0: 0.8962 (0.8962)  loss_giou_dn_0: 1.2834 (1.2834)  loss_fgl_dn_0: 1.0140 (1.0140)  loss_ddf_dn_0: 0.1768 (0.1768)  loss_mal_dn_1: 1.7754 (1.7754)  loss_bbox_dn_1: 0.7639 (0.7639)  loss_giou_dn_1: 1.0974 (1.0974)  loss_fgl_dn_1: 0.9731 (0.9731)  loss_ddf_dn_1: 0.0218 (0.0218)  loss_mal_dn_2: 2.0723 (2.0723)  loss_bbox_dn_2: 0.7143 (0.7143)  loss_giou_dn_2: 1.0493 (1.0493)  loss_fgl_dn_2: 0.9794 (0.9794)  loss_mal_dn_pre: 1.3447 (1.3447)  loss_bbox_dn_pre: 0.8786 (0.8786)  loss_giou_dn_pre: 1.2844 (1.2844)  time: 0.7733  data: 0.6552  max mem: 1050
Epoch: [38]  [7/8]  eta: 0:00:00  lr: 0.000010  loss: 38.3386 (39.6344)  loss_mal: 2.0000 (2.0525)  loss_bbox: 0.7323 (0.8688)  loss_giou: 1.0743 (1.1850)  loss_fgl: 0.8296 (0.8688)  loss_mal_aux_0: 1.5400 (1.5456)  loss_bbox_aux_0: 0.7878 (0.9163)  loss_giou_aux_0: 1.2397 (1.2890)  loss_fgl_aux_0: 0.8094 (0.8445)  loss_ddf_aux_0: 0.0381 (0.0402)  loss_mal_aux_1: 1.7490 (1.7954)  loss_bbox_aux_1: 0.7408 (0.8757)  loss_giou_aux_1: 1.0768 (1.1942)  loss_fgl_aux_1: 0.8196 (0.8678)  loss_ddf_aux_1: 0.0037 (0.0039)  loss_mal_pre: 1.5371 (1.5298)  loss_bbox_pre: 0.8194 (0.9231)  loss_giou_pre: 1.2593 (1.2935)  loss_mal_enc_0: 1.3184 (1.3729)  loss_bbox_enc_0: 0.9290 (1.0180)  loss_giou_enc_0: 1.4235 (1.3928)  loss_mal_dn_0: 1.4375 (1.4629)  loss_bbox_dn_0: 0.7739 (0.8587)  loss_giou_dn_0: 1.1864 (1.1904)  loss_fgl_dn_0: 1.0623 (1.0568)  loss_ddf_dn_0: 0.1734 (0.1673)  loss_mal_dn_1: 1.7754 (1.8647)  loss_bbox_dn_1: 0.6705 (0.7475)  loss_giou_dn_1: 1.0427 (1.0166)  loss_fgl_dn_1: 1.0107 (1.0131)  loss_ddf_dn_1: 0.0183 (0.0192)  loss_mal_dn_2: 2.0410 (2.1384)  loss_bbox_dn_2: 0.6556 (0.7253)  loss_giou_dn_2: 1.0104 (0.9754)  loss_fgl_dn_2: 1.0118 (1.0172)  loss_mal_dn_pre: 1.4297 (1.4583)  loss_bbox_dn_pre: 0.7535 (0.8515)  loss_giou_dn_pre: 1.1945 (1.1933)  time: 0.1885  data: 0.0862  max mem: 1050
Epoch: [38] Total time: 0:00:01 (0.1957 s / it)
Averaged stats: lr: 0.000010  loss: 38.3386 (39.6344)  loss_mal: 2.0000 (2.0525)  loss_bbox: 0.7323 (0.8688)  loss_giou: 1.0743 (1.1850)  loss_fgl: 0.8296 (0.8688)  loss_mal_aux_0: 1.5400 (1.5456)  loss_bbox_aux_0: 0.7878 (0.9163)  loss_giou_aux_0: 1.2397 (1.2890)  loss_fgl_aux_0: 0.8094 (0.8445)  loss_ddf_aux_0: 0.0381 (0.0402)  loss_mal_aux_1: 1.7490 (1.7954)  loss_bbox_aux_1: 0.7408 (0.8757)  loss_giou_aux_1: 1.0768 (1.1942)  loss_fgl_aux_1: 0.8196 (0.8678)  loss_ddf_aux_1: 0.0037 (0.0039)  loss_mal_pre: 1.5371 (1.5298)  loss_bbox_pre: 0.8194 (0.9231)  loss_giou_pre: 1.2593 (1.2935)  loss_mal_enc_0: 1.3184 (1.3729)  loss_bbox_enc_0: 0.9290 (1.0180)  loss_giou_enc_0: 1.4235 (1.3928)  loss_mal_dn_0: 1.4375 (1.4629)  loss_bbox_dn_0: 0.7739 (0.8587)  loss_giou_dn_0: 1.1864 (1.1904)  loss_fgl_dn_0: 1.0623 (1.0568)  loss_ddf_dn_0: 0.1734 (0.1673)  loss_mal_dn_1: 1.7754 (1.8647)  loss_bbox_dn_1: 0.6705 (0.7475)  loss_giou_dn_1: 1.0427 (1.0166)  loss_fgl_dn_1: 1.0107 (1.0131)  loss_ddf_dn_1: 0.0183 (0.0192)  loss_mal_dn_2: 2.0410 (2.1384)  loss_bbox_dn_2: 0.6556 (0.7253)  loss_giou_dn_2: 1.0104 (0.9754)  loss_fgl_dn_2: 1.0118 (1.0172)  loss_mal_dn_pre: 1.4297 (1.4583)  loss_bbox_dn_pre: 0.7535 (0.8515)  loss_giou_dn_pre: 1.1945 (1.1933)
Test:  [0/4]  eta: 0:00:01    time: 0.3554  data: 0.3310  max mem: 1050
Test:  [3/4]  eta: 0:00:00    time: 0.1038  data: 0.0849  max mem: 1050
Test: Total time: 0:00:00 (0.1231 s / it)
Averaged stats: 
Accumulating evaluation results...
COCOeval_opt.accumulate() finished...
DONE (t=0.00s).
IoU metric: bbox
 Average Precision  (AP) @[ IoU=0.50:0.95 | area=   all | maxDets=100 ] = 0.000
 Average Precision  (AP) @[ IoU=0.50      | area=   all | maxDets=100 ] = 0.001
 Average Precision  (AP) @[ IoU=0.75      | area=   all | maxDets=100 ] = 0.000
 Average Precision  (AP) @[ IoU=0.50:0.95 | area= small | maxDets=100 ] = -1.000
 Average Precision  (AP) @[ IoU=0.50:0.95 | area=medium | maxDets=100 ] = -1.000
 Average Precision  (AP) @[ IoU=0.50:0.95 | area= large | maxDets=100 ] = 0.001
 Average Recall     (AR) @[ IoU=0.50:0.95 | area=   all | maxDets=  1 ] = 0.000
 Average Recall     (AR) @[ IoU=0.50:0.95 | area=   all | maxDets= 10 ] = 0.010
 Average Recall     (AR) @[ IoU=0.50:0.95 | area=   all | maxDets=100 ] = 0.033
 Average Recall     (AR) @[ IoU=0.50:0.95 | area= small | maxDets=100 ] = -1.000
 Average Recall     (AR) @[ IoU=0.50:0.95 | area=medium | maxDets=100 ] = -1.000
 Average Recall     (AR) @[ IoU=0.50:0.95 | area= large | maxDets=100 ] = 0.033
 Average Recall     (AR) @[ IoU=0.50      | area=   all | maxDets=100 ] = 0.067
 Average Recall     (AR) @[ IoU=0.75      | area=   all | maxDets=100 ] = 0.033
best_stat: {'epoch': 33, 'coco_eval_bbox': 0.00041595210774913365}
Epoch: [39]  [0/8]  eta: 0:00:11  lr: 0.000010  loss: 36.0410 (36.0410)  loss_mal: 0.8496 (0.8496)  loss_bbox: 1.0547 (1.0547)  loss_giou: 1.7448 (1.7448)  loss_fgl: 0.5458 (0.5458)  loss_mal_aux_0: 0.6953 (0.6953)  loss_bbox_aux_0: 1.0566 (1.0566)  loss_giou_aux_0: 1.7741 (1.7741)  loss_fgl_aux_0: 0.5513 (0.5513)  loss_ddf_aux_0: 0.0138 (0.0138)  loss_mal_aux_1: 0.7715 (0.7715)  loss_bbox_aux_1: 1.0468 (1.0468)  loss_giou_aux_1: 1.7518 (1.7518)  loss_fgl_aux_1: 0.5461 (0.5461)  loss_ddf_aux_1: 0.0015 (0.0015)  loss_mal_pre: 0.6885 (0.6885)  loss_bbox_pre: 1.0680 (1.0680)  loss_giou_pre: 1.7765 (1.7765)  loss_mal_enc_0: 0.7114 (0.7114)  loss_bbox_enc_0: 1.1580 (1.1580)  loss_giou_enc_0: 1.8335 (1.8335)  loss_mal_dn_0: 1.3975 (1.3975)  loss_bbox_dn_0: 0.5814 (0.5814)  loss_giou_dn_0: 1.2372 (1.2372)  loss_fgl_dn_0: 0.9791 (0.9791)  loss_ddf_dn_0: 0.0864 (0.0864)  loss_mal_dn_1: 1.7891 (1.7891)  loss_bbox_dn_1: 0.5436 (0.5436)  loss_giou_dn_1: 1.0753 (1.0753)  loss_fgl_dn_1: 0.9503 (0.9503)  loss_ddf_dn_1: 0.0110 (0.0110)  loss_mal_dn_2: 2.0625 (2.0625)  loss_bbox_dn_2: 0.4992 (0.4992)  loss_giou_dn_2: 1.0125 (1.0125)  loss_fgl_dn_2: 0.9717 (0.9717)  loss_mal_dn_pre: 1.3936 (1.3936)  loss_bbox_dn_pre: 0.5726 (0.5726)  loss_giou_dn_pre: 1.2385 (1.2385)  time: 1.4759  data: 1.1178  max mem: 1050
Epoch: [39]  [7/8]  eta: 0:00:00  lr: 0.000010  loss: 38.5893 (38.7645)  loss_mal: 1.6006 (1.8235)  loss_bbox: 0.9211 (0.8776)  loss_giou: 1.3576 (1.2332)  loss_fgl: 0.7569 (0.8084)  loss_mal_aux_0: 1.2217 (1.3983)  loss_bbox_aux_0: 0.9249 (0.9396)  loss_giou_aux_0: 1.4837 (1.3307)  loss_fgl_aux_0: 0.7222 (0.7887)  loss_ddf_aux_0: 0.0308 (0.0318)  loss_mal_aux_1: 1.3438 (1.5652)  loss_bbox_aux_1: 0.9352 (0.8892)  loss_giou_aux_1: 1.3805 (1.2429)  loss_fgl_aux_1: 0.7578 (0.8089)  loss_ddf_aux_1: 0.0031 (0.0036)  loss_mal_pre: 1.2197 (1.3902)  loss_bbox_pre: 0.9408 (0.9495)  loss_giou_pre: 1.4834 (1.3337)  loss_mal_enc_0: 1.1455 (1.2457)  loss_bbox_enc_0: 0.9798 (1.0384)  loss_giou_enc_0: 1.5327 (1.4491)  loss_mal_dn_0: 1.4883 (1.4982)  loss_bbox_dn_0: 0.7063 (0.7976)  loss_giou_dn_0: 1.1558 (1.1700)  loss_fgl_dn_0: 1.0070 (1.0377)  loss_ddf_dn_0: 0.1271 (0.1274)  loss_mal_dn_1: 2.0801 (1.9957)  loss_bbox_dn_1: 0.5889 (0.6839)  loss_giou_dn_1: 0.8982 (0.9627)  loss_fgl_dn_1: 1.0027 (1.0074)  loss_ddf_dn_1: 0.0160 (0.0164)  loss_mal_dn_2: 2.3555 (2.2815)  loss_bbox_dn_2: 0.5688 (0.6514)  loss_giou_dn_2: 0.8545 (0.9169)  loss_fgl_dn_2: 1.0152 (1.0100)  loss_mal_dn_pre: 1.4805 (1.4922)  loss_bbox_dn_pre: 0.7100 (0.7956)  loss_giou_dn_pre: 1.1521 (1.1720)  time: 0.3057  data: 0.1406  max mem: 1050
Epoch: [39] Total time: 0:00:02 (0.3141 s / it)
Averaged stats: lr: 0.000010  loss: 38.5893 (38.7645)  loss_mal: 1.6006 (1.8235)  loss_bbox: 0.9211 (0.8776)  loss_giou: 1.3576 (1.2332)  loss_fgl: 0.7569 (0.8084)  loss_mal_aux_0: 1.2217 (1.3983)  loss_bbox_aux_0: 0.9249 (0.9396)  loss_giou_aux_0: 1.4837 (1.3307)  loss_fgl_aux_0: 0.7222 (0.7887)  loss_ddf_aux_0: 0.0308 (0.0318)  loss_mal_aux_1: 1.3438 (1.5652)  loss_bbox_aux_1: 0.9352 (0.8892)  loss_giou_aux_1: 1.3805 (1.2429)  loss_fgl_aux_1: 0.7578 (0.8089)  loss_ddf_aux_1: 0.0031 (0.0036)  loss_mal_pre: 1.2197 (1.3902)  loss_bbox_pre: 0.9408 (0.9495)  loss_giou_pre: 1.4834 (1.3337)  loss_mal_enc_0: 1.1455 (1.2457)  loss_bbox_enc_0: 0.9798 (1.0384)  loss_giou_enc_0: 1.5327 (1.4491)  loss_mal_dn_0: 1.4883 (1.4982)  loss_bbox_dn_0: 0.7063 (0.7976)  loss_giou_dn_0: 1.1558 (1.1700)  loss_fgl_dn_0: 1.0070 (1.0377)  loss_ddf_dn_0: 0.1271 (0.1274)  loss_mal_dn_1: 2.0801 (1.9957)  loss_bbox_dn_1: 0.5889 (0.6839)  loss_giou_dn_1: 0.8982 (0.9627)  loss_fgl_dn_1: 1.0027 (1.0074)  loss_ddf_dn_1: 0.0160 (0.0164)  loss_mal_dn_2: 2.3555 (2.2815)  loss_bbox_dn_2: 0.5688 (0.6514)  loss_giou_dn_2: 0.8545 (0.9169)  loss_fgl_dn_2: 1.0152 (1.0100)  loss_mal_dn_pre: 1.4805 (1.4922)  loss_bbox_dn_pre: 0.7100 (0.7956)  loss_giou_dn_pre: 1.1521 (1.1720)
Test:  [0/4]  eta: 0:00:01    time: 0.4060  data: 0.3851  max mem: 1050
Test:  [3/4]  eta: 0:00:00    time: 0.1138  data: 0.0984  max mem: 1050
Test: Total time: 0:00:00 (0.1342 s / it)
Averaged stats: 
Accumulating evaluation results...
COCOeval_opt.accumulate() finished...
DONE (t=0.00s).
IoU metric: bbox
 Average Precision  (AP) @[ IoU=0.50:0.95 | area=   all | maxDets=100 ] = 0.000
 Average Precision  (AP) @[ IoU=0.50      | area=   all | maxDets=100 ] = 0.002
 Average Precision  (AP) @[ IoU=0.75      | area=   all | maxDets=100 ] = 0.000
 Average Precision  (AP) @[ IoU=0.50:0.95 | area= small | maxDets=100 ] = -1.000
 Average Precision  (AP) @[ IoU=0.50:0.95 | area=medium | maxDets=100 ] = -1.000
 Average Precision  (AP) @[ IoU=0.50:0.95 | area= large | maxDets=100 ] = 0.001
 Average Recall     (AR) @[ IoU=0.50:0.95 | area=   all | maxDets=  1 ] = 0.000
 Average Recall     (AR) @[ IoU=0.50:0.95 | area=   all | maxDets= 10 ] = 0.017
 Average Recall     (AR) @[ IoU=0.50:0.95 | area=   all | maxDets=100 ] = 0.083
 Average Recall     (AR) @[ IoU=0.50:0.95 | area= small | maxDets=100 ] = -1.000
 Average Recall     (AR) @[ IoU=0.50:0.95 | area=medium | maxDets=100 ] = -1.000
 Average Recall     (AR) @[ IoU=0.50:0.95 | area= large | maxDets=100 ] = 0.083
 Average Recall     (AR) @[ IoU=0.50      | area=   all | maxDets=100 ] = 0.200
 Average Recall     (AR) @[ IoU=0.75      | area=   all | maxDets=100 ] = 0.067
best_stat: {'epoch': 39, 'coco_eval_bbox': 0.00047233392501704145}
Epoch: [40]  [0/8]  eta: 0:00:06  lr: 0.000010  loss: 38.7140 (38.7140)  loss_mal: 1.9844 (1.9844)  loss_bbox: 0.7873 (0.7873)  loss_giou: 1.2754 (1.2754)  loss_fgl: 0.7999 (0.7999)  loss_mal_aux_0: 1.5850 (1.5850)  loss_bbox_aux_0: 0.8555 (0.8555)  loss_giou_aux_0: 1.3720 (1.3720)  loss_fgl_aux_0: 0.7473 (0.7473)  loss_ddf_aux_0: 0.0373 (0.0373)  loss_mal_aux_1: 1.6699 (1.6699)  loss_bbox_aux_1: 0.7983 (0.7983)  loss_giou_aux_1: 1.2939 (1.2939)  loss_fgl_aux_1: 0.7907 (0.7907)  loss_ddf_aux_1: 0.0038 (0.0038)  loss_mal_pre: 1.5498 (1.5498)  loss_bbox_pre: 0.8596 (0.8596)  loss_giou_pre: 1.3775 (1.3775)  loss_mal_enc_0: 1.2559 (1.2559)  loss_bbox_enc_0: 0.9487 (0.9487)  loss_giou_enc_0: 1.5190 (1.5190)  loss_mal_dn_0: 1.4121 (1.4121)  loss_bbox_dn_0: 0.7001 (0.7001)  loss_giou_dn_0: 1.2304 (1.2304)  loss_fgl_dn_0: 1.0006 (1.0006)  loss_ddf_dn_0: 0.1624 (0.1624)  loss_mal_dn_1: 2.0156 (2.0156)  loss_bbox_dn_1: 0.5504 (0.5504)  loss_giou_dn_1: 0.9653 (0.9653)  loss_fgl_dn_1: 1.0167 (1.0167)  loss_ddf_dn_1: 0.0198 (0.0198)  loss_mal_dn_2: 2.3262 (2.3262)  loss_bbox_dn_2: 0.5316 (0.5316)  loss_giou_dn_2: 0.9176 (0.9176)  loss_fgl_dn_2: 1.0219 (1.0219)  loss_mal_dn_pre: 1.4023 (1.4023)  loss_bbox_dn_pre: 0.6962 (0.6962)  loss_giou_dn_pre: 1.2338 (1.2338)  time: 0.8513  data: 0.7280  max mem: 1050
Epoch: [40]  [7/8]  eta: 0:00:00  lr: 0.000011  loss: 38.7140 (38.8226)  loss_mal: 1.9473 (1.9889)  loss_bbox: 0.7873 (0.7776)  loss_giou: 1.2136 (1.2267)  loss_fgl: 0.7999 (0.8332)  loss_mal_aux_0: 1.5166 (1.5332)  loss_bbox_aux_0: 0.8555 (0.8219)  loss_giou_aux_0: 1.3193 (1.3338)  loss_fgl_aux_0: 0.7721 (0.7998)  loss_ddf_aux_0: 0.0346 (0.0380)  loss_mal_aux_1: 1.6699 (1.7300)  loss_bbox_aux_1: 0.7983 (0.7973)  loss_giou_aux_1: 1.2377 (1.2456)  loss_fgl_aux_1: 0.8051 (0.8320)  loss_ddf_aux_1: 0.0038 (0.0040)  loss_mal_pre: 1.4766 (1.5195)  loss_bbox_pre: 0.8596 (0.8275)  loss_giou_pre: 1.3293 (1.3392)  loss_mal_enc_0: 1.2783 (1.3344)  loss_bbox_enc_0: 0.9487 (0.9667)  loss_giou_enc_0: 1.4466 (1.4637)  loss_mal_dn_0: 1.5000 (1.5206)  loss_bbox_dn_0: 0.7001 (0.7149)  loss_giou_dn_0: 1.1642 (1.1629)  loss_fgl_dn_0: 1.0331 (1.0368)  loss_ddf_dn_0: 0.1656 (0.1581)  loss_mal_dn_1: 2.0371 (2.0653)  loss_bbox_dn_1: 0.5504 (0.5844)  loss_giou_dn_1: 0.9093 (0.9282)  loss_fgl_dn_1: 1.0164 (1.0125)  loss_ddf_dn_1: 0.0198 (0.0193)  loss_mal_dn_2: 2.3262 (2.3733)  loss_bbox_dn_2: 0.5265 (0.5537)  loss_giou_dn_2: 0.8488 (0.8748)  loss_fgl_dn_2: 1.0219 (1.0160)  loss_mal_dn_pre: 1.4873 (1.5100)  loss_bbox_dn_pre: 0.6962 (0.7115)  loss_giou_dn_pre: 1.1613 (1.1674)  time: 0.1980  data: 0.0972  max mem: 1050
Epoch: [40] Total time: 0:00:01 (0.2088 s / it)
Averaged stats: lr: 0.000011  loss: 38.7140 (38.8226)  loss_mal: 1.9473 (1.9889)  loss_bbox: 0.7873 (0.7776)  loss_giou: 1.2136 (1.2267)  loss_fgl: 0.7999 (0.8332)  loss_mal_aux_0: 1.5166 (1.5332)  loss_bbox_aux_0: 0.8555 (0.8219)  loss_giou_aux_0: 1.3193 (1.3338)  loss_fgl_aux_0: 0.7721 (0.7998)  loss_ddf_aux_0: 0.0346 (0.0380)  loss_mal_aux_1: 1.6699 (1.7300)  loss_bbox_aux_1: 0.7983 (0.7973)  loss_giou_aux_1: 1.2377 (1.2456)  loss_fgl_aux_1: 0.8051 (0.8320)  loss_ddf_aux_1: 0.0038 (0.0040)  loss_mal_pre: 1.4766 (1.5195)  loss_bbox_pre: 0.8596 (0.8275)  loss_giou_pre: 1.3293 (1.3392)  loss_mal_enc_0: 1.2783 (1.3344)  loss_bbox_enc_0: 0.9487 (0.9667)  loss_giou_enc_0: 1.4466 (1.4637)  loss_mal_dn_0: 1.5000 (1.5206)  loss_bbox_dn_0: 0.7001 (0.7149)  loss_giou_dn_0: 1.1642 (1.1629)  loss_fgl_dn_0: 1.0331 (1.0368)  loss_ddf_dn_0: 0.1656 (0.1581)  loss_mal_dn_1: 2.0371 (2.0653)  loss_bbox_dn_1: 0.5504 (0.5844)  loss_giou_dn_1: 0.9093 (0.9282)  loss_fgl_dn_1: 1.0164 (1.0125)  loss_ddf_dn_1: 0.0198 (0.0193)  loss_mal_dn_2: 2.3262 (2.3733)  loss_bbox_dn_2: 0.5265 (0.5537)  loss_giou_dn_2: 0.8488 (0.8748)  loss_fgl_dn_2: 1.0219 (1.0160)  loss_mal_dn_pre: 1.4873 (1.5100)  loss_bbox_dn_pre: 0.6962 (0.7115)  loss_giou_dn_pre: 1.1613 (1.1674)
Test:  [0/4]  eta: 0:00:01    time: 0.3713  data: 0.3484  max mem: 1050
Test:  [3/4]  eta: 0:00:00    time: 0.1090  data: 0.0892  max mem: 1050
Test: Total time: 0:00:00 (0.1263 s / it)
Averaged stats: 
Accumulating evaluation results...
COCOeval_opt.accumulate() finished...
DONE (t=0.00s).
IoU metric: bbox
 Average Precision  (AP) @[ IoU=0.50:0.95 | area=   all | maxDets=100 ] = 0.000
 Average Precision  (AP) @[ IoU=0.50      | area=   all | maxDets=100 ] = 0.001
 Average Precision  (AP) @[ IoU=0.75      | area=   all | maxDets=100 ] = 0.000
 Average Precision  (AP) @[ IoU=0.50:0.95 | area= small | maxDets=100 ] = -1.000
 Average Precision  (AP) @[ IoU=0.50:0.95 | area=medium | maxDets=100 ] = -1.000
 Average Precision  (AP) @[ IoU=0.50:0.95 | area= large | maxDets=100 ] = 0.000
 Average Recall     (AR) @[ IoU=0.50:0.95 | area=   all | maxDets=  1 ] = 0.000
 Average Recall     (AR) @[ IoU=0.50:0.95 | area=   all | maxDets= 10 ] = 0.000
 Average Recall     (AR) @[ IoU=0.50:0.95 | area=   all | maxDets=100 ] = 0.043
 Average Recall     (AR) @[ IoU=0.50:0.95 | area= small | maxDets=100 ] = -1.000
 Average Recall     (AR) @[ IoU=0.50:0.95 | area=medium | maxDets=100 ] = -1.000
 Average Recall     (AR) @[ IoU=0.50:0.95 | area= large | maxDets=100 ] = 0.043
 Average Recall     (AR) @[ IoU=0.50      | area=   all | maxDets=100 ] = 0.133
 Average Recall     (AR) @[ IoU=0.75      | area=   all | maxDets=100 ] = 0.000
best_stat: {'epoch': 39, 'coco_eval_bbox': 0.00047233392501704145}
Epoch: [41]  [0/8]  eta: 0:00:05  lr: 0.000011  loss: 40.2325 (40.2325)  loss_mal: 2.1074 (2.1074)  loss_bbox: 0.8225 (0.8225)  loss_giou: 1.0612 (1.0612)  loss_fgl: 0.9829 (0.9829)  loss_mal_aux_0: 1.7373 (1.7373)  loss_bbox_aux_0: 0.8845 (0.8845)  loss_giou_aux_0: 1.1472 (1.1472)  loss_fgl_aux_0: 0.9298 (0.9298)  loss_ddf_aux_0: 0.0477 (0.0477)  loss_mal_aux_1: 1.8770 (1.8770)  loss_bbox_aux_1: 0.8330 (0.8330)  loss_giou_aux_1: 1.0695 (1.0695)  loss_fgl_aux_1: 0.9767 (0.9767)  loss_ddf_aux_1: 0.0049 (0.0049)  loss_mal_pre: 1.7266 (1.7266)  loss_bbox_pre: 0.9030 (0.9030)  loss_giou_pre: 1.1619 (1.1619)  loss_mal_enc_0: 1.6191 (1.6191)  loss_bbox_enc_0: 0.9866 (0.9866)  loss_giou_enc_0: 1.2750 (1.2750)  loss_mal_dn_0: 1.5264 (1.5264)  loss_bbox_dn_0: 0.8860 (0.8860)  loss_giou_dn_0: 1.1595 (1.1595)  loss_fgl_dn_0: 1.0635 (1.0635)  loss_ddf_dn_0: 0.2074 (0.2074)  loss_mal_dn_1: 1.9678 (1.9678)  loss_bbox_dn_1: 0.7592 (0.7592)  loss_giou_dn_1: 0.9840 (0.9840)  loss_fgl_dn_1: 1.0372 (1.0372)  loss_ddf_dn_1: 0.0217 (0.0217)  loss_mal_dn_2: 2.1621 (2.1621)  loss_bbox_dn_2: 0.7403 (0.7403)  loss_giou_dn_2: 0.9580 (0.9580)  loss_fgl_dn_2: 1.0396 (1.0396)  loss_mal_dn_pre: 1.5146 (1.5146)  loss_bbox_dn_pre: 0.8856 (0.8856)  loss_giou_dn_pre: 1.1657 (1.1657)  time: 0.7164  data: 0.5300  max mem: 1050
Epoch: [41]  [7/8]  eta: 0:00:00  lr: 0.000011  loss: 38.5563 (39.2712)  loss_mal: 2.1074 (2.2072)  loss_bbox: 0.6135 (0.7132)  loss_giou: 0.9869 (1.0874)  loss_fgl: 0.9679 (0.9073)  loss_mal_aux_0: 1.7373 (1.7623)  loss_bbox_aux_0: 0.6523 (0.7566)  loss_giou_aux_0: 1.1045 (1.1938)  loss_fgl_aux_0: 0.9298 (0.8828)  loss_ddf_aux_0: 0.0429 (0.0420)  loss_mal_aux_1: 1.8770 (1.9607)  loss_bbox_aux_1: 0.6346 (0.7259)  loss_giou_aux_1: 1.0061 (1.1037)  loss_fgl_aux_1: 0.9626 (0.9015)  loss_ddf_aux_1: 0.0042 (0.0043)  loss_mal_pre: 1.7266 (1.7567)  loss_bbox_pre: 0.6744 (0.7667)  loss_giou_pre: 1.1041 (1.1997)  loss_mal_enc_0: 1.6191 (1.5721)  loss_bbox_enc_0: 0.8195 (0.8832)  loss_giou_enc_0: 1.1977 (1.3197)  loss_mal_dn_0: 1.4971 (1.4935)  loss_bbox_dn_0: 0.6824 (0.7764)  loss_giou_dn_0: 1.1595 (1.1714)  loss_fgl_dn_0: 1.0152 (1.0306)  loss_ddf_dn_0: 0.1421 (0.1651)  loss_mal_dn_1: 1.9678 (2.0179)  loss_bbox_dn_1: 0.5545 (0.6294)  loss_giou_dn_1: 0.8895 (0.9413)  loss_fgl_dn_1: 1.0148 (1.0161)  loss_ddf_dn_1: 0.0201 (0.0206)  loss_mal_dn_2: 2.1621 (2.3188)  loss_bbox_dn_2: 0.5435 (0.5993)  loss_giou_dn_2: 0.8333 (0.8897)  loss_fgl_dn_2: 1.0197 (1.0209)  loss_mal_dn_pre: 1.4922 (1.4891)  loss_bbox_dn_pre: 0.6723 (0.7715)  loss_giou_dn_pre: 1.1657 (1.1726)  time: 0.2062  data: 0.0685  max mem: 1050
Epoch: [41] Total time: 0:00:01 (0.2129 s / it)
Averaged stats: lr: 0.000011  loss: 38.5563 (39.2712)  loss_mal: 2.1074 (2.2072)  loss_bbox: 0.6135 (0.7132)  loss_giou: 0.9869 (1.0874)  loss_fgl: 0.9679 (0.9073)  loss_mal_aux_0: 1.7373 (1.7623)  loss_bbox_aux_0: 0.6523 (0.7566)  loss_giou_aux_0: 1.1045 (1.1938)  loss_fgl_aux_0: 0.9298 (0.8828)  loss_ddf_aux_0: 0.0429 (0.0420)  loss_mal_aux_1: 1.8770 (1.9607)  loss_bbox_aux_1: 0.6346 (0.7259)  loss_giou_aux_1: 1.0061 (1.1037)  loss_fgl_aux_1: 0.9626 (0.9015)  loss_ddf_aux_1: 0.0042 (0.0043)  loss_mal_pre: 1.7266 (1.7567)  loss_bbox_pre: 0.6744 (0.7667)  loss_giou_pre: 1.1041 (1.1997)  loss_mal_enc_0: 1.6191 (1.5721)  loss_bbox_enc_0: 0.8195 (0.8832)  loss_giou_enc_0: 1.1977 (1.3197)  loss_mal_dn_0: 1.4971 (1.4935)  loss_bbox_dn_0: 0.6824 (0.7764)  loss_giou_dn_0: 1.1595 (1.1714)  loss_fgl_dn_0: 1.0152 (1.0306)  loss_ddf_dn_0: 0.1421 (0.1651)  loss_mal_dn_1: 1.9678 (2.0179)  loss_bbox_dn_1: 0.5545 (0.6294)  loss_giou_dn_1: 0.8895 (0.9413)  loss_fgl_dn_1: 1.0148 (1.0161)  loss_ddf_dn_1: 0.0201 (0.0206)  loss_mal_dn_2: 2.1621 (2.3188)  loss_bbox_dn_2: 0.5435 (0.5993)  loss_giou_dn_2: 0.8333 (0.8897)  loss_fgl_dn_2: 1.0197 (1.0209)  loss_mal_dn_pre: 1.4922 (1.4891)  loss_bbox_dn_pre: 0.6723 (0.7715)  loss_giou_dn_pre: 1.1657 (1.1726)
Test:  [0/4]  eta: 0:00:01    time: 0.3321  data: 0.3119  max mem: 1050
Test:  [3/4]  eta: 0:00:00    time: 0.1425  data: 0.0799  max mem: 1050
Test: Total time: 0:00:00 (0.1621 s / it)
Averaged stats: 
Accumulating evaluation results...
COCOeval_opt.accumulate() finished...
DONE (t=0.00s).
IoU metric: bbox
 Average Precision  (AP) @[ IoU=0.50:0.95 | area=   all | maxDets=100 ] = 0.001
 Average Precision  (AP) @[ IoU=0.50      | area=   all | maxDets=100 ] = 0.002
 Average Precision  (AP) @[ IoU=0.75      | area=   all | maxDets=100 ] = 0.000
 Average Precision  (AP) @[ IoU=0.50:0.95 | area= small | maxDets=100 ] = -1.000
 Average Precision  (AP) @[ IoU=0.50:0.95 | area=medium | maxDets=100 ] = -1.000
 Average Precision  (AP) @[ IoU=0.50:0.95 | area= large | maxDets=100 ] = 0.001
 Average Recall     (AR) @[ IoU=0.50:0.95 | area=   all | maxDets=  1 ] = 0.000
 Average Recall     (AR) @[ IoU=0.50:0.95 | area=   all | maxDets= 10 ] = 0.007
 Average Recall     (AR) @[ IoU=0.50:0.95 | area=   all | maxDets=100 ] = 0.097
 Average Recall     (AR) @[ IoU=0.50:0.95 | area= small | maxDets=100 ] = -1.000
 Average Recall     (AR) @[ IoU=0.50:0.95 | area=medium | maxDets=100 ] = -1.000
 Average Recall     (AR) @[ IoU=0.50:0.95 | area= large | maxDets=100 ] = 0.097
 Average Recall     (AR) @[ IoU=0.50      | area=   all | maxDets=100 ] = 0.233
 Average Recall     (AR) @[ IoU=0.75      | area=   all | maxDets=100 ] = 0.067
best_stat: {'epoch': 41, 'coco_eval_bbox': 0.0006397459956626746}
Epoch: [42]  [0/8]  eta: 0:00:04  lr: 0.000011  loss: 39.4221 (39.4221)  loss_mal: 2.1562 (2.1562)  loss_bbox: 0.8134 (0.8134)  loss_giou: 1.1859 (1.1859)  loss_fgl: 0.8836 (0.8836)  loss_mal_aux_0: 1.6768 (1.6768)  loss_bbox_aux_0: 0.8548 (0.8548)  loss_giou_aux_0: 1.2505 (1.2505)  loss_fgl_aux_0: 0.8698 (0.8698)  loss_ddf_aux_0: 0.0575 (0.0575)  loss_mal_aux_1: 1.9297 (1.9297)  loss_bbox_aux_1: 0.8213 (0.8213)  loss_giou_aux_1: 1.1761 (1.1761)  loss_fgl_aux_1: 0.8867 (0.8867)  loss_ddf_aux_1: 0.0039 (0.0039)  loss_mal_pre: 1.6367 (1.6367)  loss_bbox_pre: 0.8873 (0.8873)  loss_giou_pre: 1.2530 (1.2530)  loss_mal_enc_0: 1.6055 (1.6055)  loss_bbox_enc_0: 0.9278 (0.9278)  loss_giou_enc_0: 1.3143 (1.3143)  loss_mal_dn_0: 1.3076 (1.3076)  loss_bbox_dn_0: 0.8488 (0.8488)  loss_giou_dn_0: 1.2855 (1.2855)  loss_fgl_dn_0: 0.9783 (0.9783)  loss_ddf_dn_0: 0.1968 (0.1968)  loss_mal_dn_1: 1.6045 (1.6045)  loss_bbox_dn_1: 0.7955 (0.7955)  loss_giou_dn_1: 1.1624 (1.1624)  loss_fgl_dn_1: 0.9565 (0.9565)  loss_ddf_dn_1: 0.0231 (0.0231)  loss_mal_dn_2: 1.7695 (1.7695)  loss_bbox_dn_2: 0.7667 (0.7667)  loss_giou_dn_2: 1.1321 (1.1321)  loss_fgl_dn_2: 0.9611 (0.9611)  loss_mal_dn_pre: 1.3008 (1.3008)  loss_bbox_dn_pre: 0.8518 (0.8518)  loss_giou_dn_pre: 1.2903 (1.2903)  time: 0.6041  data: 0.4777  max mem: 1050
Epoch: [42]  [7/8]  eta: 0:00:00  lr: 0.000012  loss: 38.9711 (39.1297)  loss_mal: 2.1602 (2.1863)  loss_bbox: 0.7351 (0.7587)  loss_giou: 1.1097 (1.1204)  loss_fgl: 0.8836 (0.8926)  loss_mal_aux_0: 1.6768 (1.6420)  loss_bbox_aux_0: 0.7869 (0.8181)  loss_giou_aux_0: 1.1796 (1.2343)  loss_fgl_aux_0: 0.8564 (0.8577)  loss_ddf_aux_0: 0.0469 (0.0487)  loss_mal_aux_1: 1.8535 (1.8350)  loss_bbox_aux_1: 0.7315 (0.7709)  loss_giou_aux_1: 1.1123 (1.1404)  loss_fgl_aux_1: 0.8867 (0.8879)  loss_ddf_aux_1: 0.0047 (0.0051)  loss_mal_pre: 1.6367 (1.6409)  loss_bbox_pre: 0.8035 (0.8275)  loss_giou_pre: 1.1888 (1.2364)  loss_mal_enc_0: 1.5254 (1.4722)  loss_bbox_enc_0: 0.8951 (0.9149)  loss_giou_enc_0: 1.3143 (1.3566)  loss_mal_dn_0: 1.4580 (1.4987)  loss_bbox_dn_0: 0.7583 (0.7558)  loss_giou_dn_0: 1.1338 (1.1721)  loss_fgl_dn_0: 1.0160 (1.0289)  loss_ddf_dn_0: 0.1926 (0.1909)  loss_mal_dn_1: 1.9355 (1.9808)  loss_bbox_dn_1: 0.6337 (0.6387)  loss_giou_dn_1: 0.8794 (0.9518)  loss_fgl_dn_1: 1.0032 (1.0123)  loss_ddf_dn_1: 0.0260 (0.0248)  loss_mal_dn_2: 2.1328 (2.2672)  loss_bbox_dn_2: 0.6289 (0.6181)  loss_giou_dn_2: 0.8370 (0.9088)  loss_fgl_dn_2: 0.9979 (1.0136)  loss_mal_dn_pre: 1.4521 (1.4937)  loss_bbox_dn_pre: 0.7445 (0.7532)  loss_giou_dn_pre: 1.1300 (1.1741)  time: 0.1648  data: 0.0635  max mem: 1050
Epoch: [42] Total time: 0:00:01 (0.1734 s / it)
Averaged stats: lr: 0.000012  loss: 38.9711 (39.1297)  loss_mal: 2.1602 (2.1863)  loss_bbox: 0.7351 (0.7587)  loss_giou: 1.1097 (1.1204)  loss_fgl: 0.8836 (0.8926)  loss_mal_aux_0: 1.6768 (1.6420)  loss_bbox_aux_0: 0.7869 (0.8181)  loss_giou_aux_0: 1.1796 (1.2343)  loss_fgl_aux_0: 0.8564 (0.8577)  loss_ddf_aux_0: 0.0469 (0.0487)  loss_mal_aux_1: 1.8535 (1.8350)  loss_bbox_aux_1: 0.7315 (0.7709)  loss_giou_aux_1: 1.1123 (1.1404)  loss_fgl_aux_1: 0.8867 (0.8879)  loss_ddf_aux_1: 0.0047 (0.0051)  loss_mal_pre: 1.6367 (1.6409)  loss_bbox_pre: 0.8035 (0.8275)  loss_giou_pre: 1.1888 (1.2364)  loss_mal_enc_0: 1.5254 (1.4722)  loss_bbox_enc_0: 0.8951 (0.9149)  loss_giou_enc_0: 1.3143 (1.3566)  loss_mal_dn_0: 1.4580 (1.4987)  loss_bbox_dn_0: 0.7583 (0.7558)  loss_giou_dn_0: 1.1338 (1.1721)  loss_fgl_dn_0: 1.0160 (1.0289)  loss_ddf_dn_0: 0.1926 (0.1909)  loss_mal_dn_1: 1.9355 (1.9808)  loss_bbox_dn_1: 0.6337 (0.6387)  loss_giou_dn_1: 0.8794 (0.9518)  loss_fgl_dn_1: 1.0032 (1.0123)  loss_ddf_dn_1: 0.0260 (0.0248)  loss_mal_dn_2: 2.1328 (2.2672)  loss_bbox_dn_2: 0.6289 (0.6181)  loss_giou_dn_2: 0.8370 (0.9088)  loss_fgl_dn_2: 0.9979 (1.0136)  loss_mal_dn_pre: 1.4521 (1.4937)  loss_bbox_dn_pre: 0.7445 (0.7532)  loss_giou_dn_pre: 1.1300 (1.1741)
Test:  [0/4]  eta: 0:00:01    time: 0.3395  data: 0.3160  max mem: 1050
Test:  [3/4]  eta: 0:00:00    time: 0.1001  data: 0.0811  max mem: 1050
Test: Total time: 0:00:00 (0.1186 s / it)
Averaged stats: 
Accumulating evaluation results...
COCOeval_opt.accumulate() finished...
DONE (t=0.00s).
IoU metric: bbox
 Average Precision  (AP) @[ IoU=0.50:0.95 | area=   all | maxDets=100 ] = 0.001
 Average Precision  (AP) @[ IoU=0.50      | area=   all | maxDets=100 ] = 0.002
 Average Precision  (AP) @[ IoU=0.75      | area=   all | maxDets=100 ] = 0.000
 Average Precision  (AP) @[ IoU=0.50:0.95 | area= small | maxDets=100 ] = -1.000
 Average Precision  (AP) @[ IoU=0.50:0.95 | area=medium | maxDets=100 ] = -1.000
 Average Precision  (AP) @[ IoU=0.50:0.95 | area= large | maxDets=100 ] = 0.001
 Average Recall     (AR) @[ IoU=0.50:0.95 | area=   all | maxDets=  1 ] = 0.000
 Average Recall     (AR) @[ IoU=0.50:0.95 | area=   all | maxDets= 10 ] = 0.023
 Average Recall     (AR) @[ IoU=0.50:0.95 | area=   all | maxDets=100 ] = 0.043
 Average Recall     (AR) @[ IoU=0.50:0.95 | area= small | maxDets=100 ] = -1.000
 Average Recall     (AR) @[ IoU=0.50:0.95 | area=medium | maxDets=100 ] = -1.000
 Average Recall     (AR) @[ IoU=0.50:0.95 | area= large | maxDets=100 ] = 0.043
 Average Recall     (AR) @[ IoU=0.50      | area=   all | maxDets=100 ] = 0.100
 Average Recall     (AR) @[ IoU=0.75      | area=   all | maxDets=100 ] = 0.000
best_stat: {'epoch': 41, 'coco_eval_bbox': 0.0006397459956626746}
Epoch: [43]  [0/8]  eta: 0:00:05  lr: 0.000012  loss: 37.1678 (37.1678)  loss_mal: 1.6162 (1.6162)  loss_bbox: 0.7927 (0.7927)  loss_giou: 1.4572 (1.4572)  loss_fgl: 0.7251 (0.7251)  loss_mal_aux_0: 1.2695 (1.2695)  loss_bbox_aux_0: 0.7804 (0.7804)  loss_giou_aux_0: 1.5110 (1.5110)  loss_fgl_aux_0: 0.7131 (0.7131)  loss_ddf_aux_0: 0.0384 (0.0384)  loss_mal_aux_1: 1.4277 (1.4277)  loss_bbox_aux_1: 0.7985 (0.7985)  loss_giou_aux_1: 1.4586 (1.4586)  loss_fgl_aux_1: 0.7260 (0.7260)  loss_ddf_aux_1: 0.0031 (0.0031)  loss_mal_pre: 1.2461 (1.2461)  loss_bbox_pre: 0.7829 (0.7829)  loss_giou_pre: 1.5134 (1.5134)  loss_mal_enc_0: 1.0146 (1.0146)  loss_bbox_enc_0: 0.9190 (0.9190)  loss_giou_enc_0: 1.6479 (1.6479)  loss_mal_dn_0: 1.4629 (1.4629)  loss_bbox_dn_0: 0.6372 (0.6372)  loss_giou_dn_0: 1.1917 (1.1917)  loss_fgl_dn_0: 1.0192 (1.0192)  loss_ddf_dn_0: 0.1755 (0.1755)  loss_mal_dn_1: 1.7422 (1.7422)  loss_bbox_dn_1: 0.5956 (0.5956)  loss_giou_dn_1: 1.0666 (1.0666)  loss_fgl_dn_1: 0.9862 (0.9862)  loss_ddf_dn_1: 0.0203 (0.0203)  loss_mal_dn_2: 1.9551 (1.9551)  loss_bbox_dn_2: 0.5636 (0.5636)  loss_giou_dn_2: 1.0324 (1.0324)  loss_fgl_dn_2: 0.9912 (0.9912)  loss_mal_dn_pre: 1.4688 (1.4688)  loss_bbox_dn_pre: 0.6274 (0.6274)  loss_giou_dn_pre: 1.1906 (1.1906)  time: 0.7362  data: 0.5518  max mem: 1050
Epoch: [43]  [7/8]  eta: 0:00:00  lr: 0.000012  loss: 37.8548 (38.0680)  loss_mal: 1.9883 (1.9601)  loss_bbox: 0.7023 (0.7357)  loss_giou: 1.1496 (1.2316)  loss_fgl: 0.7826 (0.8212)  loss_mal_aux_0: 1.5049 (1.5504)  loss_bbox_aux_0: 0.7804 (0.7614)  loss_giou_aux_0: 1.3053 (1.3270)  loss_fgl_aux_0: 0.7683 (0.7960)  loss_ddf_aux_0: 0.0384 (0.0432)  loss_mal_aux_1: 1.7178 (1.7430)  loss_bbox_aux_1: 0.7105 (0.7413)  loss_giou_aux_1: 1.1821 (1.2446)  loss_fgl_aux_1: 0.7820 (0.8193)  loss_ddf_aux_1: 0.0039 (0.0048)  loss_mal_pre: 1.5205 (1.5345)  loss_bbox_pre: 0.7829 (0.7648)  loss_giou_pre: 1.3047 (1.3330)  loss_mal_enc_0: 1.3262 (1.3303)  loss_bbox_enc_0: 0.8720 (0.8538)  loss_giou_enc_0: 1.4362 (1.4795)  loss_mal_dn_0: 1.4717 (1.5267)  loss_bbox_dn_0: 0.6249 (0.6181)  loss_giou_dn_0: 1.1706 (1.1511)  loss_fgl_dn_0: 1.0001 (1.0135)  loss_ddf_dn_0: 0.1827 (0.1900)  loss_mal_dn_1: 2.0430 (2.0419)  loss_bbox_dn_1: 0.5075 (0.5047)  loss_giou_dn_1: 0.8935 (0.9284)  loss_fgl_dn_1: 1.0025 (1.0095)  loss_ddf_dn_1: 0.0239 (0.0241)  loss_mal_dn_2: 2.2129 (2.3199)  loss_bbox_dn_2: 0.4804 (0.4819)  loss_giou_dn_2: 0.8148 (0.8760)  loss_fgl_dn_2: 0.9957 (1.0165)  loss_mal_dn_pre: 1.4775 (1.5233)  loss_bbox_dn_pre: 0.6274 (0.6140)  loss_giou_dn_pre: 1.1800 (1.1530)  time: 0.2249  data: 0.0721  max mem: 1050
Epoch: [43] Total time: 0:00:01 (0.2319 s / it)
Averaged stats: lr: 0.000012  loss: 37.8548 (38.0680)  loss_mal: 1.9883 (1.9601)  loss_bbox: 0.7023 (0.7357)  loss_giou: 1.1496 (1.2316)  loss_fgl: 0.7826 (0.8212)  loss_mal_aux_0: 1.5049 (1.5504)  loss_bbox_aux_0: 0.7804 (0.7614)  loss_giou_aux_0: 1.3053 (1.3270)  loss_fgl_aux_0: 0.7683 (0.7960)  loss_ddf_aux_0: 0.0384 (0.0432)  loss_mal_aux_1: 1.7178 (1.7430)  loss_bbox_aux_1: 0.7105 (0.7413)  loss_giou_aux_1: 1.1821 (1.2446)  loss_fgl_aux_1: 0.7820 (0.8193)  loss_ddf_aux_1: 0.0039 (0.0048)  loss_mal_pre: 1.5205 (1.5345)  loss_bbox_pre: 0.7829 (0.7648)  loss_giou_pre: 1.3047 (1.3330)  loss_mal_enc_0: 1.3262 (1.3303)  loss_bbox_enc_0: 0.8720 (0.8538)  loss_giou_enc_0: 1.4362 (1.4795)  loss_mal_dn_0: 1.4717 (1.5267)  loss_bbox_dn_0: 0.6249 (0.6181)  loss_giou_dn_0: 1.1706 (1.1511)  loss_fgl_dn_0: 1.0001 (1.0135)  loss_ddf_dn_0: 0.1827 (0.1900)  loss_mal_dn_1: 2.0430 (2.0419)  loss_bbox_dn_1: 0.5075 (0.5047)  loss_giou_dn_1: 0.8935 (0.9284)  loss_fgl_dn_1: 1.0025 (1.0095)  loss_ddf_dn_1: 0.0239 (0.0241)  loss_mal_dn_2: 2.2129 (2.3199)  loss_bbox_dn_2: 0.4804 (0.4819)  loss_giou_dn_2: 0.8148 (0.8760)  loss_fgl_dn_2: 0.9957 (1.0165)  loss_mal_dn_pre: 1.4775 (1.5233)  loss_bbox_dn_pre: 0.6274 (0.6140)  loss_giou_dn_pre: 1.1800 (1.1530)
Test:  [0/4]  eta: 0:00:01    time: 0.3420  data: 0.3216  max mem: 1050
Test:  [3/4]  eta: 0:00:00    time: 0.0989  data: 0.0825  max mem: 1050
Test: Total time: 0:00:00 (0.1198 s / it)
Averaged stats: 
Accumulating evaluation results...
COCOeval_opt.accumulate() finished...
DONE (t=0.00s).
IoU metric: bbox
 Average Precision  (AP) @[ IoU=0.50:0.95 | area=   all | maxDets=100 ] = 0.001
 Average Precision  (AP) @[ IoU=0.50      | area=   all | maxDets=100 ] = 0.003
 Average Precision  (AP) @[ IoU=0.75      | area=   all | maxDets=100 ] = 0.000
 Average Precision  (AP) @[ IoU=0.50:0.95 | area= small | maxDets=100 ] = -1.000
 Average Precision  (AP) @[ IoU=0.50:0.95 | area=medium | maxDets=100 ] = -1.000
 Average Precision  (AP) @[ IoU=0.50:0.95 | area= large | maxDets=100 ] = 0.001
 Average Recall     (AR) @[ IoU=0.50:0.95 | area=   all | maxDets=  1 ] = 0.000
 Average Recall     (AR) @[ IoU=0.50:0.95 | area=   all | maxDets= 10 ] = 0.020
 Average Recall     (AR) @[ IoU=0.50:0.95 | area=   all | maxDets=100 ] = 0.080
 Average Recall     (AR) @[ IoU=0.50:0.95 | area= small | maxDets=100 ] = -1.000
 Average Recall     (AR) @[ IoU=0.50:0.95 | area=medium | maxDets=100 ] = -1.000
 Average Recall     (AR) @[ IoU=0.50:0.95 | area= large | maxDets=100 ] = 0.080
 Average Recall     (AR) @[ IoU=0.50      | area=   all | maxDets=100 ] = 0.233
 Average Recall     (AR) @[ IoU=0.75      | area=   all | maxDets=100 ] = 0.033
best_stat: {'epoch': 43, 'coco_eval_bbox': 0.0007791794009828099}
Epoch: [44]  [0/8]  eta: 0:00:05  lr: 0.000012  loss: 39.8146 (39.8146)  loss_mal: 2.1543 (2.1543)  loss_bbox: 0.8314 (0.8314)  loss_giou: 1.2224 (1.2224)  loss_fgl: 0.8248 (0.8248)  loss_mal_aux_0: 1.6670 (1.6670)  loss_bbox_aux_0: 0.8661 (0.8661)  loss_giou_aux_0: 1.3240 (1.3240)  loss_fgl_aux_0: 0.8134 (0.8134)  loss_ddf_aux_0: 0.0601 (0.0601)  loss_mal_aux_1: 1.8291 (1.8291)  loss_bbox_aux_1: 0.8356 (0.8356)  loss_giou_aux_1: 1.2291 (1.2291)  loss_fgl_aux_1: 0.8278 (0.8278)  loss_ddf_aux_1: 0.0062 (0.0062)  loss_mal_pre: 1.6338 (1.6338)  loss_bbox_pre: 0.8772 (0.8772)  loss_giou_pre: 1.3248 (1.3248)  loss_mal_enc_0: 1.3828 (1.3828)  loss_bbox_enc_0: 1.0440 (1.0440)  loss_giou_enc_0: 1.4486 (1.4486)  loss_mal_dn_0: 1.4580 (1.4580)  loss_bbox_dn_0: 0.7241 (0.7241)  loss_giou_dn_0: 1.2047 (1.2047)  loss_fgl_dn_0: 1.1309 (1.1309)  loss_ddf_dn_0: 0.2509 (0.2509)  loss_mal_dn_1: 1.8682 (1.8682)  loss_bbox_dn_1: 0.6386 (0.6386)  loss_giou_dn_1: 1.0184 (1.0184)  loss_fgl_dn_1: 1.1117 (1.1117)  loss_ddf_dn_1: 0.0330 (0.0330)  loss_mal_dn_2: 2.0664 (2.0664)  loss_bbox_dn_2: 0.6215 (0.6215)  loss_giou_dn_2: 0.9901 (0.9901)  loss_fgl_dn_2: 1.1081 (1.1081)  loss_mal_dn_pre: 1.4609 (1.4609)  loss_bbox_dn_pre: 0.7232 (0.7232)  loss_giou_dn_pre: 1.2033 (1.2033)  time: 0.6417  data: 0.4993  max mem: 1050
Epoch: [44]  [7/8]  eta: 0:00:00  lr: 0.000013  loss: 39.0743 (39.5464)  loss_mal: 2.0625 (2.0438)  loss_bbox: 0.7777 (0.8302)  loss_giou: 1.1937 (1.1930)  loss_fgl: 0.7928 (0.8324)  loss_mal_aux_0: 1.6357 (1.5828)  loss_bbox_aux_0: 0.8519 (0.8855)  loss_giou_aux_0: 1.3240 (1.3102)  loss_fgl_aux_0: 0.7688 (0.8008)  loss_ddf_aux_0: 0.0417 (0.0426)  loss_mal_aux_1: 1.8096 (1.8036)  loss_bbox_aux_1: 0.8104 (0.8427)  loss_giou_aux_1: 1.2291 (1.2053)  loss_fgl_aux_1: 0.7897 (0.8308)  loss_ddf_aux_1: 0.0045 (0.0051)  loss_mal_pre: 1.6338 (1.5825)  loss_bbox_pre: 0.8372 (0.8877)  loss_giou_pre: 1.3248 (1.3145)  loss_mal_enc_0: 1.3828 (1.4081)  loss_bbox_enc_0: 0.9920 (1.0341)  loss_giou_enc_0: 1.4486 (1.4392)  loss_mal_dn_0: 1.5303 (1.5317)  loss_bbox_dn_0: 0.7143 (0.8091)  loss_giou_dn_0: 1.1254 (1.1428)  loss_fgl_dn_0: 1.0638 (1.0484)  loss_ddf_dn_0: 0.1513 (0.1696)  loss_mal_dn_1: 1.8877 (1.9712)  loss_bbox_dn_1: 0.5873 (0.6965)  loss_giou_dn_1: 0.8827 (0.9462)  loss_fgl_dn_1: 1.0635 (1.0390)  loss_ddf_dn_1: 0.0191 (0.0236)  loss_mal_dn_2: 2.0664 (2.1897)  loss_bbox_dn_2: 0.5575 (0.6731)  loss_giou_dn_2: 0.8309 (0.9089)  loss_fgl_dn_2: 1.0665 (1.0411)  loss_mal_dn_pre: 1.5205 (1.5305)  loss_bbox_dn_pre: 0.7180 (0.8063)  loss_giou_dn_pre: 1.1310 (1.1439)  time: 0.2040  data: 0.0987  max mem: 1050
Epoch: [44] Total time: 0:00:01 (0.2135 s / it)
Averaged stats: lr: 0.000013  loss: 39.0743 (39.5464)  loss_mal: 2.0625 (2.0438)  loss_bbox: 0.7777 (0.8302)  loss_giou: 1.1937 (1.1930)  loss_fgl: 0.7928 (0.8324)  loss_mal_aux_0: 1.6357 (1.5828)  loss_bbox_aux_0: 0.8519 (0.8855)  loss_giou_aux_0: 1.3240 (1.3102)  loss_fgl_aux_0: 0.7688 (0.8008)  loss_ddf_aux_0: 0.0417 (0.0426)  loss_mal_aux_1: 1.8096 (1.8036)  loss_bbox_aux_1: 0.8104 (0.8427)  loss_giou_aux_1: 1.2291 (1.2053)  loss_fgl_aux_1: 0.7897 (0.8308)  loss_ddf_aux_1: 0.0045 (0.0051)  loss_mal_pre: 1.6338 (1.5825)  loss_bbox_pre: 0.8372 (0.8877)  loss_giou_pre: 1.3248 (1.3145)  loss_mal_enc_0: 1.3828 (1.4081)  loss_bbox_enc_0: 0.9920 (1.0341)  loss_giou_enc_0: 1.4486 (1.4392)  loss_mal_dn_0: 1.5303 (1.5317)  loss_bbox_dn_0: 0.7143 (0.8091)  loss_giou_dn_0: 1.1254 (1.1428)  loss_fgl_dn_0: 1.0638 (1.0484)  loss_ddf_dn_0: 0.1513 (0.1696)  loss_mal_dn_1: 1.8877 (1.9712)  loss_bbox_dn_1: 0.5873 (0.6965)  loss_giou_dn_1: 0.8827 (0.9462)  loss_fgl_dn_1: 1.0635 (1.0390)  loss_ddf_dn_1: 0.0191 (0.0236)  loss_mal_dn_2: 2.0664 (2.1897)  loss_bbox_dn_2: 0.5575 (0.6731)  loss_giou_dn_2: 0.8309 (0.9089)  loss_fgl_dn_2: 1.0665 (1.0411)  loss_mal_dn_pre: 1.5205 (1.5305)  loss_bbox_dn_pre: 0.7180 (0.8063)  loss_giou_dn_pre: 1.1310 (1.1439)
Test:  [0/4]  eta: 0:00:01    time: 0.3709  data: 0.3482  max mem: 1050
Test:  [3/4]  eta: 0:00:00    time: 0.1081  data: 0.0893  max mem: 1050
Test: Total time: 0:00:00 (0.1319 s / it)
Averaged stats: 
Accumulating evaluation results...
COCOeval_opt.accumulate() finished...
DONE (t=0.00s).
IoU metric: bbox
 Average Precision  (AP) @[ IoU=0.50:0.95 | area=   all | maxDets=100 ] = 0.001
 Average Precision  (AP) @[ IoU=0.50      | area=   all | maxDets=100 ] = 0.002
 Average Precision  (AP) @[ IoU=0.75      | area=   all | maxDets=100 ] = 0.000
 Average Precision  (AP) @[ IoU=0.50:0.95 | area= small | maxDets=100 ] = -1.000
 Average Precision  (AP) @[ IoU=0.50:0.95 | area=medium | maxDets=100 ] = -1.000
 Average Precision  (AP) @[ IoU=0.50:0.95 | area= large | maxDets=100 ] = 0.001
 Average Recall     (AR) @[ IoU=0.50:0.95 | area=   all | maxDets=  1 ] = 0.000
 Average Recall     (AR) @[ IoU=0.50:0.95 | area=   all | maxDets= 10 ] = 0.020
 Average Recall     (AR) @[ IoU=0.50:0.95 | area=   all | maxDets=100 ] = 0.077
 Average Recall     (AR) @[ IoU=0.50:0.95 | area= small | maxDets=100 ] = -1.000
 Average Recall     (AR) @[ IoU=0.50:0.95 | area=medium | maxDets=100 ] = -1.000
 Average Recall     (AR) @[ IoU=0.50:0.95 | area= large | maxDets=100 ] = 0.077
 Average Recall     (AR) @[ IoU=0.50      | area=   all | maxDets=100 ] = 0.200
 Average Recall     (AR) @[ IoU=0.75      | area=   all | maxDets=100 ] = 0.033
best_stat: {'epoch': 43, 'coco_eval_bbox': 0.0007791794009828099}
Epoch: [45]  [0/8]  eta: 0:00:04  lr: 0.000013  loss: 41.4356 (41.4356)  loss_mal: 2.7715 (2.7715)  loss_bbox: 0.6460 (0.6460)  loss_giou: 0.8718 (0.8718)  loss_fgl: 1.0216 (1.0216)  loss_mal_aux_0: 2.0352 (2.0352)  loss_bbox_aux_0: 0.7406 (0.7406)  loss_giou_aux_0: 1.0531 (1.0531)  loss_fgl_aux_0: 1.0026 (1.0026)  loss_ddf_aux_0: 0.1016 (0.1016)  loss_mal_aux_1: 2.4082 (2.4082)  loss_bbox_aux_1: 0.6697 (0.6697)  loss_giou_aux_1: 0.8905 (0.8905)  loss_fgl_aux_1: 1.0120 (1.0120)  loss_ddf_aux_1: 0.0115 (0.0115)  loss_mal_pre: 2.0430 (2.0430)  loss_bbox_pre: 0.7468 (0.7468)  loss_giou_pre: 1.0634 (1.0634)  loss_mal_enc_0: 1.8711 (1.8711)  loss_bbox_enc_0: 0.9377 (0.9377)  loss_giou_enc_0: 1.2628 (1.2628)  loss_mal_dn_0: 1.5508 (1.5508)  loss_bbox_dn_0: 0.7748 (0.7748)  loss_giou_dn_0: 1.1473 (1.1473)  loss_fgl_dn_0: 1.2156 (1.2156)  loss_ddf_dn_0: 0.2464 (0.2464)  loss_mal_dn_1: 2.1348 (2.1348)  loss_bbox_dn_1: 0.6117 (0.6117)  loss_giou_dn_1: 0.8717 (0.8717)  loss_fgl_dn_1: 1.1946 (1.1946)  loss_ddf_dn_1: 0.0381 (0.0381)  loss_mal_dn_2: 2.4512 (2.4512)  loss_bbox_dn_2: 0.5669 (0.5669)  loss_giou_dn_2: 0.8133 (0.8133)  loss_fgl_dn_2: 1.1971 (1.1971)  loss_mal_dn_pre: 1.5430 (1.5430)  loss_bbox_dn_pre: 0.7667 (0.7667)  loss_giou_dn_pre: 1.1509 (1.1509)  time: 0.6141  data: 0.4827  max mem: 1050
Epoch: [45]  [7/8]  eta: 0:00:00  lr: 0.000013  loss: 37.4954 (38.5375)  loss_mal: 1.7686 (1.9885)  loss_bbox: 0.7387 (0.7757)  loss_giou: 1.1913 (1.1778)  loss_fgl: 0.8538 (0.8710)  loss_mal_aux_0: 1.4062 (1.5138)  loss_bbox_aux_0: 0.7823 (0.8118)  loss_giou_aux_0: 1.2926 (1.3086)  loss_fgl_aux_0: 0.7903 (0.8251)  loss_ddf_aux_0: 0.0476 (0.0546)  loss_mal_aux_1: 1.5225 (1.7068)  loss_bbox_aux_1: 0.7625 (0.7868)  loss_giou_aux_1: 1.2099 (1.1907)  loss_fgl_aux_1: 0.8643 (0.8689)  loss_ddf_aux_1: 0.0062 (0.0068)  loss_mal_pre: 1.4062 (1.5060)  loss_bbox_pre: 0.7927 (0.8224)  loss_giou_pre: 1.2938 (1.3190)  loss_mal_enc_0: 1.2393 (1.3362)  loss_bbox_enc_0: 0.8981 (0.9411)  loss_giou_enc_0: 1.4288 (1.4639)  loss_mal_dn_0: 1.5508 (1.5380)  loss_bbox_dn_0: 0.5570 (0.6530)  loss_giou_dn_0: 1.1431 (1.1494)  loss_fgl_dn_0: 1.0417 (1.0526)  loss_ddf_dn_0: 0.1956 (0.2063)  loss_mal_dn_1: 2.0098 (2.0316)  loss_bbox_dn_1: 0.4651 (0.5516)  loss_giou_dn_1: 0.8717 (0.9176)  loss_fgl_dn_1: 1.0125 (1.0452)  loss_ddf_dn_1: 0.0264 (0.0296)  loss_mal_dn_2: 2.2852 (2.3182)  loss_bbox_dn_2: 0.4434 (0.5175)  loss_giou_dn_2: 0.8133 (0.8671)  loss_fgl_dn_2: 1.0241 (1.0523)  loss_mal_dn_pre: 1.5469 (1.5281)  loss_bbox_dn_pre: 0.5538 (0.6501)  loss_giou_dn_pre: 1.1496 (1.1536)  time: 0.2369  data: 0.0669  max mem: 1050
Epoch: [45] Total time: 0:00:01 (0.2440 s / it)
Averaged stats: lr: 0.000013  loss: 37.4954 (38.5375)  loss_mal: 1.7686 (1.9885)  loss_bbox: 0.7387 (0.7757)  loss_giou: 1.1913 (1.1778)  loss_fgl: 0.8538 (0.8710)  loss_mal_aux_0: 1.4062 (1.5138)  loss_bbox_aux_0: 0.7823 (0.8118)  loss_giou_aux_0: 1.2926 (1.3086)  loss_fgl_aux_0: 0.7903 (0.8251)  loss_ddf_aux_0: 0.0476 (0.0546)  loss_mal_aux_1: 1.5225 (1.7068)  loss_bbox_aux_1: 0.7625 (0.7868)  loss_giou_aux_1: 1.2099 (1.1907)  loss_fgl_aux_1: 0.8643 (0.8689)  loss_ddf_aux_1: 0.0062 (0.0068)  loss_mal_pre: 1.4062 (1.5060)  loss_bbox_pre: 0.7927 (0.8224)  loss_giou_pre: 1.2938 (1.3190)  loss_mal_enc_0: 1.2393 (1.3362)  loss_bbox_enc_0: 0.8981 (0.9411)  loss_giou_enc_0: 1.4288 (1.4639)  loss_mal_dn_0: 1.5508 (1.5380)  loss_bbox_dn_0: 0.5570 (0.6530)  loss_giou_dn_0: 1.1431 (1.1494)  loss_fgl_dn_0: 1.0417 (1.0526)  loss_ddf_dn_0: 0.1956 (0.2063)  loss_mal_dn_1: 2.0098 (2.0316)  loss_bbox_dn_1: 0.4651 (0.5516)  loss_giou_dn_1: 0.8717 (0.9176)  loss_fgl_dn_1: 1.0125 (1.0452)  loss_ddf_dn_1: 0.0264 (0.0296)  loss_mal_dn_2: 2.2852 (2.3182)  loss_bbox_dn_2: 0.4434 (0.5175)  loss_giou_dn_2: 0.8133 (0.8671)  loss_fgl_dn_2: 1.0241 (1.0523)  loss_mal_dn_pre: 1.5469 (1.5281)  loss_bbox_dn_pre: 0.5538 (0.6501)  loss_giou_dn_pre: 1.1496 (1.1536)
Test:  [0/4]  eta: 0:00:01    time: 0.3324  data: 0.3091  max mem: 1050
Test:  [3/4]  eta: 0:00:00    time: 0.0980  data: 0.0796  max mem: 1050
Test: Total time: 0:00:00 (0.1172 s / it)
Averaged stats: 
Accumulating evaluation results...
COCOeval_opt.accumulate() finished...
DONE (t=0.00s).
IoU metric: bbox
 Average Precision  (AP) @[ IoU=0.50:0.95 | area=   all | maxDets=100 ] = 0.001
 Average Precision  (AP) @[ IoU=0.50      | area=   all | maxDets=100 ] = 0.002
 Average Precision  (AP) @[ IoU=0.75      | area=   all | maxDets=100 ] = 0.000
 Average Precision  (AP) @[ IoU=0.50:0.95 | area= small | maxDets=100 ] = -1.000
 Average Precision  (AP) @[ IoU=0.50:0.95 | area=medium | maxDets=100 ] = -1.000
 Average Precision  (AP) @[ IoU=0.50:0.95 | area= large | maxDets=100 ] = 0.001
 Average Recall     (AR) @[ IoU=0.50:0.95 | area=   all | maxDets=  1 ] = 0.000
 Average Recall     (AR) @[ IoU=0.50:0.95 | area=   all | maxDets= 10 ] = 0.023
 Average Recall     (AR) @[ IoU=0.50:0.95 | area=   all | maxDets=100 ] = 0.077
 Average Recall     (AR) @[ IoU=0.50:0.95 | area= small | maxDets=100 ] = -1.000
 Average Recall     (AR) @[ IoU=0.50:0.95 | area=medium | maxDets=100 ] = -1.000
 Average Recall     (AR) @[ IoU=0.50:0.95 | area= large | maxDets=100 ] = 0.077
 Average Recall     (AR) @[ IoU=0.50      | area=   all | maxDets=100 ] = 0.200
 Average Recall     (AR) @[ IoU=0.75      | area=   all | maxDets=100 ] = 0.000
best_stat: {'epoch': 43, 'coco_eval_bbox': 0.0007791794009828099}
Epoch: [46]  [0/8]  eta: 0:00:05  lr: 0.000014  loss: 39.8732 (39.8732)  loss_mal: 2.3789 (2.3789)  loss_bbox: 0.6875 (0.6875)  loss_giou: 1.0837 (1.0837)  loss_fgl: 0.9066 (0.9066)  loss_mal_aux_0: 1.8545 (1.8545)  loss_bbox_aux_0: 0.7488 (0.7488)  loss_giou_aux_0: 1.1929 (1.1929)  loss_fgl_aux_0: 0.8839 (0.8839)  loss_ddf_aux_0: 0.0347 (0.0347)  loss_mal_aux_1: 2.1270 (2.1270)  loss_bbox_aux_1: 0.6970 (0.6970)  loss_giou_aux_1: 1.0907 (1.0907)  loss_fgl_aux_1: 0.9095 (0.9095)  loss_ddf_aux_1: 0.0049 (0.0049)  loss_mal_pre: 1.8789 (1.8789)  loss_bbox_pre: 0.7436 (0.7436)  loss_giou_pre: 1.1937 (1.1937)  loss_mal_enc_0: 1.5361 (1.5361)  loss_bbox_enc_0: 0.8708 (0.8708)  loss_giou_enc_0: 1.3285 (1.3285)  loss_mal_dn_0: 1.4424 (1.4424)  loss_bbox_dn_0: 0.8353 (0.8353)  loss_giou_dn_0: 1.2113 (1.2113)  loss_fgl_dn_0: 0.9801 (0.9801)  loss_ddf_dn_0: 0.1689 (0.1689)  loss_mal_dn_1: 2.0547 (2.0547)  loss_bbox_dn_1: 0.6923 (0.6923)  loss_giou_dn_1: 0.9361 (0.9361)  loss_fgl_dn_1: 0.9947 (0.9947)  loss_ddf_dn_1: 0.0268 (0.0268)  loss_mal_dn_2: 2.3633 (2.3633)  loss_bbox_dn_2: 0.6518 (0.6518)  loss_giou_dn_2: 0.8738 (0.8738)  loss_fgl_dn_2: 1.0045 (1.0045)  loss_mal_dn_pre: 1.4521 (1.4521)  loss_bbox_dn_pre: 0.8241 (0.8241)  loss_giou_dn_pre: 1.2090 (1.2090)  time: 0.7449  data: 0.5392  max mem: 1050
Epoch: [46]  [7/8]  eta: 0:00:00  lr: 0.000014  loss: 38.5197 (39.1682)  loss_mal: 2.1641 (2.0729)  loss_bbox: 0.6875 (0.8036)  loss_giou: 1.0703 (1.1392)  loss_fgl: 0.8753 (0.8655)  loss_mal_aux_0: 1.5361 (1.5645)  loss_bbox_aux_0: 0.7428 (0.8818)  loss_giou_aux_0: 1.1677 (1.2681)  loss_fgl_aux_0: 0.8761 (0.8394)  loss_ddf_aux_0: 0.0482 (0.0465)  loss_mal_aux_1: 1.8672 (1.8013)  loss_bbox_aux_1: 0.6970 (0.8235)  loss_giou_aux_1: 1.0907 (1.1528)  loss_fgl_aux_1: 0.8738 (0.8703)  loss_ddf_aux_1: 0.0049 (0.0057)  loss_mal_pre: 1.5205 (1.5499)  loss_bbox_pre: 0.7432 (0.8919)  loss_giou_pre: 1.1937 (1.2801)  loss_mal_enc_0: 1.3779 (1.3820)  loss_bbox_enc_0: 0.8708 (0.9840)  loss_giou_enc_0: 1.3285 (1.4214)  loss_mal_dn_0: 1.4424 (1.4816)  loss_bbox_dn_0: 0.6902 (0.8035)  loss_giou_dn_0: 1.1775 (1.1729)  loss_fgl_dn_0: 0.9905 (1.0070)  loss_ddf_dn_0: 0.1483 (0.1514)  loss_mal_dn_1: 1.9512 (1.9944)  loss_bbox_dn_1: 0.5810 (0.6742)  loss_giou_dn_1: 0.9361 (0.9332)  loss_fgl_dn_1: 1.0052 (1.0164)  loss_ddf_dn_1: 0.0228 (0.0241)  loss_mal_dn_2: 2.1738 (2.2915)  loss_bbox_dn_2: 0.5709 (0.6263)  loss_giou_dn_2: 0.8939 (0.8739)  loss_fgl_dn_2: 1.0359 (1.0249)  loss_mal_dn_pre: 1.4521 (1.4828)  loss_bbox_dn_pre: 0.6947 (0.7921)  loss_giou_dn_pre: 1.1797 (1.1737)  time: 0.2131  data: 0.0982  max mem: 1050
Epoch: [46] Total time: 0:00:01 (0.2229 s / it)
Averaged stats: lr: 0.000014  loss: 38.5197 (39.1682)  loss_mal: 2.1641 (2.0729)  loss_bbox: 0.6875 (0.8036)  loss_giou: 1.0703 (1.1392)  loss_fgl: 0.8753 (0.8655)  loss_mal_aux_0: 1.5361 (1.5645)  loss_bbox_aux_0: 0.7428 (0.8818)  loss_giou_aux_0: 1.1677 (1.2681)  loss_fgl_aux_0: 0.8761 (0.8394)  loss_ddf_aux_0: 0.0482 (0.0465)  loss_mal_aux_1: 1.8672 (1.8013)  loss_bbox_aux_1: 0.6970 (0.8235)  loss_giou_aux_1: 1.0907 (1.1528)  loss_fgl_aux_1: 0.8738 (0.8703)  loss_ddf_aux_1: 0.0049 (0.0057)  loss_mal_pre: 1.5205 (1.5499)  loss_bbox_pre: 0.7432 (0.8919)  loss_giou_pre: 1.1937 (1.2801)  loss_mal_enc_0: 1.3779 (1.3820)  loss_bbox_enc_0: 0.8708 (0.9840)  loss_giou_enc_0: 1.3285 (1.4214)  loss_mal_dn_0: 1.4424 (1.4816)  loss_bbox_dn_0: 0.6902 (0.8035)  loss_giou_dn_0: 1.1775 (1.1729)  loss_fgl_dn_0: 0.9905 (1.0070)  loss_ddf_dn_0: 0.1483 (0.1514)  loss_mal_dn_1: 1.9512 (1.9944)  loss_bbox_dn_1: 0.5810 (0.6742)  loss_giou_dn_1: 0.9361 (0.9332)  loss_fgl_dn_1: 1.0052 (1.0164)  loss_ddf_dn_1: 0.0228 (0.0241)  loss_mal_dn_2: 2.1738 (2.2915)  loss_bbox_dn_2: 0.5709 (0.6263)  loss_giou_dn_2: 0.8939 (0.8739)  loss_fgl_dn_2: 1.0359 (1.0249)  loss_mal_dn_pre: 1.4521 (1.4828)  loss_bbox_dn_pre: 0.6947 (0.7921)  loss_giou_dn_pre: 1.1797 (1.1737)
Test:  [0/4]  eta: 0:00:01    time: 0.3660  data: 0.3410  max mem: 1050
Test:  [3/4]  eta: 0:00:00    time: 0.1133  data: 0.0873  max mem: 1050
Test: Total time: 0:00:00 (0.1301 s / it)
Averaged stats: 
Accumulating evaluation results...
COCOeval_opt.accumulate() finished...
DONE (t=0.00s).
IoU metric: bbox
 Average Precision  (AP) @[ IoU=0.50:0.95 | area=   all | maxDets=100 ] = 0.002
 Average Precision  (AP) @[ IoU=0.50      | area=   all | maxDets=100 ] = 0.007
 Average Precision  (AP) @[ IoU=0.75      | area=   all | maxDets=100 ] = 0.000
 Average Precision  (AP) @[ IoU=0.50:0.95 | area= small | maxDets=100 ] = -1.000
 Average Precision  (AP) @[ IoU=0.50:0.95 | area=medium | maxDets=100 ] = -1.000
 Average Precision  (AP) @[ IoU=0.50:0.95 | area= large | maxDets=100 ] = 0.002
 Average Recall     (AR) @[ IoU=0.50:0.95 | area=   all | maxDets=  1 ] = 0.017
 Average Recall     (AR) @[ IoU=0.50:0.95 | area=   all | maxDets= 10 ] = 0.040
 Average Recall     (AR) @[ IoU=0.50:0.95 | area=   all | maxDets=100 ] = 0.150
 Average Recall     (AR) @[ IoU=0.50:0.95 | area= small | maxDets=100 ] = -1.000
 Average Recall     (AR) @[ IoU=0.50:0.95 | area=medium | maxDets=100 ] = -1.000
 Average Recall     (AR) @[ IoU=0.50:0.95 | area= large | maxDets=100 ] = 0.150
 Average Recall     (AR) @[ IoU=0.50      | area=   all | maxDets=100 ] = 0.367
 Average Recall     (AR) @[ IoU=0.75      | area=   all | maxDets=100 ] = 0.067
best_stat: {'epoch': 46, 'coco_eval_bbox': 0.0016002389913998738}
Epoch: [47]  [0/8]  eta: 0:00:07  lr: 0.000014  loss: 39.7202 (39.7202)  loss_mal: 1.7959 (1.7959)  loss_bbox: 0.9629 (0.9629)  loss_giou: 1.1650 (1.1650)  loss_fgl: 0.7444 (0.7444)  loss_mal_aux_0: 1.4844 (1.4844)  loss_bbox_aux_0: 1.0172 (1.0172)  loss_giou_aux_0: 1.2952 (1.2952)  loss_fgl_aux_0: 0.7148 (0.7148)  loss_ddf_aux_0: 0.0469 (0.0469)  loss_mal_aux_1: 1.5850 (1.5850)  loss_bbox_aux_1: 0.9573 (0.9573)  loss_giou_aux_1: 1.1726 (1.1726)  loss_fgl_aux_1: 0.7383 (0.7383)  loss_ddf_aux_1: 0.0062 (0.0062)  loss_mal_pre: 1.4150 (1.4150)  loss_bbox_pre: 1.0221 (1.0221)  loss_giou_pre: 1.3046 (1.3046)  loss_mal_enc_0: 1.3193 (1.3193)  loss_bbox_enc_0: 1.2164 (1.2164)  loss_giou_enc_0: 1.4454 (1.4454)  loss_mal_dn_0: 1.4609 (1.4609)  loss_bbox_dn_0: 1.0931 (1.0931)  loss_giou_dn_0: 1.1494 (1.1494)  loss_fgl_dn_0: 1.0147 (1.0147)  loss_ddf_dn_0: 0.1109 (0.1109)  loss_mal_dn_1: 1.8525 (1.8525)  loss_bbox_dn_1: 0.9445 (0.9445)  loss_giou_dn_1: 0.9873 (0.9873)  loss_fgl_dn_1: 1.0004 (1.0004)  loss_ddf_dn_1: 0.0167 (0.0167)  loss_mal_dn_2: 2.0781 (2.0781)  loss_bbox_dn_2: 0.9228 (0.9228)  loss_giou_dn_2: 0.9450 (0.9450)  loss_fgl_dn_2: 1.0126 (1.0126)  loss_mal_dn_pre: 1.4482 (1.4482)  loss_bbox_dn_pre: 1.1180 (1.1180)  loss_giou_dn_pre: 1.1560 (1.1560)  time: 0.9742  data: 0.8688  max mem: 1050
Epoch: [47]  [7/8]  eta: 0:00:00  lr: 0.000015  loss: 39.5462 (39.7921)  loss_mal: 2.2129 (2.2448)  loss_bbox: 0.7171 (0.7550)  loss_giou: 1.1379 (1.1192)  loss_fgl: 0.8559 (0.8946)  loss_mal_aux_0: 1.6719 (1.7140)  loss_bbox_aux_0: 0.7478 (0.8274)  loss_giou_aux_0: 1.2345 (1.2661)  loss_fgl_aux_0: 0.8790 (0.8632)  loss_ddf_aux_0: 0.0496 (0.0526)  loss_mal_aux_1: 1.9775 (1.9380)  loss_bbox_aux_1: 0.7308 (0.7702)  loss_giou_aux_1: 1.1534 (1.1364)  loss_fgl_aux_1: 0.8577 (0.8920)  loss_ddf_aux_1: 0.0062 (0.0065)  loss_mal_pre: 1.6631 (1.7025)  loss_bbox_pre: 0.7666 (0.8342)  loss_giou_pre: 1.2363 (1.2707)  loss_mal_enc_0: 1.5273 (1.4507)  loss_bbox_enc_0: 0.8812 (0.9744)  loss_giou_enc_0: 1.3483 (1.4499)  loss_mal_dn_0: 1.4668 (1.5765)  loss_bbox_dn_0: 0.5926 (0.7518)  loss_giou_dn_0: 1.1461 (1.1159)  loss_fgl_dn_0: 1.0470 (1.0529)  loss_ddf_dn_0: 0.1555 (0.2002)  loss_mal_dn_1: 2.0195 (2.0974)  loss_bbox_dn_1: 0.4967 (0.6213)  loss_giou_dn_1: 0.8622 (0.8784)  loss_fgl_dn_1: 1.0215 (1.0382)  loss_ddf_dn_1: 0.0226 (0.0287)  loss_mal_dn_2: 2.2656 (2.3733)  loss_bbox_dn_2: 0.4797 (0.5907)  loss_giou_dn_2: 0.8069 (0.8207)  loss_fgl_dn_2: 1.0333 (1.0414)  loss_mal_dn_pre: 1.4668 (1.5669)  loss_bbox_dn_pre: 0.5863 (0.7537)  loss_giou_dn_pre: 1.1560 (1.1217)  time: 0.2050  data: 0.1102  max mem: 1050
Epoch: [47] Total time: 0:00:01 (0.2149 s / it)
Averaged stats: lr: 0.000015  loss: 39.5462 (39.7921)  loss_mal: 2.2129 (2.2448)  loss_bbox: 0.7171 (0.7550)  loss_giou: 1.1379 (1.1192)  loss_fgl: 0.8559 (0.8946)  loss_mal_aux_0: 1.6719 (1.7140)  loss_bbox_aux_0: 0.7478 (0.8274)  loss_giou_aux_0: 1.2345 (1.2661)  loss_fgl_aux_0: 0.8790 (0.8632)  loss_ddf_aux_0: 0.0496 (0.0526)  loss_mal_aux_1: 1.9775 (1.9380)  loss_bbox_aux_1: 0.7308 (0.7702)  loss_giou_aux_1: 1.1534 (1.1364)  loss_fgl_aux_1: 0.8577 (0.8920)  loss_ddf_aux_1: 0.0062 (0.0065)  loss_mal_pre: 1.6631 (1.7025)  loss_bbox_pre: 0.7666 (0.8342)  loss_giou_pre: 1.2363 (1.2707)  loss_mal_enc_0: 1.5273 (1.4507)  loss_bbox_enc_0: 0.8812 (0.9744)  loss_giou_enc_0: 1.3483 (1.4499)  loss_mal_dn_0: 1.4668 (1.5765)  loss_bbox_dn_0: 0.5926 (0.7518)  loss_giou_dn_0: 1.1461 (1.1159)  loss_fgl_dn_0: 1.0470 (1.0529)  loss_ddf_dn_0: 0.1555 (0.2002)  loss_mal_dn_1: 2.0195 (2.0974)  loss_bbox_dn_1: 0.4967 (0.6213)  loss_giou_dn_1: 0.8622 (0.8784)  loss_fgl_dn_1: 1.0215 (1.0382)  loss_ddf_dn_1: 0.0226 (0.0287)  loss_mal_dn_2: 2.2656 (2.3733)  loss_bbox_dn_2: 0.4797 (0.5907)  loss_giou_dn_2: 0.8069 (0.8207)  loss_fgl_dn_2: 1.0333 (1.0414)  loss_mal_dn_pre: 1.4668 (1.5669)  loss_bbox_dn_pre: 0.5863 (0.7537)  loss_giou_dn_pre: 1.1560 (1.1217)
Test:  [0/4]  eta: 0:00:01    time: 0.4120  data: 0.3496  max mem: 1050
Test:  [3/4]  eta: 0:00:00    time: 0.1192  data: 0.0894  max mem: 1050
Test: Total time: 0:00:00 (0.1377 s / it)
Averaged stats: 
Accumulating evaluation results...
COCOeval_opt.accumulate() finished...
DONE (t=0.00s).
IoU metric: bbox
 Average Precision  (AP) @[ IoU=0.50:0.95 | area=   all | maxDets=100 ] = 0.002
 Average Precision  (AP) @[ IoU=0.50      | area=   all | maxDets=100 ] = 0.007
 Average Precision  (AP) @[ IoU=0.75      | area=   all | maxDets=100 ] = 0.000
 Average Precision  (AP) @[ IoU=0.50:0.95 | area= small | maxDets=100 ] = -1.000
 Average Precision  (AP) @[ IoU=0.50:0.95 | area=medium | maxDets=100 ] = -1.000
 Average Precision  (AP) @[ IoU=0.50:0.95 | area= large | maxDets=100 ] = 0.003
 Average Recall     (AR) @[ IoU=0.50:0.95 | area=   all | maxDets=  1 ] = 0.017
 Average Recall     (AR) @[ IoU=0.50:0.95 | area=   all | maxDets= 10 ] = 0.040
 Average Recall     (AR) @[ IoU=0.50:0.95 | area=   all | maxDets=100 ] = 0.183
 Average Recall     (AR) @[ IoU=0.50:0.95 | area= small | maxDets=100 ] = -1.000
 Average Recall     (AR) @[ IoU=0.50:0.95 | area=medium | maxDets=100 ] = -1.000
 Average Recall     (AR) @[ IoU=0.50:0.95 | area= large | maxDets=100 ] = 0.183
 Average Recall     (AR) @[ IoU=0.50      | area=   all | maxDets=100 ] = 0.400
 Average Recall     (AR) @[ IoU=0.75      | area=   all | maxDets=100 ] = 0.100
best_stat: {'epoch': 47, 'coco_eval_bbox': 0.0019684008912915}
Epoch: [48]  [0/8]  eta: 0:00:05  lr: 0.000015  loss: 40.6307 (40.6307)  loss_mal: 2.6211 (2.6211)  loss_bbox: 0.7692 (0.7692)  loss_giou: 0.9369 (0.9369)  loss_fgl: 0.8872 (0.8872)  loss_mal_aux_0: 1.8945 (1.8945)  loss_bbox_aux_0: 0.8194 (0.8194)  loss_giou_aux_0: 1.1252 (1.1252)  loss_fgl_aux_0: 0.8524 (0.8524)  loss_ddf_aux_0: 0.0532 (0.0532)  loss_mal_aux_1: 2.1250 (2.1250)  loss_bbox_aux_1: 0.7787 (0.7787)  loss_giou_aux_1: 0.9791 (0.9791)  loss_fgl_aux_1: 0.8794 (0.8794)  loss_ddf_aux_1: 0.0097 (0.0097)  loss_mal_pre: 1.9023 (1.9023)  loss_bbox_pre: 0.8292 (0.8292)  loss_giou_pre: 1.1290 (1.1290)  loss_mal_enc_0: 1.7568 (1.7568)  loss_bbox_enc_0: 0.9701 (0.9701)  loss_giou_enc_0: 1.2929 (1.2929)  loss_mal_dn_0: 1.8213 (1.8213)  loss_bbox_dn_0: 0.6658 (0.6658)  loss_giou_dn_0: 0.9981 (0.9981)  loss_fgl_dn_0: 1.0830 (1.0830)  loss_ddf_dn_0: 0.2474 (0.2474)  loss_mal_dn_1: 2.4668 (2.4668)  loss_bbox_dn_1: 0.4957 (0.4957)  loss_giou_dn_1: 0.6893 (0.6893)  loss_fgl_dn_1: 1.0505 (1.0505)  loss_ddf_dn_1: 0.0455 (0.0455)  loss_mal_dn_2: 2.8730 (2.8730)  loss_bbox_dn_2: 0.4531 (0.4531)  loss_giou_dn_2: 0.6068 (0.6068)  loss_fgl_dn_2: 1.0472 (1.0472)  loss_mal_dn_pre: 1.8047 (1.8047)  loss_bbox_dn_pre: 0.6643 (0.6643)  loss_giou_dn_pre: 1.0068 (1.0068)  time: 0.7130  data: 0.5926  max mem: 1050
Epoch: [48]  [7/8]  eta: 0:00:00  lr: 0.000015  loss: 40.6307 (41.5840)  loss_mal: 2.5723 (2.5564)  loss_bbox: 0.7254 (0.8058)  loss_giou: 0.9369 (0.9508)  loss_fgl: 0.9584 (0.9442)  loss_mal_aux_0: 2.0312 (1.9742)  loss_bbox_aux_0: 0.8194 (0.8665)  loss_giou_aux_0: 1.0325 (1.1003)  loss_fgl_aux_0: 0.9165 (0.9156)  loss_ddf_aux_0: 0.0532 (0.0564)  loss_mal_aux_1: 2.1367 (2.2168)  loss_bbox_aux_1: 0.7482 (0.8106)  loss_giou_aux_1: 0.9791 (0.9681)  loss_fgl_aux_1: 0.9587 (0.9460)  loss_ddf_aux_1: 0.0075 (0.0072)  loss_mal_pre: 1.9492 (1.9722)  loss_bbox_pre: 0.8292 (0.8782)  loss_giou_pre: 1.0580 (1.1077)  loss_mal_enc_0: 1.7568 (1.6797)  loss_bbox_enc_0: 0.9701 (1.0601)  loss_giou_enc_0: 1.2903 (1.3011)  loss_mal_dn_0: 1.7080 (1.6803)  loss_bbox_dn_0: 0.7182 (0.9324)  loss_giou_dn_0: 1.0230 (1.0592)  loss_fgl_dn_0: 1.0712 (1.0763)  loss_ddf_dn_0: 0.1721 (0.1783)  loss_mal_dn_1: 2.2871 (2.2050)  loss_bbox_dn_1: 0.5472 (0.7558)  loss_giou_dn_1: 0.7551 (0.8120)  loss_fgl_dn_1: 1.0460 (1.0481)  loss_ddf_dn_1: 0.0263 (0.0287)  loss_mal_dn_2: 2.5586 (2.4954)  loss_bbox_dn_2: 0.4962 (0.7207)  loss_giou_dn_2: 0.6866 (0.7582)  loss_fgl_dn_2: 1.0335 (1.0413)  loss_mal_dn_pre: 1.6943 (1.6622)  loss_bbox_dn_pre: 0.7248 (0.9442)  loss_giou_dn_pre: 1.0349 (1.0680)  time: 0.2032  data: 0.1017  max mem: 1050
Epoch: [48] Total time: 0:00:01 (0.2118 s / it)
Averaged stats: lr: 0.000015  loss: 40.6307 (41.5840)  loss_mal: 2.5723 (2.5564)  loss_bbox: 0.7254 (0.8058)  loss_giou: 0.9369 (0.9508)  loss_fgl: 0.9584 (0.9442)  loss_mal_aux_0: 2.0312 (1.9742)  loss_bbox_aux_0: 0.8194 (0.8665)  loss_giou_aux_0: 1.0325 (1.1003)  loss_fgl_aux_0: 0.9165 (0.9156)  loss_ddf_aux_0: 0.0532 (0.0564)  loss_mal_aux_1: 2.1367 (2.2168)  loss_bbox_aux_1: 0.7482 (0.8106)  loss_giou_aux_1: 0.9791 (0.9681)  loss_fgl_aux_1: 0.9587 (0.9460)  loss_ddf_aux_1: 0.0075 (0.0072)  loss_mal_pre: 1.9492 (1.9722)  loss_bbox_pre: 0.8292 (0.8782)  loss_giou_pre: 1.0580 (1.1077)  loss_mal_enc_0: 1.7568 (1.6797)  loss_bbox_enc_0: 0.9701 (1.0601)  loss_giou_enc_0: 1.2903 (1.3011)  loss_mal_dn_0: 1.7080 (1.6803)  loss_bbox_dn_0: 0.7182 (0.9324)  loss_giou_dn_0: 1.0230 (1.0592)  loss_fgl_dn_0: 1.0712 (1.0763)  loss_ddf_dn_0: 0.1721 (0.1783)  loss_mal_dn_1: 2.2871 (2.2050)  loss_bbox_dn_1: 0.5472 (0.7558)  loss_giou_dn_1: 0.7551 (0.8120)  loss_fgl_dn_1: 1.0460 (1.0481)  loss_ddf_dn_1: 0.0263 (0.0287)  loss_mal_dn_2: 2.5586 (2.4954)  loss_bbox_dn_2: 0.4962 (0.7207)  loss_giou_dn_2: 0.6866 (0.7582)  loss_fgl_dn_2: 1.0335 (1.0413)  loss_mal_dn_pre: 1.6943 (1.6622)  loss_bbox_dn_pre: 0.7248 (0.9442)  loss_giou_dn_pre: 1.0349 (1.0680)
Test:  [0/4]  eta: 0:00:01    time: 0.3571  data: 0.3356  max mem: 1050
Test:  [3/4]  eta: 0:00:00    time: 0.1036  data: 0.0864  max mem: 1050
Test: Total time: 0:00:00 (0.1279 s / it)
Averaged stats: 
Accumulating evaluation results...
COCOeval_opt.accumulate() finished...
DONE (t=0.00s).
IoU metric: bbox
 Average Precision  (AP) @[ IoU=0.50:0.95 | area=   all | maxDets=100 ] = 0.002
 Average Precision  (AP) @[ IoU=0.50      | area=   all | maxDets=100 ] = 0.005
 Average Precision  (AP) @[ IoU=0.75      | area=   all | maxDets=100 ] = 0.000
 Average Precision  (AP) @[ IoU=0.50:0.95 | area= small | maxDets=100 ] = -1.000
 Average Precision  (AP) @[ IoU=0.50:0.95 | area=medium | maxDets=100 ] = -1.000
 Average Precision  (AP) @[ IoU=0.50:0.95 | area= large | maxDets=100 ] = 0.002
 Average Recall     (AR) @[ IoU=0.50:0.95 | area=   all | maxDets=  1 ] = 0.007
 Average Recall     (AR) @[ IoU=0.50:0.95 | area=   all | maxDets= 10 ] = 0.043
 Average Recall     (AR) @[ IoU=0.50:0.95 | area=   all | maxDets=100 ] = 0.143
 Average Recall     (AR) @[ IoU=0.50:0.95 | area= small | maxDets=100 ] = -1.000
 Average Recall     (AR) @[ IoU=0.50:0.95 | area=medium | maxDets=100 ] = -1.000
 Average Recall     (AR) @[ IoU=0.50:0.95 | area= large | maxDets=100 ] = 0.143
 Average Recall     (AR) @[ IoU=0.50      | area=   all | maxDets=100 ] = 0.300
 Average Recall     (AR) @[ IoU=0.75      | area=   all | maxDets=100 ] = 0.067
best_stat: {'epoch': 47, 'coco_eval_bbox': 0.0019684008912915}
Epoch: [49]  [0/8]  eta: 0:00:07  lr: 0.000015  loss: 39.4566 (39.4566)  loss_mal: 2.6230 (2.6230)  loss_bbox: 0.6385 (0.6385)  loss_giou: 0.8632 (0.8632)  loss_fgl: 0.9555 (0.9555)  loss_mal_aux_0: 1.9238 (1.9238)  loss_bbox_aux_0: 0.6973 (0.6973)  loss_giou_aux_0: 1.1015 (1.1015)  loss_fgl_aux_0: 0.8917 (0.8917)  loss_ddf_aux_0: 0.0588 (0.0588)  loss_mal_aux_1: 2.3086 (2.3086)  loss_bbox_aux_1: 0.6772 (0.6772)  loss_giou_aux_1: 0.9030 (0.9030)  loss_fgl_aux_1: 0.9529 (0.9529)  loss_ddf_aux_1: 0.0093 (0.0093)  loss_mal_pre: 1.9346 (1.9346)  loss_bbox_pre: 0.7064 (0.7064)  loss_giou_pre: 1.1014 (1.1014)  loss_mal_enc_0: 1.6562 (1.6562)  loss_bbox_enc_0: 0.8091 (0.8091)  loss_giou_enc_0: 1.2640 (1.2640)  loss_mal_dn_0: 1.7646 (1.7646)  loss_bbox_dn_0: 0.5588 (0.5588)  loss_giou_dn_0: 1.0005 (1.0005)  loss_fgl_dn_0: 1.0585 (1.0585)  loss_ddf_dn_0: 0.2062 (0.2062)  loss_mal_dn_1: 2.4434 (2.4434)  loss_bbox_dn_1: 0.4124 (0.4124)  loss_giou_dn_1: 0.6811 (0.6811)  loss_fgl_dn_1: 1.0533 (1.0533)  loss_ddf_dn_1: 0.0329 (0.0329)  loss_mal_dn_2: 2.8008 (2.8008)  loss_bbox_dn_2: 0.3893 (0.3893)  loss_giou_dn_2: 0.6113 (0.6113)  loss_fgl_dn_2: 1.0463 (1.0463)  loss_mal_dn_pre: 1.7529 (1.7529)  loss_bbox_dn_pre: 0.5620 (0.5620)  loss_giou_dn_pre: 1.0062 (1.0062)  time: 0.9561  data: 0.6169  max mem: 1050
Epoch: [49]  [7/8]  eta: 0:00:00  lr: 0.000016  loss: 40.0223 (40.4227)  loss_mal: 2.4434 (2.6184)  loss_bbox: 0.5767 (0.6846)  loss_giou: 0.9183 (0.8930)  loss_fgl: 0.9555 (0.9630)  loss_mal_aux_0: 1.9189 (2.0452)  loss_bbox_aux_0: 0.6295 (0.7462)  loss_giou_aux_0: 1.0809 (1.0434)  loss_fgl_aux_0: 0.9011 (0.9376)  loss_ddf_aux_0: 0.0622 (0.0636)  loss_mal_aux_1: 2.1367 (2.2397)  loss_bbox_aux_1: 0.5838 (0.6955)  loss_giou_aux_1: 0.9030 (0.9101)  loss_fgl_aux_1: 0.9529 (0.9594)  loss_ddf_aux_1: 0.0077 (0.0081)  loss_mal_pre: 1.8848 (2.0532)  loss_bbox_pre: 0.6344 (0.7514)  loss_giou_pre: 1.0944 (1.0456)  loss_mal_enc_0: 1.6680 (1.8251)  loss_bbox_enc_0: 0.8091 (0.8965)  loss_giou_enc_0: 1.2099 (1.2218)  loss_mal_dn_0: 1.5908 (1.6007)  loss_bbox_dn_0: 0.7825 (0.8053)  loss_giou_dn_0: 1.0769 (1.1032)  loss_fgl_dn_0: 1.0395 (1.0364)  loss_ddf_dn_0: 0.2136 (0.2277)  loss_mal_dn_1: 2.0000 (2.1552)  loss_bbox_dn_1: 0.5004 (0.6403)  loss_giou_dn_1: 0.8026 (0.8260)  loss_fgl_dn_1: 1.0161 (1.0305)  loss_ddf_dn_1: 0.0329 (0.0379)  loss_mal_dn_2: 2.2188 (2.4409)  loss_bbox_dn_2: 0.4241 (0.6066)  loss_giou_dn_2: 0.7603 (0.7774)  loss_fgl_dn_2: 1.0071 (1.0255)  loss_mal_dn_pre: 1.5771 (1.5858)  loss_bbox_dn_pre: 0.7814 (0.8096)  loss_giou_dn_pre: 1.0879 (1.1120)  time: 0.2195  data: 0.0808  max mem: 1050
Epoch: [49] Total time: 0:00:01 (0.2281 s / it)
Averaged stats: lr: 0.000016  loss: 40.0223 (40.4227)  loss_mal: 2.4434 (2.6184)  loss_bbox: 0.5767 (0.6846)  loss_giou: 0.9183 (0.8930)  loss_fgl: 0.9555 (0.9630)  loss_mal_aux_0: 1.9189 (2.0452)  loss_bbox_aux_0: 0.6295 (0.7462)  loss_giou_aux_0: 1.0809 (1.0434)  loss_fgl_aux_0: 0.9011 (0.9376)  loss_ddf_aux_0: 0.0622 (0.0636)  loss_mal_aux_1: 2.1367 (2.2397)  loss_bbox_aux_1: 0.5838 (0.6955)  loss_giou_aux_1: 0.9030 (0.9101)  loss_fgl_aux_1: 0.9529 (0.9594)  loss_ddf_aux_1: 0.0077 (0.0081)  loss_mal_pre: 1.8848 (2.0532)  loss_bbox_pre: 0.6344 (0.7514)  loss_giou_pre: 1.0944 (1.0456)  loss_mal_enc_0: 1.6680 (1.8251)  loss_bbox_enc_0: 0.8091 (0.8965)  loss_giou_enc_0: 1.2099 (1.2218)  loss_mal_dn_0: 1.5908 (1.6007)  loss_bbox_dn_0: 0.7825 (0.8053)  loss_giou_dn_0: 1.0769 (1.1032)  loss_fgl_dn_0: 1.0395 (1.0364)  loss_ddf_dn_0: 0.2136 (0.2277)  loss_mal_dn_1: 2.0000 (2.1552)  loss_bbox_dn_1: 0.5004 (0.6403)  loss_giou_dn_1: 0.8026 (0.8260)  loss_fgl_dn_1: 1.0161 (1.0305)  loss_ddf_dn_1: 0.0329 (0.0379)  loss_mal_dn_2: 2.2188 (2.4409)  loss_bbox_dn_2: 0.4241 (0.6066)  loss_giou_dn_2: 0.7603 (0.7774)  loss_fgl_dn_2: 1.0071 (1.0255)  loss_mal_dn_pre: 1.5771 (1.5858)  loss_bbox_dn_pre: 0.7814 (0.8096)  loss_giou_dn_pre: 1.0879 (1.1120)
Test:  [0/4]  eta: 0:00:01    time: 0.3824  data: 0.3364  max mem: 1050
Test:  [3/4]  eta: 0:00:00    time: 0.1079  data: 0.0863  max mem: 1050
Test: Total time: 0:00:00 (0.1247 s / it)
Averaged stats: 
Accumulating evaluation results...
COCOeval_opt.accumulate() finished...
DONE (t=0.00s).
IoU metric: bbox
 Average Precision  (AP) @[ IoU=0.50:0.95 | area=   all | maxDets=100 ] = 0.003
 Average Precision  (AP) @[ IoU=0.50      | area=   all | maxDets=100 ] = 0.012
 Average Precision  (AP) @[ IoU=0.75      | area=   all | maxDets=100 ] = 0.001
 Average Precision  (AP) @[ IoU=0.50:0.95 | area= small | maxDets=100 ] = -1.000
 Average Precision  (AP) @[ IoU=0.50:0.95 | area=medium | maxDets=100 ] = -1.000
 Average Precision  (AP) @[ IoU=0.50:0.95 | area= large | maxDets=100 ] = 0.005
 Average Recall     (AR) @[ IoU=0.50:0.95 | area=   all | maxDets=  1 ] = 0.000
 Average Recall     (AR) @[ IoU=0.50:0.95 | area=   all | maxDets= 10 ] = 0.053
 Average Recall     (AR) @[ IoU=0.50:0.95 | area=   all | maxDets=100 ] = 0.177
 Average Recall     (AR) @[ IoU=0.50:0.95 | area= small | maxDets=100 ] = -1.000
 Average Recall     (AR) @[ IoU=0.50:0.95 | area=medium | maxDets=100 ] = -1.000
 Average Recall     (AR) @[ IoU=0.50:0.95 | area= large | maxDets=100 ] = 0.177
 Average Recall     (AR) @[ IoU=0.50      | area=   all | maxDets=100 ] = 0.333
 Average Recall     (AR) @[ IoU=0.75      | area=   all | maxDets=100 ] = 0.133
best_stat: {'epoch': 49, 'coco_eval_bbox': 0.0032285464067066077}
Epoch: [50]  [0/8]  eta: 0:00:05  lr: 0.000016  loss: 38.6125 (38.6125)  loss_mal: 2.3887 (2.3887)  loss_bbox: 0.6069 (0.6069)  loss_giou: 1.1389 (1.1389)  loss_fgl: 0.7425 (0.7425)  loss_mal_aux_0: 1.4814 (1.4814)  loss_bbox_aux_0: 0.7099 (0.7099)  loss_giou_aux_0: 1.3839 (1.3839)  loss_fgl_aux_0: 0.7070 (0.7070)  loss_ddf_aux_0: 0.0695 (0.0695)  loss_mal_aux_1: 1.9189 (1.9189)  loss_bbox_aux_1: 0.6224 (0.6224)  loss_giou_aux_1: 1.1703 (1.1703)  loss_fgl_aux_1: 0.7358 (0.7358)  loss_ddf_aux_1: 0.0127 (0.0127)  loss_mal_pre: 1.4736 (1.4736)  loss_bbox_pre: 0.7214 (0.7214)  loss_giou_pre: 1.3944 (1.3944)  loss_mal_enc_0: 1.2783 (1.2783)  loss_bbox_enc_0: 0.8262 (0.8262)  loss_giou_enc_0: 1.5503 (1.5503)  loss_mal_dn_0: 1.9297 (1.9297)  loss_bbox_dn_0: 0.5475 (0.5475)  loss_giou_dn_0: 0.9343 (0.9343)  loss_fgl_dn_0: 1.1243 (1.1243)  loss_ddf_dn_0: 0.1898 (0.1898)  loss_mal_dn_1: 2.5840 (2.5840)  loss_bbox_dn_1: 0.3765 (0.3765)  loss_giou_dn_1: 0.6185 (0.6185)  loss_fgl_dn_1: 1.0599 (1.0599)  loss_ddf_dn_1: 0.0361 (0.0361)  loss_mal_dn_2: 2.9453 (2.9453)  loss_bbox_dn_2: 0.3246 (0.3246)  loss_giou_dn_2: 0.5385 (0.5385)  loss_fgl_dn_2: 1.0547 (1.0547)  loss_mal_dn_pre: 1.9580 (1.9580)  loss_bbox_dn_pre: 0.5365 (0.5365)  loss_giou_dn_pre: 0.9214 (0.9214)  time: 0.6725  data: 0.5282  max mem: 1050
Epoch: [50]  [7/8]  eta: 0:00:00  lr: 0.000017  loss: 38.2582 (39.1446)  loss_mal: 2.1875 (2.2142)  loss_bbox: 0.7387 (0.7146)  loss_giou: 1.0741 (1.0690)  loss_fgl: 0.8518 (0.8736)  loss_mal_aux_0: 1.4814 (1.5932)  loss_bbox_aux_0: 0.7798 (0.8340)  loss_giou_aux_0: 1.2611 (1.2820)  loss_fgl_aux_0: 0.7929 (0.8114)  loss_ddf_aux_0: 0.0695 (0.0654)  loss_mal_aux_1: 1.7480 (1.8329)  loss_bbox_aux_1: 0.7564 (0.7449)  loss_giou_aux_1: 1.1112 (1.1066)  loss_fgl_aux_1: 0.8657 (0.8659)  loss_ddf_aux_1: 0.0094 (0.0103)  loss_mal_pre: 1.4736 (1.5755)  loss_bbox_pre: 0.8015 (0.8638)  loss_giou_pre: 1.2784 (1.2965)  loss_mal_enc_0: 1.2783 (1.3651)  loss_bbox_enc_0: 0.8861 (0.9549)  loss_giou_enc_0: 1.4621 (1.4763)  loss_mal_dn_0: 1.6348 (1.6741)  loss_bbox_dn_0: 0.5963 (0.7359)  loss_giou_dn_0: 1.0439 (1.0554)  loss_fgl_dn_0: 1.0445 (1.0631)  loss_ddf_dn_0: 0.2092 (0.2082)  loss_mal_dn_1: 2.0742 (2.1686)  loss_bbox_dn_1: 0.4888 (0.5791)  loss_giou_dn_1: 0.8084 (0.8124)  loss_fgl_dn_1: 1.0340 (1.0433)  loss_ddf_dn_1: 0.0334 (0.0338)  loss_mal_dn_2: 2.2227 (2.4097)  loss_bbox_dn_2: 0.4756 (0.5454)  loss_giou_dn_2: 0.7741 (0.7601)  loss_fgl_dn_2: 1.0297 (1.0422)  loss_mal_dn_pre: 1.6377 (1.6660)  loss_bbox_dn_pre: 0.5941 (0.7367)  loss_giou_dn_pre: 1.0471 (1.0606)  time: 0.2107  data: 0.0701  max mem: 1050
Epoch: [50] Total time: 0:00:01 (0.2177 s / it)
Averaged stats: lr: 0.000017  loss: 38.2582 (39.1446)  loss_mal: 2.1875 (2.2142)  loss_bbox: 0.7387 (0.7146)  loss_giou: 1.0741 (1.0690)  loss_fgl: 0.8518 (0.8736)  loss_mal_aux_0: 1.4814 (1.5932)  loss_bbox_aux_0: 0.7798 (0.8340)  loss_giou_aux_0: 1.2611 (1.2820)  loss_fgl_aux_0: 0.7929 (0.8114)  loss_ddf_aux_0: 0.0695 (0.0654)  loss_mal_aux_1: 1.7480 (1.8329)  loss_bbox_aux_1: 0.7564 (0.7449)  loss_giou_aux_1: 1.1112 (1.1066)  loss_fgl_aux_1: 0.8657 (0.8659)  loss_ddf_aux_1: 0.0094 (0.0103)  loss_mal_pre: 1.4736 (1.5755)  loss_bbox_pre: 0.8015 (0.8638)  loss_giou_pre: 1.2784 (1.2965)  loss_mal_enc_0: 1.2783 (1.3651)  loss_bbox_enc_0: 0.8861 (0.9549)  loss_giou_enc_0: 1.4621 (1.4763)  loss_mal_dn_0: 1.6348 (1.6741)  loss_bbox_dn_0: 0.5963 (0.7359)  loss_giou_dn_0: 1.0439 (1.0554)  loss_fgl_dn_0: 1.0445 (1.0631)  loss_ddf_dn_0: 0.2092 (0.2082)  loss_mal_dn_1: 2.0742 (2.1686)  loss_bbox_dn_1: 0.4888 (0.5791)  loss_giou_dn_1: 0.8084 (0.8124)  loss_fgl_dn_1: 1.0340 (1.0433)  loss_ddf_dn_1: 0.0334 (0.0338)  loss_mal_dn_2: 2.2227 (2.4097)  loss_bbox_dn_2: 0.4756 (0.5454)  loss_giou_dn_2: 0.7741 (0.7601)  loss_fgl_dn_2: 1.0297 (1.0422)  loss_mal_dn_pre: 1.6377 (1.6660)  loss_bbox_dn_pre: 0.5941 (0.7367)  loss_giou_dn_pre: 1.0471 (1.0606)
Test:  [0/4]  eta: 0:00:01    time: 0.3362  data: 0.3103  max mem: 1050
Test:  [3/4]  eta: 0:00:00    time: 0.0988  data: 0.0797  max mem: 1050
Test: Total time: 0:00:00 (0.1161 s / it)
Averaged stats: 
Accumulating evaluation results...
COCOeval_opt.accumulate() finished...
DONE (t=0.00s).
IoU metric: bbox
 Average Precision  (AP) @[ IoU=0.50:0.95 | area=   all | maxDets=100 ] = 0.004
 Average Precision  (AP) @[ IoU=0.50      | area=   all | maxDets=100 ] = 0.011
 Average Precision  (AP) @[ IoU=0.75      | area=   all | maxDets=100 ] = 0.001
 Average Precision  (AP) @[ IoU=0.50:0.95 | area= small | maxDets=100 ] = -1.000
 Average Precision  (AP) @[ IoU=0.50:0.95 | area=medium | maxDets=100 ] = -1.000
 Average Precision  (AP) @[ IoU=0.50:0.95 | area= large | maxDets=100 ] = 0.005
 Average Recall     (AR) @[ IoU=0.50:0.95 | area=   all | maxDets=  1 ] = 0.010
 Average Recall     (AR) @[ IoU=0.50:0.95 | area=   all | maxDets= 10 ] = 0.133
 Average Recall     (AR) @[ IoU=0.50:0.95 | area=   all | maxDets=100 ] = 0.223
 Average Recall     (AR) @[ IoU=0.50:0.95 | area= small | maxDets=100 ] = -1.000
 Average Recall     (AR) @[ IoU=0.50:0.95 | area=medium | maxDets=100 ] = -1.000
 Average Recall     (AR) @[ IoU=0.50:0.95 | area= large | maxDets=100 ] = 0.223
 Average Recall     (AR) @[ IoU=0.50      | area=   all | maxDets=100 ] = 0.433
 Average Recall     (AR) @[ IoU=0.75      | area=   all | maxDets=100 ] = 0.133
best_stat: {'epoch': 50, 'coco_eval_bbox': 0.003979494702358233}
Epoch: [51]  [0/8]  eta: 0:00:05  lr: 0.000017  loss: 38.8792 (38.8792)  loss_mal: 2.7324 (2.7324)  loss_bbox: 0.3967 (0.3967)  loss_giou: 0.7088 (0.7088)  loss_fgl: 1.0750 (1.0750)  loss_mal_aux_0: 1.9355 (1.9355)  loss_bbox_aux_0: 0.5609 (0.5609)  loss_giou_aux_0: 1.0330 (1.0330)  loss_fgl_aux_0: 0.9582 (0.9582)  loss_ddf_aux_0: 0.0681 (0.0681)  loss_mal_aux_1: 2.4629 (2.4629)  loss_bbox_aux_1: 0.4162 (0.4162)  loss_giou_aux_1: 0.7474 (0.7474)  loss_fgl_aux_1: 1.0655 (1.0655)  loss_ddf_aux_1: 0.0137 (0.0137)  loss_mal_pre: 1.9707 (1.9707)  loss_bbox_pre: 0.5644 (0.5644)  loss_giou_pre: 1.0500 (1.0500)  loss_mal_enc_0: 1.7217 (1.7217)  loss_bbox_enc_0: 0.7217 (0.7217)  loss_giou_enc_0: 1.2737 (1.2737)  loss_mal_dn_0: 1.7285 (1.7285)  loss_bbox_dn_0: 0.6428 (0.6428)  loss_giou_dn_0: 1.0192 (1.0192)  loss_fgl_dn_0: 1.0872 (1.0872)  loss_ddf_dn_0: 0.2219 (0.2219)  loss_mal_dn_1: 2.3926 (2.3926)  loss_bbox_dn_1: 0.4226 (0.4226)  loss_giou_dn_1: 0.6783 (0.6783)  loss_fgl_dn_1: 1.0506 (1.0506)  loss_ddf_dn_1: 0.0402 (0.0402)  loss_mal_dn_2: 2.6914 (2.6914)  loss_bbox_dn_2: 0.3744 (0.3744)  loss_giou_dn_2: 0.6015 (0.6015)  loss_fgl_dn_2: 1.0576 (1.0576)  loss_mal_dn_pre: 1.7109 (1.7109)  loss_bbox_dn_pre: 0.6530 (0.6530)  loss_giou_dn_pre: 1.0301 (1.0301)  time: 0.6983  data: 0.5904  max mem: 1050
Epoch: [51]  [7/8]  eta: 0:00:00  lr: 0.000017  loss: 38.2114 (38.7333)  loss_mal: 2.1699 (2.1814)  loss_bbox: 0.6959 (0.6958)  loss_giou: 1.0558 (1.0313)  loss_fgl: 0.8988 (0.9227)  loss_mal_aux_0: 1.7178 (1.6779)  loss_bbox_aux_0: 0.7499 (0.7880)  loss_giou_aux_0: 1.2321 (1.2222)  loss_fgl_aux_0: 0.8492 (0.8557)  loss_ddf_aux_0: 0.0733 (0.0741)  loss_mal_aux_1: 1.9473 (1.8894)  loss_bbox_aux_1: 0.7325 (0.7198)  loss_giou_aux_1: 1.0757 (1.0555)  loss_fgl_aux_1: 0.8998 (0.9159)  loss_ddf_aux_1: 0.0131 (0.0127)  loss_mal_pre: 1.7070 (1.6744)  loss_bbox_pre: 0.7733 (0.8005)  loss_giou_pre: 1.2493 (1.2327)  loss_mal_enc_0: 1.3389 (1.4163)  loss_bbox_enc_0: 0.8966 (0.9392)  loss_giou_enc_0: 1.3502 (1.4256)  loss_mal_dn_0: 1.5488 (1.5281)  loss_bbox_dn_0: 0.7009 (0.7123)  loss_giou_dn_0: 1.1237 (1.1354)  loss_fgl_dn_0: 1.0143 (1.0155)  loss_ddf_dn_0: 0.2219 (0.2290)  loss_mal_dn_1: 2.0840 (2.0560)  loss_bbox_dn_1: 0.5941 (0.5675)  loss_giou_dn_1: 0.8512 (0.8720)  loss_fgl_dn_1: 1.0348 (1.0233)  loss_ddf_dn_1: 0.0402 (0.0395)  loss_mal_dn_2: 2.1641 (2.2584)  loss_bbox_dn_2: 0.5490 (0.5426)  loss_giou_dn_2: 0.8244 (0.8251)  loss_fgl_dn_2: 1.0397 (1.0268)  loss_mal_dn_pre: 1.5459 (1.5194)  loss_bbox_dn_pre: 0.6945 (0.7096)  loss_giou_dn_pre: 1.1286 (1.1413)  time: 0.2122  data: 0.1004  max mem: 1050
Epoch: [51] Total time: 0:00:01 (0.2217 s / it)
Averaged stats: lr: 0.000017  loss: 38.2114 (38.7333)  loss_mal: 2.1699 (2.1814)  loss_bbox: 0.6959 (0.6958)  loss_giou: 1.0558 (1.0313)  loss_fgl: 0.8988 (0.9227)  loss_mal_aux_0: 1.7178 (1.6779)  loss_bbox_aux_0: 0.7499 (0.7880)  loss_giou_aux_0: 1.2321 (1.2222)  loss_fgl_aux_0: 0.8492 (0.8557)  loss_ddf_aux_0: 0.0733 (0.0741)  loss_mal_aux_1: 1.9473 (1.8894)  loss_bbox_aux_1: 0.7325 (0.7198)  loss_giou_aux_1: 1.0757 (1.0555)  loss_fgl_aux_1: 0.8998 (0.9159)  loss_ddf_aux_1: 0.0131 (0.0127)  loss_mal_pre: 1.7070 (1.6744)  loss_bbox_pre: 0.7733 (0.8005)  loss_giou_pre: 1.2493 (1.2327)  loss_mal_enc_0: 1.3389 (1.4163)  loss_bbox_enc_0: 0.8966 (0.9392)  loss_giou_enc_0: 1.3502 (1.4256)  loss_mal_dn_0: 1.5488 (1.5281)  loss_bbox_dn_0: 0.7009 (0.7123)  loss_giou_dn_0: 1.1237 (1.1354)  loss_fgl_dn_0: 1.0143 (1.0155)  loss_ddf_dn_0: 0.2219 (0.2290)  loss_mal_dn_1: 2.0840 (2.0560)  loss_bbox_dn_1: 0.5941 (0.5675)  loss_giou_dn_1: 0.8512 (0.8720)  loss_fgl_dn_1: 1.0348 (1.0233)  loss_ddf_dn_1: 0.0402 (0.0395)  loss_mal_dn_2: 2.1641 (2.2584)  loss_bbox_dn_2: 0.5490 (0.5426)  loss_giou_dn_2: 0.8244 (0.8251)  loss_fgl_dn_2: 1.0397 (1.0268)  loss_mal_dn_pre: 1.5459 (1.5194)  loss_bbox_dn_pre: 0.6945 (0.7096)  loss_giou_dn_pre: 1.1286 (1.1413)
Test:  [0/4]  eta: 0:00:01    time: 0.3668  data: 0.3433  max mem: 1050
Test:  [3/4]  eta: 0:00:00    time: 0.1410  data: 0.0879  max mem: 1050
Test: Total time: 0:00:00 (0.1626 s / it)
Averaged stats: 
Accumulating evaluation results...
COCOeval_opt.accumulate() finished...
DONE (t=0.00s).
IoU metric: bbox
 Average Precision  (AP) @[ IoU=0.50:0.95 | area=   all | maxDets=100 ] = 0.004
 Average Precision  (AP) @[ IoU=0.50      | area=   all | maxDets=100 ] = 0.012
 Average Precision  (AP) @[ IoU=0.75      | area=   all | maxDets=100 ] = 0.001
 Average Precision  (AP) @[ IoU=0.50:0.95 | area= small | maxDets=100 ] = -1.000
 Average Precision  (AP) @[ IoU=0.50:0.95 | area=medium | maxDets=100 ] = -1.000
 Average Precision  (AP) @[ IoU=0.50:0.95 | area= large | maxDets=100 ] = 0.004
 Average Recall     (AR) @[ IoU=0.50:0.95 | area=   all | maxDets=  1 ] = 0.003
 Average Recall     (AR) @[ IoU=0.50:0.95 | area=   all | maxDets= 10 ] = 0.080
 Average Recall     (AR) @[ IoU=0.50:0.95 | area=   all | maxDets=100 ] = 0.203
 Average Recall     (AR) @[ IoU=0.50:0.95 | area= small | maxDets=100 ] = -1.000
 Average Recall     (AR) @[ IoU=0.50:0.95 | area=medium | maxDets=100 ] = -1.000
 Average Recall     (AR) @[ IoU=0.50:0.95 | area= large | maxDets=100 ] = 0.203
 Average Recall     (AR) @[ IoU=0.50      | area=   all | maxDets=100 ] = 0.433
 Average Recall     (AR) @[ IoU=0.75      | area=   all | maxDets=100 ] = 0.133
best_stat: {'epoch': 50, 'coco_eval_bbox': 0.003979494702358233}
Epoch: [52]  [0/8]  eta: 0:00:07  lr: 0.000017  loss: 39.5033 (39.5033)  loss_mal: 2.5020 (2.5020)  loss_bbox: 0.5261 (0.5261)  loss_giou: 0.7194 (0.7194)  loss_fgl: 1.0601 (1.0601)  loss_mal_aux_0: 2.1035 (2.1035)  loss_bbox_aux_0: 0.6758 (0.6758)  loss_giou_aux_0: 0.8879 (0.8879)  loss_fgl_aux_0: 1.0462 (1.0462)  loss_ddf_aux_0: 0.0746 (0.0746)  loss_mal_aux_1: 2.3184 (2.3184)  loss_bbox_aux_1: 0.5289 (0.5289)  loss_giou_aux_1: 0.7028 (0.7028)  loss_fgl_aux_1: 1.0520 (1.0520)  loss_ddf_aux_1: 0.0116 (0.0116)  loss_mal_pre: 2.0605 (2.0605)  loss_bbox_pre: 0.7236 (0.7236)  loss_giou_pre: 0.9155 (0.9155)  loss_mal_enc_0: 1.8926 (1.8926)  loss_bbox_enc_0: 0.8647 (0.8647)  loss_giou_enc_0: 1.0780 (1.0780)  loss_mal_dn_0: 1.8730 (1.8730)  loss_bbox_dn_0: 0.5813 (0.5813)  loss_giou_dn_0: 0.9786 (0.9786)  loss_fgl_dn_0: 1.1168 (1.1168)  loss_ddf_dn_0: 0.2096 (0.2096)  loss_mal_dn_1: 2.4609 (2.4609)  loss_bbox_dn_1: 0.4167 (0.4167)  loss_giou_dn_1: 0.6497 (0.6497)  loss_fgl_dn_1: 1.1288 (1.1288)  loss_ddf_dn_1: 0.0405 (0.0405)  loss_mal_dn_2: 2.8086 (2.8086)  loss_bbox_dn_2: 0.3694 (0.3694)  loss_giou_dn_2: 0.5813 (0.5813)  loss_fgl_dn_2: 1.1243 (1.1243)  loss_mal_dn_pre: 1.8516 (1.8516)  loss_bbox_dn_pre: 0.5778 (0.5778)  loss_giou_dn_pre: 0.9902 (0.9902)  time: 0.8966  data: 0.7261  max mem: 1050
Epoch: [52]  [7/8]  eta: 0:00:00  lr: 0.000018  loss: 37.7755 (38.9575)  loss_mal: 1.9297 (2.1018)  loss_bbox: 0.6727 (0.7290)  loss_giou: 1.0859 (1.0693)  loss_fgl: 0.8539 (0.8874)  loss_mal_aux_0: 1.5625 (1.6902)  loss_bbox_aux_0: 0.7697 (0.8162)  loss_giou_aux_0: 1.2304 (1.2352)  loss_fgl_aux_0: 0.7425 (0.8424)  loss_ddf_aux_0: 0.0746 (0.0726)  loss_mal_aux_1: 1.6396 (1.8779)  loss_bbox_aux_1: 0.7224 (0.7533)  loss_giou_aux_1: 1.1068 (1.0896)  loss_fgl_aux_1: 0.8322 (0.8835)  loss_ddf_aux_1: 0.0116 (0.0111)  loss_mal_pre: 1.6162 (1.6564)  loss_bbox_pre: 0.7761 (0.8383)  loss_giou_pre: 1.2406 (1.2503)  loss_mal_enc_0: 1.3555 (1.4514)  loss_bbox_enc_0: 0.8729 (0.9772)  loss_giou_enc_0: 1.3598 (1.4485)  loss_mal_dn_0: 1.5908 (1.6123)  loss_bbox_dn_0: 0.5464 (0.6971)  loss_giou_dn_0: 1.0569 (1.0815)  loss_fgl_dn_0: 1.0113 (1.0406)  loss_ddf_dn_0: 0.2096 (0.2182)  loss_mal_dn_1: 2.1250 (2.1329)  loss_bbox_dn_1: 0.4167 (0.5464)  loss_giou_dn_1: 0.8011 (0.8163)  loss_fgl_dn_1: 1.0354 (1.0499)  loss_ddf_dn_1: 0.0365 (0.0354)  loss_mal_dn_2: 2.1953 (2.3345)  loss_bbox_dn_2: 0.3783 (0.5077)  loss_giou_dn_2: 0.7486 (0.7630)  loss_fgl_dn_2: 1.0395 (1.0528)  loss_mal_dn_pre: 1.6025 (1.6123)  loss_bbox_dn_pre: 0.5348 (0.6911)  loss_giou_dn_pre: 1.0585 (1.0836)  time: 0.2392  data: 0.0933  max mem: 1050
Epoch: [52] Total time: 0:00:02 (0.2504 s / it)
Averaged stats: lr: 0.000018  loss: 37.7755 (38.9575)  loss_mal: 1.9297 (2.1018)  loss_bbox: 0.6727 (0.7290)  loss_giou: 1.0859 (1.0693)  loss_fgl: 0.8539 (0.8874)  loss_mal_aux_0: 1.5625 (1.6902)  loss_bbox_aux_0: 0.7697 (0.8162)  loss_giou_aux_0: 1.2304 (1.2352)  loss_fgl_aux_0: 0.7425 (0.8424)  loss_ddf_aux_0: 0.0746 (0.0726)  loss_mal_aux_1: 1.6396 (1.8779)  loss_bbox_aux_1: 0.7224 (0.7533)  loss_giou_aux_1: 1.1068 (1.0896)  loss_fgl_aux_1: 0.8322 (0.8835)  loss_ddf_aux_1: 0.0116 (0.0111)  loss_mal_pre: 1.6162 (1.6564)  loss_bbox_pre: 0.7761 (0.8383)  loss_giou_pre: 1.2406 (1.2503)  loss_mal_enc_0: 1.3555 (1.4514)  loss_bbox_enc_0: 0.8729 (0.9772)  loss_giou_enc_0: 1.3598 (1.4485)  loss_mal_dn_0: 1.5908 (1.6123)  loss_bbox_dn_0: 0.5464 (0.6971)  loss_giou_dn_0: 1.0569 (1.0815)  loss_fgl_dn_0: 1.0113 (1.0406)  loss_ddf_dn_0: 0.2096 (0.2182)  loss_mal_dn_1: 2.1250 (2.1329)  loss_bbox_dn_1: 0.4167 (0.5464)  loss_giou_dn_1: 0.8011 (0.8163)  loss_fgl_dn_1: 1.0354 (1.0499)  loss_ddf_dn_1: 0.0365 (0.0354)  loss_mal_dn_2: 2.1953 (2.3345)  loss_bbox_dn_2: 0.3783 (0.5077)  loss_giou_dn_2: 0.7486 (0.7630)  loss_fgl_dn_2: 1.0395 (1.0528)  loss_mal_dn_pre: 1.6025 (1.6123)  loss_bbox_dn_pre: 0.5348 (0.6911)  loss_giou_dn_pre: 1.0585 (1.0836)
Test:  [0/4]  eta: 0:00:01    time: 0.3631  data: 0.3083  max mem: 1050
Test:  [3/4]  eta: 0:00:00    time: 0.1041  data: 0.0794  max mem: 1050
Test: Total time: 0:00:00 (0.1254 s / it)
Averaged stats: 
Accumulating evaluation results...
COCOeval_opt.accumulate() finished...
DONE (t=0.00s).
IoU metric: bbox
 Average Precision  (AP) @[ IoU=0.50:0.95 | area=   all | maxDets=100 ] = 0.004
 Average Precision  (AP) @[ IoU=0.50      | area=   all | maxDets=100 ] = 0.010
 Average Precision  (AP) @[ IoU=0.75      | area=   all | maxDets=100 ] = 0.003
 Average Precision  (AP) @[ IoU=0.50:0.95 | area= small | maxDets=100 ] = -1.000
 Average Precision  (AP) @[ IoU=0.50:0.95 | area=medium | maxDets=100 ] = -1.000
 Average Precision  (AP) @[ IoU=0.50:0.95 | area= large | maxDets=100 ] = 0.005
 Average Recall     (AR) @[ IoU=0.50:0.95 | area=   all | maxDets=  1 ] = 0.013
 Average Recall     (AR) @[ IoU=0.50:0.95 | area=   all | maxDets= 10 ] = 0.100
 Average Recall     (AR) @[ IoU=0.50:0.95 | area=   all | maxDets=100 ] = 0.227
 Average Recall     (AR) @[ IoU=0.50:0.95 | area= small | maxDets=100 ] = -1.000
 Average Recall     (AR) @[ IoU=0.50:0.95 | area=medium | maxDets=100 ] = -1.000
 Average Recall     (AR) @[ IoU=0.50:0.95 | area= large | maxDets=100 ] = 0.227
 Average Recall     (AR) @[ IoU=0.50      | area=   all | maxDets=100 ] = 0.433
 Average Recall     (AR) @[ IoU=0.75      | area=   all | maxDets=100 ] = 0.200
best_stat: {'epoch': 52, 'coco_eval_bbox': 0.004478944077847145}
Epoch: [53]  [0/8]  eta: 0:00:06  lr: 0.000018  loss: 40.1249 (40.1249)  loss_mal: 2.6777 (2.6777)  loss_bbox: 0.6401 (0.6401)  loss_giou: 1.0510 (1.0510)  loss_fgl: 0.7715 (0.7715)  loss_mal_aux_0: 1.9268 (1.9268)  loss_bbox_aux_0: 0.7126 (0.7126)  loss_giou_aux_0: 1.2976 (1.2976)  loss_fgl_aux_0: 0.7522 (0.7522)  loss_ddf_aux_0: 0.0707 (0.0707)  loss_mal_aux_1: 2.2715 (2.2715)  loss_bbox_aux_1: 0.6645 (0.6645)  loss_giou_aux_1: 1.0829 (1.0829)  loss_fgl_aux_1: 0.7696 (0.7696)  loss_ddf_aux_1: 0.0116 (0.0116)  loss_mal_pre: 1.9043 (1.9043)  loss_bbox_pre: 0.7260 (0.7260)  loss_giou_pre: 1.3066 (1.3066)  loss_mal_enc_0: 1.6553 (1.6553)  loss_bbox_enc_0: 0.8682 (0.8682)  loss_giou_enc_0: 1.5119 (1.5119)  loss_mal_dn_0: 1.7393 (1.7393)  loss_bbox_dn_0: 0.6040 (0.6040)  loss_giou_dn_0: 1.0429 (1.0429)  loss_fgl_dn_0: 1.0357 (1.0357)  loss_ddf_dn_0: 0.2329 (0.2329)  loss_mal_dn_1: 2.5469 (2.5469)  loss_bbox_dn_1: 0.4034 (0.4034)  loss_giou_dn_1: 0.6347 (0.6347)  loss_fgl_dn_1: 0.9892 (0.9892)  loss_ddf_dn_1: 0.0419 (0.0419)  loss_mal_dn_2: 2.9648 (2.9648)  loss_bbox_dn_2: 0.3243 (0.3243)  loss_giou_dn_2: 0.5311 (0.5311)  loss_fgl_dn_2: 0.9812 (0.9812)  loss_mal_dn_pre: 1.7422 (1.7422)  loss_bbox_dn_pre: 0.5951 (0.5951)  loss_giou_dn_pre: 1.0428 (1.0428)  time: 0.8449  data: 0.6379  max mem: 1050
Epoch: [53]  [7/8]  eta: 0:00:00  lr: 0.000019  loss: 39.6933 (39.7980)  loss_mal: 2.4648 (2.6379)  loss_bbox: 0.5955 (0.5648)  loss_giou: 0.8434 (0.7949)  loss_fgl: 1.0182 (1.0185)  loss_mal_aux_0: 1.9316 (2.1547)  loss_bbox_aux_0: 0.6925 (0.6459)  loss_giou_aux_0: 0.9871 (0.9481)  loss_fgl_aux_0: 0.9527 (0.9948)  loss_ddf_aux_0: 0.0707 (0.0814)  loss_mal_aux_1: 2.1523 (2.3210)  loss_bbox_aux_1: 0.6036 (0.5756)  loss_giou_aux_1: 0.8613 (0.8029)  loss_fgl_aux_1: 1.0144 (1.0221)  loss_ddf_aux_1: 0.0128 (0.0124)  loss_mal_pre: 1.9180 (2.1497)  loss_bbox_pre: 0.7067 (0.6586)  loss_giou_pre: 1.0023 (0.9545)  loss_mal_enc_0: 1.7051 (1.8933)  loss_bbox_enc_0: 0.8571 (0.8250)  loss_giou_enc_0: 1.2119 (1.1515)  loss_mal_dn_0: 1.6465 (1.6180)  loss_bbox_dn_0: 0.7528 (0.7746)  loss_giou_dn_0: 1.0706 (1.0883)  loss_fgl_dn_0: 1.0357 (1.0410)  loss_ddf_dn_0: 0.2386 (0.2508)  loss_mal_dn_1: 2.0625 (2.1188)  loss_bbox_dn_1: 0.5843 (0.6068)  loss_giou_dn_1: 0.7948 (0.8182)  loss_fgl_dn_1: 1.0415 (1.0358)  loss_ddf_dn_1: 0.0419 (0.0433)  loss_mal_dn_2: 2.2246 (2.3472)  loss_bbox_dn_2: 0.5848 (0.5671)  loss_giou_dn_2: 0.7395 (0.7646)  loss_fgl_dn_2: 1.0421 (1.0347)  loss_mal_dn_pre: 1.6318 (1.6196)  loss_bbox_dn_pre: 0.7558 (0.7725)  loss_giou_dn_pre: 1.0759 (1.0890)  time: 0.1883  data: 0.0816  max mem: 1050
Epoch: [53] Total time: 0:00:01 (0.1972 s / it)
Averaged stats: lr: 0.000019  loss: 39.6933 (39.7980)  loss_mal: 2.4648 (2.6379)  loss_bbox: 0.5955 (0.5648)  loss_giou: 0.8434 (0.7949)  loss_fgl: 1.0182 (1.0185)  loss_mal_aux_0: 1.9316 (2.1547)  loss_bbox_aux_0: 0.6925 (0.6459)  loss_giou_aux_0: 0.9871 (0.9481)  loss_fgl_aux_0: 0.9527 (0.9948)  loss_ddf_aux_0: 0.0707 (0.0814)  loss_mal_aux_1: 2.1523 (2.3210)  loss_bbox_aux_1: 0.6036 (0.5756)  loss_giou_aux_1: 0.8613 (0.8029)  loss_fgl_aux_1: 1.0144 (1.0221)  loss_ddf_aux_1: 0.0128 (0.0124)  loss_mal_pre: 1.9180 (2.1497)  loss_bbox_pre: 0.7067 (0.6586)  loss_giou_pre: 1.0023 (0.9545)  loss_mal_enc_0: 1.7051 (1.8933)  loss_bbox_enc_0: 0.8571 (0.8250)  loss_giou_enc_0: 1.2119 (1.1515)  loss_mal_dn_0: 1.6465 (1.6180)  loss_bbox_dn_0: 0.7528 (0.7746)  loss_giou_dn_0: 1.0706 (1.0883)  loss_fgl_dn_0: 1.0357 (1.0410)  loss_ddf_dn_0: 0.2386 (0.2508)  loss_mal_dn_1: 2.0625 (2.1188)  loss_bbox_dn_1: 0.5843 (0.6068)  loss_giou_dn_1: 0.7948 (0.8182)  loss_fgl_dn_1: 1.0415 (1.0358)  loss_ddf_dn_1: 0.0419 (0.0433)  loss_mal_dn_2: 2.2246 (2.3472)  loss_bbox_dn_2: 0.5848 (0.5671)  loss_giou_dn_2: 0.7395 (0.7646)  loss_fgl_dn_2: 1.0421 (1.0347)  loss_mal_dn_pre: 1.6318 (1.6196)  loss_bbox_dn_pre: 0.7558 (0.7725)  loss_giou_dn_pre: 1.0759 (1.0890)
Test:  [0/4]  eta: 0:00:01    time: 0.3543  data: 0.3335  max mem: 1050
Test:  [3/4]  eta: 0:00:00    time: 0.1005  data: 0.0854  max mem: 1050
Test: Total time: 0:00:00 (0.1148 s / it)
Averaged stats: 
Accumulating evaluation results...
COCOeval_opt.accumulate() finished...
DONE (t=0.00s).
IoU metric: bbox
 Average Precision  (AP) @[ IoU=0.50:0.95 | area=   all | maxDets=100 ] = 0.010
 Average Precision  (AP) @[ IoU=0.50      | area=   all | maxDets=100 ] = 0.024
 Average Precision  (AP) @[ IoU=0.75      | area=   all | maxDets=100 ] = 0.002
 Average Precision  (AP) @[ IoU=0.50:0.95 | area= small | maxDets=100 ] = -1.000
 Average Precision  (AP) @[ IoU=0.50:0.95 | area=medium | maxDets=100 ] = -1.000
 Average Precision  (AP) @[ IoU=0.50:0.95 | area= large | maxDets=100 ] = 0.011
 Average Recall     (AR) @[ IoU=0.50:0.95 | area=   all | maxDets=  1 ] = 0.023
 Average Recall     (AR) @[ IoU=0.50:0.95 | area=   all | maxDets= 10 ] = 0.137
 Average Recall     (AR) @[ IoU=0.50:0.95 | area=   all | maxDets=100 ] = 0.257
 Average Recall     (AR) @[ IoU=0.50:0.95 | area= small | maxDets=100 ] = -1.000
 Average Recall     (AR) @[ IoU=0.50:0.95 | area=medium | maxDets=100 ] = -1.000
 Average Recall     (AR) @[ IoU=0.50:0.95 | area= large | maxDets=100 ] = 0.257
 Average Recall     (AR) @[ IoU=0.50      | area=   all | maxDets=100 ] = 0.500
 Average Recall     (AR) @[ IoU=0.75      | area=   all | maxDets=100 ] = 0.200
best_stat: {'epoch': 53, 'coco_eval_bbox': 0.009825257894235781}
Epoch: [54]  [0/8]  eta: 0:00:05  lr: 0.000019  loss: 37.2253 (37.2253)  loss_mal: 2.1387 (2.1387)  loss_bbox: 0.5692 (0.5692)  loss_giou: 0.9878 (0.9878)  loss_fgl: 0.9364 (0.9364)  loss_mal_aux_0: 1.7070 (1.7070)  loss_bbox_aux_0: 0.6375 (0.6375)  loss_giou_aux_0: 1.1851 (1.1851)  loss_fgl_aux_0: 0.8751 (0.8751)  loss_ddf_aux_0: 0.0964 (0.0964)  loss_mal_aux_1: 1.8057 (1.8057)  loss_bbox_aux_1: 0.6005 (0.6005)  loss_giou_aux_1: 1.0172 (1.0172)  loss_fgl_aux_1: 0.9357 (0.9357)  loss_ddf_aux_1: 0.0167 (0.0167)  loss_mal_pre: 1.6826 (1.6826)  loss_bbox_pre: 0.6475 (0.6475)  loss_giou_pre: 1.1918 (1.1918)  loss_mal_enc_0: 1.4844 (1.4844)  loss_bbox_enc_0: 0.8079 (0.8079)  loss_giou_enc_0: 1.3890 (1.3890)  loss_mal_dn_0: 1.6201 (1.6201)  loss_bbox_dn_0: 0.5116 (0.5116)  loss_giou_dn_0: 1.0544 (1.0544)  loss_fgl_dn_0: 1.0256 (1.0256)  loss_ddf_dn_0: 0.2837 (0.2837)  loss_mal_dn_1: 2.1406 (2.1406)  loss_bbox_dn_1: 0.3830 (0.3830)  loss_giou_dn_1: 0.7784 (0.7784)  loss_fgl_dn_1: 1.0625 (1.0625)  loss_ddf_dn_1: 0.0483 (0.0483)  loss_mal_dn_2: 2.2773 (2.2773)  loss_bbox_dn_2: 0.3480 (0.3480)  loss_giou_dn_2: 0.7208 (0.7208)  loss_fgl_dn_2: 1.0708 (1.0708)  loss_mal_dn_pre: 1.6289 (1.6289)  loss_bbox_dn_pre: 0.5058 (0.5058)  loss_giou_dn_pre: 1.0530 (1.0530)  time: 0.7125  data: 0.5436  max mem: 1050
Epoch: [54]  [7/8]  eta: 0:00:00  lr: 0.000019  loss: 38.1556 (38.6172)  loss_mal: 2.1387 (2.2418)  loss_bbox: 0.6068 (0.6439)  loss_giou: 0.9981 (0.9927)  loss_fgl: 0.8796 (0.9266)  loss_mal_aux_0: 1.7070 (1.8470)  loss_bbox_aux_0: 0.6619 (0.6935)  loss_giou_aux_0: 1.1347 (1.1564)  loss_fgl_aux_0: 0.8474 (0.8788)  loss_ddf_aux_0: 0.0820 (0.0813)  loss_mal_aux_1: 1.8057 (1.9595)  loss_bbox_aux_1: 0.6210 (0.6621)  loss_giou_aux_1: 1.0172 (1.0154)  loss_fgl_aux_1: 0.8618 (0.9205)  loss_ddf_aux_1: 0.0123 (0.0140)  loss_mal_pre: 1.6826 (1.8248)  loss_bbox_pre: 0.6562 (0.7026)  loss_giou_pre: 1.1435 (1.1679)  loss_mal_enc_0: 1.4844 (1.5732)  loss_bbox_enc_0: 0.8079 (0.8518)  loss_giou_enc_0: 1.3340 (1.3767)  loss_mal_dn_0: 1.6201 (1.6416)  loss_bbox_dn_0: 0.5985 (0.6425)  loss_giou_dn_0: 1.0455 (1.0524)  loss_fgl_dn_0: 1.0489 (1.0548)  loss_ddf_dn_0: 0.2860 (0.2823)  loss_mal_dn_1: 2.0781 (2.1392)  loss_bbox_dn_1: 0.3830 (0.4949)  loss_giou_dn_1: 0.7902 (0.7849)  loss_fgl_dn_1: 1.0406 (1.0539)  loss_ddf_dn_1: 0.0473 (0.0456)  loss_mal_dn_2: 2.1875 (2.2914)  loss_bbox_dn_2: 0.3480 (0.4739)  loss_giou_dn_2: 0.7446 (0.7381)  loss_fgl_dn_2: 1.0379 (1.0526)  loss_mal_dn_pre: 1.6289 (1.6427)  loss_bbox_dn_pre: 0.5892 (0.6410)  loss_giou_dn_pre: 1.0472 (1.0547)  time: 0.2276  data: 0.0766  max mem: 1050
Epoch: [54] Total time: 0:00:01 (0.2361 s / it)
Averaged stats: lr: 0.000019  loss: 38.1556 (38.6172)  loss_mal: 2.1387 (2.2418)  loss_bbox: 0.6068 (0.6439)  loss_giou: 0.9981 (0.9927)  loss_fgl: 0.8796 (0.9266)  loss_mal_aux_0: 1.7070 (1.8470)  loss_bbox_aux_0: 0.6619 (0.6935)  loss_giou_aux_0: 1.1347 (1.1564)  loss_fgl_aux_0: 0.8474 (0.8788)  loss_ddf_aux_0: 0.0820 (0.0813)  loss_mal_aux_1: 1.8057 (1.9595)  loss_bbox_aux_1: 0.6210 (0.6621)  loss_giou_aux_1: 1.0172 (1.0154)  loss_fgl_aux_1: 0.8618 (0.9205)  loss_ddf_aux_1: 0.0123 (0.0140)  loss_mal_pre: 1.6826 (1.8248)  loss_bbox_pre: 0.6562 (0.7026)  loss_giou_pre: 1.1435 (1.1679)  loss_mal_enc_0: 1.4844 (1.5732)  loss_bbox_enc_0: 0.8079 (0.8518)  loss_giou_enc_0: 1.3340 (1.3767)  loss_mal_dn_0: 1.6201 (1.6416)  loss_bbox_dn_0: 0.5985 (0.6425)  loss_giou_dn_0: 1.0455 (1.0524)  loss_fgl_dn_0: 1.0489 (1.0548)  loss_ddf_dn_0: 0.2860 (0.2823)  loss_mal_dn_1: 2.0781 (2.1392)  loss_bbox_dn_1: 0.3830 (0.4949)  loss_giou_dn_1: 0.7902 (0.7849)  loss_fgl_dn_1: 1.0406 (1.0539)  loss_ddf_dn_1: 0.0473 (0.0456)  loss_mal_dn_2: 2.1875 (2.2914)  loss_bbox_dn_2: 0.3480 (0.4739)  loss_giou_dn_2: 0.7446 (0.7381)  loss_fgl_dn_2: 1.0379 (1.0526)  loss_mal_dn_pre: 1.6289 (1.6427)  loss_bbox_dn_pre: 0.5892 (0.6410)  loss_giou_dn_pre: 1.0472 (1.0547)
Test:  [0/4]  eta: 0:00:01    time: 0.3464  data: 0.3245  max mem: 1050
Test:  [3/4]  eta: 0:00:00    time: 0.1008  data: 0.0833  max mem: 1050
Test: Total time: 0:00:00 (0.1199 s / it)
Averaged stats: 
Accumulating evaluation results...
COCOeval_opt.accumulate() finished...
DONE (t=0.00s).
IoU metric: bbox
 Average Precision  (AP) @[ IoU=0.50:0.95 | area=   all | maxDets=100 ] = 0.010
 Average Precision  (AP) @[ IoU=0.50      | area=   all | maxDets=100 ] = 0.025
 Average Precision  (AP) @[ IoU=0.75      | area=   all | maxDets=100 ] = 0.004
 Average Precision  (AP) @[ IoU=0.50:0.95 | area= small | maxDets=100 ] = -1.000
 Average Precision  (AP) @[ IoU=0.50:0.95 | area=medium | maxDets=100 ] = -1.000
 Average Precision  (AP) @[ IoU=0.50:0.95 | area= large | maxDets=100 ] = 0.011
 Average Recall     (AR) @[ IoU=0.50:0.95 | area=   all | maxDets=  1 ] = 0.013
 Average Recall     (AR) @[ IoU=0.50:0.95 | area=   all | maxDets= 10 ] = 0.143
 Average Recall     (AR) @[ IoU=0.50:0.95 | area=   all | maxDets=100 ] = 0.283
 Average Recall     (AR) @[ IoU=0.50:0.95 | area= small | maxDets=100 ] = -1.000
 Average Recall     (AR) @[ IoU=0.50:0.95 | area=medium | maxDets=100 ] = -1.000
 Average Recall     (AR) @[ IoU=0.50:0.95 | area= large | maxDets=100 ] = 0.283
 Average Recall     (AR) @[ IoU=0.50      | area=   all | maxDets=100 ] = 0.567
 Average Recall     (AR) @[ IoU=0.75      | area=   all | maxDets=100 ] = 0.233
best_stat: {'epoch': 54, 'coco_eval_bbox': 0.010128321861845877}
Epoch: [55]  [0/8]  eta: 0:00:06  lr: 0.000019  loss: 37.0256 (37.0256)  loss_mal: 1.4648 (1.4648)  loss_bbox: 0.8452 (0.8452)  loss_giou: 1.4430 (1.4430)  loss_fgl: 0.6986 (0.6986)  loss_mal_aux_0: 1.2480 (1.2480)  loss_bbox_aux_0: 0.8608 (0.8608)  loss_giou_aux_0: 1.5462 (1.5462)  loss_fgl_aux_0: 0.6608 (0.6608)  loss_ddf_aux_0: 0.0799 (0.0799)  loss_mal_aux_1: 1.3770 (1.3770)  loss_bbox_aux_1: 0.8428 (0.8428)  loss_giou_aux_1: 1.4393 (1.4393)  loss_fgl_aux_1: 0.6985 (0.6985)  loss_ddf_aux_1: 0.0135 (0.0135)  loss_mal_pre: 1.2090 (1.2090)  loss_bbox_pre: 0.8879 (0.8879)  loss_giou_pre: 1.5669 (1.5669)  loss_mal_enc_0: 1.0459 (1.0459)  loss_bbox_enc_0: 1.0279 (1.0279)  loss_giou_enc_0: 1.7571 (1.7571)  loss_mal_dn_0: 1.4414 (1.4414)  loss_bbox_dn_0: 0.5999 (0.5999)  loss_giou_dn_0: 1.1853 (1.1853)  loss_fgl_dn_0: 0.9956 (0.9956)  loss_ddf_dn_0: 0.2482 (0.2482)  loss_mal_dn_1: 1.9541 (1.9541)  loss_bbox_dn_1: 0.4248 (0.4248)  loss_giou_dn_1: 0.8895 (0.8895)  loss_fgl_dn_1: 1.0077 (1.0077)  loss_ddf_dn_1: 0.0411 (0.0411)  loss_mal_dn_2: 2.0176 (2.0176)  loss_bbox_dn_2: 0.4076 (0.4076)  loss_giou_dn_2: 0.8736 (0.8736)  loss_fgl_dn_2: 1.0094 (1.0094)  loss_mal_dn_pre: 1.4385 (1.4385)  loss_bbox_dn_pre: 0.5913 (0.5913)  loss_giou_dn_pre: 1.1868 (1.1868)  time: 0.7823  data: 0.6668  max mem: 1050
Epoch: [55]  [7/8]  eta: 0:00:00  lr: 0.000020  loss: 38.8099 (38.7934)  loss_mal: 2.1660 (2.3171)  loss_bbox: 0.5758 (0.6214)  loss_giou: 0.8707 (0.9332)  loss_fgl: 0.9137 (0.9015)  loss_mal_aux_0: 2.0039 (1.9177)  loss_bbox_aux_0: 0.6522 (0.7117)  loss_giou_aux_0: 1.0344 (1.1102)  loss_fgl_aux_0: 0.9304 (0.8792)  loss_ddf_aux_0: 0.0923 (0.0906)  loss_mal_aux_1: 1.9600 (2.0715)  loss_bbox_aux_1: 0.5916 (0.6414)  loss_giou_aux_1: 0.8816 (0.9497)  loss_fgl_aux_1: 0.9200 (0.9039)  loss_ddf_aux_1: 0.0149 (0.0155)  loss_mal_pre: 1.9287 (1.9087)  loss_bbox_pre: 0.6606 (0.7269)  loss_giou_pre: 1.0513 (1.1210)  loss_mal_enc_0: 1.6797 (1.6614)  loss_bbox_enc_0: 0.8463 (0.8865)  loss_giou_enc_0: 1.2791 (1.3510)  loss_mal_dn_0: 1.6543 (1.6732)  loss_bbox_dn_0: 0.5999 (0.6464)  loss_giou_dn_0: 1.0566 (1.0497)  loss_fgl_dn_0: 1.0352 (1.0498)  loss_ddf_dn_0: 0.2465 (0.2733)  loss_mal_dn_1: 2.2461 (2.1754)  loss_bbox_dn_1: 0.4248 (0.4789)  loss_giou_dn_1: 0.7118 (0.7661)  loss_fgl_dn_1: 1.0293 (1.0410)  loss_ddf_dn_1: 0.0411 (0.0461)  loss_mal_dn_2: 2.2949 (2.3011)  loss_bbox_dn_2: 0.4076 (0.4464)  loss_giou_dn_2: 0.6399 (0.7227)  loss_fgl_dn_2: 1.0240 (1.0361)  loss_mal_dn_pre: 1.6270 (1.6681)  loss_bbox_dn_pre: 0.5913 (0.6442)  loss_giou_dn_pre: 1.0684 (1.0548)  time: 0.1992  data: 0.0853  max mem: 1050
Epoch: [55] Total time: 0:00:01 (0.2092 s / it)
Averaged stats: lr: 0.000020  loss: 38.8099 (38.7934)  loss_mal: 2.1660 (2.3171)  loss_bbox: 0.5758 (0.6214)  loss_giou: 0.8707 (0.9332)  loss_fgl: 0.9137 (0.9015)  loss_mal_aux_0: 2.0039 (1.9177)  loss_bbox_aux_0: 0.6522 (0.7117)  loss_giou_aux_0: 1.0344 (1.1102)  loss_fgl_aux_0: 0.9304 (0.8792)  loss_ddf_aux_0: 0.0923 (0.0906)  loss_mal_aux_1: 1.9600 (2.0715)  loss_bbox_aux_1: 0.5916 (0.6414)  loss_giou_aux_1: 0.8816 (0.9497)  loss_fgl_aux_1: 0.9200 (0.9039)  loss_ddf_aux_1: 0.0149 (0.0155)  loss_mal_pre: 1.9287 (1.9087)  loss_bbox_pre: 0.6606 (0.7269)  loss_giou_pre: 1.0513 (1.1210)  loss_mal_enc_0: 1.6797 (1.6614)  loss_bbox_enc_0: 0.8463 (0.8865)  loss_giou_enc_0: 1.2791 (1.3510)  loss_mal_dn_0: 1.6543 (1.6732)  loss_bbox_dn_0: 0.5999 (0.6464)  loss_giou_dn_0: 1.0566 (1.0497)  loss_fgl_dn_0: 1.0352 (1.0498)  loss_ddf_dn_0: 0.2465 (0.2733)  loss_mal_dn_1: 2.2461 (2.1754)  loss_bbox_dn_1: 0.4248 (0.4789)  loss_giou_dn_1: 0.7118 (0.7661)  loss_fgl_dn_1: 1.0293 (1.0410)  loss_ddf_dn_1: 0.0411 (0.0461)  loss_mal_dn_2: 2.2949 (2.3011)  loss_bbox_dn_2: 0.4076 (0.4464)  loss_giou_dn_2: 0.6399 (0.7227)  loss_fgl_dn_2: 1.0240 (1.0361)  loss_mal_dn_pre: 1.6270 (1.6681)  loss_bbox_dn_pre: 0.5913 (0.6442)  loss_giou_dn_pre: 1.0684 (1.0548)
Test:  [0/4]  eta: 0:00:01    time: 0.3657  data: 0.3426  max mem: 1050
Test:  [3/4]  eta: 0:00:00    time: 0.1087  data: 0.0877  max mem: 1050
Test: Total time: 0:00:00 (0.1222 s / it)
Averaged stats: 
Accumulating evaluation results...
COCOeval_opt.accumulate() finished...
DONE (t=0.00s).
IoU metric: bbox
 Average Precision  (AP) @[ IoU=0.50:0.95 | area=   all | maxDets=100 ] = 0.007
 Average Precision  (AP) @[ IoU=0.50      | area=   all | maxDets=100 ] = 0.017
 Average Precision  (AP) @[ IoU=0.75      | area=   all | maxDets=100 ] = 0.005
 Average Precision  (AP) @[ IoU=0.50:0.95 | area= small | maxDets=100 ] = -1.000
 Average Precision  (AP) @[ IoU=0.50:0.95 | area=medium | maxDets=100 ] = -1.000
 Average Precision  (AP) @[ IoU=0.50:0.95 | area= large | maxDets=100 ] = 0.008
 Average Recall     (AR) @[ IoU=0.50:0.95 | area=   all | maxDets=  1 ] = 0.013
 Average Recall     (AR) @[ IoU=0.50:0.95 | area=   all | maxDets= 10 ] = 0.157
 Average Recall     (AR) @[ IoU=0.50:0.95 | area=   all | maxDets=100 ] = 0.297
 Average Recall     (AR) @[ IoU=0.50:0.95 | area= small | maxDets=100 ] = -1.000
 Average Recall     (AR) @[ IoU=0.50:0.95 | area=medium | maxDets=100 ] = -1.000
 Average Recall     (AR) @[ IoU=0.50:0.95 | area= large | maxDets=100 ] = 0.297
 Average Recall     (AR) @[ IoU=0.50      | area=   all | maxDets=100 ] = 0.500
 Average Recall     (AR) @[ IoU=0.75      | area=   all | maxDets=100 ] = 0.233
best_stat: {'epoch': 54, 'coco_eval_bbox': 0.010128321861845877}
Epoch: [56]  [0/8]  eta: 0:00:05  lr: 0.000020  loss: 40.3735 (40.3735)  loss_mal: 2.2461 (2.2461)  loss_bbox: 0.7664 (0.7664)  loss_giou: 0.9151 (0.9151)  loss_fgl: 1.0841 (1.0841)  loss_mal_aux_0: 2.0254 (2.0254)  loss_bbox_aux_0: 0.8191 (0.8191)  loss_giou_aux_0: 1.0026 (1.0026)  loss_fgl_aux_0: 1.0221 (1.0221)  loss_ddf_aux_0: 0.1009 (0.1009)  loss_mal_aux_1: 1.9980 (1.9980)  loss_bbox_aux_1: 0.7490 (0.7490)  loss_giou_aux_1: 0.9069 (0.9069)  loss_fgl_aux_1: 1.0630 (1.0630)  loss_ddf_aux_1: 0.0174 (0.0174)  loss_mal_pre: 2.0781 (2.0781)  loss_bbox_pre: 0.8304 (0.8304)  loss_giou_pre: 0.9928 (0.9928)  loss_mal_enc_0: 1.8096 (1.8096)  loss_bbox_enc_0: 1.0542 (1.0542)  loss_giou_enc_0: 1.1758 (1.1758)  loss_mal_dn_0: 1.4395 (1.4395)  loss_bbox_dn_0: 0.9207 (0.9207)  loss_giou_dn_0: 1.1909 (1.1909)  loss_fgl_dn_0: 1.0028 (1.0028)  loss_ddf_dn_0: 0.2986 (0.2986)  loss_mal_dn_1: 1.8057 (1.8057)  loss_bbox_dn_1: 0.7633 (0.7633)  loss_giou_dn_1: 0.9779 (0.9779)  loss_fgl_dn_1: 1.0486 (1.0486)  loss_ddf_dn_1: 0.0538 (0.0538)  loss_mal_dn_2: 1.8711 (1.8711)  loss_bbox_dn_2: 0.7780 (0.7780)  loss_giou_dn_2: 0.9701 (0.9701)  loss_fgl_dn_2: 1.0454 (1.0454)  loss_mal_dn_pre: 1.4375 (1.4375)  loss_bbox_dn_pre: 0.9192 (0.9192)  loss_giou_dn_pre: 1.1936 (1.1936)  time: 0.6445  data: 0.4959  max mem: 1050
Epoch: [56]  [7/8]  eta: 0:00:00  lr: 0.000021  loss: 39.7653 (39.3390)  loss_mal: 2.2461 (2.4142)  loss_bbox: 0.6786 (0.6221)  loss_giou: 0.8647 (0.8615)  loss_fgl: 1.0111 (1.0110)  loss_mal_aux_0: 1.8564 (1.9927)  loss_bbox_aux_0: 0.7572 (0.7294)  loss_giou_aux_0: 1.0026 (1.0337)  loss_fgl_aux_0: 0.9810 (0.9810)  loss_ddf_aux_0: 0.0818 (0.0952)  loss_mal_aux_1: 2.0703 (2.1287)  loss_bbox_aux_1: 0.6681 (0.6368)  loss_giou_aux_1: 0.8651 (0.8818)  loss_fgl_aux_1: 1.0254 (1.0123)  loss_ddf_aux_1: 0.0174 (0.0195)  loss_mal_pre: 1.8711 (2.0006)  loss_bbox_pre: 0.7791 (0.7442)  loss_giou_pre: 0.9928 (1.0412)  loss_mal_enc_0: 1.5244 (1.6632)  loss_bbox_enc_0: 0.8930 (0.9146)  loss_giou_enc_0: 1.2619 (1.3000)  loss_mal_dn_0: 1.5713 (1.6250)  loss_bbox_dn_0: 0.6953 (0.7376)  loss_giou_dn_0: 1.0442 (1.0673)  loss_fgl_dn_0: 1.0343 (1.0398)  loss_ddf_dn_0: 0.2565 (0.2612)  loss_mal_dn_1: 1.9697 (2.0508)  loss_bbox_dn_1: 0.5256 (0.5843)  loss_giou_dn_1: 0.8243 (0.8180)  loss_fgl_dn_1: 1.0486 (1.0469)  loss_ddf_dn_1: 0.0462 (0.0444)  loss_mal_dn_2: 2.0684 (2.1726)  loss_bbox_dn_2: 0.4935 (0.5548)  loss_giou_dn_2: 0.7708 (0.7710)  loss_fgl_dn_2: 1.0454 (1.0476)  loss_mal_dn_pre: 1.5654 (1.6216)  loss_bbox_dn_pre: 0.7039 (0.7401)  loss_giou_dn_pre: 1.0534 (1.0724)  time: 0.1933  data: 0.0908  max mem: 1050
Epoch: [56] Total time: 0:00:01 (0.2007 s / it)
Averaged stats: lr: 0.000021  loss: 39.7653 (39.3390)  loss_mal: 2.2461 (2.4142)  loss_bbox: 0.6786 (0.6221)  loss_giou: 0.8647 (0.8615)  loss_fgl: 1.0111 (1.0110)  loss_mal_aux_0: 1.8564 (1.9927)  loss_bbox_aux_0: 0.7572 (0.7294)  loss_giou_aux_0: 1.0026 (1.0337)  loss_fgl_aux_0: 0.9810 (0.9810)  loss_ddf_aux_0: 0.0818 (0.0952)  loss_mal_aux_1: 2.0703 (2.1287)  loss_bbox_aux_1: 0.6681 (0.6368)  loss_giou_aux_1: 0.8651 (0.8818)  loss_fgl_aux_1: 1.0254 (1.0123)  loss_ddf_aux_1: 0.0174 (0.0195)  loss_mal_pre: 1.8711 (2.0006)  loss_bbox_pre: 0.7791 (0.7442)  loss_giou_pre: 0.9928 (1.0412)  loss_mal_enc_0: 1.5244 (1.6632)  loss_bbox_enc_0: 0.8930 (0.9146)  loss_giou_enc_0: 1.2619 (1.3000)  loss_mal_dn_0: 1.5713 (1.6250)  loss_bbox_dn_0: 0.6953 (0.7376)  loss_giou_dn_0: 1.0442 (1.0673)  loss_fgl_dn_0: 1.0343 (1.0398)  loss_ddf_dn_0: 0.2565 (0.2612)  loss_mal_dn_1: 1.9697 (2.0508)  loss_bbox_dn_1: 0.5256 (0.5843)  loss_giou_dn_1: 0.8243 (0.8180)  loss_fgl_dn_1: 1.0486 (1.0469)  loss_ddf_dn_1: 0.0462 (0.0444)  loss_mal_dn_2: 2.0684 (2.1726)  loss_bbox_dn_2: 0.4935 (0.5548)  loss_giou_dn_2: 0.7708 (0.7710)  loss_fgl_dn_2: 1.0454 (1.0476)  loss_mal_dn_pre: 1.5654 (1.6216)  loss_bbox_dn_pre: 0.7039 (0.7401)  loss_giou_dn_pre: 1.0534 (1.0724)
Test:  [0/4]  eta: 0:00:01    time: 0.3651  data: 0.3374  max mem: 1050
Test:  [3/4]  eta: 0:00:00    time: 0.1039  data: 0.0864  max mem: 1050
Test: Total time: 0:00:00 (0.1218 s / it)
Averaged stats: 
Accumulating evaluation results...
COCOeval_opt.accumulate() finished...
DONE (t=0.00s).
IoU metric: bbox
 Average Precision  (AP) @[ IoU=0.50:0.95 | area=   all | maxDets=100 ] = 0.009
 Average Precision  (AP) @[ IoU=0.50      | area=   all | maxDets=100 ] = 0.019
 Average Precision  (AP) @[ IoU=0.75      | area=   all | maxDets=100 ] = 0.005
 Average Precision  (AP) @[ IoU=0.50:0.95 | area= small | maxDets=100 ] = -1.000
 Average Precision  (AP) @[ IoU=0.50:0.95 | area=medium | maxDets=100 ] = -1.000
 Average Precision  (AP) @[ IoU=0.50:0.95 | area= large | maxDets=100 ] = 0.009
 Average Recall     (AR) @[ IoU=0.50:0.95 | area=   all | maxDets=  1 ] = 0.020
 Average Recall     (AR) @[ IoU=0.50:0.95 | area=   all | maxDets= 10 ] = 0.207
 Average Recall     (AR) @[ IoU=0.50:0.95 | area=   all | maxDets=100 ] = 0.320
 Average Recall     (AR) @[ IoU=0.50:0.95 | area= small | maxDets=100 ] = -1.000
 Average Recall     (AR) @[ IoU=0.50:0.95 | area=medium | maxDets=100 ] = -1.000
 Average Recall     (AR) @[ IoU=0.50:0.95 | area= large | maxDets=100 ] = 0.320
 Average Recall     (AR) @[ IoU=0.50      | area=   all | maxDets=100 ] = 0.600
 Average Recall     (AR) @[ IoU=0.75      | area=   all | maxDets=100 ] = 0.267
best_stat: {'epoch': 54, 'coco_eval_bbox': 0.010128321861845877}
Epoch: [57]  [0/8]  eta: 0:00:06  lr: 0.000021  loss: 39.5136 (39.5136)  loss_mal: 1.5947 (1.5947)  loss_bbox: 0.9321 (0.9321)  loss_giou: 1.1969 (1.1969)  loss_fgl: 0.8224 (0.8224)  loss_mal_aux_0: 1.5078 (1.5078)  loss_bbox_aux_0: 1.1330 (1.1330)  loss_giou_aux_0: 1.3442 (1.3442)  loss_fgl_aux_0: 0.8244 (0.8244)  loss_ddf_aux_0: 0.1007 (0.1007)  loss_mal_aux_1: 1.3877 (1.3877)  loss_bbox_aux_1: 1.0278 (1.0278)  loss_giou_aux_1: 1.2286 (1.2286)  loss_fgl_aux_1: 0.8247 (0.8247)  loss_ddf_aux_1: 0.0222 (0.0222)  loss_mal_pre: 1.4883 (1.4883)  loss_bbox_pre: 1.1369 (1.1369)  loss_giou_pre: 1.3622 (1.3622)  loss_mal_enc_0: 1.0225 (1.0225)  loss_bbox_enc_0: 1.2629 (1.2629)  loss_giou_enc_0: 1.7000 (1.7000)  loss_mal_dn_0: 1.6416 (1.6416)  loss_bbox_dn_0: 0.8087 (0.8087)  loss_giou_dn_0: 1.0286 (1.0286)  loss_fgl_dn_0: 1.0744 (1.0744)  loss_ddf_dn_0: 0.2524 (0.2524)  loss_mal_dn_1: 2.0938 (2.0938)  loss_bbox_dn_1: 0.6805 (0.6805)  loss_giou_dn_1: 0.7638 (0.7638)  loss_fgl_dn_1: 1.0631 (1.0631)  loss_ddf_dn_1: 0.0357 (0.0357)  loss_mal_dn_2: 2.2305 (2.2305)  loss_bbox_dn_2: 0.6573 (0.6573)  loss_giou_dn_2: 0.7113 (0.7113)  loss_fgl_dn_2: 1.0584 (1.0584)  loss_mal_dn_pre: 1.6504 (1.6504)  loss_bbox_dn_pre: 0.8160 (0.8160)  loss_giou_dn_pre: 1.0273 (1.0273)  time: 0.8055  data: 0.6754  max mem: 1050
Epoch: [57]  [7/8]  eta: 0:00:00  lr: 0.000021  loss: 37.9512 (38.1452)  loss_mal: 1.9346 (2.1288)  loss_bbox: 0.6084 (0.6221)  loss_giou: 1.0247 (0.9695)  loss_fgl: 0.9003 (0.9126)  loss_mal_aux_0: 1.7168 (1.8331)  loss_bbox_aux_0: 0.7095 (0.7184)  loss_giou_aux_0: 1.1864 (1.1386)  loss_fgl_aux_0: 0.8547 (0.8983)  loss_ddf_aux_0: 0.1007 (0.1043)  loss_mal_aux_1: 1.8047 (1.8866)  loss_bbox_aux_1: 0.6594 (0.6605)  loss_giou_aux_1: 1.0493 (0.9935)  loss_fgl_aux_1: 0.9044 (0.9116)  loss_ddf_aux_1: 0.0208 (0.0223)  loss_mal_pre: 1.7393 (1.8278)  loss_bbox_pre: 0.7244 (0.7347)  loss_giou_pre: 1.1994 (1.1523)  loss_mal_enc_0: 1.5479 (1.5472)  loss_bbox_enc_0: 0.8764 (0.8782)  loss_giou_enc_0: 1.3923 (1.4095)  loss_mal_dn_0: 1.5859 (1.6515)  loss_bbox_dn_0: 0.5506 (0.6093)  loss_giou_dn_0: 1.0286 (1.0411)  loss_fgl_dn_0: 1.0379 (1.0514)  loss_ddf_dn_0: 0.2906 (0.3129)  loss_mal_dn_1: 2.0527 (2.0741)  loss_bbox_dn_1: 0.4522 (0.4742)  loss_giou_dn_1: 0.7638 (0.7872)  loss_fgl_dn_1: 1.0381 (1.0374)  loss_ddf_dn_1: 0.0424 (0.0473)  loss_mal_dn_2: 2.1035 (2.1725)  loss_bbox_dn_2: 0.4320 (0.4524)  loss_giou_dn_2: 0.7113 (0.7403)  loss_fgl_dn_2: 1.0425 (1.0347)  loss_mal_dn_pre: 1.5840 (1.6549)  loss_bbox_dn_pre: 0.5550 (0.6110)  loss_giou_dn_pre: 1.0273 (1.0431)  time: 0.1872  data: 0.0861  max mem: 1050
Epoch: [57] Total time: 0:00:01 (0.1976 s / it)
Averaged stats: lr: 0.000021  loss: 37.9512 (38.1452)  loss_mal: 1.9346 (2.1288)  loss_bbox: 0.6084 (0.6221)  loss_giou: 1.0247 (0.9695)  loss_fgl: 0.9003 (0.9126)  loss_mal_aux_0: 1.7168 (1.8331)  loss_bbox_aux_0: 0.7095 (0.7184)  loss_giou_aux_0: 1.1864 (1.1386)  loss_fgl_aux_0: 0.8547 (0.8983)  loss_ddf_aux_0: 0.1007 (0.1043)  loss_mal_aux_1: 1.8047 (1.8866)  loss_bbox_aux_1: 0.6594 (0.6605)  loss_giou_aux_1: 1.0493 (0.9935)  loss_fgl_aux_1: 0.9044 (0.9116)  loss_ddf_aux_1: 0.0208 (0.0223)  loss_mal_pre: 1.7393 (1.8278)  loss_bbox_pre: 0.7244 (0.7347)  loss_giou_pre: 1.1994 (1.1523)  loss_mal_enc_0: 1.5479 (1.5472)  loss_bbox_enc_0: 0.8764 (0.8782)  loss_giou_enc_0: 1.3923 (1.4095)  loss_mal_dn_0: 1.5859 (1.6515)  loss_bbox_dn_0: 0.5506 (0.6093)  loss_giou_dn_0: 1.0286 (1.0411)  loss_fgl_dn_0: 1.0379 (1.0514)  loss_ddf_dn_0: 0.2906 (0.3129)  loss_mal_dn_1: 2.0527 (2.0741)  loss_bbox_dn_1: 0.4522 (0.4742)  loss_giou_dn_1: 0.7638 (0.7872)  loss_fgl_dn_1: 1.0381 (1.0374)  loss_ddf_dn_1: 0.0424 (0.0473)  loss_mal_dn_2: 2.1035 (2.1725)  loss_bbox_dn_2: 0.4320 (0.4524)  loss_giou_dn_2: 0.7113 (0.7403)  loss_fgl_dn_2: 1.0425 (1.0347)  loss_mal_dn_pre: 1.5840 (1.6549)  loss_bbox_dn_pre: 0.5550 (0.6110)  loss_giou_dn_pre: 1.0273 (1.0431)
Test:  [0/4]  eta: 0:00:01    time: 0.4138  data: 0.3745  max mem: 1050
Test:  [3/4]  eta: 0:00:00    time: 0.1199  data: 0.0957  max mem: 1050
Test: Total time: 0:00:00 (0.1373 s / it)
Averaged stats: 
Accumulating evaluation results...
COCOeval_opt.accumulate() finished...
DONE (t=0.00s).
IoU metric: bbox
 Average Precision  (AP) @[ IoU=0.50:0.95 | area=   all | maxDets=100 ] = 0.021
 Average Precision  (AP) @[ IoU=0.50      | area=   all | maxDets=100 ] = 0.044
 Average Precision  (AP) @[ IoU=0.75      | area=   all | maxDets=100 ] = 0.015
 Average Precision  (AP) @[ IoU=0.50:0.95 | area= small | maxDets=100 ] = -1.000
 Average Precision  (AP) @[ IoU=0.50:0.95 | area=medium | maxDets=100 ] = -1.000
 Average Precision  (AP) @[ IoU=0.50:0.95 | area= large | maxDets=100 ] = 0.022
 Average Recall     (AR) @[ IoU=0.50:0.95 | area=   all | maxDets=  1 ] = 0.057
 Average Recall     (AR) @[ IoU=0.50:0.95 | area=   all | maxDets= 10 ] = 0.260
 Average Recall     (AR) @[ IoU=0.50:0.95 | area=   all | maxDets=100 ] = 0.357
 Average Recall     (AR) @[ IoU=0.50:0.95 | area= small | maxDets=100 ] = -1.000
 Average Recall     (AR) @[ IoU=0.50:0.95 | area=medium | maxDets=100 ] = -1.000
 Average Recall     (AR) @[ IoU=0.50:0.95 | area= large | maxDets=100 ] = 0.357
 Average Recall     (AR) @[ IoU=0.50      | area=   all | maxDets=100 ] = 0.633
 Average Recall     (AR) @[ IoU=0.75      | area=   all | maxDets=100 ] = 0.267
best_stat: {'epoch': 57, 'coco_eval_bbox': 0.021453328138128395}
Epoch: [58]  [0/8]  eta: 0:00:07  lr: 0.000022  loss: 37.3882 (37.3882)  loss_mal: 2.5977 (2.5977)  loss_bbox: 0.3835 (0.3835)  loss_giou: 0.7451 (0.7451)  loss_fgl: 0.9479 (0.9479)  loss_mal_aux_0: 2.2891 (2.2891)  loss_bbox_aux_0: 0.4392 (0.4392)  loss_giou_aux_0: 0.8796 (0.8796)  loss_fgl_aux_0: 0.9757 (0.9757)  loss_ddf_aux_0: 0.0814 (0.0814)  loss_mal_aux_1: 2.2051 (2.2051)  loss_bbox_aux_1: 0.4047 (0.4047)  loss_giou_aux_1: 0.7607 (0.7607)  loss_fgl_aux_1: 0.9624 (0.9624)  loss_ddf_aux_1: 0.0121 (0.0121)  loss_mal_pre: 2.2773 (2.2773)  loss_bbox_pre: 0.4413 (0.4413)  loss_giou_pre: 0.8903 (0.8903)  loss_mal_enc_0: 1.9854 (1.9854)  loss_bbox_enc_0: 0.5500 (0.5500)  loss_giou_enc_0: 1.0970 (1.0970)  loss_mal_dn_0: 1.8516 (1.8516)  loss_bbox_dn_0: 0.4662 (0.4662)  loss_giou_dn_0: 0.9361 (0.9361)  loss_fgl_dn_0: 1.0796 (1.0796)  loss_ddf_dn_0: 0.2491 (0.2491)  loss_mal_dn_1: 2.2070 (2.2070)  loss_bbox_dn_1: 0.3441 (0.3441)  loss_giou_dn_1: 0.6853 (0.6853)  loss_fgl_dn_1: 1.0616 (1.0616)  loss_ddf_dn_1: 0.0347 (0.0347)  loss_mal_dn_2: 2.2383 (2.2383)  loss_bbox_dn_2: 0.3270 (0.3270)  loss_giou_dn_2: 0.6564 (0.6564)  loss_fgl_dn_2: 1.0558 (1.0558)  loss_mal_dn_pre: 1.8818 (1.8818)  loss_bbox_dn_pre: 0.4611 (0.4611)  loss_giou_dn_pre: 0.9271 (0.9271)  time: 0.8774  data: 0.7263  max mem: 1050
Epoch: [58]  [7/8]  eta: 0:00:00  lr: 0.000022  loss: 38.4629 (38.6645)  loss_mal: 2.4316 (2.4543)  loss_bbox: 0.3835 (0.5149)  loss_giou: 0.7190 (0.7921)  loss_fgl: 0.9814 (0.9779)  loss_mal_aux_0: 2.1719 (2.1577)  loss_bbox_aux_0: 0.5366 (0.6378)  loss_giou_aux_0: 0.8796 (0.9842)  loss_fgl_aux_0: 0.9663 (0.9462)  loss_ddf_aux_0: 0.0970 (0.1076)  loss_mal_aux_1: 2.1172 (2.1958)  loss_bbox_aux_1: 0.4254 (0.5452)  loss_giou_aux_1: 0.7607 (0.8278)  loss_fgl_aux_1: 0.9957 (0.9780)  loss_ddf_aux_1: 0.0180 (0.0208)  loss_mal_pre: 2.1777 (2.1733)  loss_bbox_pre: 0.5467 (0.6517)  loss_giou_pre: 0.8903 (0.9914)  loss_mal_enc_0: 1.9668 (1.8563)  loss_bbox_enc_0: 0.7199 (0.8037)  loss_giou_enc_0: 1.1759 (1.2387)  loss_mal_dn_0: 1.6572 (1.6942)  loss_bbox_dn_0: 0.5073 (0.6251)  loss_giou_dn_0: 0.9668 (1.0233)  loss_fgl_dn_0: 1.0257 (1.0468)  loss_ddf_dn_0: 0.2544 (0.2741)  loss_mal_dn_1: 2.1484 (2.1390)  loss_bbox_dn_1: 0.3553 (0.4435)  loss_giou_dn_1: 0.6817 (0.7257)  loss_fgl_dn_1: 1.0503 (1.0544)  loss_ddf_dn_1: 0.0504 (0.0479)  loss_mal_dn_2: 2.2383 (2.2694)  loss_bbox_dn_2: 0.3270 (0.4050)  loss_giou_dn_2: 0.6110 (0.6624)  loss_fgl_dn_2: 1.0412 (1.0488)  loss_mal_dn_pre: 1.6504 (1.6973)  loss_bbox_dn_pre: 0.4982 (0.6259)  loss_giou_dn_pre: 0.9637 (1.0260)  time: 0.2212  data: 0.1176  max mem: 1050
Epoch: [58] Total time: 0:00:01 (0.2320 s / it)
Averaged stats: lr: 0.000022  loss: 38.4629 (38.6645)  loss_mal: 2.4316 (2.4543)  loss_bbox: 0.3835 (0.5149)  loss_giou: 0.7190 (0.7921)  loss_fgl: 0.9814 (0.9779)  loss_mal_aux_0: 2.1719 (2.1577)  loss_bbox_aux_0: 0.5366 (0.6378)  loss_giou_aux_0: 0.8796 (0.9842)  loss_fgl_aux_0: 0.9663 (0.9462)  loss_ddf_aux_0: 0.0970 (0.1076)  loss_mal_aux_1: 2.1172 (2.1958)  loss_bbox_aux_1: 0.4254 (0.5452)  loss_giou_aux_1: 0.7607 (0.8278)  loss_fgl_aux_1: 0.9957 (0.9780)  loss_ddf_aux_1: 0.0180 (0.0208)  loss_mal_pre: 2.1777 (2.1733)  loss_bbox_pre: 0.5467 (0.6517)  loss_giou_pre: 0.8903 (0.9914)  loss_mal_enc_0: 1.9668 (1.8563)  loss_bbox_enc_0: 0.7199 (0.8037)  loss_giou_enc_0: 1.1759 (1.2387)  loss_mal_dn_0: 1.6572 (1.6942)  loss_bbox_dn_0: 0.5073 (0.6251)  loss_giou_dn_0: 0.9668 (1.0233)  loss_fgl_dn_0: 1.0257 (1.0468)  loss_ddf_dn_0: 0.2544 (0.2741)  loss_mal_dn_1: 2.1484 (2.1390)  loss_bbox_dn_1: 0.3553 (0.4435)  loss_giou_dn_1: 0.6817 (0.7257)  loss_fgl_dn_1: 1.0503 (1.0544)  loss_ddf_dn_1: 0.0504 (0.0479)  loss_mal_dn_2: 2.2383 (2.2694)  loss_bbox_dn_2: 0.3270 (0.4050)  loss_giou_dn_2: 0.6110 (0.6624)  loss_fgl_dn_2: 1.0412 (1.0488)  loss_mal_dn_pre: 1.6504 (1.6973)  loss_bbox_dn_pre: 0.4982 (0.6259)  loss_giou_dn_pre: 0.9637 (1.0260)
Test:  [0/4]  eta: 0:00:01    time: 0.3401  data: 0.3196  max mem: 1050
Test:  [3/4]  eta: 0:00:00    time: 0.0989  data: 0.0819  max mem: 1050
Test: Total time: 0:00:00 (0.1219 s / it)
Averaged stats: 
Accumulating evaluation results...
COCOeval_opt.accumulate() finished...
DONE (t=0.00s).
IoU metric: bbox
 Average Precision  (AP) @[ IoU=0.50:0.95 | area=   all | maxDets=100 ] = 0.016
 Average Precision  (AP) @[ IoU=0.50      | area=   all | maxDets=100 ] = 0.035
 Average Precision  (AP) @[ IoU=0.75      | area=   all | maxDets=100 ] = 0.011
 Average Precision  (AP) @[ IoU=0.50:0.95 | area= small | maxDets=100 ] = -1.000
 Average Precision  (AP) @[ IoU=0.50:0.95 | area=medium | maxDets=100 ] = -1.000
 Average Precision  (AP) @[ IoU=0.50:0.95 | area= large | maxDets=100 ] = 0.016
 Average Recall     (AR) @[ IoU=0.50:0.95 | area=   all | maxDets=  1 ] = 0.050
 Average Recall     (AR) @[ IoU=0.50:0.95 | area=   all | maxDets= 10 ] = 0.253
 Average Recall     (AR) @[ IoU=0.50:0.95 | area=   all | maxDets=100 ] = 0.383
 Average Recall     (AR) @[ IoU=0.50:0.95 | area= small | maxDets=100 ] = -1.000
 Average Recall     (AR) @[ IoU=0.50:0.95 | area=medium | maxDets=100 ] = -1.000
 Average Recall     (AR) @[ IoU=0.50:0.95 | area= large | maxDets=100 ] = 0.383
 Average Recall     (AR) @[ IoU=0.50      | area=   all | maxDets=100 ] = 0.667
 Average Recall     (AR) @[ IoU=0.75      | area=   all | maxDets=100 ] = 0.367
best_stat: {'epoch': 57, 'coco_eval_bbox': 0.021453328138128395}
Epoch: [59]  [0/8]  eta: 0:00:05  lr: 0.000022  loss: 40.3783 (40.3783)  loss_mal: 3.1738 (3.1738)  loss_bbox: 0.2896 (0.2896)  loss_giou: 0.4000 (0.4000)  loss_fgl: 1.1032 (1.1032)  loss_mal_aux_0: 2.8105 (2.8105)  loss_bbox_aux_0: 0.4557 (0.4557)  loss_giou_aux_0: 0.6488 (0.6488)  loss_fgl_aux_0: 1.1543 (1.1543)  loss_ddf_aux_0: 0.1675 (0.1675)  loss_mal_aux_1: 3.0801 (3.0801)  loss_bbox_aux_1: 0.2872 (0.2872)  loss_giou_aux_1: 0.4078 (0.4078)  loss_fgl_aux_1: 1.1378 (1.1378)  loss_ddf_aux_1: 0.0346 (0.0346)  loss_mal_pre: 2.8301 (2.8301)  loss_bbox_pre: 0.4597 (0.4597)  loss_giou_pre: 0.6357 (0.6357)  loss_mal_enc_0: 2.1758 (2.1758)  loss_bbox_enc_0: 0.6829 (0.6829)  loss_giou_enc_0: 1.0365 (1.0365)  loss_mal_dn_0: 1.8535 (1.8535)  loss_bbox_dn_0: 0.6215 (0.6215)  loss_giou_dn_0: 0.9538 (0.9538)  loss_fgl_dn_0: 1.1041 (1.1041)  loss_ddf_dn_0: 0.3270 (0.3270)  loss_mal_dn_1: 2.5410 (2.5410)  loss_bbox_dn_1: 0.3616 (0.3616)  loss_giou_dn_1: 0.5505 (0.5505)  loss_fgl_dn_1: 1.0700 (1.0700)  loss_ddf_dn_1: 0.0551 (0.0551)  loss_mal_dn_2: 2.6914 (2.6914)  loss_bbox_dn_2: 0.3113 (0.3113)  loss_giou_dn_2: 0.4746 (0.4746)  loss_fgl_dn_2: 1.0534 (1.0534)  loss_mal_dn_pre: 1.8496 (1.8496)  loss_bbox_dn_pre: 0.6257 (0.6257)  loss_giou_dn_pre: 0.9627 (0.9627)  time: 0.7178  data: 0.5931  max mem: 1050
Epoch: [59]  [7/8]  eta: 0:00:00  lr: 0.000023  loss: 38.8424 (39.2557)  loss_mal: 2.2676 (2.4979)  loss_bbox: 0.5059 (0.5234)  loss_giou: 0.7605 (0.7258)  loss_fgl: 1.0169 (1.0047)  loss_mal_aux_0: 2.1523 (2.3241)  loss_bbox_aux_0: 0.6228 (0.6263)  loss_giou_aux_0: 0.9563 (0.8903)  loss_fgl_aux_0: 0.9877 (1.0128)  loss_ddf_aux_0: 0.1281 (0.1454)  loss_mal_aux_1: 2.1289 (2.2833)  loss_bbox_aux_1: 0.5054 (0.5316)  loss_giou_aux_1: 0.7706 (0.7400)  loss_fgl_aux_1: 1.0176 (1.0108)  loss_ddf_aux_1: 0.0301 (0.0301)  loss_mal_pre: 2.1230 (2.3314)  loss_bbox_pre: 0.6209 (0.6350)  loss_giou_pre: 0.9391 (0.8889)  loss_mal_enc_0: 1.9590 (1.9485)  loss_bbox_enc_0: 0.7895 (0.8268)  loss_giou_enc_0: 1.1564 (1.1815)  loss_mal_dn_0: 1.7832 (1.8109)  loss_bbox_dn_0: 0.5781 (0.6354)  loss_giou_dn_0: 0.9538 (0.9539)  loss_fgl_dn_0: 1.0744 (1.0954)  loss_ddf_dn_0: 0.3439 (0.3525)  loss_mal_dn_1: 2.1270 (2.1895)  loss_bbox_dn_1: 0.4094 (0.4726)  loss_giou_dn_1: 0.6821 (0.6628)  loss_fgl_dn_1: 1.0449 (1.0685)  loss_ddf_dn_1: 0.0551 (0.0563)  loss_mal_dn_2: 2.1465 (2.2559)  loss_bbox_dn_2: 0.3981 (0.4460)  loss_giou_dn_2: 0.6587 (0.6233)  loss_fgl_dn_2: 1.0436 (1.0613)  loss_mal_dn_pre: 1.7871 (1.8131)  loss_bbox_dn_pre: 0.5856 (0.6405)  loss_giou_dn_pre: 0.9606 (0.9592)  time: 0.1797  data: 0.0792  max mem: 1050
Epoch: [59] Total time: 0:00:01 (0.1879 s / it)
Averaged stats: lr: 0.000023  loss: 38.8424 (39.2557)  loss_mal: 2.2676 (2.4979)  loss_bbox: 0.5059 (0.5234)  loss_giou: 0.7605 (0.7258)  loss_fgl: 1.0169 (1.0047)  loss_mal_aux_0: 2.1523 (2.3241)  loss_bbox_aux_0: 0.6228 (0.6263)  loss_giou_aux_0: 0.9563 (0.8903)  loss_fgl_aux_0: 0.9877 (1.0128)  loss_ddf_aux_0: 0.1281 (0.1454)  loss_mal_aux_1: 2.1289 (2.2833)  loss_bbox_aux_1: 0.5054 (0.5316)  loss_giou_aux_1: 0.7706 (0.7400)  loss_fgl_aux_1: 1.0176 (1.0108)  loss_ddf_aux_1: 0.0301 (0.0301)  loss_mal_pre: 2.1230 (2.3314)  loss_bbox_pre: 0.6209 (0.6350)  loss_giou_pre: 0.9391 (0.8889)  loss_mal_enc_0: 1.9590 (1.9485)  loss_bbox_enc_0: 0.7895 (0.8268)  loss_giou_enc_0: 1.1564 (1.1815)  loss_mal_dn_0: 1.7832 (1.8109)  loss_bbox_dn_0: 0.5781 (0.6354)  loss_giou_dn_0: 0.9538 (0.9539)  loss_fgl_dn_0: 1.0744 (1.0954)  loss_ddf_dn_0: 0.3439 (0.3525)  loss_mal_dn_1: 2.1270 (2.1895)  loss_bbox_dn_1: 0.4094 (0.4726)  loss_giou_dn_1: 0.6821 (0.6628)  loss_fgl_dn_1: 1.0449 (1.0685)  loss_ddf_dn_1: 0.0551 (0.0563)  loss_mal_dn_2: 2.1465 (2.2559)  loss_bbox_dn_2: 0.3981 (0.4460)  loss_giou_dn_2: 0.6587 (0.6233)  loss_fgl_dn_2: 1.0436 (1.0613)  loss_mal_dn_pre: 1.7871 (1.8131)  loss_bbox_dn_pre: 0.5856 (0.6405)  loss_giou_dn_pre: 0.9606 (0.9592)
Test:  [0/4]  eta: 0:00:01    time: 0.3922  data: 0.3471  max mem: 1050
Test:  [3/4]  eta: 0:00:00    time: 0.1201  data: 0.0891  max mem: 1050
Test: Total time: 0:00:00 (0.1355 s / it)
Averaged stats: 
Accumulating evaluation results...
COCOeval_opt.accumulate() finished...
DONE (t=0.00s).
IoU metric: bbox
 Average Precision  (AP) @[ IoU=0.50:0.95 | area=   all | maxDets=100 ] = 0.038
 Average Precision  (AP) @[ IoU=0.50      | area=   all | maxDets=100 ] = 0.073
 Average Precision  (AP) @[ IoU=0.75      | area=   all | maxDets=100 ] = 0.021
 Average Precision  (AP) @[ IoU=0.50:0.95 | area= small | maxDets=100 ] = -1.000
 Average Precision  (AP) @[ IoU=0.50:0.95 | area=medium | maxDets=100 ] = -1.000
 Average Precision  (AP) @[ IoU=0.50:0.95 | area= large | maxDets=100 ] = 0.047
 Average Recall     (AR) @[ IoU=0.50:0.95 | area=   all | maxDets=  1 ] = 0.133
 Average Recall     (AR) @[ IoU=0.50:0.95 | area=   all | maxDets= 10 ] = 0.297
 Average Recall     (AR) @[ IoU=0.50:0.95 | area=   all | maxDets=100 ] = 0.457
 Average Recall     (AR) @[ IoU=0.50:0.95 | area= small | maxDets=100 ] = -1.000
 Average Recall     (AR) @[ IoU=0.50:0.95 | area=medium | maxDets=100 ] = -1.000
 Average Recall     (AR) @[ IoU=0.50:0.95 | area= large | maxDets=100 ] = 0.457
 Average Recall     (AR) @[ IoU=0.50      | area=   all | maxDets=100 ] = 0.733
 Average Recall     (AR) @[ IoU=0.75      | area=   all | maxDets=100 ] = 0.400
best_stat: {'epoch': 59, 'coco_eval_bbox': 0.03761873948149529}
Epoch: [60]  [0/8]  eta: 0:00:04  lr: 0.000023  loss: 39.6192 (39.6192)  loss_mal: 2.1055 (2.1055)  loss_bbox: 0.7544 (0.7544)  loss_giou: 1.0550 (1.0550)  loss_fgl: 1.0061 (1.0061)  loss_mal_aux_0: 1.8721 (1.8721)  loss_bbox_aux_0: 0.8540 (0.8540)  loss_giou_aux_0: 1.1711 (1.1711)  loss_fgl_aux_0: 0.9517 (0.9517)  loss_ddf_aux_0: 0.1556 (0.1556)  loss_mal_aux_1: 1.8555 (1.8555)  loss_bbox_aux_1: 0.7850 (0.7850)  loss_giou_aux_1: 1.0604 (1.0604)  loss_fgl_aux_1: 1.0058 (1.0058)  loss_ddf_aux_1: 0.0340 (0.0340)  loss_mal_pre: 1.9092 (1.9092)  loss_bbox_pre: 0.8551 (0.8551)  loss_giou_pre: 1.1745 (1.1745)  loss_mal_enc_0: 1.4814 (1.4814)  loss_bbox_enc_0: 1.0536 (1.0536)  loss_giou_enc_0: 1.4098 (1.4098)  loss_mal_dn_0: 1.5127 (1.5127)  loss_bbox_dn_0: 0.7142 (0.7142)  loss_giou_dn_0: 1.1286 (1.1286)  loss_fgl_dn_0: 1.0503 (1.0503)  loss_ddf_dn_0: 0.4259 (0.4259)  loss_mal_dn_1: 1.8066 (1.8066)  loss_bbox_dn_1: 0.6215 (0.6215)  loss_giou_dn_1: 0.9299 (0.9299)  loss_fgl_dn_1: 1.0424 (1.0424)  loss_ddf_dn_1: 0.0575 (0.0575)  loss_mal_dn_2: 1.8281 (1.8281)  loss_bbox_dn_2: 0.6202 (0.6202)  loss_giou_dn_2: 0.9178 (0.9178)  loss_fgl_dn_2: 1.0521 (1.0521)  loss_mal_dn_pre: 1.5234 (1.5234)  loss_bbox_dn_pre: 0.7128 (0.7128)  loss_giou_dn_pre: 1.1254 (1.1254)  time: 0.6085  data: 0.4567  max mem: 1050
Epoch: [60]  [7/8]  eta: 0:00:00  lr: 0.000024  loss: 38.1919 (38.4549)  loss_mal: 2.1055 (2.1964)  loss_bbox: 0.6070 (0.5355)  loss_giou: 0.9631 (0.8787)  loss_fgl: 0.9163 (0.9838)  loss_mal_aux_0: 1.9141 (2.0375)  loss_bbox_aux_0: 0.5524 (0.6198)  loss_giou_aux_0: 1.1218 (1.0599)  loss_fgl_aux_0: 0.9076 (0.9502)  loss_ddf_aux_0: 0.1221 (0.1221)  loss_mal_aux_1: 1.9316 (2.0155)  loss_bbox_aux_1: 0.5370 (0.5524)  loss_giou_aux_1: 0.9587 (0.9004)  loss_fgl_aux_1: 0.9232 (0.9776)  loss_ddf_aux_1: 0.0248 (0.0268)  loss_mal_pre: 1.9092 (2.0521)  loss_bbox_pre: 0.5989 (0.6368)  loss_giou_pre: 1.1435 (1.0734)  loss_mal_enc_0: 1.5674 (1.6864)  loss_bbox_enc_0: 0.7367 (0.8147)  loss_giou_enc_0: 1.4028 (1.3725)  loss_mal_dn_0: 1.5430 (1.6163)  loss_bbox_dn_0: 0.5888 (0.7172)  loss_giou_dn_0: 1.0692 (1.0513)  loss_fgl_dn_0: 1.0360 (1.0451)  loss_ddf_dn_0: 0.3561 (0.3298)  loss_mal_dn_1: 1.8066 (1.9220)  loss_bbox_dn_1: 0.4662 (0.6044)  loss_giou_dn_1: 0.8232 (0.8013)  loss_fgl_dn_1: 1.0545 (1.0635)  loss_ddf_dn_1: 0.0502 (0.0484)  loss_mal_dn_2: 1.8281 (1.9722)  loss_bbox_dn_2: 0.4353 (0.5808)  loss_giou_dn_2: 0.7639 (0.7613)  loss_fgl_dn_2: 1.0521 (1.0569)  loss_mal_dn_pre: 1.5430 (1.6271)  loss_bbox_dn_pre: 0.5898 (0.7137)  loss_giou_dn_pre: 1.0723 (1.0511)  time: 0.1928  data: 0.0834  max mem: 1050
Epoch: [60] Total time: 0:00:01 (0.2027 s / it)
Averaged stats: lr: 0.000024  loss: 38.1919 (38.4549)  loss_mal: 2.1055 (2.1964)  loss_bbox: 0.6070 (0.5355)  loss_giou: 0.9631 (0.8787)  loss_fgl: 0.9163 (0.9838)  loss_mal_aux_0: 1.9141 (2.0375)  loss_bbox_aux_0: 0.5524 (0.6198)  loss_giou_aux_0: 1.1218 (1.0599)  loss_fgl_aux_0: 0.9076 (0.9502)  loss_ddf_aux_0: 0.1221 (0.1221)  loss_mal_aux_1: 1.9316 (2.0155)  loss_bbox_aux_1: 0.5370 (0.5524)  loss_giou_aux_1: 0.9587 (0.9004)  loss_fgl_aux_1: 0.9232 (0.9776)  loss_ddf_aux_1: 0.0248 (0.0268)  loss_mal_pre: 1.9092 (2.0521)  loss_bbox_pre: 0.5989 (0.6368)  loss_giou_pre: 1.1435 (1.0734)  loss_mal_enc_0: 1.5674 (1.6864)  loss_bbox_enc_0: 0.7367 (0.8147)  loss_giou_enc_0: 1.4028 (1.3725)  loss_mal_dn_0: 1.5430 (1.6163)  loss_bbox_dn_0: 0.5888 (0.7172)  loss_giou_dn_0: 1.0692 (1.0513)  loss_fgl_dn_0: 1.0360 (1.0451)  loss_ddf_dn_0: 0.3561 (0.3298)  loss_mal_dn_1: 1.8066 (1.9220)  loss_bbox_dn_1: 0.4662 (0.6044)  loss_giou_dn_1: 0.8232 (0.8013)  loss_fgl_dn_1: 1.0545 (1.0635)  loss_ddf_dn_1: 0.0502 (0.0484)  loss_mal_dn_2: 1.8281 (1.9722)  loss_bbox_dn_2: 0.4353 (0.5808)  loss_giou_dn_2: 0.7639 (0.7613)  loss_fgl_dn_2: 1.0521 (1.0569)  loss_mal_dn_pre: 1.5430 (1.6271)  loss_bbox_dn_pre: 0.5898 (0.7137)  loss_giou_dn_pre: 1.0723 (1.0511)
Test:  [0/4]  eta: 0:00:01    time: 0.3607  data: 0.3400  max mem: 1050
Test:  [3/4]  eta: 0:00:00    time: 0.1034  data: 0.0873  max mem: 1050
Test: Total time: 0:00:00 (0.1215 s / it)
Averaged stats: 
Accumulating evaluation results...
COCOeval_opt.accumulate() finished...
DONE (t=0.00s).
IoU metric: bbox
 Average Precision  (AP) @[ IoU=0.50:0.95 | area=   all | maxDets=100 ] = 0.044
 Average Precision  (AP) @[ IoU=0.50      | area=   all | maxDets=100 ] = 0.071
 Average Precision  (AP) @[ IoU=0.75      | area=   all | maxDets=100 ] = 0.041
 Average Precision  (AP) @[ IoU=0.50:0.95 | area= small | maxDets=100 ] = -1.000
 Average Precision  (AP) @[ IoU=0.50:0.95 | area=medium | maxDets=100 ] = -1.000
 Average Precision  (AP) @[ IoU=0.50:0.95 | area= large | maxDets=100 ] = 0.045
 Average Recall     (AR) @[ IoU=0.50:0.95 | area=   all | maxDets=  1 ] = 0.083
 Average Recall     (AR) @[ IoU=0.50:0.95 | area=   all | maxDets= 10 ] = 0.333
 Average Recall     (AR) @[ IoU=0.50:0.95 | area=   all | maxDets=100 ] = 0.473
 Average Recall     (AR) @[ IoU=0.50:0.95 | area= small | maxDets=100 ] = -1.000
 Average Recall     (AR) @[ IoU=0.50:0.95 | area=medium | maxDets=100 ] = -1.000
 Average Recall     (AR) @[ IoU=0.50:0.95 | area= large | maxDets=100 ] = 0.473
 Average Recall     (AR) @[ IoU=0.50      | area=   all | maxDets=100 ] = 0.767
 Average Recall     (AR) @[ IoU=0.75      | area=   all | maxDets=100 ] = 0.467
best_stat: {'epoch': 60, 'coco_eval_bbox': 0.044389051558476}
Epoch: [61]  [0/8]  eta: 0:00:06  lr: 0.000024  loss: 41.8374 (41.8374)  loss_mal: 2.1836 (2.1836)  loss_bbox: 0.9406 (0.9406)  loss_giou: 0.7465 (0.7465)  loss_fgl: 1.1101 (1.1101)  loss_mal_aux_0: 2.0273 (2.0273)  loss_bbox_aux_0: 1.0755 (1.0755)  loss_giou_aux_0: 0.9361 (0.9361)  loss_fgl_aux_0: 1.1145 (1.1145)  loss_ddf_aux_0: 0.1482 (0.1482)  loss_mal_aux_1: 2.0664 (2.0664)  loss_bbox_aux_1: 0.9474 (0.9474)  loss_giou_aux_1: 0.7552 (0.7552)  loss_fgl_aux_1: 1.1283 (1.1283)  loss_ddf_aux_1: 0.0258 (0.0258)  loss_mal_pre: 2.0234 (2.0234)  loss_bbox_pre: 1.0575 (1.0575)  loss_giou_pre: 0.9416 (0.9416)  loss_mal_enc_0: 1.7080 (1.7080)  loss_bbox_enc_0: 1.3139 (1.3139)  loss_giou_enc_0: 1.1831 (1.1831)  loss_mal_dn_0: 1.5449 (1.5449)  loss_bbox_dn_0: 1.1686 (1.1686)  loss_giou_dn_0: 1.1000 (1.1000)  loss_fgl_dn_0: 1.0332 (1.0332)  loss_ddf_dn_0: 0.2542 (0.2542)  loss_mal_dn_1: 1.7949 (1.7949)  loss_bbox_dn_1: 1.0344 (1.0344)  loss_giou_dn_1: 0.8785 (0.8785)  loss_fgl_dn_1: 1.0314 (1.0314)  loss_ddf_dn_1: 0.0356 (0.0356)  loss_mal_dn_2: 1.8193 (1.8193)  loss_bbox_dn_2: 1.0055 (1.0055)  loss_giou_dn_2: 0.8450 (0.8450)  loss_fgl_dn_2: 1.0286 (1.0286)  loss_mal_dn_pre: 1.5420 (1.5420)  loss_bbox_dn_pre: 1.1802 (1.1802)  loss_giou_dn_pre: 1.1080 (1.1080)  time: 0.8277  data: 0.6466  max mem: 1050
Epoch: [61]  [7/8]  eta: 0:00:00  lr: 0.000025  loss: 38.4472 (38.7237)  loss_mal: 2.1367 (2.1967)  loss_bbox: 0.4919 (0.5580)  loss_giou: 0.8501 (0.7683)  loss_fgl: 1.0333 (1.0388)  loss_mal_aux_0: 2.0273 (2.0793)  loss_bbox_aux_0: 0.5794 (0.6993)  loss_giou_aux_0: 0.9860 (0.9778)  loss_fgl_aux_0: 0.9736 (1.0109)  loss_ddf_aux_0: 0.1549 (0.1627)  loss_mal_aux_1: 2.0527 (2.0328)  loss_bbox_aux_1: 0.4890 (0.5810)  loss_giou_aux_1: 0.8282 (0.7822)  loss_fgl_aux_1: 1.0319 (1.0485)  loss_ddf_aux_1: 0.0316 (0.0365)  loss_mal_pre: 2.0234 (2.0795)  loss_bbox_pre: 0.6038 (0.7095)  loss_giou_pre: 0.9957 (0.9846)  loss_mal_enc_0: 1.7080 (1.7761)  loss_bbox_enc_0: 0.8283 (0.9606)  loss_giou_enc_0: 1.2469 (1.2841)  loss_mal_dn_0: 1.6621 (1.7147)  loss_bbox_dn_0: 0.5555 (0.6980)  loss_giou_dn_0: 1.0156 (0.9923)  loss_fgl_dn_0: 1.0624 (1.0782)  loss_ddf_dn_0: 0.3148 (0.3449)  loss_mal_dn_1: 1.9014 (1.9951)  loss_bbox_dn_1: 0.4398 (0.5498)  loss_giou_dn_1: 0.7841 (0.7410)  loss_fgl_dn_1: 1.0535 (1.0770)  loss_ddf_dn_1: 0.0531 (0.0527)  loss_mal_dn_2: 1.8809 (1.9847)  loss_bbox_dn_2: 0.4243 (0.5287)  loss_giou_dn_2: 0.7683 (0.7072)  loss_fgl_dn_2: 1.0317 (1.0717)  loss_mal_dn_pre: 1.6533 (1.7236)  loss_bbox_dn_pre: 0.5565 (0.7013)  loss_giou_dn_pre: 1.0253 (0.9951)  time: 0.2289  data: 0.0832  max mem: 1050
Epoch: [61] Total time: 0:00:01 (0.2393 s / it)
Averaged stats: lr: 0.000025  loss: 38.4472 (38.7237)  loss_mal: 2.1367 (2.1967)  loss_bbox: 0.4919 (0.5580)  loss_giou: 0.8501 (0.7683)  loss_fgl: 1.0333 (1.0388)  loss_mal_aux_0: 2.0273 (2.0793)  loss_bbox_aux_0: 0.5794 (0.6993)  loss_giou_aux_0: 0.9860 (0.9778)  loss_fgl_aux_0: 0.9736 (1.0109)  loss_ddf_aux_0: 0.1549 (0.1627)  loss_mal_aux_1: 2.0527 (2.0328)  loss_bbox_aux_1: 0.4890 (0.5810)  loss_giou_aux_1: 0.8282 (0.7822)  loss_fgl_aux_1: 1.0319 (1.0485)  loss_ddf_aux_1: 0.0316 (0.0365)  loss_mal_pre: 2.0234 (2.0795)  loss_bbox_pre: 0.6038 (0.7095)  loss_giou_pre: 0.9957 (0.9846)  loss_mal_enc_0: 1.7080 (1.7761)  loss_bbox_enc_0: 0.8283 (0.9606)  loss_giou_enc_0: 1.2469 (1.2841)  loss_mal_dn_0: 1.6621 (1.7147)  loss_bbox_dn_0: 0.5555 (0.6980)  loss_giou_dn_0: 1.0156 (0.9923)  loss_fgl_dn_0: 1.0624 (1.0782)  loss_ddf_dn_0: 0.3148 (0.3449)  loss_mal_dn_1: 1.9014 (1.9951)  loss_bbox_dn_1: 0.4398 (0.5498)  loss_giou_dn_1: 0.7841 (0.7410)  loss_fgl_dn_1: 1.0535 (1.0770)  loss_ddf_dn_1: 0.0531 (0.0527)  loss_mal_dn_2: 1.8809 (1.9847)  loss_bbox_dn_2: 0.4243 (0.5287)  loss_giou_dn_2: 0.7683 (0.7072)  loss_fgl_dn_2: 1.0317 (1.0717)  loss_mal_dn_pre: 1.6533 (1.7236)  loss_bbox_dn_pre: 0.5565 (0.7013)  loss_giou_dn_pre: 1.0253 (0.9951)
Test:  [0/4]  eta: 0:00:01    time: 0.3415  data: 0.3171  max mem: 1050
Test:  [3/4]  eta: 0:00:00    time: 0.0998  data: 0.0816  max mem: 1050
Test: Total time: 0:00:00 (0.1174 s / it)
Averaged stats: 
Accumulating evaluation results...
COCOeval_opt.accumulate() finished...
DONE (t=0.00s).
IoU metric: bbox
 Average Precision  (AP) @[ IoU=0.50:0.95 | area=   all | maxDets=100 ] = 0.039
 Average Precision  (AP) @[ IoU=0.50      | area=   all | maxDets=100 ] = 0.069
 Average Precision  (AP) @[ IoU=0.75      | area=   all | maxDets=100 ] = 0.032
 Average Precision  (AP) @[ IoU=0.50:0.95 | area= small | maxDets=100 ] = -1.000
 Average Precision  (AP) @[ IoU=0.50:0.95 | area=medium | maxDets=100 ] = -1.000
 Average Precision  (AP) @[ IoU=0.50:0.95 | area= large | maxDets=100 ] = 0.040
 Average Recall     (AR) @[ IoU=0.50:0.95 | area=   all | maxDets=  1 ] = 0.140
 Average Recall     (AR) @[ IoU=0.50:0.95 | area=   all | maxDets= 10 ] = 0.313
 Average Recall     (AR) @[ IoU=0.50:0.95 | area=   all | maxDets=100 ] = 0.473
 Average Recall     (AR) @[ IoU=0.50:0.95 | area= small | maxDets=100 ] = -1.000
 Average Recall     (AR) @[ IoU=0.50:0.95 | area=medium | maxDets=100 ] = -1.000
 Average Recall     (AR) @[ IoU=0.50:0.95 | area= large | maxDets=100 ] = 0.473
 Average Recall     (AR) @[ IoU=0.50      | area=   all | maxDets=100 ] = 0.733
 Average Recall     (AR) @[ IoU=0.75      | area=   all | maxDets=100 ] = 0.467
best_stat: {'epoch': 60, 'coco_eval_bbox': 0.044389051558476}
Epoch: [62]  [0/8]  eta: 0:00:06  lr: 0.000025  loss: 38.3208 (38.3208)  loss_mal: 2.3574 (2.3574)  loss_bbox: 0.4281 (0.4281)  loss_giou: 0.6805 (0.6805)  loss_fgl: 1.0950 (1.0950)  loss_mal_aux_0: 2.3320 (2.3320)  loss_bbox_aux_0: 0.5382 (0.5382)  loss_giou_aux_0: 0.8543 (0.8543)  loss_fgl_aux_0: 1.0653 (1.0653)  loss_ddf_aux_0: 0.2068 (0.2068)  loss_mal_aux_1: 2.1348 (2.1348)  loss_bbox_aux_1: 0.4511 (0.4511)  loss_giou_aux_1: 0.6921 (0.6921)  loss_fgl_aux_1: 1.0920 (1.0920)  loss_ddf_aux_1: 0.0370 (0.0370)  loss_mal_pre: 2.4023 (2.4023)  loss_bbox_pre: 0.5566 (0.5566)  loss_giou_pre: 0.8634 (0.8634)  loss_mal_enc_0: 1.8037 (1.8037)  loss_bbox_enc_0: 0.7638 (0.7638)  loss_giou_enc_0: 1.2529 (1.2529)  loss_mal_dn_0: 1.8066 (1.8066)  loss_bbox_dn_0: 0.6133 (0.6133)  loss_giou_dn_0: 0.9426 (0.9426)  loss_fgl_dn_0: 1.1110 (1.1110)  loss_ddf_dn_0: 0.3892 (0.3892)  loss_mal_dn_1: 2.1152 (2.1152)  loss_bbox_dn_1: 0.3809 (0.3809)  loss_giou_dn_1: 0.6129 (0.6129)  loss_fgl_dn_1: 1.1215 (1.1215)  loss_ddf_dn_1: 0.0604 (0.0604)  loss_mal_dn_2: 2.1445 (2.1445)  loss_bbox_dn_2: 0.3655 (0.3655)  loss_giou_dn_2: 0.5693 (0.5693)  loss_fgl_dn_2: 1.1062 (1.1062)  loss_mal_dn_pre: 1.8076 (1.8076)  loss_bbox_dn_pre: 0.6164 (0.6164)  loss_giou_dn_pre: 0.9503 (0.9503)  time: 0.7686  data: 0.5563  max mem: 1050
Epoch: [62]  [7/8]  eta: 0:00:00  lr: 0.000025  loss: 38.3208 (38.7323)  loss_mal: 2.0391 (2.1056)  loss_bbox: 0.5219 (0.5955)  loss_giou: 0.7311 (0.8031)  loss_fgl: 1.0345 (1.0456)  loss_mal_aux_0: 2.0449 (2.1132)  loss_bbox_aux_0: 0.6529 (0.7079)  loss_giou_aux_0: 0.9173 (0.9778)  loss_fgl_aux_0: 0.9821 (1.0097)  loss_ddf_aux_0: 0.1647 (0.1651)  loss_mal_aux_1: 1.9766 (2.0084)  loss_bbox_aux_1: 0.5598 (0.6088)  loss_giou_aux_1: 0.7213 (0.8260)  loss_fgl_aux_1: 1.0598 (1.0534)  loss_ddf_aux_1: 0.0331 (0.0315)  loss_mal_pre: 2.0703 (2.1680)  loss_bbox_pre: 0.6495 (0.7179)  loss_giou_pre: 0.9278 (0.9837)  loss_mal_enc_0: 1.6641 (1.7556)  loss_bbox_enc_0: 0.8410 (0.9156)  loss_giou_enc_0: 1.3114 (1.2754)  loss_mal_dn_0: 1.6611 (1.6794)  loss_bbox_dn_0: 0.6133 (0.7286)  loss_giou_dn_0: 0.9823 (1.0096)  loss_fgl_dn_0: 1.0518 (1.0561)  loss_ddf_dn_0: 0.3806 (0.3590)  loss_mal_dn_1: 1.9502 (1.9685)  loss_bbox_dn_1: 0.4647 (0.5404)  loss_giou_dn_1: 0.6964 (0.7258)  loss_fgl_dn_1: 1.0685 (1.0768)  loss_ddf_dn_1: 0.0537 (0.0536)  loss_mal_dn_2: 1.8789 (1.9457)  loss_bbox_dn_2: 0.4658 (0.5268)  loss_giou_dn_2: 0.6650 (0.6916)  loss_fgl_dn_2: 1.0536 (1.0752)  loss_mal_dn_pre: 1.6338 (1.6830)  loss_bbox_dn_pre: 0.6164 (0.7295)  loss_giou_dn_pre: 0.9799 (1.0149)  time: 0.2050  data: 0.0934  max mem: 1050
Epoch: [62] Total time: 0:00:01 (0.2128 s / it)
Averaged stats: lr: 0.000025  loss: 38.3208 (38.7323)  loss_mal: 2.0391 (2.1056)  loss_bbox: 0.5219 (0.5955)  loss_giou: 0.7311 (0.8031)  loss_fgl: 1.0345 (1.0456)  loss_mal_aux_0: 2.0449 (2.1132)  loss_bbox_aux_0: 0.6529 (0.7079)  loss_giou_aux_0: 0.9173 (0.9778)  loss_fgl_aux_0: 0.9821 (1.0097)  loss_ddf_aux_0: 0.1647 (0.1651)  loss_mal_aux_1: 1.9766 (2.0084)  loss_bbox_aux_1: 0.5598 (0.6088)  loss_giou_aux_1: 0.7213 (0.8260)  loss_fgl_aux_1: 1.0598 (1.0534)  loss_ddf_aux_1: 0.0331 (0.0315)  loss_mal_pre: 2.0703 (2.1680)  loss_bbox_pre: 0.6495 (0.7179)  loss_giou_pre: 0.9278 (0.9837)  loss_mal_enc_0: 1.6641 (1.7556)  loss_bbox_enc_0: 0.8410 (0.9156)  loss_giou_enc_0: 1.3114 (1.2754)  loss_mal_dn_0: 1.6611 (1.6794)  loss_bbox_dn_0: 0.6133 (0.7286)  loss_giou_dn_0: 0.9823 (1.0096)  loss_fgl_dn_0: 1.0518 (1.0561)  loss_ddf_dn_0: 0.3806 (0.3590)  loss_mal_dn_1: 1.9502 (1.9685)  loss_bbox_dn_1: 0.4647 (0.5404)  loss_giou_dn_1: 0.6964 (0.7258)  loss_fgl_dn_1: 1.0685 (1.0768)  loss_ddf_dn_1: 0.0537 (0.0536)  loss_mal_dn_2: 1.8789 (1.9457)  loss_bbox_dn_2: 0.4658 (0.5268)  loss_giou_dn_2: 0.6650 (0.6916)  loss_fgl_dn_2: 1.0536 (1.0752)  loss_mal_dn_pre: 1.6338 (1.6830)  loss_bbox_dn_pre: 0.6164 (0.7295)  loss_giou_dn_pre: 0.9799 (1.0149)
Test:  [0/4]  eta: 0:00:01    time: 0.3669  data: 0.3448  max mem: 1050
Test:  [3/4]  eta: 0:00:00    time: 0.1066  data: 0.0882  max mem: 1050
Test: Total time: 0:00:00 (0.1263 s / it)
Averaged stats: 
Accumulating evaluation results...
COCOeval_opt.accumulate() finished...
DONE (t=0.00s).
IoU metric: bbox
 Average Precision  (AP) @[ IoU=0.50:0.95 | area=   all | maxDets=100 ] = 0.043
 Average Precision  (AP) @[ IoU=0.50      | area=   all | maxDets=100 ] = 0.080
 Average Precision  (AP) @[ IoU=0.75      | area=   all | maxDets=100 ] = 0.033
 Average Precision  (AP) @[ IoU=0.50:0.95 | area= small | maxDets=100 ] = -1.000
 Average Precision  (AP) @[ IoU=0.50:0.95 | area=medium | maxDets=100 ] = -1.000
 Average Precision  (AP) @[ IoU=0.50:0.95 | area= large | maxDets=100 ] = 0.043
 Average Recall     (AR) @[ IoU=0.50:0.95 | area=   all | maxDets=  1 ] = 0.133
 Average Recall     (AR) @[ IoU=0.50:0.95 | area=   all | maxDets= 10 ] = 0.400
 Average Recall     (AR) @[ IoU=0.50:0.95 | area=   all | maxDets=100 ] = 0.500
 Average Recall     (AR) @[ IoU=0.50:0.95 | area= small | maxDets=100 ] = -1.000
 Average Recall     (AR) @[ IoU=0.50:0.95 | area=medium | maxDets=100 ] = -1.000
 Average Recall     (AR) @[ IoU=0.50:0.95 | area= large | maxDets=100 ] = 0.500
 Average Recall     (AR) @[ IoU=0.50      | area=   all | maxDets=100 ] = 0.833
 Average Recall     (AR) @[ IoU=0.75      | area=   all | maxDets=100 ] = 0.433
best_stat: {'epoch': 60, 'coco_eval_bbox': 0.044389051558476}
Epoch: [63]  [0/8]  eta: 0:00:04  lr: 0.000025  loss: 37.0276 (37.0276)  loss_mal: 1.6318 (1.6318)  loss_bbox: 0.7098 (0.7098)  loss_giou: 1.0811 (1.0811)  loss_fgl: 0.9135 (0.9135)  loss_mal_aux_0: 1.6963 (1.6963)  loss_bbox_aux_0: 0.7273 (0.7273)  loss_giou_aux_0: 1.1730 (1.1730)  loss_fgl_aux_0: 0.8991 (0.8991)  loss_ddf_aux_0: 0.1583 (0.1583)  loss_mal_aux_1: 1.5430 (1.5430)  loss_bbox_aux_1: 0.7086 (0.7086)  loss_giou_aux_1: 1.0756 (1.0756)  loss_fgl_aux_1: 0.9413 (0.9413)  loss_ddf_aux_1: 0.0377 (0.0377)  loss_mal_pre: 1.7354 (1.7354)  loss_bbox_pre: 0.7518 (0.7518)  loss_giou_pre: 1.1873 (1.1873)  loss_mal_enc_0: 1.5977 (1.5977)  loss_bbox_enc_0: 0.9020 (0.9020)  loss_giou_enc_0: 1.3822 (1.3822)  loss_mal_dn_0: 1.4775 (1.4775)  loss_bbox_dn_0: 0.6860 (0.6860)  loss_giou_dn_0: 1.1072 (1.1072)  loss_fgl_dn_0: 0.9958 (0.9958)  loss_ddf_dn_0: 0.4063 (0.4063)  loss_mal_dn_1: 1.5029 (1.5029)  loss_bbox_dn_1: 0.6286 (0.6286)  loss_giou_dn_1: 0.9605 (0.9605)  loss_fgl_dn_1: 1.0257 (1.0257)  loss_ddf_dn_1: 0.0580 (0.0580)  loss_mal_dn_2: 1.4756 (1.4756)  loss_bbox_dn_2: 0.6126 (0.6126)  loss_giou_dn_2: 0.9357 (0.9357)  loss_fgl_dn_2: 1.0234 (1.0234)  loss_mal_dn_pre: 1.4951 (1.4951)  loss_bbox_dn_pre: 0.6812 (0.6812)  loss_giou_dn_pre: 1.1026 (1.1026)  time: 0.6234  data: 0.5001  max mem: 1050
Epoch: [63]  [7/8]  eta: 0:00:00  lr: 0.000026  loss: 37.4358 (38.4662)  loss_mal: 2.0605 (1.9390)  loss_bbox: 0.6216 (0.6505)  loss_giou: 0.7067 (0.8473)  loss_fgl: 1.0148 (1.0248)  loss_mal_aux_0: 2.1562 (2.0848)  loss_bbox_aux_0: 0.7063 (0.7104)  loss_giou_aux_0: 0.8621 (0.9701)  loss_fgl_aux_0: 1.0489 (1.0040)  loss_ddf_aux_0: 0.1668 (0.1755)  loss_mal_aux_1: 2.0117 (1.8948)  loss_bbox_aux_1: 0.6385 (0.6462)  loss_giou_aux_1: 0.7176 (0.8419)  loss_fgl_aux_1: 1.0402 (1.0362)  loss_ddf_aux_1: 0.0377 (0.0385)  loss_mal_pre: 2.2168 (2.1334)  loss_bbox_pre: 0.6940 (0.7161)  loss_giou_pre: 0.8437 (0.9721)  loss_mal_enc_0: 1.6904 (1.8757)  loss_bbox_enc_0: 0.9020 (0.9227)  loss_giou_enc_0: 1.2033 (1.2624)  loss_mal_dn_0: 1.6377 (1.6466)  loss_bbox_dn_0: 0.6262 (0.7179)  loss_giou_dn_0: 1.0102 (1.0105)  loss_fgl_dn_0: 1.0603 (1.0678)  loss_ddf_dn_0: 0.3743 (0.3849)  loss_mal_dn_1: 1.7891 (1.8171)  loss_bbox_dn_1: 0.5045 (0.5786)  loss_giou_dn_1: 0.7554 (0.7779)  loss_fgl_dn_1: 1.0678 (1.0848)  loss_ddf_dn_1: 0.0540 (0.0561)  loss_mal_dn_2: 1.7266 (1.7916)  loss_bbox_dn_2: 0.5090 (0.5613)  loss_giou_dn_2: 0.7315 (0.7471)  loss_fgl_dn_2: 1.0638 (1.0861)  loss_mal_dn_pre: 1.6455 (1.6593)  loss_bbox_dn_pre: 0.6302 (0.7201)  loss_giou_dn_pre: 1.0158 (1.0120)  time: 0.2634  data: 0.1161  max mem: 1050
Epoch: [63] Total time: 0:00:02 (0.2719 s / it)
Averaged stats: lr: 0.000026  loss: 37.4358 (38.4662)  loss_mal: 2.0605 (1.9390)  loss_bbox: 0.6216 (0.6505)  loss_giou: 0.7067 (0.8473)  loss_fgl: 1.0148 (1.0248)  loss_mal_aux_0: 2.1562 (2.0848)  loss_bbox_aux_0: 0.7063 (0.7104)  loss_giou_aux_0: 0.8621 (0.9701)  loss_fgl_aux_0: 1.0489 (1.0040)  loss_ddf_aux_0: 0.1668 (0.1755)  loss_mal_aux_1: 2.0117 (1.8948)  loss_bbox_aux_1: 0.6385 (0.6462)  loss_giou_aux_1: 0.7176 (0.8419)  loss_fgl_aux_1: 1.0402 (1.0362)  loss_ddf_aux_1: 0.0377 (0.0385)  loss_mal_pre: 2.2168 (2.1334)  loss_bbox_pre: 0.6940 (0.7161)  loss_giou_pre: 0.8437 (0.9721)  loss_mal_enc_0: 1.6904 (1.8757)  loss_bbox_enc_0: 0.9020 (0.9227)  loss_giou_enc_0: 1.2033 (1.2624)  loss_mal_dn_0: 1.6377 (1.6466)  loss_bbox_dn_0: 0.6262 (0.7179)  loss_giou_dn_0: 1.0102 (1.0105)  loss_fgl_dn_0: 1.0603 (1.0678)  loss_ddf_dn_0: 0.3743 (0.3849)  loss_mal_dn_1: 1.7891 (1.8171)  loss_bbox_dn_1: 0.5045 (0.5786)  loss_giou_dn_1: 0.7554 (0.7779)  loss_fgl_dn_1: 1.0678 (1.0848)  loss_ddf_dn_1: 0.0540 (0.0561)  loss_mal_dn_2: 1.7266 (1.7916)  loss_bbox_dn_2: 0.5090 (0.5613)  loss_giou_dn_2: 0.7315 (0.7471)  loss_fgl_dn_2: 1.0638 (1.0861)  loss_mal_dn_pre: 1.6455 (1.6593)  loss_bbox_dn_pre: 0.6302 (0.7201)  loss_giou_dn_pre: 1.0158 (1.0120)
Test:  [0/4]  eta: 0:00:01    time: 0.3307  data: 0.3080  max mem: 1050
Test:  [3/4]  eta: 0:00:00    time: 0.0974  data: 0.0793  max mem: 1050
Test: Total time: 0:00:00 (0.1156 s / it)
Averaged stats: 
Accumulating evaluation results...
COCOeval_opt.accumulate() finished...
DONE (t=0.00s).
IoU metric: bbox
 Average Precision  (AP) @[ IoU=0.50:0.95 | area=   all | maxDets=100 ] = 0.082
 Average Precision  (AP) @[ IoU=0.50      | area=   all | maxDets=100 ] = 0.149
 Average Precision  (AP) @[ IoU=0.75      | area=   all | maxDets=100 ] = 0.085
 Average Precision  (AP) @[ IoU=0.50:0.95 | area= small | maxDets=100 ] = -1.000
 Average Precision  (AP) @[ IoU=0.50:0.95 | area=medium | maxDets=100 ] = -1.000
 Average Precision  (AP) @[ IoU=0.50:0.95 | area= large | maxDets=100 ] = 0.082
 Average Recall     (AR) @[ IoU=0.50:0.95 | area=   all | maxDets=  1 ] = 0.127
 Average Recall     (AR) @[ IoU=0.50:0.95 | area=   all | maxDets= 10 ] = 0.400
 Average Recall     (AR) @[ IoU=0.50:0.95 | area=   all | maxDets=100 ] = 0.507
 Average Recall     (AR) @[ IoU=0.50:0.95 | area= small | maxDets=100 ] = -1.000
 Average Recall     (AR) @[ IoU=0.50:0.95 | area=medium | maxDets=100 ] = -1.000
 Average Recall     (AR) @[ IoU=0.50:0.95 | area= large | maxDets=100 ] = 0.507
 Average Recall     (AR) @[ IoU=0.50      | area=   all | maxDets=100 ] = 0.833
 Average Recall     (AR) @[ IoU=0.75      | area=   all | maxDets=100 ] = 0.500
best_stat: {'epoch': 63, 'coco_eval_bbox': 0.08246005495191236}
     ### Attention --- Mixup is closed after epoch@ 64 ###
     ### Attention --- Mixup is closed after epoch@ 64 ###
     ### Attention --- Mixup is closed after epoch@ 64 ###
     ### Attention --- Mixup is closed after epoch@ 64 ###
Epoch: [64]  [0/8]  eta: 0:00:10  lr: 0.000026  loss: 36.1109 (36.1109)  loss_mal: 2.2754 (2.2754)  loss_bbox: 0.3345 (0.3345)  loss_giou: 0.6651 (0.6651)  loss_fgl: 0.9813 (0.9813)  loss_mal_aux_0: 2.1133 (2.1133)  loss_bbox_aux_0: 0.4943 (0.4943)  loss_giou_aux_0: 0.9303 (0.9303)  loss_fgl_aux_0: 0.9814 (0.9814)  loss_ddf_aux_0: 0.1663 (0.1663)  loss_mal_aux_1: 1.9766 (1.9766)  loss_bbox_aux_1: 0.3713 (0.3713)  loss_giou_aux_1: 0.7314 (0.7314)  loss_fgl_aux_1: 1.0458 (1.0458)  loss_ddf_aux_1: 0.0356 (0.0356)  loss_mal_pre: 2.0625 (2.0625)  loss_bbox_pre: 0.5150 (0.5150)  loss_giou_pre: 0.9468 (0.9468)  loss_mal_enc_0: 1.3955 (1.3955)  loss_bbox_enc_0: 0.7320 (0.7320)  loss_giou_enc_0: 1.4353 (1.4353)  loss_mal_dn_0: 1.7725 (1.7725)  loss_bbox_dn_0: 0.5056 (0.5056)  loss_giou_dn_0: 0.9121 (0.9121)  loss_fgl_dn_0: 1.1338 (1.1338)  loss_ddf_dn_0: 0.3268 (0.3268)  loss_mal_dn_1: 2.0293 (2.0293)  loss_bbox_dn_1: 0.2941 (0.2941)  loss_giou_dn_1: 0.5742 (0.5742)  loss_fgl_dn_1: 1.1654 (1.1654)  loss_ddf_dn_1: 0.0511 (0.0511)  loss_mal_dn_2: 2.0430 (2.0430)  loss_bbox_dn_2: 0.2534 (0.2534)  loss_giou_dn_2: 0.5134 (0.5134)  loss_fgl_dn_2: 1.1342 (1.1342)  loss_mal_dn_pre: 1.8027 (1.8027)  loss_bbox_dn_pre: 0.5027 (0.5027)  loss_giou_dn_pre: 0.9070 (0.9070)  time: 1.3218  data: 1.1665  max mem: 1050
Epoch: [64]  [7/8]  eta: 0:00:00  lr: 0.000027  loss: 38.6615 (38.4456)  loss_mal: 2.1328 (2.2556)  loss_bbox: 0.3429 (0.4320)  loss_giou: 0.6404 (0.6550)  loss_fgl: 1.0124 (1.1104)  loss_mal_aux_0: 2.1133 (2.3295)  loss_bbox_aux_0: 0.4943 (0.5811)  loss_giou_aux_0: 0.8400 (0.8657)  loss_fgl_aux_0: 1.0278 (1.0717)  loss_ddf_aux_0: 0.1663 (0.1743)  loss_mal_aux_1: 1.8594 (2.0530)  loss_bbox_aux_1: 0.3713 (0.4652)  loss_giou_aux_1: 0.7114 (0.6990)  loss_fgl_aux_1: 1.0458 (1.1331)  loss_ddf_aux_1: 0.0310 (0.0351)  loss_mal_pre: 2.1211 (2.3253)  loss_bbox_pre: 0.5150 (0.6034)  loss_giou_pre: 0.8743 (0.8835)  loss_mal_enc_0: 1.3955 (1.7020)  loss_bbox_enc_0: 0.7320 (0.9089)  loss_giou_enc_0: 1.2487 (1.2870)  loss_mal_dn_0: 1.7725 (1.7932)  loss_bbox_dn_0: 0.6282 (0.7154)  loss_giou_dn_0: 0.9121 (0.9286)  loss_fgl_dn_0: 1.1309 (1.1313)  loss_ddf_dn_0: 0.3495 (0.3720)  loss_mal_dn_1: 1.9482 (1.9536)  loss_bbox_dn_1: 0.3470 (0.4935)  loss_giou_dn_1: 0.6236 (0.6362)  loss_fgl_dn_1: 1.1654 (1.1641)  loss_ddf_dn_1: 0.0511 (0.0562)  loss_mal_dn_2: 1.9893 (2.0162)  loss_bbox_dn_2: 0.3077 (0.4467)  loss_giou_dn_2: 0.5736 (0.5722)  loss_fgl_dn_2: 1.1342 (1.1382)  loss_mal_dn_pre: 1.8027 (1.8114)  loss_bbox_dn_pre: 0.6340 (0.7154)  loss_giou_dn_pre: 0.9083 (0.9304)  time: 0.2811  data: 0.1739  max mem: 1050
Epoch: [64] Total time: 0:00:02 (0.2922 s / it)
Averaged stats: lr: 0.000027  loss: 38.6615 (38.4456)  loss_mal: 2.1328 (2.2556)  loss_bbox: 0.3429 (0.4320)  loss_giou: 0.6404 (0.6550)  loss_fgl: 1.0124 (1.1104)  loss_mal_aux_0: 2.1133 (2.3295)  loss_bbox_aux_0: 0.4943 (0.5811)  loss_giou_aux_0: 0.8400 (0.8657)  loss_fgl_aux_0: 1.0278 (1.0717)  loss_ddf_aux_0: 0.1663 (0.1743)  loss_mal_aux_1: 1.8594 (2.0530)  loss_bbox_aux_1: 0.3713 (0.4652)  loss_giou_aux_1: 0.7114 (0.6990)  loss_fgl_aux_1: 1.0458 (1.1331)  loss_ddf_aux_1: 0.0310 (0.0351)  loss_mal_pre: 2.1211 (2.3253)  loss_bbox_pre: 0.5150 (0.6034)  loss_giou_pre: 0.8743 (0.8835)  loss_mal_enc_0: 1.3955 (1.7020)  loss_bbox_enc_0: 0.7320 (0.9089)  loss_giou_enc_0: 1.2487 (1.2870)  loss_mal_dn_0: 1.7725 (1.7932)  loss_bbox_dn_0: 0.6282 (0.7154)  loss_giou_dn_0: 0.9121 (0.9286)  loss_fgl_dn_0: 1.1309 (1.1313)  loss_ddf_dn_0: 0.3495 (0.3720)  loss_mal_dn_1: 1.9482 (1.9536)  loss_bbox_dn_1: 0.3470 (0.4935)  loss_giou_dn_1: 0.6236 (0.6362)  loss_fgl_dn_1: 1.1654 (1.1641)  loss_ddf_dn_1: 0.0511 (0.0562)  loss_mal_dn_2: 1.9893 (2.0162)  loss_bbox_dn_2: 0.3077 (0.4467)  loss_giou_dn_2: 0.5736 (0.5722)  loss_fgl_dn_2: 1.1342 (1.1382)  loss_mal_dn_pre: 1.8027 (1.8114)  loss_bbox_dn_pre: 0.6340 (0.7154)  loss_giou_dn_pre: 0.9083 (0.9304)
Test:  [0/4]  eta: 0:00:01    time: 0.4260  data: 0.3731  max mem: 1050
Test:  [3/4]  eta: 0:00:00    time: 0.1292  data: 0.0953  max mem: 1050
Test: Total time: 0:00:00 (0.1484 s / it)
Averaged stats: 
Accumulating evaluation results...
COCOeval_opt.accumulate() finished...
DONE (t=0.00s).
IoU metric: bbox
 Average Precision  (AP) @[ IoU=0.50:0.95 | area=   all | maxDets=100 ] = 0.073
 Average Precision  (AP) @[ IoU=0.50      | area=   all | maxDets=100 ] = 0.103
 Average Precision  (AP) @[ IoU=0.75      | area=   all | maxDets=100 ] = 0.079
 Average Precision  (AP) @[ IoU=0.50:0.95 | area= small | maxDets=100 ] = -1.000
 Average Precision  (AP) @[ IoU=0.50:0.95 | area=medium | maxDets=100 ] = -1.000
 Average Precision  (AP) @[ IoU=0.50:0.95 | area= large | maxDets=100 ] = 0.073
 Average Recall     (AR) @[ IoU=0.50:0.95 | area=   all | maxDets=  1 ] = 0.103
 Average Recall     (AR) @[ IoU=0.50:0.95 | area=   all | maxDets= 10 ] = 0.377
 Average Recall     (AR) @[ IoU=0.50:0.95 | area=   all | maxDets=100 ] = 0.503
 Average Recall     (AR) @[ IoU=0.50:0.95 | area= small | maxDets=100 ] = -1.000
 Average Recall     (AR) @[ IoU=0.50:0.95 | area=medium | maxDets=100 ] = -1.000
 Average Recall     (AR) @[ IoU=0.50:0.95 | area= large | maxDets=100 ] = 0.503
 Average Recall     (AR) @[ IoU=0.50      | area=   all | maxDets=100 ] = 0.767
 Average Recall     (AR) @[ IoU=0.75      | area=   all | maxDets=100 ] = 0.533
best_stat: {'epoch': 63, 'coco_eval_bbox': 0.08246005495191236}
Epoch: [65]  [0/8]  eta: 0:00:07  lr: 0.000027  loss: 39.2967 (39.2967)  loss_mal: 2.3594 (2.3594)  loss_bbox: 0.4138 (0.4138)  loss_giou: 0.3622 (0.3622)  loss_fgl: 1.1526 (1.1526)  loss_mal_aux_0: 2.7207 (2.7207)  loss_bbox_aux_0: 0.6663 (0.6663)  loss_giou_aux_0: 0.5836 (0.5836)  loss_fgl_aux_0: 1.2146 (1.2146)  loss_ddf_aux_0: 0.2202 (0.2202)  loss_mal_aux_1: 2.0508 (2.0508)  loss_bbox_aux_1: 0.4503 (0.4503)  loss_giou_aux_1: 0.3875 (0.3875)  loss_fgl_aux_1: 1.2279 (1.2279)  loss_ddf_aux_1: 0.0345 (0.0345)  loss_mal_pre: 2.8047 (2.8047)  loss_bbox_pre: 0.6826 (0.6826)  loss_giou_pre: 0.5957 (0.5957)  loss_mal_enc_0: 2.4727 (2.4727)  loss_bbox_enc_0: 1.0142 (1.0142)  loss_giou_enc_0: 0.9769 (0.9769)  loss_mal_dn_0: 1.9502 (1.9502)  loss_bbox_dn_0: 0.7995 (0.7995)  loss_giou_dn_0: 0.8257 (0.8257)  loss_fgl_dn_0: 1.1440 (1.1440)  loss_ddf_dn_0: 0.4409 (0.4409)  loss_mal_dn_1: 1.9502 (1.9502)  loss_bbox_dn_1: 0.4697 (0.4697)  loss_giou_dn_1: 0.4688 (0.4688)  loss_fgl_dn_1: 1.1262 (1.1262)  loss_ddf_dn_1: 0.0625 (0.0625)  loss_mal_dn_2: 2.1855 (2.1855)  loss_bbox_dn_2: 0.3912 (0.3912)  loss_giou_dn_2: 0.3946 (0.3946)  loss_fgl_dn_2: 1.0891 (1.0891)  loss_mal_dn_pre: 1.9854 (1.9854)  loss_bbox_dn_pre: 0.7996 (0.7996)  loss_giou_dn_pre: 0.8223 (0.8223)  time: 0.9114  data: 0.7555  max mem: 1050
Epoch: [65]  [7/8]  eta: 0:00:00  lr: 0.000028  loss: 39.2967 (40.3721)  loss_mal: 2.3145 (2.2915)  loss_bbox: 0.5278 (0.5494)  loss_giou: 0.4912 (0.5148)  loss_fgl: 1.0896 (1.1061)  loss_mal_aux_0: 2.4219 (2.5371)  loss_bbox_aux_0: 0.6929 (0.7702)  loss_giou_aux_0: 0.7337 (0.7170)  loss_fgl_aux_0: 1.1110 (1.1308)  loss_ddf_aux_0: 0.1852 (0.1921)  loss_mal_aux_1: 2.0508 (2.1343)  loss_bbox_aux_1: 0.5208 (0.5572)  loss_giou_aux_1: 0.5310 (0.5403)  loss_fgl_aux_1: 1.1315 (1.1540)  loss_ddf_aux_1: 0.0345 (0.0350)  loss_mal_pre: 2.4297 (2.5625)  loss_bbox_pre: 0.7174 (0.7963)  loss_giou_pre: 0.7296 (0.7284)  loss_mal_enc_0: 2.0762 (2.1658)  loss_bbox_enc_0: 1.0261 (1.1226)  loss_giou_enc_0: 1.0585 (1.1039)  loss_mal_dn_0: 1.6719 (1.7457)  loss_bbox_dn_0: 0.8520 (0.9911)  loss_giou_dn_0: 0.9889 (0.9584)  loss_fgl_dn_0: 1.1111 (1.1082)  loss_ddf_dn_0: 0.3541 (0.3505)  loss_mal_dn_1: 1.9121 (1.9181)  loss_bbox_dn_1: 0.6150 (0.7411)  loss_giou_dn_1: 0.6918 (0.6500)  loss_fgl_dn_1: 1.0905 (1.1100)  loss_ddf_dn_1: 0.0486 (0.0512)  loss_mal_dn_2: 1.9326 (1.9805)  loss_bbox_dn_2: 0.5202 (0.6723)  loss_giou_dn_2: 0.6317 (0.5813)  loss_fgl_dn_2: 1.0880 (1.0845)  loss_mal_dn_pre: 1.6875 (1.7526)  loss_bbox_dn_pre: 0.8620 (1.0009)  loss_giou_dn_pre: 0.9968 (0.9662)  time: 0.2185  data: 0.1149  max mem: 1050
Epoch: [65] Total time: 0:00:01 (0.2265 s / it)
Averaged stats: lr: 0.000028  loss: 39.2967 (40.3721)  loss_mal: 2.3145 (2.2915)  loss_bbox: 0.5278 (0.5494)  loss_giou: 0.4912 (0.5148)  loss_fgl: 1.0896 (1.1061)  loss_mal_aux_0: 2.4219 (2.5371)  loss_bbox_aux_0: 0.6929 (0.7702)  loss_giou_aux_0: 0.7337 (0.7170)  loss_fgl_aux_0: 1.1110 (1.1308)  loss_ddf_aux_0: 0.1852 (0.1921)  loss_mal_aux_1: 2.0508 (2.1343)  loss_bbox_aux_1: 0.5208 (0.5572)  loss_giou_aux_1: 0.5310 (0.5403)  loss_fgl_aux_1: 1.1315 (1.1540)  loss_ddf_aux_1: 0.0345 (0.0350)  loss_mal_pre: 2.4297 (2.5625)  loss_bbox_pre: 0.7174 (0.7963)  loss_giou_pre: 0.7296 (0.7284)  loss_mal_enc_0: 2.0762 (2.1658)  loss_bbox_enc_0: 1.0261 (1.1226)  loss_giou_enc_0: 1.0585 (1.1039)  loss_mal_dn_0: 1.6719 (1.7457)  loss_bbox_dn_0: 0.8520 (0.9911)  loss_giou_dn_0: 0.9889 (0.9584)  loss_fgl_dn_0: 1.1111 (1.1082)  loss_ddf_dn_0: 0.3541 (0.3505)  loss_mal_dn_1: 1.9121 (1.9181)  loss_bbox_dn_1: 0.6150 (0.7411)  loss_giou_dn_1: 0.6918 (0.6500)  loss_fgl_dn_1: 1.0905 (1.1100)  loss_ddf_dn_1: 0.0486 (0.0512)  loss_mal_dn_2: 1.9326 (1.9805)  loss_bbox_dn_2: 0.5202 (0.6723)  loss_giou_dn_2: 0.6317 (0.5813)  loss_fgl_dn_2: 1.0880 (1.0845)  loss_mal_dn_pre: 1.6875 (1.7526)  loss_bbox_dn_pre: 0.8620 (1.0009)  loss_giou_dn_pre: 0.9968 (0.9662)
Test:  [0/4]  eta: 0:00:01    time: 0.3972  data: 0.3759  max mem: 1050
Test:  [3/4]  eta: 0:00:00    time: 0.1117  data: 0.0960  max mem: 1050
Test: Total time: 0:00:00 (0.1347 s / it)
Averaged stats: 
Accumulating evaluation results...
COCOeval_opt.accumulate() finished...
DONE (t=0.00s).
IoU metric: bbox
 Average Precision  (AP) @[ IoU=0.50:0.95 | area=   all | maxDets=100 ] = 0.058
 Average Precision  (AP) @[ IoU=0.50      | area=   all | maxDets=100 ] = 0.084
 Average Precision  (AP) @[ IoU=0.75      | area=   all | maxDets=100 ] = 0.072
 Average Precision  (AP) @[ IoU=0.50:0.95 | area= small | maxDets=100 ] = -1.000
 Average Precision  (AP) @[ IoU=0.50:0.95 | area=medium | maxDets=100 ] = -1.000
 Average Precision  (AP) @[ IoU=0.50:0.95 | area= large | maxDets=100 ] = 0.058
 Average Recall     (AR) @[ IoU=0.50:0.95 | area=   all | maxDets=  1 ] = 0.130
 Average Recall     (AR) @[ IoU=0.50:0.95 | area=   all | maxDets= 10 ] = 0.460
 Average Recall     (AR) @[ IoU=0.50:0.95 | area=   all | maxDets=100 ] = 0.580
 Average Recall     (AR) @[ IoU=0.50:0.95 | area= small | maxDets=100 ] = -1.000
 Average Recall     (AR) @[ IoU=0.50:0.95 | area=medium | maxDets=100 ] = -1.000
 Average Recall     (AR) @[ IoU=0.50:0.95 | area= large | maxDets=100 ] = 0.580
 Average Recall     (AR) @[ IoU=0.50      | area=   all | maxDets=100 ] = 0.833
 Average Recall     (AR) @[ IoU=0.75      | area=   all | maxDets=100 ] = 0.667
best_stat: {'epoch': 63, 'coco_eval_bbox': 0.08246005495191236}
Epoch: [66]  [0/8]  eta: 0:00:08  lr: 0.000028  loss: 41.1236 (41.1236)  loss_mal: 2.3047 (2.3047)  loss_bbox: 0.4921 (0.4921)  loss_giou: 0.4219 (0.4219)  loss_fgl: 1.3994 (1.3994)  loss_mal_aux_0: 2.6309 (2.6309)  loss_bbox_aux_0: 0.8368 (0.8368)  loss_giou_aux_0: 0.6732 (0.6732)  loss_fgl_aux_0: 1.2563 (1.2563)  loss_ddf_aux_0: 0.1702 (0.1702)  loss_mal_aux_1: 1.9521 (1.9521)  loss_bbox_aux_1: 0.6141 (0.6141)  loss_giou_aux_1: 0.4970 (0.4970)  loss_fgl_aux_1: 1.4554 (1.4554)  loss_ddf_aux_1: 0.0367 (0.0367)  loss_mal_pre: 2.7441 (2.7441)  loss_bbox_pre: 0.8670 (0.8670)  loss_giou_pre: 0.6933 (0.6933)  loss_mal_enc_0: 2.3691 (2.3691)  loss_bbox_enc_0: 1.1556 (1.1556)  loss_giou_enc_0: 1.0208 (1.0208)  loss_mal_dn_0: 1.8320 (1.8320)  loss_bbox_dn_0: 0.9886 (0.9886)  loss_giou_dn_0: 0.8822 (0.8822)  loss_fgl_dn_0: 1.1184 (1.1184)  loss_ddf_dn_0: 0.3009 (0.3009)  loss_mal_dn_1: 1.8438 (1.8438)  loss_bbox_dn_1: 0.6852 (0.6852)  loss_giou_dn_1: 0.6062 (0.6062)  loss_fgl_dn_1: 1.2630 (1.2630)  loss_ddf_dn_1: 0.0472 (0.0472)  loss_mal_dn_2: 1.9082 (1.9082)  loss_bbox_dn_2: 0.5867 (0.5867)  loss_giou_dn_2: 0.5435 (0.5435)  loss_fgl_dn_2: 1.2022 (1.2022)  loss_mal_dn_pre: 1.8604 (1.8604)  loss_bbox_dn_pre: 0.9828 (0.9828)  loss_giou_dn_pre: 0.8817 (0.8817)  time: 1.0133  data: 0.8821  max mem: 1050
Epoch: [66]  [7/8]  eta: 0:00:00  lr: 0.000029  loss: 39.3985 (39.7999)  loss_mal: 1.9170 (2.2073)  loss_bbox: 0.3227 (0.5233)  loss_giou: 0.4219 (0.5457)  loss_fgl: 1.1056 (1.1487)  loss_mal_aux_0: 2.5078 (2.5242)  loss_bbox_aux_0: 0.5281 (0.6916)  loss_giou_aux_0: 0.6732 (0.7277)  loss_fgl_aux_0: 1.1534 (1.1144)  loss_ddf_aux_0: 0.1702 (0.1743)  loss_mal_aux_1: 1.9521 (1.9722)  loss_bbox_aux_1: 0.3814 (0.5751)  loss_giou_aux_1: 0.4970 (0.5878)  loss_fgl_aux_1: 1.1134 (1.1781)  loss_ddf_aux_1: 0.0367 (0.0385)  loss_mal_pre: 2.5410 (2.5664)  loss_bbox_pre: 0.5962 (0.7052)  loss_giou_pre: 0.6648 (0.7394)  loss_mal_enc_0: 2.3223 (2.2380)  loss_bbox_enc_0: 0.9982 (1.0149)  loss_giou_enc_0: 1.0020 (1.0839)  loss_mal_dn_0: 1.8066 (1.8003)  loss_bbox_dn_0: 0.9636 (0.9548)  loss_giou_dn_0: 0.8822 (0.9170)  loss_fgl_dn_0: 1.1027 (1.1115)  loss_ddf_dn_0: 0.3272 (0.3638)  loss_mal_dn_1: 1.8438 (1.8458)  loss_bbox_dn_1: 0.5283 (0.6866)  loss_giou_dn_1: 0.5774 (0.6390)  loss_fgl_dn_1: 1.1027 (1.1569)  loss_ddf_dn_1: 0.0495 (0.0558)  loss_mal_dn_2: 1.8574 (1.8735)  loss_bbox_dn_2: 0.4640 (0.6303)  loss_giou_dn_2: 0.5216 (0.5865)  loss_fgl_dn_2: 1.0734 (1.1251)  loss_mal_dn_pre: 1.8154 (1.8116)  loss_bbox_dn_pre: 0.9762 (0.9618)  loss_giou_dn_pre: 0.8835 (0.9229)  time: 0.2563  data: 0.1396  max mem: 1050
Epoch: [66] Total time: 0:00:02 (0.2653 s / it)
Averaged stats: lr: 0.000029  loss: 39.3985 (39.7999)  loss_mal: 1.9170 (2.2073)  loss_bbox: 0.3227 (0.5233)  loss_giou: 0.4219 (0.5457)  loss_fgl: 1.1056 (1.1487)  loss_mal_aux_0: 2.5078 (2.5242)  loss_bbox_aux_0: 0.5281 (0.6916)  loss_giou_aux_0: 0.6732 (0.7277)  loss_fgl_aux_0: 1.1534 (1.1144)  loss_ddf_aux_0: 0.1702 (0.1743)  loss_mal_aux_1: 1.9521 (1.9722)  loss_bbox_aux_1: 0.3814 (0.5751)  loss_giou_aux_1: 0.4970 (0.5878)  loss_fgl_aux_1: 1.1134 (1.1781)  loss_ddf_aux_1: 0.0367 (0.0385)  loss_mal_pre: 2.5410 (2.5664)  loss_bbox_pre: 0.5962 (0.7052)  loss_giou_pre: 0.6648 (0.7394)  loss_mal_enc_0: 2.3223 (2.2380)  loss_bbox_enc_0: 0.9982 (1.0149)  loss_giou_enc_0: 1.0020 (1.0839)  loss_mal_dn_0: 1.8066 (1.8003)  loss_bbox_dn_0: 0.9636 (0.9548)  loss_giou_dn_0: 0.8822 (0.9170)  loss_fgl_dn_0: 1.1027 (1.1115)  loss_ddf_dn_0: 0.3272 (0.3638)  loss_mal_dn_1: 1.8438 (1.8458)  loss_bbox_dn_1: 0.5283 (0.6866)  loss_giou_dn_1: 0.5774 (0.6390)  loss_fgl_dn_1: 1.1027 (1.1569)  loss_ddf_dn_1: 0.0495 (0.0558)  loss_mal_dn_2: 1.8574 (1.8735)  loss_bbox_dn_2: 0.4640 (0.6303)  loss_giou_dn_2: 0.5216 (0.5865)  loss_fgl_dn_2: 1.0734 (1.1251)  loss_mal_dn_pre: 1.8154 (1.8116)  loss_bbox_dn_pre: 0.9762 (0.9618)  loss_giou_dn_pre: 0.8835 (0.9229)
Test:  [0/4]  eta: 0:00:01    time: 0.3854  data: 0.3527  max mem: 1050
Test:  [3/4]  eta: 0:00:00    time: 0.1132  data: 0.0904  max mem: 1050
Test: Total time: 0:00:00 (0.1304 s / it)
Averaged stats: 
Accumulating evaluation results...
COCOeval_opt.accumulate() finished...
DONE (t=0.00s).
IoU metric: bbox
 Average Precision  (AP) @[ IoU=0.50:0.95 | area=   all | maxDets=100 ] = 0.078
 Average Precision  (AP) @[ IoU=0.50      | area=   all | maxDets=100 ] = 0.139
 Average Precision  (AP) @[ IoU=0.75      | area=   all | maxDets=100 ] = 0.084
 Average Precision  (AP) @[ IoU=0.50:0.95 | area= small | maxDets=100 ] = -1.000
 Average Precision  (AP) @[ IoU=0.50:0.95 | area=medium | maxDets=100 ] = -1.000
 Average Precision  (AP) @[ IoU=0.50:0.95 | area= large | maxDets=100 ] = 0.078
 Average Recall     (AR) @[ IoU=0.50:0.95 | area=   all | maxDets=  1 ] = 0.083
 Average Recall     (AR) @[ IoU=0.50:0.95 | area=   all | maxDets= 10 ] = 0.510
 Average Recall     (AR) @[ IoU=0.50:0.95 | area=   all | maxDets=100 ] = 0.663
 Average Recall     (AR) @[ IoU=0.50:0.95 | area= small | maxDets=100 ] = -1.000
 Average Recall     (AR) @[ IoU=0.50:0.95 | area=medium | maxDets=100 ] = -1.000
 Average Recall     (AR) @[ IoU=0.50:0.95 | area= large | maxDets=100 ] = 0.663
 Average Recall     (AR) @[ IoU=0.50      | area=   all | maxDets=100 ] = 0.933
 Average Recall     (AR) @[ IoU=0.75      | area=   all | maxDets=100 ] = 0.667
best_stat: {'epoch': 63, 'coco_eval_bbox': 0.08246005495191236}
Epoch: [67]  [0/8]  eta: 0:00:09  lr: 0.000029  loss: 37.1509 (37.1509)  loss_mal: 2.0977 (2.0977)  loss_bbox: 0.2812 (0.2812)  loss_giou: 0.3974 (0.3974)  loss_fgl: 0.9764 (0.9764)  loss_mal_aux_0: 2.5527 (2.5527)  loss_bbox_aux_0: 0.5949 (0.5949)  loss_giou_aux_0: 0.6902 (0.6902)  loss_fgl_aux_0: 1.0899 (1.0899)  loss_ddf_aux_0: 0.2224 (0.2224)  loss_mal_aux_1: 1.9287 (1.9287)  loss_bbox_aux_1: 0.3380 (0.3380)  loss_giou_aux_1: 0.4374 (0.4374)  loss_fgl_aux_1: 1.0001 (1.0001)  loss_ddf_aux_1: 0.0422 (0.0422)  loss_mal_pre: 2.6621 (2.6621)  loss_bbox_pre: 0.6050 (0.6050)  loss_giou_pre: 0.6897 (0.6897)  loss_mal_enc_0: 2.2227 (2.2227)  loss_bbox_enc_0: 1.0826 (1.0826)  loss_giou_enc_0: 1.1144 (1.1144)  loss_mal_dn_0: 1.7354 (1.7354)  loss_bbox_dn_0: 0.7226 (0.7226)  loss_giou_dn_0: 0.9418 (0.9418)  loss_fgl_dn_0: 1.0520 (1.0520)  loss_ddf_dn_0: 0.4458 (0.4458)  loss_mal_dn_1: 1.9951 (1.9951)  loss_bbox_dn_1: 0.3907 (0.3907)  loss_giou_dn_1: 0.5575 (0.5575)  loss_fgl_dn_1: 0.9946 (0.9946)  loss_ddf_dn_1: 0.0679 (0.0679)  loss_mal_dn_2: 1.9922 (1.9922)  loss_bbox_dn_2: 0.3350 (0.3350)  loss_giou_dn_2: 0.4983 (0.4983)  loss_fgl_dn_2: 0.9725 (0.9725)  loss_mal_dn_pre: 1.7715 (1.7715)  loss_bbox_dn_pre: 0.7182 (0.7182)  loss_giou_dn_pre: 0.9343 (0.9343)  time: 1.2342  data: 1.0556  max mem: 1050
Epoch: [67]  [7/8]  eta: 0:00:00  lr: 0.000029  loss: 38.0290 (40.1482)  loss_mal: 2.1230 (2.2747)  loss_bbox: 0.2948 (0.5113)  loss_giou: 0.4955 (0.4768)  loss_fgl: 0.9974 (1.0347)  loss_mal_aux_0: 2.5391 (2.7229)  loss_bbox_aux_0: 0.5949 (0.7344)  loss_giou_aux_0: 0.6978 (0.6967)  loss_fgl_aux_0: 1.0854 (1.1013)  loss_ddf_aux_0: 0.2110 (0.2144)  loss_mal_aux_1: 1.9424 (2.0865)  loss_bbox_aux_1: 0.3535 (0.5276)  loss_giou_aux_1: 0.5157 (0.5037)  loss_fgl_aux_1: 1.0699 (1.0542)  loss_ddf_aux_1: 0.0392 (0.0428)  loss_mal_pre: 2.5977 (2.7532)  loss_bbox_pre: 0.6050 (0.7525)  loss_giou_pre: 0.7130 (0.7040)  loss_mal_enc_0: 2.2227 (2.2994)  loss_bbox_enc_0: 1.0826 (1.1059)  loss_giou_enc_0: 1.0770 (1.0676)  loss_mal_dn_0: 1.7627 (1.7336)  loss_bbox_dn_0: 0.7226 (1.0128)  loss_giou_dn_0: 0.9326 (0.9514)  loss_fgl_dn_0: 1.0919 (1.0885)  loss_ddf_dn_0: 0.4159 (0.4085)  loss_mal_dn_1: 1.8984 (1.8640)  loss_bbox_dn_1: 0.4772 (0.7275)  loss_giou_dn_1: 0.5575 (0.6439)  loss_fgl_dn_1: 1.0417 (1.0676)  loss_ddf_dn_1: 0.0676 (0.0640)  loss_mal_dn_2: 1.9365 (1.8732)  loss_bbox_dn_2: 0.4458 (0.6803)  loss_giou_dn_2: 0.4983 (0.5920)  loss_fgl_dn_2: 1.0326 (1.0403)  loss_mal_dn_pre: 1.7715 (1.7449)  loss_bbox_dn_pre: 0.7182 (1.0322)  loss_giou_dn_pre: 0.9343 (0.9587)  time: 0.2698  data: 0.1400  max mem: 1050
Epoch: [67] Total time: 0:00:02 (0.2806 s / it)
Averaged stats: lr: 0.000029  loss: 38.0290 (40.1482)  loss_mal: 2.1230 (2.2747)  loss_bbox: 0.2948 (0.5113)  loss_giou: 0.4955 (0.4768)  loss_fgl: 0.9974 (1.0347)  loss_mal_aux_0: 2.5391 (2.7229)  loss_bbox_aux_0: 0.5949 (0.7344)  loss_giou_aux_0: 0.6978 (0.6967)  loss_fgl_aux_0: 1.0854 (1.1013)  loss_ddf_aux_0: 0.2110 (0.2144)  loss_mal_aux_1: 1.9424 (2.0865)  loss_bbox_aux_1: 0.3535 (0.5276)  loss_giou_aux_1: 0.5157 (0.5037)  loss_fgl_aux_1: 1.0699 (1.0542)  loss_ddf_aux_1: 0.0392 (0.0428)  loss_mal_pre: 2.5977 (2.7532)  loss_bbox_pre: 0.6050 (0.7525)  loss_giou_pre: 0.7130 (0.7040)  loss_mal_enc_0: 2.2227 (2.2994)  loss_bbox_enc_0: 1.0826 (1.1059)  loss_giou_enc_0: 1.0770 (1.0676)  loss_mal_dn_0: 1.7627 (1.7336)  loss_bbox_dn_0: 0.7226 (1.0128)  loss_giou_dn_0: 0.9326 (0.9514)  loss_fgl_dn_0: 1.0919 (1.0885)  loss_ddf_dn_0: 0.4159 (0.4085)  loss_mal_dn_1: 1.8984 (1.8640)  loss_bbox_dn_1: 0.4772 (0.7275)  loss_giou_dn_1: 0.5575 (0.6439)  loss_fgl_dn_1: 1.0417 (1.0676)  loss_ddf_dn_1: 0.0676 (0.0640)  loss_mal_dn_2: 1.9365 (1.8732)  loss_bbox_dn_2: 0.4458 (0.6803)  loss_giou_dn_2: 0.4983 (0.5920)  loss_fgl_dn_2: 1.0326 (1.0403)  loss_mal_dn_pre: 1.7715 (1.7449)  loss_bbox_dn_pre: 0.7182 (1.0322)  loss_giou_dn_pre: 0.9343 (0.9587)
Test:  [0/4]  eta: 0:00:01    time: 0.4016  data: 0.3806  max mem: 1050
Test:  [3/4]  eta: 0:00:00    time: 0.1124  data: 0.0970  max mem: 1050
Test: Total time: 0:00:00 (0.1348 s / it)
Averaged stats: 
Accumulating evaluation results...
COCOeval_opt.accumulate() finished...
DONE (t=0.00s).
IoU metric: bbox
 Average Precision  (AP) @[ IoU=0.50:0.95 | area=   all | maxDets=100 ] = 0.110
 Average Precision  (AP) @[ IoU=0.50      | area=   all | maxDets=100 ] = 0.183
 Average Precision  (AP) @[ IoU=0.75      | area=   all | maxDets=100 ] = 0.103
 Average Precision  (AP) @[ IoU=0.50:0.95 | area= small | maxDets=100 ] = -1.000
 Average Precision  (AP) @[ IoU=0.50:0.95 | area=medium | maxDets=100 ] = -1.000
 Average Precision  (AP) @[ IoU=0.50:0.95 | area= large | maxDets=100 ] = 0.110
 Average Recall     (AR) @[ IoU=0.50:0.95 | area=   all | maxDets=  1 ] = 0.180
 Average Recall     (AR) @[ IoU=0.50:0.95 | area=   all | maxDets= 10 ] = 0.517
 Average Recall     (AR) @[ IoU=0.50:0.95 | area=   all | maxDets=100 ] = 0.647
 Average Recall     (AR) @[ IoU=0.50:0.95 | area= small | maxDets=100 ] = -1.000
 Average Recall     (AR) @[ IoU=0.50:0.95 | area=medium | maxDets=100 ] = -1.000
 Average Recall     (AR) @[ IoU=0.50:0.95 | area= large | maxDets=100 ] = 0.647
 Average Recall     (AR) @[ IoU=0.50      | area=   all | maxDets=100 ] = 0.933
 Average Recall     (AR) @[ IoU=0.75      | area=   all | maxDets=100 ] = 0.700
best_stat: {'epoch': 67, 'coco_eval_bbox': 0.10953280968709966}
Epoch: [68]  [0/8]  eta: 0:00:07  lr: 0.000030  loss: 40.3006 (40.3006)  loss_mal: 2.7188 (2.7188)  loss_bbox: 0.2349 (0.2349)  loss_giou: 0.2781 (0.2781)  loss_fgl: 1.2581 (1.2581)  loss_mal_aux_0: 2.7578 (2.7578)  loss_bbox_aux_0: 0.5534 (0.5534)  loss_giou_aux_0: 0.5303 (0.5303)  loss_fgl_aux_0: 1.1773 (1.1773)  loss_ddf_aux_0: 0.2274 (0.2274)  loss_mal_aux_1: 2.0020 (2.0020)  loss_bbox_aux_1: 0.2710 (0.2710)  loss_giou_aux_1: 0.3004 (0.3004)  loss_fgl_aux_1: 1.3242 (1.3242)  loss_ddf_aux_1: 0.0488 (0.0488)  loss_mal_pre: 3.0391 (3.0391)  loss_bbox_pre: 0.5605 (0.5605)  loss_giou_pre: 0.5556 (0.5556)  loss_mal_enc_0: 3.1543 (3.1543)  loss_bbox_enc_0: 1.0647 (1.0647)  loss_giou_enc_0: 1.0095 (1.0095)  loss_mal_dn_0: 1.9854 (1.9854)  loss_bbox_dn_0: 0.9428 (0.9428)  loss_giou_dn_0: 0.8176 (0.8176)  loss_fgl_dn_0: 1.1632 (1.1632)  loss_ddf_dn_0: 0.4833 (0.4833)  loss_mal_dn_1: 1.7314 (1.7314)  loss_bbox_dn_1: 0.5432 (0.5432)  loss_giou_dn_1: 0.4496 (0.4496)  loss_fgl_dn_1: 1.1646 (1.1646)  loss_ddf_dn_1: 0.0717 (0.0717)  loss_mal_dn_2: 2.1680 (2.1680)  loss_bbox_dn_2: 0.4550 (0.4550)  loss_giou_dn_2: 0.3733 (0.3733)  loss_fgl_dn_2: 1.1003 (1.1003)  loss_mal_dn_pre: 1.9912 (1.9912)  loss_bbox_dn_pre: 0.9618 (0.9618)  loss_giou_dn_pre: 0.8320 (0.8320)  time: 0.9068  data: 0.5453  max mem: 1050
Epoch: [68]  [7/8]  eta: 0:00:00  lr: 0.000030  loss: 38.6227 (39.4343)  loss_mal: 2.2988 (2.2622)  loss_bbox: 0.2349 (0.4254)  loss_giou: 0.3044 (0.4756)  loss_fgl: 1.0612 (1.0914)  loss_mal_aux_0: 2.6660 (2.6338)  loss_bbox_aux_0: 0.4562 (0.6189)  loss_giou_aux_0: 0.5790 (0.6935)  loss_fgl_aux_0: 1.1357 (1.1409)  loss_ddf_aux_0: 0.2274 (0.2473)  loss_mal_aux_1: 2.0020 (2.0450)  loss_bbox_aux_1: 0.2710 (0.4327)  loss_giou_aux_1: 0.3303 (0.4912)  loss_fgl_aux_1: 1.0702 (1.1217)  loss_ddf_aux_1: 0.0499 (0.0503)  loss_mal_pre: 2.6738 (2.7603)  loss_bbox_pre: 0.4324 (0.6166)  loss_giou_pre: 0.5687 (0.6876)  loss_mal_enc_0: 1.9932 (2.2667)  loss_bbox_enc_0: 1.0647 (1.1157)  loss_giou_enc_0: 1.0844 (1.1707)  loss_mal_dn_0: 1.7246 (1.7712)  loss_bbox_dn_0: 0.9428 (0.9590)  loss_giou_dn_0: 0.9324 (0.9243)  loss_fgl_dn_0: 1.0856 (1.1076)  loss_ddf_dn_0: 0.4035 (0.4252)  loss_mal_dn_1: 1.7852 (1.8428)  loss_bbox_dn_1: 0.4488 (0.6122)  loss_giou_dn_1: 0.4500 (0.5663)  loss_fgl_dn_1: 1.0729 (1.0811)  loss_ddf_dn_1: 0.0682 (0.0685)  loss_mal_dn_2: 1.9668 (1.9319)  loss_bbox_dn_2: 0.3849 (0.5565)  loss_giou_dn_2: 0.3843 (0.5053)  loss_fgl_dn_2: 1.0440 (1.0465)  loss_mal_dn_pre: 1.7559 (1.7830)  loss_bbox_dn_pre: 0.9618 (0.9729)  loss_giou_dn_pre: 0.9179 (0.9323)  time: 0.2286  data: 0.0733  max mem: 1050
Epoch: [68] Total time: 0:00:01 (0.2387 s / it)
Averaged stats: lr: 0.000030  loss: 38.6227 (39.4343)  loss_mal: 2.2988 (2.2622)  loss_bbox: 0.2349 (0.4254)  loss_giou: 0.3044 (0.4756)  loss_fgl: 1.0612 (1.0914)  loss_mal_aux_0: 2.6660 (2.6338)  loss_bbox_aux_0: 0.4562 (0.6189)  loss_giou_aux_0: 0.5790 (0.6935)  loss_fgl_aux_0: 1.1357 (1.1409)  loss_ddf_aux_0: 0.2274 (0.2473)  loss_mal_aux_1: 2.0020 (2.0450)  loss_bbox_aux_1: 0.2710 (0.4327)  loss_giou_aux_1: 0.3303 (0.4912)  loss_fgl_aux_1: 1.0702 (1.1217)  loss_ddf_aux_1: 0.0499 (0.0503)  loss_mal_pre: 2.6738 (2.7603)  loss_bbox_pre: 0.4324 (0.6166)  loss_giou_pre: 0.5687 (0.6876)  loss_mal_enc_0: 1.9932 (2.2667)  loss_bbox_enc_0: 1.0647 (1.1157)  loss_giou_enc_0: 1.0844 (1.1707)  loss_mal_dn_0: 1.7246 (1.7712)  loss_bbox_dn_0: 0.9428 (0.9590)  loss_giou_dn_0: 0.9324 (0.9243)  loss_fgl_dn_0: 1.0856 (1.1076)  loss_ddf_dn_0: 0.4035 (0.4252)  loss_mal_dn_1: 1.7852 (1.8428)  loss_bbox_dn_1: 0.4488 (0.6122)  loss_giou_dn_1: 0.4500 (0.5663)  loss_fgl_dn_1: 1.0729 (1.0811)  loss_ddf_dn_1: 0.0682 (0.0685)  loss_mal_dn_2: 1.9668 (1.9319)  loss_bbox_dn_2: 0.3849 (0.5565)  loss_giou_dn_2: 0.3843 (0.5053)  loss_fgl_dn_2: 1.0440 (1.0465)  loss_mal_dn_pre: 1.7559 (1.7830)  loss_bbox_dn_pre: 0.9618 (0.9729)  loss_giou_dn_pre: 0.9179 (0.9323)
Test:  [0/4]  eta: 0:00:01    time: 0.3504  data: 0.3114  max mem: 1050
Test:  [3/4]  eta: 0:00:00    time: 0.1002  data: 0.0798  max mem: 1050
Test: Total time: 0:00:00 (0.1190 s / it)
Averaged stats: 
Accumulating evaluation results...
COCOeval_opt.accumulate() finished...
DONE (t=0.00s).
IoU metric: bbox
 Average Precision  (AP) @[ IoU=0.50:0.95 | area=   all | maxDets=100 ] = 0.099
 Average Precision  (AP) @[ IoU=0.50      | area=   all | maxDets=100 ] = 0.143
 Average Precision  (AP) @[ IoU=0.75      | area=   all | maxDets=100 ] = 0.104
 Average Precision  (AP) @[ IoU=0.50:0.95 | area= small | maxDets=100 ] = -1.000
 Average Precision  (AP) @[ IoU=0.50:0.95 | area=medium | maxDets=100 ] = -1.000
 Average Precision  (AP) @[ IoU=0.50:0.95 | area= large | maxDets=100 ] = 0.099
 Average Recall     (AR) @[ IoU=0.50:0.95 | area=   all | maxDets=  1 ] = 0.170
 Average Recall     (AR) @[ IoU=0.50:0.95 | area=   all | maxDets= 10 ] = 0.527
 Average Recall     (AR) @[ IoU=0.50:0.95 | area=   all | maxDets=100 ] = 0.653
 Average Recall     (AR) @[ IoU=0.50:0.95 | area= small | maxDets=100 ] = -1.000
 Average Recall     (AR) @[ IoU=0.50:0.95 | area=medium | maxDets=100 ] = -1.000
 Average Recall     (AR) @[ IoU=0.50:0.95 | area= large | maxDets=100 ] = 0.653
 Average Recall     (AR) @[ IoU=0.50      | area=   all | maxDets=100 ] = 0.900
 Average Recall     (AR) @[ IoU=0.75      | area=   all | maxDets=100 ] = 0.733
best_stat: {'epoch': 67, 'coco_eval_bbox': 0.10953280968709966}
Epoch: [69]  [0/8]  eta: 0:00:07  lr: 0.000030  loss: 59.0052 (59.0052)  loss_mal: 1.2539 (1.2539)  loss_bbox: 3.2759 (3.2759)  loss_giou: 1.2221 (1.2221)  loss_fgl: 0.9723 (0.9723)  loss_mal_aux_0: 1.6289 (1.6289)  loss_bbox_aux_0: 3.3483 (3.3483)  loss_giou_aux_0: 1.2529 (1.2529)  loss_fgl_aux_0: 0.8897 (0.8897)  loss_ddf_aux_0: 0.1645 (0.1645)  loss_mal_aux_1: 1.4355 (1.4355)  loss_bbox_aux_1: 3.2485 (3.2485)  loss_giou_aux_1: 1.2157 (1.2157)  loss_fgl_aux_1: 0.9353 (0.9353)  loss_ddf_aux_1: 0.0252 (0.0252)  loss_mal_pre: 1.6035 (1.6035)  loss_bbox_pre: 3.3686 (3.3686)  loss_giou_pre: 1.2792 (1.2792)  loss_mal_enc_0: 1.6797 (1.6797)  loss_bbox_enc_0: 3.6451 (3.6451)  loss_giou_enc_0: 1.3199 (1.3199)  loss_mal_dn_0: 1.4287 (1.4287)  loss_bbox_dn_0: 2.9823 (2.9823)  loss_giou_dn_0: 1.1204 (1.1204)  loss_fgl_dn_0: 1.0186 (1.0186)  loss_ddf_dn_0: 0.2795 (0.2795)  loss_mal_dn_1: 1.3535 (1.3535)  loss_bbox_dn_1: 3.0151 (3.0151)  loss_giou_dn_1: 1.1071 (1.1071)  loss_fgl_dn_1: 1.0355 (1.0355)  loss_ddf_dn_1: 0.0432 (0.0432)  loss_mal_dn_2: 1.1416 (1.1416)  loss_bbox_dn_2: 2.9706 (2.9706)  loss_giou_dn_2: 1.0837 (1.0837)  loss_fgl_dn_2: 1.0687 (1.0687)  loss_mal_dn_pre: 1.4541 (1.4541)  loss_bbox_dn_pre: 3.0129 (3.0129)  loss_giou_dn_pre: 1.1250 (1.1250)  time: 0.8897  data: 0.7531  max mem: 1050
Epoch: [69]  [7/8]  eta: 0:00:00  lr: 0.000031  loss: 37.9920 (40.0036)  loss_mal: 2.1211 (2.0945)  loss_bbox: 0.2416 (0.6566)  loss_giou: 0.3645 (0.5296)  loss_fgl: 1.0562 (1.0597)  loss_mal_aux_0: 2.5449 (2.5930)  loss_bbox_aux_0: 0.4240 (0.7740)  loss_giou_aux_0: 0.5322 (0.6767)  loss_fgl_aux_0: 1.0914 (1.0993)  loss_ddf_aux_0: 0.2425 (0.2481)  loss_mal_aux_1: 2.0254 (2.0177)  loss_bbox_aux_1: 0.2415 (0.6687)  loss_giou_aux_1: 0.4176 (0.5585)  loss_fgl_aux_1: 1.0972 (1.0697)  loss_ddf_aux_1: 0.0468 (0.0478)  loss_mal_pre: 2.6074 (2.6416)  loss_bbox_pre: 0.4311 (0.7809)  loss_giou_pre: 0.5493 (0.6813)  loss_mal_enc_0: 2.0820 (2.1996)  loss_bbox_enc_0: 0.8045 (1.0941)  loss_giou_enc_0: 1.0009 (1.0759)  loss_mal_dn_0: 1.6572 (1.7048)  loss_bbox_dn_0: 0.6911 (0.9908)  loss_giou_dn_0: 0.9427 (0.9596)  loss_fgl_dn_0: 1.0803 (1.0874)  loss_ddf_dn_0: 0.4165 (0.4486)  loss_mal_dn_1: 1.7100 (1.7343)  loss_bbox_dn_1: 0.4406 (0.7750)  loss_giou_dn_1: 0.6536 (0.6738)  loss_fgl_dn_1: 1.0612 (1.0945)  loss_ddf_dn_1: 0.0654 (0.0697)  loss_mal_dn_2: 1.8027 (1.7672)  loss_bbox_dn_2: 0.4170 (0.7361)  loss_giou_dn_2: 0.6018 (0.6205)  loss_fgl_dn_2: 1.0687 (1.0853)  loss_mal_dn_pre: 1.6904 (1.7344)  loss_bbox_dn_pre: 0.6908 (0.9944)  loss_giou_dn_pre: 0.9416 (0.9598)  time: 0.2518  data: 0.1038  max mem: 1050
Epoch: [69] Total time: 0:00:02 (0.2594 s / it)
Averaged stats: lr: 0.000031  loss: 37.9920 (40.0036)  loss_mal: 2.1211 (2.0945)  loss_bbox: 0.2416 (0.6566)  loss_giou: 0.3645 (0.5296)  loss_fgl: 1.0562 (1.0597)  loss_mal_aux_0: 2.5449 (2.5930)  loss_bbox_aux_0: 0.4240 (0.7740)  loss_giou_aux_0: 0.5322 (0.6767)  loss_fgl_aux_0: 1.0914 (1.0993)  loss_ddf_aux_0: 0.2425 (0.2481)  loss_mal_aux_1: 2.0254 (2.0177)  loss_bbox_aux_1: 0.2415 (0.6687)  loss_giou_aux_1: 0.4176 (0.5585)  loss_fgl_aux_1: 1.0972 (1.0697)  loss_ddf_aux_1: 0.0468 (0.0478)  loss_mal_pre: 2.6074 (2.6416)  loss_bbox_pre: 0.4311 (0.7809)  loss_giou_pre: 0.5493 (0.6813)  loss_mal_enc_0: 2.0820 (2.1996)  loss_bbox_enc_0: 0.8045 (1.0941)  loss_giou_enc_0: 1.0009 (1.0759)  loss_mal_dn_0: 1.6572 (1.7048)  loss_bbox_dn_0: 0.6911 (0.9908)  loss_giou_dn_0: 0.9427 (0.9596)  loss_fgl_dn_0: 1.0803 (1.0874)  loss_ddf_dn_0: 0.4165 (0.4486)  loss_mal_dn_1: 1.7100 (1.7343)  loss_bbox_dn_1: 0.4406 (0.7750)  loss_giou_dn_1: 0.6536 (0.6738)  loss_fgl_dn_1: 1.0612 (1.0945)  loss_ddf_dn_1: 0.0654 (0.0697)  loss_mal_dn_2: 1.8027 (1.7672)  loss_bbox_dn_2: 0.4170 (0.7361)  loss_giou_dn_2: 0.6018 (0.6205)  loss_fgl_dn_2: 1.0687 (1.0853)  loss_mal_dn_pre: 1.6904 (1.7344)  loss_bbox_dn_pre: 0.6908 (0.9944)  loss_giou_dn_pre: 0.9416 (0.9598)
Test:  [0/4]  eta: 0:00:01    time: 0.3363  data: 0.3110  max mem: 1050
Test:  [3/4]  eta: 0:00:00    time: 0.0969  data: 0.0798  max mem: 1050
Test: Total time: 0:00:00 (0.1156 s / it)
Averaged stats: 
Accumulating evaluation results...
COCOeval_opt.accumulate() finished...
DONE (t=0.00s).
IoU metric: bbox
 Average Precision  (AP) @[ IoU=0.50:0.95 | area=   all | maxDets=100 ] = 0.143
 Average Precision  (AP) @[ IoU=0.50      | area=   all | maxDets=100 ] = 0.198
 Average Precision  (AP) @[ IoU=0.75      | area=   all | maxDets=100 ] = 0.149
 Average Precision  (AP) @[ IoU=0.50:0.95 | area= small | maxDets=100 ] = -1.000
 Average Precision  (AP) @[ IoU=0.50:0.95 | area=medium | maxDets=100 ] = -1.000
 Average Precision  (AP) @[ IoU=0.50:0.95 | area= large | maxDets=100 ] = 0.143
 Average Recall     (AR) @[ IoU=0.50:0.95 | area=   all | maxDets=  1 ] = 0.253
 Average Recall     (AR) @[ IoU=0.50:0.95 | area=   all | maxDets= 10 ] = 0.567
 Average Recall     (AR) @[ IoU=0.50:0.95 | area=   all | maxDets=100 ] = 0.700
 Average Recall     (AR) @[ IoU=0.50:0.95 | area= small | maxDets=100 ] = -1.000
 Average Recall     (AR) @[ IoU=0.50:0.95 | area=medium | maxDets=100 ] = -1.000
 Average Recall     (AR) @[ IoU=0.50:0.95 | area= large | maxDets=100 ] = 0.700
 Average Recall     (AR) @[ IoU=0.50      | area=   all | maxDets=100 ] = 0.933
 Average Recall     (AR) @[ IoU=0.75      | area=   all | maxDets=100 ] = 0.700
best_stat: {'epoch': 69, 'coco_eval_bbox': 0.14284187841256243}
Epoch: [70]  [0/8]  eta: 0:00:10  lr: 0.000031  loss: 37.1734 (37.1734)  loss_mal: 1.8223 (1.8223)  loss_bbox: 0.5223 (0.5223)  loss_giou: 0.7428 (0.7428)  loss_fgl: 1.0767 (1.0767)  loss_mal_aux_0: 2.0879 (2.0879)  loss_bbox_aux_0: 0.6266 (0.6266)  loss_giou_aux_0: 0.8781 (0.8781)  loss_fgl_aux_0: 1.0518 (1.0518)  loss_ddf_aux_0: 0.2649 (0.2649)  loss_mal_aux_1: 1.7402 (1.7402)  loss_bbox_aux_1: 0.5553 (0.5553)  loss_giou_aux_1: 0.7956 (0.7956)  loss_fgl_aux_1: 1.0897 (1.0897)  loss_ddf_aux_1: 0.0474 (0.0474)  loss_mal_pre: 2.1113 (2.1113)  loss_bbox_pre: 0.6282 (0.6282)  loss_giou_pre: 0.8989 (0.8989)  loss_mal_enc_0: 1.9590 (1.9590)  loss_bbox_enc_0: 0.9263 (0.9263)  loss_giou_enc_0: 1.2837 (1.2837)  loss_mal_dn_0: 1.5947 (1.5947)  loss_bbox_dn_0: 0.6194 (0.6194)  loss_giou_dn_0: 0.9941 (0.9941)  loss_fgl_dn_0: 1.0714 (1.0714)  loss_ddf_dn_0: 0.4919 (0.4919)  loss_mal_dn_1: 1.7471 (1.7471)  loss_bbox_dn_1: 0.4437 (0.4437)  loss_giou_dn_1: 0.7267 (0.7267)  loss_fgl_dn_1: 1.1621 (1.1621)  loss_ddf_dn_1: 0.0824 (0.0824)  loss_mal_dn_2: 1.6475 (1.6475)  loss_bbox_dn_2: 0.4180 (0.4180)  loss_giou_dn_2: 0.6785 (0.6785)  loss_fgl_dn_2: 1.1469 (1.1469)  loss_mal_dn_pre: 1.6299 (1.6299)  loss_bbox_dn_pre: 0.6189 (0.6189)  loss_giou_dn_pre: 0.9910 (0.9910)  time: 1.3173  data: 1.1659  max mem: 1050
Epoch: [70]  [7/8]  eta: 0:00:00  lr: 0.000032  loss: 37.7429 (38.4020)  loss_mal: 2.2461 (2.2454)  loss_bbox: 0.2601 (0.3517)  loss_giou: 0.3054 (0.3827)  loss_fgl: 1.0767 (1.0951)  loss_mal_aux_0: 2.8145 (2.8499)  loss_bbox_aux_0: 0.3014 (0.4391)  loss_giou_aux_0: 0.4882 (0.5268)  loss_fgl_aux_0: 1.1428 (1.1660)  loss_ddf_aux_0: 0.2512 (0.2635)  loss_mal_aux_1: 2.0547 (2.1156)  loss_bbox_aux_1: 0.2445 (0.3737)  loss_giou_aux_1: 0.3264 (0.4039)  loss_fgl_aux_1: 1.0897 (1.0985)  loss_ddf_aux_1: 0.0494 (0.0538)  loss_mal_pre: 2.9668 (2.9282)  loss_bbox_pre: 0.3410 (0.4458)  loss_giou_pre: 0.4922 (0.5354)  loss_mal_enc_0: 2.6875 (2.6497)  loss_bbox_enc_0: 0.6683 (0.7867)  loss_giou_enc_0: 0.7990 (0.8971)  loss_mal_dn_0: 1.7686 (1.8129)  loss_bbox_dn_0: 0.8232 (0.8703)  loss_giou_dn_0: 0.8543 (0.8822)  loss_fgl_dn_0: 1.1094 (1.1171)  loss_ddf_dn_0: 0.4807 (0.4975)  loss_mal_dn_1: 1.7471 (1.7728)  loss_bbox_dn_1: 0.4940 (0.5688)  loss_giou_dn_1: 0.5173 (0.5510)  loss_fgl_dn_1: 1.0759 (1.0907)  loss_ddf_dn_1: 0.0748 (0.0763)  loss_mal_dn_2: 1.8896 (1.8531)  loss_bbox_dn_2: 0.4436 (0.5295)  loss_giou_dn_2: 0.4570 (0.4963)  loss_fgl_dn_2: 1.0569 (1.0675)  loss_mal_dn_pre: 1.7842 (1.8374)  loss_bbox_dn_pre: 0.8410 (0.8817)  loss_giou_dn_pre: 0.8648 (0.8884)  time: 0.2945  data: 0.1474  max mem: 1050
Epoch: [70] Total time: 0:00:02 (0.3020 s / it)
Averaged stats: lr: 0.000032  loss: 37.7429 (38.4020)  loss_mal: 2.2461 (2.2454)  loss_bbox: 0.2601 (0.3517)  loss_giou: 0.3054 (0.3827)  loss_fgl: 1.0767 (1.0951)  loss_mal_aux_0: 2.8145 (2.8499)  loss_bbox_aux_0: 0.3014 (0.4391)  loss_giou_aux_0: 0.4882 (0.5268)  loss_fgl_aux_0: 1.1428 (1.1660)  loss_ddf_aux_0: 0.2512 (0.2635)  loss_mal_aux_1: 2.0547 (2.1156)  loss_bbox_aux_1: 0.2445 (0.3737)  loss_giou_aux_1: 0.3264 (0.4039)  loss_fgl_aux_1: 1.0897 (1.0985)  loss_ddf_aux_1: 0.0494 (0.0538)  loss_mal_pre: 2.9668 (2.9282)  loss_bbox_pre: 0.3410 (0.4458)  loss_giou_pre: 0.4922 (0.5354)  loss_mal_enc_0: 2.6875 (2.6497)  loss_bbox_enc_0: 0.6683 (0.7867)  loss_giou_enc_0: 0.7990 (0.8971)  loss_mal_dn_0: 1.7686 (1.8129)  loss_bbox_dn_0: 0.8232 (0.8703)  loss_giou_dn_0: 0.8543 (0.8822)  loss_fgl_dn_0: 1.1094 (1.1171)  loss_ddf_dn_0: 0.4807 (0.4975)  loss_mal_dn_1: 1.7471 (1.7728)  loss_bbox_dn_1: 0.4940 (0.5688)  loss_giou_dn_1: 0.5173 (0.5510)  loss_fgl_dn_1: 1.0759 (1.0907)  loss_ddf_dn_1: 0.0748 (0.0763)  loss_mal_dn_2: 1.8896 (1.8531)  loss_bbox_dn_2: 0.4436 (0.5295)  loss_giou_dn_2: 0.4570 (0.4963)  loss_fgl_dn_2: 1.0569 (1.0675)  loss_mal_dn_pre: 1.7842 (1.8374)  loss_bbox_dn_pre: 0.8410 (0.8817)  loss_giou_dn_pre: 0.8648 (0.8884)
Test:  [0/4]  eta: 0:00:01    time: 0.3695  data: 0.3485  max mem: 1050
Test:  [3/4]  eta: 0:00:00    time: 0.1051  data: 0.0891  max mem: 1050
Test: Total time: 0:00:00 (0.1244 s / it)
Averaged stats: 
Accumulating evaluation results...
COCOeval_opt.accumulate() finished...
DONE (t=0.00s).
IoU metric: bbox
 Average Precision  (AP) @[ IoU=0.50:0.95 | area=   all | maxDets=100 ] = 0.144
 Average Precision  (AP) @[ IoU=0.50      | area=   all | maxDets=100 ] = 0.185
 Average Precision  (AP) @[ IoU=0.75      | area=   all | maxDets=100 ] = 0.161
 Average Precision  (AP) @[ IoU=0.50:0.95 | area= small | maxDets=100 ] = -1.000
 Average Precision  (AP) @[ IoU=0.50:0.95 | area=medium | maxDets=100 ] = -1.000
 Average Precision  (AP) @[ IoU=0.50:0.95 | area= large | maxDets=100 ] = 0.144
 Average Recall     (AR) @[ IoU=0.50:0.95 | area=   all | maxDets=  1 ] = 0.207
 Average Recall     (AR) @[ IoU=0.50:0.95 | area=   all | maxDets= 10 ] = 0.580
 Average Recall     (AR) @[ IoU=0.50:0.95 | area=   all | maxDets=100 ] = 0.713
 Average Recall     (AR) @[ IoU=0.50:0.95 | area= small | maxDets=100 ] = -1.000
 Average Recall     (AR) @[ IoU=0.50:0.95 | area=medium | maxDets=100 ] = -1.000
 Average Recall     (AR) @[ IoU=0.50:0.95 | area= large | maxDets=100 ] = 0.713
 Average Recall     (AR) @[ IoU=0.50      | area=   all | maxDets=100 ] = 0.900
 Average Recall     (AR) @[ IoU=0.75      | area=   all | maxDets=100 ] = 0.733
best_stat: {'epoch': 70, 'coco_eval_bbox': 0.14420649488457887}
Epoch: [71]  [0/8]  eta: 0:00:10  lr: 0.000032  loss: 37.9533 (37.9533)  loss_mal: 2.4590 (2.4590)  loss_bbox: 0.1061 (0.1061)  loss_giou: 0.1999 (0.1999)  loss_fgl: 0.9557 (0.9557)  loss_mal_aux_0: 3.4043 (3.4043)  loss_bbox_aux_0: 0.2032 (0.2032)  loss_giou_aux_0: 0.3428 (0.3428)  loss_fgl_aux_0: 1.1350 (1.1350)  loss_ddf_aux_0: 0.2573 (0.2573)  loss_mal_aux_1: 2.5645 (2.5645)  loss_bbox_aux_1: 0.0960 (0.0960)  loss_giou_aux_1: 0.1889 (0.1889)  loss_fgl_aux_1: 0.9826 (0.9826)  loss_ddf_aux_1: 0.0434 (0.0434)  loss_mal_pre: 3.5059 (3.5059)  loss_bbox_pre: 0.2198 (0.2198)  loss_giou_pre: 0.3443 (0.3443)  loss_mal_enc_0: 3.2246 (3.2246)  loss_bbox_enc_0: 0.4666 (0.4666)  loss_giou_enc_0: 0.7710 (0.7710)  loss_mal_dn_0: 1.9512 (1.9512)  loss_bbox_dn_0: 0.8397 (0.8397)  loss_giou_dn_0: 0.8435 (0.8435)  loss_fgl_dn_0: 1.1027 (1.1027)  loss_ddf_dn_0: 0.4984 (0.4984)  loss_mal_dn_1: 1.9189 (1.9189)  loss_bbox_dn_1: 0.4073 (0.4073)  loss_giou_dn_1: 0.4167 (0.4167)  loss_fgl_dn_1: 1.0167 (1.0167)  loss_ddf_dn_1: 0.0616 (0.0616)  loss_mal_dn_2: 2.0742 (2.0742)  loss_bbox_dn_2: 0.3207 (0.3207)  loss_giou_dn_2: 0.3449 (0.3449)  loss_fgl_dn_2: 0.9701 (0.9701)  loss_mal_dn_pre: 1.9600 (1.9600)  loss_bbox_dn_pre: 0.8969 (0.8969)  loss_giou_dn_pre: 0.8591 (0.8591)  time: 1.3116  data: 1.1065  max mem: 1050
Epoch: [71]  [7/8]  eta: 0:00:00  lr: 0.000033  loss: 37.0534 (37.4468)  loss_mal: 2.1445 (2.2073)  loss_bbox: 0.1064 (0.2829)  loss_giou: 0.1999 (0.3668)  loss_fgl: 1.0792 (1.0668)  loss_mal_aux_0: 2.5762 (2.8291)  loss_bbox_aux_0: 0.3373 (0.3942)  loss_giou_aux_0: 0.3673 (0.4992)  loss_fgl_aux_0: 1.1629 (1.1578)  loss_ddf_aux_0: 0.2997 (0.3014)  loss_mal_aux_1: 1.8848 (2.0680)  loss_bbox_aux_1: 0.1286 (0.2978)  loss_giou_aux_1: 0.1889 (0.3774)  loss_fgl_aux_1: 1.0748 (1.0846)  loss_ddf_aux_1: 0.0548 (0.0591)  loss_mal_pre: 2.6719 (2.9331)  loss_bbox_pre: 0.3369 (0.3925)  loss_giou_pre: 0.3472 (0.4951)  loss_mal_enc_0: 2.4961 (2.7444)  loss_bbox_enc_0: 0.6542 (0.7299)  loss_giou_enc_0: 0.7829 (0.9095)  loss_mal_dn_0: 1.8350 (1.8656)  loss_bbox_dn_0: 0.6359 (0.7274)  loss_giou_dn_0: 0.8013 (0.8455)  loss_fgl_dn_0: 1.1092 (1.1362)  loss_ddf_dn_0: 0.5974 (0.5908)  loss_mal_dn_1: 1.6182 (1.6917)  loss_bbox_dn_1: 0.3264 (0.4410)  loss_giou_dn_1: 0.4167 (0.5124)  loss_fgl_dn_1: 1.1056 (1.1161)  loss_ddf_dn_1: 0.0863 (0.0854)  loss_mal_dn_2: 1.7109 (1.8036)  loss_bbox_dn_2: 0.2897 (0.4048)  loss_giou_dn_2: 0.3449 (0.4661)  loss_fgl_dn_2: 1.0950 (1.0811)  loss_mal_dn_pre: 1.8652 (1.8951)  loss_bbox_dn_pre: 0.6383 (0.7366)  loss_giou_dn_pre: 0.7997 (0.8503)  time: 0.3178  data: 0.1400  max mem: 1050
Epoch: [71] Total time: 0:00:02 (0.3289 s / it)
Averaged stats: lr: 0.000033  loss: 37.0534 (37.4468)  loss_mal: 2.1445 (2.2073)  loss_bbox: 0.1064 (0.2829)  loss_giou: 0.1999 (0.3668)  loss_fgl: 1.0792 (1.0668)  loss_mal_aux_0: 2.5762 (2.8291)  loss_bbox_aux_0: 0.3373 (0.3942)  loss_giou_aux_0: 0.3673 (0.4992)  loss_fgl_aux_0: 1.1629 (1.1578)  loss_ddf_aux_0: 0.2997 (0.3014)  loss_mal_aux_1: 1.8848 (2.0680)  loss_bbox_aux_1: 0.1286 (0.2978)  loss_giou_aux_1: 0.1889 (0.3774)  loss_fgl_aux_1: 1.0748 (1.0846)  loss_ddf_aux_1: 0.0548 (0.0591)  loss_mal_pre: 2.6719 (2.9331)  loss_bbox_pre: 0.3369 (0.3925)  loss_giou_pre: 0.3472 (0.4951)  loss_mal_enc_0: 2.4961 (2.7444)  loss_bbox_enc_0: 0.6542 (0.7299)  loss_giou_enc_0: 0.7829 (0.9095)  loss_mal_dn_0: 1.8350 (1.8656)  loss_bbox_dn_0: 0.6359 (0.7274)  loss_giou_dn_0: 0.8013 (0.8455)  loss_fgl_dn_0: 1.1092 (1.1362)  loss_ddf_dn_0: 0.5974 (0.5908)  loss_mal_dn_1: 1.6182 (1.6917)  loss_bbox_dn_1: 0.3264 (0.4410)  loss_giou_dn_1: 0.4167 (0.5124)  loss_fgl_dn_1: 1.1056 (1.1161)  loss_ddf_dn_1: 0.0863 (0.0854)  loss_mal_dn_2: 1.7109 (1.8036)  loss_bbox_dn_2: 0.2897 (0.4048)  loss_giou_dn_2: 0.3449 (0.4661)  loss_fgl_dn_2: 1.0950 (1.0811)  loss_mal_dn_pre: 1.8652 (1.8951)  loss_bbox_dn_pre: 0.6383 (0.7366)  loss_giou_dn_pre: 0.7997 (0.8503)
Test:  [0/4]  eta: 0:00:01    time: 0.3384  data: 0.3167  max mem: 1050
Test:  [3/4]  eta: 0:00:00    time: 0.0968  data: 0.0812  max mem: 1050
Test: Total time: 0:00:00 (0.1207 s / it)
Averaged stats: 
Accumulating evaluation results...
COCOeval_opt.accumulate() finished...
DONE (t=0.00s).
IoU metric: bbox
 Average Precision  (AP) @[ IoU=0.50:0.95 | area=   all | maxDets=100 ] = 0.154
 Average Precision  (AP) @[ IoU=0.50      | area=   all | maxDets=100 ] = 0.206
 Average Precision  (AP) @[ IoU=0.75      | area=   all | maxDets=100 ] = 0.175
 Average Precision  (AP) @[ IoU=0.50:0.95 | area= small | maxDets=100 ] = -1.000
 Average Precision  (AP) @[ IoU=0.50:0.95 | area=medium | maxDets=100 ] = -1.000
 Average Precision  (AP) @[ IoU=0.50:0.95 | area= large | maxDets=100 ] = 0.154
 Average Recall     (AR) @[ IoU=0.50:0.95 | area=   all | maxDets=  1 ] = 0.237
 Average Recall     (AR) @[ IoU=0.50:0.95 | area=   all | maxDets= 10 ] = 0.597
 Average Recall     (AR) @[ IoU=0.50:0.95 | area=   all | maxDets=100 ] = 0.717
 Average Recall     (AR) @[ IoU=0.50:0.95 | area= small | maxDets=100 ] = -1.000
 Average Recall     (AR) @[ IoU=0.50:0.95 | area=medium | maxDets=100 ] = -1.000
 Average Recall     (AR) @[ IoU=0.50:0.95 | area= large | maxDets=100 ] = 0.717
 Average Recall     (AR) @[ IoU=0.50      | area=   all | maxDets=100 ] = 0.900
 Average Recall     (AR) @[ IoU=0.75      | area=   all | maxDets=100 ] = 0.800
best_stat: {'epoch': 71, 'coco_eval_bbox': 0.15382642730200652}
Epoch: [72]  [0/8]  eta: 0:00:05  lr: 0.000033  loss: 40.5191 (40.5191)  loss_mal: 2.4531 (2.4531)  loss_bbox: 0.4027 (0.4027)  loss_giou: 0.2730 (0.2730)  loss_fgl: 1.0672 (1.0672)  loss_mal_aux_0: 3.1523 (3.1523)  loss_bbox_aux_0: 0.4516 (0.4516)  loss_giou_aux_0: 0.3435 (0.3435)  loss_fgl_aux_0: 1.1107 (1.1107)  loss_ddf_aux_0: 0.2257 (0.2257)  loss_mal_aux_1: 2.4805 (2.4805)  loss_bbox_aux_1: 0.3824 (0.3824)  loss_giou_aux_1: 0.2622 (0.2622)  loss_fgl_aux_1: 1.0408 (1.0408)  loss_ddf_aux_1: 0.0445 (0.0445)  loss_mal_pre: 3.2559 (3.2559)  loss_bbox_pre: 0.4814 (0.4814)  loss_giou_pre: 0.3476 (0.3476)  loss_mal_enc_0: 3.2930 (3.2930)  loss_bbox_enc_0: 0.8305 (0.8305)  loss_giou_enc_0: 0.6880 (0.6880)  loss_mal_dn_0: 1.9697 (1.9697)  loss_bbox_dn_0: 1.2314 (1.2314)  loss_giou_dn_0: 0.8174 (0.8174)  loss_fgl_dn_0: 1.1415 (1.1415)  loss_ddf_dn_0: 0.4184 (0.4184)  loss_mal_dn_1: 2.0234 (2.0234)  loss_bbox_dn_1: 0.6802 (0.6802)  loss_giou_dn_1: 0.4500 (0.4500)  loss_fgl_dn_1: 1.0694 (1.0694)  loss_ddf_dn_1: 0.0644 (0.0644)  loss_mal_dn_2: 1.9307 (1.9307)  loss_bbox_dn_2: 0.6211 (0.6211)  loss_giou_dn_2: 0.3965 (0.3965)  loss_fgl_dn_2: 1.0520 (1.0520)  loss_mal_dn_pre: 1.9971 (1.9971)  loss_bbox_dn_pre: 1.2430 (1.2430)  loss_giou_dn_pre: 0.8263 (0.8263)  time: 0.7189  data: 0.5966  max mem: 1050
Epoch: [72]  [7/8]  eta: 0:00:00  lr: 0.000034  loss: 39.2126 (39.6076)  loss_mal: 2.0430 (2.1523)  loss_bbox: 0.4027 (0.4549)  loss_giou: 0.2914 (0.4409)  loss_fgl: 1.0672 (1.1234)  loss_mal_aux_0: 2.6523 (2.6768)  loss_bbox_aux_0: 0.4516 (0.5694)  loss_giou_aux_0: 0.4393 (0.5457)  loss_fgl_aux_0: 1.1543 (1.1511)  loss_ddf_aux_0: 0.2602 (0.2709)  loss_mal_aux_1: 2.0801 (2.1395)  loss_bbox_aux_1: 0.3805 (0.4572)  loss_giou_aux_1: 0.3495 (0.4522)  loss_fgl_aux_1: 1.1597 (1.1513)  loss_ddf_aux_1: 0.0522 (0.0576)  loss_mal_pre: 2.8125 (2.7551)  loss_bbox_pre: 0.4814 (0.6030)  loss_giou_pre: 0.4803 (0.5655)  loss_mal_enc_0: 2.4414 (2.5527)  loss_bbox_enc_0: 0.8305 (0.9653)  loss_giou_enc_0: 0.9257 (0.9327)  loss_mal_dn_0: 1.7666 (1.7209)  loss_bbox_dn_0: 1.2314 (1.1666)  loss_giou_dn_0: 0.8782 (0.9114)  loss_fgl_dn_0: 1.1006 (1.1113)  loss_ddf_dn_0: 0.4778 (0.4867)  loss_mal_dn_1: 1.5625 (1.6080)  loss_bbox_dn_1: 0.6830 (0.8305)  loss_giou_dn_1: 0.5995 (0.6348)  loss_fgl_dn_1: 1.0694 (1.1099)  loss_ddf_dn_1: 0.0644 (0.0703)  loss_mal_dn_2: 1.5674 (1.6218)  loss_bbox_dn_2: 0.6211 (0.7848)  loss_giou_dn_2: 0.5436 (0.5939)  loss_fgl_dn_2: 1.0520 (1.0860)  loss_mal_dn_pre: 1.7881 (1.7482)  loss_bbox_dn_pre: 1.2430 (1.1862)  loss_giou_dn_pre: 0.8810 (0.9188)  time: 0.2273  data: 0.0985  max mem: 1050
Epoch: [72] Total time: 0:00:01 (0.2359 s / it)
Averaged stats: lr: 0.000034  loss: 39.2126 (39.6076)  loss_mal: 2.0430 (2.1523)  loss_bbox: 0.4027 (0.4549)  loss_giou: 0.2914 (0.4409)  loss_fgl: 1.0672 (1.1234)  loss_mal_aux_0: 2.6523 (2.6768)  loss_bbox_aux_0: 0.4516 (0.5694)  loss_giou_aux_0: 0.4393 (0.5457)  loss_fgl_aux_0: 1.1543 (1.1511)  loss_ddf_aux_0: 0.2602 (0.2709)  loss_mal_aux_1: 2.0801 (2.1395)  loss_bbox_aux_1: 0.3805 (0.4572)  loss_giou_aux_1: 0.3495 (0.4522)  loss_fgl_aux_1: 1.1597 (1.1513)  loss_ddf_aux_1: 0.0522 (0.0576)  loss_mal_pre: 2.8125 (2.7551)  loss_bbox_pre: 0.4814 (0.6030)  loss_giou_pre: 0.4803 (0.5655)  loss_mal_enc_0: 2.4414 (2.5527)  loss_bbox_enc_0: 0.8305 (0.9653)  loss_giou_enc_0: 0.9257 (0.9327)  loss_mal_dn_0: 1.7666 (1.7209)  loss_bbox_dn_0: 1.2314 (1.1666)  loss_giou_dn_0: 0.8782 (0.9114)  loss_fgl_dn_0: 1.1006 (1.1113)  loss_ddf_dn_0: 0.4778 (0.4867)  loss_mal_dn_1: 1.5625 (1.6080)  loss_bbox_dn_1: 0.6830 (0.8305)  loss_giou_dn_1: 0.5995 (0.6348)  loss_fgl_dn_1: 1.0694 (1.1099)  loss_ddf_dn_1: 0.0644 (0.0703)  loss_mal_dn_2: 1.5674 (1.6218)  loss_bbox_dn_2: 0.6211 (0.7848)  loss_giou_dn_2: 0.5436 (0.5939)  loss_fgl_dn_2: 1.0520 (1.0860)  loss_mal_dn_pre: 1.7881 (1.7482)  loss_bbox_dn_pre: 1.2430 (1.1862)  loss_giou_dn_pre: 0.8810 (0.9188)
Test:  [0/4]  eta: 0:00:01    time: 0.3320  data: 0.3079  max mem: 1050
Test:  [3/4]  eta: 0:00:00    time: 0.1015  data: 0.0789  max mem: 1050
Test: Total time: 0:00:00 (0.1185 s / it)
Averaged stats: 
Accumulating evaluation results...
COCOeval_opt.accumulate() finished...
DONE (t=0.00s).
IoU metric: bbox
 Average Precision  (AP) @[ IoU=0.50:0.95 | area=   all | maxDets=100 ] = 0.158
 Average Precision  (AP) @[ IoU=0.50      | area=   all | maxDets=100 ] = 0.241
 Average Precision  (AP) @[ IoU=0.75      | area=   all | maxDets=100 ] = 0.166
 Average Precision  (AP) @[ IoU=0.50:0.95 | area= small | maxDets=100 ] = -1.000
 Average Precision  (AP) @[ IoU=0.50:0.95 | area=medium | maxDets=100 ] = -1.000
 Average Precision  (AP) @[ IoU=0.50:0.95 | area= large | maxDets=100 ] = 0.158
 Average Recall     (AR) @[ IoU=0.50:0.95 | area=   all | maxDets=  1 ] = 0.237
 Average Recall     (AR) @[ IoU=0.50:0.95 | area=   all | maxDets= 10 ] = 0.620
 Average Recall     (AR) @[ IoU=0.50:0.95 | area=   all | maxDets=100 ] = 0.743
 Average Recall     (AR) @[ IoU=0.50:0.95 | area= small | maxDets=100 ] = -1.000
 Average Recall     (AR) @[ IoU=0.50:0.95 | area=medium | maxDets=100 ] = -1.000
 Average Recall     (AR) @[ IoU=0.50:0.95 | area= large | maxDets=100 ] = 0.743
 Average Recall     (AR) @[ IoU=0.50      | area=   all | maxDets=100 ] = 0.967
 Average Recall     (AR) @[ IoU=0.75      | area=   all | maxDets=100 ] = 0.800
best_stat: {'epoch': 72, 'coco_eval_bbox': 0.15815763444297862}
Epoch: [73]  [0/8]  eta: 0:00:08  lr: 0.000034  loss: 37.6466 (37.6466)  loss_mal: 2.3320 (2.3320)  loss_bbox: 0.1616 (0.1616)  loss_giou: 0.2186 (0.2186)  loss_fgl: 1.0673 (1.0673)  loss_mal_aux_0: 3.1738 (3.1738)  loss_bbox_aux_0: 0.2796 (0.2796)  loss_giou_aux_0: 0.3137 (0.3137)  loss_fgl_aux_0: 1.1398 (1.1398)  loss_ddf_aux_0: 0.2551 (0.2551)  loss_mal_aux_1: 2.4238 (2.4238)  loss_bbox_aux_1: 0.1583 (0.1583)  loss_giou_aux_1: 0.1961 (0.1961)  loss_fgl_aux_1: 1.0627 (1.0627)  loss_ddf_aux_1: 0.0532 (0.0532)  loss_mal_pre: 3.3203 (3.3203)  loss_bbox_pre: 0.2887 (0.2887)  loss_giou_pre: 0.3148 (0.3148)  loss_mal_enc_0: 3.3379 (3.3379)  loss_bbox_enc_0: 0.6840 (0.6840)  loss_giou_enc_0: 0.6466 (0.6466)  loss_mal_dn_0: 2.0625 (2.0625)  loss_bbox_dn_0: 0.7620 (0.7620)  loss_giou_dn_0: 0.7468 (0.7468)  loss_fgl_dn_0: 1.1817 (1.1817)  loss_ddf_dn_0: 0.5630 (0.5630)  loss_mal_dn_1: 1.9229 (1.9229)  loss_bbox_dn_1: 0.3624 (0.3624)  loss_giou_dn_1: 0.3546 (0.3546)  loss_fgl_dn_1: 1.0338 (1.0338)  loss_ddf_dn_1: 0.0753 (0.0753)  loss_mal_dn_2: 1.9062 (1.9062)  loss_bbox_dn_2: 0.3083 (0.3083)  loss_giou_dn_2: 0.3164 (0.3164)  loss_fgl_dn_2: 0.9729 (0.9729)  loss_mal_dn_pre: 2.0977 (2.0977)  loss_bbox_dn_pre: 0.7936 (0.7936)  loss_giou_dn_pre: 0.7585 (0.7585)  time: 1.1075  data: 0.9243  max mem: 1050
Epoch: [73]  [7/8]  eta: 0:00:00  lr: 0.000035  loss: 37.3010 (37.7017)  loss_mal: 2.0566 (2.0938)  loss_bbox: 0.2693 (0.3398)  loss_giou: 0.3956 (0.4107)  loss_fgl: 1.0673 (1.0895)  loss_mal_aux_0: 2.5000 (2.7212)  loss_bbox_aux_0: 0.3915 (0.4823)  loss_giou_aux_0: 0.5567 (0.5758)  loss_fgl_aux_0: 1.1364 (1.1196)  loss_ddf_aux_0: 0.2947 (0.3060)  loss_mal_aux_1: 2.0547 (2.0098)  loss_bbox_aux_1: 0.2916 (0.3672)  loss_giou_aux_1: 0.4147 (0.4303)  loss_fgl_aux_1: 1.1177 (1.1133)  loss_ddf_aux_1: 0.0598 (0.0665)  loss_mal_pre: 2.6211 (2.8074)  loss_bbox_pre: 0.4107 (0.4907)  loss_giou_pre: 0.5442 (0.5843)  loss_mal_enc_0: 2.4277 (2.6702)  loss_bbox_enc_0: 0.6940 (0.8354)  loss_giou_enc_0: 0.8972 (0.9385)  loss_mal_dn_0: 1.7529 (1.8060)  loss_bbox_dn_0: 0.6411 (0.7771)  loss_giou_dn_0: 0.8309 (0.8661)  loss_fgl_dn_0: 1.1303 (1.1217)  loss_ddf_dn_0: 0.5958 (0.6114)  loss_mal_dn_1: 1.6816 (1.6569)  loss_bbox_dn_1: 0.3624 (0.4954)  loss_giou_dn_1: 0.5311 (0.5252)  loss_fgl_dn_1: 1.0737 (1.0868)  loss_ddf_dn_1: 0.0893 (0.0911)  loss_mal_dn_2: 1.7158 (1.7186)  loss_bbox_dn_2: 0.3083 (0.4600)  loss_giou_dn_2: 0.4878 (0.4814)  loss_fgl_dn_2: 1.0596 (1.0565)  loss_mal_dn_pre: 1.7705 (1.8397)  loss_bbox_dn_pre: 0.6419 (0.7838)  loss_giou_dn_pre: 0.8298 (0.8717)  time: 0.2534  data: 0.1437  max mem: 1050
Epoch: [73] Total time: 0:00:02 (0.2627 s / it)
Averaged stats: lr: 0.000035  loss: 37.3010 (37.7017)  loss_mal: 2.0566 (2.0938)  loss_bbox: 0.2693 (0.3398)  loss_giou: 0.3956 (0.4107)  loss_fgl: 1.0673 (1.0895)  loss_mal_aux_0: 2.5000 (2.7212)  loss_bbox_aux_0: 0.3915 (0.4823)  loss_giou_aux_0: 0.5567 (0.5758)  loss_fgl_aux_0: 1.1364 (1.1196)  loss_ddf_aux_0: 0.2947 (0.3060)  loss_mal_aux_1: 2.0547 (2.0098)  loss_bbox_aux_1: 0.2916 (0.3672)  loss_giou_aux_1: 0.4147 (0.4303)  loss_fgl_aux_1: 1.1177 (1.1133)  loss_ddf_aux_1: 0.0598 (0.0665)  loss_mal_pre: 2.6211 (2.8074)  loss_bbox_pre: 0.4107 (0.4907)  loss_giou_pre: 0.5442 (0.5843)  loss_mal_enc_0: 2.4277 (2.6702)  loss_bbox_enc_0: 0.6940 (0.8354)  loss_giou_enc_0: 0.8972 (0.9385)  loss_mal_dn_0: 1.7529 (1.8060)  loss_bbox_dn_0: 0.6411 (0.7771)  loss_giou_dn_0: 0.8309 (0.8661)  loss_fgl_dn_0: 1.1303 (1.1217)  loss_ddf_dn_0: 0.5958 (0.6114)  loss_mal_dn_1: 1.6816 (1.6569)  loss_bbox_dn_1: 0.3624 (0.4954)  loss_giou_dn_1: 0.5311 (0.5252)  loss_fgl_dn_1: 1.0737 (1.0868)  loss_ddf_dn_1: 0.0893 (0.0911)  loss_mal_dn_2: 1.7158 (1.7186)  loss_bbox_dn_2: 0.3083 (0.4600)  loss_giou_dn_2: 0.4878 (0.4814)  loss_fgl_dn_2: 1.0596 (1.0565)  loss_mal_dn_pre: 1.7705 (1.8397)  loss_bbox_dn_pre: 0.6419 (0.7838)  loss_giou_dn_pre: 0.8298 (0.8717)
Test:  [0/4]  eta: 0:00:01    time: 0.3603  data: 0.3202  max mem: 1050
Test:  [3/4]  eta: 0:00:00    time: 0.1096  data: 0.0820  max mem: 1050
Test: Total time: 0:00:00 (0.1290 s / it)
Averaged stats: 
Accumulating evaluation results...
COCOeval_opt.accumulate() finished...
DONE (t=0.00s).
IoU metric: bbox
 Average Precision  (AP) @[ IoU=0.50:0.95 | area=   all | maxDets=100 ] = 0.116
 Average Precision  (AP) @[ IoU=0.50      | area=   all | maxDets=100 ] = 0.161
 Average Precision  (AP) @[ IoU=0.75      | area=   all | maxDets=100 ] = 0.121
 Average Precision  (AP) @[ IoU=0.50:0.95 | area= small | maxDets=100 ] = -1.000
 Average Precision  (AP) @[ IoU=0.50:0.95 | area=medium | maxDets=100 ] = -1.000
 Average Precision  (AP) @[ IoU=0.50:0.95 | area= large | maxDets=100 ] = 0.116
 Average Recall     (AR) @[ IoU=0.50:0.95 | area=   all | maxDets=  1 ] = 0.310
 Average Recall     (AR) @[ IoU=0.50:0.95 | area=   all | maxDets= 10 ] = 0.570
 Average Recall     (AR) @[ IoU=0.50:0.95 | area=   all | maxDets=100 ] = 0.723
 Average Recall     (AR) @[ IoU=0.50:0.95 | area= small | maxDets=100 ] = -1.000
 Average Recall     (AR) @[ IoU=0.50:0.95 | area=medium | maxDets=100 ] = -1.000
 Average Recall     (AR) @[ IoU=0.50:0.95 | area= large | maxDets=100 ] = 0.723
 Average Recall     (AR) @[ IoU=0.50      | area=   all | maxDets=100 ] = 0.967
 Average Recall     (AR) @[ IoU=0.75      | area=   all | maxDets=100 ] = 0.800
best_stat: {'epoch': 72, 'coco_eval_bbox': 0.15815763444297862}
Epoch: [74]  [0/8]  eta: 0:00:05  lr: 0.000035  loss: 39.7414 (39.7414)  loss_mal: 2.4961 (2.4961)  loss_bbox: 0.2645 (0.2645)  loss_giou: 0.2057 (0.2057)  loss_fgl: 1.0465 (1.0465)  loss_mal_aux_0: 3.2832 (3.2832)  loss_bbox_aux_0: 0.2976 (0.2976)  loss_giou_aux_0: 0.3191 (0.3191)  loss_fgl_aux_0: 1.1801 (1.1801)  loss_ddf_aux_0: 0.2807 (0.2807)  loss_mal_aux_1: 2.2754 (2.2754)  loss_bbox_aux_1: 0.2431 (0.2431)  loss_giou_aux_1: 0.2072 (0.2072)  loss_fgl_aux_1: 1.0168 (1.0168)  loss_ddf_aux_1: 0.0562 (0.0562)  loss_mal_pre: 3.4395 (3.4395)  loss_bbox_pre: 0.3031 (0.3031)  loss_giou_pre: 0.3151 (0.3151)  loss_mal_enc_0: 3.5312 (3.5312)  loss_bbox_enc_0: 0.7748 (0.7748)  loss_giou_enc_0: 0.6546 (0.6546)  loss_mal_dn_0: 1.9688 (1.9688)  loss_bbox_dn_0: 1.2002 (1.2002)  loss_giou_dn_0: 0.8238 (0.8238)  loss_fgl_dn_0: 1.1533 (1.1533)  loss_ddf_dn_0: 0.5183 (0.5183)  loss_mal_dn_1: 1.5732 (1.5732)  loss_bbox_dn_1: 0.6839 (0.6839)  loss_giou_dn_1: 0.4391 (0.4391)  loss_fgl_dn_1: 1.1128 (1.1128)  loss_ddf_dn_1: 0.0713 (0.0713)  loss_mal_dn_2: 1.8701 (1.8701)  loss_bbox_dn_2: 0.6387 (0.6387)  loss_giou_dn_2: 0.3894 (0.3894)  loss_fgl_dn_2: 1.0474 (1.0474)  loss_mal_dn_pre: 1.9912 (1.9912)  loss_bbox_dn_pre: 1.2324 (1.2324)  loss_giou_dn_pre: 0.8369 (0.8369)  time: 0.7107  data: 0.5435  max mem: 1050
Epoch: [74]  [7/8]  eta: 0:00:00  lr: 0.000036  loss: 37.4612 (38.9302)  loss_mal: 2.3730 (2.3214)  loss_bbox: 0.1947 (0.3758)  loss_giou: 0.3087 (0.3093)  loss_fgl: 1.0392 (1.0517)  loss_mal_aux_0: 2.6953 (2.7751)  loss_bbox_aux_0: 0.3038 (0.5354)  loss_giou_aux_0: 0.4146 (0.4558)  loss_fgl_aux_0: 1.1703 (1.1673)  loss_ddf_aux_0: 0.2980 (0.3006)  loss_mal_aux_1: 2.4473 (2.3534)  loss_bbox_aux_1: 0.2305 (0.4194)  loss_giou_aux_1: 0.3005 (0.3396)  loss_fgl_aux_1: 1.0255 (1.0683)  loss_ddf_aux_1: 0.0532 (0.0556)  loss_mal_pre: 2.7637 (2.8682)  loss_bbox_pre: 0.3192 (0.5531)  loss_giou_pre: 0.4289 (0.4636)  loss_mal_enc_0: 2.7363 (2.8020)  loss_bbox_enc_0: 0.7748 (0.9606)  loss_giou_enc_0: 0.8369 (0.8379)  loss_mal_dn_0: 1.8662 (1.8782)  loss_bbox_dn_0: 0.8595 (1.0290)  loss_giou_dn_0: 0.8001 (0.8146)  loss_fgl_dn_0: 1.1533 (1.1643)  loss_ddf_dn_0: 0.5183 (0.5657)  loss_mal_dn_1: 1.5732 (1.6492)  loss_bbox_dn_1: 0.4471 (0.6018)  loss_giou_dn_1: 0.4575 (0.4714)  loss_fgl_dn_1: 1.0971 (1.1007)  loss_ddf_dn_1: 0.0713 (0.0778)  loss_mal_dn_2: 1.7266 (1.7284)  loss_bbox_dn_2: 0.4016 (0.5437)  loss_giou_dn_2: 0.4231 (0.4263)  loss_fgl_dn_2: 1.0622 (1.0704)  loss_mal_dn_pre: 1.9170 (1.9231)  loss_bbox_dn_pre: 0.8840 (1.0511)  loss_giou_dn_pre: 0.8160 (0.8202)  time: 0.2567  data: 0.1504  max mem: 1050
Epoch: [74] Total time: 0:00:02 (0.2669 s / it)
Averaged stats: lr: 0.000036  loss: 37.4612 (38.9302)  loss_mal: 2.3730 (2.3214)  loss_bbox: 0.1947 (0.3758)  loss_giou: 0.3087 (0.3093)  loss_fgl: 1.0392 (1.0517)  loss_mal_aux_0: 2.6953 (2.7751)  loss_bbox_aux_0: 0.3038 (0.5354)  loss_giou_aux_0: 0.4146 (0.4558)  loss_fgl_aux_0: 1.1703 (1.1673)  loss_ddf_aux_0: 0.2980 (0.3006)  loss_mal_aux_1: 2.4473 (2.3534)  loss_bbox_aux_1: 0.2305 (0.4194)  loss_giou_aux_1: 0.3005 (0.3396)  loss_fgl_aux_1: 1.0255 (1.0683)  loss_ddf_aux_1: 0.0532 (0.0556)  loss_mal_pre: 2.7637 (2.8682)  loss_bbox_pre: 0.3192 (0.5531)  loss_giou_pre: 0.4289 (0.4636)  loss_mal_enc_0: 2.7363 (2.8020)  loss_bbox_enc_0: 0.7748 (0.9606)  loss_giou_enc_0: 0.8369 (0.8379)  loss_mal_dn_0: 1.8662 (1.8782)  loss_bbox_dn_0: 0.8595 (1.0290)  loss_giou_dn_0: 0.8001 (0.8146)  loss_fgl_dn_0: 1.1533 (1.1643)  loss_ddf_dn_0: 0.5183 (0.5657)  loss_mal_dn_1: 1.5732 (1.6492)  loss_bbox_dn_1: 0.4471 (0.6018)  loss_giou_dn_1: 0.4575 (0.4714)  loss_fgl_dn_1: 1.0971 (1.1007)  loss_ddf_dn_1: 0.0713 (0.0778)  loss_mal_dn_2: 1.7266 (1.7284)  loss_bbox_dn_2: 0.4016 (0.5437)  loss_giou_dn_2: 0.4231 (0.4263)  loss_fgl_dn_2: 1.0622 (1.0704)  loss_mal_dn_pre: 1.9170 (1.9231)  loss_bbox_dn_pre: 0.8840 (1.0511)  loss_giou_dn_pre: 0.8160 (0.8202)
Test:  [0/4]  eta: 0:00:01    time: 0.4172  data: 0.3740  max mem: 1050
Test:  [3/4]  eta: 0:00:00    time: 0.1233  data: 0.0954  max mem: 1050
Test: Total time: 0:00:00 (0.1391 s / it)
Averaged stats: 
Accumulating evaluation results...
COCOeval_opt.accumulate() finished...
DONE (t=0.00s).
IoU metric: bbox
 Average Precision  (AP) @[ IoU=0.50:0.95 | area=   all | maxDets=100 ] = 0.180
 Average Precision  (AP) @[ IoU=0.50      | area=   all | maxDets=100 ] = 0.257
 Average Precision  (AP) @[ IoU=0.75      | area=   all | maxDets=100 ] = 0.218
 Average Precision  (AP) @[ IoU=0.50:0.95 | area= small | maxDets=100 ] = -1.000
 Average Precision  (AP) @[ IoU=0.50:0.95 | area=medium | maxDets=100 ] = -1.000
 Average Precision  (AP) @[ IoU=0.50:0.95 | area= large | maxDets=100 ] = 0.181
 Average Recall     (AR) @[ IoU=0.50:0.95 | area=   all | maxDets=  1 ] = 0.247
 Average Recall     (AR) @[ IoU=0.50:0.95 | area=   all | maxDets= 10 ] = 0.660
 Average Recall     (AR) @[ IoU=0.50:0.95 | area=   all | maxDets=100 ] = 0.797
 Average Recall     (AR) @[ IoU=0.50:0.95 | area= small | maxDets=100 ] = -1.000
 Average Recall     (AR) @[ IoU=0.50:0.95 | area=medium | maxDets=100 ] = -1.000
 Average Recall     (AR) @[ IoU=0.50:0.95 | area= large | maxDets=100 ] = 0.797
 Average Recall     (AR) @[ IoU=0.50      | area=   all | maxDets=100 ] = 0.967
 Average Recall     (AR) @[ IoU=0.75      | area=   all | maxDets=100 ] = 0.833
best_stat: {'epoch': 74, 'coco_eval_bbox': 0.1804915394697333}
Epoch: [75]  [0/8]  eta: 0:00:07  lr: 0.000036  loss: 43.5290 (43.5290)  loss_mal: 1.6914 (1.6914)  loss_bbox: 1.0323 (1.0323)  loss_giou: 0.7013 (0.7013)  loss_fgl: 1.3435 (1.3435)  loss_mal_aux_0: 2.2129 (2.2129)  loss_bbox_aux_0: 1.1450 (1.1450)  loss_giou_aux_0: 0.7657 (0.7657)  loss_fgl_aux_0: 1.2180 (1.2180)  loss_ddf_aux_0: 0.2572 (0.2572)  loss_mal_aux_1: 1.6807 (1.6807)  loss_bbox_aux_1: 1.0311 (1.0311)  loss_giou_aux_1: 0.7098 (0.7098)  loss_fgl_aux_1: 1.3230 (1.3230)  loss_ddf_aux_1: 0.0440 (0.0440)  loss_mal_pre: 2.2988 (2.2988)  loss_bbox_pre: 1.1726 (1.1726)  loss_giou_pre: 0.7772 (0.7772)  loss_mal_enc_0: 2.1328 (2.1328)  loss_bbox_enc_0: 1.6975 (1.6975)  loss_giou_enc_0: 1.0612 (1.0612)  loss_mal_dn_0: 1.5068 (1.5068)  loss_bbox_dn_0: 1.5787 (1.5787)  loss_giou_dn_0: 1.0520 (1.0520)  loss_fgl_dn_0: 1.0446 (1.0446)  loss_ddf_dn_0: 0.5086 (0.5086)  loss_mal_dn_1: 1.3379 (1.3379)  loss_bbox_dn_1: 1.3304 (1.3304)  loss_giou_dn_1: 0.8695 (0.8695)  loss_fgl_dn_1: 1.1345 (1.1345)  loss_ddf_dn_1: 0.0636 (0.0636)  loss_mal_dn_2: 1.2910 (1.2910)  loss_bbox_dn_2: 1.3053 (1.3053)  loss_giou_dn_2: 0.8295 (0.8295)  loss_fgl_dn_2: 1.1531 (1.1531)  loss_mal_dn_pre: 1.4834 (1.4834)  loss_bbox_dn_pre: 1.6610 (1.6610)  loss_giou_dn_pre: 1.0829 (1.0829)  time: 0.9129  data: 0.7415  max mem: 1050
Epoch: [75]  [7/8]  eta: 0:00:00  lr: 0.000037  loss: 36.3037 (37.1195)  loss_mal: 2.2480 (2.1783)  loss_bbox: 0.1728 (0.3093)  loss_giou: 0.2688 (0.3434)  loss_fgl: 1.0457 (1.1250)  loss_mal_aux_0: 2.7578 (2.7209)  loss_bbox_aux_0: 0.2943 (0.4097)  loss_giou_aux_0: 0.3582 (0.4573)  loss_fgl_aux_0: 1.1507 (1.1790)  loss_ddf_aux_0: 0.3188 (0.3168)  loss_mal_aux_1: 2.0625 (2.0531)  loss_bbox_aux_1: 0.1829 (0.3146)  loss_giou_aux_1: 0.2529 (0.3487)  loss_fgl_aux_1: 1.0813 (1.1329)  loss_ddf_aux_1: 0.0571 (0.0579)  loss_mal_pre: 2.8750 (2.8530)  loss_bbox_pre: 0.3202 (0.4207)  loss_giou_pre: 0.3632 (0.4632)  loss_mal_enc_0: 2.8906 (2.8125)  loss_bbox_enc_0: 0.6592 (0.7608)  loss_giou_enc_0: 0.7677 (0.8252)  loss_mal_dn_0: 1.8408 (1.8068)  loss_bbox_dn_0: 0.6580 (0.7905)  loss_giou_dn_0: 0.7896 (0.8361)  loss_fgl_dn_0: 1.1442 (1.1248)  loss_ddf_dn_0: 0.6630 (0.6489)  loss_mal_dn_1: 1.4697 (1.4821)  loss_bbox_dn_1: 0.3493 (0.5012)  loss_giou_dn_1: 0.4187 (0.5132)  loss_fgl_dn_1: 1.1028 (1.0995)  loss_ddf_dn_1: 0.0908 (0.0927)  loss_mal_dn_2: 1.6934 (1.6168)  loss_bbox_dn_2: 0.3115 (0.4738)  loss_giou_dn_2: 0.4006 (0.4760)  loss_fgl_dn_2: 1.0761 (1.0771)  loss_mal_dn_pre: 1.8896 (1.8499)  loss_bbox_dn_pre: 0.6401 (0.8044)  loss_giou_dn_pre: 0.7918 (0.8434)  time: 0.2346  data: 0.1107  max mem: 1050
Epoch: [75] Total time: 0:00:01 (0.2418 s / it)
Averaged stats: lr: 0.000037  loss: 36.3037 (37.1195)  loss_mal: 2.2480 (2.1783)  loss_bbox: 0.1728 (0.3093)  loss_giou: 0.2688 (0.3434)  loss_fgl: 1.0457 (1.1250)  loss_mal_aux_0: 2.7578 (2.7209)  loss_bbox_aux_0: 0.2943 (0.4097)  loss_giou_aux_0: 0.3582 (0.4573)  loss_fgl_aux_0: 1.1507 (1.1790)  loss_ddf_aux_0: 0.3188 (0.3168)  loss_mal_aux_1: 2.0625 (2.0531)  loss_bbox_aux_1: 0.1829 (0.3146)  loss_giou_aux_1: 0.2529 (0.3487)  loss_fgl_aux_1: 1.0813 (1.1329)  loss_ddf_aux_1: 0.0571 (0.0579)  loss_mal_pre: 2.8750 (2.8530)  loss_bbox_pre: 0.3202 (0.4207)  loss_giou_pre: 0.3632 (0.4632)  loss_mal_enc_0: 2.8906 (2.8125)  loss_bbox_enc_0: 0.6592 (0.7608)  loss_giou_enc_0: 0.7677 (0.8252)  loss_mal_dn_0: 1.8408 (1.8068)  loss_bbox_dn_0: 0.6580 (0.7905)  loss_giou_dn_0: 0.7896 (0.8361)  loss_fgl_dn_0: 1.1442 (1.1248)  loss_ddf_dn_0: 0.6630 (0.6489)  loss_mal_dn_1: 1.4697 (1.4821)  loss_bbox_dn_1: 0.3493 (0.5012)  loss_giou_dn_1: 0.4187 (0.5132)  loss_fgl_dn_1: 1.1028 (1.0995)  loss_ddf_dn_1: 0.0908 (0.0927)  loss_mal_dn_2: 1.6934 (1.6168)  loss_bbox_dn_2: 0.3115 (0.4738)  loss_giou_dn_2: 0.4006 (0.4760)  loss_fgl_dn_2: 1.0761 (1.0771)  loss_mal_dn_pre: 1.8896 (1.8499)  loss_bbox_dn_pre: 0.6401 (0.8044)  loss_giou_dn_pre: 0.7918 (0.8434)
Test:  [0/4]  eta: 0:00:01    time: 0.3788  data: 0.3576  max mem: 1050
Test:  [3/4]  eta: 0:00:00    time: 0.1133  data: 0.0913  max mem: 1050
Test: Total time: 0:00:00 (0.1352 s / it)
Averaged stats: 
Accumulating evaluation results...
COCOeval_opt.accumulate() finished...
DONE (t=0.00s).
IoU metric: bbox
 Average Precision  (AP) @[ IoU=0.50:0.95 | area=   all | maxDets=100 ] = 0.194
 Average Precision  (AP) @[ IoU=0.50      | area=   all | maxDets=100 ] = 0.271
 Average Precision  (AP) @[ IoU=0.75      | area=   all | maxDets=100 ] = 0.219
 Average Precision  (AP) @[ IoU=0.50:0.95 | area= small | maxDets=100 ] = -1.000
 Average Precision  (AP) @[ IoU=0.50:0.95 | area=medium | maxDets=100 ] = -1.000
 Average Precision  (AP) @[ IoU=0.50:0.95 | area= large | maxDets=100 ] = 0.194
 Average Recall     (AR) @[ IoU=0.50:0.95 | area=   all | maxDets=  1 ] = 0.313
 Average Recall     (AR) @[ IoU=0.50:0.95 | area=   all | maxDets= 10 ] = 0.657
 Average Recall     (AR) @[ IoU=0.50:0.95 | area=   all | maxDets=100 ] = 0.757
 Average Recall     (AR) @[ IoU=0.50:0.95 | area= small | maxDets=100 ] = -1.000
 Average Recall     (AR) @[ IoU=0.50:0.95 | area=medium | maxDets=100 ] = -1.000
 Average Recall     (AR) @[ IoU=0.50:0.95 | area= large | maxDets=100 ] = 0.757
 Average Recall     (AR) @[ IoU=0.50      | area=   all | maxDets=100 ] = 0.933
 Average Recall     (AR) @[ IoU=0.75      | area=   all | maxDets=100 ] = 0.800
best_stat: {'epoch': 75, 'coco_eval_bbox': 0.1937295395293251}
Epoch: [76]  [0/8]  eta: 0:00:09  lr: 0.000037  loss: 35.3627 (35.3627)  loss_mal: 2.0078 (2.0078)  loss_bbox: 0.2300 (0.2300)  loss_giou: 0.3429 (0.3429)  loss_fgl: 1.1455 (1.1455)  loss_mal_aux_0: 2.6094 (2.6094)  loss_bbox_aux_0: 0.2723 (0.2723)  loss_giou_aux_0: 0.4337 (0.4337)  loss_fgl_aux_0: 1.2120 (1.2120)  loss_ddf_aux_0: 0.3285 (0.3285)  loss_mal_aux_1: 1.8027 (1.8027)  loss_bbox_aux_1: 0.2124 (0.2124)  loss_giou_aux_1: 0.3469 (0.3469)  loss_fgl_aux_1: 1.1568 (1.1568)  loss_ddf_aux_1: 0.0877 (0.0877)  loss_mal_pre: 2.7227 (2.7227)  loss_bbox_pre: 0.2981 (0.2981)  loss_giou_pre: 0.4457 (0.4457)  loss_mal_enc_0: 2.6562 (2.6562)  loss_bbox_enc_0: 0.5641 (0.5641)  loss_giou_enc_0: 0.7811 (0.7811)  loss_mal_dn_0: 1.7920 (1.7920)  loss_bbox_dn_0: 0.6581 (0.6581)  loss_giou_dn_0: 0.8303 (0.8303)  loss_fgl_dn_0: 1.1430 (1.1430)  loss_ddf_dn_0: 0.8221 (0.8221)  loss_mal_dn_1: 1.4316 (1.4316)  loss_bbox_dn_1: 0.3850 (0.3850)  loss_giou_dn_1: 0.4839 (0.4839)  loss_fgl_dn_1: 1.1447 (1.1447)  loss_ddf_dn_1: 0.1166 (0.1166)  loss_mal_dn_2: 1.5801 (1.5801)  loss_bbox_dn_2: 0.3862 (0.3862)  loss_giou_dn_2: 0.4611 (0.4611)  loss_fgl_dn_2: 1.1149 (1.1149)  loss_mal_dn_pre: 1.8213 (1.8213)  loss_bbox_dn_pre: 0.6890 (0.6890)  loss_giou_dn_pre: 0.8464 (0.8464)  time: 1.2359  data: 1.1003  max mem: 1050
Epoch: [76]  [7/8]  eta: 0:00:00  lr: 0.000038  loss: 35.9528 (36.8603)  loss_mal: 2.2539 (2.3219)  loss_bbox: 0.2300 (0.2338)  loss_giou: 0.2042 (0.2756)  loss_fgl: 1.0551 (1.0281)  loss_mal_aux_0: 2.7051 (2.7141)  loss_bbox_aux_0: 0.3005 (0.3655)  loss_giou_aux_0: 0.4337 (0.4142)  loss_fgl_aux_0: 1.1224 (1.1302)  loss_ddf_aux_0: 0.3285 (0.3181)  loss_mal_aux_1: 2.1934 (2.2874)  loss_bbox_aux_1: 0.2124 (0.2467)  loss_giou_aux_1: 0.2268 (0.2898)  loss_fgl_aux_1: 1.0410 (1.0384)  loss_ddf_aux_1: 0.0578 (0.0629)  loss_mal_pre: 2.8320 (2.8420)  loss_bbox_pre: 0.3240 (0.3703)  loss_giou_pre: 0.4457 (0.4150)  loss_mal_enc_0: 2.6367 (2.7852)  loss_bbox_enc_0: 0.6983 (0.8052)  loss_giou_enc_0: 0.7811 (0.8042)  loss_mal_dn_0: 1.7920 (1.8500)  loss_bbox_dn_0: 0.7485 (0.8881)  loss_giou_dn_0: 0.7884 (0.7926)  loss_fgl_dn_0: 1.1411 (1.1471)  loss_ddf_dn_0: 0.5640 (0.5847)  loss_mal_dn_1: 1.4482 (1.4954)  loss_bbox_dn_1: 0.4357 (0.5262)  loss_giou_dn_1: 0.4257 (0.4660)  loss_fgl_dn_1: 1.0523 (1.0745)  loss_ddf_dn_1: 0.0755 (0.0834)  loss_mal_dn_2: 1.5801 (1.6311)  loss_bbox_dn_2: 0.4117 (0.4883)  loss_giou_dn_2: 0.3956 (0.4309)  loss_fgl_dn_2: 1.0438 (1.0514)  loss_mal_dn_pre: 1.8359 (1.9139)  loss_bbox_dn_pre: 0.7493 (0.8941)  loss_giou_dn_pre: 0.7866 (0.7940)  time: 0.2579  data: 0.1391  max mem: 1050
Epoch: [76] Total time: 0:00:02 (0.2671 s / it)
Averaged stats: lr: 0.000038  loss: 35.9528 (36.8603)  loss_mal: 2.2539 (2.3219)  loss_bbox: 0.2300 (0.2338)  loss_giou: 0.2042 (0.2756)  loss_fgl: 1.0551 (1.0281)  loss_mal_aux_0: 2.7051 (2.7141)  loss_bbox_aux_0: 0.3005 (0.3655)  loss_giou_aux_0: 0.4337 (0.4142)  loss_fgl_aux_0: 1.1224 (1.1302)  loss_ddf_aux_0: 0.3285 (0.3181)  loss_mal_aux_1: 2.1934 (2.2874)  loss_bbox_aux_1: 0.2124 (0.2467)  loss_giou_aux_1: 0.2268 (0.2898)  loss_fgl_aux_1: 1.0410 (1.0384)  loss_ddf_aux_1: 0.0578 (0.0629)  loss_mal_pre: 2.8320 (2.8420)  loss_bbox_pre: 0.3240 (0.3703)  loss_giou_pre: 0.4457 (0.4150)  loss_mal_enc_0: 2.6367 (2.7852)  loss_bbox_enc_0: 0.6983 (0.8052)  loss_giou_enc_0: 0.7811 (0.8042)  loss_mal_dn_0: 1.7920 (1.8500)  loss_bbox_dn_0: 0.7485 (0.8881)  loss_giou_dn_0: 0.7884 (0.7926)  loss_fgl_dn_0: 1.1411 (1.1471)  loss_ddf_dn_0: 0.5640 (0.5847)  loss_mal_dn_1: 1.4482 (1.4954)  loss_bbox_dn_1: 0.4357 (0.5262)  loss_giou_dn_1: 0.4257 (0.4660)  loss_fgl_dn_1: 1.0523 (1.0745)  loss_ddf_dn_1: 0.0755 (0.0834)  loss_mal_dn_2: 1.5801 (1.6311)  loss_bbox_dn_2: 0.4117 (0.4883)  loss_giou_dn_2: 0.3956 (0.4309)  loss_fgl_dn_2: 1.0438 (1.0514)  loss_mal_dn_pre: 1.8359 (1.9139)  loss_bbox_dn_pre: 0.7493 (0.8941)  loss_giou_dn_pre: 0.7866 (0.7940)
Test:  [0/4]  eta: 0:00:01    time: 0.3481  data: 0.3226  max mem: 1050
Test:  [3/4]  eta: 0:00:00    time: 0.1059  data: 0.0828  max mem: 1050
Test: Total time: 0:00:00 (0.1268 s / it)
Averaged stats: 
Accumulating evaluation results...
COCOeval_opt.accumulate() finished...
DONE (t=0.00s).
IoU metric: bbox
 Average Precision  (AP) @[ IoU=0.50:0.95 | area=   all | maxDets=100 ] = 0.257
 Average Precision  (AP) @[ IoU=0.50      | area=   all | maxDets=100 ] = 0.337
 Average Precision  (AP) @[ IoU=0.75      | area=   all | maxDets=100 ] = 0.309
 Average Precision  (AP) @[ IoU=0.50:0.95 | area= small | maxDets=100 ] = -1.000
 Average Precision  (AP) @[ IoU=0.50:0.95 | area=medium | maxDets=100 ] = -1.000
 Average Precision  (AP) @[ IoU=0.50:0.95 | area= large | maxDets=100 ] = 0.257
 Average Recall     (AR) @[ IoU=0.50:0.95 | area=   all | maxDets=  1 ] = 0.267
 Average Recall     (AR) @[ IoU=0.50:0.95 | area=   all | maxDets= 10 ] = 0.753
 Average Recall     (AR) @[ IoU=0.50:0.95 | area=   all | maxDets=100 ] = 0.820
 Average Recall     (AR) @[ IoU=0.50:0.95 | area= small | maxDets=100 ] = -1.000
 Average Recall     (AR) @[ IoU=0.50:0.95 | area=medium | maxDets=100 ] = -1.000
 Average Recall     (AR) @[ IoU=0.50:0.95 | area= large | maxDets=100 ] = 0.820
 Average Recall     (AR) @[ IoU=0.50      | area=   all | maxDets=100 ] = 1.000
 Average Recall     (AR) @[ IoU=0.75      | area=   all | maxDets=100 ] = 0.933
best_stat: {'epoch': 76, 'coco_eval_bbox': 0.25689163927317404}
Epoch: [77]  [0/8]  eta: 0:00:06  lr: 0.000038  loss: 36.1104 (36.1104)  loss_mal: 1.9561 (1.9561)  loss_bbox: 0.4135 (0.4135)  loss_giou: 0.4325 (0.4325)  loss_fgl: 1.1301 (1.1301)  loss_mal_aux_0: 2.4863 (2.4863)  loss_bbox_aux_0: 0.4600 (0.4600)  loss_giou_aux_0: 0.4823 (0.4823)  loss_fgl_aux_0: 1.1081 (1.1081)  loss_ddf_aux_0: 0.2980 (0.2980)  loss_mal_aux_1: 1.6953 (1.6953)  loss_bbox_aux_1: 0.4156 (0.4156)  loss_giou_aux_1: 0.4339 (0.4339)  loss_fgl_aux_1: 1.1179 (1.1179)  loss_ddf_aux_1: 0.0631 (0.0631)  loss_mal_pre: 2.6289 (2.6289)  loss_bbox_pre: 0.4535 (0.4535)  loss_giou_pre: 0.4798 (0.4798)  loss_mal_enc_0: 2.7383 (2.7383)  loss_bbox_enc_0: 0.7113 (0.7113)  loss_giou_enc_0: 0.8276 (0.8276)  loss_mal_dn_0: 1.6699 (1.6699)  loss_bbox_dn_0: 0.7595 (0.7595)  loss_giou_dn_0: 0.8873 (0.8873)  loss_fgl_dn_0: 1.1148 (1.1148)  loss_ddf_dn_0: 0.6623 (0.6623)  loss_mal_dn_1: 1.3877 (1.3877)  loss_bbox_dn_1: 0.5366 (0.5366)  loss_giou_dn_1: 0.5898 (0.5898)  loss_fgl_dn_1: 1.0695 (1.0695)  loss_ddf_dn_1: 0.0965 (0.0965)  loss_mal_dn_2: 1.4883 (1.4883)  loss_bbox_dn_2: 0.5086 (0.5086)  loss_giou_dn_2: 0.5594 (0.5594)  loss_fgl_dn_2: 1.0676 (1.0676)  loss_mal_dn_pre: 1.7129 (1.7129)  loss_bbox_dn_pre: 0.7722 (0.7722)  loss_giou_dn_pre: 0.8954 (0.8954)  time: 0.8020  data: 0.6273  max mem: 1050
Epoch: [77]  [7/8]  eta: 0:00:00  lr: 0.000039  loss: 34.7173 (37.0017)  loss_mal: 2.2754 (2.3118)  loss_bbox: 0.1649 (0.2992)  loss_giou: 0.3425 (0.3577)  loss_fgl: 1.1425 (1.1437)  loss_mal_aux_0: 2.4863 (2.5647)  loss_bbox_aux_0: 0.2932 (0.3795)  loss_giou_aux_0: 0.4484 (0.4536)  loss_fgl_aux_0: 1.1982 (1.1989)  loss_ddf_aux_0: 0.2980 (0.3023)  loss_mal_aux_1: 2.1367 (2.2478)  loss_bbox_aux_1: 0.1756 (0.3082)  loss_giou_aux_1: 0.3577 (0.3707)  loss_fgl_aux_1: 1.1464 (1.1384)  loss_ddf_aux_1: 0.0513 (0.0559)  loss_mal_pre: 2.6582 (2.7410)  loss_bbox_pre: 0.3079 (0.3736)  loss_giou_pre: 0.4573 (0.4492)  loss_mal_enc_0: 2.9434 (2.9397)  loss_bbox_enc_0: 0.5899 (0.6776)  loss_giou_enc_0: 0.7772 (0.7923)  loss_mal_dn_0: 1.6982 (1.7721)  loss_bbox_dn_0: 0.6138 (0.7932)  loss_giou_dn_0: 0.8059 (0.8284)  loss_fgl_dn_0: 1.1576 (1.1527)  loss_ddf_dn_0: 0.6623 (0.6648)  loss_mal_dn_1: 1.3311 (1.3348)  loss_bbox_dn_1: 0.3670 (0.4997)  loss_giou_dn_1: 0.5411 (0.5287)  loss_fgl_dn_1: 1.1155 (1.1250)  loss_ddf_dn_1: 0.0938 (0.0943)  loss_mal_dn_2: 1.5713 (1.5933)  loss_bbox_dn_2: 0.2808 (0.4645)  loss_giou_dn_2: 0.4878 (0.4833)  loss_fgl_dn_2: 1.1218 (1.0991)  loss_mal_dn_pre: 1.7617 (1.8313)  loss_bbox_dn_pre: 0.6198 (0.7989)  loss_giou_dn_pre: 0.8098 (0.8322)  time: 0.2620  data: 0.1323  max mem: 1050
Epoch: [77] Total time: 0:00:02 (0.2717 s / it)
Averaged stats: lr: 0.000039  loss: 34.7173 (37.0017)  loss_mal: 2.2754 (2.3118)  loss_bbox: 0.1649 (0.2992)  loss_giou: 0.3425 (0.3577)  loss_fgl: 1.1425 (1.1437)  loss_mal_aux_0: 2.4863 (2.5647)  loss_bbox_aux_0: 0.2932 (0.3795)  loss_giou_aux_0: 0.4484 (0.4536)  loss_fgl_aux_0: 1.1982 (1.1989)  loss_ddf_aux_0: 0.2980 (0.3023)  loss_mal_aux_1: 2.1367 (2.2478)  loss_bbox_aux_1: 0.1756 (0.3082)  loss_giou_aux_1: 0.3577 (0.3707)  loss_fgl_aux_1: 1.1464 (1.1384)  loss_ddf_aux_1: 0.0513 (0.0559)  loss_mal_pre: 2.6582 (2.7410)  loss_bbox_pre: 0.3079 (0.3736)  loss_giou_pre: 0.4573 (0.4492)  loss_mal_enc_0: 2.9434 (2.9397)  loss_bbox_enc_0: 0.5899 (0.6776)  loss_giou_enc_0: 0.7772 (0.7923)  loss_mal_dn_0: 1.6982 (1.7721)  loss_bbox_dn_0: 0.6138 (0.7932)  loss_giou_dn_0: 0.8059 (0.8284)  loss_fgl_dn_0: 1.1576 (1.1527)  loss_ddf_dn_0: 0.6623 (0.6648)  loss_mal_dn_1: 1.3311 (1.3348)  loss_bbox_dn_1: 0.3670 (0.4997)  loss_giou_dn_1: 0.5411 (0.5287)  loss_fgl_dn_1: 1.1155 (1.1250)  loss_ddf_dn_1: 0.0938 (0.0943)  loss_mal_dn_2: 1.5713 (1.5933)  loss_bbox_dn_2: 0.2808 (0.4645)  loss_giou_dn_2: 0.4878 (0.4833)  loss_fgl_dn_2: 1.1218 (1.0991)  loss_mal_dn_pre: 1.7617 (1.8313)  loss_bbox_dn_pre: 0.6198 (0.7989)  loss_giou_dn_pre: 0.8098 (0.8322)
Test:  [0/4]  eta: 0:00:01    time: 0.3676  data: 0.3442  max mem: 1050
Test:  [3/4]  eta: 0:00:00    time: 0.1160  data: 0.0880  max mem: 1050
Test: Total time: 0:00:00 (0.1313 s / it)
Averaged stats: 
Accumulating evaluation results...
COCOeval_opt.accumulate() finished...
DONE (t=0.00s).
IoU metric: bbox
 Average Precision  (AP) @[ IoU=0.50:0.95 | area=   all | maxDets=100 ] = 0.194
 Average Precision  (AP) @[ IoU=0.50      | area=   all | maxDets=100 ] = 0.258
 Average Precision  (AP) @[ IoU=0.75      | area=   all | maxDets=100 ] = 0.216
 Average Precision  (AP) @[ IoU=0.50:0.95 | area= small | maxDets=100 ] = -1.000
 Average Precision  (AP) @[ IoU=0.50:0.95 | area=medium | maxDets=100 ] = -1.000
 Average Precision  (AP) @[ IoU=0.50:0.95 | area= large | maxDets=100 ] = 0.194
 Average Recall     (AR) @[ IoU=0.50:0.95 | area=   all | maxDets=  1 ] = 0.223
 Average Recall     (AR) @[ IoU=0.50:0.95 | area=   all | maxDets= 10 ] = 0.743
 Average Recall     (AR) @[ IoU=0.50:0.95 | area=   all | maxDets=100 ] = 0.807
 Average Recall     (AR) @[ IoU=0.50:0.95 | area= small | maxDets=100 ] = -1.000
 Average Recall     (AR) @[ IoU=0.50:0.95 | area=medium | maxDets=100 ] = -1.000
 Average Recall     (AR) @[ IoU=0.50:0.95 | area= large | maxDets=100 ] = 0.807
 Average Recall     (AR) @[ IoU=0.50      | area=   all | maxDets=100 ] = 1.000
 Average Recall     (AR) @[ IoU=0.75      | area=   all | maxDets=100 ] = 0.867
best_stat: {'epoch': 76, 'coco_eval_bbox': 0.25689163927317404}
Epoch: [78]  [0/8]  eta: 0:00:07  lr: 0.000039  loss: 38.1792 (38.1792)  loss_mal: 2.6562 (2.6562)  loss_bbox: 0.1862 (0.1862)  loss_giou: 0.2239 (0.2239)  loss_fgl: 1.0537 (1.0537)  loss_mal_aux_0: 2.9434 (2.9434)  loss_bbox_aux_0: 0.4181 (0.4181)  loss_giou_aux_0: 0.3044 (0.3044)  loss_fgl_aux_0: 1.1348 (1.1348)  loss_ddf_aux_0: 0.3186 (0.3186)  loss_mal_aux_1: 2.9707 (2.9707)  loss_bbox_aux_1: 0.2083 (0.2083)  loss_giou_aux_1: 0.2284 (0.2284)  loss_fgl_aux_1: 1.0209 (1.0209)  loss_ddf_aux_1: 0.0474 (0.0474)  loss_mal_pre: 3.1270 (3.1270)  loss_bbox_pre: 0.4321 (0.4321)  loss_giou_pre: 0.3088 (0.3088)  loss_mal_enc_0: 3.3105 (3.3105)  loss_bbox_enc_0: 0.9021 (0.9021)  loss_giou_enc_0: 0.6370 (0.6370)  loss_mal_dn_0: 1.8779 (1.8779)  loss_bbox_dn_0: 0.9063 (0.9063)  loss_giou_dn_0: 0.7845 (0.7845)  loss_fgl_dn_0: 1.1777 (1.1777)  loss_ddf_dn_0: 0.5896 (0.5896)  loss_mal_dn_1: 1.5254 (1.5254)  loss_bbox_dn_1: 0.3897 (0.3897)  loss_giou_dn_1: 0.3813 (0.3813)  loss_fgl_dn_1: 1.0415 (1.0415)  loss_ddf_dn_1: 0.0707 (0.0707)  loss_mal_dn_2: 1.6533 (1.6533)  loss_bbox_dn_2: 0.3288 (0.3288)  loss_giou_dn_2: 0.3436 (0.3436)  loss_fgl_dn_2: 1.0037 (1.0037)  loss_mal_dn_pre: 1.9268 (1.9268)  loss_bbox_dn_pre: 0.9522 (0.9522)  loss_giou_dn_pre: 0.7936 (0.7936)  time: 0.9781  data: 0.8228  max mem: 1050
Epoch: [78]  [7/8]  eta: 0:00:00  lr: 0.000040  loss: 35.2777 (34.9795)  loss_mal: 2.2480 (2.2426)  loss_bbox: 0.0909 (0.1748)  loss_giou: 0.2239 (0.2769)  loss_fgl: 1.0537 (1.0414)  loss_mal_aux_0: 2.6191 (2.6963)  loss_bbox_aux_0: 0.1600 (0.2559)  loss_giou_aux_0: 0.3044 (0.3448)  loss_fgl_aux_0: 1.1272 (1.1151)  loss_ddf_aux_0: 0.2849 (0.2866)  loss_mal_aux_1: 2.3281 (2.2213)  loss_bbox_aux_1: 0.1055 (0.1817)  loss_giou_aux_1: 0.2284 (0.2824)  loss_fgl_aux_1: 1.0209 (1.0254)  loss_ddf_aux_1: 0.0492 (0.0539)  loss_mal_pre: 2.7754 (2.8638)  loss_bbox_pre: 0.1353 (0.2562)  loss_giou_pre: 0.2768 (0.3420)  loss_mal_enc_0: 3.0469 (3.0322)  loss_bbox_enc_0: 0.4188 (0.5448)  loss_giou_enc_0: 0.6089 (0.6518)  loss_mal_dn_0: 1.8604 (1.8395)  loss_bbox_dn_0: 0.6723 (0.6515)  loss_giou_dn_0: 0.7426 (0.7699)  loss_fgl_dn_0: 1.1703 (1.1681)  loss_ddf_dn_0: 0.6485 (0.6765)  loss_mal_dn_1: 1.4043 (1.3748)  loss_bbox_dn_1: 0.2665 (0.3365)  loss_giou_dn_1: 0.3813 (0.4237)  loss_fgl_dn_1: 1.0870 (1.0773)  loss_ddf_dn_1: 0.0839 (0.0885)  loss_mal_dn_2: 1.6504 (1.6057)  loss_bbox_dn_2: 0.2121 (0.2981)  loss_giou_dn_2: 0.3436 (0.3862)  loss_fgl_dn_2: 1.0419 (1.0507)  loss_mal_dn_pre: 1.9268 (1.9124)  loss_bbox_dn_pre: 0.6824 (0.6588)  loss_giou_dn_pre: 0.7375 (0.7716)  time: 0.2425  data: 0.1169  max mem: 1050
Epoch: [78] Total time: 0:00:02 (0.2510 s / it)
Averaged stats: lr: 0.000040  loss: 35.2777 (34.9795)  loss_mal: 2.2480 (2.2426)  loss_bbox: 0.0909 (0.1748)  loss_giou: 0.2239 (0.2769)  loss_fgl: 1.0537 (1.0414)  loss_mal_aux_0: 2.6191 (2.6963)  loss_bbox_aux_0: 0.1600 (0.2559)  loss_giou_aux_0: 0.3044 (0.3448)  loss_fgl_aux_0: 1.1272 (1.1151)  loss_ddf_aux_0: 0.2849 (0.2866)  loss_mal_aux_1: 2.3281 (2.2213)  loss_bbox_aux_1: 0.1055 (0.1817)  loss_giou_aux_1: 0.2284 (0.2824)  loss_fgl_aux_1: 1.0209 (1.0254)  loss_ddf_aux_1: 0.0492 (0.0539)  loss_mal_pre: 2.7754 (2.8638)  loss_bbox_pre: 0.1353 (0.2562)  loss_giou_pre: 0.2768 (0.3420)  loss_mal_enc_0: 3.0469 (3.0322)  loss_bbox_enc_0: 0.4188 (0.5448)  loss_giou_enc_0: 0.6089 (0.6518)  loss_mal_dn_0: 1.8604 (1.8395)  loss_bbox_dn_0: 0.6723 (0.6515)  loss_giou_dn_0: 0.7426 (0.7699)  loss_fgl_dn_0: 1.1703 (1.1681)  loss_ddf_dn_0: 0.6485 (0.6765)  loss_mal_dn_1: 1.4043 (1.3748)  loss_bbox_dn_1: 0.2665 (0.3365)  loss_giou_dn_1: 0.3813 (0.4237)  loss_fgl_dn_1: 1.0870 (1.0773)  loss_ddf_dn_1: 0.0839 (0.0885)  loss_mal_dn_2: 1.6504 (1.6057)  loss_bbox_dn_2: 0.2121 (0.2981)  loss_giou_dn_2: 0.3436 (0.3862)  loss_fgl_dn_2: 1.0419 (1.0507)  loss_mal_dn_pre: 1.9268 (1.9124)  loss_bbox_dn_pre: 0.6824 (0.6588)  loss_giou_dn_pre: 0.7375 (0.7716)
Test:  [0/4]  eta: 0:00:01    time: 0.3774  data: 0.3501  max mem: 1050
Test:  [3/4]  eta: 0:00:00    time: 0.1132  data: 0.0896  max mem: 1050
Test: Total time: 0:00:00 (0.1298 s / it)
Averaged stats: 
Accumulating evaluation results...
COCOeval_opt.accumulate() finished...
DONE (t=0.00s).
IoU metric: bbox
 Average Precision  (AP) @[ IoU=0.50:0.95 | area=   all | maxDets=100 ] = 0.204
 Average Precision  (AP) @[ IoU=0.50      | area=   all | maxDets=100 ] = 0.270
 Average Precision  (AP) @[ IoU=0.75      | area=   all | maxDets=100 ] = 0.235
 Average Precision  (AP) @[ IoU=0.50:0.95 | area= small | maxDets=100 ] = -1.000
 Average Precision  (AP) @[ IoU=0.50:0.95 | area=medium | maxDets=100 ] = -1.000
 Average Precision  (AP) @[ IoU=0.50:0.95 | area= large | maxDets=100 ] = 0.204
 Average Recall     (AR) @[ IoU=0.50:0.95 | area=   all | maxDets=  1 ] = 0.227
 Average Recall     (AR) @[ IoU=0.50:0.95 | area=   all | maxDets= 10 ] = 0.677
 Average Recall     (AR) @[ IoU=0.50:0.95 | area=   all | maxDets=100 ] = 0.803
 Average Recall     (AR) @[ IoU=0.50:0.95 | area= small | maxDets=100 ] = -1.000
 Average Recall     (AR) @[ IoU=0.50:0.95 | area=medium | maxDets=100 ] = -1.000
 Average Recall     (AR) @[ IoU=0.50:0.95 | area= large | maxDets=100 ] = 0.803
 Average Recall     (AR) @[ IoU=0.50      | area=   all | maxDets=100 ] = 1.000
 Average Recall     (AR) @[ IoU=0.75      | area=   all | maxDets=100 ] = 0.867
best_stat: {'epoch': 76, 'coco_eval_bbox': 0.25689163927317404}
Epoch: [79]  [0/8]  eta: 0:00:08  lr: 0.000040  loss: 35.5762 (35.5762)  loss_mal: 2.5391 (2.5391)  loss_bbox: 0.1753 (0.1753)  loss_giou: 0.2556 (0.2556)  loss_fgl: 1.1185 (1.1185)  loss_mal_aux_0: 2.6934 (2.6934)  loss_bbox_aux_0: 0.2521 (0.2521)  loss_giou_aux_0: 0.3593 (0.3593)  loss_fgl_aux_0: 1.1788 (1.1788)  loss_ddf_aux_0: 0.2293 (0.2293)  loss_mal_aux_1: 2.4238 (2.4238)  loss_bbox_aux_1: 0.1899 (0.1899)  loss_giou_aux_1: 0.2884 (0.2884)  loss_fgl_aux_1: 1.1228 (1.1228)  loss_ddf_aux_1: 0.0377 (0.0377)  loss_mal_pre: 2.8906 (2.8906)  loss_bbox_pre: 0.2551 (0.2551)  loss_giou_pre: 0.3574 (0.3574)  loss_mal_enc_0: 3.0410 (3.0410)  loss_bbox_enc_0: 0.5469 (0.5469)  loss_giou_enc_0: 0.7164 (0.7164)  loss_mal_dn_0: 1.9229 (1.9229)  loss_bbox_dn_0: 0.6361 (0.6361)  loss_giou_dn_0: 0.7296 (0.7296)  loss_fgl_dn_0: 1.1865 (1.1865)  loss_ddf_dn_0: 0.5233 (0.5233)  loss_mal_dn_1: 1.5068 (1.5068)  loss_bbox_dn_1: 0.2818 (0.2818)  loss_giou_dn_1: 0.3361 (0.3361)  loss_fgl_dn_1: 1.0584 (1.0584)  loss_ddf_dn_1: 0.0739 (0.0739)  loss_mal_dn_2: 1.6914 (1.6914)  loss_bbox_dn_2: 0.2476 (0.2476)  loss_giou_dn_2: 0.3075 (0.3075)  loss_fgl_dn_2: 1.0352 (1.0352)  loss_mal_dn_pre: 2.0000 (2.0000)  loss_bbox_dn_pre: 0.6357 (0.6357)  loss_giou_dn_pre: 0.7319 (0.7319)  time: 1.0789  data: 0.9390  max mem: 1050
Epoch: [79]  [7/8]  eta: 0:00:00  lr: 0.000041  loss: 33.9399 (35.4302)  loss_mal: 1.9639 (2.1444)  loss_bbox: 0.1676 (0.2586)  loss_giou: 0.2556 (0.3209)  loss_fgl: 1.0558 (1.0959)  loss_mal_aux_0: 2.5254 (2.5664)  loss_bbox_aux_0: 0.1957 (0.3149)  loss_giou_aux_0: 0.3593 (0.3933)  loss_fgl_aux_0: 1.1310 (1.1427)  loss_ddf_aux_0: 0.2480 (0.2563)  loss_mal_aux_1: 1.9326 (2.1477)  loss_bbox_aux_1: 0.1717 (0.2615)  loss_giou_aux_1: 0.2884 (0.3228)  loss_fgl_aux_1: 1.0917 (1.1012)  loss_ddf_aux_1: 0.0483 (0.0515)  loss_mal_pre: 2.6719 (2.7471)  loss_bbox_pre: 0.1939 (0.3148)  loss_giou_pre: 0.3574 (0.3973)  loss_mal_enc_0: 2.6699 (2.9143)  loss_bbox_enc_0: 0.4910 (0.6138)  loss_giou_enc_0: 0.7164 (0.6956)  loss_mal_dn_0: 1.8838 (1.8187)  loss_bbox_dn_0: 0.5164 (0.7282)  loss_giou_dn_0: 0.7296 (0.7664)  loss_fgl_dn_0: 1.1581 (1.1602)  loss_ddf_dn_0: 0.7558 (0.6722)  loss_mal_dn_1: 1.3184 (1.3309)  loss_bbox_dn_1: 0.2617 (0.4399)  loss_giou_dn_1: 0.3376 (0.4424)  loss_fgl_dn_1: 1.0669 (1.0866)  loss_ddf_dn_1: 0.0823 (0.0856)  loss_mal_dn_2: 1.5830 (1.5677)  loss_bbox_dn_2: 0.2403 (0.4019)  loss_giou_dn_2: 0.3075 (0.4017)  loss_fgl_dn_2: 1.0352 (1.0634)  loss_mal_dn_pre: 1.9854 (1.8995)  loss_bbox_dn_pre: 0.5265 (0.7344)  loss_giou_dn_pre: 0.7319 (0.7692)  time: 0.3113  data: 0.1807  max mem: 1050
Epoch: [79] Total time: 0:00:02 (0.3199 s / it)
Averaged stats: lr: 0.000041  loss: 33.9399 (35.4302)  loss_mal: 1.9639 (2.1444)  loss_bbox: 0.1676 (0.2586)  loss_giou: 0.2556 (0.3209)  loss_fgl: 1.0558 (1.0959)  loss_mal_aux_0: 2.5254 (2.5664)  loss_bbox_aux_0: 0.1957 (0.3149)  loss_giou_aux_0: 0.3593 (0.3933)  loss_fgl_aux_0: 1.1310 (1.1427)  loss_ddf_aux_0: 0.2480 (0.2563)  loss_mal_aux_1: 1.9326 (2.1477)  loss_bbox_aux_1: 0.1717 (0.2615)  loss_giou_aux_1: 0.2884 (0.3228)  loss_fgl_aux_1: 1.0917 (1.1012)  loss_ddf_aux_1: 0.0483 (0.0515)  loss_mal_pre: 2.6719 (2.7471)  loss_bbox_pre: 0.1939 (0.3148)  loss_giou_pre: 0.3574 (0.3973)  loss_mal_enc_0: 2.6699 (2.9143)  loss_bbox_enc_0: 0.4910 (0.6138)  loss_giou_enc_0: 0.7164 (0.6956)  loss_mal_dn_0: 1.8838 (1.8187)  loss_bbox_dn_0: 0.5164 (0.7282)  loss_giou_dn_0: 0.7296 (0.7664)  loss_fgl_dn_0: 1.1581 (1.1602)  loss_ddf_dn_0: 0.7558 (0.6722)  loss_mal_dn_1: 1.3184 (1.3309)  loss_bbox_dn_1: 0.2617 (0.4399)  loss_giou_dn_1: 0.3376 (0.4424)  loss_fgl_dn_1: 1.0669 (1.0866)  loss_ddf_dn_1: 0.0823 (0.0856)  loss_mal_dn_2: 1.5830 (1.5677)  loss_bbox_dn_2: 0.2403 (0.4019)  loss_giou_dn_2: 0.3075 (0.4017)  loss_fgl_dn_2: 1.0352 (1.0634)  loss_mal_dn_pre: 1.9854 (1.8995)  loss_bbox_dn_pre: 0.5265 (0.7344)  loss_giou_dn_pre: 0.7319 (0.7692)
Test:  [0/4]  eta: 0:00:01    time: 0.3312  data: 0.3095  max mem: 1050
Test:  [3/4]  eta: 0:00:00    time: 0.0986  data: 0.0800  max mem: 1050
Test: Total time: 0:00:00 (0.1189 s / it)
Averaged stats: 
Accumulating evaluation results...
COCOeval_opt.accumulate() finished...
DONE (t=0.00s).
IoU metric: bbox
 Average Precision  (AP) @[ IoU=0.50:0.95 | area=   all | maxDets=100 ] = 0.234
 Average Precision  (AP) @[ IoU=0.50      | area=   all | maxDets=100 ] = 0.313
 Average Precision  (AP) @[ IoU=0.75      | area=   all | maxDets=100 ] = 0.258
 Average Precision  (AP) @[ IoU=0.50:0.95 | area= small | maxDets=100 ] = -1.000
 Average Precision  (AP) @[ IoU=0.50:0.95 | area=medium | maxDets=100 ] = -1.000
 Average Precision  (AP) @[ IoU=0.50:0.95 | area= large | maxDets=100 ] = 0.234
 Average Recall     (AR) @[ IoU=0.50:0.95 | area=   all | maxDets=  1 ] = 0.310
 Average Recall     (AR) @[ IoU=0.50:0.95 | area=   all | maxDets= 10 ] = 0.727
 Average Recall     (AR) @[ IoU=0.50:0.95 | area=   all | maxDets=100 ] = 0.823
 Average Recall     (AR) @[ IoU=0.50:0.95 | area= small | maxDets=100 ] = -1.000
 Average Recall     (AR) @[ IoU=0.50:0.95 | area=medium | maxDets=100 ] = -1.000
 Average Recall     (AR) @[ IoU=0.50:0.95 | area= large | maxDets=100 ] = 0.823
 Average Recall     (AR) @[ IoU=0.50      | area=   all | maxDets=100 ] = 1.000
 Average Recall     (AR) @[ IoU=0.75      | area=   all | maxDets=100 ] = 0.867
best_stat: {'epoch': 76, 'coco_eval_bbox': 0.25689163927317404}
Epoch: [80]  [0/8]  eta: 0:00:07  lr: 0.000041  loss: 36.2471 (36.2471)  loss_mal: 2.4746 (2.4746)  loss_bbox: 0.3264 (0.3264)  loss_giou: 0.2188 (0.2188)  loss_fgl: 1.0584 (1.0584)  loss_mal_aux_0: 2.6191 (2.6191)  loss_bbox_aux_0: 0.4057 (0.4057)  loss_giou_aux_0: 0.2608 (0.2608)  loss_fgl_aux_0: 1.1312 (1.1312)  loss_ddf_aux_0: 0.2057 (0.2057)  loss_mal_aux_1: 2.4629 (2.4629)  loss_bbox_aux_1: 0.3456 (0.3456)  loss_giou_aux_1: 0.2252 (0.2252)  loss_fgl_aux_1: 1.0833 (1.0833)  loss_ddf_aux_1: 0.0391 (0.0391)  loss_mal_pre: 2.8027 (2.8027)  loss_bbox_pre: 0.4128 (0.4128)  loss_giou_pre: 0.2806 (0.2806)  loss_mal_enc_0: 3.2832 (3.2832)  loss_bbox_enc_0: 0.9237 (0.9237)  loss_giou_enc_0: 0.6109 (0.6109)  loss_mal_dn_0: 1.6836 (1.6836)  loss_bbox_dn_0: 0.9710 (0.9710)  loss_giou_dn_0: 0.7661 (0.7661)  loss_fgl_dn_0: 1.1816 (1.1816)  loss_ddf_dn_0: 0.5184 (0.5184)  loss_mal_dn_1: 1.3652 (1.3652)  loss_bbox_dn_1: 0.4125 (0.4125)  loss_giou_dn_1: 0.3638 (0.3638)  loss_fgl_dn_1: 1.0450 (1.0450)  loss_ddf_dn_1: 0.0748 (0.0748)  loss_mal_dn_2: 1.5283 (1.5283)  loss_bbox_dn_2: 0.3210 (0.3210)  loss_giou_dn_2: 0.3146 (0.3146)  loss_fgl_dn_2: 1.0055 (1.0055)  loss_mal_dn_pre: 1.7529 (1.7529)  loss_bbox_dn_pre: 0.9943 (0.9943)  loss_giou_dn_pre: 0.7775 (0.7775)  time: 0.9477  data: 0.7670  max mem: 1050
Epoch: [80]  [7/8]  eta: 0:00:00  lr: 0.000042  loss: 35.5718 (36.2124)  loss_mal: 2.2363 (2.1775)  loss_bbox: 0.2961 (0.3606)  loss_giou: 0.2359 (0.3477)  loss_fgl: 1.0584 (1.1220)  loss_mal_aux_0: 2.5664 (2.5474)  loss_bbox_aux_0: 0.3069 (0.4013)  loss_giou_aux_0: 0.2887 (0.3885)  loss_fgl_aux_0: 1.1534 (1.1623)  loss_ddf_aux_0: 0.2343 (0.2375)  loss_mal_aux_1: 2.1367 (2.1040)  loss_bbox_aux_1: 0.3139 (0.3577)  loss_giou_aux_1: 0.2279 (0.3490)  loss_fgl_aux_1: 1.0833 (1.1177)  loss_ddf_aux_1: 0.0391 (0.0430)  loss_mal_pre: 2.7422 (2.6758)  loss_bbox_pre: 0.3603 (0.4068)  loss_giou_pre: 0.2806 (0.3906)  loss_mal_enc_0: 3.1250 (2.9524)  loss_bbox_enc_0: 0.7764 (0.7618)  loss_giou_enc_0: 0.6109 (0.6861)  loss_mal_dn_0: 1.6836 (1.7152)  loss_bbox_dn_0: 0.7573 (0.9012)  loss_giou_dn_0: 0.7507 (0.8068)  loss_fgl_dn_0: 1.1476 (1.1486)  loss_ddf_dn_0: 0.6636 (0.6446)  loss_mal_dn_1: 1.2510 (1.2410)  loss_bbox_dn_1: 0.4125 (0.5415)  loss_giou_dn_1: 0.3610 (0.4789)  loss_fgl_dn_1: 1.0745 (1.0778)  loss_ddf_dn_1: 0.0790 (0.0802)  loss_mal_dn_2: 1.5195 (1.4666)  loss_bbox_dn_2: 0.3210 (0.4985)  loss_giou_dn_2: 0.3146 (0.4421)  loss_fgl_dn_2: 1.0541 (1.0639)  loss_mal_dn_pre: 1.7529 (1.7928)  loss_bbox_dn_pre: 0.7623 (0.9110)  loss_giou_dn_pre: 0.7442 (0.8120)  time: 0.2399  data: 0.0982  max mem: 1050
Epoch: [80] Total time: 0:00:01 (0.2478 s / it)
Averaged stats: lr: 0.000042  loss: 35.5718 (36.2124)  loss_mal: 2.2363 (2.1775)  loss_bbox: 0.2961 (0.3606)  loss_giou: 0.2359 (0.3477)  loss_fgl: 1.0584 (1.1220)  loss_mal_aux_0: 2.5664 (2.5474)  loss_bbox_aux_0: 0.3069 (0.4013)  loss_giou_aux_0: 0.2887 (0.3885)  loss_fgl_aux_0: 1.1534 (1.1623)  loss_ddf_aux_0: 0.2343 (0.2375)  loss_mal_aux_1: 2.1367 (2.1040)  loss_bbox_aux_1: 0.3139 (0.3577)  loss_giou_aux_1: 0.2279 (0.3490)  loss_fgl_aux_1: 1.0833 (1.1177)  loss_ddf_aux_1: 0.0391 (0.0430)  loss_mal_pre: 2.7422 (2.6758)  loss_bbox_pre: 0.3603 (0.4068)  loss_giou_pre: 0.2806 (0.3906)  loss_mal_enc_0: 3.1250 (2.9524)  loss_bbox_enc_0: 0.7764 (0.7618)  loss_giou_enc_0: 0.6109 (0.6861)  loss_mal_dn_0: 1.6836 (1.7152)  loss_bbox_dn_0: 0.7573 (0.9012)  loss_giou_dn_0: 0.7507 (0.8068)  loss_fgl_dn_0: 1.1476 (1.1486)  loss_ddf_dn_0: 0.6636 (0.6446)  loss_mal_dn_1: 1.2510 (1.2410)  loss_bbox_dn_1: 0.4125 (0.5415)  loss_giou_dn_1: 0.3610 (0.4789)  loss_fgl_dn_1: 1.0745 (1.0778)  loss_ddf_dn_1: 0.0790 (0.0802)  loss_mal_dn_2: 1.5195 (1.4666)  loss_bbox_dn_2: 0.3210 (0.4985)  loss_giou_dn_2: 0.3146 (0.4421)  loss_fgl_dn_2: 1.0541 (1.0639)  loss_mal_dn_pre: 1.7529 (1.7928)  loss_bbox_dn_pre: 0.7623 (0.9110)  loss_giou_dn_pre: 0.7442 (0.8120)
Test:  [0/4]  eta: 0:00:01    time: 0.3800  data: 0.3449  max mem: 1050
Test:  [3/4]  eta: 0:00:00    time: 0.1106  data: 0.0882  max mem: 1050
Test: Total time: 0:00:00 (0.1307 s / it)
Averaged stats: 
Accumulating evaluation results...
COCOeval_opt.accumulate() finished...
DONE (t=0.00s).
IoU metric: bbox
 Average Precision  (AP) @[ IoU=0.50:0.95 | area=   all | maxDets=100 ] = 0.272
 Average Precision  (AP) @[ IoU=0.50      | area=   all | maxDets=100 ] = 0.362
 Average Precision  (AP) @[ IoU=0.75      | area=   all | maxDets=100 ] = 0.314
 Average Precision  (AP) @[ IoU=0.50:0.95 | area= small | maxDets=100 ] = -1.000
 Average Precision  (AP) @[ IoU=0.50:0.95 | area=medium | maxDets=100 ] = -1.000
 Average Precision  (AP) @[ IoU=0.50:0.95 | area= large | maxDets=100 ] = 0.272
 Average Recall     (AR) @[ IoU=0.50:0.95 | area=   all | maxDets=  1 ] = 0.347
 Average Recall     (AR) @[ IoU=0.50:0.95 | area=   all | maxDets= 10 ] = 0.797
 Average Recall     (AR) @[ IoU=0.50:0.95 | area=   all | maxDets=100 ] = 0.850
 Average Recall     (AR) @[ IoU=0.50:0.95 | area= small | maxDets=100 ] = -1.000
 Average Recall     (AR) @[ IoU=0.50:0.95 | area=medium | maxDets=100 ] = -1.000
 Average Recall     (AR) @[ IoU=0.50:0.95 | area= large | maxDets=100 ] = 0.850
 Average Recall     (AR) @[ IoU=0.50      | area=   all | maxDets=100 ] = 1.000
 Average Recall     (AR) @[ IoU=0.75      | area=   all | maxDets=100 ] = 0.967
best_stat: {'epoch': 80, 'coco_eval_bbox': 0.27244307898378345}
Epoch: [81]  [0/8]  eta: 0:00:07  lr: 0.000042  loss: 37.3967 (37.3967)  loss_mal: 2.5684 (2.5684)  loss_bbox: 0.3182 (0.3182)  loss_giou: 0.2281 (0.2281)  loss_fgl: 0.8559 (0.8559)  loss_mal_aux_0: 2.9355 (2.9355)  loss_bbox_aux_0: 0.4365 (0.4365)  loss_giou_aux_0: 0.3231 (0.3231)  loss_fgl_aux_0: 1.0066 (1.0066)  loss_ddf_aux_0: 0.1932 (0.1932)  loss_mal_aux_1: 2.4473 (2.4473)  loss_bbox_aux_1: 0.3552 (0.3552)  loss_giou_aux_1: 0.2506 (0.2506)  loss_fgl_aux_1: 0.8712 (0.8712)  loss_ddf_aux_1: 0.0292 (0.0292)  loss_mal_pre: 3.1406 (3.1406)  loss_bbox_pre: 0.4445 (0.4445)  loss_giou_pre: 0.3338 (0.3338)  loss_mal_enc_0: 3.0312 (3.0312)  loss_bbox_enc_0: 0.8227 (0.8227)  loss_giou_enc_0: 0.6592 (0.6592)  loss_mal_dn_0: 1.8721 (1.8721)  loss_bbox_dn_0: 1.0634 (1.0634)  loss_giou_dn_0: 0.7697 (0.7697)  loss_fgl_dn_0: 1.1521 (1.1521)  loss_ddf_dn_0: 0.4927 (0.4927)  loss_mal_dn_1: 1.3818 (1.3818)  loss_bbox_dn_1: 0.6030 (0.6030)  loss_giou_dn_1: 0.3847 (0.3847)  loss_fgl_dn_1: 1.0472 (1.0472)  loss_ddf_dn_1: 0.0755 (0.0755)  loss_mal_dn_2: 1.6387 (1.6387)  loss_bbox_dn_2: 0.5314 (0.5314)  loss_giou_dn_2: 0.3159 (0.3159)  loss_fgl_dn_2: 0.9988 (0.9988)  loss_mal_dn_pre: 1.9551 (1.9551)  loss_bbox_dn_pre: 1.0854 (1.0854)  loss_giou_dn_pre: 0.7783 (0.7783)  time: 0.9675  data: 0.8083  max mem: 1050
Epoch: [81]  [7/8]  eta: 0:00:00  lr: 0.000043  loss: 34.4416 (35.0639)  loss_mal: 2.4121 (2.3542)  loss_bbox: 0.2147 (0.2781)  loss_giou: 0.2086 (0.2964)  loss_fgl: 1.0441 (1.0986)  loss_mal_aux_0: 2.4863 (2.5017)  loss_bbox_aux_0: 0.3200 (0.3165)  loss_giou_aux_0: 0.2637 (0.3302)  loss_fgl_aux_0: 1.1401 (1.1695)  loss_ddf_aux_0: 0.2099 (0.2212)  loss_mal_aux_1: 1.9365 (2.1416)  loss_bbox_aux_1: 0.2532 (0.2840)  loss_giou_aux_1: 0.2253 (0.2983)  loss_fgl_aux_1: 1.0525 (1.1063)  loss_ddf_aux_1: 0.0350 (0.0359)  loss_mal_pre: 2.6484 (2.6655)  loss_bbox_pre: 0.3081 (0.3197)  loss_giou_pre: 0.2595 (0.3310)  loss_mal_enc_0: 3.0312 (3.0308)  loss_bbox_enc_0: 0.6182 (0.6196)  loss_giou_enc_0: 0.5405 (0.5877)  loss_mal_dn_0: 1.7803 (1.7803)  loss_bbox_dn_0: 0.6863 (0.7491)  loss_giou_dn_0: 0.6677 (0.7207)  loss_fgl_dn_0: 1.1752 (1.1923)  loss_ddf_dn_0: 0.4927 (0.5159)  loss_mal_dn_1: 1.3037 (1.2892)  loss_bbox_dn_1: 0.4115 (0.4600)  loss_giou_dn_1: 0.3847 (0.4359)  loss_fgl_dn_1: 1.0838 (1.1066)  loss_ddf_dn_1: 0.0626 (0.0649)  loss_mal_dn_2: 1.5361 (1.4956)  loss_bbox_dn_2: 0.3738 (0.4176)  loss_giou_dn_2: 0.3159 (0.3946)  loss_fgl_dn_2: 1.0505 (1.0797)  loss_mal_dn_pre: 1.9014 (1.8864)  loss_bbox_dn_pre: 0.6858 (0.7655)  loss_giou_dn_pre: 0.6649 (0.7229)  time: 0.2487  data: 0.1034  max mem: 1050
Epoch: [81] Total time: 0:00:02 (0.2558 s / it)
Averaged stats: lr: 0.000043  loss: 34.4416 (35.0639)  loss_mal: 2.4121 (2.3542)  loss_bbox: 0.2147 (0.2781)  loss_giou: 0.2086 (0.2964)  loss_fgl: 1.0441 (1.0986)  loss_mal_aux_0: 2.4863 (2.5017)  loss_bbox_aux_0: 0.3200 (0.3165)  loss_giou_aux_0: 0.2637 (0.3302)  loss_fgl_aux_0: 1.1401 (1.1695)  loss_ddf_aux_0: 0.2099 (0.2212)  loss_mal_aux_1: 1.9365 (2.1416)  loss_bbox_aux_1: 0.2532 (0.2840)  loss_giou_aux_1: 0.2253 (0.2983)  loss_fgl_aux_1: 1.0525 (1.1063)  loss_ddf_aux_1: 0.0350 (0.0359)  loss_mal_pre: 2.6484 (2.6655)  loss_bbox_pre: 0.3081 (0.3197)  loss_giou_pre: 0.2595 (0.3310)  loss_mal_enc_0: 3.0312 (3.0308)  loss_bbox_enc_0: 0.6182 (0.6196)  loss_giou_enc_0: 0.5405 (0.5877)  loss_mal_dn_0: 1.7803 (1.7803)  loss_bbox_dn_0: 0.6863 (0.7491)  loss_giou_dn_0: 0.6677 (0.7207)  loss_fgl_dn_0: 1.1752 (1.1923)  loss_ddf_dn_0: 0.4927 (0.5159)  loss_mal_dn_1: 1.3037 (1.2892)  loss_bbox_dn_1: 0.4115 (0.4600)  loss_giou_dn_1: 0.3847 (0.4359)  loss_fgl_dn_1: 1.0838 (1.1066)  loss_ddf_dn_1: 0.0626 (0.0649)  loss_mal_dn_2: 1.5361 (1.4956)  loss_bbox_dn_2: 0.3738 (0.4176)  loss_giou_dn_2: 0.3159 (0.3946)  loss_fgl_dn_2: 1.0505 (1.0797)  loss_mal_dn_pre: 1.9014 (1.8864)  loss_bbox_dn_pre: 0.6858 (0.7655)  loss_giou_dn_pre: 0.6649 (0.7229)
Test:  [0/4]  eta: 0:00:01    time: 0.3520  data: 0.3306  max mem: 1050
Test:  [3/4]  eta: 0:00:00    time: 0.0997  data: 0.0845  max mem: 1050
Test: Total time: 0:00:00 (0.1164 s / it)
Averaged stats: 
Accumulating evaluation results...
COCOeval_opt.accumulate() finished...
DONE (t=0.00s).
IoU metric: bbox
 Average Precision  (AP) @[ IoU=0.50:0.95 | area=   all | maxDets=100 ] = 0.253
 Average Precision  (AP) @[ IoU=0.50      | area=   all | maxDets=100 ] = 0.307
 Average Precision  (AP) @[ IoU=0.75      | area=   all | maxDets=100 ] = 0.287
 Average Precision  (AP) @[ IoU=0.50:0.95 | area= small | maxDets=100 ] = -1.000
 Average Precision  (AP) @[ IoU=0.50:0.95 | area=medium | maxDets=100 ] = -1.000
 Average Precision  (AP) @[ IoU=0.50:0.95 | area= large | maxDets=100 ] = 0.253
 Average Recall     (AR) @[ IoU=0.50:0.95 | area=   all | maxDets=  1 ] = 0.370
 Average Recall     (AR) @[ IoU=0.50:0.95 | area=   all | maxDets= 10 ] = 0.797
 Average Recall     (AR) @[ IoU=0.50:0.95 | area=   all | maxDets=100 ] = 0.880
 Average Recall     (AR) @[ IoU=0.50:0.95 | area= small | maxDets=100 ] = -1.000
 Average Recall     (AR) @[ IoU=0.50:0.95 | area=medium | maxDets=100 ] = -1.000
 Average Recall     (AR) @[ IoU=0.50:0.95 | area= large | maxDets=100 ] = 0.880
 Average Recall     (AR) @[ IoU=0.50      | area=   all | maxDets=100 ] = 1.000
 Average Recall     (AR) @[ IoU=0.75      | area=   all | maxDets=100 ] = 0.967
best_stat: {'epoch': 80, 'coco_eval_bbox': 0.27244307898378345}
Epoch: [82]  [0/8]  eta: 0:00:09  lr: 0.000043  loss: 31.9757 (31.9757)  loss_mal: 2.1836 (2.1836)  loss_bbox: 0.0922 (0.0922)  loss_giou: 0.2193 (0.2193)  loss_fgl: 1.0464 (1.0464)  loss_mal_aux_0: 2.4414 (2.4414)  loss_bbox_aux_0: 0.1349 (0.1349)  loss_giou_aux_0: 0.2821 (0.2821)  loss_fgl_aux_0: 1.1399 (1.1399)  loss_ddf_aux_0: 0.1805 (0.1805)  loss_mal_aux_1: 1.7363 (1.7363)  loss_bbox_aux_1: 0.0840 (0.0840)  loss_giou_aux_1: 0.1924 (0.1924)  loss_fgl_aux_1: 1.0430 (1.0430)  loss_ddf_aux_1: 0.0375 (0.0375)  loss_mal_pre: 2.6738 (2.6738)  loss_bbox_pre: 0.1352 (0.1352)  loss_giou_pre: 0.2759 (0.2759)  loss_mal_enc_0: 3.0742 (3.0742)  loss_bbox_enc_0: 0.3699 (0.3699)  loss_giou_enc_0: 0.6959 (0.6959)  loss_mal_dn_0: 1.7852 (1.7852)  loss_bbox_dn_0: 0.4584 (0.4584)  loss_giou_dn_0: 0.6941 (0.6941)  loss_fgl_dn_0: 1.2196 (1.2196)  loss_ddf_dn_0: 0.6204 (0.6204)  loss_mal_dn_1: 1.2959 (1.2959)  loss_bbox_dn_1: 0.2013 (0.2013)  loss_giou_dn_1: 0.3429 (0.3429)  loss_fgl_dn_1: 1.1052 (1.1052)  loss_ddf_dn_1: 0.0753 (0.0753)  loss_mal_dn_2: 1.5088 (1.5088)  loss_bbox_dn_2: 0.1729 (0.1729)  loss_giou_dn_2: 0.3248 (0.3248)  loss_fgl_dn_2: 1.0885 (1.0885)  loss_mal_dn_pre: 1.8984 (1.8984)  loss_bbox_dn_pre: 0.4556 (0.4556)  loss_giou_dn_pre: 0.6901 (0.6901)  time: 1.2260  data: 1.1163  max mem: 1050
Epoch: [82]  [7/8]  eta: 0:00:00  lr: 0.000044  loss: 32.6301 (34.9380)  loss_mal: 2.3535 (2.3461)  loss_bbox: 0.1215 (0.2671)  loss_giou: 0.1901 (0.2576)  loss_fgl: 0.9827 (0.9990)  loss_mal_aux_0: 2.4414 (2.4614)  loss_bbox_aux_0: 0.1859 (0.3537)  loss_giou_aux_0: 0.2853 (0.3457)  loss_fgl_aux_0: 1.1399 (1.1219)  loss_ddf_aux_0: 0.1847 (0.1929)  loss_mal_aux_1: 1.9727 (1.9652)  loss_bbox_aux_1: 0.1342 (0.2677)  loss_giou_aux_1: 0.1908 (0.2603)  loss_fgl_aux_1: 0.9895 (1.0043)  loss_ddf_aux_1: 0.0308 (0.0332)  loss_mal_pre: 2.6738 (2.6759)  loss_bbox_pre: 0.1993 (0.3569)  loss_giou_pre: 0.2880 (0.3470)  loss_mal_enc_0: 3.0234 (2.9565)  loss_bbox_enc_0: 0.4413 (0.7132)  loss_giou_enc_0: 0.6735 (0.6640)  loss_mal_dn_0: 1.7480 (1.7081)  loss_bbox_dn_0: 0.7100 (0.9143)  loss_giou_dn_0: 0.6941 (0.7507)  loss_fgl_dn_0: 1.2007 (1.1938)  loss_ddf_dn_0: 0.5357 (0.5480)  loss_mal_dn_1: 1.2959 (1.3188)  loss_bbox_dn_1: 0.2925 (0.4914)  loss_giou_dn_1: 0.3429 (0.4109)  loss_fgl_dn_1: 1.0431 (1.0689)  loss_ddf_dn_1: 0.0661 (0.0646)  loss_mal_dn_2: 1.5625 (1.5236)  loss_bbox_dn_2: 0.2301 (0.4450)  loss_giou_dn_2: 0.3118 (0.3690)  loss_fgl_dn_2: 1.0166 (1.0361)  loss_mal_dn_pre: 1.8604 (1.8093)  loss_bbox_dn_pre: 0.7414 (0.9412)  loss_giou_dn_pre: 0.6901 (0.7547)  time: 0.2920  data: 0.1668  max mem: 1050
Epoch: [82] Total time: 0:00:02 (0.2983 s / it)
Averaged stats: lr: 0.000044  loss: 32.6301 (34.9380)  loss_mal: 2.3535 (2.3461)  loss_bbox: 0.1215 (0.2671)  loss_giou: 0.1901 (0.2576)  loss_fgl: 0.9827 (0.9990)  loss_mal_aux_0: 2.4414 (2.4614)  loss_bbox_aux_0: 0.1859 (0.3537)  loss_giou_aux_0: 0.2853 (0.3457)  loss_fgl_aux_0: 1.1399 (1.1219)  loss_ddf_aux_0: 0.1847 (0.1929)  loss_mal_aux_1: 1.9727 (1.9652)  loss_bbox_aux_1: 0.1342 (0.2677)  loss_giou_aux_1: 0.1908 (0.2603)  loss_fgl_aux_1: 0.9895 (1.0043)  loss_ddf_aux_1: 0.0308 (0.0332)  loss_mal_pre: 2.6738 (2.6759)  loss_bbox_pre: 0.1993 (0.3569)  loss_giou_pre: 0.2880 (0.3470)  loss_mal_enc_0: 3.0234 (2.9565)  loss_bbox_enc_0: 0.4413 (0.7132)  loss_giou_enc_0: 0.6735 (0.6640)  loss_mal_dn_0: 1.7480 (1.7081)  loss_bbox_dn_0: 0.7100 (0.9143)  loss_giou_dn_0: 0.6941 (0.7507)  loss_fgl_dn_0: 1.2007 (1.1938)  loss_ddf_dn_0: 0.5357 (0.5480)  loss_mal_dn_1: 1.2959 (1.3188)  loss_bbox_dn_1: 0.2925 (0.4914)  loss_giou_dn_1: 0.3429 (0.4109)  loss_fgl_dn_1: 1.0431 (1.0689)  loss_ddf_dn_1: 0.0661 (0.0646)  loss_mal_dn_2: 1.5625 (1.5236)  loss_bbox_dn_2: 0.2301 (0.4450)  loss_giou_dn_2: 0.3118 (0.3690)  loss_fgl_dn_2: 1.0166 (1.0361)  loss_mal_dn_pre: 1.8604 (1.8093)  loss_bbox_dn_pre: 0.7414 (0.9412)  loss_giou_dn_pre: 0.6901 (0.7547)
Test:  [0/4]  eta: 0:00:01    time: 0.3511  data: 0.3266  max mem: 1050
Test:  [3/4]  eta: 0:00:00    time: 0.1115  data: 0.0837  max mem: 1050
Test: Total time: 0:00:00 (0.1272 s / it)
Averaged stats: 
Accumulating evaluation results...
COCOeval_opt.accumulate() finished...
DONE (t=0.00s).
IoU metric: bbox
 Average Precision  (AP) @[ IoU=0.50:0.95 | area=   all | maxDets=100 ] = 0.273
 Average Precision  (AP) @[ IoU=0.50      | area=   all | maxDets=100 ] = 0.327
 Average Precision  (AP) @[ IoU=0.75      | area=   all | maxDets=100 ] = 0.304
 Average Precision  (AP) @[ IoU=0.50:0.95 | area= small | maxDets=100 ] = -1.000
 Average Precision  (AP) @[ IoU=0.50:0.95 | area=medium | maxDets=100 ] = -1.000
 Average Precision  (AP) @[ IoU=0.50:0.95 | area= large | maxDets=100 ] = 0.273
 Average Recall     (AR) @[ IoU=0.50:0.95 | area=   all | maxDets=  1 ] = 0.380
 Average Recall     (AR) @[ IoU=0.50:0.95 | area=   all | maxDets= 10 ] = 0.817
 Average Recall     (AR) @[ IoU=0.50:0.95 | area=   all | maxDets=100 ] = 0.900
 Average Recall     (AR) @[ IoU=0.50:0.95 | area= small | maxDets=100 ] = -1.000
 Average Recall     (AR) @[ IoU=0.50:0.95 | area=medium | maxDets=100 ] = -1.000
 Average Recall     (AR) @[ IoU=0.50:0.95 | area= large | maxDets=100 ] = 0.900
 Average Recall     (AR) @[ IoU=0.50      | area=   all | maxDets=100 ] = 1.000
 Average Recall     (AR) @[ IoU=0.75      | area=   all | maxDets=100 ] = 0.967
best_stat: {'epoch': 82, 'coco_eval_bbox': 0.273083978579149}
Epoch: [83]  [0/8]  eta: 0:00:06  lr: 0.000044  loss: 34.9934 (34.9934)  loss_mal: 2.6641 (2.6641)  loss_bbox: 0.1812 (0.1812)  loss_giou: 0.1490 (0.1490)  loss_fgl: 0.9194 (0.9194)  loss_mal_aux_0: 2.5840 (2.5840)  loss_bbox_aux_0: 0.2802 (0.2802)  loss_giou_aux_0: 0.2111 (0.2111)  loss_fgl_aux_0: 1.0683 (1.0683)  loss_ddf_aux_0: 0.1718 (0.1718)  loss_mal_aux_1: 2.1484 (2.1484)  loss_bbox_aux_1: 0.1820 (0.1820)  loss_giou_aux_1: 0.1406 (0.1406)  loss_fgl_aux_1: 0.9065 (0.9065)  loss_ddf_aux_1: 0.0290 (0.0290)  loss_mal_pre: 2.7930 (2.7930)  loss_bbox_pre: 0.2665 (0.2665)  loss_giou_pre: 0.2066 (0.2066)  loss_mal_enc_0: 3.2559 (3.2559)  loss_bbox_enc_0: 0.6658 (0.6658)  loss_giou_enc_0: 0.4894 (0.4894)  loss_mal_dn_0: 1.7656 (1.7656)  loss_bbox_dn_0: 1.2192 (1.2192)  loss_giou_dn_0: 0.7383 (0.7383)  loss_fgl_dn_0: 1.2062 (1.2062)  loss_ddf_dn_0: 0.4424 (0.4424)  loss_mal_dn_1: 1.3418 (1.3418)  loss_bbox_dn_1: 0.5017 (0.5017)  loss_giou_dn_1: 0.3126 (0.3126)  loss_fgl_dn_1: 1.0145 (1.0145)  loss_ddf_dn_1: 0.0558 (0.0558)  loss_mal_dn_2: 1.5332 (1.5332)  loss_bbox_dn_2: 0.4225 (0.4225)  loss_giou_dn_2: 0.2673 (0.2673)  loss_fgl_dn_2: 0.9608 (0.9608)  loss_mal_dn_pre: 1.8389 (1.8389)  loss_bbox_dn_pre: 1.2985 (1.2985)  loss_giou_dn_pre: 0.7616 (0.7616)  time: 0.7637  data: 0.6404  max mem: 1050
Epoch: [83]  [7/8]  eta: 0:00:00  lr: 0.000045  loss: 31.2435 (33.5916)  loss_mal: 2.0234 (2.0275)  loss_bbox: 0.1379 (0.2900)  loss_giou: 0.1928 (0.3057)  loss_fgl: 0.9707 (1.0267)  loss_mal_aux_0: 2.3008 (2.3331)  loss_bbox_aux_0: 0.1504 (0.3477)  loss_giou_aux_0: 0.2691 (0.3717)  loss_fgl_aux_0: 1.0853 (1.1083)  loss_ddf_aux_0: 0.1696 (0.1752)  loss_mal_aux_1: 1.5664 (1.6885)  loss_bbox_aux_1: 0.1421 (0.2931)  loss_giou_aux_1: 0.2034 (0.3116)  loss_fgl_aux_1: 0.9903 (1.0318)  loss_ddf_aux_1: 0.0266 (0.0316)  loss_mal_pre: 2.4941 (2.5125)  loss_bbox_pre: 0.1535 (0.3526)  loss_giou_pre: 0.2644 (0.3748)  loss_mal_enc_0: 2.7773 (2.8972)  loss_bbox_enc_0: 0.5886 (0.6429)  loss_giou_enc_0: 0.5922 (0.6628)  loss_mal_dn_0: 1.6973 (1.6975)  loss_bbox_dn_0: 0.5678 (0.7555)  loss_giou_dn_0: 0.6805 (0.7288)  loss_fgl_dn_0: 1.1868 (1.1776)  loss_ddf_dn_0: 0.5625 (0.6073)  loss_mal_dn_1: 1.1865 (1.2006)  loss_bbox_dn_1: 0.3046 (0.4868)  loss_giou_dn_1: 0.3183 (0.4419)  loss_fgl_dn_1: 1.0255 (1.0506)  loss_ddf_dn_1: 0.0682 (0.0685)  loss_mal_dn_2: 1.3496 (1.3683)  loss_bbox_dn_2: 0.2906 (0.4608)  loss_giou_dn_2: 0.2798 (0.4118)  loss_fgl_dn_2: 1.0098 (1.0368)  loss_mal_dn_pre: 1.7930 (1.8048)  loss_bbox_dn_pre: 0.5900 (0.7726)  loss_giou_dn_pre: 0.6879 (0.7362)  time: 0.2252  data: 0.1163  max mem: 1050
Epoch: [83] Total time: 0:00:01 (0.2353 s / it)
Averaged stats: lr: 0.000045  loss: 31.2435 (33.5916)  loss_mal: 2.0234 (2.0275)  loss_bbox: 0.1379 (0.2900)  loss_giou: 0.1928 (0.3057)  loss_fgl: 0.9707 (1.0267)  loss_mal_aux_0: 2.3008 (2.3331)  loss_bbox_aux_0: 0.1504 (0.3477)  loss_giou_aux_0: 0.2691 (0.3717)  loss_fgl_aux_0: 1.0853 (1.1083)  loss_ddf_aux_0: 0.1696 (0.1752)  loss_mal_aux_1: 1.5664 (1.6885)  loss_bbox_aux_1: 0.1421 (0.2931)  loss_giou_aux_1: 0.2034 (0.3116)  loss_fgl_aux_1: 0.9903 (1.0318)  loss_ddf_aux_1: 0.0266 (0.0316)  loss_mal_pre: 2.4941 (2.5125)  loss_bbox_pre: 0.1535 (0.3526)  loss_giou_pre: 0.2644 (0.3748)  loss_mal_enc_0: 2.7773 (2.8972)  loss_bbox_enc_0: 0.5886 (0.6429)  loss_giou_enc_0: 0.5922 (0.6628)  loss_mal_dn_0: 1.6973 (1.6975)  loss_bbox_dn_0: 0.5678 (0.7555)  loss_giou_dn_0: 0.6805 (0.7288)  loss_fgl_dn_0: 1.1868 (1.1776)  loss_ddf_dn_0: 0.5625 (0.6073)  loss_mal_dn_1: 1.1865 (1.2006)  loss_bbox_dn_1: 0.3046 (0.4868)  loss_giou_dn_1: 0.3183 (0.4419)  loss_fgl_dn_1: 1.0255 (1.0506)  loss_ddf_dn_1: 0.0682 (0.0685)  loss_mal_dn_2: 1.3496 (1.3683)  loss_bbox_dn_2: 0.2906 (0.4608)  loss_giou_dn_2: 0.2798 (0.4118)  loss_fgl_dn_2: 1.0098 (1.0368)  loss_mal_dn_pre: 1.7930 (1.8048)  loss_bbox_dn_pre: 0.5900 (0.7726)  loss_giou_dn_pre: 0.6879 (0.7362)
Test:  [0/4]  eta: 0:00:01    time: 0.3262  data: 0.3031  max mem: 1050
Test:  [3/4]  eta: 0:00:00    time: 0.0988  data: 0.0778  max mem: 1050
Test: Total time: 0:00:00 (0.1137 s / it)
Averaged stats: 
Accumulating evaluation results...
COCOeval_opt.accumulate() finished...
DONE (t=0.00s).
IoU metric: bbox
 Average Precision  (AP) @[ IoU=0.50:0.95 | area=   all | maxDets=100 ] = 0.284
 Average Precision  (AP) @[ IoU=0.50      | area=   all | maxDets=100 ] = 0.373
 Average Precision  (AP) @[ IoU=0.75      | area=   all | maxDets=100 ] = 0.311
 Average Precision  (AP) @[ IoU=0.50:0.95 | area= small | maxDets=100 ] = -1.000
 Average Precision  (AP) @[ IoU=0.50:0.95 | area=medium | maxDets=100 ] = -1.000
 Average Precision  (AP) @[ IoU=0.50:0.95 | area= large | maxDets=100 ] = 0.284
 Average Recall     (AR) @[ IoU=0.50:0.95 | area=   all | maxDets=  1 ] = 0.360
 Average Recall     (AR) @[ IoU=0.50:0.95 | area=   all | maxDets= 10 ] = 0.797
 Average Recall     (AR) @[ IoU=0.50:0.95 | area=   all | maxDets=100 ] = 0.863
 Average Recall     (AR) @[ IoU=0.50:0.95 | area= small | maxDets=100 ] = -1.000
 Average Recall     (AR) @[ IoU=0.50:0.95 | area=medium | maxDets=100 ] = -1.000
 Average Recall     (AR) @[ IoU=0.50:0.95 | area= large | maxDets=100 ] = 0.863
 Average Recall     (AR) @[ IoU=0.50      | area=   all | maxDets=100 ] = 1.000
 Average Recall     (AR) @[ IoU=0.75      | area=   all | maxDets=100 ] = 0.933
best_stat: {'epoch': 83, 'coco_eval_bbox': 0.283810098798805}
Epoch: [84]  [0/8]  eta: 0:00:07  lr: 0.000045  loss: 34.9296 (34.9296)  loss_mal: 2.5098 (2.5098)  loss_bbox: 0.4799 (0.4799)  loss_giou: 0.3295 (0.3295)  loss_fgl: 0.8976 (0.8976)  loss_mal_aux_0: 2.2480 (2.2480)  loss_bbox_aux_0: 0.5748 (0.5748)  loss_giou_aux_0: 0.3954 (0.3954)  loss_fgl_aux_0: 0.9947 (0.9947)  loss_ddf_aux_0: 0.1460 (0.1460)  loss_mal_aux_1: 1.8311 (1.8311)  loss_bbox_aux_1: 0.5119 (0.5119)  loss_giou_aux_1: 0.3500 (0.3500)  loss_fgl_aux_1: 0.8973 (0.8973)  loss_ddf_aux_1: 0.0195 (0.0195)  loss_mal_pre: 2.4492 (2.4492)  loss_bbox_pre: 0.5795 (0.5795)  loss_giou_pre: 0.3995 (0.3995)  loss_mal_enc_0: 3.0918 (3.0918)  loss_bbox_enc_0: 0.9722 (0.9722)  loss_giou_enc_0: 0.7192 (0.7192)  loss_mal_dn_0: 1.6299 (1.6299)  loss_bbox_dn_0: 0.8763 (0.8763)  loss_giou_dn_0: 0.7021 (0.7021)  loss_fgl_dn_0: 1.2185 (1.2185)  loss_ddf_dn_0: 0.4552 (0.4552)  loss_mal_dn_1: 1.2812 (1.2812)  loss_bbox_dn_1: 0.4600 (0.4600)  loss_giou_dn_1: 0.3673 (0.3673)  loss_fgl_dn_1: 0.9954 (0.9954)  loss_ddf_dn_1: 0.0544 (0.0544)  loss_mal_dn_2: 1.4443 (1.4443)  loss_bbox_dn_2: 0.4093 (0.4093)  loss_giou_dn_2: 0.3401 (0.3401)  loss_fgl_dn_2: 0.9690 (0.9690)  loss_mal_dn_pre: 1.7568 (1.7568)  loss_bbox_dn_pre: 0.8706 (0.8706)  loss_giou_dn_pre: 0.7023 (0.7023)  time: 0.9121  data: 0.7425  max mem: 1050
Epoch: [84]  [7/8]  eta: 0:00:00  lr: 0.000046  loss: 33.5780 (33.7357)  loss_mal: 2.1816 (2.2145)  loss_bbox: 0.1930 (0.2810)  loss_giou: 0.2542 (0.3082)  loss_fgl: 0.9993 (1.0460)  loss_mal_aux_0: 2.2695 (2.3572)  loss_bbox_aux_0: 0.2172 (0.3190)  loss_giou_aux_0: 0.3445 (0.3669)  loss_fgl_aux_0: 1.1049 (1.1068)  loss_ddf_aux_0: 0.1542 (0.1540)  loss_mal_aux_1: 1.8311 (1.8311)  loss_bbox_aux_1: 0.2058 (0.2887)  loss_giou_aux_1: 0.2682 (0.3188)  loss_fgl_aux_1: 0.9922 (1.0558)  loss_ddf_aux_1: 0.0232 (0.0229)  loss_mal_pre: 2.4492 (2.5337)  loss_bbox_pre: 0.2343 (0.3267)  loss_giou_pre: 0.3663 (0.3741)  loss_mal_enc_0: 2.9707 (3.0151)  loss_bbox_enc_0: 0.6122 (0.5966)  loss_giou_enc_0: 0.5845 (0.6128)  loss_mal_dn_0: 1.7051 (1.7094)  loss_bbox_dn_0: 0.7603 (0.7409)  loss_giou_dn_0: 0.6799 (0.7196)  loss_fgl_dn_0: 1.2112 (1.1939)  loss_ddf_dn_0: 0.5107 (0.5543)  loss_mal_dn_1: 1.1445 (1.1615)  loss_bbox_dn_1: 0.3062 (0.4424)  loss_giou_dn_1: 0.3437 (0.4265)  loss_fgl_dn_1: 1.0118 (1.0675)  loss_ddf_dn_1: 0.0544 (0.0600)  loss_mal_dn_2: 1.4336 (1.3826)  loss_bbox_dn_2: 0.2627 (0.4099)  loss_giou_dn_2: 0.3105 (0.3957)  loss_fgl_dn_2: 0.9691 (1.0381)  loss_mal_dn_pre: 1.7939 (1.8181)  loss_bbox_dn_pre: 0.7746 (0.7568)  loss_giou_dn_pre: 0.6850 (0.7287)  time: 0.2402  data: 0.1119  max mem: 1050
Epoch: [84] Total time: 0:00:01 (0.2494 s / it)
Averaged stats: lr: 0.000046  loss: 33.5780 (33.7357)  loss_mal: 2.1816 (2.2145)  loss_bbox: 0.1930 (0.2810)  loss_giou: 0.2542 (0.3082)  loss_fgl: 0.9993 (1.0460)  loss_mal_aux_0: 2.2695 (2.3572)  loss_bbox_aux_0: 0.2172 (0.3190)  loss_giou_aux_0: 0.3445 (0.3669)  loss_fgl_aux_0: 1.1049 (1.1068)  loss_ddf_aux_0: 0.1542 (0.1540)  loss_mal_aux_1: 1.8311 (1.8311)  loss_bbox_aux_1: 0.2058 (0.2887)  loss_giou_aux_1: 0.2682 (0.3188)  loss_fgl_aux_1: 0.9922 (1.0558)  loss_ddf_aux_1: 0.0232 (0.0229)  loss_mal_pre: 2.4492 (2.5337)  loss_bbox_pre: 0.2343 (0.3267)  loss_giou_pre: 0.3663 (0.3741)  loss_mal_enc_0: 2.9707 (3.0151)  loss_bbox_enc_0: 0.6122 (0.5966)  loss_giou_enc_0: 0.5845 (0.6128)  loss_mal_dn_0: 1.7051 (1.7094)  loss_bbox_dn_0: 0.7603 (0.7409)  loss_giou_dn_0: 0.6799 (0.7196)  loss_fgl_dn_0: 1.2112 (1.1939)  loss_ddf_dn_0: 0.5107 (0.5543)  loss_mal_dn_1: 1.1445 (1.1615)  loss_bbox_dn_1: 0.3062 (0.4424)  loss_giou_dn_1: 0.3437 (0.4265)  loss_fgl_dn_1: 1.0118 (1.0675)  loss_ddf_dn_1: 0.0544 (0.0600)  loss_mal_dn_2: 1.4336 (1.3826)  loss_bbox_dn_2: 0.2627 (0.4099)  loss_giou_dn_2: 0.3105 (0.3957)  loss_fgl_dn_2: 0.9691 (1.0381)  loss_mal_dn_pre: 1.7939 (1.8181)  loss_bbox_dn_pre: 0.7746 (0.7568)  loss_giou_dn_pre: 0.6850 (0.7287)
Test:  [0/4]  eta: 0:00:01    time: 0.3546  data: 0.3149  max mem: 1050
Test:  [3/4]  eta: 0:00:00    time: 0.1053  data: 0.0810  max mem: 1050
Test: Total time: 0:00:00 (0.1276 s / it)
Averaged stats: 
Accumulating evaluation results...
COCOeval_opt.accumulate() finished...
DONE (t=0.00s).
IoU metric: bbox
 Average Precision  (AP) @[ IoU=0.50:0.95 | area=   all | maxDets=100 ] = 0.334
 Average Precision  (AP) @[ IoU=0.50      | area=   all | maxDets=100 ] = 0.426
 Average Precision  (AP) @[ IoU=0.75      | area=   all | maxDets=100 ] = 0.377
 Average Precision  (AP) @[ IoU=0.50:0.95 | area= small | maxDets=100 ] = -1.000
 Average Precision  (AP) @[ IoU=0.50:0.95 | area=medium | maxDets=100 ] = -1.000
 Average Precision  (AP) @[ IoU=0.50:0.95 | area= large | maxDets=100 ] = 0.334
 Average Recall     (AR) @[ IoU=0.50:0.95 | area=   all | maxDets=  1 ] = 0.407
 Average Recall     (AR) @[ IoU=0.50:0.95 | area=   all | maxDets= 10 ] = 0.783
 Average Recall     (AR) @[ IoU=0.50:0.95 | area=   all | maxDets=100 ] = 0.853
 Average Recall     (AR) @[ IoU=0.50:0.95 | area= small | maxDets=100 ] = -1.000
 Average Recall     (AR) @[ IoU=0.50:0.95 | area=medium | maxDets=100 ] = -1.000
 Average Recall     (AR) @[ IoU=0.50:0.95 | area= large | maxDets=100 ] = 0.853
 Average Recall     (AR) @[ IoU=0.50      | area=   all | maxDets=100 ] = 1.000
 Average Recall     (AR) @[ IoU=0.75      | area=   all | maxDets=100 ] = 0.933
best_stat: {'epoch': 84, 'coco_eval_bbox': 0.333693644189243}
Epoch: [85]  [0/8]  eta: 0:00:05  lr: 0.000046  loss: 30.6797 (30.6797)  loss_mal: 2.2344 (2.2344)  loss_bbox: 0.1248 (0.1248)  loss_giou: 0.2009 (0.2009)  loss_fgl: 0.9543 (0.9543)  loss_mal_aux_0: 2.2637 (2.2637)  loss_bbox_aux_0: 0.1566 (0.1566)  loss_giou_aux_0: 0.2563 (0.2563)  loss_fgl_aux_0: 1.0947 (1.0947)  loss_ddf_aux_0: 0.1462 (0.1462)  loss_mal_aux_1: 1.9346 (1.9346)  loss_bbox_aux_1: 0.1328 (0.1328)  loss_giou_aux_1: 0.2067 (0.2067)  loss_fgl_aux_1: 0.9902 (0.9902)  loss_ddf_aux_1: 0.0273 (0.0273)  loss_mal_pre: 2.5273 (2.5273)  loss_bbox_pre: 0.1555 (0.1555)  loss_giou_pre: 0.2496 (0.2496)  loss_mal_enc_0: 3.0488 (3.0488)  loss_bbox_enc_0: 0.3284 (0.3284)  loss_giou_enc_0: 0.4283 (0.4283)  loss_mal_dn_0: 1.7529 (1.7529)  loss_bbox_dn_0: 0.5213 (0.5213)  loss_giou_dn_0: 0.5988 (0.5988)  loss_fgl_dn_0: 1.1869 (1.1869)  loss_ddf_dn_0: 0.4298 (0.4298)  loss_mal_dn_1: 1.2852 (1.2852)  loss_bbox_dn_1: 0.2258 (0.2258)  loss_giou_dn_1: 0.2947 (0.2947)  loss_fgl_dn_1: 1.0202 (1.0202)  loss_ddf_dn_1: 0.0479 (0.0479)  loss_mal_dn_2: 1.4170 (1.4170)  loss_bbox_dn_2: 0.1912 (0.1912)  loss_giou_dn_2: 0.2582 (0.2582)  loss_fgl_dn_2: 0.9577 (0.9577)  loss_mal_dn_pre: 1.8945 (1.8945)  loss_bbox_dn_pre: 0.5302 (0.5302)  loss_giou_dn_pre: 0.6061 (0.6061)  time: 0.6611  data: 0.5458  max mem: 1050
Epoch: [85]  [7/8]  eta: 0:00:00  lr: 0.000047  loss: 31.5871 (32.5721)  loss_mal: 1.9229 (1.9938)  loss_bbox: 0.2018 (0.2805)  loss_giou: 0.2009 (0.3223)  loss_fgl: 1.0232 (1.0580)  loss_mal_aux_0: 2.2637 (2.2244)  loss_bbox_aux_0: 0.2180 (0.3005)  loss_giou_aux_0: 0.2563 (0.3482)  loss_fgl_aux_0: 1.0871 (1.1175)  loss_ddf_aux_0: 0.1462 (0.1520)  loss_mal_aux_1: 1.5693 (1.6801)  loss_bbox_aux_1: 0.1863 (0.2778)  loss_giou_aux_1: 0.2067 (0.3203)  loss_fgl_aux_1: 1.0313 (1.0693)  loss_ddf_aux_1: 0.0228 (0.0231)  loss_mal_pre: 2.5254 (2.4313)  loss_bbox_pre: 0.2088 (0.2960)  loss_giou_pre: 0.2496 (0.3439)  loss_mal_enc_0: 2.7891 (2.9097)  loss_bbox_enc_0: 0.4495 (0.5403)  loss_giou_enc_0: 0.5051 (0.5796)  loss_mal_dn_0: 1.5908 (1.6213)  loss_bbox_dn_0: 0.6197 (0.7017)  loss_giou_dn_0: 0.6383 (0.7106)  loss_fgl_dn_0: 1.1869 (1.1922)  loss_ddf_dn_0: 0.5186 (0.5564)  loss_mal_dn_1: 1.0693 (1.1248)  loss_bbox_dn_1: 0.3206 (0.4332)  loss_giou_dn_1: 0.3059 (0.4535)  loss_fgl_dn_1: 1.0249 (1.0806)  loss_ddf_dn_1: 0.0587 (0.0597)  loss_mal_dn_2: 1.2207 (1.2968)  loss_bbox_dn_2: 0.2987 (0.4083)  loss_giou_dn_2: 0.2780 (0.4295)  loss_fgl_dn_2: 1.0044 (1.0593)  loss_mal_dn_pre: 1.7080 (1.7594)  loss_bbox_dn_pre: 0.6263 (0.7049)  loss_giou_dn_pre: 0.6333 (0.7115)  time: 0.2052  data: 0.0928  max mem: 1050
Epoch: [85] Total time: 0:00:01 (0.2132 s / it)
Averaged stats: lr: 0.000047  loss: 31.5871 (32.5721)  loss_mal: 1.9229 (1.9938)  loss_bbox: 0.2018 (0.2805)  loss_giou: 0.2009 (0.3223)  loss_fgl: 1.0232 (1.0580)  loss_mal_aux_0: 2.2637 (2.2244)  loss_bbox_aux_0: 0.2180 (0.3005)  loss_giou_aux_0: 0.2563 (0.3482)  loss_fgl_aux_0: 1.0871 (1.1175)  loss_ddf_aux_0: 0.1462 (0.1520)  loss_mal_aux_1: 1.5693 (1.6801)  loss_bbox_aux_1: 0.1863 (0.2778)  loss_giou_aux_1: 0.2067 (0.3203)  loss_fgl_aux_1: 1.0313 (1.0693)  loss_ddf_aux_1: 0.0228 (0.0231)  loss_mal_pre: 2.5254 (2.4313)  loss_bbox_pre: 0.2088 (0.2960)  loss_giou_pre: 0.2496 (0.3439)  loss_mal_enc_0: 2.7891 (2.9097)  loss_bbox_enc_0: 0.4495 (0.5403)  loss_giou_enc_0: 0.5051 (0.5796)  loss_mal_dn_0: 1.5908 (1.6213)  loss_bbox_dn_0: 0.6197 (0.7017)  loss_giou_dn_0: 0.6383 (0.7106)  loss_fgl_dn_0: 1.1869 (1.1922)  loss_ddf_dn_0: 0.5186 (0.5564)  loss_mal_dn_1: 1.0693 (1.1248)  loss_bbox_dn_1: 0.3206 (0.4332)  loss_giou_dn_1: 0.3059 (0.4535)  loss_fgl_dn_1: 1.0249 (1.0806)  loss_ddf_dn_1: 0.0587 (0.0597)  loss_mal_dn_2: 1.2207 (1.2968)  loss_bbox_dn_2: 0.2987 (0.4083)  loss_giou_dn_2: 0.2780 (0.4295)  loss_fgl_dn_2: 1.0044 (1.0593)  loss_mal_dn_pre: 1.7080 (1.7594)  loss_bbox_dn_pre: 0.6263 (0.7049)  loss_giou_dn_pre: 0.6333 (0.7115)
Test:  [0/4]  eta: 0:00:01    time: 0.3535  data: 0.3271  max mem: 1050
Test:  [3/4]  eta: 0:00:00    time: 0.1055  data: 0.0844  max mem: 1050
Test: Total time: 0:00:00 (0.1270 s / it)
Averaged stats: 
Accumulating evaluation results...
COCOeval_opt.accumulate() finished...
DONE (t=0.00s).
IoU metric: bbox
 Average Precision  (AP) @[ IoU=0.50:0.95 | area=   all | maxDets=100 ] = 0.335
 Average Precision  (AP) @[ IoU=0.50      | area=   all | maxDets=100 ] = 0.456
 Average Precision  (AP) @[ IoU=0.75      | area=   all | maxDets=100 ] = 0.387
 Average Precision  (AP) @[ IoU=0.50:0.95 | area= small | maxDets=100 ] = -1.000
 Average Precision  (AP) @[ IoU=0.50:0.95 | area=medium | maxDets=100 ] = -1.000
 Average Precision  (AP) @[ IoU=0.50:0.95 | area= large | maxDets=100 ] = 0.335
 Average Recall     (AR) @[ IoU=0.50:0.95 | area=   all | maxDets=  1 ] = 0.513
 Average Recall     (AR) @[ IoU=0.50:0.95 | area=   all | maxDets= 10 ] = 0.750
 Average Recall     (AR) @[ IoU=0.50:0.95 | area=   all | maxDets=100 ] = 0.830
 Average Recall     (AR) @[ IoU=0.50:0.95 | area= small | maxDets=100 ] = -1.000
 Average Recall     (AR) @[ IoU=0.50:0.95 | area=medium | maxDets=100 ] = -1.000
 Average Recall     (AR) @[ IoU=0.50:0.95 | area= large | maxDets=100 ] = 0.830
 Average Recall     (AR) @[ IoU=0.50      | area=   all | maxDets=100 ] = 1.000
 Average Recall     (AR) @[ IoU=0.75      | area=   all | maxDets=100 ] = 0.867
best_stat: {'epoch': 85, 'coco_eval_bbox': 0.3350407496979083}
Epoch: [86]  [0/8]  eta: 0:00:09  lr: 0.000047  loss: 28.8788 (28.8788)  loss_mal: 1.8887 (1.8887)  loss_bbox: 0.0507 (0.0507)  loss_giou: 0.1783 (0.1783)  loss_fgl: 1.0117 (1.0117)  loss_mal_aux_0: 2.3242 (2.3242)  loss_bbox_aux_0: 0.0636 (0.0636)  loss_giou_aux_0: 0.2220 (0.2220)  loss_fgl_aux_0: 1.0903 (1.0903)  loss_ddf_aux_0: 0.1007 (0.1007)  loss_mal_aux_1: 1.6895 (1.6895)  loss_bbox_aux_1: 0.0559 (0.0559)  loss_giou_aux_1: 0.1810 (0.1810)  loss_fgl_aux_1: 1.0155 (1.0155)  loss_ddf_aux_1: 0.0253 (0.0253)  loss_mal_pre: 2.5273 (2.5273)  loss_bbox_pre: 0.0622 (0.0622)  loss_giou_pre: 0.2181 (0.2181)  loss_mal_enc_0: 2.9453 (2.9453)  loss_bbox_enc_0: 0.1181 (0.1181)  loss_giou_enc_0: 0.3517 (0.3517)  loss_mal_dn_0: 1.6533 (1.6533)  loss_bbox_dn_0: 0.2539 (0.2539)  loss_giou_dn_0: 0.6385 (0.6385)  loss_fgl_dn_0: 1.2338 (1.2338)  loss_ddf_dn_0: 0.7529 (0.7529)  loss_mal_dn_1: 1.1221 (1.1221)  loss_bbox_dn_1: 0.1138 (0.1138)  loss_giou_dn_1: 0.3087 (0.3087)  loss_fgl_dn_1: 1.0485 (1.0485)  loss_ddf_dn_1: 0.0774 (0.0774)  loss_mal_dn_2: 1.4561 (1.4561)  loss_bbox_dn_2: 0.0964 (0.0964)  loss_giou_dn_2: 0.2799 (0.2799)  loss_fgl_dn_2: 1.0124 (1.0124)  loss_mal_dn_pre: 1.8242 (1.8242)  loss_bbox_dn_pre: 0.2540 (0.2540)  loss_giou_dn_pre: 0.6329 (0.6329)  time: 1.2085  data: 1.0392  max mem: 1050
Epoch: [86]  [7/8]  eta: 0:00:00  lr: 0.000048  loss: 31.0040 (31.4915)  loss_mal: 1.8555 (1.8572)  loss_bbox: 0.1477 (0.2039)  loss_giou: 0.2578 (0.2874)  loss_fgl: 1.1197 (1.0998)  loss_mal_aux_0: 2.2402 (2.1951)  loss_bbox_aux_0: 0.1802 (0.2270)  loss_giou_aux_0: 0.2988 (0.3251)  loss_fgl_aux_0: 1.1225 (1.1596)  loss_ddf_aux_0: 0.1390 (0.1408)  loss_mal_aux_1: 1.5986 (1.6503)  loss_bbox_aux_1: 0.1597 (0.2092)  loss_giou_aux_1: 0.2532 (0.2901)  loss_fgl_aux_1: 1.1197 (1.1014)  loss_ddf_aux_1: 0.0229 (0.0231)  loss_mal_pre: 2.4121 (2.3784)  loss_bbox_pre: 0.1871 (0.2315)  loss_giou_pre: 0.2889 (0.3278)  loss_mal_enc_0: 2.9453 (2.8645)  loss_bbox_enc_0: 0.4774 (0.4585)  loss_giou_enc_0: 0.4748 (0.5576)  loss_mal_dn_0: 1.5488 (1.5768)  loss_bbox_dn_0: 0.5919 (0.5783)  loss_giou_dn_0: 0.6385 (0.6923)  loss_fgl_dn_0: 1.2073 (1.2151)  loss_ddf_dn_0: 0.6056 (0.6232)  loss_mal_dn_1: 1.0918 (1.0874)  loss_bbox_dn_1: 0.2822 (0.3754)  loss_giou_dn_1: 0.4206 (0.4446)  loss_fgl_dn_1: 1.0645 (1.0959)  loss_ddf_dn_1: 0.0636 (0.0656)  loss_mal_dn_2: 1.2539 (1.3046)  loss_bbox_dn_2: 0.2588 (0.3489)  loss_giou_dn_2: 0.3973 (0.4160)  loss_fgl_dn_2: 1.0598 (1.0793)  loss_mal_dn_pre: 1.6836 (1.7294)  loss_bbox_dn_pre: 0.6012 (0.5789)  loss_giou_dn_pre: 0.6329 (0.6917)  time: 0.2588  data: 0.1319  max mem: 1050
Epoch: [86] Total time: 0:00:02 (0.2654 s / it)
Averaged stats: lr: 0.000048  loss: 31.0040 (31.4915)  loss_mal: 1.8555 (1.8572)  loss_bbox: 0.1477 (0.2039)  loss_giou: 0.2578 (0.2874)  loss_fgl: 1.1197 (1.0998)  loss_mal_aux_0: 2.2402 (2.1951)  loss_bbox_aux_0: 0.1802 (0.2270)  loss_giou_aux_0: 0.2988 (0.3251)  loss_fgl_aux_0: 1.1225 (1.1596)  loss_ddf_aux_0: 0.1390 (0.1408)  loss_mal_aux_1: 1.5986 (1.6503)  loss_bbox_aux_1: 0.1597 (0.2092)  loss_giou_aux_1: 0.2532 (0.2901)  loss_fgl_aux_1: 1.1197 (1.1014)  loss_ddf_aux_1: 0.0229 (0.0231)  loss_mal_pre: 2.4121 (2.3784)  loss_bbox_pre: 0.1871 (0.2315)  loss_giou_pre: 0.2889 (0.3278)  loss_mal_enc_0: 2.9453 (2.8645)  loss_bbox_enc_0: 0.4774 (0.4585)  loss_giou_enc_0: 0.4748 (0.5576)  loss_mal_dn_0: 1.5488 (1.5768)  loss_bbox_dn_0: 0.5919 (0.5783)  loss_giou_dn_0: 0.6385 (0.6923)  loss_fgl_dn_0: 1.2073 (1.2151)  loss_ddf_dn_0: 0.6056 (0.6232)  loss_mal_dn_1: 1.0918 (1.0874)  loss_bbox_dn_1: 0.2822 (0.3754)  loss_giou_dn_1: 0.4206 (0.4446)  loss_fgl_dn_1: 1.0645 (1.0959)  loss_ddf_dn_1: 0.0636 (0.0656)  loss_mal_dn_2: 1.2539 (1.3046)  loss_bbox_dn_2: 0.2588 (0.3489)  loss_giou_dn_2: 0.3973 (0.4160)  loss_fgl_dn_2: 1.0598 (1.0793)  loss_mal_dn_pre: 1.6836 (1.7294)  loss_bbox_dn_pre: 0.6012 (0.5789)  loss_giou_dn_pre: 0.6329 (0.6917)
Test:  [0/4]  eta: 0:00:01    time: 0.3670  data: 0.3455  max mem: 1050
Test:  [3/4]  eta: 0:00:00    time: 0.1038  data: 0.0886  max mem: 1050
Test: Total time: 0:00:00 (0.1233 s / it)
Averaged stats: 
Accumulating evaluation results...
COCOeval_opt.accumulate() finished...
DONE (t=0.00s).
IoU metric: bbox
 Average Precision  (AP) @[ IoU=0.50:0.95 | area=   all | maxDets=100 ] = 0.346
 Average Precision  (AP) @[ IoU=0.50      | area=   all | maxDets=100 ] = 0.450
 Average Precision  (AP) @[ IoU=0.75      | area=   all | maxDets=100 ] = 0.407
 Average Precision  (AP) @[ IoU=0.50:0.95 | area= small | maxDets=100 ] = -1.000
 Average Precision  (AP) @[ IoU=0.50:0.95 | area=medium | maxDets=100 ] = -1.000
 Average Precision  (AP) @[ IoU=0.50:0.95 | area= large | maxDets=100 ] = 0.346
 Average Recall     (AR) @[ IoU=0.50:0.95 | area=   all | maxDets=  1 ] = 0.477
 Average Recall     (AR) @[ IoU=0.50:0.95 | area=   all | maxDets= 10 ] = 0.757
 Average Recall     (AR) @[ IoU=0.50:0.95 | area=   all | maxDets=100 ] = 0.807
 Average Recall     (AR) @[ IoU=0.50:0.95 | area= small | maxDets=100 ] = -1.000
 Average Recall     (AR) @[ IoU=0.50:0.95 | area=medium | maxDets=100 ] = -1.000
 Average Recall     (AR) @[ IoU=0.50:0.95 | area= large | maxDets=100 ] = 0.807
 Average Recall     (AR) @[ IoU=0.50      | area=   all | maxDets=100 ] = 1.000
 Average Recall     (AR) @[ IoU=0.75      | area=   all | maxDets=100 ] = 0.867
best_stat: {'epoch': 86, 'coco_eval_bbox': 0.34620894604657926}
Epoch: [87]  [0/8]  eta: 0:00:08  lr: 0.000048  loss: 32.9528 (32.9528)  loss_mal: 1.7617 (1.7617)  loss_bbox: 0.3050 (0.3050)  loss_giou: 0.3634 (0.3634)  loss_fgl: 1.1687 (1.1687)  loss_mal_aux_0: 2.2422 (2.2422)  loss_bbox_aux_0: 0.3260 (0.3260)  loss_giou_aux_0: 0.3830 (0.3830)  loss_fgl_aux_0: 1.1891 (1.1891)  loss_ddf_aux_0: 0.1322 (0.1322)  loss_mal_aux_1: 1.4746 (1.4746)  loss_bbox_aux_1: 0.3052 (0.3052)  loss_giou_aux_1: 0.3605 (0.3605)  loss_fgl_aux_1: 1.1751 (1.1751)  loss_ddf_aux_1: 0.0247 (0.0247)  loss_mal_pre: 2.4434 (2.4434)  loss_bbox_pre: 0.3341 (0.3341)  loss_giou_pre: 0.3859 (0.3859)  loss_mal_enc_0: 2.8125 (2.8125)  loss_bbox_enc_0: 0.5162 (0.5162)  loss_giou_enc_0: 0.5997 (0.5997)  loss_mal_dn_0: 1.5391 (1.5391)  loss_bbox_dn_0: 0.6742 (0.6742)  loss_giou_dn_0: 0.7349 (0.7349)  loss_fgl_dn_0: 1.2181 (1.2181)  loss_ddf_dn_0: 0.7373 (0.7373)  loss_mal_dn_1: 1.0361 (1.0361)  loss_bbox_dn_1: 0.4860 (0.4860)  loss_giou_dn_1: 0.4950 (0.4950)  loss_fgl_dn_1: 1.1836 (1.1836)  loss_ddf_dn_1: 0.0729 (0.0729)  loss_mal_dn_2: 1.2373 (1.2373)  loss_bbox_dn_2: 0.4856 (0.4856)  loss_giou_dn_2: 0.4839 (0.4839)  loss_fgl_dn_2: 1.1762 (1.1762)  loss_mal_dn_pre: 1.6895 (1.6895)  loss_bbox_dn_pre: 0.6670 (0.6670)  loss_giou_dn_pre: 0.7331 (0.7331)  time: 1.0460  data: 0.8841  max mem: 1050
Epoch: [87]  [7/8]  eta: 0:00:00  lr: 0.000049  loss: 30.8559 (31.3233)  loss_mal: 1.8584 (1.9309)  loss_bbox: 0.1770 (0.2159)  loss_giou: 0.2462 (0.2684)  loss_fgl: 1.0036 (1.0413)  loss_mal_aux_0: 2.2422 (2.2963)  loss_bbox_aux_0: 0.2157 (0.2557)  loss_giou_aux_0: 0.2992 (0.3121)  loss_fgl_aux_0: 1.0894 (1.1209)  loss_ddf_aux_0: 0.1249 (0.1255)  loss_mal_aux_1: 1.6807 (1.6626)  loss_bbox_aux_1: 0.1708 (0.2206)  loss_giou_aux_1: 0.2639 (0.2742)  loss_fgl_aux_1: 0.9915 (1.0467)  loss_ddf_aux_1: 0.0202 (0.0216)  loss_mal_pre: 2.3535 (2.4048)  loss_bbox_pre: 0.2135 (0.2553)  loss_giou_pre: 0.3231 (0.3141)  loss_mal_enc_0: 2.8047 (2.8296)  loss_bbox_enc_0: 0.4268 (0.4732)  loss_giou_enc_0: 0.5215 (0.5296)  loss_mal_dn_0: 1.5391 (1.5859)  loss_bbox_dn_0: 0.6253 (0.6390)  loss_giou_dn_0: 0.6760 (0.6678)  loss_fgl_dn_0: 1.2124 (1.2133)  loss_ddf_dn_0: 0.5576 (0.5813)  loss_mal_dn_1: 1.0908 (1.0961)  loss_bbox_dn_1: 0.2769 (0.3503)  loss_giou_dn_1: 0.3952 (0.3825)  loss_fgl_dn_1: 1.0546 (1.0671)  loss_ddf_dn_1: 0.0567 (0.0586)  loss_mal_dn_2: 1.2637 (1.2856)  loss_bbox_dn_2: 0.2394 (0.3271)  loss_giou_dn_2: 0.3637 (0.3570)  loss_fgl_dn_2: 1.0037 (1.0463)  loss_mal_dn_pre: 1.6895 (1.7482)  loss_bbox_dn_pre: 0.6351 (0.6466)  loss_giou_dn_pre: 0.6867 (0.6714)  time: 0.2421  data: 0.1133  max mem: 1050
Epoch: [87] Total time: 0:00:02 (0.2518 s / it)
Averaged stats: lr: 0.000049  loss: 30.8559 (31.3233)  loss_mal: 1.8584 (1.9309)  loss_bbox: 0.1770 (0.2159)  loss_giou: 0.2462 (0.2684)  loss_fgl: 1.0036 (1.0413)  loss_mal_aux_0: 2.2422 (2.2963)  loss_bbox_aux_0: 0.2157 (0.2557)  loss_giou_aux_0: 0.2992 (0.3121)  loss_fgl_aux_0: 1.0894 (1.1209)  loss_ddf_aux_0: 0.1249 (0.1255)  loss_mal_aux_1: 1.6807 (1.6626)  loss_bbox_aux_1: 0.1708 (0.2206)  loss_giou_aux_1: 0.2639 (0.2742)  loss_fgl_aux_1: 0.9915 (1.0467)  loss_ddf_aux_1: 0.0202 (0.0216)  loss_mal_pre: 2.3535 (2.4048)  loss_bbox_pre: 0.2135 (0.2553)  loss_giou_pre: 0.3231 (0.3141)  loss_mal_enc_0: 2.8047 (2.8296)  loss_bbox_enc_0: 0.4268 (0.4732)  loss_giou_enc_0: 0.5215 (0.5296)  loss_mal_dn_0: 1.5391 (1.5859)  loss_bbox_dn_0: 0.6253 (0.6390)  loss_giou_dn_0: 0.6760 (0.6678)  loss_fgl_dn_0: 1.2124 (1.2133)  loss_ddf_dn_0: 0.5576 (0.5813)  loss_mal_dn_1: 1.0908 (1.0961)  loss_bbox_dn_1: 0.2769 (0.3503)  loss_giou_dn_1: 0.3952 (0.3825)  loss_fgl_dn_1: 1.0546 (1.0671)  loss_ddf_dn_1: 0.0567 (0.0586)  loss_mal_dn_2: 1.2637 (1.2856)  loss_bbox_dn_2: 0.2394 (0.3271)  loss_giou_dn_2: 0.3637 (0.3570)  loss_fgl_dn_2: 1.0037 (1.0463)  loss_mal_dn_pre: 1.6895 (1.7482)  loss_bbox_dn_pre: 0.6351 (0.6466)  loss_giou_dn_pre: 0.6867 (0.6714)
Test:  [0/4]  eta: 0:00:01    time: 0.3320  data: 0.3106  max mem: 1050
Test:  [3/4]  eta: 0:00:00    time: 0.0951  data: 0.0797  max mem: 1050
Test: Total time: 0:00:00 (0.1157 s / it)
Averaged stats: 
Accumulating evaluation results...
COCOeval_opt.accumulate() finished...
DONE (t=0.00s).
IoU metric: bbox
 Average Precision  (AP) @[ IoU=0.50:0.95 | area=   all | maxDets=100 ] = 0.374
 Average Precision  (AP) @[ IoU=0.50      | area=   all | maxDets=100 ] = 0.488
 Average Precision  (AP) @[ IoU=0.75      | area=   all | maxDets=100 ] = 0.414
 Average Precision  (AP) @[ IoU=0.50:0.95 | area= small | maxDets=100 ] = -1.000
 Average Precision  (AP) @[ IoU=0.50:0.95 | area=medium | maxDets=100 ] = -1.000
 Average Precision  (AP) @[ IoU=0.50:0.95 | area= large | maxDets=100 ] = 0.374
 Average Recall     (AR) @[ IoU=0.50:0.95 | area=   all | maxDets=  1 ] = 0.550
 Average Recall     (AR) @[ IoU=0.50:0.95 | area=   all | maxDets= 10 ] = 0.810
 Average Recall     (AR) @[ IoU=0.50:0.95 | area=   all | maxDets=100 ] = 0.840
 Average Recall     (AR) @[ IoU=0.50:0.95 | area= small | maxDets=100 ] = -1.000
 Average Recall     (AR) @[ IoU=0.50:0.95 | area=medium | maxDets=100 ] = -1.000
 Average Recall     (AR) @[ IoU=0.50:0.95 | area= large | maxDets=100 ] = 0.840
 Average Recall     (AR) @[ IoU=0.50      | area=   all | maxDets=100 ] = 1.000
 Average Recall     (AR) @[ IoU=0.75      | area=   all | maxDets=100 ] = 0.900
best_stat: {'epoch': 87, 'coco_eval_bbox': 0.37357472500011146}
Epoch: [88]  [0/8]  eta: 0:00:08  lr: 0.000050  loss: 33.3456 (33.3456)  loss_mal: 1.5908 (1.5908)  loss_bbox: 0.3320 (0.3320)  loss_giou: 0.4402 (0.4402)  loss_fgl: 1.2448 (1.2448)  loss_mal_aux_0: 2.1191 (2.1191)  loss_bbox_aux_0: 0.3356 (0.3356)  loss_giou_aux_0: 0.4590 (0.4590)  loss_fgl_aux_0: 1.2694 (1.2694)  loss_ddf_aux_0: 0.1162 (0.1162)  loss_mal_aux_1: 1.5029 (1.5029)  loss_bbox_aux_1: 0.3190 (0.3190)  loss_giou_aux_1: 0.4344 (0.4344)  loss_fgl_aux_1: 1.2451 (1.2451)  loss_ddf_aux_1: 0.0221 (0.0221)  loss_mal_pre: 2.2656 (2.2656)  loss_bbox_pre: 0.3565 (0.3565)  loss_giou_pre: 0.4658 (0.4658)  loss_mal_enc_0: 2.6133 (2.6133)  loss_bbox_enc_0: 0.5435 (0.5435)  loss_giou_enc_0: 0.6248 (0.6248)  loss_mal_dn_0: 1.4668 (1.4668)  loss_bbox_dn_0: 0.7977 (0.7977)  loss_giou_dn_0: 0.7460 (0.7460)  loss_fgl_dn_0: 1.2166 (1.2166)  loss_ddf_dn_0: 0.6050 (0.6050)  loss_mal_dn_1: 0.9927 (0.9927)  loss_bbox_dn_1: 0.6824 (0.6824)  loss_giou_dn_1: 0.5702 (0.5702)  loss_fgl_dn_1: 1.1839 (1.1839)  loss_ddf_dn_1: 0.0579 (0.0579)  loss_mal_dn_2: 1.1846 (1.1846)  loss_bbox_dn_2: 0.6561 (0.6561)  loss_giou_dn_2: 0.5451 (0.5451)  loss_fgl_dn_2: 1.1745 (1.1745)  loss_mal_dn_pre: 1.6094 (1.6094)  loss_bbox_dn_pre: 0.8088 (0.8088)  loss_giou_dn_pre: 0.7475 (0.7475)  time: 1.0287  data: 0.8308  max mem: 1050
Epoch: [88]  [7/8]  eta: 0:00:00  lr: 0.000051  loss: 29.0177 (30.0081)  loss_mal: 1.5908 (1.6140)  loss_bbox: 0.1138 (0.1786)  loss_giou: 0.2553 (0.3047)  loss_fgl: 1.0711 (1.0985)  loss_mal_aux_0: 2.1562 (2.1915)  loss_bbox_aux_0: 0.1690 (0.1945)  loss_giou_aux_0: 0.2833 (0.3279)  loss_fgl_aux_0: 1.1351 (1.1452)  loss_ddf_aux_0: 0.1159 (0.1196)  loss_mal_aux_1: 1.5293 (1.5681)  loss_bbox_aux_1: 0.1152 (0.1801)  loss_giou_aux_1: 0.2839 (0.3110)  loss_fgl_aux_1: 1.0734 (1.1066)  loss_ddf_aux_1: 0.0193 (0.0199)  loss_mal_pre: 2.2656 (2.2313)  loss_bbox_pre: 0.1806 (0.1953)  loss_giou_pre: 0.2794 (0.3255)  loss_mal_enc_0: 2.6133 (2.7212)  loss_bbox_enc_0: 0.3063 (0.3276)  loss_giou_enc_0: 0.4324 (0.4899)  loss_mal_dn_0: 1.4668 (1.5022)  loss_bbox_dn_0: 0.4740 (0.5286)  loss_giou_dn_0: 0.6830 (0.6679)  loss_fgl_dn_0: 1.2166 (1.2126)  loss_ddf_dn_0: 0.6097 (0.6173)  loss_mal_dn_1: 0.9980 (1.0529)  loss_bbox_dn_1: 0.2252 (0.3273)  loss_giou_dn_1: 0.3778 (0.4311)  loss_fgl_dn_1: 1.0530 (1.0838)  loss_ddf_dn_1: 0.0612 (0.0614)  loss_mal_dn_2: 1.2188 (1.2296)  loss_bbox_dn_2: 0.1971 (0.3004)  loss_giou_dn_2: 0.3234 (0.3963)  loss_fgl_dn_2: 1.0481 (1.0718)  loss_mal_dn_pre: 1.6094 (1.6686)  loss_bbox_dn_pre: 0.4829 (0.5349)  loss_giou_dn_pre: 0.6887 (0.6704)  time: 0.2667  data: 0.1073  max mem: 1050
Epoch: [88] Total time: 0:00:02 (0.2769 s / it)
Averaged stats: lr: 0.000051  loss: 29.0177 (30.0081)  loss_mal: 1.5908 (1.6140)  loss_bbox: 0.1138 (0.1786)  loss_giou: 0.2553 (0.3047)  loss_fgl: 1.0711 (1.0985)  loss_mal_aux_0: 2.1562 (2.1915)  loss_bbox_aux_0: 0.1690 (0.1945)  loss_giou_aux_0: 0.2833 (0.3279)  loss_fgl_aux_0: 1.1351 (1.1452)  loss_ddf_aux_0: 0.1159 (0.1196)  loss_mal_aux_1: 1.5293 (1.5681)  loss_bbox_aux_1: 0.1152 (0.1801)  loss_giou_aux_1: 0.2839 (0.3110)  loss_fgl_aux_1: 1.0734 (1.1066)  loss_ddf_aux_1: 0.0193 (0.0199)  loss_mal_pre: 2.2656 (2.2313)  loss_bbox_pre: 0.1806 (0.1953)  loss_giou_pre: 0.2794 (0.3255)  loss_mal_enc_0: 2.6133 (2.7212)  loss_bbox_enc_0: 0.3063 (0.3276)  loss_giou_enc_0: 0.4324 (0.4899)  loss_mal_dn_0: 1.4668 (1.5022)  loss_bbox_dn_0: 0.4740 (0.5286)  loss_giou_dn_0: 0.6830 (0.6679)  loss_fgl_dn_0: 1.2166 (1.2126)  loss_ddf_dn_0: 0.6097 (0.6173)  loss_mal_dn_1: 0.9980 (1.0529)  loss_bbox_dn_1: 0.2252 (0.3273)  loss_giou_dn_1: 0.3778 (0.4311)  loss_fgl_dn_1: 1.0530 (1.0838)  loss_ddf_dn_1: 0.0612 (0.0614)  loss_mal_dn_2: 1.2188 (1.2296)  loss_bbox_dn_2: 0.1971 (0.3004)  loss_giou_dn_2: 0.3234 (0.3963)  loss_fgl_dn_2: 1.0481 (1.0718)  loss_mal_dn_pre: 1.6094 (1.6686)  loss_bbox_dn_pre: 0.4829 (0.5349)  loss_giou_dn_pre: 0.6887 (0.6704)
Test:  [0/4]  eta: 0:00:01    time: 0.3334  data: 0.3111  max mem: 1050
Test:  [3/4]  eta: 0:00:00    time: 0.0966  data: 0.0798  max mem: 1050
Test: Total time: 0:00:00 (0.1173 s / it)
Averaged stats: 
Accumulating evaluation results...
COCOeval_opt.accumulate() finished...
DONE (t=0.00s).
IoU metric: bbox
 Average Precision  (AP) @[ IoU=0.50:0.95 | area=   all | maxDets=100 ] = 0.552
 Average Precision  (AP) @[ IoU=0.50      | area=   all | maxDets=100 ] = 0.661
 Average Precision  (AP) @[ IoU=0.75      | area=   all | maxDets=100 ] = 0.583
 Average Precision  (AP) @[ IoU=0.50:0.95 | area= small | maxDets=100 ] = -1.000
 Average Precision  (AP) @[ IoU=0.50:0.95 | area=medium | maxDets=100 ] = -1.000
 Average Precision  (AP) @[ IoU=0.50:0.95 | area= large | maxDets=100 ] = 0.553
 Average Recall     (AR) @[ IoU=0.50:0.95 | area=   all | maxDets=  1 ] = 0.553
 Average Recall     (AR) @[ IoU=0.50:0.95 | area=   all | maxDets= 10 ] = 0.813
 Average Recall     (AR) @[ IoU=0.50:0.95 | area=   all | maxDets=100 ] = 0.847
 Average Recall     (AR) @[ IoU=0.50:0.95 | area= small | maxDets=100 ] = -1.000
 Average Recall     (AR) @[ IoU=0.50:0.95 | area=medium | maxDets=100 ] = -1.000
 Average Recall     (AR) @[ IoU=0.50:0.95 | area= large | maxDets=100 ] = 0.847
 Average Recall     (AR) @[ IoU=0.50      | area=   all | maxDets=100 ] = 1.000
 Average Recall     (AR) @[ IoU=0.75      | area=   all | maxDets=100 ] = 0.867
best_stat: {'epoch': 88, 'coco_eval_bbox': 0.5520309084290763}
Epoch: [89]  [0/8]  eta: 0:00:07  lr: 0.000051  loss: 27.2324 (27.2324)  loss_mal: 1.5791 (1.5791)  loss_bbox: 0.0738 (0.0738)  loss_giou: 0.1579 (0.1579)  loss_fgl: 0.9617 (0.9617)  loss_mal_aux_0: 2.5527 (2.5527)  loss_bbox_aux_0: 0.0691 (0.0691)  loss_giou_aux_0: 0.1613 (0.1613)  loss_fgl_aux_0: 0.9802 (0.9802)  loss_ddf_aux_0: 0.0836 (0.0836)  loss_mal_aux_1: 1.3799 (1.3799)  loss_bbox_aux_1: 0.0764 (0.0764)  loss_giou_aux_1: 0.1630 (0.1630)  loss_fgl_aux_1: 0.9681 (0.9681)  loss_ddf_aux_1: 0.0166 (0.0166)  loss_mal_pre: 2.3516 (2.3516)  loss_bbox_pre: 0.0685 (0.0685)  loss_giou_pre: 0.1531 (0.1531)  loss_mal_enc_0: 2.9219 (2.9219)  loss_bbox_enc_0: 0.1589 (0.1589)  loss_giou_enc_0: 0.3028 (0.3028)  loss_mal_dn_0: 1.6162 (1.6162)  loss_bbox_dn_0: 0.3407 (0.3407)  loss_giou_dn_0: 0.5338 (0.5338)  loss_fgl_dn_0: 1.2370 (1.2370)  loss_ddf_dn_0: 0.4632 (0.4632)  loss_mal_dn_1: 1.0020 (1.0020)  loss_bbox_dn_1: 0.1451 (0.1451)  loss_giou_dn_1: 0.2759 (0.2759)  loss_fgl_dn_1: 1.0226 (1.0226)  loss_ddf_dn_1: 0.0492 (0.0492)  loss_mal_dn_2: 1.2559 (1.2559)  loss_bbox_dn_2: 0.1338 (0.1338)  loss_giou_dn_2: 0.2575 (0.2575)  loss_fgl_dn_2: 1.0113 (1.0113)  loss_mal_dn_pre: 1.8203 (1.8203)  loss_bbox_dn_pre: 0.3478 (0.3478)  loss_giou_dn_pre: 0.5401 (0.5401)  time: 0.9705  data: 0.8532  max mem: 1050
Epoch: [89]  [7/8]  eta: 0:00:00  lr: 0.000052  loss: 29.5898 (30.6468)  loss_mal: 1.5000 (1.5474)  loss_bbox: 0.1779 (0.2551)  loss_giou: 0.2196 (0.2761)  loss_fgl: 1.0097 (1.0498)  loss_mal_aux_0: 2.3145 (2.3838)  loss_bbox_aux_0: 0.2132 (0.2845)  loss_giou_aux_0: 0.2680 (0.3086)  loss_fgl_aux_0: 1.0849 (1.1054)  loss_ddf_aux_0: 0.0895 (0.0977)  loss_mal_aux_1: 1.4395 (1.5129)  loss_bbox_aux_1: 0.1825 (0.2572)  loss_giou_aux_1: 0.2262 (0.2777)  loss_fgl_aux_1: 1.0143 (1.0491)  loss_ddf_aux_1: 0.0149 (0.0163)  loss_mal_pre: 2.3301 (2.3652)  loss_bbox_pre: 0.2085 (0.2808)  loss_giou_pre: 0.2479 (0.3052)  loss_mal_enc_0: 2.7520 (2.7839)  loss_bbox_enc_0: 0.3641 (0.4397)  loss_giou_enc_0: 0.4118 (0.4657)  loss_mal_dn_0: 1.5215 (1.5137)  loss_bbox_dn_0: 0.5543 (0.6840)  loss_giou_dn_0: 0.5769 (0.6383)  loss_fgl_dn_0: 1.2088 (1.2183)  loss_ddf_dn_0: 0.4899 (0.5529)  loss_mal_dn_1: 1.0439 (1.0527)  loss_bbox_dn_1: 0.3689 (0.4055)  loss_giou_dn_1: 0.2912 (0.3789)  loss_fgl_dn_1: 1.0543 (1.0715)  loss_ddf_dn_1: 0.0546 (0.0572)  loss_mal_dn_2: 1.2061 (1.2100)  loss_bbox_dn_2: 0.3335 (0.3719)  loss_giou_dn_2: 0.2894 (0.3544)  loss_fgl_dn_2: 1.0329 (1.0548)  loss_mal_dn_pre: 1.7275 (1.7106)  loss_bbox_dn_pre: 0.5559 (0.6749)  loss_giou_dn_pre: 0.5749 (0.6350)  time: 0.2072  data: 0.1092  max mem: 1050
Epoch: [89] Total time: 0:00:01 (0.2137 s / it)
Averaged stats: lr: 0.000052  loss: 29.5898 (30.6468)  loss_mal: 1.5000 (1.5474)  loss_bbox: 0.1779 (0.2551)  loss_giou: 0.2196 (0.2761)  loss_fgl: 1.0097 (1.0498)  loss_mal_aux_0: 2.3145 (2.3838)  loss_bbox_aux_0: 0.2132 (0.2845)  loss_giou_aux_0: 0.2680 (0.3086)  loss_fgl_aux_0: 1.0849 (1.1054)  loss_ddf_aux_0: 0.0895 (0.0977)  loss_mal_aux_1: 1.4395 (1.5129)  loss_bbox_aux_1: 0.1825 (0.2572)  loss_giou_aux_1: 0.2262 (0.2777)  loss_fgl_aux_1: 1.0143 (1.0491)  loss_ddf_aux_1: 0.0149 (0.0163)  loss_mal_pre: 2.3301 (2.3652)  loss_bbox_pre: 0.2085 (0.2808)  loss_giou_pre: 0.2479 (0.3052)  loss_mal_enc_0: 2.7520 (2.7839)  loss_bbox_enc_0: 0.3641 (0.4397)  loss_giou_enc_0: 0.4118 (0.4657)  loss_mal_dn_0: 1.5215 (1.5137)  loss_bbox_dn_0: 0.5543 (0.6840)  loss_giou_dn_0: 0.5769 (0.6383)  loss_fgl_dn_0: 1.2088 (1.2183)  loss_ddf_dn_0: 0.4899 (0.5529)  loss_mal_dn_1: 1.0439 (1.0527)  loss_bbox_dn_1: 0.3689 (0.4055)  loss_giou_dn_1: 0.2912 (0.3789)  loss_fgl_dn_1: 1.0543 (1.0715)  loss_ddf_dn_1: 0.0546 (0.0572)  loss_mal_dn_2: 1.2061 (1.2100)  loss_bbox_dn_2: 0.3335 (0.3719)  loss_giou_dn_2: 0.2894 (0.3544)  loss_fgl_dn_2: 1.0329 (1.0548)  loss_mal_dn_pre: 1.7275 (1.7106)  loss_bbox_dn_pre: 0.5559 (0.6749)  loss_giou_dn_pre: 0.5749 (0.6350)
Test:  [0/4]  eta: 0:00:01    time: 0.3387  data: 0.3181  max mem: 1050
Test:  [3/4]  eta: 0:00:00    time: 0.0983  data: 0.0818  max mem: 1050
Test: Total time: 0:00:00 (0.1237 s / it)
Averaged stats: 
Accumulating evaluation results...
COCOeval_opt.accumulate() finished...
DONE (t=0.00s).
IoU metric: bbox
 Average Precision  (AP) @[ IoU=0.50:0.95 | area=   all | maxDets=100 ] = 0.561
 Average Precision  (AP) @[ IoU=0.50      | area=   all | maxDets=100 ] = 0.669
 Average Precision  (AP) @[ IoU=0.75      | area=   all | maxDets=100 ] = 0.636
 Average Precision  (AP) @[ IoU=0.50:0.95 | area= small | maxDets=100 ] = -1.000
 Average Precision  (AP) @[ IoU=0.50:0.95 | area=medium | maxDets=100 ] = -1.000
 Average Precision  (AP) @[ IoU=0.50:0.95 | area= large | maxDets=100 ] = 0.561
 Average Recall     (AR) @[ IoU=0.50:0.95 | area=   all | maxDets=  1 ] = 0.560
 Average Recall     (AR) @[ IoU=0.50:0.95 | area=   all | maxDets= 10 ] = 0.843
 Average Recall     (AR) @[ IoU=0.50:0.95 | area=   all | maxDets=100 ] = 0.857
 Average Recall     (AR) @[ IoU=0.50:0.95 | area= small | maxDets=100 ] = -1.000
 Average Recall     (AR) @[ IoU=0.50:0.95 | area=medium | maxDets=100 ] = -1.000
 Average Recall     (AR) @[ IoU=0.50:0.95 | area= large | maxDets=100 ] = 0.857
 Average Recall     (AR) @[ IoU=0.50      | area=   all | maxDets=100 ] = 1.000
 Average Recall     (AR) @[ IoU=0.75      | area=   all | maxDets=100 ] = 0.967
best_stat: {'epoch': 89, 'coco_eval_bbox': 0.5607194755344489}
Epoch: [90]  [0/8]  eta: 0:00:07  lr: 0.000052  loss: 26.0574 (26.0574)  loss_mal: 1.2930 (1.2930)  loss_bbox: 0.0784 (0.0784)  loss_giou: 0.1457 (0.1457)  loss_fgl: 0.9350 (0.9350)  loss_mal_aux_0: 2.2480 (2.2480)  loss_bbox_aux_0: 0.0980 (0.0980)  loss_giou_aux_0: 0.1689 (0.1689)  loss_fgl_aux_0: 0.9695 (0.9695)  loss_ddf_aux_0: 0.0932 (0.0932)  loss_mal_aux_1: 1.4062 (1.4062)  loss_bbox_aux_1: 0.0792 (0.0792)  loss_giou_aux_1: 0.1480 (0.1480)  loss_fgl_aux_1: 0.9568 (0.9568)  loss_ddf_aux_1: 0.0224 (0.0224)  loss_mal_pre: 2.1406 (2.1406)  loss_bbox_pre: 0.0979 (0.0979)  loss_giou_pre: 0.1692 (0.1692)  loss_mal_enc_0: 2.9395 (2.9395)  loss_bbox_enc_0: 0.1453 (0.1453)  loss_giou_enc_0: 0.2783 (0.2783)  loss_mal_dn_0: 1.4541 (1.4541)  loss_bbox_dn_0: 0.3413 (0.3413)  loss_giou_dn_0: 0.4989 (0.4989)  loss_fgl_dn_0: 1.2285 (1.2285)  loss_ddf_dn_0: 0.6303 (0.6303)  loss_mal_dn_1: 1.0635 (1.0635)  loss_bbox_dn_1: 0.1470 (0.1470)  loss_giou_dn_1: 0.2412 (0.2412)  loss_fgl_dn_1: 0.9882 (0.9882)  loss_ddf_dn_1: 0.0699 (0.0699)  loss_mal_dn_2: 1.1328 (1.1328)  loss_bbox_dn_2: 0.1322 (0.1322)  loss_giou_dn_2: 0.2238 (0.2238)  loss_fgl_dn_2: 0.9674 (0.9674)  loss_mal_dn_pre: 1.6875 (1.6875)  loss_bbox_dn_pre: 0.3415 (0.3415)  loss_giou_dn_pre: 0.4962 (0.4962)  time: 0.9627  data: 0.8444  max mem: 1050
Epoch: [90]  [7/8]  eta: 0:00:00  lr: 0.000053  loss: 27.4322 (30.7264)  loss_mal: 1.3486 (1.3937)  loss_bbox: 0.1596 (0.3103)  loss_giou: 0.1889 (0.2624)  loss_fgl: 0.9597 (1.0371)  loss_mal_aux_0: 2.2852 (2.3820)  loss_bbox_aux_0: 0.1916 (0.3576)  loss_giou_aux_0: 0.2366 (0.3058)  loss_fgl_aux_0: 1.1011 (1.1460)  loss_ddf_aux_0: 0.0893 (0.0914)  loss_mal_aux_1: 1.4297 (1.4138)  loss_bbox_aux_1: 0.1683 (0.3128)  loss_giou_aux_1: 0.1847 (0.2630)  loss_fgl_aux_1: 0.9568 (1.0455)  loss_ddf_aux_1: 0.0139 (0.0151)  loss_mal_pre: 2.2617 (2.3174)  loss_bbox_pre: 0.2010 (0.3462)  loss_giou_pre: 0.2148 (0.2982)  loss_mal_enc_0: 2.8867 (2.8291)  loss_bbox_enc_0: 0.2704 (0.4577)  loss_giou_enc_0: 0.2852 (0.4190)  loss_mal_dn_0: 1.4541 (1.4816)  loss_bbox_dn_0: 0.5332 (0.7708)  loss_giou_dn_0: 0.5328 (0.6159)  loss_fgl_dn_0: 1.1976 (1.2024)  loss_ddf_dn_0: 0.6086 (0.5799)  loss_mal_dn_1: 0.9370 (1.0012)  loss_bbox_dn_1: 0.2528 (0.5163)  loss_giou_dn_1: 0.2623 (0.3800)  loss_fgl_dn_1: 0.9882 (1.0394)  loss_ddf_dn_1: 0.0542 (0.0603)  loss_mal_dn_2: 1.1318 (1.1428)  loss_bbox_dn_2: 0.2116 (0.4858)  loss_giou_dn_2: 0.2369 (0.3516)  loss_fgl_dn_2: 0.9674 (1.0143)  loss_mal_dn_pre: 1.6875 (1.6866)  loss_bbox_dn_pre: 0.5674 (0.7766)  loss_giou_dn_pre: 0.5387 (0.6171)  time: 0.2200  data: 0.1261  max mem: 1050
Epoch: [90] Total time: 0:00:01 (0.2305 s / it)
Averaged stats: lr: 0.000053  loss: 27.4322 (30.7264)  loss_mal: 1.3486 (1.3937)  loss_bbox: 0.1596 (0.3103)  loss_giou: 0.1889 (0.2624)  loss_fgl: 0.9597 (1.0371)  loss_mal_aux_0: 2.2852 (2.3820)  loss_bbox_aux_0: 0.1916 (0.3576)  loss_giou_aux_0: 0.2366 (0.3058)  loss_fgl_aux_0: 1.1011 (1.1460)  loss_ddf_aux_0: 0.0893 (0.0914)  loss_mal_aux_1: 1.4297 (1.4138)  loss_bbox_aux_1: 0.1683 (0.3128)  loss_giou_aux_1: 0.1847 (0.2630)  loss_fgl_aux_1: 0.9568 (1.0455)  loss_ddf_aux_1: 0.0139 (0.0151)  loss_mal_pre: 2.2617 (2.3174)  loss_bbox_pre: 0.2010 (0.3462)  loss_giou_pre: 0.2148 (0.2982)  loss_mal_enc_0: 2.8867 (2.8291)  loss_bbox_enc_0: 0.2704 (0.4577)  loss_giou_enc_0: 0.2852 (0.4190)  loss_mal_dn_0: 1.4541 (1.4816)  loss_bbox_dn_0: 0.5332 (0.7708)  loss_giou_dn_0: 0.5328 (0.6159)  loss_fgl_dn_0: 1.1976 (1.2024)  loss_ddf_dn_0: 0.6086 (0.5799)  loss_mal_dn_1: 0.9370 (1.0012)  loss_bbox_dn_1: 0.2528 (0.5163)  loss_giou_dn_1: 0.2623 (0.3800)  loss_fgl_dn_1: 0.9882 (1.0394)  loss_ddf_dn_1: 0.0542 (0.0603)  loss_mal_dn_2: 1.1318 (1.1428)  loss_bbox_dn_2: 0.2116 (0.4858)  loss_giou_dn_2: 0.2369 (0.3516)  loss_fgl_dn_2: 0.9674 (1.0143)  loss_mal_dn_pre: 1.6875 (1.6866)  loss_bbox_dn_pre: 0.5674 (0.7766)  loss_giou_dn_pre: 0.5387 (0.6171)
Test:  [0/4]  eta: 0:00:01    time: 0.3284  data: 0.3083  max mem: 1050
Test:  [3/4]  eta: 0:00:00    time: 0.0942  data: 0.0793  max mem: 1050
Test: Total time: 0:00:00 (0.1158 s / it)
Averaged stats: 
Accumulating evaluation results...
COCOeval_opt.accumulate() finished...
DONE (t=0.00s).
IoU metric: bbox
 Average Precision  (AP) @[ IoU=0.50:0.95 | area=   all | maxDets=100 ] = 0.579
 Average Precision  (AP) @[ IoU=0.50      | area=   all | maxDets=100 ] = 0.690
 Average Precision  (AP) @[ IoU=0.75      | area=   all | maxDets=100 ] = 0.626
 Average Precision  (AP) @[ IoU=0.50:0.95 | area= small | maxDets=100 ] = -1.000
 Average Precision  (AP) @[ IoU=0.50:0.95 | area=medium | maxDets=100 ] = -1.000
 Average Precision  (AP) @[ IoU=0.50:0.95 | area= large | maxDets=100 ] = 0.579
 Average Recall     (AR) @[ IoU=0.50:0.95 | area=   all | maxDets=  1 ] = 0.567
 Average Recall     (AR) @[ IoU=0.50:0.95 | area=   all | maxDets= 10 ] = 0.833
 Average Recall     (AR) @[ IoU=0.50:0.95 | area=   all | maxDets=100 ] = 0.857
 Average Recall     (AR) @[ IoU=0.50:0.95 | area= small | maxDets=100 ] = -1.000
 Average Recall     (AR) @[ IoU=0.50:0.95 | area=medium | maxDets=100 ] = -1.000
 Average Recall     (AR) @[ IoU=0.50:0.95 | area= large | maxDets=100 ] = 0.857
 Average Recall     (AR) @[ IoU=0.50      | area=   all | maxDets=100 ] = 1.000
 Average Recall     (AR) @[ IoU=0.75      | area=   all | maxDets=100 ] = 0.933
best_stat: {'epoch': 90, 'coco_eval_bbox': 0.5786368759501547}
Epoch: [91]  [0/8]  eta: 0:00:08  lr: 0.000053  loss: 28.7392 (28.7392)  loss_mal: 1.2588 (1.2588)  loss_bbox: 0.2334 (0.2334)  loss_giou: 0.4269 (0.4269)  loss_fgl: 1.1478 (1.1478)  loss_mal_aux_0: 1.8477 (1.8477)  loss_bbox_aux_0: 0.2338 (0.2338)  loss_giou_aux_0: 0.4473 (0.4473)  loss_fgl_aux_0: 1.2234 (1.2234)  loss_ddf_aux_0: 0.0730 (0.0730)  loss_mal_aux_1: 1.0918 (1.0918)  loss_bbox_aux_1: 0.2254 (0.2254)  loss_giou_aux_1: 0.4259 (0.4259)  loss_fgl_aux_1: 1.1470 (1.1470)  loss_ddf_aux_1: 0.0145 (0.0145)  loss_mal_pre: 1.9189 (1.9189)  loss_bbox_pre: 0.2409 (0.2409)  loss_giou_pre: 0.4556 (0.4556)  loss_mal_enc_0: 2.6680 (2.6680)  loss_bbox_enc_0: 0.2738 (0.2738)  loss_giou_enc_0: 0.5311 (0.5311)  loss_mal_dn_0: 1.3682 (1.3682)  loss_bbox_dn_0: 0.4918 (0.4918)  loss_giou_dn_0: 0.6235 (0.6235)  loss_fgl_dn_0: 1.2135 (1.2135)  loss_ddf_dn_0: 0.6911 (0.6911)  loss_mal_dn_1: 0.9756 (0.9756)  loss_bbox_dn_1: 0.3195 (0.3195)  loss_giou_dn_1: 0.4181 (0.4181)  loss_fgl_dn_1: 1.1019 (1.1019)  loss_ddf_dn_1: 0.0724 (0.0724)  loss_mal_dn_2: 1.1406 (1.1406)  loss_bbox_dn_2: 0.2899 (0.2899)  loss_giou_dn_2: 0.3952 (0.3952)  loss_fgl_dn_2: 1.0676 (1.0676)  loss_mal_dn_pre: 1.5518 (1.5518)  loss_bbox_dn_pre: 0.5027 (0.5027)  loss_giou_dn_pre: 0.6308 (0.6308)  time: 1.0443  data: 0.9192  max mem: 1050
Epoch: [91]  [7/8]  eta: 0:00:00  lr: 0.000054  loss: 27.7894 (27.7918)  loss_mal: 1.1885 (1.2642)  loss_bbox: 0.1202 (0.1606)  loss_giou: 0.2485 (0.2785)  loss_fgl: 1.0283 (1.0367)  loss_mal_aux_0: 2.1035 (2.2406)  loss_bbox_aux_0: 0.1245 (0.1737)  loss_giou_aux_0: 0.2915 (0.3086)  loss_fgl_aux_0: 1.1051 (1.0757)  loss_ddf_aux_0: 0.0763 (0.0823)  loss_mal_aux_1: 1.1230 (1.2277)  loss_bbox_aux_1: 0.1184 (0.1629)  loss_giou_aux_1: 0.2544 (0.2813)  loss_fgl_aux_1: 1.0483 (1.0452)  loss_ddf_aux_1: 0.0145 (0.0144)  loss_mal_pre: 2.1934 (2.1737)  loss_bbox_pre: 0.1226 (0.1739)  loss_giou_pre: 0.2906 (0.3099)  loss_mal_enc_0: 2.6543 (2.6660)  loss_bbox_enc_0: 0.2222 (0.2845)  loss_giou_enc_0: 0.3901 (0.4415)  loss_mal_dn_0: 1.3682 (1.4332)  loss_bbox_dn_0: 0.4609 (0.4378)  loss_giou_dn_0: 0.5460 (0.5804)  loss_fgl_dn_0: 1.2135 (1.2109)  loss_ddf_dn_0: 0.6627 (0.6973)  loss_mal_dn_1: 0.9722 (0.9667)  loss_bbox_dn_1: 0.1970 (0.2520)  loss_giou_dn_1: 0.3017 (0.3440)  loss_fgl_dn_1: 1.0586 (1.0494)  loss_ddf_dn_1: 0.0658 (0.0686)  loss_mal_dn_2: 1.0596 (1.0990)  loss_bbox_dn_2: 0.1725 (0.2309)  loss_giou_dn_2: 0.2935 (0.3218)  loss_fgl_dn_2: 1.0175 (1.0238)  loss_mal_dn_pre: 1.5518 (1.6407)  loss_bbox_dn_pre: 0.4713 (0.4475)  loss_giou_dn_pre: 0.5566 (0.5857)  time: 0.2571  data: 0.1552  max mem: 1050
Epoch: [91] Total time: 0:00:02 (0.2644 s / it)
Averaged stats: lr: 0.000054  loss: 27.7894 (27.7918)  loss_mal: 1.1885 (1.2642)  loss_bbox: 0.1202 (0.1606)  loss_giou: 0.2485 (0.2785)  loss_fgl: 1.0283 (1.0367)  loss_mal_aux_0: 2.1035 (2.2406)  loss_bbox_aux_0: 0.1245 (0.1737)  loss_giou_aux_0: 0.2915 (0.3086)  loss_fgl_aux_0: 1.1051 (1.0757)  loss_ddf_aux_0: 0.0763 (0.0823)  loss_mal_aux_1: 1.1230 (1.2277)  loss_bbox_aux_1: 0.1184 (0.1629)  loss_giou_aux_1: 0.2544 (0.2813)  loss_fgl_aux_1: 1.0483 (1.0452)  loss_ddf_aux_1: 0.0145 (0.0144)  loss_mal_pre: 2.1934 (2.1737)  loss_bbox_pre: 0.1226 (0.1739)  loss_giou_pre: 0.2906 (0.3099)  loss_mal_enc_0: 2.6543 (2.6660)  loss_bbox_enc_0: 0.2222 (0.2845)  loss_giou_enc_0: 0.3901 (0.4415)  loss_mal_dn_0: 1.3682 (1.4332)  loss_bbox_dn_0: 0.4609 (0.4378)  loss_giou_dn_0: 0.5460 (0.5804)  loss_fgl_dn_0: 1.2135 (1.2109)  loss_ddf_dn_0: 0.6627 (0.6973)  loss_mal_dn_1: 0.9722 (0.9667)  loss_bbox_dn_1: 0.1970 (0.2520)  loss_giou_dn_1: 0.3017 (0.3440)  loss_fgl_dn_1: 1.0586 (1.0494)  loss_ddf_dn_1: 0.0658 (0.0686)  loss_mal_dn_2: 1.0596 (1.0990)  loss_bbox_dn_2: 0.1725 (0.2309)  loss_giou_dn_2: 0.2935 (0.3218)  loss_fgl_dn_2: 1.0175 (1.0238)  loss_mal_dn_pre: 1.5518 (1.6407)  loss_bbox_dn_pre: 0.4713 (0.4475)  loss_giou_dn_pre: 0.5566 (0.5857)
Test:  [0/4]  eta: 0:00:01    time: 0.3314  data: 0.3091  max mem: 1050
Test:  [3/4]  eta: 0:00:00    time: 0.0947  data: 0.0792  max mem: 1050
Test: Total time: 0:00:00 (0.1111 s / it)
Averaged stats: 
Accumulating evaluation results...
COCOeval_opt.accumulate() finished...
DONE (t=0.00s).
IoU metric: bbox
 Average Precision  (AP) @[ IoU=0.50:0.95 | area=   all | maxDets=100 ] = 0.635
 Average Precision  (AP) @[ IoU=0.50      | area=   all | maxDets=100 ] = 0.768
 Average Precision  (AP) @[ IoU=0.75      | area=   all | maxDets=100 ] = 0.668
 Average Precision  (AP) @[ IoU=0.50:0.95 | area= small | maxDets=100 ] = -1.000
 Average Precision  (AP) @[ IoU=0.50:0.95 | area=medium | maxDets=100 ] = -1.000
 Average Precision  (AP) @[ IoU=0.50:0.95 | area= large | maxDets=100 ] = 0.635
 Average Recall     (AR) @[ IoU=0.50:0.95 | area=   all | maxDets=  1 ] = 0.620
 Average Recall     (AR) @[ IoU=0.50:0.95 | area=   all | maxDets= 10 ] = 0.827
 Average Recall     (AR) @[ IoU=0.50:0.95 | area=   all | maxDets=100 ] = 0.863
 Average Recall     (AR) @[ IoU=0.50:0.95 | area= small | maxDets=100 ] = -1.000
 Average Recall     (AR) @[ IoU=0.50:0.95 | area=medium | maxDets=100 ] = -1.000
 Average Recall     (AR) @[ IoU=0.50:0.95 | area= large | maxDets=100 ] = 0.863
 Average Recall     (AR) @[ IoU=0.50      | area=   all | maxDets=100 ] = 1.000
 Average Recall     (AR) @[ IoU=0.75      | area=   all | maxDets=100 ] = 0.900
best_stat: {'epoch': 91, 'coco_eval_bbox': 0.6352493080908003}
Epoch: [92]  [0/8]  eta: 0:00:09  lr: 0.000054  loss: 29.6535 (29.6535)  loss_mal: 1.3750 (1.3750)  loss_bbox: 0.1829 (0.1829)  loss_giou: 0.2730 (0.2730)  loss_fgl: 1.0649 (1.0649)  loss_mal_aux_0: 2.0645 (2.0645)  loss_bbox_aux_0: 0.2380 (0.2380)  loss_giou_aux_0: 0.2913 (0.2913)  loss_fgl_aux_0: 1.1380 (1.1380)  loss_ddf_aux_0: 0.1171 (0.1171)  loss_mal_aux_1: 1.3271 (1.3271)  loss_bbox_aux_1: 0.2047 (0.2047)  loss_giou_aux_1: 0.2730 (0.2730)  loss_fgl_aux_1: 1.0571 (1.0571)  loss_ddf_aux_1: 0.0162 (0.0162)  loss_mal_pre: 2.2598 (2.2598)  loss_bbox_pre: 0.2155 (0.2155)  loss_giou_pre: 0.2707 (0.2707)  loss_mal_enc_0: 2.5645 (2.5645)  loss_bbox_enc_0: 0.6162 (0.6162)  loss_giou_enc_0: 0.5047 (0.5047)  loss_mal_dn_0: 1.4512 (1.4512)  loss_bbox_dn_0: 0.7072 (0.7072)  loss_giou_dn_0: 0.6124 (0.6124)  loss_fgl_dn_0: 1.1828 (1.1828)  loss_ddf_dn_0: 0.7401 (0.7401)  loss_mal_dn_1: 0.9653 (0.9653)  loss_bbox_dn_1: 0.4820 (0.4820)  loss_giou_dn_1: 0.4036 (0.4036)  loss_fgl_dn_1: 1.0503 (1.0503)  loss_ddf_dn_1: 0.0740 (0.0740)  loss_mal_dn_2: 1.0547 (1.0547)  loss_bbox_dn_2: 0.4550 (0.4550)  loss_giou_dn_2: 0.3848 (0.3848)  loss_fgl_dn_2: 1.0380 (1.0380)  loss_mal_dn_pre: 1.6699 (1.6699)  loss_bbox_dn_pre: 0.7183 (0.7183)  loss_giou_dn_pre: 0.6099 (0.6099)  time: 1.1562  data: 1.0150  max mem: 1050
Epoch: [92]  [7/8]  eta: 0:00:00  lr: 0.000055  loss: 26.8713 (27.8501)  loss_mal: 1.2646 (1.2493)  loss_bbox: 0.1178 (0.1905)  loss_giou: 0.1977 (0.2744)  loss_fgl: 1.0197 (1.0496)  loss_mal_aux_0: 2.0645 (2.1683)  loss_bbox_aux_0: 0.1386 (0.2111)  loss_giou_aux_0: 0.2309 (0.3062)  loss_fgl_aux_0: 1.0695 (1.1064)  loss_ddf_aux_0: 0.0940 (0.0991)  loss_mal_aux_1: 1.1494 (1.2046)  loss_bbox_aux_1: 0.1167 (0.1938)  loss_giou_aux_1: 0.1943 (0.2763)  loss_fgl_aux_1: 1.0277 (1.0483)  loss_ddf_aux_1: 0.0162 (0.0158)  loss_mal_pre: 2.0938 (2.0907)  loss_bbox_pre: 0.1418 (0.2097)  loss_giou_pre: 0.2347 (0.3036)  loss_mal_enc_0: 2.6133 (2.6284)  loss_bbox_enc_0: 0.1990 (0.2965)  loss_giou_enc_0: 0.3313 (0.4226)  loss_mal_dn_0: 1.4336 (1.4084)  loss_bbox_dn_0: 0.3344 (0.4503)  loss_giou_dn_0: 0.5537 (0.5710)  loss_fgl_dn_0: 1.2198 (1.2235)  loss_ddf_dn_0: 0.7608 (0.8137)  loss_mal_dn_1: 0.9087 (0.9253)  loss_bbox_dn_1: 0.1985 (0.2932)  loss_giou_dn_1: 0.2703 (0.3520)  loss_fgl_dn_1: 1.0319 (1.0480)  loss_ddf_dn_1: 0.0742 (0.0806)  loss_mal_dn_2: 1.0186 (1.0179)  loss_bbox_dn_2: 0.1882 (0.2810)  loss_giou_dn_2: 0.2510 (0.3372)  loss_fgl_dn_2: 1.0214 (1.0383)  loss_mal_dn_pre: 1.6699 (1.6373)  loss_bbox_dn_pre: 0.3489 (0.4559)  loss_giou_dn_pre: 0.5581 (0.5712)  time: 0.2871  data: 0.1820  max mem: 1050
Epoch: [92] Total time: 0:00:02 (0.2970 s / it)
Averaged stats: lr: 0.000055  loss: 26.8713 (27.8501)  loss_mal: 1.2646 (1.2493)  loss_bbox: 0.1178 (0.1905)  loss_giou: 0.1977 (0.2744)  loss_fgl: 1.0197 (1.0496)  loss_mal_aux_0: 2.0645 (2.1683)  loss_bbox_aux_0: 0.1386 (0.2111)  loss_giou_aux_0: 0.2309 (0.3062)  loss_fgl_aux_0: 1.0695 (1.1064)  loss_ddf_aux_0: 0.0940 (0.0991)  loss_mal_aux_1: 1.1494 (1.2046)  loss_bbox_aux_1: 0.1167 (0.1938)  loss_giou_aux_1: 0.1943 (0.2763)  loss_fgl_aux_1: 1.0277 (1.0483)  loss_ddf_aux_1: 0.0162 (0.0158)  loss_mal_pre: 2.0938 (2.0907)  loss_bbox_pre: 0.1418 (0.2097)  loss_giou_pre: 0.2347 (0.3036)  loss_mal_enc_0: 2.6133 (2.6284)  loss_bbox_enc_0: 0.1990 (0.2965)  loss_giou_enc_0: 0.3313 (0.4226)  loss_mal_dn_0: 1.4336 (1.4084)  loss_bbox_dn_0: 0.3344 (0.4503)  loss_giou_dn_0: 0.5537 (0.5710)  loss_fgl_dn_0: 1.2198 (1.2235)  loss_ddf_dn_0: 0.7608 (0.8137)  loss_mal_dn_1: 0.9087 (0.9253)  loss_bbox_dn_1: 0.1985 (0.2932)  loss_giou_dn_1: 0.2703 (0.3520)  loss_fgl_dn_1: 1.0319 (1.0480)  loss_ddf_dn_1: 0.0742 (0.0806)  loss_mal_dn_2: 1.0186 (1.0179)  loss_bbox_dn_2: 0.1882 (0.2810)  loss_giou_dn_2: 0.2510 (0.3372)  loss_fgl_dn_2: 1.0214 (1.0383)  loss_mal_dn_pre: 1.6699 (1.6373)  loss_bbox_dn_pre: 0.3489 (0.4559)  loss_giou_dn_pre: 0.5581 (0.5712)
Test:  [0/4]  eta: 0:00:01    time: 0.3314  data: 0.3093  max mem: 1050
Test:  [3/4]  eta: 0:00:00    time: 0.0976  data: 0.0795  max mem: 1050
Test: Total time: 0:00:00 (0.1167 s / it)
Averaged stats: 
Accumulating evaluation results...
COCOeval_opt.accumulate() finished...
DONE (t=0.00s).
IoU metric: bbox
 Average Precision  (AP) @[ IoU=0.50:0.95 | area=   all | maxDets=100 ] = 0.602
 Average Precision  (AP) @[ IoU=0.50      | area=   all | maxDets=100 ] = 0.729
 Average Precision  (AP) @[ IoU=0.75      | area=   all | maxDets=100 ] = 0.705
 Average Precision  (AP) @[ IoU=0.50:0.95 | area= small | maxDets=100 ] = -1.000
 Average Precision  (AP) @[ IoU=0.50:0.95 | area=medium | maxDets=100 ] = -1.000
 Average Precision  (AP) @[ IoU=0.50:0.95 | area= large | maxDets=100 ] = 0.602
 Average Recall     (AR) @[ IoU=0.50:0.95 | area=   all | maxDets=  1 ] = 0.630
 Average Recall     (AR) @[ IoU=0.50:0.95 | area=   all | maxDets= 10 ] = 0.853
 Average Recall     (AR) @[ IoU=0.50:0.95 | area=   all | maxDets=100 ] = 0.877
 Average Recall     (AR) @[ IoU=0.50:0.95 | area= small | maxDets=100 ] = -1.000
 Average Recall     (AR) @[ IoU=0.50:0.95 | area=medium | maxDets=100 ] = -1.000
 Average Recall     (AR) @[ IoU=0.50:0.95 | area= large | maxDets=100 ] = 0.877
 Average Recall     (AR) @[ IoU=0.50      | area=   all | maxDets=100 ] = 1.000
 Average Recall     (AR) @[ IoU=0.75      | area=   all | maxDets=100 ] = 1.000
best_stat: {'epoch': 91, 'coco_eval_bbox': 0.6352493080908003}
Epoch: [93]  [0/8]  eta: 0:00:09  lr: 0.000055  loss: 27.9318 (27.9318)  loss_mal: 1.3320 (1.3320)  loss_bbox: 0.1207 (0.1207)  loss_giou: 0.3694 (0.3694)  loss_fgl: 1.1756 (1.1756)  loss_mal_aux_0: 1.9014 (1.9014)  loss_bbox_aux_0: 0.1272 (0.1272)  loss_giou_aux_0: 0.3592 (0.3592)  loss_fgl_aux_0: 1.1980 (1.1980)  loss_ddf_aux_0: 0.1380 (0.1380)  loss_mal_aux_1: 1.2803 (1.2803)  loss_bbox_aux_1: 0.1165 (0.1165)  loss_giou_aux_1: 0.3565 (0.3565)  loss_fgl_aux_1: 1.1806 (1.1806)  loss_ddf_aux_1: 0.0243 (0.0243)  loss_mal_pre: 1.9609 (1.9609)  loss_bbox_pre: 0.1304 (0.1304)  loss_giou_pre: 0.3655 (0.3655)  loss_mal_enc_0: 2.4316 (2.4316)  loss_bbox_enc_0: 0.1968 (0.1968)  loss_giou_enc_0: 0.5186 (0.5186)  loss_mal_dn_0: 1.2979 (1.2979)  loss_bbox_dn_0: 0.3960 (0.3960)  loss_giou_dn_0: 0.6601 (0.6601)  loss_fgl_dn_0: 1.2225 (1.2225)  loss_ddf_dn_0: 0.9362 (0.9362)  loss_mal_dn_1: 0.9268 (0.9268)  loss_bbox_dn_1: 0.2697 (0.2697)  loss_giou_dn_1: 0.4300 (0.4300)  loss_fgl_dn_1: 1.1121 (1.1121)  loss_ddf_dn_1: 0.0840 (0.0840)  loss_mal_dn_2: 1.0303 (1.0303)  loss_bbox_dn_2: 0.2409 (0.2409)  loss_giou_dn_2: 0.4101 (0.4101)  loss_fgl_dn_2: 1.0987 (1.0987)  loss_mal_dn_pre: 1.4775 (1.4775)  loss_bbox_dn_pre: 0.3877 (0.3877)  loss_giou_dn_pre: 0.6679 (0.6679)  time: 1.2242  data: 1.0806  max mem: 1050
Epoch: [93]  [7/8]  eta: 0:00:00  lr: 0.000056  loss: 27.3807 (27.3493)  loss_mal: 1.1719 (1.2371)  loss_bbox: 0.1332 (0.1611)  loss_giou: 0.1951 (0.2724)  loss_fgl: 0.9696 (1.0114)  loss_mal_aux_0: 2.3027 (2.3037)  loss_bbox_aux_0: 0.1562 (0.1712)  loss_giou_aux_0: 0.2321 (0.3007)  loss_fgl_aux_0: 1.0713 (1.0831)  loss_ddf_aux_0: 0.0974 (0.1148)  loss_mal_aux_1: 1.2803 (1.3368)  loss_bbox_aux_1: 0.1269 (0.1605)  loss_giou_aux_1: 0.1895 (0.2694)  loss_fgl_aux_1: 0.9469 (1.0180)  loss_ddf_aux_1: 0.0155 (0.0170)  loss_mal_pre: 2.0742 (2.0659)  loss_bbox_pre: 0.1606 (0.1750)  loss_giou_pre: 0.2394 (0.3066)  loss_mal_enc_0: 2.5059 (2.5576)  loss_bbox_enc_0: 0.2169 (0.2376)  loss_giou_enc_0: 0.3592 (0.4082)  loss_mal_dn_0: 1.3193 (1.3406)  loss_bbox_dn_0: 0.3546 (0.4186)  loss_giou_dn_0: 0.5442 (0.5688)  loss_fgl_dn_0: 1.2278 (1.2404)  loss_ddf_dn_0: 0.7407 (0.8520)  loss_mal_dn_1: 0.9268 (0.9464)  loss_bbox_dn_1: 0.2113 (0.2231)  loss_giou_dn_1: 0.2907 (0.3239)  loss_fgl_dn_1: 1.0402 (1.0423)  loss_ddf_dn_1: 0.0794 (0.0847)  loss_mal_dn_2: 0.9814 (1.0154)  loss_bbox_dn_2: 0.1893 (0.2027)  loss_giou_dn_2: 0.2688 (0.3027)  loss_fgl_dn_2: 0.9908 (1.0141)  loss_mal_dn_pre: 1.5703 (1.5723)  loss_bbox_dn_pre: 0.3608 (0.4209)  loss_giou_dn_pre: 0.5520 (0.5724)  time: 0.2789  data: 0.1369  max mem: 1050
Epoch: [93] Total time: 0:00:02 (0.2868 s / it)
Averaged stats: lr: 0.000056  loss: 27.3807 (27.3493)  loss_mal: 1.1719 (1.2371)  loss_bbox: 0.1332 (0.1611)  loss_giou: 0.1951 (0.2724)  loss_fgl: 0.9696 (1.0114)  loss_mal_aux_0: 2.3027 (2.3037)  loss_bbox_aux_0: 0.1562 (0.1712)  loss_giou_aux_0: 0.2321 (0.3007)  loss_fgl_aux_0: 1.0713 (1.0831)  loss_ddf_aux_0: 0.0974 (0.1148)  loss_mal_aux_1: 1.2803 (1.3368)  loss_bbox_aux_1: 0.1269 (0.1605)  loss_giou_aux_1: 0.1895 (0.2694)  loss_fgl_aux_1: 0.9469 (1.0180)  loss_ddf_aux_1: 0.0155 (0.0170)  loss_mal_pre: 2.0742 (2.0659)  loss_bbox_pre: 0.1606 (0.1750)  loss_giou_pre: 0.2394 (0.3066)  loss_mal_enc_0: 2.5059 (2.5576)  loss_bbox_enc_0: 0.2169 (0.2376)  loss_giou_enc_0: 0.3592 (0.4082)  loss_mal_dn_0: 1.3193 (1.3406)  loss_bbox_dn_0: 0.3546 (0.4186)  loss_giou_dn_0: 0.5442 (0.5688)  loss_fgl_dn_0: 1.2278 (1.2404)  loss_ddf_dn_0: 0.7407 (0.8520)  loss_mal_dn_1: 0.9268 (0.9464)  loss_bbox_dn_1: 0.2113 (0.2231)  loss_giou_dn_1: 0.2907 (0.3239)  loss_fgl_dn_1: 1.0402 (1.0423)  loss_ddf_dn_1: 0.0794 (0.0847)  loss_mal_dn_2: 0.9814 (1.0154)  loss_bbox_dn_2: 0.1893 (0.2027)  loss_giou_dn_2: 0.2688 (0.3027)  loss_fgl_dn_2: 0.9908 (1.0141)  loss_mal_dn_pre: 1.5703 (1.5723)  loss_bbox_dn_pre: 0.3608 (0.4209)  loss_giou_dn_pre: 0.5520 (0.5724)
Test:  [0/4]  eta: 0:00:01    time: 0.3373  data: 0.3159  max mem: 1050
Test:  [3/4]  eta: 0:00:00    time: 0.0977  data: 0.0809  max mem: 1050
Test: Total time: 0:00:00 (0.1125 s / it)
Averaged stats: 
Accumulating evaluation results...
COCOeval_opt.accumulate() finished...
DONE (t=0.00s).
IoU metric: bbox
 Average Precision  (AP) @[ IoU=0.50:0.95 | area=   all | maxDets=100 ] = 0.610
 Average Precision  (AP) @[ IoU=0.50      | area=   all | maxDets=100 ] = 0.745
 Average Precision  (AP) @[ IoU=0.75      | area=   all | maxDets=100 ] = 0.716
 Average Precision  (AP) @[ IoU=0.50:0.95 | area= small | maxDets=100 ] = -1.000
 Average Precision  (AP) @[ IoU=0.50:0.95 | area=medium | maxDets=100 ] = -1.000
 Average Precision  (AP) @[ IoU=0.50:0.95 | area= large | maxDets=100 ] = 0.610
 Average Recall     (AR) @[ IoU=0.50:0.95 | area=   all | maxDets=  1 ] = 0.587
 Average Recall     (AR) @[ IoU=0.50:0.95 | area=   all | maxDets= 10 ] = 0.837
 Average Recall     (AR) @[ IoU=0.50:0.95 | area=   all | maxDets=100 ] = 0.873
 Average Recall     (AR) @[ IoU=0.50:0.95 | area= small | maxDets=100 ] = -1.000
 Average Recall     (AR) @[ IoU=0.50:0.95 | area=medium | maxDets=100 ] = -1.000
 Average Recall     (AR) @[ IoU=0.50:0.95 | area= large | maxDets=100 ] = 0.873
 Average Recall     (AR) @[ IoU=0.50      | area=   all | maxDets=100 ] = 1.000
 Average Recall     (AR) @[ IoU=0.75      | area=   all | maxDets=100 ] = 0.967
best_stat: {'epoch': 91, 'coco_eval_bbox': 0.6352493080908003}
Epoch: [94]  [0/8]  eta: 0:00:08  lr: 0.000057  loss: 31.6433 (31.6433)  loss_mal: 1.2363 (1.2363)  loss_bbox: 0.4977 (0.4977)  loss_giou: 0.4701 (0.4701)  loss_fgl: 1.2034 (1.2034)  loss_mal_aux_0: 1.7559 (1.7559)  loss_bbox_aux_0: 0.5049 (0.5049)  loss_giou_aux_0: 0.4763 (0.4763)  loss_fgl_aux_0: 1.2213 (1.2213)  loss_ddf_aux_0: 0.0878 (0.0878)  loss_mal_aux_1: 1.1260 (1.1260)  loss_bbox_aux_1: 0.5012 (0.5012)  loss_giou_aux_1: 0.4714 (0.4714)  loss_fgl_aux_1: 1.1796 (1.1796)  loss_ddf_aux_1: 0.0154 (0.0154)  loss_mal_pre: 1.7871 (1.7871)  loss_bbox_pre: 0.5069 (0.5069)  loss_giou_pre: 0.4724 (0.4724)  loss_mal_enc_0: 2.6387 (2.6387)  loss_bbox_enc_0: 0.6359 (0.6359)  loss_giou_enc_0: 0.5682 (0.5682)  loss_mal_dn_0: 1.1533 (1.1533)  loss_bbox_dn_0: 0.7878 (0.7878)  loss_giou_dn_0: 0.6752 (0.6752)  loss_fgl_dn_0: 1.2272 (1.2272)  loss_ddf_dn_0: 0.8629 (0.8629)  loss_mal_dn_1: 0.9160 (0.9160)  loss_bbox_dn_1: 0.6989 (0.6989)  loss_giou_dn_1: 0.5622 (0.5622)  loss_fgl_dn_1: 1.1675 (1.1675)  loss_ddf_dn_1: 0.0815 (0.0815)  loss_mal_dn_2: 0.8994 (0.8994)  loss_bbox_dn_2: 0.7040 (0.7040)  loss_giou_dn_2: 0.5524 (0.5524)  loss_fgl_dn_2: 1.1691 (1.1691)  loss_mal_dn_pre: 1.3623 (1.3623)  loss_bbox_dn_pre: 0.8035 (0.8035)  loss_giou_dn_pre: 0.6637 (0.6637)  time: 1.0228  data: 0.7908  max mem: 1050
Epoch: [94]  [7/8]  eta: 0:00:00  lr: 0.000058  loss: 26.4051 (27.5029)  loss_mal: 1.0273 (1.0536)  loss_bbox: 0.1437 (0.2248)  loss_giou: 0.2660 (0.3004)  loss_fgl: 1.0749 (1.0899)  loss_mal_aux_0: 2.2461 (2.2792)  loss_bbox_aux_0: 0.1729 (0.2418)  loss_giou_aux_0: 0.3151 (0.3248)  loss_fgl_aux_0: 1.0999 (1.1240)  loss_ddf_aux_0: 0.0755 (0.0755)  loss_mal_aux_1: 1.1260 (1.1465)  loss_bbox_aux_1: 0.1288 (0.2231)  loss_giou_aux_1: 0.2589 (0.2999)  loss_fgl_aux_1: 1.0814 (1.0859)  loss_ddf_aux_1: 0.0109 (0.0121)  loss_mal_pre: 1.9697 (1.9785)  loss_bbox_pre: 0.1766 (0.2441)  loss_giou_pre: 0.3152 (0.3252)  loss_mal_enc_0: 2.5664 (2.5247)  loss_bbox_enc_0: 0.2186 (0.3321)  loss_giou_enc_0: 0.4242 (0.4245)  loss_mal_dn_0: 1.2236 (1.2599)  loss_bbox_dn_0: 0.3824 (0.4649)  loss_giou_dn_0: 0.5598 (0.5660)  loss_fgl_dn_0: 1.2272 (1.2300)  loss_ddf_dn_0: 0.8399 (0.8092)  loss_mal_dn_1: 0.9160 (0.8867)  loss_bbox_dn_1: 0.1936 (0.3112)  loss_giou_dn_1: 0.3145 (0.3657)  loss_fgl_dn_1: 1.0355 (1.0686)  loss_ddf_dn_1: 0.0815 (0.0794)  loss_mal_dn_2: 0.8994 (0.9142)  loss_bbox_dn_2: 0.1939 (0.3000)  loss_giou_dn_2: 0.3020 (0.3492)  loss_fgl_dn_2: 1.0235 (1.0518)  loss_mal_dn_pre: 1.4258 (1.4984)  loss_bbox_dn_pre: 0.3858 (0.4720)  loss_giou_dn_pre: 0.5607 (0.5652)  time: 0.2164  data: 0.1056  max mem: 1050
Epoch: [94] Total time: 0:00:01 (0.2249 s / it)
Averaged stats: lr: 0.000058  loss: 26.4051 (27.5029)  loss_mal: 1.0273 (1.0536)  loss_bbox: 0.1437 (0.2248)  loss_giou: 0.2660 (0.3004)  loss_fgl: 1.0749 (1.0899)  loss_mal_aux_0: 2.2461 (2.2792)  loss_bbox_aux_0: 0.1729 (0.2418)  loss_giou_aux_0: 0.3151 (0.3248)  loss_fgl_aux_0: 1.0999 (1.1240)  loss_ddf_aux_0: 0.0755 (0.0755)  loss_mal_aux_1: 1.1260 (1.1465)  loss_bbox_aux_1: 0.1288 (0.2231)  loss_giou_aux_1: 0.2589 (0.2999)  loss_fgl_aux_1: 1.0814 (1.0859)  loss_ddf_aux_1: 0.0109 (0.0121)  loss_mal_pre: 1.9697 (1.9785)  loss_bbox_pre: 0.1766 (0.2441)  loss_giou_pre: 0.3152 (0.3252)  loss_mal_enc_0: 2.5664 (2.5247)  loss_bbox_enc_0: 0.2186 (0.3321)  loss_giou_enc_0: 0.4242 (0.4245)  loss_mal_dn_0: 1.2236 (1.2599)  loss_bbox_dn_0: 0.3824 (0.4649)  loss_giou_dn_0: 0.5598 (0.5660)  loss_fgl_dn_0: 1.2272 (1.2300)  loss_ddf_dn_0: 0.8399 (0.8092)  loss_mal_dn_1: 0.9160 (0.8867)  loss_bbox_dn_1: 0.1936 (0.3112)  loss_giou_dn_1: 0.3145 (0.3657)  loss_fgl_dn_1: 1.0355 (1.0686)  loss_ddf_dn_1: 0.0815 (0.0794)  loss_mal_dn_2: 0.8994 (0.9142)  loss_bbox_dn_2: 0.1939 (0.3000)  loss_giou_dn_2: 0.3020 (0.3492)  loss_fgl_dn_2: 1.0235 (1.0518)  loss_mal_dn_pre: 1.4258 (1.4984)  loss_bbox_dn_pre: 0.3858 (0.4720)  loss_giou_dn_pre: 0.5607 (0.5652)
Test:  [0/4]  eta: 0:00:01    time: 0.3406  data: 0.3201  max mem: 1050
Test:  [3/4]  eta: 0:00:00    time: 0.0968  data: 0.0819  max mem: 1050
Test: Total time: 0:00:00 (0.1177 s / it)
Averaged stats: 
Accumulating evaluation results...
COCOeval_opt.accumulate() finished...
DONE (t=0.00s).
IoU metric: bbox
 Average Precision  (AP) @[ IoU=0.50:0.95 | area=   all | maxDets=100 ] = 0.618
 Average Precision  (AP) @[ IoU=0.50      | area=   all | maxDets=100 ] = 0.759
 Average Precision  (AP) @[ IoU=0.75      | area=   all | maxDets=100 ] = 0.707
 Average Precision  (AP) @[ IoU=0.50:0.95 | area= small | maxDets=100 ] = -1.000
 Average Precision  (AP) @[ IoU=0.50:0.95 | area=medium | maxDets=100 ] = -1.000
 Average Precision  (AP) @[ IoU=0.50:0.95 | area= large | maxDets=100 ] = 0.618
 Average Recall     (AR) @[ IoU=0.50:0.95 | area=   all | maxDets=  1 ] = 0.580
 Average Recall     (AR) @[ IoU=0.50:0.95 | area=   all | maxDets= 10 ] = 0.827
 Average Recall     (AR) @[ IoU=0.50:0.95 | area=   all | maxDets=100 ] = 0.853
 Average Recall     (AR) @[ IoU=0.50:0.95 | area= small | maxDets=100 ] = -1.000
 Average Recall     (AR) @[ IoU=0.50:0.95 | area=medium | maxDets=100 ] = -1.000
 Average Recall     (AR) @[ IoU=0.50:0.95 | area= large | maxDets=100 ] = 0.853
 Average Recall     (AR) @[ IoU=0.50      | area=   all | maxDets=100 ] = 1.000
 Average Recall     (AR) @[ IoU=0.75      | area=   all | maxDets=100 ] = 0.967
best_stat: {'epoch': 91, 'coco_eval_bbox': 0.6352493080908003}
Epoch: [95]  [0/8]  eta: 0:00:08  lr: 0.000058  loss: 24.4902 (24.4902)  loss_mal: 0.9292 (0.9292)  loss_bbox: 0.1258 (0.1258)  loss_giou: 0.2192 (0.2192)  loss_fgl: 1.0688 (1.0688)  loss_mal_aux_0: 2.3027 (2.3027)  loss_bbox_aux_0: 0.1208 (0.1208)  loss_giou_aux_0: 0.2124 (0.2124)  loss_fgl_aux_0: 0.9999 (0.9999)  loss_ddf_aux_0: 0.0757 (0.0757)  loss_mal_aux_1: 1.0547 (1.0547)  loss_bbox_aux_1: 0.1239 (0.1239)  loss_giou_aux_1: 0.2180 (0.2180)  loss_fgl_aux_1: 1.0743 (1.0743)  loss_ddf_aux_1: 0.0107 (0.0107)  loss_mal_pre: 1.8740 (1.8740)  loss_bbox_pre: 0.1257 (0.1257)  loss_giou_pre: 0.2209 (0.2209)  loss_mal_enc_0: 2.4551 (2.4551)  loss_bbox_enc_0: 0.1537 (0.1537)  loss_giou_enc_0: 0.2528 (0.2528)  loss_mal_dn_0: 1.2666 (1.2666)  loss_bbox_dn_0: 0.2648 (0.2648)  loss_giou_dn_0: 0.4247 (0.4247)  loss_fgl_dn_0: 1.2091 (1.2091)  loss_ddf_dn_0: 0.6876 (0.6876)  loss_mal_dn_1: 0.9038 (0.9038)  loss_bbox_dn_1: 0.1406 (0.1406)  loss_giou_dn_1: 0.2439 (0.2439)  loss_fgl_dn_1: 1.0722 (1.0722)  loss_ddf_dn_1: 0.0728 (0.0728)  loss_mal_dn_2: 0.9121 (0.9121)  loss_bbox_dn_2: 0.1351 (0.1351)  loss_giou_dn_2: 0.2396 (0.2396)  loss_fgl_dn_2: 1.0558 (1.0558)  loss_mal_dn_pre: 1.5225 (1.5225)  loss_bbox_dn_pre: 0.2863 (0.2863)  loss_giou_dn_pre: 0.4346 (0.4346)  time: 1.0359  data: 0.8620  max mem: 1050
Epoch: [95]  [7/8]  eta: 0:00:00  lr: 0.000059  loss: 24.8232 (26.9974)  loss_mal: 0.9346 (0.9603)  loss_bbox: 0.1258 (0.2760)  loss_giou: 0.2192 (0.3026)  loss_fgl: 1.0688 (1.0222)  loss_mal_aux_0: 2.3027 (2.1892)  loss_bbox_aux_0: 0.1208 (0.2932)  loss_giou_aux_0: 0.2404 (0.3199)  loss_fgl_aux_0: 1.0544 (1.0801)  loss_ddf_aux_0: 0.0713 (0.0751)  loss_mal_aux_1: 1.0547 (1.0670)  loss_bbox_aux_1: 0.1239 (0.2649)  loss_giou_aux_1: 0.2180 (0.2972)  loss_fgl_aux_1: 1.0668 (1.0245)  loss_ddf_aux_1: 0.0107 (0.0117)  loss_mal_pre: 1.8740 (1.9143)  loss_bbox_pre: 0.1257 (0.2895)  loss_giou_pre: 0.2426 (0.3183)  loss_mal_enc_0: 2.5547 (2.5500)  loss_bbox_enc_0: 0.1606 (0.3443)  loss_giou_enc_0: 0.3422 (0.3832)  loss_mal_dn_0: 1.1885 (1.1993)  loss_bbox_dn_0: 0.3841 (0.5012)  loss_giou_dn_0: 0.4616 (0.5518)  loss_fgl_dn_0: 1.2091 (1.2065)  loss_ddf_dn_0: 0.7191 (0.7754)  loss_mal_dn_1: 0.8662 (0.8604)  loss_bbox_dn_1: 0.1797 (0.3547)  loss_giou_dn_1: 0.2660 (0.3636)  loss_fgl_dn_1: 1.0722 (1.0434)  loss_ddf_dn_1: 0.0772 (0.0820)  loss_mal_dn_2: 0.8701 (0.8670)  loss_bbox_dn_2: 0.1617 (0.3439)  loss_giou_dn_2: 0.2472 (0.3488)  loss_fgl_dn_2: 1.0558 (1.0259)  loss_mal_dn_pre: 1.4346 (1.4360)  loss_bbox_dn_pre: 0.3878 (0.5034)  loss_giou_dn_pre: 0.4632 (0.5508)  time: 0.2714  data: 0.1375  max mem: 1050
Epoch: [95] Total time: 0:00:02 (0.2791 s / it)
Averaged stats: lr: 0.000059  loss: 24.8232 (26.9974)  loss_mal: 0.9346 (0.9603)  loss_bbox: 0.1258 (0.2760)  loss_giou: 0.2192 (0.3026)  loss_fgl: 1.0688 (1.0222)  loss_mal_aux_0: 2.3027 (2.1892)  loss_bbox_aux_0: 0.1208 (0.2932)  loss_giou_aux_0: 0.2404 (0.3199)  loss_fgl_aux_0: 1.0544 (1.0801)  loss_ddf_aux_0: 0.0713 (0.0751)  loss_mal_aux_1: 1.0547 (1.0670)  loss_bbox_aux_1: 0.1239 (0.2649)  loss_giou_aux_1: 0.2180 (0.2972)  loss_fgl_aux_1: 1.0668 (1.0245)  loss_ddf_aux_1: 0.0107 (0.0117)  loss_mal_pre: 1.8740 (1.9143)  loss_bbox_pre: 0.1257 (0.2895)  loss_giou_pre: 0.2426 (0.3183)  loss_mal_enc_0: 2.5547 (2.5500)  loss_bbox_enc_0: 0.1606 (0.3443)  loss_giou_enc_0: 0.3422 (0.3832)  loss_mal_dn_0: 1.1885 (1.1993)  loss_bbox_dn_0: 0.3841 (0.5012)  loss_giou_dn_0: 0.4616 (0.5518)  loss_fgl_dn_0: 1.2091 (1.2065)  loss_ddf_dn_0: 0.7191 (0.7754)  loss_mal_dn_1: 0.8662 (0.8604)  loss_bbox_dn_1: 0.1797 (0.3547)  loss_giou_dn_1: 0.2660 (0.3636)  loss_fgl_dn_1: 1.0722 (1.0434)  loss_ddf_dn_1: 0.0772 (0.0820)  loss_mal_dn_2: 0.8701 (0.8670)  loss_bbox_dn_2: 0.1617 (0.3439)  loss_giou_dn_2: 0.2472 (0.3488)  loss_fgl_dn_2: 1.0558 (1.0259)  loss_mal_dn_pre: 1.4346 (1.4360)  loss_bbox_dn_pre: 0.3878 (0.5034)  loss_giou_dn_pre: 0.4632 (0.5508)
Test:  [0/4]  eta: 0:00:01    time: 0.3979  data: 0.3771  max mem: 1050
Test:  [3/4]  eta: 0:00:00    time: 0.1121  data: 0.0963  max mem: 1050
Test: Total time: 0:00:00 (0.1279 s / it)
Averaged stats: 
Accumulating evaluation results...
COCOeval_opt.accumulate() finished...
DONE (t=0.00s).
IoU metric: bbox
 Average Precision  (AP) @[ IoU=0.50:0.95 | area=   all | maxDets=100 ] = 0.625
 Average Precision  (AP) @[ IoU=0.50      | area=   all | maxDets=100 ] = 0.757
 Average Precision  (AP) @[ IoU=0.75      | area=   all | maxDets=100 ] = 0.728
 Average Precision  (AP) @[ IoU=0.50:0.95 | area= small | maxDets=100 ] = -1.000
 Average Precision  (AP) @[ IoU=0.50:0.95 | area=medium | maxDets=100 ] = -1.000
 Average Precision  (AP) @[ IoU=0.50:0.95 | area= large | maxDets=100 ] = 0.625
 Average Recall     (AR) @[ IoU=0.50:0.95 | area=   all | maxDets=  1 ] = 0.613
 Average Recall     (AR) @[ IoU=0.50:0.95 | area=   all | maxDets= 10 ] = 0.850
 Average Recall     (AR) @[ IoU=0.50:0.95 | area=   all | maxDets=100 ] = 0.870
 Average Recall     (AR) @[ IoU=0.50:0.95 | area= small | maxDets=100 ] = -1.000
 Average Recall     (AR) @[ IoU=0.50:0.95 | area=medium | maxDets=100 ] = -1.000
 Average Recall     (AR) @[ IoU=0.50:0.95 | area= large | maxDets=100 ] = 0.870
 Average Recall     (AR) @[ IoU=0.50      | area=   all | maxDets=100 ] = 1.000
 Average Recall     (AR) @[ IoU=0.75      | area=   all | maxDets=100 ] = 1.000
best_stat: {'epoch': 91, 'coco_eval_bbox': 0.6352493080908003}
Epoch: [96]  [0/8]  eta: 0:00:07  lr: 0.000059  loss: 24.5408 (24.5408)  loss_mal: 0.9092 (0.9092)  loss_bbox: 0.1262 (0.1262)  loss_giou: 0.1870 (0.1870)  loss_fgl: 0.9623 (0.9623)  loss_mal_aux_0: 2.8652 (2.8652)  loss_bbox_aux_0: 0.1324 (0.1324)  loss_giou_aux_0: 0.2052 (0.2052)  loss_fgl_aux_0: 0.9994 (0.9994)  loss_ddf_aux_0: 0.0518 (0.0518)  loss_mal_aux_1: 0.9526 (0.9526)  loss_bbox_aux_1: 0.1288 (0.1288)  loss_giou_aux_1: 0.1895 (0.1895)  loss_fgl_aux_1: 0.9741 (0.9741)  loss_ddf_aux_1: 0.0101 (0.0101)  loss_mal_pre: 2.0098 (2.0098)  loss_bbox_pre: 0.1328 (0.1328)  loss_giou_pre: 0.2019 (0.2019)  loss_mal_enc_0: 2.2461 (2.2461)  loss_bbox_enc_0: 0.1451 (0.1451)  loss_giou_enc_0: 0.2166 (0.2166)  loss_mal_dn_0: 1.2432 (1.2432)  loss_bbox_dn_0: 0.3366 (0.3366)  loss_giou_dn_0: 0.4448 (0.4448)  loss_fgl_dn_0: 1.1838 (1.1838)  loss_ddf_dn_0: 0.5698 (0.5698)  loss_mal_dn_1: 1.0293 (1.0293)  loss_bbox_dn_1: 0.1540 (0.1540)  loss_giou_dn_1: 0.2201 (0.2201)  loss_fgl_dn_1: 0.9940 (0.9940)  loss_ddf_dn_1: 0.0634 (0.0634)  loss_mal_dn_2: 1.0293 (1.0293)  loss_bbox_dn_2: 0.1426 (0.1426)  loss_giou_dn_2: 0.2102 (0.2102)  loss_fgl_dn_2: 0.9829 (0.9829)  loss_mal_dn_pre: 1.4990 (1.4990)  loss_bbox_dn_pre: 0.3436 (0.3436)  loss_giou_dn_pre: 0.4481 (0.4481)  time: 0.8915  data: 0.7688  max mem: 1050
Epoch: [96]  [7/8]  eta: 0:00:00  lr: 0.000060  loss: 25.6201 (27.8279)  loss_mal: 1.1221 (1.1086)  loss_bbox: 0.1273 (0.2927)  loss_giou: 0.2698 (0.3093)  loss_fgl: 1.0446 (1.0790)  loss_mal_aux_0: 2.4277 (2.3545)  loss_bbox_aux_0: 0.1386 (0.3116)  loss_giou_aux_0: 0.2803 (0.3280)  loss_fgl_aux_0: 1.0797 (1.0958)  loss_ddf_aux_0: 0.0645 (0.0691)  loss_mal_aux_1: 1.0713 (1.1780)  loss_bbox_aux_1: 0.1334 (0.2967)  loss_giou_aux_1: 0.2546 (0.3095)  loss_fgl_aux_1: 1.0313 (1.0897)  loss_ddf_aux_1: 0.0109 (0.0117)  loss_mal_pre: 1.9463 (1.9380)  loss_bbox_pre: 0.1399 (0.3133)  loss_giou_pre: 0.2835 (0.3274)  loss_mal_enc_0: 2.3066 (2.2788)  loss_bbox_enc_0: 0.2494 (0.3882)  loss_giou_enc_0: 0.3958 (0.4272)  loss_mal_dn_0: 1.1826 (1.1913)  loss_bbox_dn_0: 0.4297 (0.5600)  loss_giou_dn_0: 0.5035 (0.5726)  loss_fgl_dn_0: 1.2197 (1.2135)  loss_ddf_dn_0: 0.6941 (0.6630)  loss_mal_dn_1: 0.8652 (0.9399)  loss_bbox_dn_1: 0.2329 (0.3953)  loss_giou_dn_1: 0.3022 (0.3849)  loss_fgl_dn_1: 1.0020 (1.0565)  loss_ddf_dn_1: 0.0722 (0.0706)  loss_mal_dn_2: 0.8677 (0.9318)  loss_bbox_dn_2: 0.2034 (0.3695)  loss_giou_dn_2: 0.2894 (0.3644)  loss_fgl_dn_2: 0.9887 (1.0414)  loss_mal_dn_pre: 1.4395 (1.4144)  loss_bbox_dn_pre: 0.4480 (0.5744)  loss_giou_dn_pre: 0.5076 (0.5774)  time: 0.2533  data: 0.1146  max mem: 1050
Epoch: [96] Total time: 0:00:02 (0.2638 s / it)
Averaged stats: lr: 0.000060  loss: 25.6201 (27.8279)  loss_mal: 1.1221 (1.1086)  loss_bbox: 0.1273 (0.2927)  loss_giou: 0.2698 (0.3093)  loss_fgl: 1.0446 (1.0790)  loss_mal_aux_0: 2.4277 (2.3545)  loss_bbox_aux_0: 0.1386 (0.3116)  loss_giou_aux_0: 0.2803 (0.3280)  loss_fgl_aux_0: 1.0797 (1.0958)  loss_ddf_aux_0: 0.0645 (0.0691)  loss_mal_aux_1: 1.0713 (1.1780)  loss_bbox_aux_1: 0.1334 (0.2967)  loss_giou_aux_1: 0.2546 (0.3095)  loss_fgl_aux_1: 1.0313 (1.0897)  loss_ddf_aux_1: 0.0109 (0.0117)  loss_mal_pre: 1.9463 (1.9380)  loss_bbox_pre: 0.1399 (0.3133)  loss_giou_pre: 0.2835 (0.3274)  loss_mal_enc_0: 2.3066 (2.2788)  loss_bbox_enc_0: 0.2494 (0.3882)  loss_giou_enc_0: 0.3958 (0.4272)  loss_mal_dn_0: 1.1826 (1.1913)  loss_bbox_dn_0: 0.4297 (0.5600)  loss_giou_dn_0: 0.5035 (0.5726)  loss_fgl_dn_0: 1.2197 (1.2135)  loss_ddf_dn_0: 0.6941 (0.6630)  loss_mal_dn_1: 0.8652 (0.9399)  loss_bbox_dn_1: 0.2329 (0.3953)  loss_giou_dn_1: 0.3022 (0.3849)  loss_fgl_dn_1: 1.0020 (1.0565)  loss_ddf_dn_1: 0.0722 (0.0706)  loss_mal_dn_2: 0.8677 (0.9318)  loss_bbox_dn_2: 0.2034 (0.3695)  loss_giou_dn_2: 0.2894 (0.3644)  loss_fgl_dn_2: 0.9887 (1.0414)  loss_mal_dn_pre: 1.4395 (1.4144)  loss_bbox_dn_pre: 0.4480 (0.5744)  loss_giou_dn_pre: 0.5076 (0.5774)
Test:  [0/4]  eta: 0:00:01    time: 0.3342  data: 0.3145  max mem: 1050
Test:  [3/4]  eta: 0:00:00    time: 0.0987  data: 0.0807  max mem: 1050
Test: Total time: 0:00:00 (0.1177 s / it)
Averaged stats: 
Accumulating evaluation results...
COCOeval_opt.accumulate() finished...
DONE (t=0.00s).
IoU metric: bbox
 Average Precision  (AP) @[ IoU=0.50:0.95 | area=   all | maxDets=100 ] = 0.623
 Average Precision  (AP) @[ IoU=0.50      | area=   all | maxDets=100 ] = 0.766
 Average Precision  (AP) @[ IoU=0.75      | area=   all | maxDets=100 ] = 0.714
 Average Precision  (AP) @[ IoU=0.50:0.95 | area= small | maxDets=100 ] = -1.000
 Average Precision  (AP) @[ IoU=0.50:0.95 | area=medium | maxDets=100 ] = -1.000
 Average Precision  (AP) @[ IoU=0.50:0.95 | area= large | maxDets=100 ] = 0.624
 Average Recall     (AR) @[ IoU=0.50:0.95 | area=   all | maxDets=  1 ] = 0.597
 Average Recall     (AR) @[ IoU=0.50:0.95 | area=   all | maxDets= 10 ] = 0.823
 Average Recall     (AR) @[ IoU=0.50:0.95 | area=   all | maxDets=100 ] = 0.867
 Average Recall     (AR) @[ IoU=0.50:0.95 | area= small | maxDets=100 ] = -1.000
 Average Recall     (AR) @[ IoU=0.50:0.95 | area=medium | maxDets=100 ] = -1.000
 Average Recall     (AR) @[ IoU=0.50:0.95 | area= large | maxDets=100 ] = 0.867
 Average Recall     (AR) @[ IoU=0.50      | area=   all | maxDets=100 ] = 1.000
 Average Recall     (AR) @[ IoU=0.75      | area=   all | maxDets=100 ] = 1.000
best_stat: {'epoch': 91, 'coco_eval_bbox': 0.6352493080908003}
Epoch: [97]  [0/8]  eta: 0:00:06  lr: 0.000060  loss: 24.7877 (24.7877)  loss_mal: 1.0732 (1.0732)  loss_bbox: 0.1324 (0.1324)  loss_giou: 0.2439 (0.2439)  loss_fgl: 1.0089 (1.0089)  loss_mal_aux_0: 2.2910 (2.2910)  loss_bbox_aux_0: 0.1210 (0.1210)  loss_giou_aux_0: 0.2864 (0.2864)  loss_fgl_aux_0: 1.0675 (1.0675)  loss_ddf_aux_0: 0.0804 (0.0804)  loss_mal_aux_1: 1.0322 (1.0322)  loss_bbox_aux_1: 0.1425 (0.1425)  loss_giou_aux_1: 0.2531 (0.2531)  loss_fgl_aux_1: 1.0387 (1.0387)  loss_ddf_aux_1: 0.0115 (0.0115)  loss_mal_pre: 1.9385 (1.9385)  loss_bbox_pre: 0.1241 (0.1241)  loss_giou_pre: 0.2782 (0.2782)  loss_mal_enc_0: 2.2559 (2.2559)  loss_bbox_enc_0: 0.1703 (0.1703)  loss_giou_enc_0: 0.2809 (0.2809)  loss_mal_dn_0: 1.2129 (1.2129)  loss_bbox_dn_0: 0.3534 (0.3534)  loss_giou_dn_0: 0.4714 (0.4714)  loss_fgl_dn_0: 1.1917 (1.1917)  loss_ddf_dn_0: 0.7290 (0.7290)  loss_mal_dn_1: 0.8574 (0.8574)  loss_bbox_dn_1: 0.1969 (0.1969)  loss_giou_dn_1: 0.2715 (0.2715)  loss_fgl_dn_1: 1.0381 (1.0381)  loss_ddf_dn_1: 0.0758 (0.0758)  loss_mal_dn_2: 0.8638 (0.8638)  loss_bbox_dn_2: 0.1610 (0.1610)  loss_giou_dn_2: 0.2360 (0.2360)  loss_fgl_dn_2: 0.9953 (0.9953)  loss_mal_dn_pre: 1.4805 (1.4805)  loss_bbox_dn_pre: 0.3576 (0.3576)  loss_giou_dn_pre: 0.4648 (0.4648)  time: 0.7681  data: 0.6469  max mem: 1050
Epoch: [97]  [7/8]  eta: 0:00:00  lr: 0.000061  loss: 24.7868 (25.1616)  loss_mal: 0.9751 (1.0372)  loss_bbox: 0.0896 (0.1454)  loss_giou: 0.2050 (0.2382)  loss_fgl: 1.0089 (1.0143)  loss_mal_aux_0: 2.2012 (2.1921)  loss_bbox_aux_0: 0.1237 (0.1599)  loss_giou_aux_0: 0.2308 (0.2711)  loss_fgl_aux_0: 1.0675 (1.0853)  loss_ddf_aux_0: 0.0650 (0.0719)  loss_mal_aux_1: 0.9775 (1.0718)  loss_bbox_aux_1: 0.0960 (0.1533)  loss_giou_aux_1: 0.1985 (0.2437)  loss_fgl_aux_1: 1.0387 (1.0246)  loss_ddf_aux_1: 0.0090 (0.0097)  loss_mal_pre: 1.8232 (1.8712)  loss_bbox_pre: 0.1243 (0.1622)  loss_giou_pre: 0.2242 (0.2735)  loss_mal_enc_0: 2.2559 (2.3098)  loss_bbox_enc_0: 0.1695 (0.2024)  loss_giou_enc_0: 0.2809 (0.3273)  loss_mal_dn_0: 1.1953 (1.1798)  loss_bbox_dn_0: 0.3534 (0.4383)  loss_giou_dn_0: 0.4829 (0.5167)  loss_fgl_dn_0: 1.2159 (1.2196)  loss_ddf_dn_0: 0.6661 (0.6797)  loss_mal_dn_1: 0.8848 (0.8867)  loss_bbox_dn_1: 0.2165 (0.2277)  loss_giou_dn_1: 0.2406 (0.2981)  loss_fgl_dn_1: 1.0320 (1.0383)  loss_ddf_dn_1: 0.0681 (0.0718)  loss_mal_dn_2: 0.8779 (0.8755)  loss_bbox_dn_2: 0.1757 (0.1976)  loss_giou_dn_2: 0.2146 (0.2697)  loss_fgl_dn_2: 0.9953 (1.0070)  loss_mal_dn_pre: 1.4141 (1.4142)  loss_bbox_dn_pre: 0.3576 (0.4560)  loss_giou_dn_pre: 0.4921 (0.5202)  time: 0.2061  data: 0.1022  max mem: 1050
Epoch: [97] Total time: 0:00:01 (0.2135 s / it)
Averaged stats: lr: 0.000061  loss: 24.7868 (25.1616)  loss_mal: 0.9751 (1.0372)  loss_bbox: 0.0896 (0.1454)  loss_giou: 0.2050 (0.2382)  loss_fgl: 1.0089 (1.0143)  loss_mal_aux_0: 2.2012 (2.1921)  loss_bbox_aux_0: 0.1237 (0.1599)  loss_giou_aux_0: 0.2308 (0.2711)  loss_fgl_aux_0: 1.0675 (1.0853)  loss_ddf_aux_0: 0.0650 (0.0719)  loss_mal_aux_1: 0.9775 (1.0718)  loss_bbox_aux_1: 0.0960 (0.1533)  loss_giou_aux_1: 0.1985 (0.2437)  loss_fgl_aux_1: 1.0387 (1.0246)  loss_ddf_aux_1: 0.0090 (0.0097)  loss_mal_pre: 1.8232 (1.8712)  loss_bbox_pre: 0.1243 (0.1622)  loss_giou_pre: 0.2242 (0.2735)  loss_mal_enc_0: 2.2559 (2.3098)  loss_bbox_enc_0: 0.1695 (0.2024)  loss_giou_enc_0: 0.2809 (0.3273)  loss_mal_dn_0: 1.1953 (1.1798)  loss_bbox_dn_0: 0.3534 (0.4383)  loss_giou_dn_0: 0.4829 (0.5167)  loss_fgl_dn_0: 1.2159 (1.2196)  loss_ddf_dn_0: 0.6661 (0.6797)  loss_mal_dn_1: 0.8848 (0.8867)  loss_bbox_dn_1: 0.2165 (0.2277)  loss_giou_dn_1: 0.2406 (0.2981)  loss_fgl_dn_1: 1.0320 (1.0383)  loss_ddf_dn_1: 0.0681 (0.0718)  loss_mal_dn_2: 0.8779 (0.8755)  loss_bbox_dn_2: 0.1757 (0.1976)  loss_giou_dn_2: 0.2146 (0.2697)  loss_fgl_dn_2: 0.9953 (1.0070)  loss_mal_dn_pre: 1.4141 (1.4142)  loss_bbox_dn_pre: 0.3576 (0.4560)  loss_giou_dn_pre: 0.4921 (0.5202)
Test:  [0/4]  eta: 0:00:01    time: 0.3550  data: 0.3330  max mem: 1050
Test:  [3/4]  eta: 0:00:00    time: 0.1024  data: 0.0853  max mem: 1050
Test: Total time: 0:00:00 (0.1192 s / it)
Averaged stats: 
Accumulating evaluation results...
COCOeval_opt.accumulate() finished...
DONE (t=0.00s).
IoU metric: bbox
 Average Precision  (AP) @[ IoU=0.50:0.95 | area=   all | maxDets=100 ] = 0.644
 Average Precision  (AP) @[ IoU=0.50      | area=   all | maxDets=100 ] = 0.784
 Average Precision  (AP) @[ IoU=0.75      | area=   all | maxDets=100 ] = 0.713
 Average Precision  (AP) @[ IoU=0.50:0.95 | area= small | maxDets=100 ] = -1.000
 Average Precision  (AP) @[ IoU=0.50:0.95 | area=medium | maxDets=100 ] = -1.000
 Average Precision  (AP) @[ IoU=0.50:0.95 | area= large | maxDets=100 ] = 0.644
 Average Recall     (AR) @[ IoU=0.50:0.95 | area=   all | maxDets=  1 ] = 0.623
 Average Recall     (AR) @[ IoU=0.50:0.95 | area=   all | maxDets= 10 ] = 0.827
 Average Recall     (AR) @[ IoU=0.50:0.95 | area=   all | maxDets=100 ] = 0.867
 Average Recall     (AR) @[ IoU=0.50:0.95 | area= small | maxDets=100 ] = -1.000
 Average Recall     (AR) @[ IoU=0.50:0.95 | area=medium | maxDets=100 ] = -1.000
 Average Recall     (AR) @[ IoU=0.50:0.95 | area= large | maxDets=100 ] = 0.867
 Average Recall     (AR) @[ IoU=0.50      | area=   all | maxDets=100 ] = 1.000
 Average Recall     (AR) @[ IoU=0.75      | area=   all | maxDets=100 ] = 0.933
best_stat: {'epoch': 97, 'coco_eval_bbox': 0.6436202739391121}
Epoch: [98]  [0/8]  eta: 0:00:08  lr: 0.000061  loss: 21.9713 (21.9713)  loss_mal: 0.8242 (0.8242)  loss_bbox: 0.0651 (0.0651)  loss_giou: 0.1045 (0.1045)  loss_fgl: 0.7902 (0.7902)  loss_mal_aux_0: 2.3418 (2.3418)  loss_bbox_aux_0: 0.0810 (0.0810)  loss_giou_aux_0: 0.1281 (0.1281)  loss_fgl_aux_0: 0.9033 (0.9033)  loss_ddf_aux_0: 0.0603 (0.0603)  loss_mal_aux_1: 0.8179 (0.8179)  loss_bbox_aux_1: 0.0699 (0.0699)  loss_giou_aux_1: 0.1120 (0.1120)  loss_fgl_aux_1: 0.8145 (0.8145)  loss_ddf_aux_1: 0.0091 (0.0091)  loss_mal_pre: 1.8750 (1.8750)  loss_bbox_pre: 0.0896 (0.0896)  loss_giou_pre: 0.1391 (0.1391)  loss_mal_enc_0: 2.3613 (2.3613)  loss_bbox_enc_0: 0.1272 (0.1272)  loss_giou_enc_0: 0.2273 (0.2273)  loss_mal_dn_0: 1.1377 (1.1377)  loss_bbox_dn_0: 0.3918 (0.3918)  loss_giou_dn_0: 0.4570 (0.4570)  loss_fgl_dn_0: 1.2441 (1.2441)  loss_ddf_dn_0: 0.5729 (0.5729)  loss_mal_dn_1: 0.7827 (0.7827)  loss_bbox_dn_1: 0.1617 (0.1617)  loss_giou_dn_1: 0.1971 (0.1971)  loss_fgl_dn_1: 0.8843 (0.8843)  loss_ddf_dn_1: 0.0679 (0.0679)  loss_mal_dn_2: 0.7676 (0.7676)  loss_bbox_dn_2: 0.1212 (0.1212)  loss_giou_dn_2: 0.1562 (0.1562)  loss_fgl_dn_2: 0.8353 (0.8353)  loss_mal_dn_pre: 1.4004 (1.4004)  loss_bbox_dn_pre: 0.3958 (0.3958)  loss_giou_dn_pre: 0.4560 (0.4560)  time: 1.0318  data: 0.8443  max mem: 1050
Epoch: [98]  [7/8]  eta: 0:00:00  lr: 0.000063  loss: 25.2265 (27.7284)  loss_mal: 1.0264 (1.1107)  loss_bbox: 0.1613 (0.3314)  loss_giou: 0.2731 (0.3406)  loss_fgl: 0.9872 (1.0243)  loss_mal_aux_0: 1.8125 (2.0736)  loss_bbox_aux_0: 0.1546 (0.3622)  loss_giou_aux_0: 0.3223 (0.3815)  loss_fgl_aux_0: 1.1088 (1.1074)  loss_ddf_aux_0: 0.0593 (0.0732)  loss_mal_aux_1: 1.1045 (1.1611)  loss_bbox_aux_1: 0.1608 (0.3363)  loss_giou_aux_1: 0.2832 (0.3442)  loss_fgl_aux_1: 0.9864 (1.0261)  loss_ddf_aux_1: 0.0094 (0.0090)  loss_mal_pre: 1.7783 (1.8447)  loss_bbox_pre: 0.1519 (0.3597)  loss_giou_pre: 0.3242 (0.3773)  loss_mal_enc_0: 2.1504 (2.1865)  loss_bbox_enc_0: 0.2499 (0.4195)  loss_giou_enc_0: 0.3775 (0.4586)  loss_mal_dn_0: 1.1182 (1.1129)  loss_bbox_dn_0: 0.4163 (0.6154)  loss_giou_dn_0: 0.5153 (0.5942)  loss_fgl_dn_0: 1.2330 (1.2152)  loss_ddf_dn_0: 0.5729 (0.6880)  loss_mal_dn_1: 0.8950 (0.9008)  loss_bbox_dn_1: 0.2239 (0.4646)  loss_giou_dn_1: 0.2817 (0.4027)  loss_fgl_dn_1: 1.0085 (1.0455)  loss_ddf_dn_1: 0.0682 (0.0717)  loss_mal_dn_2: 0.8799 (0.8925)  loss_bbox_dn_2: 0.1934 (0.4404)  loss_giou_dn_2: 0.2569 (0.3818)  loss_fgl_dn_2: 0.9981 (1.0303)  loss_mal_dn_pre: 1.3359 (1.3270)  loss_bbox_dn_pre: 0.4300 (0.6257)  loss_giou_dn_pre: 0.5116 (0.5918)  time: 0.2686  data: 0.1086  max mem: 1050
Epoch: [98] Total time: 0:00:02 (0.2771 s / it)
Averaged stats: lr: 0.000063  loss: 25.2265 (27.7284)  loss_mal: 1.0264 (1.1107)  loss_bbox: 0.1613 (0.3314)  loss_giou: 0.2731 (0.3406)  loss_fgl: 0.9872 (1.0243)  loss_mal_aux_0: 1.8125 (2.0736)  loss_bbox_aux_0: 0.1546 (0.3622)  loss_giou_aux_0: 0.3223 (0.3815)  loss_fgl_aux_0: 1.1088 (1.1074)  loss_ddf_aux_0: 0.0593 (0.0732)  loss_mal_aux_1: 1.1045 (1.1611)  loss_bbox_aux_1: 0.1608 (0.3363)  loss_giou_aux_1: 0.2832 (0.3442)  loss_fgl_aux_1: 0.9864 (1.0261)  loss_ddf_aux_1: 0.0094 (0.0090)  loss_mal_pre: 1.7783 (1.8447)  loss_bbox_pre: 0.1519 (0.3597)  loss_giou_pre: 0.3242 (0.3773)  loss_mal_enc_0: 2.1504 (2.1865)  loss_bbox_enc_0: 0.2499 (0.4195)  loss_giou_enc_0: 0.3775 (0.4586)  loss_mal_dn_0: 1.1182 (1.1129)  loss_bbox_dn_0: 0.4163 (0.6154)  loss_giou_dn_0: 0.5153 (0.5942)  loss_fgl_dn_0: 1.2330 (1.2152)  loss_ddf_dn_0: 0.5729 (0.6880)  loss_mal_dn_1: 0.8950 (0.9008)  loss_bbox_dn_1: 0.2239 (0.4646)  loss_giou_dn_1: 0.2817 (0.4027)  loss_fgl_dn_1: 1.0085 (1.0455)  loss_ddf_dn_1: 0.0682 (0.0717)  loss_mal_dn_2: 0.8799 (0.8925)  loss_bbox_dn_2: 0.1934 (0.4404)  loss_giou_dn_2: 0.2569 (0.3818)  loss_fgl_dn_2: 0.9981 (1.0303)  loss_mal_dn_pre: 1.3359 (1.3270)  loss_bbox_dn_pre: 0.4300 (0.6257)  loss_giou_dn_pre: 0.5116 (0.5918)
Test:  [0/4]  eta: 0:00:01    time: 0.3488  data: 0.3247  max mem: 1050
Test:  [3/4]  eta: 0:00:00    time: 0.1015  data: 0.0833  max mem: 1050
Test: Total time: 0:00:00 (0.1164 s / it)
Averaged stats: 
Accumulating evaluation results...
COCOeval_opt.accumulate() finished...
DONE (t=0.00s).
IoU metric: bbox
 Average Precision  (AP) @[ IoU=0.50:0.95 | area=   all | maxDets=100 ] = 0.627
 Average Precision  (AP) @[ IoU=0.50      | area=   all | maxDets=100 ] = 0.796
 Average Precision  (AP) @[ IoU=0.75      | area=   all | maxDets=100 ] = 0.726
 Average Precision  (AP) @[ IoU=0.50:0.95 | area= small | maxDets=100 ] = -1.000
 Average Precision  (AP) @[ IoU=0.50:0.95 | area=medium | maxDets=100 ] = -1.000
 Average Precision  (AP) @[ IoU=0.50:0.95 | area= large | maxDets=100 ] = 0.627
 Average Recall     (AR) @[ IoU=0.50:0.95 | area=   all | maxDets=  1 ] = 0.597
 Average Recall     (AR) @[ IoU=0.50:0.95 | area=   all | maxDets= 10 ] = 0.790
 Average Recall     (AR) @[ IoU=0.50:0.95 | area=   all | maxDets=100 ] = 0.827
 Average Recall     (AR) @[ IoU=0.50:0.95 | area= small | maxDets=100 ] = -1.000
 Average Recall     (AR) @[ IoU=0.50:0.95 | area=medium | maxDets=100 ] = -1.000
 Average Recall     (AR) @[ IoU=0.50:0.95 | area= large | maxDets=100 ] = 0.827
 Average Recall     (AR) @[ IoU=0.50      | area=   all | maxDets=100 ] = 1.000
 Average Recall     (AR) @[ IoU=0.75      | area=   all | maxDets=100 ] = 0.867
best_stat: {'epoch': 97, 'coco_eval_bbox': 0.6436202739391121}
Epoch: [99]  [0/8]  eta: 0:00:07  lr: 0.000063  loss: 24.7774 (24.7774)  loss_mal: 0.8540 (0.8540)  loss_bbox: 0.2004 (0.2004)  loss_giou: 0.2895 (0.2895)  loss_fgl: 1.0976 (1.0976)  loss_mal_aux_0: 1.8672 (1.8672)  loss_bbox_aux_0: 0.2323 (0.2323)  loss_giou_aux_0: 0.3405 (0.3405)  loss_fgl_aux_0: 1.1393 (1.1393)  loss_ddf_aux_0: 0.0706 (0.0706)  loss_mal_aux_1: 0.9507 (0.9507)  loss_bbox_aux_1: 0.1977 (0.1977)  loss_giou_aux_1: 0.2995 (0.2995)  loss_fgl_aux_1: 1.0790 (1.0790)  loss_ddf_aux_1: 0.0098 (0.0098)  loss_mal_pre: 1.5889 (1.5889)  loss_bbox_pre: 0.2563 (0.2563)  loss_giou_pre: 0.3533 (0.3533)  loss_mal_enc_0: 1.9814 (1.9814)  loss_bbox_enc_0: 0.3298 (0.3298)  loss_giou_enc_0: 0.4282 (0.4282)  loss_mal_dn_0: 1.1230 (1.1230)  loss_bbox_dn_0: 0.3279 (0.3279)  loss_giou_dn_0: 0.4939 (0.4939)  loss_fgl_dn_0: 1.2065 (1.2065)  loss_ddf_dn_0: 0.5861 (0.5861)  loss_mal_dn_1: 1.0361 (1.0361)  loss_bbox_dn_1: 0.1985 (0.1985)  loss_giou_dn_1: 0.2929 (0.2929)  loss_fgl_dn_1: 1.0991 (1.0991)  loss_ddf_dn_1: 0.0672 (0.0672)  loss_mal_dn_2: 0.9658 (0.9658)  loss_bbox_dn_2: 0.2014 (0.2014)  loss_giou_dn_2: 0.2905 (0.2905)  loss_fgl_dn_2: 1.1018 (1.1018)  loss_mal_dn_pre: 1.3389 (1.3389)  loss_bbox_dn_pre: 0.3804 (0.3804)  loss_giou_dn_pre: 0.5012 (0.5012)  time: 0.8856  data: 0.7604  max mem: 1050
Epoch: [99]  [7/8]  eta: 0:00:00  lr: 0.000064  loss: 22.7663 (24.0962)  loss_mal: 0.9058 (0.9346)  loss_bbox: 0.0785 (0.1525)  loss_giou: 0.1805 (0.2166)  loss_fgl: 0.9306 (0.9869)  loss_mal_aux_0: 2.0078 (2.0925)  loss_bbox_aux_0: 0.0971 (0.1775)  loss_giou_aux_0: 0.1960 (0.2467)  loss_fgl_aux_0: 1.0359 (1.0623)  loss_ddf_aux_0: 0.0615 (0.0679)  loss_mal_aux_1: 0.9624 (0.9682)  loss_bbox_aux_1: 0.0838 (0.1554)  loss_giou_aux_1: 0.1824 (0.2238)  loss_fgl_aux_1: 0.9678 (0.9917)  loss_ddf_aux_1: 0.0092 (0.0097)  loss_mal_pre: 1.7549 (1.7690)  loss_bbox_pre: 0.0957 (0.1779)  loss_giou_pre: 0.1950 (0.2438)  loss_mal_enc_0: 2.1719 (2.1624)  loss_bbox_enc_0: 0.1573 (0.2604)  loss_giou_enc_0: 0.2893 (0.3402)  loss_mal_dn_0: 1.1094 (1.1099)  loss_bbox_dn_0: 0.3538 (0.4228)  loss_giou_dn_0: 0.4637 (0.4880)  loss_fgl_dn_0: 1.1988 (1.1897)  loss_ddf_dn_0: 0.6507 (0.6606)  loss_mal_dn_1: 0.8071 (0.8348)  loss_bbox_dn_1: 0.1836 (0.2421)  loss_giou_dn_1: 0.2368 (0.2794)  loss_fgl_dn_1: 0.9676 (0.9983)  loss_ddf_dn_1: 0.0717 (0.0727)  loss_mal_dn_2: 0.8042 (0.8253)  loss_bbox_dn_2: 0.1515 (0.2207)  loss_giou_dn_2: 0.2105 (0.2548)  loss_fgl_dn_2: 0.9206 (0.9695)  loss_mal_dn_pre: 1.3555 (1.3390)  loss_bbox_dn_pre: 0.3804 (0.4525)  loss_giou_dn_pre: 0.4618 (0.4962)  time: 0.2724  data: 0.1379  max mem: 1050
Epoch: [99] Total time: 0:00:02 (0.2815 s / it)
Averaged stats: lr: 0.000064  loss: 22.7663 (24.0962)  loss_mal: 0.9058 (0.9346)  loss_bbox: 0.0785 (0.1525)  loss_giou: 0.1805 (0.2166)  loss_fgl: 0.9306 (0.9869)  loss_mal_aux_0: 2.0078 (2.0925)  loss_bbox_aux_0: 0.0971 (0.1775)  loss_giou_aux_0: 0.1960 (0.2467)  loss_fgl_aux_0: 1.0359 (1.0623)  loss_ddf_aux_0: 0.0615 (0.0679)  loss_mal_aux_1: 0.9624 (0.9682)  loss_bbox_aux_1: 0.0838 (0.1554)  loss_giou_aux_1: 0.1824 (0.2238)  loss_fgl_aux_1: 0.9678 (0.9917)  loss_ddf_aux_1: 0.0092 (0.0097)  loss_mal_pre: 1.7549 (1.7690)  loss_bbox_pre: 0.0957 (0.1779)  loss_giou_pre: 0.1950 (0.2438)  loss_mal_enc_0: 2.1719 (2.1624)  loss_bbox_enc_0: 0.1573 (0.2604)  loss_giou_enc_0: 0.2893 (0.3402)  loss_mal_dn_0: 1.1094 (1.1099)  loss_bbox_dn_0: 0.3538 (0.4228)  loss_giou_dn_0: 0.4637 (0.4880)  loss_fgl_dn_0: 1.1988 (1.1897)  loss_ddf_dn_0: 0.6507 (0.6606)  loss_mal_dn_1: 0.8071 (0.8348)  loss_bbox_dn_1: 0.1836 (0.2421)  loss_giou_dn_1: 0.2368 (0.2794)  loss_fgl_dn_1: 0.9676 (0.9983)  loss_ddf_dn_1: 0.0717 (0.0727)  loss_mal_dn_2: 0.8042 (0.8253)  loss_bbox_dn_2: 0.1515 (0.2207)  loss_giou_dn_2: 0.2105 (0.2548)  loss_fgl_dn_2: 0.9206 (0.9695)  loss_mal_dn_pre: 1.3555 (1.3390)  loss_bbox_dn_pre: 0.3804 (0.4525)  loss_giou_dn_pre: 0.4618 (0.4962)
Test:  [0/4]  eta: 0:00:01    time: 0.3557  data: 0.3335  max mem: 1050
Test:  [3/4]  eta: 0:00:00    time: 0.1404  data: 0.0853  max mem: 1050
Test: Total time: 0:00:00 (0.1568 s / it)
Averaged stats: 
Accumulating evaluation results...
COCOeval_opt.accumulate() finished...
DONE (t=0.00s).
IoU metric: bbox
 Average Precision  (AP) @[ IoU=0.50:0.95 | area=   all | maxDets=100 ] = 0.640
 Average Precision  (AP) @[ IoU=0.50      | area=   all | maxDets=100 ] = 0.802
 Average Precision  (AP) @[ IoU=0.75      | area=   all | maxDets=100 ] = 0.710
 Average Precision  (AP) @[ IoU=0.50:0.95 | area= small | maxDets=100 ] = -1.000
 Average Precision  (AP) @[ IoU=0.50:0.95 | area=medium | maxDets=100 ] = -1.000
 Average Precision  (AP) @[ IoU=0.50:0.95 | area= large | maxDets=100 ] = 0.640
 Average Recall     (AR) @[ IoU=0.50:0.95 | area=   all | maxDets=  1 ] = 0.600
 Average Recall     (AR) @[ IoU=0.50:0.95 | area=   all | maxDets= 10 ] = 0.823
 Average Recall     (AR) @[ IoU=0.50:0.95 | area=   all | maxDets=100 ] = 0.870
 Average Recall     (AR) @[ IoU=0.50:0.95 | area= small | maxDets=100 ] = -1.000
 Average Recall     (AR) @[ IoU=0.50:0.95 | area=medium | maxDets=100 ] = -1.000
 Average Recall     (AR) @[ IoU=0.50:0.95 | area= large | maxDets=100 ] = 0.870
 Average Recall     (AR) @[ IoU=0.50      | area=   all | maxDets=100 ] = 1.000
 Average Recall     (AR) @[ IoU=0.75      | area=   all | maxDets=100 ] = 0.967
best_stat: {'epoch': 97, 'coco_eval_bbox': 0.6436202739391121}
Load last_epoch
Load model.state_dict
Load criterion.state_dict
Load postprocessor.state_dict
Load ema.state_dict
Load scaler.state_dict
Load optimizer.state_dict
Load lr_warmup_scheduler.state_dict
Refresh EMA at epoch 100 with decay 0.9999
Epoch: [100]  [0/8]  eta: 0:00:03  lr: 0.000064  loss: 22.5304 (22.5304)  loss_mal: 0.7695 (0.7695)  loss_bbox: 0.1193 (0.1193)  loss_giou: 0.1486 (0.1486)  loss_fgl: 0.8667 (0.8667)  loss_mal_aux_0: 2.2520 (2.2520)  loss_bbox_aux_0: 0.1414 (0.1414)  loss_giou_aux_0: 0.1756 (0.1756)  loss_fgl_aux_0: 0.9457 (0.9457)  loss_ddf_aux_0: 0.0576 (0.0576)  loss_mal_aux_1: 0.8696 (0.8696)  loss_bbox_aux_1: 0.1174 (0.1174)  loss_giou_aux_1: 0.1476 (0.1476)  loss_fgl_aux_1: 0.8707 (0.8707)  loss_ddf_aux_1: 0.0095 (0.0095)  loss_mal_pre: 1.8037 (1.8037)  loss_bbox_pre: 0.1413 (0.1413)  loss_giou_pre: 0.1723 (0.1723)  loss_mal_enc_0: 2.2285 (2.2285)  loss_bbox_enc_0: 0.1610 (0.1610)  loss_giou_enc_0: 0.1929 (0.1929)  loss_mal_dn_0: 1.2080 (1.2080)  loss_bbox_dn_0: 0.3848 (0.3848)  loss_giou_dn_0: 0.4031 (0.4031)  loss_fgl_dn_0: 1.1994 (1.1994)  loss_ddf_dn_0: 0.7081 (0.7081)  loss_mal_dn_1: 0.7798 (0.7798)  loss_bbox_dn_1: 0.1806 (0.1806)  loss_giou_dn_1: 0.1969 (0.1969)  loss_fgl_dn_1: 0.9414 (0.9414)  loss_ddf_dn_1: 0.0735 (0.0735)  loss_mal_dn_2: 0.7505 (0.7505)  loss_bbox_dn_2: 0.1572 (0.1572)  loss_giou_dn_2: 0.1731 (0.1731)  loss_fgl_dn_2: 0.9127 (0.9127)  loss_mal_dn_pre: 1.4805 (1.4805)  loss_bbox_dn_pre: 0.3871 (0.3871)  loss_giou_dn_pre: 0.4029 (0.4029)  time: 0.4710  data: 0.3427  max mem: 1050
Epoch: [100]  [7/8]  eta: 0:00:00  lr: 0.000065  loss: 22.8099 (22.9577)  loss_mal: 0.8125 (0.8278)  loss_bbox: 0.1193 (0.1374)  loss_giou: 0.1486 (0.1721)  loss_fgl: 0.8931 (0.9183)  loss_mal_aux_0: 2.2520 (2.2185)  loss_bbox_aux_0: 0.1341 (0.1486)  loss_giou_aux_0: 0.1756 (0.1919)  loss_fgl_aux_0: 0.9624 (0.9756)  loss_ddf_aux_0: 0.0503 (0.0517)  loss_mal_aux_1: 0.8696 (0.8856)  loss_bbox_aux_1: 0.1174 (0.1393)  loss_giou_aux_1: 0.1476 (0.1729)  loss_fgl_aux_1: 0.9064 (0.9323)  loss_ddf_aux_1: 0.0085 (0.0089)  loss_mal_pre: 1.8350 (1.8412)  loss_bbox_pre: 0.1362 (0.1516)  loss_giou_pre: 0.1723 (0.1955)  loss_mal_enc_0: 2.0918 (2.0618)  loss_bbox_enc_0: 0.1670 (0.1795)  loss_giou_enc_0: 0.2376 (0.2296)  loss_mal_dn_0: 1.2061 (1.1949)  loss_bbox_dn_0: 0.3640 (0.3807)  loss_giou_dn_0: 0.4031 (0.4174)  loss_fgl_dn_0: 1.1761 (1.1786)  loss_ddf_dn_0: 0.7081 (0.7129)  loss_mal_dn_1: 0.7798 (0.8208)  loss_bbox_dn_1: 0.1806 (0.1866)  loss_giou_dn_1: 0.2051 (0.2164)  loss_fgl_dn_1: 0.9414 (0.9579)  loss_ddf_dn_1: 0.0735 (0.0779)  loss_mal_dn_2: 0.7920 (0.8195)  loss_bbox_dn_2: 0.1572 (0.1642)  loss_giou_dn_2: 0.1821 (0.1915)  loss_fgl_dn_2: 0.9127 (0.9250)  loss_mal_dn_pre: 1.4629 (1.4635)  loss_bbox_dn_pre: 0.3641 (0.3888)  loss_giou_dn_pre: 0.4033 (0.4212)  time: 0.1562  data: 0.0452  max mem: 1050
Epoch: [100] Total time: 0:00:01 (0.1662 s / it)
Averaged stats: lr: 0.000065  loss: 22.8099 (22.9577)  loss_mal: 0.8125 (0.8278)  loss_bbox: 0.1193 (0.1374)  loss_giou: 0.1486 (0.1721)  loss_fgl: 0.8931 (0.9183)  loss_mal_aux_0: 2.2520 (2.2185)  loss_bbox_aux_0: 0.1341 (0.1486)  loss_giou_aux_0: 0.1756 (0.1919)  loss_fgl_aux_0: 0.9624 (0.9756)  loss_ddf_aux_0: 0.0503 (0.0517)  loss_mal_aux_1: 0.8696 (0.8856)  loss_bbox_aux_1: 0.1174 (0.1393)  loss_giou_aux_1: 0.1476 (0.1729)  loss_fgl_aux_1: 0.9064 (0.9323)  loss_ddf_aux_1: 0.0085 (0.0089)  loss_mal_pre: 1.8350 (1.8412)  loss_bbox_pre: 0.1362 (0.1516)  loss_giou_pre: 0.1723 (0.1955)  loss_mal_enc_0: 2.0918 (2.0618)  loss_bbox_enc_0: 0.1670 (0.1795)  loss_giou_enc_0: 0.2376 (0.2296)  loss_mal_dn_0: 1.2061 (1.1949)  loss_bbox_dn_0: 0.3640 (0.3807)  loss_giou_dn_0: 0.4031 (0.4174)  loss_fgl_dn_0: 1.1761 (1.1786)  loss_ddf_dn_0: 0.7081 (0.7129)  loss_mal_dn_1: 0.7798 (0.8208)  loss_bbox_dn_1: 0.1806 (0.1866)  loss_giou_dn_1: 0.2051 (0.2164)  loss_fgl_dn_1: 0.9414 (0.9579)  loss_ddf_dn_1: 0.0735 (0.0779)  loss_mal_dn_2: 0.7920 (0.8195)  loss_bbox_dn_2: 0.1572 (0.1642)  loss_giou_dn_2: 0.1821 (0.1915)  loss_fgl_dn_2: 0.9127 (0.9250)  loss_mal_dn_pre: 1.4629 (1.4635)  loss_bbox_dn_pre: 0.3641 (0.3888)  loss_giou_dn_pre: 0.4033 (0.4212)
Test:  [0/4]  eta: 0:00:01    time: 0.3956  data: 0.3699  max mem: 1050
Test:  [3/4]  eta: 0:00:00    time: 0.1157  data: 0.0946  max mem: 1050
Test: Total time: 0:00:00 (0.1349 s / it)
Averaged stats: 
Accumulating evaluation results...
COCOeval_opt.accumulate() finished...
DONE (t=0.00s).
IoU metric: bbox
 Average Precision  (AP) @[ IoU=0.50:0.95 | area=   all | maxDets=100 ] = 0.662
 Average Precision  (AP) @[ IoU=0.50      | area=   all | maxDets=100 ] = 0.790
 Average Precision  (AP) @[ IoU=0.75      | area=   all | maxDets=100 ] = 0.752
 Average Precision  (AP) @[ IoU=0.50:0.95 | area= small | maxDets=100 ] = -1.000
 Average Precision  (AP) @[ IoU=0.50:0.95 | area=medium | maxDets=100 ] = -1.000
 Average Precision  (AP) @[ IoU=0.50:0.95 | area= large | maxDets=100 ] = 0.662
 Average Recall     (AR) @[ IoU=0.50:0.95 | area=   all | maxDets=  1 ] = 0.613
 Average Recall     (AR) @[ IoU=0.50:0.95 | area=   all | maxDets= 10 ] = 0.837
 Average Recall     (AR) @[ IoU=0.50:0.95 | area=   all | maxDets=100 ] = 0.873
 Average Recall     (AR) @[ IoU=0.50:0.95 | area= small | maxDets=100 ] = -1.000
 Average Recall     (AR) @[ IoU=0.50:0.95 | area=medium | maxDets=100 ] = -1.000
 Average Recall     (AR) @[ IoU=0.50:0.95 | area= large | maxDets=100 ] = 0.873
 Average Recall     (AR) @[ IoU=0.50      | area=   all | maxDets=100 ] = 1.000
 Average Recall     (AR) @[ IoU=0.75      | area=   all | maxDets=100 ] = 0.967
best_stat: {'epoch': 100, 'coco_eval_bbox': 0.6617646518286445}
Epoch: [101]  [0/8]  eta: 0:00:03  lr: 0.000065  loss: 21.2698 (21.2698)  loss_mal: 0.7056 (0.7056)  loss_bbox: 0.0949 (0.0949)  loss_giou: 0.1196 (0.1196)  loss_fgl: 0.8665 (0.8665)  loss_mal_aux_0: 2.0879 (2.0879)  loss_bbox_aux_0: 0.1089 (0.1089)  loss_giou_aux_0: 0.1271 (0.1271)  loss_fgl_aux_0: 0.9701 (0.9701)  loss_ddf_aux_0: 0.0562 (0.0562)  loss_mal_aux_1: 0.7290 (0.7290)  loss_bbox_aux_1: 0.0980 (0.0980)  loss_giou_aux_1: 0.1156 (0.1156)  loss_fgl_aux_1: 0.8890 (0.8890)  loss_ddf_aux_1: 0.0117 (0.0117)  loss_mal_pre: 1.7559 (1.7559)  loss_bbox_pre: 0.1182 (0.1182)  loss_giou_pre: 0.1384 (0.1384)  loss_mal_enc_0: 2.0078 (2.0078)  loss_bbox_enc_0: 0.1346 (0.1346)  loss_giou_enc_0: 0.1712 (0.1712)  loss_mal_dn_0: 1.1562 (1.1562)  loss_bbox_dn_0: 0.3518 (0.3518)  loss_giou_dn_0: 0.3715 (0.3715)  loss_fgl_dn_0: 1.1798 (1.1798)  loss_ddf_dn_0: 0.6648 (0.6648)  loss_mal_dn_1: 0.7192 (0.7192)  loss_bbox_dn_1: 0.1855 (0.1855)  loss_giou_dn_1: 0.1888 (0.1888)  loss_fgl_dn_1: 0.9337 (0.9337)  loss_ddf_dn_1: 0.0793 (0.0793)  loss_mal_dn_2: 0.7285 (0.7285)  loss_bbox_dn_2: 0.1651 (0.1651)  loss_giou_dn_2: 0.1679 (0.1679)  loss_fgl_dn_2: 0.8924 (0.8924)  loss_mal_dn_pre: 1.4404 (1.4404)  loss_bbox_dn_pre: 0.3619 (0.3619)  loss_giou_dn_pre: 0.3766 (0.3766)  time: 0.4971  data: 0.3506  max mem: 1050
Epoch: [101]  [7/8]  eta: 0:00:00  lr: 0.000066  loss: 21.2698 (21.2358)  loss_mal: 0.7744 (0.7583)  loss_bbox: 0.1133 (0.1127)  loss_giou: 0.1372 (0.1383)  loss_fgl: 0.8397 (0.8585)  loss_mal_aux_0: 1.9238 (1.9403)  loss_bbox_aux_0: 0.1131 (0.1223)  loss_giou_aux_0: 0.1493 (0.1577)  loss_fgl_aux_0: 0.9009 (0.9163)  loss_ddf_aux_0: 0.0504 (0.0542)  loss_mal_aux_1: 0.8228 (0.8080)  loss_bbox_aux_1: 0.1110 (0.1151)  loss_giou_aux_1: 0.1363 (0.1432)  loss_fgl_aux_1: 0.8622 (0.8711)  loss_ddf_aux_1: 0.0122 (0.0136)  loss_mal_pre: 1.6709 (1.6892)  loss_bbox_pre: 0.1248 (0.1253)  loss_giou_pre: 0.1647 (0.1611)  loss_mal_enc_0: 1.7646 (1.8431)  loss_bbox_enc_0: 0.1459 (0.1553)  loss_giou_enc_0: 0.1879 (0.2010)  loss_mal_dn_0: 1.1348 (1.1375)  loss_bbox_dn_0: 0.3169 (0.3492)  loss_giou_dn_0: 0.3932 (0.3860)  loss_fgl_dn_0: 1.1692 (1.1698)  loss_ddf_dn_0: 0.7077 (0.7183)  loss_mal_dn_1: 0.7427 (0.7643)  loss_bbox_dn_1: 0.1451 (0.1653)  loss_giou_dn_1: 0.1888 (0.1937)  loss_fgl_dn_1: 0.9337 (0.9307)  loss_ddf_dn_1: 0.0888 (0.0899)  loss_mal_dn_2: 0.7412 (0.7683)  loss_bbox_dn_2: 0.1351 (0.1455)  loss_giou_dn_2: 0.1679 (0.1714)  loss_fgl_dn_2: 0.8924 (0.8988)  loss_mal_dn_pre: 1.3945 (1.4133)  loss_bbox_dn_pre: 0.3280 (0.3579)  loss_giou_dn_pre: 0.3948 (0.3913)  time: 0.1761  data: 0.0459  max mem: 1050
Epoch: [101] Total time: 0:00:01 (0.1834 s / it)
Averaged stats: lr: 0.000066  loss: 21.2698 (21.2358)  loss_mal: 0.7744 (0.7583)  loss_bbox: 0.1133 (0.1127)  loss_giou: 0.1372 (0.1383)  loss_fgl: 0.8397 (0.8585)  loss_mal_aux_0: 1.9238 (1.9403)  loss_bbox_aux_0: 0.1131 (0.1223)  loss_giou_aux_0: 0.1493 (0.1577)  loss_fgl_aux_0: 0.9009 (0.9163)  loss_ddf_aux_0: 0.0504 (0.0542)  loss_mal_aux_1: 0.8228 (0.8080)  loss_bbox_aux_1: 0.1110 (0.1151)  loss_giou_aux_1: 0.1363 (0.1432)  loss_fgl_aux_1: 0.8622 (0.8711)  loss_ddf_aux_1: 0.0122 (0.0136)  loss_mal_pre: 1.6709 (1.6892)  loss_bbox_pre: 0.1248 (0.1253)  loss_giou_pre: 0.1647 (0.1611)  loss_mal_enc_0: 1.7646 (1.8431)  loss_bbox_enc_0: 0.1459 (0.1553)  loss_giou_enc_0: 0.1879 (0.2010)  loss_mal_dn_0: 1.1348 (1.1375)  loss_bbox_dn_0: 0.3169 (0.3492)  loss_giou_dn_0: 0.3932 (0.3860)  loss_fgl_dn_0: 1.1692 (1.1698)  loss_ddf_dn_0: 0.7077 (0.7183)  loss_mal_dn_1: 0.7427 (0.7643)  loss_bbox_dn_1: 0.1451 (0.1653)  loss_giou_dn_1: 0.1888 (0.1937)  loss_fgl_dn_1: 0.9337 (0.9307)  loss_ddf_dn_1: 0.0888 (0.0899)  loss_mal_dn_2: 0.7412 (0.7683)  loss_bbox_dn_2: 0.1351 (0.1455)  loss_giou_dn_2: 0.1679 (0.1714)  loss_fgl_dn_2: 0.8924 (0.8988)  loss_mal_dn_pre: 1.3945 (1.4133)  loss_bbox_dn_pre: 0.3280 (0.3579)  loss_giou_dn_pre: 0.3948 (0.3913)
Test:  [0/4]  eta: 0:00:01    time: 0.4069  data: 0.3339  max mem: 1050
Test:  [3/4]  eta: 0:00:00    time: 0.1162  data: 0.0855  max mem: 1050
Test: Total time: 0:00:00 (0.1377 s / it)
Averaged stats: 
Accumulating evaluation results...
COCOeval_opt.accumulate() finished...
DONE (t=0.00s).
IoU metric: bbox
 Average Precision  (AP) @[ IoU=0.50:0.95 | area=   all | maxDets=100 ] = 0.633
 Average Precision  (AP) @[ IoU=0.50      | area=   all | maxDets=100 ] = 0.740
 Average Precision  (AP) @[ IoU=0.75      | area=   all | maxDets=100 ] = 0.724
 Average Precision  (AP) @[ IoU=0.50:0.95 | area= small | maxDets=100 ] = -1.000
 Average Precision  (AP) @[ IoU=0.50:0.95 | area=medium | maxDets=100 ] = -1.000
 Average Precision  (AP) @[ IoU=0.50:0.95 | area= large | maxDets=100 ] = 0.633
 Average Recall     (AR) @[ IoU=0.50:0.95 | area=   all | maxDets=  1 ] = 0.577
 Average Recall     (AR) @[ IoU=0.50:0.95 | area=   all | maxDets= 10 ] = 0.853
 Average Recall     (AR) @[ IoU=0.50:0.95 | area=   all | maxDets=100 ] = 0.867
 Average Recall     (AR) @[ IoU=0.50:0.95 | area= small | maxDets=100 ] = -1.000
 Average Recall     (AR) @[ IoU=0.50:0.95 | area=medium | maxDets=100 ] = -1.000
 Average Recall     (AR) @[ IoU=0.50:0.95 | area= large | maxDets=100 ] = 0.867
 Average Recall     (AR) @[ IoU=0.50      | area=   all | maxDets=100 ] = 1.000
 Average Recall     (AR) @[ IoU=0.75      | area=   all | maxDets=100 ] = 0.967
best_stat: {'epoch': 100, 'coco_eval_bbox': 0.6617646518286445}
Load last_epoch
Load model.state_dict
Load criterion.state_dict
Load postprocessor.state_dict
Load ema.state_dict
Load scaler.state_dict
Load optimizer.state_dict
Load lr_warmup_scheduler.state_dict
Refresh EMA at epoch 101 with decay 0.9998
Epoch: [102]  [0/8]  eta: 0:00:03  lr: 0.000067  loss: 23.1885 (23.1885)  loss_mal: 0.8765 (0.8765)  loss_bbox: 0.1030 (0.1030)  loss_giou: 0.1501 (0.1501)  loss_fgl: 0.9570 (0.9570)  loss_mal_aux_0: 2.5410 (2.5410)  loss_bbox_aux_0: 0.1171 (0.1171)  loss_giou_aux_0: 0.1720 (0.1720)  loss_fgl_aux_0: 0.9691 (0.9691)  loss_ddf_aux_0: 0.0561 (0.0561)  loss_mal_aux_1: 0.9209 (0.9209)  loss_bbox_aux_1: 0.1135 (0.1135)  loss_giou_aux_1: 0.1635 (0.1635)  loss_fgl_aux_1: 0.9825 (0.9825)  loss_ddf_aux_1: 0.0114 (0.0114)  loss_mal_pre: 1.8994 (1.8994)  loss_bbox_pre: 0.1310 (0.1310)  loss_giou_pre: 0.1891 (0.1891)  loss_mal_enc_0: 1.9893 (1.9893)  loss_bbox_enc_0: 0.1745 (0.1745)  loss_giou_enc_0: 0.2573 (0.2573)  loss_mal_dn_0: 1.2334 (1.2334)  loss_bbox_dn_0: 0.3305 (0.3305)  loss_giou_dn_0: 0.4134 (0.4134)  loss_fgl_dn_0: 1.1854 (1.1854)  loss_ddf_dn_0: 0.6590 (0.6590)  loss_mal_dn_1: 0.8677 (0.8677)  loss_bbox_dn_1: 0.1546 (0.1546)  loss_giou_dn_1: 0.2027 (0.2027)  loss_fgl_dn_1: 0.9473 (0.9473)  loss_ddf_dn_1: 0.0770 (0.0770)  loss_mal_dn_2: 0.8613 (0.8613)  loss_bbox_dn_2: 0.1309 (0.1309)  loss_giou_dn_2: 0.1735 (0.1735)  loss_fgl_dn_2: 0.9177 (0.9177)  loss_mal_dn_pre: 1.5059 (1.5059)  loss_bbox_dn_pre: 0.3388 (0.3388)  loss_giou_dn_pre: 0.4153 (0.4153)  time: 0.4783  data: 0.3420  max mem: 1050
Epoch: [102]  [7/8]  eta: 0:00:00  lr: 0.000068  loss: 22.9115 (22.9066)  loss_mal: 0.7969 (0.8062)  loss_bbox: 0.1041 (0.1307)  loss_giou: 0.1501 (0.1592)  loss_fgl: 0.8985 (0.9138)  loss_mal_aux_0: 2.1660 (2.2263)  loss_bbox_aux_0: 0.1171 (0.1398)  loss_giou_aux_0: 0.1720 (0.1808)  loss_fgl_aux_0: 0.9746 (0.9799)  loss_ddf_aux_0: 0.0535 (0.0576)  loss_mal_aux_1: 0.8604 (0.8671)  loss_bbox_aux_1: 0.1135 (0.1421)  loss_giou_aux_1: 0.1635 (0.1673)  loss_fgl_aux_1: 0.9116 (0.9255)  loss_ddf_aux_1: 0.0098 (0.0103)  loss_mal_pre: 1.8359 (1.8304)  loss_bbox_pre: 0.1310 (0.1448)  loss_giou_pre: 0.1891 (0.1853)  loss_mal_enc_0: 2.0742 (2.0972)  loss_bbox_enc_0: 0.1586 (0.1868)  loss_giou_enc_0: 0.2173 (0.2301)  loss_mal_dn_0: 1.1689 (1.1792)  loss_bbox_dn_0: 0.3609 (0.3979)  loss_giou_dn_0: 0.4160 (0.4312)  loss_fgl_dn_0: 1.1854 (1.1931)  loss_ddf_dn_0: 0.6899 (0.6910)  loss_mal_dn_1: 0.7798 (0.8112)  loss_bbox_dn_1: 0.1613 (0.1921)  loss_giou_dn_1: 0.2121 (0.2179)  loss_fgl_dn_1: 0.9473 (0.9583)  loss_ddf_dn_1: 0.0770 (0.0775)  loss_mal_dn_2: 0.7798 (0.8012)  loss_bbox_dn_2: 0.1458 (0.1707)  loss_giou_dn_2: 0.1911 (0.1940)  loss_fgl_dn_2: 0.9177 (0.9289)  loss_mal_dn_pre: 1.4434 (1.4476)  loss_bbox_dn_pre: 0.3694 (0.4015)  loss_giou_dn_pre: 0.4153 (0.4321)  time: 0.1561  data: 0.0457  max mem: 1050
Epoch: [102] Total time: 0:00:01 (0.1645 s / it)
Averaged stats: lr: 0.000068  loss: 22.9115 (22.9066)  loss_mal: 0.7969 (0.8062)  loss_bbox: 0.1041 (0.1307)  loss_giou: 0.1501 (0.1592)  loss_fgl: 0.8985 (0.9138)  loss_mal_aux_0: 2.1660 (2.2263)  loss_bbox_aux_0: 0.1171 (0.1398)  loss_giou_aux_0: 0.1720 (0.1808)  loss_fgl_aux_0: 0.9746 (0.9799)  loss_ddf_aux_0: 0.0535 (0.0576)  loss_mal_aux_1: 0.8604 (0.8671)  loss_bbox_aux_1: 0.1135 (0.1421)  loss_giou_aux_1: 0.1635 (0.1673)  loss_fgl_aux_1: 0.9116 (0.9255)  loss_ddf_aux_1: 0.0098 (0.0103)  loss_mal_pre: 1.8359 (1.8304)  loss_bbox_pre: 0.1310 (0.1448)  loss_giou_pre: 0.1891 (0.1853)  loss_mal_enc_0: 2.0742 (2.0972)  loss_bbox_enc_0: 0.1586 (0.1868)  loss_giou_enc_0: 0.2173 (0.2301)  loss_mal_dn_0: 1.1689 (1.1792)  loss_bbox_dn_0: 0.3609 (0.3979)  loss_giou_dn_0: 0.4160 (0.4312)  loss_fgl_dn_0: 1.1854 (1.1931)  loss_ddf_dn_0: 0.6899 (0.6910)  loss_mal_dn_1: 0.7798 (0.8112)  loss_bbox_dn_1: 0.1613 (0.1921)  loss_giou_dn_1: 0.2121 (0.2179)  loss_fgl_dn_1: 0.9473 (0.9583)  loss_ddf_dn_1: 0.0770 (0.0775)  loss_mal_dn_2: 0.7798 (0.8012)  loss_bbox_dn_2: 0.1458 (0.1707)  loss_giou_dn_2: 0.1911 (0.1940)  loss_fgl_dn_2: 0.9177 (0.9289)  loss_mal_dn_pre: 1.4434 (1.4476)  loss_bbox_dn_pre: 0.3694 (0.4015)  loss_giou_dn_pre: 0.4153 (0.4321)
Test:  [0/4]  eta: 0:00:01    time: 0.3640  data: 0.3403  max mem: 1050
Test:  [3/4]  eta: 0:00:00    time: 0.1058  data: 0.0871  max mem: 1050
Test: Total time: 0:00:00 (0.1296 s / it)
Averaged stats: 
Accumulating evaluation results...
COCOeval_opt.accumulate() finished...
DONE (t=0.00s).
IoU metric: bbox
 Average Precision  (AP) @[ IoU=0.50:0.95 | area=   all | maxDets=100 ] = 0.661
 Average Precision  (AP) @[ IoU=0.50      | area=   all | maxDets=100 ] = 0.793
 Average Precision  (AP) @[ IoU=0.75      | area=   all | maxDets=100 ] = 0.743
 Average Precision  (AP) @[ IoU=0.50:0.95 | area= small | maxDets=100 ] = -1.000
 Average Precision  (AP) @[ IoU=0.50:0.95 | area=medium | maxDets=100 ] = -1.000
 Average Precision  (AP) @[ IoU=0.50:0.95 | area= large | maxDets=100 ] = 0.661
 Average Recall     (AR) @[ IoU=0.50:0.95 | area=   all | maxDets=  1 ] = 0.597
 Average Recall     (AR) @[ IoU=0.50:0.95 | area=   all | maxDets= 10 ] = 0.843
 Average Recall     (AR) @[ IoU=0.50:0.95 | area=   all | maxDets=100 ] = 0.863
 Average Recall     (AR) @[ IoU=0.50:0.95 | area= small | maxDets=100 ] = -1.000
 Average Recall     (AR) @[ IoU=0.50:0.95 | area=medium | maxDets=100 ] = -1.000
 Average Recall     (AR) @[ IoU=0.50:0.95 | area= large | maxDets=100 ] = 0.863
 Average Recall     (AR) @[ IoU=0.50      | area=   all | maxDets=100 ] = 1.000
 Average Recall     (AR) @[ IoU=0.75      | area=   all | maxDets=100 ] = 0.933
best_stat: {'epoch': 100, 'coco_eval_bbox': 0.6617646518286445}
Epoch: [103]  [0/8]  eta: 0:00:04  lr: 0.000068  loss: 21.0837 (21.0837)  loss_mal: 0.7734 (0.7734)  loss_bbox: 0.0933 (0.0933)  loss_giou: 0.1086 (0.1086)  loss_fgl: 0.7816 (0.7816)  loss_mal_aux_0: 1.9736 (1.9736)  loss_bbox_aux_0: 0.1044 (0.1044)  loss_giou_aux_0: 0.1443 (0.1443)  loss_fgl_aux_0: 0.8778 (0.8778)  loss_ddf_aux_0: 0.0575 (0.0575)  loss_mal_aux_1: 0.7817 (0.7817)  loss_bbox_aux_1: 0.1055 (0.1055)  loss_giou_aux_1: 0.1185 (0.1185)  loss_fgl_aux_1: 0.8112 (0.8112)  loss_ddf_aux_1: 0.0140 (0.0140)  loss_mal_pre: 1.6729 (1.6729)  loss_bbox_pre: 0.1091 (0.1091)  loss_giou_pre: 0.1504 (0.1504)  loss_mal_enc_0: 1.9219 (1.9219)  loss_bbox_enc_0: 0.1712 (0.1712)  loss_giou_enc_0: 0.2273 (0.2273)  loss_mal_dn_0: 1.1377 (1.1377)  loss_bbox_dn_0: 0.4042 (0.4042)  loss_giou_dn_0: 0.4170 (0.4170)  loss_fgl_dn_0: 1.1766 (1.1766)  loss_ddf_dn_0: 0.6645 (0.6645)  loss_mal_dn_1: 0.7451 (0.7451)  loss_bbox_dn_1: 0.1815 (0.1815)  loss_giou_dn_1: 0.1933 (0.1933)  loss_fgl_dn_1: 0.9080 (0.9080)  loss_ddf_dn_1: 0.0798 (0.0798)  loss_mal_dn_2: 0.7583 (0.7583)  loss_bbox_dn_2: 0.1524 (0.1524)  loss_giou_dn_2: 0.1635 (0.1635)  loss_fgl_dn_2: 0.8692 (0.8692)  loss_mal_dn_pre: 1.3867 (1.3867)  loss_bbox_dn_pre: 0.4205 (0.4205)  loss_giou_dn_pre: 0.4272 (0.4272)  time: 0.5418  data: 0.3804  max mem: 1050
Epoch: [103]  [7/8]  eta: 0:00:00  lr: 0.000069  loss: 21.0478 (21.2330)  loss_mal: 0.7368 (0.7486)  loss_bbox: 0.0987 (0.1102)  loss_giou: 0.1247 (0.1380)  loss_fgl: 0.8204 (0.8499)  loss_mal_aux_0: 1.8818 (1.9010)  loss_bbox_aux_0: 0.1143 (0.1293)  loss_giou_aux_0: 0.1526 (0.1648)  loss_fgl_aux_0: 0.9132 (0.9125)  loss_ddf_aux_0: 0.0575 (0.0582)  loss_mal_aux_1: 0.8096 (0.8204)  loss_bbox_aux_1: 0.1055 (0.1156)  loss_giou_aux_1: 0.1185 (0.1423)  loss_fgl_aux_1: 0.8112 (0.8580)  loss_ddf_aux_1: 0.0103 (0.0121)  loss_mal_pre: 1.6250 (1.6771)  loss_bbox_pre: 0.1139 (0.1302)  loss_giou_pre: 0.1540 (0.1677)  loss_mal_enc_0: 1.8721 (1.8801)  loss_bbox_enc_0: 0.1423 (0.1500)  loss_giou_enc_0: 0.1702 (0.1977)  loss_mal_dn_0: 1.1377 (1.1375)  loss_bbox_dn_0: 0.3407 (0.3530)  loss_giou_dn_0: 0.3915 (0.3950)  loss_fgl_dn_0: 1.1691 (1.1705)  loss_ddf_dn_0: 0.7011 (0.7456)  loss_mal_dn_1: 0.7520 (0.7626)  loss_bbox_dn_1: 0.1664 (0.1631)  loss_giou_dn_1: 0.1933 (0.1950)  loss_fgl_dn_1: 0.9080 (0.9226)  loss_ddf_dn_1: 0.0892 (0.0915)  loss_mal_dn_2: 0.7583 (0.7591)  loss_bbox_dn_2: 0.1449 (0.1413)  loss_giou_dn_2: 0.1635 (0.1715)  loss_fgl_dn_2: 0.8692 (0.8924)  loss_mal_dn_pre: 1.4033 (1.4121)  loss_bbox_dn_pre: 0.3504 (0.3590)  loss_giou_dn_pre: 0.3921 (0.3977)  time: 0.2142  data: 0.0497  max mem: 1050
Epoch: [103] Total time: 0:00:01 (0.2217 s / it)
Averaged stats: lr: 0.000069  loss: 21.0478 (21.2330)  loss_mal: 0.7368 (0.7486)  loss_bbox: 0.0987 (0.1102)  loss_giou: 0.1247 (0.1380)  loss_fgl: 0.8204 (0.8499)  loss_mal_aux_0: 1.8818 (1.9010)  loss_bbox_aux_0: 0.1143 (0.1293)  loss_giou_aux_0: 0.1526 (0.1648)  loss_fgl_aux_0: 0.9132 (0.9125)  loss_ddf_aux_0: 0.0575 (0.0582)  loss_mal_aux_1: 0.8096 (0.8204)  loss_bbox_aux_1: 0.1055 (0.1156)  loss_giou_aux_1: 0.1185 (0.1423)  loss_fgl_aux_1: 0.8112 (0.8580)  loss_ddf_aux_1: 0.0103 (0.0121)  loss_mal_pre: 1.6250 (1.6771)  loss_bbox_pre: 0.1139 (0.1302)  loss_giou_pre: 0.1540 (0.1677)  loss_mal_enc_0: 1.8721 (1.8801)  loss_bbox_enc_0: 0.1423 (0.1500)  loss_giou_enc_0: 0.1702 (0.1977)  loss_mal_dn_0: 1.1377 (1.1375)  loss_bbox_dn_0: 0.3407 (0.3530)  loss_giou_dn_0: 0.3915 (0.3950)  loss_fgl_dn_0: 1.1691 (1.1705)  loss_ddf_dn_0: 0.7011 (0.7456)  loss_mal_dn_1: 0.7520 (0.7626)  loss_bbox_dn_1: 0.1664 (0.1631)  loss_giou_dn_1: 0.1933 (0.1950)  loss_fgl_dn_1: 0.9080 (0.9226)  loss_ddf_dn_1: 0.0892 (0.0915)  loss_mal_dn_2: 0.7583 (0.7591)  loss_bbox_dn_2: 0.1449 (0.1413)  loss_giou_dn_2: 0.1635 (0.1715)  loss_fgl_dn_2: 0.8692 (0.8924)  loss_mal_dn_pre: 1.4033 (1.4121)  loss_bbox_dn_pre: 0.3504 (0.3590)  loss_giou_dn_pre: 0.3921 (0.3977)
Test:  [0/4]  eta: 0:00:01    time: 0.3496  data: 0.3273  max mem: 1050
Test:  [3/4]  eta: 0:00:00    time: 0.1013  data: 0.0839  max mem: 1050
Test: Total time: 0:00:00 (0.1228 s / it)
Averaged stats: 
Accumulating evaluation results...
COCOeval_opt.accumulate() finished...
DONE (t=0.00s).
IoU metric: bbox
 Average Precision  (AP) @[ IoU=0.50:0.95 | area=   all | maxDets=100 ] = 0.683
 Average Precision  (AP) @[ IoU=0.50      | area=   all | maxDets=100 ] = 0.788
 Average Precision  (AP) @[ IoU=0.75      | area=   all | maxDets=100 ] = 0.751
 Average Precision  (AP) @[ IoU=0.50:0.95 | area= small | maxDets=100 ] = -1.000
 Average Precision  (AP) @[ IoU=0.50:0.95 | area=medium | maxDets=100 ] = -1.000
 Average Precision  (AP) @[ IoU=0.50:0.95 | area= large | maxDets=100 ] = 0.683
 Average Recall     (AR) @[ IoU=0.50:0.95 | area=   all | maxDets=  1 ] = 0.650
 Average Recall     (AR) @[ IoU=0.50:0.95 | area=   all | maxDets= 10 ] = 0.850
 Average Recall     (AR) @[ IoU=0.50:0.95 | area=   all | maxDets=100 ] = 0.887
 Average Recall     (AR) @[ IoU=0.50:0.95 | area= small | maxDets=100 ] = -1.000
 Average Recall     (AR) @[ IoU=0.50:0.95 | area=medium | maxDets=100 ] = -1.000
 Average Recall     (AR) @[ IoU=0.50:0.95 | area= large | maxDets=100 ] = 0.887
 Average Recall     (AR) @[ IoU=0.50      | area=   all | maxDets=100 ] = 1.000
 Average Recall     (AR) @[ IoU=0.75      | area=   all | maxDets=100 ] = 1.000
best_stat: {'epoch': 103, 'coco_eval_bbox': 0.682880873261373}
Epoch: [104]  [0/8]  eta: 0:00:03  lr: 0.000069  loss: 20.4413 (20.4413)  loss_mal: 0.7388 (0.7388)  loss_bbox: 0.0911 (0.0911)  loss_giou: 0.1295 (0.1295)  loss_fgl: 0.7937 (0.7937)  loss_mal_aux_0: 1.7402 (1.7402)  loss_bbox_aux_0: 0.1104 (0.1104)  loss_giou_aux_0: 0.1481 (0.1481)  loss_fgl_aux_0: 0.9022 (0.9022)  loss_ddf_aux_0: 0.0578 (0.0578)  loss_mal_aux_1: 0.9043 (0.9043)  loss_bbox_aux_1: 0.0870 (0.0870)  loss_giou_aux_1: 0.1244 (0.1244)  loss_fgl_aux_1: 0.7851 (0.7851)  loss_ddf_aux_1: 0.0077 (0.0077)  loss_mal_pre: 1.6318 (1.6318)  loss_bbox_pre: 0.1123 (0.1123)  loss_giou_pre: 0.1506 (0.1506)  loss_mal_enc_0: 1.6426 (1.6426)  loss_bbox_enc_0: 0.1096 (0.1096)  loss_giou_enc_0: 0.1646 (0.1646)  loss_mal_dn_0: 1.1113 (1.1113)  loss_bbox_dn_0: 0.3272 (0.3272)  loss_giou_dn_0: 0.3814 (0.3814)  loss_fgl_dn_0: 1.1707 (1.1707)  loss_ddf_dn_0: 0.7919 (0.7919)  loss_mal_dn_1: 0.7910 (0.7910)  loss_bbox_dn_1: 0.1552 (0.1552)  loss_giou_dn_1: 0.1977 (0.1977)  loss_fgl_dn_1: 0.9052 (0.9052)  loss_ddf_dn_1: 0.0981 (0.0981)  loss_mal_dn_2: 0.7729 (0.7729)  loss_bbox_dn_2: 0.1380 (0.1380)  loss_giou_dn_2: 0.1767 (0.1767)  loss_fgl_dn_2: 0.8807 (0.8807)  loss_mal_dn_pre: 1.3975 (1.3975)  loss_bbox_dn_pre: 0.3290 (0.3290)  loss_giou_dn_pre: 0.3853 (0.3853)  time: 0.4928  data: 0.3753  max mem: 1050
Epoch: [104]  [7/8]  eta: 0:00:00  lr: 0.000070  loss: 20.0768 (20.0783)  loss_mal: 0.6758 (0.6873)  loss_bbox: 0.0994 (0.1087)  loss_giou: 0.1225 (0.1298)  loss_fgl: 0.8016 (0.8386)  loss_mal_aux_0: 1.4648 (1.5300)  loss_bbox_aux_0: 0.1104 (0.1264)  loss_giou_aux_0: 0.1478 (0.1551)  loss_fgl_aux_0: 0.8949 (0.9001)  loss_ddf_aux_0: 0.0578 (0.0576)  loss_mal_aux_1: 0.7266 (0.7347)  loss_bbox_aux_1: 0.0994 (0.1117)  loss_giou_aux_1: 0.1244 (0.1344)  loss_fgl_aux_1: 0.8068 (0.8451)  loss_ddf_aux_1: 0.0105 (0.0115)  loss_mal_pre: 1.4180 (1.4899)  loss_bbox_pre: 0.1123 (0.1293)  loss_giou_pre: 0.1406 (0.1595)  loss_mal_enc_0: 1.6426 (1.6335)  loss_bbox_enc_0: 0.1488 (0.1588)  loss_giou_enc_0: 0.1745 (0.2018)  loss_mal_dn_0: 1.1006 (1.0906)  loss_bbox_dn_0: 0.3272 (0.3379)  loss_giou_dn_0: 0.3720 (0.3816)  loss_fgl_dn_0: 1.1771 (1.1903)  loss_ddf_dn_0: 0.7461 (0.7693)  loss_mal_dn_1: 0.7217 (0.7438)  loss_bbox_dn_1: 0.1552 (0.1623)  loss_giou_dn_1: 0.1861 (0.1909)  loss_fgl_dn_1: 0.9052 (0.9274)  loss_ddf_dn_1: 0.0917 (0.0940)  loss_mal_dn_2: 0.7246 (0.7405)  loss_bbox_dn_2: 0.1380 (0.1424)  loss_giou_dn_2: 0.1630 (0.1668)  loss_fgl_dn_2: 0.8807 (0.8959)  loss_mal_dn_pre: 1.3721 (1.3767)  loss_bbox_dn_pre: 0.3323 (0.3417)  loss_giou_dn_pre: 0.3767 (0.3826)  time: 0.1569  data: 0.0486  max mem: 1050
Epoch: [104] Total time: 0:00:01 (0.1673 s / it)
Averaged stats: lr: 0.000070  loss: 20.0768 (20.0783)  loss_mal: 0.6758 (0.6873)  loss_bbox: 0.0994 (0.1087)  loss_giou: 0.1225 (0.1298)  loss_fgl: 0.8016 (0.8386)  loss_mal_aux_0: 1.4648 (1.5300)  loss_bbox_aux_0: 0.1104 (0.1264)  loss_giou_aux_0: 0.1478 (0.1551)  loss_fgl_aux_0: 0.8949 (0.9001)  loss_ddf_aux_0: 0.0578 (0.0576)  loss_mal_aux_1: 0.7266 (0.7347)  loss_bbox_aux_1: 0.0994 (0.1117)  loss_giou_aux_1: 0.1244 (0.1344)  loss_fgl_aux_1: 0.8068 (0.8451)  loss_ddf_aux_1: 0.0105 (0.0115)  loss_mal_pre: 1.4180 (1.4899)  loss_bbox_pre: 0.1123 (0.1293)  loss_giou_pre: 0.1406 (0.1595)  loss_mal_enc_0: 1.6426 (1.6335)  loss_bbox_enc_0: 0.1488 (0.1588)  loss_giou_enc_0: 0.1745 (0.2018)  loss_mal_dn_0: 1.1006 (1.0906)  loss_bbox_dn_0: 0.3272 (0.3379)  loss_giou_dn_0: 0.3720 (0.3816)  loss_fgl_dn_0: 1.1771 (1.1903)  loss_ddf_dn_0: 0.7461 (0.7693)  loss_mal_dn_1: 0.7217 (0.7438)  loss_bbox_dn_1: 0.1552 (0.1623)  loss_giou_dn_1: 0.1861 (0.1909)  loss_fgl_dn_1: 0.9052 (0.9274)  loss_ddf_dn_1: 0.0917 (0.0940)  loss_mal_dn_2: 0.7246 (0.7405)  loss_bbox_dn_2: 0.1380 (0.1424)  loss_giou_dn_2: 0.1630 (0.1668)  loss_fgl_dn_2: 0.8807 (0.8959)  loss_mal_dn_pre: 1.3721 (1.3767)  loss_bbox_dn_pre: 0.3323 (0.3417)  loss_giou_dn_pre: 0.3767 (0.3826)
Test:  [0/4]  eta: 0:00:01    time: 0.3947  data: 0.3689  max mem: 1050
Test:  [3/4]  eta: 0:00:00    time: 0.1143  data: 0.0943  max mem: 1050
Test: Total time: 0:00:00 (0.1332 s / it)
Averaged stats: 
Accumulating evaluation results...
COCOeval_opt.accumulate() finished...
DONE (t=0.00s).
IoU metric: bbox
 Average Precision  (AP) @[ IoU=0.50:0.95 | area=   all | maxDets=100 ] = 0.658
 Average Precision  (AP) @[ IoU=0.50      | area=   all | maxDets=100 ] = 0.765
 Average Precision  (AP) @[ IoU=0.75      | area=   all | maxDets=100 ] = 0.730
 Average Precision  (AP) @[ IoU=0.50:0.95 | area= small | maxDets=100 ] = -1.000
 Average Precision  (AP) @[ IoU=0.50:0.95 | area=medium | maxDets=100 ] = -1.000
 Average Precision  (AP) @[ IoU=0.50:0.95 | area= large | maxDets=100 ] = 0.658
 Average Recall     (AR) @[ IoU=0.50:0.95 | area=   all | maxDets=  1 ] = 0.570
 Average Recall     (AR) @[ IoU=0.50:0.95 | area=   all | maxDets= 10 ] = 0.847
 Average Recall     (AR) @[ IoU=0.50:0.95 | area=   all | maxDets=100 ] = 0.873
 Average Recall     (AR) @[ IoU=0.50:0.95 | area= small | maxDets=100 ] = -1.000
 Average Recall     (AR) @[ IoU=0.50:0.95 | area=medium | maxDets=100 ] = -1.000
 Average Recall     (AR) @[ IoU=0.50:0.95 | area= large | maxDets=100 ] = 0.873
 Average Recall     (AR) @[ IoU=0.50      | area=   all | maxDets=100 ] = 1.000
 Average Recall     (AR) @[ IoU=0.75      | area=   all | maxDets=100 ] = 1.000
best_stat: {'epoch': 103, 'coco_eval_bbox': 0.682880873261373}
Load last_epoch
Load model.state_dict
Load criterion.state_dict
Load postprocessor.state_dict
Load ema.state_dict
Load scaler.state_dict
Load optimizer.state_dict
Load lr_warmup_scheduler.state_dict
Refresh EMA at epoch 104 with decay 0.9997
Epoch: [105]  [0/8]  eta: 0:00:03  lr: 0.000071  loss: 21.9670 (21.9670)  loss_mal: 0.8442 (0.8442)  loss_bbox: 0.0708 (0.0708)  loss_giou: 0.0881 (0.0881)  loss_fgl: 0.7938 (0.7938)  loss_mal_aux_0: 2.4590 (2.4590)  loss_bbox_aux_0: 0.0964 (0.0964)  loss_giou_aux_0: 0.1227 (0.1227)  loss_fgl_aux_0: 0.9268 (0.9268)  loss_ddf_aux_0: 0.0678 (0.0678)  loss_mal_aux_1: 0.9326 (0.9326)  loss_bbox_aux_1: 0.0705 (0.0705)  loss_giou_aux_1: 0.0922 (0.0922)  loss_fgl_aux_1: 0.8061 (0.8061)  loss_ddf_aux_1: 0.0094 (0.0094)  loss_mal_pre: 1.9619 (1.9619)  loss_bbox_pre: 0.0985 (0.0985)  loss_giou_pre: 0.1267 (0.1267)  loss_mal_enc_0: 2.0410 (2.0410)  loss_bbox_enc_0: 0.1047 (0.1047)  loss_giou_enc_0: 0.1608 (0.1608)  loss_mal_dn_0: 1.2705 (1.2705)  loss_bbox_dn_0: 0.3039 (0.3039)  loss_giou_dn_0: 0.3749 (0.3749)  loss_fgl_dn_0: 1.1819 (1.1819)  loss_ddf_dn_0: 0.5429 (0.5429)  loss_mal_dn_1: 0.9082 (0.9082)  loss_bbox_dn_1: 0.1519 (0.1519)  loss_giou_dn_1: 0.1775 (0.1775)  loss_fgl_dn_1: 0.8758 (0.8758)  loss_ddf_dn_1: 0.0700 (0.0700)  loss_mal_dn_2: 0.8701 (0.8701)  loss_bbox_dn_2: 0.1285 (0.1285)  loss_giou_dn_2: 0.1488 (0.1488)  loss_fgl_dn_2: 0.8481 (0.8481)  loss_mal_dn_pre: 1.5879 (1.5879)  loss_bbox_dn_pre: 0.2923 (0.2923)  loss_giou_dn_pre: 0.3598 (0.3598)  time: 0.4918  data: 0.3412  max mem: 1050
Epoch: [105]  [7/8]  eta: 0:00:00  lr: 0.000072  loss: 22.5486 (22.8921)  loss_mal: 0.8218 (0.8279)  loss_bbox: 0.1213 (0.1246)  loss_giou: 0.1601 (0.1654)  loss_fgl: 0.8899 (0.9308)  loss_mal_aux_0: 2.2285 (2.2783)  loss_bbox_aux_0: 0.1354 (0.1330)  loss_giou_aux_0: 0.1728 (0.1833)  loss_fgl_aux_0: 0.9403 (0.9694)  loss_ddf_aux_0: 0.0559 (0.0578)  loss_mal_aux_1: 0.8999 (0.9063)  loss_bbox_aux_1: 0.1265 (0.1274)  loss_giou_aux_1: 0.1630 (0.1691)  loss_fgl_aux_1: 0.9106 (0.9451)  loss_ddf_aux_1: 0.0096 (0.0098)  loss_mal_pre: 1.8350 (1.8446)  loss_bbox_pre: 0.1397 (0.1372)  loss_giou_pre: 0.1743 (0.1874)  loss_mal_enc_0: 2.0410 (2.0042)  loss_bbox_enc_0: 0.1524 (0.1878)  loss_giou_enc_0: 0.2139 (0.2503)  loss_mal_dn_0: 1.1689 (1.1771)  loss_bbox_dn_0: 0.3514 (0.3774)  loss_giou_dn_0: 0.4082 (0.4197)  loss_fgl_dn_0: 1.1830 (1.1888)  loss_ddf_dn_0: 0.6730 (0.6927)  loss_mal_dn_1: 0.7773 (0.8065)  loss_bbox_dn_1: 0.1709 (0.1816)  loss_giou_dn_1: 0.2097 (0.2153)  loss_fgl_dn_1: 0.9377 (0.9679)  loss_ddf_dn_1: 0.0784 (0.0790)  loss_mal_dn_2: 0.7773 (0.8016)  loss_bbox_dn_2: 0.1427 (0.1611)  loss_giou_dn_2: 0.1814 (0.1936)  loss_fgl_dn_2: 0.8961 (0.9379)  loss_mal_dn_pre: 1.4385 (1.4456)  loss_bbox_dn_pre: 0.3572 (0.3850)  loss_giou_dn_pre: 0.4087 (0.4215)  time: 0.1874  data: 0.0449  max mem: 1050
Epoch: [105] Total time: 0:00:01 (0.1945 s / it)
Averaged stats: lr: 0.000072  loss: 22.5486 (22.8921)  loss_mal: 0.8218 (0.8279)  loss_bbox: 0.1213 (0.1246)  loss_giou: 0.1601 (0.1654)  loss_fgl: 0.8899 (0.9308)  loss_mal_aux_0: 2.2285 (2.2783)  loss_bbox_aux_0: 0.1354 (0.1330)  loss_giou_aux_0: 0.1728 (0.1833)  loss_fgl_aux_0: 0.9403 (0.9694)  loss_ddf_aux_0: 0.0559 (0.0578)  loss_mal_aux_1: 0.8999 (0.9063)  loss_bbox_aux_1: 0.1265 (0.1274)  loss_giou_aux_1: 0.1630 (0.1691)  loss_fgl_aux_1: 0.9106 (0.9451)  loss_ddf_aux_1: 0.0096 (0.0098)  loss_mal_pre: 1.8350 (1.8446)  loss_bbox_pre: 0.1397 (0.1372)  loss_giou_pre: 0.1743 (0.1874)  loss_mal_enc_0: 2.0410 (2.0042)  loss_bbox_enc_0: 0.1524 (0.1878)  loss_giou_enc_0: 0.2139 (0.2503)  loss_mal_dn_0: 1.1689 (1.1771)  loss_bbox_dn_0: 0.3514 (0.3774)  loss_giou_dn_0: 0.4082 (0.4197)  loss_fgl_dn_0: 1.1830 (1.1888)  loss_ddf_dn_0: 0.6730 (0.6927)  loss_mal_dn_1: 0.7773 (0.8065)  loss_bbox_dn_1: 0.1709 (0.1816)  loss_giou_dn_1: 0.2097 (0.2153)  loss_fgl_dn_1: 0.9377 (0.9679)  loss_ddf_dn_1: 0.0784 (0.0790)  loss_mal_dn_2: 0.7773 (0.8016)  loss_bbox_dn_2: 0.1427 (0.1611)  loss_giou_dn_2: 0.1814 (0.1936)  loss_fgl_dn_2: 0.8961 (0.9379)  loss_mal_dn_pre: 1.4385 (1.4456)  loss_bbox_dn_pre: 0.3572 (0.3850)  loss_giou_dn_pre: 0.4087 (0.4215)
Test:  [0/4]  eta: 0:00:01    time: 0.3584  data: 0.3347  max mem: 1050
Test:  [3/4]  eta: 0:00:00    time: 0.1054  data: 0.0859  max mem: 1050
Test: Total time: 0:00:00 (0.1237 s / it)
Averaged stats: 
Accumulating evaluation results...
COCOeval_opt.accumulate() finished...
DONE (t=0.00s).
IoU metric: bbox
 Average Precision  (AP) @[ IoU=0.50:0.95 | area=   all | maxDets=100 ] = 0.653
 Average Precision  (AP) @[ IoU=0.50      | area=   all | maxDets=100 ] = 0.789
 Average Precision  (AP) @[ IoU=0.75      | area=   all | maxDets=100 ] = 0.696
 Average Precision  (AP) @[ IoU=0.50:0.95 | area= small | maxDets=100 ] = -1.000
 Average Precision  (AP) @[ IoU=0.50:0.95 | area=medium | maxDets=100 ] = -1.000
 Average Precision  (AP) @[ IoU=0.50:0.95 | area= large | maxDets=100 ] = 0.654
 Average Recall     (AR) @[ IoU=0.50:0.95 | area=   all | maxDets=  1 ] = 0.610
 Average Recall     (AR) @[ IoU=0.50:0.95 | area=   all | maxDets= 10 ] = 0.820
 Average Recall     (AR) @[ IoU=0.50:0.95 | area=   all | maxDets=100 ] = 0.860
 Average Recall     (AR) @[ IoU=0.50:0.95 | area= small | maxDets=100 ] = -1.000
 Average Recall     (AR) @[ IoU=0.50:0.95 | area=medium | maxDets=100 ] = -1.000
 Average Recall     (AR) @[ IoU=0.50:0.95 | area= large | maxDets=100 ] = 0.860
 Average Recall     (AR) @[ IoU=0.50      | area=   all | maxDets=100 ] = 1.000
 Average Recall     (AR) @[ IoU=0.75      | area=   all | maxDets=100 ] = 0.933
best_stat: {'epoch': 103, 'coco_eval_bbox': 0.682880873261373}
Epoch: [106]  [0/8]  eta: 0:00:03  lr: 0.000072  loss: 22.4219 (22.4219)  loss_mal: 0.7329 (0.7329)  loss_bbox: 0.1312 (0.1312)  loss_giou: 0.1556 (0.1556)  loss_fgl: 0.9237 (0.9237)  loss_mal_aux_0: 2.0156 (2.0156)  loss_bbox_aux_0: 0.1378 (0.1378)  loss_giou_aux_0: 0.1704 (0.1704)  loss_fgl_aux_0: 0.9301 (0.9301)  loss_ddf_aux_0: 0.0562 (0.0562)  loss_mal_aux_1: 0.7822 (0.7822)  loss_bbox_aux_1: 0.1367 (0.1367)  loss_giou_aux_1: 0.1656 (0.1656)  loss_fgl_aux_1: 0.9598 (0.9598)  loss_ddf_aux_1: 0.0110 (0.0110)  loss_mal_pre: 1.7598 (1.7598)  loss_bbox_pre: 0.1470 (0.1470)  loss_giou_pre: 0.1755 (0.1755)  loss_mal_enc_0: 2.0156 (2.0156)  loss_bbox_enc_0: 0.2258 (0.2258)  loss_giou_enc_0: 0.2947 (0.2947)  loss_mal_dn_0: 1.1143 (1.1143)  loss_bbox_dn_0: 0.4122 (0.4122)  loss_giou_dn_0: 0.4496 (0.4496)  loss_fgl_dn_0: 1.2053 (1.2053)  loss_ddf_dn_0: 0.7357 (0.7357)  loss_mal_dn_1: 0.6973 (0.6973)  loss_bbox_dn_1: 0.2102 (0.2102)  loss_giou_dn_1: 0.2381 (0.2381)  loss_fgl_dn_1: 1.0174 (1.0174)  loss_ddf_dn_1: 0.0907 (0.0907)  loss_mal_dn_2: 0.7202 (0.7202)  loss_bbox_dn_2: 0.1804 (0.1804)  loss_giou_dn_2: 0.2078 (0.2078)  loss_fgl_dn_2: 0.9731 (0.9731)  loss_mal_dn_pre: 1.3662 (1.3662)  loss_bbox_dn_pre: 0.4231 (0.4231)  loss_giou_dn_pre: 0.4533 (0.4533)  time: 0.4561  data: 0.3226  max mem: 1050
Epoch: [106]  [7/8]  eta: 0:00:00  lr: 0.000073  loss: 20.8595 (20.9564)  loss_mal: 0.7119 (0.7195)  loss_bbox: 0.0944 (0.1047)  loss_giou: 0.1221 (0.1350)  loss_fgl: 0.8141 (0.8404)  loss_mal_aux_0: 1.8779 (1.8928)  loss_bbox_aux_0: 0.1173 (0.1234)  loss_giou_aux_0: 0.1556 (0.1584)  loss_fgl_aux_0: 0.9056 (0.9062)  loss_ddf_aux_0: 0.0510 (0.0520)  loss_mal_aux_1: 0.7622 (0.7854)  loss_bbox_aux_1: 0.0900 (0.1057)  loss_giou_aux_1: 0.1201 (0.1355)  loss_fgl_aux_1: 0.8078 (0.8409)  loss_ddf_aux_1: 0.0130 (0.0142)  loss_mal_pre: 1.6113 (1.6747)  loss_bbox_pre: 0.1145 (0.1231)  loss_giou_pre: 0.1466 (0.1585)  loss_mal_enc_0: 1.8262 (1.8477)  loss_bbox_enc_0: 0.1289 (0.1515)  loss_giou_enc_0: 0.1816 (0.2021)  loss_mal_dn_0: 1.1221 (1.1304)  loss_bbox_dn_0: 0.3528 (0.3469)  loss_giou_dn_0: 0.3863 (0.3926)  loss_fgl_dn_0: 1.1727 (1.1743)  loss_ddf_dn_0: 0.7196 (0.7146)  loss_mal_dn_1: 0.7329 (0.7590)  loss_bbox_dn_1: 0.1491 (0.1553)  loss_giou_dn_1: 0.1810 (0.1880)  loss_fgl_dn_1: 0.8953 (0.9174)  loss_ddf_dn_1: 0.0939 (0.0909)  loss_mal_dn_2: 0.7349 (0.7627)  loss_bbox_dn_2: 0.1298 (0.1382)  loss_giou_dn_2: 0.1608 (0.1697)  loss_fgl_dn_2: 0.8797 (0.8909)  loss_mal_dn_pre: 1.4023 (1.4055)  loss_bbox_dn_pre: 0.3588 (0.3543)  loss_giou_dn_pre: 0.3902 (0.3941)  time: 0.1553  data: 0.0432  max mem: 1050
Epoch: [106] Total time: 0:00:01 (0.1673 s / it)
Averaged stats: lr: 0.000073  loss: 20.8595 (20.9564)  loss_mal: 0.7119 (0.7195)  loss_bbox: 0.0944 (0.1047)  loss_giou: 0.1221 (0.1350)  loss_fgl: 0.8141 (0.8404)  loss_mal_aux_0: 1.8779 (1.8928)  loss_bbox_aux_0: 0.1173 (0.1234)  loss_giou_aux_0: 0.1556 (0.1584)  loss_fgl_aux_0: 0.9056 (0.9062)  loss_ddf_aux_0: 0.0510 (0.0520)  loss_mal_aux_1: 0.7622 (0.7854)  loss_bbox_aux_1: 0.0900 (0.1057)  loss_giou_aux_1: 0.1201 (0.1355)  loss_fgl_aux_1: 0.8078 (0.8409)  loss_ddf_aux_1: 0.0130 (0.0142)  loss_mal_pre: 1.6113 (1.6747)  loss_bbox_pre: 0.1145 (0.1231)  loss_giou_pre: 0.1466 (0.1585)  loss_mal_enc_0: 1.8262 (1.8477)  loss_bbox_enc_0: 0.1289 (0.1515)  loss_giou_enc_0: 0.1816 (0.2021)  loss_mal_dn_0: 1.1221 (1.1304)  loss_bbox_dn_0: 0.3528 (0.3469)  loss_giou_dn_0: 0.3863 (0.3926)  loss_fgl_dn_0: 1.1727 (1.1743)  loss_ddf_dn_0: 0.7196 (0.7146)  loss_mal_dn_1: 0.7329 (0.7590)  loss_bbox_dn_1: 0.1491 (0.1553)  loss_giou_dn_1: 0.1810 (0.1880)  loss_fgl_dn_1: 0.8953 (0.9174)  loss_ddf_dn_1: 0.0939 (0.0909)  loss_mal_dn_2: 0.7349 (0.7627)  loss_bbox_dn_2: 0.1298 (0.1382)  loss_giou_dn_2: 0.1608 (0.1697)  loss_fgl_dn_2: 0.8797 (0.8909)  loss_mal_dn_pre: 1.4023 (1.4055)  loss_bbox_dn_pre: 0.3588 (0.3543)  loss_giou_dn_pre: 0.3902 (0.3941)
Test:  [0/4]  eta: 0:00:01    time: 0.3708  data: 0.3475  max mem: 1050
Test:  [3/4]  eta: 0:00:00    time: 0.1075  data: 0.0889  max mem: 1050
Test: Total time: 0:00:00 (0.1282 s / it)
Averaged stats: 
Accumulating evaluation results...
COCOeval_opt.accumulate() finished...
DONE (t=0.00s).
IoU metric: bbox
 Average Precision  (AP) @[ IoU=0.50:0.95 | area=   all | maxDets=100 ] = 0.646
 Average Precision  (AP) @[ IoU=0.50      | area=   all | maxDets=100 ] = 0.753
 Average Precision  (AP) @[ IoU=0.75      | area=   all | maxDets=100 ] = 0.737
 Average Precision  (AP) @[ IoU=0.50:0.95 | area= small | maxDets=100 ] = -1.000
 Average Precision  (AP) @[ IoU=0.50:0.95 | area=medium | maxDets=100 ] = -1.000
 Average Precision  (AP) @[ IoU=0.50:0.95 | area= large | maxDets=100 ] = 0.646
 Average Recall     (AR) @[ IoU=0.50:0.95 | area=   all | maxDets=  1 ] = 0.583
 Average Recall     (AR) @[ IoU=0.50:0.95 | area=   all | maxDets= 10 ] = 0.843
 Average Recall     (AR) @[ IoU=0.50:0.95 | area=   all | maxDets=100 ] = 0.887
 Average Recall     (AR) @[ IoU=0.50:0.95 | area= small | maxDets=100 ] = -1.000
 Average Recall     (AR) @[ IoU=0.50:0.95 | area=medium | maxDets=100 ] = -1.000
 Average Recall     (AR) @[ IoU=0.50:0.95 | area= large | maxDets=100 ] = 0.887
 Average Recall     (AR) @[ IoU=0.50      | area=   all | maxDets=100 ] = 1.000
 Average Recall     (AR) @[ IoU=0.75      | area=   all | maxDets=100 ] = 1.000
best_stat: {'epoch': 103, 'coco_eval_bbox': 0.682880873261373}
Load last_epoch
Load model.state_dict
Load criterion.state_dict
Load postprocessor.state_dict
Load ema.state_dict
Load scaler.state_dict
Load optimizer.state_dict
Load lr_warmup_scheduler.state_dict
Refresh EMA at epoch 106 with decay 0.9996
Epoch: [107]  [0/8]  eta: 0:00:03  lr: 0.000073  loss: 24.0236 (24.0236)  loss_mal: 0.8223 (0.8223)  loss_bbox: 0.1715 (0.1715)  loss_giou: 0.1364 (0.1364)  loss_fgl: 0.8726 (0.8726)  loss_mal_aux_0: 2.2148 (2.2148)  loss_bbox_aux_0: 0.1903 (0.1903)  loss_giou_aux_0: 0.1770 (0.1770)  loss_fgl_aux_0: 0.9987 (0.9987)  loss_ddf_aux_0: 0.0620 (0.0620)  loss_mal_aux_1: 0.8252 (0.8252)  loss_bbox_aux_1: 0.1747 (0.1747)  loss_giou_aux_1: 0.1353 (0.1353)  loss_fgl_aux_1: 0.8620 (0.8620)  loss_ddf_aux_1: 0.0087 (0.0087)  loss_mal_pre: 1.9053 (1.9053)  loss_bbox_pre: 0.1939 (0.1939)  loss_giou_pre: 0.1835 (0.1835)  loss_mal_enc_0: 2.3164 (2.3164)  loss_bbox_enc_0: 0.2469 (0.2469)  loss_giou_enc_0: 0.2262 (0.2262)  loss_mal_dn_0: 1.2383 (1.2383)  loss_bbox_dn_0: 0.5657 (0.5657)  loss_giou_dn_0: 0.4691 (0.4691)  loss_fgl_dn_0: 1.2279 (1.2279)  loss_ddf_dn_0: 0.7483 (0.7483)  loss_mal_dn_1: 0.7715 (0.7715)  loss_bbox_dn_1: 0.2712 (0.2712)  loss_giou_dn_1: 0.2253 (0.2253)  loss_fgl_dn_1: 0.9817 (0.9817)  loss_ddf_dn_1: 0.0810 (0.0810)  loss_mal_dn_2: 0.7852 (0.7852)  loss_bbox_dn_2: 0.2404 (0.2404)  loss_giou_dn_2: 0.2001 (0.2001)  loss_fgl_dn_2: 0.9501 (0.9501)  loss_mal_dn_pre: 1.5146 (1.5146)  loss_bbox_dn_pre: 0.5666 (0.5666)  loss_giou_dn_pre: 0.4629 (0.4629)  time: 0.4786  data: 0.3391  max mem: 1050
Epoch: [107]  [7/8]  eta: 0:00:00  lr: 0.000074  loss: 22.8066 (23.1394)  loss_mal: 0.8223 (0.8484)  loss_bbox: 0.1154 (0.1453)  loss_giou: 0.1364 (0.1637)  loss_fgl: 0.8726 (0.9089)  loss_mal_aux_0: 2.2227 (2.2532)  loss_bbox_aux_0: 0.1384 (0.1597)  loss_giou_aux_0: 0.1766 (0.1892)  loss_fgl_aux_0: 0.9861 (0.9838)  loss_ddf_aux_0: 0.0588 (0.0583)  loss_mal_aux_1: 0.8350 (0.9035)  loss_bbox_aux_1: 0.1175 (0.1461)  loss_giou_aux_1: 0.1368 (0.1644)  loss_fgl_aux_1: 0.8872 (0.9222)  loss_ddf_aux_1: 0.0096 (0.0101)  loss_mal_pre: 1.8311 (1.8442)  loss_bbox_pre: 0.1425 (0.1663)  loss_giou_pre: 0.1769 (0.1927)  loss_mal_enc_0: 1.9844 (2.0857)  loss_bbox_enc_0: 0.1727 (0.2103)  loss_giou_enc_0: 0.2262 (0.2474)  loss_mal_dn_0: 1.1777 (1.1842)  loss_bbox_dn_0: 0.3758 (0.3937)  loss_giou_dn_0: 0.4147 (0.4295)  loss_fgl_dn_0: 1.1891 (1.1907)  loss_ddf_dn_0: 0.6576 (0.6743)  loss_mal_dn_1: 0.8066 (0.8071)  loss_bbox_dn_1: 0.1867 (0.1982)  loss_giou_dn_1: 0.2175 (0.2189)  loss_fgl_dn_1: 0.9589 (0.9694)  loss_ddf_dn_1: 0.0771 (0.0785)  loss_mal_dn_2: 0.8008 (0.8093)  loss_bbox_dn_2: 0.1646 (0.1730)  loss_giou_dn_2: 0.1937 (0.1932)  loss_fgl_dn_2: 0.9262 (0.9373)  loss_mal_dn_pre: 1.4414 (1.4482)  loss_bbox_dn_pre: 0.3798 (0.3985)  loss_giou_dn_pre: 0.4196 (0.4318)  time: 0.2108  data: 0.0445  max mem: 1050
Epoch: [107] Total time: 0:00:01 (0.2191 s / it)
Averaged stats: lr: 0.000074  loss: 22.8066 (23.1394)  loss_mal: 0.8223 (0.8484)  loss_bbox: 0.1154 (0.1453)  loss_giou: 0.1364 (0.1637)  loss_fgl: 0.8726 (0.9089)  loss_mal_aux_0: 2.2227 (2.2532)  loss_bbox_aux_0: 0.1384 (0.1597)  loss_giou_aux_0: 0.1766 (0.1892)  loss_fgl_aux_0: 0.9861 (0.9838)  loss_ddf_aux_0: 0.0588 (0.0583)  loss_mal_aux_1: 0.8350 (0.9035)  loss_bbox_aux_1: 0.1175 (0.1461)  loss_giou_aux_1: 0.1368 (0.1644)  loss_fgl_aux_1: 0.8872 (0.9222)  loss_ddf_aux_1: 0.0096 (0.0101)  loss_mal_pre: 1.8311 (1.8442)  loss_bbox_pre: 0.1425 (0.1663)  loss_giou_pre: 0.1769 (0.1927)  loss_mal_enc_0: 1.9844 (2.0857)  loss_bbox_enc_0: 0.1727 (0.2103)  loss_giou_enc_0: 0.2262 (0.2474)  loss_mal_dn_0: 1.1777 (1.1842)  loss_bbox_dn_0: 0.3758 (0.3937)  loss_giou_dn_0: 0.4147 (0.4295)  loss_fgl_dn_0: 1.1891 (1.1907)  loss_ddf_dn_0: 0.6576 (0.6743)  loss_mal_dn_1: 0.8066 (0.8071)  loss_bbox_dn_1: 0.1867 (0.1982)  loss_giou_dn_1: 0.2175 (0.2189)  loss_fgl_dn_1: 0.9589 (0.9694)  loss_ddf_dn_1: 0.0771 (0.0785)  loss_mal_dn_2: 0.8008 (0.8093)  loss_bbox_dn_2: 0.1646 (0.1730)  loss_giou_dn_2: 0.1937 (0.1932)  loss_fgl_dn_2: 0.9262 (0.9373)  loss_mal_dn_pre: 1.4414 (1.4482)  loss_bbox_dn_pre: 0.3798 (0.3985)  loss_giou_dn_pre: 0.4196 (0.4318)
Test:  [0/4]  eta: 0:00:01    time: 0.3686  data: 0.3427  max mem: 1050
Test:  [3/4]  eta: 0:00:00    time: 0.1071  data: 0.0880  max mem: 1050
Test: Total time: 0:00:00 (0.1227 s / it)
Averaged stats: 
Accumulating evaluation results...
COCOeval_opt.accumulate() finished...
DONE (t=0.00s).
IoU metric: bbox
 Average Precision  (AP) @[ IoU=0.50:0.95 | area=   all | maxDets=100 ] = 0.664
 Average Precision  (AP) @[ IoU=0.50      | area=   all | maxDets=100 ] = 0.805
 Average Precision  (AP) @[ IoU=0.75      | area=   all | maxDets=100 ] = 0.732
 Average Precision  (AP) @[ IoU=0.50:0.95 | area= small | maxDets=100 ] = -1.000
 Average Precision  (AP) @[ IoU=0.50:0.95 | area=medium | maxDets=100 ] = -1.000
 Average Precision  (AP) @[ IoU=0.50:0.95 | area= large | maxDets=100 ] = 0.665
 Average Recall     (AR) @[ IoU=0.50:0.95 | area=   all | maxDets=  1 ] = 0.637
 Average Recall     (AR) @[ IoU=0.50:0.95 | area=   all | maxDets= 10 ] = 0.823
 Average Recall     (AR) @[ IoU=0.50:0.95 | area=   all | maxDets=100 ] = 0.873
 Average Recall     (AR) @[ IoU=0.50:0.95 | area= small | maxDets=100 ] = -1.000
 Average Recall     (AR) @[ IoU=0.50:0.95 | area=medium | maxDets=100 ] = -1.000
 Average Recall     (AR) @[ IoU=0.50:0.95 | area= large | maxDets=100 ] = 0.873
 Average Recall     (AR) @[ IoU=0.50      | area=   all | maxDets=100 ] = 1.000
 Average Recall     (AR) @[ IoU=0.75      | area=   all | maxDets=100 ] = 0.933
best_stat: {'epoch': 103, 'coco_eval_bbox': 0.682880873261373}
Epoch: [108]  [0/8]  eta: 0:00:03  lr: 0.000075  loss: 21.6580 (21.6580)  loss_mal: 0.8501 (0.8501)  loss_bbox: 0.1117 (0.1117)  loss_giou: 0.1520 (0.1520)  loss_fgl: 0.8624 (0.8624)  loss_mal_aux_0: 2.1484 (2.1484)  loss_bbox_aux_0: 0.1161 (0.1161)  loss_giou_aux_0: 0.1698 (0.1698)  loss_fgl_aux_0: 0.9359 (0.9359)  loss_ddf_aux_0: 0.0505 (0.0505)  loss_mal_aux_1: 0.9116 (0.9116)  loss_bbox_aux_1: 0.1078 (0.1078)  loss_giou_aux_1: 0.1499 (0.1499)  loss_fgl_aux_1: 0.8413 (0.8413)  loss_ddf_aux_1: 0.0074 (0.0074)  loss_mal_pre: 1.8359 (1.8359)  loss_bbox_pre: 0.1204 (0.1204)  loss_giou_pre: 0.1765 (0.1765)  loss_mal_enc_0: 1.9980 (1.9980)  loss_bbox_enc_0: 0.1052 (0.1052)  loss_giou_enc_0: 0.1531 (0.1531)  loss_mal_dn_0: 1.1816 (1.1816)  loss_bbox_dn_0: 0.3011 (0.3011)  loss_giou_dn_0: 0.3474 (0.3474)  loss_fgl_dn_0: 1.1605 (1.1605)  loss_ddf_dn_0: 0.7560 (0.7560)  loss_mal_dn_1: 0.7749 (0.7749)  loss_bbox_dn_1: 0.1372 (0.1372)  loss_giou_dn_1: 0.1697 (0.1697)  loss_fgl_dn_1: 0.8789 (0.8789)  loss_ddf_dn_1: 0.0804 (0.0804)  loss_mal_dn_2: 0.7920 (0.7920)  loss_bbox_dn_2: 0.1212 (0.1212)  loss_giou_dn_2: 0.1513 (0.1513)  loss_fgl_dn_2: 0.8650 (0.8650)  loss_mal_dn_pre: 1.4785 (1.4785)  loss_bbox_dn_pre: 0.3058 (0.3058)  loss_giou_dn_pre: 0.3524 (0.3524)  time: 0.4523  data: 0.3229  max mem: 1050
Epoch: [108]  [7/8]  eta: 0:00:00  lr: 0.000076  loss: 21.1695 (21.0724)  loss_mal: 0.7070 (0.7352)  loss_bbox: 0.1010 (0.1106)  loss_giou: 0.1376 (0.1418)  loss_fgl: 0.8588 (0.8486)  loss_mal_aux_0: 1.8955 (1.8853)  loss_bbox_aux_0: 0.1213 (0.1268)  loss_giou_aux_0: 0.1480 (0.1670)  loss_fgl_aux_0: 0.9142 (0.9172)  loss_ddf_aux_0: 0.0505 (0.0551)  loss_mal_aux_1: 0.7139 (0.7604)  loss_bbox_aux_1: 0.1095 (0.1166)  loss_giou_aux_1: 0.1376 (0.1492)  loss_fgl_aux_1: 0.8413 (0.8620)  loss_ddf_aux_1: 0.0123 (0.0117)  loss_mal_pre: 1.6572 (1.6685)  loss_bbox_pre: 0.1213 (0.1297)  loss_giou_pre: 0.1503 (0.1701)  loss_mal_enc_0: 1.8535 (1.8645)  loss_bbox_enc_0: 0.1442 (0.1621)  loss_giou_enc_0: 0.1970 (0.2032)  loss_mal_dn_0: 1.1230 (1.1312)  loss_bbox_dn_0: 0.3556 (0.3474)  loss_giou_dn_0: 0.3894 (0.3897)  loss_fgl_dn_0: 1.1754 (1.1753)  loss_ddf_dn_0: 0.6753 (0.7055)  loss_mal_dn_1: 0.7471 (0.7612)  loss_bbox_dn_1: 0.1627 (0.1600)  loss_giou_dn_1: 0.1789 (0.1910)  loss_fgl_dn_1: 0.9114 (0.9199)  loss_ddf_dn_1: 0.0815 (0.0867)  loss_mal_dn_2: 0.7642 (0.7662)  loss_bbox_dn_2: 0.1352 (0.1403)  loss_giou_dn_2: 0.1515 (0.1684)  loss_fgl_dn_2: 0.8757 (0.8888)  loss_mal_dn_pre: 1.3926 (1.4102)  loss_bbox_dn_pre: 0.3612 (0.3529)  loss_giou_dn_pre: 0.3877 (0.3921)  time: 0.1554  data: 0.0432  max mem: 1050
Epoch: [108] Total time: 0:00:01 (0.1632 s / it)
Averaged stats: lr: 0.000076  loss: 21.1695 (21.0724)  loss_mal: 0.7070 (0.7352)  loss_bbox: 0.1010 (0.1106)  loss_giou: 0.1376 (0.1418)  loss_fgl: 0.8588 (0.8486)  loss_mal_aux_0: 1.8955 (1.8853)  loss_bbox_aux_0: 0.1213 (0.1268)  loss_giou_aux_0: 0.1480 (0.1670)  loss_fgl_aux_0: 0.9142 (0.9172)  loss_ddf_aux_0: 0.0505 (0.0551)  loss_mal_aux_1: 0.7139 (0.7604)  loss_bbox_aux_1: 0.1095 (0.1166)  loss_giou_aux_1: 0.1376 (0.1492)  loss_fgl_aux_1: 0.8413 (0.8620)  loss_ddf_aux_1: 0.0123 (0.0117)  loss_mal_pre: 1.6572 (1.6685)  loss_bbox_pre: 0.1213 (0.1297)  loss_giou_pre: 0.1503 (0.1701)  loss_mal_enc_0: 1.8535 (1.8645)  loss_bbox_enc_0: 0.1442 (0.1621)  loss_giou_enc_0: 0.1970 (0.2032)  loss_mal_dn_0: 1.1230 (1.1312)  loss_bbox_dn_0: 0.3556 (0.3474)  loss_giou_dn_0: 0.3894 (0.3897)  loss_fgl_dn_0: 1.1754 (1.1753)  loss_ddf_dn_0: 0.6753 (0.7055)  loss_mal_dn_1: 0.7471 (0.7612)  loss_bbox_dn_1: 0.1627 (0.1600)  loss_giou_dn_1: 0.1789 (0.1910)  loss_fgl_dn_1: 0.9114 (0.9199)  loss_ddf_dn_1: 0.0815 (0.0867)  loss_mal_dn_2: 0.7642 (0.7662)  loss_bbox_dn_2: 0.1352 (0.1403)  loss_giou_dn_2: 0.1515 (0.1684)  loss_fgl_dn_2: 0.8757 (0.8888)  loss_mal_dn_pre: 1.3926 (1.4102)  loss_bbox_dn_pre: 0.3612 (0.3529)  loss_giou_dn_pre: 0.3877 (0.3921)
Test:  [0/4]  eta: 0:00:01    time: 0.3796  data: 0.3504  max mem: 1050
Test:  [3/4]  eta: 0:00:00    time: 0.1110  data: 0.0899  max mem: 1050
Test: Total time: 0:00:00 (0.1313 s / it)
Averaged stats: 
Accumulating evaluation results...
COCOeval_opt.accumulate() finished...
DONE (t=0.00s).
IoU metric: bbox
 Average Precision  (AP) @[ IoU=0.50:0.95 | area=   all | maxDets=100 ] = 0.654
 Average Precision  (AP) @[ IoU=0.50      | area=   all | maxDets=100 ] = 0.767
 Average Precision  (AP) @[ IoU=0.75      | area=   all | maxDets=100 ] = 0.741
 Average Precision  (AP) @[ IoU=0.50:0.95 | area= small | maxDets=100 ] = -1.000
 Average Precision  (AP) @[ IoU=0.50:0.95 | area=medium | maxDets=100 ] = -1.000
 Average Precision  (AP) @[ IoU=0.50:0.95 | area= large | maxDets=100 ] = 0.655
 Average Recall     (AR) @[ IoU=0.50:0.95 | area=   all | maxDets=  1 ] = 0.630
 Average Recall     (AR) @[ IoU=0.50:0.95 | area=   all | maxDets= 10 ] = 0.840
 Average Recall     (AR) @[ IoU=0.50:0.95 | area=   all | maxDets=100 ] = 0.880
 Average Recall     (AR) @[ IoU=0.50:0.95 | area= small | maxDets=100 ] = -1.000
 Average Recall     (AR) @[ IoU=0.50:0.95 | area=medium | maxDets=100 ] = -1.000
 Average Recall     (AR) @[ IoU=0.50:0.95 | area= large | maxDets=100 ] = 0.880
 Average Recall     (AR) @[ IoU=0.50      | area=   all | maxDets=100 ] = 1.000
 Average Recall     (AR) @[ IoU=0.75      | area=   all | maxDets=100 ] = 0.967
best_stat: {'epoch': 103, 'coco_eval_bbox': 0.682880873261373}
Load last_epoch
Load model.state_dict
Load criterion.state_dict
Load postprocessor.state_dict
Load ema.state_dict
Load scaler.state_dict
Load optimizer.state_dict
Load lr_warmup_scheduler.state_dict
Refresh EMA at epoch 108 with decay 0.9995
Epoch: [109]  [0/8]  eta: 0:00:04  lr: 0.000076  loss: 22.4345 (22.4345)  loss_mal: 0.9629 (0.9629)  loss_bbox: 0.0949 (0.0949)  loss_giou: 0.1325 (0.1325)  loss_fgl: 0.8498 (0.8498)  loss_mal_aux_0: 2.3320 (2.3320)  loss_bbox_aux_0: 0.1035 (0.1035)  loss_giou_aux_0: 0.1469 (0.1469)  loss_fgl_aux_0: 0.9301 (0.9301)  loss_ddf_aux_0: 0.0527 (0.0527)  loss_mal_aux_1: 1.0039 (1.0039)  loss_bbox_aux_1: 0.0940 (0.0940)  loss_giou_aux_1: 0.1376 (0.1376)  loss_fgl_aux_1: 0.8745 (0.8745)  loss_ddf_aux_1: 0.0085 (0.0085)  loss_mal_pre: 1.9053 (1.9053)  loss_bbox_pre: 0.1080 (0.1080)  loss_giou_pre: 0.1514 (0.1514)  loss_mal_enc_0: 2.1230 (2.1230)  loss_bbox_enc_0: 0.1103 (0.1103)  loss_giou_enc_0: 0.1743 (0.1743)  loss_mal_dn_0: 1.2451 (1.2451)  loss_bbox_dn_0: 0.2847 (0.2847)  loss_giou_dn_0: 0.3694 (0.3694)  loss_fgl_dn_0: 1.1821 (1.1821)  loss_ddf_dn_0: 0.6902 (0.6902)  loss_mal_dn_1: 0.8369 (0.8369)  loss_bbox_dn_1: 0.1369 (0.1369)  loss_giou_dn_1: 0.1797 (0.1797)  loss_fgl_dn_1: 0.9121 (0.9121)  loss_ddf_dn_1: 0.0815 (0.0815)  loss_mal_dn_2: 0.8618 (0.8618)  loss_bbox_dn_2: 0.1238 (0.1238)  loss_giou_dn_2: 0.1585 (0.1585)  loss_fgl_dn_2: 0.8788 (0.8788)  loss_mal_dn_pre: 1.5342 (1.5342)  loss_bbox_dn_pre: 0.2896 (0.2896)  loss_giou_dn_pre: 0.3728 (0.3728)  time: 0.5253  data: 0.3588  max mem: 1050
Epoch: [109]  [7/8]  eta: 0:00:00  lr: 0.000077  loss: 23.1114 (23.0121)  loss_mal: 0.7700 (0.8176)  loss_bbox: 0.1234 (0.1324)  loss_giou: 0.1506 (0.1726)  loss_fgl: 0.9258 (0.9381)  loss_mal_aux_0: 2.2285 (2.2676)  loss_bbox_aux_0: 0.1474 (0.1463)  loss_giou_aux_0: 0.1674 (0.1960)  loss_fgl_aux_0: 0.9745 (0.9875)  loss_ddf_aux_0: 0.0557 (0.0578)  loss_mal_aux_1: 0.8730 (0.8785)  loss_bbox_aux_1: 0.1281 (0.1363)  loss_giou_aux_1: 0.1547 (0.1780)  loss_fgl_aux_1: 0.9462 (0.9572)  loss_ddf_aux_1: 0.0086 (0.0098)  loss_mal_pre: 1.8154 (1.8435)  loss_bbox_pre: 0.1505 (0.1505)  loss_giou_pre: 0.1767 (0.1999)  loss_mal_enc_0: 2.0332 (2.0475)  loss_bbox_enc_0: 0.1897 (0.1889)  loss_giou_enc_0: 0.2349 (0.2558)  loss_mal_dn_0: 1.1641 (1.1777)  loss_bbox_dn_0: 0.3812 (0.3798)  loss_giou_dn_0: 0.4107 (0.4228)  loss_fgl_dn_0: 1.1821 (1.1883)  loss_ddf_dn_0: 0.7188 (0.7001)  loss_mal_dn_1: 0.7905 (0.8041)  loss_bbox_dn_1: 0.1871 (0.1809)  loss_giou_dn_1: 0.2067 (0.2169)  loss_fgl_dn_1: 0.9201 (0.9638)  loss_ddf_dn_1: 0.0762 (0.0790)  loss_mal_dn_2: 0.7827 (0.8004)  loss_bbox_dn_2: 0.1557 (0.1574)  loss_giou_dn_2: 0.1849 (0.1919)  loss_fgl_dn_2: 0.8886 (0.9309)  loss_mal_dn_pre: 1.4404 (1.4429)  loss_bbox_dn_pre: 0.3930 (0.3877)  loss_giou_dn_pre: 0.4041 (0.4259)  time: 0.1906  data: 0.0469  max mem: 1050
Epoch: [109] Total time: 0:00:01 (0.1986 s / it)
Averaged stats: lr: 0.000077  loss: 23.1114 (23.0121)  loss_mal: 0.7700 (0.8176)  loss_bbox: 0.1234 (0.1324)  loss_giou: 0.1506 (0.1726)  loss_fgl: 0.9258 (0.9381)  loss_mal_aux_0: 2.2285 (2.2676)  loss_bbox_aux_0: 0.1474 (0.1463)  loss_giou_aux_0: 0.1674 (0.1960)  loss_fgl_aux_0: 0.9745 (0.9875)  loss_ddf_aux_0: 0.0557 (0.0578)  loss_mal_aux_1: 0.8730 (0.8785)  loss_bbox_aux_1: 0.1281 (0.1363)  loss_giou_aux_1: 0.1547 (0.1780)  loss_fgl_aux_1: 0.9462 (0.9572)  loss_ddf_aux_1: 0.0086 (0.0098)  loss_mal_pre: 1.8154 (1.8435)  loss_bbox_pre: 0.1505 (0.1505)  loss_giou_pre: 0.1767 (0.1999)  loss_mal_enc_0: 2.0332 (2.0475)  loss_bbox_enc_0: 0.1897 (0.1889)  loss_giou_enc_0: 0.2349 (0.2558)  loss_mal_dn_0: 1.1641 (1.1777)  loss_bbox_dn_0: 0.3812 (0.3798)  loss_giou_dn_0: 0.4107 (0.4228)  loss_fgl_dn_0: 1.1821 (1.1883)  loss_ddf_dn_0: 0.7188 (0.7001)  loss_mal_dn_1: 0.7905 (0.8041)  loss_bbox_dn_1: 0.1871 (0.1809)  loss_giou_dn_1: 0.2067 (0.2169)  loss_fgl_dn_1: 0.9201 (0.9638)  loss_ddf_dn_1: 0.0762 (0.0790)  loss_mal_dn_2: 0.7827 (0.8004)  loss_bbox_dn_2: 0.1557 (0.1574)  loss_giou_dn_2: 0.1849 (0.1919)  loss_fgl_dn_2: 0.8886 (0.9309)  loss_mal_dn_pre: 1.4404 (1.4429)  loss_bbox_dn_pre: 0.3930 (0.3877)  loss_giou_dn_pre: 0.4041 (0.4259)
Test:  [0/4]  eta: 0:00:01    time: 0.3364  data: 0.3122  max mem: 1050
Test:  [3/4]  eta: 0:00:00    time: 0.0985  data: 0.0802  max mem: 1050
Test: Total time: 0:00:00 (0.1151 s / it)
Averaged stats: 
Accumulating evaluation results...
COCOeval_opt.accumulate() finished...
DONE (t=0.00s).
IoU metric: bbox
 Average Precision  (AP) @[ IoU=0.50:0.95 | area=   all | maxDets=100 ] = 0.630
 Average Precision  (AP) @[ IoU=0.50      | area=   all | maxDets=100 ] = 0.771
 Average Precision  (AP) @[ IoU=0.75      | area=   all | maxDets=100 ] = 0.649
 Average Precision  (AP) @[ IoU=0.50:0.95 | area= small | maxDets=100 ] = -1.000
 Average Precision  (AP) @[ IoU=0.50:0.95 | area=medium | maxDets=100 ] = -1.000
 Average Precision  (AP) @[ IoU=0.50:0.95 | area= large | maxDets=100 ] = 0.631
 Average Recall     (AR) @[ IoU=0.50:0.95 | area=   all | maxDets=  1 ] = 0.613
 Average Recall     (AR) @[ IoU=0.50:0.95 | area=   all | maxDets= 10 ] = 0.833
 Average Recall     (AR) @[ IoU=0.50:0.95 | area=   all | maxDets=100 ] = 0.860
 Average Recall     (AR) @[ IoU=0.50:0.95 | area= small | maxDets=100 ] = -1.000
 Average Recall     (AR) @[ IoU=0.50:0.95 | area=medium | maxDets=100 ] = -1.000
 Average Recall     (AR) @[ IoU=0.50:0.95 | area= large | maxDets=100 ] = 0.860
 Average Recall     (AR) @[ IoU=0.50      | area=   all | maxDets=100 ] = 1.000
 Average Recall     (AR) @[ IoU=0.75      | area=   all | maxDets=100 ] = 0.967
best_stat: {'epoch': 103, 'coco_eval_bbox': 0.682880873261373}
Epoch: [110]  [0/8]  eta: 0:00:03  lr: 0.000077  loss: 22.3326 (22.3326)  loss_mal: 0.7549 (0.7549)  loss_bbox: 0.1521 (0.1521)  loss_giou: 0.1812 (0.1812)  loss_fgl: 0.8921 (0.8921)  loss_mal_aux_0: 2.2070 (2.2070)  loss_bbox_aux_0: 0.1785 (0.1785)  loss_giou_aux_0: 0.2180 (0.2180)  loss_fgl_aux_0: 0.9964 (0.9964)  loss_ddf_aux_0: 0.0547 (0.0547)  loss_mal_aux_1: 0.8130 (0.8130)  loss_bbox_aux_1: 0.1541 (0.1541)  loss_giou_aux_1: 0.1849 (0.1849)  loss_fgl_aux_1: 0.9117 (0.9117)  loss_ddf_aux_1: 0.0105 (0.0105)  loss_mal_pre: 1.7988 (1.7988)  loss_bbox_pre: 0.1769 (0.1769)  loss_giou_pre: 0.2196 (0.2196)  loss_mal_enc_0: 1.8115 (1.8115)  loss_bbox_enc_0: 0.1687 (0.1687)  loss_giou_enc_0: 0.2160 (0.2160)  loss_mal_dn_0: 1.1680 (1.1680)  loss_bbox_dn_0: 0.3411 (0.3411)  loss_giou_dn_0: 0.4165 (0.4165)  loss_fgl_dn_0: 1.1817 (1.1817)  loss_ddf_dn_0: 0.6255 (0.6255)  loss_mal_dn_1: 0.8657 (0.8657)  loss_bbox_dn_1: 0.1682 (0.1682)  loss_giou_dn_1: 0.2041 (0.2041)  loss_fgl_dn_1: 0.9361 (0.9361)  loss_ddf_dn_1: 0.0754 (0.0754)  loss_mal_dn_2: 0.8208 (0.8208)  loss_bbox_dn_2: 0.1493 (0.1493)  loss_giou_dn_2: 0.1799 (0.1799)  loss_fgl_dn_2: 0.9034 (0.9034)  loss_mal_dn_pre: 1.4297 (1.4297)  loss_bbox_dn_pre: 0.3467 (0.3467)  loss_giou_dn_pre: 0.4197 (0.4197)  time: 0.4889  data: 0.3705  max mem: 1050
Epoch: [110]  [7/8]  eta: 0:00:00  lr: 0.000079  loss: 21.4474 (21.4340)  loss_mal: 0.7446 (0.7409)  loss_bbox: 0.1171 (0.1212)  loss_giou: 0.1625 (0.1623)  loss_fgl: 0.8975 (0.9051)  loss_mal_aux_0: 1.8125 (1.8436)  loss_bbox_aux_0: 0.1323 (0.1421)  loss_giou_aux_0: 0.1950 (0.1919)  loss_fgl_aux_0: 0.9953 (0.9810)  loss_ddf_aux_0: 0.0503 (0.0482)  loss_mal_aux_1: 0.8091 (0.8024)  loss_bbox_aux_1: 0.1171 (0.1192)  loss_giou_aux_1: 0.1551 (0.1570)  loss_fgl_aux_1: 0.9052 (0.9009)  loss_ddf_aux_1: 0.0132 (0.0130)  loss_mal_pre: 1.6133 (1.6578)  loss_bbox_pre: 0.1366 (0.1433)  loss_giou_pre: 0.1958 (0.1917)  loss_mal_enc_0: 1.6846 (1.7928)  loss_bbox_enc_0: 0.1788 (0.1758)  loss_giou_enc_0: 0.2369 (0.2343)  loss_mal_dn_0: 1.1309 (1.1295)  loss_bbox_dn_0: 0.3411 (0.3468)  loss_giou_dn_0: 0.3865 (0.3942)  loss_fgl_dn_0: 1.1837 (1.1940)  loss_ddf_dn_0: 0.6620 (0.7095)  loss_mal_dn_1: 0.7568 (0.7661)  loss_bbox_dn_1: 0.1682 (0.1646)  loss_giou_dn_1: 0.2037 (0.2000)  loss_fgl_dn_1: 0.9420 (0.9509)  loss_ddf_dn_1: 0.0897 (0.0896)  loss_mal_dn_2: 0.7373 (0.7617)  loss_bbox_dn_2: 0.1493 (0.1468)  loss_giou_dn_2: 0.1830 (0.1820)  loss_fgl_dn_2: 0.9104 (0.9255)  loss_mal_dn_pre: 1.4033 (1.4036)  loss_bbox_dn_pre: 0.3400 (0.3501)  loss_giou_dn_pre: 0.3846 (0.3947)  time: 0.1566  data: 0.0480  max mem: 1050
Epoch: [110] Total time: 0:00:01 (0.1658 s / it)
Averaged stats: lr: 0.000079  loss: 21.4474 (21.4340)  loss_mal: 0.7446 (0.7409)  loss_bbox: 0.1171 (0.1212)  loss_giou: 0.1625 (0.1623)  loss_fgl: 0.8975 (0.9051)  loss_mal_aux_0: 1.8125 (1.8436)  loss_bbox_aux_0: 0.1323 (0.1421)  loss_giou_aux_0: 0.1950 (0.1919)  loss_fgl_aux_0: 0.9953 (0.9810)  loss_ddf_aux_0: 0.0503 (0.0482)  loss_mal_aux_1: 0.8091 (0.8024)  loss_bbox_aux_1: 0.1171 (0.1192)  loss_giou_aux_1: 0.1551 (0.1570)  loss_fgl_aux_1: 0.9052 (0.9009)  loss_ddf_aux_1: 0.0132 (0.0130)  loss_mal_pre: 1.6133 (1.6578)  loss_bbox_pre: 0.1366 (0.1433)  loss_giou_pre: 0.1958 (0.1917)  loss_mal_enc_0: 1.6846 (1.7928)  loss_bbox_enc_0: 0.1788 (0.1758)  loss_giou_enc_0: 0.2369 (0.2343)  loss_mal_dn_0: 1.1309 (1.1295)  loss_bbox_dn_0: 0.3411 (0.3468)  loss_giou_dn_0: 0.3865 (0.3942)  loss_fgl_dn_0: 1.1837 (1.1940)  loss_ddf_dn_0: 0.6620 (0.7095)  loss_mal_dn_1: 0.7568 (0.7661)  loss_bbox_dn_1: 0.1682 (0.1646)  loss_giou_dn_1: 0.2037 (0.2000)  loss_fgl_dn_1: 0.9420 (0.9509)  loss_ddf_dn_1: 0.0897 (0.0896)  loss_mal_dn_2: 0.7373 (0.7617)  loss_bbox_dn_2: 0.1493 (0.1468)  loss_giou_dn_2: 0.1830 (0.1820)  loss_fgl_dn_2: 0.9104 (0.9255)  loss_mal_dn_pre: 1.4033 (1.4036)  loss_bbox_dn_pre: 0.3400 (0.3501)  loss_giou_dn_pre: 0.3846 (0.3947)
Test:  [0/4]  eta: 0:00:01    time: 0.3850  data: 0.3507  max mem: 1050
Test:  [3/4]  eta: 0:00:00    time: 0.1121  data: 0.0898  max mem: 1050
Test: Total time: 0:00:00 (0.1305 s / it)
Averaged stats: 
Accumulating evaluation results...
COCOeval_opt.accumulate() finished...
DONE (t=0.00s).
IoU metric: bbox
 Average Precision  (AP) @[ IoU=0.50:0.95 | area=   all | maxDets=100 ] = 0.648
 Average Precision  (AP) @[ IoU=0.50      | area=   all | maxDets=100 ] = 0.762
 Average Precision  (AP) @[ IoU=0.75      | area=   all | maxDets=100 ] = 0.743
 Average Precision  (AP) @[ IoU=0.50:0.95 | area= small | maxDets=100 ] = -1.000
 Average Precision  (AP) @[ IoU=0.50:0.95 | area=medium | maxDets=100 ] = -1.000
 Average Precision  (AP) @[ IoU=0.50:0.95 | area= large | maxDets=100 ] = 0.648
 Average Recall     (AR) @[ IoU=0.50:0.95 | area=   all | maxDets=  1 ] = 0.643
 Average Recall     (AR) @[ IoU=0.50:0.95 | area=   all | maxDets= 10 ] = 0.837
 Average Recall     (AR) @[ IoU=0.50:0.95 | area=   all | maxDets=100 ] = 0.867
 Average Recall     (AR) @[ IoU=0.50:0.95 | area= small | maxDets=100 ] = -1.000
 Average Recall     (AR) @[ IoU=0.50:0.95 | area=medium | maxDets=100 ] = -1.000
 Average Recall     (AR) @[ IoU=0.50:0.95 | area= large | maxDets=100 ] = 0.867
 Average Recall     (AR) @[ IoU=0.50      | area=   all | maxDets=100 ] = 1.000
 Average Recall     (AR) @[ IoU=0.75      | area=   all | maxDets=100 ] = 1.000
best_stat: {'epoch': 103, 'coco_eval_bbox': 0.682880873261373}
Epoch: [111]  [0/8]  eta: 0:00:04  lr: 0.000079  loss: 21.0148 (21.0148)  loss_mal: 0.6797 (0.6797)  loss_bbox: 0.1241 (0.1241)  loss_giou: 0.1623 (0.1623)  loss_fgl: 0.9613 (0.9613)  loss_mal_aux_0: 1.5625 (1.5625)  loss_bbox_aux_0: 0.1553 (0.1553)  loss_giou_aux_0: 0.1880 (0.1880)  loss_fgl_aux_0: 0.9505 (0.9505)  loss_ddf_aux_0: 0.0568 (0.0568)  loss_mal_aux_1: 0.7920 (0.7920)  loss_bbox_aux_1: 0.1455 (0.1455)  loss_giou_aux_1: 0.1882 (0.1882)  loss_fgl_aux_1: 1.0145 (1.0145)  loss_ddf_aux_1: 0.0136 (0.0136)  loss_mal_pre: 1.4756 (1.4756)  loss_bbox_pre: 0.1648 (0.1648)  loss_giou_pre: 0.2034 (0.2034)  loss_mal_enc_0: 1.6807 (1.6807)  loss_bbox_enc_0: 0.2242 (0.2242)  loss_giou_enc_0: 0.2917 (0.2917)  loss_mal_dn_0: 1.0684 (1.0684)  loss_bbox_dn_0: 0.3194 (0.3194)  loss_giou_dn_0: 0.3822 (0.3822)  loss_fgl_dn_0: 1.1987 (1.1987)  loss_ddf_dn_0: 0.7544 (0.7544)  loss_mal_dn_1: 0.7017 (0.7017)  loss_bbox_dn_1: 0.1606 (0.1606)  loss_giou_dn_1: 0.2069 (0.2069)  loss_fgl_dn_1: 1.0238 (1.0238)  loss_ddf_dn_1: 0.0975 (0.0975)  loss_mal_dn_2: 0.7104 (0.7104)  loss_bbox_dn_2: 0.1416 (0.1416)  loss_giou_dn_2: 0.1836 (0.1836)  loss_fgl_dn_2: 0.9756 (0.9756)  loss_mal_dn_pre: 1.3438 (1.3438)  loss_bbox_dn_pre: 0.3311 (0.3311)  loss_giou_dn_pre: 0.3803 (0.3803)  time: 0.5583  data: 0.3804  max mem: 1050
Epoch: [111]  [7/8]  eta: 0:00:00  lr: 0.000080  loss: 19.4929 (19.7682)  loss_mal: 0.6797 (0.6917)  loss_bbox: 0.1031 (0.1081)  loss_giou: 0.1420 (0.1364)  loss_fgl: 0.7897 (0.8285)  loss_mal_aux_0: 1.4502 (1.4680)  loss_bbox_aux_0: 0.1249 (0.1248)  loss_giou_aux_0: 0.1538 (0.1557)  loss_fgl_aux_0: 0.9118 (0.9084)  loss_ddf_aux_0: 0.0591 (0.0625)  loss_mal_aux_1: 0.7666 (0.7351)  loss_bbox_aux_1: 0.1060 (0.1135)  loss_giou_aux_1: 0.1466 (0.1422)  loss_fgl_aux_1: 0.8007 (0.8411)  loss_ddf_aux_1: 0.0111 (0.0118)  loss_mal_pre: 1.4756 (1.4766)  loss_bbox_pre: 0.1248 (0.1278)  loss_giou_pre: 0.1558 (0.1598)  loss_mal_enc_0: 1.5391 (1.5459)  loss_bbox_enc_0: 0.1627 (0.1739)  loss_giou_enc_0: 0.1918 (0.2140)  loss_mal_dn_0: 1.0605 (1.0606)  loss_bbox_dn_0: 0.3194 (0.3340)  loss_giou_dn_0: 0.3707 (0.3741)  loss_fgl_dn_0: 1.1716 (1.1740)  loss_ddf_dn_0: 0.7786 (0.7851)  loss_mal_dn_1: 0.7017 (0.7205)  loss_bbox_dn_1: 0.1509 (0.1565)  loss_giou_dn_1: 0.1908 (0.1842)  loss_fgl_dn_1: 0.8813 (0.9039)  loss_ddf_dn_1: 0.0975 (0.0995)  loss_mal_dn_2: 0.7104 (0.7236)  loss_bbox_dn_2: 0.1403 (0.1390)  loss_giou_dn_2: 0.1689 (0.1632)  loss_fgl_dn_2: 0.8621 (0.8700)  loss_mal_dn_pre: 1.3486 (1.3428)  loss_bbox_dn_pre: 0.3311 (0.3378)  loss_giou_dn_pre: 0.3778 (0.3737)  time: 0.1929  data: 0.0501  max mem: 1050
Epoch: [111] Total time: 0:00:01 (0.2001 s / it)
Averaged stats: lr: 0.000080  loss: 19.4929 (19.7682)  loss_mal: 0.6797 (0.6917)  loss_bbox: 0.1031 (0.1081)  loss_giou: 0.1420 (0.1364)  loss_fgl: 0.7897 (0.8285)  loss_mal_aux_0: 1.4502 (1.4680)  loss_bbox_aux_0: 0.1249 (0.1248)  loss_giou_aux_0: 0.1538 (0.1557)  loss_fgl_aux_0: 0.9118 (0.9084)  loss_ddf_aux_0: 0.0591 (0.0625)  loss_mal_aux_1: 0.7666 (0.7351)  loss_bbox_aux_1: 0.1060 (0.1135)  loss_giou_aux_1: 0.1466 (0.1422)  loss_fgl_aux_1: 0.8007 (0.8411)  loss_ddf_aux_1: 0.0111 (0.0118)  loss_mal_pre: 1.4756 (1.4766)  loss_bbox_pre: 0.1248 (0.1278)  loss_giou_pre: 0.1558 (0.1598)  loss_mal_enc_0: 1.5391 (1.5459)  loss_bbox_enc_0: 0.1627 (0.1739)  loss_giou_enc_0: 0.1918 (0.2140)  loss_mal_dn_0: 1.0605 (1.0606)  loss_bbox_dn_0: 0.3194 (0.3340)  loss_giou_dn_0: 0.3707 (0.3741)  loss_fgl_dn_0: 1.1716 (1.1740)  loss_ddf_dn_0: 0.7786 (0.7851)  loss_mal_dn_1: 0.7017 (0.7205)  loss_bbox_dn_1: 0.1509 (0.1565)  loss_giou_dn_1: 0.1908 (0.1842)  loss_fgl_dn_1: 0.8813 (0.9039)  loss_ddf_dn_1: 0.0975 (0.0995)  loss_mal_dn_2: 0.7104 (0.7236)  loss_bbox_dn_2: 0.1403 (0.1390)  loss_giou_dn_2: 0.1689 (0.1632)  loss_fgl_dn_2: 0.8621 (0.8700)  loss_mal_dn_pre: 1.3486 (1.3428)  loss_bbox_dn_pre: 0.3311 (0.3378)  loss_giou_dn_pre: 0.3778 (0.3737)
Test:  [0/4]  eta: 0:00:01    time: 0.3443  data: 0.3232  max mem: 1050
Test:  [3/4]  eta: 0:00:00    time: 0.1013  data: 0.0830  max mem: 1050
Test: Total time: 0:00:00 (0.1178 s / it)
Averaged stats: 
Accumulating evaluation results...
COCOeval_opt.accumulate() finished...
DONE (t=0.00s).
IoU metric: bbox
 Average Precision  (AP) @[ IoU=0.50:0.95 | area=   all | maxDets=100 ] = 0.696
 Average Precision  (AP) @[ IoU=0.50      | area=   all | maxDets=100 ] = 0.816
 Average Precision  (AP) @[ IoU=0.75      | area=   all | maxDets=100 ] = 0.771
 Average Precision  (AP) @[ IoU=0.50:0.95 | area= small | maxDets=100 ] = -1.000
 Average Precision  (AP) @[ IoU=0.50:0.95 | area=medium | maxDets=100 ] = -1.000
 Average Precision  (AP) @[ IoU=0.50:0.95 | area= large | maxDets=100 ] = 0.696
 Average Recall     (AR) @[ IoU=0.50:0.95 | area=   all | maxDets=  1 ] = 0.700
 Average Recall     (AR) @[ IoU=0.50:0.95 | area=   all | maxDets= 10 ] = 0.837
 Average Recall     (AR) @[ IoU=0.50:0.95 | area=   all | maxDets=100 ] = 0.873
 Average Recall     (AR) @[ IoU=0.50:0.95 | area= small | maxDets=100 ] = -1.000
 Average Recall     (AR) @[ IoU=0.50:0.95 | area=medium | maxDets=100 ] = -1.000
 Average Recall     (AR) @[ IoU=0.50:0.95 | area= large | maxDets=100 ] = 0.873
 Average Recall     (AR) @[ IoU=0.50      | area=   all | maxDets=100 ] = 1.000
 Average Recall     (AR) @[ IoU=0.75      | area=   all | maxDets=100 ] = 0.933
best_stat: {'epoch': 111, 'coco_eval_bbox': 0.6958747211617305}
Epoch: [112]  [0/8]  eta: 0:00:04  lr: 0.000080  loss: 19.6437 (19.6437)  loss_mal: 0.7471 (0.7471)  loss_bbox: 0.0993 (0.0993)  loss_giou: 0.1545 (0.1545)  loss_fgl: 0.8294 (0.8294)  loss_mal_aux_0: 1.3916 (1.3916)  loss_bbox_aux_0: 0.1217 (0.1217)  loss_giou_aux_0: 0.1773 (0.1773)  loss_fgl_aux_0: 0.9013 (0.9013)  loss_ddf_aux_0: 0.0650 (0.0650)  loss_mal_aux_1: 0.9009 (0.9009)  loss_bbox_aux_1: 0.0996 (0.0996)  loss_giou_aux_1: 0.1499 (0.1499)  loss_fgl_aux_1: 0.8164 (0.8164)  loss_ddf_aux_1: 0.0100 (0.0100)  loss_mal_pre: 1.4141 (1.4141)  loss_bbox_pre: 0.1222 (0.1222)  loss_giou_pre: 0.1812 (0.1812)  loss_mal_enc_0: 1.2344 (1.2344)  loss_bbox_enc_0: 0.1287 (0.1287)  loss_giou_enc_0: 0.2103 (0.2103)  loss_mal_dn_0: 1.0957 (1.0957)  loss_bbox_dn_0: 0.2988 (0.2988)  loss_giou_dn_0: 0.3859 (0.3859)  loss_fgl_dn_0: 1.1955 (1.1955)  loss_ddf_dn_0: 0.7496 (0.7496)  loss_mal_dn_1: 0.7407 (0.7407)  loss_bbox_dn_1: 0.1439 (0.1439)  loss_giou_dn_1: 0.2027 (0.2027)  loss_fgl_dn_1: 0.9417 (0.9417)  loss_ddf_dn_1: 0.0965 (0.0965)  loss_mal_dn_2: 0.7441 (0.7441)  loss_bbox_dn_2: 0.1294 (0.1294)  loss_giou_dn_2: 0.1834 (0.1834)  loss_fgl_dn_2: 0.9115 (0.9115)  loss_mal_dn_pre: 1.3887 (1.3887)  loss_bbox_dn_pre: 0.2976 (0.2976)  loss_giou_dn_pre: 0.3830 (0.3830)  time: 0.5133  data: 0.3522  max mem: 1050
Epoch: [112]  [7/8]  eta: 0:00:00  lr: 0.000082  loss: 18.6560 (18.7062)  loss_mal: 0.6162 (0.6359)  loss_bbox: 0.0931 (0.0989)  loss_giou: 0.1242 (0.1248)  loss_fgl: 0.8294 (0.8188)  loss_mal_aux_0: 1.1709 (1.2100)  loss_bbox_aux_0: 0.1116 (0.1103)  loss_giou_aux_0: 0.1522 (0.1489)  loss_fgl_aux_0: 0.8598 (0.8704)  loss_ddf_aux_0: 0.0713 (0.0707)  loss_mal_aux_1: 0.6548 (0.6917)  loss_bbox_aux_1: 0.0996 (0.1025)  loss_giou_aux_1: 0.1209 (0.1258)  loss_fgl_aux_1: 0.8487 (0.8330)  loss_ddf_aux_1: 0.0111 (0.0121)  loss_mal_pre: 1.2695 (1.2877)  loss_bbox_pre: 0.1129 (0.1139)  loss_giou_pre: 0.1534 (0.1531)  loss_mal_enc_0: 1.3125 (1.3367)  loss_bbox_enc_0: 0.1287 (0.1667)  loss_giou_enc_0: 0.2106 (0.2101)  loss_mal_dn_0: 0.9912 (1.0000)  loss_bbox_dn_0: 0.2988 (0.3218)  loss_giou_dn_0: 0.3714 (0.3641)  loss_fgl_dn_0: 1.1662 (1.1844)  loss_ddf_dn_0: 0.7764 (0.8454)  loss_mal_dn_1: 0.6895 (0.7139)  loss_bbox_dn_1: 0.1420 (0.1496)  loss_giou_dn_1: 0.1748 (0.1794)  loss_fgl_dn_1: 0.9178 (0.9132)  loss_ddf_dn_1: 0.0965 (0.0981)  loss_mal_dn_2: 0.6548 (0.6821)  loss_bbox_dn_2: 0.1216 (0.1309)  loss_giou_dn_2: 0.1523 (0.1577)  loss_fgl_dn_2: 0.8816 (0.8743)  loss_mal_dn_pre: 1.2734 (1.2793)  loss_bbox_dn_pre: 0.2976 (0.3254)  loss_giou_dn_pre: 0.3727 (0.3647)  time: 0.1608  data: 0.0457  max mem: 1050
Epoch: [112] Total time: 0:00:01 (0.1733 s / it)
Averaged stats: lr: 0.000082  loss: 18.6560 (18.7062)  loss_mal: 0.6162 (0.6359)  loss_bbox: 0.0931 (0.0989)  loss_giou: 0.1242 (0.1248)  loss_fgl: 0.8294 (0.8188)  loss_mal_aux_0: 1.1709 (1.2100)  loss_bbox_aux_0: 0.1116 (0.1103)  loss_giou_aux_0: 0.1522 (0.1489)  loss_fgl_aux_0: 0.8598 (0.8704)  loss_ddf_aux_0: 0.0713 (0.0707)  loss_mal_aux_1: 0.6548 (0.6917)  loss_bbox_aux_1: 0.0996 (0.1025)  loss_giou_aux_1: 0.1209 (0.1258)  loss_fgl_aux_1: 0.8487 (0.8330)  loss_ddf_aux_1: 0.0111 (0.0121)  loss_mal_pre: 1.2695 (1.2877)  loss_bbox_pre: 0.1129 (0.1139)  loss_giou_pre: 0.1534 (0.1531)  loss_mal_enc_0: 1.3125 (1.3367)  loss_bbox_enc_0: 0.1287 (0.1667)  loss_giou_enc_0: 0.2106 (0.2101)  loss_mal_dn_0: 0.9912 (1.0000)  loss_bbox_dn_0: 0.2988 (0.3218)  loss_giou_dn_0: 0.3714 (0.3641)  loss_fgl_dn_0: 1.1662 (1.1844)  loss_ddf_dn_0: 0.7764 (0.8454)  loss_mal_dn_1: 0.6895 (0.7139)  loss_bbox_dn_1: 0.1420 (0.1496)  loss_giou_dn_1: 0.1748 (0.1794)  loss_fgl_dn_1: 0.9178 (0.9132)  loss_ddf_dn_1: 0.0965 (0.0981)  loss_mal_dn_2: 0.6548 (0.6821)  loss_bbox_dn_2: 0.1216 (0.1309)  loss_giou_dn_2: 0.1523 (0.1577)  loss_fgl_dn_2: 0.8816 (0.8743)  loss_mal_dn_pre: 1.2734 (1.2793)  loss_bbox_dn_pre: 0.2976 (0.3254)  loss_giou_dn_pre: 0.3727 (0.3647)
Test:  [0/4]  eta: 0:00:01    time: 0.3864  data: 0.3593  max mem: 1050
Test:  [3/4]  eta: 0:00:00    time: 0.1129  data: 0.0921  max mem: 1050
Test: Total time: 0:00:00 (0.1301 s / it)
Averaged stats: 
Accumulating evaluation results...
COCOeval_opt.accumulate() finished...
DONE (t=0.00s).
IoU metric: bbox
 Average Precision  (AP) @[ IoU=0.50:0.95 | area=   all | maxDets=100 ] = 0.737
 Average Precision  (AP) @[ IoU=0.50      | area=   all | maxDets=100 ] = 0.865
 Average Precision  (AP) @[ IoU=0.75      | area=   all | maxDets=100 ] = 0.837
 Average Precision  (AP) @[ IoU=0.50:0.95 | area= small | maxDets=100 ] = -1.000
 Average Precision  (AP) @[ IoU=0.50:0.95 | area=medium | maxDets=100 ] = -1.000
 Average Precision  (AP) @[ IoU=0.50:0.95 | area= large | maxDets=100 ] = 0.738
 Average Recall     (AR) @[ IoU=0.50:0.95 | area=   all | maxDets=  1 ] = 0.700
 Average Recall     (AR) @[ IoU=0.50:0.95 | area=   all | maxDets= 10 ] = 0.840
 Average Recall     (AR) @[ IoU=0.50:0.95 | area=   all | maxDets=100 ] = 0.873
 Average Recall     (AR) @[ IoU=0.50:0.95 | area= small | maxDets=100 ] = -1.000
 Average Recall     (AR) @[ IoU=0.50:0.95 | area=medium | maxDets=100 ] = -1.000
 Average Recall     (AR) @[ IoU=0.50:0.95 | area= large | maxDets=100 ] = 0.873
 Average Recall     (AR) @[ IoU=0.50      | area=   all | maxDets=100 ] = 1.000
 Average Recall     (AR) @[ IoU=0.75      | area=   all | maxDets=100 ] = 0.933
best_stat: {'epoch': 112, 'coco_eval_bbox': 0.736842191521096}
Epoch: [113]  [0/8]  eta: 0:00:03  lr: 0.000082  loss: 17.9091 (17.9091)  loss_mal: 0.6621 (0.6621)  loss_bbox: 0.0857 (0.0857)  loss_giou: 0.1212 (0.1212)  loss_fgl: 0.7792 (0.7792)  loss_mal_aux_0: 1.2188 (1.2188)  loss_bbox_aux_0: 0.1066 (0.1066)  loss_giou_aux_0: 0.1595 (0.1595)  loss_fgl_aux_0: 0.9044 (0.9044)  loss_ddf_aux_0: 0.0777 (0.0777)  loss_mal_aux_1: 0.6479 (0.6479)  loss_bbox_aux_1: 0.0863 (0.0863)  loss_giou_aux_1: 0.1255 (0.1255)  loss_fgl_aux_1: 0.7762 (0.7762)  loss_ddf_aux_1: 0.0094 (0.0094)  loss_mal_pre: 1.2969 (1.2969)  loss_bbox_pre: 0.1086 (0.1086)  loss_giou_pre: 0.1655 (0.1655)  loss_mal_enc_0: 1.1406 (1.1406)  loss_bbox_enc_0: 0.1760 (0.1760)  loss_giou_enc_0: 0.2393 (0.2393)  loss_mal_dn_0: 0.9761 (0.9761)  loss_bbox_dn_0: 0.2416 (0.2416)  loss_giou_dn_0: 0.3144 (0.3144)  loss_fgl_dn_0: 1.1408 (1.1408)  loss_ddf_dn_0: 0.9227 (0.9227)  loss_mal_dn_1: 0.6631 (0.6631)  loss_bbox_dn_1: 0.1101 (0.1101)  loss_giou_dn_1: 0.1584 (0.1584)  loss_fgl_dn_1: 0.8373 (0.8373)  loss_ddf_dn_1: 0.0951 (0.0951)  loss_mal_dn_2: 0.6724 (0.6724)  loss_bbox_dn_2: 0.1044 (0.1044)  loss_giou_dn_2: 0.1456 (0.1456)  loss_fgl_dn_2: 0.8162 (0.8162)  loss_mal_dn_pre: 1.2754 (1.2754)  loss_bbox_dn_pre: 0.2368 (0.2368)  loss_giou_dn_pre: 0.3112 (0.3112)  time: 0.4888  data: 0.3337  max mem: 1050
Epoch: [113]  [7/8]  eta: 0:00:00  lr: 0.000083  loss: 17.3268 (17.6648)  loss_mal: 0.5405 (0.5512)  loss_bbox: 0.0857 (0.0957)  loss_giou: 0.1155 (0.1246)  loss_fgl: 0.7960 (0.8060)  loss_mal_aux_0: 1.0537 (1.0962)  loss_bbox_aux_0: 0.0945 (0.1085)  loss_giou_aux_0: 0.1270 (0.1420)  loss_fgl_aux_0: 0.8435 (0.8699)  loss_ddf_aux_0: 0.0768 (0.0731)  loss_mal_aux_1: 0.5273 (0.5591)  loss_bbox_aux_1: 0.0861 (0.0954)  loss_giou_aux_1: 0.1167 (0.1234)  loss_fgl_aux_1: 0.7845 (0.8079)  loss_ddf_aux_1: 0.0093 (0.0106)  loss_mal_pre: 1.1348 (1.1752)  loss_bbox_pre: 0.0995 (0.1110)  loss_giou_pre: 0.1257 (0.1454)  loss_mal_enc_0: 1.2031 (1.2379)  loss_bbox_enc_0: 0.1475 (0.1580)  loss_giou_enc_0: 0.1905 (0.2051)  loss_mal_dn_0: 0.9146 (0.9337)  loss_bbox_dn_0: 0.2781 (0.3024)  loss_giou_dn_0: 0.3307 (0.3442)  loss_fgl_dn_0: 1.1850 (1.1791)  loss_ddf_dn_0: 0.8279 (0.8330)  loss_mal_dn_1: 0.6558 (0.6658)  loss_bbox_dn_1: 0.1309 (0.1385)  loss_giou_dn_1: 0.1584 (0.1712)  loss_fgl_dn_1: 0.8646 (0.8857)  loss_ddf_dn_1: 0.0951 (0.0942)  loss_mal_dn_2: 0.6270 (0.6339)  loss_bbox_dn_2: 0.1062 (0.1226)  loss_giou_dn_2: 0.1372 (0.1531)  loss_fgl_dn_2: 0.8452 (0.8566)  loss_mal_dn_pre: 1.1973 (1.2032)  loss_bbox_dn_pre: 0.2844 (0.3071)  loss_giou_dn_pre: 0.3283 (0.3445)  time: 0.1841  data: 0.0439  max mem: 1050
Epoch: [113] Total time: 0:00:01 (0.1932 s / it)
Averaged stats: lr: 0.000083  loss: 17.3268 (17.6648)  loss_mal: 0.5405 (0.5512)  loss_bbox: 0.0857 (0.0957)  loss_giou: 0.1155 (0.1246)  loss_fgl: 0.7960 (0.8060)  loss_mal_aux_0: 1.0537 (1.0962)  loss_bbox_aux_0: 0.0945 (0.1085)  loss_giou_aux_0: 0.1270 (0.1420)  loss_fgl_aux_0: 0.8435 (0.8699)  loss_ddf_aux_0: 0.0768 (0.0731)  loss_mal_aux_1: 0.5273 (0.5591)  loss_bbox_aux_1: 0.0861 (0.0954)  loss_giou_aux_1: 0.1167 (0.1234)  loss_fgl_aux_1: 0.7845 (0.8079)  loss_ddf_aux_1: 0.0093 (0.0106)  loss_mal_pre: 1.1348 (1.1752)  loss_bbox_pre: 0.0995 (0.1110)  loss_giou_pre: 0.1257 (0.1454)  loss_mal_enc_0: 1.2031 (1.2379)  loss_bbox_enc_0: 0.1475 (0.1580)  loss_giou_enc_0: 0.1905 (0.2051)  loss_mal_dn_0: 0.9146 (0.9337)  loss_bbox_dn_0: 0.2781 (0.3024)  loss_giou_dn_0: 0.3307 (0.3442)  loss_fgl_dn_0: 1.1850 (1.1791)  loss_ddf_dn_0: 0.8279 (0.8330)  loss_mal_dn_1: 0.6558 (0.6658)  loss_bbox_dn_1: 0.1309 (0.1385)  loss_giou_dn_1: 0.1584 (0.1712)  loss_fgl_dn_1: 0.8646 (0.8857)  loss_ddf_dn_1: 0.0951 (0.0942)  loss_mal_dn_2: 0.6270 (0.6339)  loss_bbox_dn_2: 0.1062 (0.1226)  loss_giou_dn_2: 0.1372 (0.1531)  loss_fgl_dn_2: 0.8452 (0.8566)  loss_mal_dn_pre: 1.1973 (1.2032)  loss_bbox_dn_pre: 0.2844 (0.3071)  loss_giou_dn_pre: 0.3283 (0.3445)
Test:  [0/4]  eta: 0:00:01    time: 0.3681  data: 0.3468  max mem: 1050
Test:  [3/4]  eta: 0:00:00    time: 0.1037  data: 0.0885  max mem: 1050
Test: Total time: 0:00:00 (0.1231 s / it)
Averaged stats: 
Accumulating evaluation results...
COCOeval_opt.accumulate() finished...
DONE (t=0.00s).
IoU metric: bbox
 Average Precision  (AP) @[ IoU=0.50:0.95 | area=   all | maxDets=100 ] = 0.749
 Average Precision  (AP) @[ IoU=0.50      | area=   all | maxDets=100 ] = 0.884
 Average Precision  (AP) @[ IoU=0.75      | area=   all | maxDets=100 ] = 0.830
 Average Precision  (AP) @[ IoU=0.50:0.95 | area= small | maxDets=100 ] = -1.000
 Average Precision  (AP) @[ IoU=0.50:0.95 | area=medium | maxDets=100 ] = -1.000
 Average Precision  (AP) @[ IoU=0.50:0.95 | area= large | maxDets=100 ] = 0.749
 Average Recall     (AR) @[ IoU=0.50:0.95 | area=   all | maxDets=  1 ] = 0.760
 Average Recall     (AR) @[ IoU=0.50:0.95 | area=   all | maxDets= 10 ] = 0.837
 Average Recall     (AR) @[ IoU=0.50:0.95 | area=   all | maxDets=100 ] = 0.860
 Average Recall     (AR) @[ IoU=0.50:0.95 | area= small | maxDets=100 ] = -1.000
 Average Recall     (AR) @[ IoU=0.50:0.95 | area=medium | maxDets=100 ] = -1.000
 Average Recall     (AR) @[ IoU=0.50:0.95 | area= large | maxDets=100 ] = 0.860
 Average Recall     (AR) @[ IoU=0.50      | area=   all | maxDets=100 ] = 1.000
 Average Recall     (AR) @[ IoU=0.75      | area=   all | maxDets=100 ] = 0.933
best_stat: {'epoch': 113, 'coco_eval_bbox': 0.7485087079854557}
Epoch: [114]  [0/8]  eta: 0:00:04  lr: 0.000083  loss: 16.4718 (16.4718)  loss_mal: 0.5703 (0.5703)  loss_bbox: 0.0790 (0.0790)  loss_giou: 0.1095 (0.1095)  loss_fgl: 0.7324 (0.7324)  loss_mal_aux_0: 1.0879 (1.0879)  loss_bbox_aux_0: 0.0868 (0.0868)  loss_giou_aux_0: 0.1358 (0.1358)  loss_fgl_aux_0: 0.8119 (0.8119)  loss_ddf_aux_0: 0.0568 (0.0568)  loss_mal_aux_1: 0.6289 (0.6289)  loss_bbox_aux_1: 0.0750 (0.0750)  loss_giou_aux_1: 0.1046 (0.1046)  loss_fgl_aux_1: 0.7347 (0.7347)  loss_ddf_aux_1: 0.0087 (0.0087)  loss_mal_pre: 1.1191 (1.1191)  loss_bbox_pre: 0.0875 (0.0875)  loss_giou_pre: 0.1357 (0.1357)  loss_mal_enc_0: 1.0732 (1.0732)  loss_bbox_enc_0: 0.0816 (0.0816)  loss_giou_enc_0: 0.1320 (0.1320)  loss_mal_dn_0: 0.9390 (0.9390)  loss_bbox_dn_0: 0.2140 (0.2140)  loss_giou_dn_0: 0.2983 (0.2983)  loss_fgl_dn_0: 1.1566 (1.1566)  loss_ddf_dn_0: 0.7205 (0.7205)  loss_mal_dn_1: 0.7158 (0.7158)  loss_bbox_dn_1: 0.0990 (0.0990)  loss_giou_dn_1: 0.1429 (0.1429)  loss_fgl_dn_1: 0.8364 (0.8364)  loss_ddf_dn_1: 0.0778 (0.0778)  loss_mal_dn_2: 0.6626 (0.6626)  loss_bbox_dn_2: 0.0902 (0.0902)  loss_giou_dn_2: 0.1322 (0.1322)  loss_fgl_dn_2: 0.8116 (0.8116)  loss_mal_dn_pre: 1.2100 (1.2100)  loss_bbox_dn_pre: 0.2164 (0.2164)  loss_giou_dn_pre: 0.2970 (0.2970)  time: 0.5074  data: 0.3681  max mem: 1050
Epoch: [114]  [7/8]  eta: 0:00:00  lr: 0.000084  loss: 16.4970 (16.7666)  loss_mal: 0.4812 (0.4872)  loss_bbox: 0.0790 (0.0844)  loss_giou: 0.0986 (0.1122)  loss_fgl: 0.7715 (0.7741)  loss_mal_aux_0: 0.9756 (0.9745)  loss_bbox_aux_0: 0.0941 (0.0985)  loss_giou_aux_0: 0.1284 (0.1351)  loss_fgl_aux_0: 0.8236 (0.8534)  loss_ddf_aux_0: 0.0628 (0.0657)  loss_mal_aux_1: 0.5098 (0.5197)  loss_bbox_aux_1: 0.0755 (0.0869)  loss_giou_aux_1: 0.1023 (0.1135)  loss_fgl_aux_1: 0.7628 (0.7841)  loss_ddf_aux_1: 0.0090 (0.0096)  loss_mal_pre: 1.0410 (1.0371)  loss_bbox_pre: 0.0900 (0.0998)  loss_giou_pre: 0.1291 (0.1367)  loss_mal_enc_0: 1.1191 (1.1836)  loss_bbox_enc_0: 0.1430 (0.1411)  loss_giou_enc_0: 0.1658 (0.1724)  loss_mal_dn_0: 0.8599 (0.8702)  loss_bbox_dn_0: 0.3067 (0.2906)  loss_giou_dn_0: 0.3194 (0.3277)  loss_fgl_dn_0: 1.1701 (1.1937)  loss_ddf_dn_0: 0.8746 (0.9084)  loss_mal_dn_1: 0.6250 (0.6402)  loss_bbox_dn_1: 0.1139 (0.1251)  loss_giou_dn_1: 0.1389 (0.1545)  loss_fgl_dn_1: 0.8507 (0.8655)  loss_ddf_dn_1: 0.0942 (0.1001)  loss_mal_dn_2: 0.6069 (0.5989)  loss_bbox_dn_2: 0.0995 (0.1094)  loss_giou_dn_2: 0.1237 (0.1379)  loss_fgl_dn_2: 0.8178 (0.8327)  loss_mal_dn_pre: 1.1221 (1.1194)  loss_bbox_dn_pre: 0.3113 (0.2959)  loss_giou_dn_pre: 0.3161 (0.3270)  time: 0.1484  data: 0.0478  max mem: 1050
Epoch: [114] Total time: 0:00:01 (0.1607 s / it)
Averaged stats: lr: 0.000084  loss: 16.4970 (16.7666)  loss_mal: 0.4812 (0.4872)  loss_bbox: 0.0790 (0.0844)  loss_giou: 0.0986 (0.1122)  loss_fgl: 0.7715 (0.7741)  loss_mal_aux_0: 0.9756 (0.9745)  loss_bbox_aux_0: 0.0941 (0.0985)  loss_giou_aux_0: 0.1284 (0.1351)  loss_fgl_aux_0: 0.8236 (0.8534)  loss_ddf_aux_0: 0.0628 (0.0657)  loss_mal_aux_1: 0.5098 (0.5197)  loss_bbox_aux_1: 0.0755 (0.0869)  loss_giou_aux_1: 0.1023 (0.1135)  loss_fgl_aux_1: 0.7628 (0.7841)  loss_ddf_aux_1: 0.0090 (0.0096)  loss_mal_pre: 1.0410 (1.0371)  loss_bbox_pre: 0.0900 (0.0998)  loss_giou_pre: 0.1291 (0.1367)  loss_mal_enc_0: 1.1191 (1.1836)  loss_bbox_enc_0: 0.1430 (0.1411)  loss_giou_enc_0: 0.1658 (0.1724)  loss_mal_dn_0: 0.8599 (0.8702)  loss_bbox_dn_0: 0.3067 (0.2906)  loss_giou_dn_0: 0.3194 (0.3277)  loss_fgl_dn_0: 1.1701 (1.1937)  loss_ddf_dn_0: 0.8746 (0.9084)  loss_mal_dn_1: 0.6250 (0.6402)  loss_bbox_dn_1: 0.1139 (0.1251)  loss_giou_dn_1: 0.1389 (0.1545)  loss_fgl_dn_1: 0.8507 (0.8655)  loss_ddf_dn_1: 0.0942 (0.1001)  loss_mal_dn_2: 0.6069 (0.5989)  loss_bbox_dn_2: 0.0995 (0.1094)  loss_giou_dn_2: 0.1237 (0.1379)  loss_fgl_dn_2: 0.8178 (0.8327)  loss_mal_dn_pre: 1.1221 (1.1194)  loss_bbox_dn_pre: 0.3113 (0.2959)  loss_giou_dn_pre: 0.3161 (0.3270)
Test:  [0/4]  eta: 0:00:01    time: 0.3699  data: 0.3456  max mem: 1050
Test:  [3/4]  eta: 0:00:00    time: 0.1169  data: 0.0884  max mem: 1050
Test: Total time: 0:00:00 (0.1356 s / it)
Averaged stats: 
Accumulating evaluation results...
COCOeval_opt.accumulate() finished...
DONE (t=0.00s).
IoU metric: bbox
 Average Precision  (AP) @[ IoU=0.50:0.95 | area=   all | maxDets=100 ] = 0.770
 Average Precision  (AP) @[ IoU=0.50      | area=   all | maxDets=100 ] = 0.888
 Average Precision  (AP) @[ IoU=0.75      | area=   all | maxDets=100 ] = 0.860
 Average Precision  (AP) @[ IoU=0.50:0.95 | area= small | maxDets=100 ] = -1.000
 Average Precision  (AP) @[ IoU=0.50:0.95 | area=medium | maxDets=100 ] = -1.000
 Average Precision  (AP) @[ IoU=0.50:0.95 | area= large | maxDets=100 ] = 0.770
 Average Recall     (AR) @[ IoU=0.50:0.95 | area=   all | maxDets=  1 ] = 0.767
 Average Recall     (AR) @[ IoU=0.50:0.95 | area=   all | maxDets= 10 ] = 0.847
 Average Recall     (AR) @[ IoU=0.50:0.95 | area=   all | maxDets=100 ] = 0.873
 Average Recall     (AR) @[ IoU=0.50:0.95 | area= small | maxDets=100 ] = -1.000
 Average Recall     (AR) @[ IoU=0.50:0.95 | area=medium | maxDets=100 ] = -1.000
 Average Recall     (AR) @[ IoU=0.50:0.95 | area= large | maxDets=100 ] = 0.873
 Average Recall     (AR) @[ IoU=0.50      | area=   all | maxDets=100 ] = 1.000
 Average Recall     (AR) @[ IoU=0.75      | area=   all | maxDets=100 ] = 1.000
best_stat: {'epoch': 114, 'coco_eval_bbox': 0.7699387474184528}
Epoch: [115]  [0/8]  eta: 0:00:03  lr: 0.000085  loss: 14.7838 (14.7838)  loss_mal: 0.4548 (0.4548)  loss_bbox: 0.0491 (0.0491)  loss_giou: 0.0538 (0.0538)  loss_fgl: 0.5795 (0.5795)  loss_mal_aux_0: 0.9731 (0.9731)  loss_bbox_aux_0: 0.0755 (0.0755)  loss_giou_aux_0: 0.0907 (0.0907)  loss_fgl_aux_0: 0.7523 (0.7523)  loss_ddf_aux_0: 0.0836 (0.0836)  loss_mal_aux_1: 0.4229 (0.4229)  loss_bbox_aux_1: 0.0519 (0.0519)  loss_giou_aux_1: 0.0559 (0.0559)  loss_fgl_aux_1: 0.5921 (0.5921)  loss_ddf_aux_1: 0.0091 (0.0091)  loss_mal_pre: 1.0127 (1.0127)  loss_bbox_pre: 0.0740 (0.0740)  loss_giou_pre: 0.0874 (0.0874)  loss_mal_enc_0: 1.1582 (1.1582)  loss_bbox_enc_0: 0.0878 (0.0878)  loss_giou_enc_0: 0.0985 (0.0985)  loss_mal_dn_0: 0.8296 (0.8296)  loss_bbox_dn_0: 0.2929 (0.2929)  loss_giou_dn_0: 0.2823 (0.2823)  loss_fgl_dn_0: 1.0981 (1.0981)  loss_ddf_dn_0: 0.8667 (0.8667)  loss_mal_dn_1: 0.5562 (0.5562)  loss_bbox_dn_1: 0.0981 (0.0981)  loss_giou_dn_1: 0.1074 (0.1074)  loss_fgl_dn_1: 0.7309 (0.7309)  loss_ddf_dn_1: 0.0937 (0.0937)  loss_mal_dn_2: 0.5391 (0.5391)  loss_bbox_dn_2: 0.0803 (0.0803)  loss_giou_dn_2: 0.0872 (0.0872)  loss_fgl_dn_2: 0.6891 (0.6891)  loss_mal_dn_pre: 1.0752 (1.0752)  loss_bbox_dn_pre: 0.3051 (0.3051)  loss_giou_dn_pre: 0.2890 (0.2890)  time: 0.4877  data: 0.3110  max mem: 1050
Epoch: [115]  [7/8]  eta: 0:00:00  lr: 0.000086  loss: 15.6423 (16.0268)  loss_mal: 0.4487 (0.4714)  loss_bbox: 0.0763 (0.0808)  loss_giou: 0.0943 (0.1077)  loss_fgl: 0.7195 (0.7407)  loss_mal_aux_0: 0.9077 (0.9171)  loss_bbox_aux_0: 0.0861 (0.0960)  loss_giou_aux_0: 0.1276 (0.1288)  loss_fgl_aux_0: 0.8332 (0.8364)  loss_ddf_aux_0: 0.0686 (0.0754)  loss_mal_aux_1: 0.4775 (0.4786)  loss_bbox_aux_1: 0.0708 (0.0802)  loss_giou_aux_1: 0.0964 (0.1070)  loss_fgl_aux_1: 0.7307 (0.7404)  loss_ddf_aux_1: 0.0116 (0.0117)  loss_mal_pre: 0.9399 (0.9308)  loss_bbox_pre: 0.0834 (0.0972)  loss_giou_pre: 0.1287 (0.1313)  loss_mal_enc_0: 1.1182 (1.1154)  loss_bbox_enc_0: 0.1434 (0.1447)  loss_giou_enc_0: 0.1721 (0.1842)  loss_mal_dn_0: 0.8252 (0.8342)  loss_bbox_dn_0: 0.2643 (0.2814)  loss_giou_dn_0: 0.3136 (0.3245)  loss_fgl_dn_0: 1.1732 (1.1655)  loss_ddf_dn_0: 0.8671 (0.9039)  loss_mal_dn_1: 0.5776 (0.5911)  loss_bbox_dn_1: 0.1075 (0.1189)  loss_giou_dn_1: 0.1395 (0.1500)  loss_fgl_dn_1: 0.8141 (0.8328)  loss_ddf_dn_1: 0.0939 (0.0988)  loss_mal_dn_2: 0.5547 (0.5661)  loss_bbox_dn_2: 0.0968 (0.1061)  loss_giou_dn_2: 0.1211 (0.1340)  loss_fgl_dn_2: 0.7817 (0.8007)  loss_mal_dn_pre: 1.0117 (1.0378)  loss_bbox_dn_pre: 0.2639 (0.2824)  loss_giou_dn_pre: 0.3058 (0.3226)  time: 0.1767  data: 0.0410  max mem: 1050
Epoch: [115] Total time: 0:00:01 (0.1849 s / it)
Averaged stats: lr: 0.000086  loss: 15.6423 (16.0268)  loss_mal: 0.4487 (0.4714)  loss_bbox: 0.0763 (0.0808)  loss_giou: 0.0943 (0.1077)  loss_fgl: 0.7195 (0.7407)  loss_mal_aux_0: 0.9077 (0.9171)  loss_bbox_aux_0: 0.0861 (0.0960)  loss_giou_aux_0: 0.1276 (0.1288)  loss_fgl_aux_0: 0.8332 (0.8364)  loss_ddf_aux_0: 0.0686 (0.0754)  loss_mal_aux_1: 0.4775 (0.4786)  loss_bbox_aux_1: 0.0708 (0.0802)  loss_giou_aux_1: 0.0964 (0.1070)  loss_fgl_aux_1: 0.7307 (0.7404)  loss_ddf_aux_1: 0.0116 (0.0117)  loss_mal_pre: 0.9399 (0.9308)  loss_bbox_pre: 0.0834 (0.0972)  loss_giou_pre: 0.1287 (0.1313)  loss_mal_enc_0: 1.1182 (1.1154)  loss_bbox_enc_0: 0.1434 (0.1447)  loss_giou_enc_0: 0.1721 (0.1842)  loss_mal_dn_0: 0.8252 (0.8342)  loss_bbox_dn_0: 0.2643 (0.2814)  loss_giou_dn_0: 0.3136 (0.3245)  loss_fgl_dn_0: 1.1732 (1.1655)  loss_ddf_dn_0: 0.8671 (0.9039)  loss_mal_dn_1: 0.5776 (0.5911)  loss_bbox_dn_1: 0.1075 (0.1189)  loss_giou_dn_1: 0.1395 (0.1500)  loss_fgl_dn_1: 0.8141 (0.8328)  loss_ddf_dn_1: 0.0939 (0.0988)  loss_mal_dn_2: 0.5547 (0.5661)  loss_bbox_dn_2: 0.0968 (0.1061)  loss_giou_dn_2: 0.1211 (0.1340)  loss_fgl_dn_2: 0.7817 (0.8007)  loss_mal_dn_pre: 1.0117 (1.0378)  loss_bbox_dn_pre: 0.2639 (0.2824)  loss_giou_dn_pre: 0.3058 (0.3226)
Test:  [0/4]  eta: 0:00:01    time: 0.3564  data: 0.3309  max mem: 1050
Test:  [3/4]  eta: 0:00:00    time: 0.1040  data: 0.0850  max mem: 1050
Test: Total time: 0:00:00 (0.1197 s / it)
Averaged stats: 
Accumulating evaluation results...
COCOeval_opt.accumulate() finished...
DONE (t=0.00s).
IoU metric: bbox
 Average Precision  (AP) @[ IoU=0.50:0.95 | area=   all | maxDets=100 ] = 0.737
 Average Precision  (AP) @[ IoU=0.50      | area=   all | maxDets=100 ] = 0.871
 Average Precision  (AP) @[ IoU=0.75      | area=   all | maxDets=100 ] = 0.841
 Average Precision  (AP) @[ IoU=0.50:0.95 | area= small | maxDets=100 ] = -1.000
 Average Precision  (AP) @[ IoU=0.50:0.95 | area=medium | maxDets=100 ] = -1.000
 Average Precision  (AP) @[ IoU=0.50:0.95 | area= large | maxDets=100 ] = 0.737
 Average Recall     (AR) @[ IoU=0.50:0.95 | area=   all | maxDets=  1 ] = 0.750
 Average Recall     (AR) @[ IoU=0.50:0.95 | area=   all | maxDets= 10 ] = 0.847
 Average Recall     (AR) @[ IoU=0.50:0.95 | area=   all | maxDets=100 ] = 0.877
 Average Recall     (AR) @[ IoU=0.50:0.95 | area= small | maxDets=100 ] = -1.000
 Average Recall     (AR) @[ IoU=0.50:0.95 | area=medium | maxDets=100 ] = -1.000
 Average Recall     (AR) @[ IoU=0.50:0.95 | area= large | maxDets=100 ] = 0.877
 Average Recall     (AR) @[ IoU=0.50      | area=   all | maxDets=100 ] = 1.000
 Average Recall     (AR) @[ IoU=0.75      | area=   all | maxDets=100 ] = 1.000
best_stat: {'epoch': 114, 'coco_eval_bbox': 0.7699387474184528}
Load last_epoch
Load model.state_dict
Load criterion.state_dict
Load postprocessor.state_dict
Load ema.state_dict
Load scaler.state_dict
Load optimizer.state_dict
Load lr_warmup_scheduler.state_dict
Refresh EMA at epoch 115 with decay 0.9994000000000001
Epoch: [116]  [0/8]  eta: 0:00:04  lr: 0.000086  loss: 22.1522 (22.1522)  loss_mal: 0.7964 (0.7964)  loss_bbox: 0.0916 (0.0916)  loss_giou: 0.1056 (0.1056)  loss_fgl: 0.7728 (0.7728)  loss_mal_aux_0: 2.4492 (2.4492)  loss_bbox_aux_0: 0.1127 (0.1127)  loss_giou_aux_0: 0.1356 (0.1356)  loss_fgl_aux_0: 0.8879 (0.8879)  loss_ddf_aux_0: 0.0558 (0.0558)  loss_mal_aux_1: 0.7710 (0.7710)  loss_bbox_aux_1: 0.0871 (0.0871)  loss_giou_aux_1: 0.1007 (0.1007)  loss_fgl_aux_1: 0.7656 (0.7656)  loss_ddf_aux_1: 0.0103 (0.0103)  loss_mal_pre: 1.9512 (1.9512)  loss_bbox_pre: 0.1127 (0.1127)  loss_giou_pre: 0.1386 (0.1386)  loss_mal_enc_0: 2.2422 (2.2422)  loss_bbox_enc_0: 0.1266 (0.1266)  loss_giou_enc_0: 0.1728 (0.1728)  loss_mal_dn_0: 1.2383 (1.2383)  loss_bbox_dn_0: 0.3771 (0.3771)  loss_giou_dn_0: 0.4120 (0.4120)  loss_fgl_dn_0: 1.1881 (1.1881)  loss_ddf_dn_0: 0.6504 (0.6504)  loss_mal_dn_1: 0.7769 (0.7769)  loss_bbox_dn_1: 0.1674 (0.1674)  loss_giou_dn_1: 0.1869 (0.1869)  loss_fgl_dn_1: 0.8985 (0.8985)  loss_ddf_dn_1: 0.0698 (0.0698)  loss_mal_dn_2: 0.8057 (0.8057)  loss_bbox_dn_2: 0.1459 (0.1459)  loss_giou_dn_2: 0.1602 (0.1602)  loss_fgl_dn_2: 0.8781 (0.8781)  loss_mal_dn_pre: 1.5098 (1.5098)  loss_bbox_dn_pre: 0.3852 (0.3852)  loss_giou_dn_pre: 0.4157 (0.4157)  time: 0.5072  data: 0.3638  max mem: 1050
Epoch: [116]  [7/8]  eta: 0:00:00  lr: 0.000087  loss: 22.5923 (22.6221)  loss_mal: 0.7461 (0.7914)  loss_bbox: 0.1214 (0.1196)  loss_giou: 0.1394 (0.1522)  loss_fgl: 0.8268 (0.8901)  loss_mal_aux_0: 2.2109 (2.2289)  loss_bbox_aux_0: 0.1324 (0.1382)  loss_giou_aux_0: 0.1695 (0.1778)  loss_fgl_aux_0: 0.9558 (0.9570)  loss_ddf_aux_0: 0.0541 (0.0545)  loss_mal_aux_1: 0.7710 (0.8388)  loss_bbox_aux_1: 0.1202 (0.1218)  loss_giou_aux_1: 0.1434 (0.1549)  loss_fgl_aux_1: 0.8329 (0.9031)  loss_ddf_aux_1: 0.0089 (0.0088)  loss_mal_pre: 1.7920 (1.8181)  loss_bbox_pre: 0.1403 (0.1417)  loss_giou_pre: 0.1715 (0.1824)  loss_mal_enc_0: 2.1074 (2.0780)  loss_bbox_enc_0: 0.1650 (0.1705)  loss_giou_enc_0: 0.2173 (0.2166)  loss_mal_dn_0: 1.1719 (1.1829)  loss_bbox_dn_0: 0.3964 (0.3887)  loss_giou_dn_0: 0.4120 (0.4267)  loss_fgl_dn_0: 1.1903 (1.1931)  loss_ddf_dn_0: 0.6907 (0.7159)  loss_mal_dn_1: 0.7969 (0.8101)  loss_bbox_dn_1: 0.1796 (0.1812)  loss_giou_dn_1: 0.1979 (0.2105)  loss_fgl_dn_1: 0.9188 (0.9531)  loss_ddf_dn_1: 0.0807 (0.0792)  loss_mal_dn_2: 0.7783 (0.7991)  loss_bbox_dn_2: 0.1540 (0.1591)  loss_giou_dn_2: 0.1752 (0.1876)  loss_fgl_dn_2: 0.8920 (0.9222)  loss_mal_dn_pre: 1.4473 (1.4500)  loss_bbox_dn_pre: 0.3944 (0.3921)  loss_giou_dn_pre: 0.4157 (0.4262)  time: 0.1588  data: 0.0477  max mem: 1050
Epoch: [116] Total time: 0:00:01 (0.1689 s / it)
Averaged stats: lr: 0.000087  loss: 22.5923 (22.6221)  loss_mal: 0.7461 (0.7914)  loss_bbox: 0.1214 (0.1196)  loss_giou: 0.1394 (0.1522)  loss_fgl: 0.8268 (0.8901)  loss_mal_aux_0: 2.2109 (2.2289)  loss_bbox_aux_0: 0.1324 (0.1382)  loss_giou_aux_0: 0.1695 (0.1778)  loss_fgl_aux_0: 0.9558 (0.9570)  loss_ddf_aux_0: 0.0541 (0.0545)  loss_mal_aux_1: 0.7710 (0.8388)  loss_bbox_aux_1: 0.1202 (0.1218)  loss_giou_aux_1: 0.1434 (0.1549)  loss_fgl_aux_1: 0.8329 (0.9031)  loss_ddf_aux_1: 0.0089 (0.0088)  loss_mal_pre: 1.7920 (1.8181)  loss_bbox_pre: 0.1403 (0.1417)  loss_giou_pre: 0.1715 (0.1824)  loss_mal_enc_0: 2.1074 (2.0780)  loss_bbox_enc_0: 0.1650 (0.1705)  loss_giou_enc_0: 0.2173 (0.2166)  loss_mal_dn_0: 1.1719 (1.1829)  loss_bbox_dn_0: 0.3964 (0.3887)  loss_giou_dn_0: 0.4120 (0.4267)  loss_fgl_dn_0: 1.1903 (1.1931)  loss_ddf_dn_0: 0.6907 (0.7159)  loss_mal_dn_1: 0.7969 (0.8101)  loss_bbox_dn_1: 0.1796 (0.1812)  loss_giou_dn_1: 0.1979 (0.2105)  loss_fgl_dn_1: 0.9188 (0.9531)  loss_ddf_dn_1: 0.0807 (0.0792)  loss_mal_dn_2: 0.7783 (0.7991)  loss_bbox_dn_2: 0.1540 (0.1591)  loss_giou_dn_2: 0.1752 (0.1876)  loss_fgl_dn_2: 0.8920 (0.9222)  loss_mal_dn_pre: 1.4473 (1.4500)  loss_bbox_dn_pre: 0.3944 (0.3921)  loss_giou_dn_pre: 0.4157 (0.4262)
Test:  [0/4]  eta: 0:00:01    time: 0.3639  data: 0.3384  max mem: 1050
Test:  [3/4]  eta: 0:00:00    time: 0.1170  data: 0.0865  max mem: 1050
Test: Total time: 0:00:00 (0.1331 s / it)
Averaged stats: 
Accumulating evaluation results...
COCOeval_opt.accumulate() finished...
DONE (t=0.00s).
IoU metric: bbox
 Average Precision  (AP) @[ IoU=0.50:0.95 | area=   all | maxDets=100 ] = 0.655
 Average Precision  (AP) @[ IoU=0.50      | area=   all | maxDets=100 ] = 0.799
 Average Precision  (AP) @[ IoU=0.75      | area=   all | maxDets=100 ] = 0.672
 Average Precision  (AP) @[ IoU=0.50:0.95 | area= small | maxDets=100 ] = -1.000
 Average Precision  (AP) @[ IoU=0.50:0.95 | area=medium | maxDets=100 ] = -1.000
 Average Precision  (AP) @[ IoU=0.50:0.95 | area= large | maxDets=100 ] = 0.655
 Average Recall     (AR) @[ IoU=0.50:0.95 | area=   all | maxDets=  1 ] = 0.603
 Average Recall     (AR) @[ IoU=0.50:0.95 | area=   all | maxDets= 10 ] = 0.807
 Average Recall     (AR) @[ IoU=0.50:0.95 | area=   all | maxDets=100 ] = 0.850
 Average Recall     (AR) @[ IoU=0.50:0.95 | area= small | maxDets=100 ] = -1.000
 Average Recall     (AR) @[ IoU=0.50:0.95 | area=medium | maxDets=100 ] = -1.000
 Average Recall     (AR) @[ IoU=0.50:0.95 | area= large | maxDets=100 ] = 0.850
 Average Recall     (AR) @[ IoU=0.50      | area=   all | maxDets=100 ] = 1.000
 Average Recall     (AR) @[ IoU=0.75      | area=   all | maxDets=100 ] = 0.900
best_stat: {'epoch': 114, 'coco_eval_bbox': 0.7699387474184528}
Epoch: [117]  [0/8]  eta: 0:00:03  lr: 0.000088  loss: 22.3500 (22.3500)  loss_mal: 0.7632 (0.7632)  loss_bbox: 0.1370 (0.1370)  loss_giou: 0.1977 (0.1977)  loss_fgl: 0.9106 (0.9106)  loss_mal_aux_0: 1.8936 (1.8936)  loss_bbox_aux_0: 0.1554 (0.1554)  loss_giou_aux_0: 0.2397 (0.2397)  loss_fgl_aux_0: 0.9648 (0.9648)  loss_ddf_aux_0: 0.0509 (0.0509)  loss_mal_aux_1: 0.8198 (0.8198)  loss_bbox_aux_1: 0.1476 (0.1476)  loss_giou_aux_1: 0.2074 (0.2074)  loss_fgl_aux_1: 0.9278 (0.9278)  loss_ddf_aux_1: 0.0145 (0.0145)  loss_mal_pre: 1.6113 (1.6113)  loss_bbox_pre: 0.1629 (0.1629)  loss_giou_pre: 0.2449 (0.2449)  loss_mal_enc_0: 1.8467 (1.8467)  loss_bbox_enc_0: 0.2238 (0.2238)  loss_giou_enc_0: 0.2731 (0.2731)  loss_mal_dn_0: 1.1426 (1.1426)  loss_bbox_dn_0: 0.4209 (0.4209)  loss_giou_dn_0: 0.4475 (0.4475)  loss_fgl_dn_0: 1.1859 (1.1859)  loss_ddf_dn_0: 0.6363 (0.6363)  loss_mal_dn_1: 0.8145 (0.8145)  loss_bbox_dn_1: 0.1915 (0.1915)  loss_giou_dn_1: 0.2347 (0.2347)  loss_fgl_dn_1: 0.9922 (0.9922)  loss_ddf_dn_1: 0.0817 (0.0817)  loss_mal_dn_2: 0.7925 (0.7925)  loss_bbox_dn_2: 0.1660 (0.1660)  loss_giou_dn_2: 0.2060 (0.2060)  loss_fgl_dn_2: 0.9643 (0.9643)  loss_mal_dn_pre: 1.3975 (1.3975)  loss_bbox_dn_pre: 0.4347 (0.4347)  loss_giou_dn_pre: 0.4486 (0.4486)  time: 0.4750  data: 0.3294  max mem: 1050
Epoch: [117]  [7/8]  eta: 0:00:00  lr: 0.000089  loss: 20.9116 (21.0913)  loss_mal: 0.7217 (0.7419)  loss_bbox: 0.1154 (0.1250)  loss_giou: 0.1601 (0.1592)  loss_fgl: 0.9072 (0.8809)  loss_mal_aux_0: 1.7490 (1.7502)  loss_bbox_aux_0: 0.1375 (0.1365)  loss_giou_aux_0: 0.1684 (0.1790)  loss_fgl_aux_0: 0.9197 (0.9189)  loss_ddf_aux_0: 0.0503 (0.0503)  loss_mal_aux_1: 0.7686 (0.8029)  loss_bbox_aux_1: 0.1110 (0.1276)  loss_giou_aux_1: 0.1473 (0.1612)  loss_fgl_aux_1: 0.8751 (0.8903)  loss_ddf_aux_1: 0.0133 (0.0132)  loss_mal_pre: 1.6172 (1.6147)  loss_bbox_pre: 0.1390 (0.1398)  loss_giou_pre: 0.1738 (0.1819)  loss_mal_enc_0: 1.7773 (1.8005)  loss_bbox_enc_0: 0.1455 (0.1606)  loss_giou_enc_0: 0.1831 (0.2102)  loss_mal_dn_0: 1.1172 (1.1243)  loss_bbox_dn_0: 0.3281 (0.3394)  loss_giou_dn_0: 0.3737 (0.3867)  loss_fgl_dn_0: 1.1859 (1.1929)  loss_ddf_dn_0: 0.7247 (0.7426)  loss_mal_dn_1: 0.7573 (0.7625)  loss_bbox_dn_1: 0.1628 (0.1626)  loss_giou_dn_1: 0.1844 (0.1934)  loss_fgl_dn_1: 0.9151 (0.9298)  loss_ddf_dn_1: 0.0916 (0.0951)  loss_mal_dn_2: 0.7559 (0.7642)  loss_bbox_dn_2: 0.1390 (0.1433)  loss_giou_dn_2: 0.1680 (0.1727)  loss_fgl_dn_2: 0.8880 (0.8984)  loss_mal_dn_pre: 1.3975 (1.4033)  loss_bbox_dn_pre: 0.3364 (0.3478)  loss_giou_dn_pre: 0.3703 (0.3876)  time: 0.1487  data: 0.0438  max mem: 1050
Epoch: [117] Total time: 0:00:01 (0.1599 s / it)
Averaged stats: lr: 0.000089  loss: 20.9116 (21.0913)  loss_mal: 0.7217 (0.7419)  loss_bbox: 0.1154 (0.1250)  loss_giou: 0.1601 (0.1592)  loss_fgl: 0.9072 (0.8809)  loss_mal_aux_0: 1.7490 (1.7502)  loss_bbox_aux_0: 0.1375 (0.1365)  loss_giou_aux_0: 0.1684 (0.1790)  loss_fgl_aux_0: 0.9197 (0.9189)  loss_ddf_aux_0: 0.0503 (0.0503)  loss_mal_aux_1: 0.7686 (0.8029)  loss_bbox_aux_1: 0.1110 (0.1276)  loss_giou_aux_1: 0.1473 (0.1612)  loss_fgl_aux_1: 0.8751 (0.8903)  loss_ddf_aux_1: 0.0133 (0.0132)  loss_mal_pre: 1.6172 (1.6147)  loss_bbox_pre: 0.1390 (0.1398)  loss_giou_pre: 0.1738 (0.1819)  loss_mal_enc_0: 1.7773 (1.8005)  loss_bbox_enc_0: 0.1455 (0.1606)  loss_giou_enc_0: 0.1831 (0.2102)  loss_mal_dn_0: 1.1172 (1.1243)  loss_bbox_dn_0: 0.3281 (0.3394)  loss_giou_dn_0: 0.3737 (0.3867)  loss_fgl_dn_0: 1.1859 (1.1929)  loss_ddf_dn_0: 0.7247 (0.7426)  loss_mal_dn_1: 0.7573 (0.7625)  loss_bbox_dn_1: 0.1628 (0.1626)  loss_giou_dn_1: 0.1844 (0.1934)  loss_fgl_dn_1: 0.9151 (0.9298)  loss_ddf_dn_1: 0.0916 (0.0951)  loss_mal_dn_2: 0.7559 (0.7642)  loss_bbox_dn_2: 0.1390 (0.1433)  loss_giou_dn_2: 0.1680 (0.1727)  loss_fgl_dn_2: 0.8880 (0.8984)  loss_mal_dn_pre: 1.3975 (1.4033)  loss_bbox_dn_pre: 0.3364 (0.3478)  loss_giou_dn_pre: 0.3703 (0.3876)
Test:  [0/4]  eta: 0:00:01    time: 0.3532  data: 0.3295  max mem: 1050
Test:  [3/4]  eta: 0:00:00    time: 0.1038  data: 0.0846  max mem: 1050
Test: Total time: 0:00:00 (0.1213 s / it)
Averaged stats: 
Accumulating evaluation results...
COCOeval_opt.accumulate() finished...
DONE (t=0.00s).
IoU metric: bbox
 Average Precision  (AP) @[ IoU=0.50:0.95 | area=   all | maxDets=100 ] = 0.638
 Average Precision  (AP) @[ IoU=0.50      | area=   all | maxDets=100 ] = 0.760
 Average Precision  (AP) @[ IoU=0.75      | area=   all | maxDets=100 ] = 0.720
 Average Precision  (AP) @[ IoU=0.50:0.95 | area= small | maxDets=100 ] = -1.000
 Average Precision  (AP) @[ IoU=0.50:0.95 | area=medium | maxDets=100 ] = -1.000
 Average Precision  (AP) @[ IoU=0.50:0.95 | area= large | maxDets=100 ] = 0.639
 Average Recall     (AR) @[ IoU=0.50:0.95 | area=   all | maxDets=  1 ] = 0.637
 Average Recall     (AR) @[ IoU=0.50:0.95 | area=   all | maxDets= 10 ] = 0.827
 Average Recall     (AR) @[ IoU=0.50:0.95 | area=   all | maxDets=100 ] = 0.867
 Average Recall     (AR) @[ IoU=0.50:0.95 | area= small | maxDets=100 ] = -1.000
 Average Recall     (AR) @[ IoU=0.50:0.95 | area=medium | maxDets=100 ] = -1.000
 Average Recall     (AR) @[ IoU=0.50:0.95 | area= large | maxDets=100 ] = 0.867
 Average Recall     (AR) @[ IoU=0.50      | area=   all | maxDets=100 ] = 1.000
 Average Recall     (AR) @[ IoU=0.75      | area=   all | maxDets=100 ] = 0.967
best_stat: {'epoch': 114, 'coco_eval_bbox': 0.7699387474184528}
Load last_epoch
Load model.state_dict
Load criterion.state_dict
Load postprocessor.state_dict
Load ema.state_dict
Load scaler.state_dict
Load optimizer.state_dict
Load lr_warmup_scheduler.state_dict
Refresh EMA at epoch 117 with decay 0.9993000000000001
Epoch: [118]  [0/8]  eta: 0:00:04  lr: 0.000089  loss: 23.3725 (23.3725)  loss_mal: 0.8125 (0.8125)  loss_bbox: 0.1428 (0.1428)  loss_giou: 0.1989 (0.1989)  loss_fgl: 1.0198 (1.0198)  loss_mal_aux_0: 2.1953 (2.1953)  loss_bbox_aux_0: 0.1639 (0.1639)  loss_giou_aux_0: 0.2128 (0.2128)  loss_fgl_aux_0: 1.0517 (1.0517)  loss_ddf_aux_0: 0.0562 (0.0562)  loss_mal_aux_1: 0.7881 (0.7881)  loss_bbox_aux_1: 0.1442 (0.1442)  loss_giou_aux_1: 0.1979 (0.1979)  loss_fgl_aux_1: 1.0119 (1.0119)  loss_ddf_aux_1: 0.0069 (0.0069)  loss_mal_pre: 1.8242 (1.8242)  loss_bbox_pre: 0.1596 (0.1596)  loss_giou_pre: 0.2075 (0.2075)  loss_mal_enc_0: 2.2910 (2.2910)  loss_bbox_enc_0: 0.1592 (0.1592)  loss_giou_enc_0: 0.2377 (0.2377)  loss_mal_dn_0: 1.1680 (1.1680)  loss_bbox_dn_0: 0.3599 (0.3599)  loss_giou_dn_0: 0.4259 (0.4259)  loss_fgl_dn_0: 1.2209 (1.2209)  loss_ddf_dn_0: 0.7684 (0.7684)  loss_mal_dn_1: 0.7080 (0.7080)  loss_bbox_dn_1: 0.1756 (0.1756)  loss_giou_dn_1: 0.2215 (0.2215)  loss_fgl_dn_1: 1.0335 (1.0335)  loss_ddf_dn_1: 0.0776 (0.0776)  loss_mal_dn_2: 0.7588 (0.7588)  loss_bbox_dn_2: 0.1547 (0.1547)  loss_giou_dn_2: 0.1954 (0.1954)  loss_fgl_dn_2: 1.0009 (1.0009)  loss_mal_dn_pre: 1.4404 (1.4404)  loss_bbox_dn_pre: 0.3576 (0.3576)  loss_giou_dn_pre: 0.4235 (0.4235)  time: 0.5461  data: 0.3594  max mem: 1050
Epoch: [118]  [7/8]  eta: 0:00:00  lr: 0.000090  loss: 22.2749 (22.4489)  loss_mal: 0.8125 (0.8118)  loss_bbox: 0.0994 (0.1145)  loss_giou: 0.1353 (0.1494)  loss_fgl: 0.8597 (0.8882)  loss_mal_aux_0: 2.2734 (2.2634)  loss_bbox_aux_0: 0.1188 (0.1323)  loss_giou_aux_0: 0.1704 (0.1762)  loss_fgl_aux_0: 0.9500 (0.9641)  loss_ddf_aux_0: 0.0558 (0.0556)  loss_mal_aux_1: 0.8145 (0.8596)  loss_bbox_aux_1: 0.1040 (0.1162)  loss_giou_aux_1: 0.1372 (0.1535)  loss_fgl_aux_1: 0.8765 (0.8985)  loss_ddf_aux_1: 0.0103 (0.0096)  loss_mal_pre: 1.8027 (1.8284)  loss_bbox_pre: 0.1192 (0.1345)  loss_giou_pre: 0.1661 (0.1777)  loss_mal_enc_0: 2.0352 (2.0332)  loss_bbox_enc_0: 0.1447 (0.1659)  loss_giou_enc_0: 0.2126 (0.2174)  loss_mal_dn_0: 1.1729 (1.1753)  loss_bbox_dn_0: 0.3599 (0.3741)  loss_giou_dn_0: 0.4101 (0.4155)  loss_fgl_dn_0: 1.1616 (1.1831)  loss_ddf_dn_0: 0.6468 (0.6729)  loss_mal_dn_1: 0.7559 (0.7877)  loss_bbox_dn_1: 0.1657 (0.1774)  loss_giou_dn_1: 0.1907 (0.2088)  loss_fgl_dn_1: 0.9099 (0.9413)  loss_ddf_dn_1: 0.0728 (0.0767)  loss_mal_dn_2: 0.7788 (0.7995)  loss_bbox_dn_2: 0.1437 (0.1548)  loss_giou_dn_2: 0.1652 (0.1821)  loss_fgl_dn_2: 0.8673 (0.9075)  loss_mal_dn_pre: 1.4346 (1.4403)  loss_bbox_dn_pre: 0.3576 (0.3838)  loss_giou_dn_pre: 0.4106 (0.4182)  time: 0.1610  data: 0.0466  max mem: 1050
Epoch: [118] Total time: 0:00:01 (0.1727 s / it)
Averaged stats: lr: 0.000090  loss: 22.2749 (22.4489)  loss_mal: 0.8125 (0.8118)  loss_bbox: 0.0994 (0.1145)  loss_giou: 0.1353 (0.1494)  loss_fgl: 0.8597 (0.8882)  loss_mal_aux_0: 2.2734 (2.2634)  loss_bbox_aux_0: 0.1188 (0.1323)  loss_giou_aux_0: 0.1704 (0.1762)  loss_fgl_aux_0: 0.9500 (0.9641)  loss_ddf_aux_0: 0.0558 (0.0556)  loss_mal_aux_1: 0.8145 (0.8596)  loss_bbox_aux_1: 0.1040 (0.1162)  loss_giou_aux_1: 0.1372 (0.1535)  loss_fgl_aux_1: 0.8765 (0.8985)  loss_ddf_aux_1: 0.0103 (0.0096)  loss_mal_pre: 1.8027 (1.8284)  loss_bbox_pre: 0.1192 (0.1345)  loss_giou_pre: 0.1661 (0.1777)  loss_mal_enc_0: 2.0352 (2.0332)  loss_bbox_enc_0: 0.1447 (0.1659)  loss_giou_enc_0: 0.2126 (0.2174)  loss_mal_dn_0: 1.1729 (1.1753)  loss_bbox_dn_0: 0.3599 (0.3741)  loss_giou_dn_0: 0.4101 (0.4155)  loss_fgl_dn_0: 1.1616 (1.1831)  loss_ddf_dn_0: 0.6468 (0.6729)  loss_mal_dn_1: 0.7559 (0.7877)  loss_bbox_dn_1: 0.1657 (0.1774)  loss_giou_dn_1: 0.1907 (0.2088)  loss_fgl_dn_1: 0.9099 (0.9413)  loss_ddf_dn_1: 0.0728 (0.0767)  loss_mal_dn_2: 0.7788 (0.7995)  loss_bbox_dn_2: 0.1437 (0.1548)  loss_giou_dn_2: 0.1652 (0.1821)  loss_fgl_dn_2: 0.8673 (0.9075)  loss_mal_dn_pre: 1.4346 (1.4403)  loss_bbox_dn_pre: 0.3576 (0.3838)  loss_giou_dn_pre: 0.4106 (0.4182)
Test:  [0/4]  eta: 0:00:01    time: 0.4043  data: 0.3718  max mem: 1050
Test:  [3/4]  eta: 0:00:00    time: 0.1298  data: 0.0951  max mem: 1050
Test: Total time: 0:00:00 (0.1505 s / it)
Averaged stats: 
Accumulating evaluation results...
COCOeval_opt.accumulate() finished...
DONE (t=0.00s).
IoU metric: bbox
 Average Precision  (AP) @[ IoU=0.50:0.95 | area=   all | maxDets=100 ] = 0.654
 Average Precision  (AP) @[ IoU=0.50      | area=   all | maxDets=100 ] = 0.789
 Average Precision  (AP) @[ IoU=0.75      | area=   all | maxDets=100 ] = 0.755
 Average Precision  (AP) @[ IoU=0.50:0.95 | area= small | maxDets=100 ] = -1.000
 Average Precision  (AP) @[ IoU=0.50:0.95 | area=medium | maxDets=100 ] = -1.000
 Average Precision  (AP) @[ IoU=0.50:0.95 | area= large | maxDets=100 ] = 0.654
 Average Recall     (AR) @[ IoU=0.50:0.95 | area=   all | maxDets=  1 ] = 0.633
 Average Recall     (AR) @[ IoU=0.50:0.95 | area=   all | maxDets= 10 ] = 0.823
 Average Recall     (AR) @[ IoU=0.50:0.95 | area=   all | maxDets=100 ] = 0.863
 Average Recall     (AR) @[ IoU=0.50:0.95 | area= small | maxDets=100 ] = -1.000
 Average Recall     (AR) @[ IoU=0.50:0.95 | area=medium | maxDets=100 ] = -1.000
 Average Recall     (AR) @[ IoU=0.50:0.95 | area= large | maxDets=100 ] = 0.863
 Average Recall     (AR) @[ IoU=0.50      | area=   all | maxDets=100 ] = 1.000
 Average Recall     (AR) @[ IoU=0.75      | area=   all | maxDets=100 ] = 0.933
best_stat: {'epoch': 114, 'coco_eval_bbox': 0.7699387474184528}
Epoch: [119]  [0/8]  eta: 0:00:04  lr: 0.000091  loss: 21.1530 (21.1530)  loss_mal: 0.7612 (0.7612)  loss_bbox: 0.0963 (0.0963)  loss_giou: 0.1279 (0.1279)  loss_fgl: 0.8769 (0.8769)  loss_mal_aux_0: 2.0195 (2.0195)  loss_bbox_aux_0: 0.1025 (0.1025)  loss_giou_aux_0: 0.1377 (0.1377)  loss_fgl_aux_0: 0.9195 (0.9195)  loss_ddf_aux_0: 0.0515 (0.0515)  loss_mal_aux_1: 0.8687 (0.8687)  loss_bbox_aux_1: 0.0982 (0.0982)  loss_giou_aux_1: 0.1265 (0.1265)  loss_fgl_aux_1: 0.8729 (0.8729)  loss_ddf_aux_1: 0.0087 (0.0087)  loss_mal_pre: 1.7588 (1.7588)  loss_bbox_pre: 0.1115 (0.1115)  loss_giou_pre: 0.1509 (0.1509)  loss_mal_enc_0: 1.8584 (1.8584)  loss_bbox_enc_0: 0.1606 (0.1606)  loss_giou_enc_0: 0.2036 (0.2036)  loss_mal_dn_0: 1.1465 (1.1465)  loss_bbox_dn_0: 0.3369 (0.3369)  loss_giou_dn_0: 0.3468 (0.3468)  loss_fgl_dn_0: 1.1575 (1.1575)  loss_ddf_dn_0: 0.7477 (0.7477)  loss_mal_dn_1: 0.7451 (0.7451)  loss_bbox_dn_1: 0.1437 (0.1437)  loss_giou_dn_1: 0.1690 (0.1690)  loss_fgl_dn_1: 0.9130 (0.9130)  loss_ddf_dn_1: 0.0828 (0.0828)  loss_mal_dn_2: 0.7500 (0.7500)  loss_bbox_dn_2: 0.1249 (0.1249)  loss_giou_dn_2: 0.1524 (0.1524)  loss_fgl_dn_2: 0.8930 (0.8930)  loss_mal_dn_pre: 1.4336 (1.4336)  loss_bbox_dn_pre: 0.3436 (0.3436)  loss_giou_dn_pre: 0.3549 (0.3549)  time: 0.5338  data: 0.3301  max mem: 1050
Epoch: [119]  [7/8]  eta: 0:00:00  lr: 0.000092  loss: 21.1420 (21.0916)  loss_mal: 0.7612 (0.7560)  loss_bbox: 0.0963 (0.1051)  loss_giou: 0.1279 (0.1370)  loss_fgl: 0.8695 (0.8556)  loss_mal_aux_0: 1.8047 (1.8015)  loss_bbox_aux_0: 0.1254 (0.1252)  loss_giou_aux_0: 0.1564 (0.1621)  loss_fgl_aux_0: 0.8906 (0.9034)  loss_ddf_aux_0: 0.0684 (0.0666)  loss_mal_aux_1: 0.8159 (0.8394)  loss_bbox_aux_1: 0.0982 (0.1083)  loss_giou_aux_1: 0.1265 (0.1388)  loss_fgl_aux_1: 0.8631 (0.8628)  loss_ddf_aux_1: 0.0100 (0.0110)  loss_mal_pre: 1.5859 (1.6376)  loss_bbox_pre: 0.1275 (0.1277)  loss_giou_pre: 0.1509 (0.1644)  loss_mal_enc_0: 1.8027 (1.8107)  loss_bbox_enc_0: 0.1550 (0.1529)  loss_giou_enc_0: 0.1900 (0.1870)  loss_mal_dn_0: 1.1055 (1.1122)  loss_bbox_dn_0: 0.3413 (0.3626)  loss_giou_dn_0: 0.3916 (0.3932)  loss_fgl_dn_0: 1.1837 (1.1823)  loss_ddf_dn_0: 0.7980 (0.8255)  loss_mal_dn_1: 0.7524 (0.7638)  loss_bbox_dn_1: 0.1555 (0.1640)  loss_giou_dn_1: 0.1819 (0.1932)  loss_fgl_dn_1: 0.9300 (0.9222)  loss_ddf_dn_1: 0.0923 (0.0953)  loss_mal_dn_2: 0.7441 (0.7598)  loss_bbox_dn_2: 0.1445 (0.1459)  loss_giou_dn_2: 0.1608 (0.1727)  loss_fgl_dn_2: 0.8930 (0.8918)  loss_mal_dn_pre: 1.3809 (1.3905)  loss_bbox_dn_pre: 0.3490 (0.3692)  loss_giou_dn_pre: 0.3924 (0.3944)  time: 0.1866  data: 0.0439  max mem: 1050
Epoch: [119] Total time: 0:00:01 (0.1954 s / it)
Averaged stats: lr: 0.000092  loss: 21.1420 (21.0916)  loss_mal: 0.7612 (0.7560)  loss_bbox: 0.0963 (0.1051)  loss_giou: 0.1279 (0.1370)  loss_fgl: 0.8695 (0.8556)  loss_mal_aux_0: 1.8047 (1.8015)  loss_bbox_aux_0: 0.1254 (0.1252)  loss_giou_aux_0: 0.1564 (0.1621)  loss_fgl_aux_0: 0.8906 (0.9034)  loss_ddf_aux_0: 0.0684 (0.0666)  loss_mal_aux_1: 0.8159 (0.8394)  loss_bbox_aux_1: 0.0982 (0.1083)  loss_giou_aux_1: 0.1265 (0.1388)  loss_fgl_aux_1: 0.8631 (0.8628)  loss_ddf_aux_1: 0.0100 (0.0110)  loss_mal_pre: 1.5859 (1.6376)  loss_bbox_pre: 0.1275 (0.1277)  loss_giou_pre: 0.1509 (0.1644)  loss_mal_enc_0: 1.8027 (1.8107)  loss_bbox_enc_0: 0.1550 (0.1529)  loss_giou_enc_0: 0.1900 (0.1870)  loss_mal_dn_0: 1.1055 (1.1122)  loss_bbox_dn_0: 0.3413 (0.3626)  loss_giou_dn_0: 0.3916 (0.3932)  loss_fgl_dn_0: 1.1837 (1.1823)  loss_ddf_dn_0: 0.7980 (0.8255)  loss_mal_dn_1: 0.7524 (0.7638)  loss_bbox_dn_1: 0.1555 (0.1640)  loss_giou_dn_1: 0.1819 (0.1932)  loss_fgl_dn_1: 0.9300 (0.9222)  loss_ddf_dn_1: 0.0923 (0.0953)  loss_mal_dn_2: 0.7441 (0.7598)  loss_bbox_dn_2: 0.1445 (0.1459)  loss_giou_dn_2: 0.1608 (0.1727)  loss_fgl_dn_2: 0.8930 (0.8918)  loss_mal_dn_pre: 1.3809 (1.3905)  loss_bbox_dn_pre: 0.3490 (0.3692)  loss_giou_dn_pre: 0.3924 (0.3944)
Test:  [0/4]  eta: 0:00:01    time: 0.3671  data: 0.3453  max mem: 1050
Test:  [3/4]  eta: 0:00:00    time: 0.1044  data: 0.0885  max mem: 1050
Test: Total time: 0:00:00 (0.1236 s / it)
Averaged stats: 
Accumulating evaluation results...
COCOeval_opt.accumulate() finished...
DONE (t=0.00s).
IoU metric: bbox
 Average Precision  (AP) @[ IoU=0.50:0.95 | area=   all | maxDets=100 ] = 0.658
 Average Precision  (AP) @[ IoU=0.50      | area=   all | maxDets=100 ] = 0.772
 Average Precision  (AP) @[ IoU=0.75      | area=   all | maxDets=100 ] = 0.724
 Average Precision  (AP) @[ IoU=0.50:0.95 | area= small | maxDets=100 ] = -1.000
 Average Precision  (AP) @[ IoU=0.50:0.95 | area=medium | maxDets=100 ] = -1.000
 Average Precision  (AP) @[ IoU=0.50:0.95 | area= large | maxDets=100 ] = 0.658
 Average Recall     (AR) @[ IoU=0.50:0.95 | area=   all | maxDets=  1 ] = 0.670
 Average Recall     (AR) @[ IoU=0.50:0.95 | area=   all | maxDets= 10 ] = 0.827
 Average Recall     (AR) @[ IoU=0.50:0.95 | area=   all | maxDets=100 ] = 0.867
 Average Recall     (AR) @[ IoU=0.50:0.95 | area= small | maxDets=100 ] = -1.000
 Average Recall     (AR) @[ IoU=0.50:0.95 | area=medium | maxDets=100 ] = -1.000
 Average Recall     (AR) @[ IoU=0.50:0.95 | area= large | maxDets=100 ] = 0.867
 Average Recall     (AR) @[ IoU=0.50      | area=   all | maxDets=100 ] = 1.000
 Average Recall     (AR) @[ IoU=0.75      | area=   all | maxDets=100 ] = 0.933
best_stat: {'epoch': 114, 'coco_eval_bbox': 0.7699387474184528}
Training time 0:05:08
/venv/main/lib/python3.12/site-packages/torch/distributed/c10d_logger.py:83: UserWarning: barrier(): using the device under current context. You can specify `device_id` in `init_process_group` to mute this warning.
  return func(*args, **kwargs)
[rank0]:[W813 08:11:03.518689807 ProcessGroupNCCL.cpp:5324] Guessing device ID based on global rank. This can cause a hang if rank to GPU mapping is heterogeneous. You can specify device_id in init_process_group()
/workspace/midi/DEIMv2/engine/core/workspace.py:177: FutureWarning: `torch.cuda.amp.GradScaler(args...)` is deprecated. Please use `torch.amp.GradScaler('cuda', args...)` instead.
  return module(**module_kwargs)
[rank0]:[W813 08:11:05.155835650 reducer.cpp:1528] Warning: find_unused_parameters=True was specified in DDP constructor, but did not find any unused parameters in the forward pass. This flag results in an extra traversal of the autograd graph every iteration,  which can adversely affect performance. If your model indeed never has any unused parameters in the forward pass, consider turning this flag off. Note that this warning may be a false positive if your model has flow control causing later iterations to have unused parameters. (function operator())
/workspace/midi/DEIMv2/engine/solver/det_engine.py:104: UserWarning: Converting a tensor with requires_grad=True to a scalar may lead to unexpected behavior.
Consider using tensor.detach() first. (Triggered internally at /pytorch/torch/csrc/autograd/generated/python_variable_methods.cpp:838.)
  if not math.isfinite(loss_value):
