Initialized distributed mode...
cfg:  {'task': 'detection', '_model': None, '_postprocessor': None, '_criterion': None, '_optimizer': None, '_lr_scheduler': None, '_lr_warmup_scheduler': None, '_train_dataloader': None, '_val_dataloader': None, '_ema': None, '_scaler': None, '_train_dataset': None, '_val_dataset': None, '_collate_fn': None, '_evaluator': None, '_writer': None, 'num_workers': 0, 'batch_size': None, '_train_batch_size': None, '_val_batch_size': None, '_train_shuffle': None, '_val_shuffle': None, 'resume': None, 'tuning': '/workspace/midi/ckpt/deimv2_dinov3_m_coco.pth', 'epoches': 120, 'last_epoch': -1, 'lrsheduler': 'flatcosine', 'lr_gamma': 0.5, 'no_aug_epoch': 20, 'warmup_iter': 2000, 'flat_epoch': 64, 'use_amp': True, 'use_ema': True, 'ema_decay': 0.9999, 'ema_warmups': 2000, 'sync_bn': True, 'clip_max_norm': 0.1, 'find_unused_parameters': True, 'seed': 42, 'print_freq': 500, 'checkpoint_freq': 5, 'output_dir': '/workspace/midi/deim_configs/runs/m_fold0', 'summary_dir': None, 'device': '', 'yaml_cfg': {'task': 'detection', 'evaluator': {'type': 'CocoEvaluator', 'iou_types': ['bbox']}, 'num_classes': 4, 'remap_mscoco_category': False, 'train_dataloader': {'type': 'DataLoader', 'dataset': {'type': 'CocoDetection', 'img_folder': '/workspace/midi/deim_data/images/train_fold0', 'ann_file': '/workspace/midi/deim_data/annotations/instances_train_fold0.json', 'return_masks': False, 'transforms': {'type': 'Compose', 'ops': [{'type': 'Mosaic', 'output_size': 320, 'rotation_range': 10, 'translation_range': [0.1, 0.1], 'scaling_range': [0.5, 1.5], 'probability': 1.0, 'fill_value': 0, 'use_cache': True, 'max_cached_images': 50, 'random_pop': True}, {'type': 'RandomPhotometricDistort', 'p': 0.5}, {'type': 'RandomZoomOut', 'fill': 0}, {'type': 'RandomIoUCrop', 'p': 0.8}, {'type': 'SanitizeBoundingBoxes', 'min_size': 1}, {'type': 'RandomHorizontalFlip'}, {'type': 'Resize', 'size': [640, 640]}, {'type': 'SanitizeBoundingBoxes', 'min_size': 1}, {'type': 'ConvertPILImage', 'dtype': 'float32', 'scale': True}, {'type': 'Normalize', 'mean': [0.485, 0.456, 0.406], 'std': [0.229, 0.224, 0.225]}, {'type': 'ConvertBoxes', 'fmt': 'cxcywh', 'normalize': True}], 'policy': {'name': 'stop_epoch', 'epoch': [4, 64, 100], 'ops': ['Mosaic', 'RandomPhotometricDistort', 'RandomZoomOut', 'RandomIoUCrop']}, 'mosaic_prob': 0.5}}, 'shuffle': True, 'num_workers': 4, 'drop_last': False, 'collate_fn': {'type': 'BatchImageCollateFunction', 'base_size': 640, 'base_size_repeat': 6, 'stop_epoch': 100, 'mixup_prob': 0.5, 'mixup_epochs': [4, 64], 'copyblend_prob': 0.5, 'copyblend_epochs': [4, 100], 'area_threshold': 100, 'num_objects': 3, 'with_expand': True, 'expand_ratios': [0.1, 0.25], 'ema_restart_decay': 0.9999}, 'total_batch_size': 4}, 'val_dataloader': {'type': 'DataLoader', 'dataset': {'type': 'CocoDetection', 'img_folder': '/workspace/midi/deim_data/images/fold0', 'ann_file': '/workspace/midi/deim_data/annotations/instances_fold0.json', 'return_masks': False, 'transforms': {'type': 'Compose', 'ops': [{'type': 'Resize', 'size': [640, 640]}, {'type': 'ConvertPILImage', 'dtype': 'float32', 'scale': True}, {'type': 'Normalize', 'mean': [0.485, 0.456, 0.406], 'std': [0.229, 0.224, 0.225]}]}}, 'shuffle': False, 'num_workers': 4, 'drop_last': False, 'collate_fn': {'type': 'BatchImageCollateFunction'}, 'total_batch_size': 4}, 'print_freq': 500, 'output_dir': '/workspace/midi/deim_configs/runs/m_fold0', 'checkpoint_freq': 5, 'sync_bn': True, 'find_unused_parameters': True, 'use_amp': True, 'scaler': {'type': 'GradScaler', 'enabled': True}, 'use_ema': True, 'ema': {'type': 'ModelEMA', 'decay': 0.9999, 'warmups': 1000, 'start': 0}, 'epoches': 120, 'clip_max_norm': 0.1, 'optimizer': {'type': 'AdamW', 'params': [{'params': '^(?=.*.dinov3)(?!.*(?:norm|bn|bias)).*$', 'lr': 2.5e-05}, {'params': '^(?=.*.dinov3)(?=.*(?:norm|bn|bias)).*$', 'lr': 2.5e-05, 'weight_decay': 0.0}, {'params': '^(?=.*(?:sta|encoder|decoder))(?=.*(?:norm|bn|bias)).*$', 'weight_decay': 0.0}], 'lr': 0.0005, 'betas': [0.9, 0.999], 'weight_decay': 0.0001}, 'lr_scheduler': {'type': 'MultiStepLR', 'milestones': [500], 'gamma': 0.1}, 'lr_warmup_scheduler': {'type': 'LinearWarmup', 'warmup_duration': 500}, 'model': 'DEIM', 'criterion': 'DEIMCriterion', 'postprocessor': 'PostProcessor', 'use_focal_loss': True, 'eval_spatial_size': [640, 640], 'DEIM': {'backbone': 'DINOv3STAs', 'encoder': 'HybridEncoder', 'decoder': 'DEIMTransformer'}, 'HGNetv2': {'name': 'B4', 'return_idx': [1, 2, 3], 'freeze_at': -1, 'freeze_stem_only': True, 'freeze_norm': False, 'pretrained': True, 'local_model_dir': './weight/hgnetv2/'}, 'HybridEncoder': {'in_channels': [256, 256, 256], 'feat_strides': [8, 16, 32], 'hidden_dim': 256, 'use_encoder_idx': [2], 'num_encoder_layers': 1, 'nhead': 8, 'dim_feedforward': 512, 'dropout': 0.0, 'enc_act': 'gelu', 'expansion': 0.67, 'depth_mult': 1, 'act': 'silu', 'version': 'deim', 'csp_type': 'csp2', 'fuse_op': 'sum'}, 'DEIMTransformer': {'feat_channels': [256, 256, 256], 'feat_strides': [8, 16, 32], 'hidden_dim': 256, 'num_levels': 3, 'num_layers': 4, 'eval_idx': -1, 'num_queries': 300, 'num_denoising': 100, 'label_noise_ratio': 0.5, 'box_noise_scale': 1.0, 'reg_max': 32, 'reg_scale': 4, 'layer_scale': 1, 'num_points': [3, 6, 3], 'cross_attn_method': 'default', 'query_select_method': 'default', 'activation': 'silu', 'mlp_act': 'silu', 'dim_feedforward': 512}, 'PostProcessor': {'num_top_queries': 300}, 'lrsheduler': 'flatcosine', 'lr_gamma': 0.5, 'warmup_iter': 2000, 'flat_epoch': 64, 'no_aug_epoch': 20, 'DEIMCriterion': {'weight_dict': {'loss_mal': 1, 'loss_bbox': 5, 'loss_giou': 2, 'loss_fgl': 0.15, 'loss_ddf': 1.5}, 'losses': ['mal', 'boxes', 'local'], 'gamma': 1.5, 'alpha': 0.75, 'reg_max': 32, 'matcher': {'type': 'HungarianMatcher', 'weight_dict': {'cost_class': 2, 'cost_bbox': 5, 'cost_giou': 2}, 'alpha': 0.25, 'gamma': 2.0, 'change_matcher': True, 'iou_order_alpha': 4.0, 'matcher_change_epoch': 90}}, '__include__': ['/workspace/midi/DEIMv2/configs/deimv2/deimv2_dinov3_m_coco.yml'], 'DINOv3STAs': {'name': 'vit_tinyplus', 'embed_dim': 256, 'weights_path': './ckpts/vittplus_distill.pt', 'interaction_indexes': [3, 7, 11], 'num_heads': 4}, 'lr_warmup': {'warmup_iter': 48}, 'tuning': '/workspace/midi/ckpt/deimv2_dinov3_m_coco.pth', 'config': '/workspace/midi/deim_configs/deimv2_m_fold0.yml', 'seed': 42, 'test_only': False, 'print_method': 'builtin', 'print_rank': 0}}
Training ViT-Tiny from scratch...
Using Lite Spatial Prior Module with inplanes=16
     --- Use Gateway@True ---
     --- Use Share Bbox Head@False ---
     --- Use Share Score Head@False ---
     --- Wide Layer@1 ---
Tuning checkpoint from /workspace/midi/ckpt/deimv2_dinov3_m_coco.pth
Load model.state_dict, {'missed': ['decoder.denoising_class_embed.weight'], 'unmatched': ['decoder.enc_score_head.weight', 'decoder.enc_score_head.bias', 'decoder.dec_score_head.0.weight', 'decoder.dec_score_head.0.bias', 'decoder.dec_score_head.1.weight', 'decoder.dec_score_head.1.bias', 'decoder.dec_score_head.2.weight', 'decoder.dec_score_head.2.bias', 'decoder.dec_score_head.3.weight', 'decoder.dec_score_head.3.bias']}
Using the new matching cost with iou_order_alpha = 4.0 at epoch 90
Initial lr: [2.5e-05, 2.5e-05, 0.0005, 0.0005]
building train_dataloader with batch_size=4...
     ### Transform @Mosaic ###    
     ### Transform @RandomPhotometricDistort ###    
     ### Transform @RandomZoomOut ###    
     ### Transform @RandomIoUCrop ###    
     ### Transform @SanitizeBoundingBoxes ###    
     ### Transform @RandomHorizontalFlip ###    
     ### Transform @Resize ###    
     ### Transform @SanitizeBoundingBoxes ###    
     ### Transform @ConvertPILImage ###    
     ### Transform @Normalize ###    
     ### Transform @ConvertBoxes ###    
     ### Mosaic with Prob.@0.5 and ZoomOut/IoUCrop existed ### 
     ### ImgTransforms Epochs: [4, 64, 100] ### 
     ### Policy_ops@['Mosaic', 'RandomPhotometricDistort', 'RandomZoomOut', 'RandomIoUCrop'] ###
     ### Using MixUp with Prob@0.5 in [4, 64] epochs ### 
     ### Using CopyBlend-blend with Prob@0.5 in [4, 100] epochs ### 
     ### CopyBlend -- area threshold@100 and num of object@3 ###     
     ### CopyBlend -- expand@[0.1, 0.25] ###     
     ### Multi-scale Training until 100 epochs ### 
     ### Multi-scales@ [480, 512, 544, 576, 608, 640, 640, 640, 640, 640, 640, 800, 768, 736, 704, 672] ###        
building val_dataloader with batch_size=4...
     ### Transform @Resize ###    
     ### Transform @ConvertPILImage ###    
     ### Transform @Normalize ###    

------------------------------------- Calculate Flops Results -------------------------------------
Notations:
number of parameters (Params), number of multiply-accumulate operations(MACs),
number of floating-point operations (FLOPs), floating-point operations per second (FLOPS),
fwd FLOPs (model forward propagation FLOPs), bwd FLOPs (model backward propagation FLOPs),
default model backpropagation takes 2.00 times as much computation as forward propagation.

Total Training Params:                                                  18.05 M 
fwd MACs:                                                               25.8695 GMACs
fwd FLOPs:                                                              51.8632 GFLOPS
fwd+bwd MACs:                                                           77.6085 GMACs
fwd+bwd FLOPs:                                                          155.589 GFLOPS
---------------------------------------------------------------------------------------------------
{'Model FLOPs:51.8632 GFLOPS   MACs:25.8695 GMACs   Params:18047835'}
------------------------------------------Start training-------------------------------------------
Index 194: module.decoder.decoder.layers.1.cross_attn.attention_weights.weight - requires_grad: True
Index 195: module.decoder.decoder.layers.1.cross_attn.attention_weights.bias - requires_grad: True
     ## Using Self-defined Scheduler-flatcosine ## 
[2.5e-05, 2.5e-05, 0.0005, 0.0005] [1.25e-05, 1.25e-05, 0.00025, 0.00025] 960 2000 512 160
number of trainable parameters: 18240632
number of non-trainable parameters: 2
Epoch: [0]  [0/8]  eta: 0:00:09  lr: 0.000000  loss: 57.4785 (57.4785)  loss_mal: 1.2793 (1.2793)  loss_bbox: 1.6696 (1.6696)  loss_giou: 1.5202 (1.5202)  loss_fgl: 1.0128 (1.0128)  loss_mal_aux_0: 1.0615 (1.0615)  loss_bbox_aux_0: 1.6035 (1.6035)  loss_giou_aux_0: 1.5788 (1.5788)  loss_fgl_aux_0: 1.0266 (1.0266)  loss_ddf_aux_0: 0.0656 (0.0656)  loss_mal_aux_1: 1.3604 (1.3604)  loss_bbox_aux_1: 1.5994 (1.5994)  loss_giou_aux_1: 1.5620 (1.5620)  loss_fgl_aux_1: 0.9926 (0.9926)  loss_ddf_aux_1: 0.0194 (0.0194)  loss_mal_aux_2: 1.4326 (1.4326)  loss_bbox_aux_2: 1.6115 (1.6115)  loss_giou_aux_2: 1.5295 (1.5295)  loss_fgl_aux_2: 1.0119 (1.0119)  loss_ddf_aux_2: 0.0040 (0.0040)  loss_mal_pre: 0.9600 (0.9600)  loss_bbox_pre: 1.6597 (1.6597)  loss_giou_pre: 1.6284 (1.6284)  loss_mal_enc_0: 0.8589 (0.8589)  loss_bbox_enc_0: 1.7905 (1.7905)  loss_giou_enc_0: 1.7041 (1.7041)  loss_mal_dn_0: 1.3604 (1.3604)  loss_bbox_dn_0: 1.8263 (1.8263)  loss_giou_dn_0: 1.2634 (1.2634)  loss_fgl_dn_0: 1.0969 (1.0969)  loss_ddf_dn_0: 0.1861 (0.1861)  loss_mal_dn_1: 1.5371 (1.5371)  loss_bbox_dn_1: 1.7633 (1.7633)  loss_giou_dn_1: 1.1808 (1.1808)  loss_fgl_dn_1: 1.0586 (1.0586)  loss_ddf_dn_1: 0.0470 (0.0470)  loss_mal_dn_2: 1.6055 (1.6055)  loss_bbox_dn_2: 1.8175 (1.8175)  loss_giou_dn_2: 1.1457 (1.1457)  loss_fgl_dn_2: 1.0886 (1.0886)  loss_ddf_dn_2: 0.0067 (0.0067)  loss_mal_dn_3: 1.5479 (1.5479)  loss_bbox_dn_3: 1.8614 (1.8614)  loss_giou_dn_3: 1.1384 (1.1384)  loss_fgl_dn_3: 1.0914 (1.0914)  loss_mal_dn_pre: 1.4688 (1.4688)  loss_bbox_dn_pre: 1.6463 (1.6463)  loss_giou_dn_pre: 1.1978 (1.1978)  time: 1.2008  data: 0.3242  max mem: 1808
Epoch: [0]  [7/8]  eta: 0:00:00  lr: 0.000000  loss: 54.7565 (54.7943)  loss_mal: 0.8369 (0.9305)  loss_bbox: 1.6696 (1.6902)  loss_giou: 1.5997 (1.6170)  loss_fgl: 0.7164 (0.7321)  loss_mal_aux_0: 0.6802 (0.7994)  loss_bbox_aux_0: 1.6035 (1.7163)  loss_giou_aux_0: 1.6595 (1.6895)  loss_fgl_aux_0: 0.5919 (0.6849)  loss_ddf_aux_0: 0.0441 (0.0563)  loss_mal_aux_1: 0.7446 (0.8829)  loss_bbox_aux_1: 1.5994 (1.6965)  loss_giou_aux_1: 1.6488 (1.6555)  loss_fgl_aux_1: 0.6000 (0.6972)  loss_ddf_aux_1: 0.0078 (0.0132)  loss_mal_aux_2: 0.8589 (0.9552)  loss_bbox_aux_2: 1.6115 (1.6838)  loss_giou_aux_2: 1.6048 (1.6161)  loss_fgl_aux_2: 0.7026 (0.7383)  loss_ddf_aux_2: 0.0010 (0.0017)  loss_mal_pre: 0.6880 (0.7570)  loss_bbox_pre: 1.6597 (1.7487)  loss_giou_pre: 1.6883 (1.7095)  loss_mal_enc_0: 0.9028 (1.0458)  loss_bbox_enc_0: 1.7905 (1.7919)  loss_giou_enc_0: 1.7041 (1.7552)  loss_mal_dn_0: 1.3154 (1.3248)  loss_bbox_dn_0: 1.7720 (1.8225)  loss_giou_dn_0: 1.2244 (1.2596)  loss_fgl_dn_0: 0.9610 (0.9644)  loss_ddf_dn_0: 0.1270 (0.1320)  loss_mal_dn_1: 1.5371 (1.5132)  loss_bbox_dn_1: 1.5726 (1.7292)  loss_giou_dn_1: 1.1543 (1.1839)  loss_fgl_dn_1: 0.9352 (0.9302)  loss_ddf_dn_1: 0.0300 (0.0337)  loss_mal_dn_2: 1.5967 (1.6013)  loss_bbox_dn_2: 1.6611 (1.7468)  loss_giou_dn_2: 1.1420 (1.1490)  loss_fgl_dn_2: 0.9406 (0.9439)  loss_ddf_dn_2: 0.0028 (0.0041)  loss_mal_dn_3: 1.5361 (1.5497)  loss_bbox_dn_3: 1.6961 (1.7870)  loss_giou_dn_3: 1.1384 (1.1493)  loss_fgl_dn_3: 0.9478 (0.9442)  loss_mal_dn_pre: 1.3291 (1.3458)  loss_bbox_dn_pre: 1.6463 (1.7723)  loss_giou_dn_pre: 1.2096 (1.2428)  time: 0.3834  data: 0.0423  max mem: 3505
Epoch: [0] Total time: 0:00:03 (0.3897 s / it)
Averaged stats: lr: 0.000000  loss: 54.7565 (54.7943)  loss_mal: 0.8369 (0.9305)  loss_bbox: 1.6696 (1.6902)  loss_giou: 1.5997 (1.6170)  loss_fgl: 0.7164 (0.7321)  loss_mal_aux_0: 0.6802 (0.7994)  loss_bbox_aux_0: 1.6035 (1.7163)  loss_giou_aux_0: 1.6595 (1.6895)  loss_fgl_aux_0: 0.5919 (0.6849)  loss_ddf_aux_0: 0.0441 (0.0563)  loss_mal_aux_1: 0.7446 (0.8829)  loss_bbox_aux_1: 1.5994 (1.6965)  loss_giou_aux_1: 1.6488 (1.6555)  loss_fgl_aux_1: 0.6000 (0.6972)  loss_ddf_aux_1: 0.0078 (0.0132)  loss_mal_aux_2: 0.8589 (0.9552)  loss_bbox_aux_2: 1.6115 (1.6838)  loss_giou_aux_2: 1.6048 (1.6161)  loss_fgl_aux_2: 0.7026 (0.7383)  loss_ddf_aux_2: 0.0010 (0.0017)  loss_mal_pre: 0.6880 (0.7570)  loss_bbox_pre: 1.6597 (1.7487)  loss_giou_pre: 1.6883 (1.7095)  loss_mal_enc_0: 0.9028 (1.0458)  loss_bbox_enc_0: 1.7905 (1.7919)  loss_giou_enc_0: 1.7041 (1.7552)  loss_mal_dn_0: 1.3154 (1.3248)  loss_bbox_dn_0: 1.7720 (1.8225)  loss_giou_dn_0: 1.2244 (1.2596)  loss_fgl_dn_0: 0.9610 (0.9644)  loss_ddf_dn_0: 0.1270 (0.1320)  loss_mal_dn_1: 1.5371 (1.5132)  loss_bbox_dn_1: 1.5726 (1.7292)  loss_giou_dn_1: 1.1543 (1.1839)  loss_fgl_dn_1: 0.9352 (0.9302)  loss_ddf_dn_1: 0.0300 (0.0337)  loss_mal_dn_2: 1.5967 (1.6013)  loss_bbox_dn_2: 1.6611 (1.7468)  loss_giou_dn_2: 1.1420 (1.1490)  loss_fgl_dn_2: 0.9406 (0.9439)  loss_ddf_dn_2: 0.0028 (0.0041)  loss_mal_dn_3: 1.5361 (1.5497)  loss_bbox_dn_3: 1.6961 (1.7870)  loss_giou_dn_3: 1.1384 (1.1493)  loss_fgl_dn_3: 0.9478 (0.9442)  loss_mal_dn_pre: 1.3291 (1.3458)  loss_bbox_dn_pre: 1.6463 (1.7723)  loss_giou_dn_pre: 1.2096 (1.2428)
Test:  [0/4]  eta: 0:00:01    time: 0.4165  data: 0.3394  max mem: 3505
Test:  [3/4]  eta: 0:00:00    time: 0.1815  data: 0.0869  max mem: 3505
Test: Total time: 0:00:00 (0.1997 s / it)
Averaged stats: 
Accumulating evaluation results...
COCOeval_opt.accumulate() finished...
DONE (t=0.00s).
IoU metric: bbox
 Average Precision  (AP) @[ IoU=0.50:0.95 | area=   all | maxDets=100 ] = 0.005
 Average Precision  (AP) @[ IoU=0.50      | area=   all | maxDets=100 ] = 0.006
 Average Precision  (AP) @[ IoU=0.75      | area=   all | maxDets=100 ] = 0.006
 Average Precision  (AP) @[ IoU=0.50:0.95 | area= small | maxDets=100 ] = -1.000
 Average Precision  (AP) @[ IoU=0.50:0.95 | area=medium | maxDets=100 ] = -1.000
 Average Precision  (AP) @[ IoU=0.50:0.95 | area= large | maxDets=100 ] = 0.015
 Average Recall     (AR) @[ IoU=0.50:0.95 | area=   all | maxDets=  1 ] = 0.030
 Average Recall     (AR) @[ IoU=0.50:0.95 | area=   all | maxDets= 10 ] = 0.083
 Average Recall     (AR) @[ IoU=0.50:0.95 | area=   all | maxDets=100 ] = 0.187
 Average Recall     (AR) @[ IoU=0.50:0.95 | area= small | maxDets=100 ] = -1.000
 Average Recall     (AR) @[ IoU=0.50:0.95 | area=medium | maxDets=100 ] = -1.000
 Average Recall     (AR) @[ IoU=0.50:0.95 | area= large | maxDets=100 ] = 0.187
 Average Recall     (AR) @[ IoU=0.50      | area=   all | maxDets=100 ] = 0.267
 Average Recall     (AR) @[ IoU=0.75      | area=   all | maxDets=100 ] = 0.167
best_stat: {'epoch': 0, 'coco_eval_bbox': 0.004558175091756313}
Epoch: [1]  [0/8]  eta: 0:00:04  lr: 0.000000  loss: 54.2342 (54.2342)  loss_mal: 1.3115 (1.3115)  loss_bbox: 1.3024 (1.3024)  loss_giou: 1.4283 (1.4283)  loss_fgl: 0.9216 (0.9216)  loss_mal_aux_0: 0.9111 (0.9111)  loss_bbox_aux_0: 1.3724 (1.3724)  loss_giou_aux_0: 1.5473 (1.5473)  loss_fgl_aux_0: 0.8205 (0.8205)  loss_ddf_aux_0: 0.0486 (0.0486)  loss_mal_aux_1: 1.1797 (1.1797)  loss_bbox_aux_1: 1.3125 (1.3125)  loss_giou_aux_1: 1.4918 (1.4918)  loss_fgl_aux_1: 0.8872 (0.8872)  loss_ddf_aux_1: 0.0094 (0.0094)  loss_mal_aux_2: 1.2783 (1.2783)  loss_bbox_aux_2: 1.2967 (1.2967)  loss_giou_aux_2: 1.4373 (1.4373)  loss_fgl_aux_2: 0.9250 (0.9250)  loss_ddf_aux_2: 0.0013 (0.0013)  loss_mal_pre: 0.8955 (0.8955)  loss_bbox_pre: 1.4386 (1.4386)  loss_giou_pre: 1.5547 (1.5547)  loss_mal_enc_0: 1.0928 (1.0928)  loss_bbox_enc_0: 1.7168 (1.7168)  loss_giou_enc_0: 1.8045 (1.8045)  loss_mal_dn_0: 1.4229 (1.4229)  loss_bbox_dn_0: 1.8341 (1.8341)  loss_giou_dn_0: 1.2254 (1.2254)  loss_fgl_dn_0: 0.9688 (0.9688)  loss_ddf_dn_0: 0.1330 (0.1330)  loss_mal_dn_1: 1.5898 (1.5898)  loss_bbox_dn_1: 1.6746 (1.6746)  loss_giou_dn_1: 1.1516 (1.1516)  loss_fgl_dn_1: 0.9313 (0.9313)  loss_ddf_dn_1: 0.0352 (0.0352)  loss_mal_dn_2: 1.6680 (1.6680)  loss_bbox_dn_2: 1.7207 (1.7207)  loss_giou_dn_2: 1.1233 (1.1233)  loss_fgl_dn_2: 0.9432 (0.9432)  loss_ddf_dn_2: 0.0045 (0.0045)  loss_mal_dn_3: 1.6309 (1.6309)  loss_bbox_dn_3: 1.7587 (1.7587)  loss_giou_dn_3: 1.1274 (1.1274)  loss_fgl_dn_3: 0.9409 (0.9409)  loss_mal_dn_pre: 1.4971 (1.4971)  loss_bbox_dn_pre: 1.6823 (1.6823)  loss_giou_dn_pre: 1.1850 (1.1850)  time: 0.5819  data: 0.3855  max mem: 3579
Epoch: [1]  [7/8]  eta: 0:00:00  lr: 0.000000  loss: 54.2342 (54.2474)  loss_mal: 1.1475 (1.0331)  loss_bbox: 1.3024 (1.6369)  loss_giou: 1.4738 (1.5644)  loss_fgl: 0.6447 (0.6978)  loss_mal_aux_0: 0.7188 (0.7262)  loss_bbox_aux_0: 1.4354 (1.6726)  loss_giou_aux_0: 1.5725 (1.6766)  loss_fgl_aux_0: 0.6197 (0.6570)  loss_ddf_aux_0: 0.0624 (0.0652)  loss_mal_aux_1: 0.9980 (0.9613)  loss_bbox_aux_1: 1.3125 (1.5912)  loss_giou_aux_1: 1.5069 (1.5956)  loss_fgl_aux_1: 0.6325 (0.6917)  loss_ddf_aux_1: 0.0128 (0.0325)  loss_mal_aux_2: 1.1494 (1.0223)  loss_bbox_aux_2: 1.3204 (1.6710)  loss_giou_aux_2: 1.4901 (1.5674)  loss_fgl_aux_2: 0.6467 (0.6990)  loss_ddf_aux_2: 0.0019 (0.0024)  loss_mal_pre: 0.7598 (0.7034)  loss_bbox_pre: 1.4944 (1.7246)  loss_giou_pre: 1.6023 (1.6879)  loss_mal_enc_0: 0.7881 (0.8940)  loss_bbox_enc_0: 1.7517 (1.8257)  loss_giou_enc_0: 1.7489 (1.7353)  loss_mal_dn_0: 1.2002 (1.3104)  loss_bbox_dn_0: 1.8341 (1.8428)  loss_giou_dn_0: 1.2976 (1.2681)  loss_fgl_dn_0: 0.9627 (0.9556)  loss_ddf_dn_0: 0.1330 (0.1316)  loss_mal_dn_1: 1.3789 (1.5092)  loss_bbox_dn_1: 1.6746 (1.7277)  loss_giou_dn_1: 1.2309 (1.1853)  loss_fgl_dn_1: 0.9295 (0.9227)  loss_ddf_dn_1: 0.0313 (0.0343)  loss_mal_dn_2: 1.4189 (1.5775)  loss_bbox_dn_2: 1.7089 (1.7426)  loss_giou_dn_2: 1.2065 (1.1600)  loss_fgl_dn_2: 0.9386 (0.9342)  loss_ddf_dn_2: 0.0034 (0.0039)  loss_mal_dn_3: 1.4180 (1.5463)  loss_bbox_dn_3: 1.7587 (1.7686)  loss_giou_dn_3: 1.1988 (1.1546)  loss_fgl_dn_3: 0.9409 (0.9375)  loss_mal_dn_pre: 1.2178 (1.3233)  loss_bbox_dn_pre: 1.6823 (1.8186)  loss_giou_dn_pre: 1.2965 (1.2575)  time: 0.2365  data: 0.0498  max mem: 3579
Epoch: [1] Total time: 0:00:01 (0.2439 s / it)
Averaged stats: lr: 0.000000  loss: 54.2342 (54.2474)  loss_mal: 1.1475 (1.0331)  loss_bbox: 1.3024 (1.6369)  loss_giou: 1.4738 (1.5644)  loss_fgl: 0.6447 (0.6978)  loss_mal_aux_0: 0.7188 (0.7262)  loss_bbox_aux_0: 1.4354 (1.6726)  loss_giou_aux_0: 1.5725 (1.6766)  loss_fgl_aux_0: 0.6197 (0.6570)  loss_ddf_aux_0: 0.0624 (0.0652)  loss_mal_aux_1: 0.9980 (0.9613)  loss_bbox_aux_1: 1.3125 (1.5912)  loss_giou_aux_1: 1.5069 (1.5956)  loss_fgl_aux_1: 0.6325 (0.6917)  loss_ddf_aux_1: 0.0128 (0.0325)  loss_mal_aux_2: 1.1494 (1.0223)  loss_bbox_aux_2: 1.3204 (1.6710)  loss_giou_aux_2: 1.4901 (1.5674)  loss_fgl_aux_2: 0.6467 (0.6990)  loss_ddf_aux_2: 0.0019 (0.0024)  loss_mal_pre: 0.7598 (0.7034)  loss_bbox_pre: 1.4944 (1.7246)  loss_giou_pre: 1.6023 (1.6879)  loss_mal_enc_0: 0.7881 (0.8940)  loss_bbox_enc_0: 1.7517 (1.8257)  loss_giou_enc_0: 1.7489 (1.7353)  loss_mal_dn_0: 1.2002 (1.3104)  loss_bbox_dn_0: 1.8341 (1.8428)  loss_giou_dn_0: 1.2976 (1.2681)  loss_fgl_dn_0: 0.9627 (0.9556)  loss_ddf_dn_0: 0.1330 (0.1316)  loss_mal_dn_1: 1.3789 (1.5092)  loss_bbox_dn_1: 1.6746 (1.7277)  loss_giou_dn_1: 1.2309 (1.1853)  loss_fgl_dn_1: 0.9295 (0.9227)  loss_ddf_dn_1: 0.0313 (0.0343)  loss_mal_dn_2: 1.4189 (1.5775)  loss_bbox_dn_2: 1.7089 (1.7426)  loss_giou_dn_2: 1.2065 (1.1600)  loss_fgl_dn_2: 0.9386 (0.9342)  loss_ddf_dn_2: 0.0034 (0.0039)  loss_mal_dn_3: 1.4180 (1.5463)  loss_bbox_dn_3: 1.7587 (1.7686)  loss_giou_dn_3: 1.1988 (1.1546)  loss_fgl_dn_3: 0.9409 (0.9375)  loss_mal_dn_pre: 1.2178 (1.3233)  loss_bbox_dn_pre: 1.6823 (1.8186)  loss_giou_dn_pre: 1.2965 (1.2575)
Test:  [0/4]  eta: 0:00:01    time: 0.4068  data: 0.3605  max mem: 3579
Test:  [3/4]  eta: 0:00:00    time: 0.1282  data: 0.0921  max mem: 3579
Test: Total time: 0:00:00 (0.1466 s / it)
Averaged stats: 
Accumulating evaluation results...
COCOeval_opt.accumulate() finished...
DONE (t=0.00s).
IoU metric: bbox
 Average Precision  (AP) @[ IoU=0.50:0.95 | area=   all | maxDets=100 ] = 0.004
 Average Precision  (AP) @[ IoU=0.50      | area=   all | maxDets=100 ] = 0.005
 Average Precision  (AP) @[ IoU=0.75      | area=   all | maxDets=100 ] = 0.005
 Average Precision  (AP) @[ IoU=0.50:0.95 | area= small | maxDets=100 ] = -1.000
 Average Precision  (AP) @[ IoU=0.50:0.95 | area=medium | maxDets=100 ] = -1.000
 Average Precision  (AP) @[ IoU=0.50:0.95 | area= large | maxDets=100 ] = 0.023
 Average Recall     (AR) @[ IoU=0.50:0.95 | area=   all | maxDets=  1 ] = 0.023
 Average Recall     (AR) @[ IoU=0.50:0.95 | area=   all | maxDets= 10 ] = 0.103
 Average Recall     (AR) @[ IoU=0.50:0.95 | area=   all | maxDets=100 ] = 0.130
 Average Recall     (AR) @[ IoU=0.50:0.95 | area= small | maxDets=100 ] = -1.000
 Average Recall     (AR) @[ IoU=0.50:0.95 | area=medium | maxDets=100 ] = -1.000
 Average Recall     (AR) @[ IoU=0.50:0.95 | area= large | maxDets=100 ] = 0.130
 Average Recall     (AR) @[ IoU=0.50      | area=   all | maxDets=100 ] = 0.200
 Average Recall     (AR) @[ IoU=0.75      | area=   all | maxDets=100 ] = 0.133
best_stat: {'epoch': 0, 'coco_eval_bbox': 0.004558175091756313}
Epoch: [2]  [0/8]  eta: 0:00:04  lr: 0.000000  loss: 52.0050 (52.0050)  loss_mal: 1.0830 (1.0830)  loss_bbox: 1.3544 (1.3544)  loss_giou: 1.5210 (1.5210)  loss_fgl: 0.7140 (0.7140)  loss_mal_aux_0: 0.7778 (0.7778)  loss_bbox_aux_0: 1.5620 (1.5620)  loss_giou_aux_0: 1.6395 (1.6395)  loss_fgl_aux_0: 0.6619 (0.6619)  loss_ddf_aux_0: 0.0689 (0.0689)  loss_mal_aux_1: 0.8931 (0.8931)  loss_bbox_aux_1: 1.4112 (1.4112)  loss_giou_aux_1: 1.5726 (1.5726)  loss_fgl_aux_1: 0.7000 (0.7000)  loss_ddf_aux_1: 0.0276 (0.0276)  loss_mal_aux_2: 1.0674 (1.0674)  loss_bbox_aux_2: 1.3532 (1.3532)  loss_giou_aux_2: 1.5265 (1.5265)  loss_fgl_aux_2: 0.7104 (0.7104)  loss_ddf_aux_2: 0.0015 (0.0015)  loss_mal_pre: 0.6621 (0.6621)  loss_bbox_pre: 1.6037 (1.6037)  loss_giou_pre: 1.6428 (1.6428)  loss_mal_enc_0: 0.8662 (0.8662)  loss_bbox_enc_0: 1.5191 (1.5191)  loss_giou_enc_0: 1.7182 (1.7182)  loss_mal_dn_0: 1.2588 (1.2588)  loss_bbox_dn_0: 1.6692 (1.6692)  loss_giou_dn_0: 1.2994 (1.2994)  loss_fgl_dn_0: 0.9484 (0.9484)  loss_ddf_dn_0: 0.1306 (0.1306)  loss_mal_dn_1: 1.4551 (1.4551)  loss_bbox_dn_1: 1.6257 (1.6257)  loss_giou_dn_1: 1.2190 (1.2190)  loss_fgl_dn_1: 0.9199 (0.9199)  loss_ddf_dn_1: 0.0289 (0.0289)  loss_mal_dn_2: 1.5566 (1.5566)  loss_bbox_dn_2: 1.6175 (1.6175)  loss_giou_dn_2: 1.1777 (1.1777)  loss_fgl_dn_2: 0.9329 (0.9329)  loss_ddf_dn_2: 0.0031 (0.0031)  loss_mal_dn_3: 1.5273 (1.5273)  loss_bbox_dn_3: 1.6289 (1.6289)  loss_giou_dn_3: 1.1702 (1.1702)  loss_fgl_dn_3: 0.9372 (0.9372)  loss_mal_dn_pre: 1.2627 (1.2627)  loss_bbox_dn_pre: 1.6857 (1.6857)  loss_giou_dn_pre: 1.2920 (1.2920)  time: 0.5682  data: 0.3727  max mem: 3579
Epoch: [2]  [7/8]  eta: 0:00:00  lr: 0.000000  loss: 54.4664 (54.3795)  loss_mal: 0.8457 (0.9489)  loss_bbox: 1.7387 (1.7664)  loss_giou: 1.5521 (1.6390)  loss_fgl: 0.5772 (0.5668)  loss_mal_aux_0: 0.7681 (0.7673)  loss_bbox_aux_0: 1.7590 (1.7874)  loss_giou_aux_0: 1.6479 (1.7189)  loss_fgl_aux_0: 0.4936 (0.5362)  loss_ddf_aux_0: 0.0461 (0.0541)  loss_mal_aux_1: 0.7671 (0.8764)  loss_bbox_aux_1: 1.7225 (1.7676)  loss_giou_aux_1: 1.5819 (1.6643)  loss_fgl_aux_1: 0.5225 (0.5536)  loss_ddf_aux_1: 0.0092 (0.0163)  loss_mal_aux_2: 0.8623 (0.9473)  loss_bbox_aux_2: 1.7328 (1.7587)  loss_giou_aux_2: 1.5577 (1.6402)  loss_fgl_aux_2: 0.5726 (0.5691)  loss_ddf_aux_2: 0.0013 (0.0015)  loss_mal_pre: 0.6621 (0.6927)  loss_bbox_pre: 1.7322 (1.8222)  loss_giou_pre: 1.6750 (1.7295)  loss_mal_enc_0: 0.7378 (0.8068)  loss_bbox_enc_0: 1.7279 (1.6993)  loss_giou_enc_0: 1.7464 (1.7721)  loss_mal_dn_0: 1.2588 (1.3196)  loss_bbox_dn_0: 1.7478 (1.7799)  loss_giou_dn_0: 1.2553 (1.2694)  loss_fgl_dn_0: 0.9783 (0.9705)  loss_ddf_dn_0: 0.1464 (0.1423)  loss_mal_dn_1: 1.4551 (1.5096)  loss_bbox_dn_1: 1.7621 (1.7568)  loss_giou_dn_1: 1.2094 (1.1923)  loss_fgl_dn_1: 0.9412 (0.9331)  loss_ddf_dn_1: 0.0358 (0.0367)  loss_mal_dn_2: 1.5254 (1.5813)  loss_bbox_dn_2: 1.9020 (1.8153)  loss_giou_dn_2: 1.1777 (1.1650)  loss_fgl_dn_2: 0.9331 (0.9400)  loss_ddf_dn_2: 0.0036 (0.0038)  loss_mal_dn_3: 1.5225 (1.5458)  loss_bbox_dn_3: 1.9396 (1.8514)  loss_giou_dn_3: 1.1626 (1.1600)  loss_fgl_dn_3: 0.9372 (0.9445)  loss_mal_dn_pre: 1.2627 (1.3214)  loss_bbox_dn_pre: 1.6857 (1.7765)  loss_giou_dn_pre: 1.2538 (1.2619)  time: 0.2434  data: 0.0489  max mem: 3579
Epoch: [2] Total time: 0:00:02 (0.2532 s / it)
Averaged stats: lr: 0.000000  loss: 54.4664 (54.3795)  loss_mal: 0.8457 (0.9489)  loss_bbox: 1.7387 (1.7664)  loss_giou: 1.5521 (1.6390)  loss_fgl: 0.5772 (0.5668)  loss_mal_aux_0: 0.7681 (0.7673)  loss_bbox_aux_0: 1.7590 (1.7874)  loss_giou_aux_0: 1.6479 (1.7189)  loss_fgl_aux_0: 0.4936 (0.5362)  loss_ddf_aux_0: 0.0461 (0.0541)  loss_mal_aux_1: 0.7671 (0.8764)  loss_bbox_aux_1: 1.7225 (1.7676)  loss_giou_aux_1: 1.5819 (1.6643)  loss_fgl_aux_1: 0.5225 (0.5536)  loss_ddf_aux_1: 0.0092 (0.0163)  loss_mal_aux_2: 0.8623 (0.9473)  loss_bbox_aux_2: 1.7328 (1.7587)  loss_giou_aux_2: 1.5577 (1.6402)  loss_fgl_aux_2: 0.5726 (0.5691)  loss_ddf_aux_2: 0.0013 (0.0015)  loss_mal_pre: 0.6621 (0.6927)  loss_bbox_pre: 1.7322 (1.8222)  loss_giou_pre: 1.6750 (1.7295)  loss_mal_enc_0: 0.7378 (0.8068)  loss_bbox_enc_0: 1.7279 (1.6993)  loss_giou_enc_0: 1.7464 (1.7721)  loss_mal_dn_0: 1.2588 (1.3196)  loss_bbox_dn_0: 1.7478 (1.7799)  loss_giou_dn_0: 1.2553 (1.2694)  loss_fgl_dn_0: 0.9783 (0.9705)  loss_ddf_dn_0: 0.1464 (0.1423)  loss_mal_dn_1: 1.4551 (1.5096)  loss_bbox_dn_1: 1.7621 (1.7568)  loss_giou_dn_1: 1.2094 (1.1923)  loss_fgl_dn_1: 0.9412 (0.9331)  loss_ddf_dn_1: 0.0358 (0.0367)  loss_mal_dn_2: 1.5254 (1.5813)  loss_bbox_dn_2: 1.9020 (1.8153)  loss_giou_dn_2: 1.1777 (1.1650)  loss_fgl_dn_2: 0.9331 (0.9400)  loss_ddf_dn_2: 0.0036 (0.0038)  loss_mal_dn_3: 1.5225 (1.5458)  loss_bbox_dn_3: 1.9396 (1.8514)  loss_giou_dn_3: 1.1626 (1.1600)  loss_fgl_dn_3: 0.9372 (0.9445)  loss_mal_dn_pre: 1.2627 (1.3214)  loss_bbox_dn_pre: 1.6857 (1.7765)  loss_giou_dn_pre: 1.2538 (1.2619)
Test:  [0/4]  eta: 0:00:01    time: 0.3955  data: 0.3449  max mem: 3579
Test:  [3/4]  eta: 0:00:00    time: 0.1306  data: 0.0906  max mem: 3579
Test: Total time: 0:00:00 (0.1510 s / it)
Averaged stats: 
Accumulating evaluation results...
COCOeval_opt.accumulate() finished...
DONE (t=0.00s).
IoU metric: bbox
 Average Precision  (AP) @[ IoU=0.50:0.95 | area=   all | maxDets=100 ] = 0.002
 Average Precision  (AP) @[ IoU=0.50      | area=   all | maxDets=100 ] = 0.002
 Average Precision  (AP) @[ IoU=0.75      | area=   all | maxDets=100 ] = 0.002
 Average Precision  (AP) @[ IoU=0.50:0.95 | area= small | maxDets=100 ] = -1.000
 Average Precision  (AP) @[ IoU=0.50:0.95 | area=medium | maxDets=100 ] = -1.000
 Average Precision  (AP) @[ IoU=0.50:0.95 | area= large | maxDets=100 ] = 0.023
 Average Recall     (AR) @[ IoU=0.50:0.95 | area=   all | maxDets=  1 ] = 0.000
 Average Recall     (AR) @[ IoU=0.50:0.95 | area=   all | maxDets= 10 ] = 0.103
 Average Recall     (AR) @[ IoU=0.50:0.95 | area=   all | maxDets=100 ] = 0.137
 Average Recall     (AR) @[ IoU=0.50:0.95 | area= small | maxDets=100 ] = -1.000
 Average Recall     (AR) @[ IoU=0.50:0.95 | area=medium | maxDets=100 ] = -1.000
 Average Recall     (AR) @[ IoU=0.50:0.95 | area= large | maxDets=100 ] = 0.137
 Average Recall     (AR) @[ IoU=0.50      | area=   all | maxDets=100 ] = 0.200
 Average Recall     (AR) @[ IoU=0.75      | area=   all | maxDets=100 ] = 0.167
best_stat: {'epoch': 0, 'coco_eval_bbox': 0.004558175091756313}
Epoch: [3]  [0/8]  eta: 0:00:04  lr: 0.000000  loss: 54.0790 (54.0790)  loss_mal: 1.0508 (1.0508)  loss_bbox: 1.6198 (1.6198)  loss_giou: 1.6336 (1.6336)  loss_fgl: 0.6078 (0.6078)  loss_mal_aux_0: 0.6758 (0.6758)  loss_bbox_aux_0: 1.8863 (1.8863)  loss_giou_aux_0: 1.7490 (1.7490)  loss_fgl_aux_0: 0.5373 (0.5373)  loss_ddf_aux_0: 0.0427 (0.0427)  loss_mal_aux_1: 1.0137 (1.0137)  loss_bbox_aux_1: 1.7121 (1.7121)  loss_giou_aux_1: 1.6599 (1.6599)  loss_fgl_aux_1: 0.5949 (0.5949)  loss_ddf_aux_1: 0.0091 (0.0091)  loss_mal_aux_2: 0.9419 (0.9419)  loss_bbox_aux_2: 1.6168 (1.6168)  loss_giou_aux_2: 1.6360 (1.6360)  loss_fgl_aux_2: 0.6108 (0.6108)  loss_ddf_aux_2: 0.0009 (0.0009)  loss_mal_pre: 0.6626 (0.6626)  loss_bbox_pre: 1.9164 (1.9164)  loss_giou_pre: 1.7554 (1.7554)  loss_mal_enc_0: 0.7563 (0.7563)  loss_bbox_enc_0: 1.6995 (1.6995)  loss_giou_enc_0: 1.8084 (1.8084)  loss_mal_dn_0: 1.2109 (1.2109)  loss_bbox_dn_0: 1.7789 (1.7789)  loss_giou_dn_0: 1.3217 (1.3217)  loss_fgl_dn_0: 0.9684 (0.9684)  loss_ddf_dn_0: 0.1572 (0.1572)  loss_mal_dn_1: 1.3525 (1.3525)  loss_bbox_dn_1: 1.7163 (1.7163)  loss_giou_dn_1: 1.2618 (1.2618)  loss_fgl_dn_1: 0.9323 (0.9323)  loss_ddf_dn_1: 0.0554 (0.0554)  loss_mal_dn_2: 1.3525 (1.3525)  loss_bbox_dn_2: 1.8073 (1.8073)  loss_giou_dn_2: 1.2615 (1.2615)  loss_fgl_dn_2: 0.9282 (0.9282)  loss_ddf_dn_2: 0.0111 (0.0111)  loss_mal_dn_3: 1.2686 (1.2686)  loss_bbox_dn_3: 1.9871 (1.9871)  loss_giou_dn_3: 1.2878 (1.2878)  loss_fgl_dn_3: 0.9174 (0.9174)  loss_mal_dn_pre: 1.2090 (1.2090)  loss_bbox_dn_pre: 1.7831 (1.7831)  loss_giou_dn_pre: 1.3120 (1.3120)  time: 0.5002  data: 0.3424  max mem: 3579
Epoch: [3]  [7/8]  eta: 0:00:00  lr: 0.000000  loss: 54.0790 (55.7683)  loss_mal: 0.5259 (0.7661)  loss_bbox: 1.7611 (2.0049)  loss_giou: 1.7134 (1.7308)  loss_fgl: 0.5809 (0.6448)  loss_mal_aux_0: 0.5103 (0.6185)  loss_bbox_aux_0: 1.8863 (1.9992)  loss_giou_aux_0: 1.7490 (1.7751)  loss_fgl_aux_0: 0.5373 (0.5965)  loss_ddf_aux_0: 0.0427 (0.0468)  loss_mal_aux_1: 0.4875 (0.7239)  loss_bbox_aux_1: 1.7383 (1.9925)  loss_giou_aux_1: 1.7232 (1.7513)  loss_fgl_aux_1: 0.5782 (0.6313)  loss_ddf_aux_1: 0.0089 (0.0105)  loss_mal_aux_2: 0.5522 (0.7472)  loss_bbox_aux_2: 1.7601 (1.9922)  loss_giou_aux_2: 1.7116 (1.7311)  loss_fgl_aux_2: 0.5917 (0.6452)  loss_ddf_aux_2: 0.0013 (0.0014)  loss_mal_pre: 0.4272 (0.5683)  loss_bbox_pre: 1.9663 (2.0506)  loss_giou_pre: 1.8032 (1.7991)  loss_mal_enc_0: 0.7090 (0.6972)  loss_bbox_enc_0: 1.7982 (2.0190)  loss_giou_enc_0: 1.8528 (1.8592)  loss_mal_dn_0: 1.2539 (1.2744)  loss_bbox_dn_0: 1.7789 (1.8376)  loss_giou_dn_0: 1.2736 (1.2820)  loss_fgl_dn_0: 0.9684 (0.9518)  loss_ddf_dn_0: 0.1431 (0.1503)  loss_mal_dn_1: 1.4424 (1.5050)  loss_bbox_dn_1: 1.7163 (1.7528)  loss_giou_dn_1: 1.1804 (1.1913)  loss_fgl_dn_1: 0.9323 (0.9240)  loss_ddf_dn_1: 0.0389 (0.0555)  loss_mal_dn_2: 1.5479 (1.5504)  loss_bbox_dn_2: 1.7757 (1.8574)  loss_giou_dn_2: 1.1543 (1.1742)  loss_fgl_dn_2: 0.9348 (0.9230)  loss_ddf_dn_2: 0.0064 (0.0070)  loss_mal_dn_3: 1.4746 (1.4893)  loss_bbox_dn_3: 1.8541 (1.9508)  loss_giou_dn_3: 1.1666 (1.1826)  loss_fgl_dn_3: 0.9308 (0.9211)  loss_mal_dn_pre: 1.2842 (1.2819)  loss_bbox_dn_pre: 1.7263 (1.8267)  loss_giou_dn_pre: 1.2634 (1.2765)  time: 0.1933  data: 0.0456  max mem: 3579
Epoch: [3] Total time: 0:00:01 (0.2009 s / it)
Averaged stats: lr: 0.000000  loss: 54.0790 (55.7683)  loss_mal: 0.5259 (0.7661)  loss_bbox: 1.7611 (2.0049)  loss_giou: 1.7134 (1.7308)  loss_fgl: 0.5809 (0.6448)  loss_mal_aux_0: 0.5103 (0.6185)  loss_bbox_aux_0: 1.8863 (1.9992)  loss_giou_aux_0: 1.7490 (1.7751)  loss_fgl_aux_0: 0.5373 (0.5965)  loss_ddf_aux_0: 0.0427 (0.0468)  loss_mal_aux_1: 0.4875 (0.7239)  loss_bbox_aux_1: 1.7383 (1.9925)  loss_giou_aux_1: 1.7232 (1.7513)  loss_fgl_aux_1: 0.5782 (0.6313)  loss_ddf_aux_1: 0.0089 (0.0105)  loss_mal_aux_2: 0.5522 (0.7472)  loss_bbox_aux_2: 1.7601 (1.9922)  loss_giou_aux_2: 1.7116 (1.7311)  loss_fgl_aux_2: 0.5917 (0.6452)  loss_ddf_aux_2: 0.0013 (0.0014)  loss_mal_pre: 0.4272 (0.5683)  loss_bbox_pre: 1.9663 (2.0506)  loss_giou_pre: 1.8032 (1.7991)  loss_mal_enc_0: 0.7090 (0.6972)  loss_bbox_enc_0: 1.7982 (2.0190)  loss_giou_enc_0: 1.8528 (1.8592)  loss_mal_dn_0: 1.2539 (1.2744)  loss_bbox_dn_0: 1.7789 (1.8376)  loss_giou_dn_0: 1.2736 (1.2820)  loss_fgl_dn_0: 0.9684 (0.9518)  loss_ddf_dn_0: 0.1431 (0.1503)  loss_mal_dn_1: 1.4424 (1.5050)  loss_bbox_dn_1: 1.7163 (1.7528)  loss_giou_dn_1: 1.1804 (1.1913)  loss_fgl_dn_1: 0.9323 (0.9240)  loss_ddf_dn_1: 0.0389 (0.0555)  loss_mal_dn_2: 1.5479 (1.5504)  loss_bbox_dn_2: 1.7757 (1.8574)  loss_giou_dn_2: 1.1543 (1.1742)  loss_fgl_dn_2: 0.9348 (0.9230)  loss_ddf_dn_2: 0.0064 (0.0070)  loss_mal_dn_3: 1.4746 (1.4893)  loss_bbox_dn_3: 1.8541 (1.9508)  loss_giou_dn_3: 1.1666 (1.1826)  loss_fgl_dn_3: 0.9308 (0.9211)  loss_mal_dn_pre: 1.2842 (1.2819)  loss_bbox_dn_pre: 1.7263 (1.8267)  loss_giou_dn_pre: 1.2634 (1.2765)
Test:  [0/4]  eta: 0:00:01    time: 0.4018  data: 0.3597  max mem: 3579
Test:  [3/4]  eta: 0:00:00    time: 0.1315  data: 0.0933  max mem: 3579
Test: Total time: 0:00:00 (0.1530 s / it)
Averaged stats: 
Accumulating evaluation results...
COCOeval_opt.accumulate() finished...
DONE (t=0.00s).
IoU metric: bbox
 Average Precision  (AP) @[ IoU=0.50:0.95 | area=   all | maxDets=100 ] = 0.002
 Average Precision  (AP) @[ IoU=0.50      | area=   all | maxDets=100 ] = 0.003
 Average Precision  (AP) @[ IoU=0.75      | area=   all | maxDets=100 ] = 0.003
 Average Precision  (AP) @[ IoU=0.50:0.95 | area= small | maxDets=100 ] = -1.000
 Average Precision  (AP) @[ IoU=0.50:0.95 | area=medium | maxDets=100 ] = -1.000
 Average Precision  (AP) @[ IoU=0.50:0.95 | area= large | maxDets=100 ] = 0.028
 Average Recall     (AR) @[ IoU=0.50:0.95 | area=   all | maxDets=  1 ] = 0.030
 Average Recall     (AR) @[ IoU=0.50:0.95 | area=   all | maxDets= 10 ] = 0.103
 Average Recall     (AR) @[ IoU=0.50:0.95 | area=   all | maxDets=100 ] = 0.153
 Average Recall     (AR) @[ IoU=0.50:0.95 | area= small | maxDets=100 ] = -1.000
 Average Recall     (AR) @[ IoU=0.50:0.95 | area=medium | maxDets=100 ] = -1.000
 Average Recall     (AR) @[ IoU=0.50:0.95 | area= large | maxDets=100 ] = 0.153
 Average Recall     (AR) @[ IoU=0.50      | area=   all | maxDets=100 ] = 0.233
 Average Recall     (AR) @[ IoU=0.75      | area=   all | maxDets=100 ] = 0.167
best_stat: {'epoch': 0, 'coco_eval_bbox': 0.004558175091756313}
Epoch: [4]  [0/8]  eta: 0:00:05  lr: 0.000000  loss: 44.0169 (44.0169)  loss_mal: 0.9434 (0.9434)  loss_bbox: 0.7758 (0.7758)  loss_giou: 1.6119 (1.6119)  loss_fgl: 0.7421 (0.7421)  loss_mal_aux_0: 0.8926 (0.8926)  loss_bbox_aux_0: 0.7556 (0.7556)  loss_giou_aux_0: 1.6382 (1.6382)  loss_fgl_aux_0: 0.7453 (0.7453)  loss_ddf_aux_0: 0.0570 (0.0570)  loss_mal_aux_1: 0.9717 (0.9717)  loss_bbox_aux_1: 0.7777 (0.7777)  loss_giou_aux_1: 1.6235 (1.6235)  loss_fgl_aux_1: 0.7328 (0.7328)  loss_ddf_aux_1: 0.0101 (0.0101)  loss_mal_aux_2: 0.9775 (0.9775)  loss_bbox_aux_2: 0.7776 (0.7776)  loss_giou_aux_2: 1.6121 (1.6121)  loss_fgl_aux_2: 0.7439 (0.7439)  loss_ddf_aux_2: 0.0010 (0.0010)  loss_mal_pre: 0.8340 (0.8340)  loss_bbox_pre: 0.7698 (0.7698)  loss_giou_pre: 1.6634 (1.6634)  loss_mal_enc_0: 0.8682 (0.8682)  loss_bbox_enc_0: 0.7921 (0.7921)  loss_giou_enc_0: 1.6766 (1.6766)  loss_mal_dn_0: 0.9722 (0.9722)  loss_bbox_dn_0: 1.1223 (1.1223)  loss_giou_dn_0: 1.4590 (1.4590)  loss_fgl_dn_0: 0.8294 (0.8294)  loss_ddf_dn_0: 0.1340 (0.1340)  loss_mal_dn_1: 1.2178 (1.2178)  loss_bbox_dn_1: 0.8852 (0.8852)  loss_giou_dn_1: 1.3514 (1.3514)  loss_fgl_dn_1: 0.8329 (0.8329)  loss_ddf_dn_1: 0.0266 (0.0266)  loss_mal_dn_2: 1.2520 (1.2520)  loss_bbox_dn_2: 0.9187 (0.9187)  loss_giou_dn_2: 1.3254 (1.3254)  loss_fgl_dn_2: 0.8385 (0.8385)  loss_ddf_dn_2: 0.0022 (0.0022)  loss_mal_dn_3: 1.2256 (1.2256)  loss_bbox_dn_3: 0.9157 (0.9157)  loss_giou_dn_3: 1.3198 (1.3198)  loss_fgl_dn_3: 0.8412 (0.8412)  loss_mal_dn_pre: 0.9976 (0.9976)  loss_bbox_dn_pre: 1.1204 (1.1204)  loss_giou_dn_pre: 1.4347 (1.4347)  time: 0.6790  data: 0.4896  max mem: 3579
Epoch: [4]  [7/8]  eta: 0:00:00  lr: 0.000000  loss: 46.4648 (47.5473)  loss_mal: 0.9917 (1.2870)  loss_bbox: 0.7758 (0.9469)  loss_giou: 1.6089 (1.4630)  loss_fgl: 0.6781 (0.7818)  loss_mal_aux_0: 0.8926 (1.1277)  loss_bbox_aux_0: 0.7556 (0.9762)  loss_giou_aux_0: 1.6382 (1.5284)  loss_fgl_aux_0: 0.6480 (0.7544)  loss_ddf_aux_0: 0.0570 (0.0735)  loss_mal_aux_1: 0.9717 (1.2062)  loss_bbox_aux_1: 0.7777 (0.9630)  loss_giou_aux_1: 1.6214 (1.4976)  loss_fgl_aux_1: 0.6597 (0.7567)  loss_ddf_aux_1: 0.0111 (0.0137)  loss_mal_aux_2: 1.0117 (1.3151)  loss_bbox_aux_2: 0.7776 (0.9532)  loss_giou_aux_2: 1.6111 (1.4634)  loss_fgl_aux_2: 0.6797 (0.7787)  loss_ddf_aux_2: 0.0011 (0.0011)  loss_mal_pre: 0.8389 (1.1166)  loss_bbox_pre: 0.7698 (0.9765)  loss_giou_pre: 1.6593 (1.5337)  loss_mal_enc_0: 0.8682 (1.1338)  loss_bbox_enc_0: 0.7921 (1.0160)  loss_giou_enc_0: 1.6766 (1.5901)  loss_mal_dn_0: 1.3457 (1.3515)  loss_bbox_dn_0: 1.0186 (1.0149)  loss_giou_dn_0: 1.1862 (1.2760)  loss_fgl_dn_0: 0.9980 (0.9859)  loss_ddf_dn_0: 0.1916 (0.2004)  loss_mal_dn_1: 1.6631 (1.6479)  loss_bbox_dn_1: 0.8117 (0.8174)  loss_giou_dn_1: 1.0823 (1.1440)  loss_fgl_dn_1: 0.9602 (0.9536)  loss_ddf_dn_1: 0.0382 (0.0397)  loss_mal_dn_2: 1.7393 (1.7567)  loss_bbox_dn_2: 0.8248 (0.8211)  loss_giou_dn_2: 1.0599 (1.1024)  loss_fgl_dn_2: 0.9684 (0.9583)  loss_ddf_dn_2: 0.0023 (0.0029)  loss_mal_dn_3: 1.7070 (1.7155)  loss_bbox_dn_3: 0.8061 (0.8173)  loss_giou_dn_3: 1.0670 (1.0999)  loss_fgl_dn_3: 0.9679 (0.9590)  loss_mal_dn_pre: 1.3662 (1.3888)  loss_bbox_dn_pre: 1.0205 (0.9924)  loss_giou_dn_pre: 1.1589 (1.2474)  time: 0.2356  data: 0.0638  max mem: 3579
Epoch: [4] Total time: 0:00:01 (0.2448 s / it)
Averaged stats: lr: 0.000000  loss: 46.4648 (47.5473)  loss_mal: 0.9917 (1.2870)  loss_bbox: 0.7758 (0.9469)  loss_giou: 1.6089 (1.4630)  loss_fgl: 0.6781 (0.7818)  loss_mal_aux_0: 0.8926 (1.1277)  loss_bbox_aux_0: 0.7556 (0.9762)  loss_giou_aux_0: 1.6382 (1.5284)  loss_fgl_aux_0: 0.6480 (0.7544)  loss_ddf_aux_0: 0.0570 (0.0735)  loss_mal_aux_1: 0.9717 (1.2062)  loss_bbox_aux_1: 0.7777 (0.9630)  loss_giou_aux_1: 1.6214 (1.4976)  loss_fgl_aux_1: 0.6597 (0.7567)  loss_ddf_aux_1: 0.0111 (0.0137)  loss_mal_aux_2: 1.0117 (1.3151)  loss_bbox_aux_2: 0.7776 (0.9532)  loss_giou_aux_2: 1.6111 (1.4634)  loss_fgl_aux_2: 0.6797 (0.7787)  loss_ddf_aux_2: 0.0011 (0.0011)  loss_mal_pre: 0.8389 (1.1166)  loss_bbox_pre: 0.7698 (0.9765)  loss_giou_pre: 1.6593 (1.5337)  loss_mal_enc_0: 0.8682 (1.1338)  loss_bbox_enc_0: 0.7921 (1.0160)  loss_giou_enc_0: 1.6766 (1.5901)  loss_mal_dn_0: 1.3457 (1.3515)  loss_bbox_dn_0: 1.0186 (1.0149)  loss_giou_dn_0: 1.1862 (1.2760)  loss_fgl_dn_0: 0.9980 (0.9859)  loss_ddf_dn_0: 0.1916 (0.2004)  loss_mal_dn_1: 1.6631 (1.6479)  loss_bbox_dn_1: 0.8117 (0.8174)  loss_giou_dn_1: 1.0823 (1.1440)  loss_fgl_dn_1: 0.9602 (0.9536)  loss_ddf_dn_1: 0.0382 (0.0397)  loss_mal_dn_2: 1.7393 (1.7567)  loss_bbox_dn_2: 0.8248 (0.8211)  loss_giou_dn_2: 1.0599 (1.1024)  loss_fgl_dn_2: 0.9684 (0.9583)  loss_ddf_dn_2: 0.0023 (0.0029)  loss_mal_dn_3: 1.7070 (1.7155)  loss_bbox_dn_3: 0.8061 (0.8173)  loss_giou_dn_3: 1.0670 (1.0999)  loss_fgl_dn_3: 0.9679 (0.9590)  loss_mal_dn_pre: 1.3662 (1.3888)  loss_bbox_dn_pre: 1.0205 (0.9924)  loss_giou_dn_pre: 1.1589 (1.2474)
Test:  [0/4]  eta: 0:00:01    time: 0.3815  data: 0.3442  max mem: 3579
Test:  [3/4]  eta: 0:00:00    time: 0.1243  data: 0.0881  max mem: 3579
Test: Total time: 0:00:00 (0.1419 s / it)
Averaged stats: 
Accumulating evaluation results...
COCOeval_opt.accumulate() finished...
DONE (t=0.00s).
IoU metric: bbox
 Average Precision  (AP) @[ IoU=0.50:0.95 | area=   all | maxDets=100 ] = 0.000
 Average Precision  (AP) @[ IoU=0.50      | area=   all | maxDets=100 ] = 0.000
 Average Precision  (AP) @[ IoU=0.75      | area=   all | maxDets=100 ] = 0.000
 Average Precision  (AP) @[ IoU=0.50:0.95 | area= small | maxDets=100 ] = -1.000
 Average Precision  (AP) @[ IoU=0.50:0.95 | area=medium | maxDets=100 ] = -1.000
 Average Precision  (AP) @[ IoU=0.50:0.95 | area= large | maxDets=100 ] = 0.002
 Average Recall     (AR) @[ IoU=0.50:0.95 | area=   all | maxDets=  1 ] = 0.000
 Average Recall     (AR) @[ IoU=0.50:0.95 | area=   all | maxDets= 10 ] = 0.000
 Average Recall     (AR) @[ IoU=0.50:0.95 | area=   all | maxDets=100 ] = 0.073
 Average Recall     (AR) @[ IoU=0.50:0.95 | area= small | maxDets=100 ] = -1.000
 Average Recall     (AR) @[ IoU=0.50:0.95 | area=medium | maxDets=100 ] = -1.000
 Average Recall     (AR) @[ IoU=0.50:0.95 | area= large | maxDets=100 ] = 0.073
 Average Recall     (AR) @[ IoU=0.50      | area=   all | maxDets=100 ] = 0.100
 Average Recall     (AR) @[ IoU=0.75      | area=   all | maxDets=100 ] = 0.067
best_stat: {'epoch': 0, 'coco_eval_bbox': 0.004558175091756313}
Epoch: [5]  [0/8]  eta: 0:00:06  lr: 0.000000  loss: 51.9490 (51.9490)  loss_mal: 1.1123 (1.1123)  loss_bbox: 1.3588 (1.3588)  loss_giou: 1.6481 (1.6481)  loss_fgl: 0.6662 (0.6662)  loss_mal_aux_0: 1.0654 (1.0654)  loss_bbox_aux_0: 1.4268 (1.4268)  loss_giou_aux_0: 1.6902 (1.6902)  loss_fgl_aux_0: 0.6637 (0.6637)  loss_ddf_aux_0: 0.0847 (0.0847)  loss_mal_aux_1: 1.0723 (1.0723)  loss_bbox_aux_1: 1.3874 (1.3874)  loss_giou_aux_1: 1.6681 (1.6681)  loss_fgl_aux_1: 0.6540 (0.6540)  loss_ddf_aux_1: 0.0160 (0.0160)  loss_mal_aux_2: 1.1201 (1.1201)  loss_bbox_aux_2: 1.3674 (1.3674)  loss_giou_aux_2: 1.6516 (1.6516)  loss_fgl_aux_2: 0.6660 (0.6660)  loss_ddf_aux_2: 0.0018 (0.0018)  loss_mal_pre: 0.9761 (0.9761)  loss_bbox_pre: 1.5371 (1.5371)  loss_giou_pre: 1.7281 (1.7281)  loss_mal_enc_0: 0.8740 (0.8740)  loss_bbox_enc_0: 1.7658 (1.7658)  loss_giou_enc_0: 1.8467 (1.8467)  loss_mal_dn_0: 1.4316 (1.4316)  loss_bbox_dn_0: 1.2007 (1.2007)  loss_giou_dn_0: 1.2406 (1.2406)  loss_fgl_dn_0: 1.1346 (1.1346)  loss_ddf_dn_0: 0.2611 (0.2611)  loss_mal_dn_1: 1.5918 (1.5918)  loss_bbox_dn_1: 1.0511 (1.0511)  loss_giou_dn_1: 1.1475 (1.1475)  loss_fgl_dn_1: 1.0872 (1.0872)  loss_ddf_dn_1: 0.0457 (0.0457)  loss_mal_dn_2: 1.7090 (1.7090)  loss_bbox_dn_2: 1.0648 (1.0648)  loss_giou_dn_2: 1.1026 (1.1026)  loss_fgl_dn_2: 1.0956 (1.0956)  loss_ddf_dn_2: 0.0031 (0.0031)  loss_mal_dn_3: 1.6826 (1.6826)  loss_bbox_dn_3: 1.0499 (1.0499)  loss_giou_dn_3: 1.0917 (1.0917)  loss_fgl_dn_3: 1.1010 (1.1010)  loss_mal_dn_pre: 1.4463 (1.4463)  loss_bbox_dn_pre: 1.1407 (1.1407)  loss_giou_dn_pre: 1.2213 (1.2213)  time: 0.7658  data: 0.5861  max mem: 3579
Epoch: [5]  [7/8]  eta: 0:00:00  lr: 0.000000  loss: 48.3645 (48.7682)  loss_mal: 1.1123 (1.2831)  loss_bbox: 0.8449 (1.0359)  loss_giou: 1.5559 (1.5704)  loss_fgl: 0.6662 (0.7132)  loss_mal_aux_0: 1.0654 (1.1589)  loss_bbox_aux_0: 0.9147 (1.0693)  loss_giou_aux_0: 1.5928 (1.6372)  loss_fgl_aux_0: 0.6637 (0.6740)  loss_ddf_aux_0: 0.0625 (0.0706)  loss_mal_aux_1: 1.0723 (1.2160)  loss_bbox_aux_1: 0.8762 (1.0499)  loss_giou_aux_1: 1.5927 (1.6074)  loss_fgl_aux_1: 0.6540 (0.6881)  loss_ddf_aux_1: 0.0129 (0.0143)  loss_mal_aux_2: 1.1201 (1.3113)  loss_bbox_aux_2: 0.8466 (1.0383)  loss_giou_aux_2: 1.5567 (1.5712)  loss_fgl_aux_2: 0.6660 (0.7138)  loss_ddf_aux_2: 0.0011 (0.0014)  loss_mal_pre: 0.9961 (1.1295)  loss_bbox_pre: 0.9363 (1.1088)  loss_giou_pre: 1.5864 (1.6512)  loss_mal_enc_0: 1.0234 (1.0837)  loss_bbox_enc_0: 0.9669 (1.1872)  loss_giou_enc_0: 1.6516 (1.7463)  loss_mal_dn_0: 1.2520 (1.3986)  loss_bbox_dn_0: 1.0425 (0.9931)  loss_giou_dn_0: 1.2467 (1.2534)  loss_fgl_dn_0: 1.0624 (1.0269)  loss_ddf_dn_0: 0.2575 (0.2227)  loss_mal_dn_1: 1.5918 (1.6642)  loss_bbox_dn_1: 0.8078 (0.8070)  loss_giou_dn_1: 1.1475 (1.1264)  loss_fgl_dn_1: 1.0173 (1.0063)  loss_ddf_dn_1: 0.0454 (0.0446)  loss_mal_dn_2: 1.5869 (1.7657)  loss_bbox_dn_2: 0.8041 (0.8055)  loss_giou_dn_2: 1.1026 (1.0857)  loss_fgl_dn_2: 0.9929 (1.0074)  loss_ddf_dn_2: 0.0031 (0.0034)  loss_mal_dn_3: 1.5635 (1.7281)  loss_bbox_dn_3: 0.8028 (0.7977)  loss_giou_dn_3: 1.0917 (1.0795)  loss_fgl_dn_3: 0.9940 (1.0107)  loss_mal_dn_pre: 1.2783 (1.4319)  loss_bbox_dn_pre: 0.9845 (0.9501)  loss_giou_dn_pre: 1.2213 (1.2285)  time: 0.2459  data: 0.0945  max mem: 3580
Epoch: [5] Total time: 0:00:02 (0.2558 s / it)
Averaged stats: lr: 0.000000  loss: 48.3645 (48.7682)  loss_mal: 1.1123 (1.2831)  loss_bbox: 0.8449 (1.0359)  loss_giou: 1.5559 (1.5704)  loss_fgl: 0.6662 (0.7132)  loss_mal_aux_0: 1.0654 (1.1589)  loss_bbox_aux_0: 0.9147 (1.0693)  loss_giou_aux_0: 1.5928 (1.6372)  loss_fgl_aux_0: 0.6637 (0.6740)  loss_ddf_aux_0: 0.0625 (0.0706)  loss_mal_aux_1: 1.0723 (1.2160)  loss_bbox_aux_1: 0.8762 (1.0499)  loss_giou_aux_1: 1.5927 (1.6074)  loss_fgl_aux_1: 0.6540 (0.6881)  loss_ddf_aux_1: 0.0129 (0.0143)  loss_mal_aux_2: 1.1201 (1.3113)  loss_bbox_aux_2: 0.8466 (1.0383)  loss_giou_aux_2: 1.5567 (1.5712)  loss_fgl_aux_2: 0.6660 (0.7138)  loss_ddf_aux_2: 0.0011 (0.0014)  loss_mal_pre: 0.9961 (1.1295)  loss_bbox_pre: 0.9363 (1.1088)  loss_giou_pre: 1.5864 (1.6512)  loss_mal_enc_0: 1.0234 (1.0837)  loss_bbox_enc_0: 0.9669 (1.1872)  loss_giou_enc_0: 1.6516 (1.7463)  loss_mal_dn_0: 1.2520 (1.3986)  loss_bbox_dn_0: 1.0425 (0.9931)  loss_giou_dn_0: 1.2467 (1.2534)  loss_fgl_dn_0: 1.0624 (1.0269)  loss_ddf_dn_0: 0.2575 (0.2227)  loss_mal_dn_1: 1.5918 (1.6642)  loss_bbox_dn_1: 0.8078 (0.8070)  loss_giou_dn_1: 1.1475 (1.1264)  loss_fgl_dn_1: 1.0173 (1.0063)  loss_ddf_dn_1: 0.0454 (0.0446)  loss_mal_dn_2: 1.5869 (1.7657)  loss_bbox_dn_2: 0.8041 (0.8055)  loss_giou_dn_2: 1.1026 (1.0857)  loss_fgl_dn_2: 0.9929 (1.0074)  loss_ddf_dn_2: 0.0031 (0.0034)  loss_mal_dn_3: 1.5635 (1.7281)  loss_bbox_dn_3: 0.8028 (0.7977)  loss_giou_dn_3: 1.0917 (1.0795)  loss_fgl_dn_3: 0.9940 (1.0107)  loss_mal_dn_pre: 1.2783 (1.4319)  loss_bbox_dn_pre: 0.9845 (0.9501)  loss_giou_dn_pre: 1.2213 (1.2285)
Test:  [0/4]  eta: 0:00:01    time: 0.3777  data: 0.3372  max mem: 3580
Test:  [3/4]  eta: 0:00:00    time: 0.1212  data: 0.0864  max mem: 3580
Test: Total time: 0:00:00 (0.1438 s / it)
Averaged stats: 
Accumulating evaluation results...
COCOeval_opt.accumulate() finished...
DONE (t=0.00s).
IoU metric: bbox
 Average Precision  (AP) @[ IoU=0.50:0.95 | area=   all | maxDets=100 ] = 0.000
 Average Precision  (AP) @[ IoU=0.50      | area=   all | maxDets=100 ] = 0.000
 Average Precision  (AP) @[ IoU=0.75      | area=   all | maxDets=100 ] = 0.000
 Average Precision  (AP) @[ IoU=0.50:0.95 | area= small | maxDets=100 ] = -1.000
 Average Precision  (AP) @[ IoU=0.50:0.95 | area=medium | maxDets=100 ] = -1.000
 Average Precision  (AP) @[ IoU=0.50:0.95 | area= large | maxDets=100 ] = 0.003
 Average Recall     (AR) @[ IoU=0.50:0.95 | area=   all | maxDets=  1 ] = 0.000
 Average Recall     (AR) @[ IoU=0.50:0.95 | area=   all | maxDets= 10 ] = 0.000
 Average Recall     (AR) @[ IoU=0.50:0.95 | area=   all | maxDets=100 ] = 0.090
 Average Recall     (AR) @[ IoU=0.50:0.95 | area= small | maxDets=100 ] = -1.000
 Average Recall     (AR) @[ IoU=0.50:0.95 | area=medium | maxDets=100 ] = -1.000
 Average Recall     (AR) @[ IoU=0.50:0.95 | area= large | maxDets=100 ] = 0.090
 Average Recall     (AR) @[ IoU=0.50      | area=   all | maxDets=100 ] = 0.133
 Average Recall     (AR) @[ IoU=0.75      | area=   all | maxDets=100 ] = 0.067
best_stat: {'epoch': 0, 'coco_eval_bbox': 0.004558175091756313}
Epoch: [6]  [0/8]  eta: 0:00:05  lr: 0.000000  loss: 46.7829 (46.7829)  loss_mal: 0.5913 (0.5913)  loss_bbox: 1.1216 (1.1216)  loss_giou: 1.8161 (1.8161)  loss_fgl: 0.5379 (0.5379)  loss_mal_aux_0: 0.5137 (0.5137)  loss_bbox_aux_0: 1.1049 (1.1049)  loss_giou_aux_0: 1.8627 (1.8627)  loss_fgl_aux_0: 0.5096 (0.5096)  loss_ddf_aux_0: 0.0323 (0.0323)  loss_mal_aux_1: 0.5840 (0.5840)  loss_bbox_aux_1: 1.1408 (1.1408)  loss_giou_aux_1: 1.8379 (1.8379)  loss_fgl_aux_1: 0.5236 (0.5236)  loss_ddf_aux_1: 0.0053 (0.0053)  loss_mal_aux_2: 0.6089 (0.6089)  loss_bbox_aux_2: 1.1182 (1.1182)  loss_giou_aux_2: 1.8165 (1.8165)  loss_fgl_aux_2: 0.5453 (0.5453)  loss_ddf_aux_2: 0.0007 (0.0007)  loss_mal_pre: 0.5146 (0.5146)  loss_bbox_pre: 1.0810 (1.0810)  loss_giou_pre: 1.8512 (1.8512)  loss_mal_enc_0: 0.5835 (0.5835)  loss_bbox_enc_0: 1.1057 (1.1057)  loss_giou_enc_0: 1.8482 (1.8482)  loss_mal_dn_0: 1.5938 (1.5938)  loss_bbox_dn_0: 0.9763 (0.9763)  loss_giou_dn_0: 1.1424 (1.1424)  loss_fgl_dn_0: 1.0916 (1.0916)  loss_ddf_dn_0: 0.1820 (0.1820)  loss_mal_dn_1: 1.9170 (1.9170)  loss_bbox_dn_1: 0.9431 (0.9431)  loss_giou_dn_1: 1.0119 (1.0119)  loss_fgl_dn_1: 1.0514 (1.0514)  loss_ddf_dn_1: 0.0241 (0.0241)  loss_mal_dn_2: 1.9453 (1.9453)  loss_bbox_dn_2: 0.9750 (0.9750)  loss_giou_dn_2: 0.9925 (0.9925)  loss_fgl_dn_2: 1.0559 (1.0559)  loss_ddf_dn_2: 0.0025 (0.0025)  loss_mal_dn_3: 1.8721 (1.8721)  loss_bbox_dn_3: 1.0183 (1.0183)  loss_giou_dn_3: 0.9914 (0.9914)  loss_fgl_dn_3: 1.0508 (1.0508)  loss_mal_dn_pre: 1.5605 (1.5605)  loss_bbox_dn_pre: 0.9765 (0.9765)  loss_giou_dn_pre: 1.1530 (1.1530)  time: 0.7476  data: 0.5825  max mem: 3580
Epoch: [6]  [7/8]  eta: 0:00:00  lr: 0.000000  loss: 46.7829 (48.1808)  loss_mal: 0.8369 (1.1314)  loss_bbox: 0.9188 (1.0252)  loss_giou: 1.5373 (1.5491)  loss_fgl: 0.6041 (0.6907)  loss_mal_aux_0: 0.6973 (0.9583)  loss_bbox_aux_0: 0.9964 (1.0483)  loss_giou_aux_0: 1.6093 (1.6233)  loss_fgl_aux_0: 0.5840 (0.6645)  loss_ddf_aux_0: 0.0699 (0.0732)  loss_mal_aux_1: 0.8359 (1.0644)  loss_bbox_aux_1: 0.9362 (1.0382)  loss_giou_aux_1: 1.5431 (1.5681)  loss_fgl_aux_1: 0.6010 (0.6865)  loss_ddf_aux_1: 0.0118 (0.0116)  loss_mal_aux_2: 0.8677 (1.1576)  loss_bbox_aux_2: 0.9203 (1.0242)  loss_giou_aux_2: 1.5316 (1.5492)  loss_fgl_aux_2: 0.6090 (0.6935)  loss_ddf_aux_2: 0.0009 (0.0010)  loss_mal_pre: 0.7109 (0.9477)  loss_bbox_pre: 0.9969 (1.0553)  loss_giou_pre: 1.6153 (1.6256)  loss_mal_enc_0: 0.8198 (0.9698)  loss_bbox_enc_0: 1.0996 (1.0949)  loss_giou_enc_0: 1.7032 (1.6678)  loss_mal_dn_0: 1.4990 (1.5791)  loss_bbox_dn_0: 0.8468 (0.9760)  loss_giou_dn_0: 1.1424 (1.1660)  loss_fgl_dn_0: 1.0461 (1.0989)  loss_ddf_dn_0: 0.2157 (0.2324)  loss_mal_dn_1: 1.7773 (1.8264)  loss_bbox_dn_1: 0.7599 (0.8700)  loss_giou_dn_1: 1.0119 (1.0524)  loss_fgl_dn_1: 1.0317 (1.0440)  loss_ddf_dn_1: 0.0407 (0.0390)  loss_mal_dn_2: 1.8721 (1.9220)  loss_bbox_dn_2: 0.7919 (0.8762)  loss_giou_dn_2: 0.9925 (1.0142)  loss_fgl_dn_2: 1.0400 (1.0447)  loss_ddf_dn_2: 0.0025 (0.0028)  loss_mal_dn_3: 1.8359 (1.8651)  loss_bbox_dn_3: 0.8215 (0.8877)  loss_giou_dn_3: 0.9914 (1.0132)  loss_fgl_dn_3: 1.0435 (1.0462)  loss_mal_dn_pre: 1.5273 (1.5952)  loss_bbox_dn_pre: 0.8375 (0.9579)  loss_giou_dn_pre: 1.1530 (1.1521)  time: 0.2354  data: 0.0765  max mem: 3580
Epoch: [6] Total time: 0:00:01 (0.2434 s / it)
Averaged stats: lr: 0.000000  loss: 46.7829 (48.1808)  loss_mal: 0.8369 (1.1314)  loss_bbox: 0.9188 (1.0252)  loss_giou: 1.5373 (1.5491)  loss_fgl: 0.6041 (0.6907)  loss_mal_aux_0: 0.6973 (0.9583)  loss_bbox_aux_0: 0.9964 (1.0483)  loss_giou_aux_0: 1.6093 (1.6233)  loss_fgl_aux_0: 0.5840 (0.6645)  loss_ddf_aux_0: 0.0699 (0.0732)  loss_mal_aux_1: 0.8359 (1.0644)  loss_bbox_aux_1: 0.9362 (1.0382)  loss_giou_aux_1: 1.5431 (1.5681)  loss_fgl_aux_1: 0.6010 (0.6865)  loss_ddf_aux_1: 0.0118 (0.0116)  loss_mal_aux_2: 0.8677 (1.1576)  loss_bbox_aux_2: 0.9203 (1.0242)  loss_giou_aux_2: 1.5316 (1.5492)  loss_fgl_aux_2: 0.6090 (0.6935)  loss_ddf_aux_2: 0.0009 (0.0010)  loss_mal_pre: 0.7109 (0.9477)  loss_bbox_pre: 0.9969 (1.0553)  loss_giou_pre: 1.6153 (1.6256)  loss_mal_enc_0: 0.8198 (0.9698)  loss_bbox_enc_0: 1.0996 (1.0949)  loss_giou_enc_0: 1.7032 (1.6678)  loss_mal_dn_0: 1.4990 (1.5791)  loss_bbox_dn_0: 0.8468 (0.9760)  loss_giou_dn_0: 1.1424 (1.1660)  loss_fgl_dn_0: 1.0461 (1.0989)  loss_ddf_dn_0: 0.2157 (0.2324)  loss_mal_dn_1: 1.7773 (1.8264)  loss_bbox_dn_1: 0.7599 (0.8700)  loss_giou_dn_1: 1.0119 (1.0524)  loss_fgl_dn_1: 1.0317 (1.0440)  loss_ddf_dn_1: 0.0407 (0.0390)  loss_mal_dn_2: 1.8721 (1.9220)  loss_bbox_dn_2: 0.7919 (0.8762)  loss_giou_dn_2: 0.9925 (1.0142)  loss_fgl_dn_2: 1.0400 (1.0447)  loss_ddf_dn_2: 0.0025 (0.0028)  loss_mal_dn_3: 1.8359 (1.8651)  loss_bbox_dn_3: 0.8215 (0.8877)  loss_giou_dn_3: 0.9914 (1.0132)  loss_fgl_dn_3: 1.0435 (1.0462)  loss_mal_dn_pre: 1.5273 (1.5952)  loss_bbox_dn_pre: 0.8375 (0.9579)  loss_giou_dn_pre: 1.1530 (1.1521)
Test:  [0/4]  eta: 0:00:01    time: 0.3875  data: 0.3470  max mem: 3580
Test:  [3/4]  eta: 0:00:00    time: 0.1232  data: 0.0890  max mem: 3580
Test: Total time: 0:00:00 (0.1455 s / it)
Averaged stats: 
Accumulating evaluation results...
COCOeval_opt.accumulate() finished...
DONE (t=0.00s).
IoU metric: bbox
 Average Precision  (AP) @[ IoU=0.50:0.95 | area=   all | maxDets=100 ] = 0.000
 Average Precision  (AP) @[ IoU=0.50      | area=   all | maxDets=100 ] = 0.000
 Average Precision  (AP) @[ IoU=0.75      | area=   all | maxDets=100 ] = 0.000
 Average Precision  (AP) @[ IoU=0.50:0.95 | area= small | maxDets=100 ] = -1.000
 Average Precision  (AP) @[ IoU=0.50:0.95 | area=medium | maxDets=100 ] = -1.000
 Average Precision  (AP) @[ IoU=0.50:0.95 | area= large | maxDets=100 ] = 0.003
 Average Recall     (AR) @[ IoU=0.50:0.95 | area=   all | maxDets=  1 ] = 0.000
 Average Recall     (AR) @[ IoU=0.50:0.95 | area=   all | maxDets= 10 ] = 0.000
 Average Recall     (AR) @[ IoU=0.50:0.95 | area=   all | maxDets=100 ] = 0.097
 Average Recall     (AR) @[ IoU=0.50:0.95 | area= small | maxDets=100 ] = -1.000
 Average Recall     (AR) @[ IoU=0.50:0.95 | area=medium | maxDets=100 ] = -1.000
 Average Recall     (AR) @[ IoU=0.50:0.95 | area= large | maxDets=100 ] = 0.097
 Average Recall     (AR) @[ IoU=0.50      | area=   all | maxDets=100 ] = 0.167
 Average Recall     (AR) @[ IoU=0.75      | area=   all | maxDets=100 ] = 0.100
best_stat: {'epoch': 0, 'coco_eval_bbox': 0.004558175091756313}
Epoch: [7]  [0/8]  eta: 0:00:06  lr: 0.000000  loss: 44.9972 (44.9972)  loss_mal: 0.7207 (0.7207)  loss_bbox: 0.9667 (0.9667)  loss_giou: 1.9525 (1.9525)  loss_fgl: 0.5806 (0.5806)  loss_mal_aux_0: 0.6685 (0.6685)  loss_bbox_aux_0: 0.9768 (0.9768)  loss_giou_aux_0: 1.9645 (1.9645)  loss_fgl_aux_0: 0.5732 (0.5732)  loss_ddf_aux_0: 0.0331 (0.0331)  loss_mal_aux_1: 0.7036 (0.7036)  loss_bbox_aux_1: 0.9589 (0.9589)  loss_giou_aux_1: 1.9590 (1.9590)  loss_fgl_aux_1: 0.5752 (0.5752)  loss_ddf_aux_1: 0.0063 (0.0063)  loss_mal_aux_2: 0.7446 (0.7446)  loss_bbox_aux_2: 0.9628 (0.9628)  loss_giou_aux_2: 1.9538 (1.9538)  loss_fgl_aux_2: 0.5764 (0.5764)  loss_ddf_aux_2: 0.0008 (0.0008)  loss_mal_pre: 0.6562 (0.6562)  loss_bbox_pre: 0.9594 (0.9594)  loss_giou_pre: 1.9698 (1.9698)  loss_mal_enc_0: 0.7207 (0.7207)  loss_bbox_enc_0: 0.9774 (0.9774)  loss_giou_enc_0: 2.0359 (2.0359)  loss_mal_dn_0: 0.9561 (0.9561)  loss_bbox_dn_0: 0.9964 (0.9964)  loss_giou_dn_0: 1.5035 (1.5035)  loss_fgl_dn_0: 0.9317 (0.9317)  loss_ddf_dn_0: 0.1779 (0.1779)  loss_mal_dn_1: 1.1885 (1.1885)  loss_bbox_dn_1: 0.7550 (0.7550)  loss_giou_dn_1: 1.3953 (1.3953)  loss_fgl_dn_1: 0.9077 (0.9077)  loss_ddf_dn_1: 0.0225 (0.0225)  loss_mal_dn_2: 1.2188 (1.2188)  loss_bbox_dn_2: 0.7687 (0.7687)  loss_giou_dn_2: 1.3703 (1.3703)  loss_fgl_dn_2: 0.9136 (0.9136)  loss_ddf_dn_2: 0.0014 (0.0014)  loss_mal_dn_3: 1.1973 (1.1973)  loss_bbox_dn_3: 0.7585 (0.7585)  loss_giou_dn_3: 1.3649 (1.3649)  loss_fgl_dn_3: 0.9173 (0.9173)  loss_mal_dn_pre: 1.0156 (1.0156)  loss_bbox_dn_pre: 0.9938 (0.9938)  loss_giou_dn_pre: 1.4452 (1.4452)  time: 0.8214  data: 0.6582  max mem: 3580
Epoch: [7]  [7/8]  eta: 0:00:00  lr: 0.000000  loss: 46.6652 (48.0612)  loss_mal: 0.8628 (0.9678)  loss_bbox: 0.9667 (1.1608)  loss_giou: 1.6775 (1.7242)  loss_fgl: 0.6395 (0.6548)  loss_mal_aux_0: 0.7256 (0.8029)  loss_bbox_aux_0: 0.9912 (1.1780)  loss_giou_aux_0: 1.7746 (1.7859)  loss_fgl_aux_0: 0.5760 (0.6203)  loss_ddf_aux_0: 0.0597 (0.0665)  loss_mal_aux_1: 0.8667 (0.9000)  loss_bbox_aux_1: 0.9589 (1.1647)  loss_giou_aux_1: 1.7000 (1.7513)  loss_fgl_aux_1: 0.6173 (0.6367)  loss_ddf_aux_1: 0.0117 (0.0124)  loss_mal_aux_2: 0.8984 (0.9760)  loss_bbox_aux_2: 0.9628 (1.1591)  loss_giou_aux_2: 1.6739 (1.7253)  loss_fgl_aux_2: 0.6362 (0.6525)  loss_ddf_aux_2: 0.0012 (0.0013)  loss_mal_pre: 0.7827 (0.7988)  loss_bbox_pre: 0.9594 (1.1655)  loss_giou_pre: 1.7205 (1.7842)  loss_mal_enc_0: 0.7573 (0.8145)  loss_bbox_enc_0: 1.0396 (1.1863)  loss_giou_enc_0: 1.7188 (1.8312)  loss_mal_dn_0: 1.2900 (1.2495)  loss_bbox_dn_0: 0.9964 (1.1210)  loss_giou_dn_0: 1.2490 (1.3192)  loss_fgl_dn_0: 1.0113 (0.9981)  loss_ddf_dn_0: 0.1684 (0.1802)  loss_mal_dn_1: 1.4648 (1.4830)  loss_bbox_dn_1: 0.7963 (0.9625)  loss_giou_dn_1: 1.1319 (1.2164)  loss_fgl_dn_1: 0.9936 (0.9777)  loss_ddf_dn_1: 0.0290 (0.0348)  loss_mal_dn_2: 1.4834 (1.5490)  loss_bbox_dn_2: 0.8046 (0.9672)  loss_giou_dn_2: 1.0983 (1.1879)  loss_fgl_dn_2: 0.9939 (0.9844)  loss_ddf_dn_2: 0.0030 (0.0032)  loss_mal_dn_3: 1.4492 (1.5070)  loss_bbox_dn_3: 0.8215 (0.9677)  loss_giou_dn_3: 1.0927 (1.1855)  loss_fgl_dn_3: 0.9957 (0.9856)  loss_mal_dn_pre: 1.3379 (1.3048)  loss_bbox_dn_pre: 0.9897 (1.0771)  loss_giou_dn_pre: 1.2268 (1.2782)  time: 0.2466  data: 0.1039  max mem: 3580
Epoch: [7] Total time: 0:00:02 (0.2533 s / it)
Averaged stats: lr: 0.000000  loss: 46.6652 (48.0612)  loss_mal: 0.8628 (0.9678)  loss_bbox: 0.9667 (1.1608)  loss_giou: 1.6775 (1.7242)  loss_fgl: 0.6395 (0.6548)  loss_mal_aux_0: 0.7256 (0.8029)  loss_bbox_aux_0: 0.9912 (1.1780)  loss_giou_aux_0: 1.7746 (1.7859)  loss_fgl_aux_0: 0.5760 (0.6203)  loss_ddf_aux_0: 0.0597 (0.0665)  loss_mal_aux_1: 0.8667 (0.9000)  loss_bbox_aux_1: 0.9589 (1.1647)  loss_giou_aux_1: 1.7000 (1.7513)  loss_fgl_aux_1: 0.6173 (0.6367)  loss_ddf_aux_1: 0.0117 (0.0124)  loss_mal_aux_2: 0.8984 (0.9760)  loss_bbox_aux_2: 0.9628 (1.1591)  loss_giou_aux_2: 1.6739 (1.7253)  loss_fgl_aux_2: 0.6362 (0.6525)  loss_ddf_aux_2: 0.0012 (0.0013)  loss_mal_pre: 0.7827 (0.7988)  loss_bbox_pre: 0.9594 (1.1655)  loss_giou_pre: 1.7205 (1.7842)  loss_mal_enc_0: 0.7573 (0.8145)  loss_bbox_enc_0: 1.0396 (1.1863)  loss_giou_enc_0: 1.7188 (1.8312)  loss_mal_dn_0: 1.2900 (1.2495)  loss_bbox_dn_0: 0.9964 (1.1210)  loss_giou_dn_0: 1.2490 (1.3192)  loss_fgl_dn_0: 1.0113 (0.9981)  loss_ddf_dn_0: 0.1684 (0.1802)  loss_mal_dn_1: 1.4648 (1.4830)  loss_bbox_dn_1: 0.7963 (0.9625)  loss_giou_dn_1: 1.1319 (1.2164)  loss_fgl_dn_1: 0.9936 (0.9777)  loss_ddf_dn_1: 0.0290 (0.0348)  loss_mal_dn_2: 1.4834 (1.5490)  loss_bbox_dn_2: 0.8046 (0.9672)  loss_giou_dn_2: 1.0983 (1.1879)  loss_fgl_dn_2: 0.9939 (0.9844)  loss_ddf_dn_2: 0.0030 (0.0032)  loss_mal_dn_3: 1.4492 (1.5070)  loss_bbox_dn_3: 0.8215 (0.9677)  loss_giou_dn_3: 1.0927 (1.1855)  loss_fgl_dn_3: 0.9957 (0.9856)  loss_mal_dn_pre: 1.3379 (1.3048)  loss_bbox_dn_pre: 0.9897 (1.0771)  loss_giou_dn_pre: 1.2268 (1.2782)
Test:  [0/4]  eta: 0:00:02    time: 0.5162  data: 0.3374  max mem: 3580
Test:  [3/4]  eta: 0:00:00    time: 0.1525  data: 0.0864  max mem: 3580
Test: Total time: 0:00:00 (0.1729 s / it)
Averaged stats: 
Accumulating evaluation results...
COCOeval_opt.accumulate() finished...
DONE (t=0.00s).
IoU metric: bbox
 Average Precision  (AP) @[ IoU=0.50:0.95 | area=   all | maxDets=100 ] = 0.000
 Average Precision  (AP) @[ IoU=0.50      | area=   all | maxDets=100 ] = 0.000
 Average Precision  (AP) @[ IoU=0.75      | area=   all | maxDets=100 ] = 0.000
 Average Precision  (AP) @[ IoU=0.50:0.95 | area= small | maxDets=100 ] = -1.000
 Average Precision  (AP) @[ IoU=0.50:0.95 | area=medium | maxDets=100 ] = -1.000
 Average Precision  (AP) @[ IoU=0.50:0.95 | area= large | maxDets=100 ] = 0.003
 Average Recall     (AR) @[ IoU=0.50:0.95 | area=   all | maxDets=  1 ] = 0.000
 Average Recall     (AR) @[ IoU=0.50:0.95 | area=   all | maxDets= 10 ] = 0.027
 Average Recall     (AR) @[ IoU=0.50:0.95 | area=   all | maxDets=100 ] = 0.090
 Average Recall     (AR) @[ IoU=0.50:0.95 | area= small | maxDets=100 ] = -1.000
 Average Recall     (AR) @[ IoU=0.50:0.95 | area=medium | maxDets=100 ] = -1.000
 Average Recall     (AR) @[ IoU=0.50:0.95 | area= large | maxDets=100 ] = 0.090
 Average Recall     (AR) @[ IoU=0.50      | area=   all | maxDets=100 ] = 0.133
 Average Recall     (AR) @[ IoU=0.75      | area=   all | maxDets=100 ] = 0.067
best_stat: {'epoch': 0, 'coco_eval_bbox': 0.004558175091756313}
Epoch: [8]  [0/8]  eta: 0:00:07  lr: 0.000000  loss: 45.4025 (45.4025)  loss_mal: 0.8149 (0.8149)  loss_bbox: 0.9157 (0.9157)  loss_giou: 1.7343 (1.7343)  loss_fgl: 0.7020 (0.7020)  loss_mal_aux_0: 0.6377 (0.6377)  loss_bbox_aux_0: 0.9168 (0.9168)  loss_giou_aux_0: 1.8039 (1.8039)  loss_fgl_aux_0: 0.6830 (0.6830)  loss_ddf_aux_0: 0.0627 (0.0627)  loss_mal_aux_1: 0.7388 (0.7388)  loss_bbox_aux_1: 0.9290 (0.9290)  loss_giou_aux_1: 1.7608 (1.7608)  loss_fgl_aux_1: 0.6912 (0.6912)  loss_ddf_aux_1: 0.0090 (0.0090)  loss_mal_aux_2: 0.8311 (0.8311)  loss_bbox_aux_2: 0.9171 (0.9171)  loss_giou_aux_2: 1.7338 (1.7338)  loss_fgl_aux_2: 0.7064 (0.7064)  loss_ddf_aux_2: 0.0009 (0.0009)  loss_mal_pre: 0.6499 (0.6499)  loss_bbox_pre: 0.9139 (0.9139)  loss_giou_pre: 1.7924 (1.7924)  loss_mal_enc_0: 0.7104 (0.7104)  loss_bbox_enc_0: 0.9500 (0.9500)  loss_giou_enc_0: 1.8520 (1.8520)  loss_mal_dn_0: 1.3887 (1.3887)  loss_bbox_dn_0: 0.8904 (0.8904)  loss_giou_dn_0: 1.2558 (1.2558)  loss_fgl_dn_0: 0.9796 (0.9796)  loss_ddf_dn_0: 0.1391 (0.1391)  loss_mal_dn_1: 1.5625 (1.5625)  loss_bbox_dn_1: 0.8841 (0.8841)  loss_giou_dn_1: 1.1706 (1.1706)  loss_fgl_dn_1: 0.9600 (0.9600)  loss_ddf_dn_1: 0.0236 (0.0236)  loss_mal_dn_2: 1.6533 (1.6533)  loss_bbox_dn_2: 0.8534 (0.8534)  loss_giou_dn_2: 1.1483 (1.1483)  loss_fgl_dn_2: 0.9544 (0.9544)  loss_ddf_dn_2: 0.0023 (0.0023)  loss_mal_dn_3: 1.6025 (1.6025)  loss_bbox_dn_3: 0.8698 (0.8698)  loss_giou_dn_3: 1.1527 (1.1527)  loss_fgl_dn_3: 0.9514 (0.9514)  loss_mal_dn_pre: 1.3945 (1.3945)  loss_bbox_dn_pre: 0.8553 (0.8553)  loss_giou_dn_pre: 1.2525 (1.2525)  time: 0.9816  data: 0.6551  max mem: 3580
Epoch: [8]  [7/8]  eta: 0:00:00  lr: 0.000000  loss: 46.2985 (46.1414)  loss_mal: 0.8149 (1.2388)  loss_bbox: 0.9157 (0.8619)  loss_giou: 1.4533 (1.5647)  loss_fgl: 0.6272 (0.6674)  loss_mal_aux_0: 0.6646 (0.9998)  loss_bbox_aux_0: 0.9168 (0.8875)  loss_giou_aux_0: 1.5322 (1.6498)  loss_fgl_aux_0: 0.6377 (0.6613)  loss_ddf_aux_0: 0.0627 (0.0767)  loss_mal_aux_1: 0.7388 (1.1661)  loss_bbox_aux_1: 0.9290 (0.8699)  loss_giou_aux_1: 1.4687 (1.5896)  loss_fgl_aux_1: 0.6319 (0.6645)  loss_ddf_aux_1: 0.0108 (0.0137)  loss_mal_aux_2: 0.8311 (1.2748)  loss_bbox_aux_2: 0.9171 (0.8618)  loss_giou_aux_2: 1.4558 (1.5640)  loss_fgl_aux_2: 0.6284 (0.6680)  loss_ddf_aux_2: 0.0009 (0.0011)  loss_mal_pre: 0.6499 (0.9784)  loss_bbox_pre: 0.9139 (0.9085)  loss_giou_pre: 1.5421 (1.6631)  loss_mal_enc_0: 0.7104 (0.9644)  loss_bbox_enc_0: 0.9500 (0.9258)  loss_giou_enc_0: 1.7459 (1.7292)  loss_mal_dn_0: 1.3750 (1.4273)  loss_bbox_dn_0: 0.8843 (0.8672)  loss_giou_dn_0: 1.2384 (1.2210)  loss_fgl_dn_0: 0.9464 (0.9492)  loss_ddf_dn_0: 0.1552 (0.1706)  loss_mal_dn_1: 1.5625 (1.7380)  loss_bbox_dn_1: 0.7569 (0.7109)  loss_giou_dn_1: 1.1427 (1.0941)  loss_fgl_dn_1: 0.9166 (0.9337)  loss_ddf_dn_1: 0.0266 (0.0328)  loss_mal_dn_2: 1.6533 (1.8688)  loss_bbox_dn_2: 0.7463 (0.6968)  loss_giou_dn_2: 1.1173 (1.0478)  loss_fgl_dn_2: 0.9149 (0.9362)  loss_ddf_dn_2: 0.0025 (0.0028)  loss_mal_dn_3: 1.5977 (1.8108)  loss_bbox_dn_3: 0.7480 (0.7021)  loss_giou_dn_3: 1.1259 (1.0483)  loss_fgl_dn_3: 0.9111 (0.9355)  loss_mal_dn_pre: 1.3545 (1.4429)  loss_bbox_dn_pre: 0.8553 (0.8441)  loss_giou_dn_pre: 1.2444 (1.2095)  time: 0.2476  data: 0.0867  max mem: 3580
Epoch: [8] Total time: 0:00:02 (0.2568 s / it)
Averaged stats: lr: 0.000000  loss: 46.2985 (46.1414)  loss_mal: 0.8149 (1.2388)  loss_bbox: 0.9157 (0.8619)  loss_giou: 1.4533 (1.5647)  loss_fgl: 0.6272 (0.6674)  loss_mal_aux_0: 0.6646 (0.9998)  loss_bbox_aux_0: 0.9168 (0.8875)  loss_giou_aux_0: 1.5322 (1.6498)  loss_fgl_aux_0: 0.6377 (0.6613)  loss_ddf_aux_0: 0.0627 (0.0767)  loss_mal_aux_1: 0.7388 (1.1661)  loss_bbox_aux_1: 0.9290 (0.8699)  loss_giou_aux_1: 1.4687 (1.5896)  loss_fgl_aux_1: 0.6319 (0.6645)  loss_ddf_aux_1: 0.0108 (0.0137)  loss_mal_aux_2: 0.8311 (1.2748)  loss_bbox_aux_2: 0.9171 (0.8618)  loss_giou_aux_2: 1.4558 (1.5640)  loss_fgl_aux_2: 0.6284 (0.6680)  loss_ddf_aux_2: 0.0009 (0.0011)  loss_mal_pre: 0.6499 (0.9784)  loss_bbox_pre: 0.9139 (0.9085)  loss_giou_pre: 1.5421 (1.6631)  loss_mal_enc_0: 0.7104 (0.9644)  loss_bbox_enc_0: 0.9500 (0.9258)  loss_giou_enc_0: 1.7459 (1.7292)  loss_mal_dn_0: 1.3750 (1.4273)  loss_bbox_dn_0: 0.8843 (0.8672)  loss_giou_dn_0: 1.2384 (1.2210)  loss_fgl_dn_0: 0.9464 (0.9492)  loss_ddf_dn_0: 0.1552 (0.1706)  loss_mal_dn_1: 1.5625 (1.7380)  loss_bbox_dn_1: 0.7569 (0.7109)  loss_giou_dn_1: 1.1427 (1.0941)  loss_fgl_dn_1: 0.9166 (0.9337)  loss_ddf_dn_1: 0.0266 (0.0328)  loss_mal_dn_2: 1.6533 (1.8688)  loss_bbox_dn_2: 0.7463 (0.6968)  loss_giou_dn_2: 1.1173 (1.0478)  loss_fgl_dn_2: 0.9149 (0.9362)  loss_ddf_dn_2: 0.0025 (0.0028)  loss_mal_dn_3: 1.5977 (1.8108)  loss_bbox_dn_3: 0.7480 (0.7021)  loss_giou_dn_3: 1.1259 (1.0483)  loss_fgl_dn_3: 0.9111 (0.9355)  loss_mal_dn_pre: 1.3545 (1.4429)  loss_bbox_dn_pre: 0.8553 (0.8441)  loss_giou_dn_pre: 1.2444 (1.2095)
Test:  [0/4]  eta: 0:00:01    time: 0.3923  data: 0.3516  max mem: 3580
Test:  [3/4]  eta: 0:00:00    time: 0.1233  data: 0.0898  max mem: 3580
Test: Total time: 0:00:00 (0.1413 s / it)
Averaged stats: 
Accumulating evaluation results...
COCOeval_opt.accumulate() finished...
DONE (t=0.00s).
IoU metric: bbox
 Average Precision  (AP) @[ IoU=0.50:0.95 | area=   all | maxDets=100 ] = 0.001
 Average Precision  (AP) @[ IoU=0.50      | area=   all | maxDets=100 ] = 0.001
 Average Precision  (AP) @[ IoU=0.75      | area=   all | maxDets=100 ] = 0.001
 Average Precision  (AP) @[ IoU=0.50:0.95 | area= small | maxDets=100 ] = -1.000
 Average Precision  (AP) @[ IoU=0.50:0.95 | area=medium | maxDets=100 ] = -1.000
 Average Precision  (AP) @[ IoU=0.50:0.95 | area= large | maxDets=100 ] = 0.010
 Average Recall     (AR) @[ IoU=0.50:0.95 | area=   all | maxDets=  1 ] = 0.000
 Average Recall     (AR) @[ IoU=0.50:0.95 | area=   all | maxDets= 10 ] = 0.027
 Average Recall     (AR) @[ IoU=0.50:0.95 | area=   all | maxDets=100 ] = 0.057
 Average Recall     (AR) @[ IoU=0.50:0.95 | area= small | maxDets=100 ] = -1.000
 Average Recall     (AR) @[ IoU=0.50:0.95 | area=medium | maxDets=100 ] = -1.000
 Average Recall     (AR) @[ IoU=0.50:0.95 | area= large | maxDets=100 ] = 0.057
 Average Recall     (AR) @[ IoU=0.50      | area=   all | maxDets=100 ] = 0.067
 Average Recall     (AR) @[ IoU=0.75      | area=   all | maxDets=100 ] = 0.067
best_stat: {'epoch': 0, 'coco_eval_bbox': 0.004558175091756313}
Epoch: [9]  [0/8]  eta: 0:00:09  lr: 0.000000  loss: 46.4778 (46.4778)  loss_mal: 0.9497 (0.9497)  loss_bbox: 1.0019 (1.0019)  loss_giou: 1.6000 (1.6000)  loss_fgl: 0.7466 (0.7466)  loss_mal_aux_0: 0.8896 (0.8896)  loss_bbox_aux_0: 1.0159 (1.0159)  loss_giou_aux_0: 1.6276 (1.6276)  loss_fgl_aux_0: 0.7310 (0.7310)  loss_ddf_aux_0: 0.0480 (0.0480)  loss_mal_aux_1: 0.9629 (0.9629)  loss_bbox_aux_1: 1.0078 (1.0078)  loss_giou_aux_1: 1.6068 (1.6068)  loss_fgl_aux_1: 0.7431 (0.7431)  loss_ddf_aux_1: 0.0066 (0.0066)  loss_mal_aux_2: 0.9917 (0.9917)  loss_bbox_aux_2: 1.0035 (1.0035)  loss_giou_aux_2: 1.5998 (1.5998)  loss_fgl_aux_2: 0.7480 (0.7480)  loss_ddf_aux_2: 0.0009 (0.0009)  loss_mal_pre: 0.7578 (0.7578)  loss_bbox_pre: 1.0620 (1.0620)  loss_giou_pre: 1.6643 (1.6643)  loss_mal_enc_0: 0.9004 (0.9004)  loss_bbox_enc_0: 1.0542 (1.0542)  loss_giou_enc_0: 1.6797 (1.6797)  loss_mal_dn_0: 0.9746 (0.9746)  loss_bbox_dn_0: 1.1869 (1.1869)  loss_giou_dn_0: 1.5044 (1.5044)  loss_fgl_dn_0: 0.9853 (0.9853)  loss_ddf_dn_0: 0.2238 (0.2238)  loss_mal_dn_1: 1.1572 (1.1572)  loss_bbox_dn_1: 0.9423 (0.9423)  loss_giou_dn_1: 1.3861 (1.3861)  loss_fgl_dn_1: 0.9387 (0.9387)  loss_ddf_dn_1: 0.0450 (0.0450)  loss_mal_dn_2: 1.2080 (1.2080)  loss_bbox_dn_2: 1.0235 (1.0235)  loss_giou_dn_2: 1.3612 (1.3612)  loss_fgl_dn_2: 0.9696 (0.9696)  loss_ddf_dn_2: 0.0029 (0.0029)  loss_mal_dn_3: 1.1797 (1.1797)  loss_bbox_dn_3: 1.0112 (1.0112)  loss_giou_dn_3: 1.3595 (1.3595)  loss_fgl_dn_3: 0.9676 (0.9676)  loss_mal_dn_pre: 1.0293 (1.0293)  loss_bbox_dn_pre: 1.1648 (1.1648)  loss_giou_dn_pre: 1.4565 (1.4565)  time: 1.1509  data: 0.9683  max mem: 3580
Epoch: [9]  [7/8]  eta: 0:00:00  lr: 0.000000  loss: 46.9679 (47.9819)  loss_mal: 0.9497 (1.0184)  loss_bbox: 0.9669 (1.1221)  loss_giou: 1.6401 (1.6570)  loss_fgl: 0.7102 (0.6820)  loss_mal_aux_0: 0.8882 (0.8576)  loss_bbox_aux_0: 0.9538 (1.1281)  loss_giou_aux_0: 1.7141 (1.7067)  loss_fgl_aux_0: 0.6527 (0.6512)  loss_ddf_aux_0: 0.0592 (0.0613)  loss_mal_aux_1: 0.9629 (0.9648)  loss_bbox_aux_1: 0.9751 (1.1294)  loss_giou_aux_1: 1.6696 (1.6762)  loss_fgl_aux_1: 0.6943 (0.6677)  loss_ddf_aux_1: 0.0108 (0.0108)  loss_mal_aux_2: 0.9917 (1.0396)  loss_bbox_aux_2: 0.9639 (1.1194)  loss_giou_aux_2: 1.6373 (1.6549)  loss_fgl_aux_2: 0.7140 (0.6846)  loss_ddf_aux_2: 0.0009 (0.0010)  loss_mal_pre: 0.7578 (0.8221)  loss_bbox_pre: 1.0387 (1.1558)  loss_giou_pre: 1.7326 (1.7261)  loss_mal_enc_0: 0.9023 (0.9453)  loss_bbox_enc_0: 1.0368 (1.1910)  loss_giou_enc_0: 1.7603 (1.7592)  loss_mal_dn_0: 1.1855 (1.2258)  loss_bbox_dn_0: 1.1869 (1.1470)  loss_giou_dn_0: 1.3487 (1.3396)  loss_fgl_dn_0: 0.9870 (0.9824)  loss_ddf_dn_0: 0.1745 (0.1860)  loss_mal_dn_1: 1.3047 (1.4426)  loss_bbox_dn_1: 0.9423 (0.9867)  loss_giou_dn_1: 1.2634 (1.2381)  loss_fgl_dn_1: 0.9513 (0.9555)  loss_ddf_dn_1: 0.0391 (0.0366)  loss_mal_dn_2: 1.3467 (1.4933)  loss_bbox_dn_2: 0.9583 (1.0155)  loss_giou_dn_2: 1.1989 (1.2112)  loss_fgl_dn_2: 0.9696 (0.9622)  loss_ddf_dn_2: 0.0029 (0.0029)  loss_mal_dn_3: 1.2939 (1.4606)  loss_bbox_dn_3: 0.9527 (1.0093)  loss_giou_dn_3: 1.1934 (1.2085)  loss_fgl_dn_3: 0.9623 (0.9636)  loss_mal_dn_pre: 1.1885 (1.2515)  loss_bbox_dn_pre: 1.1233 (1.1127)  loss_giou_dn_pre: 1.3395 (1.3180)  time: 0.2739  data: 0.1221  max mem: 3583
Epoch: [9] Total time: 0:00:02 (0.2857 s / it)
Averaged stats: lr: 0.000000  loss: 46.9679 (47.9819)  loss_mal: 0.9497 (1.0184)  loss_bbox: 0.9669 (1.1221)  loss_giou: 1.6401 (1.6570)  loss_fgl: 0.7102 (0.6820)  loss_mal_aux_0: 0.8882 (0.8576)  loss_bbox_aux_0: 0.9538 (1.1281)  loss_giou_aux_0: 1.7141 (1.7067)  loss_fgl_aux_0: 0.6527 (0.6512)  loss_ddf_aux_0: 0.0592 (0.0613)  loss_mal_aux_1: 0.9629 (0.9648)  loss_bbox_aux_1: 0.9751 (1.1294)  loss_giou_aux_1: 1.6696 (1.6762)  loss_fgl_aux_1: 0.6943 (0.6677)  loss_ddf_aux_1: 0.0108 (0.0108)  loss_mal_aux_2: 0.9917 (1.0396)  loss_bbox_aux_2: 0.9639 (1.1194)  loss_giou_aux_2: 1.6373 (1.6549)  loss_fgl_aux_2: 0.7140 (0.6846)  loss_ddf_aux_2: 0.0009 (0.0010)  loss_mal_pre: 0.7578 (0.8221)  loss_bbox_pre: 1.0387 (1.1558)  loss_giou_pre: 1.7326 (1.7261)  loss_mal_enc_0: 0.9023 (0.9453)  loss_bbox_enc_0: 1.0368 (1.1910)  loss_giou_enc_0: 1.7603 (1.7592)  loss_mal_dn_0: 1.1855 (1.2258)  loss_bbox_dn_0: 1.1869 (1.1470)  loss_giou_dn_0: 1.3487 (1.3396)  loss_fgl_dn_0: 0.9870 (0.9824)  loss_ddf_dn_0: 0.1745 (0.1860)  loss_mal_dn_1: 1.3047 (1.4426)  loss_bbox_dn_1: 0.9423 (0.9867)  loss_giou_dn_1: 1.2634 (1.2381)  loss_fgl_dn_1: 0.9513 (0.9555)  loss_ddf_dn_1: 0.0391 (0.0366)  loss_mal_dn_2: 1.3467 (1.4933)  loss_bbox_dn_2: 0.9583 (1.0155)  loss_giou_dn_2: 1.1989 (1.2112)  loss_fgl_dn_2: 0.9696 (0.9622)  loss_ddf_dn_2: 0.0029 (0.0029)  loss_mal_dn_3: 1.2939 (1.4606)  loss_bbox_dn_3: 0.9527 (1.0093)  loss_giou_dn_3: 1.1934 (1.2085)  loss_fgl_dn_3: 0.9623 (0.9636)  loss_mal_dn_pre: 1.1885 (1.2515)  loss_bbox_dn_pre: 1.1233 (1.1127)  loss_giou_dn_pre: 1.3395 (1.3180)
Test:  [0/4]  eta: 0:00:01    time: 0.3960  data: 0.3585  max mem: 3583
Test:  [3/4]  eta: 0:00:00    time: 0.1220  data: 0.0915  max mem: 3583
Test: Total time: 0:00:00 (0.1395 s / it)
Averaged stats: 
Accumulating evaluation results...
COCOeval_opt.accumulate() finished...
DONE (t=0.00s).
IoU metric: bbox
 Average Precision  (AP) @[ IoU=0.50:0.95 | area=   all | maxDets=100 ] = 0.000
 Average Precision  (AP) @[ IoU=0.50      | area=   all | maxDets=100 ] = 0.000
 Average Precision  (AP) @[ IoU=0.75      | area=   all | maxDets=100 ] = 0.000
 Average Precision  (AP) @[ IoU=0.50:0.95 | area= small | maxDets=100 ] = -1.000
 Average Precision  (AP) @[ IoU=0.50:0.95 | area=medium | maxDets=100 ] = -1.000
 Average Precision  (AP) @[ IoU=0.50:0.95 | area= large | maxDets=100 ] = 0.002
 Average Recall     (AR) @[ IoU=0.50:0.95 | area=   all | maxDets=  1 ] = 0.000
 Average Recall     (AR) @[ IoU=0.50:0.95 | area=   all | maxDets= 10 ] = 0.000
 Average Recall     (AR) @[ IoU=0.50:0.95 | area=   all | maxDets=100 ] = 0.030
 Average Recall     (AR) @[ IoU=0.50:0.95 | area= small | maxDets=100 ] = -1.000
 Average Recall     (AR) @[ IoU=0.50:0.95 | area=medium | maxDets=100 ] = -1.000
 Average Recall     (AR) @[ IoU=0.50:0.95 | area= large | maxDets=100 ] = 0.030
 Average Recall     (AR) @[ IoU=0.50      | area=   all | maxDets=100 ] = 0.033
 Average Recall     (AR) @[ IoU=0.75      | area=   all | maxDets=100 ] = 0.033
best_stat: {'epoch': 0, 'coco_eval_bbox': 0.004558175091756313}
Epoch: [10]  [0/8]  eta: 0:00:06  lr: 0.000000  loss: 44.5752 (44.5752)  loss_mal: 0.7231 (0.7231)  loss_bbox: 0.9889 (0.9889)  loss_giou: 1.7757 (1.7757)  loss_fgl: 0.5318 (0.5318)  loss_mal_aux_0: 0.6123 (0.6123)  loss_bbox_aux_0: 1.0281 (1.0281)  loss_giou_aux_0: 1.8338 (1.8338)  loss_fgl_aux_0: 0.5194 (0.5194)  loss_ddf_aux_0: 0.0380 (0.0380)  loss_mal_aux_1: 0.7373 (0.7373)  loss_bbox_aux_1: 1.0070 (1.0070)  loss_giou_aux_1: 1.7886 (1.7886)  loss_fgl_aux_1: 0.5222 (0.5222)  loss_ddf_aux_1: 0.0077 (0.0077)  loss_mal_aux_2: 0.7554 (0.7554)  loss_bbox_aux_2: 0.9837 (0.9837)  loss_giou_aux_2: 1.7730 (1.7730)  loss_fgl_aux_2: 0.5329 (0.5329)  loss_ddf_aux_2: 0.0010 (0.0010)  loss_mal_pre: 0.6006 (0.6006)  loss_bbox_pre: 1.0072 (1.0072)  loss_giou_pre: 1.8334 (1.8334)  loss_mal_enc_0: 0.5742 (0.5742)  loss_bbox_enc_0: 0.9510 (0.9510)  loss_giou_enc_0: 1.8879 (1.8879)  loss_mal_dn_0: 1.2656 (1.2656)  loss_bbox_dn_0: 0.9172 (0.9172)  loss_giou_dn_0: 1.2964 (1.2964)  loss_fgl_dn_0: 0.9232 (0.9232)  loss_ddf_dn_0: 0.1492 (0.1492)  loss_mal_dn_1: 1.5898 (1.5898)  loss_bbox_dn_1: 0.8522 (0.8522)  loss_giou_dn_1: 1.1879 (1.1879)  loss_fgl_dn_1: 0.9070 (0.9070)  loss_ddf_dn_1: 0.0212 (0.0212)  loss_mal_dn_2: 1.6162 (1.6162)  loss_bbox_dn_2: 0.8280 (0.8280)  loss_giou_dn_2: 1.1522 (1.1522)  loss_fgl_dn_2: 0.9206 (0.9206)  loss_ddf_dn_2: 0.0018 (0.0018)  loss_mal_dn_3: 1.5449 (1.5449)  loss_bbox_dn_3: 0.8525 (0.8525)  loss_giou_dn_3: 1.1549 (1.1549)  loss_fgl_dn_3: 0.9189 (0.9189)  loss_mal_dn_pre: 1.2920 (1.2920)  loss_bbox_dn_pre: 0.8961 (0.8961)  loss_giou_dn_pre: 1.2730 (1.2730)  time: 0.8598  data: 0.6794  max mem: 3583
Epoch: [10]  [7/8]  eta: 0:00:00  lr: 0.000000  loss: 45.4402 (46.4915)  loss_mal: 0.8379 (0.9150)  loss_bbox: 0.9842 (1.0406)  loss_giou: 1.6721 (1.7176)  loss_fgl: 0.5318 (0.5446)  loss_mal_aux_0: 0.7529 (0.8081)  loss_bbox_aux_0: 1.0281 (1.0856)  loss_giou_aux_0: 1.7286 (1.7678)  loss_fgl_aux_0: 0.5194 (0.5312)  loss_ddf_aux_0: 0.0380 (0.0525)  loss_mal_aux_1: 0.8042 (0.8989)  loss_bbox_aux_1: 1.0059 (1.0525)  loss_giou_aux_1: 1.6877 (1.7353)  loss_fgl_aux_1: 0.5222 (0.5389)  loss_ddf_aux_1: 0.0077 (0.0115)  loss_mal_aux_2: 0.8569 (0.9379)  loss_bbox_aux_2: 0.9837 (1.0388)  loss_giou_aux_2: 1.6718 (1.7166)  loss_fgl_aux_2: 0.5329 (0.5463)  loss_ddf_aux_2: 0.0007 (0.0011)  loss_mal_pre: 0.6958 (0.7858)  loss_bbox_pre: 1.0072 (1.0834)  loss_giou_pre: 1.7341 (1.7744)  loss_mal_enc_0: 0.7632 (0.9071)  loss_bbox_enc_0: 1.0280 (1.0659)  loss_giou_enc_0: 1.7706 (1.8193)  loss_mal_dn_0: 1.2744 (1.2745)  loss_bbox_dn_0: 1.0742 (1.0331)  loss_giou_dn_0: 1.2964 (1.3015)  loss_fgl_dn_0: 0.9385 (0.9568)  loss_ddf_dn_0: 0.1546 (0.1640)  loss_mal_dn_1: 1.5430 (1.5330)  loss_bbox_dn_1: 0.8545 (0.8945)  loss_giou_dn_1: 1.1879 (1.1937)  loss_fgl_dn_1: 0.9398 (0.9417)  loss_ddf_dn_1: 0.0304 (0.0326)  loss_mal_dn_2: 1.5889 (1.6406)  loss_bbox_dn_2: 0.8280 (0.8851)  loss_giou_dn_2: 1.1522 (1.1437)  loss_fgl_dn_2: 0.9498 (0.9546)  loss_ddf_dn_2: 0.0024 (0.0028)  loss_mal_dn_3: 1.5400 (1.5924)  loss_bbox_dn_3: 0.8525 (0.8866)  loss_giou_dn_3: 1.1549 (1.1432)  loss_fgl_dn_3: 0.9491 (0.9552)  loss_mal_dn_pre: 1.3193 (1.2958)  loss_bbox_dn_pre: 1.0026 (1.0065)  loss_giou_dn_pre: 1.2717 (1.2831)  time: 0.2355  data: 0.0879  max mem: 3583
Epoch: [10] Total time: 0:00:01 (0.2446 s / it)
Averaged stats: lr: 0.000000  loss: 45.4402 (46.4915)  loss_mal: 0.8379 (0.9150)  loss_bbox: 0.9842 (1.0406)  loss_giou: 1.6721 (1.7176)  loss_fgl: 0.5318 (0.5446)  loss_mal_aux_0: 0.7529 (0.8081)  loss_bbox_aux_0: 1.0281 (1.0856)  loss_giou_aux_0: 1.7286 (1.7678)  loss_fgl_aux_0: 0.5194 (0.5312)  loss_ddf_aux_0: 0.0380 (0.0525)  loss_mal_aux_1: 0.8042 (0.8989)  loss_bbox_aux_1: 1.0059 (1.0525)  loss_giou_aux_1: 1.6877 (1.7353)  loss_fgl_aux_1: 0.5222 (0.5389)  loss_ddf_aux_1: 0.0077 (0.0115)  loss_mal_aux_2: 0.8569 (0.9379)  loss_bbox_aux_2: 0.9837 (1.0388)  loss_giou_aux_2: 1.6718 (1.7166)  loss_fgl_aux_2: 0.5329 (0.5463)  loss_ddf_aux_2: 0.0007 (0.0011)  loss_mal_pre: 0.6958 (0.7858)  loss_bbox_pre: 1.0072 (1.0834)  loss_giou_pre: 1.7341 (1.7744)  loss_mal_enc_0: 0.7632 (0.9071)  loss_bbox_enc_0: 1.0280 (1.0659)  loss_giou_enc_0: 1.7706 (1.8193)  loss_mal_dn_0: 1.2744 (1.2745)  loss_bbox_dn_0: 1.0742 (1.0331)  loss_giou_dn_0: 1.2964 (1.3015)  loss_fgl_dn_0: 0.9385 (0.9568)  loss_ddf_dn_0: 0.1546 (0.1640)  loss_mal_dn_1: 1.5430 (1.5330)  loss_bbox_dn_1: 0.8545 (0.8945)  loss_giou_dn_1: 1.1879 (1.1937)  loss_fgl_dn_1: 0.9398 (0.9417)  loss_ddf_dn_1: 0.0304 (0.0326)  loss_mal_dn_2: 1.5889 (1.6406)  loss_bbox_dn_2: 0.8280 (0.8851)  loss_giou_dn_2: 1.1522 (1.1437)  loss_fgl_dn_2: 0.9498 (0.9546)  loss_ddf_dn_2: 0.0024 (0.0028)  loss_mal_dn_3: 1.5400 (1.5924)  loss_bbox_dn_3: 0.8525 (0.8866)  loss_giou_dn_3: 1.1549 (1.1432)  loss_fgl_dn_3: 0.9491 (0.9552)  loss_mal_dn_pre: 1.3193 (1.2958)  loss_bbox_dn_pre: 1.0026 (1.0065)  loss_giou_dn_pre: 1.2717 (1.2831)
Test:  [0/4]  eta: 0:00:01    time: 0.3968  data: 0.3581  max mem: 3583
Test:  [3/4]  eta: 0:00:00    time: 0.1694  data: 0.0917  max mem: 3583
Test: Total time: 0:00:00 (0.1886 s / it)
Averaged stats: 
Accumulating evaluation results...
COCOeval_opt.accumulate() finished...
DONE (t=0.00s).
IoU metric: bbox
 Average Precision  (AP) @[ IoU=0.50:0.95 | area=   all | maxDets=100 ] = 0.000
 Average Precision  (AP) @[ IoU=0.50      | area=   all | maxDets=100 ] = 0.000
 Average Precision  (AP) @[ IoU=0.75      | area=   all | maxDets=100 ] = 0.000
 Average Precision  (AP) @[ IoU=0.50:0.95 | area= small | maxDets=100 ] = -1.000
 Average Precision  (AP) @[ IoU=0.50:0.95 | area=medium | maxDets=100 ] = -1.000
 Average Precision  (AP) @[ IoU=0.50:0.95 | area= large | maxDets=100 ] = 0.005
 Average Recall     (AR) @[ IoU=0.50:0.95 | area=   all | maxDets=  1 ] = 0.000
 Average Recall     (AR) @[ IoU=0.50:0.95 | area=   all | maxDets= 10 ] = 0.000
 Average Recall     (AR) @[ IoU=0.50:0.95 | area=   all | maxDets=100 ] = 0.030
 Average Recall     (AR) @[ IoU=0.50:0.95 | area= small | maxDets=100 ] = -1.000
 Average Recall     (AR) @[ IoU=0.50:0.95 | area=medium | maxDets=100 ] = -1.000
 Average Recall     (AR) @[ IoU=0.50:0.95 | area= large | maxDets=100 ] = 0.030
 Average Recall     (AR) @[ IoU=0.50      | area=   all | maxDets=100 ] = 0.033
 Average Recall     (AR) @[ IoU=0.75      | area=   all | maxDets=100 ] = 0.033
best_stat: {'epoch': 0, 'coco_eval_bbox': 0.004558175091756313}
Epoch: [11]  [0/8]  eta: 0:00:07  lr: 0.000000  loss: 48.5108 (48.5108)  loss_mal: 1.2861 (1.2861)  loss_bbox: 1.1314 (1.1314)  loss_giou: 1.4508 (1.4508)  loss_fgl: 0.6847 (0.6847)  loss_mal_aux_0: 1.1113 (1.1113)  loss_bbox_aux_0: 1.2396 (1.2396)  loss_giou_aux_0: 1.5111 (1.5111)  loss_fgl_aux_0: 0.6554 (0.6554)  loss_ddf_aux_0: 0.0458 (0.0458)  loss_mal_aux_1: 1.3066 (1.3066)  loss_bbox_aux_1: 1.1607 (1.1607)  loss_giou_aux_1: 1.4631 (1.4631)  loss_fgl_aux_1: 0.6765 (0.6765)  loss_ddf_aux_1: 0.0095 (0.0095)  loss_mal_aux_2: 1.3281 (1.3281)  loss_bbox_aux_2: 1.1357 (1.1357)  loss_giou_aux_2: 1.4516 (1.4516)  loss_fgl_aux_2: 0.6832 (0.6832)  loss_ddf_aux_2: 0.0011 (0.0011)  loss_mal_pre: 1.1162 (1.1162)  loss_bbox_pre: 1.2234 (1.2234)  loss_giou_pre: 1.5145 (1.5145)  loss_mal_enc_0: 1.0049 (1.0049)  loss_bbox_enc_0: 1.1939 (1.1939)  loss_giou_enc_0: 1.6337 (1.6337)  loss_mal_dn_0: 1.1885 (1.1885)  loss_bbox_dn_0: 1.1411 (1.1411)  loss_giou_dn_0: 1.3506 (1.3506)  loss_fgl_dn_0: 0.9609 (0.9609)  loss_ddf_dn_0: 0.1717 (0.1717)  loss_mal_dn_1: 1.3975 (1.3975)  loss_bbox_dn_1: 1.0691 (1.0691)  loss_giou_dn_1: 1.2549 (1.2549)  loss_fgl_dn_1: 0.9215 (0.9215)  loss_ddf_dn_1: 0.0300 (0.0300)  loss_mal_dn_2: 1.4814 (1.4814)  loss_bbox_dn_2: 1.0569 (1.0569)  loss_giou_dn_2: 1.2129 (1.2129)  loss_fgl_dn_2: 0.9340 (0.9340)  loss_ddf_dn_2: 0.0024 (0.0024)  loss_mal_dn_3: 1.4639 (1.4639)  loss_bbox_dn_3: 1.0421 (1.0421)  loss_giou_dn_3: 1.2011 (1.2011)  loss_fgl_dn_3: 0.9393 (0.9393)  loss_mal_dn_pre: 1.2061 (1.2061)  loss_bbox_dn_pre: 1.1402 (1.1402)  loss_giou_dn_pre: 1.3254 (1.3254)  time: 0.9258  data: 0.7375  max mem: 3583
Epoch: [11]  [7/8]  eta: 0:00:00  lr: 0.000000  loss: 46.9086 (47.2155)  loss_mal: 1.0225 (1.0512)  loss_bbox: 1.0346 (1.0092)  loss_giou: 1.5770 (1.6600)  loss_fgl: 0.5876 (0.6149)  loss_mal_aux_0: 0.9126 (0.9157)  loss_bbox_aux_0: 1.0639 (1.0405)  loss_giou_aux_0: 1.6975 (1.7239)  loss_fgl_aux_0: 0.5786 (0.5960)  loss_ddf_aux_0: 0.0581 (0.0677)  loss_mal_aux_1: 0.9673 (1.0170)  loss_bbox_aux_1: 1.0291 (1.0222)  loss_giou_aux_1: 1.6236 (1.6819)  loss_fgl_aux_1: 0.5850 (0.6087)  loss_ddf_aux_1: 0.0087 (0.0114)  loss_mal_aux_2: 1.0508 (1.0840)  loss_bbox_aux_2: 1.0319 (1.0062)  loss_giou_aux_2: 1.5790 (1.6581)  loss_fgl_aux_2: 0.5908 (0.6175)  loss_ddf_aux_2: 0.0010 (0.0010)  loss_mal_pre: 0.8735 (0.9160)  loss_bbox_pre: 1.0490 (1.0265)  loss_giou_pre: 1.6943 (1.7230)  loss_mal_enc_0: 0.9829 (0.9438)  loss_bbox_enc_0: 0.9990 (1.0105)  loss_giou_enc_0: 1.6960 (1.7724)  loss_mal_dn_0: 1.2969 (1.4178)  loss_bbox_dn_0: 1.0470 (1.0333)  loss_giou_dn_0: 1.2124 (1.2326)  loss_fgl_dn_0: 0.9874 (0.9939)  loss_ddf_dn_0: 0.1717 (0.1915)  loss_mal_dn_1: 1.4287 (1.6414)  loss_bbox_dn_1: 0.8081 (0.8694)  loss_giou_dn_1: 1.1176 (1.1308)  loss_fgl_dn_1: 0.9802 (0.9529)  loss_ddf_dn_1: 0.0314 (0.0364)  loss_mal_dn_2: 1.4814 (1.7596)  loss_bbox_dn_2: 0.7923 (0.8464)  loss_giou_dn_2: 1.0754 (1.0857)  loss_fgl_dn_2: 0.9807 (0.9615)  loss_ddf_dn_2: 0.0024 (0.0028)  loss_mal_dn_3: 1.4639 (1.7252)  loss_bbox_dn_3: 0.7814 (0.8427)  loss_giou_dn_3: 1.0669 (1.0792)  loss_fgl_dn_3: 0.9850 (0.9670)  loss_mal_dn_pre: 1.3193 (1.4415)  loss_bbox_dn_pre: 1.0081 (1.0099)  loss_giou_dn_pre: 1.1959 (1.2148)  time: 0.2532  data: 0.0943  max mem: 3583
Epoch: [11] Total time: 0:00:02 (0.2607 s / it)
Averaged stats: lr: 0.000000  loss: 46.9086 (47.2155)  loss_mal: 1.0225 (1.0512)  loss_bbox: 1.0346 (1.0092)  loss_giou: 1.5770 (1.6600)  loss_fgl: 0.5876 (0.6149)  loss_mal_aux_0: 0.9126 (0.9157)  loss_bbox_aux_0: 1.0639 (1.0405)  loss_giou_aux_0: 1.6975 (1.7239)  loss_fgl_aux_0: 0.5786 (0.5960)  loss_ddf_aux_0: 0.0581 (0.0677)  loss_mal_aux_1: 0.9673 (1.0170)  loss_bbox_aux_1: 1.0291 (1.0222)  loss_giou_aux_1: 1.6236 (1.6819)  loss_fgl_aux_1: 0.5850 (0.6087)  loss_ddf_aux_1: 0.0087 (0.0114)  loss_mal_aux_2: 1.0508 (1.0840)  loss_bbox_aux_2: 1.0319 (1.0062)  loss_giou_aux_2: 1.5790 (1.6581)  loss_fgl_aux_2: 0.5908 (0.6175)  loss_ddf_aux_2: 0.0010 (0.0010)  loss_mal_pre: 0.8735 (0.9160)  loss_bbox_pre: 1.0490 (1.0265)  loss_giou_pre: 1.6943 (1.7230)  loss_mal_enc_0: 0.9829 (0.9438)  loss_bbox_enc_0: 0.9990 (1.0105)  loss_giou_enc_0: 1.6960 (1.7724)  loss_mal_dn_0: 1.2969 (1.4178)  loss_bbox_dn_0: 1.0470 (1.0333)  loss_giou_dn_0: 1.2124 (1.2326)  loss_fgl_dn_0: 0.9874 (0.9939)  loss_ddf_dn_0: 0.1717 (0.1915)  loss_mal_dn_1: 1.4287 (1.6414)  loss_bbox_dn_1: 0.8081 (0.8694)  loss_giou_dn_1: 1.1176 (1.1308)  loss_fgl_dn_1: 0.9802 (0.9529)  loss_ddf_dn_1: 0.0314 (0.0364)  loss_mal_dn_2: 1.4814 (1.7596)  loss_bbox_dn_2: 0.7923 (0.8464)  loss_giou_dn_2: 1.0754 (1.0857)  loss_fgl_dn_2: 0.9807 (0.9615)  loss_ddf_dn_2: 0.0024 (0.0028)  loss_mal_dn_3: 1.4639 (1.7252)  loss_bbox_dn_3: 0.7814 (0.8427)  loss_giou_dn_3: 1.0669 (1.0792)  loss_fgl_dn_3: 0.9850 (0.9670)  loss_mal_dn_pre: 1.3193 (1.4415)  loss_bbox_dn_pre: 1.0081 (1.0099)  loss_giou_dn_pre: 1.1959 (1.2148)
Test:  [0/4]  eta: 0:00:01    time: 0.4042  data: 0.3654  max mem: 3583
Test:  [3/4]  eta: 0:00:00    time: 0.1277  data: 0.0938  max mem: 3583
Test: Total time: 0:00:00 (0.1455 s / it)
Averaged stats: 
Accumulating evaluation results...
COCOeval_opt.accumulate() finished...
DONE (t=0.00s).
IoU metric: bbox
 Average Precision  (AP) @[ IoU=0.50:0.95 | area=   all | maxDets=100 ] = 0.000
 Average Precision  (AP) @[ IoU=0.50      | area=   all | maxDets=100 ] = 0.000
 Average Precision  (AP) @[ IoU=0.75      | area=   all | maxDets=100 ] = 0.000
 Average Precision  (AP) @[ IoU=0.50:0.95 | area= small | maxDets=100 ] = -1.000
 Average Precision  (AP) @[ IoU=0.50:0.95 | area=medium | maxDets=100 ] = -1.000
 Average Precision  (AP) @[ IoU=0.50:0.95 | area= large | maxDets=100 ] = 0.008
 Average Recall     (AR) @[ IoU=0.50:0.95 | area=   all | maxDets=  1 ] = 0.000
 Average Recall     (AR) @[ IoU=0.50:0.95 | area=   all | maxDets= 10 ] = 0.023
 Average Recall     (AR) @[ IoU=0.50:0.95 | area=   all | maxDets=100 ] = 0.053
 Average Recall     (AR) @[ IoU=0.50:0.95 | area= small | maxDets=100 ] = -1.000
 Average Recall     (AR) @[ IoU=0.50:0.95 | area=medium | maxDets=100 ] = -1.000
 Average Recall     (AR) @[ IoU=0.50:0.95 | area= large | maxDets=100 ] = 0.053
 Average Recall     (AR) @[ IoU=0.50      | area=   all | maxDets=100 ] = 0.067
 Average Recall     (AR) @[ IoU=0.75      | area=   all | maxDets=100 ] = 0.067
best_stat: {'epoch': 0, 'coco_eval_bbox': 0.004558175091756313}
Epoch: [12]  [0/8]  eta: 0:00:05  lr: 0.000000  loss: 48.3713 (48.3713)  loss_mal: 0.9458 (0.9458)  loss_bbox: 1.1374 (1.1374)  loss_giou: 1.9880 (1.9880)  loss_fgl: 0.5765 (0.5765)  loss_mal_aux_0: 0.8857 (0.8857)  loss_bbox_aux_0: 1.1537 (1.1537)  loss_giou_aux_0: 1.9899 (1.9899)  loss_fgl_aux_0: 0.5714 (0.5714)  loss_ddf_aux_0: 0.0357 (0.0357)  loss_mal_aux_1: 0.9521 (0.9521)  loss_bbox_aux_1: 1.1421 (1.1421)  loss_giou_aux_1: 1.9905 (1.9905)  loss_fgl_aux_1: 0.5763 (0.5763)  loss_ddf_aux_1: 0.0064 (0.0064)  loss_mal_aux_2: 0.9727 (0.9727)  loss_bbox_aux_2: 1.1390 (1.1390)  loss_giou_aux_2: 1.9861 (1.9861)  loss_fgl_aux_2: 0.5768 (0.5768)  loss_ddf_aux_2: 0.0007 (0.0007)  loss_mal_pre: 0.8535 (0.8535)  loss_bbox_pre: 1.1713 (1.1713)  loss_giou_pre: 2.0143 (2.0143)  loss_mal_enc_0: 0.8325 (0.8325)  loss_bbox_enc_0: 1.2972 (1.2972)  loss_giou_enc_0: 2.0802 (2.0802)  loss_mal_dn_0: 1.1367 (1.1367)  loss_bbox_dn_0: 0.9659 (0.9659)  loss_giou_dn_0: 1.3881 (1.3881)  loss_fgl_dn_0: 0.9810 (0.9810)  loss_ddf_dn_0: 0.2342 (0.2342)  loss_mal_dn_1: 1.4014 (1.4014)  loss_bbox_dn_1: 0.7153 (0.7153)  loss_giou_dn_1: 1.2529 (1.2529)  loss_fgl_dn_1: 0.9893 (0.9893)  loss_ddf_dn_1: 0.0380 (0.0380)  loss_mal_dn_2: 1.4951 (1.4951)  loss_bbox_dn_2: 0.7305 (0.7305)  loss_giou_dn_2: 1.2161 (1.2161)  loss_fgl_dn_2: 1.0086 (1.0086)  loss_ddf_dn_2: 0.0032 (0.0032)  loss_mal_dn_3: 1.4736 (1.4736)  loss_bbox_dn_3: 0.7216 (0.7216)  loss_giou_dn_3: 1.2113 (1.2113)  loss_fgl_dn_3: 1.0103 (1.0103)  loss_mal_dn_pre: 1.1738 (1.1738)  loss_bbox_dn_pre: 0.9943 (0.9943)  loss_giou_dn_pre: 1.3541 (1.3541)  time: 0.6661  data: 0.4376  max mem: 3583
Epoch: [12]  [7/8]  eta: 0:00:00  lr: 0.000000  loss: 47.4851 (49.0133)  loss_mal: 0.9458 (1.0773)  loss_bbox: 1.1374 (1.1882)  loss_giou: 1.5964 (1.7219)  loss_fgl: 0.6660 (0.6731)  loss_mal_aux_0: 0.8936 (0.9904)  loss_bbox_aux_0: 1.1537 (1.2273)  loss_giou_aux_0: 1.6505 (1.7596)  loss_fgl_aux_0: 0.6801 (0.6580)  loss_ddf_aux_0: 0.0444 (0.0706)  loss_mal_aux_1: 0.9521 (1.0452)  loss_bbox_aux_1: 1.1421 (1.1950)  loss_giou_aux_1: 1.6082 (1.7327)  loss_fgl_aux_1: 0.6629 (0.6694)  loss_ddf_aux_1: 0.0114 (0.0109)  loss_mal_aux_2: 0.9727 (1.1028)  loss_bbox_aux_2: 1.1390 (1.1859)  loss_giou_aux_2: 1.5937 (1.7198)  loss_fgl_aux_2: 0.6676 (0.6713)  loss_ddf_aux_2: 0.0009 (0.0011)  loss_mal_pre: 0.8799 (0.9641)  loss_bbox_pre: 1.1713 (1.2335)  loss_giou_pre: 1.6504 (1.7718)  loss_mal_enc_0: 1.0234 (1.0309)  loss_bbox_enc_0: 1.2972 (1.2680)  loss_giou_enc_0: 1.7528 (1.8422)  loss_mal_dn_0: 1.1846 (1.2618)  loss_bbox_dn_0: 0.9659 (1.0472)  loss_giou_dn_0: 1.3201 (1.3241)  loss_fgl_dn_0: 0.9810 (0.9945)  loss_ddf_dn_0: 0.1916 (0.1979)  loss_mal_dn_1: 1.4541 (1.5176)  loss_bbox_dn_1: 0.7050 (0.8470)  loss_giou_dn_1: 1.2020 (1.2036)  loss_fgl_dn_1: 0.9893 (0.9738)  loss_ddf_dn_1: 0.0380 (0.0388)  loss_mal_dn_2: 1.5420 (1.6279)  loss_bbox_dn_2: 0.6940 (0.8368)  loss_giou_dn_2: 1.1657 (1.1544)  loss_fgl_dn_2: 1.0086 (0.9903)  loss_ddf_dn_2: 0.0033 (0.0046)  loss_mal_dn_3: 1.4902 (1.5900)  loss_bbox_dn_3: 0.7062 (0.8429)  loss_giou_dn_3: 1.1462 (1.1515)  loss_fgl_dn_3: 1.0103 (0.9899)  loss_mal_dn_pre: 1.2871 (1.3125)  loss_bbox_dn_pre: 0.9556 (1.0118)  loss_giou_dn_pre: 1.2710 (1.2832)  time: 0.2587  data: 0.0668  max mem: 3583
Epoch: [12] Total time: 0:00:02 (0.2676 s / it)
Averaged stats: lr: 0.000000  loss: 47.4851 (49.0133)  loss_mal: 0.9458 (1.0773)  loss_bbox: 1.1374 (1.1882)  loss_giou: 1.5964 (1.7219)  loss_fgl: 0.6660 (0.6731)  loss_mal_aux_0: 0.8936 (0.9904)  loss_bbox_aux_0: 1.1537 (1.2273)  loss_giou_aux_0: 1.6505 (1.7596)  loss_fgl_aux_0: 0.6801 (0.6580)  loss_ddf_aux_0: 0.0444 (0.0706)  loss_mal_aux_1: 0.9521 (1.0452)  loss_bbox_aux_1: 1.1421 (1.1950)  loss_giou_aux_1: 1.6082 (1.7327)  loss_fgl_aux_1: 0.6629 (0.6694)  loss_ddf_aux_1: 0.0114 (0.0109)  loss_mal_aux_2: 0.9727 (1.1028)  loss_bbox_aux_2: 1.1390 (1.1859)  loss_giou_aux_2: 1.5937 (1.7198)  loss_fgl_aux_2: 0.6676 (0.6713)  loss_ddf_aux_2: 0.0009 (0.0011)  loss_mal_pre: 0.8799 (0.9641)  loss_bbox_pre: 1.1713 (1.2335)  loss_giou_pre: 1.6504 (1.7718)  loss_mal_enc_0: 1.0234 (1.0309)  loss_bbox_enc_0: 1.2972 (1.2680)  loss_giou_enc_0: 1.7528 (1.8422)  loss_mal_dn_0: 1.1846 (1.2618)  loss_bbox_dn_0: 0.9659 (1.0472)  loss_giou_dn_0: 1.3201 (1.3241)  loss_fgl_dn_0: 0.9810 (0.9945)  loss_ddf_dn_0: 0.1916 (0.1979)  loss_mal_dn_1: 1.4541 (1.5176)  loss_bbox_dn_1: 0.7050 (0.8470)  loss_giou_dn_1: 1.2020 (1.2036)  loss_fgl_dn_1: 0.9893 (0.9738)  loss_ddf_dn_1: 0.0380 (0.0388)  loss_mal_dn_2: 1.5420 (1.6279)  loss_bbox_dn_2: 0.6940 (0.8368)  loss_giou_dn_2: 1.1657 (1.1544)  loss_fgl_dn_2: 1.0086 (0.9903)  loss_ddf_dn_2: 0.0033 (0.0046)  loss_mal_dn_3: 1.4902 (1.5900)  loss_bbox_dn_3: 0.7062 (0.8429)  loss_giou_dn_3: 1.1462 (1.1515)  loss_fgl_dn_3: 1.0103 (0.9899)  loss_mal_dn_pre: 1.2871 (1.3125)  loss_bbox_dn_pre: 0.9556 (1.0118)  loss_giou_dn_pre: 1.2710 (1.2832)
Test:  [0/4]  eta: 0:00:01    time: 0.3794  data: 0.3424  max mem: 3583
Test:  [3/4]  eta: 0:00:00    time: 0.1185  data: 0.0875  max mem: 3583
Test: Total time: 0:00:00 (0.1430 s / it)
Averaged stats: 
Accumulating evaluation results...
COCOeval_opt.accumulate() finished...
DONE (t=0.00s).
IoU metric: bbox
 Average Precision  (AP) @[ IoU=0.50:0.95 | area=   all | maxDets=100 ] = 0.000
 Average Precision  (AP) @[ IoU=0.50      | area=   all | maxDets=100 ] = 0.000
 Average Precision  (AP) @[ IoU=0.75      | area=   all | maxDets=100 ] = 0.000
 Average Precision  (AP) @[ IoU=0.50:0.95 | area= small | maxDets=100 ] = -1.000
 Average Precision  (AP) @[ IoU=0.50:0.95 | area=medium | maxDets=100 ] = -1.000
 Average Precision  (AP) @[ IoU=0.50:0.95 | area= large | maxDets=100 ] = 0.005
 Average Recall     (AR) @[ IoU=0.50:0.95 | area=   all | maxDets=  1 ] = 0.000
 Average Recall     (AR) @[ IoU=0.50:0.95 | area=   all | maxDets= 10 ] = 0.027
 Average Recall     (AR) @[ IoU=0.50:0.95 | area=   all | maxDets=100 ] = 0.057
 Average Recall     (AR) @[ IoU=0.50:0.95 | area= small | maxDets=100 ] = -1.000
 Average Recall     (AR) @[ IoU=0.50:0.95 | area=medium | maxDets=100 ] = -1.000
 Average Recall     (AR) @[ IoU=0.50:0.95 | area= large | maxDets=100 ] = 0.057
 Average Recall     (AR) @[ IoU=0.50      | area=   all | maxDets=100 ] = 0.067
 Average Recall     (AR) @[ IoU=0.75      | area=   all | maxDets=100 ] = 0.067
best_stat: {'epoch': 0, 'coco_eval_bbox': 0.004558175091756313}
Epoch: [13]  [0/8]  eta: 0:00:04  lr: 0.000000  loss: 42.2891 (42.2891)  loss_mal: 0.5698 (0.5698)  loss_bbox: 0.7946 (0.7946)  loss_giou: 1.6952 (1.6952)  loss_fgl: 0.6397 (0.6397)  loss_mal_aux_0: 0.4744 (0.4744)  loss_bbox_aux_0: 0.8335 (0.8335)  loss_giou_aux_0: 1.7400 (1.7400)  loss_fgl_aux_0: 0.6037 (0.6037)  loss_ddf_aux_0: 0.0449 (0.0449)  loss_mal_aux_1: 0.5176 (0.5176)  loss_bbox_aux_1: 0.8067 (0.8067)  loss_giou_aux_1: 1.7134 (1.7134)  loss_fgl_aux_1: 0.6289 (0.6289)  loss_ddf_aux_1: 0.0078 (0.0078)  loss_mal_aux_2: 0.6104 (0.6104)  loss_bbox_aux_2: 0.7938 (0.7938)  loss_giou_aux_2: 1.6971 (1.6971)  loss_fgl_aux_2: 0.6430 (0.6430)  loss_ddf_aux_2: 0.0009 (0.0009)  loss_mal_pre: 0.4607 (0.4607)  loss_bbox_pre: 0.8600 (0.8600)  loss_giou_pre: 1.7354 (1.7354)  loss_mal_enc_0: 0.6401 (0.6401)  loss_bbox_enc_0: 0.8636 (0.8636)  loss_giou_enc_0: 1.7881 (1.7881)  loss_mal_dn_0: 1.2119 (1.2119)  loss_bbox_dn_0: 0.9910 (0.9910)  loss_giou_dn_0: 1.3068 (1.3068)  loss_fgl_dn_0: 0.8673 (0.8673)  loss_ddf_dn_0: 0.1523 (0.1523)  loss_mal_dn_1: 1.4971 (1.4971)  loss_bbox_dn_1: 0.7329 (0.7329)  loss_giou_dn_1: 1.1836 (1.1836)  loss_fgl_dn_1: 0.8587 (0.8587)  loss_ddf_dn_1: 0.0358 (0.0358)  loss_mal_dn_2: 1.6377 (1.6377)  loss_bbox_dn_2: 0.7477 (0.7477)  loss_giou_dn_2: 1.1430 (1.1430)  loss_fgl_dn_2: 0.8817 (0.8817)  loss_ddf_dn_2: 0.0038 (0.0038)  loss_mal_dn_3: 1.5869 (1.5869)  loss_bbox_dn_3: 0.7667 (0.7667)  loss_giou_dn_3: 1.1441 (1.1441)  loss_fgl_dn_3: 0.8787 (0.8787)  loss_mal_dn_pre: 1.2217 (1.2217)  loss_bbox_dn_pre: 0.9816 (0.9816)  loss_giou_dn_pre: 1.2949 (1.2949)  time: 0.5914  data: 0.4066  max mem: 3583
Epoch: [13]  [7/8]  eta: 0:00:00  lr: 0.000000  loss: 46.9365 (48.0071)  loss_mal: 0.9243 (1.0507)  loss_bbox: 0.9820 (1.0787)  loss_giou: 1.6771 (1.6835)  loss_fgl: 0.6397 (0.6345)  loss_mal_aux_0: 0.7822 (0.8968)  loss_bbox_aux_0: 1.0001 (1.1741)  loss_giou_aux_0: 1.7400 (1.7433)  loss_fgl_aux_0: 0.5998 (0.6005)  loss_ddf_aux_0: 0.0650 (0.0753)  loss_mal_aux_1: 0.9014 (1.0050)  loss_bbox_aux_1: 0.9566 (1.1029)  loss_giou_aux_1: 1.7015 (1.7120)  loss_fgl_aux_1: 0.6289 (0.6228)  loss_ddf_aux_1: 0.0132 (0.0144)  loss_mal_aux_2: 0.9185 (1.0735)  loss_bbox_aux_2: 0.9677 (1.0772)  loss_giou_aux_2: 1.6810 (1.6844)  loss_fgl_aux_2: 0.6430 (0.6355)  loss_ddf_aux_2: 0.0010 (0.0011)  loss_mal_pre: 0.7910 (0.8805)  loss_bbox_pre: 1.0020 (1.1642)  loss_giou_pre: 1.7354 (1.7407)  loss_mal_enc_0: 0.8403 (0.9066)  loss_bbox_enc_0: 0.9799 (1.1471)  loss_giou_enc_0: 1.7398 (1.8294)  loss_mal_dn_0: 1.2520 (1.3276)  loss_bbox_dn_0: 0.9539 (1.0630)  loss_giou_dn_0: 1.2675 (1.2710)  loss_fgl_dn_0: 0.9871 (1.0055)  loss_ddf_dn_0: 0.1909 (0.1901)  loss_mal_dn_1: 1.4971 (1.5881)  loss_bbox_dn_1: 0.7849 (0.8882)  loss_giou_dn_1: 1.1695 (1.1562)  loss_fgl_dn_1: 0.9760 (0.9865)  loss_ddf_dn_1: 0.0358 (0.0363)  loss_mal_dn_2: 1.6152 (1.6848)  loss_bbox_dn_2: 0.8180 (0.8872)  loss_giou_dn_2: 1.1430 (1.1208)  loss_fgl_dn_2: 0.9796 (0.9930)  loss_ddf_dn_2: 0.0025 (0.0027)  loss_mal_dn_3: 1.5791 (1.6471)  loss_bbox_dn_3: 0.8026 (0.8837)  loss_giou_dn_3: 1.1437 (1.1149)  loss_fgl_dn_3: 0.9827 (0.9953)  loss_mal_dn_pre: 1.3164 (1.3639)  loss_bbox_dn_pre: 0.9201 (1.0199)  loss_giou_dn_pre: 1.2414 (1.2464)  time: 0.2482  data: 0.0724  max mem: 3583
Epoch: [13] Total time: 0:00:02 (0.2588 s / it)
Averaged stats: lr: 0.000000  loss: 46.9365 (48.0071)  loss_mal: 0.9243 (1.0507)  loss_bbox: 0.9820 (1.0787)  loss_giou: 1.6771 (1.6835)  loss_fgl: 0.6397 (0.6345)  loss_mal_aux_0: 0.7822 (0.8968)  loss_bbox_aux_0: 1.0001 (1.1741)  loss_giou_aux_0: 1.7400 (1.7433)  loss_fgl_aux_0: 0.5998 (0.6005)  loss_ddf_aux_0: 0.0650 (0.0753)  loss_mal_aux_1: 0.9014 (1.0050)  loss_bbox_aux_1: 0.9566 (1.1029)  loss_giou_aux_1: 1.7015 (1.7120)  loss_fgl_aux_1: 0.6289 (0.6228)  loss_ddf_aux_1: 0.0132 (0.0144)  loss_mal_aux_2: 0.9185 (1.0735)  loss_bbox_aux_2: 0.9677 (1.0772)  loss_giou_aux_2: 1.6810 (1.6844)  loss_fgl_aux_2: 0.6430 (0.6355)  loss_ddf_aux_2: 0.0010 (0.0011)  loss_mal_pre: 0.7910 (0.8805)  loss_bbox_pre: 1.0020 (1.1642)  loss_giou_pre: 1.7354 (1.7407)  loss_mal_enc_0: 0.8403 (0.9066)  loss_bbox_enc_0: 0.9799 (1.1471)  loss_giou_enc_0: 1.7398 (1.8294)  loss_mal_dn_0: 1.2520 (1.3276)  loss_bbox_dn_0: 0.9539 (1.0630)  loss_giou_dn_0: 1.2675 (1.2710)  loss_fgl_dn_0: 0.9871 (1.0055)  loss_ddf_dn_0: 0.1909 (0.1901)  loss_mal_dn_1: 1.4971 (1.5881)  loss_bbox_dn_1: 0.7849 (0.8882)  loss_giou_dn_1: 1.1695 (1.1562)  loss_fgl_dn_1: 0.9760 (0.9865)  loss_ddf_dn_1: 0.0358 (0.0363)  loss_mal_dn_2: 1.6152 (1.6848)  loss_bbox_dn_2: 0.8180 (0.8872)  loss_giou_dn_2: 1.1430 (1.1208)  loss_fgl_dn_2: 0.9796 (0.9930)  loss_ddf_dn_2: 0.0025 (0.0027)  loss_mal_dn_3: 1.5791 (1.6471)  loss_bbox_dn_3: 0.8026 (0.8837)  loss_giou_dn_3: 1.1437 (1.1149)  loss_fgl_dn_3: 0.9827 (0.9953)  loss_mal_dn_pre: 1.3164 (1.3639)  loss_bbox_dn_pre: 0.9201 (1.0199)  loss_giou_dn_pre: 1.2414 (1.2464)
Test:  [0/4]  eta: 0:00:01    time: 0.3958  data: 0.3598  max mem: 3583
Test:  [3/4]  eta: 0:00:00    time: 0.1226  data: 0.0919  max mem: 3583
Test: Total time: 0:00:00 (0.1387 s / it)
Averaged stats: 
Accumulating evaluation results...
COCOeval_opt.accumulate() finished...
DONE (t=0.00s).
IoU metric: bbox
 Average Precision  (AP) @[ IoU=0.50:0.95 | area=   all | maxDets=100 ] = 0.000
 Average Precision  (AP) @[ IoU=0.50      | area=   all | maxDets=100 ] = 0.000
 Average Precision  (AP) @[ IoU=0.75      | area=   all | maxDets=100 ] = 0.000
 Average Precision  (AP) @[ IoU=0.50:0.95 | area= small | maxDets=100 ] = -1.000
 Average Precision  (AP) @[ IoU=0.50:0.95 | area=medium | maxDets=100 ] = -1.000
 Average Precision  (AP) @[ IoU=0.50:0.95 | area= large | maxDets=100 ] = 0.000
 Average Recall     (AR) @[ IoU=0.50:0.95 | area=   all | maxDets=  1 ] = 0.000
 Average Recall     (AR) @[ IoU=0.50:0.95 | area=   all | maxDets= 10 ] = 0.000
 Average Recall     (AR) @[ IoU=0.50:0.95 | area=   all | maxDets=100 ] = 0.000
 Average Recall     (AR) @[ IoU=0.50:0.95 | area= small | maxDets=100 ] = -1.000
 Average Recall     (AR) @[ IoU=0.50:0.95 | area=medium | maxDets=100 ] = -1.000
 Average Recall     (AR) @[ IoU=0.50:0.95 | area= large | maxDets=100 ] = 0.000
 Average Recall     (AR) @[ IoU=0.50      | area=   all | maxDets=100 ] = 0.000
 Average Recall     (AR) @[ IoU=0.75      | area=   all | maxDets=100 ] = 0.000
best_stat: {'epoch': 0, 'coco_eval_bbox': 0.004558175091756313}
Epoch: [14]  [0/8]  eta: 0:00:06  lr: 0.000000  loss: 45.1944 (45.1944)  loss_mal: 0.6343 (0.6343)  loss_bbox: 1.1974 (1.1974)  loss_giou: 1.8164 (1.8164)  loss_fgl: 0.5294 (0.5294)  loss_mal_aux_0: 0.5288 (0.5288)  loss_bbox_aux_0: 1.2058 (1.2058)  loss_giou_aux_0: 1.8582 (1.8582)  loss_fgl_aux_0: 0.5151 (0.5151)  loss_ddf_aux_0: 0.0353 (0.0353)  loss_mal_aux_1: 0.6123 (0.6123)  loss_bbox_aux_1: 1.2055 (1.2055)  loss_giou_aux_1: 1.8347 (1.8347)  loss_fgl_aux_1: 0.5233 (0.5233)  loss_ddf_aux_1: 0.0062 (0.0062)  loss_mal_aux_2: 0.6426 (0.6426)  loss_bbox_aux_2: 1.1956 (1.1956)  loss_giou_aux_2: 1.8147 (1.8147)  loss_fgl_aux_2: 0.5314 (0.5314)  loss_ddf_aux_2: 0.0008 (0.0008)  loss_mal_pre: 0.4895 (0.4895)  loss_bbox_pre: 1.2080 (1.2080)  loss_giou_pre: 1.8806 (1.8806)  loss_mal_enc_0: 0.6680 (0.6680)  loss_bbox_enc_0: 1.3094 (1.3094)  loss_giou_enc_0: 1.9067 (1.9067)  loss_mal_dn_0: 1.1250 (1.1250)  loss_bbox_dn_0: 0.9643 (0.9643)  loss_giou_dn_0: 1.3407 (1.3407)  loss_fgl_dn_0: 0.8665 (0.8665)  loss_ddf_dn_0: 0.1379 (0.1379)  loss_mal_dn_1: 1.3750 (1.3750)  loss_bbox_dn_1: 0.8590 (0.8590)  loss_giou_dn_1: 1.2507 (1.2507)  loss_fgl_dn_1: 0.8628 (0.8628)  loss_ddf_dn_1: 0.0255 (0.0255)  loss_mal_dn_2: 1.5293 (1.5293)  loss_bbox_dn_2: 0.8282 (0.8282)  loss_giou_dn_2: 1.1885 (1.1885)  loss_fgl_dn_2: 0.8802 (0.8802)  loss_ddf_dn_2: 0.0025 (0.0025)  loss_mal_dn_3: 1.4961 (1.4961)  loss_bbox_dn_3: 0.8272 (0.8272)  loss_giou_dn_3: 1.1872 (1.1872)  loss_fgl_dn_3: 0.8813 (0.8813)  loss_mal_dn_pre: 1.1445 (1.1445)  loss_bbox_dn_pre: 0.9542 (0.9542)  loss_giou_dn_pre: 1.3179 (1.3179)  time: 0.8201  data: 0.6251  max mem: 3583
Epoch: [14]  [7/8]  eta: 0:00:00  lr: 0.000000  loss: 46.7880 (47.8631)  loss_mal: 0.9863 (1.0755)  loss_bbox: 1.1003 (1.0857)  loss_giou: 1.5903 (1.6125)  loss_fgl: 0.6536 (0.6859)  loss_mal_aux_0: 0.7720 (0.9745)  loss_bbox_aux_0: 1.1560 (1.1061)  loss_giou_aux_0: 1.6408 (1.6718)  loss_fgl_aux_0: 0.6457 (0.6642)  loss_ddf_aux_0: 0.0761 (0.0769)  loss_mal_aux_1: 0.9224 (1.0489)  loss_bbox_aux_1: 1.1174 (1.0926)  loss_giou_aux_1: 1.5947 (1.6268)  loss_fgl_aux_1: 0.6400 (0.6778)  loss_ddf_aux_1: 0.0104 (0.0137)  loss_mal_aux_2: 1.0156 (1.1024)  loss_bbox_aux_2: 1.1019 (1.0851)  loss_giou_aux_2: 1.5909 (1.6112)  loss_fgl_aux_2: 0.6485 (0.6866)  loss_ddf_aux_2: 0.0010 (0.0012)  loss_mal_pre: 0.7910 (0.9477)  loss_bbox_pre: 1.1622 (1.1400)  loss_giou_pre: 1.6544 (1.6794)  loss_mal_enc_0: 0.8755 (1.0159)  loss_bbox_enc_0: 1.1535 (1.1534)  loss_giou_enc_0: 1.7029 (1.7072)  loss_mal_dn_0: 1.1250 (1.2240)  loss_bbox_dn_0: 1.0413 (1.1212)  loss_giou_dn_0: 1.3407 (1.3218)  loss_fgl_dn_0: 0.9414 (0.9620)  loss_ddf_dn_0: 0.1530 (0.1877)  loss_mal_dn_1: 1.3750 (1.4672)  loss_bbox_dn_1: 0.8626 (0.9569)  loss_giou_dn_1: 1.2507 (1.2096)  loss_fgl_dn_1: 0.9275 (0.9490)  loss_ddf_dn_1: 0.0296 (0.0366)  loss_mal_dn_2: 1.4746 (1.5640)  loss_bbox_dn_2: 0.8725 (0.9565)  loss_giou_dn_2: 1.1885 (1.1720)  loss_fgl_dn_2: 0.9414 (0.9520)  loss_ddf_dn_2: 0.0027 (0.0032)  loss_mal_dn_3: 1.4365 (1.5312)  loss_bbox_dn_3: 0.8636 (0.9534)  loss_giou_dn_3: 1.1872 (1.1677)  loss_fgl_dn_3: 0.9416 (0.9541)  loss_mal_dn_pre: 1.1494 (1.2585)  loss_bbox_dn_pre: 1.0098 (1.0766)  loss_giou_dn_pre: 1.3179 (1.2948)  time: 0.2324  data: 0.0806  max mem: 3583
Epoch: [14] Total time: 0:00:01 (0.2429 s / it)
Averaged stats: lr: 0.000000  loss: 46.7880 (47.8631)  loss_mal: 0.9863 (1.0755)  loss_bbox: 1.1003 (1.0857)  loss_giou: 1.5903 (1.6125)  loss_fgl: 0.6536 (0.6859)  loss_mal_aux_0: 0.7720 (0.9745)  loss_bbox_aux_0: 1.1560 (1.1061)  loss_giou_aux_0: 1.6408 (1.6718)  loss_fgl_aux_0: 0.6457 (0.6642)  loss_ddf_aux_0: 0.0761 (0.0769)  loss_mal_aux_1: 0.9224 (1.0489)  loss_bbox_aux_1: 1.1174 (1.0926)  loss_giou_aux_1: 1.5947 (1.6268)  loss_fgl_aux_1: 0.6400 (0.6778)  loss_ddf_aux_1: 0.0104 (0.0137)  loss_mal_aux_2: 1.0156 (1.1024)  loss_bbox_aux_2: 1.1019 (1.0851)  loss_giou_aux_2: 1.5909 (1.6112)  loss_fgl_aux_2: 0.6485 (0.6866)  loss_ddf_aux_2: 0.0010 (0.0012)  loss_mal_pre: 0.7910 (0.9477)  loss_bbox_pre: 1.1622 (1.1400)  loss_giou_pre: 1.6544 (1.6794)  loss_mal_enc_0: 0.8755 (1.0159)  loss_bbox_enc_0: 1.1535 (1.1534)  loss_giou_enc_0: 1.7029 (1.7072)  loss_mal_dn_0: 1.1250 (1.2240)  loss_bbox_dn_0: 1.0413 (1.1212)  loss_giou_dn_0: 1.3407 (1.3218)  loss_fgl_dn_0: 0.9414 (0.9620)  loss_ddf_dn_0: 0.1530 (0.1877)  loss_mal_dn_1: 1.3750 (1.4672)  loss_bbox_dn_1: 0.8626 (0.9569)  loss_giou_dn_1: 1.2507 (1.2096)  loss_fgl_dn_1: 0.9275 (0.9490)  loss_ddf_dn_1: 0.0296 (0.0366)  loss_mal_dn_2: 1.4746 (1.5640)  loss_bbox_dn_2: 0.8725 (0.9565)  loss_giou_dn_2: 1.1885 (1.1720)  loss_fgl_dn_2: 0.9414 (0.9520)  loss_ddf_dn_2: 0.0027 (0.0032)  loss_mal_dn_3: 1.4365 (1.5312)  loss_bbox_dn_3: 0.8636 (0.9534)  loss_giou_dn_3: 1.1872 (1.1677)  loss_fgl_dn_3: 0.9416 (0.9541)  loss_mal_dn_pre: 1.1494 (1.2585)  loss_bbox_dn_pre: 1.0098 (1.0766)  loss_giou_dn_pre: 1.3179 (1.2948)
Test:  [0/4]  eta: 0:00:01    time: 0.4016  data: 0.3651  max mem: 3583
Test:  [3/4]  eta: 0:00:00    time: 0.1244  data: 0.0934  max mem: 3583
Test: Total time: 0:00:00 (0.1451 s / it)
Averaged stats: 
Accumulating evaluation results...
COCOeval_opt.accumulate() finished...
DONE (t=0.00s).
IoU metric: bbox
 Average Precision  (AP) @[ IoU=0.50:0.95 | area=   all | maxDets=100 ] = 0.000
 Average Precision  (AP) @[ IoU=0.50      | area=   all | maxDets=100 ] = 0.000
 Average Precision  (AP) @[ IoU=0.75      | area=   all | maxDets=100 ] = 0.000
 Average Precision  (AP) @[ IoU=0.50:0.95 | area= small | maxDets=100 ] = -1.000
 Average Precision  (AP) @[ IoU=0.50:0.95 | area=medium | maxDets=100 ] = -1.000
 Average Precision  (AP) @[ IoU=0.50:0.95 | area= large | maxDets=100 ] = 0.000
 Average Recall     (AR) @[ IoU=0.50:0.95 | area=   all | maxDets=  1 ] = 0.000
 Average Recall     (AR) @[ IoU=0.50:0.95 | area=   all | maxDets= 10 ] = 0.000
 Average Recall     (AR) @[ IoU=0.50:0.95 | area=   all | maxDets=100 ] = 0.000
 Average Recall     (AR) @[ IoU=0.50:0.95 | area= small | maxDets=100 ] = -1.000
 Average Recall     (AR) @[ IoU=0.50:0.95 | area=medium | maxDets=100 ] = -1.000
 Average Recall     (AR) @[ IoU=0.50:0.95 | area= large | maxDets=100 ] = 0.000
 Average Recall     (AR) @[ IoU=0.50      | area=   all | maxDets=100 ] = 0.000
 Average Recall     (AR) @[ IoU=0.75      | area=   all | maxDets=100 ] = 0.000
best_stat: {'epoch': 0, 'coco_eval_bbox': 0.004558175091756313}
Epoch: [15]  [0/8]  eta: 0:00:06  lr: 0.000000  loss: 44.2934 (44.2934)  loss_mal: 1.4072 (1.4072)  loss_bbox: 0.5928 (0.5928)  loss_giou: 1.3326 (1.3326)  loss_fgl: 0.8256 (0.8256)  loss_mal_aux_0: 1.1455 (1.1455)  loss_bbox_aux_0: 0.6155 (0.6155)  loss_giou_aux_0: 1.4128 (1.4128)  loss_fgl_aux_0: 0.7807 (0.7807)  loss_ddf_aux_0: 0.0685 (0.0685)  loss_mal_aux_1: 1.4180 (1.4180)  loss_bbox_aux_1: 0.5942 (0.5942)  loss_giou_aux_1: 1.3460 (1.3460)  loss_fgl_aux_1: 0.8192 (0.8192)  loss_ddf_aux_1: 0.0087 (0.0087)  loss_mal_aux_2: 1.4727 (1.4727)  loss_bbox_aux_2: 0.5936 (0.5936)  loss_giou_aux_2: 1.3247 (1.3247)  loss_fgl_aux_2: 0.8307 (0.8307)  loss_ddf_aux_2: 0.0015 (0.0015)  loss_mal_pre: 1.1064 (1.1064)  loss_bbox_pre: 0.6404 (0.6404)  loss_giou_pre: 1.4477 (1.4477)  loss_mal_enc_0: 0.9189 (0.9189)  loss_bbox_enc_0: 0.7184 (0.7184)  loss_giou_enc_0: 1.6145 (1.6145)  loss_mal_dn_0: 1.2812 (1.2812)  loss_bbox_dn_0: 0.8379 (0.8379)  loss_giou_dn_0: 1.3052 (1.3052)  loss_fgl_dn_0: 0.9666 (0.9666)  loss_ddf_dn_0: 0.2125 (0.2125)  loss_mal_dn_1: 1.5781 (1.5781)  loss_bbox_dn_1: 0.6376 (0.6376)  loss_giou_dn_1: 1.1649 (1.1649)  loss_fgl_dn_1: 0.9456 (0.9456)  loss_ddf_dn_1: 0.0369 (0.0369)  loss_mal_dn_2: 1.8037 (1.8037)  loss_bbox_dn_2: 0.6195 (0.6195)  loss_giou_dn_2: 1.0782 (1.0782)  loss_fgl_dn_2: 0.9630 (0.9630)  loss_ddf_dn_2: 0.0042 (0.0042)  loss_mal_dn_3: 1.7334 (1.7334)  loss_bbox_dn_3: 0.6249 (0.6249)  loss_giou_dn_3: 1.0865 (1.0865)  loss_fgl_dn_3: 0.9592 (0.9592)  loss_mal_dn_pre: 1.2979 (1.2979)  loss_bbox_dn_pre: 0.8305 (0.8305)  loss_giou_dn_pre: 1.2889 (1.2889)  time: 0.7841  data: 0.6068  max mem: 3583
Epoch: [15]  [7/8]  eta: 0:00:00  lr: 0.000000  loss: 47.2649 (47.7368)  loss_mal: 1.4072 (1.4893)  loss_bbox: 0.7335 (0.8128)  loss_giou: 1.3316 (1.3302)  loss_fgl: 0.7378 (0.8041)  loss_mal_aux_0: 1.1455 (1.2840)  loss_bbox_aux_0: 0.7961 (0.8536)  loss_giou_aux_0: 1.4128 (1.4093)  loss_fgl_aux_0: 0.7305 (0.7967)  loss_ddf_aux_0: 0.0685 (0.0831)  loss_mal_aux_1: 1.4180 (1.3857)  loss_bbox_aux_1: 0.7605 (0.8273)  loss_giou_aux_1: 1.3460 (1.3558)  loss_fgl_aux_1: 0.7424 (0.7934)  loss_ddf_aux_1: 0.0095 (0.0134)  loss_mal_aux_2: 1.4727 (1.5265)  loss_bbox_aux_2: 0.7327 (0.8113)  loss_giou_aux_2: 1.3247 (1.3279)  loss_fgl_aux_2: 0.7410 (0.8061)  loss_ddf_aux_2: 0.0013 (0.0015)  loss_mal_pre: 1.1064 (1.2731)  loss_bbox_pre: 0.8007 (0.8630)  loss_giou_pre: 1.4047 (1.4142)  loss_mal_enc_0: 1.0127 (1.2472)  loss_bbox_enc_0: 0.8464 (0.9419)  loss_giou_enc_0: 1.5658 (1.5387)  loss_mal_dn_0: 1.2812 (1.4062)  loss_bbox_dn_0: 0.9967 (1.0406)  loss_giou_dn_0: 1.1755 (1.2502)  loss_fgl_dn_0: 1.0536 (1.0431)  loss_ddf_dn_0: 0.2281 (0.2230)  loss_mal_dn_1: 1.5781 (1.6705)  loss_bbox_dn_1: 0.8333 (0.8676)  loss_giou_dn_1: 1.1215 (1.1199)  loss_fgl_dn_1: 1.0218 (1.0036)  loss_ddf_dn_1: 0.0369 (0.0404)  loss_mal_dn_2: 1.6689 (1.8016)  loss_bbox_dn_2: 0.7488 (0.8463)  loss_giou_dn_2: 1.0782 (1.0718)  loss_fgl_dn_2: 1.0125 (1.0057)  loss_ddf_dn_2: 0.0031 (0.0037)  loss_mal_dn_3: 1.6250 (1.7537)  loss_bbox_dn_3: 0.7529 (0.8448)  loss_giou_dn_3: 1.0865 (1.0707)  loss_fgl_dn_3: 1.0113 (1.0068)  loss_mal_dn_pre: 1.2979 (1.4467)  loss_bbox_dn_pre: 1.0173 (1.0072)  loss_giou_dn_pre: 1.1448 (1.2226)  time: 0.2441  data: 0.0893  max mem: 3583
Epoch: [15] Total time: 0:00:02 (0.2537 s / it)
Averaged stats: lr: 0.000000  loss: 47.2649 (47.7368)  loss_mal: 1.4072 (1.4893)  loss_bbox: 0.7335 (0.8128)  loss_giou: 1.3316 (1.3302)  loss_fgl: 0.7378 (0.8041)  loss_mal_aux_0: 1.1455 (1.2840)  loss_bbox_aux_0: 0.7961 (0.8536)  loss_giou_aux_0: 1.4128 (1.4093)  loss_fgl_aux_0: 0.7305 (0.7967)  loss_ddf_aux_0: 0.0685 (0.0831)  loss_mal_aux_1: 1.4180 (1.3857)  loss_bbox_aux_1: 0.7605 (0.8273)  loss_giou_aux_1: 1.3460 (1.3558)  loss_fgl_aux_1: 0.7424 (0.7934)  loss_ddf_aux_1: 0.0095 (0.0134)  loss_mal_aux_2: 1.4727 (1.5265)  loss_bbox_aux_2: 0.7327 (0.8113)  loss_giou_aux_2: 1.3247 (1.3279)  loss_fgl_aux_2: 0.7410 (0.8061)  loss_ddf_aux_2: 0.0013 (0.0015)  loss_mal_pre: 1.1064 (1.2731)  loss_bbox_pre: 0.8007 (0.8630)  loss_giou_pre: 1.4047 (1.4142)  loss_mal_enc_0: 1.0127 (1.2472)  loss_bbox_enc_0: 0.8464 (0.9419)  loss_giou_enc_0: 1.5658 (1.5387)  loss_mal_dn_0: 1.2812 (1.4062)  loss_bbox_dn_0: 0.9967 (1.0406)  loss_giou_dn_0: 1.1755 (1.2502)  loss_fgl_dn_0: 1.0536 (1.0431)  loss_ddf_dn_0: 0.2281 (0.2230)  loss_mal_dn_1: 1.5781 (1.6705)  loss_bbox_dn_1: 0.8333 (0.8676)  loss_giou_dn_1: 1.1215 (1.1199)  loss_fgl_dn_1: 1.0218 (1.0036)  loss_ddf_dn_1: 0.0369 (0.0404)  loss_mal_dn_2: 1.6689 (1.8016)  loss_bbox_dn_2: 0.7488 (0.8463)  loss_giou_dn_2: 1.0782 (1.0718)  loss_fgl_dn_2: 1.0125 (1.0057)  loss_ddf_dn_2: 0.0031 (0.0037)  loss_mal_dn_3: 1.6250 (1.7537)  loss_bbox_dn_3: 0.7529 (0.8448)  loss_giou_dn_3: 1.0865 (1.0707)  loss_fgl_dn_3: 1.0113 (1.0068)  loss_mal_dn_pre: 1.2979 (1.4467)  loss_bbox_dn_pre: 1.0173 (1.0072)  loss_giou_dn_pre: 1.1448 (1.2226)
Test:  [0/4]  eta: 0:00:01    time: 0.3750  data: 0.3375  max mem: 3583
Test:  [3/4]  eta: 0:00:00    time: 0.1172  data: 0.0864  max mem: 3583
Test: Total time: 0:00:00 (0.1369 s / it)
Averaged stats: 
Accumulating evaluation results...
COCOeval_opt.accumulate() finished...
DONE (t=0.00s).
IoU metric: bbox
 Average Precision  (AP) @[ IoU=0.50:0.95 | area=   all | maxDets=100 ] = 0.000
 Average Precision  (AP) @[ IoU=0.50      | area=   all | maxDets=100 ] = 0.000
 Average Precision  (AP) @[ IoU=0.75      | area=   all | maxDets=100 ] = 0.000
 Average Precision  (AP) @[ IoU=0.50:0.95 | area= small | maxDets=100 ] = -1.000
 Average Precision  (AP) @[ IoU=0.50:0.95 | area=medium | maxDets=100 ] = -1.000
 Average Precision  (AP) @[ IoU=0.50:0.95 | area= large | maxDets=100 ] = 0.004
 Average Recall     (AR) @[ IoU=0.50:0.95 | area=   all | maxDets=  1 ] = 0.000
 Average Recall     (AR) @[ IoU=0.50:0.95 | area=   all | maxDets= 10 ] = 0.027
 Average Recall     (AR) @[ IoU=0.50:0.95 | area=   all | maxDets=100 ] = 0.087
 Average Recall     (AR) @[ IoU=0.50:0.95 | area= small | maxDets=100 ] = -1.000
 Average Recall     (AR) @[ IoU=0.50:0.95 | area=medium | maxDets=100 ] = -1.000
 Average Recall     (AR) @[ IoU=0.50:0.95 | area= large | maxDets=100 ] = 0.087
 Average Recall     (AR) @[ IoU=0.50      | area=   all | maxDets=100 ] = 0.133
 Average Recall     (AR) @[ IoU=0.75      | area=   all | maxDets=100 ] = 0.067
best_stat: {'epoch': 0, 'coco_eval_bbox': 0.004558175091756313}
Epoch: [16]  [0/8]  eta: 0:00:07  lr: 0.000000  loss: 53.6956 (53.6956)  loss_mal: 0.8540 (0.8540)  loss_bbox: 1.8651 (1.8651)  loss_giou: 1.6452 (1.6452)  loss_fgl: 0.5522 (0.5522)  loss_mal_aux_0: 0.7637 (0.7637)  loss_bbox_aux_0: 2.0165 (2.0165)  loss_giou_aux_0: 1.7234 (1.7234)  loss_fgl_aux_0: 0.5125 (0.5125)  loss_ddf_aux_0: 0.0705 (0.0705)  loss_mal_aux_1: 0.8926 (0.8926)  loss_bbox_aux_1: 1.8642 (1.8642)  loss_giou_aux_1: 1.6405 (1.6405)  loss_fgl_aux_1: 0.5522 (0.5522)  loss_ddf_aux_1: 0.0204 (0.0204)  loss_mal_aux_2: 0.8511 (0.8511)  loss_bbox_aux_2: 1.8645 (1.8645)  loss_giou_aux_2: 1.6446 (1.6446)  loss_fgl_aux_2: 0.5648 (0.5648)  loss_ddf_aux_2: 0.0023 (0.0023)  loss_mal_pre: 0.8125 (0.8125)  loss_bbox_pre: 1.9493 (1.9493)  loss_giou_pre: 1.7152 (1.7152)  loss_mal_enc_0: 0.9902 (0.9902)  loss_bbox_enc_0: 1.9012 (1.9012)  loss_giou_enc_0: 1.6895 (1.6895)  loss_mal_dn_0: 1.1113 (1.1113)  loss_bbox_dn_0: 1.6887 (1.6887)  loss_giou_dn_0: 1.4105 (1.4105)  loss_fgl_dn_0: 0.9318 (0.9318)  loss_ddf_dn_0: 0.1837 (0.1837)  loss_mal_dn_1: 1.2207 (1.2207)  loss_bbox_dn_1: 1.6153 (1.6153)  loss_giou_dn_1: 1.3440 (1.3440)  loss_fgl_dn_1: 0.8950 (0.8950)  loss_ddf_dn_1: 0.0349 (0.0349)  loss_mal_dn_2: 1.3008 (1.3008)  loss_bbox_dn_2: 1.5643 (1.5643)  loss_giou_dn_2: 1.3148 (1.3148)  loss_fgl_dn_2: 0.9044 (0.9044)  loss_ddf_dn_2: 0.0029 (0.0029)  loss_mal_dn_3: 1.2568 (1.2568)  loss_bbox_dn_3: 1.5712 (1.5712)  loss_giou_dn_3: 1.3148 (1.3148)  loss_fgl_dn_3: 0.9037 (0.9037)  loss_mal_dn_pre: 1.1621 (1.1621)  loss_bbox_dn_pre: 1.6280 (1.6280)  loss_giou_dn_pre: 1.3777 (1.3777)  time: 0.9719  data: 0.8194  max mem: 3583
Epoch: [16]  [7/8]  eta: 0:00:00  lr: 0.000000  loss: 47.2328 (49.5505)  loss_mal: 0.9277 (1.0194)  loss_bbox: 0.9444 (1.3254)  loss_giou: 1.6281 (1.6204)  loss_fgl: 0.6622 (0.7055)  loss_mal_aux_0: 0.8726 (0.9103)  loss_bbox_aux_0: 0.9459 (1.3651)  loss_giou_aux_0: 1.6728 (1.6723)  loss_fgl_aux_0: 0.6280 (0.6832)  loss_ddf_aux_0: 0.0634 (0.0626)  loss_mal_aux_1: 0.9336 (0.9877)  loss_bbox_aux_1: 0.9389 (1.3065)  loss_giou_aux_1: 1.6190 (1.6303)  loss_fgl_aux_1: 0.6509 (0.7007)  loss_ddf_aux_1: 0.0158 (0.0138)  loss_mal_aux_2: 0.9160 (1.0378)  loss_bbox_aux_2: 0.9366 (1.3261)  loss_giou_aux_2: 1.6287 (1.6178)  loss_fgl_aux_2: 0.6622 (0.7071)  loss_ddf_aux_2: 0.0013 (0.0014)  loss_mal_pre: 0.8604 (0.9133)  loss_bbox_pre: 0.9594 (1.3636)  loss_giou_pre: 1.6713 (1.6731)  loss_mal_enc_0: 0.9507 (0.9798)  loss_bbox_enc_0: 1.0062 (1.3647)  loss_giou_enc_0: 1.7032 (1.6990)  loss_mal_dn_0: 1.3379 (1.3656)  loss_bbox_dn_0: 1.0127 (1.1010)  loss_giou_dn_0: 1.2622 (1.2543)  loss_fgl_dn_0: 1.0119 (1.0146)  loss_ddf_dn_0: 0.1499 (0.1645)  loss_mal_dn_1: 1.5430 (1.5774)  loss_bbox_dn_1: 0.8836 (0.9996)  loss_giou_dn_1: 1.1392 (1.1609)  loss_fgl_dn_1: 1.0096 (0.9873)  loss_ddf_dn_1: 0.0274 (0.0300)  loss_mal_dn_2: 1.5938 (1.6527)  loss_bbox_dn_2: 0.8838 (0.9970)  loss_giou_dn_2: 1.1056 (1.1311)  loss_fgl_dn_2: 1.0048 (0.9930)  loss_ddf_dn_2: 0.0029 (0.0029)  loss_mal_dn_3: 1.5439 (1.5989)  loss_bbox_dn_3: 0.8825 (1.0057)  loss_giou_dn_3: 1.1007 (1.1329)  loss_fgl_dn_3: 1.0094 (0.9928)  loss_mal_dn_pre: 1.3516 (1.3947)  loss_bbox_dn_pre: 0.9125 (1.0720)  loss_giou_dn_pre: 1.2440 (1.2346)  time: 0.2981  data: 0.1035  max mem: 3583
Epoch: [16] Total time: 0:00:02 (0.3085 s / it)
Averaged stats: lr: 0.000000  loss: 47.2328 (49.5505)  loss_mal: 0.9277 (1.0194)  loss_bbox: 0.9444 (1.3254)  loss_giou: 1.6281 (1.6204)  loss_fgl: 0.6622 (0.7055)  loss_mal_aux_0: 0.8726 (0.9103)  loss_bbox_aux_0: 0.9459 (1.3651)  loss_giou_aux_0: 1.6728 (1.6723)  loss_fgl_aux_0: 0.6280 (0.6832)  loss_ddf_aux_0: 0.0634 (0.0626)  loss_mal_aux_1: 0.9336 (0.9877)  loss_bbox_aux_1: 0.9389 (1.3065)  loss_giou_aux_1: 1.6190 (1.6303)  loss_fgl_aux_1: 0.6509 (0.7007)  loss_ddf_aux_1: 0.0158 (0.0138)  loss_mal_aux_2: 0.9160 (1.0378)  loss_bbox_aux_2: 0.9366 (1.3261)  loss_giou_aux_2: 1.6287 (1.6178)  loss_fgl_aux_2: 0.6622 (0.7071)  loss_ddf_aux_2: 0.0013 (0.0014)  loss_mal_pre: 0.8604 (0.9133)  loss_bbox_pre: 0.9594 (1.3636)  loss_giou_pre: 1.6713 (1.6731)  loss_mal_enc_0: 0.9507 (0.9798)  loss_bbox_enc_0: 1.0062 (1.3647)  loss_giou_enc_0: 1.7032 (1.6990)  loss_mal_dn_0: 1.3379 (1.3656)  loss_bbox_dn_0: 1.0127 (1.1010)  loss_giou_dn_0: 1.2622 (1.2543)  loss_fgl_dn_0: 1.0119 (1.0146)  loss_ddf_dn_0: 0.1499 (0.1645)  loss_mal_dn_1: 1.5430 (1.5774)  loss_bbox_dn_1: 0.8836 (0.9996)  loss_giou_dn_1: 1.1392 (1.1609)  loss_fgl_dn_1: 1.0096 (0.9873)  loss_ddf_dn_1: 0.0274 (0.0300)  loss_mal_dn_2: 1.5938 (1.6527)  loss_bbox_dn_2: 0.8838 (0.9970)  loss_giou_dn_2: 1.1056 (1.1311)  loss_fgl_dn_2: 1.0048 (0.9930)  loss_ddf_dn_2: 0.0029 (0.0029)  loss_mal_dn_3: 1.5439 (1.5989)  loss_bbox_dn_3: 0.8825 (1.0057)  loss_giou_dn_3: 1.1007 (1.1329)  loss_fgl_dn_3: 1.0094 (0.9928)  loss_mal_dn_pre: 1.3516 (1.3947)  loss_bbox_dn_pre: 0.9125 (1.0720)  loss_giou_dn_pre: 1.2440 (1.2346)
Test:  [0/4]  eta: 0:00:01    time: 0.3797  data: 0.3381  max mem: 3583
Test:  [3/4]  eta: 0:00:00    time: 0.1212  data: 0.0866  max mem: 3583
Test: Total time: 0:00:00 (0.1393 s / it)
Averaged stats: 
Accumulating evaluation results...
COCOeval_opt.accumulate() finished...
DONE (t=0.00s).
IoU metric: bbox
 Average Precision  (AP) @[ IoU=0.50:0.95 | area=   all | maxDets=100 ] = 0.000
 Average Precision  (AP) @[ IoU=0.50      | area=   all | maxDets=100 ] = 0.000
 Average Precision  (AP) @[ IoU=0.75      | area=   all | maxDets=100 ] = 0.000
 Average Precision  (AP) @[ IoU=0.50:0.95 | area= small | maxDets=100 ] = -1.000
 Average Precision  (AP) @[ IoU=0.50:0.95 | area=medium | maxDets=100 ] = -1.000
 Average Precision  (AP) @[ IoU=0.50:0.95 | area= large | maxDets=100 ] = 0.002
 Average Recall     (AR) @[ IoU=0.50:0.95 | area=   all | maxDets=  1 ] = 0.000
 Average Recall     (AR) @[ IoU=0.50:0.95 | area=   all | maxDets= 10 ] = 0.000
 Average Recall     (AR) @[ IoU=0.50:0.95 | area=   all | maxDets=100 ] = 0.030
 Average Recall     (AR) @[ IoU=0.50:0.95 | area= small | maxDets=100 ] = -1.000
 Average Recall     (AR) @[ IoU=0.50:0.95 | area=medium | maxDets=100 ] = -1.000
 Average Recall     (AR) @[ IoU=0.50:0.95 | area= large | maxDets=100 ] = 0.030
 Average Recall     (AR) @[ IoU=0.50      | area=   all | maxDets=100 ] = 0.033
 Average Recall     (AR) @[ IoU=0.75      | area=   all | maxDets=100 ] = 0.033
best_stat: {'epoch': 0, 'coco_eval_bbox': 0.004558175091756313}
Epoch: [17]  [0/8]  eta: 0:00:06  lr: 0.000000  loss: 45.7098 (45.7098)  loss_mal: 0.9302 (0.9302)  loss_bbox: 0.9518 (0.9518)  loss_giou: 1.5952 (1.5952)  loss_fgl: 0.6613 (0.6613)  loss_mal_aux_0: 0.8945 (0.8945)  loss_bbox_aux_0: 0.9442 (0.9442)  loss_giou_aux_0: 1.6251 (1.6251)  loss_fgl_aux_0: 0.6364 (0.6364)  loss_ddf_aux_0: 0.0349 (0.0349)  loss_mal_aux_1: 0.9111 (0.9111)  loss_bbox_aux_1: 0.9498 (0.9498)  loss_giou_aux_1: 1.6122 (1.6122)  loss_fgl_aux_1: 0.6520 (0.6520)  loss_ddf_aux_1: 0.0052 (0.0052)  loss_mal_aux_2: 0.9556 (0.9556)  loss_bbox_aux_2: 0.9501 (0.9501)  loss_giou_aux_2: 1.5982 (1.5982)  loss_fgl_aux_2: 0.6618 (0.6618)  loss_ddf_aux_2: 0.0006 (0.0006)  loss_mal_pre: 0.8701 (0.8701)  loss_bbox_pre: 0.9464 (0.9464)  loss_giou_pre: 1.6210 (1.6210)  loss_mal_enc_0: 0.7881 (0.7881)  loss_bbox_enc_0: 1.0204 (1.0204)  loss_giou_enc_0: 1.7836 (1.7836)  loss_mal_dn_0: 1.6230 (1.6230)  loss_bbox_dn_0: 0.8015 (0.8015)  loss_giou_dn_0: 1.1204 (1.1204)  loss_fgl_dn_0: 1.0445 (1.0445)  loss_ddf_dn_0: 0.1293 (0.1293)  loss_mal_dn_1: 1.9736 (1.9736)  loss_bbox_dn_1: 0.5871 (0.5871)  loss_giou_dn_1: 0.9822 (0.9822)  loss_fgl_dn_1: 1.0116 (1.0116)  loss_ddf_dn_1: 0.0247 (0.0247)  loss_mal_dn_2: 2.0918 (2.0918)  loss_bbox_dn_2: 0.5980 (0.5980)  loss_giou_dn_2: 0.9396 (0.9396)  loss_fgl_dn_2: 1.0225 (1.0225)  loss_ddf_dn_2: 0.0018 (0.0018)  loss_mal_dn_3: 2.0566 (2.0566)  loss_bbox_dn_3: 0.5949 (0.5949)  loss_giou_dn_3: 0.9290 (0.9290)  loss_fgl_dn_3: 1.0255 (1.0255)  loss_mal_dn_pre: 1.6465 (1.6465)  loss_bbox_dn_pre: 0.8039 (0.8039)  loss_giou_dn_pre: 1.1017 (1.1017)  time: 0.8538  data: 0.6660  max mem: 3583
Epoch: [17]  [7/8]  eta: 0:00:00  lr: 0.000000  loss: 45.8129 (46.7693)  loss_mal: 1.2070 (1.3561)  loss_bbox: 0.7256 (0.8590)  loss_giou: 1.3511 (1.4523)  loss_fgl: 0.6875 (0.6839)  loss_mal_aux_0: 1.0762 (1.1736)  loss_bbox_aux_0: 0.7929 (0.8898)  loss_giou_aux_0: 1.4255 (1.5237)  loss_fgl_aux_0: 0.6928 (0.6832)  loss_ddf_aux_0: 0.0515 (0.0709)  loss_mal_aux_1: 1.1709 (1.3089)  loss_bbox_aux_1: 0.7444 (0.8657)  loss_giou_aux_1: 1.3692 (1.4727)  loss_fgl_aux_1: 0.6908 (0.6818)  loss_ddf_aux_1: 0.0095 (0.0113)  loss_mal_aux_2: 1.2227 (1.3979)  loss_bbox_aux_2: 0.7230 (0.8590)  loss_giou_aux_2: 1.3495 (1.4492)  loss_fgl_aux_2: 0.6924 (0.6863)  loss_ddf_aux_2: 0.0010 (0.0011)  loss_mal_pre: 1.0576 (1.1838)  loss_bbox_pre: 0.7953 (0.8810)  loss_giou_pre: 1.4265 (1.5203)  loss_mal_enc_0: 1.0303 (1.2293)  loss_bbox_enc_0: 0.8520 (0.8905)  loss_giou_enc_0: 1.4785 (1.5861)  loss_mal_dn_0: 1.3857 (1.4094)  loss_bbox_dn_0: 0.8906 (0.9027)  loss_giou_dn_0: 1.2465 (1.2543)  loss_fgl_dn_0: 0.9960 (1.0249)  loss_ddf_dn_0: 0.1953 (0.1986)  loss_mal_dn_1: 1.5967 (1.7107)  loss_bbox_dn_1: 0.6462 (0.7031)  loss_giou_dn_1: 1.0747 (1.1163)  loss_fgl_dn_1: 0.9801 (0.9939)  loss_ddf_dn_1: 0.0367 (0.0378)  loss_mal_dn_2: 1.7480 (1.8400)  loss_bbox_dn_2: 0.6323 (0.6943)  loss_giou_dn_2: 1.0019 (1.0627)  loss_fgl_dn_2: 0.9945 (1.0012)  loss_ddf_dn_2: 0.0033 (0.0032)  loss_mal_dn_3: 1.7080 (1.8020)  loss_bbox_dn_3: 0.6355 (0.6912)  loss_giou_dn_3: 1.0024 (1.0581)  loss_fgl_dn_3: 0.9981 (1.0038)  loss_mal_dn_pre: 1.4316 (1.4514)  loss_bbox_dn_pre: 0.8162 (0.8680)  loss_giou_dn_pre: 1.2278 (1.2242)  time: 0.2698  data: 0.0911  max mem: 3583
Epoch: [17] Total time: 0:00:02 (0.2770 s / it)
Averaged stats: lr: 0.000000  loss: 45.8129 (46.7693)  loss_mal: 1.2070 (1.3561)  loss_bbox: 0.7256 (0.8590)  loss_giou: 1.3511 (1.4523)  loss_fgl: 0.6875 (0.6839)  loss_mal_aux_0: 1.0762 (1.1736)  loss_bbox_aux_0: 0.7929 (0.8898)  loss_giou_aux_0: 1.4255 (1.5237)  loss_fgl_aux_0: 0.6928 (0.6832)  loss_ddf_aux_0: 0.0515 (0.0709)  loss_mal_aux_1: 1.1709 (1.3089)  loss_bbox_aux_1: 0.7444 (0.8657)  loss_giou_aux_1: 1.3692 (1.4727)  loss_fgl_aux_1: 0.6908 (0.6818)  loss_ddf_aux_1: 0.0095 (0.0113)  loss_mal_aux_2: 1.2227 (1.3979)  loss_bbox_aux_2: 0.7230 (0.8590)  loss_giou_aux_2: 1.3495 (1.4492)  loss_fgl_aux_2: 0.6924 (0.6863)  loss_ddf_aux_2: 0.0010 (0.0011)  loss_mal_pre: 1.0576 (1.1838)  loss_bbox_pre: 0.7953 (0.8810)  loss_giou_pre: 1.4265 (1.5203)  loss_mal_enc_0: 1.0303 (1.2293)  loss_bbox_enc_0: 0.8520 (0.8905)  loss_giou_enc_0: 1.4785 (1.5861)  loss_mal_dn_0: 1.3857 (1.4094)  loss_bbox_dn_0: 0.8906 (0.9027)  loss_giou_dn_0: 1.2465 (1.2543)  loss_fgl_dn_0: 0.9960 (1.0249)  loss_ddf_dn_0: 0.1953 (0.1986)  loss_mal_dn_1: 1.5967 (1.7107)  loss_bbox_dn_1: 0.6462 (0.7031)  loss_giou_dn_1: 1.0747 (1.1163)  loss_fgl_dn_1: 0.9801 (0.9939)  loss_ddf_dn_1: 0.0367 (0.0378)  loss_mal_dn_2: 1.7480 (1.8400)  loss_bbox_dn_2: 0.6323 (0.6943)  loss_giou_dn_2: 1.0019 (1.0627)  loss_fgl_dn_2: 0.9945 (1.0012)  loss_ddf_dn_2: 0.0033 (0.0032)  loss_mal_dn_3: 1.7080 (1.8020)  loss_bbox_dn_3: 0.6355 (0.6912)  loss_giou_dn_3: 1.0024 (1.0581)  loss_fgl_dn_3: 0.9981 (1.0038)  loss_mal_dn_pre: 1.4316 (1.4514)  loss_bbox_dn_pre: 0.8162 (0.8680)  loss_giou_dn_pre: 1.2278 (1.2242)
Test:  [0/4]  eta: 0:00:01    time: 0.3773  data: 0.3381  max mem: 3583
Test:  [3/4]  eta: 0:00:00    time: 0.1198  data: 0.0867  max mem: 3583
Test: Total time: 0:00:00 (0.1394 s / it)
Averaged stats: 
Accumulating evaluation results...
COCOeval_opt.accumulate() finished...
DONE (t=0.00s).
IoU metric: bbox
 Average Precision  (AP) @[ IoU=0.50:0.95 | area=   all | maxDets=100 ] = 0.000
 Average Precision  (AP) @[ IoU=0.50      | area=   all | maxDets=100 ] = 0.001
 Average Precision  (AP) @[ IoU=0.75      | area=   all | maxDets=100 ] = 0.000
 Average Precision  (AP) @[ IoU=0.50:0.95 | area= small | maxDets=100 ] = -1.000
 Average Precision  (AP) @[ IoU=0.50:0.95 | area=medium | maxDets=100 ] = -1.000
 Average Precision  (AP) @[ IoU=0.50:0.95 | area= large | maxDets=100 ] = 0.003
 Average Recall     (AR) @[ IoU=0.50:0.95 | area=   all | maxDets=  1 ] = 0.000
 Average Recall     (AR) @[ IoU=0.50:0.95 | area=   all | maxDets= 10 ] = 0.027
 Average Recall     (AR) @[ IoU=0.50:0.95 | area=   all | maxDets=100 ] = 0.073
 Average Recall     (AR) @[ IoU=0.50:0.95 | area= small | maxDets=100 ] = -1.000
 Average Recall     (AR) @[ IoU=0.50:0.95 | area=medium | maxDets=100 ] = -1.000
 Average Recall     (AR) @[ IoU=0.50:0.95 | area= large | maxDets=100 ] = 0.073
 Average Recall     (AR) @[ IoU=0.50      | area=   all | maxDets=100 ] = 0.100
 Average Recall     (AR) @[ IoU=0.75      | area=   all | maxDets=100 ] = 0.067
best_stat: {'epoch': 0, 'coco_eval_bbox': 0.004558175091756313}
Epoch: [18]  [0/8]  eta: 0:00:07  lr: 0.000000  loss: 47.0651 (47.0651)  loss_mal: 1.8770 (1.8770)  loss_bbox: 0.5574 (0.5574)  loss_giou: 1.1738 (1.1738)  loss_fgl: 0.8610 (0.8610)  loss_mal_aux_0: 1.5996 (1.5996)  loss_bbox_aux_0: 0.5748 (0.5748)  loss_giou_aux_0: 1.3090 (1.3090)  loss_fgl_aux_0: 0.8812 (0.8812)  loss_ddf_aux_0: 0.0644 (0.0644)  loss_mal_aux_1: 1.7832 (1.7832)  loss_bbox_aux_1: 0.5737 (0.5737)  loss_giou_aux_1: 1.1965 (1.1965)  loss_fgl_aux_1: 0.8500 (0.8500)  loss_ddf_aux_1: 0.0088 (0.0088)  loss_mal_aux_2: 1.9248 (1.9248)  loss_bbox_aux_2: 0.5493 (0.5493)  loss_giou_aux_2: 1.1641 (1.1641)  loss_fgl_aux_2: 0.8664 (0.8664)  loss_ddf_aux_2: 0.0014 (0.0014)  loss_mal_pre: 1.6543 (1.6543)  loss_bbox_pre: 0.5741 (0.5741)  loss_giou_pre: 1.3066 (1.3066)  loss_mal_enc_0: 1.6855 (1.6855)  loss_bbox_enc_0: 0.5941 (0.5941)  loss_giou_enc_0: 1.3418 (1.3418)  loss_mal_dn_0: 1.5850 (1.5850)  loss_bbox_dn_0: 0.8180 (0.8180)  loss_giou_dn_0: 1.1189 (1.1189)  loss_fgl_dn_0: 1.0556 (1.0556)  loss_ddf_dn_0: 0.2403 (0.2403)  loss_mal_dn_1: 1.9531 (1.9531)  loss_bbox_dn_1: 0.6175 (0.6175)  loss_giou_dn_1: 0.9590 (0.9590)  loss_fgl_dn_1: 0.9795 (0.9795)  loss_ddf_dn_1: 0.0400 (0.0400)  loss_mal_dn_2: 2.1426 (2.1426)  loss_bbox_dn_2: 0.6025 (0.6025)  loss_giou_dn_2: 0.9093 (0.9093)  loss_fgl_dn_2: 0.9787 (0.9787)  loss_ddf_dn_2: 0.0031 (0.0031)  loss_mal_dn_3: 2.0840 (2.0840)  loss_bbox_dn_3: 0.6152 (0.6152)  loss_giou_dn_3: 0.9013 (0.9013)  loss_fgl_dn_3: 0.9799 (0.9799)  loss_mal_dn_pre: 1.6191 (1.6191)  loss_bbox_dn_pre: 0.7823 (0.7823)  loss_giou_dn_pre: 1.1073 (1.1073)  time: 0.9072  data: 0.7029  max mem: 3583
Epoch: [18]  [7/8]  eta: 0:00:00  lr: 0.000000  loss: 45.2575 (46.3178)  loss_mal: 1.0781 (1.3900)  loss_bbox: 0.7563 (0.7536)  loss_giou: 1.4328 (1.3690)  loss_fgl: 0.7285 (0.7517)  loss_mal_aux_0: 0.9731 (1.2186)  loss_bbox_aux_0: 0.7795 (0.7923)  loss_giou_aux_0: 1.4813 (1.4400)  loss_fgl_aux_0: 0.6830 (0.7578)  loss_ddf_aux_0: 0.0644 (0.0753)  loss_mal_aux_1: 1.0801 (1.3139)  loss_bbox_aux_1: 0.7577 (0.7672)  loss_giou_aux_1: 1.4612 (1.3925)  loss_fgl_aux_1: 0.7008 (0.7413)  loss_ddf_aux_1: 0.0088 (0.0119)  loss_mal_aux_2: 1.1484 (1.4329)  loss_bbox_aux_2: 0.7550 (0.7547)  loss_giou_aux_2: 1.4312 (1.3658)  loss_fgl_aux_2: 0.7334 (0.7549)  loss_ddf_aux_2: 0.0009 (0.0011)  loss_mal_pre: 0.9297 (1.1894)  loss_bbox_pre: 0.7976 (0.8074)  loss_giou_pre: 1.4851 (1.4559)  loss_mal_enc_0: 1.0488 (1.2275)  loss_bbox_enc_0: 0.8630 (0.8522)  loss_giou_enc_0: 1.5821 (1.5458)  loss_mal_dn_0: 1.2949 (1.3360)  loss_bbox_dn_0: 0.9549 (0.9966)  loss_giou_dn_0: 1.2787 (1.2752)  loss_fgl_dn_0: 0.9835 (0.9934)  loss_ddf_dn_0: 0.2398 (0.2087)  loss_mal_dn_1: 1.6152 (1.6383)  loss_bbox_dn_1: 0.8541 (0.8003)  loss_giou_dn_1: 1.1294 (1.1346)  loss_fgl_dn_1: 0.9582 (0.9626)  loss_ddf_dn_1: 0.0393 (0.0369)  loss_mal_dn_2: 1.7207 (1.7622)  loss_bbox_dn_2: 0.8212 (0.7856)  loss_giou_dn_2: 1.0923 (1.0878)  loss_fgl_dn_2: 0.9575 (0.9675)  loss_ddf_dn_2: 0.0028 (0.0031)  loss_mal_dn_3: 1.7051 (1.7295)  loss_bbox_dn_3: 0.8249 (0.7822)  loss_giou_dn_3: 1.0846 (1.0816)  loss_fgl_dn_3: 0.9551 (0.9703)  loss_mal_dn_pre: 1.3242 (1.3547)  loss_bbox_dn_pre: 0.9528 (0.9872)  loss_giou_dn_pre: 1.2573 (1.2609)  time: 0.2714  data: 0.0915  max mem: 3583
Epoch: [18] Total time: 0:00:02 (0.2811 s / it)
Averaged stats: lr: 0.000000  loss: 45.2575 (46.3178)  loss_mal: 1.0781 (1.3900)  loss_bbox: 0.7563 (0.7536)  loss_giou: 1.4328 (1.3690)  loss_fgl: 0.7285 (0.7517)  loss_mal_aux_0: 0.9731 (1.2186)  loss_bbox_aux_0: 0.7795 (0.7923)  loss_giou_aux_0: 1.4813 (1.4400)  loss_fgl_aux_0: 0.6830 (0.7578)  loss_ddf_aux_0: 0.0644 (0.0753)  loss_mal_aux_1: 1.0801 (1.3139)  loss_bbox_aux_1: 0.7577 (0.7672)  loss_giou_aux_1: 1.4612 (1.3925)  loss_fgl_aux_1: 0.7008 (0.7413)  loss_ddf_aux_1: 0.0088 (0.0119)  loss_mal_aux_2: 1.1484 (1.4329)  loss_bbox_aux_2: 0.7550 (0.7547)  loss_giou_aux_2: 1.4312 (1.3658)  loss_fgl_aux_2: 0.7334 (0.7549)  loss_ddf_aux_2: 0.0009 (0.0011)  loss_mal_pre: 0.9297 (1.1894)  loss_bbox_pre: 0.7976 (0.8074)  loss_giou_pre: 1.4851 (1.4559)  loss_mal_enc_0: 1.0488 (1.2275)  loss_bbox_enc_0: 0.8630 (0.8522)  loss_giou_enc_0: 1.5821 (1.5458)  loss_mal_dn_0: 1.2949 (1.3360)  loss_bbox_dn_0: 0.9549 (0.9966)  loss_giou_dn_0: 1.2787 (1.2752)  loss_fgl_dn_0: 0.9835 (0.9934)  loss_ddf_dn_0: 0.2398 (0.2087)  loss_mal_dn_1: 1.6152 (1.6383)  loss_bbox_dn_1: 0.8541 (0.8003)  loss_giou_dn_1: 1.1294 (1.1346)  loss_fgl_dn_1: 0.9582 (0.9626)  loss_ddf_dn_1: 0.0393 (0.0369)  loss_mal_dn_2: 1.7207 (1.7622)  loss_bbox_dn_2: 0.8212 (0.7856)  loss_giou_dn_2: 1.0923 (1.0878)  loss_fgl_dn_2: 0.9575 (0.9675)  loss_ddf_dn_2: 0.0028 (0.0031)  loss_mal_dn_3: 1.7051 (1.7295)  loss_bbox_dn_3: 0.8249 (0.7822)  loss_giou_dn_3: 1.0846 (1.0816)  loss_fgl_dn_3: 0.9551 (0.9703)  loss_mal_dn_pre: 1.3242 (1.3547)  loss_bbox_dn_pre: 0.9528 (0.9872)  loss_giou_dn_pre: 1.2573 (1.2609)
Test:  [0/4]  eta: 0:00:01    time: 0.3929  data: 0.3570  max mem: 3583
Test:  [3/4]  eta: 0:00:00    time: 0.1239  data: 0.0913  max mem: 3583
Test: Total time: 0:00:00 (0.1483 s / it)
Averaged stats: 
Accumulating evaluation results...
COCOeval_opt.accumulate() finished...
DONE (t=0.00s).
IoU metric: bbox
 Average Precision  (AP) @[ IoU=0.50:0.95 | area=   all | maxDets=100 ] = 0.001
 Average Precision  (AP) @[ IoU=0.50      | area=   all | maxDets=100 ] = 0.001
 Average Precision  (AP) @[ IoU=0.75      | area=   all | maxDets=100 ] = 0.001
 Average Precision  (AP) @[ IoU=0.50:0.95 | area= small | maxDets=100 ] = -1.000
 Average Precision  (AP) @[ IoU=0.50:0.95 | area=medium | maxDets=100 ] = -1.000
 Average Precision  (AP) @[ IoU=0.50:0.95 | area= large | maxDets=100 ] = 0.004
 Average Recall     (AR) @[ IoU=0.50:0.95 | area=   all | maxDets=  1 ] = 0.000
 Average Recall     (AR) @[ IoU=0.50:0.95 | area=   all | maxDets= 10 ] = 0.043
 Average Recall     (AR) @[ IoU=0.50:0.95 | area=   all | maxDets=100 ] = 0.160
 Average Recall     (AR) @[ IoU=0.50:0.95 | area= small | maxDets=100 ] = -1.000
 Average Recall     (AR) @[ IoU=0.50:0.95 | area=medium | maxDets=100 ] = -1.000
 Average Recall     (AR) @[ IoU=0.50:0.95 | area= large | maxDets=100 ] = 0.160
 Average Recall     (AR) @[ IoU=0.50      | area=   all | maxDets=100 ] = 0.233
 Average Recall     (AR) @[ IoU=0.75      | area=   all | maxDets=100 ] = 0.167
best_stat: {'epoch': 0, 'coco_eval_bbox': 0.004558175091756313}
Epoch: [19]  [0/8]  eta: 0:00:06  lr: 0.000000  loss: 43.9063 (43.9063)  loss_mal: 0.7295 (0.7295)  loss_bbox: 0.8523 (0.8523)  loss_giou: 1.8849 (1.8849)  loss_fgl: 0.4042 (0.4042)  loss_mal_aux_0: 0.3821 (0.3821)  loss_bbox_aux_0: 0.9990 (0.9990)  loss_giou_aux_0: 2.0494 (2.0494)  loss_fgl_aux_0: 0.3718 (0.3718)  loss_ddf_aux_0: 0.0612 (0.0612)  loss_mal_aux_1: 0.5469 (0.5469)  loss_bbox_aux_1: 0.9296 (0.9296)  loss_giou_aux_1: 1.9763 (1.9763)  loss_fgl_aux_1: 0.3844 (0.3844)  loss_ddf_aux_1: 0.0196 (0.0196)  loss_mal_aux_2: 0.6919 (0.6919)  loss_bbox_aux_2: 0.8544 (0.8544)  loss_giou_aux_2: 1.8971 (1.8971)  loss_fgl_aux_2: 0.4063 (0.4063)  loss_ddf_aux_2: 0.0023 (0.0023)  loss_mal_pre: 0.3833 (0.3833)  loss_bbox_pre: 0.9897 (0.9897)  loss_giou_pre: 2.0633 (2.0633)  loss_mal_enc_0: 0.5684 (0.5684)  loss_bbox_enc_0: 0.9172 (0.9172)  loss_giou_enc_0: 2.0143 (2.0143)  loss_mal_dn_0: 1.5234 (1.5234)  loss_bbox_dn_0: 0.7529 (0.7529)  loss_giou_dn_0: 1.1666 (1.1666)  loss_fgl_dn_0: 0.9705 (0.9705)  loss_ddf_dn_0: 0.1219 (0.1219)  loss_mal_dn_1: 1.8320 (1.8320)  loss_bbox_dn_1: 0.6583 (0.6583)  loss_giou_dn_1: 1.0258 (1.0258)  loss_fgl_dn_1: 0.9546 (0.9546)  loss_ddf_dn_1: 0.0248 (0.0248)  loss_mal_dn_2: 1.9521 (1.9521)  loss_bbox_dn_2: 0.6753 (0.6753)  loss_giou_dn_2: 0.9888 (0.9888)  loss_fgl_dn_2: 0.9582 (0.9582)  loss_ddf_dn_2: 0.0023 (0.0023)  loss_mal_dn_3: 1.8945 (1.8945)  loss_bbox_dn_3: 0.6888 (0.6888)  loss_giou_dn_3: 0.9887 (0.9887)  loss_fgl_dn_3: 0.9595 (0.9595)  loss_mal_dn_pre: 1.5010 (1.5010)  loss_bbox_dn_pre: 0.7179 (0.7179)  loss_giou_dn_pre: 1.1690 (1.1690)  time: 0.8433  data: 0.6422  max mem: 3583
Epoch: [19]  [7/8]  eta: 0:00:00  lr: 0.000000  loss: 46.6463 (46.9665)  loss_mal: 1.1055 (1.0900)  loss_bbox: 0.9023 (0.9904)  loss_giou: 1.5453 (1.5968)  loss_fgl: 0.6248 (0.6671)  loss_mal_aux_0: 0.9067 (0.9377)  loss_bbox_aux_0: 0.9876 (1.0450)  loss_giou_aux_0: 1.5877 (1.6583)  loss_fgl_aux_0: 0.5757 (0.6408)  loss_ddf_aux_0: 0.0592 (0.0595)  loss_mal_aux_1: 1.1289 (1.0818)  loss_bbox_aux_1: 0.9296 (1.0006)  loss_giou_aux_1: 1.5461 (1.6158)  loss_fgl_aux_1: 0.6150 (0.6620)  loss_ddf_aux_1: 0.0090 (0.0106)  loss_mal_aux_2: 1.1445 (1.1119)  loss_bbox_aux_2: 0.8973 (0.9900)  loss_giou_aux_2: 1.5413 (1.5964)  loss_fgl_aux_2: 0.6268 (0.6688)  loss_ddf_aux_2: 0.0011 (0.0012)  loss_mal_pre: 0.8740 (0.8986)  loss_bbox_pre: 0.9636 (1.0504)  loss_giou_pre: 1.6097 (1.6724)  loss_mal_enc_0: 1.0029 (1.0283)  loss_bbox_enc_0: 0.9369 (1.0511)  loss_giou_enc_0: 1.6440 (1.7059)  loss_mal_dn_0: 1.2744 (1.2920)  loss_bbox_dn_0: 0.8960 (1.0241)  loss_giou_dn_0: 1.2932 (1.2926)  loss_fgl_dn_0: 0.9705 (0.9976)  loss_ddf_dn_0: 0.1376 (0.1708)  loss_mal_dn_1: 1.5918 (1.5540)  loss_bbox_dn_1: 0.7144 (0.8402)  loss_giou_dn_1: 1.1474 (1.1701)  loss_fgl_dn_1: 0.9546 (0.9712)  loss_ddf_dn_1: 0.0289 (0.0304)  loss_mal_dn_2: 1.7354 (1.6721)  loss_bbox_dn_2: 0.7027 (0.8435)  loss_giou_dn_2: 1.1054 (1.1242)  loss_fgl_dn_2: 0.9582 (0.9815)  loss_ddf_dn_2: 0.0025 (0.0029)  loss_mal_dn_3: 1.6895 (1.6356)  loss_bbox_dn_3: 0.7174 (0.8438)  loss_giou_dn_3: 1.0995 (1.1185)  loss_fgl_dn_3: 0.9595 (0.9840)  loss_mal_dn_pre: 1.3330 (1.3086)  loss_bbox_dn_pre: 0.8455 (1.0011)  loss_giou_dn_pre: 1.2688 (1.2765)  time: 0.2404  data: 0.0840  max mem: 3583
Epoch: [19] Total time: 0:00:02 (0.2511 s / it)
Averaged stats: lr: 0.000000  loss: 46.6463 (46.9665)  loss_mal: 1.1055 (1.0900)  loss_bbox: 0.9023 (0.9904)  loss_giou: 1.5453 (1.5968)  loss_fgl: 0.6248 (0.6671)  loss_mal_aux_0: 0.9067 (0.9377)  loss_bbox_aux_0: 0.9876 (1.0450)  loss_giou_aux_0: 1.5877 (1.6583)  loss_fgl_aux_0: 0.5757 (0.6408)  loss_ddf_aux_0: 0.0592 (0.0595)  loss_mal_aux_1: 1.1289 (1.0818)  loss_bbox_aux_1: 0.9296 (1.0006)  loss_giou_aux_1: 1.5461 (1.6158)  loss_fgl_aux_1: 0.6150 (0.6620)  loss_ddf_aux_1: 0.0090 (0.0106)  loss_mal_aux_2: 1.1445 (1.1119)  loss_bbox_aux_2: 0.8973 (0.9900)  loss_giou_aux_2: 1.5413 (1.5964)  loss_fgl_aux_2: 0.6268 (0.6688)  loss_ddf_aux_2: 0.0011 (0.0012)  loss_mal_pre: 0.8740 (0.8986)  loss_bbox_pre: 0.9636 (1.0504)  loss_giou_pre: 1.6097 (1.6724)  loss_mal_enc_0: 1.0029 (1.0283)  loss_bbox_enc_0: 0.9369 (1.0511)  loss_giou_enc_0: 1.6440 (1.7059)  loss_mal_dn_0: 1.2744 (1.2920)  loss_bbox_dn_0: 0.8960 (1.0241)  loss_giou_dn_0: 1.2932 (1.2926)  loss_fgl_dn_0: 0.9705 (0.9976)  loss_ddf_dn_0: 0.1376 (0.1708)  loss_mal_dn_1: 1.5918 (1.5540)  loss_bbox_dn_1: 0.7144 (0.8402)  loss_giou_dn_1: 1.1474 (1.1701)  loss_fgl_dn_1: 0.9546 (0.9712)  loss_ddf_dn_1: 0.0289 (0.0304)  loss_mal_dn_2: 1.7354 (1.6721)  loss_bbox_dn_2: 0.7027 (0.8435)  loss_giou_dn_2: 1.1054 (1.1242)  loss_fgl_dn_2: 0.9582 (0.9815)  loss_ddf_dn_2: 0.0025 (0.0029)  loss_mal_dn_3: 1.6895 (1.6356)  loss_bbox_dn_3: 0.7174 (0.8438)  loss_giou_dn_3: 1.0995 (1.1185)  loss_fgl_dn_3: 0.9595 (0.9840)  loss_mal_dn_pre: 1.3330 (1.3086)  loss_bbox_dn_pre: 0.8455 (1.0011)  loss_giou_dn_pre: 1.2688 (1.2765)
Test:  [0/4]  eta: 0:00:01    time: 0.3788  data: 0.3355  max mem: 3583
Test:  [3/4]  eta: 0:00:00    time: 0.1200  data: 0.0861  max mem: 3583
Test: Total time: 0:00:00 (0.1409 s / it)
Averaged stats: 
Accumulating evaluation results...
COCOeval_opt.accumulate() finished...
DONE (t=0.00s).
IoU metric: bbox
 Average Precision  (AP) @[ IoU=0.50:0.95 | area=   all | maxDets=100 ] = 0.001
 Average Precision  (AP) @[ IoU=0.50      | area=   all | maxDets=100 ] = 0.001
 Average Precision  (AP) @[ IoU=0.75      | area=   all | maxDets=100 ] = 0.001
 Average Precision  (AP) @[ IoU=0.50:0.95 | area= small | maxDets=100 ] = -1.000
 Average Precision  (AP) @[ IoU=0.50:0.95 | area=medium | maxDets=100 ] = -1.000
 Average Precision  (AP) @[ IoU=0.50:0.95 | area= large | maxDets=100 ] = 0.005
 Average Recall     (AR) @[ IoU=0.50:0.95 | area=   all | maxDets=  1 ] = 0.027
 Average Recall     (AR) @[ IoU=0.50:0.95 | area=   all | maxDets= 10 ] = 0.027
 Average Recall     (AR) @[ IoU=0.50:0.95 | area=   all | maxDets=100 ] = 0.133
 Average Recall     (AR) @[ IoU=0.50:0.95 | area= small | maxDets=100 ] = -1.000
 Average Recall     (AR) @[ IoU=0.50:0.95 | area=medium | maxDets=100 ] = -1.000
 Average Recall     (AR) @[ IoU=0.50:0.95 | area= large | maxDets=100 ] = 0.133
 Average Recall     (AR) @[ IoU=0.50      | area=   all | maxDets=100 ] = 0.200
 Average Recall     (AR) @[ IoU=0.75      | area=   all | maxDets=100 ] = 0.100
best_stat: {'epoch': 0, 'coco_eval_bbox': 0.004558175091756313}
Epoch: [20]  [0/8]  eta: 0:00:06  lr: 0.000000  loss: 44.2897 (44.2897)  loss_mal: 0.7246 (0.7246)  loss_bbox: 0.9017 (0.9017)  loss_giou: 1.7602 (1.7602)  loss_fgl: 0.5687 (0.5687)  loss_mal_aux_0: 0.6025 (0.6025)  loss_bbox_aux_0: 0.9127 (0.9127)  loss_giou_aux_0: 1.7964 (1.7964)  loss_fgl_aux_0: 0.5295 (0.5295)  loss_ddf_aux_0: 0.0453 (0.0453)  loss_mal_aux_1: 0.7021 (0.7021)  loss_bbox_aux_1: 0.9002 (0.9002)  loss_giou_aux_1: 1.7623 (1.7623)  loss_fgl_aux_1: 0.5712 (0.5712)  loss_ddf_aux_1: 0.0087 (0.0087)  loss_mal_aux_2: 0.7319 (0.7319)  loss_bbox_aux_2: 0.9089 (0.9089)  loss_giou_aux_2: 1.7614 (1.7614)  loss_fgl_aux_2: 0.5718 (0.5718)  loss_ddf_aux_2: 0.0012 (0.0012)  loss_mal_pre: 0.5537 (0.5537)  loss_bbox_pre: 0.9386 (0.9386)  loss_giou_pre: 1.8210 (1.8210)  loss_mal_enc_0: 0.8745 (0.8745)  loss_bbox_enc_0: 0.8256 (0.8256)  loss_giou_enc_0: 1.7975 (1.7975)  loss_mal_dn_0: 1.2646 (1.2646)  loss_bbox_dn_0: 0.9282 (0.9282)  loss_giou_dn_0: 1.3198 (1.3198)  loss_fgl_dn_0: 0.9459 (0.9459)  loss_ddf_dn_0: 0.1627 (0.1627)  loss_mal_dn_1: 1.6768 (1.6768)  loss_bbox_dn_1: 0.7053 (0.7053)  loss_giou_dn_1: 1.1509 (1.1509)  loss_fgl_dn_1: 0.9836 (0.9836)  loss_ddf_dn_1: 0.0330 (0.0330)  loss_mal_dn_2: 1.7607 (1.7607)  loss_bbox_dn_2: 0.6920 (0.6920)  loss_giou_dn_2: 1.1041 (1.1041)  loss_fgl_dn_2: 0.9883 (0.9883)  loss_ddf_dn_2: 0.0025 (0.0025)  loss_mal_dn_3: 1.7002 (1.7002)  loss_bbox_dn_3: 0.7055 (0.7055)  loss_giou_dn_3: 1.1093 (1.1093)  loss_fgl_dn_3: 0.9903 (0.9903)  loss_mal_dn_pre: 1.2881 (1.2881)  loss_bbox_dn_pre: 0.8968 (0.8968)  loss_giou_dn_pre: 1.3088 (1.3088)  time: 0.7586  data: 0.5573  max mem: 3583
Epoch: [20]  [7/8]  eta: 0:00:00  lr: 0.000000  loss: 47.8706 (48.0573)  loss_mal: 1.0723 (1.1898)  loss_bbox: 1.0417 (1.0581)  loss_giou: 1.5221 (1.5801)  loss_fgl: 0.7113 (0.7182)  loss_mal_aux_0: 1.0049 (1.0410)  loss_bbox_aux_0: 1.0648 (1.0859)  loss_giou_aux_0: 1.5932 (1.6334)  loss_fgl_aux_0: 0.6857 (0.7010)  loss_ddf_aux_0: 0.0520 (0.0582)  loss_mal_aux_1: 1.0293 (1.1475)  loss_bbox_aux_1: 1.0706 (1.0619)  loss_giou_aux_1: 1.5320 (1.5977)  loss_fgl_aux_1: 0.7112 (0.7125)  loss_ddf_aux_1: 0.0087 (0.0101)  loss_mal_aux_2: 1.0918 (1.2141)  loss_bbox_aux_2: 1.0505 (1.0591)  loss_giou_aux_2: 1.5165 (1.5793)  loss_fgl_aux_2: 0.7107 (0.7198)  loss_ddf_aux_2: 0.0007 (0.0009)  loss_mal_pre: 1.0068 (1.0362)  loss_bbox_pre: 1.0658 (1.0801)  loss_giou_pre: 1.5806 (1.6329)  loss_mal_enc_0: 1.0127 (1.0818)  loss_bbox_enc_0: 1.0239 (1.0826)  loss_giou_enc_0: 1.5858 (1.6847)  loss_mal_dn_0: 1.2686 (1.3223)  loss_bbox_dn_0: 0.9354 (1.0588)  loss_giou_dn_0: 1.2579 (1.2831)  loss_fgl_dn_0: 0.9988 (0.9884)  loss_ddf_dn_0: 0.1627 (0.1788)  loss_mal_dn_1: 1.5820 (1.5879)  loss_bbox_dn_1: 0.8041 (0.8579)  loss_giou_dn_1: 1.1496 (1.1648)  loss_fgl_dn_1: 0.9652 (0.9647)  loss_ddf_dn_1: 0.0294 (0.0303)  loss_mal_dn_2: 1.6475 (1.6732)  loss_bbox_dn_2: 0.7995 (0.8602)  loss_giou_dn_2: 1.1041 (1.1237)  loss_fgl_dn_2: 0.9719 (0.9709)  loss_ddf_dn_2: 0.0025 (0.0025)  loss_mal_dn_3: 1.6162 (1.6305)  loss_bbox_dn_3: 0.8002 (0.8626)  loss_giou_dn_3: 1.1093 (1.1209)  loss_fgl_dn_3: 0.9778 (0.9737)  loss_mal_dn_pre: 1.3008 (1.3387)  loss_bbox_dn_pre: 0.9315 (1.0285)  loss_giou_dn_pre: 1.2419 (1.2682)  time: 0.2620  data: 0.0740  max mem: 3583
Epoch: [20] Total time: 0:00:02 (0.2712 s / it)
Averaged stats: lr: 0.000000  loss: 47.8706 (48.0573)  loss_mal: 1.0723 (1.1898)  loss_bbox: 1.0417 (1.0581)  loss_giou: 1.5221 (1.5801)  loss_fgl: 0.7113 (0.7182)  loss_mal_aux_0: 1.0049 (1.0410)  loss_bbox_aux_0: 1.0648 (1.0859)  loss_giou_aux_0: 1.5932 (1.6334)  loss_fgl_aux_0: 0.6857 (0.7010)  loss_ddf_aux_0: 0.0520 (0.0582)  loss_mal_aux_1: 1.0293 (1.1475)  loss_bbox_aux_1: 1.0706 (1.0619)  loss_giou_aux_1: 1.5320 (1.5977)  loss_fgl_aux_1: 0.7112 (0.7125)  loss_ddf_aux_1: 0.0087 (0.0101)  loss_mal_aux_2: 1.0918 (1.2141)  loss_bbox_aux_2: 1.0505 (1.0591)  loss_giou_aux_2: 1.5165 (1.5793)  loss_fgl_aux_2: 0.7107 (0.7198)  loss_ddf_aux_2: 0.0007 (0.0009)  loss_mal_pre: 1.0068 (1.0362)  loss_bbox_pre: 1.0658 (1.0801)  loss_giou_pre: 1.5806 (1.6329)  loss_mal_enc_0: 1.0127 (1.0818)  loss_bbox_enc_0: 1.0239 (1.0826)  loss_giou_enc_0: 1.5858 (1.6847)  loss_mal_dn_0: 1.2686 (1.3223)  loss_bbox_dn_0: 0.9354 (1.0588)  loss_giou_dn_0: 1.2579 (1.2831)  loss_fgl_dn_0: 0.9988 (0.9884)  loss_ddf_dn_0: 0.1627 (0.1788)  loss_mal_dn_1: 1.5820 (1.5879)  loss_bbox_dn_1: 0.8041 (0.8579)  loss_giou_dn_1: 1.1496 (1.1648)  loss_fgl_dn_1: 0.9652 (0.9647)  loss_ddf_dn_1: 0.0294 (0.0303)  loss_mal_dn_2: 1.6475 (1.6732)  loss_bbox_dn_2: 0.7995 (0.8602)  loss_giou_dn_2: 1.1041 (1.1237)  loss_fgl_dn_2: 0.9719 (0.9709)  loss_ddf_dn_2: 0.0025 (0.0025)  loss_mal_dn_3: 1.6162 (1.6305)  loss_bbox_dn_3: 0.8002 (0.8626)  loss_giou_dn_3: 1.1093 (1.1209)  loss_fgl_dn_3: 0.9778 (0.9737)  loss_mal_dn_pre: 1.3008 (1.3387)  loss_bbox_dn_pre: 0.9315 (1.0285)  loss_giou_dn_pre: 1.2419 (1.2682)
Test:  [0/4]  eta: 0:00:01    time: 0.3747  data: 0.3380  max mem: 3583
Test:  [3/4]  eta: 0:00:00    time: 0.1175  data: 0.0865  max mem: 3583
Test: Total time: 0:00:00 (0.1334 s / it)
Averaged stats: 
Accumulating evaluation results...
COCOeval_opt.accumulate() finished...
DONE (t=0.00s).
IoU metric: bbox
 Average Precision  (AP) @[ IoU=0.50:0.95 | area=   all | maxDets=100 ] = 0.000
 Average Precision  (AP) @[ IoU=0.50      | area=   all | maxDets=100 ] = 0.000
 Average Precision  (AP) @[ IoU=0.75      | area=   all | maxDets=100 ] = 0.000
 Average Precision  (AP) @[ IoU=0.50:0.95 | area= small | maxDets=100 ] = -1.000
 Average Precision  (AP) @[ IoU=0.50:0.95 | area=medium | maxDets=100 ] = -1.000
 Average Precision  (AP) @[ IoU=0.50:0.95 | area= large | maxDets=100 ] = 0.003
 Average Recall     (AR) @[ IoU=0.50:0.95 | area=   all | maxDets=  1 ] = 0.000
 Average Recall     (AR) @[ IoU=0.50:0.95 | area=   all | maxDets= 10 ] = 0.027
 Average Recall     (AR) @[ IoU=0.50:0.95 | area=   all | maxDets=100 ] = 0.077
 Average Recall     (AR) @[ IoU=0.50:0.95 | area= small | maxDets=100 ] = -1.000
 Average Recall     (AR) @[ IoU=0.50:0.95 | area=medium | maxDets=100 ] = -1.000
 Average Recall     (AR) @[ IoU=0.50:0.95 | area= large | maxDets=100 ] = 0.077
 Average Recall     (AR) @[ IoU=0.50      | area=   all | maxDets=100 ] = 0.133
 Average Recall     (AR) @[ IoU=0.75      | area=   all | maxDets=100 ] = 0.067
best_stat: {'epoch': 0, 'coco_eval_bbox': 0.004558175091756313}
Epoch: [21]  [0/8]  eta: 0:00:06  lr: 0.000000  loss: 47.8755 (47.8755)  loss_mal: 0.8647 (0.8647)  loss_bbox: 1.3471 (1.3471)  loss_giou: 1.6711 (1.6711)  loss_fgl: 0.6117 (0.6117)  loss_mal_aux_0: 0.7578 (0.7578)  loss_bbox_aux_0: 1.2924 (1.2924)  loss_giou_aux_0: 1.7134 (1.7134)  loss_fgl_aux_0: 0.5959 (0.5959)  loss_ddf_aux_0: 0.0871 (0.0871)  loss_mal_aux_1: 0.8340 (0.8340)  loss_bbox_aux_1: 1.3093 (1.3093)  loss_giou_aux_1: 1.6763 (1.6763)  loss_fgl_aux_1: 0.5975 (0.5975)  loss_ddf_aux_1: 0.0137 (0.0137)  loss_mal_aux_2: 0.8828 (0.8828)  loss_bbox_aux_2: 1.3326 (1.3326)  loss_giou_aux_2: 1.6659 (1.6659)  loss_fgl_aux_2: 0.6135 (0.6135)  loss_ddf_aux_2: 0.0010 (0.0010)  loss_mal_pre: 0.7188 (0.7188)  loss_bbox_pre: 1.3087 (1.3087)  loss_giou_pre: 1.7536 (1.7536)  loss_mal_enc_0: 0.8296 (0.8296)  loss_bbox_enc_0: 1.3680 (1.3680)  loss_giou_enc_0: 1.7486 (1.7486)  loss_mal_dn_0: 1.2734 (1.2734)  loss_bbox_dn_0: 1.1022 (1.1022)  loss_giou_dn_0: 1.3150 (1.3150)  loss_fgl_dn_0: 0.9223 (0.9223)  loss_ddf_dn_0: 0.1608 (0.1608)  loss_mal_dn_1: 1.5459 (1.5459)  loss_bbox_dn_1: 0.9160 (0.9160)  loss_giou_dn_1: 1.1893 (1.1893)  loss_fgl_dn_1: 0.9240 (0.9240)  loss_ddf_dn_1: 0.0297 (0.0297)  loss_mal_dn_2: 1.6367 (1.6367)  loss_bbox_dn_2: 0.9012 (0.9012)  loss_giou_dn_2: 1.1614 (1.1614)  loss_fgl_dn_2: 0.9433 (0.9433)  loss_ddf_dn_2: 0.0020 (0.0020)  loss_mal_dn_3: 1.5850 (1.5850)  loss_bbox_dn_3: 0.9049 (0.9049)  loss_giou_dn_3: 1.1608 (1.1608)  loss_fgl_dn_3: 0.9431 (0.9431)  loss_mal_dn_pre: 1.3066 (1.3066)  loss_bbox_dn_pre: 1.0647 (1.0647)  loss_giou_dn_pre: 1.2920 (1.2920)  time: 0.7612  data: 0.5944  max mem: 3583
Epoch: [21]  [7/8]  eta: 0:00:00  lr: 0.000000  loss: 46.0815 (47.2986)  loss_mal: 0.8647 (0.9493)  loss_bbox: 1.1736 (1.1863)  loss_giou: 1.7436 (1.6859)  loss_fgl: 0.5279 (0.5607)  loss_mal_aux_0: 0.7578 (0.8222)  loss_bbox_aux_0: 1.1865 (1.1955)  loss_giou_aux_0: 1.8071 (1.7481)  loss_fgl_aux_0: 0.5370 (0.5394)  loss_ddf_aux_0: 0.0505 (0.0665)  loss_mal_aux_1: 0.8340 (0.9371)  loss_bbox_aux_1: 1.1889 (1.1799)  loss_giou_aux_1: 1.7581 (1.7032)  loss_fgl_aux_1: 0.5316 (0.5533)  loss_ddf_aux_1: 0.0088 (0.0121)  loss_mal_aux_2: 0.8828 (0.9725)  loss_bbox_aux_2: 1.1787 (1.1830)  loss_giou_aux_2: 1.7466 (1.6873)  loss_fgl_aux_2: 0.5304 (0.5614)  loss_ddf_aux_2: 0.0007 (0.0008)  loss_mal_pre: 0.6973 (0.7701)  loss_bbox_pre: 1.1913 (1.2215)  loss_giou_pre: 1.8490 (1.7763)  loss_mal_enc_0: 0.8296 (0.8434)  loss_bbox_enc_0: 1.0768 (1.2095)  loss_giou_enc_0: 1.7486 (1.8079)  loss_mal_dn_0: 1.2217 (1.2854)  loss_bbox_dn_0: 1.0212 (1.0194)  loss_giou_dn_0: 1.2998 (1.2982)  loss_fgl_dn_0: 0.9605 (0.9664)  loss_ddf_dn_0: 0.1663 (0.1828)  loss_mal_dn_1: 1.5020 (1.5568)  loss_bbox_dn_1: 0.8345 (0.8666)  loss_giou_dn_1: 1.1915 (1.1861)  loss_fgl_dn_1: 0.9538 (0.9553)  loss_ddf_dn_1: 0.0337 (0.0349)  loss_mal_dn_2: 1.5742 (1.6428)  loss_bbox_dn_2: 0.8387 (0.8519)  loss_giou_dn_2: 1.1614 (1.1455)  loss_fgl_dn_2: 0.9744 (0.9714)  loss_ddf_dn_2: 0.0024 (0.0026)  loss_mal_dn_3: 1.5361 (1.6025)  loss_bbox_dn_3: 0.8475 (0.8547)  loss_giou_dn_3: 1.1608 (1.1431)  loss_fgl_dn_3: 0.9744 (0.9737)  loss_mal_dn_pre: 1.2676 (1.3209)  loss_bbox_dn_pre: 0.9860 (0.9899)  loss_giou_dn_pre: 1.2681 (1.2743)  time: 0.2344  data: 0.0785  max mem: 3583
Epoch: [21] Total time: 0:00:01 (0.2429 s / it)
Averaged stats: lr: 0.000000  loss: 46.0815 (47.2986)  loss_mal: 0.8647 (0.9493)  loss_bbox: 1.1736 (1.1863)  loss_giou: 1.7436 (1.6859)  loss_fgl: 0.5279 (0.5607)  loss_mal_aux_0: 0.7578 (0.8222)  loss_bbox_aux_0: 1.1865 (1.1955)  loss_giou_aux_0: 1.8071 (1.7481)  loss_fgl_aux_0: 0.5370 (0.5394)  loss_ddf_aux_0: 0.0505 (0.0665)  loss_mal_aux_1: 0.8340 (0.9371)  loss_bbox_aux_1: 1.1889 (1.1799)  loss_giou_aux_1: 1.7581 (1.7032)  loss_fgl_aux_1: 0.5316 (0.5533)  loss_ddf_aux_1: 0.0088 (0.0121)  loss_mal_aux_2: 0.8828 (0.9725)  loss_bbox_aux_2: 1.1787 (1.1830)  loss_giou_aux_2: 1.7466 (1.6873)  loss_fgl_aux_2: 0.5304 (0.5614)  loss_ddf_aux_2: 0.0007 (0.0008)  loss_mal_pre: 0.6973 (0.7701)  loss_bbox_pre: 1.1913 (1.2215)  loss_giou_pre: 1.8490 (1.7763)  loss_mal_enc_0: 0.8296 (0.8434)  loss_bbox_enc_0: 1.0768 (1.2095)  loss_giou_enc_0: 1.7486 (1.8079)  loss_mal_dn_0: 1.2217 (1.2854)  loss_bbox_dn_0: 1.0212 (1.0194)  loss_giou_dn_0: 1.2998 (1.2982)  loss_fgl_dn_0: 0.9605 (0.9664)  loss_ddf_dn_0: 0.1663 (0.1828)  loss_mal_dn_1: 1.5020 (1.5568)  loss_bbox_dn_1: 0.8345 (0.8666)  loss_giou_dn_1: 1.1915 (1.1861)  loss_fgl_dn_1: 0.9538 (0.9553)  loss_ddf_dn_1: 0.0337 (0.0349)  loss_mal_dn_2: 1.5742 (1.6428)  loss_bbox_dn_2: 0.8387 (0.8519)  loss_giou_dn_2: 1.1614 (1.1455)  loss_fgl_dn_2: 0.9744 (0.9714)  loss_ddf_dn_2: 0.0024 (0.0026)  loss_mal_dn_3: 1.5361 (1.6025)  loss_bbox_dn_3: 0.8475 (0.8547)  loss_giou_dn_3: 1.1608 (1.1431)  loss_fgl_dn_3: 0.9744 (0.9737)  loss_mal_dn_pre: 1.2676 (1.3209)  loss_bbox_dn_pre: 0.9860 (0.9899)  loss_giou_dn_pre: 1.2681 (1.2743)
Test:  [0/4]  eta: 0:00:01    time: 0.3854  data: 0.3470  max mem: 3583
Test:  [3/4]  eta: 0:00:00    time: 0.1205  data: 0.0888  max mem: 3583
Test: Total time: 0:00:00 (0.1381 s / it)
Averaged stats: 
Accumulating evaluation results...
COCOeval_opt.accumulate() finished...
DONE (t=0.00s).
IoU metric: bbox
 Average Precision  (AP) @[ IoU=0.50:0.95 | area=   all | maxDets=100 ] = 0.000
 Average Precision  (AP) @[ IoU=0.50      | area=   all | maxDets=100 ] = 0.000
 Average Precision  (AP) @[ IoU=0.75      | area=   all | maxDets=100 ] = 0.000
 Average Precision  (AP) @[ IoU=0.50:0.95 | area= small | maxDets=100 ] = -1.000
 Average Precision  (AP) @[ IoU=0.50:0.95 | area=medium | maxDets=100 ] = -1.000
 Average Precision  (AP) @[ IoU=0.50:0.95 | area= large | maxDets=100 ] = 0.000
 Average Recall     (AR) @[ IoU=0.50:0.95 | area=   all | maxDets=  1 ] = 0.000
 Average Recall     (AR) @[ IoU=0.50:0.95 | area=   all | maxDets= 10 ] = 0.000
 Average Recall     (AR) @[ IoU=0.50:0.95 | area=   all | maxDets=100 ] = 0.000
 Average Recall     (AR) @[ IoU=0.50:0.95 | area= small | maxDets=100 ] = -1.000
 Average Recall     (AR) @[ IoU=0.50:0.95 | area=medium | maxDets=100 ] = -1.000
 Average Recall     (AR) @[ IoU=0.50:0.95 | area= large | maxDets=100 ] = 0.000
 Average Recall     (AR) @[ IoU=0.50      | area=   all | maxDets=100 ] = 0.000
 Average Recall     (AR) @[ IoU=0.75      | area=   all | maxDets=100 ] = 0.000
best_stat: {'epoch': 0, 'coco_eval_bbox': 0.004558175091756313}
Epoch: [22]  [0/8]  eta: 0:00:06  lr: 0.000000  loss: 50.5822 (50.5822)  loss_mal: 0.9419 (0.9419)  loss_bbox: 1.3109 (1.3109)  loss_giou: 1.5864 (1.5864)  loss_fgl: 0.9816 (0.9816)  loss_mal_aux_0: 0.8149 (0.8149)  loss_bbox_aux_0: 1.3868 (1.3868)  loss_giou_aux_0: 1.6641 (1.6641)  loss_fgl_aux_0: 0.9145 (0.9145)  loss_ddf_aux_0: 0.0596 (0.0596)  loss_mal_aux_1: 0.9053 (0.9053)  loss_bbox_aux_1: 1.3311 (1.3311)  loss_giou_aux_1: 1.6010 (1.6010)  loss_fgl_aux_1: 0.9569 (0.9569)  loss_ddf_aux_1: 0.0076 (0.0076)  loss_mal_aux_2: 0.9810 (0.9810)  loss_bbox_aux_2: 1.3105 (1.3105)  loss_giou_aux_2: 1.5837 (1.5837)  loss_fgl_aux_2: 0.9816 (0.9816)  loss_ddf_aux_2: 0.0009 (0.0009)  loss_mal_pre: 0.7427 (0.7427)  loss_bbox_pre: 1.4391 (1.4391)  loss_giou_pre: 1.7148 (1.7148)  loss_mal_enc_0: 0.8330 (0.8330)  loss_bbox_enc_0: 1.3869 (1.3869)  loss_giou_enc_0: 1.7084 (1.7084)  loss_mal_dn_0: 1.1553 (1.1553)  loss_bbox_dn_0: 1.4102 (1.4102)  loss_giou_dn_0: 1.3673 (1.3673)  loss_fgl_dn_0: 1.0297 (1.0297)  loss_ddf_dn_0: 0.1543 (0.1543)  loss_mal_dn_1: 1.2217 (1.2217)  loss_bbox_dn_1: 1.2689 (1.2689)  loss_giou_dn_1: 1.3109 (1.3109)  loss_fgl_dn_1: 0.9831 (0.9831)  loss_ddf_dn_1: 0.0280 (0.0280)  loss_mal_dn_2: 1.2520 (1.2520)  loss_bbox_dn_2: 1.3018 (1.3018)  loss_giou_dn_2: 1.2962 (1.2962)  loss_fgl_dn_2: 0.9798 (0.9798)  loss_ddf_dn_2: 0.0021 (0.0021)  loss_mal_dn_3: 1.2422 (1.2422)  loss_bbox_dn_3: 1.2891 (1.2891)  loss_giou_dn_3: 1.2850 (1.2850)  loss_fgl_dn_3: 0.9902 (0.9902)  loss_mal_dn_pre: 1.1387 (1.1387)  loss_bbox_dn_pre: 1.3740 (1.3740)  loss_giou_dn_pre: 1.3567 (1.3567)  time: 0.7672  data: 0.5870  max mem: 3583
Epoch: [22]  [7/8]  eta: 0:00:00  lr: 0.000000  loss: 44.6464 (46.1420)  loss_mal: 1.1436 (1.2374)  loss_bbox: 0.7060 (0.8539)  loss_giou: 1.5066 (1.4633)  loss_fgl: 0.7509 (0.7584)  loss_mal_aux_0: 1.0020 (1.0214)  loss_bbox_aux_0: 0.7531 (0.9680)  loss_giou_aux_0: 1.6049 (1.5556)  loss_fgl_aux_0: 0.7041 (0.7188)  loss_ddf_aux_0: 0.0579 (0.0697)  loss_mal_aux_1: 1.1094 (1.1774)  loss_bbox_aux_1: 0.7133 (0.8814)  loss_giou_aux_1: 1.5419 (1.5029)  loss_fgl_aux_1: 0.7313 (0.7380)  loss_ddf_aux_1: 0.0115 (0.0128)  loss_mal_aux_2: 1.1592 (1.2723)  loss_bbox_aux_2: 0.7072 (0.8660)  loss_giou_aux_2: 1.5103 (1.4621)  loss_fgl_aux_2: 0.7543 (0.7595)  loss_ddf_aux_2: 0.0009 (0.0011)  loss_mal_pre: 0.9795 (0.9813)  loss_bbox_pre: 0.7514 (0.9239)  loss_giou_pre: 1.6222 (1.5757)  loss_mal_enc_0: 1.0029 (0.9960)  loss_bbox_enc_0: 0.7424 (0.9102)  loss_giou_enc_0: 1.6840 (1.6594)  loss_mal_dn_0: 1.2461 (1.2987)  loss_bbox_dn_0: 0.9470 (1.0022)  loss_giou_dn_0: 1.3099 (1.2926)  loss_fgl_dn_0: 0.9407 (0.9518)  loss_ddf_dn_0: 0.1554 (0.1740)  loss_mal_dn_1: 1.6064 (1.5959)  loss_bbox_dn_1: 0.7245 (0.7623)  loss_giou_dn_1: 1.1469 (1.1596)  loss_fgl_dn_1: 0.9368 (0.9404)  loss_ddf_dn_1: 0.0305 (0.0330)  loss_mal_dn_2: 1.7129 (1.7031)  loss_bbox_dn_2: 0.6807 (0.7544)  loss_giou_dn_2: 1.0866 (1.1072)  loss_fgl_dn_2: 0.9592 (0.9534)  loss_ddf_dn_2: 0.0023 (0.0026)  loss_mal_dn_3: 1.6787 (1.6646)  loss_bbox_dn_3: 0.6984 (0.7513)  loss_giou_dn_3: 1.0834 (1.1039)  loss_fgl_dn_3: 0.9577 (0.9546)  loss_mal_dn_pre: 1.2881 (1.3151)  loss_bbox_dn_pre: 0.9210 (0.9798)  loss_giou_dn_pre: 1.2805 (1.2748)  time: 0.2173  data: 0.0816  max mem: 3583
Epoch: [22] Total time: 0:00:01 (0.2262 s / it)
Averaged stats: lr: 0.000000  loss: 44.6464 (46.1420)  loss_mal: 1.1436 (1.2374)  loss_bbox: 0.7060 (0.8539)  loss_giou: 1.5066 (1.4633)  loss_fgl: 0.7509 (0.7584)  loss_mal_aux_0: 1.0020 (1.0214)  loss_bbox_aux_0: 0.7531 (0.9680)  loss_giou_aux_0: 1.6049 (1.5556)  loss_fgl_aux_0: 0.7041 (0.7188)  loss_ddf_aux_0: 0.0579 (0.0697)  loss_mal_aux_1: 1.1094 (1.1774)  loss_bbox_aux_1: 0.7133 (0.8814)  loss_giou_aux_1: 1.5419 (1.5029)  loss_fgl_aux_1: 0.7313 (0.7380)  loss_ddf_aux_1: 0.0115 (0.0128)  loss_mal_aux_2: 1.1592 (1.2723)  loss_bbox_aux_2: 0.7072 (0.8660)  loss_giou_aux_2: 1.5103 (1.4621)  loss_fgl_aux_2: 0.7543 (0.7595)  loss_ddf_aux_2: 0.0009 (0.0011)  loss_mal_pre: 0.9795 (0.9813)  loss_bbox_pre: 0.7514 (0.9239)  loss_giou_pre: 1.6222 (1.5757)  loss_mal_enc_0: 1.0029 (0.9960)  loss_bbox_enc_0: 0.7424 (0.9102)  loss_giou_enc_0: 1.6840 (1.6594)  loss_mal_dn_0: 1.2461 (1.2987)  loss_bbox_dn_0: 0.9470 (1.0022)  loss_giou_dn_0: 1.3099 (1.2926)  loss_fgl_dn_0: 0.9407 (0.9518)  loss_ddf_dn_0: 0.1554 (0.1740)  loss_mal_dn_1: 1.6064 (1.5959)  loss_bbox_dn_1: 0.7245 (0.7623)  loss_giou_dn_1: 1.1469 (1.1596)  loss_fgl_dn_1: 0.9368 (0.9404)  loss_ddf_dn_1: 0.0305 (0.0330)  loss_mal_dn_2: 1.7129 (1.7031)  loss_bbox_dn_2: 0.6807 (0.7544)  loss_giou_dn_2: 1.0866 (1.1072)  loss_fgl_dn_2: 0.9592 (0.9534)  loss_ddf_dn_2: 0.0023 (0.0026)  loss_mal_dn_3: 1.6787 (1.6646)  loss_bbox_dn_3: 0.6984 (0.7513)  loss_giou_dn_3: 1.0834 (1.1039)  loss_fgl_dn_3: 0.9577 (0.9546)  loss_mal_dn_pre: 1.2881 (1.3151)  loss_bbox_dn_pre: 0.9210 (0.9798)  loss_giou_dn_pre: 1.2805 (1.2748)
Test:  [0/4]  eta: 0:00:01    time: 0.3870  data: 0.3457  max mem: 3583
Test:  [3/4]  eta: 0:00:00    time: 0.1241  data: 0.0883  max mem: 3583
Test: Total time: 0:00:00 (0.1447 s / it)
Averaged stats: 
Accumulating evaluation results...
COCOeval_opt.accumulate() finished...
DONE (t=0.00s).
IoU metric: bbox
 Average Precision  (AP) @[ IoU=0.50:0.95 | area=   all | maxDets=100 ] = 0.000
 Average Precision  (AP) @[ IoU=0.50      | area=   all | maxDets=100 ] = 0.001
 Average Precision  (AP) @[ IoU=0.75      | area=   all | maxDets=100 ] = 0.000
 Average Precision  (AP) @[ IoU=0.50:0.95 | area= small | maxDets=100 ] = -1.000
 Average Precision  (AP) @[ IoU=0.50:0.95 | area=medium | maxDets=100 ] = -1.000
 Average Precision  (AP) @[ IoU=0.50:0.95 | area= large | maxDets=100 ] = 0.005
 Average Recall     (AR) @[ IoU=0.50:0.95 | area=   all | maxDets=  1 ] = 0.000
 Average Recall     (AR) @[ IoU=0.50:0.95 | area=   all | maxDets= 10 ] = 0.030
 Average Recall     (AR) @[ IoU=0.50:0.95 | area=   all | maxDets=100 ] = 0.120
 Average Recall     (AR) @[ IoU=0.50:0.95 | area= small | maxDets=100 ] = -1.000
 Average Recall     (AR) @[ IoU=0.50:0.95 | area=medium | maxDets=100 ] = -1.000
 Average Recall     (AR) @[ IoU=0.50:0.95 | area= large | maxDets=100 ] = 0.120
 Average Recall     (AR) @[ IoU=0.50      | area=   all | maxDets=100 ] = 0.167
 Average Recall     (AR) @[ IoU=0.75      | area=   all | maxDets=100 ] = 0.100
best_stat: {'epoch': 0, 'coco_eval_bbox': 0.004558175091756313}
Epoch: [23]  [0/8]  eta: 0:00:06  lr: 0.000000  loss: 54.0283 (54.0283)  loss_mal: 2.4727 (2.4727)  loss_bbox: 0.8712 (0.8712)  loss_giou: 0.8971 (0.8971)  loss_fgl: 0.9545 (0.9545)  loss_mal_aux_0: 2.1250 (2.1250)  loss_bbox_aux_0: 0.9236 (0.9236)  loss_giou_aux_0: 1.0356 (1.0356)  loss_fgl_aux_0: 0.9995 (0.9995)  loss_ddf_aux_0: 0.1467 (0.1467)  loss_mal_aux_1: 2.2344 (2.2344)  loss_bbox_aux_1: 0.9020 (0.9020)  loss_giou_aux_1: 0.9493 (0.9493)  loss_fgl_aux_1: 0.9486 (0.9486)  loss_ddf_aux_1: 0.0255 (0.0255)  loss_mal_aux_2: 2.5293 (2.5293)  loss_bbox_aux_2: 0.8765 (0.8765)  loss_giou_aux_2: 0.9016 (0.9016)  loss_fgl_aux_2: 0.9518 (0.9518)  loss_ddf_aux_2: 0.0020 (0.0020)  loss_mal_pre: 2.1641 (2.1641)  loss_bbox_pre: 0.9618 (0.9618)  loss_giou_pre: 1.0303 (1.0303)  loss_mal_enc_0: 2.3535 (2.3535)  loss_bbox_enc_0: 1.0175 (1.0175)  loss_giou_enc_0: 1.0904 (1.0904)  loss_mal_dn_0: 2.2988 (2.2988)  loss_bbox_dn_0: 0.7934 (0.7934)  loss_giou_dn_0: 0.8426 (0.8426)  loss_fgl_dn_0: 1.2091 (1.2091)  loss_ddf_dn_0: 0.2080 (0.2080)  loss_mal_dn_1: 2.4844 (2.4844)  loss_bbox_dn_1: 0.7243 (0.7243)  loss_giou_dn_1: 0.7342 (0.7342)  loss_fgl_dn_1: 1.0979 (1.0979)  loss_ddf_dn_1: 0.0377 (0.0377)  loss_mal_dn_2: 2.7637 (2.7637)  loss_bbox_dn_2: 0.6803 (0.6803)  loss_giou_dn_2: 0.6684 (0.6684)  loss_fgl_dn_2: 1.0845 (1.0845)  loss_ddf_dn_2: 0.0030 (0.0030)  loss_mal_dn_3: 2.6680 (2.6680)  loss_bbox_dn_3: 0.6912 (0.6912)  loss_giou_dn_3: 0.6674 (0.6674)  loss_fgl_dn_3: 1.0866 (1.0866)  loss_mal_dn_pre: 2.2949 (2.2949)  loss_bbox_dn_pre: 0.7822 (0.7822)  loss_giou_dn_pre: 0.8434 (0.8434)  time: 0.8332  data: 0.6728  max mem: 3583
Epoch: [23]  [7/8]  eta: 0:00:00  lr: 0.000000  loss: 47.5860 (49.5845)  loss_mal: 1.2686 (1.3218)  loss_bbox: 0.8712 (1.0485)  loss_giou: 1.4188 (1.4062)  loss_fgl: 0.8154 (0.8337)  loss_mal_aux_0: 1.0264 (1.1713)  loss_bbox_aux_0: 0.9236 (1.1036)  loss_giou_aux_0: 1.4798 (1.4718)  loss_fgl_aux_0: 0.7945 (0.8218)  loss_ddf_aux_0: 0.0670 (0.0749)  loss_mal_aux_1: 1.2002 (1.2676)  loss_bbox_aux_1: 0.9020 (1.0695)  loss_giou_aux_1: 1.4474 (1.4325)  loss_fgl_aux_1: 0.8298 (0.8324)  loss_ddf_aux_1: 0.0110 (0.0143)  loss_mal_aux_2: 1.2939 (1.3533)  loss_bbox_aux_2: 0.8765 (1.0471)  loss_giou_aux_2: 1.4094 (1.4044)  loss_fgl_aux_2: 0.8209 (0.8368)  loss_ddf_aux_2: 0.0010 (0.0013)  loss_mal_pre: 1.0283 (1.1688)  loss_bbox_pre: 0.9618 (1.1496)  loss_giou_pre: 1.4528 (1.4865)  loss_mal_enc_0: 1.0527 (1.2141)  loss_bbox_enc_0: 1.0175 (1.2142)  loss_giou_enc_0: 1.5580 (1.5586)  loss_mal_dn_0: 1.1826 (1.3959)  loss_bbox_dn_0: 1.1015 (1.1812)  loss_giou_dn_0: 1.3150 (1.2489)  loss_fgl_dn_0: 0.9233 (1.0274)  loss_ddf_dn_0: 0.1380 (0.1744)  loss_mal_dn_1: 1.4033 (1.5934)  loss_bbox_dn_1: 0.8690 (1.0303)  loss_giou_dn_1: 1.2204 (1.1563)  loss_fgl_dn_1: 0.9193 (0.9840)  loss_ddf_dn_1: 0.0299 (0.0305)  loss_mal_dn_2: 1.5039 (1.7107)  loss_bbox_dn_2: 0.8889 (1.0223)  loss_giou_dn_2: 1.1991 (1.1116)  loss_fgl_dn_2: 0.9303 (0.9994)  loss_ddf_dn_2: 0.0022 (0.0025)  loss_mal_dn_3: 1.4688 (1.6589)  loss_bbox_dn_3: 0.8747 (1.0314)  loss_giou_dn_3: 1.2030 (1.1120)  loss_fgl_dn_3: 0.9287 (0.9978)  loss_mal_dn_pre: 1.1924 (1.4105)  loss_bbox_dn_pre: 1.0612 (1.1625)  loss_giou_dn_pre: 1.3041 (1.2380)  time: 0.2197  data: 0.0873  max mem: 3583
Epoch: [23] Total time: 0:00:01 (0.2291 s / it)
Averaged stats: lr: 0.000000  loss: 47.5860 (49.5845)  loss_mal: 1.2686 (1.3218)  loss_bbox: 0.8712 (1.0485)  loss_giou: 1.4188 (1.4062)  loss_fgl: 0.8154 (0.8337)  loss_mal_aux_0: 1.0264 (1.1713)  loss_bbox_aux_0: 0.9236 (1.1036)  loss_giou_aux_0: 1.4798 (1.4718)  loss_fgl_aux_0: 0.7945 (0.8218)  loss_ddf_aux_0: 0.0670 (0.0749)  loss_mal_aux_1: 1.2002 (1.2676)  loss_bbox_aux_1: 0.9020 (1.0695)  loss_giou_aux_1: 1.4474 (1.4325)  loss_fgl_aux_1: 0.8298 (0.8324)  loss_ddf_aux_1: 0.0110 (0.0143)  loss_mal_aux_2: 1.2939 (1.3533)  loss_bbox_aux_2: 0.8765 (1.0471)  loss_giou_aux_2: 1.4094 (1.4044)  loss_fgl_aux_2: 0.8209 (0.8368)  loss_ddf_aux_2: 0.0010 (0.0013)  loss_mal_pre: 1.0283 (1.1688)  loss_bbox_pre: 0.9618 (1.1496)  loss_giou_pre: 1.4528 (1.4865)  loss_mal_enc_0: 1.0527 (1.2141)  loss_bbox_enc_0: 1.0175 (1.2142)  loss_giou_enc_0: 1.5580 (1.5586)  loss_mal_dn_0: 1.1826 (1.3959)  loss_bbox_dn_0: 1.1015 (1.1812)  loss_giou_dn_0: 1.3150 (1.2489)  loss_fgl_dn_0: 0.9233 (1.0274)  loss_ddf_dn_0: 0.1380 (0.1744)  loss_mal_dn_1: 1.4033 (1.5934)  loss_bbox_dn_1: 0.8690 (1.0303)  loss_giou_dn_1: 1.2204 (1.1563)  loss_fgl_dn_1: 0.9193 (0.9840)  loss_ddf_dn_1: 0.0299 (0.0305)  loss_mal_dn_2: 1.5039 (1.7107)  loss_bbox_dn_2: 0.8889 (1.0223)  loss_giou_dn_2: 1.1991 (1.1116)  loss_fgl_dn_2: 0.9303 (0.9994)  loss_ddf_dn_2: 0.0022 (0.0025)  loss_mal_dn_3: 1.4688 (1.6589)  loss_bbox_dn_3: 0.8747 (1.0314)  loss_giou_dn_3: 1.2030 (1.1120)  loss_fgl_dn_3: 0.9287 (0.9978)  loss_mal_dn_pre: 1.1924 (1.4105)  loss_bbox_dn_pre: 1.0612 (1.1625)  loss_giou_dn_pre: 1.3041 (1.2380)
Test:  [0/4]  eta: 0:00:01    time: 0.3663  data: 0.3165  max mem: 3583
Test:  [3/4]  eta: 0:00:00    time: 0.1198  data: 0.0813  max mem: 3583
Test: Total time: 0:00:00 (0.1401 s / it)
Averaged stats: 
Accumulating evaluation results...
COCOeval_opt.accumulate() finished...
DONE (t=0.00s).
IoU metric: bbox
 Average Precision  (AP) @[ IoU=0.50:0.95 | area=   all | maxDets=100 ] = 0.001
 Average Precision  (AP) @[ IoU=0.50      | area=   all | maxDets=100 ] = 0.001
 Average Precision  (AP) @[ IoU=0.75      | area=   all | maxDets=100 ] = 0.001
 Average Precision  (AP) @[ IoU=0.50:0.95 | area= small | maxDets=100 ] = -1.000
 Average Precision  (AP) @[ IoU=0.50:0.95 | area=medium | maxDets=100 ] = -1.000
 Average Precision  (AP) @[ IoU=0.50:0.95 | area= large | maxDets=100 ] = 0.006
 Average Recall     (AR) @[ IoU=0.50:0.95 | area=   all | maxDets=  1 ] = 0.000
 Average Recall     (AR) @[ IoU=0.50:0.95 | area=   all | maxDets= 10 ] = 0.030
 Average Recall     (AR) @[ IoU=0.50:0.95 | area=   all | maxDets=100 ] = 0.127
 Average Recall     (AR) @[ IoU=0.50:0.95 | area= small | maxDets=100 ] = -1.000
 Average Recall     (AR) @[ IoU=0.50:0.95 | area=medium | maxDets=100 ] = -1.000
 Average Recall     (AR) @[ IoU=0.50:0.95 | area= large | maxDets=100 ] = 0.127
 Average Recall     (AR) @[ IoU=0.50      | area=   all | maxDets=100 ] = 0.167
 Average Recall     (AR) @[ IoU=0.75      | area=   all | maxDets=100 ] = 0.133
best_stat: {'epoch': 0, 'coco_eval_bbox': 0.004558175091756313}
Epoch: [24]  [0/8]  eta: 0:00:05  lr: 0.000000  loss: 47.4887 (47.4887)  loss_mal: 1.1475 (1.1475)  loss_bbox: 1.0090 (1.0090)  loss_giou: 1.4965 (1.4965)  loss_fgl: 0.7892 (0.7892)  loss_mal_aux_0: 1.0039 (1.0039)  loss_bbox_aux_0: 1.0693 (1.0693)  loss_giou_aux_0: 1.5545 (1.5545)  loss_fgl_aux_0: 0.7478 (0.7478)  loss_ddf_aux_0: 0.0683 (0.0683)  loss_mal_aux_1: 1.1816 (1.1816)  loss_bbox_aux_1: 1.0310 (1.0310)  loss_giou_aux_1: 1.5143 (1.5143)  loss_fgl_aux_1: 0.7983 (0.7983)  loss_ddf_aux_1: 0.0134 (0.0134)  loss_mal_aux_2: 1.1758 (1.1758)  loss_bbox_aux_2: 1.0061 (1.0061)  loss_giou_aux_2: 1.4930 (1.4930)  loss_fgl_aux_2: 0.7921 (0.7921)  loss_ddf_aux_2: 0.0010 (0.0010)  loss_mal_pre: 0.9600 (0.9600)  loss_bbox_pre: 1.0913 (1.0913)  loss_giou_pre: 1.5816 (1.5816)  loss_mal_enc_0: 0.9321 (0.9321)  loss_bbox_enc_0: 1.1402 (1.1402)  loss_giou_enc_0: 1.6323 (1.6323)  loss_mal_dn_0: 1.1494 (1.1494)  loss_bbox_dn_0: 1.1641 (1.1641)  loss_giou_dn_0: 1.3691 (1.3691)  loss_fgl_dn_0: 0.9360 (0.9360)  loss_ddf_dn_0: 0.1419 (0.1419)  loss_mal_dn_1: 1.2637 (1.2637)  loss_bbox_dn_1: 1.0956 (1.0956)  loss_giou_dn_1: 1.3065 (1.3065)  loss_fgl_dn_1: 0.9320 (0.9320)  loss_ddf_dn_1: 0.0287 (0.0287)  loss_mal_dn_2: 1.3027 (1.3027)  loss_bbox_dn_2: 1.0976 (1.0976)  loss_giou_dn_2: 1.2894 (1.2894)  loss_fgl_dn_2: 0.9429 (0.9429)  loss_ddf_dn_2: 0.0028 (0.0028)  loss_mal_dn_3: 1.2686 (1.2686)  loss_bbox_dn_3: 1.0958 (1.0958)  loss_giou_dn_3: 1.2830 (1.2830)  loss_fgl_dn_3: 0.9464 (0.9464)  loss_mal_dn_pre: 1.1611 (1.1611)  loss_bbox_dn_pre: 1.1237 (1.1237)  loss_giou_dn_pre: 1.3575 (1.3575)  time: 0.7369  data: 0.5523  max mem: 3583
Epoch: [24]  [7/8]  eta: 0:00:00  lr: 0.000000  loss: 47.7969 (48.1605)  loss_mal: 1.1240 (1.0880)  loss_bbox: 1.0569 (1.1138)  loss_giou: 1.4965 (1.5550)  loss_fgl: 0.7487 (0.7238)  loss_mal_aux_0: 1.0039 (0.9756)  loss_bbox_aux_0: 1.1093 (1.1274)  loss_giou_aux_0: 1.5545 (1.6116)  loss_fgl_aux_0: 0.7150 (0.7028)  loss_ddf_aux_0: 0.0620 (0.0743)  loss_mal_aux_1: 1.1035 (1.0948)  loss_bbox_aux_1: 1.0457 (1.0895)  loss_giou_aux_1: 1.5143 (1.5642)  loss_fgl_aux_1: 0.7517 (0.7250)  loss_ddf_aux_1: 0.0134 (0.0133)  loss_mal_aux_2: 1.1650 (1.1204)  loss_bbox_aux_2: 1.0452 (1.1122)  loss_giou_aux_2: 1.4930 (1.5543)  loss_fgl_aux_2: 0.7469 (0.7233)  loss_ddf_aux_2: 0.0010 (0.0011)  loss_mal_pre: 0.9600 (0.9467)  loss_bbox_pre: 1.1193 (1.1353)  loss_giou_pre: 1.5816 (1.6248)  loss_mal_enc_0: 0.9321 (1.0140)  loss_bbox_enc_0: 1.0818 (1.1305)  loss_giou_enc_0: 1.6323 (1.6974)  loss_mal_dn_0: 1.4336 (1.3981)  loss_bbox_dn_0: 1.0621 (1.0423)  loss_giou_dn_0: 1.1887 (1.2355)  loss_fgl_dn_0: 1.0408 (1.0190)  loss_ddf_dn_0: 0.1455 (0.1569)  loss_mal_dn_1: 1.6133 (1.5890)  loss_bbox_dn_1: 0.9366 (0.9537)  loss_giou_dn_1: 1.1205 (1.1499)  loss_fgl_dn_1: 0.9944 (0.9880)  loss_ddf_dn_1: 0.0245 (0.0275)  loss_mal_dn_2: 1.7324 (1.6807)  loss_bbox_dn_2: 0.9174 (0.9483)  loss_giou_dn_2: 1.0675 (1.1078)  loss_fgl_dn_2: 1.0046 (1.0029)  loss_ddf_dn_2: 0.0026 (0.0026)  loss_mal_dn_3: 1.6836 (1.6298)  loss_bbox_dn_3: 0.9275 (0.9529)  loss_giou_dn_3: 1.0662 (1.1045)  loss_fgl_dn_3: 1.0035 (1.0059)  loss_mal_dn_pre: 1.4639 (1.4232)  loss_bbox_dn_pre: 0.9919 (1.0043)  loss_giou_dn_pre: 1.1860 (1.2186)  time: 0.2245  data: 0.0716  max mem: 3583
Epoch: [24] Total time: 0:00:01 (0.2320 s / it)
Averaged stats: lr: 0.000000  loss: 47.7969 (48.1605)  loss_mal: 1.1240 (1.0880)  loss_bbox: 1.0569 (1.1138)  loss_giou: 1.4965 (1.5550)  loss_fgl: 0.7487 (0.7238)  loss_mal_aux_0: 1.0039 (0.9756)  loss_bbox_aux_0: 1.1093 (1.1274)  loss_giou_aux_0: 1.5545 (1.6116)  loss_fgl_aux_0: 0.7150 (0.7028)  loss_ddf_aux_0: 0.0620 (0.0743)  loss_mal_aux_1: 1.1035 (1.0948)  loss_bbox_aux_1: 1.0457 (1.0895)  loss_giou_aux_1: 1.5143 (1.5642)  loss_fgl_aux_1: 0.7517 (0.7250)  loss_ddf_aux_1: 0.0134 (0.0133)  loss_mal_aux_2: 1.1650 (1.1204)  loss_bbox_aux_2: 1.0452 (1.1122)  loss_giou_aux_2: 1.4930 (1.5543)  loss_fgl_aux_2: 0.7469 (0.7233)  loss_ddf_aux_2: 0.0010 (0.0011)  loss_mal_pre: 0.9600 (0.9467)  loss_bbox_pre: 1.1193 (1.1353)  loss_giou_pre: 1.5816 (1.6248)  loss_mal_enc_0: 0.9321 (1.0140)  loss_bbox_enc_0: 1.0818 (1.1305)  loss_giou_enc_0: 1.6323 (1.6974)  loss_mal_dn_0: 1.4336 (1.3981)  loss_bbox_dn_0: 1.0621 (1.0423)  loss_giou_dn_0: 1.1887 (1.2355)  loss_fgl_dn_0: 1.0408 (1.0190)  loss_ddf_dn_0: 0.1455 (0.1569)  loss_mal_dn_1: 1.6133 (1.5890)  loss_bbox_dn_1: 0.9366 (0.9537)  loss_giou_dn_1: 1.1205 (1.1499)  loss_fgl_dn_1: 0.9944 (0.9880)  loss_ddf_dn_1: 0.0245 (0.0275)  loss_mal_dn_2: 1.7324 (1.6807)  loss_bbox_dn_2: 0.9174 (0.9483)  loss_giou_dn_2: 1.0675 (1.1078)  loss_fgl_dn_2: 1.0046 (1.0029)  loss_ddf_dn_2: 0.0026 (0.0026)  loss_mal_dn_3: 1.6836 (1.6298)  loss_bbox_dn_3: 0.9275 (0.9529)  loss_giou_dn_3: 1.0662 (1.1045)  loss_fgl_dn_3: 1.0035 (1.0059)  loss_mal_dn_pre: 1.4639 (1.4232)  loss_bbox_dn_pre: 0.9919 (1.0043)  loss_giou_dn_pre: 1.1860 (1.2186)
Test:  [0/4]  eta: 0:00:01    time: 0.3602  data: 0.3232  max mem: 3583
Test:  [3/4]  eta: 0:00:00    time: 0.1134  data: 0.0829  max mem: 3583
Test: Total time: 0:00:00 (0.1339 s / it)
Averaged stats: 
Accumulating evaluation results...
COCOeval_opt.accumulate() finished...
DONE (t=0.00s).
IoU metric: bbox
 Average Precision  (AP) @[ IoU=0.50:0.95 | area=   all | maxDets=100 ] = 0.000
 Average Precision  (AP) @[ IoU=0.50      | area=   all | maxDets=100 ] = 0.000
 Average Precision  (AP) @[ IoU=0.75      | area=   all | maxDets=100 ] = 0.000
 Average Precision  (AP) @[ IoU=0.50:0.95 | area= small | maxDets=100 ] = -1.000
 Average Precision  (AP) @[ IoU=0.50:0.95 | area=medium | maxDets=100 ] = -1.000
 Average Precision  (AP) @[ IoU=0.50:0.95 | area= large | maxDets=100 ] = 0.001
 Average Recall     (AR) @[ IoU=0.50:0.95 | area=   all | maxDets=  1 ] = 0.000
 Average Recall     (AR) @[ IoU=0.50:0.95 | area=   all | maxDets= 10 ] = 0.000
 Average Recall     (AR) @[ IoU=0.50:0.95 | area=   all | maxDets=100 ] = 0.020
 Average Recall     (AR) @[ IoU=0.50:0.95 | area= small | maxDets=100 ] = -1.000
 Average Recall     (AR) @[ IoU=0.50:0.95 | area=medium | maxDets=100 ] = -1.000
 Average Recall     (AR) @[ IoU=0.50:0.95 | area= large | maxDets=100 ] = 0.020
 Average Recall     (AR) @[ IoU=0.50      | area=   all | maxDets=100 ] = 0.033
 Average Recall     (AR) @[ IoU=0.75      | area=   all | maxDets=100 ] = 0.033
best_stat: {'epoch': 0, 'coco_eval_bbox': 0.004558175091756313}
Epoch: [25]  [0/8]  eta: 0:00:04  lr: 0.000000  loss: 48.0805 (48.0805)  loss_mal: 1.7695 (1.7695)  loss_bbox: 0.7062 (0.7062)  loss_giou: 1.1409 (1.1409)  loss_fgl: 0.9732 (0.9732)  loss_mal_aux_0: 1.4854 (1.4854)  loss_bbox_aux_0: 0.7599 (0.7599)  loss_giou_aux_0: 1.2760 (1.2760)  loss_fgl_aux_0: 0.9664 (0.9664)  loss_ddf_aux_0: 0.0676 (0.0676)  loss_mal_aux_1: 1.6885 (1.6885)  loss_bbox_aux_1: 0.7294 (0.7294)  loss_giou_aux_1: 1.1865 (1.1865)  loss_fgl_aux_1: 0.9722 (0.9722)  loss_ddf_aux_1: 0.0118 (0.0118)  loss_mal_aux_2: 1.8174 (1.8174)  loss_bbox_aux_2: 0.7019 (0.7019)  loss_giou_aux_2: 1.1419 (1.1419)  loss_fgl_aux_2: 0.9725 (0.9725)  loss_ddf_aux_2: 0.0010 (0.0010)  loss_mal_pre: 1.4600 (1.4600)  loss_bbox_pre: 0.7815 (0.7815)  loss_giou_pre: 1.2969 (1.2969)  loss_mal_enc_0: 1.3213 (1.3213)  loss_bbox_enc_0: 0.8234 (0.8234)  loss_giou_enc_0: 1.4452 (1.4452)  loss_mal_dn_0: 1.4355 (1.4355)  loss_bbox_dn_0: 0.9832 (0.9832)  loss_giou_dn_0: 1.2393 (1.2393)  loss_fgl_dn_0: 1.0521 (1.0521)  loss_ddf_dn_0: 0.2190 (0.2190)  loss_mal_dn_1: 1.7246 (1.7246)  loss_bbox_dn_1: 0.7623 (0.7623)  loss_giou_dn_1: 1.0781 (1.0781)  loss_fgl_dn_1: 1.0103 (1.0103)  loss_ddf_dn_1: 0.0392 (0.0392)  loss_mal_dn_2: 1.9844 (1.9844)  loss_bbox_dn_2: 0.7256 (0.7256)  loss_giou_dn_2: 0.9731 (0.9731)  loss_fgl_dn_2: 1.0377 (1.0377)  loss_ddf_dn_2: 0.0034 (0.0034)  loss_mal_dn_3: 1.9395 (1.9395)  loss_bbox_dn_3: 0.7247 (0.7247)  loss_giou_dn_3: 0.9651 (0.9651)  loss_fgl_dn_3: 1.0427 (1.0427)  loss_mal_dn_pre: 1.4502 (1.4502)  loss_bbox_dn_pre: 0.9682 (0.9682)  loss_giou_dn_pre: 1.2260 (1.2260)  time: 0.6020  data: 0.4249  max mem: 3583
Epoch: [25]  [7/8]  eta: 0:00:00  lr: 0.000000  loss: 48.0805 (48.0388)  loss_mal: 0.9224 (1.0361)  loss_bbox: 0.9019 (1.1052)  loss_giou: 1.6051 (1.6507)  loss_fgl: 0.7170 (0.7387)  loss_mal_aux_0: 0.8110 (0.8727)  loss_bbox_aux_0: 0.9195 (1.1298)  loss_giou_aux_0: 1.6403 (1.7335)  loss_fgl_aux_0: 0.6091 (0.6791)  loss_ddf_aux_0: 0.0676 (0.0749)  loss_mal_aux_1: 0.8276 (0.9783)  loss_bbox_aux_1: 0.8902 (1.1003)  loss_giou_aux_1: 1.6314 (1.6854)  loss_fgl_aux_1: 0.6789 (0.7152)  loss_ddf_aux_1: 0.0118 (0.0134)  loss_mal_aux_2: 0.8848 (1.0441)  loss_bbox_aux_2: 0.9001 (1.1028)  loss_giou_aux_2: 1.6034 (1.6546)  loss_fgl_aux_2: 0.7206 (0.7373)  loss_ddf_aux_2: 0.0012 (0.0013)  loss_mal_pre: 0.8047 (0.8616)  loss_bbox_pre: 0.9064 (1.1138)  loss_giou_pre: 1.6702 (1.7441)  loss_mal_enc_0: 0.7866 (0.8920)  loss_bbox_enc_0: 0.9518 (1.1331)  loss_giou_enc_0: 1.8064 (1.7933)  loss_mal_dn_0: 1.3779 (1.4072)  loss_bbox_dn_0: 0.9171 (1.0294)  loss_giou_dn_0: 1.2393 (1.2313)  loss_fgl_dn_0: 1.0068 (0.9965)  loss_ddf_dn_0: 0.1306 (0.1510)  loss_mal_dn_1: 1.6104 (1.6964)  loss_bbox_dn_1: 0.6970 (0.8340)  loss_giou_dn_1: 1.1373 (1.1069)  loss_fgl_dn_1: 0.9922 (0.9768)  loss_ddf_dn_1: 0.0282 (0.0288)  loss_mal_dn_2: 1.6855 (1.7903)  loss_bbox_dn_2: 0.7175 (0.8411)  loss_giou_dn_2: 1.0997 (1.0674)  loss_fgl_dn_2: 1.0027 (0.9880)  loss_ddf_dn_2: 0.0027 (0.0029)  loss_mal_dn_3: 1.6455 (1.7449)  loss_bbox_dn_3: 0.6999 (0.8399)  loss_giou_dn_3: 1.1018 (1.0632)  loss_fgl_dn_3: 1.0035 (0.9890)  loss_mal_dn_pre: 1.4141 (1.4175)  loss_bbox_dn_pre: 0.9185 (1.0236)  loss_giou_dn_pre: 1.2260 (1.2213)  time: 0.2282  data: 0.0587  max mem: 3583
Epoch: [25] Total time: 0:00:01 (0.2356 s / it)
Averaged stats: lr: 0.000000  loss: 48.0805 (48.0388)  loss_mal: 0.9224 (1.0361)  loss_bbox: 0.9019 (1.1052)  loss_giou: 1.6051 (1.6507)  loss_fgl: 0.7170 (0.7387)  loss_mal_aux_0: 0.8110 (0.8727)  loss_bbox_aux_0: 0.9195 (1.1298)  loss_giou_aux_0: 1.6403 (1.7335)  loss_fgl_aux_0: 0.6091 (0.6791)  loss_ddf_aux_0: 0.0676 (0.0749)  loss_mal_aux_1: 0.8276 (0.9783)  loss_bbox_aux_1: 0.8902 (1.1003)  loss_giou_aux_1: 1.6314 (1.6854)  loss_fgl_aux_1: 0.6789 (0.7152)  loss_ddf_aux_1: 0.0118 (0.0134)  loss_mal_aux_2: 0.8848 (1.0441)  loss_bbox_aux_2: 0.9001 (1.1028)  loss_giou_aux_2: 1.6034 (1.6546)  loss_fgl_aux_2: 0.7206 (0.7373)  loss_ddf_aux_2: 0.0012 (0.0013)  loss_mal_pre: 0.8047 (0.8616)  loss_bbox_pre: 0.9064 (1.1138)  loss_giou_pre: 1.6702 (1.7441)  loss_mal_enc_0: 0.7866 (0.8920)  loss_bbox_enc_0: 0.9518 (1.1331)  loss_giou_enc_0: 1.8064 (1.7933)  loss_mal_dn_0: 1.3779 (1.4072)  loss_bbox_dn_0: 0.9171 (1.0294)  loss_giou_dn_0: 1.2393 (1.2313)  loss_fgl_dn_0: 1.0068 (0.9965)  loss_ddf_dn_0: 0.1306 (0.1510)  loss_mal_dn_1: 1.6104 (1.6964)  loss_bbox_dn_1: 0.6970 (0.8340)  loss_giou_dn_1: 1.1373 (1.1069)  loss_fgl_dn_1: 0.9922 (0.9768)  loss_ddf_dn_1: 0.0282 (0.0288)  loss_mal_dn_2: 1.6855 (1.7903)  loss_bbox_dn_2: 0.7175 (0.8411)  loss_giou_dn_2: 1.0997 (1.0674)  loss_fgl_dn_2: 1.0027 (0.9880)  loss_ddf_dn_2: 0.0027 (0.0029)  loss_mal_dn_3: 1.6455 (1.7449)  loss_bbox_dn_3: 0.6999 (0.8399)  loss_giou_dn_3: 1.1018 (1.0632)  loss_fgl_dn_3: 1.0035 (0.9890)  loss_mal_dn_pre: 1.4141 (1.4175)  loss_bbox_dn_pre: 0.9185 (1.0236)  loss_giou_dn_pre: 1.2260 (1.2213)
Test:  [0/4]  eta: 0:00:01    time: 0.3589  data: 0.3201  max mem: 3583
Test:  [3/4]  eta: 0:00:00    time: 0.1148  data: 0.0820  max mem: 3583
Test: Total time: 0:00:00 (0.1340 s / it)
Averaged stats: 
Accumulating evaluation results...
COCOeval_opt.accumulate() finished...
DONE (t=0.00s).
IoU metric: bbox
 Average Precision  (AP) @[ IoU=0.50:0.95 | area=   all | maxDets=100 ] = 0.000
 Average Precision  (AP) @[ IoU=0.50      | area=   all | maxDets=100 ] = 0.000
 Average Precision  (AP) @[ IoU=0.75      | area=   all | maxDets=100 ] = 0.000
 Average Precision  (AP) @[ IoU=0.50:0.95 | area= small | maxDets=100 ] = -1.000
 Average Precision  (AP) @[ IoU=0.50:0.95 | area=medium | maxDets=100 ] = -1.000
 Average Precision  (AP) @[ IoU=0.50:0.95 | area= large | maxDets=100 ] = 0.005
 Average Recall     (AR) @[ IoU=0.50:0.95 | area=   all | maxDets=  1 ] = 0.000
 Average Recall     (AR) @[ IoU=0.50:0.95 | area=   all | maxDets= 10 ] = 0.000
 Average Recall     (AR) @[ IoU=0.50:0.95 | area=   all | maxDets=100 ] = 0.083
 Average Recall     (AR) @[ IoU=0.50:0.95 | area= small | maxDets=100 ] = -1.000
 Average Recall     (AR) @[ IoU=0.50:0.95 | area=medium | maxDets=100 ] = -1.000
 Average Recall     (AR) @[ IoU=0.50:0.95 | area= large | maxDets=100 ] = 0.083
 Average Recall     (AR) @[ IoU=0.50      | area=   all | maxDets=100 ] = 0.100
 Average Recall     (AR) @[ IoU=0.75      | area=   all | maxDets=100 ] = 0.100
best_stat: {'epoch': 0, 'coco_eval_bbox': 0.004558175091756313}
Epoch: [26]  [0/8]  eta: 0:00:06  lr: 0.000000  loss: 46.3638 (46.3638)  loss_mal: 1.0693 (1.0693)  loss_bbox: 0.9309 (0.9309)  loss_giou: 1.5721 (1.5721)  loss_fgl: 0.7850 (0.7850)  loss_mal_aux_0: 0.8237 (0.8237)  loss_bbox_aux_0: 0.9715 (0.9715)  loss_giou_aux_0: 1.6882 (1.6882)  loss_fgl_aux_0: 0.7358 (0.7358)  loss_ddf_aux_0: 0.0880 (0.0880)  loss_mal_aux_1: 0.9927 (0.9927)  loss_bbox_aux_1: 0.9348 (0.9348)  loss_giou_aux_1: 1.6141 (1.6141)  loss_fgl_aux_1: 0.7730 (0.7730)  loss_ddf_aux_1: 0.0107 (0.0107)  loss_mal_aux_2: 1.0791 (1.0791)  loss_bbox_aux_2: 0.9284 (0.9284)  loss_giou_aux_2: 1.5743 (1.5743)  loss_fgl_aux_2: 0.7816 (0.7816)  loss_ddf_aux_2: 0.0012 (0.0012)  loss_mal_pre: 0.8364 (0.8364)  loss_bbox_pre: 0.9760 (0.9760)  loss_giou_pre: 1.6769 (1.6769)  loss_mal_enc_0: 0.8271 (0.8271)  loss_bbox_enc_0: 0.9844 (0.9844)  loss_giou_enc_0: 1.7197 (1.7197)  loss_mal_dn_0: 1.2480 (1.2480)  loss_bbox_dn_0: 1.0276 (1.0276)  loss_giou_dn_0: 1.3327 (1.3327)  loss_fgl_dn_0: 0.9517 (0.9517)  loss_ddf_dn_0: 0.1876 (0.1876)  loss_mal_dn_1: 1.5146 (1.5146)  loss_bbox_dn_1: 0.8670 (0.8670)  loss_giou_dn_1: 1.2043 (1.2043)  loss_fgl_dn_1: 0.9595 (0.9595)  loss_ddf_dn_1: 0.0289 (0.0289)  loss_mal_dn_2: 1.6230 (1.6230)  loss_bbox_dn_2: 0.8198 (0.8198)  loss_giou_dn_2: 1.1513 (1.1513)  loss_fgl_dn_2: 0.9746 (0.9746)  loss_ddf_dn_2: 0.0026 (0.0026)  loss_mal_dn_3: 1.5996 (1.5996)  loss_bbox_dn_3: 0.8090 (0.8090)  loss_giou_dn_3: 1.1449 (1.1449)  loss_fgl_dn_3: 0.9769 (0.9769)  loss_mal_dn_pre: 1.2676 (1.2676)  loss_bbox_dn_pre: 0.9735 (0.9735)  loss_giou_dn_pre: 1.3239 (1.3239)  time: 0.7664  data: 0.5738  max mem: 3583
Epoch: [26]  [7/8]  eta: 0:00:00  lr: 0.000000  loss: 46.6953 (49.6032)  loss_mal: 1.1201 (1.3362)  loss_bbox: 0.9309 (1.1558)  loss_giou: 1.4878 (1.4994)  loss_fgl: 0.7052 (0.7161)  loss_mal_aux_0: 1.0342 (1.1557)  loss_bbox_aux_0: 0.9715 (1.2365)  loss_giou_aux_0: 1.5258 (1.5850)  loss_fgl_aux_0: 0.6900 (0.6788)  loss_ddf_aux_0: 0.0825 (0.0730)  loss_mal_aux_1: 1.1328 (1.2571)  loss_bbox_aux_1: 0.9348 (1.1741)  loss_giou_aux_1: 1.4942 (1.5276)  loss_fgl_aux_1: 0.6926 (0.7065)  loss_ddf_aux_1: 0.0107 (0.0123)  loss_mal_aux_2: 1.1738 (1.3704)  loss_bbox_aux_2: 0.9284 (1.1567)  loss_giou_aux_2: 1.4862 (1.4992)  loss_fgl_aux_2: 0.7151 (0.7179)  loss_ddf_aux_2: 0.0009 (0.0011)  loss_mal_pre: 0.9771 (1.1399)  loss_bbox_pre: 0.9760 (1.2576)  loss_giou_pre: 1.5432 (1.5856)  loss_mal_enc_0: 1.1064 (1.1835)  loss_bbox_enc_0: 0.9844 (1.2820)  loss_giou_enc_0: 1.6453 (1.6324)  loss_mal_dn_0: 1.3564 (1.4509)  loss_bbox_dn_0: 0.9376 (1.0179)  loss_giou_dn_0: 1.2264 (1.2222)  loss_fgl_dn_0: 1.0024 (1.0262)  loss_ddf_dn_0: 0.1876 (0.2021)  loss_mal_dn_1: 1.5146 (1.7045)  loss_bbox_dn_1: 0.8364 (0.8597)  loss_giou_dn_1: 1.0862 (1.0994)  loss_fgl_dn_1: 0.9830 (0.9988)  loss_ddf_dn_1: 0.0293 (0.0350)  loss_mal_dn_2: 1.6494 (1.8157)  loss_bbox_dn_2: 0.8198 (0.8303)  loss_giou_dn_2: 1.0692 (1.0484)  loss_fgl_dn_2: 0.9805 (1.0093)  loss_ddf_dn_2: 0.0025 (0.0025)  loss_mal_dn_3: 1.6357 (1.7814)  loss_bbox_dn_3: 0.8215 (0.8240)  loss_giou_dn_3: 1.0671 (1.0418)  loss_fgl_dn_3: 0.9838 (1.0111)  loss_mal_dn_pre: 1.3877 (1.4714)  loss_bbox_dn_pre: 0.9552 (1.0040)  loss_giou_dn_pre: 1.1958 (1.2063)  time: 0.2121  data: 0.0761  max mem: 3583
Epoch: [26] Total time: 0:00:01 (0.2197 s / it)
Averaged stats: lr: 0.000000  loss: 46.6953 (49.6032)  loss_mal: 1.1201 (1.3362)  loss_bbox: 0.9309 (1.1558)  loss_giou: 1.4878 (1.4994)  loss_fgl: 0.7052 (0.7161)  loss_mal_aux_0: 1.0342 (1.1557)  loss_bbox_aux_0: 0.9715 (1.2365)  loss_giou_aux_0: 1.5258 (1.5850)  loss_fgl_aux_0: 0.6900 (0.6788)  loss_ddf_aux_0: 0.0825 (0.0730)  loss_mal_aux_1: 1.1328 (1.2571)  loss_bbox_aux_1: 0.9348 (1.1741)  loss_giou_aux_1: 1.4942 (1.5276)  loss_fgl_aux_1: 0.6926 (0.7065)  loss_ddf_aux_1: 0.0107 (0.0123)  loss_mal_aux_2: 1.1738 (1.3704)  loss_bbox_aux_2: 0.9284 (1.1567)  loss_giou_aux_2: 1.4862 (1.4992)  loss_fgl_aux_2: 0.7151 (0.7179)  loss_ddf_aux_2: 0.0009 (0.0011)  loss_mal_pre: 0.9771 (1.1399)  loss_bbox_pre: 0.9760 (1.2576)  loss_giou_pre: 1.5432 (1.5856)  loss_mal_enc_0: 1.1064 (1.1835)  loss_bbox_enc_0: 0.9844 (1.2820)  loss_giou_enc_0: 1.6453 (1.6324)  loss_mal_dn_0: 1.3564 (1.4509)  loss_bbox_dn_0: 0.9376 (1.0179)  loss_giou_dn_0: 1.2264 (1.2222)  loss_fgl_dn_0: 1.0024 (1.0262)  loss_ddf_dn_0: 0.1876 (0.2021)  loss_mal_dn_1: 1.5146 (1.7045)  loss_bbox_dn_1: 0.8364 (0.8597)  loss_giou_dn_1: 1.0862 (1.0994)  loss_fgl_dn_1: 0.9830 (0.9988)  loss_ddf_dn_1: 0.0293 (0.0350)  loss_mal_dn_2: 1.6494 (1.8157)  loss_bbox_dn_2: 0.8198 (0.8303)  loss_giou_dn_2: 1.0692 (1.0484)  loss_fgl_dn_2: 0.9805 (1.0093)  loss_ddf_dn_2: 0.0025 (0.0025)  loss_mal_dn_3: 1.6357 (1.7814)  loss_bbox_dn_3: 0.8215 (0.8240)  loss_giou_dn_3: 1.0671 (1.0418)  loss_fgl_dn_3: 0.9838 (1.0111)  loss_mal_dn_pre: 1.3877 (1.4714)  loss_bbox_dn_pre: 0.9552 (1.0040)  loss_giou_dn_pre: 1.1958 (1.2063)
Test:  [0/4]  eta: 0:00:01    time: 0.3979  data: 0.3569  max mem: 3583
Test:  [3/4]  eta: 0:00:00    time: 0.1270  data: 0.0911  max mem: 3583
Test: Total time: 0:00:00 (0.1471 s / it)
Averaged stats: 
Accumulating evaluation results...
COCOeval_opt.accumulate() finished...
DONE (t=0.00s).
IoU metric: bbox
 Average Precision  (AP) @[ IoU=0.50:0.95 | area=   all | maxDets=100 ] = 0.000
 Average Precision  (AP) @[ IoU=0.50      | area=   all | maxDets=100 ] = 0.000
 Average Precision  (AP) @[ IoU=0.75      | area=   all | maxDets=100 ] = 0.000
 Average Precision  (AP) @[ IoU=0.50:0.95 | area= small | maxDets=100 ] = -1.000
 Average Precision  (AP) @[ IoU=0.50:0.95 | area=medium | maxDets=100 ] = -1.000
 Average Precision  (AP) @[ IoU=0.50:0.95 | area= large | maxDets=100 ] = 0.000
 Average Recall     (AR) @[ IoU=0.50:0.95 | area=   all | maxDets=  1 ] = 0.000
 Average Recall     (AR) @[ IoU=0.50:0.95 | area=   all | maxDets= 10 ] = 0.000
 Average Recall     (AR) @[ IoU=0.50:0.95 | area=   all | maxDets=100 ] = 0.000
 Average Recall     (AR) @[ IoU=0.50:0.95 | area= small | maxDets=100 ] = -1.000
 Average Recall     (AR) @[ IoU=0.50:0.95 | area=medium | maxDets=100 ] = -1.000
 Average Recall     (AR) @[ IoU=0.50:0.95 | area= large | maxDets=100 ] = 0.000
 Average Recall     (AR) @[ IoU=0.50      | area=   all | maxDets=100 ] = 0.000
 Average Recall     (AR) @[ IoU=0.75      | area=   all | maxDets=100 ] = 0.000
best_stat: {'epoch': 0, 'coco_eval_bbox': 0.004558175091756313}
Epoch: [27]  [0/8]  eta: 0:00:08  lr: 0.000000  loss: 48.9361 (48.9361)  loss_mal: 1.4639 (1.4639)  loss_bbox: 1.0602 (1.0602)  loss_giou: 1.4463 (1.4463)  loss_fgl: 0.7744 (0.7744)  loss_mal_aux_0: 1.3057 (1.3057)  loss_bbox_aux_0: 1.1162 (1.1162)  loss_giou_aux_0: 1.4754 (1.4754)  loss_fgl_aux_0: 0.7277 (0.7277)  loss_ddf_aux_0: 0.0599 (0.0599)  loss_mal_aux_1: 1.3623 (1.3623)  loss_bbox_aux_1: 1.0871 (1.0871)  loss_giou_aux_1: 1.4689 (1.4689)  loss_fgl_aux_1: 0.7504 (0.7504)  loss_ddf_aux_1: 0.0122 (0.0122)  loss_mal_aux_2: 1.4521 (1.4521)  loss_bbox_aux_2: 1.0701 (1.0701)  loss_giou_aux_2: 1.4509 (1.4509)  loss_fgl_aux_2: 0.7710 (0.7710)  loss_ddf_aux_2: 0.0015 (0.0015)  loss_mal_pre: 1.1582 (1.1582)  loss_bbox_pre: 1.0937 (1.0937)  loss_giou_pre: 1.5455 (1.5455)  loss_mal_enc_0: 1.3037 (1.3037)  loss_bbox_enc_0: 1.1530 (1.1530)  loss_giou_enc_0: 1.6028 (1.6028)  loss_mal_dn_0: 1.3906 (1.3906)  loss_bbox_dn_0: 0.9813 (0.9813)  loss_giou_dn_0: 1.2674 (1.2674)  loss_fgl_dn_0: 1.0000 (1.0000)  loss_ddf_dn_0: 0.1835 (0.1835)  loss_mal_dn_1: 1.6309 (1.6309)  loss_bbox_dn_1: 0.7791 (0.7791)  loss_giou_dn_1: 1.1495 (1.1495)  loss_fgl_dn_1: 0.9986 (0.9986)  loss_ddf_dn_1: 0.0280 (0.0280)  loss_mal_dn_2: 1.7021 (1.7021)  loss_bbox_dn_2: 0.7943 (0.7943)  loss_giou_dn_2: 1.1168 (1.1168)  loss_fgl_dn_2: 1.0104 (1.0104)  loss_ddf_dn_2: 0.0027 (0.0027)  loss_mal_dn_3: 1.6689 (1.6689)  loss_bbox_dn_3: 0.7775 (0.7775)  loss_giou_dn_3: 1.1142 (1.1142)  loss_fgl_dn_3: 1.0115 (1.0115)  loss_mal_dn_pre: 1.4111 (1.4111)  loss_bbox_dn_pre: 0.9692 (0.9692)  loss_giou_dn_pre: 1.2353 (1.2353)  time: 1.1199  data: 0.9636  max mem: 3583
Epoch: [27]  [7/8]  eta: 0:00:00  lr: 0.000000  loss: 48.4215 (48.5934)  loss_mal: 1.4639 (1.4121)  loss_bbox: 1.0468 (1.0275)  loss_giou: 1.4191 (1.4473)  loss_fgl: 0.7051 (0.7292)  loss_mal_aux_0: 1.3057 (1.2025)  loss_bbox_aux_0: 1.0768 (1.0769)  loss_giou_aux_0: 1.4754 (1.5323)  loss_fgl_aux_0: 0.6562 (0.7063)  loss_ddf_aux_0: 0.0600 (0.0693)  loss_mal_aux_1: 1.3623 (1.3390)  loss_bbox_aux_1: 1.0590 (1.0412)  loss_giou_aux_1: 1.4480 (1.4729)  loss_fgl_aux_1: 0.6867 (0.7172)  loss_ddf_aux_1: 0.0122 (0.0126)  loss_mal_aux_2: 1.4521 (1.4344)  loss_bbox_aux_2: 1.0450 (1.0302)  loss_giou_aux_2: 1.4206 (1.4495)  loss_fgl_aux_2: 0.7064 (0.7277)  loss_ddf_aux_2: 0.0011 (0.0012)  loss_mal_pre: 1.1582 (1.1861)  loss_bbox_pre: 1.0937 (1.0799)  loss_giou_pre: 1.5090 (1.5514)  loss_mal_enc_0: 1.2236 (1.2075)  loss_bbox_enc_0: 1.1359 (1.0955)  loss_giou_enc_0: 1.6028 (1.6217)  loss_mal_dn_0: 1.4248 (1.5089)  loss_bbox_dn_0: 0.8301 (0.9267)  loss_giou_dn_0: 1.1892 (1.1866)  loss_fgl_dn_0: 1.0282 (1.0221)  loss_ddf_dn_0: 0.1835 (0.1815)  loss_mal_dn_1: 1.6963 (1.7963)  loss_bbox_dn_1: 0.7138 (0.7560)  loss_giou_dn_1: 1.0650 (1.0654)  loss_fgl_dn_1: 0.9960 (0.9912)  loss_ddf_dn_1: 0.0422 (0.0425)  loss_mal_dn_2: 1.7520 (1.9193)  loss_bbox_dn_2: 0.7079 (0.7548)  loss_giou_dn_2: 1.0190 (1.0145)  loss_fgl_dn_2: 1.0084 (0.9974)  loss_ddf_dn_2: 0.0027 (0.0030)  loss_mal_dn_3: 1.6758 (1.8735)  loss_bbox_dn_3: 0.7056 (0.7618)  loss_giou_dn_3: 1.0090 (1.0107)  loss_fgl_dn_3: 1.0115 (0.9990)  loss_mal_dn_pre: 1.4248 (1.5193)  loss_bbox_dn_pre: 0.7974 (0.9154)  loss_giou_dn_pre: 1.1829 (1.1761)  time: 0.2584  data: 0.1210  max mem: 3583
Epoch: [27] Total time: 0:00:02 (0.2666 s / it)
Averaged stats: lr: 0.000000  loss: 48.4215 (48.5934)  loss_mal: 1.4639 (1.4121)  loss_bbox: 1.0468 (1.0275)  loss_giou: 1.4191 (1.4473)  loss_fgl: 0.7051 (0.7292)  loss_mal_aux_0: 1.3057 (1.2025)  loss_bbox_aux_0: 1.0768 (1.0769)  loss_giou_aux_0: 1.4754 (1.5323)  loss_fgl_aux_0: 0.6562 (0.7063)  loss_ddf_aux_0: 0.0600 (0.0693)  loss_mal_aux_1: 1.3623 (1.3390)  loss_bbox_aux_1: 1.0590 (1.0412)  loss_giou_aux_1: 1.4480 (1.4729)  loss_fgl_aux_1: 0.6867 (0.7172)  loss_ddf_aux_1: 0.0122 (0.0126)  loss_mal_aux_2: 1.4521 (1.4344)  loss_bbox_aux_2: 1.0450 (1.0302)  loss_giou_aux_2: 1.4206 (1.4495)  loss_fgl_aux_2: 0.7064 (0.7277)  loss_ddf_aux_2: 0.0011 (0.0012)  loss_mal_pre: 1.1582 (1.1861)  loss_bbox_pre: 1.0937 (1.0799)  loss_giou_pre: 1.5090 (1.5514)  loss_mal_enc_0: 1.2236 (1.2075)  loss_bbox_enc_0: 1.1359 (1.0955)  loss_giou_enc_0: 1.6028 (1.6217)  loss_mal_dn_0: 1.4248 (1.5089)  loss_bbox_dn_0: 0.8301 (0.9267)  loss_giou_dn_0: 1.1892 (1.1866)  loss_fgl_dn_0: 1.0282 (1.0221)  loss_ddf_dn_0: 0.1835 (0.1815)  loss_mal_dn_1: 1.6963 (1.7963)  loss_bbox_dn_1: 0.7138 (0.7560)  loss_giou_dn_1: 1.0650 (1.0654)  loss_fgl_dn_1: 0.9960 (0.9912)  loss_ddf_dn_1: 0.0422 (0.0425)  loss_mal_dn_2: 1.7520 (1.9193)  loss_bbox_dn_2: 0.7079 (0.7548)  loss_giou_dn_2: 1.0190 (1.0145)  loss_fgl_dn_2: 1.0084 (0.9974)  loss_ddf_dn_2: 0.0027 (0.0030)  loss_mal_dn_3: 1.6758 (1.8735)  loss_bbox_dn_3: 0.7056 (0.7618)  loss_giou_dn_3: 1.0090 (1.0107)  loss_fgl_dn_3: 1.0115 (0.9990)  loss_mal_dn_pre: 1.4248 (1.5193)  loss_bbox_dn_pre: 0.7974 (0.9154)  loss_giou_dn_pre: 1.1829 (1.1761)
Test:  [0/4]  eta: 0:00:01    time: 0.3759  data: 0.3390  max mem: 3583
Test:  [3/4]  eta: 0:00:00    time: 0.1178  data: 0.0868  max mem: 3583
Test: Total time: 0:00:00 (0.1314 s / it)
Averaged stats: 
Accumulating evaluation results...
COCOeval_opt.accumulate() finished...
DONE (t=0.00s).
IoU metric: bbox
 Average Precision  (AP) @[ IoU=0.50:0.95 | area=   all | maxDets=100 ] = 0.001
 Average Precision  (AP) @[ IoU=0.50      | area=   all | maxDets=100 ] = 0.001
 Average Precision  (AP) @[ IoU=0.75      | area=   all | maxDets=100 ] = 0.001
 Average Precision  (AP) @[ IoU=0.50:0.95 | area= small | maxDets=100 ] = -1.000
 Average Precision  (AP) @[ IoU=0.50:0.95 | area=medium | maxDets=100 ] = -1.000
 Average Precision  (AP) @[ IoU=0.50:0.95 | area= large | maxDets=100 ] = 0.008
 Average Recall     (AR) @[ IoU=0.50:0.95 | area=   all | maxDets=  1 ] = 0.000
 Average Recall     (AR) @[ IoU=0.50:0.95 | area=   all | maxDets= 10 ] = 0.030
 Average Recall     (AR) @[ IoU=0.50:0.95 | area=   all | maxDets=100 ] = 0.110
 Average Recall     (AR) @[ IoU=0.50:0.95 | area= small | maxDets=100 ] = -1.000
 Average Recall     (AR) @[ IoU=0.50:0.95 | area=medium | maxDets=100 ] = -1.000
 Average Recall     (AR) @[ IoU=0.50:0.95 | area= large | maxDets=100 ] = 0.110
 Average Recall     (AR) @[ IoU=0.50      | area=   all | maxDets=100 ] = 0.167
 Average Recall     (AR) @[ IoU=0.75      | area=   all | maxDets=100 ] = 0.133
best_stat: {'epoch': 0, 'coco_eval_bbox': 0.004558175091756313}
Epoch: [28]  [0/8]  eta: 0:00:06  lr: 0.000000  loss: 46.7824 (46.7824)  loss_mal: 1.7432 (1.7432)  loss_bbox: 0.5909 (0.5909)  loss_giou: 1.2005 (1.2005)  loss_fgl: 0.7838 (0.7838)  loss_mal_aux_0: 1.4355 (1.4355)  loss_bbox_aux_0: 0.6347 (0.6347)  loss_giou_aux_0: 1.3321 (1.3321)  loss_fgl_aux_0: 0.7901 (0.7901)  loss_ddf_aux_0: 0.0935 (0.0935)  loss_mal_aux_1: 1.6182 (1.6182)  loss_bbox_aux_1: 0.6068 (0.6068)  loss_giou_aux_1: 1.2578 (1.2578)  loss_fgl_aux_1: 0.7781 (0.7781)  loss_ddf_aux_1: 0.0231 (0.0231)  loss_mal_aux_2: 1.7744 (1.7744)  loss_bbox_aux_2: 0.5903 (0.5903)  loss_giou_aux_2: 1.1955 (1.1955)  loss_fgl_aux_2: 0.7878 (0.7878)  loss_ddf_aux_2: 0.0028 (0.0028)  loss_mal_pre: 1.4639 (1.4639)  loss_bbox_pre: 0.6377 (0.6377)  loss_giou_pre: 1.3264 (1.3264)  loss_mal_enc_0: 1.1963 (1.1963)  loss_bbox_enc_0: 0.7690 (0.7690)  loss_giou_enc_0: 1.5428 (1.5428)  loss_mal_dn_0: 1.7998 (1.7998)  loss_bbox_dn_0: 0.6959 (0.6959)  loss_giou_dn_0: 1.0469 (1.0469)  loss_fgl_dn_0: 1.1021 (1.1021)  loss_ddf_dn_0: 0.2570 (0.2570)  loss_mal_dn_1: 2.1836 (2.1836)  loss_bbox_dn_1: 0.5487 (0.5487)  loss_giou_dn_1: 0.8918 (0.8918)  loss_fgl_dn_1: 1.0598 (1.0598)  loss_ddf_dn_1: 0.0432 (0.0432)  loss_mal_dn_2: 2.3281 (2.3281)  loss_bbox_dn_2: 0.5306 (0.5306)  loss_giou_dn_2: 0.8371 (0.8371)  loss_fgl_dn_2: 1.0557 (1.0557)  loss_ddf_dn_2: 0.0035 (0.0035)  loss_mal_dn_3: 2.2734 (2.2734)  loss_bbox_dn_3: 0.5349 (0.5349)  loss_giou_dn_3: 0.8353 (0.8353)  loss_fgl_dn_3: 1.0547 (1.0547)  loss_mal_dn_pre: 1.8096 (1.8096)  loss_bbox_dn_pre: 0.6724 (0.6724)  loss_giou_dn_pre: 1.0430 (1.0430)  time: 0.8583  data: 0.6790  max mem: 3583
Epoch: [28]  [7/8]  eta: 0:00:00  lr: 0.000000  loss: 46.7979 (48.2872)  loss_mal: 1.3584 (1.4073)  loss_bbox: 0.9141 (0.9059)  loss_giou: 1.4294 (1.4330)  loss_fgl: 0.7683 (0.7875)  loss_mal_aux_0: 1.1777 (1.1744)  loss_bbox_aux_0: 0.9094 (0.9634)  loss_giou_aux_0: 1.5438 (1.5310)  loss_fgl_aux_0: 0.6818 (0.7408)  loss_ddf_aux_0: 0.0694 (0.0779)  loss_mal_aux_1: 1.2725 (1.3295)  loss_bbox_aux_1: 0.8953 (0.9207)  loss_giou_aux_1: 1.4742 (1.4757)  loss_fgl_aux_1: 0.7354 (0.7705)  loss_ddf_aux_1: 0.0132 (0.0155)  loss_mal_aux_2: 1.3975 (1.4290)  loss_bbox_aux_2: 0.9059 (0.9071)  loss_giou_aux_2: 1.4294 (1.4342)  loss_fgl_aux_2: 0.7706 (0.7878)  loss_ddf_aux_2: 0.0011 (0.0013)  loss_mal_pre: 1.1270 (1.1668)  loss_bbox_pre: 0.9293 (0.9770)  loss_giou_pre: 1.5712 (1.5416)  loss_mal_enc_0: 1.0215 (1.0698)  loss_bbox_enc_0: 0.9405 (1.0271)  loss_giou_enc_0: 1.6055 (1.6381)  loss_mal_dn_0: 1.5645 (1.6296)  loss_bbox_dn_0: 0.8095 (0.8873)  loss_giou_dn_0: 1.1385 (1.1328)  loss_fgl_dn_0: 1.0670 (1.0710)  loss_ddf_dn_0: 0.1738 (0.1961)  loss_mal_dn_1: 1.8389 (1.9215)  loss_bbox_dn_1: 0.6349 (0.7447)  loss_giou_dn_1: 0.9793 (1.0029)  loss_fgl_dn_1: 1.0142 (1.0246)  loss_ddf_dn_1: 0.0299 (0.0324)  loss_mal_dn_2: 2.0078 (2.0533)  loss_bbox_dn_2: 0.6247 (0.7366)  loss_giou_dn_2: 0.9447 (0.9541)  loss_fgl_dn_2: 1.0292 (1.0315)  loss_ddf_dn_2: 0.0023 (0.0027)  loss_mal_dn_3: 1.9707 (1.9976)  loss_bbox_dn_3: 0.6191 (0.7388)  loss_giou_dn_3: 0.9378 (0.9509)  loss_fgl_dn_3: 1.0279 (1.0319)  loss_mal_dn_pre: 1.5713 (1.6343)  loss_bbox_dn_pre: 0.8141 (0.8738)  loss_giou_dn_pre: 1.1337 (1.1258)  time: 0.2415  data: 0.0872  max mem: 3583
Epoch: [28] Total time: 0:00:02 (0.2508 s / it)
Averaged stats: lr: 0.000000  loss: 46.7979 (48.2872)  loss_mal: 1.3584 (1.4073)  loss_bbox: 0.9141 (0.9059)  loss_giou: 1.4294 (1.4330)  loss_fgl: 0.7683 (0.7875)  loss_mal_aux_0: 1.1777 (1.1744)  loss_bbox_aux_0: 0.9094 (0.9634)  loss_giou_aux_0: 1.5438 (1.5310)  loss_fgl_aux_0: 0.6818 (0.7408)  loss_ddf_aux_0: 0.0694 (0.0779)  loss_mal_aux_1: 1.2725 (1.3295)  loss_bbox_aux_1: 0.8953 (0.9207)  loss_giou_aux_1: 1.4742 (1.4757)  loss_fgl_aux_1: 0.7354 (0.7705)  loss_ddf_aux_1: 0.0132 (0.0155)  loss_mal_aux_2: 1.3975 (1.4290)  loss_bbox_aux_2: 0.9059 (0.9071)  loss_giou_aux_2: 1.4294 (1.4342)  loss_fgl_aux_2: 0.7706 (0.7878)  loss_ddf_aux_2: 0.0011 (0.0013)  loss_mal_pre: 1.1270 (1.1668)  loss_bbox_pre: 0.9293 (0.9770)  loss_giou_pre: 1.5712 (1.5416)  loss_mal_enc_0: 1.0215 (1.0698)  loss_bbox_enc_0: 0.9405 (1.0271)  loss_giou_enc_0: 1.6055 (1.6381)  loss_mal_dn_0: 1.5645 (1.6296)  loss_bbox_dn_0: 0.8095 (0.8873)  loss_giou_dn_0: 1.1385 (1.1328)  loss_fgl_dn_0: 1.0670 (1.0710)  loss_ddf_dn_0: 0.1738 (0.1961)  loss_mal_dn_1: 1.8389 (1.9215)  loss_bbox_dn_1: 0.6349 (0.7447)  loss_giou_dn_1: 0.9793 (1.0029)  loss_fgl_dn_1: 1.0142 (1.0246)  loss_ddf_dn_1: 0.0299 (0.0324)  loss_mal_dn_2: 2.0078 (2.0533)  loss_bbox_dn_2: 0.6247 (0.7366)  loss_giou_dn_2: 0.9447 (0.9541)  loss_fgl_dn_2: 1.0292 (1.0315)  loss_ddf_dn_2: 0.0023 (0.0027)  loss_mal_dn_3: 1.9707 (1.9976)  loss_bbox_dn_3: 0.6191 (0.7388)  loss_giou_dn_3: 0.9378 (0.9509)  loss_fgl_dn_3: 1.0279 (1.0319)  loss_mal_dn_pre: 1.5713 (1.6343)  loss_bbox_dn_pre: 0.8141 (0.8738)  loss_giou_dn_pre: 1.1337 (1.1258)
Test:  [0/4]  eta: 0:00:02    time: 0.7211  data: 0.6782  max mem: 3583
Test:  [3/4]  eta: 0:00:00    time: 0.2090  data: 0.1716  max mem: 3583
Test: Total time: 0:00:00 (0.2284 s / it)
Averaged stats: 
Accumulating evaluation results...
COCOeval_opt.accumulate() finished...
DONE (t=0.00s).
IoU metric: bbox
 Average Precision  (AP) @[ IoU=0.50:0.95 | area=   all | maxDets=100 ] = 0.000
 Average Precision  (AP) @[ IoU=0.50      | area=   all | maxDets=100 ] = 0.000
 Average Precision  (AP) @[ IoU=0.75      | area=   all | maxDets=100 ] = 0.000
 Average Precision  (AP) @[ IoU=0.50:0.95 | area= small | maxDets=100 ] = -1.000
 Average Precision  (AP) @[ IoU=0.50:0.95 | area=medium | maxDets=100 ] = -1.000
 Average Precision  (AP) @[ IoU=0.50:0.95 | area= large | maxDets=100 ] = 0.000
 Average Recall     (AR) @[ IoU=0.50:0.95 | area=   all | maxDets=  1 ] = 0.000
 Average Recall     (AR) @[ IoU=0.50:0.95 | area=   all | maxDets= 10 ] = 0.000
 Average Recall     (AR) @[ IoU=0.50:0.95 | area=   all | maxDets=100 ] = 0.000
 Average Recall     (AR) @[ IoU=0.50:0.95 | area= small | maxDets=100 ] = -1.000
 Average Recall     (AR) @[ IoU=0.50:0.95 | area=medium | maxDets=100 ] = -1.000
 Average Recall     (AR) @[ IoU=0.50:0.95 | area= large | maxDets=100 ] = 0.000
 Average Recall     (AR) @[ IoU=0.50      | area=   all | maxDets=100 ] = 0.000
 Average Recall     (AR) @[ IoU=0.75      | area=   all | maxDets=100 ] = 0.000
best_stat: {'epoch': 0, 'coco_eval_bbox': 0.004558175091756313}
Epoch: [29]  [0/8]  eta: 0:00:07  lr: 0.000000  loss: 44.3145 (44.3145)  loss_mal: 1.0088 (1.0088)  loss_bbox: 0.8813 (0.8813)  loss_giou: 1.6489 (1.6489)  loss_fgl: 0.6466 (0.6466)  loss_mal_aux_0: 0.7437 (0.7437)  loss_bbox_aux_0: 0.9036 (0.9036)  loss_giou_aux_0: 1.7388 (1.7388)  loss_fgl_aux_0: 0.5865 (0.5865)  loss_ddf_aux_0: 0.0702 (0.0702)  loss_mal_aux_1: 0.9038 (0.9038)  loss_bbox_aux_1: 0.8753 (0.8753)  loss_giou_aux_1: 1.7021 (1.7021)  loss_fgl_aux_1: 0.6087 (0.6087)  loss_ddf_aux_1: 0.0229 (0.0229)  loss_mal_aux_2: 0.9917 (0.9917)  loss_bbox_aux_2: 0.8825 (0.8825)  loss_giou_aux_2: 1.6574 (1.6574)  loss_fgl_aux_2: 0.6410 (0.6410)  loss_ddf_aux_2: 0.0016 (0.0016)  loss_mal_pre: 0.7217 (0.7217)  loss_bbox_pre: 0.8945 (0.8945)  loss_giou_pre: 1.7602 (1.7602)  loss_mal_enc_0: 0.7451 (0.7451)  loss_bbox_enc_0: 0.9707 (0.9707)  loss_giou_enc_0: 1.8152 (1.8152)  loss_mal_dn_0: 1.2461 (1.2461)  loss_bbox_dn_0: 0.8596 (0.8596)  loss_giou_dn_0: 1.2637 (1.2637)  loss_fgl_dn_0: 0.8961 (0.8961)  loss_ddf_dn_0: 0.1624 (0.1624)  loss_mal_dn_1: 1.6660 (1.6660)  loss_bbox_dn_1: 0.6377 (0.6377)  loss_giou_dn_1: 1.1004 (1.1004)  loss_fgl_dn_1: 0.9142 (0.9142)  loss_ddf_dn_1: 0.0318 (0.0318)  loss_mal_dn_2: 1.8154 (1.8154)  loss_bbox_dn_2: 0.6054 (0.6054)  loss_giou_dn_2: 1.0388 (1.0388)  loss_fgl_dn_2: 0.9323 (0.9323)  loss_ddf_dn_2: 0.0034 (0.0034)  loss_mal_dn_3: 1.7754 (1.7754)  loss_bbox_dn_3: 0.6055 (0.6055)  loss_giou_dn_3: 1.0297 (1.0297)  loss_fgl_dn_3: 0.9403 (0.9403)  loss_mal_dn_pre: 1.2627 (1.2627)  loss_bbox_dn_pre: 0.8542 (0.8542)  loss_giou_dn_pre: 1.2508 (1.2508)  time: 0.9020  data: 0.7379  max mem: 3583
Epoch: [29]  [7/8]  eta: 0:00:00  lr: 0.000000  loss: 46.0657 (45.9603)  loss_mal: 1.5234 (1.5471)  loss_bbox: 0.6248 (0.6737)  loss_giou: 1.2336 (1.3183)  loss_fgl: 0.8442 (0.8353)  loss_mal_aux_0: 1.0977 (1.2274)  loss_bbox_aux_0: 0.6960 (0.7083)  loss_giou_aux_0: 1.4170 (1.4303)  loss_fgl_aux_0: 0.8000 (0.7799)  loss_ddf_aux_0: 0.0789 (0.1016)  loss_mal_aux_1: 1.3750 (1.4296)  loss_bbox_aux_1: 0.6292 (0.6776)  loss_giou_aux_1: 1.2968 (1.3565)  loss_fgl_aux_1: 0.8333 (0.8142)  loss_ddf_aux_1: 0.0148 (0.0169)  loss_mal_aux_2: 1.5645 (1.5653)  loss_bbox_aux_2: 0.6201 (0.6726)  loss_giou_aux_2: 1.2281 (1.3170)  loss_fgl_aux_2: 0.8423 (0.8355)  loss_ddf_aux_2: 0.0012 (0.0013)  loss_mal_pre: 1.0381 (1.1934)  loss_bbox_pre: 0.6944 (0.7149)  loss_giou_pre: 1.4221 (1.4446)  loss_mal_enc_0: 1.2930 (1.2902)  loss_bbox_enc_0: 0.7046 (0.7363)  loss_giou_enc_0: 1.5714 (1.5486)  loss_mal_dn_0: 1.5225 (1.6055)  loss_bbox_dn_0: 0.7242 (0.7399)  loss_giou_dn_0: 1.0940 (1.1226)  loss_fgl_dn_0: 0.9916 (1.0121)  loss_ddf_dn_0: 0.1773 (0.1858)  loss_mal_dn_1: 1.8330 (1.9500)  loss_bbox_dn_1: 0.5498 (0.5686)  loss_giou_dn_1: 0.9401 (0.9826)  loss_fgl_dn_1: 0.9813 (0.9858)  loss_ddf_dn_1: 0.0373 (0.0350)  loss_mal_dn_2: 2.0156 (2.0980)  loss_bbox_dn_2: 0.5349 (0.5469)  loss_giou_dn_2: 0.8979 (0.9221)  loss_fgl_dn_2: 1.0041 (0.9992)  loss_ddf_dn_2: 0.0023 (0.0026)  loss_mal_dn_3: 1.9570 (2.0400)  loss_bbox_dn_3: 0.5323 (0.5435)  loss_giou_dn_3: 0.8971 (0.9192)  loss_fgl_dn_3: 1.0082 (1.0001)  loss_mal_dn_pre: 1.5342 (1.6154)  loss_bbox_dn_pre: 0.7014 (0.7356)  loss_giou_dn_pre: 1.1045 (1.1135)  time: 0.2311  data: 0.0951  max mem: 3583
Epoch: [29] Total time: 0:00:01 (0.2390 s / it)
Averaged stats: lr: 0.000000  loss: 46.0657 (45.9603)  loss_mal: 1.5234 (1.5471)  loss_bbox: 0.6248 (0.6737)  loss_giou: 1.2336 (1.3183)  loss_fgl: 0.8442 (0.8353)  loss_mal_aux_0: 1.0977 (1.2274)  loss_bbox_aux_0: 0.6960 (0.7083)  loss_giou_aux_0: 1.4170 (1.4303)  loss_fgl_aux_0: 0.8000 (0.7799)  loss_ddf_aux_0: 0.0789 (0.1016)  loss_mal_aux_1: 1.3750 (1.4296)  loss_bbox_aux_1: 0.6292 (0.6776)  loss_giou_aux_1: 1.2968 (1.3565)  loss_fgl_aux_1: 0.8333 (0.8142)  loss_ddf_aux_1: 0.0148 (0.0169)  loss_mal_aux_2: 1.5645 (1.5653)  loss_bbox_aux_2: 0.6201 (0.6726)  loss_giou_aux_2: 1.2281 (1.3170)  loss_fgl_aux_2: 0.8423 (0.8355)  loss_ddf_aux_2: 0.0012 (0.0013)  loss_mal_pre: 1.0381 (1.1934)  loss_bbox_pre: 0.6944 (0.7149)  loss_giou_pre: 1.4221 (1.4446)  loss_mal_enc_0: 1.2930 (1.2902)  loss_bbox_enc_0: 0.7046 (0.7363)  loss_giou_enc_0: 1.5714 (1.5486)  loss_mal_dn_0: 1.5225 (1.6055)  loss_bbox_dn_0: 0.7242 (0.7399)  loss_giou_dn_0: 1.0940 (1.1226)  loss_fgl_dn_0: 0.9916 (1.0121)  loss_ddf_dn_0: 0.1773 (0.1858)  loss_mal_dn_1: 1.8330 (1.9500)  loss_bbox_dn_1: 0.5498 (0.5686)  loss_giou_dn_1: 0.9401 (0.9826)  loss_fgl_dn_1: 0.9813 (0.9858)  loss_ddf_dn_1: 0.0373 (0.0350)  loss_mal_dn_2: 2.0156 (2.0980)  loss_bbox_dn_2: 0.5349 (0.5469)  loss_giou_dn_2: 0.8979 (0.9221)  loss_fgl_dn_2: 1.0041 (0.9992)  loss_ddf_dn_2: 0.0023 (0.0026)  loss_mal_dn_3: 1.9570 (2.0400)  loss_bbox_dn_3: 0.5323 (0.5435)  loss_giou_dn_3: 0.8971 (0.9192)  loss_fgl_dn_3: 1.0082 (1.0001)  loss_mal_dn_pre: 1.5342 (1.6154)  loss_bbox_dn_pre: 0.7014 (0.7356)  loss_giou_dn_pre: 1.1045 (1.1135)
Test:  [0/4]  eta: 0:00:01    time: 0.3581  data: 0.3142  max mem: 3583
Test:  [3/4]  eta: 0:00:00    time: 0.1179  data: 0.0805  max mem: 3583
Test: Total time: 0:00:00 (0.1367 s / it)
Averaged stats: 
Accumulating evaluation results...
COCOeval_opt.accumulate() finished...
DONE (t=0.00s).
IoU metric: bbox
 Average Precision  (AP) @[ IoU=0.50:0.95 | area=   all | maxDets=100 ] = 0.002
 Average Precision  (AP) @[ IoU=0.50      | area=   all | maxDets=100 ] = 0.002
 Average Precision  (AP) @[ IoU=0.75      | area=   all | maxDets=100 ] = 0.002
 Average Precision  (AP) @[ IoU=0.50:0.95 | area= small | maxDets=100 ] = -1.000
 Average Precision  (AP) @[ IoU=0.50:0.95 | area=medium | maxDets=100 ] = -1.000
 Average Precision  (AP) @[ IoU=0.50:0.95 | area= large | maxDets=100 ] = 0.012
 Average Recall     (AR) @[ IoU=0.50:0.95 | area=   all | maxDets=  1 ] = 0.030
 Average Recall     (AR) @[ IoU=0.50:0.95 | area=   all | maxDets= 10 ] = 0.057
 Average Recall     (AR) @[ IoU=0.50:0.95 | area=   all | maxDets=100 ] = 0.130
 Average Recall     (AR) @[ IoU=0.50:0.95 | area= small | maxDets=100 ] = -1.000
 Average Recall     (AR) @[ IoU=0.50:0.95 | area=medium | maxDets=100 ] = -1.000
 Average Recall     (AR) @[ IoU=0.50:0.95 | area= large | maxDets=100 ] = 0.130
 Average Recall     (AR) @[ IoU=0.50      | area=   all | maxDets=100 ] = 0.167
 Average Recall     (AR) @[ IoU=0.75      | area=   all | maxDets=100 ] = 0.167
best_stat: {'epoch': 0, 'coco_eval_bbox': 0.004558175091756313}
Epoch: [30]  [0/8]  eta: 0:00:04  lr: 0.000000  loss: 50.9492 (50.9492)  loss_mal: 1.9854 (1.9854)  loss_bbox: 0.7356 (0.7356)  loss_giou: 1.1927 (1.1927)  loss_fgl: 0.9857 (0.9857)  loss_mal_aux_0: 1.8271 (1.8271)  loss_bbox_aux_0: 0.7649 (0.7649)  loss_giou_aux_0: 1.3198 (1.3198)  loss_fgl_aux_0: 0.9158 (0.9158)  loss_ddf_aux_0: 0.0869 (0.0869)  loss_mal_aux_1: 1.8535 (1.8535)  loss_bbox_aux_1: 0.7629 (0.7629)  loss_giou_aux_1: 1.2358 (1.2358)  loss_fgl_aux_1: 0.9781 (0.9781)  loss_ddf_aux_1: 0.0167 (0.0167)  loss_mal_aux_2: 2.0723 (2.0723)  loss_bbox_aux_2: 0.7374 (0.7374)  loss_giou_aux_2: 1.2012 (1.2012)  loss_fgl_aux_2: 0.9815 (0.9815)  loss_ddf_aux_2: 0.0011 (0.0011)  loss_mal_pre: 1.8867 (1.8867)  loss_bbox_pre: 0.7481 (0.7481)  loss_giou_pre: 1.3105 (1.3105)  loss_mal_enc_0: 1.6006 (1.6006)  loss_bbox_enc_0: 0.8428 (0.8428)  loss_giou_enc_0: 1.5057 (1.5057)  loss_mal_dn_0: 1.7158 (1.7158)  loss_bbox_dn_0: 0.9573 (0.9573)  loss_giou_dn_0: 1.0839 (1.0839)  loss_fgl_dn_0: 1.0899 (1.0899)  loss_ddf_dn_0: 0.2145 (0.2145)  loss_mal_dn_1: 2.0410 (2.0410)  loss_bbox_dn_1: 0.8306 (0.8306)  loss_giou_dn_1: 0.9349 (0.9349)  loss_fgl_dn_1: 1.0437 (1.0437)  loss_ddf_dn_1: 0.0373 (0.0373)  loss_mal_dn_2: 2.1211 (2.1211)  loss_bbox_dn_2: 0.8116 (0.8116)  loss_giou_dn_2: 0.8887 (0.8887)  loss_fgl_dn_2: 1.0548 (1.0548)  loss_ddf_dn_2: 0.0030 (0.0030)  loss_mal_dn_3: 2.0762 (2.0762)  loss_bbox_dn_3: 0.8098 (0.8098)  loss_giou_dn_3: 0.8774 (0.8774)  loss_fgl_dn_3: 1.0590 (1.0590)  loss_mal_dn_pre: 1.7070 (1.7070)  loss_bbox_dn_pre: 0.9545 (0.9545)  loss_giou_dn_pre: 1.0884 (1.0884)  time: 0.5987  data: 0.4447  max mem: 3583
Epoch: [30]  [7/8]  eta: 0:00:00  lr: 0.000000  loss: 48.0070 (47.8837)  loss_mal: 1.2920 (1.4346)  loss_bbox: 0.7711 (0.9081)  loss_giou: 1.4471 (1.4268)  loss_fgl: 0.8170 (0.8007)  loss_mal_aux_0: 1.1396 (1.2407)  loss_bbox_aux_0: 0.8480 (0.9423)  loss_giou_aux_0: 1.5474 (1.5307)  loss_fgl_aux_0: 0.7436 (0.7477)  loss_ddf_aux_0: 0.0619 (0.0756)  loss_mal_aux_1: 1.2764 (1.3739)  loss_bbox_aux_1: 0.8161 (0.9207)  loss_giou_aux_1: 1.4789 (1.4606)  loss_fgl_aux_1: 0.8000 (0.7844)  loss_ddf_aux_1: 0.0109 (0.0130)  loss_mal_aux_2: 1.3340 (1.4729)  loss_bbox_aux_2: 0.7644 (0.9094)  loss_giou_aux_2: 1.4507 (1.4279)  loss_fgl_aux_2: 0.8195 (0.7996)  loss_ddf_aux_2: 0.0009 (0.0009)  loss_mal_pre: 1.1211 (1.2094)  loss_bbox_pre: 0.8658 (0.9504)  loss_giou_pre: 1.5638 (1.5432)  loss_mal_enc_0: 1.0020 (1.1633)  loss_bbox_enc_0: 0.8770 (1.0083)  loss_giou_enc_0: 1.5789 (1.6231)  loss_mal_dn_0: 1.1934 (1.3748)  loss_bbox_dn_0: 0.9573 (0.9641)  loss_giou_dn_0: 1.2549 (1.2490)  loss_fgl_dn_0: 0.9829 (0.9831)  loss_ddf_dn_0: 0.1811 (0.1738)  loss_mal_dn_1: 1.4854 (1.6627)  loss_bbox_dn_1: 0.8223 (0.8072)  loss_giou_dn_1: 1.0880 (1.1256)  loss_fgl_dn_1: 0.9934 (0.9731)  loss_ddf_dn_1: 0.0320 (0.0298)  loss_mal_dn_2: 1.5469 (1.7804)  loss_bbox_dn_2: 0.8116 (0.7891)  loss_giou_dn_2: 1.0356 (1.0691)  loss_fgl_dn_2: 1.0061 (0.9938)  loss_ddf_dn_2: 0.0024 (0.0025)  loss_mal_dn_3: 1.5225 (1.7404)  loss_bbox_dn_3: 0.8098 (0.7793)  loss_giou_dn_3: 1.0290 (1.0595)  loss_fgl_dn_3: 1.0032 (0.9970)  loss_mal_dn_pre: 1.2764 (1.4148)  loss_bbox_dn_pre: 0.9545 (0.9270)  loss_giou_dn_pre: 1.2232 (1.2197)  time: 0.2059  data: 0.0622  max mem: 3583
Epoch: [30] Total time: 0:00:01 (0.2144 s / it)
Averaged stats: lr: 0.000000  loss: 48.0070 (47.8837)  loss_mal: 1.2920 (1.4346)  loss_bbox: 0.7711 (0.9081)  loss_giou: 1.4471 (1.4268)  loss_fgl: 0.8170 (0.8007)  loss_mal_aux_0: 1.1396 (1.2407)  loss_bbox_aux_0: 0.8480 (0.9423)  loss_giou_aux_0: 1.5474 (1.5307)  loss_fgl_aux_0: 0.7436 (0.7477)  loss_ddf_aux_0: 0.0619 (0.0756)  loss_mal_aux_1: 1.2764 (1.3739)  loss_bbox_aux_1: 0.8161 (0.9207)  loss_giou_aux_1: 1.4789 (1.4606)  loss_fgl_aux_1: 0.8000 (0.7844)  loss_ddf_aux_1: 0.0109 (0.0130)  loss_mal_aux_2: 1.3340 (1.4729)  loss_bbox_aux_2: 0.7644 (0.9094)  loss_giou_aux_2: 1.4507 (1.4279)  loss_fgl_aux_2: 0.8195 (0.7996)  loss_ddf_aux_2: 0.0009 (0.0009)  loss_mal_pre: 1.1211 (1.2094)  loss_bbox_pre: 0.8658 (0.9504)  loss_giou_pre: 1.5638 (1.5432)  loss_mal_enc_0: 1.0020 (1.1633)  loss_bbox_enc_0: 0.8770 (1.0083)  loss_giou_enc_0: 1.5789 (1.6231)  loss_mal_dn_0: 1.1934 (1.3748)  loss_bbox_dn_0: 0.9573 (0.9641)  loss_giou_dn_0: 1.2549 (1.2490)  loss_fgl_dn_0: 0.9829 (0.9831)  loss_ddf_dn_0: 0.1811 (0.1738)  loss_mal_dn_1: 1.4854 (1.6627)  loss_bbox_dn_1: 0.8223 (0.8072)  loss_giou_dn_1: 1.0880 (1.1256)  loss_fgl_dn_1: 0.9934 (0.9731)  loss_ddf_dn_1: 0.0320 (0.0298)  loss_mal_dn_2: 1.5469 (1.7804)  loss_bbox_dn_2: 0.8116 (0.7891)  loss_giou_dn_2: 1.0356 (1.0691)  loss_fgl_dn_2: 1.0061 (0.9938)  loss_ddf_dn_2: 0.0024 (0.0025)  loss_mal_dn_3: 1.5225 (1.7404)  loss_bbox_dn_3: 0.8098 (0.7793)  loss_giou_dn_3: 1.0290 (1.0595)  loss_fgl_dn_3: 1.0032 (0.9970)  loss_mal_dn_pre: 1.2764 (1.4148)  loss_bbox_dn_pre: 0.9545 (0.9270)  loss_giou_dn_pre: 1.2232 (1.2197)
Test:  [0/4]  eta: 0:00:01    time: 0.3929  data: 0.3553  max mem: 3583
Test:  [3/4]  eta: 0:00:00    time: 0.1227  data: 0.0909  max mem: 3583
Test: Total time: 0:00:00 (0.1413 s / it)
Averaged stats: 
Accumulating evaluation results...
COCOeval_opt.accumulate() finished...
DONE (t=0.00s).
IoU metric: bbox
 Average Precision  (AP) @[ IoU=0.50:0.95 | area=   all | maxDets=100 ] = 0.003
 Average Precision  (AP) @[ IoU=0.50      | area=   all | maxDets=100 ] = 0.004
 Average Precision  (AP) @[ IoU=0.75      | area=   all | maxDets=100 ] = 0.003
 Average Precision  (AP) @[ IoU=0.50:0.95 | area= small | maxDets=100 ] = -1.000
 Average Precision  (AP) @[ IoU=0.50:0.95 | area=medium | maxDets=100 ] = -1.000
 Average Precision  (AP) @[ IoU=0.50:0.95 | area= large | maxDets=100 ] = 0.013
 Average Recall     (AR) @[ IoU=0.50:0.95 | area=   all | maxDets=  1 ] = 0.000
 Average Recall     (AR) @[ IoU=0.50:0.95 | area=   all | maxDets= 10 ] = 0.083
 Average Recall     (AR) @[ IoU=0.50:0.95 | area=   all | maxDets=100 ] = 0.167
 Average Recall     (AR) @[ IoU=0.50:0.95 | area= small | maxDets=100 ] = -1.000
 Average Recall     (AR) @[ IoU=0.50:0.95 | area=medium | maxDets=100 ] = -1.000
 Average Recall     (AR) @[ IoU=0.50:0.95 | area= large | maxDets=100 ] = 0.167
 Average Recall     (AR) @[ IoU=0.50      | area=   all | maxDets=100 ] = 0.233
 Average Recall     (AR) @[ IoU=0.75      | area=   all | maxDets=100 ] = 0.167
best_stat: {'epoch': 0, 'coco_eval_bbox': 0.004558175091756313}
Epoch: [31]  [0/8]  eta: 0:00:07  lr: 0.000000  loss: 49.9767 (49.9767)  loss_mal: 0.6089 (0.6089)  loss_bbox: 1.4296 (1.4296)  loss_giou: 2.2178 (2.2178)  loss_fgl: 0.4693 (0.4693)  loss_mal_aux_0: 0.5122 (0.5122)  loss_bbox_aux_0: 1.4373 (1.4373)  loss_giou_aux_0: 2.2660 (2.2660)  loss_fgl_aux_0: 0.4422 (0.4422)  loss_ddf_aux_0: 0.0487 (0.0487)  loss_mal_aux_1: 0.6401 (0.6401)  loss_bbox_aux_1: 1.4365 (1.4365)  loss_giou_aux_1: 2.2312 (2.2312)  loss_fgl_aux_1: 0.4668 (0.4668)  loss_ddf_aux_1: 0.0099 (0.0099)  loss_mal_aux_2: 0.6250 (0.6250)  loss_bbox_aux_2: 1.4346 (1.4346)  loss_giou_aux_2: 2.2204 (2.2204)  loss_fgl_aux_2: 0.4707 (0.4707)  loss_ddf_aux_2: 0.0012 (0.0012)  loss_mal_pre: 0.5391 (0.5391)  loss_bbox_pre: 1.4515 (1.4515)  loss_giou_pre: 2.2854 (2.2854)  loss_mal_enc_0: 0.8291 (0.8291)  loss_bbox_enc_0: 1.5404 (1.5404)  loss_giou_enc_0: 2.3158 (2.3158)  loss_mal_dn_0: 1.1963 (1.1963)  loss_bbox_dn_0: 1.0709 (1.0709)  loss_giou_dn_0: 1.3408 (1.3408)  loss_fgl_dn_0: 0.9657 (0.9657)  loss_ddf_dn_0: 0.1467 (0.1467)  loss_mal_dn_1: 1.4990 (1.4990)  loss_bbox_dn_1: 0.8783 (0.8783)  loss_giou_dn_1: 1.2118 (1.2118)  loss_fgl_dn_1: 0.9600 (0.9600)  loss_ddf_dn_1: 0.0281 (0.0281)  loss_mal_dn_2: 1.5576 (1.5576)  loss_bbox_dn_2: 0.8931 (0.8931)  loss_giou_dn_2: 1.1770 (1.1770)  loss_fgl_dn_2: 0.9906 (0.9906)  loss_ddf_dn_2: 0.0027 (0.0027)  loss_mal_dn_3: 1.5244 (1.5244)  loss_bbox_dn_3: 0.8841 (0.8841)  loss_giou_dn_3: 1.1660 (1.1660)  loss_fgl_dn_3: 1.0063 (1.0063)  loss_mal_dn_pre: 1.2832 (1.2832)  loss_bbox_dn_pre: 0.9743 (0.9743)  loss_giou_dn_pre: 1.2901 (1.2901)  time: 0.9720  data: 0.7595  max mem: 3583
Epoch: [31]  [7/8]  eta: 0:00:00  lr: 0.000000  loss: 49.6674 (49.3335)  loss_mal: 1.4785 (1.6069)  loss_bbox: 0.8763 (0.9770)  loss_giou: 1.2374 (1.4241)  loss_fgl: 0.7788 (0.7503)  loss_mal_aux_0: 1.3115 (1.3485)  loss_bbox_aux_0: 1.0001 (1.0171)  loss_giou_aux_0: 1.3490 (1.5162)  loss_fgl_aux_0: 0.7202 (0.7087)  loss_ddf_aux_0: 0.0658 (0.0741)  loss_mal_aux_1: 1.4893 (1.5687)  loss_bbox_aux_1: 0.9173 (0.9872)  loss_giou_aux_1: 1.2643 (1.4479)  loss_fgl_aux_1: 0.7752 (0.7411)  loss_ddf_aux_1: 0.0115 (0.0137)  loss_mal_aux_2: 1.5127 (1.6434)  loss_bbox_aux_2: 0.8760 (0.9812)  loss_giou_aux_2: 1.2309 (1.4250)  loss_fgl_aux_2: 0.7805 (0.7500)  loss_ddf_aux_2: 0.0010 (0.0011)  loss_mal_pre: 1.2393 (1.2946)  loss_bbox_pre: 1.0223 (1.0411)  loss_giou_pre: 1.3654 (1.5394)  loss_mal_enc_0: 1.3291 (1.3207)  loss_bbox_enc_0: 1.0017 (1.0706)  loss_giou_enc_0: 1.4680 (1.6223)  loss_mal_dn_0: 1.3867 (1.4813)  loss_bbox_dn_0: 0.9695 (0.9385)  loss_giou_dn_0: 1.1916 (1.2043)  loss_fgl_dn_0: 1.0424 (1.0459)  loss_ddf_dn_0: 0.2103 (0.2101)  loss_mal_dn_1: 1.7373 (1.8210)  loss_bbox_dn_1: 0.7609 (0.7352)  loss_giou_dn_1: 1.0367 (1.0466)  loss_fgl_dn_1: 0.9960 (1.0046)  loss_ddf_dn_1: 0.0307 (0.0364)  loss_mal_dn_2: 1.9121 (1.9802)  loss_bbox_dn_2: 0.7116 (0.7104)  loss_giou_dn_2: 0.9906 (0.9815)  loss_fgl_dn_2: 1.0157 (1.0214)  loss_ddf_dn_2: 0.0027 (0.0030)  loss_mal_dn_3: 1.8604 (1.9347)  loss_bbox_dn_3: 0.7058 (0.7050)  loss_giou_dn_3: 0.9863 (0.9731)  loss_fgl_dn_3: 1.0156 (1.0254)  loss_mal_dn_pre: 1.4062 (1.5221)  loss_bbox_dn_pre: 0.9588 (0.9053)  loss_giou_dn_pre: 1.1785 (1.1764)  time: 0.2484  data: 0.0974  max mem: 3583
Epoch: [31] Total time: 0:00:02 (0.2576 s / it)
Averaged stats: lr: 0.000000  loss: 49.6674 (49.3335)  loss_mal: 1.4785 (1.6069)  loss_bbox: 0.8763 (0.9770)  loss_giou: 1.2374 (1.4241)  loss_fgl: 0.7788 (0.7503)  loss_mal_aux_0: 1.3115 (1.3485)  loss_bbox_aux_0: 1.0001 (1.0171)  loss_giou_aux_0: 1.3490 (1.5162)  loss_fgl_aux_0: 0.7202 (0.7087)  loss_ddf_aux_0: 0.0658 (0.0741)  loss_mal_aux_1: 1.4893 (1.5687)  loss_bbox_aux_1: 0.9173 (0.9872)  loss_giou_aux_1: 1.2643 (1.4479)  loss_fgl_aux_1: 0.7752 (0.7411)  loss_ddf_aux_1: 0.0115 (0.0137)  loss_mal_aux_2: 1.5127 (1.6434)  loss_bbox_aux_2: 0.8760 (0.9812)  loss_giou_aux_2: 1.2309 (1.4250)  loss_fgl_aux_2: 0.7805 (0.7500)  loss_ddf_aux_2: 0.0010 (0.0011)  loss_mal_pre: 1.2393 (1.2946)  loss_bbox_pre: 1.0223 (1.0411)  loss_giou_pre: 1.3654 (1.5394)  loss_mal_enc_0: 1.3291 (1.3207)  loss_bbox_enc_0: 1.0017 (1.0706)  loss_giou_enc_0: 1.4680 (1.6223)  loss_mal_dn_0: 1.3867 (1.4813)  loss_bbox_dn_0: 0.9695 (0.9385)  loss_giou_dn_0: 1.1916 (1.2043)  loss_fgl_dn_0: 1.0424 (1.0459)  loss_ddf_dn_0: 0.2103 (0.2101)  loss_mal_dn_1: 1.7373 (1.8210)  loss_bbox_dn_1: 0.7609 (0.7352)  loss_giou_dn_1: 1.0367 (1.0466)  loss_fgl_dn_1: 0.9960 (1.0046)  loss_ddf_dn_1: 0.0307 (0.0364)  loss_mal_dn_2: 1.9121 (1.9802)  loss_bbox_dn_2: 0.7116 (0.7104)  loss_giou_dn_2: 0.9906 (0.9815)  loss_fgl_dn_2: 1.0157 (1.0214)  loss_ddf_dn_2: 0.0027 (0.0030)  loss_mal_dn_3: 1.8604 (1.9347)  loss_bbox_dn_3: 0.7058 (0.7050)  loss_giou_dn_3: 0.9863 (0.9731)  loss_fgl_dn_3: 1.0156 (1.0254)  loss_mal_dn_pre: 1.4062 (1.5221)  loss_bbox_dn_pre: 0.9588 (0.9053)  loss_giou_dn_pre: 1.1785 (1.1764)
Test:  [0/4]  eta: 0:00:01    time: 0.4248  data: 0.3879  max mem: 3583
Test:  [3/4]  eta: 0:00:00    time: 0.1814  data: 0.0991  max mem: 3583
Test: Total time: 0:00:00 (0.2051 s / it)
Averaged stats: 
Accumulating evaluation results...
COCOeval_opt.accumulate() finished...
DONE (t=0.00s).
IoU metric: bbox
 Average Precision  (AP) @[ IoU=0.50:0.95 | area=   all | maxDets=100 ] = 0.003
 Average Precision  (AP) @[ IoU=0.50      | area=   all | maxDets=100 ] = 0.004
 Average Precision  (AP) @[ IoU=0.75      | area=   all | maxDets=100 ] = 0.004
 Average Precision  (AP) @[ IoU=0.50:0.95 | area= small | maxDets=100 ] = -1.000
 Average Precision  (AP) @[ IoU=0.50:0.95 | area=medium | maxDets=100 ] = -1.000
 Average Precision  (AP) @[ IoU=0.50:0.95 | area= large | maxDets=100 ] = 0.012
 Average Recall     (AR) @[ IoU=0.50:0.95 | area=   all | maxDets=  1 ] = 0.030
 Average Recall     (AR) @[ IoU=0.50:0.95 | area=   all | maxDets= 10 ] = 0.063
 Average Recall     (AR) @[ IoU=0.50:0.95 | area=   all | maxDets=100 ] = 0.170
 Average Recall     (AR) @[ IoU=0.50:0.95 | area= small | maxDets=100 ] = -1.000
 Average Recall     (AR) @[ IoU=0.50:0.95 | area=medium | maxDets=100 ] = -1.000
 Average Recall     (AR) @[ IoU=0.50:0.95 | area= large | maxDets=100 ] = 0.170
 Average Recall     (AR) @[ IoU=0.50      | area=   all | maxDets=100 ] = 0.267
 Average Recall     (AR) @[ IoU=0.75      | area=   all | maxDets=100 ] = 0.167
best_stat: {'epoch': 0, 'coco_eval_bbox': 0.004558175091756313}
Epoch: [32]  [0/8]  eta: 0:00:06  lr: 0.000000  loss: 52.2251 (52.2251)  loss_mal: 0.8750 (0.8750)  loss_bbox: 1.5371 (1.5371)  loss_giou: 2.5517 (2.5517)  loss_fgl: 0.3981 (0.3981)  loss_mal_aux_0: 0.7974 (0.7974)  loss_bbox_aux_0: 1.5370 (1.5370)  loss_giou_aux_0: 2.5755 (2.5755)  loss_fgl_aux_0: 0.3852 (0.3852)  loss_ddf_aux_0: 0.0350 (0.0350)  loss_mal_aux_1: 0.8940 (0.8940)  loss_bbox_aux_1: 1.5480 (1.5480)  loss_giou_aux_1: 2.5604 (2.5604)  loss_fgl_aux_1: 0.3878 (0.3878)  loss_ddf_aux_1: 0.0065 (0.0065)  loss_mal_aux_2: 0.8921 (0.8921)  loss_bbox_aux_2: 1.5411 (1.5411)  loss_giou_aux_2: 2.5518 (2.5518)  loss_fgl_aux_2: 0.3969 (0.3969)  loss_ddf_aux_2: 0.0011 (0.0011)  loss_mal_pre: 0.7710 (0.7710)  loss_bbox_pre: 1.5361 (1.5361)  loss_giou_pre: 2.5944 (2.5944)  loss_mal_enc_0: 0.8296 (0.8296)  loss_bbox_enc_0: 1.6181 (1.6181)  loss_giou_enc_0: 2.6410 (2.6410)  loss_mal_dn_0: 1.5088 (1.5088)  loss_bbox_dn_0: 0.5755 (0.5755)  loss_giou_dn_0: 1.1586 (1.1586)  loss_fgl_dn_0: 0.9965 (0.9965)  loss_ddf_dn_0: 0.1325 (0.1325)  loss_mal_dn_1: 1.9297 (1.9297)  loss_bbox_dn_1: 0.4461 (0.4461)  loss_giou_dn_1: 1.0104 (1.0104)  loss_fgl_dn_1: 0.9842 (0.9842)  loss_ddf_dn_1: 0.0205 (0.0205)  loss_mal_dn_2: 2.0488 (2.0488)  loss_bbox_dn_2: 0.4314 (0.4314)  loss_giou_dn_2: 0.9446 (0.9446)  loss_fgl_dn_2: 1.0033 (1.0033)  loss_ddf_dn_2: 0.0025 (0.0025)  loss_mal_dn_3: 1.9834 (1.9834)  loss_bbox_dn_3: 0.4195 (0.4195)  loss_giou_dn_3: 0.9426 (0.9426)  loss_fgl_dn_3: 1.0015 (1.0015)  loss_mal_dn_pre: 1.5264 (1.5264)  loss_bbox_dn_pre: 0.5526 (0.5526)  loss_giou_dn_pre: 1.1438 (1.1438)  time: 0.8143  data: 0.6554  max mem: 3583
Epoch: [32]  [7/8]  eta: 0:00:00  lr: 0.000000  loss: 50.3583 (50.8349)  loss_mal: 1.1592 (1.4153)  loss_bbox: 1.0751 (1.1836)  loss_giou: 1.3240 (1.6214)  loss_fgl: 0.7011 (0.7187)  loss_mal_aux_0: 1.1055 (1.1721)  loss_bbox_aux_0: 1.1640 (1.2328)  loss_giou_aux_0: 1.4652 (1.7215)  loss_fgl_aux_0: 0.6668 (0.6868)  loss_ddf_aux_0: 0.0832 (0.0821)  loss_mal_aux_1: 1.1592 (1.3691)  loss_bbox_aux_1: 1.0996 (1.2077)  loss_giou_aux_1: 1.3455 (1.6515)  loss_fgl_aux_1: 0.6923 (0.7072)  loss_ddf_aux_1: 0.0134 (0.0151)  loss_mal_aux_2: 1.1797 (1.4380)  loss_bbox_aux_2: 1.0803 (1.1913)  loss_giou_aux_2: 1.3235 (1.6231)  loss_fgl_aux_2: 0.7000 (0.7179)  loss_ddf_aux_2: 0.0011 (0.0013)  loss_mal_pre: 1.0107 (1.1451)  loss_bbox_pre: 1.1174 (1.2465)  loss_giou_pre: 1.4617 (1.7320)  loss_mal_enc_0: 1.0752 (1.1453)  loss_bbox_enc_0: 1.1319 (1.3400)  loss_giou_enc_0: 1.6455 (1.8172)  loss_mal_dn_0: 1.5449 (1.5612)  loss_bbox_dn_0: 0.8922 (0.9447)  loss_giou_dn_0: 1.1223 (1.1542)  loss_fgl_dn_0: 1.0336 (1.0392)  loss_ddf_dn_0: 0.1668 (0.1716)  loss_mal_dn_1: 1.9189 (1.8712)  loss_bbox_dn_1: 0.6779 (0.7830)  loss_giou_dn_1: 0.9846 (1.0180)  loss_fgl_dn_1: 1.0029 (1.0093)  loss_ddf_dn_1: 0.0316 (0.0311)  loss_mal_dn_2: 2.0234 (1.9880)  loss_bbox_dn_2: 0.6828 (0.7600)  loss_giou_dn_2: 0.9446 (0.9663)  loss_fgl_dn_2: 1.0033 (1.0186)  loss_ddf_dn_2: 0.0025 (0.0028)  loss_mal_dn_3: 1.9727 (1.9292)  loss_bbox_dn_3: 0.6778 (0.7583)  loss_giou_dn_3: 0.9397 (0.9636)  loss_fgl_dn_3: 1.0015 (1.0186)  loss_mal_dn_pre: 1.5508 (1.5680)  loss_bbox_dn_pre: 0.8645 (0.9460)  loss_giou_dn_pre: 1.1213 (1.1492)  time: 0.2333  data: 0.0999  max mem: 3583
Epoch: [32] Total time: 0:00:01 (0.2449 s / it)
Averaged stats: lr: 0.000000  loss: 50.3583 (50.8349)  loss_mal: 1.1592 (1.4153)  loss_bbox: 1.0751 (1.1836)  loss_giou: 1.3240 (1.6214)  loss_fgl: 0.7011 (0.7187)  loss_mal_aux_0: 1.1055 (1.1721)  loss_bbox_aux_0: 1.1640 (1.2328)  loss_giou_aux_0: 1.4652 (1.7215)  loss_fgl_aux_0: 0.6668 (0.6868)  loss_ddf_aux_0: 0.0832 (0.0821)  loss_mal_aux_1: 1.1592 (1.3691)  loss_bbox_aux_1: 1.0996 (1.2077)  loss_giou_aux_1: 1.3455 (1.6515)  loss_fgl_aux_1: 0.6923 (0.7072)  loss_ddf_aux_1: 0.0134 (0.0151)  loss_mal_aux_2: 1.1797 (1.4380)  loss_bbox_aux_2: 1.0803 (1.1913)  loss_giou_aux_2: 1.3235 (1.6231)  loss_fgl_aux_2: 0.7000 (0.7179)  loss_ddf_aux_2: 0.0011 (0.0013)  loss_mal_pre: 1.0107 (1.1451)  loss_bbox_pre: 1.1174 (1.2465)  loss_giou_pre: 1.4617 (1.7320)  loss_mal_enc_0: 1.0752 (1.1453)  loss_bbox_enc_0: 1.1319 (1.3400)  loss_giou_enc_0: 1.6455 (1.8172)  loss_mal_dn_0: 1.5449 (1.5612)  loss_bbox_dn_0: 0.8922 (0.9447)  loss_giou_dn_0: 1.1223 (1.1542)  loss_fgl_dn_0: 1.0336 (1.0392)  loss_ddf_dn_0: 0.1668 (0.1716)  loss_mal_dn_1: 1.9189 (1.8712)  loss_bbox_dn_1: 0.6779 (0.7830)  loss_giou_dn_1: 0.9846 (1.0180)  loss_fgl_dn_1: 1.0029 (1.0093)  loss_ddf_dn_1: 0.0316 (0.0311)  loss_mal_dn_2: 2.0234 (1.9880)  loss_bbox_dn_2: 0.6828 (0.7600)  loss_giou_dn_2: 0.9446 (0.9663)  loss_fgl_dn_2: 1.0033 (1.0186)  loss_ddf_dn_2: 0.0025 (0.0028)  loss_mal_dn_3: 1.9727 (1.9292)  loss_bbox_dn_3: 0.6778 (0.7583)  loss_giou_dn_3: 0.9397 (0.9636)  loss_fgl_dn_3: 1.0015 (1.0186)  loss_mal_dn_pre: 1.5508 (1.5680)  loss_bbox_dn_pre: 0.8645 (0.9460)  loss_giou_dn_pre: 1.1213 (1.1492)
Test:  [0/4]  eta: 0:00:01    time: 0.3634  data: 0.3135  max mem: 3583
Test:  [3/4]  eta: 0:00:00    time: 0.1198  data: 0.0805  max mem: 3583
Test: Total time: 0:00:00 (0.1333 s / it)
Averaged stats: 
Accumulating evaluation results...
COCOeval_opt.accumulate() finished...
DONE (t=0.00s).
IoU metric: bbox
 Average Precision  (AP) @[ IoU=0.50:0.95 | area=   all | maxDets=100 ] = 0.004
 Average Precision  (AP) @[ IoU=0.50      | area=   all | maxDets=100 ] = 0.004
 Average Precision  (AP) @[ IoU=0.75      | area=   all | maxDets=100 ] = 0.004
 Average Precision  (AP) @[ IoU=0.50:0.95 | area= small | maxDets=100 ] = -1.000
 Average Precision  (AP) @[ IoU=0.50:0.95 | area=medium | maxDets=100 ] = -1.000
 Average Precision  (AP) @[ IoU=0.50:0.95 | area= large | maxDets=100 ] = 0.018
 Average Recall     (AR) @[ IoU=0.50:0.95 | area=   all | maxDets=  1 ] = 0.000
 Average Recall     (AR) @[ IoU=0.50:0.95 | area=   all | maxDets= 10 ] = 0.063
 Average Recall     (AR) @[ IoU=0.50:0.95 | area=   all | maxDets=100 ] = 0.180
 Average Recall     (AR) @[ IoU=0.50:0.95 | area= small | maxDets=100 ] = -1.000
 Average Recall     (AR) @[ IoU=0.50:0.95 | area=medium | maxDets=100 ] = -1.000
 Average Recall     (AR) @[ IoU=0.50:0.95 | area= large | maxDets=100 ] = 0.180
 Average Recall     (AR) @[ IoU=0.50      | area=   all | maxDets=100 ] = 0.233
 Average Recall     (AR) @[ IoU=0.75      | area=   all | maxDets=100 ] = 0.200
best_stat: {'epoch': 0, 'coco_eval_bbox': 0.004558175091756313}
Epoch: [33]  [0/8]  eta: 0:00:07  lr: 0.000000  loss: 48.5803 (48.5803)  loss_mal: 2.4336 (2.4336)  loss_bbox: 0.5228 (0.5228)  loss_giou: 0.8912 (0.8912)  loss_fgl: 0.9346 (0.9346)  loss_mal_aux_0: 2.0469 (2.0469)  loss_bbox_aux_0: 0.6164 (0.6164)  loss_giou_aux_0: 1.0212 (1.0212)  loss_fgl_aux_0: 0.9640 (0.9640)  loss_ddf_aux_0: 0.1295 (0.1295)  loss_mal_aux_1: 2.3125 (2.3125)  loss_bbox_aux_1: 0.5090 (0.5090)  loss_giou_aux_1: 0.9187 (0.9187)  loss_fgl_aux_1: 0.9427 (0.9427)  loss_ddf_aux_1: 0.0210 (0.0210)  loss_mal_aux_2: 2.5137 (2.5137)  loss_bbox_aux_2: 0.5286 (0.5286)  loss_giou_aux_2: 0.8959 (0.8959)  loss_fgl_aux_2: 0.9367 (0.9367)  loss_ddf_aux_2: 0.0014 (0.0014)  loss_mal_pre: 2.0527 (2.0527)  loss_bbox_pre: 0.6100 (0.6100)  loss_giou_pre: 1.0216 (1.0216)  loss_mal_enc_0: 1.6768 (1.6768)  loss_bbox_enc_0: 0.5691 (0.5691)  loss_giou_enc_0: 1.1888 (1.1888)  loss_mal_dn_0: 1.6758 (1.6758)  loss_bbox_dn_0: 0.7916 (0.7916)  loss_giou_dn_0: 1.0945 (1.0945)  loss_fgl_dn_0: 1.0524 (1.0524)  loss_ddf_dn_0: 0.2649 (0.2649)  loss_mal_dn_1: 2.0234 (2.0234)  loss_bbox_dn_1: 0.6147 (0.6147)  loss_giou_dn_1: 0.9280 (0.9280)  loss_fgl_dn_1: 0.9887 (0.9887)  loss_ddf_dn_1: 0.0488 (0.0488)  loss_mal_dn_2: 2.2012 (2.2012)  loss_bbox_dn_2: 0.6147 (0.6147)  loss_giou_dn_2: 0.8724 (0.8724)  loss_fgl_dn_2: 0.9819 (0.9819)  loss_ddf_dn_2: 0.0037 (0.0037)  loss_mal_dn_3: 2.1348 (2.1348)  loss_bbox_dn_3: 0.6125 (0.6125)  loss_giou_dn_3: 0.8625 (0.8625)  loss_fgl_dn_3: 0.9869 (0.9869)  loss_mal_dn_pre: 1.6846 (1.6846)  loss_bbox_dn_pre: 0.7938 (0.7938)  loss_giou_dn_pre: 1.0892 (1.0892)  time: 0.9284  data: 0.7669  max mem: 3583
Epoch: [33]  [7/8]  eta: 0:00:00  lr: 0.000000  loss: 47.2787 (48.5046)  loss_mal: 1.7344 (1.7659)  loss_bbox: 0.7191 (0.8067)  loss_giou: 1.1479 (1.2041)  loss_fgl: 0.9179 (0.8994)  loss_mal_aux_0: 1.4023 (1.4142)  loss_bbox_aux_0: 0.7526 (0.8905)  loss_giou_aux_0: 1.2905 (1.3601)  loss_fgl_aux_0: 0.8571 (0.8606)  loss_ddf_aux_0: 0.0964 (0.1058)  loss_mal_aux_1: 1.7061 (1.6819)  loss_bbox_aux_1: 0.7337 (0.8274)  loss_giou_aux_1: 1.1756 (1.2412)  loss_fgl_aux_1: 0.8948 (0.8965)  loss_ddf_aux_1: 0.0165 (0.0194)  loss_mal_aux_2: 1.7656 (1.8107)  loss_bbox_aux_2: 0.7156 (0.8056)  loss_giou_aux_2: 1.1510 (1.2054)  loss_fgl_aux_2: 0.9127 (0.8997)  loss_ddf_aux_2: 0.0012 (0.0013)  loss_mal_pre: 1.4033 (1.3817)  loss_bbox_pre: 0.7536 (0.8892)  loss_giou_pre: 1.2929 (1.3676)  loss_mal_enc_0: 1.2930 (1.3403)  loss_bbox_enc_0: 0.7758 (0.8837)  loss_giou_enc_0: 1.4063 (1.4390)  loss_mal_dn_0: 1.5361 (1.6062)  loss_bbox_dn_0: 0.8407 (0.8757)  loss_giou_dn_0: 1.1626 (1.1320)  loss_fgl_dn_0: 1.0259 (1.0519)  loss_ddf_dn_0: 0.1848 (0.1894)  loss_mal_dn_1: 1.7607 (1.8856)  loss_bbox_dn_1: 0.7280 (0.7456)  loss_giou_dn_1: 1.0321 (1.0027)  loss_fgl_dn_1: 0.9998 (1.0058)  loss_ddf_dn_1: 0.0277 (0.0327)  loss_mal_dn_2: 1.9150 (2.0519)  loss_bbox_dn_2: 0.6581 (0.7086)  loss_giou_dn_2: 0.9396 (0.9367)  loss_fgl_dn_2: 1.0221 (1.0195)  loss_ddf_dn_2: 0.0021 (0.0024)  loss_mal_dn_3: 1.8770 (1.9983)  loss_bbox_dn_3: 0.6504 (0.7052)  loss_giou_dn_3: 0.9405 (0.9312)  loss_fgl_dn_3: 1.0221 (1.0217)  loss_mal_dn_pre: 1.5391 (1.6216)  loss_bbox_dn_pre: 0.8241 (0.8623)  loss_giou_dn_pre: 1.1475 (1.1198)  time: 0.2557  data: 0.0984  max mem: 3583
Epoch: [33] Total time: 0:00:02 (0.2633 s / it)
Averaged stats: lr: 0.000000  loss: 47.2787 (48.5046)  loss_mal: 1.7344 (1.7659)  loss_bbox: 0.7191 (0.8067)  loss_giou: 1.1479 (1.2041)  loss_fgl: 0.9179 (0.8994)  loss_mal_aux_0: 1.4023 (1.4142)  loss_bbox_aux_0: 0.7526 (0.8905)  loss_giou_aux_0: 1.2905 (1.3601)  loss_fgl_aux_0: 0.8571 (0.8606)  loss_ddf_aux_0: 0.0964 (0.1058)  loss_mal_aux_1: 1.7061 (1.6819)  loss_bbox_aux_1: 0.7337 (0.8274)  loss_giou_aux_1: 1.1756 (1.2412)  loss_fgl_aux_1: 0.8948 (0.8965)  loss_ddf_aux_1: 0.0165 (0.0194)  loss_mal_aux_2: 1.7656 (1.8107)  loss_bbox_aux_2: 0.7156 (0.8056)  loss_giou_aux_2: 1.1510 (1.2054)  loss_fgl_aux_2: 0.9127 (0.8997)  loss_ddf_aux_2: 0.0012 (0.0013)  loss_mal_pre: 1.4033 (1.3817)  loss_bbox_pre: 0.7536 (0.8892)  loss_giou_pre: 1.2929 (1.3676)  loss_mal_enc_0: 1.2930 (1.3403)  loss_bbox_enc_0: 0.7758 (0.8837)  loss_giou_enc_0: 1.4063 (1.4390)  loss_mal_dn_0: 1.5361 (1.6062)  loss_bbox_dn_0: 0.8407 (0.8757)  loss_giou_dn_0: 1.1626 (1.1320)  loss_fgl_dn_0: 1.0259 (1.0519)  loss_ddf_dn_0: 0.1848 (0.1894)  loss_mal_dn_1: 1.7607 (1.8856)  loss_bbox_dn_1: 0.7280 (0.7456)  loss_giou_dn_1: 1.0321 (1.0027)  loss_fgl_dn_1: 0.9998 (1.0058)  loss_ddf_dn_1: 0.0277 (0.0327)  loss_mal_dn_2: 1.9150 (2.0519)  loss_bbox_dn_2: 0.6581 (0.7086)  loss_giou_dn_2: 0.9396 (0.9367)  loss_fgl_dn_2: 1.0221 (1.0195)  loss_ddf_dn_2: 0.0021 (0.0024)  loss_mal_dn_3: 1.8770 (1.9983)  loss_bbox_dn_3: 0.6504 (0.7052)  loss_giou_dn_3: 0.9405 (0.9312)  loss_fgl_dn_3: 1.0221 (1.0217)  loss_mal_dn_pre: 1.5391 (1.6216)  loss_bbox_dn_pre: 0.8241 (0.8623)  loss_giou_dn_pre: 1.1475 (1.1198)
Test:  [0/4]  eta: 0:00:01    time: 0.3886  data: 0.3511  max mem: 3583
Test:  [3/4]  eta: 0:00:00    time: 0.1208  data: 0.0898  max mem: 3583
Test: Total time: 0:00:00 (0.1428 s / it)
Averaged stats: 
Accumulating evaluation results...
COCOeval_opt.accumulate() finished...
DONE (t=0.00s).
IoU metric: bbox
 Average Precision  (AP) @[ IoU=0.50:0.95 | area=   all | maxDets=100 ] = 0.002
 Average Precision  (AP) @[ IoU=0.50      | area=   all | maxDets=100 ] = 0.002
 Average Precision  (AP) @[ IoU=0.75      | area=   all | maxDets=100 ] = 0.002
 Average Precision  (AP) @[ IoU=0.50:0.95 | area= small | maxDets=100 ] = -1.000
 Average Precision  (AP) @[ IoU=0.50:0.95 | area=medium | maxDets=100 ] = -1.000
 Average Precision  (AP) @[ IoU=0.50:0.95 | area= large | maxDets=100 ] = 0.012
 Average Recall     (AR) @[ IoU=0.50:0.95 | area=   all | maxDets=  1 ] = 0.000
 Average Recall     (AR) @[ IoU=0.50:0.95 | area=   all | maxDets= 10 ] = 0.063
 Average Recall     (AR) @[ IoU=0.50:0.95 | area=   all | maxDets=100 ] = 0.150
 Average Recall     (AR) @[ IoU=0.50:0.95 | area= small | maxDets=100 ] = -1.000
 Average Recall     (AR) @[ IoU=0.50:0.95 | area=medium | maxDets=100 ] = -1.000
 Average Recall     (AR) @[ IoU=0.50:0.95 | area= large | maxDets=100 ] = 0.150
 Average Recall     (AR) @[ IoU=0.50      | area=   all | maxDets=100 ] = 0.167
 Average Recall     (AR) @[ IoU=0.75      | area=   all | maxDets=100 ] = 0.167
best_stat: {'epoch': 0, 'coco_eval_bbox': 0.004558175091756313}
Epoch: [34]  [0/8]  eta: 0:00:07  lr: 0.000000  loss: 56.6369 (56.6369)  loss_mal: 1.2998 (1.2998)  loss_bbox: 1.8130 (1.8130)  loss_giou: 1.3999 (1.3999)  loss_fgl: 1.0502 (1.0502)  loss_mal_aux_0: 0.9351 (0.9351)  loss_bbox_aux_0: 1.9948 (1.9948)  loss_giou_aux_0: 1.5445 (1.5445)  loss_fgl_aux_0: 0.9345 (0.9345)  loss_ddf_aux_0: 0.0710 (0.0710)  loss_mal_aux_1: 1.2266 (1.2266)  loss_bbox_aux_1: 1.8394 (1.8394)  loss_giou_aux_1: 1.4277 (1.4277)  loss_fgl_aux_1: 1.0645 (1.0645)  loss_ddf_aux_1: 0.0113 (0.0113)  loss_mal_aux_2: 1.2969 (1.2969)  loss_bbox_aux_2: 1.8326 (1.8326)  loss_giou_aux_2: 1.4076 (1.4076)  loss_fgl_aux_2: 1.0326 (1.0326)  loss_ddf_aux_2: 0.0011 (0.0011)  loss_mal_pre: 0.9487 (0.9487)  loss_bbox_pre: 1.9877 (1.9877)  loss_giou_pre: 1.5567 (1.5567)  loss_mal_enc_0: 0.6392 (0.6392)  loss_bbox_enc_0: 2.0389 (2.0389)  loss_giou_enc_0: 1.6505 (1.6505)  loss_mal_dn_0: 1.3496 (1.3496)  loss_bbox_dn_0: 1.6806 (1.6806)  loss_giou_dn_0: 1.2464 (1.2464)  loss_fgl_dn_0: 0.9501 (0.9501)  loss_ddf_dn_0: 0.1068 (0.1068)  loss_mal_dn_1: 1.6152 (1.6152)  loss_bbox_dn_1: 1.6221 (1.6221)  loss_giou_dn_1: 1.1388 (1.1388)  loss_fgl_dn_1: 0.9531 (0.9531)  loss_ddf_dn_1: 0.0245 (0.0245)  loss_mal_dn_2: 1.7119 (1.7119)  loss_bbox_dn_2: 1.5842 (1.5842)  loss_giou_dn_2: 1.1064 (1.1064)  loss_fgl_dn_2: 0.9616 (0.9616)  loss_ddf_dn_2: 0.0025 (0.0025)  loss_mal_dn_3: 1.6562 (1.6562)  loss_bbox_dn_3: 1.5740 (1.5740)  loss_giou_dn_3: 1.0969 (1.0969)  loss_fgl_dn_3: 0.9653 (0.9653)  loss_mal_dn_pre: 1.3652 (1.3652)  loss_bbox_dn_pre: 1.6850 (1.6850)  loss_giou_dn_pre: 1.2360 (1.2360)  time: 0.9885  data: 0.7997  max mem: 3583
Epoch: [34]  [7/8]  eta: 0:00:00  lr: 0.000000  loss: 48.1893 (49.5341)  loss_mal: 1.5264 (1.5181)  loss_bbox: 0.9019 (1.0440)  loss_giou: 1.2921 (1.3790)  loss_fgl: 0.8626 (0.8513)  loss_mal_aux_0: 1.1250 (1.2528)  loss_bbox_aux_0: 0.9278 (1.1335)  loss_giou_aux_0: 1.4756 (1.4960)  loss_fgl_aux_0: 0.7965 (0.7830)  loss_ddf_aux_0: 0.0710 (0.0772)  loss_mal_aux_1: 1.4258 (1.4669)  loss_bbox_aux_1: 0.9159 (1.0709)  loss_giou_aux_1: 1.3377 (1.4068)  loss_fgl_aux_1: 0.8541 (0.8464)  loss_ddf_aux_1: 0.0116 (0.0137)  loss_mal_aux_2: 1.5234 (1.5551)  loss_bbox_aux_2: 0.9062 (1.0542)  loss_giou_aux_2: 1.3053 (1.3823)  loss_fgl_aux_2: 0.8638 (0.8505)  loss_ddf_aux_2: 0.0011 (0.0011)  loss_mal_pre: 1.0947 (1.2126)  loss_bbox_pre: 0.9202 (1.1228)  loss_giou_pre: 1.4954 (1.5119)  loss_mal_enc_0: 0.9868 (1.1190)  loss_bbox_enc_0: 0.9389 (1.1636)  loss_giou_enc_0: 1.6394 (1.6064)  loss_mal_dn_0: 1.4355 (1.4371)  loss_bbox_dn_0: 0.8667 (0.9862)  loss_giou_dn_0: 1.2008 (1.2219)  loss_fgl_dn_0: 1.0219 (1.0223)  loss_ddf_dn_0: 0.2225 (0.2111)  loss_mal_dn_1: 1.7783 (1.7649)  loss_bbox_dn_1: 0.6823 (0.8240)  loss_giou_dn_1: 1.0712 (1.0669)  loss_fgl_dn_1: 0.9939 (1.0008)  loss_ddf_dn_1: 0.0378 (0.0395)  loss_mal_dn_2: 1.8848 (1.9105)  loss_bbox_dn_2: 0.6348 (0.7915)  loss_giou_dn_2: 1.0053 (0.9967)  loss_fgl_dn_2: 1.0092 (1.0206)  loss_ddf_dn_2: 0.0032 (0.0034)  loss_mal_dn_3: 1.8633 (1.8743)  loss_bbox_dn_3: 0.6302 (0.7831)  loss_giou_dn_3: 0.9924 (0.9866)  loss_fgl_dn_3: 1.0139 (1.0244)  loss_mal_dn_pre: 1.4453 (1.4558)  loss_bbox_dn_pre: 0.8619 (0.9851)  loss_giou_dn_pre: 1.1945 (1.2086)  time: 0.2463  data: 0.1024  max mem: 3583
Epoch: [34] Total time: 0:00:02 (0.2576 s / it)
Averaged stats: lr: 0.000000  loss: 48.1893 (49.5341)  loss_mal: 1.5264 (1.5181)  loss_bbox: 0.9019 (1.0440)  loss_giou: 1.2921 (1.3790)  loss_fgl: 0.8626 (0.8513)  loss_mal_aux_0: 1.1250 (1.2528)  loss_bbox_aux_0: 0.9278 (1.1335)  loss_giou_aux_0: 1.4756 (1.4960)  loss_fgl_aux_0: 0.7965 (0.7830)  loss_ddf_aux_0: 0.0710 (0.0772)  loss_mal_aux_1: 1.4258 (1.4669)  loss_bbox_aux_1: 0.9159 (1.0709)  loss_giou_aux_1: 1.3377 (1.4068)  loss_fgl_aux_1: 0.8541 (0.8464)  loss_ddf_aux_1: 0.0116 (0.0137)  loss_mal_aux_2: 1.5234 (1.5551)  loss_bbox_aux_2: 0.9062 (1.0542)  loss_giou_aux_2: 1.3053 (1.3823)  loss_fgl_aux_2: 0.8638 (0.8505)  loss_ddf_aux_2: 0.0011 (0.0011)  loss_mal_pre: 1.0947 (1.2126)  loss_bbox_pre: 0.9202 (1.1228)  loss_giou_pre: 1.4954 (1.5119)  loss_mal_enc_0: 0.9868 (1.1190)  loss_bbox_enc_0: 0.9389 (1.1636)  loss_giou_enc_0: 1.6394 (1.6064)  loss_mal_dn_0: 1.4355 (1.4371)  loss_bbox_dn_0: 0.8667 (0.9862)  loss_giou_dn_0: 1.2008 (1.2219)  loss_fgl_dn_0: 1.0219 (1.0223)  loss_ddf_dn_0: 0.2225 (0.2111)  loss_mal_dn_1: 1.7783 (1.7649)  loss_bbox_dn_1: 0.6823 (0.8240)  loss_giou_dn_1: 1.0712 (1.0669)  loss_fgl_dn_1: 0.9939 (1.0008)  loss_ddf_dn_1: 0.0378 (0.0395)  loss_mal_dn_2: 1.8848 (1.9105)  loss_bbox_dn_2: 0.6348 (0.7915)  loss_giou_dn_2: 1.0053 (0.9967)  loss_fgl_dn_2: 1.0092 (1.0206)  loss_ddf_dn_2: 0.0032 (0.0034)  loss_mal_dn_3: 1.8633 (1.8743)  loss_bbox_dn_3: 0.6302 (0.7831)  loss_giou_dn_3: 0.9924 (0.9866)  loss_fgl_dn_3: 1.0139 (1.0244)  loss_mal_dn_pre: 1.4453 (1.4558)  loss_bbox_dn_pre: 0.8619 (0.9851)  loss_giou_dn_pre: 1.1945 (1.2086)
Test:  [0/4]  eta: 0:00:01    time: 0.3811  data: 0.3381  max mem: 3583
Test:  [3/4]  eta: 0:00:00    time: 0.1243  data: 0.0865  max mem: 3583
Test: Total time: 0:00:00 (0.1394 s / it)
Averaged stats: 
Accumulating evaluation results...
COCOeval_opt.accumulate() finished...
DONE (t=0.00s).
IoU metric: bbox
 Average Precision  (AP) @[ IoU=0.50:0.95 | area=   all | maxDets=100 ] = 0.001
 Average Precision  (AP) @[ IoU=0.50      | area=   all | maxDets=100 ] = 0.001
 Average Precision  (AP) @[ IoU=0.75      | area=   all | maxDets=100 ] = 0.001
 Average Precision  (AP) @[ IoU=0.50:0.95 | area= small | maxDets=100 ] = -1.000
 Average Precision  (AP) @[ IoU=0.50:0.95 | area=medium | maxDets=100 ] = -1.000
 Average Precision  (AP) @[ IoU=0.50:0.95 | area= large | maxDets=100 ] = 0.010
 Average Recall     (AR) @[ IoU=0.50:0.95 | area=   all | maxDets=  1 ] = 0.000
 Average Recall     (AR) @[ IoU=0.50:0.95 | area=   all | maxDets= 10 ] = 0.033
 Average Recall     (AR) @[ IoU=0.50:0.95 | area=   all | maxDets=100 ] = 0.147
 Average Recall     (AR) @[ IoU=0.50:0.95 | area= small | maxDets=100 ] = -1.000
 Average Recall     (AR) @[ IoU=0.50:0.95 | area=medium | maxDets=100 ] = -1.000
 Average Recall     (AR) @[ IoU=0.50:0.95 | area= large | maxDets=100 ] = 0.147
 Average Recall     (AR) @[ IoU=0.50      | area=   all | maxDets=100 ] = 0.167
 Average Recall     (AR) @[ IoU=0.75      | area=   all | maxDets=100 ] = 0.167
best_stat: {'epoch': 0, 'coco_eval_bbox': 0.004558175091756313}
Epoch: [35]  [0/8]  eta: 0:00:09  lr: 0.000000  loss: 50.5410 (50.5410)  loss_mal: 1.1953 (1.1953)  loss_bbox: 1.2149 (1.2149)  loss_giou: 1.5703 (1.5703)  loss_fgl: 0.8078 (0.8078)  loss_mal_aux_0: 0.9771 (0.9771)  loss_bbox_aux_0: 1.2704 (1.2704)  loss_giou_aux_0: 1.7272 (1.7272)  loss_fgl_aux_0: 0.7219 (0.7219)  loss_ddf_aux_0: 0.1217 (0.1217)  loss_mal_aux_1: 1.1592 (1.1592)  loss_bbox_aux_1: 1.2143 (1.2143)  loss_giou_aux_1: 1.5984 (1.5984)  loss_fgl_aux_1: 0.8088 (0.8088)  loss_ddf_aux_1: 0.0265 (0.0265)  loss_mal_aux_2: 1.2451 (1.2451)  loss_bbox_aux_2: 1.1994 (1.1994)  loss_giou_aux_2: 1.5688 (1.5688)  loss_fgl_aux_2: 0.8095 (0.8095)  loss_ddf_aux_2: 0.0015 (0.0015)  loss_mal_pre: 0.9580 (0.9580)  loss_bbox_pre: 1.2920 (1.2920)  loss_giou_pre: 1.7547 (1.7547)  loss_mal_enc_0: 0.8867 (0.8867)  loss_bbox_enc_0: 1.3044 (1.3044)  loss_giou_enc_0: 1.7939 (1.7939)  loss_mal_dn_0: 1.6670 (1.6670)  loss_bbox_dn_0: 0.9236 (0.9236)  loss_giou_dn_0: 1.0992 (1.0992)  loss_fgl_dn_0: 1.1382 (1.1382)  loss_ddf_dn_0: 0.2519 (0.2519)  loss_mal_dn_1: 1.8906 (1.8906)  loss_bbox_dn_1: 0.8636 (0.8636)  loss_giou_dn_1: 1.0002 (1.0002)  loss_fgl_dn_1: 1.1068 (1.1068)  loss_ddf_dn_1: 0.0414 (0.0414)  loss_mal_dn_2: 1.9062 (1.9062)  loss_bbox_dn_2: 0.8580 (0.8580)  loss_giou_dn_2: 0.9829 (0.9829)  loss_fgl_dn_2: 1.1177 (1.1177)  loss_ddf_dn_2: 0.0039 (0.0039)  loss_mal_dn_3: 1.8271 (1.8271)  loss_bbox_dn_3: 0.8550 (0.8550)  loss_giou_dn_3: 0.9843 (0.9843)  loss_fgl_dn_3: 1.1170 (1.1170)  loss_mal_dn_pre: 1.6943 (1.6943)  loss_bbox_dn_pre: 0.9072 (0.9072)  loss_giou_dn_pre: 1.0772 (1.0772)  time: 1.1422  data: 0.7602  max mem: 3583
Epoch: [35]  [7/8]  eta: 0:00:00  lr: 0.000001  loss: 47.0980 (48.5490)  loss_mal: 1.6113 (1.5985)  loss_bbox: 0.7494 (0.8686)  loss_giou: 1.3242 (1.3460)  loss_fgl: 0.7750 (0.7994)  loss_mal_aux_0: 1.2578 (1.2663)  loss_bbox_aux_0: 0.8246 (0.9521)  loss_giou_aux_0: 1.4975 (1.4997)  loss_fgl_aux_0: 0.7219 (0.7526)  loss_ddf_aux_0: 0.1217 (0.1119)  loss_mal_aux_1: 1.4814 (1.5022)  loss_bbox_aux_1: 0.7673 (0.8921)  loss_giou_aux_1: 1.3778 (1.3855)  loss_fgl_aux_1: 0.7770 (0.7983)  loss_ddf_aux_1: 0.0216 (0.0202)  loss_mal_aux_2: 1.6475 (1.6259)  loss_bbox_aux_2: 0.7545 (0.8726)  loss_giou_aux_2: 1.3337 (1.3498)  loss_fgl_aux_2: 0.7742 (0.7990)  loss_ddf_aux_2: 0.0013 (0.0014)  loss_mal_pre: 1.1973 (1.2659)  loss_bbox_pre: 0.8487 (0.9574)  loss_giou_pre: 1.4984 (1.5140)  loss_mal_enc_0: 1.1631 (1.2700)  loss_bbox_enc_0: 0.9163 (0.9777)  loss_giou_enc_0: 1.5846 (1.5859)  loss_mal_dn_0: 1.6670 (1.7841)  loss_bbox_dn_0: 0.6370 (0.7460)  loss_giou_dn_0: 1.0651 (1.0520)  loss_fgl_dn_0: 1.0563 (1.0690)  loss_ddf_dn_0: 0.2323 (0.2090)  loss_mal_dn_1: 1.9727 (2.1479)  loss_bbox_dn_1: 0.5426 (0.5856)  loss_giou_dn_1: 0.8671 (0.8869)  loss_fgl_dn_1: 1.0278 (1.0303)  loss_ddf_dn_1: 0.0399 (0.0396)  loss_mal_dn_2: 2.1562 (2.3276)  loss_bbox_dn_2: 0.4980 (0.5490)  loss_giou_dn_2: 0.7940 (0.8180)  loss_fgl_dn_2: 1.0507 (1.0447)  loss_ddf_dn_2: 0.0032 (0.0032)  loss_mal_dn_3: 2.1211 (2.2664)  loss_bbox_dn_3: 0.4848 (0.5383)  loss_giou_dn_3: 0.7862 (0.8088)  loss_fgl_dn_3: 1.0582 (1.0490)  loss_mal_dn_pre: 1.6650 (1.7935)  loss_bbox_dn_pre: 0.6555 (0.7441)  loss_giou_dn_pre: 1.0656 (1.0430)  time: 0.2816  data: 0.0975  max mem: 3583
Epoch: [35] Total time: 0:00:02 (0.2915 s / it)
Averaged stats: lr: 0.000001  loss: 47.0980 (48.5490)  loss_mal: 1.6113 (1.5985)  loss_bbox: 0.7494 (0.8686)  loss_giou: 1.3242 (1.3460)  loss_fgl: 0.7750 (0.7994)  loss_mal_aux_0: 1.2578 (1.2663)  loss_bbox_aux_0: 0.8246 (0.9521)  loss_giou_aux_0: 1.4975 (1.4997)  loss_fgl_aux_0: 0.7219 (0.7526)  loss_ddf_aux_0: 0.1217 (0.1119)  loss_mal_aux_1: 1.4814 (1.5022)  loss_bbox_aux_1: 0.7673 (0.8921)  loss_giou_aux_1: 1.3778 (1.3855)  loss_fgl_aux_1: 0.7770 (0.7983)  loss_ddf_aux_1: 0.0216 (0.0202)  loss_mal_aux_2: 1.6475 (1.6259)  loss_bbox_aux_2: 0.7545 (0.8726)  loss_giou_aux_2: 1.3337 (1.3498)  loss_fgl_aux_2: 0.7742 (0.7990)  loss_ddf_aux_2: 0.0013 (0.0014)  loss_mal_pre: 1.1973 (1.2659)  loss_bbox_pre: 0.8487 (0.9574)  loss_giou_pre: 1.4984 (1.5140)  loss_mal_enc_0: 1.1631 (1.2700)  loss_bbox_enc_0: 0.9163 (0.9777)  loss_giou_enc_0: 1.5846 (1.5859)  loss_mal_dn_0: 1.6670 (1.7841)  loss_bbox_dn_0: 0.6370 (0.7460)  loss_giou_dn_0: 1.0651 (1.0520)  loss_fgl_dn_0: 1.0563 (1.0690)  loss_ddf_dn_0: 0.2323 (0.2090)  loss_mal_dn_1: 1.9727 (2.1479)  loss_bbox_dn_1: 0.5426 (0.5856)  loss_giou_dn_1: 0.8671 (0.8869)  loss_fgl_dn_1: 1.0278 (1.0303)  loss_ddf_dn_1: 0.0399 (0.0396)  loss_mal_dn_2: 2.1562 (2.3276)  loss_bbox_dn_2: 0.4980 (0.5490)  loss_giou_dn_2: 0.7940 (0.8180)  loss_fgl_dn_2: 1.0507 (1.0447)  loss_ddf_dn_2: 0.0032 (0.0032)  loss_mal_dn_3: 2.1211 (2.2664)  loss_bbox_dn_3: 0.4848 (0.5383)  loss_giou_dn_3: 0.7862 (0.8088)  loss_fgl_dn_3: 1.0582 (1.0490)  loss_mal_dn_pre: 1.6650 (1.7935)  loss_bbox_dn_pre: 0.6555 (0.7441)  loss_giou_dn_pre: 1.0656 (1.0430)
Test:  [0/4]  eta: 0:00:01    time: 0.3996  data: 0.3623  max mem: 3583
Test:  [3/4]  eta: 0:00:00    time: 0.1235  data: 0.0925  max mem: 3583
Test: Total time: 0:00:00 (0.1422 s / it)
Averaged stats: 
Accumulating evaluation results...
COCOeval_opt.accumulate() finished...
DONE (t=0.00s).
IoU metric: bbox
 Average Precision  (AP) @[ IoU=0.50:0.95 | area=   all | maxDets=100 ] = 0.002
 Average Precision  (AP) @[ IoU=0.50      | area=   all | maxDets=100 ] = 0.003
 Average Precision  (AP) @[ IoU=0.75      | area=   all | maxDets=100 ] = 0.003
 Average Precision  (AP) @[ IoU=0.50:0.95 | area= small | maxDets=100 ] = -1.000
 Average Precision  (AP) @[ IoU=0.50:0.95 | area=medium | maxDets=100 ] = -1.000
 Average Precision  (AP) @[ IoU=0.50:0.95 | area= large | maxDets=100 ] = 0.009
 Average Recall     (AR) @[ IoU=0.50:0.95 | area=   all | maxDets=  1 ] = 0.000
 Average Recall     (AR) @[ IoU=0.50:0.95 | area=   all | maxDets= 10 ] = 0.077
 Average Recall     (AR) @[ IoU=0.50:0.95 | area=   all | maxDets=100 ] = 0.153
 Average Recall     (AR) @[ IoU=0.50:0.95 | area= small | maxDets=100 ] = -1.000
 Average Recall     (AR) @[ IoU=0.50:0.95 | area=medium | maxDets=100 ] = -1.000
 Average Recall     (AR) @[ IoU=0.50:0.95 | area= large | maxDets=100 ] = 0.153
 Average Recall     (AR) @[ IoU=0.50      | area=   all | maxDets=100 ] = 0.167
 Average Recall     (AR) @[ IoU=0.75      | area=   all | maxDets=100 ] = 0.167
best_stat: {'epoch': 0, 'coco_eval_bbox': 0.004558175091756313}
Epoch: [36]  [0/8]  eta: 0:00:07  lr: 0.000001  loss: 45.9785 (45.9785)  loss_mal: 1.7676 (1.7676)  loss_bbox: 0.5802 (0.5802)  loss_giou: 1.1807 (1.1807)  loss_fgl: 0.8525 (0.8525)  loss_mal_aux_0: 1.3262 (1.3262)  loss_bbox_aux_0: 0.6174 (0.6174)  loss_giou_aux_0: 1.3821 (1.3821)  loss_fgl_aux_0: 0.7332 (0.7332)  loss_ddf_aux_0: 0.0884 (0.0884)  loss_mal_aux_1: 1.7451 (1.7451)  loss_bbox_aux_1: 0.5773 (0.5773)  loss_giou_aux_1: 1.2120 (1.2120)  loss_fgl_aux_1: 0.8496 (0.8496)  loss_ddf_aux_1: 0.0153 (0.0153)  loss_mal_aux_2: 1.8125 (1.8125)  loss_bbox_aux_2: 0.5801 (0.5801)  loss_giou_aux_2: 1.1899 (1.1899)  loss_fgl_aux_2: 0.8549 (0.8549)  loss_ddf_aux_2: 0.0013 (0.0013)  loss_mal_pre: 1.3477 (1.3477)  loss_bbox_pre: 0.5821 (0.5821)  loss_giou_pre: 1.3589 (1.3589)  loss_mal_enc_0: 1.4287 (1.4287)  loss_bbox_enc_0: 0.6027 (0.6027)  loss_giou_enc_0: 1.4580 (1.4580)  loss_mal_dn_0: 1.5146 (1.5146)  loss_bbox_dn_0: 0.7929 (0.7929)  loss_giou_dn_0: 1.1160 (1.1160)  loss_fgl_dn_0: 0.9973 (0.9973)  loss_ddf_dn_0: 0.1058 (0.1058)  loss_mal_dn_1: 1.9727 (1.9727)  loss_bbox_dn_1: 0.6878 (0.6878)  loss_giou_dn_1: 0.9208 (0.9208)  loss_fgl_dn_1: 1.0064 (1.0064)  loss_ddf_dn_1: 0.0195 (0.0195)  loss_mal_dn_2: 2.2090 (2.2090)  loss_bbox_dn_2: 0.6142 (0.6142)  loss_giou_dn_2: 0.8309 (0.8309)  loss_fgl_dn_2: 1.0228 (1.0228)  loss_ddf_dn_2: 0.0017 (0.0017)  loss_mal_dn_3: 2.1387 (2.1387)  loss_bbox_dn_3: 0.6196 (0.6196)  loss_giou_dn_3: 0.8216 (0.8216)  loss_fgl_dn_3: 1.0262 (1.0262)  loss_mal_dn_pre: 1.5215 (1.5215)  loss_bbox_dn_pre: 0.7818 (0.7818)  loss_giou_dn_pre: 1.1125 (1.1125)  time: 0.9187  data: 0.7525  max mem: 3583
Epoch: [36]  [7/8]  eta: 0:00:00  lr: 0.000001  loss: 47.0838 (47.8230)  loss_mal: 1.3818 (1.6075)  loss_bbox: 0.5810 (0.8421)  loss_giou: 1.3138 (1.3092)  loss_fgl: 0.8076 (0.8310)  loss_mal_aux_0: 0.9575 (1.1826)  loss_bbox_aux_0: 0.8224 (0.9458)  loss_giou_aux_0: 1.4126 (1.4972)  loss_fgl_aux_0: 0.7205 (0.7396)  loss_ddf_aux_0: 0.0947 (0.1039)  loss_mal_aux_1: 1.3135 (1.5388)  loss_bbox_aux_1: 0.6240 (0.8783)  loss_giou_aux_1: 1.3404 (1.3559)  loss_fgl_aux_1: 0.8041 (0.8126)  loss_ddf_aux_1: 0.0204 (0.0206)  loss_mal_aux_2: 1.4150 (1.6442)  loss_bbox_aux_2: 0.5818 (0.8451)  loss_giou_aux_2: 1.3180 (1.3142)  loss_fgl_aux_2: 0.8062 (0.8280)  loss_ddf_aux_2: 0.0014 (0.0019)  loss_mal_pre: 0.9585 (1.1460)  loss_bbox_pre: 0.8971 (0.9910)  loss_giou_pre: 1.4216 (1.5234)  loss_mal_enc_0: 0.8755 (1.1460)  loss_bbox_enc_0: 0.9582 (1.0309)  loss_giou_enc_0: 1.5953 (1.5971)  loss_mal_dn_0: 1.4893 (1.5854)  loss_bbox_dn_0: 0.7929 (0.8028)  loss_giou_dn_0: 1.1160 (1.1335)  loss_fgl_dn_0: 0.9973 (1.0356)  loss_ddf_dn_0: 0.1555 (0.1773)  loss_mal_dn_1: 1.6797 (1.8989)  loss_bbox_dn_1: 0.6878 (0.6635)  loss_giou_dn_1: 0.9258 (0.9943)  loss_fgl_dn_1: 1.0064 (1.0153)  loss_ddf_dn_1: 0.0281 (0.0321)  loss_mal_dn_2: 1.8496 (2.0610)  loss_bbox_dn_2: 0.6142 (0.6278)  loss_giou_dn_2: 0.8582 (0.9272)  loss_fgl_dn_2: 1.0224 (1.0320)  loss_ddf_dn_2: 0.0028 (0.0030)  loss_mal_dn_3: 1.7803 (2.0084)  loss_bbox_dn_3: 0.6196 (0.6174)  loss_giou_dn_3: 0.8484 (0.9176)  loss_fgl_dn_3: 1.0252 (1.0352)  loss_mal_dn_pre: 1.5215 (1.6096)  loss_bbox_dn_pre: 0.7818 (0.7926)  loss_giou_dn_pre: 1.1125 (1.1194)  time: 0.2391  data: 0.0977  max mem: 3583
Epoch: [36] Total time: 0:00:01 (0.2476 s / it)
Averaged stats: lr: 0.000001  loss: 47.0838 (47.8230)  loss_mal: 1.3818 (1.6075)  loss_bbox: 0.5810 (0.8421)  loss_giou: 1.3138 (1.3092)  loss_fgl: 0.8076 (0.8310)  loss_mal_aux_0: 0.9575 (1.1826)  loss_bbox_aux_0: 0.8224 (0.9458)  loss_giou_aux_0: 1.4126 (1.4972)  loss_fgl_aux_0: 0.7205 (0.7396)  loss_ddf_aux_0: 0.0947 (0.1039)  loss_mal_aux_1: 1.3135 (1.5388)  loss_bbox_aux_1: 0.6240 (0.8783)  loss_giou_aux_1: 1.3404 (1.3559)  loss_fgl_aux_1: 0.8041 (0.8126)  loss_ddf_aux_1: 0.0204 (0.0206)  loss_mal_aux_2: 1.4150 (1.6442)  loss_bbox_aux_2: 0.5818 (0.8451)  loss_giou_aux_2: 1.3180 (1.3142)  loss_fgl_aux_2: 0.8062 (0.8280)  loss_ddf_aux_2: 0.0014 (0.0019)  loss_mal_pre: 0.9585 (1.1460)  loss_bbox_pre: 0.8971 (0.9910)  loss_giou_pre: 1.4216 (1.5234)  loss_mal_enc_0: 0.8755 (1.1460)  loss_bbox_enc_0: 0.9582 (1.0309)  loss_giou_enc_0: 1.5953 (1.5971)  loss_mal_dn_0: 1.4893 (1.5854)  loss_bbox_dn_0: 0.7929 (0.8028)  loss_giou_dn_0: 1.1160 (1.1335)  loss_fgl_dn_0: 0.9973 (1.0356)  loss_ddf_dn_0: 0.1555 (0.1773)  loss_mal_dn_1: 1.6797 (1.8989)  loss_bbox_dn_1: 0.6878 (0.6635)  loss_giou_dn_1: 0.9258 (0.9943)  loss_fgl_dn_1: 1.0064 (1.0153)  loss_ddf_dn_1: 0.0281 (0.0321)  loss_mal_dn_2: 1.8496 (2.0610)  loss_bbox_dn_2: 0.6142 (0.6278)  loss_giou_dn_2: 0.8582 (0.9272)  loss_fgl_dn_2: 1.0224 (1.0320)  loss_ddf_dn_2: 0.0028 (0.0030)  loss_mal_dn_3: 1.7803 (2.0084)  loss_bbox_dn_3: 0.6196 (0.6174)  loss_giou_dn_3: 0.8484 (0.9176)  loss_fgl_dn_3: 1.0252 (1.0352)  loss_mal_dn_pre: 1.5215 (1.6096)  loss_bbox_dn_pre: 0.7818 (0.7926)  loss_giou_dn_pre: 1.1125 (1.1194)
Test:  [0/4]  eta: 0:00:01    time: 0.3525  data: 0.3155  max mem: 3583
Test:  [3/4]  eta: 0:00:00    time: 0.1124  data: 0.0809  max mem: 3583
Test: Total time: 0:00:00 (0.1320 s / it)
Averaged stats: 
Accumulating evaluation results...
COCOeval_opt.accumulate() finished...
DONE (t=0.00s).
IoU metric: bbox
 Average Precision  (AP) @[ IoU=0.50:0.95 | area=   all | maxDets=100 ] = 0.005
 Average Precision  (AP) @[ IoU=0.50      | area=   all | maxDets=100 ] = 0.005
 Average Precision  (AP) @[ IoU=0.75      | area=   all | maxDets=100 ] = 0.005
 Average Precision  (AP) @[ IoU=0.50:0.95 | area= small | maxDets=100 ] = -1.000
 Average Precision  (AP) @[ IoU=0.50:0.95 | area=medium | maxDets=100 ] = -1.000
 Average Precision  (AP) @[ IoU=0.50:0.95 | area= large | maxDets=100 ] = 0.014
 Average Recall     (AR) @[ IoU=0.50:0.95 | area=   all | maxDets=  1 ] = 0.000
 Average Recall     (AR) @[ IoU=0.50:0.95 | area=   all | maxDets= 10 ] = 0.090
 Average Recall     (AR) @[ IoU=0.50:0.95 | area=   all | maxDets=100 ] = 0.153
 Average Recall     (AR) @[ IoU=0.50:0.95 | area= small | maxDets=100 ] = -1.000
 Average Recall     (AR) @[ IoU=0.50:0.95 | area=medium | maxDets=100 ] = -1.000
 Average Recall     (AR) @[ IoU=0.50:0.95 | area= large | maxDets=100 ] = 0.153
 Average Recall     (AR) @[ IoU=0.50      | area=   all | maxDets=100 ] = 0.167
 Average Recall     (AR) @[ IoU=0.75      | area=   all | maxDets=100 ] = 0.167
best_stat: {'epoch': 36, 'coco_eval_bbox': 0.0045661298510021545}
Epoch: [37]  [0/8]  eta: 0:00:06  lr: 0.000001  loss: 48.9666 (48.9666)  loss_mal: 1.9258 (1.9258)  loss_bbox: 0.7132 (0.7132)  loss_giou: 1.1059 (1.1059)  loss_fgl: 0.8884 (0.8884)  loss_mal_aux_0: 1.5674 (1.5674)  loss_bbox_aux_0: 0.8098 (0.8098)  loss_giou_aux_0: 1.2940 (1.2940)  loss_fgl_aux_0: 0.8642 (0.8642)  loss_ddf_aux_0: 0.1688 (0.1688)  loss_mal_aux_1: 1.8779 (1.8779)  loss_bbox_aux_1: 0.7383 (0.7383)  loss_giou_aux_1: 1.1548 (1.1548)  loss_fgl_aux_1: 0.9162 (0.9162)  loss_ddf_aux_1: 0.0292 (0.0292)  loss_mal_aux_2: 1.9688 (1.9688)  loss_bbox_aux_2: 0.7025 (0.7025)  loss_giou_aux_2: 1.1032 (1.1032)  loss_fgl_aux_2: 0.8941 (0.8941)  loss_ddf_aux_2: 0.0021 (0.0021)  loss_mal_pre: 1.5234 (1.5234)  loss_bbox_pre: 0.8211 (0.8211)  loss_giou_pre: 1.3364 (1.3364)  loss_mal_enc_0: 1.6035 (1.6035)  loss_bbox_enc_0: 1.0108 (1.0108)  loss_giou_enc_0: 1.4962 (1.4962)  loss_mal_dn_0: 1.6641 (1.6641)  loss_bbox_dn_0: 0.8555 (0.8555)  loss_giou_dn_0: 1.1096 (1.1096)  loss_fgl_dn_0: 1.0771 (1.0771)  loss_ddf_dn_0: 0.2794 (0.2794)  loss_mal_dn_1: 1.9512 (1.9512)  loss_bbox_dn_1: 0.6339 (0.6339)  loss_giou_dn_1: 0.9604 (0.9604)  loss_fgl_dn_1: 1.0440 (1.0440)  loss_ddf_dn_1: 0.0424 (0.0424)  loss_mal_dn_2: 2.1445 (2.1445)  loss_bbox_dn_2: 0.5642 (0.5642)  loss_giou_dn_2: 0.8884 (0.8884)  loss_fgl_dn_2: 1.0530 (1.0530)  loss_ddf_dn_2: 0.0038 (0.0038)  loss_mal_dn_3: 2.0645 (2.0645)  loss_bbox_dn_3: 0.5462 (0.5462)  loss_giou_dn_3: 0.8778 (0.8778)  loss_fgl_dn_3: 1.0577 (1.0577)  loss_mal_dn_pre: 1.6562 (1.6562)  loss_bbox_dn_pre: 0.8663 (0.8663)  loss_giou_dn_pre: 1.1107 (1.1107)  time: 0.8015  data: 0.6259  max mem: 3583
Epoch: [37]  [7/8]  eta: 0:00:00  lr: 0.000001  loss: 49.6435 (50.6418)  loss_mal: 1.3633 (1.6259)  loss_bbox: 0.9855 (1.0760)  loss_giou: 1.3133 (1.3572)  loss_fgl: 0.8042 (0.7895)  loss_mal_aux_0: 1.1357 (1.2569)  loss_bbox_aux_0: 1.0848 (1.1762)  loss_giou_aux_0: 1.5160 (1.5301)  loss_fgl_aux_0: 0.6947 (0.7232)  loss_ddf_aux_0: 0.0931 (0.0964)  loss_mal_aux_1: 1.3760 (1.5469)  loss_bbox_aux_1: 1.0498 (1.1096)  loss_giou_aux_1: 1.3989 (1.4079)  loss_fgl_aux_1: 0.7656 (0.7782)  loss_ddf_aux_1: 0.0177 (0.0197)  loss_mal_aux_2: 1.4180 (1.6595)  loss_bbox_aux_2: 0.9804 (1.0760)  loss_giou_aux_2: 1.3378 (1.3614)  loss_fgl_aux_2: 0.7904 (0.7902)  loss_ddf_aux_2: 0.0012 (0.0016)  loss_mal_pre: 1.1436 (1.2294)  loss_bbox_pre: 1.0812 (1.2126)  loss_giou_pre: 1.5624 (1.5608)  loss_mal_enc_0: 0.9873 (1.1679)  loss_bbox_enc_0: 1.1032 (1.2974)  loss_giou_enc_0: 1.6746 (1.6698)  loss_mal_dn_0: 1.6807 (1.6504)  loss_bbox_dn_0: 0.8077 (0.9789)  loss_giou_dn_0: 1.0568 (1.0941)  loss_fgl_dn_0: 1.0571 (1.0625)  loss_ddf_dn_0: 0.1646 (0.1887)  loss_mal_dn_1: 1.9512 (1.9911)  loss_bbox_dn_1: 0.7079 (0.8209)  loss_giou_dn_1: 0.9171 (0.9390)  loss_fgl_dn_1: 1.0290 (1.0421)  loss_ddf_dn_1: 0.0311 (0.0345)  loss_mal_dn_2: 2.1055 (2.1385)  loss_bbox_dn_2: 0.6681 (0.7745)  loss_giou_dn_2: 0.8514 (0.8780)  loss_fgl_dn_2: 1.0485 (1.0557)  loss_ddf_dn_2: 0.0023 (0.0026)  loss_mal_dn_3: 2.0488 (2.0707)  loss_bbox_dn_3: 0.6595 (0.7634)  loss_giou_dn_3: 0.8402 (0.8679)  loss_fgl_dn_3: 1.0567 (1.0604)  loss_mal_dn_pre: 1.6953 (1.6721)  loss_bbox_dn_pre: 0.7812 (0.9556)  loss_giou_dn_pre: 1.0450 (1.0800)  time: 0.2031  data: 0.0797  max mem: 3583
Epoch: [37] Total time: 0:00:01 (0.2169 s / it)
Averaged stats: lr: 0.000001  loss: 49.6435 (50.6418)  loss_mal: 1.3633 (1.6259)  loss_bbox: 0.9855 (1.0760)  loss_giou: 1.3133 (1.3572)  loss_fgl: 0.8042 (0.7895)  loss_mal_aux_0: 1.1357 (1.2569)  loss_bbox_aux_0: 1.0848 (1.1762)  loss_giou_aux_0: 1.5160 (1.5301)  loss_fgl_aux_0: 0.6947 (0.7232)  loss_ddf_aux_0: 0.0931 (0.0964)  loss_mal_aux_1: 1.3760 (1.5469)  loss_bbox_aux_1: 1.0498 (1.1096)  loss_giou_aux_1: 1.3989 (1.4079)  loss_fgl_aux_1: 0.7656 (0.7782)  loss_ddf_aux_1: 0.0177 (0.0197)  loss_mal_aux_2: 1.4180 (1.6595)  loss_bbox_aux_2: 0.9804 (1.0760)  loss_giou_aux_2: 1.3378 (1.3614)  loss_fgl_aux_2: 0.7904 (0.7902)  loss_ddf_aux_2: 0.0012 (0.0016)  loss_mal_pre: 1.1436 (1.2294)  loss_bbox_pre: 1.0812 (1.2126)  loss_giou_pre: 1.5624 (1.5608)  loss_mal_enc_0: 0.9873 (1.1679)  loss_bbox_enc_0: 1.1032 (1.2974)  loss_giou_enc_0: 1.6746 (1.6698)  loss_mal_dn_0: 1.6807 (1.6504)  loss_bbox_dn_0: 0.8077 (0.9789)  loss_giou_dn_0: 1.0568 (1.0941)  loss_fgl_dn_0: 1.0571 (1.0625)  loss_ddf_dn_0: 0.1646 (0.1887)  loss_mal_dn_1: 1.9512 (1.9911)  loss_bbox_dn_1: 0.7079 (0.8209)  loss_giou_dn_1: 0.9171 (0.9390)  loss_fgl_dn_1: 1.0290 (1.0421)  loss_ddf_dn_1: 0.0311 (0.0345)  loss_mal_dn_2: 2.1055 (2.1385)  loss_bbox_dn_2: 0.6681 (0.7745)  loss_giou_dn_2: 0.8514 (0.8780)  loss_fgl_dn_2: 1.0485 (1.0557)  loss_ddf_dn_2: 0.0023 (0.0026)  loss_mal_dn_3: 2.0488 (2.0707)  loss_bbox_dn_3: 0.6595 (0.7634)  loss_giou_dn_3: 0.8402 (0.8679)  loss_fgl_dn_3: 1.0567 (1.0604)  loss_mal_dn_pre: 1.6953 (1.6721)  loss_bbox_dn_pre: 0.7812 (0.9556)  loss_giou_dn_pre: 1.0450 (1.0800)
Test:  [0/4]  eta: 0:00:01    time: 0.3490  data: 0.3101  max mem: 3583
Test:  [3/4]  eta: 0:00:00    time: 0.1127  data: 0.0795  max mem: 3583
Test: Total time: 0:00:00 (0.1276 s / it)
Averaged stats: 
Accumulating evaluation results...
COCOeval_opt.accumulate() finished...
DONE (t=0.00s).
IoU metric: bbox
 Average Precision  (AP) @[ IoU=0.50:0.95 | area=   all | maxDets=100 ] = 0.004
 Average Precision  (AP) @[ IoU=0.50      | area=   all | maxDets=100 ] = 0.005
 Average Precision  (AP) @[ IoU=0.75      | area=   all | maxDets=100 ] = 0.005
 Average Precision  (AP) @[ IoU=0.50:0.95 | area= small | maxDets=100 ] = -1.000
 Average Precision  (AP) @[ IoU=0.50:0.95 | area=medium | maxDets=100 ] = -1.000
 Average Precision  (AP) @[ IoU=0.50:0.95 | area= large | maxDets=100 ] = 0.017
 Average Recall     (AR) @[ IoU=0.50:0.95 | area=   all | maxDets=  1 ] = 0.033
 Average Recall     (AR) @[ IoU=0.50:0.95 | area=   all | maxDets= 10 ] = 0.090
 Average Recall     (AR) @[ IoU=0.50:0.95 | area=   all | maxDets=100 ] = 0.200
 Average Recall     (AR) @[ IoU=0.50:0.95 | area= small | maxDets=100 ] = -1.000
 Average Recall     (AR) @[ IoU=0.50:0.95 | area=medium | maxDets=100 ] = -1.000
 Average Recall     (AR) @[ IoU=0.50:0.95 | area= large | maxDets=100 ] = 0.200
 Average Recall     (AR) @[ IoU=0.50      | area=   all | maxDets=100 ] = 0.233
 Average Recall     (AR) @[ IoU=0.75      | area=   all | maxDets=100 ] = 0.233
best_stat: {'epoch': 36, 'coco_eval_bbox': 0.0045661298510021545}
Epoch: [38]  [0/8]  eta: 0:00:07  lr: 0.000001  loss: 46.4784 (46.4784)  loss_mal: 2.0078 (2.0078)  loss_bbox: 0.4251 (0.4251)  loss_giou: 1.1130 (1.1130)  loss_fgl: 0.8448 (0.8448)  loss_mal_aux_0: 1.6055 (1.6055)  loss_bbox_aux_0: 0.5124 (0.5124)  loss_giou_aux_0: 1.3511 (1.3511)  loss_fgl_aux_0: 0.8354 (0.8354)  loss_ddf_aux_0: 0.1804 (0.1804)  loss_mal_aux_1: 1.9307 (1.9307)  loss_bbox_aux_1: 0.4489 (0.4489)  loss_giou_aux_1: 1.1880 (1.1880)  loss_fgl_aux_1: 0.8344 (0.8344)  loss_ddf_aux_1: 0.0457 (0.0457)  loss_mal_aux_2: 2.0957 (2.0957)  loss_bbox_aux_2: 0.4300 (0.4300)  loss_giou_aux_2: 1.1154 (1.1154)  loss_fgl_aux_2: 0.8434 (0.8434)  loss_ddf_aux_2: 0.0023 (0.0023)  loss_mal_pre: 1.4893 (1.4893)  loss_bbox_pre: 0.5357 (0.5357)  loss_giou_pre: 1.3956 (1.3956)  loss_mal_enc_0: 1.2451 (1.2451)  loss_bbox_enc_0: 0.5973 (0.5973)  loss_giou_enc_0: 1.4734 (1.4734)  loss_mal_dn_0: 1.7695 (1.7695)  loss_bbox_dn_0: 0.6497 (0.6497)  loss_giou_dn_0: 1.0441 (1.0441)  loss_fgl_dn_0: 1.0709 (1.0709)  loss_ddf_dn_0: 0.2241 (0.2241)  loss_mal_dn_1: 2.1016 (2.1016)  loss_bbox_dn_1: 0.5482 (0.5482)  loss_giou_dn_1: 0.8942 (0.8942)  loss_fgl_dn_1: 1.0372 (1.0372)  loss_ddf_dn_1: 0.0494 (0.0494)  loss_mal_dn_2: 2.2676 (2.2676)  loss_bbox_dn_2: 0.4871 (0.4871)  loss_giou_dn_2: 0.8294 (0.8294)  loss_fgl_dn_2: 1.0272 (1.0272)  loss_ddf_dn_2: 0.0033 (0.0033)  loss_mal_dn_3: 2.1641 (2.1641)  loss_bbox_dn_3: 0.4863 (0.4863)  loss_giou_dn_3: 0.8264 (0.8264)  loss_fgl_dn_3: 1.0250 (1.0250)  loss_mal_dn_pre: 1.7725 (1.7725)  loss_bbox_dn_pre: 0.6126 (0.6126)  loss_giou_dn_pre: 1.0418 (1.0418)  time: 0.8952  data: 0.7067  max mem: 3583
Epoch: [38]  [7/8]  eta: 0:00:00  lr: 0.000001  loss: 47.6611 (48.8349)  loss_mal: 1.3076 (1.6838)  loss_bbox: 0.7151 (0.8404)  loss_giou: 1.2297 (1.3063)  loss_fgl: 0.7579 (0.8117)  loss_mal_aux_0: 1.0186 (1.2547)  loss_bbox_aux_0: 0.8278 (0.9404)  loss_giou_aux_0: 1.4103 (1.4936)  loss_fgl_aux_0: 0.7451 (0.7353)  loss_ddf_aux_0: 0.0962 (0.1102)  loss_mal_aux_1: 1.2627 (1.6107)  loss_bbox_aux_1: 0.7310 (0.8667)  loss_giou_aux_1: 1.2689 (1.3614)  loss_fgl_aux_1: 0.7668 (0.7857)  loss_ddf_aux_1: 0.0196 (0.0224)  loss_mal_aux_2: 1.3242 (1.7126)  loss_bbox_aux_2: 0.7176 (0.8437)  loss_giou_aux_2: 1.2351 (1.3112)  loss_fgl_aux_2: 0.7542 (0.8099)  loss_ddf_aux_2: 0.0013 (0.0014)  loss_mal_pre: 1.0303 (1.2225)  loss_bbox_pre: 0.8099 (0.9377)  loss_giou_pre: 1.3980 (1.5026)  loss_mal_enc_0: 1.2451 (1.2650)  loss_bbox_enc_0: 0.8636 (1.0098)  loss_giou_enc_0: 1.5511 (1.5808)  loss_mal_dn_0: 1.7227 (1.6514)  loss_bbox_dn_0: 0.9021 (0.9304)  loss_giou_dn_0: 1.0527 (1.0974)  loss_fgl_dn_0: 1.0412 (1.0481)  loss_ddf_dn_0: 0.1526 (0.1813)  loss_mal_dn_1: 2.0137 (2.0057)  loss_bbox_dn_1: 0.7371 (0.7598)  loss_giou_dn_1: 0.8942 (0.9390)  loss_fgl_dn_1: 1.0233 (1.0225)  loss_ddf_dn_1: 0.0336 (0.0364)  loss_mal_dn_2: 2.1680 (2.1537)  loss_bbox_dn_2: 0.6406 (0.7075)  loss_giou_dn_2: 0.8294 (0.8724)  loss_fgl_dn_2: 1.0288 (1.0337)  loss_ddf_dn_2: 0.0028 (0.0031)  loss_mal_dn_3: 2.1211 (2.1033)  loss_bbox_dn_3: 0.6178 (0.6960)  loss_giou_dn_3: 0.8264 (0.8600)  loss_fgl_dn_3: 1.0340 (1.0376)  loss_mal_dn_pre: 1.6895 (1.6508)  loss_bbox_dn_pre: 0.8610 (0.9297)  loss_giou_dn_pre: 1.0613 (1.0949)  time: 0.2401  data: 0.0909  max mem: 3583
Epoch: [38] Total time: 0:00:01 (0.2481 s / it)
Averaged stats: lr: 0.000001  loss: 47.6611 (48.8349)  loss_mal: 1.3076 (1.6838)  loss_bbox: 0.7151 (0.8404)  loss_giou: 1.2297 (1.3063)  loss_fgl: 0.7579 (0.8117)  loss_mal_aux_0: 1.0186 (1.2547)  loss_bbox_aux_0: 0.8278 (0.9404)  loss_giou_aux_0: 1.4103 (1.4936)  loss_fgl_aux_0: 0.7451 (0.7353)  loss_ddf_aux_0: 0.0962 (0.1102)  loss_mal_aux_1: 1.2627 (1.6107)  loss_bbox_aux_1: 0.7310 (0.8667)  loss_giou_aux_1: 1.2689 (1.3614)  loss_fgl_aux_1: 0.7668 (0.7857)  loss_ddf_aux_1: 0.0196 (0.0224)  loss_mal_aux_2: 1.3242 (1.7126)  loss_bbox_aux_2: 0.7176 (0.8437)  loss_giou_aux_2: 1.2351 (1.3112)  loss_fgl_aux_2: 0.7542 (0.8099)  loss_ddf_aux_2: 0.0013 (0.0014)  loss_mal_pre: 1.0303 (1.2225)  loss_bbox_pre: 0.8099 (0.9377)  loss_giou_pre: 1.3980 (1.5026)  loss_mal_enc_0: 1.2451 (1.2650)  loss_bbox_enc_0: 0.8636 (1.0098)  loss_giou_enc_0: 1.5511 (1.5808)  loss_mal_dn_0: 1.7227 (1.6514)  loss_bbox_dn_0: 0.9021 (0.9304)  loss_giou_dn_0: 1.0527 (1.0974)  loss_fgl_dn_0: 1.0412 (1.0481)  loss_ddf_dn_0: 0.1526 (0.1813)  loss_mal_dn_1: 2.0137 (2.0057)  loss_bbox_dn_1: 0.7371 (0.7598)  loss_giou_dn_1: 0.8942 (0.9390)  loss_fgl_dn_1: 1.0233 (1.0225)  loss_ddf_dn_1: 0.0336 (0.0364)  loss_mal_dn_2: 2.1680 (2.1537)  loss_bbox_dn_2: 0.6406 (0.7075)  loss_giou_dn_2: 0.8294 (0.8724)  loss_fgl_dn_2: 1.0288 (1.0337)  loss_ddf_dn_2: 0.0028 (0.0031)  loss_mal_dn_3: 2.1211 (2.1033)  loss_bbox_dn_3: 0.6178 (0.6960)  loss_giou_dn_3: 0.8264 (0.8600)  loss_fgl_dn_3: 1.0340 (1.0376)  loss_mal_dn_pre: 1.6895 (1.6508)  loss_bbox_dn_pre: 0.8610 (0.9297)  loss_giou_dn_pre: 1.0613 (1.0949)
Test:  [0/4]  eta: 0:00:01    time: 0.3666  data: 0.3258  max mem: 3583
Test:  [3/4]  eta: 0:00:00    time: 0.1160  data: 0.0835  max mem: 3583
Test: Total time: 0:00:00 (0.1352 s / it)
Averaged stats: 
Accumulating evaluation results...
COCOeval_opt.accumulate() finished...
DONE (t=0.00s).
IoU metric: bbox
 Average Precision  (AP) @[ IoU=0.50:0.95 | area=   all | maxDets=100 ] = 0.002
 Average Precision  (AP) @[ IoU=0.50      | area=   all | maxDets=100 ] = 0.002
 Average Precision  (AP) @[ IoU=0.75      | area=   all | maxDets=100 ] = 0.002
 Average Precision  (AP) @[ IoU=0.50:0.95 | area= small | maxDets=100 ] = -1.000
 Average Precision  (AP) @[ IoU=0.50:0.95 | area=medium | maxDets=100 ] = -1.000
 Average Precision  (AP) @[ IoU=0.50:0.95 | area= large | maxDets=100 ] = 0.007
 Average Recall     (AR) @[ IoU=0.50:0.95 | area=   all | maxDets=  1 ] = 0.033
 Average Recall     (AR) @[ IoU=0.50:0.95 | area=   all | maxDets= 10 ] = 0.060
 Average Recall     (AR) @[ IoU=0.50:0.95 | area=   all | maxDets=100 ] = 0.210
 Average Recall     (AR) @[ IoU=0.50:0.95 | area= small | maxDets=100 ] = -1.000
 Average Recall     (AR) @[ IoU=0.50:0.95 | area=medium | maxDets=100 ] = -1.000
 Average Recall     (AR) @[ IoU=0.50:0.95 | area= large | maxDets=100 ] = 0.210
 Average Recall     (AR) @[ IoU=0.50      | area=   all | maxDets=100 ] = 0.233
 Average Recall     (AR) @[ IoU=0.75      | area=   all | maxDets=100 ] = 0.233
best_stat: {'epoch': 36, 'coco_eval_bbox': 0.0045661298510021545}
Epoch: [39]  [0/8]  eta: 0:00:08  lr: 0.000001  loss: 50.1737 (50.1737)  loss_mal: 2.0137 (2.0137)  loss_bbox: 0.7904 (0.7904)  loss_giou: 1.1954 (1.1954)  loss_fgl: 1.0316 (1.0316)  loss_mal_aux_0: 1.4678 (1.4678)  loss_bbox_aux_0: 0.9513 (0.9513)  loss_giou_aux_0: 1.4622 (1.4622)  loss_fgl_aux_0: 0.8957 (0.8957)  loss_ddf_aux_0: 0.0858 (0.0858)  loss_mal_aux_1: 2.0195 (2.0195)  loss_bbox_aux_1: 0.8103 (0.8103)  loss_giou_aux_1: 1.2595 (1.2595)  loss_fgl_aux_1: 1.0011 (1.0011)  loss_ddf_aux_1: 0.0184 (0.0184)  loss_mal_aux_2: 2.0664 (2.0664)  loss_bbox_aux_2: 0.7876 (0.7876)  loss_giou_aux_2: 1.1985 (1.1985)  loss_fgl_aux_2: 1.0310 (1.0310)  loss_ddf_aux_2: 0.0015 (0.0015)  loss_mal_pre: 1.4023 (1.4023)  loss_bbox_pre: 1.0151 (1.0151)  loss_giou_pre: 1.5245 (1.5245)  loss_mal_enc_0: 1.2979 (1.2979)  loss_bbox_enc_0: 1.0240 (1.0240)  loss_giou_enc_0: 1.6555 (1.6555)  loss_mal_dn_0: 1.4639 (1.4639)  loss_bbox_dn_0: 0.8766 (0.8766)  loss_giou_dn_0: 1.1917 (1.1917)  loss_fgl_dn_0: 0.9890 (0.9890)  loss_ddf_dn_0: 0.1764 (0.1764)  loss_mal_dn_1: 1.8584 (1.8584)  loss_bbox_dn_1: 0.7480 (0.7480)  loss_giou_dn_1: 1.0372 (1.0372)  loss_fgl_dn_1: 0.9810 (0.9810)  loss_ddf_dn_1: 0.0308 (0.0308)  loss_mal_dn_2: 1.9941 (1.9941)  loss_bbox_dn_2: 0.6973 (0.6973)  loss_giou_dn_2: 0.9399 (0.9399)  loss_fgl_dn_2: 1.0169 (1.0169)  loss_ddf_dn_2: 0.0041 (0.0041)  loss_mal_dn_3: 1.9941 (1.9941)  loss_bbox_dn_3: 0.6843 (0.6843)  loss_giou_dn_3: 0.9200 (0.9200)  loss_fgl_dn_3: 1.0257 (1.0257)  loss_mal_dn_pre: 1.4756 (1.4756)  loss_bbox_dn_pre: 0.8772 (0.8772)  loss_giou_dn_pre: 1.1843 (1.1843)  time: 1.0731  data: 0.9287  max mem: 3583
Epoch: [39]  [7/8]  eta: 0:00:00  lr: 0.000001  loss: 47.7079 (49.2144)  loss_mal: 1.5381 (1.9622)  loss_bbox: 0.7904 (0.7959)  loss_giou: 1.1954 (1.1142)  loss_fgl: 0.9621 (0.9377)  loss_mal_aux_0: 1.4463 (1.4987)  loss_bbox_aux_0: 0.9513 (0.9008)  loss_giou_aux_0: 1.4081 (1.3261)  loss_fgl_aux_0: 0.8957 (0.8677)  loss_ddf_aux_0: 0.0936 (0.0974)  loss_mal_aux_1: 1.5596 (1.8831)  loss_bbox_aux_1: 0.8103 (0.8327)  loss_giou_aux_1: 1.2595 (1.1691)  loss_fgl_aux_1: 0.9796 (0.9211)  loss_ddf_aux_1: 0.0190 (0.0198)  loss_mal_aux_2: 1.5547 (1.9962)  loss_bbox_aux_2: 0.7876 (0.7979)  loss_giou_aux_2: 1.1985 (1.1188)  loss_fgl_aux_2: 0.9719 (0.9373)  loss_ddf_aux_2: 0.0015 (0.0015)  loss_mal_pre: 1.3945 (1.4670)  loss_bbox_pre: 1.0091 (0.9410)  loss_giou_pre: 1.4241 (1.3576)  loss_mal_enc_0: 1.1611 (1.3056)  loss_bbox_enc_0: 1.0240 (1.0231)  loss_giou_enc_0: 1.5972 (1.4839)  loss_mal_dn_0: 1.4912 (1.6348)  loss_bbox_dn_0: 0.8766 (0.8368)  loss_giou_dn_0: 1.1153 (1.1104)  loss_fgl_dn_0: 1.0014 (1.0284)  loss_ddf_dn_0: 0.1877 (0.1821)  loss_mal_dn_1: 1.8584 (2.0237)  loss_bbox_dn_1: 0.7111 (0.7200)  loss_giou_dn_1: 0.9620 (0.9438)  loss_fgl_dn_1: 0.9901 (1.0027)  loss_ddf_dn_1: 0.0324 (0.0332)  loss_mal_dn_2: 1.9941 (2.1362)  loss_bbox_dn_2: 0.6567 (0.6825)  loss_giou_dn_2: 0.8975 (0.8842)  loss_fgl_dn_2: 1.0169 (1.0157)  loss_ddf_dn_2: 0.0025 (0.0031)  loss_mal_dn_3: 1.9941 (2.0792)  loss_bbox_dn_3: 0.6589 (0.6747)  loss_giou_dn_3: 0.8946 (0.8738)  loss_fgl_dn_3: 1.0257 (1.0182)  loss_mal_dn_pre: 1.5146 (1.6492)  loss_bbox_dn_pre: 0.8277 (0.8233)  loss_giou_dn_pre: 1.1059 (1.1020)  time: 0.2671  data: 0.1169  max mem: 3583
Epoch: [39] Total time: 0:00:02 (0.2775 s / it)
Averaged stats: lr: 0.000001  loss: 47.7079 (49.2144)  loss_mal: 1.5381 (1.9622)  loss_bbox: 0.7904 (0.7959)  loss_giou: 1.1954 (1.1142)  loss_fgl: 0.9621 (0.9377)  loss_mal_aux_0: 1.4463 (1.4987)  loss_bbox_aux_0: 0.9513 (0.9008)  loss_giou_aux_0: 1.4081 (1.3261)  loss_fgl_aux_0: 0.8957 (0.8677)  loss_ddf_aux_0: 0.0936 (0.0974)  loss_mal_aux_1: 1.5596 (1.8831)  loss_bbox_aux_1: 0.8103 (0.8327)  loss_giou_aux_1: 1.2595 (1.1691)  loss_fgl_aux_1: 0.9796 (0.9211)  loss_ddf_aux_1: 0.0190 (0.0198)  loss_mal_aux_2: 1.5547 (1.9962)  loss_bbox_aux_2: 0.7876 (0.7979)  loss_giou_aux_2: 1.1985 (1.1188)  loss_fgl_aux_2: 0.9719 (0.9373)  loss_ddf_aux_2: 0.0015 (0.0015)  loss_mal_pre: 1.3945 (1.4670)  loss_bbox_pre: 1.0091 (0.9410)  loss_giou_pre: 1.4241 (1.3576)  loss_mal_enc_0: 1.1611 (1.3056)  loss_bbox_enc_0: 1.0240 (1.0231)  loss_giou_enc_0: 1.5972 (1.4839)  loss_mal_dn_0: 1.4912 (1.6348)  loss_bbox_dn_0: 0.8766 (0.8368)  loss_giou_dn_0: 1.1153 (1.1104)  loss_fgl_dn_0: 1.0014 (1.0284)  loss_ddf_dn_0: 0.1877 (0.1821)  loss_mal_dn_1: 1.8584 (2.0237)  loss_bbox_dn_1: 0.7111 (0.7200)  loss_giou_dn_1: 0.9620 (0.9438)  loss_fgl_dn_1: 0.9901 (1.0027)  loss_ddf_dn_1: 0.0324 (0.0332)  loss_mal_dn_2: 1.9941 (2.1362)  loss_bbox_dn_2: 0.6567 (0.6825)  loss_giou_dn_2: 0.8975 (0.8842)  loss_fgl_dn_2: 1.0169 (1.0157)  loss_ddf_dn_2: 0.0025 (0.0031)  loss_mal_dn_3: 1.9941 (2.0792)  loss_bbox_dn_3: 0.6589 (0.6747)  loss_giou_dn_3: 0.8946 (0.8738)  loss_fgl_dn_3: 1.0257 (1.0182)  loss_mal_dn_pre: 1.5146 (1.6492)  loss_bbox_dn_pre: 0.8277 (0.8233)  loss_giou_dn_pre: 1.1059 (1.1020)
Test:  [0/4]  eta: 0:00:01    time: 0.3544  data: 0.3128  max mem: 3583
Test:  [3/4]  eta: 0:00:00    time: 0.1127  data: 0.0802  max mem: 3583
Test: Total time: 0:00:00 (0.1367 s / it)
Averaged stats: 
Accumulating evaluation results...
COCOeval_opt.accumulate() finished...
DONE (t=0.00s).
IoU metric: bbox
 Average Precision  (AP) @[ IoU=0.50:0.95 | area=   all | maxDets=100 ] = 0.002
 Average Precision  (AP) @[ IoU=0.50      | area=   all | maxDets=100 ] = 0.002
 Average Precision  (AP) @[ IoU=0.75      | area=   all | maxDets=100 ] = 0.002
 Average Precision  (AP) @[ IoU=0.50:0.95 | area= small | maxDets=100 ] = -1.000
 Average Precision  (AP) @[ IoU=0.50:0.95 | area=medium | maxDets=100 ] = -1.000
 Average Precision  (AP) @[ IoU=0.50:0.95 | area= large | maxDets=100 ] = 0.010
 Average Recall     (AR) @[ IoU=0.50:0.95 | area=   all | maxDets=  1 ] = 0.000
 Average Recall     (AR) @[ IoU=0.50:0.95 | area=   all | maxDets= 10 ] = 0.083
 Average Recall     (AR) @[ IoU=0.50:0.95 | area=   all | maxDets=100 ] = 0.127
 Average Recall     (AR) @[ IoU=0.50:0.95 | area= small | maxDets=100 ] = -1.000
 Average Recall     (AR) @[ IoU=0.50:0.95 | area=medium | maxDets=100 ] = -1.000
 Average Recall     (AR) @[ IoU=0.50:0.95 | area= large | maxDets=100 ] = 0.127
 Average Recall     (AR) @[ IoU=0.50      | area=   all | maxDets=100 ] = 0.167
 Average Recall     (AR) @[ IoU=0.75      | area=   all | maxDets=100 ] = 0.133
best_stat: {'epoch': 36, 'coco_eval_bbox': 0.0045661298510021545}
Epoch: [40]  [0/8]  eta: 0:00:05  lr: 0.000001  loss: 45.2602 (45.2602)  loss_mal: 1.4316 (1.4316)  loss_bbox: 0.6816 (0.6816)  loss_giou: 1.4097 (1.4097)  loss_fgl: 0.7434 (0.7434)  loss_mal_aux_0: 1.0322 (1.0322)  loss_bbox_aux_0: 0.7898 (0.7898)  loss_giou_aux_0: 1.6385 (1.6385)  loss_fgl_aux_0: 0.6407 (0.6407)  loss_ddf_aux_0: 0.1252 (0.1252)  loss_mal_aux_1: 1.3916 (1.3916)  loss_bbox_aux_1: 0.7124 (0.7124)  loss_giou_aux_1: 1.4640 (1.4640)  loss_fgl_aux_1: 0.7288 (0.7288)  loss_ddf_aux_1: 0.0286 (0.0286)  loss_mal_aux_2: 1.4824 (1.4824)  loss_bbox_aux_2: 0.6853 (0.6853)  loss_giou_aux_2: 1.4142 (1.4142)  loss_fgl_aux_2: 0.7404 (0.7404)  loss_ddf_aux_2: 0.0023 (0.0023)  loss_mal_pre: 1.0059 (1.0059)  loss_bbox_pre: 0.7644 (0.7644)  loss_giou_pre: 1.6425 (1.6425)  loss_mal_enc_0: 1.1191 (1.1191)  loss_bbox_enc_0: 0.7444 (0.7444)  loss_giou_enc_0: 1.6773 (1.6773)  loss_mal_dn_0: 1.6797 (1.6797)  loss_bbox_dn_0: 0.5409 (0.5409)  loss_giou_dn_0: 1.0726 (1.0726)  loss_fgl_dn_0: 1.0366 (1.0366)  loss_ddf_dn_0: 0.1508 (0.1508)  loss_mal_dn_1: 2.0898 (2.0898)  loss_bbox_dn_1: 0.4188 (0.4188)  loss_giou_dn_1: 0.9315 (0.9315)  loss_fgl_dn_1: 1.0453 (1.0453)  loss_ddf_dn_1: 0.0273 (0.0273)  loss_mal_dn_2: 2.1270 (2.1270)  loss_bbox_dn_2: 0.4202 (0.4202)  loss_giou_dn_2: 0.8891 (0.8891)  loss_fgl_dn_2: 1.0540 (1.0540)  loss_ddf_dn_2: 0.0027 (0.0027)  loss_mal_dn_3: 2.0410 (2.0410)  loss_bbox_dn_3: 0.4146 (0.4146)  loss_giou_dn_3: 0.8881 (0.8881)  loss_fgl_dn_3: 1.0540 (1.0540)  loss_mal_dn_pre: 1.6943 (1.6943)  loss_bbox_dn_pre: 0.5219 (0.5219)  loss_giou_dn_pre: 1.0637 (1.0637)  time: 0.6994  data: 0.4335  max mem: 3583
Epoch: [40]  [7/8]  eta: 0:00:00  lr: 0.000001  loss: 46.8643 (47.7503)  loss_mal: 1.5859 (1.7836)  loss_bbox: 0.6816 (0.7326)  loss_giou: 1.2415 (1.1695)  loss_fgl: 0.7967 (0.8609)  loss_mal_aux_0: 1.3047 (1.4122)  loss_bbox_aux_0: 0.7898 (0.8262)  loss_giou_aux_0: 1.3979 (1.3681)  loss_fgl_aux_0: 0.7305 (0.7992)  loss_ddf_aux_0: 0.1145 (0.1269)  loss_mal_aux_1: 1.5342 (1.7146)  loss_bbox_aux_1: 0.7124 (0.7542)  loss_giou_aux_1: 1.2925 (1.2196)  loss_fgl_aux_1: 0.7852 (0.8508)  loss_ddf_aux_1: 0.0251 (0.0293)  loss_mal_aux_2: 1.6826 (1.8311)  loss_bbox_aux_2: 0.6853 (0.7374)  loss_giou_aux_2: 1.2415 (1.1737)  loss_fgl_aux_2: 0.7974 (0.8599)  loss_ddf_aux_2: 0.0023 (0.0022)  loss_mal_pre: 1.2832 (1.3872)  loss_bbox_pre: 0.7644 (0.8555)  loss_giou_pre: 1.4324 (1.3816)  loss_mal_enc_0: 1.2344 (1.3597)  loss_bbox_enc_0: 0.7444 (0.8967)  loss_giou_enc_0: 1.4436 (1.4521)  loss_mal_dn_0: 1.4297 (1.7233)  loss_bbox_dn_0: 0.6673 (0.7263)  loss_giou_dn_0: 1.0726 (1.0778)  loss_fgl_dn_0: 1.0087 (1.0437)  loss_ddf_dn_0: 0.1975 (0.2068)  loss_mal_dn_1: 1.8936 (2.0780)  loss_bbox_dn_1: 0.4968 (0.5895)  loss_giou_dn_1: 0.9315 (0.9161)  loss_fgl_dn_1: 1.0244 (1.0209)  loss_ddf_dn_1: 0.0384 (0.0386)  loss_mal_dn_2: 1.9443 (2.1831)  loss_bbox_dn_2: 0.4888 (0.5722)  loss_giou_dn_2: 0.8891 (0.8634)  loss_fgl_dn_2: 1.0277 (1.0295)  loss_ddf_dn_2: 0.0033 (0.0038)  loss_mal_dn_3: 1.9023 (2.1106)  loss_bbox_dn_3: 0.4714 (0.5606)  loss_giou_dn_3: 0.8881 (0.8558)  loss_fgl_dn_3: 1.0231 (1.0312)  loss_mal_dn_pre: 1.4658 (1.7356)  loss_bbox_dn_pre: 0.6466 (0.7274)  loss_giou_dn_pre: 1.0637 (1.0712)  time: 0.2152  data: 0.0577  max mem: 3583
Epoch: [40] Total time: 0:00:01 (0.2226 s / it)
Averaged stats: lr: 0.000001  loss: 46.8643 (47.7503)  loss_mal: 1.5859 (1.7836)  loss_bbox: 0.6816 (0.7326)  loss_giou: 1.2415 (1.1695)  loss_fgl: 0.7967 (0.8609)  loss_mal_aux_0: 1.3047 (1.4122)  loss_bbox_aux_0: 0.7898 (0.8262)  loss_giou_aux_0: 1.3979 (1.3681)  loss_fgl_aux_0: 0.7305 (0.7992)  loss_ddf_aux_0: 0.1145 (0.1269)  loss_mal_aux_1: 1.5342 (1.7146)  loss_bbox_aux_1: 0.7124 (0.7542)  loss_giou_aux_1: 1.2925 (1.2196)  loss_fgl_aux_1: 0.7852 (0.8508)  loss_ddf_aux_1: 0.0251 (0.0293)  loss_mal_aux_2: 1.6826 (1.8311)  loss_bbox_aux_2: 0.6853 (0.7374)  loss_giou_aux_2: 1.2415 (1.1737)  loss_fgl_aux_2: 0.7974 (0.8599)  loss_ddf_aux_2: 0.0023 (0.0022)  loss_mal_pre: 1.2832 (1.3872)  loss_bbox_pre: 0.7644 (0.8555)  loss_giou_pre: 1.4324 (1.3816)  loss_mal_enc_0: 1.2344 (1.3597)  loss_bbox_enc_0: 0.7444 (0.8967)  loss_giou_enc_0: 1.4436 (1.4521)  loss_mal_dn_0: 1.4297 (1.7233)  loss_bbox_dn_0: 0.6673 (0.7263)  loss_giou_dn_0: 1.0726 (1.0778)  loss_fgl_dn_0: 1.0087 (1.0437)  loss_ddf_dn_0: 0.1975 (0.2068)  loss_mal_dn_1: 1.8936 (2.0780)  loss_bbox_dn_1: 0.4968 (0.5895)  loss_giou_dn_1: 0.9315 (0.9161)  loss_fgl_dn_1: 1.0244 (1.0209)  loss_ddf_dn_1: 0.0384 (0.0386)  loss_mal_dn_2: 1.9443 (2.1831)  loss_bbox_dn_2: 0.4888 (0.5722)  loss_giou_dn_2: 0.8891 (0.8634)  loss_fgl_dn_2: 1.0277 (1.0295)  loss_ddf_dn_2: 0.0033 (0.0038)  loss_mal_dn_3: 1.9023 (2.1106)  loss_bbox_dn_3: 0.4714 (0.5606)  loss_giou_dn_3: 0.8881 (0.8558)  loss_fgl_dn_3: 1.0231 (1.0312)  loss_mal_dn_pre: 1.4658 (1.7356)  loss_bbox_dn_pre: 0.6466 (0.7274)  loss_giou_dn_pre: 1.0637 (1.0712)
Test:  [0/4]  eta: 0:00:01    time: 0.3838  data: 0.3466  max mem: 3583
Test:  [3/4]  eta: 0:00:00    time: 0.1199  data: 0.0886  max mem: 3583
Test: Total time: 0:00:00 (0.1402 s / it)
Averaged stats: 
Accumulating evaluation results...
COCOeval_opt.accumulate() finished...
DONE (t=0.00s).
IoU metric: bbox
 Average Precision  (AP) @[ IoU=0.50:0.95 | area=   all | maxDets=100 ] = 0.003
 Average Precision  (AP) @[ IoU=0.50      | area=   all | maxDets=100 ] = 0.003
 Average Precision  (AP) @[ IoU=0.75      | area=   all | maxDets=100 ] = 0.002
 Average Precision  (AP) @[ IoU=0.50:0.95 | area= small | maxDets=100 ] = -1.000
 Average Precision  (AP) @[ IoU=0.50:0.95 | area=medium | maxDets=100 ] = -1.000
 Average Precision  (AP) @[ IoU=0.50:0.95 | area= large | maxDets=100 ] = 0.008
 Average Recall     (AR) @[ IoU=0.50:0.95 | area=   all | maxDets=  1 ] = 0.000
 Average Recall     (AR) @[ IoU=0.50:0.95 | area=   all | maxDets= 10 ] = 0.103
 Average Recall     (AR) @[ IoU=0.50:0.95 | area=   all | maxDets=100 ] = 0.110
 Average Recall     (AR) @[ IoU=0.50:0.95 | area= small | maxDets=100 ] = -1.000
 Average Recall     (AR) @[ IoU=0.50:0.95 | area=medium | maxDets=100 ] = -1.000
 Average Recall     (AR) @[ IoU=0.50:0.95 | area= large | maxDets=100 ] = 0.110
 Average Recall     (AR) @[ IoU=0.50      | area=   all | maxDets=100 ] = 0.133
 Average Recall     (AR) @[ IoU=0.75      | area=   all | maxDets=100 ] = 0.100
best_stat: {'epoch': 36, 'coco_eval_bbox': 0.0045661298510021545}
Epoch: [41]  [0/8]  eta: 0:00:08  lr: 0.000001  loss: 48.4077 (48.4077)  loss_mal: 2.4785 (2.4785)  loss_bbox: 0.4435 (0.4435)  loss_giou: 0.8809 (0.8809)  loss_fgl: 0.9177 (0.9177)  loss_mal_aux_0: 2.0898 (2.0898)  loss_bbox_aux_0: 0.5526 (0.5526)  loss_giou_aux_0: 1.0963 (1.0963)  loss_fgl_aux_0: 0.8317 (0.8317)  loss_ddf_aux_0: 0.1679 (0.1679)  loss_mal_aux_1: 2.3750 (2.3750)  loss_bbox_aux_1: 0.4666 (0.4666)  loss_giou_aux_1: 0.9396 (0.9396)  loss_fgl_aux_1: 0.9068 (0.9068)  loss_ddf_aux_1: 0.0321 (0.0321)  loss_mal_aux_2: 2.5469 (2.5469)  loss_bbox_aux_2: 0.4473 (0.4473)  loss_giou_aux_2: 0.8906 (0.8906)  loss_fgl_aux_2: 0.9153 (0.9153)  loss_ddf_aux_2: 0.0022 (0.0022)  loss_mal_pre: 2.0781 (2.0781)  loss_bbox_pre: 0.5623 (0.5623)  loss_giou_pre: 1.0993 (1.0993)  loss_mal_enc_0: 1.8867 (1.8867)  loss_bbox_enc_0: 0.5819 (0.5819)  loss_giou_enc_0: 1.1864 (1.1864)  loss_mal_dn_0: 1.8350 (1.8350)  loss_bbox_dn_0: 0.5722 (0.5722)  loss_giou_dn_0: 1.0183 (1.0183)  loss_fgl_dn_0: 1.0605 (1.0605)  loss_ddf_dn_0: 0.2291 (0.2291)  loss_mal_dn_1: 2.3438 (2.3438)  loss_bbox_dn_1: 0.4200 (0.4200)  loss_giou_dn_1: 0.7944 (0.7944)  loss_fgl_dn_1: 1.0342 (1.0342)  loss_ddf_dn_1: 0.0474 (0.0474)  loss_mal_dn_2: 2.5312 (2.5312)  loss_bbox_dn_2: 0.3795 (0.3795)  loss_giou_dn_2: 0.7142 (0.7142)  loss_fgl_dn_2: 1.0404 (1.0404)  loss_ddf_dn_2: 0.0040 (0.0040)  loss_mal_dn_3: 2.4688 (2.4688)  loss_bbox_dn_3: 0.3697 (0.3697)  loss_giou_dn_3: 0.6981 (0.6981)  loss_fgl_dn_3: 1.0468 (1.0468)  loss_mal_dn_pre: 1.8613 (1.8613)  loss_bbox_dn_pre: 0.5606 (0.5606)  loss_giou_dn_pre: 1.0022 (1.0022)  time: 1.0933  data: 0.7232  max mem: 3583
Epoch: [41]  [7/8]  eta: 0:00:00  lr: 0.000001  loss: 48.4077 (48.2165)  loss_mal: 1.7617 (1.9260)  loss_bbox: 0.6464 (0.7173)  loss_giou: 1.1108 (1.0942)  loss_fgl: 0.8504 (0.8888)  loss_mal_aux_0: 1.2812 (1.5107)  loss_bbox_aux_0: 0.6875 (0.8051)  loss_giou_aux_0: 1.3260 (1.3050)  loss_fgl_aux_0: 0.7870 (0.8237)  loss_ddf_aux_0: 0.1013 (0.1204)  loss_mal_aux_1: 1.7188 (1.8763)  loss_bbox_aux_1: 0.6567 (0.7454)  loss_giou_aux_1: 1.1444 (1.1567)  loss_fgl_aux_1: 0.8262 (0.8747)  loss_ddf_aux_1: 0.0169 (0.0229)  loss_mal_aux_2: 1.7949 (1.9825)  loss_bbox_aux_2: 0.6490 (0.7244)  loss_giou_aux_2: 1.1174 (1.1042)  loss_fgl_aux_2: 0.8413 (0.8830)  loss_ddf_aux_2: 0.0013 (0.0016)  loss_mal_pre: 1.2852 (1.4839)  loss_bbox_pre: 0.6851 (0.8191)  loss_giou_pre: 1.3308 (1.3235)  loss_mal_enc_0: 1.2637 (1.3982)  loss_bbox_enc_0: 0.7699 (0.8952)  loss_giou_enc_0: 1.4124 (1.4374)  loss_mal_dn_0: 1.5449 (1.6545)  loss_bbox_dn_0: 0.6104 (0.8086)  loss_giou_dn_0: 1.1402 (1.1001)  loss_fgl_dn_0: 0.9981 (1.0240)  loss_ddf_dn_0: 0.1900 (0.1894)  loss_mal_dn_1: 1.9775 (2.0389)  loss_bbox_dn_1: 0.5215 (0.6623)  loss_giou_dn_1: 0.9790 (0.9303)  loss_fgl_dn_1: 1.0184 (1.0136)  loss_ddf_dn_1: 0.0352 (0.0378)  loss_mal_dn_2: 2.0117 (2.1586)  loss_bbox_dn_2: 0.4900 (0.6264)  loss_giou_dn_2: 0.9220 (0.8667)  loss_fgl_dn_2: 1.0295 (1.0277)  loss_ddf_dn_2: 0.0028 (0.0032)  loss_mal_dn_3: 1.9033 (2.0852)  loss_bbox_dn_3: 0.4774 (0.6147)  loss_giou_dn_3: 0.9081 (0.8569)  loss_fgl_dn_3: 1.0295 (1.0312)  loss_mal_dn_pre: 1.5381 (1.6665)  loss_bbox_dn_pre: 0.6232 (0.8057)  loss_giou_dn_pre: 1.1369 (1.0937)  time: 0.2540  data: 0.0930  max mem: 3583
Epoch: [41] Total time: 0:00:02 (0.2641 s / it)
Averaged stats: lr: 0.000001  loss: 48.4077 (48.2165)  loss_mal: 1.7617 (1.9260)  loss_bbox: 0.6464 (0.7173)  loss_giou: 1.1108 (1.0942)  loss_fgl: 0.8504 (0.8888)  loss_mal_aux_0: 1.2812 (1.5107)  loss_bbox_aux_0: 0.6875 (0.8051)  loss_giou_aux_0: 1.3260 (1.3050)  loss_fgl_aux_0: 0.7870 (0.8237)  loss_ddf_aux_0: 0.1013 (0.1204)  loss_mal_aux_1: 1.7188 (1.8763)  loss_bbox_aux_1: 0.6567 (0.7454)  loss_giou_aux_1: 1.1444 (1.1567)  loss_fgl_aux_1: 0.8262 (0.8747)  loss_ddf_aux_1: 0.0169 (0.0229)  loss_mal_aux_2: 1.7949 (1.9825)  loss_bbox_aux_2: 0.6490 (0.7244)  loss_giou_aux_2: 1.1174 (1.1042)  loss_fgl_aux_2: 0.8413 (0.8830)  loss_ddf_aux_2: 0.0013 (0.0016)  loss_mal_pre: 1.2852 (1.4839)  loss_bbox_pre: 0.6851 (0.8191)  loss_giou_pre: 1.3308 (1.3235)  loss_mal_enc_0: 1.2637 (1.3982)  loss_bbox_enc_0: 0.7699 (0.8952)  loss_giou_enc_0: 1.4124 (1.4374)  loss_mal_dn_0: 1.5449 (1.6545)  loss_bbox_dn_0: 0.6104 (0.8086)  loss_giou_dn_0: 1.1402 (1.1001)  loss_fgl_dn_0: 0.9981 (1.0240)  loss_ddf_dn_0: 0.1900 (0.1894)  loss_mal_dn_1: 1.9775 (2.0389)  loss_bbox_dn_1: 0.5215 (0.6623)  loss_giou_dn_1: 0.9790 (0.9303)  loss_fgl_dn_1: 1.0184 (1.0136)  loss_ddf_dn_1: 0.0352 (0.0378)  loss_mal_dn_2: 2.0117 (2.1586)  loss_bbox_dn_2: 0.4900 (0.6264)  loss_giou_dn_2: 0.9220 (0.8667)  loss_fgl_dn_2: 1.0295 (1.0277)  loss_ddf_dn_2: 0.0028 (0.0032)  loss_mal_dn_3: 1.9033 (2.0852)  loss_bbox_dn_3: 0.4774 (0.6147)  loss_giou_dn_3: 0.9081 (0.8569)  loss_fgl_dn_3: 1.0295 (1.0312)  loss_mal_dn_pre: 1.5381 (1.6665)  loss_bbox_dn_pre: 0.6232 (0.8057)  loss_giou_dn_pre: 1.1369 (1.0937)
Test:  [0/4]  eta: 0:00:01    time: 0.3833  data: 0.3391  max mem: 3583
Test:  [3/4]  eta: 0:00:00    time: 0.1236  data: 0.0867  max mem: 3583
Test: Total time: 0:00:00 (0.1402 s / it)
Averaged stats: 
Accumulating evaluation results...
COCOeval_opt.accumulate() finished...
DONE (t=0.00s).
IoU metric: bbox
 Average Precision  (AP) @[ IoU=0.50:0.95 | area=   all | maxDets=100 ] = 0.007
 Average Precision  (AP) @[ IoU=0.50      | area=   all | maxDets=100 ] = 0.008
 Average Precision  (AP) @[ IoU=0.75      | area=   all | maxDets=100 ] = 0.008
 Average Precision  (AP) @[ IoU=0.50:0.95 | area= small | maxDets=100 ] = -1.000
 Average Precision  (AP) @[ IoU=0.50:0.95 | area=medium | maxDets=100 ] = -1.000
 Average Precision  (AP) @[ IoU=0.50:0.95 | area= large | maxDets=100 ] = 0.018
 Average Recall     (AR) @[ IoU=0.50:0.95 | area=   all | maxDets=  1 ] = 0.033
 Average Recall     (AR) @[ IoU=0.50:0.95 | area=   all | maxDets= 10 ] = 0.120
 Average Recall     (AR) @[ IoU=0.50:0.95 | area=   all | maxDets=100 ] = 0.220
 Average Recall     (AR) @[ IoU=0.50:0.95 | area= small | maxDets=100 ] = -1.000
 Average Recall     (AR) @[ IoU=0.50:0.95 | area=medium | maxDets=100 ] = -1.000
 Average Recall     (AR) @[ IoU=0.50:0.95 | area= large | maxDets=100 ] = 0.220
 Average Recall     (AR) @[ IoU=0.50      | area=   all | maxDets=100 ] = 0.267
 Average Recall     (AR) @[ IoU=0.75      | area=   all | maxDets=100 ] = 0.233
best_stat: {'epoch': 41, 'coco_eval_bbox': 0.007456900215769736}
Epoch: [42]  [0/8]  eta: 0:00:09  lr: 0.000001  loss: 43.9937 (43.9937)  loss_mal: 1.5664 (1.5664)  loss_bbox: 0.5179 (0.5179)  loss_giou: 1.3103 (1.3103)  loss_fgl: 0.7660 (0.7660)  loss_mal_aux_0: 1.1221 (1.1221)  loss_bbox_aux_0: 0.5593 (0.5593)  loss_giou_aux_0: 1.6121 (1.6121)  loss_fgl_aux_0: 0.6471 (0.6471)  loss_ddf_aux_0: 0.1239 (0.1239)  loss_mal_aux_1: 1.4590 (1.4590)  loss_bbox_aux_1: 0.5433 (0.5433)  loss_giou_aux_1: 1.4029 (1.4029)  loss_fgl_aux_1: 0.7393 (0.7393)  loss_ddf_aux_1: 0.0255 (0.0255)  loss_mal_aux_2: 1.6279 (1.6279)  loss_bbox_aux_2: 0.5162 (0.5162)  loss_giou_aux_2: 1.3140 (1.3140)  loss_fgl_aux_2: 0.7639 (0.7639)  loss_ddf_aux_2: 0.0016 (0.0016)  loss_mal_pre: 1.1260 (1.1260)  loss_bbox_pre: 0.5331 (0.5331)  loss_giou_pre: 1.5756 (1.5756)  loss_mal_enc_0: 1.2373 (1.2373)  loss_bbox_enc_0: 0.5291 (0.5291)  loss_giou_enc_0: 1.6515 (1.6515)  loss_mal_dn_0: 1.8232 (1.8232)  loss_bbox_dn_0: 0.3515 (0.3515)  loss_giou_dn_0: 0.9780 (0.9780)  loss_fgl_dn_0: 0.9782 (0.9782)  loss_ddf_dn_0: 0.1557 (0.1557)  loss_mal_dn_1: 2.4648 (2.4648)  loss_bbox_dn_1: 0.1858 (0.1858)  loss_giou_dn_1: 0.7227 (0.7227)  loss_fgl_dn_1: 0.9858 (0.9858)  loss_ddf_dn_1: 0.0284 (0.0284)  loss_mal_dn_2: 2.6953 (2.6953)  loss_bbox_dn_2: 0.1656 (0.1656)  loss_giou_dn_2: 0.6172 (0.6172)  loss_fgl_dn_2: 1.0113 (1.0113)  loss_ddf_dn_2: 0.0031 (0.0031)  loss_mal_dn_3: 2.6074 (2.6074)  loss_bbox_dn_3: 0.1604 (0.1604)  loss_giou_dn_3: 0.6041 (0.6041)  loss_fgl_dn_3: 1.0175 (1.0175)  loss_mal_dn_pre: 1.8564 (1.8564)  loss_bbox_dn_pre: 0.3504 (0.3504)  loss_giou_dn_pre: 0.9595 (0.9595)  time: 1.1920  data: 0.9955  max mem: 3583
Epoch: [42]  [7/8]  eta: 0:00:00  lr: 0.000001  loss: 48.1068 (48.5047)  loss_mal: 1.8086 (2.2336)  loss_bbox: 0.4294 (0.5683)  loss_giou: 0.7941 (0.9404)  loss_fgl: 0.9719 (0.9528)  loss_mal_aux_0: 1.4375 (1.7595)  loss_bbox_aux_0: 0.5593 (0.6772)  loss_giou_aux_0: 1.1065 (1.1903)  loss_fgl_aux_0: 0.8864 (0.8877)  loss_ddf_aux_0: 0.1239 (0.1488)  loss_mal_aux_1: 1.7852 (2.1497)  loss_bbox_aux_1: 0.4528 (0.5952)  loss_giou_aux_1: 0.8978 (1.0026)  loss_fgl_aux_1: 0.9764 (0.9419)  loss_ddf_aux_1: 0.0182 (0.0267)  loss_mal_aux_2: 1.8486 (2.2900)  loss_bbox_aux_2: 0.4277 (0.5651)  loss_giou_aux_2: 0.7960 (0.9453)  loss_fgl_aux_2: 0.9670 (0.9503)  loss_ddf_aux_2: 0.0014 (0.0017)  loss_mal_pre: 1.3301 (1.7131)  loss_bbox_pre: 0.5331 (0.6972)  loss_giou_pre: 1.1299 (1.2048)  loss_mal_enc_0: 1.3594 (1.5967)  loss_bbox_enc_0: 0.6004 (0.7721)  loss_giou_enc_0: 1.3623 (1.3633)  loss_mal_dn_0: 1.8232 (1.8407)  loss_bbox_dn_0: 0.4701 (0.6581)  loss_giou_dn_0: 0.9780 (1.0118)  loss_fgl_dn_0: 1.0729 (1.0853)  loss_ddf_dn_0: 0.2098 (0.2352)  loss_mal_dn_1: 2.2168 (2.2440)  loss_bbox_dn_1: 0.3715 (0.5299)  loss_giou_dn_1: 0.7436 (0.8297)  loss_fgl_dn_1: 1.0113 (1.0399)  loss_ddf_dn_1: 0.0382 (0.0444)  loss_mal_dn_2: 2.3652 (2.4170)  loss_bbox_dn_2: 0.3257 (0.4758)  loss_giou_dn_2: 0.6768 (0.7506)  loss_fgl_dn_2: 1.0444 (1.0509)  loss_ddf_dn_2: 0.0034 (0.0038)  loss_mal_dn_3: 2.3047 (2.3412)  loss_bbox_dn_3: 0.3211 (0.4630)  loss_giou_dn_3: 0.6684 (0.7378)  loss_fgl_dn_3: 1.0501 (1.0549)  loss_mal_dn_pre: 1.8564 (1.8571)  loss_bbox_dn_pre: 0.4728 (0.6559)  loss_giou_dn_pre: 0.9595 (1.0031)  time: 0.2789  data: 0.1261  max mem: 3583
Epoch: [42] Total time: 0:00:02 (0.2865 s / it)
Averaged stats: lr: 0.000001  loss: 48.1068 (48.5047)  loss_mal: 1.8086 (2.2336)  loss_bbox: 0.4294 (0.5683)  loss_giou: 0.7941 (0.9404)  loss_fgl: 0.9719 (0.9528)  loss_mal_aux_0: 1.4375 (1.7595)  loss_bbox_aux_0: 0.5593 (0.6772)  loss_giou_aux_0: 1.1065 (1.1903)  loss_fgl_aux_0: 0.8864 (0.8877)  loss_ddf_aux_0: 0.1239 (0.1488)  loss_mal_aux_1: 1.7852 (2.1497)  loss_bbox_aux_1: 0.4528 (0.5952)  loss_giou_aux_1: 0.8978 (1.0026)  loss_fgl_aux_1: 0.9764 (0.9419)  loss_ddf_aux_1: 0.0182 (0.0267)  loss_mal_aux_2: 1.8486 (2.2900)  loss_bbox_aux_2: 0.4277 (0.5651)  loss_giou_aux_2: 0.7960 (0.9453)  loss_fgl_aux_2: 0.9670 (0.9503)  loss_ddf_aux_2: 0.0014 (0.0017)  loss_mal_pre: 1.3301 (1.7131)  loss_bbox_pre: 0.5331 (0.6972)  loss_giou_pre: 1.1299 (1.2048)  loss_mal_enc_0: 1.3594 (1.5967)  loss_bbox_enc_0: 0.6004 (0.7721)  loss_giou_enc_0: 1.3623 (1.3633)  loss_mal_dn_0: 1.8232 (1.8407)  loss_bbox_dn_0: 0.4701 (0.6581)  loss_giou_dn_0: 0.9780 (1.0118)  loss_fgl_dn_0: 1.0729 (1.0853)  loss_ddf_dn_0: 0.2098 (0.2352)  loss_mal_dn_1: 2.2168 (2.2440)  loss_bbox_dn_1: 0.3715 (0.5299)  loss_giou_dn_1: 0.7436 (0.8297)  loss_fgl_dn_1: 1.0113 (1.0399)  loss_ddf_dn_1: 0.0382 (0.0444)  loss_mal_dn_2: 2.3652 (2.4170)  loss_bbox_dn_2: 0.3257 (0.4758)  loss_giou_dn_2: 0.6768 (0.7506)  loss_fgl_dn_2: 1.0444 (1.0509)  loss_ddf_dn_2: 0.0034 (0.0038)  loss_mal_dn_3: 2.3047 (2.3412)  loss_bbox_dn_3: 0.3211 (0.4630)  loss_giou_dn_3: 0.6684 (0.7378)  loss_fgl_dn_3: 1.0501 (1.0549)  loss_mal_dn_pre: 1.8564 (1.8571)  loss_bbox_dn_pre: 0.4728 (0.6559)  loss_giou_dn_pre: 0.9595 (1.0031)
Test:  [0/4]  eta: 0:00:01    time: 0.3865  data: 0.3476  max mem: 3583
Test:  [3/4]  eta: 0:00:00    time: 0.1204  data: 0.0889  max mem: 3583
Test: Total time: 0:00:00 (0.1423 s / it)
Averaged stats: 
Accumulating evaluation results...
COCOeval_opt.accumulate() finished...
DONE (t=0.00s).
IoU metric: bbox
 Average Precision  (AP) @[ IoU=0.50:0.95 | area=   all | maxDets=100 ] = 0.020
 Average Precision  (AP) @[ IoU=0.50      | area=   all | maxDets=100 ] = 0.023
 Average Precision  (AP) @[ IoU=0.75      | area=   all | maxDets=100 ] = 0.020
 Average Precision  (AP) @[ IoU=0.50:0.95 | area= small | maxDets=100 ] = -1.000
 Average Precision  (AP) @[ IoU=0.50:0.95 | area=medium | maxDets=100 ] = -1.000
 Average Precision  (AP) @[ IoU=0.50:0.95 | area= large | maxDets=100 ] = 0.029
 Average Recall     (AR) @[ IoU=0.50:0.95 | area=   all | maxDets=  1 ] = 0.063
 Average Recall     (AR) @[ IoU=0.50:0.95 | area=   all | maxDets= 10 ] = 0.180
 Average Recall     (AR) @[ IoU=0.50:0.95 | area=   all | maxDets=100 ] = 0.410
 Average Recall     (AR) @[ IoU=0.50:0.95 | area= small | maxDets=100 ] = -1.000
 Average Recall     (AR) @[ IoU=0.50:0.95 | area=medium | maxDets=100 ] = -1.000
 Average Recall     (AR) @[ IoU=0.50:0.95 | area= large | maxDets=100 ] = 0.410
 Average Recall     (AR) @[ IoU=0.50      | area=   all | maxDets=100 ] = 0.500
 Average Recall     (AR) @[ IoU=0.75      | area=   all | maxDets=100 ] = 0.433
best_stat: {'epoch': 42, 'coco_eval_bbox': 0.02011236364731787}
Epoch: [43]  [0/8]  eta: 0:00:07  lr: 0.000001  loss: 49.1770 (49.1770)  loss_mal: 1.5771 (1.5771)  loss_bbox: 0.8530 (0.8530)  loss_giou: 1.3181 (1.3181)  loss_fgl: 0.8708 (0.8708)  loss_mal_aux_0: 1.1504 (1.1504)  loss_bbox_aux_0: 1.0249 (1.0249)  loss_giou_aux_0: 1.5574 (1.5574)  loss_fgl_aux_0: 0.8000 (0.8000)  loss_ddf_aux_0: 0.1228 (0.1228)  loss_mal_aux_1: 1.5244 (1.5244)  loss_bbox_aux_1: 0.9055 (0.9055)  loss_giou_aux_1: 1.3716 (1.3716)  loss_fgl_aux_1: 0.8383 (0.8383)  loss_ddf_aux_1: 0.0300 (0.0300)  loss_mal_aux_2: 1.6045 (1.6045)  loss_bbox_aux_2: 0.8537 (0.8537)  loss_giou_aux_2: 1.3150 (1.3150)  loss_fgl_aux_2: 0.8713 (0.8713)  loss_ddf_aux_2: 0.0026 (0.0026)  loss_mal_pre: 1.1270 (1.1270)  loss_bbox_pre: 1.0262 (1.0262)  loss_giou_pre: 1.5761 (1.5761)  loss_mal_enc_0: 1.1523 (1.1523)  loss_bbox_enc_0: 1.0849 (1.0849)  loss_giou_enc_0: 1.6416 (1.6416)  loss_mal_dn_0: 1.9561 (1.9561)  loss_bbox_dn_0: 0.6972 (0.6972)  loss_giou_dn_0: 0.9529 (0.9529)  loss_fgl_dn_0: 1.0954 (1.0954)  loss_ddf_dn_0: 0.1473 (0.1473)  loss_mal_dn_1: 2.3223 (2.3223)  loss_bbox_dn_1: 0.6225 (0.6225)  loss_giou_dn_1: 0.8134 (0.8134)  loss_fgl_dn_1: 1.0557 (1.0557)  loss_ddf_dn_1: 0.0257 (0.0257)  loss_mal_dn_2: 2.4551 (2.4551)  loss_bbox_dn_2: 0.6122 (0.6122)  loss_giou_dn_2: 0.7421 (0.7421)  loss_fgl_dn_2: 1.0702 (1.0702)  loss_ddf_dn_2: 0.0043 (0.0043)  loss_mal_dn_3: 2.3789 (2.3789)  loss_bbox_dn_3: 0.6058 (0.6058)  loss_giou_dn_3: 0.7342 (0.7342)  loss_fgl_dn_3: 1.0748 (1.0748)  loss_mal_dn_pre: 1.9365 (1.9365)  loss_bbox_dn_pre: 0.7161 (0.7161)  loss_giou_dn_pre: 0.9588 (0.9588)  time: 0.8931  data: 0.7137  max mem: 3583
Epoch: [43]  [7/8]  eta: 0:00:00  lr: 0.000001  loss: 46.8999 (47.8662)  loss_mal: 1.7002 (1.9075)  loss_bbox: 0.6611 (0.6638)  loss_giou: 1.1004 (1.0967)  loss_fgl: 0.9202 (0.9395)  loss_mal_aux_0: 1.3594 (1.4764)  loss_bbox_aux_0: 0.7042 (0.7677)  loss_giou_aux_0: 1.3056 (1.3198)  loss_fgl_aux_0: 0.8000 (0.8417)  loss_ddf_aux_0: 0.1228 (0.1421)  loss_mal_aux_1: 1.7246 (1.8787)  loss_bbox_aux_1: 0.6721 (0.6894)  loss_giou_aux_1: 1.1574 (1.1510)  loss_fgl_aux_1: 0.8798 (0.9216)  loss_ddf_aux_1: 0.0237 (0.0329)  loss_mal_aux_2: 1.7666 (1.9607)  loss_bbox_aux_2: 0.6679 (0.6677)  loss_giou_aux_2: 1.1125 (1.1033)  loss_fgl_aux_2: 0.9077 (0.9347)  loss_ddf_aux_2: 0.0020 (0.0024)  loss_mal_pre: 1.3652 (1.4634)  loss_bbox_pre: 0.7172 (0.7864)  loss_giou_pre: 1.3135 (1.3394)  loss_mal_enc_0: 1.1523 (1.3394)  loss_bbox_enc_0: 0.7646 (0.8562)  loss_giou_enc_0: 1.4308 (1.4652)  loss_mal_dn_0: 1.6631 (1.6832)  loss_bbox_dn_0: 0.7487 (0.7518)  loss_giou_dn_0: 1.0908 (1.0858)  loss_fgl_dn_0: 1.0273 (1.0383)  loss_ddf_dn_0: 0.2056 (0.2053)  loss_mal_dn_1: 1.9658 (2.0452)  loss_bbox_dn_1: 0.6225 (0.6049)  loss_giou_dn_1: 0.9412 (0.9262)  loss_fgl_dn_1: 1.0221 (1.0282)  loss_ddf_dn_1: 0.0392 (0.0388)  loss_mal_dn_2: 1.9932 (2.1389)  loss_bbox_dn_2: 0.6116 (0.5899)  loss_giou_dn_2: 0.8978 (0.8691)  loss_fgl_dn_2: 1.0359 (1.0414)  loss_ddf_dn_2: 0.0041 (0.0042)  loss_mal_dn_3: 1.9277 (2.0656)  loss_bbox_dn_3: 0.5992 (0.5760)  loss_giou_dn_3: 0.8808 (0.8587)  loss_fgl_dn_3: 1.0362 (1.0469)  loss_mal_dn_pre: 1.6768 (1.6876)  loss_bbox_dn_pre: 0.7476 (0.7513)  loss_giou_dn_pre: 1.0796 (1.0812)  time: 0.2417  data: 0.0986  max mem: 3583
Epoch: [43] Total time: 0:00:02 (0.2508 s / it)
Averaged stats: lr: 0.000001  loss: 46.8999 (47.8662)  loss_mal: 1.7002 (1.9075)  loss_bbox: 0.6611 (0.6638)  loss_giou: 1.1004 (1.0967)  loss_fgl: 0.9202 (0.9395)  loss_mal_aux_0: 1.3594 (1.4764)  loss_bbox_aux_0: 0.7042 (0.7677)  loss_giou_aux_0: 1.3056 (1.3198)  loss_fgl_aux_0: 0.8000 (0.8417)  loss_ddf_aux_0: 0.1228 (0.1421)  loss_mal_aux_1: 1.7246 (1.8787)  loss_bbox_aux_1: 0.6721 (0.6894)  loss_giou_aux_1: 1.1574 (1.1510)  loss_fgl_aux_1: 0.8798 (0.9216)  loss_ddf_aux_1: 0.0237 (0.0329)  loss_mal_aux_2: 1.7666 (1.9607)  loss_bbox_aux_2: 0.6679 (0.6677)  loss_giou_aux_2: 1.1125 (1.1033)  loss_fgl_aux_2: 0.9077 (0.9347)  loss_ddf_aux_2: 0.0020 (0.0024)  loss_mal_pre: 1.3652 (1.4634)  loss_bbox_pre: 0.7172 (0.7864)  loss_giou_pre: 1.3135 (1.3394)  loss_mal_enc_0: 1.1523 (1.3394)  loss_bbox_enc_0: 0.7646 (0.8562)  loss_giou_enc_0: 1.4308 (1.4652)  loss_mal_dn_0: 1.6631 (1.6832)  loss_bbox_dn_0: 0.7487 (0.7518)  loss_giou_dn_0: 1.0908 (1.0858)  loss_fgl_dn_0: 1.0273 (1.0383)  loss_ddf_dn_0: 0.2056 (0.2053)  loss_mal_dn_1: 1.9658 (2.0452)  loss_bbox_dn_1: 0.6225 (0.6049)  loss_giou_dn_1: 0.9412 (0.9262)  loss_fgl_dn_1: 1.0221 (1.0282)  loss_ddf_dn_1: 0.0392 (0.0388)  loss_mal_dn_2: 1.9932 (2.1389)  loss_bbox_dn_2: 0.6116 (0.5899)  loss_giou_dn_2: 0.8978 (0.8691)  loss_fgl_dn_2: 1.0359 (1.0414)  loss_ddf_dn_2: 0.0041 (0.0042)  loss_mal_dn_3: 1.9277 (2.0656)  loss_bbox_dn_3: 0.5992 (0.5760)  loss_giou_dn_3: 0.8808 (0.8587)  loss_fgl_dn_3: 1.0362 (1.0469)  loss_mal_dn_pre: 1.6768 (1.6876)  loss_bbox_dn_pre: 0.7476 (0.7513)  loss_giou_dn_pre: 1.0796 (1.0812)
Test:  [0/4]  eta: 0:00:01    time: 0.3855  data: 0.3441  max mem: 3583
Test:  [3/4]  eta: 0:00:00    time: 0.1225  data: 0.0881  max mem: 3583
Test: Total time: 0:00:00 (0.1423 s / it)
Averaged stats: 
Accumulating evaluation results...
COCOeval_opt.accumulate() finished...
DONE (t=0.00s).
IoU metric: bbox
 Average Precision  (AP) @[ IoU=0.50:0.95 | area=   all | maxDets=100 ] = 0.026
 Average Precision  (AP) @[ IoU=0.50      | area=   all | maxDets=100 ] = 0.028
 Average Precision  (AP) @[ IoU=0.75      | area=   all | maxDets=100 ] = 0.027
 Average Precision  (AP) @[ IoU=0.50:0.95 | area= small | maxDets=100 ] = -1.000
 Average Precision  (AP) @[ IoU=0.50:0.95 | area=medium | maxDets=100 ] = -1.000
 Average Precision  (AP) @[ IoU=0.50:0.95 | area= large | maxDets=100 ] = 0.041
 Average Recall     (AR) @[ IoU=0.50:0.95 | area=   all | maxDets=  1 ] = 0.067
 Average Recall     (AR) @[ IoU=0.50:0.95 | area=   all | maxDets= 10 ] = 0.130
 Average Recall     (AR) @[ IoU=0.50:0.95 | area=   all | maxDets=100 ] = 0.477
 Average Recall     (AR) @[ IoU=0.50:0.95 | area= small | maxDets=100 ] = -1.000
 Average Recall     (AR) @[ IoU=0.50:0.95 | area=medium | maxDets=100 ] = -1.000
 Average Recall     (AR) @[ IoU=0.50:0.95 | area= large | maxDets=100 ] = 0.477
 Average Recall     (AR) @[ IoU=0.50      | area=   all | maxDets=100 ] = 0.600
 Average Recall     (AR) @[ IoU=0.75      | area=   all | maxDets=100 ] = 0.533
best_stat: {'epoch': 43, 'coco_eval_bbox': 0.02605517683897545}
Epoch: [44]  [0/8]  eta: 0:00:08  lr: 0.000001  loss: 44.9438 (44.9438)  loss_mal: 1.8242 (1.8242)  loss_bbox: 0.5685 (0.5685)  loss_giou: 1.0618 (1.0618)  loss_fgl: 0.8658 (0.8658)  loss_mal_aux_0: 1.4014 (1.4014)  loss_bbox_aux_0: 0.6279 (0.6279)  loss_giou_aux_0: 1.2652 (1.2652)  loss_fgl_aux_0: 0.8109 (0.8109)  loss_ddf_aux_0: 0.0827 (0.0827)  loss_mal_aux_1: 1.8555 (1.8555)  loss_bbox_aux_1: 0.5832 (0.5832)  loss_giou_aux_1: 1.1032 (1.1032)  loss_fgl_aux_1: 0.8526 (0.8526)  loss_ddf_aux_1: 0.0185 (0.0185)  loss_mal_aux_2: 1.8994 (1.8994)  loss_bbox_aux_2: 0.5630 (0.5630)  loss_giou_aux_2: 1.0591 (1.0591)  loss_fgl_aux_2: 0.8674 (0.8674)  loss_ddf_aux_2: 0.0012 (0.0012)  loss_mal_pre: 1.4541 (1.4541)  loss_bbox_pre: 0.6044 (0.6044)  loss_giou_pre: 1.2318 (1.2318)  loss_mal_enc_0: 1.2764 (1.2764)  loss_bbox_enc_0: 0.6432 (0.6432)  loss_giou_enc_0: 1.3835 (1.3835)  loss_mal_dn_0: 1.5020 (1.5020)  loss_bbox_dn_0: 0.6964 (0.6964)  loss_giou_dn_0: 1.1427 (1.1427)  loss_fgl_dn_0: 0.9615 (0.9615)  loss_ddf_dn_0: 0.1445 (0.1445)  loss_mal_dn_1: 2.0117 (2.0117)  loss_bbox_dn_1: 0.5175 (0.5175)  loss_giou_dn_1: 0.9582 (0.9582)  loss_fgl_dn_1: 0.9503 (0.9503)  loss_ddf_dn_1: 0.0300 (0.0300)  loss_mal_dn_2: 2.0254 (2.0254)  loss_bbox_dn_2: 0.5257 (0.5257)  loss_giou_dn_2: 0.9157 (0.9157)  loss_fgl_dn_2: 0.9644 (0.9644)  loss_ddf_dn_2: 0.0029 (0.0029)  loss_mal_dn_3: 1.9648 (1.9648)  loss_bbox_dn_3: 0.5154 (0.5154)  loss_giou_dn_3: 0.9124 (0.9124)  loss_fgl_dn_3: 0.9661 (0.9661)  loss_mal_dn_pre: 1.5264 (1.5264)  loss_bbox_dn_pre: 0.6801 (0.6801)  loss_giou_dn_pre: 1.1247 (1.1247)  time: 1.0145  data: 0.7998  max mem: 3583
Epoch: [44]  [7/8]  eta: 0:00:00  lr: 0.000001  loss: 48.8815 (48.6163)  loss_mal: 2.1504 (2.2953)  loss_bbox: 0.4535 (0.5662)  loss_giou: 0.8578 (0.9013)  loss_fgl: 0.9404 (0.9441)  loss_mal_aux_0: 1.6523 (1.8270)  loss_bbox_aux_0: 0.5850 (0.6684)  loss_giou_aux_0: 1.1903 (1.1473)  loss_fgl_aux_0: 0.8651 (0.8976)  loss_ddf_aux_0: 0.1555 (0.1625)  loss_mal_aux_1: 2.1504 (2.2725)  loss_bbox_aux_1: 0.4717 (0.5795)  loss_giou_aux_1: 0.9544 (0.9485)  loss_fgl_aux_1: 0.9348 (0.9362)  loss_ddf_aux_1: 0.0285 (0.0316)  loss_mal_aux_2: 2.2246 (2.3893)  loss_bbox_aux_2: 0.4525 (0.5685)  loss_giou_aux_2: 0.8721 (0.9017)  loss_fgl_aux_2: 0.9432 (0.9422)  loss_ddf_aux_2: 0.0024 (0.0024)  loss_mal_pre: 1.6182 (1.8314)  loss_bbox_pre: 0.5603 (0.6620)  loss_giou_pre: 1.1839 (1.1480)  loss_mal_enc_0: 1.4336 (1.5675)  loss_bbox_enc_0: 0.6407 (0.7378)  loss_giou_enc_0: 1.3271 (1.3365)  loss_mal_dn_0: 1.7979 (1.8494)  loss_bbox_dn_0: 0.6964 (0.6803)  loss_giou_dn_0: 1.0205 (1.0085)  loss_fgl_dn_0: 1.0614 (1.0775)  loss_ddf_dn_0: 0.2271 (0.2284)  loss_mal_dn_1: 2.2930 (2.2981)  loss_bbox_dn_1: 0.5175 (0.5198)  loss_giou_dn_1: 0.7575 (0.8013)  loss_fgl_dn_1: 1.0404 (1.0394)  loss_ddf_dn_1: 0.0402 (0.0433)  loss_mal_dn_2: 2.4766 (2.4456)  loss_bbox_dn_2: 0.4440 (0.4742)  loss_giou_dn_2: 0.6651 (0.7203)  loss_fgl_dn_2: 1.0551 (1.0493)  loss_ddf_dn_2: 0.0041 (0.0042)  loss_mal_dn_3: 2.3770 (2.3496)  loss_bbox_dn_3: 0.4306 (0.4645)  loss_giou_dn_3: 0.6527 (0.7093)  loss_fgl_dn_3: 1.0607 (1.0541)  loss_mal_dn_pre: 1.8096 (1.8644)  loss_bbox_dn_pre: 0.6801 (0.6710)  loss_giou_dn_pre: 1.0162 (0.9987)  time: 0.2464  data: 0.1018  max mem: 3583
Epoch: [44] Total time: 0:00:02 (0.2565 s / it)
Averaged stats: lr: 0.000001  loss: 48.8815 (48.6163)  loss_mal: 2.1504 (2.2953)  loss_bbox: 0.4535 (0.5662)  loss_giou: 0.8578 (0.9013)  loss_fgl: 0.9404 (0.9441)  loss_mal_aux_0: 1.6523 (1.8270)  loss_bbox_aux_0: 0.5850 (0.6684)  loss_giou_aux_0: 1.1903 (1.1473)  loss_fgl_aux_0: 0.8651 (0.8976)  loss_ddf_aux_0: 0.1555 (0.1625)  loss_mal_aux_1: 2.1504 (2.2725)  loss_bbox_aux_1: 0.4717 (0.5795)  loss_giou_aux_1: 0.9544 (0.9485)  loss_fgl_aux_1: 0.9348 (0.9362)  loss_ddf_aux_1: 0.0285 (0.0316)  loss_mal_aux_2: 2.2246 (2.3893)  loss_bbox_aux_2: 0.4525 (0.5685)  loss_giou_aux_2: 0.8721 (0.9017)  loss_fgl_aux_2: 0.9432 (0.9422)  loss_ddf_aux_2: 0.0024 (0.0024)  loss_mal_pre: 1.6182 (1.8314)  loss_bbox_pre: 0.5603 (0.6620)  loss_giou_pre: 1.1839 (1.1480)  loss_mal_enc_0: 1.4336 (1.5675)  loss_bbox_enc_0: 0.6407 (0.7378)  loss_giou_enc_0: 1.3271 (1.3365)  loss_mal_dn_0: 1.7979 (1.8494)  loss_bbox_dn_0: 0.6964 (0.6803)  loss_giou_dn_0: 1.0205 (1.0085)  loss_fgl_dn_0: 1.0614 (1.0775)  loss_ddf_dn_0: 0.2271 (0.2284)  loss_mal_dn_1: 2.2930 (2.2981)  loss_bbox_dn_1: 0.5175 (0.5198)  loss_giou_dn_1: 0.7575 (0.8013)  loss_fgl_dn_1: 1.0404 (1.0394)  loss_ddf_dn_1: 0.0402 (0.0433)  loss_mal_dn_2: 2.4766 (2.4456)  loss_bbox_dn_2: 0.4440 (0.4742)  loss_giou_dn_2: 0.6651 (0.7203)  loss_fgl_dn_2: 1.0551 (1.0493)  loss_ddf_dn_2: 0.0041 (0.0042)  loss_mal_dn_3: 2.3770 (2.3496)  loss_bbox_dn_3: 0.4306 (0.4645)  loss_giou_dn_3: 0.6527 (0.7093)  loss_fgl_dn_3: 1.0607 (1.0541)  loss_mal_dn_pre: 1.8096 (1.8644)  loss_bbox_dn_pre: 0.6801 (0.6710)  loss_giou_dn_pre: 1.0162 (0.9987)
Test:  [0/4]  eta: 0:00:01    time: 0.3578  data: 0.3190  max mem: 3583
Test:  [3/4]  eta: 0:00:00    time: 0.1142  data: 0.0817  max mem: 3583
Test: Total time: 0:00:00 (0.1287 s / it)
Averaged stats: 
Accumulating evaluation results...
COCOeval_opt.accumulate() finished...
DONE (t=0.00s).
IoU metric: bbox
 Average Precision  (AP) @[ IoU=0.50:0.95 | area=   all | maxDets=100 ] = 0.032
 Average Precision  (AP) @[ IoU=0.50      | area=   all | maxDets=100 ] = 0.037
 Average Precision  (AP) @[ IoU=0.75      | area=   all | maxDets=100 ] = 0.035
 Average Precision  (AP) @[ IoU=0.50:0.95 | area= small | maxDets=100 ] = -1.000
 Average Precision  (AP) @[ IoU=0.50:0.95 | area=medium | maxDets=100 ] = -1.000
 Average Precision  (AP) @[ IoU=0.50:0.95 | area= large | maxDets=100 ] = 0.045
 Average Recall     (AR) @[ IoU=0.50:0.95 | area=   all | maxDets=  1 ] = 0.033
 Average Recall     (AR) @[ IoU=0.50:0.95 | area=   all | maxDets= 10 ] = 0.187
 Average Recall     (AR) @[ IoU=0.50:0.95 | area=   all | maxDets=100 ] = 0.510
 Average Recall     (AR) @[ IoU=0.50:0.95 | area= small | maxDets=100 ] = -1.000
 Average Recall     (AR) @[ IoU=0.50:0.95 | area=medium | maxDets=100 ] = -1.000
 Average Recall     (AR) @[ IoU=0.50:0.95 | area= large | maxDets=100 ] = 0.510
 Average Recall     (AR) @[ IoU=0.50      | area=   all | maxDets=100 ] = 0.633
 Average Recall     (AR) @[ IoU=0.75      | area=   all | maxDets=100 ] = 0.567
best_stat: {'epoch': 44, 'coco_eval_bbox': 0.03202870572461776}
Epoch: [45]  [0/8]  eta: 0:00:05  lr: 0.000001  loss: 47.7318 (47.7318)  loss_mal: 1.9941 (1.9941)  loss_bbox: 0.5231 (0.5231)  loss_giou: 1.0329 (1.0329)  loss_fgl: 0.8757 (0.8757)  loss_mal_aux_0: 1.6689 (1.6689)  loss_bbox_aux_0: 0.6433 (0.6433)  loss_giou_aux_0: 1.3183 (1.3183)  loss_fgl_aux_0: 0.8665 (0.8665)  loss_ddf_aux_0: 0.1953 (0.1953)  loss_mal_aux_1: 2.0117 (2.0117)  loss_bbox_aux_1: 0.5500 (0.5500)  loss_giou_aux_1: 1.0935 (1.0935)  loss_fgl_aux_1: 0.8733 (0.8733)  loss_ddf_aux_1: 0.0312 (0.0312)  loss_mal_aux_2: 2.0742 (2.0742)  loss_bbox_aux_2: 0.5344 (0.5344)  loss_giou_aux_2: 1.0316 (1.0316)  loss_fgl_aux_2: 0.8784 (0.8784)  loss_ddf_aux_2: 0.0020 (0.0020)  loss_mal_pre: 1.6611 (1.6611)  loss_bbox_pre: 0.6345 (0.6345)  loss_giou_pre: 1.3410 (1.3410)  loss_mal_enc_0: 1.2393 (1.2393)  loss_bbox_enc_0: 0.7714 (0.7714)  loss_giou_enc_0: 1.6006 (1.6006)  loss_mal_dn_0: 2.0801 (2.0801)  loss_bbox_dn_0: 0.4519 (0.4519)  loss_giou_dn_0: 0.8968 (0.8968)  loss_fgl_dn_0: 1.1473 (1.1473)  loss_ddf_dn_0: 0.2669 (0.2669)  loss_mal_dn_1: 2.5684 (2.5684)  loss_bbox_dn_1: 0.3601 (0.3601)  loss_giou_dn_1: 0.6888 (0.6888)  loss_fgl_dn_1: 1.0701 (1.0701)  loss_ddf_dn_1: 0.0505 (0.0505)  loss_mal_dn_2: 2.7090 (2.7090)  loss_bbox_dn_2: 0.3187 (0.3187)  loss_giou_dn_2: 0.6108 (0.6108)  loss_fgl_dn_2: 1.0611 (1.0611)  loss_ddf_dn_2: 0.0040 (0.0040)  loss_mal_dn_3: 2.6074 (2.6074)  loss_bbox_dn_3: 0.3073 (0.3073)  loss_giou_dn_3: 0.6017 (0.6017)  loss_fgl_dn_3: 1.0647 (1.0647)  loss_mal_dn_pre: 2.0781 (2.0781)  loss_bbox_dn_pre: 0.4445 (0.4445)  loss_giou_dn_pre: 0.8974 (0.8974)  time: 0.7498  data: 0.5617  max mem: 3583
Epoch: [45]  [7/8]  eta: 0:00:00  lr: 0.000001  loss: 48.2074 (48.1983)  loss_mal: 1.9941 (2.1458)  loss_bbox: 0.4627 (0.5369)  loss_giou: 0.8946 (1.0030)  loss_fgl: 0.9286 (0.9392)  loss_mal_aux_0: 1.6689 (1.6809)  loss_bbox_aux_0: 0.5743 (0.6623)  loss_giou_aux_0: 1.1832 (1.3111)  loss_fgl_aux_0: 0.8665 (0.8623)  loss_ddf_aux_0: 0.1953 (0.1846)  loss_mal_aux_1: 2.0117 (2.1451)  loss_bbox_aux_1: 0.4829 (0.5646)  loss_giou_aux_1: 0.9429 (1.0698)  loss_fgl_aux_1: 0.9126 (0.9332)  loss_ddf_aux_1: 0.0312 (0.0384)  loss_mal_aux_2: 2.0742 (2.2306)  loss_bbox_aux_2: 0.4671 (0.5419)  loss_giou_aux_2: 0.9027 (1.0036)  loss_fgl_aux_2: 0.9332 (0.9409)  loss_ddf_aux_2: 0.0026 (0.0027)  loss_mal_pre: 1.6611 (1.6653)  loss_bbox_pre: 0.6110 (0.6716)  loss_giou_pre: 1.2269 (1.3300)  loss_mal_enc_0: 1.3242 (1.4519)  loss_bbox_enc_0: 0.7103 (0.7439)  loss_giou_enc_0: 1.3620 (1.4735)  loss_mal_dn_0: 1.7080 (1.8507)  loss_bbox_dn_0: 0.4833 (0.6195)  loss_giou_dn_0: 1.0393 (1.0028)  loss_fgl_dn_0: 1.0536 (1.0727)  loss_ddf_dn_0: 0.1824 (0.2105)  loss_mal_dn_1: 2.2285 (2.2948)  loss_bbox_dn_1: 0.3949 (0.4884)  loss_giou_dn_1: 0.7864 (0.8007)  loss_fgl_dn_1: 1.0450 (1.0616)  loss_ddf_dn_1: 0.0374 (0.0425)  loss_mal_dn_2: 2.3008 (2.3771)  loss_bbox_dn_2: 0.3715 (0.4555)  loss_giou_dn_2: 0.6822 (0.7376)  loss_fgl_dn_2: 1.0482 (1.0610)  loss_ddf_dn_2: 0.0040 (0.0039)  loss_mal_dn_3: 2.1953 (2.2886)  loss_bbox_dn_3: 0.3558 (0.4400)  loss_giou_dn_3: 0.6623 (0.7220)  loss_fgl_dn_3: 1.0547 (1.0672)  loss_mal_dn_pre: 1.7285 (1.8624)  loss_bbox_dn_pre: 0.4828 (0.6110)  loss_giou_dn_pre: 1.0316 (0.9952)  time: 0.2318  data: 0.0826  max mem: 3583
Epoch: [45] Total time: 0:00:01 (0.2428 s / it)
Averaged stats: lr: 0.000001  loss: 48.2074 (48.1983)  loss_mal: 1.9941 (2.1458)  loss_bbox: 0.4627 (0.5369)  loss_giou: 0.8946 (1.0030)  loss_fgl: 0.9286 (0.9392)  loss_mal_aux_0: 1.6689 (1.6809)  loss_bbox_aux_0: 0.5743 (0.6623)  loss_giou_aux_0: 1.1832 (1.3111)  loss_fgl_aux_0: 0.8665 (0.8623)  loss_ddf_aux_0: 0.1953 (0.1846)  loss_mal_aux_1: 2.0117 (2.1451)  loss_bbox_aux_1: 0.4829 (0.5646)  loss_giou_aux_1: 0.9429 (1.0698)  loss_fgl_aux_1: 0.9126 (0.9332)  loss_ddf_aux_1: 0.0312 (0.0384)  loss_mal_aux_2: 2.0742 (2.2306)  loss_bbox_aux_2: 0.4671 (0.5419)  loss_giou_aux_2: 0.9027 (1.0036)  loss_fgl_aux_2: 0.9332 (0.9409)  loss_ddf_aux_2: 0.0026 (0.0027)  loss_mal_pre: 1.6611 (1.6653)  loss_bbox_pre: 0.6110 (0.6716)  loss_giou_pre: 1.2269 (1.3300)  loss_mal_enc_0: 1.3242 (1.4519)  loss_bbox_enc_0: 0.7103 (0.7439)  loss_giou_enc_0: 1.3620 (1.4735)  loss_mal_dn_0: 1.7080 (1.8507)  loss_bbox_dn_0: 0.4833 (0.6195)  loss_giou_dn_0: 1.0393 (1.0028)  loss_fgl_dn_0: 1.0536 (1.0727)  loss_ddf_dn_0: 0.1824 (0.2105)  loss_mal_dn_1: 2.2285 (2.2948)  loss_bbox_dn_1: 0.3949 (0.4884)  loss_giou_dn_1: 0.7864 (0.8007)  loss_fgl_dn_1: 1.0450 (1.0616)  loss_ddf_dn_1: 0.0374 (0.0425)  loss_mal_dn_2: 2.3008 (2.3771)  loss_bbox_dn_2: 0.3715 (0.4555)  loss_giou_dn_2: 0.6822 (0.7376)  loss_fgl_dn_2: 1.0482 (1.0610)  loss_ddf_dn_2: 0.0040 (0.0039)  loss_mal_dn_3: 2.1953 (2.2886)  loss_bbox_dn_3: 0.3558 (0.4400)  loss_giou_dn_3: 0.6623 (0.7220)  loss_fgl_dn_3: 1.0547 (1.0672)  loss_mal_dn_pre: 1.7285 (1.8624)  loss_bbox_dn_pre: 0.4828 (0.6110)  loss_giou_dn_pre: 1.0316 (0.9952)
Test:  [0/4]  eta: 0:00:01    time: 0.3731  data: 0.3363  max mem: 3583
Test:  [3/4]  eta: 0:00:00    time: 0.1528  data: 0.0861  max mem: 3583
Test: Total time: 0:00:00 (0.1752 s / it)
Averaged stats: 
Accumulating evaluation results...
COCOeval_opt.accumulate() finished...
DONE (t=0.00s).
IoU metric: bbox
 Average Precision  (AP) @[ IoU=0.50:0.95 | area=   all | maxDets=100 ] = 0.051
 Average Precision  (AP) @[ IoU=0.50      | area=   all | maxDets=100 ] = 0.061
 Average Precision  (AP) @[ IoU=0.75      | area=   all | maxDets=100 ] = 0.054
 Average Precision  (AP) @[ IoU=0.50:0.95 | area= small | maxDets=100 ] = -1.000
 Average Precision  (AP) @[ IoU=0.50:0.95 | area=medium | maxDets=100 ] = -1.000
 Average Precision  (AP) @[ IoU=0.50:0.95 | area= large | maxDets=100 ] = 0.061
 Average Recall     (AR) @[ IoU=0.50:0.95 | area=   all | maxDets=  1 ] = 0.093
 Average Recall     (AR) @[ IoU=0.50:0.95 | area=   all | maxDets= 10 ] = 0.307
 Average Recall     (AR) @[ IoU=0.50:0.95 | area=   all | maxDets=100 ] = 0.470
 Average Recall     (AR) @[ IoU=0.50:0.95 | area= small | maxDets=100 ] = -1.000
 Average Recall     (AR) @[ IoU=0.50:0.95 | area=medium | maxDets=100 ] = -1.000
 Average Recall     (AR) @[ IoU=0.50:0.95 | area= large | maxDets=100 ] = 0.470
 Average Recall     (AR) @[ IoU=0.50      | area=   all | maxDets=100 ] = 0.600
 Average Recall     (AR) @[ IoU=0.75      | area=   all | maxDets=100 ] = 0.533
best_stat: {'epoch': 45, 'coco_eval_bbox': 0.05085050853927074}
Epoch: [46]  [0/8]  eta: 0:00:06  lr: 0.000001  loss: 49.0492 (49.0492)  loss_mal: 1.7998 (1.7998)  loss_bbox: 0.7751 (0.7751)  loss_giou: 1.1200 (1.1200)  loss_fgl: 0.9678 (0.9678)  loss_mal_aux_0: 1.4863 (1.4863)  loss_bbox_aux_0: 0.9078 (0.9078)  loss_giou_aux_0: 1.3238 (1.3238)  loss_fgl_aux_0: 0.9003 (0.9003)  loss_ddf_aux_0: 0.1881 (0.1881)  loss_mal_aux_1: 1.7373 (1.7373)  loss_bbox_aux_1: 0.8533 (0.8533)  loss_giou_aux_1: 1.1739 (1.1739)  loss_fgl_aux_1: 0.9466 (0.9466)  loss_ddf_aux_1: 0.0383 (0.0383)  loss_mal_aux_2: 1.8760 (1.8760)  loss_bbox_aux_2: 0.7926 (0.7926)  loss_giou_aux_2: 1.1221 (1.1221)  loss_fgl_aux_2: 0.9802 (0.9802)  loss_ddf_aux_2: 0.0037 (0.0037)  loss_mal_pre: 1.4629 (1.4629)  loss_bbox_pre: 0.8993 (0.8993)  loss_giou_pre: 1.3216 (1.3216)  loss_mal_enc_0: 1.3311 (1.3311)  loss_bbox_enc_0: 0.9780 (0.9780)  loss_giou_enc_0: 1.4376 (1.4376)  loss_mal_dn_0: 1.8379 (1.8379)  loss_bbox_dn_0: 0.7721 (0.7721)  loss_giou_dn_0: 1.0273 (1.0273)  loss_fgl_dn_0: 1.0879 (1.0879)  loss_ddf_dn_0: 0.2408 (0.2408)  loss_mal_dn_1: 2.1270 (2.1270)  loss_bbox_dn_1: 0.6337 (0.6337)  loss_giou_dn_1: 0.8841 (0.8841)  loss_fgl_dn_1: 1.0565 (1.0565)  loss_ddf_dn_1: 0.0460 (0.0460)  loss_mal_dn_2: 2.2207 (2.2207)  loss_bbox_dn_2: 0.5788 (0.5788)  loss_giou_dn_2: 0.8298 (0.8298)  loss_fgl_dn_2: 1.0585 (1.0585)  loss_ddf_dn_2: 0.0051 (0.0051)  loss_mal_dn_3: 2.1504 (2.1504)  loss_bbox_dn_3: 0.5586 (0.5586)  loss_giou_dn_3: 0.8115 (0.8115)  loss_fgl_dn_3: 1.0707 (1.0707)  loss_mal_dn_pre: 1.8730 (1.8730)  loss_bbox_dn_pre: 0.7454 (0.7454)  loss_giou_dn_pre: 1.0101 (1.0101)  time: 0.8055  data: 0.5885  max mem: 3583
Epoch: [46]  [7/8]  eta: 0:00:00  lr: 0.000001  loss: 47.5730 (48.1482)  loss_mal: 1.7998 (1.9949)  loss_bbox: 0.5991 (0.6535)  loss_giou: 0.9311 (1.0367)  loss_fgl: 0.9601 (0.9330)  loss_mal_aux_0: 1.4863 (1.5089)  loss_bbox_aux_0: 0.7569 (0.7922)  loss_giou_aux_0: 1.2072 (1.3198)  loss_fgl_aux_0: 0.9003 (0.8434)  loss_ddf_aux_0: 0.1881 (0.1828)  loss_mal_aux_1: 1.7373 (1.9219)  loss_bbox_aux_1: 0.6637 (0.6917)  loss_giou_aux_1: 0.9735 (1.1093)  loss_fgl_aux_1: 0.9466 (0.9109)  loss_ddf_aux_1: 0.0414 (0.0416)  loss_mal_aux_2: 1.8799 (2.0884)  loss_bbox_aux_2: 0.6059 (0.6569)  loss_giou_aux_2: 0.9383 (1.0474)  loss_fgl_aux_2: 0.9538 (0.9283)  loss_ddf_aux_2: 0.0030 (0.0031)  loss_mal_pre: 1.4629 (1.5133)  loss_bbox_pre: 0.7664 (0.7898)  loss_giou_pre: 1.2514 (1.3314)  loss_mal_enc_0: 1.3096 (1.3411)  loss_bbox_enc_0: 0.8265 (0.8529)  loss_giou_enc_0: 1.3733 (1.4759)  loss_mal_dn_0: 1.8379 (1.9055)  loss_bbox_dn_0: 0.5719 (0.6324)  loss_giou_dn_0: 0.9588 (0.9830)  loss_fgl_dn_0: 1.0910 (1.0871)  loss_ddf_dn_0: 0.2311 (0.2398)  loss_mal_dn_1: 2.1270 (2.2749)  loss_bbox_dn_1: 0.4456 (0.4973)  loss_giou_dn_1: 0.7850 (0.8017)  loss_fgl_dn_1: 1.0565 (1.0580)  loss_ddf_dn_1: 0.0460 (0.0487)  loss_mal_dn_2: 2.2207 (2.3655)  loss_bbox_dn_2: 0.4024 (0.4572)  loss_giou_dn_2: 0.7485 (0.7403)  loss_fgl_dn_2: 1.0585 (1.0658)  loss_ddf_dn_2: 0.0049 (0.0049)  loss_mal_dn_3: 2.1504 (2.2552)  loss_bbox_dn_3: 0.3976 (0.4422)  loss_giou_dn_3: 0.7365 (0.7243)  loss_fgl_dn_3: 1.0707 (1.0719)  loss_mal_dn_pre: 1.8730 (1.9176)  loss_bbox_dn_pre: 0.5728 (0.6307)  loss_giou_dn_pre: 0.9486 (0.9752)  time: 0.2413  data: 0.1061  max mem: 3583
Epoch: [46] Total time: 0:00:02 (0.2506 s / it)
Averaged stats: lr: 0.000001  loss: 47.5730 (48.1482)  loss_mal: 1.7998 (1.9949)  loss_bbox: 0.5991 (0.6535)  loss_giou: 0.9311 (1.0367)  loss_fgl: 0.9601 (0.9330)  loss_mal_aux_0: 1.4863 (1.5089)  loss_bbox_aux_0: 0.7569 (0.7922)  loss_giou_aux_0: 1.2072 (1.3198)  loss_fgl_aux_0: 0.9003 (0.8434)  loss_ddf_aux_0: 0.1881 (0.1828)  loss_mal_aux_1: 1.7373 (1.9219)  loss_bbox_aux_1: 0.6637 (0.6917)  loss_giou_aux_1: 0.9735 (1.1093)  loss_fgl_aux_1: 0.9466 (0.9109)  loss_ddf_aux_1: 0.0414 (0.0416)  loss_mal_aux_2: 1.8799 (2.0884)  loss_bbox_aux_2: 0.6059 (0.6569)  loss_giou_aux_2: 0.9383 (1.0474)  loss_fgl_aux_2: 0.9538 (0.9283)  loss_ddf_aux_2: 0.0030 (0.0031)  loss_mal_pre: 1.4629 (1.5133)  loss_bbox_pre: 0.7664 (0.7898)  loss_giou_pre: 1.2514 (1.3314)  loss_mal_enc_0: 1.3096 (1.3411)  loss_bbox_enc_0: 0.8265 (0.8529)  loss_giou_enc_0: 1.3733 (1.4759)  loss_mal_dn_0: 1.8379 (1.9055)  loss_bbox_dn_0: 0.5719 (0.6324)  loss_giou_dn_0: 0.9588 (0.9830)  loss_fgl_dn_0: 1.0910 (1.0871)  loss_ddf_dn_0: 0.2311 (0.2398)  loss_mal_dn_1: 2.1270 (2.2749)  loss_bbox_dn_1: 0.4456 (0.4973)  loss_giou_dn_1: 0.7850 (0.8017)  loss_fgl_dn_1: 1.0565 (1.0580)  loss_ddf_dn_1: 0.0460 (0.0487)  loss_mal_dn_2: 2.2207 (2.3655)  loss_bbox_dn_2: 0.4024 (0.4572)  loss_giou_dn_2: 0.7485 (0.7403)  loss_fgl_dn_2: 1.0585 (1.0658)  loss_ddf_dn_2: 0.0049 (0.0049)  loss_mal_dn_3: 2.1504 (2.2552)  loss_bbox_dn_3: 0.3976 (0.4422)  loss_giou_dn_3: 0.7365 (0.7243)  loss_fgl_dn_3: 1.0707 (1.0719)  loss_mal_dn_pre: 1.8730 (1.9176)  loss_bbox_dn_pre: 0.5728 (0.6307)  loss_giou_dn_pre: 0.9486 (0.9752)
Test:  [0/4]  eta: 0:00:01    time: 0.3721  data: 0.3277  max mem: 3583
Test:  [3/4]  eta: 0:00:00    time: 0.1209  data: 0.0843  max mem: 3583
Test: Total time: 0:00:00 (0.1423 s / it)
Averaged stats: 
Accumulating evaluation results...
COCOeval_opt.accumulate() finished...
DONE (t=0.00s).
IoU metric: bbox
 Average Precision  (AP) @[ IoU=0.50:0.95 | area=   all | maxDets=100 ] = 0.041
 Average Precision  (AP) @[ IoU=0.50      | area=   all | maxDets=100 ] = 0.046
 Average Precision  (AP) @[ IoU=0.75      | area=   all | maxDets=100 ] = 0.043
 Average Precision  (AP) @[ IoU=0.50:0.95 | area= small | maxDets=100 ] = -1.000
 Average Precision  (AP) @[ IoU=0.50:0.95 | area=medium | maxDets=100 ] = -1.000
 Average Precision  (AP) @[ IoU=0.50:0.95 | area= large | maxDets=100 ] = 0.063
 Average Recall     (AR) @[ IoU=0.50:0.95 | area=   all | maxDets=  1 ] = 0.067
 Average Recall     (AR) @[ IoU=0.50:0.95 | area=   all | maxDets= 10 ] = 0.303
 Average Recall     (AR) @[ IoU=0.50:0.95 | area=   all | maxDets=100 ] = 0.417
 Average Recall     (AR) @[ IoU=0.50:0.95 | area= small | maxDets=100 ] = -1.000
 Average Recall     (AR) @[ IoU=0.50:0.95 | area=medium | maxDets=100 ] = -1.000
 Average Recall     (AR) @[ IoU=0.50:0.95 | area= large | maxDets=100 ] = 0.417
 Average Recall     (AR) @[ IoU=0.50      | area=   all | maxDets=100 ] = 0.533
 Average Recall     (AR) @[ IoU=0.75      | area=   all | maxDets=100 ] = 0.467
best_stat: {'epoch': 45, 'coco_eval_bbox': 0.05085050853927074}
Epoch: [47]  [0/8]  eta: 0:00:08  lr: 0.000001  loss: 49.2128 (49.2128)  loss_mal: 2.6914 (2.6914)  loss_bbox: 0.2988 (0.2988)  loss_giou: 0.5815 (0.5815)  loss_fgl: 1.0438 (1.0438)  loss_mal_aux_0: 2.2188 (2.2188)  loss_bbox_aux_0: 0.5161 (0.5161)  loss_giou_aux_0: 0.9104 (0.9104)  loss_fgl_aux_0: 1.0172 (1.0172)  loss_ddf_aux_0: 0.2490 (0.2490)  loss_mal_aux_1: 2.6836 (2.6836)  loss_bbox_aux_1: 0.3400 (0.3400)  loss_giou_aux_1: 0.6508 (0.6508)  loss_fgl_aux_1: 1.0716 (1.0716)  loss_ddf_aux_1: 0.0402 (0.0402)  loss_mal_aux_2: 2.7480 (2.7480)  loss_bbox_aux_2: 0.3031 (0.3031)  loss_giou_aux_2: 0.5889 (0.5889)  loss_fgl_aux_2: 1.0423 (1.0423)  loss_ddf_aux_2: 0.0022 (0.0022)  loss_mal_pre: 2.1699 (2.1699)  loss_bbox_pre: 0.5336 (0.5336)  loss_giou_pre: 0.9411 (0.9411)  loss_mal_enc_0: 1.8340 (1.8340)  loss_bbox_enc_0: 0.6669 (0.6669)  loss_giou_enc_0: 1.1435 (1.1435)  loss_mal_dn_0: 1.9707 (1.9707)  loss_bbox_dn_0: 0.7426 (0.7426)  loss_giou_dn_0: 0.9450 (0.9450)  loss_fgl_dn_0: 1.1745 (1.1745)  loss_ddf_dn_0: 0.2444 (0.2444)  loss_mal_dn_1: 2.4805 (2.4805)  loss_bbox_dn_1: 0.5724 (0.5724)  loss_giou_dn_1: 0.6946 (0.6946)  loss_fgl_dn_1: 1.0577 (1.0577)  loss_ddf_dn_1: 0.0413 (0.0413)  loss_mal_dn_2: 2.4863 (2.4863)  loss_bbox_dn_2: 0.5423 (0.5423)  loss_giou_dn_2: 0.6568 (0.6568)  loss_fgl_dn_2: 1.0497 (1.0497)  loss_ddf_dn_2: 0.0039 (0.0039)  loss_mal_dn_3: 2.4023 (2.4023)  loss_bbox_dn_3: 0.5172 (0.5172)  loss_giou_dn_3: 0.6342 (0.6342)  loss_fgl_dn_3: 1.0573 (1.0573)  loss_mal_dn_pre: 1.9697 (1.9697)  loss_bbox_dn_pre: 0.7394 (0.7394)  loss_giou_dn_pre: 0.9437 (0.9437)  time: 1.1046  data: 0.9511  max mem: 3583
Epoch: [47]  [7/8]  eta: 0:00:00  lr: 0.000001  loss: 48.0492 (47.4538)  loss_mal: 2.0879 (2.3892)  loss_bbox: 0.2856 (0.3787)  loss_giou: 0.7216 (0.7474)  loss_fgl: 1.0438 (1.0534)  loss_mal_aux_0: 1.6133 (1.9437)  loss_bbox_aux_0: 0.3532 (0.5057)  loss_giou_aux_0: 1.1215 (1.0257)  loss_fgl_aux_0: 0.9839 (0.9973)  loss_ddf_aux_0: 0.1944 (0.2019)  loss_mal_aux_1: 2.0723 (2.3972)  loss_bbox_aux_1: 0.3070 (0.4088)  loss_giou_aux_1: 0.8289 (0.8084)  loss_fgl_aux_1: 1.0642 (1.0412)  loss_ddf_aux_1: 0.0374 (0.0417)  loss_mal_aux_2: 2.2051 (2.4878)  loss_bbox_aux_2: 0.2821 (0.3853)  loss_giou_aux_2: 0.7397 (0.7544)  loss_fgl_aux_2: 1.0423 (1.0467)  loss_ddf_aux_2: 0.0029 (0.0034)  loss_mal_pre: 1.5928 (1.9425)  loss_bbox_pre: 0.3331 (0.4874)  loss_giou_pre: 1.0739 (1.0263)  loss_mal_enc_0: 1.2910 (1.6478)  loss_bbox_enc_0: 0.4272 (0.5709)  loss_giou_enc_0: 1.2073 (1.2404)  loss_mal_dn_0: 1.8896 (1.8285)  loss_bbox_dn_0: 0.5277 (0.6588)  loss_giou_dn_0: 0.9706 (1.0043)  loss_fgl_dn_0: 1.0674 (1.0665)  loss_ddf_dn_0: 0.2106 (0.2097)  loss_mal_dn_1: 2.3359 (2.2711)  loss_bbox_dn_1: 0.4136 (0.4850)  loss_giou_dn_1: 0.7370 (0.8023)  loss_fgl_dn_1: 1.0574 (1.0472)  loss_ddf_dn_1: 0.0413 (0.0407)  loss_mal_dn_2: 2.3105 (2.3439)  loss_bbox_dn_2: 0.3610 (0.4357)  loss_giou_dn_2: 0.6673 (0.7337)  loss_fgl_dn_2: 1.0541 (1.0632)  loss_ddf_dn_2: 0.0044 (0.0048)  loss_mal_dn_3: 2.2109 (2.2467)  loss_bbox_dn_3: 0.3395 (0.4161)  loss_giou_dn_3: 0.6476 (0.7137)  loss_fgl_dn_3: 1.0688 (1.0711)  loss_mal_dn_pre: 1.8994 (1.8492)  loss_bbox_dn_pre: 0.5324 (0.6339)  loss_giou_dn_pre: 0.9703 (0.9946)  time: 0.2488  data: 0.1204  max mem: 3583
Epoch: [47] Total time: 0:00:02 (0.2600 s / it)
Averaged stats: lr: 0.000001  loss: 48.0492 (47.4538)  loss_mal: 2.0879 (2.3892)  loss_bbox: 0.2856 (0.3787)  loss_giou: 0.7216 (0.7474)  loss_fgl: 1.0438 (1.0534)  loss_mal_aux_0: 1.6133 (1.9437)  loss_bbox_aux_0: 0.3532 (0.5057)  loss_giou_aux_0: 1.1215 (1.0257)  loss_fgl_aux_0: 0.9839 (0.9973)  loss_ddf_aux_0: 0.1944 (0.2019)  loss_mal_aux_1: 2.0723 (2.3972)  loss_bbox_aux_1: 0.3070 (0.4088)  loss_giou_aux_1: 0.8289 (0.8084)  loss_fgl_aux_1: 1.0642 (1.0412)  loss_ddf_aux_1: 0.0374 (0.0417)  loss_mal_aux_2: 2.2051 (2.4878)  loss_bbox_aux_2: 0.2821 (0.3853)  loss_giou_aux_2: 0.7397 (0.7544)  loss_fgl_aux_2: 1.0423 (1.0467)  loss_ddf_aux_2: 0.0029 (0.0034)  loss_mal_pre: 1.5928 (1.9425)  loss_bbox_pre: 0.3331 (0.4874)  loss_giou_pre: 1.0739 (1.0263)  loss_mal_enc_0: 1.2910 (1.6478)  loss_bbox_enc_0: 0.4272 (0.5709)  loss_giou_enc_0: 1.2073 (1.2404)  loss_mal_dn_0: 1.8896 (1.8285)  loss_bbox_dn_0: 0.5277 (0.6588)  loss_giou_dn_0: 0.9706 (1.0043)  loss_fgl_dn_0: 1.0674 (1.0665)  loss_ddf_dn_0: 0.2106 (0.2097)  loss_mal_dn_1: 2.3359 (2.2711)  loss_bbox_dn_1: 0.4136 (0.4850)  loss_giou_dn_1: 0.7370 (0.8023)  loss_fgl_dn_1: 1.0574 (1.0472)  loss_ddf_dn_1: 0.0413 (0.0407)  loss_mal_dn_2: 2.3105 (2.3439)  loss_bbox_dn_2: 0.3610 (0.4357)  loss_giou_dn_2: 0.6673 (0.7337)  loss_fgl_dn_2: 1.0541 (1.0632)  loss_ddf_dn_2: 0.0044 (0.0048)  loss_mal_dn_3: 2.2109 (2.2467)  loss_bbox_dn_3: 0.3395 (0.4161)  loss_giou_dn_3: 0.6476 (0.7137)  loss_fgl_dn_3: 1.0688 (1.0711)  loss_mal_dn_pre: 1.8994 (1.8492)  loss_bbox_dn_pre: 0.5324 (0.6339)  loss_giou_dn_pre: 0.9703 (0.9946)
Test:  [0/4]  eta: 0:00:01    time: 0.3746  data: 0.3346  max mem: 3583
Test:  [3/4]  eta: 0:00:00    time: 0.1228  data: 0.0859  max mem: 3583
Test: Total time: 0:00:00 (0.1378 s / it)
Averaged stats: 
Accumulating evaluation results...
COCOeval_opt.accumulate() finished...
DONE (t=0.00s).
IoU metric: bbox
 Average Precision  (AP) @[ IoU=0.50:0.95 | area=   all | maxDets=100 ] = 0.106
 Average Precision  (AP) @[ IoU=0.50      | area=   all | maxDets=100 ] = 0.126
 Average Precision  (AP) @[ IoU=0.75      | area=   all | maxDets=100 ] = 0.109
 Average Precision  (AP) @[ IoU=0.50:0.95 | area= small | maxDets=100 ] = -1.000
 Average Precision  (AP) @[ IoU=0.50:0.95 | area=medium | maxDets=100 ] = -1.000
 Average Precision  (AP) @[ IoU=0.50:0.95 | area= large | maxDets=100 ] = 0.117
 Average Recall     (AR) @[ IoU=0.50:0.95 | area=   all | maxDets=  1 ] = 0.123
 Average Recall     (AR) @[ IoU=0.50:0.95 | area=   all | maxDets= 10 ] = 0.327
 Average Recall     (AR) @[ IoU=0.50:0.95 | area=   all | maxDets=100 ] = 0.610
 Average Recall     (AR) @[ IoU=0.50:0.95 | area= small | maxDets=100 ] = -1.000
 Average Recall     (AR) @[ IoU=0.50:0.95 | area=medium | maxDets=100 ] = -1.000
 Average Recall     (AR) @[ IoU=0.50:0.95 | area= large | maxDets=100 ] = 0.610
 Average Recall     (AR) @[ IoU=0.50      | area=   all | maxDets=100 ] = 0.767
 Average Recall     (AR) @[ IoU=0.75      | area=   all | maxDets=100 ] = 0.667
best_stat: {'epoch': 47, 'coco_eval_bbox': 0.10603630303339359}
Epoch: [48]  [0/8]  eta: 0:00:07  lr: 0.000001  loss: 49.0582 (49.0582)  loss_mal: 2.2383 (2.2383)  loss_bbox: 0.6614 (0.6614)  loss_giou: 0.9138 (0.9138)  loss_fgl: 1.0669 (1.0669)  loss_mal_aux_0: 1.6768 (1.6768)  loss_bbox_aux_0: 0.8121 (0.8121)  loss_giou_aux_0: 1.1926 (1.1926)  loss_fgl_aux_0: 0.8954 (0.8954)  loss_ddf_aux_0: 0.1641 (0.1641)  loss_mal_aux_1: 2.3203 (2.3203)  loss_bbox_aux_1: 0.6931 (0.6931)  loss_giou_aux_1: 0.9584 (0.9584)  loss_fgl_aux_1: 1.0365 (1.0365)  loss_ddf_aux_1: 0.0362 (0.0362)  loss_mal_aux_2: 2.3281 (2.3281)  loss_bbox_aux_2: 0.6659 (0.6659)  loss_giou_aux_2: 0.9195 (0.9195)  loss_fgl_aux_2: 1.0630 (1.0630)  loss_ddf_aux_2: 0.0024 (0.0024)  loss_mal_pre: 1.6357 (1.6357)  loss_bbox_pre: 0.8008 (0.8008)  loss_giou_pre: 1.2070 (1.2070)  loss_mal_enc_0: 1.2930 (1.2930)  loss_bbox_enc_0: 0.9158 (0.9158)  loss_giou_enc_0: 1.4242 (1.4242)  loss_mal_dn_0: 1.4805 (1.4805)  loss_bbox_dn_0: 0.8706 (0.8706)  loss_giou_dn_0: 1.1793 (1.1793)  loss_fgl_dn_0: 1.0282 (1.0282)  loss_ddf_dn_0: 0.2600 (0.2600)  loss_mal_dn_1: 1.9766 (1.9766)  loss_bbox_dn_1: 0.7026 (0.7026)  loss_giou_dn_1: 0.9327 (0.9327)  loss_fgl_dn_1: 1.0237 (1.0237)  loss_ddf_dn_1: 0.0466 (0.0466)  loss_mal_dn_2: 2.0586 (2.0586)  loss_bbox_dn_2: 0.6516 (0.6516)  loss_giou_dn_2: 0.8467 (0.8467)  loss_fgl_dn_2: 1.0595 (1.0595)  loss_ddf_dn_2: 0.0075 (0.0075)  loss_mal_dn_3: 1.9316 (1.9316)  loss_bbox_dn_3: 0.6390 (0.6390)  loss_giou_dn_3: 0.8400 (0.8400)  loss_fgl_dn_3: 1.0577 (1.0577)  loss_mal_dn_pre: 1.4551 (1.4551)  loss_bbox_dn_pre: 0.8976 (0.8976)  loss_giou_dn_pre: 1.1911 (1.1911)  time: 0.9460  data: 0.7931  max mem: 3583
Epoch: [48]  [7/8]  eta: 0:00:00  lr: 0.000001  loss: 48.4775 (48.8939)  loss_mal: 1.9756 (2.0996)  loss_bbox: 0.5900 (0.6027)  loss_giou: 0.9138 (0.9129)  loss_fgl: 0.9640 (1.0145)  loss_mal_aux_0: 1.6553 (1.7349)  loss_bbox_aux_0: 0.7068 (0.7684)  loss_giou_aux_0: 1.1926 (1.1960)  loss_fgl_aux_0: 0.8954 (0.9462)  loss_ddf_aux_0: 0.1666 (0.1963)  loss_mal_aux_1: 1.9619 (2.1458)  loss_bbox_aux_1: 0.6109 (0.6353)  loss_giou_aux_1: 0.9584 (0.9784)  loss_fgl_aux_1: 0.9356 (0.9995)  loss_ddf_aux_1: 0.0362 (0.0416)  loss_mal_aux_2: 2.0977 (2.2507)  loss_bbox_aux_2: 0.5981 (0.6030)  loss_giou_aux_2: 0.9195 (0.9165)  loss_fgl_aux_2: 0.9578 (1.0141)  loss_ddf_aux_2: 0.0032 (0.0035)  loss_mal_pre: 1.6357 (1.7123)  loss_bbox_pre: 0.7064 (0.7235)  loss_giou_pre: 1.2070 (1.2007)  loss_mal_enc_0: 1.3174 (1.4778)  loss_bbox_enc_0: 0.8244 (0.8632)  loss_giou_enc_0: 1.4242 (1.3959)  loss_mal_dn_0: 1.8086 (1.9250)  loss_bbox_dn_0: 0.6148 (0.7071)  loss_giou_dn_0: 0.9876 (0.9627)  loss_fgl_dn_0: 1.1394 (1.1090)  loss_ddf_dn_0: 0.2600 (0.2449)  loss_mal_dn_1: 2.1406 (2.2954)  loss_bbox_dn_1: 0.5037 (0.5770)  loss_giou_dn_1: 0.8451 (0.7869)  loss_fgl_dn_1: 1.0420 (1.0542)  loss_ddf_dn_1: 0.0466 (0.0468)  loss_mal_dn_2: 2.2305 (2.3738)  loss_bbox_dn_2: 0.4163 (0.5162)  loss_giou_dn_2: 0.7633 (0.7132)  loss_fgl_dn_2: 1.0595 (1.0670)  loss_ddf_dn_2: 0.0063 (0.0057)  loss_mal_dn_3: 2.0859 (2.2106)  loss_bbox_dn_3: 0.4064 (0.5029)  loss_giou_dn_3: 0.7496 (0.7021)  loss_fgl_dn_3: 1.0577 (1.0692)  loss_mal_dn_pre: 1.8379 (1.9330)  loss_bbox_dn_pre: 0.6119 (0.6990)  loss_giou_dn_pre: 0.9756 (0.9590)  time: 0.2380  data: 0.1003  max mem: 3583
Epoch: [48] Total time: 0:00:01 (0.2475 s / it)
Averaged stats: lr: 0.000001  loss: 48.4775 (48.8939)  loss_mal: 1.9756 (2.0996)  loss_bbox: 0.5900 (0.6027)  loss_giou: 0.9138 (0.9129)  loss_fgl: 0.9640 (1.0145)  loss_mal_aux_0: 1.6553 (1.7349)  loss_bbox_aux_0: 0.7068 (0.7684)  loss_giou_aux_0: 1.1926 (1.1960)  loss_fgl_aux_0: 0.8954 (0.9462)  loss_ddf_aux_0: 0.1666 (0.1963)  loss_mal_aux_1: 1.9619 (2.1458)  loss_bbox_aux_1: 0.6109 (0.6353)  loss_giou_aux_1: 0.9584 (0.9784)  loss_fgl_aux_1: 0.9356 (0.9995)  loss_ddf_aux_1: 0.0362 (0.0416)  loss_mal_aux_2: 2.0977 (2.2507)  loss_bbox_aux_2: 0.5981 (0.6030)  loss_giou_aux_2: 0.9195 (0.9165)  loss_fgl_aux_2: 0.9578 (1.0141)  loss_ddf_aux_2: 0.0032 (0.0035)  loss_mal_pre: 1.6357 (1.7123)  loss_bbox_pre: 0.7064 (0.7235)  loss_giou_pre: 1.2070 (1.2007)  loss_mal_enc_0: 1.3174 (1.4778)  loss_bbox_enc_0: 0.8244 (0.8632)  loss_giou_enc_0: 1.4242 (1.3959)  loss_mal_dn_0: 1.8086 (1.9250)  loss_bbox_dn_0: 0.6148 (0.7071)  loss_giou_dn_0: 0.9876 (0.9627)  loss_fgl_dn_0: 1.1394 (1.1090)  loss_ddf_dn_0: 0.2600 (0.2449)  loss_mal_dn_1: 2.1406 (2.2954)  loss_bbox_dn_1: 0.5037 (0.5770)  loss_giou_dn_1: 0.8451 (0.7869)  loss_fgl_dn_1: 1.0420 (1.0542)  loss_ddf_dn_1: 0.0466 (0.0468)  loss_mal_dn_2: 2.2305 (2.3738)  loss_bbox_dn_2: 0.4163 (0.5162)  loss_giou_dn_2: 0.7633 (0.7132)  loss_fgl_dn_2: 1.0595 (1.0670)  loss_ddf_dn_2: 0.0063 (0.0057)  loss_mal_dn_3: 2.0859 (2.2106)  loss_bbox_dn_3: 0.4064 (0.5029)  loss_giou_dn_3: 0.7496 (0.7021)  loss_fgl_dn_3: 1.0577 (1.0692)  loss_mal_dn_pre: 1.8379 (1.9330)  loss_bbox_dn_pre: 0.6119 (0.6990)  loss_giou_dn_pre: 0.9756 (0.9590)
Test:  [0/4]  eta: 0:00:01    time: 0.3837  data: 0.3457  max mem: 3583
Test:  [3/4]  eta: 0:00:00    time: 0.1202  data: 0.0885  max mem: 3583
Test: Total time: 0:00:00 (0.1411 s / it)
Averaged stats: 
Accumulating evaluation results...
COCOeval_opt.accumulate() finished...
DONE (t=0.00s).
IoU metric: bbox
 Average Precision  (AP) @[ IoU=0.50:0.95 | area=   all | maxDets=100 ] = 0.101
 Average Precision  (AP) @[ IoU=0.50      | area=   all | maxDets=100 ] = 0.137
 Average Precision  (AP) @[ IoU=0.75      | area=   all | maxDets=100 ] = 0.103
 Average Precision  (AP) @[ IoU=0.50:0.95 | area= small | maxDets=100 ] = -1.000
 Average Precision  (AP) @[ IoU=0.50:0.95 | area=medium | maxDets=100 ] = -1.000
 Average Precision  (AP) @[ IoU=0.50:0.95 | area= large | maxDets=100 ] = 0.119
 Average Recall     (AR) @[ IoU=0.50:0.95 | area=   all | maxDets=  1 ] = 0.163
 Average Recall     (AR) @[ IoU=0.50:0.95 | area=   all | maxDets= 10 ] = 0.357
 Average Recall     (AR) @[ IoU=0.50:0.95 | area=   all | maxDets=100 ] = 0.650
 Average Recall     (AR) @[ IoU=0.50:0.95 | area= small | maxDets=100 ] = -1.000
 Average Recall     (AR) @[ IoU=0.50:0.95 | area=medium | maxDets=100 ] = -1.000
 Average Recall     (AR) @[ IoU=0.50:0.95 | area= large | maxDets=100 ] = 0.650
 Average Recall     (AR) @[ IoU=0.50      | area=   all | maxDets=100 ] = 0.833
 Average Recall     (AR) @[ IoU=0.75      | area=   all | maxDets=100 ] = 0.733
best_stat: {'epoch': 47, 'coco_eval_bbox': 0.10603630303339359}
Epoch: [49]  [0/8]  eta: 0:00:05  lr: 0.000001  loss: 46.3153 (46.3153)  loss_mal: 1.4072 (1.4072)  loss_bbox: 0.8158 (0.8158)  loss_giou: 1.3253 (1.3253)  loss_fgl: 0.8731 (0.8731)  loss_mal_aux_0: 1.2266 (1.2266)  loss_bbox_aux_0: 0.8776 (0.8776)  loss_giou_aux_0: 1.4975 (1.4975)  loss_fgl_aux_0: 0.7649 (0.7649)  loss_ddf_aux_0: 0.1900 (0.1900)  loss_mal_aux_1: 1.3857 (1.3857)  loss_bbox_aux_1: 0.8345 (0.8345)  loss_giou_aux_1: 1.3738 (1.3738)  loss_fgl_aux_1: 0.8425 (0.8425)  loss_ddf_aux_1: 0.0424 (0.0424)  loss_mal_aux_2: 1.4912 (1.4912)  loss_bbox_aux_2: 0.8260 (0.8260)  loss_giou_aux_2: 1.3338 (1.3338)  loss_fgl_aux_2: 0.8673 (0.8673)  loss_ddf_aux_2: 0.0060 (0.0060)  loss_mal_pre: 1.2246 (1.2246)  loss_bbox_pre: 0.7968 (0.7968)  loss_giou_pre: 1.5101 (1.5101)  loss_mal_enc_0: 1.0547 (1.0547)  loss_bbox_enc_0: 0.8666 (0.8666)  loss_giou_enc_0: 1.6826 (1.6826)  loss_mal_dn_0: 1.7998 (1.7998)  loss_bbox_dn_0: 0.5375 (0.5375)  loss_giou_dn_0: 1.0268 (1.0268)  loss_fgl_dn_0: 1.0648 (1.0648)  loss_ddf_dn_0: 0.2540 (0.2540)  loss_mal_dn_1: 2.0723 (2.0723)  loss_bbox_dn_1: 0.4305 (0.4305)  loss_giou_dn_1: 0.8907 (0.8907)  loss_fgl_dn_1: 1.0602 (1.0602)  loss_ddf_dn_1: 0.0531 (0.0531)  loss_mal_dn_2: 2.0605 (2.0605)  loss_bbox_dn_2: 0.4070 (0.4070)  loss_giou_dn_2: 0.8585 (0.8585)  loss_fgl_dn_2: 1.0670 (1.0670)  loss_ddf_dn_2: 0.0072 (0.0072)  loss_mal_dn_3: 1.9326 (1.9326)  loss_bbox_dn_3: 0.3931 (0.3931)  loss_giou_dn_3: 0.8419 (0.8419)  loss_fgl_dn_3: 1.0745 (1.0745)  loss_mal_dn_pre: 1.8047 (1.8047)  loss_bbox_dn_pre: 0.5357 (0.5357)  loss_giou_dn_pre: 1.0261 (1.0261)  time: 0.6771  data: 0.4717  max mem: 3583
Epoch: [49]  [7/8]  eta: 0:00:00  lr: 0.000001  loss: 48.9608 (48.8934)  loss_mal: 2.7012 (2.4408)  loss_bbox: 0.2877 (0.4089)  loss_giou: 0.4769 (0.6745)  loss_fgl: 0.9855 (1.0388)  loss_mal_aux_0: 2.3672 (2.1266)  loss_bbox_aux_0: 0.4177 (0.5813)  loss_giou_aux_0: 0.8342 (0.9766)  loss_fgl_aux_0: 1.0576 (1.0147)  loss_ddf_aux_0: 0.2532 (0.2965)  loss_mal_aux_1: 2.8438 (2.5591)  loss_bbox_aux_1: 0.2960 (0.4419)  loss_giou_aux_1: 0.5420 (0.7423)  loss_fgl_aux_1: 1.0200 (1.0441)  loss_ddf_aux_1: 0.0493 (0.0549)  loss_mal_aux_2: 2.8984 (2.6576)  loss_bbox_aux_2: 0.2860 (0.4169)  loss_giou_aux_2: 0.4831 (0.6859)  loss_fgl_aux_2: 0.9833 (1.0335)  loss_ddf_aux_2: 0.0041 (0.0046)  loss_mal_pre: 2.3438 (2.1282)  loss_bbox_pre: 0.3996 (0.5735)  loss_giou_pre: 0.8328 (0.9930)  loss_mal_enc_0: 1.7422 (1.7753)  loss_bbox_enc_0: 0.6018 (0.6926)  loss_giou_enc_0: 1.1581 (1.2357)  loss_mal_dn_0: 2.0352 (2.0703)  loss_bbox_dn_0: 0.5375 (0.5929)  loss_giou_dn_0: 0.8831 (0.9004)  loss_fgl_dn_0: 1.1290 (1.1182)  loss_ddf_dn_0: 0.3013 (0.3162)  loss_mal_dn_1: 2.4746 (2.4757)  loss_bbox_dn_1: 0.4230 (0.4355)  loss_giou_dn_1: 0.5984 (0.6834)  loss_fgl_dn_1: 1.0638 (1.0631)  loss_ddf_dn_1: 0.0599 (0.0664)  loss_mal_dn_2: 2.6035 (2.5825)  loss_bbox_dn_2: 0.3495 (0.3683)  loss_giou_dn_2: 0.5330 (0.6069)  loss_fgl_dn_2: 1.0533 (1.0578)  loss_ddf_dn_2: 0.0066 (0.0074)  loss_mal_dn_3: 2.4375 (2.3806)  loss_bbox_dn_3: 0.3337 (0.3552)  loss_giou_dn_3: 0.5150 (0.5918)  loss_fgl_dn_3: 1.0554 (1.0627)  loss_mal_dn_pre: 2.0371 (2.0670)  loss_bbox_dn_pre: 0.5357 (0.5920)  loss_giou_dn_pre: 0.8869 (0.9017)  time: 0.2263  data: 0.0661  max mem: 3583
Epoch: [49] Total time: 0:00:01 (0.2340 s / it)
Averaged stats: lr: 0.000001  loss: 48.9608 (48.8934)  loss_mal: 2.7012 (2.4408)  loss_bbox: 0.2877 (0.4089)  loss_giou: 0.4769 (0.6745)  loss_fgl: 0.9855 (1.0388)  loss_mal_aux_0: 2.3672 (2.1266)  loss_bbox_aux_0: 0.4177 (0.5813)  loss_giou_aux_0: 0.8342 (0.9766)  loss_fgl_aux_0: 1.0576 (1.0147)  loss_ddf_aux_0: 0.2532 (0.2965)  loss_mal_aux_1: 2.8438 (2.5591)  loss_bbox_aux_1: 0.2960 (0.4419)  loss_giou_aux_1: 0.5420 (0.7423)  loss_fgl_aux_1: 1.0200 (1.0441)  loss_ddf_aux_1: 0.0493 (0.0549)  loss_mal_aux_2: 2.8984 (2.6576)  loss_bbox_aux_2: 0.2860 (0.4169)  loss_giou_aux_2: 0.4831 (0.6859)  loss_fgl_aux_2: 0.9833 (1.0335)  loss_ddf_aux_2: 0.0041 (0.0046)  loss_mal_pre: 2.3438 (2.1282)  loss_bbox_pre: 0.3996 (0.5735)  loss_giou_pre: 0.8328 (0.9930)  loss_mal_enc_0: 1.7422 (1.7753)  loss_bbox_enc_0: 0.6018 (0.6926)  loss_giou_enc_0: 1.1581 (1.2357)  loss_mal_dn_0: 2.0352 (2.0703)  loss_bbox_dn_0: 0.5375 (0.5929)  loss_giou_dn_0: 0.8831 (0.9004)  loss_fgl_dn_0: 1.1290 (1.1182)  loss_ddf_dn_0: 0.3013 (0.3162)  loss_mal_dn_1: 2.4746 (2.4757)  loss_bbox_dn_1: 0.4230 (0.4355)  loss_giou_dn_1: 0.5984 (0.6834)  loss_fgl_dn_1: 1.0638 (1.0631)  loss_ddf_dn_1: 0.0599 (0.0664)  loss_mal_dn_2: 2.6035 (2.5825)  loss_bbox_dn_2: 0.3495 (0.3683)  loss_giou_dn_2: 0.5330 (0.6069)  loss_fgl_dn_2: 1.0533 (1.0578)  loss_ddf_dn_2: 0.0066 (0.0074)  loss_mal_dn_3: 2.4375 (2.3806)  loss_bbox_dn_3: 0.3337 (0.3552)  loss_giou_dn_3: 0.5150 (0.5918)  loss_fgl_dn_3: 1.0554 (1.0627)  loss_mal_dn_pre: 2.0371 (2.0670)  loss_bbox_dn_pre: 0.5357 (0.5920)  loss_giou_dn_pre: 0.8869 (0.9017)
Test:  [0/4]  eta: 0:00:01    time: 0.3791  data: 0.3409  max mem: 3583
Test:  [3/4]  eta: 0:00:00    time: 0.1212  data: 0.0874  max mem: 3583
Test: Total time: 0:00:00 (0.1448 s / it)
Averaged stats: 
Accumulating evaluation results...
COCOeval_opt.accumulate() finished...
DONE (t=0.00s).
IoU metric: bbox
 Average Precision  (AP) @[ IoU=0.50:0.95 | area=   all | maxDets=100 ] = 0.149
 Average Precision  (AP) @[ IoU=0.50      | area=   all | maxDets=100 ] = 0.180
 Average Precision  (AP) @[ IoU=0.75      | area=   all | maxDets=100 ] = 0.163
 Average Precision  (AP) @[ IoU=0.50:0.95 | area= small | maxDets=100 ] = -1.000
 Average Precision  (AP) @[ IoU=0.50:0.95 | area=medium | maxDets=100 ] = -1.000
 Average Precision  (AP) @[ IoU=0.50:0.95 | area= large | maxDets=100 ] = 0.182
 Average Recall     (AR) @[ IoU=0.50:0.95 | area=   all | maxDets=  1 ] = 0.197
 Average Recall     (AR) @[ IoU=0.50:0.95 | area=   all | maxDets= 10 ] = 0.633
 Average Recall     (AR) @[ IoU=0.50:0.95 | area=   all | maxDets=100 ] = 0.777
 Average Recall     (AR) @[ IoU=0.50:0.95 | area= small | maxDets=100 ] = -1.000
 Average Recall     (AR) @[ IoU=0.50:0.95 | area=medium | maxDets=100 ] = -1.000
 Average Recall     (AR) @[ IoU=0.50:0.95 | area= large | maxDets=100 ] = 0.777
 Average Recall     (AR) @[ IoU=0.50      | area=   all | maxDets=100 ] = 0.933
 Average Recall     (AR) @[ IoU=0.75      | area=   all | maxDets=100 ] = 0.867
best_stat: {'epoch': 49, 'coco_eval_bbox': 0.1494899723307731}
Epoch: [50]  [0/8]  eta: 0:00:07  lr: 0.000001  loss: 58.4246 (58.4246)  loss_mal: 2.0039 (2.0039)  loss_bbox: 1.5473 (1.5473)  loss_giou: 0.9838 (0.9838)  loss_fgl: 1.0089 (1.0089)  loss_mal_aux_0: 1.6885 (1.6885)  loss_bbox_aux_0: 1.6819 (1.6819)  loss_giou_aux_0: 1.1845 (1.1845)  loss_fgl_aux_0: 0.9272 (0.9272)  loss_ddf_aux_0: 0.1348 (0.1348)  loss_mal_aux_1: 2.1035 (2.1035)  loss_bbox_aux_1: 1.6450 (1.6450)  loss_giou_aux_1: 1.0534 (1.0534)  loss_fgl_aux_1: 0.9769 (0.9769)  loss_ddf_aux_1: 0.0331 (0.0331)  loss_mal_aux_2: 2.1543 (2.1543)  loss_bbox_aux_2: 1.5395 (1.5395)  loss_giou_aux_2: 0.9873 (0.9873)  loss_fgl_aux_2: 1.0113 (1.0113)  loss_ddf_aux_2: 0.0046 (0.0046)  loss_mal_pre: 1.6514 (1.6514)  loss_bbox_pre: 1.6008 (1.6008)  loss_giou_pre: 1.1782 (1.1782)  loss_mal_enc_0: 1.4463 (1.4463)  loss_bbox_enc_0: 1.7983 (1.7983)  loss_giou_enc_0: 1.3335 (1.3335)  loss_mal_dn_0: 1.9150 (1.9150)  loss_bbox_dn_0: 1.6904 (1.6904)  loss_giou_dn_0: 0.9682 (0.9682)  loss_fgl_dn_0: 1.1649 (1.1649)  loss_ddf_dn_0: 0.1764 (0.1764)  loss_mal_dn_1: 2.1152 (2.1152)  loss_bbox_dn_1: 1.4406 (1.4406)  loss_giou_dn_1: 0.8664 (0.8664)  loss_fgl_dn_1: 1.0931 (1.0931)  loss_ddf_dn_1: 0.0380 (0.0380)  loss_mal_dn_2: 2.1875 (2.1875)  loss_bbox_dn_2: 1.3529 (1.3529)  loss_giou_dn_2: 0.8000 (0.8000)  loss_fgl_dn_2: 1.1026 (1.1026)  loss_ddf_dn_2: 0.0070 (0.0070)  loss_mal_dn_3: 2.0605 (2.0605)  loss_bbox_dn_3: 1.2871 (1.2871)  loss_giou_dn_3: 0.7754 (0.7754)  loss_fgl_dn_3: 1.1060 (1.1060)  loss_mal_dn_pre: 1.9150 (1.9150)  loss_bbox_dn_pre: 1.7190 (1.7190)  loss_giou_dn_pre: 0.9648 (0.9648)  time: 0.9227  data: 0.7346  max mem: 3583
Epoch: [50]  [7/8]  eta: 0:00:00  lr: 0.000001  loss: 48.7152 (50.6644)  loss_mal: 2.0039 (2.2120)  loss_bbox: 0.5034 (0.7214)  loss_giou: 0.7749 (0.8419)  loss_fgl: 1.0172 (1.0341)  loss_mal_aux_0: 1.7949 (1.9537)  loss_bbox_aux_0: 0.6452 (0.8479)  loss_giou_aux_0: 1.1606 (1.1116)  loss_fgl_aux_0: 0.9272 (0.9757)  loss_ddf_aux_0: 0.2344 (0.2208)  loss_mal_aux_1: 2.1035 (2.3136)  loss_bbox_aux_1: 0.5314 (0.7577)  loss_giou_aux_1: 0.8793 (0.9156)  loss_fgl_aux_1: 0.9992 (1.0159)  loss_ddf_aux_1: 0.0409 (0.0483)  loss_mal_aux_2: 2.1543 (2.4241)  loss_bbox_aux_2: 0.5103 (0.7242)  loss_giou_aux_2: 0.7902 (0.8507)  loss_fgl_aux_2: 1.0113 (1.0275)  loss_ddf_aux_2: 0.0054 (0.0057)  loss_mal_pre: 1.7832 (1.9436)  loss_bbox_pre: 0.6571 (0.8298)  loss_giou_pre: 1.1782 (1.1198)  loss_mal_enc_0: 1.4463 (1.6664)  loss_bbox_enc_0: 0.7189 (0.9469)  loss_giou_enc_0: 1.3335 (1.3031)  loss_mal_dn_0: 1.9580 (2.0454)  loss_bbox_dn_0: 0.5497 (0.7404)  loss_giou_dn_0: 0.8840 (0.9086)  loss_fgl_dn_0: 1.1401 (1.1485)  loss_ddf_dn_0: 0.2571 (0.2832)  loss_mal_dn_1: 2.3320 (2.4102)  loss_bbox_dn_1: 0.4195 (0.5663)  loss_giou_dn_1: 0.6668 (0.7101)  loss_fgl_dn_1: 1.0905 (1.1034)  loss_ddf_dn_1: 0.0551 (0.0567)  loss_mal_dn_2: 2.4824 (2.4546)  loss_bbox_dn_2: 0.3738 (0.5020)  loss_giou_dn_2: 0.5890 (0.6450)  loss_fgl_dn_2: 1.0874 (1.1051)  loss_ddf_dn_2: 0.0072 (0.0077)  loss_mal_dn_3: 2.2305 (2.2495)  loss_bbox_dn_3: 0.3561 (0.4800)  loss_giou_dn_3: 0.5782 (0.6261)  loss_fgl_dn_3: 1.0943 (1.1102)  loss_mal_dn_pre: 1.9805 (2.0603)  loss_bbox_dn_pre: 0.5345 (0.7384)  loss_giou_dn_pre: 0.8860 (0.9007)  time: 0.2410  data: 0.0934  max mem: 3583
Epoch: [50] Total time: 0:00:02 (0.2509 s / it)
Averaged stats: lr: 0.000001  loss: 48.7152 (50.6644)  loss_mal: 2.0039 (2.2120)  loss_bbox: 0.5034 (0.7214)  loss_giou: 0.7749 (0.8419)  loss_fgl: 1.0172 (1.0341)  loss_mal_aux_0: 1.7949 (1.9537)  loss_bbox_aux_0: 0.6452 (0.8479)  loss_giou_aux_0: 1.1606 (1.1116)  loss_fgl_aux_0: 0.9272 (0.9757)  loss_ddf_aux_0: 0.2344 (0.2208)  loss_mal_aux_1: 2.1035 (2.3136)  loss_bbox_aux_1: 0.5314 (0.7577)  loss_giou_aux_1: 0.8793 (0.9156)  loss_fgl_aux_1: 0.9992 (1.0159)  loss_ddf_aux_1: 0.0409 (0.0483)  loss_mal_aux_2: 2.1543 (2.4241)  loss_bbox_aux_2: 0.5103 (0.7242)  loss_giou_aux_2: 0.7902 (0.8507)  loss_fgl_aux_2: 1.0113 (1.0275)  loss_ddf_aux_2: 0.0054 (0.0057)  loss_mal_pre: 1.7832 (1.9436)  loss_bbox_pre: 0.6571 (0.8298)  loss_giou_pre: 1.1782 (1.1198)  loss_mal_enc_0: 1.4463 (1.6664)  loss_bbox_enc_0: 0.7189 (0.9469)  loss_giou_enc_0: 1.3335 (1.3031)  loss_mal_dn_0: 1.9580 (2.0454)  loss_bbox_dn_0: 0.5497 (0.7404)  loss_giou_dn_0: 0.8840 (0.9086)  loss_fgl_dn_0: 1.1401 (1.1485)  loss_ddf_dn_0: 0.2571 (0.2832)  loss_mal_dn_1: 2.3320 (2.4102)  loss_bbox_dn_1: 0.4195 (0.5663)  loss_giou_dn_1: 0.6668 (0.7101)  loss_fgl_dn_1: 1.0905 (1.1034)  loss_ddf_dn_1: 0.0551 (0.0567)  loss_mal_dn_2: 2.4824 (2.4546)  loss_bbox_dn_2: 0.3738 (0.5020)  loss_giou_dn_2: 0.5890 (0.6450)  loss_fgl_dn_2: 1.0874 (1.1051)  loss_ddf_dn_2: 0.0072 (0.0077)  loss_mal_dn_3: 2.2305 (2.2495)  loss_bbox_dn_3: 0.3561 (0.4800)  loss_giou_dn_3: 0.5782 (0.6261)  loss_fgl_dn_3: 1.0943 (1.1102)  loss_mal_dn_pre: 1.9805 (2.0603)  loss_bbox_dn_pre: 0.5345 (0.7384)  loss_giou_dn_pre: 0.8860 (0.9007)
Test:  [0/4]  eta: 0:00:01    time: 0.4147  data: 0.3740  max mem: 3583
Test:  [3/4]  eta: 0:00:00    time: 0.1758  data: 0.0955  max mem: 3583
Test: Total time: 0:00:00 (0.1964 s / it)
Averaged stats: 
Accumulating evaluation results...
COCOeval_opt.accumulate() finished...
DONE (t=0.00s).
IoU metric: bbox
 Average Precision  (AP) @[ IoU=0.50:0.95 | area=   all | maxDets=100 ] = 0.208
 Average Precision  (AP) @[ IoU=0.50      | area=   all | maxDets=100 ] = 0.273
 Average Precision  (AP) @[ IoU=0.75      | area=   all | maxDets=100 ] = 0.232
 Average Precision  (AP) @[ IoU=0.50:0.95 | area= small | maxDets=100 ] = -1.000
 Average Precision  (AP) @[ IoU=0.50:0.95 | area=medium | maxDets=100 ] = -1.000
 Average Precision  (AP) @[ IoU=0.50:0.95 | area= large | maxDets=100 ] = 0.229
 Average Recall     (AR) @[ IoU=0.50:0.95 | area=   all | maxDets=  1 ] = 0.240
 Average Recall     (AR) @[ IoU=0.50:0.95 | area=   all | maxDets= 10 ] = 0.767
 Average Recall     (AR) @[ IoU=0.50:0.95 | area=   all | maxDets=100 ] = 0.823
 Average Recall     (AR) @[ IoU=0.50:0.95 | area= small | maxDets=100 ] = -1.000
 Average Recall     (AR) @[ IoU=0.50:0.95 | area=medium | maxDets=100 ] = -1.000
 Average Recall     (AR) @[ IoU=0.50:0.95 | area= large | maxDets=100 ] = 0.823
 Average Recall     (AR) @[ IoU=0.50      | area=   all | maxDets=100 ] = 1.000
 Average Recall     (AR) @[ IoU=0.75      | area=   all | maxDets=100 ] = 0.967
best_stat: {'epoch': 50, 'coco_eval_bbox': 0.20799172003577907}
Epoch: [51]  [0/8]  eta: 0:00:07  lr: 0.000001  loss: 48.9336 (48.9336)  loss_mal: 2.6113 (2.6113)  loss_bbox: 0.2916 (0.2916)  loss_giou: 0.4705 (0.4705)  loss_fgl: 1.1104 (1.1104)  loss_mal_aux_0: 2.2695 (2.2695)  loss_bbox_aux_0: 0.4719 (0.4719)  loss_giou_aux_0: 0.8455 (0.8455)  loss_fgl_aux_0: 1.1395 (1.1395)  loss_ddf_aux_0: 0.3907 (0.3907)  loss_mal_aux_1: 2.7305 (2.7305)  loss_bbox_aux_1: 0.3567 (0.3567)  loss_giou_aux_1: 0.5754 (0.5754)  loss_fgl_aux_1: 1.1123 (1.1123)  loss_ddf_aux_1: 0.0737 (0.0737)  loss_mal_aux_2: 3.0000 (3.0000)  loss_bbox_aux_2: 0.3010 (0.3010)  loss_giou_aux_2: 0.4762 (0.4762)  loss_fgl_aux_2: 1.1151 (1.1151)  loss_ddf_aux_2: 0.0080 (0.0080)  loss_mal_pre: 2.2617 (2.2617)  loss_bbox_pre: 0.4723 (0.4723)  loss_giou_pre: 0.8703 (0.8703)  loss_mal_enc_0: 1.9619 (1.9619)  loss_bbox_enc_0: 0.6803 (0.6803)  loss_giou_enc_0: 1.1033 (1.1033)  loss_mal_dn_0: 2.1328 (2.1328)  loss_bbox_dn_0: 0.5187 (0.5187)  loss_giou_dn_0: 0.8744 (0.8744)  loss_fgl_dn_0: 1.1647 (1.1647)  loss_ddf_dn_0: 0.4094 (0.4094)  loss_mal_dn_1: 2.5137 (2.5137)  loss_bbox_dn_1: 0.3700 (0.3700)  loss_giou_dn_1: 0.6420 (0.6420)  loss_fgl_dn_1: 1.1135 (1.1135)  loss_ddf_dn_1: 0.0897 (0.0897)  loss_mal_dn_2: 2.6113 (2.6113)  loss_bbox_dn_2: 0.3173 (0.3173)  loss_giou_dn_2: 0.5462 (0.5462)  loss_fgl_dn_2: 1.0946 (1.0946)  loss_ddf_dn_2: 0.0119 (0.0119)  loss_mal_dn_3: 2.3789 (2.3789)  loss_bbox_dn_3: 0.3052 (0.3052)  loss_giou_dn_3: 0.5201 (0.5201)  loss_fgl_dn_3: 1.1012 (1.1012)  loss_mal_dn_pre: 2.1133 (2.1133)  loss_bbox_dn_pre: 0.5219 (0.5219)  loss_giou_dn_pre: 0.8830 (0.8830)  time: 0.9153  data: 0.7293  max mem: 3583
Epoch: [51]  [7/8]  eta: 0:00:00  lr: 0.000001  loss: 48.8101 (48.8345)  loss_mal: 1.8203 (2.0447)  loss_bbox: 0.4947 (0.5713)  loss_giou: 0.8880 (0.9130)  loss_fgl: 0.9869 (0.9700)  loss_mal_aux_0: 1.4424 (1.7789)  loss_bbox_aux_0: 0.7134 (0.7777)  loss_giou_aux_0: 1.1922 (1.2246)  loss_fgl_aux_0: 0.9208 (0.9132)  loss_ddf_aux_0: 0.2087 (0.2365)  loss_mal_aux_1: 1.8760 (2.1797)  loss_bbox_aux_1: 0.5272 (0.6408)  loss_giou_aux_1: 0.9537 (0.9965)  loss_fgl_aux_1: 0.9670 (0.9607)  loss_ddf_aux_1: 0.0561 (0.0591)  loss_mal_aux_2: 1.9961 (2.2621)  loss_bbox_aux_2: 0.5033 (0.5845)  loss_giou_aux_2: 0.8928 (0.9207)  loss_fgl_aux_2: 0.9859 (0.9678)  loss_ddf_aux_2: 0.0080 (0.0082)  loss_mal_pre: 1.4336 (1.7542)  loss_bbox_pre: 0.7615 (0.7975)  loss_giou_pre: 1.1969 (1.2481)  loss_mal_enc_0: 1.3457 (1.5386)  loss_bbox_enc_0: 0.8664 (0.9262)  loss_giou_enc_0: 1.3247 (1.4236)  loss_mal_dn_0: 1.9131 (1.9360)  loss_bbox_dn_0: 0.6284 (0.6829)  loss_giou_dn_0: 0.9383 (0.9531)  loss_fgl_dn_0: 1.0760 (1.0971)  loss_ddf_dn_0: 0.2747 (0.2882)  loss_mal_dn_1: 2.4082 (2.3063)  loss_bbox_dn_1: 0.4979 (0.5238)  loss_giou_dn_1: 0.6778 (0.7565)  loss_fgl_dn_1: 1.0573 (1.0699)  loss_ddf_dn_1: 0.0574 (0.0629)  loss_mal_dn_2: 2.4473 (2.3606)  loss_bbox_dn_2: 0.4385 (0.4540)  loss_giou_dn_2: 0.6070 (0.6758)  loss_fgl_dn_2: 1.0707 (1.0717)  loss_ddf_dn_2: 0.0082 (0.0085)  loss_mal_dn_3: 2.2227 (2.1394)  loss_bbox_dn_3: 0.4181 (0.4368)  loss_giou_dn_3: 0.5979 (0.6594)  loss_fgl_dn_3: 1.0785 (1.0770)  loss_mal_dn_pre: 1.9502 (1.9437)  loss_bbox_dn_pre: 0.6222 (0.6830)  loss_giou_dn_pre: 0.9239 (0.9498)  time: 0.2358  data: 0.0931  max mem: 3583
Epoch: [51] Total time: 0:00:01 (0.2460 s / it)
Averaged stats: lr: 0.000001  loss: 48.8101 (48.8345)  loss_mal: 1.8203 (2.0447)  loss_bbox: 0.4947 (0.5713)  loss_giou: 0.8880 (0.9130)  loss_fgl: 0.9869 (0.9700)  loss_mal_aux_0: 1.4424 (1.7789)  loss_bbox_aux_0: 0.7134 (0.7777)  loss_giou_aux_0: 1.1922 (1.2246)  loss_fgl_aux_0: 0.9208 (0.9132)  loss_ddf_aux_0: 0.2087 (0.2365)  loss_mal_aux_1: 1.8760 (2.1797)  loss_bbox_aux_1: 0.5272 (0.6408)  loss_giou_aux_1: 0.9537 (0.9965)  loss_fgl_aux_1: 0.9670 (0.9607)  loss_ddf_aux_1: 0.0561 (0.0591)  loss_mal_aux_2: 1.9961 (2.2621)  loss_bbox_aux_2: 0.5033 (0.5845)  loss_giou_aux_2: 0.8928 (0.9207)  loss_fgl_aux_2: 0.9859 (0.9678)  loss_ddf_aux_2: 0.0080 (0.0082)  loss_mal_pre: 1.4336 (1.7542)  loss_bbox_pre: 0.7615 (0.7975)  loss_giou_pre: 1.1969 (1.2481)  loss_mal_enc_0: 1.3457 (1.5386)  loss_bbox_enc_0: 0.8664 (0.9262)  loss_giou_enc_0: 1.3247 (1.4236)  loss_mal_dn_0: 1.9131 (1.9360)  loss_bbox_dn_0: 0.6284 (0.6829)  loss_giou_dn_0: 0.9383 (0.9531)  loss_fgl_dn_0: 1.0760 (1.0971)  loss_ddf_dn_0: 0.2747 (0.2882)  loss_mal_dn_1: 2.4082 (2.3063)  loss_bbox_dn_1: 0.4979 (0.5238)  loss_giou_dn_1: 0.6778 (0.7565)  loss_fgl_dn_1: 1.0573 (1.0699)  loss_ddf_dn_1: 0.0574 (0.0629)  loss_mal_dn_2: 2.4473 (2.3606)  loss_bbox_dn_2: 0.4385 (0.4540)  loss_giou_dn_2: 0.6070 (0.6758)  loss_fgl_dn_2: 1.0707 (1.0717)  loss_ddf_dn_2: 0.0082 (0.0085)  loss_mal_dn_3: 2.2227 (2.1394)  loss_bbox_dn_3: 0.4181 (0.4368)  loss_giou_dn_3: 0.5979 (0.6594)  loss_fgl_dn_3: 1.0785 (1.0770)  loss_mal_dn_pre: 1.9502 (1.9437)  loss_bbox_dn_pre: 0.6222 (0.6830)  loss_giou_dn_pre: 0.9239 (0.9498)
Test:  [0/4]  eta: 0:00:01    time: 0.3732  data: 0.3342  max mem: 3583
Test:  [3/4]  eta: 0:00:00    time: 0.1179  data: 0.0859  max mem: 3583
Test: Total time: 0:00:00 (0.1376 s / it)
Averaged stats: 
Accumulating evaluation results...
COCOeval_opt.accumulate() finished...
DONE (t=0.00s).
IoU metric: bbox
 Average Precision  (AP) @[ IoU=0.50:0.95 | area=   all | maxDets=100 ] = 0.183
 Average Precision  (AP) @[ IoU=0.50      | area=   all | maxDets=100 ] = 0.253
 Average Precision  (AP) @[ IoU=0.75      | area=   all | maxDets=100 ] = 0.200
 Average Precision  (AP) @[ IoU=0.50:0.95 | area= small | maxDets=100 ] = -1.000
 Average Precision  (AP) @[ IoU=0.50:0.95 | area=medium | maxDets=100 ] = -1.000
 Average Precision  (AP) @[ IoU=0.50:0.95 | area= large | maxDets=100 ] = 0.191
 Average Recall     (AR) @[ IoU=0.50:0.95 | area=   all | maxDets=  1 ] = 0.240
 Average Recall     (AR) @[ IoU=0.50:0.95 | area=   all | maxDets= 10 ] = 0.760
 Average Recall     (AR) @[ IoU=0.50:0.95 | area=   all | maxDets=100 ] = 0.820
 Average Recall     (AR) @[ IoU=0.50:0.95 | area= small | maxDets=100 ] = -1.000
 Average Recall     (AR) @[ IoU=0.50:0.95 | area=medium | maxDets=100 ] = -1.000
 Average Recall     (AR) @[ IoU=0.50:0.95 | area= large | maxDets=100 ] = 0.820
 Average Recall     (AR) @[ IoU=0.50      | area=   all | maxDets=100 ] = 0.967
 Average Recall     (AR) @[ IoU=0.75      | area=   all | maxDets=100 ] = 0.933
best_stat: {'epoch': 50, 'coco_eval_bbox': 0.20799172003577907}
Epoch: [52]  [0/8]  eta: 0:00:06  lr: 0.000001  loss: 51.0622 (51.0622)  loss_mal: 1.6494 (1.6494)  loss_bbox: 1.0218 (1.0218)  loss_giou: 1.2523 (1.2523)  loss_fgl: 0.9070 (0.9070)  loss_mal_aux_0: 1.4619 (1.4619)  loss_bbox_aux_0: 1.0994 (1.0994)  loss_giou_aux_0: 1.4514 (1.4514)  loss_fgl_aux_0: 0.8664 (0.8664)  loss_ddf_aux_0: 0.1772 (0.1772)  loss_mal_aux_1: 1.7617 (1.7617)  loss_bbox_aux_1: 1.0477 (1.0477)  loss_giou_aux_1: 1.3261 (1.3261)  loss_fgl_aux_1: 0.9089 (0.9089)  loss_ddf_aux_1: 0.0417 (0.0417)  loss_mal_aux_2: 1.7500 (1.7500)  loss_bbox_aux_2: 1.0428 (1.0428)  loss_giou_aux_2: 1.2496 (1.2496)  loss_fgl_aux_2: 0.9080 (0.9080)  loss_ddf_aux_2: 0.0066 (0.0066)  loss_mal_pre: 1.4756 (1.4756)  loss_bbox_pre: 1.0935 (1.0935)  loss_giou_pre: 1.4556 (1.4556)  loss_mal_enc_0: 1.2744 (1.2744)  loss_bbox_enc_0: 1.2070 (1.2070)  loss_giou_enc_0: 1.6388 (1.6388)  loss_mal_dn_0: 2.0859 (2.0859)  loss_bbox_dn_0: 0.8289 (0.8289)  loss_giou_dn_0: 0.8848 (0.8848)  loss_fgl_dn_0: 1.1407 (1.1407)  loss_ddf_dn_0: 0.2611 (0.2611)  loss_mal_dn_1: 2.3535 (2.3535)  loss_bbox_dn_1: 0.6245 (0.6245)  loss_giou_dn_1: 0.7301 (0.7301)  loss_fgl_dn_1: 1.0843 (1.0843)  loss_ddf_dn_1: 0.0459 (0.0459)  loss_mal_dn_2: 2.2910 (2.2910)  loss_bbox_dn_2: 0.5930 (0.5930)  loss_giou_dn_2: 0.6915 (0.6915)  loss_fgl_dn_2: 1.0930 (1.0930)  loss_ddf_dn_2: 0.0105 (0.0105)  loss_mal_dn_3: 2.1250 (2.1250)  loss_bbox_dn_3: 0.5557 (0.5557)  loss_giou_dn_3: 0.6732 (0.6732)  loss_fgl_dn_3: 1.0998 (1.0998)  loss_mal_dn_pre: 2.1113 (2.1113)  loss_bbox_dn_pre: 0.8299 (0.8299)  loss_giou_dn_pre: 0.8735 (0.8735)  time: 0.8495  data: 0.6706  max mem: 3583
Epoch: [52]  [7/8]  eta: 0:00:00  lr: 0.000001  loss: 48.5127 (49.2560)  loss_mal: 1.8047 (2.0714)  loss_bbox: 0.6291 (0.6497)  loss_giou: 0.8569 (0.8554)  loss_fgl: 0.9801 (1.0003)  loss_mal_aux_0: 1.6621 (1.8820)  loss_bbox_aux_0: 0.7759 (0.8104)  loss_giou_aux_0: 1.1893 (1.1471)  loss_fgl_aux_0: 0.8664 (0.9505)  loss_ddf_aux_0: 0.1941 (0.2317)  loss_mal_aux_1: 2.1133 (2.2932)  loss_bbox_aux_1: 0.6485 (0.6857)  loss_giou_aux_1: 0.9604 (0.9310)  loss_fgl_aux_1: 0.9524 (0.9870)  loss_ddf_aux_1: 0.0490 (0.0509)  loss_mal_aux_2: 2.0859 (2.2977)  loss_bbox_aux_2: 0.6331 (0.6559)  loss_giou_aux_2: 0.8782 (0.8664)  loss_fgl_aux_2: 0.9708 (0.9948)  loss_ddf_aux_2: 0.0068 (0.0074)  loss_mal_pre: 1.6904 (1.8740)  loss_bbox_pre: 0.7662 (0.8258)  loss_giou_pre: 1.2153 (1.1654)  loss_mal_enc_0: 1.3086 (1.5427)  loss_bbox_enc_0: 0.8732 (0.9508)  loss_giou_enc_0: 1.3557 (1.3634)  loss_mal_dn_0: 1.8711 (1.9895)  loss_bbox_dn_0: 0.5994 (0.6872)  loss_giou_dn_0: 0.8848 (0.9311)  loss_fgl_dn_0: 1.0814 (1.0929)  loss_ddf_dn_0: 0.2611 (0.2727)  loss_mal_dn_1: 2.2012 (2.3566)  loss_bbox_dn_1: 0.4653 (0.5313)  loss_giou_dn_1: 0.7301 (0.7338)  loss_fgl_dn_1: 1.0257 (1.0551)  loss_ddf_dn_1: 0.0576 (0.0578)  loss_mal_dn_2: 2.1680 (2.3295)  loss_bbox_dn_2: 0.4254 (0.4903)  loss_giou_dn_2: 0.6915 (0.6762)  loss_fgl_dn_2: 1.0434 (1.0581)  loss_ddf_dn_2: 0.0088 (0.0093)  loss_mal_dn_3: 1.9561 (2.0879)  loss_bbox_dn_3: 0.4138 (0.4742)  loss_giou_dn_3: 0.6732 (0.6581)  loss_fgl_dn_3: 1.0516 (1.0645)  loss_mal_dn_pre: 1.8838 (2.0027)  loss_bbox_dn_pre: 0.5907 (0.6813)  loss_giou_dn_pre: 0.8735 (0.9257)  time: 0.2409  data: 0.0867  max mem: 3583
Epoch: [52] Total time: 0:00:01 (0.2486 s / it)
Averaged stats: lr: 0.000001  loss: 48.5127 (49.2560)  loss_mal: 1.8047 (2.0714)  loss_bbox: 0.6291 (0.6497)  loss_giou: 0.8569 (0.8554)  loss_fgl: 0.9801 (1.0003)  loss_mal_aux_0: 1.6621 (1.8820)  loss_bbox_aux_0: 0.7759 (0.8104)  loss_giou_aux_0: 1.1893 (1.1471)  loss_fgl_aux_0: 0.8664 (0.9505)  loss_ddf_aux_0: 0.1941 (0.2317)  loss_mal_aux_1: 2.1133 (2.2932)  loss_bbox_aux_1: 0.6485 (0.6857)  loss_giou_aux_1: 0.9604 (0.9310)  loss_fgl_aux_1: 0.9524 (0.9870)  loss_ddf_aux_1: 0.0490 (0.0509)  loss_mal_aux_2: 2.0859 (2.2977)  loss_bbox_aux_2: 0.6331 (0.6559)  loss_giou_aux_2: 0.8782 (0.8664)  loss_fgl_aux_2: 0.9708 (0.9948)  loss_ddf_aux_2: 0.0068 (0.0074)  loss_mal_pre: 1.6904 (1.8740)  loss_bbox_pre: 0.7662 (0.8258)  loss_giou_pre: 1.2153 (1.1654)  loss_mal_enc_0: 1.3086 (1.5427)  loss_bbox_enc_0: 0.8732 (0.9508)  loss_giou_enc_0: 1.3557 (1.3634)  loss_mal_dn_0: 1.8711 (1.9895)  loss_bbox_dn_0: 0.5994 (0.6872)  loss_giou_dn_0: 0.8848 (0.9311)  loss_fgl_dn_0: 1.0814 (1.0929)  loss_ddf_dn_0: 0.2611 (0.2727)  loss_mal_dn_1: 2.2012 (2.3566)  loss_bbox_dn_1: 0.4653 (0.5313)  loss_giou_dn_1: 0.7301 (0.7338)  loss_fgl_dn_1: 1.0257 (1.0551)  loss_ddf_dn_1: 0.0576 (0.0578)  loss_mal_dn_2: 2.1680 (2.3295)  loss_bbox_dn_2: 0.4254 (0.4903)  loss_giou_dn_2: 0.6915 (0.6762)  loss_fgl_dn_2: 1.0434 (1.0581)  loss_ddf_dn_2: 0.0088 (0.0093)  loss_mal_dn_3: 1.9561 (2.0879)  loss_bbox_dn_3: 0.4138 (0.4742)  loss_giou_dn_3: 0.6732 (0.6581)  loss_fgl_dn_3: 1.0516 (1.0645)  loss_mal_dn_pre: 1.8838 (2.0027)  loss_bbox_dn_pre: 0.5907 (0.6813)  loss_giou_dn_pre: 0.8735 (0.9257)
Test:  [0/4]  eta: 0:00:01    time: 0.4065  data: 0.3692  max mem: 3583
Test:  [3/4]  eta: 0:00:00    time: 0.1263  data: 0.0945  max mem: 3583
Test: Total time: 0:00:00 (0.1441 s / it)
Averaged stats: 
Accumulating evaluation results...
COCOeval_opt.accumulate() finished...
DONE (t=0.00s).
IoU metric: bbox
 Average Precision  (AP) @[ IoU=0.50:0.95 | area=   all | maxDets=100 ] = 0.209
 Average Precision  (AP) @[ IoU=0.50      | area=   all | maxDets=100 ] = 0.290
 Average Precision  (AP) @[ IoU=0.75      | area=   all | maxDets=100 ] = 0.238
 Average Precision  (AP) @[ IoU=0.50:0.95 | area= small | maxDets=100 ] = -1.000
 Average Precision  (AP) @[ IoU=0.50:0.95 | area=medium | maxDets=100 ] = -1.000
 Average Precision  (AP) @[ IoU=0.50:0.95 | area= large | maxDets=100 ] = 0.215
 Average Recall     (AR) @[ IoU=0.50:0.95 | area=   all | maxDets=  1 ] = 0.350
 Average Recall     (AR) @[ IoU=0.50:0.95 | area=   all | maxDets= 10 ] = 0.763
 Average Recall     (AR) @[ IoU=0.50:0.95 | area=   all | maxDets=100 ] = 0.833
 Average Recall     (AR) @[ IoU=0.50:0.95 | area= small | maxDets=100 ] = -1.000
 Average Recall     (AR) @[ IoU=0.50:0.95 | area=medium | maxDets=100 ] = -1.000
 Average Recall     (AR) @[ IoU=0.50:0.95 | area= large | maxDets=100 ] = 0.833
 Average Recall     (AR) @[ IoU=0.50      | area=   all | maxDets=100 ] = 1.000
 Average Recall     (AR) @[ IoU=0.75      | area=   all | maxDets=100 ] = 0.967
best_stat: {'epoch': 52, 'coco_eval_bbox': 0.2086177522858498}
Epoch: [53]  [0/8]  eta: 0:00:06  lr: 0.000001  loss: 47.9080 (47.9080)  loss_mal: 2.1855 (2.1855)  loss_bbox: 0.4280 (0.4280)  loss_giou: 0.7036 (0.7036)  loss_fgl: 1.1094 (1.1094)  loss_mal_aux_0: 1.8740 (1.8740)  loss_bbox_aux_0: 0.5998 (0.5998)  loss_giou_aux_0: 1.0855 (1.0855)  loss_fgl_aux_0: 0.9910 (0.9910)  loss_ddf_aux_0: 0.2972 (0.2972)  loss_mal_aux_1: 2.3887 (2.3887)  loss_bbox_aux_1: 0.4752 (0.4752)  loss_giou_aux_1: 0.7947 (0.7947)  loss_fgl_aux_1: 1.0959 (1.0959)  loss_ddf_aux_1: 0.0697 (0.0697)  loss_mal_aux_2: 2.5117 (2.5117)  loss_bbox_aux_2: 0.4297 (0.4297)  loss_giou_aux_2: 0.7129 (0.7129)  loss_fgl_aux_2: 1.1114 (1.1114)  loss_ddf_aux_2: 0.0082 (0.0082)  loss_mal_pre: 1.8389 (1.8389)  loss_bbox_pre: 0.5958 (0.5958)  loss_giou_pre: 1.0966 (1.0966)  loss_mal_enc_0: 1.8262 (1.8262)  loss_bbox_enc_0: 0.6492 (0.6492)  loss_giou_enc_0: 1.2216 (1.2216)  loss_mal_dn_0: 2.0586 (2.0586)  loss_bbox_dn_0: 0.5510 (0.5510)  loss_giou_dn_0: 0.9030 (0.9030)  loss_fgl_dn_0: 1.1204 (1.1204)  loss_ddf_dn_0: 0.3642 (0.3642)  loss_mal_dn_1: 2.2988 (2.2988)  loss_bbox_dn_1: 0.4206 (0.4206)  loss_giou_dn_1: 0.7331 (0.7331)  loss_fgl_dn_1: 1.1178 (1.1178)  loss_ddf_dn_1: 0.0771 (0.0771)  loss_mal_dn_2: 2.3281 (2.3281)  loss_bbox_dn_2: 0.3718 (0.3718)  loss_giou_dn_2: 0.6619 (0.6619)  loss_fgl_dn_2: 1.1246 (1.1246)  loss_ddf_dn_2: 0.0110 (0.0110)  loss_mal_dn_3: 2.0488 (2.0488)  loss_bbox_dn_3: 0.3441 (0.3441)  loss_giou_dn_3: 0.6305 (0.6305)  loss_fgl_dn_3: 1.1350 (1.1350)  loss_mal_dn_pre: 2.0566 (2.0566)  loss_bbox_dn_pre: 0.5468 (0.5468)  loss_giou_dn_pre: 0.9035 (0.9035)  time: 0.7590  data: 0.5208  max mem: 3583
Epoch: [53]  [7/8]  eta: 0:00:00  lr: 0.000001  loss: 47.9080 (47.6670)  loss_mal: 1.8174 (1.8490)  loss_bbox: 0.6913 (0.6201)  loss_giou: 0.9507 (0.9461)  loss_fgl: 0.9347 (0.9456)  loss_mal_aux_0: 1.7412 (1.7135)  loss_bbox_aux_0: 0.8594 (0.7358)  loss_giou_aux_0: 1.1675 (1.2129)  loss_fgl_aux_0: 0.8575 (0.9142)  loss_ddf_aux_0: 0.2135 (0.2546)  loss_mal_aux_1: 2.0820 (2.0342)  loss_bbox_aux_1: 0.7476 (0.6613)  loss_giou_aux_1: 1.0144 (1.0097)  loss_fgl_aux_1: 0.9481 (0.9393)  loss_ddf_aux_1: 0.0460 (0.0563)  loss_mal_aux_2: 2.1152 (2.0919)  loss_bbox_aux_2: 0.7009 (0.6210)  loss_giou_aux_2: 0.9661 (0.9572)  loss_fgl_aux_2: 0.9381 (0.9435)  loss_ddf_aux_2: 0.0061 (0.0075)  loss_mal_pre: 1.7715 (1.7133)  loss_bbox_pre: 0.7734 (0.7193)  loss_giou_pre: 1.1891 (1.2170)  loss_mal_enc_0: 1.4453 (1.5191)  loss_bbox_enc_0: 0.8749 (0.8069)  loss_giou_enc_0: 1.3645 (1.4089)  loss_mal_dn_0: 2.0449 (2.1005)  loss_bbox_dn_0: 0.5017 (0.5548)  loss_giou_dn_0: 0.8746 (0.8738)  loss_fgl_dn_0: 1.1204 (1.1135)  loss_ddf_dn_0: 0.2795 (0.2980)  loss_mal_dn_1: 2.3984 (2.4426)  loss_bbox_dn_1: 0.3953 (0.4085)  loss_giou_dn_1: 0.6647 (0.6657)  loss_fgl_dn_1: 1.0600 (1.0787)  loss_ddf_dn_1: 0.0670 (0.0648)  loss_mal_dn_2: 2.3418 (2.4219)  loss_bbox_dn_2: 0.3651 (0.3652)  loss_giou_dn_2: 0.5881 (0.5980)  loss_fgl_dn_2: 1.0711 (1.0821)  loss_ddf_dn_2: 0.0107 (0.0100)  loss_mal_dn_3: 2.0723 (2.1371)  loss_bbox_dn_3: 0.3441 (0.3516)  loss_giou_dn_3: 0.5735 (0.5783)  loss_fgl_dn_3: 1.0773 (1.0880)  loss_mal_dn_pre: 2.0566 (2.1163)  loss_bbox_dn_pre: 0.5017 (0.5501)  loss_giou_dn_pre: 0.8727 (0.8694)  time: 0.2786  data: 0.1356  max mem: 3583
Epoch: [53] Total time: 0:00:02 (0.2872 s / it)
Averaged stats: lr: 0.000001  loss: 47.9080 (47.6670)  loss_mal: 1.8174 (1.8490)  loss_bbox: 0.6913 (0.6201)  loss_giou: 0.9507 (0.9461)  loss_fgl: 0.9347 (0.9456)  loss_mal_aux_0: 1.7412 (1.7135)  loss_bbox_aux_0: 0.8594 (0.7358)  loss_giou_aux_0: 1.1675 (1.2129)  loss_fgl_aux_0: 0.8575 (0.9142)  loss_ddf_aux_0: 0.2135 (0.2546)  loss_mal_aux_1: 2.0820 (2.0342)  loss_bbox_aux_1: 0.7476 (0.6613)  loss_giou_aux_1: 1.0144 (1.0097)  loss_fgl_aux_1: 0.9481 (0.9393)  loss_ddf_aux_1: 0.0460 (0.0563)  loss_mal_aux_2: 2.1152 (2.0919)  loss_bbox_aux_2: 0.7009 (0.6210)  loss_giou_aux_2: 0.9661 (0.9572)  loss_fgl_aux_2: 0.9381 (0.9435)  loss_ddf_aux_2: 0.0061 (0.0075)  loss_mal_pre: 1.7715 (1.7133)  loss_bbox_pre: 0.7734 (0.7193)  loss_giou_pre: 1.1891 (1.2170)  loss_mal_enc_0: 1.4453 (1.5191)  loss_bbox_enc_0: 0.8749 (0.8069)  loss_giou_enc_0: 1.3645 (1.4089)  loss_mal_dn_0: 2.0449 (2.1005)  loss_bbox_dn_0: 0.5017 (0.5548)  loss_giou_dn_0: 0.8746 (0.8738)  loss_fgl_dn_0: 1.1204 (1.1135)  loss_ddf_dn_0: 0.2795 (0.2980)  loss_mal_dn_1: 2.3984 (2.4426)  loss_bbox_dn_1: 0.3953 (0.4085)  loss_giou_dn_1: 0.6647 (0.6657)  loss_fgl_dn_1: 1.0600 (1.0787)  loss_ddf_dn_1: 0.0670 (0.0648)  loss_mal_dn_2: 2.3418 (2.4219)  loss_bbox_dn_2: 0.3651 (0.3652)  loss_giou_dn_2: 0.5881 (0.5980)  loss_fgl_dn_2: 1.0711 (1.0821)  loss_ddf_dn_2: 0.0107 (0.0100)  loss_mal_dn_3: 2.0723 (2.1371)  loss_bbox_dn_3: 0.3441 (0.3516)  loss_giou_dn_3: 0.5735 (0.5783)  loss_fgl_dn_3: 1.0773 (1.0880)  loss_mal_dn_pre: 2.0566 (2.1163)  loss_bbox_dn_pre: 0.5017 (0.5501)  loss_giou_dn_pre: 0.8727 (0.8694)
Test:  [0/4]  eta: 0:00:01    time: 0.4134  data: 0.3702  max mem: 3583
Test:  [3/4]  eta: 0:00:00    time: 0.1346  data: 0.0946  max mem: 3583
Test: Total time: 0:00:00 (0.1529 s / it)
Averaged stats: 
Accumulating evaluation results...
COCOeval_opt.accumulate() finished...
DONE (t=0.00s).
IoU metric: bbox
 Average Precision  (AP) @[ IoU=0.50:0.95 | area=   all | maxDets=100 ] = 0.226
 Average Precision  (AP) @[ IoU=0.50      | area=   all | maxDets=100 ] = 0.284
 Average Precision  (AP) @[ IoU=0.75      | area=   all | maxDets=100 ] = 0.271
 Average Precision  (AP) @[ IoU=0.50:0.95 | area= small | maxDets=100 ] = -1.000
 Average Precision  (AP) @[ IoU=0.50:0.95 | area=medium | maxDets=100 ] = -1.000
 Average Precision  (AP) @[ IoU=0.50:0.95 | area= large | maxDets=100 ] = 0.226
 Average Recall     (AR) @[ IoU=0.50:0.95 | area=   all | maxDets=  1 ] = 0.377
 Average Recall     (AR) @[ IoU=0.50:0.95 | area=   all | maxDets= 10 ] = 0.803
 Average Recall     (AR) @[ IoU=0.50:0.95 | area=   all | maxDets=100 ] = 0.843
 Average Recall     (AR) @[ IoU=0.50:0.95 | area= small | maxDets=100 ] = -1.000
 Average Recall     (AR) @[ IoU=0.50:0.95 | area=medium | maxDets=100 ] = -1.000
 Average Recall     (AR) @[ IoU=0.50:0.95 | area= large | maxDets=100 ] = 0.843
 Average Recall     (AR) @[ IoU=0.50      | area=   all | maxDets=100 ] = 1.000
 Average Recall     (AR) @[ IoU=0.75      | area=   all | maxDets=100 ] = 0.967
best_stat: {'epoch': 53, 'coco_eval_bbox': 0.2255711449212969}
Epoch: [54]  [0/8]  eta: 0:00:05  lr: 0.000001  loss: 49.1961 (49.1961)  loss_mal: 2.5664 (2.5664)  loss_bbox: 0.2090 (0.2090)  loss_giou: 0.3558 (0.3558)  loss_fgl: 1.0156 (1.0156)  loss_mal_aux_0: 2.8223 (2.8223)  loss_bbox_aux_0: 0.4311 (0.4311)  loss_giou_aux_0: 0.6538 (0.6538)  loss_fgl_aux_0: 1.1351 (1.1351)  loss_ddf_aux_0: 0.2296 (0.2296)  loss_mal_aux_1: 3.0293 (3.0293)  loss_bbox_aux_1: 0.2491 (0.2491)  loss_giou_aux_1: 0.4078 (0.4078)  loss_fgl_aux_1: 1.0413 (1.0413)  loss_ddf_aux_1: 0.0534 (0.0534)  loss_mal_aux_2: 3.0938 (3.0938)  loss_bbox_aux_2: 0.2136 (0.2136)  loss_giou_aux_2: 0.3625 (0.3625)  loss_fgl_aux_2: 1.0146 (1.0146)  loss_ddf_aux_2: 0.0058 (0.0058)  loss_mal_pre: 2.8086 (2.8086)  loss_bbox_pre: 0.4536 (0.4536)  loss_giou_pre: 0.6602 (0.6602)  loss_mal_enc_0: 2.2695 (2.2695)  loss_bbox_enc_0: 0.7861 (0.7861)  loss_giou_enc_0: 0.9656 (0.9656)  loss_mal_dn_0: 1.9453 (1.9453)  loss_bbox_dn_0: 0.8548 (0.8548)  loss_giou_dn_0: 0.9551 (0.9551)  loss_fgl_dn_0: 1.1264 (1.1264)  loss_ddf_dn_0: 0.2697 (0.2697)  loss_mal_dn_1: 2.4551 (2.4551)  loss_bbox_dn_1: 0.5403 (0.5403)  loss_giou_dn_1: 0.6165 (0.6165)  loss_fgl_dn_1: 1.0833 (1.0833)  loss_ddf_dn_1: 0.0676 (0.0676)  loss_mal_dn_2: 2.5605 (2.5605)  loss_bbox_dn_2: 0.4159 (0.4159)  loss_giou_dn_2: 0.5042 (0.5042)  loss_fgl_dn_2: 1.0722 (1.0722)  loss_ddf_dn_2: 0.0104 (0.0104)  loss_mal_dn_3: 2.1973 (2.1973)  loss_bbox_dn_3: 0.3788 (0.3788)  loss_giou_dn_3: 0.4656 (0.4656)  loss_fgl_dn_3: 1.0853 (1.0853)  loss_mal_dn_pre: 1.9424 (1.9424)  loss_bbox_dn_pre: 0.8584 (0.8584)  loss_giou_dn_pre: 0.9576 (0.9576)  time: 0.6381  data: 0.4620  max mem: 3583
Epoch: [54]  [7/8]  eta: 0:00:00  lr: 0.000001  loss: 48.4380 (48.1117)  loss_mal: 2.0762 (2.1655)  loss_bbox: 0.2516 (0.3806)  loss_giou: 0.5641 (0.7255)  loss_fgl: 1.0156 (0.9863)  loss_mal_aux_0: 1.9629 (2.1830)  loss_bbox_aux_0: 0.4311 (0.5281)  loss_giou_aux_0: 0.9550 (1.0333)  loss_fgl_aux_0: 1.0378 (0.9882)  loss_ddf_aux_0: 0.2505 (0.2997)  loss_mal_aux_1: 2.4238 (2.4860)  loss_bbox_aux_1: 0.2999 (0.4252)  loss_giou_aux_1: 0.6733 (0.8014)  loss_fgl_aux_1: 1.0294 (0.9809)  loss_ddf_aux_1: 0.0563 (0.0739)  loss_mal_aux_2: 2.2988 (2.4734)  loss_bbox_aux_2: 0.2779 (0.3944)  loss_giou_aux_2: 0.5915 (0.7350)  loss_fgl_aux_2: 1.0146 (0.9846)  loss_ddf_aux_2: 0.0076 (0.0103)  loss_mal_pre: 2.0703 (2.2030)  loss_bbox_pre: 0.4536 (0.5207)  loss_giou_pre: 0.9552 (1.0376)  loss_mal_enc_0: 1.6768 (1.8259)  loss_bbox_enc_0: 0.6566 (0.6843)  loss_giou_enc_0: 1.2534 (1.3178)  loss_mal_dn_0: 2.3574 (2.3521)  loss_bbox_dn_0: 0.3762 (0.4456)  loss_giou_dn_0: 0.7085 (0.7616)  loss_fgl_dn_0: 1.1573 (1.1623)  loss_ddf_dn_0: 0.3133 (0.3561)  loss_mal_dn_1: 2.7129 (2.7163)  loss_bbox_dn_1: 0.2502 (0.3065)  loss_giou_dn_1: 0.4798 (0.5243)  loss_fgl_dn_1: 1.0833 (1.0819)  loss_ddf_dn_1: 0.0697 (0.0761)  loss_mal_dn_2: 2.6367 (2.6357)  loss_bbox_dn_2: 0.1965 (0.2537)  loss_giou_dn_2: 0.4226 (0.4583)  loss_fgl_dn_2: 1.0722 (1.0748)  loss_ddf_dn_2: 0.0104 (0.0110)  loss_mal_dn_3: 2.3594 (2.3262)  loss_bbox_dn_3: 0.1822 (0.2366)  loss_giou_dn_3: 0.4055 (0.4390)  loss_fgl_dn_3: 1.0853 (1.0816)  loss_mal_dn_pre: 2.3672 (2.3668)  loss_bbox_dn_pre: 0.3637 (0.4429)  loss_giou_dn_pre: 0.7046 (0.7577)  time: 0.2129  data: 0.0620  max mem: 3583
Epoch: [54] Total time: 0:00:01 (0.2222 s / it)
Averaged stats: lr: 0.000001  loss: 48.4380 (48.1117)  loss_mal: 2.0762 (2.1655)  loss_bbox: 0.2516 (0.3806)  loss_giou: 0.5641 (0.7255)  loss_fgl: 1.0156 (0.9863)  loss_mal_aux_0: 1.9629 (2.1830)  loss_bbox_aux_0: 0.4311 (0.5281)  loss_giou_aux_0: 0.9550 (1.0333)  loss_fgl_aux_0: 1.0378 (0.9882)  loss_ddf_aux_0: 0.2505 (0.2997)  loss_mal_aux_1: 2.4238 (2.4860)  loss_bbox_aux_1: 0.2999 (0.4252)  loss_giou_aux_1: 0.6733 (0.8014)  loss_fgl_aux_1: 1.0294 (0.9809)  loss_ddf_aux_1: 0.0563 (0.0739)  loss_mal_aux_2: 2.2988 (2.4734)  loss_bbox_aux_2: 0.2779 (0.3944)  loss_giou_aux_2: 0.5915 (0.7350)  loss_fgl_aux_2: 1.0146 (0.9846)  loss_ddf_aux_2: 0.0076 (0.0103)  loss_mal_pre: 2.0703 (2.2030)  loss_bbox_pre: 0.4536 (0.5207)  loss_giou_pre: 0.9552 (1.0376)  loss_mal_enc_0: 1.6768 (1.8259)  loss_bbox_enc_0: 0.6566 (0.6843)  loss_giou_enc_0: 1.2534 (1.3178)  loss_mal_dn_0: 2.3574 (2.3521)  loss_bbox_dn_0: 0.3762 (0.4456)  loss_giou_dn_0: 0.7085 (0.7616)  loss_fgl_dn_0: 1.1573 (1.1623)  loss_ddf_dn_0: 0.3133 (0.3561)  loss_mal_dn_1: 2.7129 (2.7163)  loss_bbox_dn_1: 0.2502 (0.3065)  loss_giou_dn_1: 0.4798 (0.5243)  loss_fgl_dn_1: 1.0833 (1.0819)  loss_ddf_dn_1: 0.0697 (0.0761)  loss_mal_dn_2: 2.6367 (2.6357)  loss_bbox_dn_2: 0.1965 (0.2537)  loss_giou_dn_2: 0.4226 (0.4583)  loss_fgl_dn_2: 1.0722 (1.0748)  loss_ddf_dn_2: 0.0104 (0.0110)  loss_mal_dn_3: 2.3594 (2.3262)  loss_bbox_dn_3: 0.1822 (0.2366)  loss_giou_dn_3: 0.4055 (0.4390)  loss_fgl_dn_3: 1.0853 (1.0816)  loss_mal_dn_pre: 2.3672 (2.3668)  loss_bbox_dn_pre: 0.3637 (0.4429)  loss_giou_dn_pre: 0.7046 (0.7577)
Test:  [0/4]  eta: 0:00:01    time: 0.4448  data: 0.4062  max mem: 3583
Test:  [3/4]  eta: 0:00:00    time: 0.1354  data: 0.1036  max mem: 3583
Test: Total time: 0:00:00 (0.1519 s / it)
Averaged stats: 
Accumulating evaluation results...
COCOeval_opt.accumulate() finished...
DONE (t=0.00s).
IoU metric: bbox
 Average Precision  (AP) @[ IoU=0.50:0.95 | area=   all | maxDets=100 ] = 0.247
 Average Precision  (AP) @[ IoU=0.50      | area=   all | maxDets=100 ] = 0.313
 Average Precision  (AP) @[ IoU=0.75      | area=   all | maxDets=100 ] = 0.271
 Average Precision  (AP) @[ IoU=0.50:0.95 | area= small | maxDets=100 ] = -1.000
 Average Precision  (AP) @[ IoU=0.50:0.95 | area=medium | maxDets=100 ] = -1.000
 Average Precision  (AP) @[ IoU=0.50:0.95 | area= large | maxDets=100 ] = 0.248
 Average Recall     (AR) @[ IoU=0.50:0.95 | area=   all | maxDets=  1 ] = 0.417
 Average Recall     (AR) @[ IoU=0.50:0.95 | area=   all | maxDets= 10 ] = 0.810
 Average Recall     (AR) @[ IoU=0.50:0.95 | area=   all | maxDets=100 ] = 0.837
 Average Recall     (AR) @[ IoU=0.50:0.95 | area= small | maxDets=100 ] = -1.000
 Average Recall     (AR) @[ IoU=0.50:0.95 | area=medium | maxDets=100 ] = -1.000
 Average Recall     (AR) @[ IoU=0.50:0.95 | area= large | maxDets=100 ] = 0.837
 Average Recall     (AR) @[ IoU=0.50      | area=   all | maxDets=100 ] = 0.967
 Average Recall     (AR) @[ IoU=0.75      | area=   all | maxDets=100 ] = 0.933
best_stat: {'epoch': 54, 'coco_eval_bbox': 0.2474418602563659}
Epoch: [55]  [0/8]  eta: 0:00:08  lr: 0.000001  loss: 50.1712 (50.1712)  loss_mal: 2.0742 (2.0742)  loss_bbox: 0.6236 (0.6236)  loss_giou: 0.8571 (0.8571)  loss_fgl: 0.9112 (0.9112)  loss_mal_aux_0: 2.1758 (2.1758)  loss_bbox_aux_0: 0.7500 (0.7500)  loss_giou_aux_0: 1.1383 (1.1383)  loss_fgl_aux_0: 0.9220 (0.9220)  loss_ddf_aux_0: 0.2332 (0.2332)  loss_mal_aux_1: 2.4844 (2.4844)  loss_bbox_aux_1: 0.6660 (0.6660)  loss_giou_aux_1: 0.9191 (0.9191)  loss_fgl_aux_1: 0.9169 (0.9169)  loss_ddf_aux_1: 0.0749 (0.0749)  loss_mal_aux_2: 2.4102 (2.4102)  loss_bbox_aux_2: 0.6492 (0.6492)  loss_giou_aux_2: 0.8848 (0.8848)  loss_fgl_aux_2: 0.9102 (0.9102)  loss_ddf_aux_2: 0.0115 (0.0115)  loss_mal_pre: 2.0547 (2.0547)  loss_bbox_pre: 0.8200 (0.8200)  loss_giou_pre: 1.1947 (1.1947)  loss_mal_enc_0: 1.6953 (1.6953)  loss_bbox_enc_0: 0.9689 (0.9689)  loss_giou_enc_0: 1.4586 (1.4586)  loss_mal_dn_0: 1.9805 (1.9805)  loss_bbox_dn_0: 0.7611 (0.7611)  loss_giou_dn_0: 0.9377 (0.9377)  loss_fgl_dn_0: 1.0924 (1.0924)  loss_ddf_dn_0: 0.3354 (0.3354)  loss_mal_dn_1: 2.4707 (2.4707)  loss_bbox_dn_1: 0.5832 (0.5832)  loss_giou_dn_1: 0.6700 (0.6700)  loss_fgl_dn_1: 1.0107 (1.0107)  loss_ddf_dn_1: 0.0763 (0.0763)  loss_mal_dn_2: 2.4531 (2.4531)  loss_bbox_dn_2: 0.5014 (0.5014)  loss_giou_dn_2: 0.5739 (0.5739)  loss_fgl_dn_2: 1.0103 (1.0103)  loss_ddf_dn_2: 0.0117 (0.0117)  loss_mal_dn_3: 2.1465 (2.1465)  loss_bbox_dn_3: 0.4854 (0.4854)  loss_giou_dn_3: 0.5498 (0.5498)  loss_fgl_dn_3: 1.0175 (1.0175)  loss_mal_dn_pre: 2.0020 (2.0020)  loss_bbox_dn_pre: 0.7681 (0.7681)  loss_giou_dn_pre: 0.9290 (0.9290)  time: 1.1023  data: 0.8817  max mem: 3583
Epoch: [55]  [7/8]  eta: 0:00:00  lr: 0.000001  loss: 47.5034 (47.8868)  loss_mal: 1.8838 (1.9667)  loss_bbox: 0.4869 (0.4886)  loss_giou: 0.7776 (0.7803)  loss_fgl: 0.9642 (1.0045)  loss_mal_aux_0: 2.1113 (2.0421)  loss_bbox_aux_0: 0.6439 (0.6399)  loss_giou_aux_0: 0.9702 (1.0642)  loss_fgl_aux_0: 0.9599 (0.9648)  loss_ddf_aux_0: 0.3215 (0.3024)  loss_mal_aux_1: 2.3535 (2.3413)  loss_bbox_aux_1: 0.5243 (0.5394)  loss_giou_aux_1: 0.8315 (0.8506)  loss_fgl_aux_1: 0.9580 (0.9958)  loss_ddf_aux_1: 0.0712 (0.0725)  loss_mal_aux_2: 2.3105 (2.2837)  loss_bbox_aux_2: 0.4853 (0.5000)  loss_giou_aux_2: 0.7661 (0.7889)  loss_fgl_aux_2: 0.9704 (1.0043)  loss_ddf_aux_2: 0.0079 (0.0086)  loss_mal_pre: 2.0547 (2.0374)  loss_bbox_pre: 0.6006 (0.6358)  loss_giou_pre: 0.9657 (1.0668)  loss_mal_enc_0: 1.6914 (1.6584)  loss_bbox_enc_0: 0.7187 (0.7817)  loss_giou_enc_0: 1.2462 (1.3416)  loss_mal_dn_0: 2.0059 (2.0856)  loss_bbox_dn_0: 0.5643 (0.5687)  loss_giou_dn_0: 0.8962 (0.8764)  loss_fgl_dn_0: 1.1085 (1.1223)  loss_ddf_dn_0: 0.3414 (0.4265)  loss_mal_dn_1: 2.4395 (2.4565)  loss_bbox_dn_1: 0.4052 (0.4048)  loss_giou_dn_1: 0.6452 (0.6373)  loss_fgl_dn_1: 1.0709 (1.0842)  loss_ddf_dn_1: 0.0769 (0.0960)  loss_mal_dn_2: 2.3691 (2.3730)  loss_bbox_dn_2: 0.3279 (0.3499)  loss_giou_dn_2: 0.5739 (0.5665)  loss_fgl_dn_2: 1.0859 (1.0810)  loss_ddf_dn_2: 0.0117 (0.0127)  loss_mal_dn_3: 2.0801 (2.0670)  loss_bbox_dn_3: 0.3102 (0.3424)  loss_giou_dn_3: 0.5520 (0.5519)  loss_fgl_dn_3: 1.0894 (1.0865)  loss_mal_dn_pre: 2.0078 (2.0952)  loss_bbox_dn_pre: 0.5653 (0.5676)  loss_giou_dn_pre: 0.8915 (0.8744)  time: 0.2630  data: 0.1113  max mem: 3583
Epoch: [55] Total time: 0:00:02 (0.2708 s / it)
Averaged stats: lr: 0.000001  loss: 47.5034 (47.8868)  loss_mal: 1.8838 (1.9667)  loss_bbox: 0.4869 (0.4886)  loss_giou: 0.7776 (0.7803)  loss_fgl: 0.9642 (1.0045)  loss_mal_aux_0: 2.1113 (2.0421)  loss_bbox_aux_0: 0.6439 (0.6399)  loss_giou_aux_0: 0.9702 (1.0642)  loss_fgl_aux_0: 0.9599 (0.9648)  loss_ddf_aux_0: 0.3215 (0.3024)  loss_mal_aux_1: 2.3535 (2.3413)  loss_bbox_aux_1: 0.5243 (0.5394)  loss_giou_aux_1: 0.8315 (0.8506)  loss_fgl_aux_1: 0.9580 (0.9958)  loss_ddf_aux_1: 0.0712 (0.0725)  loss_mal_aux_2: 2.3105 (2.2837)  loss_bbox_aux_2: 0.4853 (0.5000)  loss_giou_aux_2: 0.7661 (0.7889)  loss_fgl_aux_2: 0.9704 (1.0043)  loss_ddf_aux_2: 0.0079 (0.0086)  loss_mal_pre: 2.0547 (2.0374)  loss_bbox_pre: 0.6006 (0.6358)  loss_giou_pre: 0.9657 (1.0668)  loss_mal_enc_0: 1.6914 (1.6584)  loss_bbox_enc_0: 0.7187 (0.7817)  loss_giou_enc_0: 1.2462 (1.3416)  loss_mal_dn_0: 2.0059 (2.0856)  loss_bbox_dn_0: 0.5643 (0.5687)  loss_giou_dn_0: 0.8962 (0.8764)  loss_fgl_dn_0: 1.1085 (1.1223)  loss_ddf_dn_0: 0.3414 (0.4265)  loss_mal_dn_1: 2.4395 (2.4565)  loss_bbox_dn_1: 0.4052 (0.4048)  loss_giou_dn_1: 0.6452 (0.6373)  loss_fgl_dn_1: 1.0709 (1.0842)  loss_ddf_dn_1: 0.0769 (0.0960)  loss_mal_dn_2: 2.3691 (2.3730)  loss_bbox_dn_2: 0.3279 (0.3499)  loss_giou_dn_2: 0.5739 (0.5665)  loss_fgl_dn_2: 1.0859 (1.0810)  loss_ddf_dn_2: 0.0117 (0.0127)  loss_mal_dn_3: 2.0801 (2.0670)  loss_bbox_dn_3: 0.3102 (0.3424)  loss_giou_dn_3: 0.5520 (0.5519)  loss_fgl_dn_3: 1.0894 (1.0865)  loss_mal_dn_pre: 2.0078 (2.0952)  loss_bbox_dn_pre: 0.5653 (0.5676)  loss_giou_dn_pre: 0.8915 (0.8744)
Test:  [0/4]  eta: 0:00:01    time: 0.4208  data: 0.3807  max mem: 3583
Test:  [3/4]  eta: 0:00:00    time: 0.1328  data: 0.0973  max mem: 3583
Test: Total time: 0:00:00 (0.1592 s / it)
Averaged stats: 
Accumulating evaluation results...
COCOeval_opt.accumulate() finished...
DONE (t=0.00s).
IoU metric: bbox
 Average Precision  (AP) @[ IoU=0.50:0.95 | area=   all | maxDets=100 ] = 0.235
 Average Precision  (AP) @[ IoU=0.50      | area=   all | maxDets=100 ] = 0.289
 Average Precision  (AP) @[ IoU=0.75      | area=   all | maxDets=100 ] = 0.273
 Average Precision  (AP) @[ IoU=0.50:0.95 | area= small | maxDets=100 ] = -1.000
 Average Precision  (AP) @[ IoU=0.50:0.95 | area=medium | maxDets=100 ] = -1.000
 Average Precision  (AP) @[ IoU=0.50:0.95 | area= large | maxDets=100 ] = 0.235
 Average Recall     (AR) @[ IoU=0.50:0.95 | area=   all | maxDets=  1 ] = 0.373
 Average Recall     (AR) @[ IoU=0.50:0.95 | area=   all | maxDets= 10 ] = 0.797
 Average Recall     (AR) @[ IoU=0.50:0.95 | area=   all | maxDets=100 ] = 0.850
 Average Recall     (AR) @[ IoU=0.50:0.95 | area= small | maxDets=100 ] = -1.000
 Average Recall     (AR) @[ IoU=0.50:0.95 | area=medium | maxDets=100 ] = -1.000
 Average Recall     (AR) @[ IoU=0.50:0.95 | area= large | maxDets=100 ] = 0.850
 Average Recall     (AR) @[ IoU=0.50      | area=   all | maxDets=100 ] = 1.000
 Average Recall     (AR) @[ IoU=0.75      | area=   all | maxDets=100 ] = 0.967
best_stat: {'epoch': 54, 'coco_eval_bbox': 0.2474418602563659}
Epoch: [56]  [0/8]  eta: 0:00:08  lr: 0.000001  loss: 46.7013 (46.7013)  loss_mal: 2.1582 (2.1582)  loss_bbox: 0.3154 (0.3154)  loss_giou: 0.6099 (0.6099)  loss_fgl: 1.0124 (1.0124)  loss_mal_aux_0: 2.4102 (2.4102)  loss_bbox_aux_0: 0.4465 (0.4465)  loss_giou_aux_0: 0.8398 (0.8398)  loss_fgl_aux_0: 1.0185 (1.0185)  loss_ddf_aux_0: 0.2802 (0.2802)  loss_mal_aux_1: 2.5449 (2.5449)  loss_bbox_aux_1: 0.3570 (0.3570)  loss_giou_aux_1: 0.6674 (0.6674)  loss_fgl_aux_1: 1.0014 (1.0014)  loss_ddf_aux_1: 0.0577 (0.0577)  loss_mal_aux_2: 2.5371 (2.5371)  loss_bbox_aux_2: 0.3188 (0.3188)  loss_giou_aux_2: 0.6127 (0.6127)  loss_fgl_aux_2: 1.0080 (1.0080)  loss_ddf_aux_2: 0.0091 (0.0091)  loss_mal_pre: 2.4277 (2.4277)  loss_bbox_pre: 0.4356 (0.4356)  loss_giou_pre: 0.8431 (0.8431)  loss_mal_enc_0: 1.8652 (1.8652)  loss_bbox_enc_0: 0.5721 (0.5721)  loss_giou_enc_0: 1.2331 (1.2331)  loss_mal_dn_0: 2.1250 (2.1250)  loss_bbox_dn_0: 0.4029 (0.4029)  loss_giou_dn_0: 0.8390 (0.8390)  loss_fgl_dn_0: 1.1019 (1.1019)  loss_ddf_dn_0: 0.4078 (0.4078)  loss_mal_dn_1: 2.6660 (2.6660)  loss_bbox_dn_1: 0.2593 (0.2593)  loss_giou_dn_1: 0.5448 (0.5448)  loss_fgl_dn_1: 1.0563 (1.0563)  loss_ddf_dn_1: 0.0852 (0.0852)  loss_mal_dn_2: 2.5625 (2.5625)  loss_bbox_dn_2: 0.2160 (0.2160)  loss_giou_dn_2: 0.4736 (0.4736)  loss_fgl_dn_2: 1.0608 (1.0608)  loss_ddf_dn_2: 0.0137 (0.0137)  loss_mal_dn_3: 2.2031 (2.2031)  loss_bbox_dn_3: 0.2034 (0.2034)  loss_giou_dn_3: 0.4627 (0.4627)  loss_fgl_dn_3: 1.0623 (1.0623)  loss_mal_dn_pre: 2.1406 (2.1406)  loss_bbox_dn_pre: 0.4017 (0.4017)  loss_giou_dn_pre: 0.8306 (0.8306)  time: 1.0667  data: 0.8415  max mem: 3583
Epoch: [56]  [7/8]  eta: 0:00:00  lr: 0.000001  loss: 46.7013 (46.6631)  loss_mal: 2.0215 (2.0453)  loss_bbox: 0.3154 (0.3310)  loss_giou: 0.6632 (0.6561)  loss_fgl: 1.0435 (1.0652)  loss_mal_aux_0: 2.2480 (2.2308)  loss_bbox_aux_0: 0.4465 (0.4774)  loss_giou_aux_0: 0.8894 (0.9395)  loss_fgl_aux_0: 1.0415 (1.0325)  loss_ddf_aux_0: 0.2802 (0.3273)  loss_mal_aux_1: 2.3867 (2.5073)  loss_bbox_aux_1: 0.3570 (0.3735)  loss_giou_aux_1: 0.6879 (0.7111)  loss_fgl_aux_1: 1.0446 (1.0500)  loss_ddf_aux_1: 0.0695 (0.0749)  loss_mal_aux_2: 2.2207 (2.3494)  loss_bbox_aux_2: 0.3188 (0.3468)  loss_giou_aux_2: 0.6589 (0.6740)  loss_fgl_aux_2: 1.0431 (1.0564)  loss_ddf_aux_2: 0.0092 (0.0105)  loss_mal_pre: 2.3008 (2.2482)  loss_bbox_pre: 0.4356 (0.4685)  loss_giou_pre: 0.8978 (0.9479)  loss_mal_enc_0: 1.7793 (1.7861)  loss_bbox_enc_0: 0.5721 (0.6042)  loss_giou_enc_0: 1.2331 (1.2425)  loss_mal_dn_0: 2.0723 (2.0580)  loss_bbox_dn_0: 0.4049 (0.4874)  loss_giou_dn_0: 0.8545 (0.8786)  loss_fgl_dn_0: 1.0990 (1.1061)  loss_ddf_dn_0: 0.3490 (0.3765)  loss_mal_dn_1: 2.3750 (2.4478)  loss_bbox_dn_1: 0.2616 (0.3346)  loss_giou_dn_1: 0.6398 (0.6320)  loss_fgl_dn_1: 1.0712 (1.0879)  loss_ddf_dn_1: 0.0750 (0.0805)  loss_mal_dn_2: 2.2207 (2.2991)  loss_bbox_dn_2: 0.2166 (0.2965)  loss_giou_dn_2: 0.5880 (0.5748)  loss_fgl_dn_2: 1.0733 (1.0879)  loss_ddf_dn_2: 0.0111 (0.0120)  loss_mal_dn_3: 1.8779 (1.9753)  loss_bbox_dn_3: 0.2084 (0.2863)  loss_giou_dn_3: 0.5866 (0.5600)  loss_fgl_dn_3: 1.0796 (1.0927)  loss_mal_dn_pre: 2.0859 (2.0753)  loss_bbox_dn_pre: 0.4017 (0.4854)  loss_giou_dn_pre: 0.8588 (0.8722)  time: 0.2773  data: 0.1275  max mem: 3583
Epoch: [56] Total time: 0:00:02 (0.2864 s / it)
Averaged stats: lr: 0.000001  loss: 46.7013 (46.6631)  loss_mal: 2.0215 (2.0453)  loss_bbox: 0.3154 (0.3310)  loss_giou: 0.6632 (0.6561)  loss_fgl: 1.0435 (1.0652)  loss_mal_aux_0: 2.2480 (2.2308)  loss_bbox_aux_0: 0.4465 (0.4774)  loss_giou_aux_0: 0.8894 (0.9395)  loss_fgl_aux_0: 1.0415 (1.0325)  loss_ddf_aux_0: 0.2802 (0.3273)  loss_mal_aux_1: 2.3867 (2.5073)  loss_bbox_aux_1: 0.3570 (0.3735)  loss_giou_aux_1: 0.6879 (0.7111)  loss_fgl_aux_1: 1.0446 (1.0500)  loss_ddf_aux_1: 0.0695 (0.0749)  loss_mal_aux_2: 2.2207 (2.3494)  loss_bbox_aux_2: 0.3188 (0.3468)  loss_giou_aux_2: 0.6589 (0.6740)  loss_fgl_aux_2: 1.0431 (1.0564)  loss_ddf_aux_2: 0.0092 (0.0105)  loss_mal_pre: 2.3008 (2.2482)  loss_bbox_pre: 0.4356 (0.4685)  loss_giou_pre: 0.8978 (0.9479)  loss_mal_enc_0: 1.7793 (1.7861)  loss_bbox_enc_0: 0.5721 (0.6042)  loss_giou_enc_0: 1.2331 (1.2425)  loss_mal_dn_0: 2.0723 (2.0580)  loss_bbox_dn_0: 0.4049 (0.4874)  loss_giou_dn_0: 0.8545 (0.8786)  loss_fgl_dn_0: 1.0990 (1.1061)  loss_ddf_dn_0: 0.3490 (0.3765)  loss_mal_dn_1: 2.3750 (2.4478)  loss_bbox_dn_1: 0.2616 (0.3346)  loss_giou_dn_1: 0.6398 (0.6320)  loss_fgl_dn_1: 1.0712 (1.0879)  loss_ddf_dn_1: 0.0750 (0.0805)  loss_mal_dn_2: 2.2207 (2.2991)  loss_bbox_dn_2: 0.2166 (0.2965)  loss_giou_dn_2: 0.5880 (0.5748)  loss_fgl_dn_2: 1.0733 (1.0879)  loss_ddf_dn_2: 0.0111 (0.0120)  loss_mal_dn_3: 1.8779 (1.9753)  loss_bbox_dn_3: 0.2084 (0.2863)  loss_giou_dn_3: 0.5866 (0.5600)  loss_fgl_dn_3: 1.0796 (1.0927)  loss_mal_dn_pre: 2.0859 (2.0753)  loss_bbox_dn_pre: 0.4017 (0.4854)  loss_giou_dn_pre: 0.8588 (0.8722)
Test:  [0/4]  eta: 0:00:01    time: 0.3894  data: 0.3503  max mem: 3583
Test:  [3/4]  eta: 0:00:00    time: 0.1270  data: 0.0898  max mem: 3583
Test: Total time: 0:00:00 (0.1458 s / it)
Averaged stats: 
Accumulating evaluation results...
COCOeval_opt.accumulate() finished...
DONE (t=0.00s).
IoU metric: bbox
 Average Precision  (AP) @[ IoU=0.50:0.95 | area=   all | maxDets=100 ] = 0.230
 Average Precision  (AP) @[ IoU=0.50      | area=   all | maxDets=100 ] = 0.281
 Average Precision  (AP) @[ IoU=0.75      | area=   all | maxDets=100 ] = 0.260
 Average Precision  (AP) @[ IoU=0.50:0.95 | area= small | maxDets=100 ] = -1.000
 Average Precision  (AP) @[ IoU=0.50:0.95 | area=medium | maxDets=100 ] = -1.000
 Average Precision  (AP) @[ IoU=0.50:0.95 | area= large | maxDets=100 ] = 0.230
 Average Recall     (AR) @[ IoU=0.50:0.95 | area=   all | maxDets=  1 ] = 0.457
 Average Recall     (AR) @[ IoU=0.50:0.95 | area=   all | maxDets= 10 ] = 0.820
 Average Recall     (AR) @[ IoU=0.50:0.95 | area=   all | maxDets=100 ] = 0.850
 Average Recall     (AR) @[ IoU=0.50:0.95 | area= small | maxDets=100 ] = -1.000
 Average Recall     (AR) @[ IoU=0.50:0.95 | area=medium | maxDets=100 ] = -1.000
 Average Recall     (AR) @[ IoU=0.50:0.95 | area= large | maxDets=100 ] = 0.850
 Average Recall     (AR) @[ IoU=0.50      | area=   all | maxDets=100 ] = 1.000
 Average Recall     (AR) @[ IoU=0.75      | area=   all | maxDets=100 ] = 0.967
best_stat: {'epoch': 54, 'coco_eval_bbox': 0.2474418602563659}
Epoch: [57]  [0/8]  eta: 0:00:06  lr: 0.000001  loss: 47.4667 (47.4667)  loss_mal: 2.5879 (2.5879)  loss_bbox: 0.0946 (0.0946)  loss_giou: 0.2800 (0.2800)  loss_fgl: 1.0501 (1.0501)  loss_mal_aux_0: 2.7930 (2.7930)  loss_bbox_aux_0: 0.2242 (0.2242)  loss_giou_aux_0: 0.6362 (0.6362)  loss_fgl_aux_0: 1.1244 (1.1244)  loss_ddf_aux_0: 0.5346 (0.5346)  loss_mal_aux_1: 3.1973 (3.1973)  loss_bbox_aux_1: 0.1177 (0.1177)  loss_giou_aux_1: 0.3325 (0.3325)  loss_fgl_aux_1: 1.0393 (1.0393)  loss_ddf_aux_1: 0.1040 (0.1040)  loss_mal_aux_2: 2.9590 (2.9590)  loss_bbox_aux_2: 0.0986 (0.0986)  loss_giou_aux_2: 0.2943 (0.2943)  loss_fgl_aux_2: 1.0472 (1.0472)  loss_ddf_aux_2: 0.0130 (0.0130)  loss_mal_pre: 2.7812 (2.7812)  loss_bbox_pre: 0.2312 (0.2312)  loss_giou_pre: 0.6369 (0.6369)  loss_mal_enc_0: 2.3086 (2.3086)  loss_bbox_enc_0: 0.3662 (0.3662)  loss_giou_enc_0: 1.0034 (1.0034)  loss_mal_dn_0: 2.6426 (2.6426)  loss_bbox_dn_0: 0.2357 (0.2357)  loss_giou_dn_0: 0.6199 (0.6199)  loss_fgl_dn_0: 1.1839 (1.1839)  loss_ddf_dn_0: 0.5775 (0.5775)  loss_mal_dn_1: 2.9785 (2.9785)  loss_bbox_dn_1: 0.1365 (0.1365)  loss_giou_dn_1: 0.3849 (0.3849)  loss_fgl_dn_1: 1.0773 (1.0773)  loss_ddf_dn_1: 0.1142 (0.1142)  loss_mal_dn_2: 2.7715 (2.7715)  loss_bbox_dn_2: 0.1060 (0.1060)  loss_giou_dn_2: 0.3165 (0.3165)  loss_fgl_dn_2: 1.0531 (1.0531)  loss_ddf_dn_2: 0.0134 (0.0134)  loss_mal_dn_3: 2.4395 (2.4395)  loss_bbox_dn_3: 0.0981 (0.0981)  loss_giou_dn_3: 0.3002 (0.3002)  loss_fgl_dn_3: 1.0556 (1.0556)  loss_mal_dn_pre: 2.6426 (2.6426)  loss_bbox_dn_pre: 0.2396 (0.2396)  loss_giou_dn_pre: 0.6245 (0.6245)  time: 0.7936  data: 0.6159  max mem: 3583
Epoch: [57]  [7/8]  eta: 0:00:00  lr: 0.000001  loss: 46.7448 (47.0510)  loss_mal: 1.7852 (2.0347)  loss_bbox: 0.3879 (0.3898)  loss_giou: 0.6146 (0.6425)  loss_fgl: 1.0451 (1.0516)  loss_mal_aux_0: 1.9590 (2.1555)  loss_bbox_aux_0: 0.5584 (0.5375)  loss_giou_aux_0: 1.0015 (0.9440)  loss_fgl_aux_0: 0.9722 (1.0302)  loss_ddf_aux_0: 0.3202 (0.4031)  loss_mal_aux_1: 2.1191 (2.4241)  loss_bbox_aux_1: 0.4649 (0.4322)  loss_giou_aux_1: 0.7158 (0.7170)  loss_fgl_aux_1: 1.0068 (1.0445)  loss_ddf_aux_1: 0.0854 (0.0942)  loss_mal_aux_2: 2.0742 (2.3190)  loss_bbox_aux_2: 0.4141 (0.4031)  loss_giou_aux_2: 0.6316 (0.6626)  loss_fgl_aux_2: 1.0286 (1.0445)  loss_ddf_aux_2: 0.0114 (0.0124)  loss_mal_pre: 1.9268 (2.1841)  loss_bbox_pre: 0.5365 (0.5200)  loss_giou_pre: 0.9737 (0.9403)  loss_mal_enc_0: 1.6309 (1.7612)  loss_bbox_enc_0: 0.6423 (0.7018)  loss_giou_enc_0: 1.2754 (1.2425)  loss_mal_dn_0: 2.2266 (2.1859)  loss_bbox_dn_0: 0.4669 (0.4859)  loss_giou_dn_0: 0.7899 (0.8217)  loss_fgl_dn_0: 1.1308 (1.1260)  loss_ddf_dn_0: 0.4601 (0.4789)  loss_mal_dn_1: 2.5645 (2.5172)  loss_bbox_dn_1: 0.3144 (0.3485)  loss_giou_dn_1: 0.4861 (0.5839)  loss_fgl_dn_1: 1.0564 (1.0700)  loss_ddf_dn_1: 0.0868 (0.1001)  loss_mal_dn_2: 2.3164 (2.3274)  loss_bbox_dn_2: 0.2422 (0.3016)  loss_giou_dn_2: 0.4415 (0.5272)  loss_fgl_dn_2: 1.0549 (1.0665)  loss_ddf_dn_2: 0.0121 (0.0130)  loss_mal_dn_3: 2.0312 (2.0286)  loss_bbox_dn_3: 0.2415 (0.2953)  loss_giou_dn_3: 0.4382 (0.5113)  loss_fgl_dn_3: 1.0561 (1.0692)  loss_mal_dn_pre: 2.2266 (2.1974)  loss_bbox_dn_pre: 0.4612 (0.4841)  loss_giou_dn_pre: 0.7890 (0.8190)  time: 0.2187  data: 0.0795  max mem: 3583
Epoch: [57] Total time: 0:00:01 (0.2293 s / it)
Averaged stats: lr: 0.000001  loss: 46.7448 (47.0510)  loss_mal: 1.7852 (2.0347)  loss_bbox: 0.3879 (0.3898)  loss_giou: 0.6146 (0.6425)  loss_fgl: 1.0451 (1.0516)  loss_mal_aux_0: 1.9590 (2.1555)  loss_bbox_aux_0: 0.5584 (0.5375)  loss_giou_aux_0: 1.0015 (0.9440)  loss_fgl_aux_0: 0.9722 (1.0302)  loss_ddf_aux_0: 0.3202 (0.4031)  loss_mal_aux_1: 2.1191 (2.4241)  loss_bbox_aux_1: 0.4649 (0.4322)  loss_giou_aux_1: 0.7158 (0.7170)  loss_fgl_aux_1: 1.0068 (1.0445)  loss_ddf_aux_1: 0.0854 (0.0942)  loss_mal_aux_2: 2.0742 (2.3190)  loss_bbox_aux_2: 0.4141 (0.4031)  loss_giou_aux_2: 0.6316 (0.6626)  loss_fgl_aux_2: 1.0286 (1.0445)  loss_ddf_aux_2: 0.0114 (0.0124)  loss_mal_pre: 1.9268 (2.1841)  loss_bbox_pre: 0.5365 (0.5200)  loss_giou_pre: 0.9737 (0.9403)  loss_mal_enc_0: 1.6309 (1.7612)  loss_bbox_enc_0: 0.6423 (0.7018)  loss_giou_enc_0: 1.2754 (1.2425)  loss_mal_dn_0: 2.2266 (2.1859)  loss_bbox_dn_0: 0.4669 (0.4859)  loss_giou_dn_0: 0.7899 (0.8217)  loss_fgl_dn_0: 1.1308 (1.1260)  loss_ddf_dn_0: 0.4601 (0.4789)  loss_mal_dn_1: 2.5645 (2.5172)  loss_bbox_dn_1: 0.3144 (0.3485)  loss_giou_dn_1: 0.4861 (0.5839)  loss_fgl_dn_1: 1.0564 (1.0700)  loss_ddf_dn_1: 0.0868 (0.1001)  loss_mal_dn_2: 2.3164 (2.3274)  loss_bbox_dn_2: 0.2422 (0.3016)  loss_giou_dn_2: 0.4415 (0.5272)  loss_fgl_dn_2: 1.0549 (1.0665)  loss_ddf_dn_2: 0.0121 (0.0130)  loss_mal_dn_3: 2.0312 (2.0286)  loss_bbox_dn_3: 0.2415 (0.2953)  loss_giou_dn_3: 0.4382 (0.5113)  loss_fgl_dn_3: 1.0561 (1.0692)  loss_mal_dn_pre: 2.2266 (2.1974)  loss_bbox_dn_pre: 0.4612 (0.4841)  loss_giou_dn_pre: 0.7890 (0.8190)
Test:  [0/4]  eta: 0:00:01    time: 0.3981  data: 0.3518  max mem: 3583
Test:  [3/4]  eta: 0:00:00    time: 0.1248  data: 0.0901  max mem: 3583
Test: Total time: 0:00:00 (0.1432 s / it)
Averaged stats: 
Accumulating evaluation results...
COCOeval_opt.accumulate() finished...
DONE (t=0.00s).
IoU metric: bbox
 Average Precision  (AP) @[ IoU=0.50:0.95 | area=   all | maxDets=100 ] = 0.267
 Average Precision  (AP) @[ IoU=0.50      | area=   all | maxDets=100 ] = 0.337
 Average Precision  (AP) @[ IoU=0.75      | area=   all | maxDets=100 ] = 0.317
 Average Precision  (AP) @[ IoU=0.50:0.95 | area= small | maxDets=100 ] = -1.000
 Average Precision  (AP) @[ IoU=0.50:0.95 | area=medium | maxDets=100 ] = -1.000
 Average Precision  (AP) @[ IoU=0.50:0.95 | area= large | maxDets=100 ] = 0.267
 Average Recall     (AR) @[ IoU=0.50:0.95 | area=   all | maxDets=  1 ] = 0.450
 Average Recall     (AR) @[ IoU=0.50:0.95 | area=   all | maxDets= 10 ] = 0.840
 Average Recall     (AR) @[ IoU=0.50:0.95 | area=   all | maxDets=100 ] = 0.870
 Average Recall     (AR) @[ IoU=0.50:0.95 | area= small | maxDets=100 ] = -1.000
 Average Recall     (AR) @[ IoU=0.50:0.95 | area=medium | maxDets=100 ] = -1.000
 Average Recall     (AR) @[ IoU=0.50:0.95 | area= large | maxDets=100 ] = 0.870
 Average Recall     (AR) @[ IoU=0.50      | area=   all | maxDets=100 ] = 1.000
 Average Recall     (AR) @[ IoU=0.75      | area=   all | maxDets=100 ] = 0.967
best_stat: {'epoch': 57, 'coco_eval_bbox': 0.26691494508304187}
Epoch: [58]  [0/8]  eta: 0:00:05  lr: 0.000001  loss: 49.6798 (49.6798)  loss_mal: 1.5068 (1.5068)  loss_bbox: 0.8993 (0.8993)  loss_giou: 1.1535 (1.1535)  loss_fgl: 0.9789 (0.9789)  loss_mal_aux_0: 1.7383 (1.7383)  loss_bbox_aux_0: 0.9954 (0.9954)  loss_giou_aux_0: 1.3038 (1.3038)  loss_fgl_aux_0: 0.9142 (0.9142)  loss_ddf_aux_0: 0.3265 (0.3265)  loss_mal_aux_1: 1.9424 (1.9424)  loss_bbox_aux_1: 0.9267 (0.9267)  loss_giou_aux_1: 1.1748 (1.1748)  loss_fgl_aux_1: 0.9911 (0.9911)  loss_ddf_aux_1: 0.0757 (0.0757)  loss_mal_aux_2: 1.8438 (1.8438)  loss_bbox_aux_2: 0.9072 (0.9072)  loss_giou_aux_2: 1.1503 (1.1503)  loss_fgl_aux_2: 0.9897 (0.9897)  loss_ddf_aux_2: 0.0101 (0.0101)  loss_mal_pre: 1.7559 (1.7559)  loss_bbox_pre: 0.9891 (0.9891)  loss_giou_pre: 1.3018 (1.3018)  loss_mal_enc_0: 1.4336 (1.4336)  loss_bbox_enc_0: 1.1742 (1.1742)  loss_giou_enc_0: 1.5103 (1.5103)  loss_mal_dn_0: 1.7480 (1.7480)  loss_bbox_dn_0: 0.7962 (0.7962)  loss_giou_dn_0: 1.0417 (1.0417)  loss_fgl_dn_0: 1.0369 (1.0369)  loss_ddf_dn_0: 0.4696 (0.4696)  loss_mal_dn_1: 1.9922 (1.9922)  loss_bbox_dn_1: 0.6435 (0.6435)  loss_giou_dn_1: 0.8472 (0.8472)  loss_fgl_dn_1: 1.0561 (1.0561)  loss_ddf_dn_1: 0.1189 (0.1189)  loss_mal_dn_2: 1.9199 (1.9199)  loss_bbox_dn_2: 0.5829 (0.5829)  loss_giou_dn_2: 0.7812 (0.7812)  loss_fgl_dn_2: 1.0617 (1.0617)  loss_ddf_dn_2: 0.0186 (0.0186)  loss_mal_dn_3: 1.5605 (1.5605)  loss_bbox_dn_3: 0.5810 (0.5810)  loss_giou_dn_3: 0.7758 (0.7758)  loss_fgl_dn_3: 1.0682 (1.0682)  loss_mal_dn_pre: 1.7871 (1.7871)  loss_bbox_dn_pre: 0.7771 (0.7771)  loss_giou_dn_pre: 1.0223 (1.0223)  time: 0.6804  data: 0.5125  max mem: 3583
Epoch: [58]  [7/8]  eta: 0:00:00  lr: 0.000001  loss: 47.4808 (47.8870)  loss_mal: 2.1543 (2.0890)  loss_bbox: 0.3020 (0.3717)  loss_giou: 0.4630 (0.5814)  loss_fgl: 1.0794 (1.0947)  loss_mal_aux_0: 2.4980 (2.4771)  loss_bbox_aux_0: 0.4106 (0.4961)  loss_giou_aux_0: 0.6940 (0.8213)  loss_fgl_aux_0: 1.0838 (1.0862)  loss_ddf_aux_0: 0.3268 (0.3899)  loss_mal_aux_1: 2.6426 (2.6002)  loss_bbox_aux_1: 0.3187 (0.3978)  loss_giou_aux_1: 0.5188 (0.6206)  loss_fgl_aux_1: 1.0619 (1.0958)  loss_ddf_aux_1: 0.0861 (0.0868)  loss_mal_aux_2: 2.4336 (2.3564)  loss_bbox_aux_2: 0.3159 (0.3818)  loss_giou_aux_2: 0.4746 (0.5928)  loss_fgl_aux_2: 1.0785 (1.0945)  loss_ddf_aux_2: 0.0116 (0.0128)  loss_mal_pre: 2.5430 (2.4530)  loss_bbox_pre: 0.4286 (0.5025)  loss_giou_pre: 0.7186 (0.8382)  loss_mal_enc_0: 1.8232 (1.8942)  loss_bbox_enc_0: 0.7384 (0.7304)  loss_giou_enc_0: 1.1842 (1.2017)  loss_mal_dn_0: 2.0762 (2.1206)  loss_bbox_dn_0: 0.5570 (0.5998)  loss_giou_dn_0: 0.8483 (0.8563)  loss_fgl_dn_0: 1.0873 (1.1272)  loss_ddf_dn_0: 0.4696 (0.4821)  loss_mal_dn_1: 2.3984 (2.3767)  loss_bbox_dn_1: 0.3908 (0.4345)  loss_giou_dn_1: 0.5980 (0.6344)  loss_fgl_dn_1: 1.0911 (1.1030)  loss_ddf_dn_1: 0.0982 (0.1020)  loss_mal_dn_2: 2.1875 (2.2014)  loss_bbox_dn_2: 0.3345 (0.3774)  loss_giou_dn_2: 0.5262 (0.5704)  loss_fgl_dn_2: 1.0890 (1.0973)  loss_ddf_dn_2: 0.0122 (0.0136)  loss_mal_dn_3: 1.9346 (1.9031)  loss_bbox_dn_3: 0.3254 (0.3719)  loss_giou_dn_3: 0.5073 (0.5593)  loss_fgl_dn_3: 1.0915 (1.1020)  loss_mal_dn_pre: 2.0977 (2.1320)  loss_bbox_dn_pre: 0.5663 (0.6011)  loss_giou_dn_pre: 0.8514 (0.8540)  time: 0.2325  data: 0.0686  max mem: 3583
Epoch: [58] Total time: 0:00:01 (0.2427 s / it)
Averaged stats: lr: 0.000001  loss: 47.4808 (47.8870)  loss_mal: 2.1543 (2.0890)  loss_bbox: 0.3020 (0.3717)  loss_giou: 0.4630 (0.5814)  loss_fgl: 1.0794 (1.0947)  loss_mal_aux_0: 2.4980 (2.4771)  loss_bbox_aux_0: 0.4106 (0.4961)  loss_giou_aux_0: 0.6940 (0.8213)  loss_fgl_aux_0: 1.0838 (1.0862)  loss_ddf_aux_0: 0.3268 (0.3899)  loss_mal_aux_1: 2.6426 (2.6002)  loss_bbox_aux_1: 0.3187 (0.3978)  loss_giou_aux_1: 0.5188 (0.6206)  loss_fgl_aux_1: 1.0619 (1.0958)  loss_ddf_aux_1: 0.0861 (0.0868)  loss_mal_aux_2: 2.4336 (2.3564)  loss_bbox_aux_2: 0.3159 (0.3818)  loss_giou_aux_2: 0.4746 (0.5928)  loss_fgl_aux_2: 1.0785 (1.0945)  loss_ddf_aux_2: 0.0116 (0.0128)  loss_mal_pre: 2.5430 (2.4530)  loss_bbox_pre: 0.4286 (0.5025)  loss_giou_pre: 0.7186 (0.8382)  loss_mal_enc_0: 1.8232 (1.8942)  loss_bbox_enc_0: 0.7384 (0.7304)  loss_giou_enc_0: 1.1842 (1.2017)  loss_mal_dn_0: 2.0762 (2.1206)  loss_bbox_dn_0: 0.5570 (0.5998)  loss_giou_dn_0: 0.8483 (0.8563)  loss_fgl_dn_0: 1.0873 (1.1272)  loss_ddf_dn_0: 0.4696 (0.4821)  loss_mal_dn_1: 2.3984 (2.3767)  loss_bbox_dn_1: 0.3908 (0.4345)  loss_giou_dn_1: 0.5980 (0.6344)  loss_fgl_dn_1: 1.0911 (1.1030)  loss_ddf_dn_1: 0.0982 (0.1020)  loss_mal_dn_2: 2.1875 (2.2014)  loss_bbox_dn_2: 0.3345 (0.3774)  loss_giou_dn_2: 0.5262 (0.5704)  loss_fgl_dn_2: 1.0890 (1.0973)  loss_ddf_dn_2: 0.0122 (0.0136)  loss_mal_dn_3: 1.9346 (1.9031)  loss_bbox_dn_3: 0.3254 (0.3719)  loss_giou_dn_3: 0.5073 (0.5593)  loss_fgl_dn_3: 1.0915 (1.1020)  loss_mal_dn_pre: 2.0977 (2.1320)  loss_bbox_dn_pre: 0.5663 (0.6011)  loss_giou_dn_pre: 0.8514 (0.8540)
Test:  [0/4]  eta: 0:00:01    time: 0.4065  data: 0.3690  max mem: 3583
Test:  [3/4]  eta: 0:00:00    time: 0.1628  data: 0.0943  max mem: 3583
Test: Total time: 0:00:00 (0.1792 s / it)
Averaged stats: 
Accumulating evaluation results...
COCOeval_opt.accumulate() finished...
DONE (t=0.00s).
IoU metric: bbox
 Average Precision  (AP) @[ IoU=0.50:0.95 | area=   all | maxDets=100 ] = 0.235
 Average Precision  (AP) @[ IoU=0.50      | area=   all | maxDets=100 ] = 0.287
 Average Precision  (AP) @[ IoU=0.75      | area=   all | maxDets=100 ] = 0.272
 Average Precision  (AP) @[ IoU=0.50:0.95 | area= small | maxDets=100 ] = -1.000
 Average Precision  (AP) @[ IoU=0.50:0.95 | area=medium | maxDets=100 ] = -1.000
 Average Precision  (AP) @[ IoU=0.50:0.95 | area= large | maxDets=100 ] = 0.235
 Average Recall     (AR) @[ IoU=0.50:0.95 | area=   all | maxDets=  1 ] = 0.487
 Average Recall     (AR) @[ IoU=0.50:0.95 | area=   all | maxDets= 10 ] = 0.827
 Average Recall     (AR) @[ IoU=0.50:0.95 | area=   all | maxDets=100 ] = 0.867
 Average Recall     (AR) @[ IoU=0.50:0.95 | area= small | maxDets=100 ] = -1.000
 Average Recall     (AR) @[ IoU=0.50:0.95 | area=medium | maxDets=100 ] = -1.000
 Average Recall     (AR) @[ IoU=0.50:0.95 | area= large | maxDets=100 ] = 0.867
 Average Recall     (AR) @[ IoU=0.50      | area=   all | maxDets=100 ] = 1.000
 Average Recall     (AR) @[ IoU=0.75      | area=   all | maxDets=100 ] = 0.967
best_stat: {'epoch': 57, 'coco_eval_bbox': 0.26691494508304187}
Epoch: [59]  [0/8]  eta: 0:00:07  lr: 0.000001  loss: 46.7136 (46.7136)  loss_mal: 2.2090 (2.2090)  loss_bbox: 0.2424 (0.2424)  loss_giou: 0.4038 (0.4038)  loss_fgl: 0.9686 (0.9686)  loss_mal_aux_0: 2.4590 (2.4590)  loss_bbox_aux_0: 0.4140 (0.4140)  loss_giou_aux_0: 0.6865 (0.6865)  loss_fgl_aux_0: 1.0981 (1.0981)  loss_ddf_aux_0: 0.4125 (0.4125)  loss_mal_aux_1: 2.7539 (2.7539)  loss_bbox_aux_1: 0.3153 (0.3153)  loss_giou_aux_1: 0.4881 (0.4881)  loss_fgl_aux_1: 0.9805 (0.9805)  loss_ddf_aux_1: 0.0842 (0.0842)  loss_mal_aux_2: 2.6074 (2.6074)  loss_bbox_aux_2: 0.2454 (0.2454)  loss_giou_aux_2: 0.4139 (0.4139)  loss_fgl_aux_2: 0.9692 (0.9692)  loss_ddf_aux_2: 0.0098 (0.0098)  loss_mal_pre: 2.4395 (2.4395)  loss_bbox_pre: 0.4213 (0.4213)  loss_giou_pre: 0.6939 (0.6939)  loss_mal_enc_0: 2.0977 (2.0977)  loss_bbox_enc_0: 0.6812 (0.6812)  loss_giou_enc_0: 1.1073 (1.1073)  loss_mal_dn_0: 2.4844 (2.4844)  loss_bbox_dn_0: 0.5332 (0.5332)  loss_giou_dn_0: 0.6686 (0.6686)  loss_fgl_dn_0: 1.1223 (1.1223)  loss_ddf_dn_0: 0.3908 (0.3908)  loss_mal_dn_1: 2.7734 (2.7734)  loss_bbox_dn_1: 0.3377 (0.3377)  loss_giou_dn_1: 0.4288 (0.4288)  loss_fgl_dn_1: 1.0107 (1.0107)  loss_ddf_dn_1: 0.0739 (0.0739)  loss_mal_dn_2: 2.5762 (2.5762)  loss_bbox_dn_2: 0.2654 (0.2654)  loss_giou_dn_2: 0.3450 (0.3450)  loss_fgl_dn_2: 0.9883 (0.9883)  loss_ddf_dn_2: 0.0096 (0.0096)  loss_mal_dn_3: 2.1914 (2.1914)  loss_bbox_dn_3: 0.2656 (0.2656)  loss_giou_dn_3: 0.3407 (0.3407)  loss_fgl_dn_3: 0.9871 (0.9871)  loss_mal_dn_pre: 2.5059 (2.5059)  loss_bbox_dn_pre: 0.5472 (0.5472)  loss_giou_dn_pre: 0.6653 (0.6653)  time: 0.8997  data: 0.7120  max mem: 3583
Epoch: [59]  [7/8]  eta: 0:00:00  lr: 0.000001  loss: 46.7961 (47.1526)  loss_mal: 2.0273 (2.0271)  loss_bbox: 0.3166 (0.3738)  loss_giou: 0.4302 (0.5658)  loss_fgl: 1.0351 (1.0598)  loss_mal_aux_0: 2.4590 (2.3076)  loss_bbox_aux_0: 0.4688 (0.5391)  loss_giou_aux_0: 0.7046 (0.8486)  loss_fgl_aux_0: 1.0981 (1.0618)  loss_ddf_aux_0: 0.4125 (0.4549)  loss_mal_aux_1: 2.5820 (2.4537)  loss_bbox_aux_1: 0.3389 (0.4212)  loss_giou_aux_1: 0.5139 (0.6421)  loss_fgl_aux_1: 1.0551 (1.0644)  loss_ddf_aux_1: 0.0865 (0.1011)  loss_mal_aux_2: 2.3418 (2.2963)  loss_bbox_aux_2: 0.3223 (0.3807)  loss_giou_aux_2: 0.4418 (0.5770)  loss_fgl_aux_2: 1.0247 (1.0570)  loss_ddf_aux_2: 0.0123 (0.0141)  loss_mal_pre: 2.4395 (2.3170)  loss_bbox_pre: 0.4690 (0.5371)  loss_giou_pre: 0.7256 (0.8620)  loss_mal_enc_0: 1.8418 (1.8049)  loss_bbox_enc_0: 0.6986 (0.7579)  loss_giou_enc_0: 1.1301 (1.2134)  loss_mal_dn_0: 2.1641 (2.2610)  loss_bbox_dn_0: 0.5332 (0.5328)  loss_giou_dn_0: 0.7934 (0.7832)  loss_fgl_dn_0: 1.1275 (1.1440)  loss_ddf_dn_0: 0.4851 (0.4974)  loss_mal_dn_1: 2.4609 (2.5220)  loss_bbox_dn_1: 0.3546 (0.3560)  loss_giou_dn_1: 0.5366 (0.5429)  loss_fgl_dn_1: 1.0796 (1.0854)  loss_ddf_dn_1: 0.0961 (0.0958)  loss_mal_dn_2: 2.1836 (2.2655)  loss_bbox_dn_2: 0.3186 (0.3173)  loss_giou_dn_2: 0.4859 (0.4894)  loss_fgl_dn_2: 1.0783 (1.0779)  loss_ddf_dn_2: 0.0117 (0.0120)  loss_mal_dn_3: 1.8945 (1.9685)  loss_bbox_dn_3: 0.2730 (0.3079)  loss_giou_dn_3: 0.4655 (0.4766)  loss_fgl_dn_3: 1.0859 (1.0816)  loss_mal_dn_pre: 2.2051 (2.2771)  loss_bbox_dn_pre: 0.5472 (0.5394)  loss_giou_dn_pre: 0.7912 (0.7806)  time: 0.2554  data: 0.1035  max mem: 3583
Epoch: [59] Total time: 0:00:02 (0.2632 s / it)
Averaged stats: lr: 0.000001  loss: 46.7961 (47.1526)  loss_mal: 2.0273 (2.0271)  loss_bbox: 0.3166 (0.3738)  loss_giou: 0.4302 (0.5658)  loss_fgl: 1.0351 (1.0598)  loss_mal_aux_0: 2.4590 (2.3076)  loss_bbox_aux_0: 0.4688 (0.5391)  loss_giou_aux_0: 0.7046 (0.8486)  loss_fgl_aux_0: 1.0981 (1.0618)  loss_ddf_aux_0: 0.4125 (0.4549)  loss_mal_aux_1: 2.5820 (2.4537)  loss_bbox_aux_1: 0.3389 (0.4212)  loss_giou_aux_1: 0.5139 (0.6421)  loss_fgl_aux_1: 1.0551 (1.0644)  loss_ddf_aux_1: 0.0865 (0.1011)  loss_mal_aux_2: 2.3418 (2.2963)  loss_bbox_aux_2: 0.3223 (0.3807)  loss_giou_aux_2: 0.4418 (0.5770)  loss_fgl_aux_2: 1.0247 (1.0570)  loss_ddf_aux_2: 0.0123 (0.0141)  loss_mal_pre: 2.4395 (2.3170)  loss_bbox_pre: 0.4690 (0.5371)  loss_giou_pre: 0.7256 (0.8620)  loss_mal_enc_0: 1.8418 (1.8049)  loss_bbox_enc_0: 0.6986 (0.7579)  loss_giou_enc_0: 1.1301 (1.2134)  loss_mal_dn_0: 2.1641 (2.2610)  loss_bbox_dn_0: 0.5332 (0.5328)  loss_giou_dn_0: 0.7934 (0.7832)  loss_fgl_dn_0: 1.1275 (1.1440)  loss_ddf_dn_0: 0.4851 (0.4974)  loss_mal_dn_1: 2.4609 (2.5220)  loss_bbox_dn_1: 0.3546 (0.3560)  loss_giou_dn_1: 0.5366 (0.5429)  loss_fgl_dn_1: 1.0796 (1.0854)  loss_ddf_dn_1: 0.0961 (0.0958)  loss_mal_dn_2: 2.1836 (2.2655)  loss_bbox_dn_2: 0.3186 (0.3173)  loss_giou_dn_2: 0.4859 (0.4894)  loss_fgl_dn_2: 1.0783 (1.0779)  loss_ddf_dn_2: 0.0117 (0.0120)  loss_mal_dn_3: 1.8945 (1.9685)  loss_bbox_dn_3: 0.2730 (0.3079)  loss_giou_dn_3: 0.4655 (0.4766)  loss_fgl_dn_3: 1.0859 (1.0816)  loss_mal_dn_pre: 2.2051 (2.2771)  loss_bbox_dn_pre: 0.5472 (0.5394)  loss_giou_dn_pre: 0.7912 (0.7806)
Test:  [0/4]  eta: 0:00:01    time: 0.4194  data: 0.3769  max mem: 3583
Test:  [3/4]  eta: 0:00:00    time: 0.1321  data: 0.0964  max mem: 3583
Test: Total time: 0:00:00 (0.1531 s / it)
Averaged stats: 
Accumulating evaluation results...
COCOeval_opt.accumulate() finished...
DONE (t=0.00s).
IoU metric: bbox
 Average Precision  (AP) @[ IoU=0.50:0.95 | area=   all | maxDets=100 ] = 0.253
 Average Precision  (AP) @[ IoU=0.50      | area=   all | maxDets=100 ] = 0.329
 Average Precision  (AP) @[ IoU=0.75      | area=   all | maxDets=100 ] = 0.310
 Average Precision  (AP) @[ IoU=0.50:0.95 | area= small | maxDets=100 ] = -1.000
 Average Precision  (AP) @[ IoU=0.50:0.95 | area=medium | maxDets=100 ] = -1.000
 Average Precision  (AP) @[ IoU=0.50:0.95 | area= large | maxDets=100 ] = 0.253
 Average Recall     (AR) @[ IoU=0.50:0.95 | area=   all | maxDets=  1 ] = 0.480
 Average Recall     (AR) @[ IoU=0.50:0.95 | area=   all | maxDets= 10 ] = 0.853
 Average Recall     (AR) @[ IoU=0.50:0.95 | area=   all | maxDets=100 ] = 0.883
 Average Recall     (AR) @[ IoU=0.50:0.95 | area= small | maxDets=100 ] = -1.000
 Average Recall     (AR) @[ IoU=0.50:0.95 | area=medium | maxDets=100 ] = -1.000
 Average Recall     (AR) @[ IoU=0.50:0.95 | area= large | maxDets=100 ] = 0.883
 Average Recall     (AR) @[ IoU=0.50      | area=   all | maxDets=100 ] = 1.000
 Average Recall     (AR) @[ IoU=0.75      | area=   all | maxDets=100 ] = 0.967
best_stat: {'epoch': 57, 'coco_eval_bbox': 0.26691494508304187}
Epoch: [60]  [0/8]  eta: 0:00:08  lr: 0.000001  loss: 47.3371 (47.3371)  loss_mal: 2.4785 (2.4785)  loss_bbox: 0.1124 (0.1124)  loss_giou: 0.2364 (0.2364)  loss_fgl: 1.0334 (1.0334)  loss_mal_aux_0: 3.3770 (3.3770)  loss_bbox_aux_0: 0.2080 (0.2080)  loss_giou_aux_0: 0.3861 (0.3861)  loss_fgl_aux_0: 1.1114 (1.1114)  loss_ddf_aux_0: 0.3861 (0.3861)  loss_mal_aux_1: 2.9922 (2.9922)  loss_bbox_aux_1: 0.1335 (0.1335)  loss_giou_aux_1: 0.2523 (0.2523)  loss_fgl_aux_1: 1.0211 (1.0211)  loss_ddf_aux_1: 0.0723 (0.0723)  loss_mal_aux_2: 2.5586 (2.5586)  loss_bbox_aux_2: 0.1191 (0.1191)  loss_giou_aux_2: 0.2438 (0.2438)  loss_fgl_aux_2: 1.0401 (1.0401)  loss_ddf_aux_2: 0.0111 (0.0111)  loss_mal_pre: 3.4551 (3.4551)  loss_bbox_pre: 0.2301 (0.2301)  loss_giou_pre: 0.4061 (0.4061)  loss_mal_enc_0: 2.7109 (2.7109)  loss_bbox_enc_0: 0.5398 (0.5398)  loss_giou_enc_0: 0.8793 (0.8793)  loss_mal_dn_0: 2.1328 (2.1328)  loss_bbox_dn_0: 0.6464 (0.6464)  loss_giou_dn_0: 0.8199 (0.8199)  loss_fgl_dn_0: 1.1876 (1.1876)  loss_ddf_dn_0: 0.5428 (0.5428)  loss_mal_dn_1: 2.6699 (2.6699)  loss_bbox_dn_1: 0.3349 (0.3349)  loss_giou_dn_1: 0.4452 (0.4452)  loss_fgl_dn_1: 1.0578 (1.0578)  loss_ddf_dn_1: 0.1185 (0.1185)  loss_mal_dn_2: 2.4316 (2.4316)  loss_bbox_dn_2: 0.2465 (0.2465)  loss_giou_dn_2: 0.3555 (0.3555)  loss_fgl_dn_2: 1.0089 (1.0089)  loss_ddf_dn_2: 0.0110 (0.0110)  loss_mal_dn_3: 2.1367 (2.1367)  loss_bbox_dn_3: 0.2225 (0.2225)  loss_giou_dn_3: 0.3327 (0.3327)  loss_fgl_dn_3: 1.0167 (1.0167)  loss_mal_dn_pre: 2.1406 (2.1406)  loss_bbox_dn_pre: 0.6620 (0.6620)  loss_giou_dn_pre: 0.8217 (0.8217)  time: 1.1024  data: 0.9122  max mem: 3583
Epoch: [60]  [7/8]  eta: 0:00:00  lr: 0.000001  loss: 46.0052 (46.4214)  loss_mal: 1.9766 (2.1504)  loss_bbox: 0.2138 (0.2118)  loss_giou: 0.3757 (0.4188)  loss_fgl: 1.0334 (1.0855)  loss_mal_aux_0: 2.7266 (2.7498)  loss_bbox_aux_0: 0.3198 (0.3481)  loss_giou_aux_0: 0.6063 (0.6394)  loss_fgl_aux_0: 1.1369 (1.1441)  loss_ddf_aux_0: 0.3987 (0.4544)  loss_mal_aux_1: 2.4766 (2.6189)  loss_bbox_aux_1: 0.2208 (0.2386)  loss_giou_aux_1: 0.4146 (0.4547)  loss_fgl_aux_1: 1.0501 (1.0928)  loss_ddf_aux_1: 0.0783 (0.0883)  loss_mal_aux_2: 2.2207 (2.3474)  loss_bbox_aux_2: 0.2153 (0.2147)  loss_giou_aux_2: 0.3766 (0.4211)  loss_fgl_aux_2: 1.0401 (1.0887)  loss_ddf_aux_2: 0.0128 (0.0131)  loss_mal_pre: 2.7070 (2.7732)  loss_bbox_pre: 0.3195 (0.3513)  loss_giou_pre: 0.5955 (0.6493)  loss_mal_enc_0: 2.0059 (2.0850)  loss_bbox_enc_0: 0.5797 (0.5958)  loss_giou_enc_0: 1.0287 (1.1024)  loss_mal_dn_0: 2.2109 (2.2606)  loss_bbox_dn_0: 0.4324 (0.5004)  loss_giou_dn_0: 0.7753 (0.7823)  loss_fgl_dn_0: 1.1638 (1.1683)  loss_ddf_dn_0: 0.5428 (0.5626)  loss_mal_dn_1: 2.5410 (2.5576)  loss_bbox_dn_1: 0.2832 (0.2945)  loss_giou_dn_1: 0.4936 (0.4966)  loss_fgl_dn_1: 1.0754 (1.0860)  loss_ddf_dn_1: 0.1135 (0.1112)  loss_mal_dn_2: 2.1758 (2.2598)  loss_bbox_dn_2: 0.2388 (0.2348)  loss_giou_dn_2: 0.4468 (0.4301)  loss_fgl_dn_2: 1.0609 (1.0684)  loss_ddf_dn_2: 0.0110 (0.0119)  loss_mal_dn_3: 1.9492 (1.9895)  loss_bbox_dn_3: 0.2225 (0.2225)  loss_giou_dn_3: 0.4403 (0.4158)  loss_fgl_dn_3: 1.0659 (1.0722)  loss_mal_dn_pre: 2.2148 (2.2716)  loss_bbox_dn_pre: 0.4426 (0.5048)  loss_giou_dn_pre: 0.7648 (0.7822)  time: 0.2448  data: 0.1157  max mem: 3583
Epoch: [60] Total time: 0:00:02 (0.2562 s / it)
Averaged stats: lr: 0.000001  loss: 46.0052 (46.4214)  loss_mal: 1.9766 (2.1504)  loss_bbox: 0.2138 (0.2118)  loss_giou: 0.3757 (0.4188)  loss_fgl: 1.0334 (1.0855)  loss_mal_aux_0: 2.7266 (2.7498)  loss_bbox_aux_0: 0.3198 (0.3481)  loss_giou_aux_0: 0.6063 (0.6394)  loss_fgl_aux_0: 1.1369 (1.1441)  loss_ddf_aux_0: 0.3987 (0.4544)  loss_mal_aux_1: 2.4766 (2.6189)  loss_bbox_aux_1: 0.2208 (0.2386)  loss_giou_aux_1: 0.4146 (0.4547)  loss_fgl_aux_1: 1.0501 (1.0928)  loss_ddf_aux_1: 0.0783 (0.0883)  loss_mal_aux_2: 2.2207 (2.3474)  loss_bbox_aux_2: 0.2153 (0.2147)  loss_giou_aux_2: 0.3766 (0.4211)  loss_fgl_aux_2: 1.0401 (1.0887)  loss_ddf_aux_2: 0.0128 (0.0131)  loss_mal_pre: 2.7070 (2.7732)  loss_bbox_pre: 0.3195 (0.3513)  loss_giou_pre: 0.5955 (0.6493)  loss_mal_enc_0: 2.0059 (2.0850)  loss_bbox_enc_0: 0.5797 (0.5958)  loss_giou_enc_0: 1.0287 (1.1024)  loss_mal_dn_0: 2.2109 (2.2606)  loss_bbox_dn_0: 0.4324 (0.5004)  loss_giou_dn_0: 0.7753 (0.7823)  loss_fgl_dn_0: 1.1638 (1.1683)  loss_ddf_dn_0: 0.5428 (0.5626)  loss_mal_dn_1: 2.5410 (2.5576)  loss_bbox_dn_1: 0.2832 (0.2945)  loss_giou_dn_1: 0.4936 (0.4966)  loss_fgl_dn_1: 1.0754 (1.0860)  loss_ddf_dn_1: 0.1135 (0.1112)  loss_mal_dn_2: 2.1758 (2.2598)  loss_bbox_dn_2: 0.2388 (0.2348)  loss_giou_dn_2: 0.4468 (0.4301)  loss_fgl_dn_2: 1.0609 (1.0684)  loss_ddf_dn_2: 0.0110 (0.0119)  loss_mal_dn_3: 1.9492 (1.9895)  loss_bbox_dn_3: 0.2225 (0.2225)  loss_giou_dn_3: 0.4403 (0.4158)  loss_fgl_dn_3: 1.0659 (1.0722)  loss_mal_dn_pre: 2.2148 (2.2716)  loss_bbox_dn_pre: 0.4426 (0.5048)  loss_giou_dn_pre: 0.7648 (0.7822)
Test:  [0/4]  eta: 0:00:01    time: 0.4022  data: 0.3612  max mem: 3583
Test:  [3/4]  eta: 0:00:00    time: 0.1282  data: 0.0926  max mem: 3583
Test: Total time: 0:00:00 (0.1494 s / it)
Averaged stats: 
Accumulating evaluation results...
COCOeval_opt.accumulate() finished...
DONE (t=0.00s).
IoU metric: bbox
 Average Precision  (AP) @[ IoU=0.50:0.95 | area=   all | maxDets=100 ] = 0.197
 Average Precision  (AP) @[ IoU=0.50      | area=   all | maxDets=100 ] = 0.236
 Average Precision  (AP) @[ IoU=0.75      | area=   all | maxDets=100 ] = 0.211
 Average Precision  (AP) @[ IoU=0.50:0.95 | area= small | maxDets=100 ] = -1.000
 Average Precision  (AP) @[ IoU=0.50:0.95 | area=medium | maxDets=100 ] = -1.000
 Average Precision  (AP) @[ IoU=0.50:0.95 | area= large | maxDets=100 ] = 0.197
 Average Recall     (AR) @[ IoU=0.50:0.95 | area=   all | maxDets=  1 ] = 0.497
 Average Recall     (AR) @[ IoU=0.50:0.95 | area=   all | maxDets= 10 ] = 0.813
 Average Recall     (AR) @[ IoU=0.50:0.95 | area=   all | maxDets=100 ] = 0.873
 Average Recall     (AR) @[ IoU=0.50:0.95 | area= small | maxDets=100 ] = -1.000
 Average Recall     (AR) @[ IoU=0.50:0.95 | area=medium | maxDets=100 ] = -1.000
 Average Recall     (AR) @[ IoU=0.50:0.95 | area= large | maxDets=100 ] = 0.873
 Average Recall     (AR) @[ IoU=0.50      | area=   all | maxDets=100 ] = 1.000
 Average Recall     (AR) @[ IoU=0.75      | area=   all | maxDets=100 ] = 0.933
best_stat: {'epoch': 57, 'coco_eval_bbox': 0.26691494508304187}
Epoch: [61]  [0/8]  eta: 0:00:06  lr: 0.000001  loss: 47.1453 (47.1453)  loss_mal: 2.2285 (2.2285)  loss_bbox: 0.1649 (0.1649)  loss_giou: 0.2835 (0.2835)  loss_fgl: 1.1708 (1.1708)  loss_mal_aux_0: 3.0781 (3.0781)  loss_bbox_aux_0: 0.2477 (0.2477)  loss_giou_aux_0: 0.4523 (0.4523)  loss_fgl_aux_0: 1.3595 (1.3595)  loss_ddf_aux_0: 0.4218 (0.4218)  loss_mal_aux_1: 2.7676 (2.7676)  loss_bbox_aux_1: 0.1698 (0.1698)  loss_giou_aux_1: 0.3089 (0.3089)  loss_fgl_aux_1: 1.1627 (1.1627)  loss_ddf_aux_1: 0.0819 (0.0819)  loss_mal_aux_2: 2.3730 (2.3730)  loss_bbox_aux_2: 0.1730 (0.1730)  loss_giou_aux_2: 0.2950 (0.2950)  loss_fgl_aux_2: 1.1731 (1.1731)  loss_ddf_aux_2: 0.0147 (0.0147)  loss_mal_pre: 3.1465 (3.1465)  loss_bbox_pre: 0.2350 (0.2350)  loss_giou_pre: 0.4266 (0.4266)  loss_mal_enc_0: 2.8262 (2.8262)  loss_bbox_enc_0: 0.5593 (0.5593)  loss_giou_enc_0: 0.9029 (0.9029)  loss_mal_dn_0: 2.4766 (2.4766)  loss_bbox_dn_0: 0.5174 (0.5174)  loss_giou_dn_0: 0.6581 (0.6581)  loss_fgl_dn_0: 1.1941 (1.1941)  loss_ddf_dn_0: 0.3787 (0.3787)  loss_mal_dn_1: 2.5234 (2.5234)  loss_bbox_dn_1: 0.3702 (0.3702)  loss_giou_dn_1: 0.4672 (0.4672)  loss_fgl_dn_1: 1.1073 (1.1073)  loss_ddf_dn_1: 0.0663 (0.0663)  loss_mal_dn_2: 2.1641 (2.1641)  loss_bbox_dn_2: 0.3122 (0.3122)  loss_giou_dn_2: 0.4025 (0.4025)  loss_fgl_dn_2: 1.1051 (1.1051)  loss_ddf_dn_2: 0.0086 (0.0086)  loss_mal_dn_3: 1.9150 (1.9150)  loss_bbox_dn_3: 0.2982 (0.2982)  loss_giou_dn_3: 0.3880 (0.3880)  loss_fgl_dn_3: 1.1128 (1.1128)  loss_mal_dn_pre: 2.4766 (2.4766)  loss_bbox_dn_pre: 0.5179 (0.5179)  loss_giou_dn_pre: 0.6617 (0.6617)  time: 0.8548  data: 0.6531  max mem: 3583
Epoch: [61]  [7/8]  eta: 0:00:00  lr: 0.000002  loss: 45.1044 (45.4138)  loss_mal: 1.9814 (2.0059)  loss_bbox: 0.1892 (0.2544)  loss_giou: 0.3664 (0.4753)  loss_fgl: 0.9984 (1.0421)  loss_mal_aux_0: 2.3965 (2.4590)  loss_bbox_aux_0: 0.2505 (0.3877)  loss_giou_aux_0: 0.6096 (0.7197)  loss_fgl_aux_0: 1.1071 (1.1167)  loss_ddf_aux_0: 0.4218 (0.5072)  loss_mal_aux_1: 2.4336 (2.4556)  loss_bbox_aux_1: 0.1936 (0.2858)  loss_giou_aux_1: 0.4152 (0.5276)  loss_fgl_aux_1: 1.0074 (1.0524)  loss_ddf_aux_1: 0.0857 (0.1027)  loss_mal_aux_2: 2.1055 (2.1643)  loss_bbox_aux_2: 0.1948 (0.2581)  loss_giou_aux_2: 0.3777 (0.4850)  loss_fgl_aux_2: 0.9996 (1.0418)  loss_ddf_aux_2: 0.0148 (0.0152)  loss_mal_pre: 2.4297 (2.4752)  loss_bbox_pre: 0.2350 (0.3800)  loss_giou_pre: 0.6118 (0.7144)  loss_mal_enc_0: 1.8770 (1.9784)  loss_bbox_enc_0: 0.5593 (0.6056)  loss_giou_enc_0: 1.1054 (1.1566)  loss_mal_dn_0: 2.2949 (2.3208)  loss_bbox_dn_0: 0.4148 (0.4213)  loss_giou_dn_0: 0.7368 (0.7375)  loss_fgl_dn_0: 1.1737 (1.1792)  loss_ddf_dn_0: 0.5702 (0.5552)  loss_mal_dn_1: 2.5234 (2.5129)  loss_bbox_dn_1: 0.2417 (0.2732)  loss_giou_dn_1: 0.4390 (0.4845)  loss_fgl_dn_1: 1.0794 (1.0918)  loss_ddf_dn_1: 0.1026 (0.1055)  loss_mal_dn_2: 2.1641 (2.1914)  loss_bbox_dn_2: 0.1995 (0.2234)  loss_giou_dn_2: 0.3642 (0.4196)  loss_fgl_dn_2: 1.0669 (1.0774)  loss_ddf_dn_2: 0.0123 (0.0123)  loss_mal_dn_3: 1.9150 (1.9387)  loss_bbox_dn_3: 0.1908 (0.2167)  loss_giou_dn_3: 0.3523 (0.4086)  loss_fgl_dn_3: 1.0681 (1.0803)  loss_mal_dn_pre: 2.3008 (2.3413)  loss_bbox_dn_pre: 0.4112 (0.4214)  loss_giou_dn_pre: 0.7247 (0.7341)  time: 0.2185  data: 0.0852  max mem: 3583
Epoch: [61] Total time: 0:00:01 (0.2280 s / it)
Averaged stats: lr: 0.000002  loss: 45.1044 (45.4138)  loss_mal: 1.9814 (2.0059)  loss_bbox: 0.1892 (0.2544)  loss_giou: 0.3664 (0.4753)  loss_fgl: 0.9984 (1.0421)  loss_mal_aux_0: 2.3965 (2.4590)  loss_bbox_aux_0: 0.2505 (0.3877)  loss_giou_aux_0: 0.6096 (0.7197)  loss_fgl_aux_0: 1.1071 (1.1167)  loss_ddf_aux_0: 0.4218 (0.5072)  loss_mal_aux_1: 2.4336 (2.4556)  loss_bbox_aux_1: 0.1936 (0.2858)  loss_giou_aux_1: 0.4152 (0.5276)  loss_fgl_aux_1: 1.0074 (1.0524)  loss_ddf_aux_1: 0.0857 (0.1027)  loss_mal_aux_2: 2.1055 (2.1643)  loss_bbox_aux_2: 0.1948 (0.2581)  loss_giou_aux_2: 0.3777 (0.4850)  loss_fgl_aux_2: 0.9996 (1.0418)  loss_ddf_aux_2: 0.0148 (0.0152)  loss_mal_pre: 2.4297 (2.4752)  loss_bbox_pre: 0.2350 (0.3800)  loss_giou_pre: 0.6118 (0.7144)  loss_mal_enc_0: 1.8770 (1.9784)  loss_bbox_enc_0: 0.5593 (0.6056)  loss_giou_enc_0: 1.1054 (1.1566)  loss_mal_dn_0: 2.2949 (2.3208)  loss_bbox_dn_0: 0.4148 (0.4213)  loss_giou_dn_0: 0.7368 (0.7375)  loss_fgl_dn_0: 1.1737 (1.1792)  loss_ddf_dn_0: 0.5702 (0.5552)  loss_mal_dn_1: 2.5234 (2.5129)  loss_bbox_dn_1: 0.2417 (0.2732)  loss_giou_dn_1: 0.4390 (0.4845)  loss_fgl_dn_1: 1.0794 (1.0918)  loss_ddf_dn_1: 0.1026 (0.1055)  loss_mal_dn_2: 2.1641 (2.1914)  loss_bbox_dn_2: 0.1995 (0.2234)  loss_giou_dn_2: 0.3642 (0.4196)  loss_fgl_dn_2: 1.0669 (1.0774)  loss_ddf_dn_2: 0.0123 (0.0123)  loss_mal_dn_3: 1.9150 (1.9387)  loss_bbox_dn_3: 0.1908 (0.2167)  loss_giou_dn_3: 0.3523 (0.4086)  loss_fgl_dn_3: 1.0681 (1.0803)  loss_mal_dn_pre: 2.3008 (2.3413)  loss_bbox_dn_pre: 0.4112 (0.4214)  loss_giou_dn_pre: 0.7247 (0.7341)
Test:  [0/4]  eta: 0:00:01    time: 0.4063  data: 0.3648  max mem: 3583
Test:  [3/4]  eta: 0:00:00    time: 0.1317  data: 0.0934  max mem: 3583
Test: Total time: 0:00:00 (0.1558 s / it)
Averaged stats: 
Accumulating evaluation results...
COCOeval_opt.accumulate() finished...
DONE (t=0.00s).
IoU metric: bbox
 Average Precision  (AP) @[ IoU=0.50:0.95 | area=   all | maxDets=100 ] = 0.215
 Average Precision  (AP) @[ IoU=0.50      | area=   all | maxDets=100 ] = 0.295
 Average Precision  (AP) @[ IoU=0.75      | area=   all | maxDets=100 ] = 0.222
 Average Precision  (AP) @[ IoU=0.50:0.95 | area= small | maxDets=100 ] = -1.000
 Average Precision  (AP) @[ IoU=0.50:0.95 | area=medium | maxDets=100 ] = -1.000
 Average Precision  (AP) @[ IoU=0.50:0.95 | area= large | maxDets=100 ] = 0.215
 Average Recall     (AR) @[ IoU=0.50:0.95 | area=   all | maxDets=  1 ] = 0.513
 Average Recall     (AR) @[ IoU=0.50:0.95 | area=   all | maxDets= 10 ] = 0.800
 Average Recall     (AR) @[ IoU=0.50:0.95 | area=   all | maxDets=100 ] = 0.880
 Average Recall     (AR) @[ IoU=0.50:0.95 | area= small | maxDets=100 ] = -1.000
 Average Recall     (AR) @[ IoU=0.50:0.95 | area=medium | maxDets=100 ] = -1.000
 Average Recall     (AR) @[ IoU=0.50:0.95 | area= large | maxDets=100 ] = 0.880
 Average Recall     (AR) @[ IoU=0.50      | area=   all | maxDets=100 ] = 1.000
 Average Recall     (AR) @[ IoU=0.75      | area=   all | maxDets=100 ] = 0.933
best_stat: {'epoch': 57, 'coco_eval_bbox': 0.26691494508304187}
Epoch: [62]  [0/8]  eta: 0:00:06  lr: 0.000002  loss: 46.1844 (46.1844)  loss_mal: 2.0918 (2.0918)  loss_bbox: 0.2242 (0.2242)  loss_giou: 0.4687 (0.4687)  loss_fgl: 1.0261 (1.0261)  loss_mal_aux_0: 2.8125 (2.8125)  loss_bbox_aux_0: 0.2845 (0.2845)  loss_giou_aux_0: 0.6585 (0.6585)  loss_fgl_aux_0: 1.1148 (1.1148)  loss_ddf_aux_0: 0.6393 (0.6393)  loss_mal_aux_1: 2.5430 (2.5430)  loss_bbox_aux_1: 0.2425 (0.2425)  loss_giou_aux_1: 0.4986 (0.4986)  loss_fgl_aux_1: 1.0430 (1.0430)  loss_ddf_aux_1: 0.1050 (0.1050)  loss_mal_aux_2: 2.1953 (2.1953)  loss_bbox_aux_2: 0.2301 (0.2301)  loss_giou_aux_2: 0.4767 (0.4767)  loss_fgl_aux_2: 1.0329 (1.0329)  loss_ddf_aux_2: 0.0137 (0.0137)  loss_mal_pre: 2.7793 (2.7793)  loss_bbox_pre: 0.2989 (0.2989)  loss_giou_pre: 0.6773 (0.6773)  loss_mal_enc_0: 2.0781 (2.0781)  loss_bbox_enc_0: 0.5963 (0.5963)  loss_giou_enc_0: 1.1630 (1.1630)  loss_mal_dn_0: 2.0742 (2.0742)  loss_bbox_dn_0: 0.5054 (0.5054)  loss_giou_dn_0: 0.8773 (0.8773)  loss_fgl_dn_0: 1.1194 (1.1194)  loss_ddf_dn_0: 0.7658 (0.7658)  loss_mal_dn_1: 2.4902 (2.4902)  loss_bbox_dn_1: 0.3110 (0.3110)  loss_giou_dn_1: 0.5379 (0.5379)  loss_fgl_dn_1: 1.0421 (1.0421)  loss_ddf_dn_1: 0.1553 (0.1553)  loss_mal_dn_2: 2.1465 (2.1465)  loss_bbox_dn_2: 0.2635 (0.2635)  loss_giou_dn_2: 0.4683 (0.4683)  loss_fgl_dn_2: 1.0238 (1.0238)  loss_ddf_dn_2: 0.0144 (0.0144)  loss_mal_dn_3: 1.8945 (1.8945)  loss_bbox_dn_3: 0.2577 (0.2577)  loss_giou_dn_3: 0.4559 (0.4559)  loss_fgl_dn_3: 1.0237 (1.0237)  loss_mal_dn_pre: 2.0859 (2.0859)  loss_bbox_dn_pre: 0.5055 (0.5055)  loss_giou_dn_pre: 0.8716 (0.8716)  time: 0.8554  data: 0.6763  max mem: 3583
Epoch: [62]  [7/8]  eta: 0:00:00  lr: 0.000002  loss: 45.8553 (46.0444)  loss_mal: 2.1758 (2.1545)  loss_bbox: 0.0915 (0.1925)  loss_giou: 0.3035 (0.4141)  loss_fgl: 1.0261 (1.0506)  loss_mal_aux_0: 2.8008 (2.7629)  loss_bbox_aux_0: 0.2217 (0.3153)  loss_giou_aux_0: 0.5711 (0.6435)  loss_fgl_aux_0: 1.1148 (1.1286)  loss_ddf_aux_0: 0.5659 (0.6205)  loss_mal_aux_1: 2.6426 (2.6156)  loss_bbox_aux_1: 0.1434 (0.2223)  loss_giou_aux_1: 0.3581 (0.4569)  loss_fgl_aux_1: 1.0354 (1.0612)  loss_ddf_aux_1: 0.1050 (0.1105)  loss_mal_aux_2: 2.2129 (2.2086)  loss_bbox_aux_2: 0.0912 (0.1943)  loss_giou_aux_2: 0.3143 (0.4170)  loss_fgl_aux_2: 1.0329 (1.0506)  loss_ddf_aux_2: 0.0137 (0.0152)  loss_mal_pre: 2.7793 (2.7804)  loss_bbox_pre: 0.2320 (0.3094)  loss_giou_pre: 0.5550 (0.6466)  loss_mal_enc_0: 2.0781 (2.0786)  loss_bbox_enc_0: 0.5346 (0.5579)  loss_giou_enc_0: 1.0849 (1.1299)  loss_mal_dn_0: 2.5117 (2.4467)  loss_bbox_dn_0: 0.4252 (0.3972)  loss_giou_dn_0: 0.6368 (0.6841)  loss_fgl_dn_0: 1.2057 (1.2027)  loss_ddf_dn_0: 0.5570 (0.6114)  loss_mal_dn_1: 2.5977 (2.5759)  loss_bbox_dn_1: 0.2456 (0.2409)  loss_giou_dn_1: 0.3991 (0.4389)  loss_fgl_dn_1: 1.1215 (1.1293)  loss_ddf_dn_1: 0.1104 (0.1087)  loss_mal_dn_2: 2.2344 (2.1726)  loss_bbox_dn_2: 0.1606 (0.1918)  loss_giou_dn_2: 0.3339 (0.3817)  loss_fgl_dn_2: 1.1039 (1.1112)  loss_ddf_dn_2: 0.0116 (0.0111)  loss_mal_dn_3: 2.0684 (1.9873)  loss_bbox_dn_3: 0.1513 (0.1825)  loss_giou_dn_3: 0.3275 (0.3729)  loss_fgl_dn_3: 1.1033 (1.1141)  loss_mal_dn_pre: 2.5371 (2.4697)  loss_bbox_dn_pre: 0.4222 (0.3948)  loss_giou_dn_pre: 0.6425 (0.6809)  time: 0.2197  data: 0.0879  max mem: 3583
Epoch: [62] Total time: 0:00:01 (0.2280 s / it)
Averaged stats: lr: 0.000002  loss: 45.8553 (46.0444)  loss_mal: 2.1758 (2.1545)  loss_bbox: 0.0915 (0.1925)  loss_giou: 0.3035 (0.4141)  loss_fgl: 1.0261 (1.0506)  loss_mal_aux_0: 2.8008 (2.7629)  loss_bbox_aux_0: 0.2217 (0.3153)  loss_giou_aux_0: 0.5711 (0.6435)  loss_fgl_aux_0: 1.1148 (1.1286)  loss_ddf_aux_0: 0.5659 (0.6205)  loss_mal_aux_1: 2.6426 (2.6156)  loss_bbox_aux_1: 0.1434 (0.2223)  loss_giou_aux_1: 0.3581 (0.4569)  loss_fgl_aux_1: 1.0354 (1.0612)  loss_ddf_aux_1: 0.1050 (0.1105)  loss_mal_aux_2: 2.2129 (2.2086)  loss_bbox_aux_2: 0.0912 (0.1943)  loss_giou_aux_2: 0.3143 (0.4170)  loss_fgl_aux_2: 1.0329 (1.0506)  loss_ddf_aux_2: 0.0137 (0.0152)  loss_mal_pre: 2.7793 (2.7804)  loss_bbox_pre: 0.2320 (0.3094)  loss_giou_pre: 0.5550 (0.6466)  loss_mal_enc_0: 2.0781 (2.0786)  loss_bbox_enc_0: 0.5346 (0.5579)  loss_giou_enc_0: 1.0849 (1.1299)  loss_mal_dn_0: 2.5117 (2.4467)  loss_bbox_dn_0: 0.4252 (0.3972)  loss_giou_dn_0: 0.6368 (0.6841)  loss_fgl_dn_0: 1.2057 (1.2027)  loss_ddf_dn_0: 0.5570 (0.6114)  loss_mal_dn_1: 2.5977 (2.5759)  loss_bbox_dn_1: 0.2456 (0.2409)  loss_giou_dn_1: 0.3991 (0.4389)  loss_fgl_dn_1: 1.1215 (1.1293)  loss_ddf_dn_1: 0.1104 (0.1087)  loss_mal_dn_2: 2.2344 (2.1726)  loss_bbox_dn_2: 0.1606 (0.1918)  loss_giou_dn_2: 0.3339 (0.3817)  loss_fgl_dn_2: 1.1039 (1.1112)  loss_ddf_dn_2: 0.0116 (0.0111)  loss_mal_dn_3: 2.0684 (1.9873)  loss_bbox_dn_3: 0.1513 (0.1825)  loss_giou_dn_3: 0.3275 (0.3729)  loss_fgl_dn_3: 1.1033 (1.1141)  loss_mal_dn_pre: 2.5371 (2.4697)  loss_bbox_dn_pre: 0.4222 (0.3948)  loss_giou_dn_pre: 0.6425 (0.6809)
Test:  [0/4]  eta: 0:00:01    time: 0.4219  data: 0.3767  max mem: 3583
Test:  [3/4]  eta: 0:00:00    time: 0.1329  data: 0.0965  max mem: 3583
Test: Total time: 0:00:00 (0.1569 s / it)
Averaged stats: 
Accumulating evaluation results...
COCOeval_opt.accumulate() finished...
DONE (t=0.00s).
IoU metric: bbox
 Average Precision  (AP) @[ IoU=0.50:0.95 | area=   all | maxDets=100 ] = 0.250
 Average Precision  (AP) @[ IoU=0.50      | area=   all | maxDets=100 ] = 0.314
 Average Precision  (AP) @[ IoU=0.75      | area=   all | maxDets=100 ] = 0.258
 Average Precision  (AP) @[ IoU=0.50:0.95 | area= small | maxDets=100 ] = -1.000
 Average Precision  (AP) @[ IoU=0.50:0.95 | area=medium | maxDets=100 ] = -1.000
 Average Precision  (AP) @[ IoU=0.50:0.95 | area= large | maxDets=100 ] = 0.250
 Average Recall     (AR) @[ IoU=0.50:0.95 | area=   all | maxDets=  1 ] = 0.523
 Average Recall     (AR) @[ IoU=0.50:0.95 | area=   all | maxDets= 10 ] = 0.820
 Average Recall     (AR) @[ IoU=0.50:0.95 | area=   all | maxDets=100 ] = 0.883
 Average Recall     (AR) @[ IoU=0.50:0.95 | area= small | maxDets=100 ] = -1.000
 Average Recall     (AR) @[ IoU=0.50:0.95 | area=medium | maxDets=100 ] = -1.000
 Average Recall     (AR) @[ IoU=0.50:0.95 | area= large | maxDets=100 ] = 0.883
 Average Recall     (AR) @[ IoU=0.50      | area=   all | maxDets=100 ] = 1.000
 Average Recall     (AR) @[ IoU=0.75      | area=   all | maxDets=100 ] = 0.967
best_stat: {'epoch': 57, 'coco_eval_bbox': 0.26691494508304187}
Epoch: [63]  [0/8]  eta: 0:00:05  lr: 0.000002  loss: 44.8255 (44.8255)  loss_mal: 1.8926 (1.8926)  loss_bbox: 0.2768 (0.2768)  loss_giou: 0.5069 (0.5069)  loss_fgl: 0.9814 (0.9814)  loss_mal_aux_0: 2.4746 (2.4746)  loss_bbox_aux_0: 0.3916 (0.3916)  loss_giou_aux_0: 0.6922 (0.6922)  loss_fgl_aux_0: 1.0371 (1.0371)  loss_ddf_aux_0: 0.5695 (0.5695)  loss_mal_aux_1: 2.3613 (2.3613)  loss_bbox_aux_1: 0.2808 (0.2808)  loss_giou_aux_1: 0.5237 (0.5237)  loss_fgl_aux_1: 0.9892 (0.9892)  loss_ddf_aux_1: 0.1004 (0.1004)  loss_mal_aux_2: 2.0215 (2.0215)  loss_bbox_aux_2: 0.2810 (0.2810)  loss_giou_aux_2: 0.5158 (0.5158)  loss_fgl_aux_2: 0.9809 (0.9809)  loss_ddf_aux_2: 0.0139 (0.0139)  loss_mal_pre: 2.4863 (2.4863)  loss_bbox_pre: 0.3823 (0.3823)  loss_giou_pre: 0.7023 (0.7023)  loss_mal_enc_0: 2.0137 (2.0137)  loss_bbox_enc_0: 0.6469 (0.6469)  loss_giou_enc_0: 1.1864 (1.1864)  loss_mal_dn_0: 2.4512 (2.4512)  loss_bbox_dn_0: 0.3826 (0.3826)  loss_giou_dn_0: 0.6671 (0.6671)  loss_fgl_dn_0: 1.1985 (1.1985)  loss_ddf_dn_0: 0.8050 (0.8050)  loss_mal_dn_1: 2.4648 (2.4648)  loss_bbox_dn_1: 0.2193 (0.2193)  loss_giou_dn_1: 0.4179 (0.4179)  loss_fgl_dn_1: 1.0798 (1.0798)  loss_ddf_dn_1: 0.1515 (0.1515)  loss_mal_dn_2: 2.0781 (2.0781)  loss_bbox_dn_2: 0.1829 (0.1829)  loss_giou_dn_2: 0.3807 (0.3807)  loss_fgl_dn_2: 1.0510 (1.0510)  loss_ddf_dn_2: 0.0139 (0.0139)  loss_mal_dn_3: 1.8496 (1.8496)  loss_bbox_dn_3: 0.1754 (0.1754)  loss_giou_dn_3: 0.3716 (0.3716)  loss_fgl_dn_3: 1.0527 (1.0527)  loss_mal_dn_pre: 2.4883 (2.4883)  loss_bbox_dn_pre: 0.3756 (0.3756)  loss_giou_dn_pre: 0.6588 (0.6588)  time: 0.6375  data: 0.4367  max mem: 3583
Epoch: [63]  [7/8]  eta: 0:00:00  lr: 0.000002  loss: 44.8255 (45.4924)  loss_mal: 1.8926 (1.8466)  loss_bbox: 0.2768 (0.3453)  loss_giou: 0.5069 (0.5329)  loss_fgl: 1.0047 (1.0666)  loss_mal_aux_0: 2.3965 (2.3671)  loss_bbox_aux_0: 0.3916 (0.4577)  loss_giou_aux_0: 0.6922 (0.7413)  loss_fgl_aux_0: 1.0918 (1.1107)  loss_ddf_aux_0: 0.5877 (0.5940)  loss_mal_aux_1: 2.2871 (2.3083)  loss_bbox_aux_1: 0.2816 (0.3622)  loss_giou_aux_1: 0.5237 (0.5656)  loss_fgl_aux_1: 1.0390 (1.0740)  loss_ddf_aux_1: 0.1075 (0.1121)  loss_mal_aux_2: 1.9297 (1.9414)  loss_bbox_aux_2: 0.2810 (0.3436)  loss_giou_aux_2: 0.5158 (0.5360)  loss_fgl_aux_2: 1.0023 (1.0646)  loss_ddf_aux_2: 0.0139 (0.0144)  loss_mal_pre: 2.4512 (2.4020)  loss_bbox_pre: 0.3823 (0.4573)  loss_giou_pre: 0.7023 (0.7464)  loss_mal_enc_0: 1.7559 (1.8701)  loss_bbox_enc_0: 0.6595 (0.7025)  loss_giou_enc_0: 1.1864 (1.1778)  loss_mal_dn_0: 2.1660 (2.2869)  loss_bbox_dn_0: 0.3826 (0.4220)  loss_giou_dn_0: 0.6671 (0.7481)  loss_fgl_dn_0: 1.1985 (1.2104)  loss_ddf_dn_0: 0.7099 (0.7105)  loss_mal_dn_1: 2.3281 (2.3452)  loss_bbox_dn_1: 0.2193 (0.2944)  loss_giou_dn_1: 0.4219 (0.5257)  loss_fgl_dn_1: 1.0798 (1.1474)  loss_ddf_dn_1: 0.1299 (0.1345)  loss_mal_dn_2: 1.9248 (1.9435)  loss_bbox_dn_2: 0.1829 (0.2608)  loss_giou_dn_2: 0.3807 (0.4789)  loss_fgl_dn_2: 1.0624 (1.1332)  loss_ddf_dn_2: 0.0125 (0.0128)  loss_mal_dn_3: 1.7822 (1.7543)  loss_bbox_dn_3: 0.1754 (0.2569)  loss_giou_dn_3: 0.3716 (0.4729)  loss_fgl_dn_3: 1.0638 (1.1365)  loss_mal_dn_pre: 2.1816 (2.3082)  loss_bbox_dn_pre: 0.3796 (0.4239)  loss_giou_dn_pre: 0.6598 (0.7452)  time: 0.1987  data: 0.0588  max mem: 3583
Epoch: [63] Total time: 0:00:01 (0.2091 s / it)
Averaged stats: lr: 0.000002  loss: 44.8255 (45.4924)  loss_mal: 1.8926 (1.8466)  loss_bbox: 0.2768 (0.3453)  loss_giou: 0.5069 (0.5329)  loss_fgl: 1.0047 (1.0666)  loss_mal_aux_0: 2.3965 (2.3671)  loss_bbox_aux_0: 0.3916 (0.4577)  loss_giou_aux_0: 0.6922 (0.7413)  loss_fgl_aux_0: 1.0918 (1.1107)  loss_ddf_aux_0: 0.5877 (0.5940)  loss_mal_aux_1: 2.2871 (2.3083)  loss_bbox_aux_1: 0.2816 (0.3622)  loss_giou_aux_1: 0.5237 (0.5656)  loss_fgl_aux_1: 1.0390 (1.0740)  loss_ddf_aux_1: 0.1075 (0.1121)  loss_mal_aux_2: 1.9297 (1.9414)  loss_bbox_aux_2: 0.2810 (0.3436)  loss_giou_aux_2: 0.5158 (0.5360)  loss_fgl_aux_2: 1.0023 (1.0646)  loss_ddf_aux_2: 0.0139 (0.0144)  loss_mal_pre: 2.4512 (2.4020)  loss_bbox_pre: 0.3823 (0.4573)  loss_giou_pre: 0.7023 (0.7464)  loss_mal_enc_0: 1.7559 (1.8701)  loss_bbox_enc_0: 0.6595 (0.7025)  loss_giou_enc_0: 1.1864 (1.1778)  loss_mal_dn_0: 2.1660 (2.2869)  loss_bbox_dn_0: 0.3826 (0.4220)  loss_giou_dn_0: 0.6671 (0.7481)  loss_fgl_dn_0: 1.1985 (1.2104)  loss_ddf_dn_0: 0.7099 (0.7105)  loss_mal_dn_1: 2.3281 (2.3452)  loss_bbox_dn_1: 0.2193 (0.2944)  loss_giou_dn_1: 0.4219 (0.5257)  loss_fgl_dn_1: 1.0798 (1.1474)  loss_ddf_dn_1: 0.1299 (0.1345)  loss_mal_dn_2: 1.9248 (1.9435)  loss_bbox_dn_2: 0.1829 (0.2608)  loss_giou_dn_2: 0.3807 (0.4789)  loss_fgl_dn_2: 1.0624 (1.1332)  loss_ddf_dn_2: 0.0125 (0.0128)  loss_mal_dn_3: 1.7822 (1.7543)  loss_bbox_dn_3: 0.1754 (0.2569)  loss_giou_dn_3: 0.3716 (0.4729)  loss_fgl_dn_3: 1.0638 (1.1365)  loss_mal_dn_pre: 2.1816 (2.3082)  loss_bbox_dn_pre: 0.3796 (0.4239)  loss_giou_dn_pre: 0.6598 (0.7452)
Test:  [0/4]  eta: 0:00:01    time: 0.4187  data: 0.3775  max mem: 3583
Test:  [3/4]  eta: 0:00:00    time: 0.1343  data: 0.0964  max mem: 3583
Test: Total time: 0:00:00 (0.1568 s / it)
Averaged stats: 
Accumulating evaluation results...
COCOeval_opt.accumulate() finished...
DONE (t=0.00s).
IoU metric: bbox
 Average Precision  (AP) @[ IoU=0.50:0.95 | area=   all | maxDets=100 ] = 0.187
 Average Precision  (AP) @[ IoU=0.50      | area=   all | maxDets=100 ] = 0.216
 Average Precision  (AP) @[ IoU=0.75      | area=   all | maxDets=100 ] = 0.200
 Average Precision  (AP) @[ IoU=0.50:0.95 | area= small | maxDets=100 ] = -1.000
 Average Precision  (AP) @[ IoU=0.50:0.95 | area=medium | maxDets=100 ] = -1.000
 Average Precision  (AP) @[ IoU=0.50:0.95 | area= large | maxDets=100 ] = 0.187
 Average Recall     (AR) @[ IoU=0.50:0.95 | area=   all | maxDets=  1 ] = 0.507
 Average Recall     (AR) @[ IoU=0.50:0.95 | area=   all | maxDets= 10 ] = 0.810
 Average Recall     (AR) @[ IoU=0.50:0.95 | area=   all | maxDets=100 ] = 0.890
 Average Recall     (AR) @[ IoU=0.50:0.95 | area= small | maxDets=100 ] = -1.000
 Average Recall     (AR) @[ IoU=0.50:0.95 | area=medium | maxDets=100 ] = -1.000
 Average Recall     (AR) @[ IoU=0.50:0.95 | area= large | maxDets=100 ] = 0.890
 Average Recall     (AR) @[ IoU=0.50      | area=   all | maxDets=100 ] = 1.000
 Average Recall     (AR) @[ IoU=0.75      | area=   all | maxDets=100 ] = 0.933
best_stat: {'epoch': 57, 'coco_eval_bbox': 0.26691494508304187}
     ### Attention --- Mixup is closed after epoch@ 64 ###
     ### Attention --- Mixup is closed after epoch@ 64 ###
     ### Attention --- Mixup is closed after epoch@ 64 ###
     ### Attention --- Mixup is closed after epoch@ 64 ###
Epoch: [64]  [0/8]  eta: 0:00:11  lr: 0.000002  loss: 44.9038 (44.9038)  loss_mal: 2.3613 (2.3613)  loss_bbox: 0.0701 (0.0701)  loss_giou: 0.2110 (0.2110)  loss_fgl: 1.0604 (1.0604)  loss_mal_aux_0: 3.1855 (3.1855)  loss_bbox_aux_0: 0.1692 (0.1692)  loss_giou_aux_0: 0.4448 (0.4448)  loss_fgl_aux_0: 1.1838 (1.1838)  loss_ddf_aux_0: 0.6048 (0.6048)  loss_mal_aux_1: 2.6660 (2.6660)  loss_bbox_aux_1: 0.0897 (0.0897)  loss_giou_aux_1: 0.2582 (0.2582)  loss_fgl_aux_1: 1.1025 (1.1025)  loss_ddf_aux_1: 0.1337 (0.1337)  loss_mal_aux_2: 2.2891 (2.2891)  loss_bbox_aux_2: 0.0724 (0.0724)  loss_giou_aux_2: 0.2250 (0.2250)  loss_fgl_aux_2: 1.0577 (1.0577)  loss_ddf_aux_2: 0.0183 (0.0183)  loss_mal_pre: 3.2109 (3.2109)  loss_bbox_pre: 0.1578 (0.1578)  loss_giou_pre: 0.4268 (0.4268)  loss_mal_enc_0: 2.6270 (2.6270)  loss_bbox_enc_0: 0.3817 (0.3817)  loss_giou_enc_0: 0.9716 (0.9716)  loss_mal_dn_0: 2.7617 (2.7617)  loss_bbox_dn_0: 0.2077 (0.2077)  loss_giou_dn_0: 0.5066 (0.5066)  loss_fgl_dn_0: 1.2825 (1.2825)  loss_ddf_dn_0: 0.7766 (0.7766)  loss_mal_dn_1: 2.5742 (2.5742)  loss_bbox_dn_1: 0.0906 (0.0906)  loss_giou_dn_1: 0.2628 (0.2628)  loss_fgl_dn_1: 1.0515 (1.0515)  loss_ddf_dn_1: 0.1564 (0.1564)  loss_mal_dn_2: 2.1348 (2.1348)  loss_bbox_dn_2: 0.0723 (0.0723)  loss_giou_dn_2: 0.2236 (0.2236)  loss_fgl_dn_2: 1.0159 (1.0159)  loss_ddf_dn_2: 0.0194 (0.0194)  loss_mal_dn_3: 1.9492 (1.9492)  loss_bbox_dn_3: 0.0737 (0.0737)  loss_giou_dn_3: 0.2267 (0.2267)  loss_fgl_dn_3: 1.0207 (1.0207)  loss_mal_dn_pre: 2.8105 (2.8105)  loss_bbox_dn_pre: 0.2069 (0.2069)  loss_giou_dn_pre: 0.4997 (0.4997)  time: 1.4083  data: 1.2453  max mem: 3583
Epoch: [64]  [7/8]  eta: 0:00:00  lr: 0.000002  loss: 48.5221 (48.3026)  loss_mal: 2.2148 (2.2520)  loss_bbox: 0.1988 (0.3467)  loss_giou: 0.3253 (0.3939)  loss_fgl: 1.1181 (1.1618)  loss_mal_aux_0: 2.5938 (2.7751)  loss_bbox_aux_0: 0.4588 (0.5166)  loss_giou_aux_0: 0.5533 (0.6343)  loss_fgl_aux_0: 1.1838 (1.2124)  loss_ddf_aux_0: 0.5836 (0.5980)  loss_mal_aux_1: 2.4824 (2.5139)  loss_bbox_aux_1: 0.2479 (0.3629)  loss_giou_aux_1: 0.3857 (0.4312)  loss_fgl_aux_1: 1.1280 (1.1714)  loss_ddf_aux_1: 0.1073 (0.1158)  loss_mal_aux_2: 2.1230 (2.1656)  loss_bbox_aux_2: 0.2068 (0.3589)  loss_giou_aux_2: 0.3380 (0.4010)  loss_fgl_aux_2: 1.0990 (1.1486)  loss_ddf_aux_2: 0.0178 (0.0180)  loss_mal_pre: 2.6348 (2.7827)  loss_bbox_pre: 0.5054 (0.5238)  loss_giou_pre: 0.5598 (0.6415)  loss_mal_enc_0: 2.1113 (2.2289)  loss_bbox_enc_0: 0.9205 (0.8756)  loss_giou_enc_0: 1.1053 (1.1307)  loss_mal_dn_0: 2.3438 (2.4590)  loss_bbox_dn_0: 0.5487 (0.5947)  loss_giou_dn_0: 0.7125 (0.6611)  loss_fgl_dn_0: 1.2159 (1.2764)  loss_ddf_dn_0: 0.6905 (0.7365)  loss_mal_dn_1: 2.3965 (2.4421)  loss_bbox_dn_1: 0.3444 (0.3882)  loss_giou_dn_1: 0.4067 (0.4202)  loss_fgl_dn_1: 1.1145 (1.1606)  loss_ddf_dn_1: 0.1475 (0.1486)  loss_mal_dn_2: 1.9932 (2.0021)  loss_bbox_dn_2: 0.2649 (0.3336)  loss_giou_dn_2: 0.3279 (0.3663)  loss_fgl_dn_2: 1.0914 (1.1396)  loss_ddf_dn_2: 0.0180 (0.0176)  loss_mal_dn_3: 1.8828 (1.8265)  loss_bbox_dn_3: 0.2574 (0.3239)  loss_giou_dn_3: 0.3242 (0.3616)  loss_fgl_dn_3: 1.1029 (1.1490)  loss_mal_dn_pre: 2.3652 (2.4873)  loss_bbox_dn_pre: 0.5519 (0.5881)  loss_giou_dn_pre: 0.6991 (0.6578)  time: 0.3126  data: 0.1573  max mem: 3583
Epoch: [64] Total time: 0:00:02 (0.3212 s / it)
Averaged stats: lr: 0.000002  loss: 48.5221 (48.3026)  loss_mal: 2.2148 (2.2520)  loss_bbox: 0.1988 (0.3467)  loss_giou: 0.3253 (0.3939)  loss_fgl: 1.1181 (1.1618)  loss_mal_aux_0: 2.5938 (2.7751)  loss_bbox_aux_0: 0.4588 (0.5166)  loss_giou_aux_0: 0.5533 (0.6343)  loss_fgl_aux_0: 1.1838 (1.2124)  loss_ddf_aux_0: 0.5836 (0.5980)  loss_mal_aux_1: 2.4824 (2.5139)  loss_bbox_aux_1: 0.2479 (0.3629)  loss_giou_aux_1: 0.3857 (0.4312)  loss_fgl_aux_1: 1.1280 (1.1714)  loss_ddf_aux_1: 0.1073 (0.1158)  loss_mal_aux_2: 2.1230 (2.1656)  loss_bbox_aux_2: 0.2068 (0.3589)  loss_giou_aux_2: 0.3380 (0.4010)  loss_fgl_aux_2: 1.0990 (1.1486)  loss_ddf_aux_2: 0.0178 (0.0180)  loss_mal_pre: 2.6348 (2.7827)  loss_bbox_pre: 0.5054 (0.5238)  loss_giou_pre: 0.5598 (0.6415)  loss_mal_enc_0: 2.1113 (2.2289)  loss_bbox_enc_0: 0.9205 (0.8756)  loss_giou_enc_0: 1.1053 (1.1307)  loss_mal_dn_0: 2.3438 (2.4590)  loss_bbox_dn_0: 0.5487 (0.5947)  loss_giou_dn_0: 0.7125 (0.6611)  loss_fgl_dn_0: 1.2159 (1.2764)  loss_ddf_dn_0: 0.6905 (0.7365)  loss_mal_dn_1: 2.3965 (2.4421)  loss_bbox_dn_1: 0.3444 (0.3882)  loss_giou_dn_1: 0.4067 (0.4202)  loss_fgl_dn_1: 1.1145 (1.1606)  loss_ddf_dn_1: 0.1475 (0.1486)  loss_mal_dn_2: 1.9932 (2.0021)  loss_bbox_dn_2: 0.2649 (0.3336)  loss_giou_dn_2: 0.3279 (0.3663)  loss_fgl_dn_2: 1.0914 (1.1396)  loss_ddf_dn_2: 0.0180 (0.0176)  loss_mal_dn_3: 1.8828 (1.8265)  loss_bbox_dn_3: 0.2574 (0.3239)  loss_giou_dn_3: 0.3242 (0.3616)  loss_fgl_dn_3: 1.1029 (1.1490)  loss_mal_dn_pre: 2.3652 (2.4873)  loss_bbox_dn_pre: 0.5519 (0.5881)  loss_giou_dn_pre: 0.6991 (0.6578)
Test:  [0/4]  eta: 0:00:01    time: 0.3866  data: 0.3487  max mem: 3583
Test:  [3/4]  eta: 0:00:00    time: 0.1208  data: 0.0892  max mem: 3583
Test: Total time: 0:00:00 (0.1404 s / it)
Averaged stats: 
Accumulating evaluation results...
COCOeval_opt.accumulate() finished...
DONE (t=0.00s).
IoU metric: bbox
 Average Precision  (AP) @[ IoU=0.50:0.95 | area=   all | maxDets=100 ] = 0.247
 Average Precision  (AP) @[ IoU=0.50      | area=   all | maxDets=100 ] = 0.280
 Average Precision  (AP) @[ IoU=0.75      | area=   all | maxDets=100 ] = 0.262
 Average Precision  (AP) @[ IoU=0.50:0.95 | area= small | maxDets=100 ] = -1.000
 Average Precision  (AP) @[ IoU=0.50:0.95 | area=medium | maxDets=100 ] = -1.000
 Average Precision  (AP) @[ IoU=0.50:0.95 | area= large | maxDets=100 ] = 0.247
 Average Recall     (AR) @[ IoU=0.50:0.95 | area=   all | maxDets=  1 ] = 0.540
 Average Recall     (AR) @[ IoU=0.50:0.95 | area=   all | maxDets= 10 ] = 0.817
 Average Recall     (AR) @[ IoU=0.50:0.95 | area=   all | maxDets=100 ] = 0.887
 Average Recall     (AR) @[ IoU=0.50:0.95 | area= small | maxDets=100 ] = -1.000
 Average Recall     (AR) @[ IoU=0.50:0.95 | area=medium | maxDets=100 ] = -1.000
 Average Recall     (AR) @[ IoU=0.50:0.95 | area= large | maxDets=100 ] = 0.887
 Average Recall     (AR) @[ IoU=0.50      | area=   all | maxDets=100 ] = 1.000
 Average Recall     (AR) @[ IoU=0.75      | area=   all | maxDets=100 ] = 0.967
best_stat: {'epoch': 57, 'coco_eval_bbox': 0.26691494508304187}
Epoch: [65]  [0/8]  eta: 0:00:07  lr: 0.000002  loss: 47.5783 (47.5783)  loss_mal: 2.5078 (2.5078)  loss_bbox: 0.1993 (0.1993)  loss_giou: 0.2400 (0.2400)  loss_fgl: 1.0623 (1.0623)  loss_mal_aux_0: 3.1562 (3.1562)  loss_bbox_aux_0: 0.4024 (0.4024)  loss_giou_aux_0: 0.4749 (0.4749)  loss_fgl_aux_0: 1.0907 (1.0907)  loss_ddf_aux_0: 0.4681 (0.4681)  loss_mal_aux_1: 2.7617 (2.7617)  loss_bbox_aux_1: 0.2307 (0.2307)  loss_giou_aux_1: 0.2881 (0.2881)  loss_fgl_aux_1: 1.0779 (1.0779)  loss_ddf_aux_1: 0.0851 (0.0851)  loss_mal_aux_2: 2.3164 (2.3164)  loss_bbox_aux_2: 0.2043 (0.2043)  loss_giou_aux_2: 0.2490 (0.2490)  loss_fgl_aux_2: 1.0625 (1.0625)  loss_ddf_aux_2: 0.0136 (0.0136)  loss_mal_pre: 3.0508 (3.0508)  loss_bbox_pre: 0.4115 (0.4115)  loss_giou_pre: 0.5044 (0.5044)  loss_mal_enc_0: 2.3145 (2.3145)  loss_bbox_enc_0: 0.8308 (0.8308)  loss_giou_enc_0: 0.9927 (0.9927)  loss_mal_dn_0: 2.7793 (2.7793)  loss_bbox_dn_0: 0.6156 (0.6156)  loss_giou_dn_0: 0.5397 (0.5397)  loss_fgl_dn_0: 1.1657 (1.1657)  loss_ddf_dn_0: 0.4795 (0.4795)  loss_mal_dn_1: 2.6484 (2.6484)  loss_bbox_dn_1: 0.3688 (0.3688)  loss_giou_dn_1: 0.3402 (0.3402)  loss_fgl_dn_1: 1.0748 (1.0748)  loss_ddf_dn_1: 0.1131 (0.1131)  loss_mal_dn_2: 2.1523 (2.1523)  loss_bbox_dn_2: 0.3087 (0.3087)  loss_giou_dn_2: 0.2878 (0.2878)  loss_fgl_dn_2: 1.0628 (1.0628)  loss_ddf_dn_2: 0.0162 (0.0162)  loss_mal_dn_3: 2.0410 (2.0410)  loss_bbox_dn_3: 0.2822 (0.2822)  loss_giou_dn_3: 0.2705 (0.2705)  loss_fgl_dn_3: 1.0712 (1.0712)  loss_mal_dn_pre: 2.8320 (2.8320)  loss_bbox_dn_pre: 0.6026 (0.6026)  loss_giou_dn_pre: 0.5302 (0.5302)  time: 0.9654  data: 0.7635  max mem: 3583
Epoch: [65]  [7/8]  eta: 0:00:00  lr: 0.000002  loss: 46.9365 (48.8064)  loss_mal: 2.3320 (2.2324)  loss_bbox: 0.1777 (0.4491)  loss_giou: 0.2400 (0.3462)  loss_fgl: 1.0623 (1.0621)  loss_mal_aux_0: 2.6816 (2.7632)  loss_bbox_aux_0: 0.3372 (0.6136)  loss_giou_aux_0: 0.4749 (0.5583)  loss_fgl_aux_0: 1.1259 (1.1339)  loss_ddf_aux_0: 0.4681 (0.5660)  loss_mal_aux_1: 2.5352 (2.4965)  loss_bbox_aux_1: 0.1960 (0.4761)  loss_giou_aux_1: 0.2881 (0.3920)  loss_fgl_aux_1: 1.0779 (1.0684)  loss_ddf_aux_1: 0.0974 (0.1102)  loss_mal_aux_2: 2.1895 (2.1293)  loss_bbox_aux_2: 0.1828 (0.4678)  loss_giou_aux_2: 0.2442 (0.3564)  loss_fgl_aux_2: 1.0625 (1.0588)  loss_ddf_aux_2: 0.0136 (0.0141)  loss_mal_pre: 2.6816 (2.7640)  loss_bbox_pre: 0.3492 (0.6211)  loss_giou_pre: 0.4951 (0.5632)  loss_mal_enc_0: 1.9980 (2.0723)  loss_bbox_enc_0: 0.7957 (1.0815)  loss_giou_enc_0: 1.0469 (1.0937)  loss_mal_dn_0: 2.4824 (2.4579)  loss_bbox_dn_0: 0.5556 (0.8397)  loss_giou_dn_0: 0.6044 (0.6668)  loss_fgl_dn_0: 1.2017 (1.1914)  loss_ddf_dn_0: 0.8139 (0.7718)  loss_mal_dn_1: 2.3574 (2.3756)  loss_bbox_dn_1: 0.3076 (0.5903)  loss_giou_dn_1: 0.3826 (0.4440)  loss_fgl_dn_1: 1.0737 (1.0820)  loss_ddf_dn_1: 0.1575 (0.1621)  loss_mal_dn_2: 1.9092 (1.9229)  loss_bbox_dn_2: 0.2275 (0.5699)  loss_giou_dn_2: 0.3067 (0.4030)  loss_fgl_dn_2: 1.0405 (1.0512)  loss_ddf_dn_2: 0.0162 (0.0163)  loss_mal_dn_3: 1.7676 (1.7886)  loss_bbox_dn_3: 0.2188 (0.5476)  loss_giou_dn_3: 0.3028 (0.3909)  loss_fgl_dn_3: 1.0483 (1.0559)  loss_mal_dn_pre: 2.5215 (2.4917)  loss_bbox_dn_pre: 0.5400 (0.8334)  loss_giou_dn_pre: 0.6143 (0.6636)  time: 0.2636  data: 0.1004  max mem: 3583
Epoch: [65] Total time: 0:00:02 (0.2719 s / it)
Averaged stats: lr: 0.000002  loss: 46.9365 (48.8064)  loss_mal: 2.3320 (2.2324)  loss_bbox: 0.1777 (0.4491)  loss_giou: 0.2400 (0.3462)  loss_fgl: 1.0623 (1.0621)  loss_mal_aux_0: 2.6816 (2.7632)  loss_bbox_aux_0: 0.3372 (0.6136)  loss_giou_aux_0: 0.4749 (0.5583)  loss_fgl_aux_0: 1.1259 (1.1339)  loss_ddf_aux_0: 0.4681 (0.5660)  loss_mal_aux_1: 2.5352 (2.4965)  loss_bbox_aux_1: 0.1960 (0.4761)  loss_giou_aux_1: 0.2881 (0.3920)  loss_fgl_aux_1: 1.0779 (1.0684)  loss_ddf_aux_1: 0.0974 (0.1102)  loss_mal_aux_2: 2.1895 (2.1293)  loss_bbox_aux_2: 0.1828 (0.4678)  loss_giou_aux_2: 0.2442 (0.3564)  loss_fgl_aux_2: 1.0625 (1.0588)  loss_ddf_aux_2: 0.0136 (0.0141)  loss_mal_pre: 2.6816 (2.7640)  loss_bbox_pre: 0.3492 (0.6211)  loss_giou_pre: 0.4951 (0.5632)  loss_mal_enc_0: 1.9980 (2.0723)  loss_bbox_enc_0: 0.7957 (1.0815)  loss_giou_enc_0: 1.0469 (1.0937)  loss_mal_dn_0: 2.4824 (2.4579)  loss_bbox_dn_0: 0.5556 (0.8397)  loss_giou_dn_0: 0.6044 (0.6668)  loss_fgl_dn_0: 1.2017 (1.1914)  loss_ddf_dn_0: 0.8139 (0.7718)  loss_mal_dn_1: 2.3574 (2.3756)  loss_bbox_dn_1: 0.3076 (0.5903)  loss_giou_dn_1: 0.3826 (0.4440)  loss_fgl_dn_1: 1.0737 (1.0820)  loss_ddf_dn_1: 0.1575 (0.1621)  loss_mal_dn_2: 1.9092 (1.9229)  loss_bbox_dn_2: 0.2275 (0.5699)  loss_giou_dn_2: 0.3067 (0.4030)  loss_fgl_dn_2: 1.0405 (1.0512)  loss_ddf_dn_2: 0.0162 (0.0163)  loss_mal_dn_3: 1.7676 (1.7886)  loss_bbox_dn_3: 0.2188 (0.5476)  loss_giou_dn_3: 0.3028 (0.3909)  loss_fgl_dn_3: 1.0483 (1.0559)  loss_mal_dn_pre: 2.5215 (2.4917)  loss_bbox_dn_pre: 0.5400 (0.8334)  loss_giou_dn_pre: 0.6143 (0.6636)
Test:  [0/4]  eta: 0:00:01    time: 0.3947  data: 0.3550  max mem: 3583
Test:  [3/4]  eta: 0:00:00    time: 0.1223  data: 0.0907  max mem: 3583
Test: Total time: 0:00:00 (0.1412 s / it)
Averaged stats: 
Accumulating evaluation results...
COCOeval_opt.accumulate() finished...
DONE (t=0.00s).
IoU metric: bbox
 Average Precision  (AP) @[ IoU=0.50:0.95 | area=   all | maxDets=100 ] = 0.214
 Average Precision  (AP) @[ IoU=0.50      | area=   all | maxDets=100 ] = 0.241
 Average Precision  (AP) @[ IoU=0.75      | area=   all | maxDets=100 ] = 0.229
 Average Precision  (AP) @[ IoU=0.50:0.95 | area= small | maxDets=100 ] = -1.000
 Average Precision  (AP) @[ IoU=0.50:0.95 | area=medium | maxDets=100 ] = -1.000
 Average Precision  (AP) @[ IoU=0.50:0.95 | area= large | maxDets=100 ] = 0.214
 Average Recall     (AR) @[ IoU=0.50:0.95 | area=   all | maxDets=  1 ] = 0.530
 Average Recall     (AR) @[ IoU=0.50:0.95 | area=   all | maxDets= 10 ] = 0.877
 Average Recall     (AR) @[ IoU=0.50:0.95 | area=   all | maxDets=100 ] = 0.897
 Average Recall     (AR) @[ IoU=0.50:0.95 | area= small | maxDets=100 ] = -1.000
 Average Recall     (AR) @[ IoU=0.50:0.95 | area=medium | maxDets=100 ] = -1.000
 Average Recall     (AR) @[ IoU=0.50:0.95 | area= large | maxDets=100 ] = 0.897
 Average Recall     (AR) @[ IoU=0.50      | area=   all | maxDets=100 ] = 1.000
 Average Recall     (AR) @[ IoU=0.75      | area=   all | maxDets=100 ] = 0.933
best_stat: {'epoch': 57, 'coco_eval_bbox': 0.26691494508304187}
Epoch: [66]  [0/8]  eta: 0:00:08  lr: 0.000002  loss: 44.3789 (44.3789)  loss_mal: 2.2891 (2.2891)  loss_bbox: 0.1046 (0.1046)  loss_giou: 0.1790 (0.1790)  loss_fgl: 0.9210 (0.9210)  loss_mal_aux_0: 2.9219 (2.9219)  loss_bbox_aux_0: 0.2392 (0.2392)  loss_giou_aux_0: 0.3888 (0.3888)  loss_fgl_aux_0: 1.1727 (1.1727)  loss_ddf_aux_0: 0.7832 (0.7832)  loss_mal_aux_1: 2.6914 (2.6914)  loss_bbox_aux_1: 0.1387 (0.1387)  loss_giou_aux_1: 0.2338 (0.2338)  loss_fgl_aux_1: 0.9684 (0.9684)  loss_ddf_aux_1: 0.1286 (0.1286)  loss_mal_aux_2: 2.3184 (2.3184)  loss_bbox_aux_2: 0.1063 (0.1063)  loss_giou_aux_2: 0.1847 (0.1847)  loss_fgl_aux_2: 0.9189 (0.9189)  loss_ddf_aux_2: 0.0108 (0.0108)  loss_mal_pre: 3.0254 (3.0254)  loss_bbox_pre: 0.2417 (0.2417)  loss_giou_pre: 0.3963 (0.3963)  loss_mal_enc_0: 2.1113 (2.1113)  loss_bbox_enc_0: 0.7107 (0.7107)  loss_giou_enc_0: 1.0556 (1.0556)  loss_mal_dn_0: 2.4180 (2.4180)  loss_bbox_dn_0: 0.4848 (0.4848)  loss_giou_dn_0: 0.6603 (0.6603)  loss_fgl_dn_0: 1.1135 (1.1135)  loss_ddf_dn_0: 0.9114 (0.9114)  loss_mal_dn_1: 2.4492 (2.4492)  loss_bbox_dn_1: 0.2664 (0.2664)  loss_giou_dn_1: 0.3720 (0.3720)  loss_fgl_dn_1: 0.9817 (0.9817)  loss_ddf_dn_1: 0.1762 (0.1762)  loss_mal_dn_2: 2.0391 (2.0391)  loss_bbox_dn_2: 0.1979 (0.1979)  loss_giou_dn_2: 0.2952 (0.2952)  loss_fgl_dn_2: 0.9285 (0.9285)  loss_ddf_dn_2: 0.0143 (0.0143)  loss_mal_dn_3: 1.8262 (1.8262)  loss_bbox_dn_3: 0.1917 (0.1917)  loss_giou_dn_3: 0.2850 (0.2850)  loss_fgl_dn_3: 0.9309 (0.9309)  loss_mal_dn_pre: 2.4492 (2.4492)  loss_bbox_dn_pre: 0.4900 (0.4900)  loss_giou_dn_pre: 0.6573 (0.6573)  time: 1.1114  data: 0.9359  max mem: 3583
Epoch: [66]  [7/8]  eta: 0:00:00  lr: 0.000002  loss: 45.5842 (45.5535)  loss_mal: 2.2891 (2.3640)  loss_bbox: 0.1254 (0.1515)  loss_giou: 0.2616 (0.2637)  loss_fgl: 1.0133 (1.0316)  loss_mal_aux_0: 2.9492 (2.8933)  loss_bbox_aux_0: 0.2392 (0.3040)  loss_giou_aux_0: 0.4675 (0.5022)  loss_fgl_aux_0: 1.1869 (1.2039)  loss_ddf_aux_0: 0.6068 (0.6492)  loss_mal_aux_1: 2.6523 (2.5701)  loss_bbox_aux_1: 0.1518 (0.1861)  loss_giou_aux_1: 0.2893 (0.3158)  loss_fgl_aux_1: 1.0274 (1.0660)  loss_ddf_aux_1: 0.1027 (0.1217)  loss_mal_aux_2: 2.2676 (2.2090)  loss_bbox_aux_2: 0.1287 (0.1561)  loss_giou_aux_2: 0.2648 (0.2718)  loss_fgl_aux_2: 0.9990 (1.0265)  loss_ddf_aux_2: 0.0139 (0.0150)  loss_mal_pre: 2.9961 (2.9231)  loss_bbox_pre: 0.2417 (0.3174)  loss_giou_pre: 0.4721 (0.5066)  loss_mal_enc_0: 2.0156 (2.0099)  loss_bbox_enc_0: 0.7107 (0.7222)  loss_giou_enc_0: 1.0556 (1.0886)  loss_mal_dn_0: 2.6035 (2.5698)  loss_bbox_dn_0: 0.4848 (0.4801)  loss_giou_dn_0: 0.5739 (0.5998)  loss_fgl_dn_0: 1.2407 (1.2486)  loss_ddf_dn_0: 0.6940 (0.8193)  loss_mal_dn_1: 2.4355 (2.4500)  loss_bbox_dn_1: 0.2664 (0.2816)  loss_giou_dn_1: 0.3609 (0.3603)  loss_fgl_dn_1: 1.0819 (1.0771)  loss_ddf_dn_1: 0.1407 (0.1563)  loss_mal_dn_2: 1.9863 (1.9950)  loss_bbox_dn_2: 0.1979 (0.2116)  loss_giou_dn_2: 0.2952 (0.2994)  loss_fgl_dn_2: 1.0385 (1.0331)  loss_ddf_dn_2: 0.0142 (0.0138)  loss_mal_dn_3: 1.8818 (1.8755)  loss_bbox_dn_3: 0.1917 (0.2039)  loss_giou_dn_3: 0.2850 (0.2928)  loss_fgl_dn_3: 1.0362 (1.0354)  loss_mal_dn_pre: 2.6191 (2.5994)  loss_bbox_dn_pre: 0.4900 (0.4812)  loss_giou_dn_pre: 0.5742 (0.6001)  time: 0.2783  data: 0.1405  max mem: 3583
Epoch: [66] Total time: 0:00:02 (0.2876 s / it)
Averaged stats: lr: 0.000002  loss: 45.5842 (45.5535)  loss_mal: 2.2891 (2.3640)  loss_bbox: 0.1254 (0.1515)  loss_giou: 0.2616 (0.2637)  loss_fgl: 1.0133 (1.0316)  loss_mal_aux_0: 2.9492 (2.8933)  loss_bbox_aux_0: 0.2392 (0.3040)  loss_giou_aux_0: 0.4675 (0.5022)  loss_fgl_aux_0: 1.1869 (1.2039)  loss_ddf_aux_0: 0.6068 (0.6492)  loss_mal_aux_1: 2.6523 (2.5701)  loss_bbox_aux_1: 0.1518 (0.1861)  loss_giou_aux_1: 0.2893 (0.3158)  loss_fgl_aux_1: 1.0274 (1.0660)  loss_ddf_aux_1: 0.1027 (0.1217)  loss_mal_aux_2: 2.2676 (2.2090)  loss_bbox_aux_2: 0.1287 (0.1561)  loss_giou_aux_2: 0.2648 (0.2718)  loss_fgl_aux_2: 0.9990 (1.0265)  loss_ddf_aux_2: 0.0139 (0.0150)  loss_mal_pre: 2.9961 (2.9231)  loss_bbox_pre: 0.2417 (0.3174)  loss_giou_pre: 0.4721 (0.5066)  loss_mal_enc_0: 2.0156 (2.0099)  loss_bbox_enc_0: 0.7107 (0.7222)  loss_giou_enc_0: 1.0556 (1.0886)  loss_mal_dn_0: 2.6035 (2.5698)  loss_bbox_dn_0: 0.4848 (0.4801)  loss_giou_dn_0: 0.5739 (0.5998)  loss_fgl_dn_0: 1.2407 (1.2486)  loss_ddf_dn_0: 0.6940 (0.8193)  loss_mal_dn_1: 2.4355 (2.4500)  loss_bbox_dn_1: 0.2664 (0.2816)  loss_giou_dn_1: 0.3609 (0.3603)  loss_fgl_dn_1: 1.0819 (1.0771)  loss_ddf_dn_1: 0.1407 (0.1563)  loss_mal_dn_2: 1.9863 (1.9950)  loss_bbox_dn_2: 0.1979 (0.2116)  loss_giou_dn_2: 0.2952 (0.2994)  loss_fgl_dn_2: 1.0385 (1.0331)  loss_ddf_dn_2: 0.0142 (0.0138)  loss_mal_dn_3: 1.8818 (1.8755)  loss_bbox_dn_3: 0.1917 (0.2039)  loss_giou_dn_3: 0.2850 (0.2928)  loss_fgl_dn_3: 1.0362 (1.0354)  loss_mal_dn_pre: 2.6191 (2.5994)  loss_bbox_dn_pre: 0.4900 (0.4812)  loss_giou_dn_pre: 0.5742 (0.6001)
Test:  [0/4]  eta: 0:00:01    time: 0.4008  data: 0.3581  max mem: 3583
Test:  [3/4]  eta: 0:00:00    time: 0.1267  data: 0.0917  max mem: 3583
Test: Total time: 0:00:00 (0.1465 s / it)
Averaged stats: 
Accumulating evaluation results...
COCOeval_opt.accumulate() finished...
DONE (t=0.00s).
IoU metric: bbox
 Average Precision  (AP) @[ IoU=0.50:0.95 | area=   all | maxDets=100 ] = 0.272
 Average Precision  (AP) @[ IoU=0.50      | area=   all | maxDets=100 ] = 0.308
 Average Precision  (AP) @[ IoU=0.75      | area=   all | maxDets=100 ] = 0.272
 Average Precision  (AP) @[ IoU=0.50:0.95 | area= small | maxDets=100 ] = -1.000
 Average Precision  (AP) @[ IoU=0.50:0.95 | area=medium | maxDets=100 ] = -1.000
 Average Precision  (AP) @[ IoU=0.50:0.95 | area= large | maxDets=100 ] = 0.272
 Average Recall     (AR) @[ IoU=0.50:0.95 | area=   all | maxDets=  1 ] = 0.627
 Average Recall     (AR) @[ IoU=0.50:0.95 | area=   all | maxDets= 10 ] = 0.813
 Average Recall     (AR) @[ IoU=0.50:0.95 | area=   all | maxDets=100 ] = 0.917
 Average Recall     (AR) @[ IoU=0.50:0.95 | area= small | maxDets=100 ] = -1.000
 Average Recall     (AR) @[ IoU=0.50:0.95 | area=medium | maxDets=100 ] = -1.000
 Average Recall     (AR) @[ IoU=0.50:0.95 | area= large | maxDets=100 ] = 0.917
 Average Recall     (AR) @[ IoU=0.50      | area=   all | maxDets=100 ] = 1.000
 Average Recall     (AR) @[ IoU=0.75      | area=   all | maxDets=100 ] = 0.933
best_stat: {'epoch': 66, 'coco_eval_bbox': 0.2717360257850812}
Epoch: [67]  [0/8]  eta: 0:00:07  lr: 0.000002  loss: 45.9261 (45.9261)  loss_mal: 2.7363 (2.7363)  loss_bbox: 0.1291 (0.1291)  loss_giou: 0.1768 (0.1768)  loss_fgl: 1.0642 (1.0642)  loss_mal_aux_0: 3.2812 (3.2812)  loss_bbox_aux_0: 0.2131 (0.2131)  loss_giou_aux_0: 0.2852 (0.2852)  loss_fgl_aux_0: 1.1570 (1.1570)  loss_ddf_aux_0: 0.5376 (0.5376)  loss_mal_aux_1: 2.5371 (2.5371)  loss_bbox_aux_1: 0.1315 (0.1315)  loss_giou_aux_1: 0.1796 (0.1796)  loss_fgl_aux_1: 1.0427 (1.0427)  loss_ddf_aux_1: 0.1035 (0.1035)  loss_mal_aux_2: 2.2871 (2.2871)  loss_bbox_aux_2: 0.1374 (0.1374)  loss_giou_aux_2: 0.1825 (0.1825)  loss_fgl_aux_2: 1.0719 (1.0719)  loss_ddf_aux_2: 0.0154 (0.0154)  loss_mal_pre: 3.3379 (3.3379)  loss_bbox_pre: 0.1937 (0.1937)  loss_giou_pre: 0.2673 (0.2673)  loss_mal_enc_0: 2.9375 (2.9375)  loss_bbox_enc_0: 0.6104 (0.6104)  loss_giou_enc_0: 0.8271 (0.8271)  loss_mal_dn_0: 2.3711 (2.3711)  loss_bbox_dn_0: 0.7015 (0.7015)  loss_giou_dn_0: 0.6690 (0.6690)  loss_fgl_dn_0: 1.2096 (1.2096)  loss_ddf_dn_0: 0.7416 (0.7416)  loss_mal_dn_1: 2.4180 (2.4180)  loss_bbox_dn_1: 0.2905 (0.2905)  loss_giou_dn_1: 0.2923 (0.2923)  loss_fgl_dn_1: 1.0366 (1.0366)  loss_ddf_dn_1: 0.1504 (0.1504)  loss_mal_dn_2: 1.9951 (1.9951)  loss_bbox_dn_2: 0.2095 (0.2095)  loss_giou_dn_2: 0.2315 (0.2315)  loss_fgl_dn_2: 1.0271 (1.0271)  loss_ddf_dn_2: 0.0153 (0.0153)  loss_mal_dn_3: 1.9131 (1.9131)  loss_bbox_dn_3: 0.1812 (0.1812)  loss_giou_dn_3: 0.2160 (0.2160)  loss_fgl_dn_3: 1.0295 (1.0295)  loss_mal_dn_pre: 2.4238 (2.4238)  loss_bbox_dn_pre: 0.6995 (0.6995)  loss_giou_dn_pre: 0.6609 (0.6609)  time: 0.8820  data: 0.7132  max mem: 3583
Epoch: [67]  [7/8]  eta: 0:00:00  lr: 0.000002  loss: 46.9270 (47.7039)  loss_mal: 2.6367 (2.5671)  loss_bbox: 0.1629 (0.2460)  loss_giou: 0.1768 (0.2596)  loss_fgl: 1.0584 (1.0444)  loss_mal_aux_0: 3.0527 (3.0496)  loss_bbox_aux_0: 0.2846 (0.4442)  loss_giou_aux_0: 0.4150 (0.4574)  loss_fgl_aux_0: 1.1570 (1.1885)  loss_ddf_aux_0: 0.5842 (0.6534)  loss_mal_aux_1: 2.4785 (2.4949)  loss_bbox_aux_1: 0.1919 (0.2802)  loss_giou_aux_1: 0.1890 (0.2965)  loss_fgl_aux_1: 1.0427 (1.0741)  loss_ddf_aux_1: 0.1104 (0.1214)  loss_mal_aux_2: 2.2598 (2.2529)  loss_bbox_aux_2: 0.1592 (0.2503)  loss_giou_aux_2: 0.1825 (0.2625)  loss_fgl_aux_2: 1.0629 (1.0462)  loss_ddf_aux_2: 0.0152 (0.0146)  loss_mal_pre: 3.1406 (3.0906)  loss_bbox_pre: 0.2987 (0.4575)  loss_giou_pre: 0.4251 (0.4675)  loss_mal_enc_0: 2.2734 (2.3369)  loss_bbox_enc_0: 0.7907 (0.9720)  loss_giou_enc_0: 1.0033 (0.9974)  loss_mal_dn_0: 2.4316 (2.4368)  loss_bbox_dn_0: 0.7015 (0.7837)  loss_giou_dn_0: 0.5859 (0.6562)  loss_fgl_dn_0: 1.2065 (1.2035)  loss_ddf_dn_0: 0.7592 (0.7869)  loss_mal_dn_1: 2.3809 (2.3320)  loss_bbox_dn_1: 0.2905 (0.4533)  loss_giou_dn_1: 0.3182 (0.3961)  loss_fgl_dn_1: 1.0366 (1.0835)  loss_ddf_dn_1: 0.1504 (0.1592)  loss_mal_dn_2: 1.8252 (1.8729)  loss_bbox_dn_2: 0.2132 (0.3674)  loss_giou_dn_2: 0.2747 (0.3329)  loss_fgl_dn_2: 1.0271 (1.0555)  loss_ddf_dn_2: 0.0152 (0.0160)  loss_mal_dn_3: 1.8086 (1.8090)  loss_bbox_dn_3: 0.2106 (0.3422)  loss_giou_dn_3: 0.2489 (0.3206)  loss_fgl_dn_3: 1.0295 (1.0580)  loss_mal_dn_pre: 2.4922 (2.4763)  loss_bbox_dn_pre: 0.6995 (0.7832)  loss_giou_dn_pre: 0.5844 (0.6530)  time: 0.2292  data: 0.0920  max mem: 3583
Epoch: [67] Total time: 0:00:01 (0.2378 s / it)
Averaged stats: lr: 0.000002  loss: 46.9270 (47.7039)  loss_mal: 2.6367 (2.5671)  loss_bbox: 0.1629 (0.2460)  loss_giou: 0.1768 (0.2596)  loss_fgl: 1.0584 (1.0444)  loss_mal_aux_0: 3.0527 (3.0496)  loss_bbox_aux_0: 0.2846 (0.4442)  loss_giou_aux_0: 0.4150 (0.4574)  loss_fgl_aux_0: 1.1570 (1.1885)  loss_ddf_aux_0: 0.5842 (0.6534)  loss_mal_aux_1: 2.4785 (2.4949)  loss_bbox_aux_1: 0.1919 (0.2802)  loss_giou_aux_1: 0.1890 (0.2965)  loss_fgl_aux_1: 1.0427 (1.0741)  loss_ddf_aux_1: 0.1104 (0.1214)  loss_mal_aux_2: 2.2598 (2.2529)  loss_bbox_aux_2: 0.1592 (0.2503)  loss_giou_aux_2: 0.1825 (0.2625)  loss_fgl_aux_2: 1.0629 (1.0462)  loss_ddf_aux_2: 0.0152 (0.0146)  loss_mal_pre: 3.1406 (3.0906)  loss_bbox_pre: 0.2987 (0.4575)  loss_giou_pre: 0.4251 (0.4675)  loss_mal_enc_0: 2.2734 (2.3369)  loss_bbox_enc_0: 0.7907 (0.9720)  loss_giou_enc_0: 1.0033 (0.9974)  loss_mal_dn_0: 2.4316 (2.4368)  loss_bbox_dn_0: 0.7015 (0.7837)  loss_giou_dn_0: 0.5859 (0.6562)  loss_fgl_dn_0: 1.2065 (1.2035)  loss_ddf_dn_0: 0.7592 (0.7869)  loss_mal_dn_1: 2.3809 (2.3320)  loss_bbox_dn_1: 0.2905 (0.4533)  loss_giou_dn_1: 0.3182 (0.3961)  loss_fgl_dn_1: 1.0366 (1.0835)  loss_ddf_dn_1: 0.1504 (0.1592)  loss_mal_dn_2: 1.8252 (1.8729)  loss_bbox_dn_2: 0.2132 (0.3674)  loss_giou_dn_2: 0.2747 (0.3329)  loss_fgl_dn_2: 1.0271 (1.0555)  loss_ddf_dn_2: 0.0152 (0.0160)  loss_mal_dn_3: 1.8086 (1.8090)  loss_bbox_dn_3: 0.2106 (0.3422)  loss_giou_dn_3: 0.2489 (0.3206)  loss_fgl_dn_3: 1.0295 (1.0580)  loss_mal_dn_pre: 2.4922 (2.4763)  loss_bbox_dn_pre: 0.6995 (0.7832)  loss_giou_dn_pre: 0.5844 (0.6530)
Test:  [0/4]  eta: 0:00:01    time: 0.3988  data: 0.3477  max mem: 3583
Test:  [3/4]  eta: 0:00:00    time: 0.1277  data: 0.0890  max mem: 3583
Test: Total time: 0:00:00 (0.1451 s / it)
Averaged stats: 
Accumulating evaluation results...
COCOeval_opt.accumulate() finished...
DONE (t=0.00s).
IoU metric: bbox
 Average Precision  (AP) @[ IoU=0.50:0.95 | area=   all | maxDets=100 ] = 0.249
 Average Precision  (AP) @[ IoU=0.50      | area=   all | maxDets=100 ] = 0.288
 Average Precision  (AP) @[ IoU=0.75      | area=   all | maxDets=100 ] = 0.268
 Average Precision  (AP) @[ IoU=0.50:0.95 | area= small | maxDets=100 ] = -1.000
 Average Precision  (AP) @[ IoU=0.50:0.95 | area=medium | maxDets=100 ] = -1.000
 Average Precision  (AP) @[ IoU=0.50:0.95 | area= large | maxDets=100 ] = 0.249
 Average Recall     (AR) @[ IoU=0.50:0.95 | area=   all | maxDets=  1 ] = 0.627
 Average Recall     (AR) @[ IoU=0.50:0.95 | area=   all | maxDets= 10 ] = 0.820
 Average Recall     (AR) @[ IoU=0.50:0.95 | area=   all | maxDets=100 ] = 0.903
 Average Recall     (AR) @[ IoU=0.50:0.95 | area= small | maxDets=100 ] = -1.000
 Average Recall     (AR) @[ IoU=0.50:0.95 | area=medium | maxDets=100 ] = -1.000
 Average Recall     (AR) @[ IoU=0.50:0.95 | area= large | maxDets=100 ] = 0.903
 Average Recall     (AR) @[ IoU=0.50      | area=   all | maxDets=100 ] = 1.000
 Average Recall     (AR) @[ IoU=0.75      | area=   all | maxDets=100 ] = 0.933
best_stat: {'epoch': 66, 'coco_eval_bbox': 0.2717360257850812}
Epoch: [68]  [0/8]  eta: 0:00:08  lr: 0.000002  loss: 46.5431 (46.5431)  loss_mal: 2.1309 (2.1309)  loss_bbox: 0.2387 (0.2387)  loss_giou: 0.2679 (0.2679)  loss_fgl: 1.0590 (1.0590)  loss_mal_aux_0: 2.9453 (2.9453)  loss_bbox_aux_0: 0.3942 (0.3942)  loss_giou_aux_0: 0.4823 (0.4823)  loss_fgl_aux_0: 1.2366 (1.2366)  loss_ddf_aux_0: 0.9565 (0.9565)  loss_mal_aux_1: 2.4473 (2.4473)  loss_bbox_aux_1: 0.2558 (0.2558)  loss_giou_aux_1: 0.3079 (0.3079)  loss_fgl_aux_1: 1.0721 (1.0721)  loss_ddf_aux_1: 0.1744 (0.1744)  loss_mal_aux_2: 2.0586 (2.0586)  loss_bbox_aux_2: 0.2420 (0.2420)  loss_giou_aux_2: 0.2705 (0.2705)  loss_fgl_aux_2: 1.0567 (1.0567)  loss_ddf_aux_2: 0.0136 (0.0136)  loss_mal_pre: 2.9199 (2.9199)  loss_bbox_pre: 0.3958 (0.3958)  loss_giou_pre: 0.4777 (0.4777)  loss_mal_enc_0: 2.0273 (2.0273)  loss_bbox_enc_0: 0.8975 (0.8975)  loss_giou_enc_0: 1.0655 (1.0655)  loss_mal_dn_0: 2.3164 (2.3164)  loss_bbox_dn_0: 0.7123 (0.7123)  loss_giou_dn_0: 0.7069 (0.7069)  loss_fgl_dn_0: 1.1724 (1.1724)  loss_ddf_dn_0: 1.0068 (1.0068)  loss_mal_dn_1: 2.2480 (2.2480)  loss_bbox_dn_1: 0.4775 (0.4775)  loss_giou_dn_1: 0.4433 (0.4433)  loss_fgl_dn_1: 1.0551 (1.0551)  loss_ddf_dn_1: 0.1952 (0.1952)  loss_mal_dn_2: 1.8115 (1.8115)  loss_bbox_dn_2: 0.3684 (0.3684)  loss_giou_dn_2: 0.3744 (0.3744)  loss_fgl_dn_2: 1.0363 (1.0363)  loss_ddf_dn_2: 0.0160 (0.0160)  loss_mal_dn_3: 1.6670 (1.6670)  loss_bbox_dn_3: 0.3630 (0.3630)  loss_giou_dn_3: 0.3673 (0.3673)  loss_fgl_dn_3: 1.0388 (1.0388)  loss_mal_dn_pre: 2.3574 (2.3574)  loss_bbox_dn_pre: 0.7112 (0.7112)  loss_giou_dn_pre: 0.7039 (0.7039)  time: 1.0685  data: 0.8861  max mem: 3583
Epoch: [68]  [7/8]  eta: 0:00:00  lr: 0.000002  loss: 45.3892 (46.4167)  loss_mal: 2.3633 (2.4192)  loss_bbox: 0.1258 (0.1945)  loss_giou: 0.2254 (0.2468)  loss_fgl: 0.9972 (0.9888)  loss_mal_aux_0: 3.0605 (2.9771)  loss_bbox_aux_0: 0.2212 (0.3991)  loss_giou_aux_0: 0.4765 (0.4678)  loss_fgl_aux_0: 1.1715 (1.1652)  loss_ddf_aux_0: 0.8170 (0.8272)  loss_mal_aux_1: 2.5020 (2.4785)  loss_bbox_aux_1: 0.1311 (0.2413)  loss_giou_aux_1: 0.2664 (0.2957)  loss_fgl_aux_1: 1.0271 (1.0311)  loss_ddf_aux_1: 0.1593 (0.1599)  loss_mal_aux_2: 2.1953 (2.1993)  loss_bbox_aux_2: 0.1313 (0.2012)  loss_giou_aux_2: 0.2309 (0.2521)  loss_fgl_aux_2: 0.9982 (0.9888)  loss_ddf_aux_2: 0.0156 (0.0158)  loss_mal_pre: 3.0156 (2.9963)  loss_bbox_pre: 0.2374 (0.4254)  loss_giou_pre: 0.4777 (0.4822)  loss_mal_enc_0: 2.1211 (2.2107)  loss_bbox_enc_0: 0.6416 (0.9041)  loss_giou_enc_0: 1.0062 (1.0552)  loss_mal_dn_0: 2.3418 (2.4458)  loss_bbox_dn_0: 0.4434 (0.5931)  loss_giou_dn_0: 0.5859 (0.6445)  loss_fgl_dn_0: 1.1906 (1.2178)  loss_ddf_dn_0: 0.9379 (0.9945)  loss_mal_dn_1: 2.3652 (2.3474)  loss_bbox_dn_1: 0.2434 (0.3316)  loss_giou_dn_1: 0.3526 (0.3817)  loss_fgl_dn_1: 1.0319 (1.0555)  loss_ddf_dn_1: 0.1931 (0.1957)  loss_mal_dn_2: 1.8486 (1.8726)  loss_bbox_dn_2: 0.1914 (0.2571)  loss_giou_dn_2: 0.2825 (0.3200)  loss_fgl_dn_2: 1.0040 (1.0128)  loss_ddf_dn_2: 0.0167 (0.0177)  loss_mal_dn_3: 1.7979 (1.8186)  loss_bbox_dn_3: 0.1849 (0.2447)  loss_giou_dn_3: 0.2791 (0.3116)  loss_fgl_dn_3: 1.0021 (1.0147)  loss_mal_dn_pre: 2.3906 (2.4814)  loss_bbox_dn_pre: 0.4452 (0.5918)  loss_giou_dn_pre: 0.5901 (0.6430)  time: 0.2632  data: 0.1134  max mem: 3583
Epoch: [68] Total time: 0:00:02 (0.2709 s / it)
Averaged stats: lr: 0.000002  loss: 45.3892 (46.4167)  loss_mal: 2.3633 (2.4192)  loss_bbox: 0.1258 (0.1945)  loss_giou: 0.2254 (0.2468)  loss_fgl: 0.9972 (0.9888)  loss_mal_aux_0: 3.0605 (2.9771)  loss_bbox_aux_0: 0.2212 (0.3991)  loss_giou_aux_0: 0.4765 (0.4678)  loss_fgl_aux_0: 1.1715 (1.1652)  loss_ddf_aux_0: 0.8170 (0.8272)  loss_mal_aux_1: 2.5020 (2.4785)  loss_bbox_aux_1: 0.1311 (0.2413)  loss_giou_aux_1: 0.2664 (0.2957)  loss_fgl_aux_1: 1.0271 (1.0311)  loss_ddf_aux_1: 0.1593 (0.1599)  loss_mal_aux_2: 2.1953 (2.1993)  loss_bbox_aux_2: 0.1313 (0.2012)  loss_giou_aux_2: 0.2309 (0.2521)  loss_fgl_aux_2: 0.9982 (0.9888)  loss_ddf_aux_2: 0.0156 (0.0158)  loss_mal_pre: 3.0156 (2.9963)  loss_bbox_pre: 0.2374 (0.4254)  loss_giou_pre: 0.4777 (0.4822)  loss_mal_enc_0: 2.1211 (2.2107)  loss_bbox_enc_0: 0.6416 (0.9041)  loss_giou_enc_0: 1.0062 (1.0552)  loss_mal_dn_0: 2.3418 (2.4458)  loss_bbox_dn_0: 0.4434 (0.5931)  loss_giou_dn_0: 0.5859 (0.6445)  loss_fgl_dn_0: 1.1906 (1.2178)  loss_ddf_dn_0: 0.9379 (0.9945)  loss_mal_dn_1: 2.3652 (2.3474)  loss_bbox_dn_1: 0.2434 (0.3316)  loss_giou_dn_1: 0.3526 (0.3817)  loss_fgl_dn_1: 1.0319 (1.0555)  loss_ddf_dn_1: 0.1931 (0.1957)  loss_mal_dn_2: 1.8486 (1.8726)  loss_bbox_dn_2: 0.1914 (0.2571)  loss_giou_dn_2: 0.2825 (0.3200)  loss_fgl_dn_2: 1.0040 (1.0128)  loss_ddf_dn_2: 0.0167 (0.0177)  loss_mal_dn_3: 1.7979 (1.8186)  loss_bbox_dn_3: 0.1849 (0.2447)  loss_giou_dn_3: 0.2791 (0.3116)  loss_fgl_dn_3: 1.0021 (1.0147)  loss_mal_dn_pre: 2.3906 (2.4814)  loss_bbox_dn_pre: 0.4452 (0.5918)  loss_giou_dn_pre: 0.5901 (0.6430)
Test:  [0/4]  eta: 0:00:01    time: 0.3883  data: 0.3508  max mem: 3583
Test:  [3/4]  eta: 0:00:00    time: 0.1578  data: 0.0897  max mem: 3583
Test: Total time: 0:00:00 (0.1799 s / it)
Averaged stats: 
Accumulating evaluation results...
COCOeval_opt.accumulate() finished...
DONE (t=0.00s).
IoU metric: bbox
 Average Precision  (AP) @[ IoU=0.50:0.95 | area=   all | maxDets=100 ] = 0.208
 Average Precision  (AP) @[ IoU=0.50      | area=   all | maxDets=100 ] = 0.241
 Average Precision  (AP) @[ IoU=0.75      | area=   all | maxDets=100 ] = 0.225
 Average Precision  (AP) @[ IoU=0.50:0.95 | area= small | maxDets=100 ] = -1.000
 Average Precision  (AP) @[ IoU=0.50:0.95 | area=medium | maxDets=100 ] = -1.000
 Average Precision  (AP) @[ IoU=0.50:0.95 | area= large | maxDets=100 ] = 0.208
 Average Recall     (AR) @[ IoU=0.50:0.95 | area=   all | maxDets=  1 ] = 0.617
 Average Recall     (AR) @[ IoU=0.50:0.95 | area=   all | maxDets= 10 ] = 0.793
 Average Recall     (AR) @[ IoU=0.50:0.95 | area=   all | maxDets=100 ] = 0.910
 Average Recall     (AR) @[ IoU=0.50:0.95 | area= small | maxDets=100 ] = -1.000
 Average Recall     (AR) @[ IoU=0.50:0.95 | area=medium | maxDets=100 ] = -1.000
 Average Recall     (AR) @[ IoU=0.50:0.95 | area= large | maxDets=100 ] = 0.910
 Average Recall     (AR) @[ IoU=0.50      | area=   all | maxDets=100 ] = 1.000
 Average Recall     (AR) @[ IoU=0.75      | area=   all | maxDets=100 ] = 0.933
best_stat: {'epoch': 66, 'coco_eval_bbox': 0.2717360257850812}
Epoch: [69]  [0/8]  eta: 0:00:09  lr: 0.000002  loss: 44.0284 (44.0284)  loss_mal: 2.2617 (2.2617)  loss_bbox: 0.0832 (0.0832)  loss_giou: 0.1453 (0.1453)  loss_fgl: 0.8404 (0.8404)  loss_mal_aux_0: 2.9844 (2.9844)  loss_bbox_aux_0: 0.2270 (0.2270)  loss_giou_aux_0: 0.3489 (0.3489)  loss_fgl_aux_0: 1.1578 (1.1578)  loss_ddf_aux_0: 1.0037 (1.0037)  loss_mal_aux_1: 2.4492 (2.4492)  loss_bbox_aux_1: 0.1120 (0.1120)  loss_giou_aux_1: 0.1894 (0.1894)  loss_fgl_aux_1: 0.8993 (0.8993)  loss_ddf_aux_1: 0.1756 (0.1756)  loss_mal_aux_2: 2.0918 (2.0918)  loss_bbox_aux_2: 0.0863 (0.0863)  loss_giou_aux_2: 0.1474 (0.1474)  loss_fgl_aux_2: 0.8386 (0.8386)  loss_ddf_aux_2: 0.0166 (0.0166)  loss_mal_pre: 3.1035 (3.1035)  loss_bbox_pre: 0.2509 (0.2509)  loss_giou_pre: 0.3696 (0.3696)  loss_mal_enc_0: 2.3320 (2.3320)  loss_bbox_enc_0: 0.6098 (0.6098)  loss_giou_enc_0: 0.9602 (0.9602)  loss_mal_dn_0: 2.5547 (2.5547)  loss_bbox_dn_0: 0.4504 (0.4504)  loss_giou_dn_0: 0.5951 (0.5951)  loss_fgl_dn_0: 1.1902 (1.1902)  loss_ddf_dn_0: 1.3068 (1.3068)  loss_mal_dn_1: 2.3574 (2.3574)  loss_bbox_dn_1: 0.2470 (0.2470)  loss_giou_dn_1: 0.3191 (0.3191)  loss_fgl_dn_1: 0.9765 (0.9765)  loss_ddf_dn_1: 0.2493 (0.2493)  loss_mal_dn_2: 1.8809 (1.8809)  loss_bbox_dn_2: 0.1954 (0.1954)  loss_giou_dn_2: 0.2604 (0.2604)  loss_fgl_dn_2: 0.9105 (0.9105)  loss_ddf_dn_2: 0.0210 (0.0210)  loss_mal_dn_3: 1.8301 (1.8301)  loss_bbox_dn_3: 0.1949 (0.1949)  loss_giou_dn_3: 0.2562 (0.2562)  loss_fgl_dn_3: 0.9092 (0.9092)  loss_mal_dn_pre: 2.5996 (2.5996)  loss_bbox_dn_pre: 0.4464 (0.4464)  loss_giou_dn_pre: 0.5926 (0.5926)  time: 1.2013  data: 0.9987  max mem: 3583
Epoch: [69]  [7/8]  eta: 0:00:00  lr: 0.000002  loss: 45.9742 (45.7779)  loss_mal: 2.2266 (2.3511)  loss_bbox: 0.1810 (0.1947)  loss_giou: 0.2189 (0.2516)  loss_fgl: 0.9332 (0.9443)  loss_mal_aux_0: 2.9844 (2.9346)  loss_bbox_aux_0: 0.3754 (0.3614)  loss_giou_aux_0: 0.4219 (0.4509)  loss_fgl_aux_0: 1.1623 (1.1782)  loss_ddf_aux_0: 0.7730 (0.7899)  loss_mal_aux_1: 2.3555 (2.3689)  loss_bbox_aux_1: 0.2154 (0.2305)  loss_giou_aux_1: 0.2629 (0.2876)  loss_fgl_aux_1: 0.9827 (0.9895)  loss_ddf_aux_1: 0.1483 (0.1476)  loss_mal_aux_2: 2.1016 (2.1282)  loss_bbox_aux_2: 0.2033 (0.2000)  loss_giou_aux_2: 0.2308 (0.2530)  loss_fgl_aux_2: 0.9296 (0.9459)  loss_ddf_aux_2: 0.0171 (0.0168)  loss_mal_pre: 2.9922 (2.9775)  loss_bbox_pre: 0.3746 (0.3665)  loss_giou_pre: 0.4342 (0.4541)  loss_mal_enc_0: 2.1230 (2.1858)  loss_bbox_enc_0: 0.9254 (0.8543)  loss_giou_enc_0: 1.0053 (1.0389)  loss_mal_dn_0: 2.2949 (2.3723)  loss_bbox_dn_0: 0.6101 (0.6937)  loss_giou_dn_0: 0.6943 (0.6693)  loss_fgl_dn_0: 1.1902 (1.1991)  loss_ddf_dn_0: 0.8910 (0.9803)  loss_mal_dn_1: 2.1992 (2.2231)  loss_bbox_dn_1: 0.4160 (0.4047)  loss_giou_dn_1: 0.3631 (0.4141)  loss_fgl_dn_1: 1.0282 (1.0495)  loss_ddf_dn_1: 0.1974 (0.2032)  loss_mal_dn_2: 1.7676 (1.7826)  loss_bbox_dn_2: 0.2914 (0.3270)  loss_giou_dn_2: 0.3133 (0.3543)  loss_fgl_dn_2: 0.9807 (1.0017)  loss_ddf_dn_2: 0.0202 (0.0197)  loss_mal_dn_3: 1.7197 (1.7401)  loss_bbox_dn_3: 0.2507 (0.3174)  loss_giou_dn_3: 0.3100 (0.3469)  loss_fgl_dn_3: 0.9821 (1.0045)  loss_mal_dn_pre: 2.3359 (2.4067)  loss_bbox_dn_pre: 0.6192 (0.6976)  loss_giou_dn_pre: 0.6958 (0.6683)  time: 0.2972  data: 0.1580  max mem: 3583
Epoch: [69] Total time: 0:00:02 (0.3088 s / it)
Averaged stats: lr: 0.000002  loss: 45.9742 (45.7779)  loss_mal: 2.2266 (2.3511)  loss_bbox: 0.1810 (0.1947)  loss_giou: 0.2189 (0.2516)  loss_fgl: 0.9332 (0.9443)  loss_mal_aux_0: 2.9844 (2.9346)  loss_bbox_aux_0: 0.3754 (0.3614)  loss_giou_aux_0: 0.4219 (0.4509)  loss_fgl_aux_0: 1.1623 (1.1782)  loss_ddf_aux_0: 0.7730 (0.7899)  loss_mal_aux_1: 2.3555 (2.3689)  loss_bbox_aux_1: 0.2154 (0.2305)  loss_giou_aux_1: 0.2629 (0.2876)  loss_fgl_aux_1: 0.9827 (0.9895)  loss_ddf_aux_1: 0.1483 (0.1476)  loss_mal_aux_2: 2.1016 (2.1282)  loss_bbox_aux_2: 0.2033 (0.2000)  loss_giou_aux_2: 0.2308 (0.2530)  loss_fgl_aux_2: 0.9296 (0.9459)  loss_ddf_aux_2: 0.0171 (0.0168)  loss_mal_pre: 2.9922 (2.9775)  loss_bbox_pre: 0.3746 (0.3665)  loss_giou_pre: 0.4342 (0.4541)  loss_mal_enc_0: 2.1230 (2.1858)  loss_bbox_enc_0: 0.9254 (0.8543)  loss_giou_enc_0: 1.0053 (1.0389)  loss_mal_dn_0: 2.2949 (2.3723)  loss_bbox_dn_0: 0.6101 (0.6937)  loss_giou_dn_0: 0.6943 (0.6693)  loss_fgl_dn_0: 1.1902 (1.1991)  loss_ddf_dn_0: 0.8910 (0.9803)  loss_mal_dn_1: 2.1992 (2.2231)  loss_bbox_dn_1: 0.4160 (0.4047)  loss_giou_dn_1: 0.3631 (0.4141)  loss_fgl_dn_1: 1.0282 (1.0495)  loss_ddf_dn_1: 0.1974 (0.2032)  loss_mal_dn_2: 1.7676 (1.7826)  loss_bbox_dn_2: 0.2914 (0.3270)  loss_giou_dn_2: 0.3133 (0.3543)  loss_fgl_dn_2: 0.9807 (1.0017)  loss_ddf_dn_2: 0.0202 (0.0197)  loss_mal_dn_3: 1.7197 (1.7401)  loss_bbox_dn_3: 0.2507 (0.3174)  loss_giou_dn_3: 0.3100 (0.3469)  loss_fgl_dn_3: 0.9821 (1.0045)  loss_mal_dn_pre: 2.3359 (2.4067)  loss_bbox_dn_pre: 0.6192 (0.6976)  loss_giou_dn_pre: 0.6958 (0.6683)
Test:  [0/4]  eta: 0:00:01    time: 0.4216  data: 0.3771  max mem: 3583
Test:  [3/4]  eta: 0:00:00    time: 0.1353  data: 0.0964  max mem: 3583
Test: Total time: 0:00:00 (0.1542 s / it)
Averaged stats: 
Accumulating evaluation results...
COCOeval_opt.accumulate() finished...
DONE (t=0.00s).
IoU metric: bbox
 Average Precision  (AP) @[ IoU=0.50:0.95 | area=   all | maxDets=100 ] = 0.227
 Average Precision  (AP) @[ IoU=0.50      | area=   all | maxDets=100 ] = 0.261
 Average Precision  (AP) @[ IoU=0.75      | area=   all | maxDets=100 ] = 0.244
 Average Precision  (AP) @[ IoU=0.50:0.95 | area= small | maxDets=100 ] = -1.000
 Average Precision  (AP) @[ IoU=0.50:0.95 | area=medium | maxDets=100 ] = -1.000
 Average Precision  (AP) @[ IoU=0.50:0.95 | area= large | maxDets=100 ] = 0.227
 Average Recall     (AR) @[ IoU=0.50:0.95 | area=   all | maxDets=  1 ] = 0.580
 Average Recall     (AR) @[ IoU=0.50:0.95 | area=   all | maxDets= 10 ] = 0.760
 Average Recall     (AR) @[ IoU=0.50:0.95 | area=   all | maxDets=100 ] = 0.910
 Average Recall     (AR) @[ IoU=0.50:0.95 | area= small | maxDets=100 ] = -1.000
 Average Recall     (AR) @[ IoU=0.50:0.95 | area=medium | maxDets=100 ] = -1.000
 Average Recall     (AR) @[ IoU=0.50:0.95 | area= large | maxDets=100 ] = 0.910
 Average Recall     (AR) @[ IoU=0.50      | area=   all | maxDets=100 ] = 1.000
 Average Recall     (AR) @[ IoU=0.75      | area=   all | maxDets=100 ] = 0.933
best_stat: {'epoch': 66, 'coco_eval_bbox': 0.2717360257850812}
Epoch: [70]  [0/8]  eta: 0:00:09  lr: 0.000002  loss: 44.9780 (44.9780)  loss_mal: 2.1641 (2.1641)  loss_bbox: 0.2187 (0.2187)  loss_giou: 0.3096 (0.3096)  loss_fgl: 0.8877 (0.8877)  loss_mal_aux_0: 2.9121 (2.9121)  loss_bbox_aux_0: 0.3831 (0.3831)  loss_giou_aux_0: 0.4913 (0.4913)  loss_fgl_aux_0: 1.1392 (1.1392)  loss_ddf_aux_0: 0.9398 (0.9398)  loss_mal_aux_1: 2.2305 (2.2305)  loss_bbox_aux_1: 0.2364 (0.2364)  loss_giou_aux_1: 0.3309 (0.3309)  loss_fgl_aux_1: 0.9439 (0.9439)  loss_ddf_aux_1: 0.1777 (0.1777)  loss_mal_aux_2: 1.9932 (1.9932)  loss_bbox_aux_2: 0.2200 (0.2200)  loss_giou_aux_2: 0.3013 (0.3013)  loss_fgl_aux_2: 0.8895 (0.8895)  loss_ddf_aux_2: 0.0150 (0.0150)  loss_mal_pre: 2.8516 (2.8516)  loss_bbox_pre: 0.3743 (0.3743)  loss_giou_pre: 0.5587 (0.5587)  loss_mal_enc_0: 2.1504 (2.1504)  loss_bbox_enc_0: 0.8231 (0.8231)  loss_giou_enc_0: 1.0897 (1.0897)  loss_mal_dn_0: 2.4043 (2.4043)  loss_bbox_dn_0: 0.5658 (0.5658)  loss_giou_dn_0: 0.6547 (0.6547)  loss_fgl_dn_0: 1.1854 (1.1854)  loss_ddf_dn_0: 1.0917 (1.0917)  loss_mal_dn_1: 2.2246 (2.2246)  loss_bbox_dn_1: 0.3082 (0.3082)  loss_giou_dn_1: 0.3657 (0.3657)  loss_fgl_dn_1: 1.0388 (1.0388)  loss_ddf_dn_1: 0.2306 (0.2306)  loss_mal_dn_2: 1.7832 (1.7832)  loss_bbox_dn_2: 0.2416 (0.2416)  loss_giou_dn_2: 0.2980 (0.2980)  loss_fgl_dn_2: 0.9786 (0.9786)  loss_ddf_dn_2: 0.0189 (0.0189)  loss_mal_dn_3: 1.7832 (1.7832)  loss_bbox_dn_3: 0.2390 (0.2390)  loss_giou_dn_3: 0.2952 (0.2952)  loss_fgl_dn_3: 0.9823 (0.9823)  loss_mal_dn_pre: 2.4160 (2.4160)  loss_bbox_dn_pre: 0.5771 (0.5771)  loss_giou_dn_pre: 0.6632 (0.6632)  time: 1.1807  data: 1.0163  max mem: 3583
Epoch: [70]  [7/8]  eta: 0:00:00  lr: 0.000002  loss: 43.9670 (44.2238)  loss_mal: 2.2969 (2.4282)  loss_bbox: 0.0912 (0.1353)  loss_giou: 0.1592 (0.2232)  loss_fgl: 0.8567 (0.9055)  loss_mal_aux_0: 2.7031 (2.7942)  loss_bbox_aux_0: 0.2492 (0.3084)  loss_giou_aux_0: 0.3989 (0.4462)  loss_fgl_aux_0: 1.1392 (1.1489)  loss_ddf_aux_0: 0.7486 (0.8160)  loss_mal_aux_1: 2.2305 (2.2607)  loss_bbox_aux_1: 0.1295 (0.1650)  loss_giou_aux_1: 0.1926 (0.2665)  loss_fgl_aux_1: 0.8901 (0.9558)  loss_ddf_aux_1: 0.1400 (0.1506)  loss_mal_aux_2: 2.0586 (2.1887)  loss_bbox_aux_2: 0.0925 (0.1372)  loss_giou_aux_2: 0.1643 (0.2258)  loss_fgl_aux_2: 0.8557 (0.9059)  loss_ddf_aux_2: 0.0138 (0.0150)  loss_mal_pre: 2.7578 (2.8333)  loss_bbox_pre: 0.2453 (0.3145)  loss_giou_pre: 0.3898 (0.4654)  loss_mal_enc_0: 2.0840 (2.1180)  loss_bbox_enc_0: 0.7790 (0.7986)  loss_giou_enc_0: 0.9961 (1.0258)  loss_mal_dn_0: 2.4043 (2.4844)  loss_bbox_dn_0: 0.5658 (0.5616)  loss_giou_dn_0: 0.5641 (0.5968)  loss_fgl_dn_0: 1.2077 (1.2184)  loss_ddf_dn_0: 1.0200 (1.0486)  loss_mal_dn_1: 2.2246 (2.1914)  loss_bbox_dn_1: 0.2642 (0.2882)  loss_giou_dn_1: 0.2946 (0.3281)  loss_fgl_dn_1: 0.9981 (1.0496)  loss_ddf_dn_1: 0.2080 (0.2142)  loss_mal_dn_2: 1.7832 (1.8000)  loss_bbox_dn_2: 0.1701 (0.2040)  loss_giou_dn_2: 0.2112 (0.2644)  loss_fgl_dn_2: 0.9572 (0.9916)  loss_ddf_dn_2: 0.0189 (0.0195)  loss_mal_dn_3: 1.7832 (1.7937)  loss_bbox_dn_3: 0.1632 (0.1999)  loss_giou_dn_3: 0.2043 (0.2600)  loss_fgl_dn_3: 0.9587 (0.9939)  loss_mal_dn_pre: 2.4160 (2.5286)  loss_bbox_dn_pre: 0.5771 (0.5587)  loss_giou_dn_pre: 0.5633 (0.5952)  time: 0.2635  data: 0.1290  max mem: 3583
Epoch: [70] Total time: 0:00:02 (0.2732 s / it)
Averaged stats: lr: 0.000002  loss: 43.9670 (44.2238)  loss_mal: 2.2969 (2.4282)  loss_bbox: 0.0912 (0.1353)  loss_giou: 0.1592 (0.2232)  loss_fgl: 0.8567 (0.9055)  loss_mal_aux_0: 2.7031 (2.7942)  loss_bbox_aux_0: 0.2492 (0.3084)  loss_giou_aux_0: 0.3989 (0.4462)  loss_fgl_aux_0: 1.1392 (1.1489)  loss_ddf_aux_0: 0.7486 (0.8160)  loss_mal_aux_1: 2.2305 (2.2607)  loss_bbox_aux_1: 0.1295 (0.1650)  loss_giou_aux_1: 0.1926 (0.2665)  loss_fgl_aux_1: 0.8901 (0.9558)  loss_ddf_aux_1: 0.1400 (0.1506)  loss_mal_aux_2: 2.0586 (2.1887)  loss_bbox_aux_2: 0.0925 (0.1372)  loss_giou_aux_2: 0.1643 (0.2258)  loss_fgl_aux_2: 0.8557 (0.9059)  loss_ddf_aux_2: 0.0138 (0.0150)  loss_mal_pre: 2.7578 (2.8333)  loss_bbox_pre: 0.2453 (0.3145)  loss_giou_pre: 0.3898 (0.4654)  loss_mal_enc_0: 2.0840 (2.1180)  loss_bbox_enc_0: 0.7790 (0.7986)  loss_giou_enc_0: 0.9961 (1.0258)  loss_mal_dn_0: 2.4043 (2.4844)  loss_bbox_dn_0: 0.5658 (0.5616)  loss_giou_dn_0: 0.5641 (0.5968)  loss_fgl_dn_0: 1.2077 (1.2184)  loss_ddf_dn_0: 1.0200 (1.0486)  loss_mal_dn_1: 2.2246 (2.1914)  loss_bbox_dn_1: 0.2642 (0.2882)  loss_giou_dn_1: 0.2946 (0.3281)  loss_fgl_dn_1: 0.9981 (1.0496)  loss_ddf_dn_1: 0.2080 (0.2142)  loss_mal_dn_2: 1.7832 (1.8000)  loss_bbox_dn_2: 0.1701 (0.2040)  loss_giou_dn_2: 0.2112 (0.2644)  loss_fgl_dn_2: 0.9572 (0.9916)  loss_ddf_dn_2: 0.0189 (0.0195)  loss_mal_dn_3: 1.7832 (1.7937)  loss_bbox_dn_3: 0.1632 (0.1999)  loss_giou_dn_3: 0.2043 (0.2600)  loss_fgl_dn_3: 0.9587 (0.9939)  loss_mal_dn_pre: 2.4160 (2.5286)  loss_bbox_dn_pre: 0.5771 (0.5587)  loss_giou_dn_pre: 0.5633 (0.5952)
Test:  [0/4]  eta: 0:00:01    time: 0.4216  data: 0.3701  max mem: 3583
Test:  [3/4]  eta: 0:00:00    time: 0.1337  data: 0.0944  max mem: 3583
Test: Total time: 0:00:00 (0.1571 s / it)
Averaged stats: 
Accumulating evaluation results...
COCOeval_opt.accumulate() finished...
DONE (t=0.00s).
IoU metric: bbox
 Average Precision  (AP) @[ IoU=0.50:0.95 | area=   all | maxDets=100 ] = 0.232
 Average Precision  (AP) @[ IoU=0.50      | area=   all | maxDets=100 ] = 0.266
 Average Precision  (AP) @[ IoU=0.75      | area=   all | maxDets=100 ] = 0.240
 Average Precision  (AP) @[ IoU=0.50:0.95 | area= small | maxDets=100 ] = -1.000
 Average Precision  (AP) @[ IoU=0.50:0.95 | area=medium | maxDets=100 ] = -1.000
 Average Precision  (AP) @[ IoU=0.50:0.95 | area= large | maxDets=100 ] = 0.232
 Average Recall     (AR) @[ IoU=0.50:0.95 | area=   all | maxDets=  1 ] = 0.653
 Average Recall     (AR) @[ IoU=0.50:0.95 | area=   all | maxDets= 10 ] = 0.823
 Average Recall     (AR) @[ IoU=0.50:0.95 | area=   all | maxDets=100 ] = 0.910
 Average Recall     (AR) @[ IoU=0.50:0.95 | area= small | maxDets=100 ] = -1.000
 Average Recall     (AR) @[ IoU=0.50:0.95 | area=medium | maxDets=100 ] = -1.000
 Average Recall     (AR) @[ IoU=0.50:0.95 | area= large | maxDets=100 ] = 0.910
 Average Recall     (AR) @[ IoU=0.50      | area=   all | maxDets=100 ] = 1.000
 Average Recall     (AR) @[ IoU=0.75      | area=   all | maxDets=100 ] = 0.933
best_stat: {'epoch': 66, 'coco_eval_bbox': 0.2717360257850812}
Epoch: [71]  [0/8]  eta: 0:00:07  lr: 0.000002  loss: 46.4451 (46.4451)  loss_mal: 2.3730 (2.3730)  loss_bbox: 0.1800 (0.1800)  loss_giou: 0.2115 (0.2115)  loss_fgl: 0.9666 (0.9666)  loss_mal_aux_0: 2.8438 (2.8438)  loss_bbox_aux_0: 0.3258 (0.3258)  loss_giou_aux_0: 0.3955 (0.3955)  loss_fgl_aux_0: 1.1968 (1.1968)  loss_ddf_aux_0: 0.8978 (0.8978)  loss_mal_aux_1: 2.4375 (2.4375)  loss_bbox_aux_1: 0.2046 (0.2046)  loss_giou_aux_1: 0.2516 (0.2516)  loss_fgl_aux_1: 0.9934 (0.9934)  loss_ddf_aux_1: 0.1681 (0.1681)  loss_mal_aux_2: 2.1660 (2.1660)  loss_bbox_aux_2: 0.1809 (0.1809)  loss_giou_aux_2: 0.2133 (0.2133)  loss_fgl_aux_2: 0.9647 (0.9647)  loss_ddf_aux_2: 0.0148 (0.0148)  loss_mal_pre: 2.9180 (2.9180)  loss_bbox_pre: 0.3462 (0.3462)  loss_giou_pre: 0.4256 (0.4256)  loss_mal_enc_0: 2.2402 (2.2402)  loss_bbox_enc_0: 0.9451 (0.9451)  loss_giou_enc_0: 1.0086 (1.0086)  loss_mal_dn_0: 2.1953 (2.1953)  loss_bbox_dn_0: 0.7962 (0.7962)  loss_giou_dn_0: 0.7574 (0.7574)  loss_fgl_dn_0: 1.2022 (1.2022)  loss_ddf_dn_0: 1.1989 (1.1989)  loss_mal_dn_1: 2.1523 (2.1523)  loss_bbox_dn_1: 0.5149 (0.5149)  loss_giou_dn_1: 0.4671 (0.4671)  loss_fgl_dn_1: 1.0962 (1.0962)  loss_ddf_dn_1: 0.2331 (0.2331)  loss_mal_dn_2: 1.7139 (1.7139)  loss_bbox_dn_2: 0.4359 (0.4359)  loss_giou_dn_2: 0.4003 (0.4003)  loss_fgl_dn_2: 1.0449 (1.0449)  loss_ddf_dn_2: 0.0194 (0.0194)  loss_mal_dn_3: 1.6992 (1.6992)  loss_bbox_dn_3: 0.4235 (0.4235)  loss_giou_dn_3: 0.3936 (0.3936)  loss_fgl_dn_3: 1.0459 (1.0459)  loss_mal_dn_pre: 2.2168 (2.2168)  loss_bbox_dn_pre: 0.8075 (0.8075)  loss_giou_dn_pre: 0.7613 (0.7613)  time: 0.9655  data: 0.8020  max mem: 3583
Epoch: [71]  [7/8]  eta: 0:00:00  lr: 0.000002  loss: 44.8011 (45.3377)  loss_mal: 2.2656 (2.2961)  loss_bbox: 0.1498 (0.2274)  loss_giou: 0.2287 (0.2760)  loss_fgl: 0.9523 (0.9706)  loss_mal_aux_0: 2.8438 (2.7732)  loss_bbox_aux_0: 0.2354 (0.3582)  loss_giou_aux_0: 0.4066 (0.4582)  loss_fgl_aux_0: 1.1539 (1.1545)  loss_ddf_aux_0: 0.8978 (0.9076)  loss_mal_aux_1: 2.2461 (2.2130)  loss_bbox_aux_1: 0.1778 (0.2503)  loss_giou_aux_1: 0.2526 (0.3101)  loss_fgl_aux_1: 0.9827 (0.9977)  loss_ddf_aux_1: 0.1681 (0.1623)  loss_mal_aux_2: 2.0879 (2.0847)  loss_bbox_aux_2: 0.1483 (0.2324)  loss_giou_aux_2: 0.2398 (0.2778)  loss_fgl_aux_2: 0.9507 (0.9668)  loss_ddf_aux_2: 0.0140 (0.0145)  loss_mal_pre: 2.8574 (2.8259)  loss_bbox_pre: 0.2442 (0.3776)  loss_giou_pre: 0.4256 (0.4730)  loss_mal_enc_0: 1.9883 (2.1327)  loss_bbox_enc_0: 0.8343 (0.8982)  loss_giou_enc_0: 1.0266 (1.0548)  loss_mal_dn_0: 2.3633 (2.4109)  loss_bbox_dn_0: 0.4092 (0.5951)  loss_giou_dn_0: 0.6082 (0.6318)  loss_fgl_dn_0: 1.2022 (1.2142)  loss_ddf_dn_0: 1.1717 (1.1633)  loss_mal_dn_1: 2.1113 (2.1296)  loss_bbox_dn_1: 0.2931 (0.3650)  loss_giou_dn_1: 0.3571 (0.3730)  loss_fgl_dn_1: 1.0455 (1.0664)  loss_ddf_dn_1: 0.2138 (0.2246)  loss_mal_dn_2: 1.6914 (1.7118)  loss_bbox_dn_2: 0.2504 (0.3244)  loss_giou_dn_2: 0.3290 (0.3242)  loss_fgl_dn_2: 1.0117 (1.0228)  loss_ddf_dn_2: 0.0194 (0.0194)  loss_mal_dn_3: 1.6992 (1.7257)  loss_bbox_dn_3: 0.2483 (0.3181)  loss_giou_dn_3: 0.3244 (0.3192)  loss_fgl_dn_3: 1.0168 (1.0251)  loss_mal_dn_pre: 2.4062 (2.4502)  loss_bbox_dn_pre: 0.4149 (0.5966)  loss_giou_dn_pre: 0.6060 (0.6324)  time: 0.2400  data: 0.1022  max mem: 3583
Epoch: [71] Total time: 0:00:02 (0.2503 s / it)
Averaged stats: lr: 0.000002  loss: 44.8011 (45.3377)  loss_mal: 2.2656 (2.2961)  loss_bbox: 0.1498 (0.2274)  loss_giou: 0.2287 (0.2760)  loss_fgl: 0.9523 (0.9706)  loss_mal_aux_0: 2.8438 (2.7732)  loss_bbox_aux_0: 0.2354 (0.3582)  loss_giou_aux_0: 0.4066 (0.4582)  loss_fgl_aux_0: 1.1539 (1.1545)  loss_ddf_aux_0: 0.8978 (0.9076)  loss_mal_aux_1: 2.2461 (2.2130)  loss_bbox_aux_1: 0.1778 (0.2503)  loss_giou_aux_1: 0.2526 (0.3101)  loss_fgl_aux_1: 0.9827 (0.9977)  loss_ddf_aux_1: 0.1681 (0.1623)  loss_mal_aux_2: 2.0879 (2.0847)  loss_bbox_aux_2: 0.1483 (0.2324)  loss_giou_aux_2: 0.2398 (0.2778)  loss_fgl_aux_2: 0.9507 (0.9668)  loss_ddf_aux_2: 0.0140 (0.0145)  loss_mal_pre: 2.8574 (2.8259)  loss_bbox_pre: 0.2442 (0.3776)  loss_giou_pre: 0.4256 (0.4730)  loss_mal_enc_0: 1.9883 (2.1327)  loss_bbox_enc_0: 0.8343 (0.8982)  loss_giou_enc_0: 1.0266 (1.0548)  loss_mal_dn_0: 2.3633 (2.4109)  loss_bbox_dn_0: 0.4092 (0.5951)  loss_giou_dn_0: 0.6082 (0.6318)  loss_fgl_dn_0: 1.2022 (1.2142)  loss_ddf_dn_0: 1.1717 (1.1633)  loss_mal_dn_1: 2.1113 (2.1296)  loss_bbox_dn_1: 0.2931 (0.3650)  loss_giou_dn_1: 0.3571 (0.3730)  loss_fgl_dn_1: 1.0455 (1.0664)  loss_ddf_dn_1: 0.2138 (0.2246)  loss_mal_dn_2: 1.6914 (1.7118)  loss_bbox_dn_2: 0.2504 (0.3244)  loss_giou_dn_2: 0.3290 (0.3242)  loss_fgl_dn_2: 1.0117 (1.0228)  loss_ddf_dn_2: 0.0194 (0.0194)  loss_mal_dn_3: 1.6992 (1.7257)  loss_bbox_dn_3: 0.2483 (0.3181)  loss_giou_dn_3: 0.3244 (0.3192)  loss_fgl_dn_3: 1.0168 (1.0251)  loss_mal_dn_pre: 2.4062 (2.4502)  loss_bbox_dn_pre: 0.4149 (0.5966)  loss_giou_dn_pre: 0.6060 (0.6324)
Test:  [0/4]  eta: 0:00:01    time: 0.3920  data: 0.3478  max mem: 3583
Test:  [3/4]  eta: 0:00:00    time: 0.1280  data: 0.0890  max mem: 3583
Test: Total time: 0:00:00 (0.1478 s / it)
Averaged stats: 
Accumulating evaluation results...
COCOeval_opt.accumulate() finished...
DONE (t=0.00s).
IoU metric: bbox
 Average Precision  (AP) @[ IoU=0.50:0.95 | area=   all | maxDets=100 ] = 0.274
 Average Precision  (AP) @[ IoU=0.50      | area=   all | maxDets=100 ] = 0.315
 Average Precision  (AP) @[ IoU=0.75      | area=   all | maxDets=100 ] = 0.285
 Average Precision  (AP) @[ IoU=0.50:0.95 | area= small | maxDets=100 ] = -1.000
 Average Precision  (AP) @[ IoU=0.50:0.95 | area=medium | maxDets=100 ] = -1.000
 Average Precision  (AP) @[ IoU=0.50:0.95 | area= large | maxDets=100 ] = 0.274
 Average Recall     (AR) @[ IoU=0.50:0.95 | area=   all | maxDets=  1 ] = 0.663
 Average Recall     (AR) @[ IoU=0.50:0.95 | area=   all | maxDets= 10 ] = 0.830
 Average Recall     (AR) @[ IoU=0.50:0.95 | area=   all | maxDets=100 ] = 0.913
 Average Recall     (AR) @[ IoU=0.50:0.95 | area= small | maxDets=100 ] = -1.000
 Average Recall     (AR) @[ IoU=0.50:0.95 | area=medium | maxDets=100 ] = -1.000
 Average Recall     (AR) @[ IoU=0.50:0.95 | area= large | maxDets=100 ] = 0.913
 Average Recall     (AR) @[ IoU=0.50      | area=   all | maxDets=100 ] = 1.000
 Average Recall     (AR) @[ IoU=0.75      | area=   all | maxDets=100 ] = 0.933
best_stat: {'epoch': 71, 'coco_eval_bbox': 0.27423842521152}
Epoch: [72]  [0/8]  eta: 0:00:07  lr: 0.000002  loss: 45.5984 (45.5984)  loss_mal: 2.4453 (2.4453)  loss_bbox: 0.1657 (0.1657)  loss_giou: 0.2039 (0.2039)  loss_fgl: 0.9477 (0.9477)  loss_mal_aux_0: 2.8945 (2.8945)  loss_bbox_aux_0: 0.2620 (0.2620)  loss_giou_aux_0: 0.3228 (0.3228)  loss_fgl_aux_0: 1.2160 (1.2160)  loss_ddf_aux_0: 0.9985 (0.9985)  loss_mal_aux_1: 2.2910 (2.2910)  loss_bbox_aux_1: 0.1759 (0.1759)  loss_giou_aux_1: 0.2152 (0.2152)  loss_fgl_aux_1: 0.9942 (0.9942)  loss_ddf_aux_1: 0.1598 (0.1598)  loss_mal_aux_2: 2.1660 (2.1660)  loss_bbox_aux_2: 0.1571 (0.1571)  loss_giou_aux_2: 0.2019 (0.2019)  loss_fgl_aux_2: 0.9504 (0.9504)  loss_ddf_aux_2: 0.0119 (0.0119)  loss_mal_pre: 3.0234 (3.0234)  loss_bbox_pre: 0.2618 (0.2618)  loss_giou_pre: 0.3171 (0.3171)  loss_mal_enc_0: 2.7754 (2.7754)  loss_bbox_enc_0: 0.9392 (0.9392)  loss_giou_enc_0: 0.9392 (0.9392)  loss_mal_dn_0: 2.2559 (2.2559)  loss_bbox_dn_0: 0.6270 (0.6270)  loss_giou_dn_0: 0.6841 (0.6841)  loss_fgl_dn_0: 1.2765 (1.2765)  loss_ddf_dn_0: 1.2722 (1.2722)  loss_mal_dn_1: 2.2344 (2.2344)  loss_bbox_dn_1: 0.3057 (0.3057)  loss_giou_dn_1: 0.3388 (0.3388)  loss_fgl_dn_1: 1.0725 (1.0725)  loss_ddf_dn_1: 0.2471 (0.2471)  loss_mal_dn_2: 1.7676 (1.7676)  loss_bbox_dn_2: 0.2359 (0.2359)  loss_giou_dn_2: 0.2816 (0.2816)  loss_fgl_dn_2: 1.0049 (1.0049)  loss_ddf_dn_2: 0.0179 (0.0179)  loss_mal_dn_3: 1.8066 (1.8066)  loss_bbox_dn_3: 0.2330 (0.2330)  loss_giou_dn_3: 0.2745 (0.2745)  loss_fgl_dn_3: 1.0037 (1.0037)  loss_mal_dn_pre: 2.3164 (2.3164)  loss_bbox_dn_pre: 0.6317 (0.6317)  loss_giou_dn_pre: 0.6746 (0.6746)  time: 0.9933  data: 0.7966  max mem: 3583
Epoch: [72]  [7/8]  eta: 0:00:00  lr: 0.000002  loss: 45.5984 (45.6209)  loss_mal: 2.2793 (2.3809)  loss_bbox: 0.1843 (0.2330)  loss_giou: 0.2352 (0.2545)  loss_fgl: 0.9008 (0.9573)  loss_mal_aux_0: 2.8945 (2.9272)  loss_bbox_aux_0: 0.3267 (0.3595)  loss_giou_aux_0: 0.3873 (0.3926)  loss_fgl_aux_0: 1.1222 (1.1439)  loss_ddf_aux_0: 0.9296 (0.9023)  loss_mal_aux_1: 2.2070 (2.2090)  loss_bbox_aux_1: 0.2151 (0.2524)  loss_giou_aux_1: 0.2603 (0.2734)  loss_fgl_aux_1: 0.9405 (0.9894)  loss_ddf_aux_1: 0.1598 (0.1638)  loss_mal_aux_2: 2.1113 (2.1884)  loss_bbox_aux_2: 0.1867 (0.2363)  loss_giou_aux_2: 0.2351 (0.2564)  loss_fgl_aux_2: 0.8992 (0.9526)  loss_ddf_aux_2: 0.0137 (0.0143)  loss_mal_pre: 2.9941 (3.0161)  loss_bbox_pre: 0.2618 (0.3655)  loss_giou_pre: 0.3521 (0.3955)  loss_mal_enc_0: 2.2578 (2.3694)  loss_bbox_enc_0: 0.8078 (0.9222)  loss_giou_enc_0: 0.9618 (0.9951)  loss_mal_dn_0: 2.4492 (2.4121)  loss_bbox_dn_0: 0.5055 (0.6312)  loss_giou_dn_0: 0.5932 (0.6206)  loss_fgl_dn_0: 1.1836 (1.2068)  loss_ddf_dn_0: 1.1524 (1.2068)  loss_mal_dn_1: 2.0430 (2.0552)  loss_bbox_dn_1: 0.2879 (0.3678)  loss_giou_dn_1: 0.3388 (0.3640)  loss_fgl_dn_1: 1.0519 (1.0467)  loss_ddf_dn_1: 0.2198 (0.2358)  loss_mal_dn_2: 1.6738 (1.6688)  loss_bbox_dn_2: 0.2359 (0.3057)  loss_giou_dn_2: 0.2876 (0.3110)  loss_fgl_dn_2: 1.0049 (0.9946)  loss_ddf_dn_2: 0.0192 (0.0198)  loss_mal_dn_3: 1.7217 (1.7151)  loss_bbox_dn_3: 0.2330 (0.2970)  loss_giou_dn_3: 0.2857 (0.3029)  loss_fgl_dn_3: 1.0037 (0.9959)  loss_mal_dn_pre: 2.4844 (2.4548)  loss_bbox_dn_pre: 0.5101 (0.6365)  loss_giou_dn_pre: 0.5991 (0.6209)  time: 0.2664  data: 0.1030  max mem: 3583
Epoch: [72] Total time: 0:00:02 (0.2738 s / it)
Averaged stats: lr: 0.000002  loss: 45.5984 (45.6209)  loss_mal: 2.2793 (2.3809)  loss_bbox: 0.1843 (0.2330)  loss_giou: 0.2352 (0.2545)  loss_fgl: 0.9008 (0.9573)  loss_mal_aux_0: 2.8945 (2.9272)  loss_bbox_aux_0: 0.3267 (0.3595)  loss_giou_aux_0: 0.3873 (0.3926)  loss_fgl_aux_0: 1.1222 (1.1439)  loss_ddf_aux_0: 0.9296 (0.9023)  loss_mal_aux_1: 2.2070 (2.2090)  loss_bbox_aux_1: 0.2151 (0.2524)  loss_giou_aux_1: 0.2603 (0.2734)  loss_fgl_aux_1: 0.9405 (0.9894)  loss_ddf_aux_1: 0.1598 (0.1638)  loss_mal_aux_2: 2.1113 (2.1884)  loss_bbox_aux_2: 0.1867 (0.2363)  loss_giou_aux_2: 0.2351 (0.2564)  loss_fgl_aux_2: 0.8992 (0.9526)  loss_ddf_aux_2: 0.0137 (0.0143)  loss_mal_pre: 2.9941 (3.0161)  loss_bbox_pre: 0.2618 (0.3655)  loss_giou_pre: 0.3521 (0.3955)  loss_mal_enc_0: 2.2578 (2.3694)  loss_bbox_enc_0: 0.8078 (0.9222)  loss_giou_enc_0: 0.9618 (0.9951)  loss_mal_dn_0: 2.4492 (2.4121)  loss_bbox_dn_0: 0.5055 (0.6312)  loss_giou_dn_0: 0.5932 (0.6206)  loss_fgl_dn_0: 1.1836 (1.2068)  loss_ddf_dn_0: 1.1524 (1.2068)  loss_mal_dn_1: 2.0430 (2.0552)  loss_bbox_dn_1: 0.2879 (0.3678)  loss_giou_dn_1: 0.3388 (0.3640)  loss_fgl_dn_1: 1.0519 (1.0467)  loss_ddf_dn_1: 0.2198 (0.2358)  loss_mal_dn_2: 1.6738 (1.6688)  loss_bbox_dn_2: 0.2359 (0.3057)  loss_giou_dn_2: 0.2876 (0.3110)  loss_fgl_dn_2: 1.0049 (0.9946)  loss_ddf_dn_2: 0.0192 (0.0198)  loss_mal_dn_3: 1.7217 (1.7151)  loss_bbox_dn_3: 0.2330 (0.2970)  loss_giou_dn_3: 0.2857 (0.3029)  loss_fgl_dn_3: 1.0037 (0.9959)  loss_mal_dn_pre: 2.4844 (2.4548)  loss_bbox_dn_pre: 0.5101 (0.6365)  loss_giou_dn_pre: 0.5991 (0.6209)
Test:  [0/4]  eta: 0:00:01    time: 0.3906  data: 0.3494  max mem: 3583
Test:  [3/4]  eta: 0:00:00    time: 0.1227  data: 0.0896  max mem: 3583
Test: Total time: 0:00:00 (0.1430 s / it)
Averaged stats: 
Accumulating evaluation results...
COCOeval_opt.accumulate() finished...
DONE (t=0.00s).
IoU metric: bbox
 Average Precision  (AP) @[ IoU=0.50:0.95 | area=   all | maxDets=100 ] = 0.270
 Average Precision  (AP) @[ IoU=0.50      | area=   all | maxDets=100 ] = 0.300
 Average Precision  (AP) @[ IoU=0.75      | area=   all | maxDets=100 ] = 0.288
 Average Precision  (AP) @[ IoU=0.50:0.95 | area= small | maxDets=100 ] = -1.000
 Average Precision  (AP) @[ IoU=0.50:0.95 | area=medium | maxDets=100 ] = -1.000
 Average Precision  (AP) @[ IoU=0.50:0.95 | area= large | maxDets=100 ] = 0.270
 Average Recall     (AR) @[ IoU=0.50:0.95 | area=   all | maxDets=  1 ] = 0.663
 Average Recall     (AR) @[ IoU=0.50:0.95 | area=   all | maxDets= 10 ] = 0.827
 Average Recall     (AR) @[ IoU=0.50:0.95 | area=   all | maxDets=100 ] = 0.927
 Average Recall     (AR) @[ IoU=0.50:0.95 | area= small | maxDets=100 ] = -1.000
 Average Recall     (AR) @[ IoU=0.50:0.95 | area=medium | maxDets=100 ] = -1.000
 Average Recall     (AR) @[ IoU=0.50:0.95 | area= large | maxDets=100 ] = 0.927
 Average Recall     (AR) @[ IoU=0.50      | area=   all | maxDets=100 ] = 1.000
 Average Recall     (AR) @[ IoU=0.75      | area=   all | maxDets=100 ] = 0.933
best_stat: {'epoch': 71, 'coco_eval_bbox': 0.27423842521152}
Epoch: [73]  [0/8]  eta: 0:00:11  lr: 0.000002  loss: 43.8586 (43.8586)  loss_mal: 2.2070 (2.2070)  loss_bbox: 0.1727 (0.1727)  loss_giou: 0.3409 (0.3409)  loss_fgl: 1.0830 (1.0830)  loss_mal_aux_0: 2.6875 (2.6875)  loss_bbox_aux_0: 0.2160 (0.2160)  loss_giou_aux_0: 0.4376 (0.4376)  loss_fgl_aux_0: 1.1568 (1.1568)  loss_ddf_aux_0: 0.9887 (0.9887)  loss_mal_aux_1: 2.0684 (2.0684)  loss_bbox_aux_1: 0.1838 (0.1838)  loss_giou_aux_1: 0.3696 (0.3696)  loss_fgl_aux_1: 1.1101 (1.1101)  loss_ddf_aux_1: 0.1733 (0.1733)  loss_mal_aux_2: 1.9941 (1.9941)  loss_bbox_aux_2: 0.1736 (0.1736)  loss_giou_aux_2: 0.3442 (0.3442)  loss_fgl_aux_2: 1.0795 (1.0795)  loss_ddf_aux_2: 0.0122 (0.0122)  loss_mal_pre: 2.7539 (2.7539)  loss_bbox_pre: 0.2249 (0.2249)  loss_giou_pre: 0.4454 (0.4454)  loss_mal_enc_0: 2.1855 (2.1855)  loss_bbox_enc_0: 0.5990 (0.5990)  loss_giou_enc_0: 1.0893 (1.0893)  loss_mal_dn_0: 2.2637 (2.2637)  loss_bbox_dn_0: 0.4033 (0.4033)  loss_giou_dn_0: 0.6743 (0.6743)  loss_fgl_dn_0: 1.2337 (1.2337)  loss_ddf_dn_0: 1.4235 (1.4235)  loss_mal_dn_1: 1.8887 (1.8887)  loss_bbox_dn_1: 0.2442 (0.2442)  loss_giou_dn_1: 0.4472 (0.4472)  loss_fgl_dn_1: 1.0821 (1.0821)  loss_ddf_dn_1: 0.2541 (0.2541)  loss_mal_dn_2: 1.5742 (1.5742)  loss_bbox_dn_2: 0.2083 (0.2083)  loss_giou_dn_2: 0.4058 (0.4058)  loss_fgl_dn_2: 1.0202 (1.0202)  loss_ddf_dn_2: 0.0173 (0.0173)  loss_mal_dn_3: 1.6035 (1.6035)  loss_bbox_dn_3: 0.2085 (0.2085)  loss_giou_dn_3: 0.4038 (0.4038)  loss_fgl_dn_3: 1.0241 (1.0241)  loss_mal_dn_pre: 2.3105 (2.3105)  loss_bbox_dn_pre: 0.3983 (0.3983)  loss_giou_dn_pre: 0.6721 (0.6721)  time: 1.3764  data: 1.1787  max mem: 3583
Epoch: [73]  [7/8]  eta: 0:00:00  lr: 0.000002  loss: 43.8586 (44.0631)  loss_mal: 2.3398 (2.4954)  loss_bbox: 0.1290 (0.1483)  loss_giou: 0.2200 (0.2261)  loss_fgl: 0.9642 (0.9638)  loss_mal_aux_0: 2.8203 (2.8440)  loss_bbox_aux_0: 0.2421 (0.2476)  loss_giou_aux_0: 0.3862 (0.3774)  loss_fgl_aux_0: 1.1568 (1.1587)  loss_ddf_aux_0: 0.9565 (0.9072)  loss_mal_aux_1: 2.1504 (2.1952)  loss_bbox_aux_1: 0.1514 (0.1613)  loss_giou_aux_1: 0.2385 (0.2547)  loss_fgl_aux_1: 1.0402 (1.0041)  loss_ddf_aux_1: 0.1652 (0.1528)  loss_mal_aux_2: 2.1445 (2.2723)  loss_bbox_aux_2: 0.1393 (0.1535)  loss_giou_aux_2: 0.2240 (0.2312)  loss_fgl_aux_2: 0.9723 (0.9669)  loss_ddf_aux_2: 0.0130 (0.0135)  loss_mal_pre: 2.8066 (2.8877)  loss_bbox_pre: 0.2392 (0.2565)  loss_giou_pre: 0.3941 (0.3833)  loss_mal_enc_0: 2.1855 (2.1952)  loss_bbox_enc_0: 0.7519 (0.7633)  loss_giou_enc_0: 1.0150 (1.0298)  loss_mal_dn_0: 2.4844 (2.5146)  loss_bbox_dn_0: 0.4789 (0.4962)  loss_giou_dn_0: 0.5580 (0.5513)  loss_fgl_dn_0: 1.2337 (1.2646)  loss_ddf_dn_0: 1.0857 (1.1587)  loss_mal_dn_1: 1.9434 (1.9501)  loss_bbox_dn_1: 0.2442 (0.2620)  loss_giou_dn_1: 0.2885 (0.3161)  loss_fgl_dn_1: 1.0453 (1.0798)  loss_ddf_dn_1: 0.2115 (0.2092)  loss_mal_dn_2: 1.6289 (1.6393)  loss_bbox_dn_2: 0.1817 (0.2077)  loss_giou_dn_2: 0.2350 (0.2684)  loss_fgl_dn_2: 0.9873 (1.0229)  loss_ddf_dn_2: 0.0164 (0.0169)  loss_mal_dn_3: 1.7129 (1.7202)  loss_bbox_dn_3: 0.1645 (0.1938)  loss_giou_dn_3: 0.2200 (0.2594)  loss_fgl_dn_3: 0.9859 (1.0219)  loss_mal_dn_pre: 2.5410 (2.5696)  loss_bbox_dn_pre: 0.4943 (0.4987)  loss_giou_dn_pre: 0.5645 (0.5518)  time: 0.2864  data: 0.1531  max mem: 3583
Epoch: [73] Total time: 0:00:02 (0.2976 s / it)
Averaged stats: lr: 0.000002  loss: 43.8586 (44.0631)  loss_mal: 2.3398 (2.4954)  loss_bbox: 0.1290 (0.1483)  loss_giou: 0.2200 (0.2261)  loss_fgl: 0.9642 (0.9638)  loss_mal_aux_0: 2.8203 (2.8440)  loss_bbox_aux_0: 0.2421 (0.2476)  loss_giou_aux_0: 0.3862 (0.3774)  loss_fgl_aux_0: 1.1568 (1.1587)  loss_ddf_aux_0: 0.9565 (0.9072)  loss_mal_aux_1: 2.1504 (2.1952)  loss_bbox_aux_1: 0.1514 (0.1613)  loss_giou_aux_1: 0.2385 (0.2547)  loss_fgl_aux_1: 1.0402 (1.0041)  loss_ddf_aux_1: 0.1652 (0.1528)  loss_mal_aux_2: 2.1445 (2.2723)  loss_bbox_aux_2: 0.1393 (0.1535)  loss_giou_aux_2: 0.2240 (0.2312)  loss_fgl_aux_2: 0.9723 (0.9669)  loss_ddf_aux_2: 0.0130 (0.0135)  loss_mal_pre: 2.8066 (2.8877)  loss_bbox_pre: 0.2392 (0.2565)  loss_giou_pre: 0.3941 (0.3833)  loss_mal_enc_0: 2.1855 (2.1952)  loss_bbox_enc_0: 0.7519 (0.7633)  loss_giou_enc_0: 1.0150 (1.0298)  loss_mal_dn_0: 2.4844 (2.5146)  loss_bbox_dn_0: 0.4789 (0.4962)  loss_giou_dn_0: 0.5580 (0.5513)  loss_fgl_dn_0: 1.2337 (1.2646)  loss_ddf_dn_0: 1.0857 (1.1587)  loss_mal_dn_1: 1.9434 (1.9501)  loss_bbox_dn_1: 0.2442 (0.2620)  loss_giou_dn_1: 0.2885 (0.3161)  loss_fgl_dn_1: 1.0453 (1.0798)  loss_ddf_dn_1: 0.2115 (0.2092)  loss_mal_dn_2: 1.6289 (1.6393)  loss_bbox_dn_2: 0.1817 (0.2077)  loss_giou_dn_2: 0.2350 (0.2684)  loss_fgl_dn_2: 0.9873 (1.0229)  loss_ddf_dn_2: 0.0164 (0.0169)  loss_mal_dn_3: 1.7129 (1.7202)  loss_bbox_dn_3: 0.1645 (0.1938)  loss_giou_dn_3: 0.2200 (0.2594)  loss_fgl_dn_3: 0.9859 (1.0219)  loss_mal_dn_pre: 2.5410 (2.5696)  loss_bbox_dn_pre: 0.4943 (0.4987)  loss_giou_dn_pre: 0.5645 (0.5518)
Test:  [0/4]  eta: 0:00:01    time: 0.4165  data: 0.3744  max mem: 3583
Test:  [3/4]  eta: 0:00:00    time: 0.1318  data: 0.0959  max mem: 3583
Test: Total time: 0:00:00 (0.1559 s / it)
Averaged stats: 
Accumulating evaluation results...
COCOeval_opt.accumulate() finished...
DONE (t=0.00s).
IoU metric: bbox
 Average Precision  (AP) @[ IoU=0.50:0.95 | area=   all | maxDets=100 ] = 0.227
 Average Precision  (AP) @[ IoU=0.50      | area=   all | maxDets=100 ] = 0.274
 Average Precision  (AP) @[ IoU=0.75      | area=   all | maxDets=100 ] = 0.245
 Average Precision  (AP) @[ IoU=0.50:0.95 | area= small | maxDets=100 ] = -1.000
 Average Precision  (AP) @[ IoU=0.50:0.95 | area=medium | maxDets=100 ] = -1.000
 Average Precision  (AP) @[ IoU=0.50:0.95 | area= large | maxDets=100 ] = 0.227
 Average Recall     (AR) @[ IoU=0.50:0.95 | area=   all | maxDets=  1 ] = 0.660
 Average Recall     (AR) @[ IoU=0.50:0.95 | area=   all | maxDets= 10 ] = 0.860
 Average Recall     (AR) @[ IoU=0.50:0.95 | area=   all | maxDets=100 ] = 0.910
 Average Recall     (AR) @[ IoU=0.50:0.95 | area= small | maxDets=100 ] = -1.000
 Average Recall     (AR) @[ IoU=0.50:0.95 | area=medium | maxDets=100 ] = -1.000
 Average Recall     (AR) @[ IoU=0.50:0.95 | area= large | maxDets=100 ] = 0.910
 Average Recall     (AR) @[ IoU=0.50      | area=   all | maxDets=100 ] = 1.000
 Average Recall     (AR) @[ IoU=0.75      | area=   all | maxDets=100 ] = 0.933
best_stat: {'epoch': 71, 'coco_eval_bbox': 0.27423842521152}
Epoch: [74]  [0/8]  eta: 0:00:06  lr: 0.000002  loss: 46.4773 (46.4773)  loss_mal: 2.3730 (2.3730)  loss_bbox: 0.1918 (0.1918)  loss_giou: 0.2054 (0.2054)  loss_fgl: 0.9583 (0.9583)  loss_mal_aux_0: 2.7129 (2.7129)  loss_bbox_aux_0: 0.4624 (0.4624)  loss_giou_aux_0: 0.4784 (0.4784)  loss_fgl_aux_0: 1.2803 (1.2803)  loss_ddf_aux_0: 1.3802 (1.3802)  loss_mal_aux_1: 2.2266 (2.2266)  loss_bbox_aux_1: 0.2181 (0.2181)  loss_giou_aux_1: 0.2544 (0.2544)  loss_fgl_aux_1: 1.0394 (1.0394)  loss_ddf_aux_1: 0.2104 (0.2104)  loss_mal_aux_2: 2.1934 (2.1934)  loss_bbox_aux_2: 0.1863 (0.1863)  loss_giou_aux_2: 0.2041 (0.2041)  loss_fgl_aux_2: 0.9608 (0.9608)  loss_ddf_aux_2: 0.0133 (0.0133)  loss_mal_pre: 2.7930 (2.7930)  loss_bbox_pre: 0.4898 (0.4898)  loss_giou_pre: 0.4924 (0.4924)  loss_mal_enc_0: 2.4258 (2.4258)  loss_bbox_enc_0: 1.0659 (1.0659)  loss_giou_enc_0: 1.0175 (1.0175)  loss_mal_dn_0: 2.5254 (2.5254)  loss_bbox_dn_0: 0.6388 (0.6388)  loss_giou_dn_0: 0.5670 (0.5670)  loss_fgl_dn_0: 1.2198 (1.2198)  loss_ddf_dn_0: 1.1810 (1.1810)  loss_mal_dn_1: 1.9668 (1.9668)  loss_bbox_dn_1: 0.4189 (0.4189)  loss_giou_dn_1: 0.3591 (0.3591)  loss_fgl_dn_1: 1.0661 (1.0661)  loss_ddf_dn_1: 0.2207 (0.2207)  loss_mal_dn_2: 1.6357 (1.6357)  loss_bbox_dn_2: 0.3689 (0.3689)  loss_giou_dn_2: 0.3105 (0.3105)  loss_fgl_dn_2: 1.0146 (1.0146)  loss_ddf_dn_2: 0.0197 (0.0197)  loss_mal_dn_3: 1.6943 (1.6943)  loss_bbox_dn_3: 0.3400 (0.3400)  loss_giou_dn_3: 0.2984 (0.2984)  loss_fgl_dn_3: 1.0177 (1.0177)  loss_mal_dn_pre: 2.5664 (2.5664)  loss_bbox_dn_pre: 0.6420 (0.6420)  loss_giou_dn_pre: 0.5714 (0.5714)  time: 0.8638  data: 0.7078  max mem: 3583
Epoch: [74]  [7/8]  eta: 0:00:00  lr: 0.000002  loss: 41.7473 (42.8871)  loss_mal: 2.5117 (2.5295)  loss_bbox: 0.0801 (0.0981)  loss_giou: 0.1740 (0.1846)  loss_fgl: 0.8712 (0.8896)  loss_mal_aux_0: 2.7129 (2.8049)  loss_bbox_aux_0: 0.1542 (0.2133)  loss_giou_aux_0: 0.3148 (0.3553)  loss_fgl_aux_0: 1.0957 (1.1628)  loss_ddf_aux_0: 0.7695 (0.9882)  loss_mal_aux_1: 2.2266 (2.2526)  loss_bbox_aux_1: 0.0869 (0.1126)  loss_giou_aux_1: 0.1965 (0.2068)  loss_fgl_aux_1: 0.9025 (0.9345)  loss_ddf_aux_1: 0.1247 (0.1554)  loss_mal_aux_2: 2.3125 (2.3289)  loss_bbox_aux_2: 0.0829 (0.1000)  loss_giou_aux_2: 0.1745 (0.1872)  loss_fgl_aux_2: 0.8676 (0.8914)  loss_ddf_aux_2: 0.0126 (0.0125)  loss_mal_pre: 2.8105 (2.8594)  loss_bbox_pre: 0.1505 (0.2244)  loss_giou_pre: 0.3294 (0.3561)  loss_mal_enc_0: 2.2656 (2.2594)  loss_bbox_enc_0: 0.5881 (0.7045)  loss_giou_enc_0: 0.9908 (0.9886)  loss_mal_dn_0: 2.4688 (2.4946)  loss_bbox_dn_0: 0.3612 (0.4444)  loss_giou_dn_0: 0.5354 (0.5318)  loss_fgl_dn_0: 1.2198 (1.2334)  loss_ddf_dn_0: 1.1810 (1.2378)  loss_mal_dn_1: 1.8672 (1.8534)  loss_bbox_dn_1: 0.1485 (0.2106)  loss_giou_dn_1: 0.2738 (0.2822)  loss_fgl_dn_1: 1.0123 (1.0197)  loss_ddf_dn_1: 0.2210 (0.2195)  loss_mal_dn_2: 1.6211 (1.6107)  loss_bbox_dn_2: 0.1077 (0.1610)  loss_giou_dn_2: 0.2303 (0.2369)  loss_fgl_dn_2: 0.9376 (0.9584)  loss_ddf_dn_2: 0.0168 (0.0186)  loss_mal_dn_3: 1.6904 (1.7040)  loss_bbox_dn_3: 0.1086 (0.1501)  loss_giou_dn_3: 0.2304 (0.2303)  loss_fgl_dn_3: 0.9421 (0.9579)  loss_mal_dn_pre: 2.5293 (2.5476)  loss_bbox_dn_pre: 0.3686 (0.4483)  loss_giou_dn_pre: 0.5360 (0.5355)  time: 0.2550  data: 0.1173  max mem: 3583
Epoch: [74] Total time: 0:00:02 (0.2636 s / it)
Averaged stats: lr: 0.000002  loss: 41.7473 (42.8871)  loss_mal: 2.5117 (2.5295)  loss_bbox: 0.0801 (0.0981)  loss_giou: 0.1740 (0.1846)  loss_fgl: 0.8712 (0.8896)  loss_mal_aux_0: 2.7129 (2.8049)  loss_bbox_aux_0: 0.1542 (0.2133)  loss_giou_aux_0: 0.3148 (0.3553)  loss_fgl_aux_0: 1.0957 (1.1628)  loss_ddf_aux_0: 0.7695 (0.9882)  loss_mal_aux_1: 2.2266 (2.2526)  loss_bbox_aux_1: 0.0869 (0.1126)  loss_giou_aux_1: 0.1965 (0.2068)  loss_fgl_aux_1: 0.9025 (0.9345)  loss_ddf_aux_1: 0.1247 (0.1554)  loss_mal_aux_2: 2.3125 (2.3289)  loss_bbox_aux_2: 0.0829 (0.1000)  loss_giou_aux_2: 0.1745 (0.1872)  loss_fgl_aux_2: 0.8676 (0.8914)  loss_ddf_aux_2: 0.0126 (0.0125)  loss_mal_pre: 2.8105 (2.8594)  loss_bbox_pre: 0.1505 (0.2244)  loss_giou_pre: 0.3294 (0.3561)  loss_mal_enc_0: 2.2656 (2.2594)  loss_bbox_enc_0: 0.5881 (0.7045)  loss_giou_enc_0: 0.9908 (0.9886)  loss_mal_dn_0: 2.4688 (2.4946)  loss_bbox_dn_0: 0.3612 (0.4444)  loss_giou_dn_0: 0.5354 (0.5318)  loss_fgl_dn_0: 1.2198 (1.2334)  loss_ddf_dn_0: 1.1810 (1.2378)  loss_mal_dn_1: 1.8672 (1.8534)  loss_bbox_dn_1: 0.1485 (0.2106)  loss_giou_dn_1: 0.2738 (0.2822)  loss_fgl_dn_1: 1.0123 (1.0197)  loss_ddf_dn_1: 0.2210 (0.2195)  loss_mal_dn_2: 1.6211 (1.6107)  loss_bbox_dn_2: 0.1077 (0.1610)  loss_giou_dn_2: 0.2303 (0.2369)  loss_fgl_dn_2: 0.9376 (0.9584)  loss_ddf_dn_2: 0.0168 (0.0186)  loss_mal_dn_3: 1.6904 (1.7040)  loss_bbox_dn_3: 0.1086 (0.1501)  loss_giou_dn_3: 0.2304 (0.2303)  loss_fgl_dn_3: 0.9421 (0.9579)  loss_mal_dn_pre: 2.5293 (2.5476)  loss_bbox_dn_pre: 0.3686 (0.4483)  loss_giou_dn_pre: 0.5360 (0.5355)
Test:  [0/4]  eta: 0:00:01    time: 0.3802  data: 0.3365  max mem: 3583
Test:  [3/4]  eta: 0:00:00    time: 0.1197  data: 0.0860  max mem: 3583
Test: Total time: 0:00:00 (0.1415 s / it)
Averaged stats: 
Accumulating evaluation results...
COCOeval_opt.accumulate() finished...
DONE (t=0.00s).
IoU metric: bbox
 Average Precision  (AP) @[ IoU=0.50:0.95 | area=   all | maxDets=100 ] = 0.306
 Average Precision  (AP) @[ IoU=0.50      | area=   all | maxDets=100 ] = 0.370
 Average Precision  (AP) @[ IoU=0.75      | area=   all | maxDets=100 ] = 0.320
 Average Precision  (AP) @[ IoU=0.50:0.95 | area= small | maxDets=100 ] = -1.000
 Average Precision  (AP) @[ IoU=0.50:0.95 | area=medium | maxDets=100 ] = -1.000
 Average Precision  (AP) @[ IoU=0.50:0.95 | area= large | maxDets=100 ] = 0.306
 Average Recall     (AR) @[ IoU=0.50:0.95 | area=   all | maxDets=  1 ] = 0.633
 Average Recall     (AR) @[ IoU=0.50:0.95 | area=   all | maxDets= 10 ] = 0.887
 Average Recall     (AR) @[ IoU=0.50:0.95 | area=   all | maxDets=100 ] = 0.910
 Average Recall     (AR) @[ IoU=0.50:0.95 | area= small | maxDets=100 ] = -1.000
 Average Recall     (AR) @[ IoU=0.50:0.95 | area=medium | maxDets=100 ] = -1.000
 Average Recall     (AR) @[ IoU=0.50:0.95 | area= large | maxDets=100 ] = 0.910
 Average Recall     (AR) @[ IoU=0.50      | area=   all | maxDets=100 ] = 1.000
 Average Recall     (AR) @[ IoU=0.75      | area=   all | maxDets=100 ] = 0.933
best_stat: {'epoch': 74, 'coco_eval_bbox': 0.30596195887650673}
Epoch: [75]  [0/8]  eta: 0:00:11  lr: 0.000002  loss: 41.6564 (41.6564)  loss_mal: 2.2598 (2.2598)  loss_bbox: 0.0711 (0.0711)  loss_giou: 0.1549 (0.1549)  loss_fgl: 0.9268 (0.9268)  loss_mal_aux_0: 2.9648 (2.9648)  loss_bbox_aux_0: 0.1270 (0.1270)  loss_giou_aux_0: 0.2646 (0.2646)  loss_fgl_aux_0: 1.0788 (1.0788)  loss_ddf_aux_0: 1.1927 (1.1927)  loss_mal_aux_1: 1.9785 (1.9785)  loss_bbox_aux_1: 0.0709 (0.0709)  loss_giou_aux_1: 0.1622 (0.1622)  loss_fgl_aux_1: 0.9185 (0.9185)  loss_ddf_aux_1: 0.1541 (0.1541)  loss_mal_aux_2: 1.9941 (1.9941)  loss_bbox_aux_2: 0.0709 (0.0709)  loss_giou_aux_2: 0.1563 (0.1563)  loss_fgl_aux_2: 0.9276 (0.9276)  loss_ddf_aux_2: 0.0130 (0.0130)  loss_mal_pre: 3.0977 (3.0977)  loss_bbox_pre: 0.1234 (0.1234)  loss_giou_pre: 0.2558 (0.2558)  loss_mal_enc_0: 2.4668 (2.4668)  loss_bbox_enc_0: 0.4938 (0.4938)  loss_giou_enc_0: 0.9242 (0.9242)  loss_mal_dn_0: 2.6367 (2.6367)  loss_bbox_dn_0: 0.2580 (0.2580)  loss_giou_dn_0: 0.4560 (0.4560)  loss_fgl_dn_0: 1.1758 (1.1758)  loss_ddf_dn_0: 1.6466 (1.6466)  loss_mal_dn_1: 1.7715 (1.7715)  loss_bbox_dn_1: 0.1392 (0.1392)  loss_giou_dn_1: 0.2508 (0.2508)  loss_fgl_dn_1: 0.9910 (0.9910)  loss_ddf_dn_1: 0.2513 (0.2513)  loss_mal_dn_2: 1.5547 (1.5547)  loss_bbox_dn_2: 0.1164 (0.1164)  loss_giou_dn_2: 0.2196 (0.2196)  loss_fgl_dn_2: 0.9560 (0.9560)  loss_ddf_dn_2: 0.0204 (0.0204)  loss_mal_dn_3: 1.6729 (1.6729)  loss_bbox_dn_3: 0.1161 (0.1161)  loss_giou_dn_3: 0.2158 (0.2158)  loss_fgl_dn_3: 0.9500 (0.9500)  loss_mal_dn_pre: 2.6934 (2.6934)  loss_bbox_dn_pre: 0.2555 (0.2555)  loss_giou_dn_pre: 0.4607 (0.4607)  time: 1.4692  data: 1.2534  max mem: 3583
Epoch: [75]  [7/8]  eta: 0:00:00  lr: 0.000002  loss: 41.9054 (42.4771)  loss_mal: 2.3398 (2.4915)  loss_bbox: 0.0987 (0.1014)  loss_giou: 0.1549 (0.1764)  loss_fgl: 0.9268 (0.9288)  loss_mal_aux_0: 2.7520 (2.7751)  loss_bbox_aux_0: 0.1685 (0.1823)  loss_giou_aux_0: 0.2768 (0.3133)  loss_fgl_aux_0: 1.1533 (1.1696)  loss_ddf_aux_0: 0.7421 (0.8417)  loss_mal_aux_1: 2.2812 (2.3884)  loss_bbox_aux_1: 0.1033 (0.1063)  loss_giou_aux_1: 0.1710 (0.1893)  loss_fgl_aux_1: 0.9185 (0.9652)  loss_ddf_aux_1: 0.1163 (0.1203)  loss_mal_aux_2: 2.1895 (2.2781)  loss_bbox_aux_2: 0.0965 (0.1009)  loss_giou_aux_2: 0.1563 (0.1759)  loss_fgl_aux_2: 0.9276 (0.9311)  loss_ddf_aux_2: 0.0100 (0.0099)  loss_mal_pre: 2.8750 (2.8669)  loss_bbox_pre: 0.1785 (0.1855)  loss_giou_pre: 0.2558 (0.3156)  loss_mal_enc_0: 2.5586 (2.6108)  loss_bbox_enc_0: 0.5857 (0.6700)  loss_giou_enc_0: 0.8978 (0.9048)  loss_mal_dn_0: 2.5176 (2.5115)  loss_bbox_dn_0: 0.3062 (0.3910)  loss_giou_dn_0: 0.4707 (0.5023)  loss_fgl_dn_0: 1.2218 (1.2384)  loss_ddf_dn_0: 1.0776 (1.1833)  loss_mal_dn_1: 1.7285 (1.7467)  loss_bbox_dn_1: 0.1590 (0.1819)  loss_giou_dn_1: 0.2217 (0.2774)  loss_fgl_dn_1: 0.9843 (1.0237)  loss_ddf_dn_1: 0.1806 (0.1932)  loss_mal_dn_2: 1.5547 (1.5719)  loss_bbox_dn_2: 0.1278 (0.1432)  loss_giou_dn_2: 0.1981 (0.2367)  loss_fgl_dn_2: 0.9338 (0.9704)  loss_ddf_dn_2: 0.0173 (0.0172)  loss_mal_dn_3: 1.6729 (1.6719)  loss_bbox_dn_3: 0.1269 (0.1402)  loss_giou_dn_3: 0.1955 (0.2331)  loss_fgl_dn_3: 0.9312 (0.9703)  loss_mal_dn_pre: 2.5996 (2.5796)  loss_bbox_dn_pre: 0.3104 (0.3919)  loss_giou_dn_pre: 0.4724 (0.5022)  time: 0.3043  data: 0.1582  max mem: 3583
Epoch: [75] Total time: 0:00:02 (0.3133 s / it)
Averaged stats: lr: 0.000002  loss: 41.9054 (42.4771)  loss_mal: 2.3398 (2.4915)  loss_bbox: 0.0987 (0.1014)  loss_giou: 0.1549 (0.1764)  loss_fgl: 0.9268 (0.9288)  loss_mal_aux_0: 2.7520 (2.7751)  loss_bbox_aux_0: 0.1685 (0.1823)  loss_giou_aux_0: 0.2768 (0.3133)  loss_fgl_aux_0: 1.1533 (1.1696)  loss_ddf_aux_0: 0.7421 (0.8417)  loss_mal_aux_1: 2.2812 (2.3884)  loss_bbox_aux_1: 0.1033 (0.1063)  loss_giou_aux_1: 0.1710 (0.1893)  loss_fgl_aux_1: 0.9185 (0.9652)  loss_ddf_aux_1: 0.1163 (0.1203)  loss_mal_aux_2: 2.1895 (2.2781)  loss_bbox_aux_2: 0.0965 (0.1009)  loss_giou_aux_2: 0.1563 (0.1759)  loss_fgl_aux_2: 0.9276 (0.9311)  loss_ddf_aux_2: 0.0100 (0.0099)  loss_mal_pre: 2.8750 (2.8669)  loss_bbox_pre: 0.1785 (0.1855)  loss_giou_pre: 0.2558 (0.3156)  loss_mal_enc_0: 2.5586 (2.6108)  loss_bbox_enc_0: 0.5857 (0.6700)  loss_giou_enc_0: 0.8978 (0.9048)  loss_mal_dn_0: 2.5176 (2.5115)  loss_bbox_dn_0: 0.3062 (0.3910)  loss_giou_dn_0: 0.4707 (0.5023)  loss_fgl_dn_0: 1.2218 (1.2384)  loss_ddf_dn_0: 1.0776 (1.1833)  loss_mal_dn_1: 1.7285 (1.7467)  loss_bbox_dn_1: 0.1590 (0.1819)  loss_giou_dn_1: 0.2217 (0.2774)  loss_fgl_dn_1: 0.9843 (1.0237)  loss_ddf_dn_1: 0.1806 (0.1932)  loss_mal_dn_2: 1.5547 (1.5719)  loss_bbox_dn_2: 0.1278 (0.1432)  loss_giou_dn_2: 0.1981 (0.2367)  loss_fgl_dn_2: 0.9338 (0.9704)  loss_ddf_dn_2: 0.0173 (0.0172)  loss_mal_dn_3: 1.6729 (1.6719)  loss_bbox_dn_3: 0.1269 (0.1402)  loss_giou_dn_3: 0.1955 (0.2331)  loss_fgl_dn_3: 0.9312 (0.9703)  loss_mal_dn_pre: 2.5996 (2.5796)  loss_bbox_dn_pre: 0.3104 (0.3919)  loss_giou_dn_pre: 0.4724 (0.5022)
Test:  [0/4]  eta: 0:00:01    time: 0.3888  data: 0.3499  max mem: 3583
Test:  [3/4]  eta: 0:00:00    time: 0.1225  data: 0.0894  max mem: 3583
Test: Total time: 0:00:00 (0.1421 s / it)
Averaged stats: 
Accumulating evaluation results...
COCOeval_opt.accumulate() finished...
DONE (t=0.00s).
IoU metric: bbox
 Average Precision  (AP) @[ IoU=0.50:0.95 | area=   all | maxDets=100 ] = 0.375
 Average Precision  (AP) @[ IoU=0.50      | area=   all | maxDets=100 ] = 0.445
 Average Precision  (AP) @[ IoU=0.75      | area=   all | maxDets=100 ] = 0.402
 Average Precision  (AP) @[ IoU=0.50:0.95 | area= small | maxDets=100 ] = -1.000
 Average Precision  (AP) @[ IoU=0.50:0.95 | area=medium | maxDets=100 ] = -1.000
 Average Precision  (AP) @[ IoU=0.50:0.95 | area= large | maxDets=100 ] = 0.375
 Average Recall     (AR) @[ IoU=0.50:0.95 | area=   all | maxDets=  1 ] = 0.670
 Average Recall     (AR) @[ IoU=0.50:0.95 | area=   all | maxDets= 10 ] = 0.850
 Average Recall     (AR) @[ IoU=0.50:0.95 | area=   all | maxDets=100 ] = 0.903
 Average Recall     (AR) @[ IoU=0.50:0.95 | area= small | maxDets=100 ] = -1.000
 Average Recall     (AR) @[ IoU=0.50:0.95 | area=medium | maxDets=100 ] = -1.000
 Average Recall     (AR) @[ IoU=0.50:0.95 | area= large | maxDets=100 ] = 0.903
 Average Recall     (AR) @[ IoU=0.50      | area=   all | maxDets=100 ] = 1.000
 Average Recall     (AR) @[ IoU=0.75      | area=   all | maxDets=100 ] = 0.933
best_stat: {'epoch': 75, 'coco_eval_bbox': 0.3749262415283001}
Epoch: [76]  [0/8]  eta: 0:00:07  lr: 0.000002  loss: 45.7551 (45.7551)  loss_mal: 2.2559 (2.2559)  loss_bbox: 0.2577 (0.2577)  loss_giou: 0.2277 (0.2277)  loss_fgl: 1.1742 (1.1742)  loss_mal_aux_0: 2.9961 (2.9961)  loss_bbox_aux_0: 0.2964 (0.2964)  loss_giou_aux_0: 0.2950 (0.2950)  loss_fgl_aux_0: 1.2644 (1.2644)  loss_ddf_aux_0: 0.8629 (0.8629)  loss_mal_aux_1: 2.0586 (2.0586)  loss_bbox_aux_1: 0.2685 (0.2685)  loss_giou_aux_1: 0.2471 (0.2471)  loss_fgl_aux_1: 1.2381 (1.2381)  loss_ddf_aux_1: 0.1289 (0.1289)  loss_mal_aux_2: 2.0742 (2.0742)  loss_bbox_aux_2: 0.2583 (0.2583)  loss_giou_aux_2: 0.2273 (0.2273)  loss_fgl_aux_2: 1.1685 (1.1685)  loss_ddf_aux_2: 0.0095 (0.0095)  loss_mal_pre: 3.0684 (3.0684)  loss_bbox_pre: 0.3035 (0.3035)  loss_giou_pre: 0.2952 (0.2952)  loss_mal_enc_0: 2.5176 (2.5176)  loss_bbox_enc_0: 0.8311 (0.8311)  loss_giou_enc_0: 0.8657 (0.8657)  loss_mal_dn_0: 2.1973 (2.1973)  loss_bbox_dn_0: 0.7295 (0.7295)  loss_giou_dn_0: 0.6982 (0.6982)  loss_fgl_dn_0: 1.2163 (1.2163)  loss_ddf_dn_0: 1.3971 (1.3971)  loss_mal_dn_1: 1.7354 (1.7354)  loss_bbox_dn_1: 0.4464 (0.4464)  loss_giou_dn_1: 0.4220 (0.4220)  loss_fgl_dn_1: 1.1007 (1.1007)  loss_ddf_dn_1: 0.2641 (0.2641)  loss_mal_dn_2: 1.5879 (1.5879)  loss_bbox_dn_2: 0.3576 (0.3576)  loss_giou_dn_2: 0.3336 (0.3336)  loss_fgl_dn_2: 1.0380 (1.0380)  loss_ddf_dn_2: 0.0214 (0.0214)  loss_mal_dn_3: 1.6191 (1.6191)  loss_bbox_dn_3: 0.3513 (0.3513)  loss_giou_dn_3: 0.3276 (0.3276)  loss_fgl_dn_3: 1.0440 (1.0440)  loss_mal_dn_pre: 2.2285 (2.2285)  loss_bbox_dn_pre: 0.7455 (0.7455)  loss_giou_dn_pre: 0.7029 (0.7029)  time: 0.9981  data: 0.8109  max mem: 3583
Epoch: [76]  [7/8]  eta: 0:00:00  lr: 0.000002  loss: 42.6866 (43.8098)  loss_mal: 2.2930 (2.4561)  loss_bbox: 0.1186 (0.1970)  loss_giou: 0.1329 (0.1976)  loss_fgl: 0.9140 (0.9407)  loss_mal_aux_0: 2.8438 (2.9202)  loss_bbox_aux_0: 0.2072 (0.2737)  loss_giou_aux_0: 0.2500 (0.2855)  loss_fgl_aux_0: 1.0544 (1.1126)  loss_ddf_aux_0: 0.7002 (0.7206)  loss_mal_aux_1: 2.1855 (2.5278)  loss_bbox_aux_1: 0.1168 (0.2017)  loss_giou_aux_1: 0.1425 (0.2078)  loss_fgl_aux_1: 0.9315 (0.9833)  loss_ddf_aux_1: 0.1106 (0.1041)  loss_mal_aux_2: 2.0742 (2.2024)  loss_bbox_aux_2: 0.1177 (0.1942)  loss_giou_aux_2: 0.1335 (0.1951)  loss_fgl_aux_2: 0.9199 (0.9406)  loss_ddf_aux_2: 0.0077 (0.0082)  loss_mal_pre: 2.9629 (2.9846)  loss_bbox_pre: 0.1980 (0.2747)  loss_giou_pre: 0.2581 (0.2884)  loss_mal_enc_0: 2.4043 (2.3970)  loss_bbox_enc_0: 0.8311 (0.9000)  loss_giou_enc_0: 0.8657 (0.9122)  loss_mal_dn_0: 2.3652 (2.3481)  loss_bbox_dn_0: 0.5813 (0.6471)  loss_giou_dn_0: 0.5541 (0.5844)  loss_fgl_dn_0: 1.1913 (1.2155)  loss_ddf_dn_0: 1.0469 (1.1376)  loss_mal_dn_1: 1.6836 (1.6935)  loss_bbox_dn_1: 0.2445 (0.3247)  loss_giou_dn_1: 0.2769 (0.3235)  loss_fgl_dn_1: 1.0340 (1.0342)  loss_ddf_dn_1: 0.1766 (0.1880)  loss_mal_dn_2: 1.5557 (1.5863)  loss_bbox_dn_2: 0.1766 (0.2580)  loss_giou_dn_2: 0.2061 (0.2655)  loss_fgl_dn_2: 0.9596 (0.9687)  loss_ddf_dn_2: 0.0142 (0.0146)  loss_mal_dn_3: 1.6230 (1.6573)  loss_bbox_dn_3: 0.1728 (0.2539)  loss_giou_dn_3: 0.2021 (0.2616)  loss_fgl_dn_3: 0.9557 (0.9700)  loss_mal_dn_pre: 2.4316 (2.4033)  loss_bbox_dn_pre: 0.5960 (0.6600)  loss_giou_dn_pre: 0.5599 (0.5880)  time: 0.2435  data: 0.1045  max mem: 3583
Epoch: [76] Total time: 0:00:02 (0.2518 s / it)
Averaged stats: lr: 0.000002  loss: 42.6866 (43.8098)  loss_mal: 2.2930 (2.4561)  loss_bbox: 0.1186 (0.1970)  loss_giou: 0.1329 (0.1976)  loss_fgl: 0.9140 (0.9407)  loss_mal_aux_0: 2.8438 (2.9202)  loss_bbox_aux_0: 0.2072 (0.2737)  loss_giou_aux_0: 0.2500 (0.2855)  loss_fgl_aux_0: 1.0544 (1.1126)  loss_ddf_aux_0: 0.7002 (0.7206)  loss_mal_aux_1: 2.1855 (2.5278)  loss_bbox_aux_1: 0.1168 (0.2017)  loss_giou_aux_1: 0.1425 (0.2078)  loss_fgl_aux_1: 0.9315 (0.9833)  loss_ddf_aux_1: 0.1106 (0.1041)  loss_mal_aux_2: 2.0742 (2.2024)  loss_bbox_aux_2: 0.1177 (0.1942)  loss_giou_aux_2: 0.1335 (0.1951)  loss_fgl_aux_2: 0.9199 (0.9406)  loss_ddf_aux_2: 0.0077 (0.0082)  loss_mal_pre: 2.9629 (2.9846)  loss_bbox_pre: 0.1980 (0.2747)  loss_giou_pre: 0.2581 (0.2884)  loss_mal_enc_0: 2.4043 (2.3970)  loss_bbox_enc_0: 0.8311 (0.9000)  loss_giou_enc_0: 0.8657 (0.9122)  loss_mal_dn_0: 2.3652 (2.3481)  loss_bbox_dn_0: 0.5813 (0.6471)  loss_giou_dn_0: 0.5541 (0.5844)  loss_fgl_dn_0: 1.1913 (1.2155)  loss_ddf_dn_0: 1.0469 (1.1376)  loss_mal_dn_1: 1.6836 (1.6935)  loss_bbox_dn_1: 0.2445 (0.3247)  loss_giou_dn_1: 0.2769 (0.3235)  loss_fgl_dn_1: 1.0340 (1.0342)  loss_ddf_dn_1: 0.1766 (0.1880)  loss_mal_dn_2: 1.5557 (1.5863)  loss_bbox_dn_2: 0.1766 (0.2580)  loss_giou_dn_2: 0.2061 (0.2655)  loss_fgl_dn_2: 0.9596 (0.9687)  loss_ddf_dn_2: 0.0142 (0.0146)  loss_mal_dn_3: 1.6230 (1.6573)  loss_bbox_dn_3: 0.1728 (0.2539)  loss_giou_dn_3: 0.2021 (0.2616)  loss_fgl_dn_3: 0.9557 (0.9700)  loss_mal_dn_pre: 2.4316 (2.4033)  loss_bbox_dn_pre: 0.5960 (0.6600)  loss_giou_dn_pre: 0.5599 (0.5880)
Test:  [0/4]  eta: 0:00:01    time: 0.3946  data: 0.3545  max mem: 3583
Test:  [3/4]  eta: 0:00:00    time: 0.1697  data: 0.0908  max mem: 3583
Test: Total time: 0:00:00 (0.1911 s / it)
Averaged stats: 
Accumulating evaluation results...
COCOeval_opt.accumulate() finished...
DONE (t=0.00s).
IoU metric: bbox
 Average Precision  (AP) @[ IoU=0.50:0.95 | area=   all | maxDets=100 ] = 0.320
 Average Precision  (AP) @[ IoU=0.50      | area=   all | maxDets=100 ] = 0.389
 Average Precision  (AP) @[ IoU=0.75      | area=   all | maxDets=100 ] = 0.337
 Average Precision  (AP) @[ IoU=0.50:0.95 | area= small | maxDets=100 ] = -1.000
 Average Precision  (AP) @[ IoU=0.50:0.95 | area=medium | maxDets=100 ] = -1.000
 Average Precision  (AP) @[ IoU=0.50:0.95 | area= large | maxDets=100 ] = 0.320
 Average Recall     (AR) @[ IoU=0.50:0.95 | area=   all | maxDets=  1 ] = 0.637
 Average Recall     (AR) @[ IoU=0.50:0.95 | area=   all | maxDets= 10 ] = 0.887
 Average Recall     (AR) @[ IoU=0.50:0.95 | area=   all | maxDets=100 ] = 0.903
 Average Recall     (AR) @[ IoU=0.50:0.95 | area= small | maxDets=100 ] = -1.000
 Average Recall     (AR) @[ IoU=0.50:0.95 | area=medium | maxDets=100 ] = -1.000
 Average Recall     (AR) @[ IoU=0.50:0.95 | area= large | maxDets=100 ] = 0.903
 Average Recall     (AR) @[ IoU=0.50      | area=   all | maxDets=100 ] = 1.000
 Average Recall     (AR) @[ IoU=0.75      | area=   all | maxDets=100 ] = 0.933
best_stat: {'epoch': 75, 'coco_eval_bbox': 0.3749262415283001}
Epoch: [77]  [0/8]  eta: 0:00:07  lr: 0.000002  loss: 44.2510 (44.2510)  loss_mal: 2.1992 (2.1992)  loss_bbox: 0.1954 (0.1954)  loss_giou: 0.2127 (0.2127)  loss_fgl: 1.0788 (1.0788)  loss_mal_aux_0: 3.0332 (3.0332)  loss_bbox_aux_0: 0.2539 (0.2539)  loss_giou_aux_0: 0.3092 (0.3092)  loss_fgl_aux_0: 1.1673 (1.1673)  loss_ddf_aux_0: 0.8150 (0.8150)  loss_mal_aux_1: 2.0566 (2.0566)  loss_bbox_aux_1: 0.2012 (0.2012)  loss_giou_aux_1: 0.2299 (0.2299)  loss_fgl_aux_1: 1.1010 (1.1010)  loss_ddf_aux_1: 0.1037 (0.1037)  loss_mal_aux_2: 2.0098 (2.0098)  loss_bbox_aux_2: 0.1971 (0.1971)  loss_giou_aux_2: 0.2147 (0.2147)  loss_fgl_aux_2: 1.0840 (1.0840)  loss_ddf_aux_2: 0.0083 (0.0083)  loss_mal_pre: 3.0898 (3.0898)  loss_bbox_pre: 0.2727 (0.2727)  loss_giou_pre: 0.3309 (0.3309)  loss_mal_enc_0: 2.5859 (2.5859)  loss_bbox_enc_0: 0.8228 (0.8228)  loss_giou_enc_0: 0.9335 (0.9335)  loss_mal_dn_0: 2.3418 (2.3418)  loss_bbox_dn_0: 0.6015 (0.6015)  loss_giou_dn_0: 0.5968 (0.5968)  loss_fgl_dn_0: 1.2045 (1.2045)  loss_ddf_dn_0: 1.2668 (1.2668)  loss_mal_dn_1: 1.7324 (1.7324)  loss_bbox_dn_1: 0.3106 (0.3106)  loss_giou_dn_1: 0.3335 (0.3335)  loss_fgl_dn_1: 1.1319 (1.1319)  loss_ddf_dn_1: 0.2075 (0.2075)  loss_mal_dn_2: 1.5928 (1.5928)  loss_bbox_dn_2: 0.2480 (0.2480)  loss_giou_dn_2: 0.2703 (0.2703)  loss_fgl_dn_2: 1.0523 (1.0523)  loss_ddf_dn_2: 0.0146 (0.0146)  loss_mal_dn_3: 1.6738 (1.6738)  loss_bbox_dn_3: 0.2434 (0.2434)  loss_giou_dn_3: 0.2629 (0.2629)  loss_fgl_dn_3: 1.0488 (1.0488)  loss_mal_dn_pre: 2.3926 (2.3926)  loss_bbox_dn_pre: 0.6154 (0.6154)  loss_giou_dn_pre: 0.6021 (0.6021)  time: 0.9298  data: 0.7624  max mem: 3583
Epoch: [77]  [7/8]  eta: 0:00:00  lr: 0.000002  loss: 40.3716 (41.2720)  loss_mal: 2.1621 (2.2822)  loss_bbox: 0.0721 (0.1189)  loss_giou: 0.2090 (0.2080)  loss_fgl: 0.8704 (0.9240)  loss_mal_aux_0: 2.6484 (2.7102)  loss_bbox_aux_0: 0.1291 (0.1843)  loss_giou_aux_0: 0.2841 (0.3029)  loss_fgl_aux_0: 1.1049 (1.0965)  loss_ddf_aux_0: 0.5608 (0.6058)  loss_mal_aux_1: 2.1621 (2.4822)  loss_bbox_aux_1: 0.0805 (0.1258)  loss_giou_aux_1: 0.2034 (0.2180)  loss_fgl_aux_1: 0.8746 (0.9392)  loss_ddf_aux_1: 0.0723 (0.0860)  loss_mal_aux_2: 2.0137 (2.1273)  loss_bbox_aux_2: 0.0738 (0.1192)  loss_giou_aux_2: 0.2110 (0.2084)  loss_fgl_aux_2: 0.8791 (0.9267)  loss_ddf_aux_2: 0.0077 (0.0078)  loss_mal_pre: 2.7578 (2.7915)  loss_bbox_pre: 0.1357 (0.1905)  loss_giou_pre: 0.2958 (0.3070)  loss_mal_enc_0: 2.4219 (2.4465)  loss_bbox_enc_0: 0.5887 (0.6740)  loss_giou_enc_0: 0.8558 (0.8985)  loss_mal_dn_0: 2.3438 (2.4048)  loss_bbox_dn_0: 0.3296 (0.4492)  loss_giou_dn_0: 0.4870 (0.5205)  loss_fgl_dn_0: 1.2045 (1.2154)  loss_ddf_dn_0: 1.0938 (1.0524)  loss_mal_dn_1: 1.5889 (1.5997)  loss_bbox_dn_1: 0.1356 (0.2106)  loss_giou_dn_1: 0.2736 (0.2905)  loss_fgl_dn_1: 0.9939 (1.0180)  loss_ddf_dn_1: 0.1558 (0.1636)  loss_mal_dn_2: 1.4570 (1.5111)  loss_bbox_dn_2: 0.1148 (0.1667)  loss_giou_dn_2: 0.2641 (0.2535)  loss_fgl_dn_2: 0.9624 (0.9679)  loss_ddf_dn_2: 0.0135 (0.0129)  loss_mal_dn_3: 1.6504 (1.6219)  loss_bbox_dn_3: 0.1137 (0.1595)  loss_giou_dn_3: 0.2594 (0.2474)  loss_fgl_dn_3: 0.9602 (0.9668)  loss_mal_dn_pre: 2.4219 (2.4714)  loss_bbox_dn_pre: 0.3413 (0.4626)  loss_giou_dn_pre: 0.4973 (0.5238)  time: 0.2857  data: 0.1471  max mem: 3583
Epoch: [77] Total time: 0:00:02 (0.2953 s / it)
Averaged stats: lr: 0.000002  loss: 40.3716 (41.2720)  loss_mal: 2.1621 (2.2822)  loss_bbox: 0.0721 (0.1189)  loss_giou: 0.2090 (0.2080)  loss_fgl: 0.8704 (0.9240)  loss_mal_aux_0: 2.6484 (2.7102)  loss_bbox_aux_0: 0.1291 (0.1843)  loss_giou_aux_0: 0.2841 (0.3029)  loss_fgl_aux_0: 1.1049 (1.0965)  loss_ddf_aux_0: 0.5608 (0.6058)  loss_mal_aux_1: 2.1621 (2.4822)  loss_bbox_aux_1: 0.0805 (0.1258)  loss_giou_aux_1: 0.2034 (0.2180)  loss_fgl_aux_1: 0.8746 (0.9392)  loss_ddf_aux_1: 0.0723 (0.0860)  loss_mal_aux_2: 2.0137 (2.1273)  loss_bbox_aux_2: 0.0738 (0.1192)  loss_giou_aux_2: 0.2110 (0.2084)  loss_fgl_aux_2: 0.8791 (0.9267)  loss_ddf_aux_2: 0.0077 (0.0078)  loss_mal_pre: 2.7578 (2.7915)  loss_bbox_pre: 0.1357 (0.1905)  loss_giou_pre: 0.2958 (0.3070)  loss_mal_enc_0: 2.4219 (2.4465)  loss_bbox_enc_0: 0.5887 (0.6740)  loss_giou_enc_0: 0.8558 (0.8985)  loss_mal_dn_0: 2.3438 (2.4048)  loss_bbox_dn_0: 0.3296 (0.4492)  loss_giou_dn_0: 0.4870 (0.5205)  loss_fgl_dn_0: 1.2045 (1.2154)  loss_ddf_dn_0: 1.0938 (1.0524)  loss_mal_dn_1: 1.5889 (1.5997)  loss_bbox_dn_1: 0.1356 (0.2106)  loss_giou_dn_1: 0.2736 (0.2905)  loss_fgl_dn_1: 0.9939 (1.0180)  loss_ddf_dn_1: 0.1558 (0.1636)  loss_mal_dn_2: 1.4570 (1.5111)  loss_bbox_dn_2: 0.1148 (0.1667)  loss_giou_dn_2: 0.2641 (0.2535)  loss_fgl_dn_2: 0.9624 (0.9679)  loss_ddf_dn_2: 0.0135 (0.0129)  loss_mal_dn_3: 1.6504 (1.6219)  loss_bbox_dn_3: 0.1137 (0.1595)  loss_giou_dn_3: 0.2594 (0.2474)  loss_fgl_dn_3: 0.9602 (0.9668)  loss_mal_dn_pre: 2.4219 (2.4714)  loss_bbox_dn_pre: 0.3413 (0.4626)  loss_giou_dn_pre: 0.4973 (0.5238)
Test:  [0/4]  eta: 0:00:01    time: 0.3924  data: 0.3541  max mem: 3583
Test:  [3/4]  eta: 0:00:00    time: 0.1270  data: 0.0907  max mem: 3583
Test: Total time: 0:00:00 (0.1514 s / it)
Averaged stats: 
Accumulating evaluation results...
COCOeval_opt.accumulate() finished...
DONE (t=0.00s).
IoU metric: bbox
 Average Precision  (AP) @[ IoU=0.50:0.95 | area=   all | maxDets=100 ] = 0.390
 Average Precision  (AP) @[ IoU=0.50      | area=   all | maxDets=100 ] = 0.475
 Average Precision  (AP) @[ IoU=0.75      | area=   all | maxDets=100 ] = 0.424
 Average Precision  (AP) @[ IoU=0.50:0.95 | area= small | maxDets=100 ] = -1.000
 Average Precision  (AP) @[ IoU=0.50:0.95 | area=medium | maxDets=100 ] = -1.000
 Average Precision  (AP) @[ IoU=0.50:0.95 | area= large | maxDets=100 ] = 0.390
 Average Recall     (AR) @[ IoU=0.50:0.95 | area=   all | maxDets=  1 ] = 0.637
 Average Recall     (AR) @[ IoU=0.50:0.95 | area=   all | maxDets= 10 ] = 0.883
 Average Recall     (AR) @[ IoU=0.50:0.95 | area=   all | maxDets=100 ] = 0.913
 Average Recall     (AR) @[ IoU=0.50:0.95 | area= small | maxDets=100 ] = -1.000
 Average Recall     (AR) @[ IoU=0.50:0.95 | area=medium | maxDets=100 ] = -1.000
 Average Recall     (AR) @[ IoU=0.50:0.95 | area= large | maxDets=100 ] = 0.913
 Average Recall     (AR) @[ IoU=0.50      | area=   all | maxDets=100 ] = 1.000
 Average Recall     (AR) @[ IoU=0.75      | area=   all | maxDets=100 ] = 0.933
best_stat: {'epoch': 77, 'coco_eval_bbox': 0.38996565203263933}
Epoch: [78]  [0/8]  eta: 0:00:07  lr: 0.000002  loss: 47.8994 (47.8994)  loss_mal: 2.2617 (2.2617)  loss_bbox: 0.5550 (0.5550)  loss_giou: 0.3106 (0.3106)  loss_fgl: 1.0471 (1.0471)  loss_mal_aux_0: 2.5469 (2.5469)  loss_bbox_aux_0: 0.6679 (0.6679)  loss_giou_aux_0: 0.4311 (0.4311)  loss_fgl_aux_0: 1.2496 (1.2496)  loss_ddf_aux_0: 0.8860 (0.8860)  loss_mal_aux_1: 2.1035 (2.1035)  loss_bbox_aux_1: 0.5563 (0.5563)  loss_giou_aux_1: 0.3342 (0.3342)  loss_fgl_aux_1: 1.1175 (1.1175)  loss_ddf_aux_1: 0.1357 (0.1357)  loss_mal_aux_2: 2.0918 (2.0918)  loss_bbox_aux_2: 0.5545 (0.5545)  loss_giou_aux_2: 0.3119 (0.3119)  loss_fgl_aux_2: 1.0467 (1.0467)  loss_ddf_aux_2: 0.0097 (0.0097)  loss_mal_pre: 2.6406 (2.6406)  loss_bbox_pre: 0.6549 (0.6549)  loss_giou_pre: 0.4382 (0.4382)  loss_mal_enc_0: 2.2656 (2.2656)  loss_bbox_enc_0: 1.2634 (1.2634)  loss_giou_enc_0: 0.9909 (0.9909)  loss_mal_dn_0: 2.1348 (2.1348)  loss_bbox_dn_0: 1.0470 (1.0470)  loss_giou_dn_0: 0.6923 (0.6923)  loss_fgl_dn_0: 1.1711 (1.1711)  loss_ddf_dn_0: 0.9724 (0.9724)  loss_mal_dn_1: 1.6045 (1.6045)  loss_bbox_dn_1: 0.7753 (0.7753)  loss_giou_dn_1: 0.4799 (0.4799)  loss_fgl_dn_1: 1.0941 (1.0941)  loss_ddf_dn_1: 0.1670 (0.1670)  loss_mal_dn_2: 1.4521 (1.4521)  loss_bbox_dn_2: 0.7324 (0.7324)  loss_giou_dn_2: 0.4343 (0.4343)  loss_fgl_dn_2: 1.0144 (1.0144)  loss_ddf_dn_2: 0.0169 (0.0169)  loss_mal_dn_3: 1.5400 (1.5400)  loss_bbox_dn_3: 0.7329 (0.7329)  loss_giou_dn_3: 0.4304 (0.4304)  loss_fgl_dn_3: 1.0134 (1.0134)  loss_mal_dn_pre: 2.2031 (2.2031)  loss_bbox_dn_pre: 1.0358 (1.0358)  loss_giou_dn_pre: 0.6835 (0.6835)  time: 0.9745  data: 0.7535  max mem: 3583
Epoch: [78]  [7/8]  eta: 0:00:00  lr: 0.000002  loss: 40.0018 (42.0337)  loss_mal: 2.1094 (2.1177)  loss_bbox: 0.0905 (0.1942)  loss_giou: 0.1879 (0.2149)  loss_fgl: 0.9057 (0.9766)  loss_mal_aux_0: 2.6328 (2.6724)  loss_bbox_aux_0: 0.1984 (0.2788)  loss_giou_aux_0: 0.3198 (0.3301)  loss_fgl_aux_0: 1.1593 (1.1633)  loss_ddf_aux_0: 0.8309 (0.8442)  loss_mal_aux_1: 2.1035 (2.0905)  loss_bbox_aux_1: 0.0975 (0.2025)  loss_giou_aux_1: 0.1912 (0.2330)  loss_fgl_aux_1: 0.9663 (1.0152)  loss_ddf_aux_1: 0.1100 (0.1134)  loss_mal_aux_2: 1.8311 (1.9078)  loss_bbox_aux_2: 0.0905 (0.1962)  loss_giou_aux_2: 0.1818 (0.2186)  loss_fgl_aux_2: 0.8990 (0.9723)  loss_ddf_aux_2: 0.0080 (0.0080)  loss_mal_pre: 2.6934 (2.7444)  loss_bbox_pre: 0.1778 (0.2763)  loss_giou_pre: 0.3309 (0.3325)  loss_mal_enc_0: 2.2656 (2.2717)  loss_bbox_enc_0: 0.6298 (0.7696)  loss_giou_enc_0: 0.9449 (0.9342)  loss_mal_dn_0: 2.3027 (2.3691)  loss_bbox_dn_0: 0.3606 (0.5013)  loss_giou_dn_0: 0.5373 (0.5394)  loss_fgl_dn_0: 1.2199 (1.2323)  loss_ddf_dn_0: 1.2735 (1.2304)  loss_mal_dn_1: 1.5684 (1.5765)  loss_bbox_dn_1: 0.1955 (0.3158)  loss_giou_dn_1: 0.2801 (0.3246)  loss_fgl_dn_1: 1.0309 (1.0403)  loss_ddf_dn_1: 0.1670 (0.1796)  loss_mal_dn_2: 1.4570 (1.4633)  loss_bbox_dn_2: 0.1638 (0.2798)  loss_giou_dn_2: 0.2391 (0.2871)  loss_fgl_dn_2: 0.9713 (0.9840)  loss_ddf_dn_2: 0.0152 (0.0148)  loss_mal_dn_3: 1.5859 (1.5823)  loss_bbox_dn_3: 0.1588 (0.2764)  loss_giou_dn_3: 0.2332 (0.2829)  loss_fgl_dn_3: 0.9697 (0.9854)  loss_mal_dn_pre: 2.3613 (2.4470)  loss_bbox_dn_pre: 0.3593 (0.5045)  loss_giou_dn_pre: 0.5306 (0.5387)  time: 0.2694  data: 0.0987  max mem: 3583
Epoch: [78] Total time: 0:00:02 (0.2777 s / it)
Averaged stats: lr: 0.000002  loss: 40.0018 (42.0337)  loss_mal: 2.1094 (2.1177)  loss_bbox: 0.0905 (0.1942)  loss_giou: 0.1879 (0.2149)  loss_fgl: 0.9057 (0.9766)  loss_mal_aux_0: 2.6328 (2.6724)  loss_bbox_aux_0: 0.1984 (0.2788)  loss_giou_aux_0: 0.3198 (0.3301)  loss_fgl_aux_0: 1.1593 (1.1633)  loss_ddf_aux_0: 0.8309 (0.8442)  loss_mal_aux_1: 2.1035 (2.0905)  loss_bbox_aux_1: 0.0975 (0.2025)  loss_giou_aux_1: 0.1912 (0.2330)  loss_fgl_aux_1: 0.9663 (1.0152)  loss_ddf_aux_1: 0.1100 (0.1134)  loss_mal_aux_2: 1.8311 (1.9078)  loss_bbox_aux_2: 0.0905 (0.1962)  loss_giou_aux_2: 0.1818 (0.2186)  loss_fgl_aux_2: 0.8990 (0.9723)  loss_ddf_aux_2: 0.0080 (0.0080)  loss_mal_pre: 2.6934 (2.7444)  loss_bbox_pre: 0.1778 (0.2763)  loss_giou_pre: 0.3309 (0.3325)  loss_mal_enc_0: 2.2656 (2.2717)  loss_bbox_enc_0: 0.6298 (0.7696)  loss_giou_enc_0: 0.9449 (0.9342)  loss_mal_dn_0: 2.3027 (2.3691)  loss_bbox_dn_0: 0.3606 (0.5013)  loss_giou_dn_0: 0.5373 (0.5394)  loss_fgl_dn_0: 1.2199 (1.2323)  loss_ddf_dn_0: 1.2735 (1.2304)  loss_mal_dn_1: 1.5684 (1.5765)  loss_bbox_dn_1: 0.1955 (0.3158)  loss_giou_dn_1: 0.2801 (0.3246)  loss_fgl_dn_1: 1.0309 (1.0403)  loss_ddf_dn_1: 0.1670 (0.1796)  loss_mal_dn_2: 1.4570 (1.4633)  loss_bbox_dn_2: 0.1638 (0.2798)  loss_giou_dn_2: 0.2391 (0.2871)  loss_fgl_dn_2: 0.9713 (0.9840)  loss_ddf_dn_2: 0.0152 (0.0148)  loss_mal_dn_3: 1.5859 (1.5823)  loss_bbox_dn_3: 0.1588 (0.2764)  loss_giou_dn_3: 0.2332 (0.2829)  loss_fgl_dn_3: 0.9697 (0.9854)  loss_mal_dn_pre: 2.3613 (2.4470)  loss_bbox_dn_pre: 0.3593 (0.5045)  loss_giou_dn_pre: 0.5306 (0.5387)
Test:  [0/4]  eta: 0:00:01    time: 0.3711  data: 0.3319  max mem: 3583
Test:  [3/4]  eta: 0:00:00    time: 0.1180  data: 0.0853  max mem: 3583
Test: Total time: 0:00:00 (0.1383 s / it)
Averaged stats: 
Accumulating evaluation results...
COCOeval_opt.accumulate() finished...
DONE (t=0.00s).
IoU metric: bbox
 Average Precision  (AP) @[ IoU=0.50:0.95 | area=   all | maxDets=100 ] = 0.403
 Average Precision  (AP) @[ IoU=0.50      | area=   all | maxDets=100 ] = 0.497
 Average Precision  (AP) @[ IoU=0.75      | area=   all | maxDets=100 ] = 0.433
 Average Precision  (AP) @[ IoU=0.50:0.95 | area= small | maxDets=100 ] = -1.000
 Average Precision  (AP) @[ IoU=0.50:0.95 | area=medium | maxDets=100 ] = -1.000
 Average Precision  (AP) @[ IoU=0.50:0.95 | area= large | maxDets=100 ] = 0.403
 Average Recall     (AR) @[ IoU=0.50:0.95 | area=   all | maxDets=  1 ] = 0.633
 Average Recall     (AR) @[ IoU=0.50:0.95 | area=   all | maxDets= 10 ] = 0.880
 Average Recall     (AR) @[ IoU=0.50:0.95 | area=   all | maxDets=100 ] = 0.917
 Average Recall     (AR) @[ IoU=0.50:0.95 | area= small | maxDets=100 ] = -1.000
 Average Recall     (AR) @[ IoU=0.50:0.95 | area=medium | maxDets=100 ] = -1.000
 Average Recall     (AR) @[ IoU=0.50:0.95 | area= large | maxDets=100 ] = 0.917
 Average Recall     (AR) @[ IoU=0.50      | area=   all | maxDets=100 ] = 1.000
 Average Recall     (AR) @[ IoU=0.75      | area=   all | maxDets=100 ] = 0.933
best_stat: {'epoch': 78, 'coco_eval_bbox': 0.4030934352146732}
Epoch: [79]  [0/8]  eta: 0:00:09  lr: 0.000002  loss: 40.2120 (40.2120)  loss_mal: 2.2500 (2.2500)  loss_bbox: 0.1173 (0.1173)  loss_giou: 0.2067 (0.2067)  loss_fgl: 1.1129 (1.1129)  loss_mal_aux_0: 2.5586 (2.5586)  loss_bbox_aux_0: 0.1188 (0.1188)  loss_giou_aux_0: 0.2477 (0.2477)  loss_fgl_aux_0: 1.1764 (1.1764)  loss_ddf_aux_0: 0.3793 (0.3793)  loss_mal_aux_1: 2.5742 (2.5742)  loss_bbox_aux_1: 0.1153 (0.1153)  loss_giou_aux_1: 0.2131 (0.2131)  loss_fgl_aux_1: 1.1434 (1.1434)  loss_ddf_aux_1: 0.0540 (0.0540)  loss_mal_aux_2: 1.8604 (1.8604)  loss_bbox_aux_2: 0.1181 (0.1181)  loss_giou_aux_2: 0.2082 (0.2082)  loss_fgl_aux_2: 1.1160 (1.1160)  loss_ddf_aux_2: 0.0059 (0.0059)  loss_mal_pre: 2.6328 (2.6328)  loss_bbox_pre: 0.1193 (0.1193)  loss_giou_pre: 0.2405 (0.2405)  loss_mal_enc_0: 2.7598 (2.7598)  loss_bbox_enc_0: 0.4464 (0.4464)  loss_giou_enc_0: 0.7469 (0.7469)  loss_mal_dn_0: 2.4043 (2.4043)  loss_bbox_dn_0: 0.2613 (0.2613)  loss_giou_dn_0: 0.4547 (0.4547)  loss_fgl_dn_0: 1.2658 (1.2658)  loss_ddf_dn_0: 1.0435 (1.0435)  loss_mal_dn_1: 1.4902 (1.4902)  loss_bbox_dn_1: 0.1362 (0.1362)  loss_giou_dn_1: 0.2507 (0.2507)  loss_fgl_dn_1: 1.1209 (1.1209)  loss_ddf_dn_1: 0.1638 (0.1638)  loss_mal_dn_2: 1.4385 (1.4385)  loss_bbox_dn_2: 0.1212 (0.1212)  loss_giou_dn_2: 0.2209 (0.2209)  loss_fgl_dn_2: 1.0673 (1.0673)  loss_ddf_dn_2: 0.0149 (0.0149)  loss_mal_dn_3: 1.6279 (1.6279)  loss_bbox_dn_3: 0.1177 (0.1177)  loss_giou_dn_3: 0.2152 (0.2152)  loss_fgl_dn_3: 1.0637 (1.0637)  loss_mal_dn_pre: 2.5000 (2.5000)  loss_bbox_dn_pre: 0.2602 (0.2602)  loss_giou_dn_pre: 0.4511 (0.4511)  time: 1.1944  data: 0.9989  max mem: 3583
Epoch: [79]  [7/8]  eta: 0:00:00  lr: 0.000003  loss: 40.2120 (41.7210)  loss_mal: 2.0840 (2.1620)  loss_bbox: 0.0847 (0.2328)  loss_giou: 0.1926 (0.2183)  loss_fgl: 0.9182 (0.9269)  loss_mal_aux_0: 2.5586 (2.5637)  loss_bbox_aux_0: 0.1188 (0.3157)  loss_giou_aux_0: 0.2253 (0.3145)  loss_fgl_aux_0: 1.0773 (1.1220)  loss_ddf_aux_0: 0.5719 (0.6398)  loss_mal_aux_1: 2.4863 (2.5010)  loss_bbox_aux_1: 0.1025 (0.2412)  loss_giou_aux_1: 0.2064 (0.2312)  loss_fgl_aux_1: 0.9707 (0.9565)  loss_ddf_aux_1: 0.0762 (0.0902)  loss_mal_aux_2: 1.8750 (2.0056)  loss_bbox_aux_2: 0.0882 (0.2349)  loss_giou_aux_2: 0.1938 (0.2194)  loss_fgl_aux_2: 0.9097 (0.9259)  loss_ddf_aux_2: 0.0050 (0.0061)  loss_mal_pre: 2.6328 (2.6851)  loss_bbox_pre: 0.1193 (0.3270)  loss_giou_pre: 0.2304 (0.3179)  loss_mal_enc_0: 2.3105 (2.3428)  loss_bbox_enc_0: 0.6231 (0.8917)  loss_giou_enc_0: 0.9031 (0.9254)  loss_mal_dn_0: 2.4043 (2.3555)  loss_bbox_dn_0: 0.3188 (0.5240)  loss_giou_dn_0: 0.4442 (0.5032)  loss_fgl_dn_0: 1.2157 (1.2262)  loss_ddf_dn_0: 1.0435 (1.0186)  loss_mal_dn_1: 1.4600 (1.4994)  loss_bbox_dn_1: 0.1362 (0.3145)  loss_giou_dn_1: 0.2415 (0.2903)  loss_fgl_dn_1: 0.9951 (1.0061)  loss_ddf_dn_1: 0.1484 (0.1542)  loss_mal_dn_2: 1.4004 (1.4344)  loss_bbox_dn_2: 0.1212 (0.2733)  loss_giou_dn_2: 0.1961 (0.2552)  loss_fgl_dn_2: 0.9464 (0.9505)  loss_ddf_dn_2: 0.0097 (0.0116)  loss_mal_dn_3: 1.6172 (1.5662)  loss_bbox_dn_3: 0.1177 (0.2654)  loss_giou_dn_3: 0.1874 (0.2497)  loss_fgl_dn_3: 0.9500 (0.9506)  loss_mal_dn_pre: 2.5000 (2.4526)  loss_bbox_dn_pre: 0.3295 (0.5233)  loss_giou_dn_pre: 0.4420 (0.4987)  time: 0.2843  data: 0.1275  max mem: 3583
Epoch: [79] Total time: 0:00:02 (0.2945 s / it)
Averaged stats: lr: 0.000003  loss: 40.2120 (41.7210)  loss_mal: 2.0840 (2.1620)  loss_bbox: 0.0847 (0.2328)  loss_giou: 0.1926 (0.2183)  loss_fgl: 0.9182 (0.9269)  loss_mal_aux_0: 2.5586 (2.5637)  loss_bbox_aux_0: 0.1188 (0.3157)  loss_giou_aux_0: 0.2253 (0.3145)  loss_fgl_aux_0: 1.0773 (1.1220)  loss_ddf_aux_0: 0.5719 (0.6398)  loss_mal_aux_1: 2.4863 (2.5010)  loss_bbox_aux_1: 0.1025 (0.2412)  loss_giou_aux_1: 0.2064 (0.2312)  loss_fgl_aux_1: 0.9707 (0.9565)  loss_ddf_aux_1: 0.0762 (0.0902)  loss_mal_aux_2: 1.8750 (2.0056)  loss_bbox_aux_2: 0.0882 (0.2349)  loss_giou_aux_2: 0.1938 (0.2194)  loss_fgl_aux_2: 0.9097 (0.9259)  loss_ddf_aux_2: 0.0050 (0.0061)  loss_mal_pre: 2.6328 (2.6851)  loss_bbox_pre: 0.1193 (0.3270)  loss_giou_pre: 0.2304 (0.3179)  loss_mal_enc_0: 2.3105 (2.3428)  loss_bbox_enc_0: 0.6231 (0.8917)  loss_giou_enc_0: 0.9031 (0.9254)  loss_mal_dn_0: 2.4043 (2.3555)  loss_bbox_dn_0: 0.3188 (0.5240)  loss_giou_dn_0: 0.4442 (0.5032)  loss_fgl_dn_0: 1.2157 (1.2262)  loss_ddf_dn_0: 1.0435 (1.0186)  loss_mal_dn_1: 1.4600 (1.4994)  loss_bbox_dn_1: 0.1362 (0.3145)  loss_giou_dn_1: 0.2415 (0.2903)  loss_fgl_dn_1: 0.9951 (1.0061)  loss_ddf_dn_1: 0.1484 (0.1542)  loss_mal_dn_2: 1.4004 (1.4344)  loss_bbox_dn_2: 0.1212 (0.2733)  loss_giou_dn_2: 0.1961 (0.2552)  loss_fgl_dn_2: 0.9464 (0.9505)  loss_ddf_dn_2: 0.0097 (0.0116)  loss_mal_dn_3: 1.6172 (1.5662)  loss_bbox_dn_3: 0.1177 (0.2654)  loss_giou_dn_3: 0.1874 (0.2497)  loss_fgl_dn_3: 0.9500 (0.9506)  loss_mal_dn_pre: 2.5000 (2.4526)  loss_bbox_dn_pre: 0.3295 (0.5233)  loss_giou_dn_pre: 0.4420 (0.4987)
Test:  [0/4]  eta: 0:00:01    time: 0.4114  data: 0.3660  max mem: 3583
Test:  [3/4]  eta: 0:00:00    time: 0.1326  data: 0.0936  max mem: 3583
Test: Total time: 0:00:00 (0.1507 s / it)
Averaged stats: 
Accumulating evaluation results...
COCOeval_opt.accumulate() finished...
DONE (t=0.00s).
IoU metric: bbox
 Average Precision  (AP) @[ IoU=0.50:0.95 | area=   all | maxDets=100 ] = 0.432
 Average Precision  (AP) @[ IoU=0.50      | area=   all | maxDets=100 ] = 0.515
 Average Precision  (AP) @[ IoU=0.75      | area=   all | maxDets=100 ] = 0.478
 Average Precision  (AP) @[ IoU=0.50:0.95 | area= small | maxDets=100 ] = -1.000
 Average Precision  (AP) @[ IoU=0.50:0.95 | area=medium | maxDets=100 ] = -1.000
 Average Precision  (AP) @[ IoU=0.50:0.95 | area= large | maxDets=100 ] = 0.432
 Average Recall     (AR) @[ IoU=0.50:0.95 | area=   all | maxDets=  1 ] = 0.617
 Average Recall     (AR) @[ IoU=0.50:0.95 | area=   all | maxDets= 10 ] = 0.883
 Average Recall     (AR) @[ IoU=0.50:0.95 | area=   all | maxDets=100 ] = 0.907
 Average Recall     (AR) @[ IoU=0.50:0.95 | area= small | maxDets=100 ] = -1.000
 Average Recall     (AR) @[ IoU=0.50:0.95 | area=medium | maxDets=100 ] = -1.000
 Average Recall     (AR) @[ IoU=0.50:0.95 | area= large | maxDets=100 ] = 0.907
 Average Recall     (AR) @[ IoU=0.50      | area=   all | maxDets=100 ] = 1.000
 Average Recall     (AR) @[ IoU=0.75      | area=   all | maxDets=100 ] = 0.933
best_stat: {'epoch': 79, 'coco_eval_bbox': 0.4315428397989494}
Epoch: [80]  [0/8]  eta: 0:00:06  lr: 0.000003  loss: 47.5999 (47.5999)  loss_mal: 2.0391 (2.0391)  loss_bbox: 0.5191 (0.5191)  loss_giou: 0.3559 (0.3559)  loss_fgl: 1.0779 (1.0779)  loss_mal_aux_0: 2.7109 (2.7109)  loss_bbox_aux_0: 0.5391 (0.5391)  loss_giou_aux_0: 0.4573 (0.4573)  loss_fgl_aux_0: 1.2397 (1.2397)  loss_ddf_aux_0: 0.6033 (0.6033)  loss_mal_aux_1: 2.1172 (2.1172)  loss_bbox_aux_1: 0.5185 (0.5185)  loss_giou_aux_1: 0.3794 (0.3794)  loss_fgl_aux_1: 1.1231 (1.1231)  loss_ddf_aux_1: 0.0946 (0.0946)  loss_mal_aux_2: 1.9570 (1.9570)  loss_bbox_aux_2: 0.5057 (0.5057)  loss_giou_aux_2: 0.3556 (0.3556)  loss_fgl_aux_2: 1.0724 (1.0724)  loss_ddf_aux_2: 0.0066 (0.0066)  loss_mal_pre: 2.8047 (2.8047)  loss_bbox_pre: 0.5762 (0.5762)  loss_giou_pre: 0.4507 (0.4507)  loss_mal_enc_0: 2.0234 (2.0234)  loss_bbox_enc_0: 1.3846 (1.3846)  loss_giou_enc_0: 1.0530 (1.0530)  loss_mal_dn_0: 1.9746 (1.9746)  loss_bbox_dn_0: 1.1210 (1.1210)  loss_giou_dn_0: 0.7480 (0.7480)  loss_fgl_dn_0: 1.2080 (1.2080)  loss_ddf_dn_0: 0.8636 (0.8636)  loss_mal_dn_1: 1.4248 (1.4248)  loss_bbox_dn_1: 0.8903 (0.8903)  loss_giou_dn_1: 0.5896 (0.5896)  loss_fgl_dn_1: 1.1252 (1.1252)  loss_ddf_dn_1: 0.1240 (0.1240)  loss_mal_dn_2: 1.2754 (1.2754)  loss_bbox_dn_2: 0.8577 (0.8577)  loss_giou_dn_2: 0.5572 (0.5572)  loss_fgl_dn_2: 1.0951 (1.0951)  loss_ddf_dn_2: 0.0139 (0.0139)  loss_mal_dn_3: 1.3281 (1.3281)  loss_bbox_dn_3: 0.8667 (0.8667)  loss_giou_dn_3: 0.5585 (0.5585)  loss_fgl_dn_3: 1.1006 (1.1006)  loss_mal_dn_pre: 2.0566 (2.0566)  loss_bbox_dn_pre: 1.1180 (1.1180)  loss_giou_dn_pre: 0.7377 (0.7377)  time: 0.8188  data: 0.6417  max mem: 3583
Epoch: [80]  [7/8]  eta: 0:00:00  lr: 0.000003  loss: 40.8683 (41.3158)  loss_mal: 1.8848 (1.9363)  loss_bbox: 0.1429 (0.1970)  loss_giou: 0.1800 (0.2381)  loss_fgl: 0.9216 (1.0031)  loss_mal_aux_0: 2.5898 (2.5894)  loss_bbox_aux_0: 0.1531 (0.2507)  loss_giou_aux_0: 0.3032 (0.3449)  loss_fgl_aux_0: 1.1306 (1.1804)  loss_ddf_aux_0: 0.6004 (0.5513)  loss_mal_aux_1: 2.2168 (2.2878)  loss_bbox_aux_1: 0.1302 (0.2011)  loss_giou_aux_1: 0.2162 (0.2555)  loss_fgl_aux_1: 0.9480 (1.0388)  loss_ddf_aux_1: 0.0736 (0.0745)  loss_mal_aux_2: 1.7598 (1.8240)  loss_bbox_aux_2: 0.1423 (0.1958)  loss_giou_aux_2: 0.1848 (0.2395)  loss_fgl_aux_2: 0.9292 (1.0042)  loss_ddf_aux_2: 0.0054 (0.0058)  loss_mal_pre: 2.7188 (2.7251)  loss_bbox_pre: 0.1456 (0.2530)  loss_giou_pre: 0.2922 (0.3401)  loss_mal_enc_0: 2.3535 (2.3694)  loss_bbox_enc_0: 0.5415 (0.7658)  loss_giou_enc_0: 0.9116 (0.9124)  loss_mal_dn_0: 2.1250 (2.2158)  loss_bbox_dn_0: 0.4521 (0.5679)  loss_giou_dn_0: 0.5008 (0.5745)  loss_fgl_dn_0: 1.2032 (1.2316)  loss_ddf_dn_0: 0.8707 (0.9319)  loss_mal_dn_1: 1.4414 (1.4434)  loss_bbox_dn_1: 0.1854 (0.3429)  loss_giou_dn_1: 0.3148 (0.3674)  loss_fgl_dn_1: 0.9990 (1.0689)  loss_ddf_dn_1: 0.1266 (0.1364)  loss_mal_dn_2: 1.3906 (1.3977)  loss_bbox_dn_2: 0.1444 (0.2976)  loss_giou_dn_2: 0.2598 (0.3237)  loss_fgl_dn_2: 0.9401 (1.0161)  loss_ddf_dn_2: 0.0090 (0.0108)  loss_mal_dn_3: 1.5449 (1.5270)  loss_bbox_dn_3: 0.1413 (0.2943)  loss_giou_dn_3: 0.2494 (0.3191)  loss_fgl_dn_3: 0.9388 (1.0158)  loss_mal_dn_pre: 2.2051 (2.3030)  loss_bbox_dn_pre: 0.4517 (0.5734)  loss_giou_dn_pre: 0.4926 (0.5726)  time: 0.2718  data: 0.1194  max mem: 3583
Epoch: [80] Total time: 0:00:02 (0.2829 s / it)
Averaged stats: lr: 0.000003  loss: 40.8683 (41.3158)  loss_mal: 1.8848 (1.9363)  loss_bbox: 0.1429 (0.1970)  loss_giou: 0.1800 (0.2381)  loss_fgl: 0.9216 (1.0031)  loss_mal_aux_0: 2.5898 (2.5894)  loss_bbox_aux_0: 0.1531 (0.2507)  loss_giou_aux_0: 0.3032 (0.3449)  loss_fgl_aux_0: 1.1306 (1.1804)  loss_ddf_aux_0: 0.6004 (0.5513)  loss_mal_aux_1: 2.2168 (2.2878)  loss_bbox_aux_1: 0.1302 (0.2011)  loss_giou_aux_1: 0.2162 (0.2555)  loss_fgl_aux_1: 0.9480 (1.0388)  loss_ddf_aux_1: 0.0736 (0.0745)  loss_mal_aux_2: 1.7598 (1.8240)  loss_bbox_aux_2: 0.1423 (0.1958)  loss_giou_aux_2: 0.1848 (0.2395)  loss_fgl_aux_2: 0.9292 (1.0042)  loss_ddf_aux_2: 0.0054 (0.0058)  loss_mal_pre: 2.7188 (2.7251)  loss_bbox_pre: 0.1456 (0.2530)  loss_giou_pre: 0.2922 (0.3401)  loss_mal_enc_0: 2.3535 (2.3694)  loss_bbox_enc_0: 0.5415 (0.7658)  loss_giou_enc_0: 0.9116 (0.9124)  loss_mal_dn_0: 2.1250 (2.2158)  loss_bbox_dn_0: 0.4521 (0.5679)  loss_giou_dn_0: 0.5008 (0.5745)  loss_fgl_dn_0: 1.2032 (1.2316)  loss_ddf_dn_0: 0.8707 (0.9319)  loss_mal_dn_1: 1.4414 (1.4434)  loss_bbox_dn_1: 0.1854 (0.3429)  loss_giou_dn_1: 0.3148 (0.3674)  loss_fgl_dn_1: 0.9990 (1.0689)  loss_ddf_dn_1: 0.1266 (0.1364)  loss_mal_dn_2: 1.3906 (1.3977)  loss_bbox_dn_2: 0.1444 (0.2976)  loss_giou_dn_2: 0.2598 (0.3237)  loss_fgl_dn_2: 0.9401 (1.0161)  loss_ddf_dn_2: 0.0090 (0.0108)  loss_mal_dn_3: 1.5449 (1.5270)  loss_bbox_dn_3: 0.1413 (0.2943)  loss_giou_dn_3: 0.2494 (0.3191)  loss_fgl_dn_3: 0.9388 (1.0158)  loss_mal_dn_pre: 2.2051 (2.3030)  loss_bbox_dn_pre: 0.4517 (0.5734)  loss_giou_dn_pre: 0.4926 (0.5726)
Test:  [0/4]  eta: 0:00:01    time: 0.3838  data: 0.3414  max mem: 3583
Test:  [3/4]  eta: 0:00:00    time: 0.1217  data: 0.0874  max mem: 3583
Test: Total time: 0:00:00 (0.1448 s / it)
Averaged stats: 
Accumulating evaluation results...
COCOeval_opt.accumulate() finished...
DONE (t=0.00s).
IoU metric: bbox
 Average Precision  (AP) @[ IoU=0.50:0.95 | area=   all | maxDets=100 ] = 0.469
 Average Precision  (AP) @[ IoU=0.50      | area=   all | maxDets=100 ] = 0.563
 Average Precision  (AP) @[ IoU=0.75      | area=   all | maxDets=100 ] = 0.512
 Average Precision  (AP) @[ IoU=0.50:0.95 | area= small | maxDets=100 ] = -1.000
 Average Precision  (AP) @[ IoU=0.50:0.95 | area=medium | maxDets=100 ] = -1.000
 Average Precision  (AP) @[ IoU=0.50:0.95 | area= large | maxDets=100 ] = 0.469
 Average Recall     (AR) @[ IoU=0.50:0.95 | area=   all | maxDets=  1 ] = 0.673
 Average Recall     (AR) @[ IoU=0.50:0.95 | area=   all | maxDets= 10 ] = 0.887
 Average Recall     (AR) @[ IoU=0.50:0.95 | area=   all | maxDets=100 ] = 0.917
 Average Recall     (AR) @[ IoU=0.50:0.95 | area= small | maxDets=100 ] = -1.000
 Average Recall     (AR) @[ IoU=0.50:0.95 | area=medium | maxDets=100 ] = -1.000
 Average Recall     (AR) @[ IoU=0.50:0.95 | area= large | maxDets=100 ] = 0.917
 Average Recall     (AR) @[ IoU=0.50      | area=   all | maxDets=100 ] = 1.000
 Average Recall     (AR) @[ IoU=0.75      | area=   all | maxDets=100 ] = 0.933
best_stat: {'epoch': 80, 'coco_eval_bbox': 0.46947677231760665}
Epoch: [81]  [0/8]  eta: 0:00:08  lr: 0.000003  loss: 37.9999 (37.9999)  loss_mal: 2.1445 (2.1445)  loss_bbox: 0.0778 (0.0778)  loss_giou: 0.0810 (0.0810)  loss_fgl: 0.6978 (0.6978)  loss_mal_aux_0: 2.6387 (2.6387)  loss_bbox_aux_0: 0.1831 (0.1831)  loss_giou_aux_0: 0.1803 (0.1803)  loss_fgl_aux_0: 1.0387 (1.0387)  loss_ddf_aux_0: 0.4126 (0.4126)  loss_mal_aux_1: 2.5059 (2.5059)  loss_bbox_aux_1: 0.0527 (0.0527)  loss_giou_aux_1: 0.0832 (0.0832)  loss_fgl_aux_1: 0.7225 (0.7225)  loss_ddf_aux_1: 0.0512 (0.0512)  loss_mal_aux_2: 2.0605 (2.0605)  loss_bbox_aux_2: 0.0690 (0.0690)  loss_giou_aux_2: 0.0771 (0.0771)  loss_fgl_aux_2: 0.7000 (0.7000)  loss_ddf_aux_2: 0.0043 (0.0043)  loss_mal_pre: 2.7832 (2.7832)  loss_bbox_pre: 0.1819 (0.1819)  loss_giou_pre: 0.1738 (0.1738)  loss_mal_enc_0: 2.5742 (2.5742)  loss_bbox_enc_0: 0.6072 (0.6072)  loss_giou_enc_0: 0.7092 (0.7092)  loss_mal_dn_0: 2.2676 (2.2676)  loss_bbox_dn_0: 0.5146 (0.5146)  loss_giou_dn_0: 0.4725 (0.4725)  loss_fgl_dn_0: 1.2372 (1.2372)  loss_ddf_dn_0: 0.8113 (0.8113)  loss_mal_dn_1: 1.5439 (1.5439)  loss_bbox_dn_1: 0.2240 (0.2240)  loss_giou_dn_1: 0.2062 (0.2062)  loss_fgl_dn_1: 0.9076 (0.9076)  loss_ddf_dn_1: 0.1130 (0.1130)  loss_mal_dn_2: 1.5215 (1.5215)  loss_bbox_dn_2: 0.1878 (0.1878)  loss_giou_dn_2: 0.1647 (0.1647)  loss_fgl_dn_2: 0.8477 (0.8477)  loss_ddf_dn_2: 0.0082 (0.0082)  loss_mal_dn_3: 1.6182 (1.6182)  loss_bbox_dn_3: 0.1822 (0.1822)  loss_giou_dn_3: 0.1576 (0.1576)  loss_fgl_dn_3: 0.8446 (0.8446)  loss_mal_dn_pre: 2.3574 (2.3574)  loss_bbox_dn_pre: 0.5271 (0.5271)  loss_giou_dn_pre: 0.4745 (0.4745)  time: 1.1194  data: 0.9593  max mem: 3583
Epoch: [81]  [7/8]  eta: 0:00:00  lr: 0.000003  loss: 38.0093 (38.2109)  loss_mal: 1.8535 (1.9329)  loss_bbox: 0.1026 (0.1036)  loss_giou: 0.1434 (0.1503)  loss_fgl: 0.7875 (0.8372)  loss_mal_aux_0: 2.5430 (2.5649)  loss_bbox_aux_0: 0.1669 (0.1686)  loss_giou_aux_0: 0.2442 (0.2538)  loss_fgl_aux_0: 1.0387 (1.0656)  loss_ddf_aux_0: 0.4126 (0.4937)  loss_mal_aux_1: 2.0762 (2.2983)  loss_bbox_aux_1: 0.1042 (0.1068)  loss_giou_aux_1: 0.1617 (0.1626)  loss_fgl_aux_1: 0.8260 (0.8653)  loss_ddf_aux_1: 0.0526 (0.0625)  loss_mal_aux_2: 1.7344 (1.8175)  loss_bbox_aux_2: 0.0991 (0.1020)  loss_giou_aux_2: 0.1431 (0.1483)  loss_fgl_aux_2: 0.7883 (0.8378)  loss_ddf_aux_2: 0.0043 (0.0046)  loss_mal_pre: 2.7207 (2.6941)  loss_bbox_pre: 0.1588 (0.1652)  loss_giou_pre: 0.2376 (0.2490)  loss_mal_enc_0: 2.3887 (2.4004)  loss_bbox_enc_0: 0.5802 (0.6777)  loss_giou_enc_0: 0.8775 (0.8519)  loss_mal_dn_0: 2.2676 (2.3079)  loss_bbox_dn_0: 0.3865 (0.3988)  loss_giou_dn_0: 0.4607 (0.4591)  loss_fgl_dn_0: 1.2183 (1.2266)  loss_ddf_dn_0: 0.8680 (1.0296)  loss_mal_dn_1: 1.4658 (1.4512)  loss_bbox_dn_1: 0.2064 (0.1848)  loss_giou_dn_1: 0.2106 (0.2302)  loss_fgl_dn_1: 0.9607 (0.9629)  loss_ddf_dn_1: 0.1294 (0.1487)  loss_mal_dn_2: 1.4053 (1.4507)  loss_bbox_dn_2: 0.1490 (0.1471)  loss_giou_dn_2: 0.1831 (0.1920)  loss_fgl_dn_2: 0.8744 (0.9055)  loss_ddf_dn_2: 0.0089 (0.0099)  loss_mal_dn_3: 1.5391 (1.5780)  loss_bbox_dn_3: 0.1402 (0.1429)  loss_giou_dn_3: 0.1760 (0.1894)  loss_fgl_dn_3: 0.8698 (0.9057)  loss_mal_dn_pre: 2.3574 (2.4023)  loss_bbox_dn_pre: 0.4043 (0.4090)  loss_giou_dn_pre: 0.4656 (0.4639)  time: 0.2590  data: 0.1229  max mem: 3583
Epoch: [81] Total time: 0:00:02 (0.2699 s / it)
Averaged stats: lr: 0.000003  loss: 38.0093 (38.2109)  loss_mal: 1.8535 (1.9329)  loss_bbox: 0.1026 (0.1036)  loss_giou: 0.1434 (0.1503)  loss_fgl: 0.7875 (0.8372)  loss_mal_aux_0: 2.5430 (2.5649)  loss_bbox_aux_0: 0.1669 (0.1686)  loss_giou_aux_0: 0.2442 (0.2538)  loss_fgl_aux_0: 1.0387 (1.0656)  loss_ddf_aux_0: 0.4126 (0.4937)  loss_mal_aux_1: 2.0762 (2.2983)  loss_bbox_aux_1: 0.1042 (0.1068)  loss_giou_aux_1: 0.1617 (0.1626)  loss_fgl_aux_1: 0.8260 (0.8653)  loss_ddf_aux_1: 0.0526 (0.0625)  loss_mal_aux_2: 1.7344 (1.8175)  loss_bbox_aux_2: 0.0991 (0.1020)  loss_giou_aux_2: 0.1431 (0.1483)  loss_fgl_aux_2: 0.7883 (0.8378)  loss_ddf_aux_2: 0.0043 (0.0046)  loss_mal_pre: 2.7207 (2.6941)  loss_bbox_pre: 0.1588 (0.1652)  loss_giou_pre: 0.2376 (0.2490)  loss_mal_enc_0: 2.3887 (2.4004)  loss_bbox_enc_0: 0.5802 (0.6777)  loss_giou_enc_0: 0.8775 (0.8519)  loss_mal_dn_0: 2.2676 (2.3079)  loss_bbox_dn_0: 0.3865 (0.3988)  loss_giou_dn_0: 0.4607 (0.4591)  loss_fgl_dn_0: 1.2183 (1.2266)  loss_ddf_dn_0: 0.8680 (1.0296)  loss_mal_dn_1: 1.4658 (1.4512)  loss_bbox_dn_1: 0.2064 (0.1848)  loss_giou_dn_1: 0.2106 (0.2302)  loss_fgl_dn_1: 0.9607 (0.9629)  loss_ddf_dn_1: 0.1294 (0.1487)  loss_mal_dn_2: 1.4053 (1.4507)  loss_bbox_dn_2: 0.1490 (0.1471)  loss_giou_dn_2: 0.1831 (0.1920)  loss_fgl_dn_2: 0.8744 (0.9055)  loss_ddf_dn_2: 0.0089 (0.0099)  loss_mal_dn_3: 1.5391 (1.5780)  loss_bbox_dn_3: 0.1402 (0.1429)  loss_giou_dn_3: 0.1760 (0.1894)  loss_fgl_dn_3: 0.8698 (0.9057)  loss_mal_dn_pre: 2.3574 (2.4023)  loss_bbox_dn_pre: 0.4043 (0.4090)  loss_giou_dn_pre: 0.4656 (0.4639)
Test:  [0/4]  eta: 0:00:01    time: 0.3987  data: 0.3510  max mem: 3583
Test:  [3/4]  eta: 0:00:00    time: 0.1304  data: 0.0901  max mem: 3583
Test: Total time: 0:00:00 (0.1529 s / it)
Averaged stats: 
Accumulating evaluation results...
COCOeval_opt.accumulate() finished...
DONE (t=0.00s).
IoU metric: bbox
 Average Precision  (AP) @[ IoU=0.50:0.95 | area=   all | maxDets=100 ] = 0.481
 Average Precision  (AP) @[ IoU=0.50      | area=   all | maxDets=100 ] = 0.587
 Average Precision  (AP) @[ IoU=0.75      | area=   all | maxDets=100 ] = 0.506
 Average Precision  (AP) @[ IoU=0.50:0.95 | area= small | maxDets=100 ] = -1.000
 Average Precision  (AP) @[ IoU=0.50:0.95 | area=medium | maxDets=100 ] = -1.000
 Average Precision  (AP) @[ IoU=0.50:0.95 | area= large | maxDets=100 ] = 0.481
 Average Recall     (AR) @[ IoU=0.50:0.95 | area=   all | maxDets=  1 ] = 0.730
 Average Recall     (AR) @[ IoU=0.50:0.95 | area=   all | maxDets= 10 ] = 0.890
 Average Recall     (AR) @[ IoU=0.50:0.95 | area=   all | maxDets=100 ] = 0.910
 Average Recall     (AR) @[ IoU=0.50:0.95 | area= small | maxDets=100 ] = -1.000
 Average Recall     (AR) @[ IoU=0.50:0.95 | area=medium | maxDets=100 ] = -1.000
 Average Recall     (AR) @[ IoU=0.50:0.95 | area= large | maxDets=100 ] = 0.910
 Average Recall     (AR) @[ IoU=0.50      | area=   all | maxDets=100 ] = 1.000
 Average Recall     (AR) @[ IoU=0.75      | area=   all | maxDets=100 ] = 0.933
best_stat: {'epoch': 81, 'coco_eval_bbox': 0.481380963960682}
Epoch: [82]  [0/8]  eta: 0:00:07  lr: 0.000003  loss: 37.3151 (37.3151)  loss_mal: 2.0098 (2.0098)  loss_bbox: 0.0896 (0.0896)  loss_giou: 0.1141 (0.1141)  loss_fgl: 0.8572 (0.8572)  loss_mal_aux_0: 2.7637 (2.7637)  loss_bbox_aux_0: 0.1399 (0.1399)  loss_giou_aux_0: 0.1788 (0.1788)  loss_fgl_aux_0: 0.9836 (0.9836)  loss_ddf_aux_0: 0.3127 (0.3127)  loss_mal_aux_1: 2.2402 (2.2402)  loss_bbox_aux_1: 0.0909 (0.0909)  loss_giou_aux_1: 0.1178 (0.1178)  loss_fgl_aux_1: 0.8777 (0.8777)  loss_ddf_aux_1: 0.0501 (0.0501)  loss_mal_aux_2: 1.9229 (1.9229)  loss_bbox_aux_2: 0.0883 (0.0883)  loss_giou_aux_2: 0.1133 (0.1133)  loss_fgl_aux_2: 0.8586 (0.8586)  loss_ddf_aux_2: 0.0039 (0.0039)  loss_mal_pre: 2.8867 (2.8867)  loss_bbox_pre: 0.1283 (0.1283)  loss_giou_pre: 0.1674 (0.1674)  loss_mal_enc_0: 2.6113 (2.6113)  loss_bbox_enc_0: 0.6757 (0.6757)  loss_giou_enc_0: 0.7890 (0.7890)  loss_mal_dn_0: 2.4961 (2.4961)  loss_bbox_dn_0: 0.3366 (0.3366)  loss_giou_dn_0: 0.3589 (0.3589)  loss_fgl_dn_0: 1.1734 (1.1734)  loss_ddf_dn_0: 0.7080 (0.7080)  loss_mal_dn_1: 1.4814 (1.4814)  loss_bbox_dn_1: 0.1206 (0.1206)  loss_giou_dn_1: 0.1500 (0.1500)  loss_fgl_dn_1: 0.8676 (0.8676)  loss_ddf_dn_1: 0.0936 (0.0936)  loss_mal_dn_2: 1.4131 (1.4131)  loss_bbox_dn_2: 0.0955 (0.0955)  loss_giou_dn_2: 0.1214 (0.1214)  loss_fgl_dn_2: 0.8183 (0.8183)  loss_ddf_dn_2: 0.0071 (0.0071)  loss_mal_dn_3: 1.6504 (1.6504)  loss_bbox_dn_3: 0.0939 (0.0939)  loss_giou_dn_3: 0.1205 (0.1205)  loss_fgl_dn_3: 0.8170 (0.8170)  loss_mal_dn_pre: 2.6191 (2.6191)  loss_bbox_dn_pre: 0.3425 (0.3425)  loss_giou_dn_pre: 0.3582 (0.3582)  time: 0.9597  data: 0.7429  max mem: 3583
Epoch: [82]  [7/8]  eta: 0:00:00  lr: 0.000003  loss: 38.3400 (38.9894)  loss_mal: 1.9111 (1.9298)  loss_bbox: 0.1073 (0.1225)  loss_giou: 0.1457 (0.1640)  loss_fgl: 0.8161 (0.8989)  loss_mal_aux_0: 2.5859 (2.5491)  loss_bbox_aux_0: 0.2033 (0.2087)  loss_giou_aux_0: 0.2572 (0.2677)  loss_fgl_aux_0: 1.1285 (1.1226)  loss_ddf_aux_0: 0.5132 (0.5662)  loss_mal_aux_1: 2.0996 (2.1729)  loss_bbox_aux_1: 0.1147 (0.1329)  loss_giou_aux_1: 0.1700 (0.1758)  loss_fgl_aux_1: 0.8777 (0.9294)  loss_ddf_aux_1: 0.0564 (0.0768)  loss_mal_aux_2: 1.7422 (1.8005)  loss_bbox_aux_2: 0.1096 (0.1235)  loss_giou_aux_2: 0.1441 (0.1641)  loss_fgl_aux_2: 0.8173 (0.8998)  loss_ddf_aux_2: 0.0042 (0.0051)  loss_mal_pre: 2.6621 (2.6467)  loss_bbox_pre: 0.2089 (0.2114)  loss_giou_pre: 0.2645 (0.2690)  loss_mal_enc_0: 2.4805 (2.5479)  loss_bbox_enc_0: 0.7037 (0.7252)  loss_giou_enc_0: 0.8337 (0.8176)  loss_mal_dn_0: 2.1836 (2.2595)  loss_bbox_dn_0: 0.5327 (0.5093)  loss_giou_dn_0: 0.4841 (0.4757)  loss_fgl_dn_0: 1.1977 (1.2047)  loss_ddf_dn_0: 0.9005 (1.0042)  loss_mal_dn_1: 1.4258 (1.4185)  loss_bbox_dn_1: 0.2507 (0.2397)  loss_giou_dn_1: 0.2670 (0.2634)  loss_fgl_dn_1: 0.9400 (0.9948)  loss_ddf_dn_1: 0.1598 (0.1475)  loss_mal_dn_2: 1.3604 (1.3822)  loss_bbox_dn_2: 0.1998 (0.1892)  loss_giou_dn_2: 0.2280 (0.2238)  loss_fgl_dn_2: 0.8809 (0.9358)  loss_ddf_dn_2: 0.0099 (0.0100)  loss_mal_dn_3: 1.4883 (1.5067)  loss_bbox_dn_3: 0.1965 (0.1836)  loss_giou_dn_3: 0.2218 (0.2208)  loss_fgl_dn_3: 0.8794 (0.9375)  loss_mal_dn_pre: 2.2832 (2.3660)  loss_bbox_dn_pre: 0.5411 (0.5127)  loss_giou_dn_pre: 0.4776 (0.4755)  time: 0.2606  data: 0.0961  max mem: 3583
Epoch: [82] Total time: 0:00:02 (0.2719 s / it)
Averaged stats: lr: 0.000003  loss: 38.3400 (38.9894)  loss_mal: 1.9111 (1.9298)  loss_bbox: 0.1073 (0.1225)  loss_giou: 0.1457 (0.1640)  loss_fgl: 0.8161 (0.8989)  loss_mal_aux_0: 2.5859 (2.5491)  loss_bbox_aux_0: 0.2033 (0.2087)  loss_giou_aux_0: 0.2572 (0.2677)  loss_fgl_aux_0: 1.1285 (1.1226)  loss_ddf_aux_0: 0.5132 (0.5662)  loss_mal_aux_1: 2.0996 (2.1729)  loss_bbox_aux_1: 0.1147 (0.1329)  loss_giou_aux_1: 0.1700 (0.1758)  loss_fgl_aux_1: 0.8777 (0.9294)  loss_ddf_aux_1: 0.0564 (0.0768)  loss_mal_aux_2: 1.7422 (1.8005)  loss_bbox_aux_2: 0.1096 (0.1235)  loss_giou_aux_2: 0.1441 (0.1641)  loss_fgl_aux_2: 0.8173 (0.8998)  loss_ddf_aux_2: 0.0042 (0.0051)  loss_mal_pre: 2.6621 (2.6467)  loss_bbox_pre: 0.2089 (0.2114)  loss_giou_pre: 0.2645 (0.2690)  loss_mal_enc_0: 2.4805 (2.5479)  loss_bbox_enc_0: 0.7037 (0.7252)  loss_giou_enc_0: 0.8337 (0.8176)  loss_mal_dn_0: 2.1836 (2.2595)  loss_bbox_dn_0: 0.5327 (0.5093)  loss_giou_dn_0: 0.4841 (0.4757)  loss_fgl_dn_0: 1.1977 (1.2047)  loss_ddf_dn_0: 0.9005 (1.0042)  loss_mal_dn_1: 1.4258 (1.4185)  loss_bbox_dn_1: 0.2507 (0.2397)  loss_giou_dn_1: 0.2670 (0.2634)  loss_fgl_dn_1: 0.9400 (0.9948)  loss_ddf_dn_1: 0.1598 (0.1475)  loss_mal_dn_2: 1.3604 (1.3822)  loss_bbox_dn_2: 0.1998 (0.1892)  loss_giou_dn_2: 0.2280 (0.2238)  loss_fgl_dn_2: 0.8809 (0.9358)  loss_ddf_dn_2: 0.0099 (0.0100)  loss_mal_dn_3: 1.4883 (1.5067)  loss_bbox_dn_3: 0.1965 (0.1836)  loss_giou_dn_3: 0.2218 (0.2208)  loss_fgl_dn_3: 0.8794 (0.9375)  loss_mal_dn_pre: 2.2832 (2.3660)  loss_bbox_dn_pre: 0.5411 (0.5127)  loss_giou_dn_pre: 0.4776 (0.4755)
Test:  [0/4]  eta: 0:00:01    time: 0.3818  data: 0.3416  max mem: 3583
Test:  [3/4]  eta: 0:00:00    time: 0.1206  data: 0.0874  max mem: 3583
Test: Total time: 0:00:00 (0.1397 s / it)
Averaged stats: 
Accumulating evaluation results...
COCOeval_opt.accumulate() finished...
DONE (t=0.00s).
IoU metric: bbox
 Average Precision  (AP) @[ IoU=0.50:0.95 | area=   all | maxDets=100 ] = 0.540
 Average Precision  (AP) @[ IoU=0.50      | area=   all | maxDets=100 ] = 0.663
 Average Precision  (AP) @[ IoU=0.75      | area=   all | maxDets=100 ] = 0.575
 Average Precision  (AP) @[ IoU=0.50:0.95 | area= small | maxDets=100 ] = -1.000
 Average Precision  (AP) @[ IoU=0.50:0.95 | area=medium | maxDets=100 ] = -1.000
 Average Precision  (AP) @[ IoU=0.50:0.95 | area= large | maxDets=100 ] = 0.540
 Average Recall     (AR) @[ IoU=0.50:0.95 | area=   all | maxDets=  1 ] = 0.723
 Average Recall     (AR) @[ IoU=0.50:0.95 | area=   all | maxDets= 10 ] = 0.887
 Average Recall     (AR) @[ IoU=0.50:0.95 | area=   all | maxDets=100 ] = 0.910
 Average Recall     (AR) @[ IoU=0.50:0.95 | area= small | maxDets=100 ] = -1.000
 Average Recall     (AR) @[ IoU=0.50:0.95 | area=medium | maxDets=100 ] = -1.000
 Average Recall     (AR) @[ IoU=0.50:0.95 | area= large | maxDets=100 ] = 0.910
 Average Recall     (AR) @[ IoU=0.50      | area=   all | maxDets=100 ] = 1.000
 Average Recall     (AR) @[ IoU=0.75      | area=   all | maxDets=100 ] = 0.933
best_stat: {'epoch': 82, 'coco_eval_bbox': 0.540296477215325}
Epoch: [83]  [0/8]  eta: 0:00:09  lr: 0.000003  loss: 38.8895 (38.8895)  loss_mal: 1.8701 (1.8701)  loss_bbox: 0.1370 (0.1370)  loss_giou: 0.2068 (0.2068)  loss_fgl: 0.9756 (0.9756)  loss_mal_aux_0: 2.7051 (2.7051)  loss_bbox_aux_0: 0.1758 (0.1758)  loss_giou_aux_0: 0.2811 (0.2811)  loss_fgl_aux_0: 1.1055 (1.1055)  loss_ddf_aux_0: 0.3589 (0.3589)  loss_mal_aux_1: 2.1855 (2.1855)  loss_bbox_aux_1: 0.1343 (0.1343)  loss_giou_aux_1: 0.2113 (0.2113)  loss_fgl_aux_1: 0.9868 (0.9868)  loss_ddf_aux_1: 0.0526 (0.0526)  loss_mal_aux_2: 1.8350 (1.8350)  loss_bbox_aux_2: 0.1365 (0.1365)  loss_giou_aux_2: 0.2059 (0.2059)  loss_fgl_aux_2: 0.9737 (0.9737)  loss_ddf_aux_2: 0.0037 (0.0037)  loss_mal_pre: 2.7227 (2.7227)  loss_bbox_pre: 0.1728 (0.1728)  loss_giou_pre: 0.2788 (0.2788)  loss_mal_enc_0: 2.3809 (2.3809)  loss_bbox_enc_0: 0.7500 (0.7500)  loss_giou_enc_0: 0.8995 (0.8995)  loss_mal_dn_0: 2.0449 (2.0449)  loss_bbox_dn_0: 0.5025 (0.5025)  loss_giou_dn_0: 0.5794 (0.5794)  loss_fgl_dn_0: 1.2711 (1.2711)  loss_ddf_dn_0: 1.0349 (1.0349)  loss_mal_dn_1: 1.3818 (1.3818)  loss_bbox_dn_1: 0.2021 (0.2021)  loss_giou_dn_1: 0.3017 (0.3017)  loss_fgl_dn_1: 1.0253 (1.0253)  loss_ddf_dn_1: 0.1503 (0.1503)  loss_mal_dn_2: 1.2402 (1.2402)  loss_bbox_dn_2: 0.1628 (0.1628)  loss_giou_dn_2: 0.2618 (0.2618)  loss_fgl_dn_2: 0.9715 (0.9715)  loss_ddf_dn_2: 0.0082 (0.0082)  loss_mal_dn_3: 1.3896 (1.3896)  loss_bbox_dn_3: 0.1589 (0.1589)  loss_giou_dn_3: 0.2577 (0.2577)  loss_fgl_dn_3: 0.9771 (0.9771)  loss_mal_dn_pre: 2.1055 (2.1055)  loss_bbox_dn_pre: 0.5264 (0.5264)  loss_giou_dn_pre: 0.5900 (0.5900)  time: 1.1504  data: 0.9670  max mem: 3583
Epoch: [83]  [7/8]  eta: 0:00:00  lr: 0.000003  loss: 37.2321 (38.4344)  loss_mal: 1.6904 (1.7720)  loss_bbox: 0.0923 (0.1587)  loss_giou: 0.2068 (0.2111)  loss_fgl: 0.9509 (0.9656)  loss_mal_aux_0: 2.4258 (2.4688)  loss_bbox_aux_0: 0.1408 (0.1968)  loss_giou_aux_0: 0.2811 (0.2870)  loss_fgl_aux_0: 1.1055 (1.1267)  loss_ddf_aux_0: 0.3589 (0.4669)  loss_mal_aux_1: 1.8936 (1.9558)  loss_bbox_aux_1: 0.1007 (0.1657)  loss_giou_aux_1: 0.2113 (0.2252)  loss_fgl_aux_1: 0.9877 (1.0083)  loss_ddf_aux_1: 0.0629 (0.0676)  loss_mal_aux_2: 1.6689 (1.6766)  loss_bbox_aux_2: 0.0927 (0.1586)  loss_giou_aux_2: 0.2059 (0.2108)  loss_fgl_aux_2: 0.9547 (0.9661)  loss_ddf_aux_2: 0.0046 (0.0047)  loss_mal_pre: 2.5527 (2.5518)  loss_bbox_pre: 0.1438 (0.1981)  loss_giou_pre: 0.2788 (0.2913)  loss_mal_enc_0: 2.3809 (2.4165)  loss_bbox_enc_0: 0.5807 (0.6989)  loss_giou_enc_0: 0.8834 (0.8546)  loss_mal_dn_0: 2.0801 (2.1571)  loss_bbox_dn_0: 0.3992 (0.4710)  loss_giou_dn_0: 0.4573 (0.5061)  loss_fgl_dn_0: 1.1915 (1.2135)  loss_ddf_dn_0: 0.9506 (1.0305)  loss_mal_dn_1: 1.3604 (1.3508)  loss_bbox_dn_1: 0.1674 (0.2469)  loss_giou_dn_1: 0.2269 (0.2995)  loss_fgl_dn_1: 1.0253 (1.0251)  loss_ddf_dn_1: 0.1419 (0.1538)  loss_mal_dn_2: 1.2617 (1.2880)  loss_bbox_dn_2: 0.1552 (0.2144)  loss_giou_dn_2: 0.1980 (0.2642)  loss_fgl_dn_2: 0.9715 (0.9734)  loss_ddf_dn_2: 0.0095 (0.0106)  loss_mal_dn_3: 1.4199 (1.4310)  loss_bbox_dn_3: 0.1546 (0.2095)  loss_giou_dn_3: 0.1917 (0.2603)  loss_fgl_dn_3: 0.9771 (0.9742)  loss_mal_dn_pre: 2.1758 (2.2554)  loss_bbox_dn_pre: 0.4150 (0.4844)  loss_giou_dn_pre: 0.4583 (0.5104)  time: 0.2599  data: 0.1226  max mem: 3583
Epoch: [83] Total time: 0:00:02 (0.2699 s / it)
Averaged stats: lr: 0.000003  loss: 37.2321 (38.4344)  loss_mal: 1.6904 (1.7720)  loss_bbox: 0.0923 (0.1587)  loss_giou: 0.2068 (0.2111)  loss_fgl: 0.9509 (0.9656)  loss_mal_aux_0: 2.4258 (2.4688)  loss_bbox_aux_0: 0.1408 (0.1968)  loss_giou_aux_0: 0.2811 (0.2870)  loss_fgl_aux_0: 1.1055 (1.1267)  loss_ddf_aux_0: 0.3589 (0.4669)  loss_mal_aux_1: 1.8936 (1.9558)  loss_bbox_aux_1: 0.1007 (0.1657)  loss_giou_aux_1: 0.2113 (0.2252)  loss_fgl_aux_1: 0.9877 (1.0083)  loss_ddf_aux_1: 0.0629 (0.0676)  loss_mal_aux_2: 1.6689 (1.6766)  loss_bbox_aux_2: 0.0927 (0.1586)  loss_giou_aux_2: 0.2059 (0.2108)  loss_fgl_aux_2: 0.9547 (0.9661)  loss_ddf_aux_2: 0.0046 (0.0047)  loss_mal_pre: 2.5527 (2.5518)  loss_bbox_pre: 0.1438 (0.1981)  loss_giou_pre: 0.2788 (0.2913)  loss_mal_enc_0: 2.3809 (2.4165)  loss_bbox_enc_0: 0.5807 (0.6989)  loss_giou_enc_0: 0.8834 (0.8546)  loss_mal_dn_0: 2.0801 (2.1571)  loss_bbox_dn_0: 0.3992 (0.4710)  loss_giou_dn_0: 0.4573 (0.5061)  loss_fgl_dn_0: 1.1915 (1.2135)  loss_ddf_dn_0: 0.9506 (1.0305)  loss_mal_dn_1: 1.3604 (1.3508)  loss_bbox_dn_1: 0.1674 (0.2469)  loss_giou_dn_1: 0.2269 (0.2995)  loss_fgl_dn_1: 1.0253 (1.0251)  loss_ddf_dn_1: 0.1419 (0.1538)  loss_mal_dn_2: 1.2617 (1.2880)  loss_bbox_dn_2: 0.1552 (0.2144)  loss_giou_dn_2: 0.1980 (0.2642)  loss_fgl_dn_2: 0.9715 (0.9734)  loss_ddf_dn_2: 0.0095 (0.0106)  loss_mal_dn_3: 1.4199 (1.4310)  loss_bbox_dn_3: 0.1546 (0.2095)  loss_giou_dn_3: 0.1917 (0.2603)  loss_fgl_dn_3: 0.9771 (0.9742)  loss_mal_dn_pre: 2.1758 (2.2554)  loss_bbox_dn_pre: 0.4150 (0.4844)  loss_giou_dn_pre: 0.4583 (0.5104)
Test:  [0/4]  eta: 0:00:01    time: 0.4158  data: 0.3750  max mem: 3583
Test:  [3/4]  eta: 0:00:00    time: 0.1350  data: 0.0960  max mem: 3583
Test: Total time: 0:00:00 (0.1597 s / it)
Averaged stats: 
Accumulating evaluation results...
COCOeval_opt.accumulate() finished...
DONE (t=0.00s).
IoU metric: bbox
 Average Precision  (AP) @[ IoU=0.50:0.95 | area=   all | maxDets=100 ] = 0.507
 Average Precision  (AP) @[ IoU=0.50      | area=   all | maxDets=100 ] = 0.616
 Average Precision  (AP) @[ IoU=0.75      | area=   all | maxDets=100 ] = 0.518
 Average Precision  (AP) @[ IoU=0.50:0.95 | area= small | maxDets=100 ] = -1.000
 Average Precision  (AP) @[ IoU=0.50:0.95 | area=medium | maxDets=100 ] = -1.000
 Average Precision  (AP) @[ IoU=0.50:0.95 | area= large | maxDets=100 ] = 0.507
 Average Recall     (AR) @[ IoU=0.50:0.95 | area=   all | maxDets=  1 ] = 0.667
 Average Recall     (AR) @[ IoU=0.50:0.95 | area=   all | maxDets= 10 ] = 0.887
 Average Recall     (AR) @[ IoU=0.50:0.95 | area=   all | maxDets=100 ] = 0.927
 Average Recall     (AR) @[ IoU=0.50:0.95 | area= small | maxDets=100 ] = -1.000
 Average Recall     (AR) @[ IoU=0.50:0.95 | area=medium | maxDets=100 ] = -1.000
 Average Recall     (AR) @[ IoU=0.50:0.95 | area= large | maxDets=100 ] = 0.927
 Average Recall     (AR) @[ IoU=0.50      | area=   all | maxDets=100 ] = 1.000
 Average Recall     (AR) @[ IoU=0.75      | area=   all | maxDets=100 ] = 0.967
best_stat: {'epoch': 82, 'coco_eval_bbox': 0.540296477215325}
Epoch: [84]  [0/8]  eta: 0:00:06  lr: 0.000003  loss: 38.4166 (38.4166)  loss_mal: 1.7305 (1.7305)  loss_bbox: 0.1657 (0.1657)  loss_giou: 0.1616 (0.1616)  loss_fgl: 0.8862 (0.8862)  loss_mal_aux_0: 2.6602 (2.6602)  loss_bbox_aux_0: 0.1821 (0.1821)  loss_giou_aux_0: 0.2076 (0.2076)  loss_fgl_aux_0: 1.0844 (1.0844)  loss_ddf_aux_0: 0.3789 (0.3789)  loss_mal_aux_1: 2.1035 (2.1035)  loss_bbox_aux_1: 0.1617 (0.1617)  loss_giou_aux_1: 0.1577 (0.1577)  loss_fgl_aux_1: 0.8927 (0.8927)  loss_ddf_aux_1: 0.0539 (0.0539)  loss_mal_aux_2: 1.7256 (1.7256)  loss_bbox_aux_2: 0.1666 (0.1666)  loss_giou_aux_2: 0.1618 (0.1618)  loss_fgl_aux_2: 0.8879 (0.8879)  loss_ddf_aux_2: 0.0034 (0.0034)  loss_mal_pre: 2.8047 (2.8047)  loss_bbox_pre: 0.1805 (0.1805)  loss_giou_pre: 0.2068 (0.2068)  loss_mal_enc_0: 2.5742 (2.5742)  loss_bbox_enc_0: 0.8614 (0.8614)  loss_giou_enc_0: 0.7761 (0.7761)  loss_mal_dn_0: 2.1758 (2.1758)  loss_bbox_dn_0: 0.6588 (0.6588)  loss_giou_dn_0: 0.4723 (0.4723)  loss_fgl_dn_0: 1.2068 (1.2068)  loss_ddf_dn_0: 0.8063 (0.8063)  loss_mal_dn_1: 1.3828 (1.3828)  loss_bbox_dn_1: 0.2574 (0.2574)  loss_giou_dn_1: 0.2323 (0.2323)  loss_fgl_dn_1: 1.0010 (1.0010)  loss_ddf_dn_1: 0.1415 (0.1415)  loss_mal_dn_2: 1.2695 (1.2695)  loss_bbox_dn_2: 0.2167 (0.2167)  loss_giou_dn_2: 0.2040 (0.2040)  loss_fgl_dn_2: 0.9565 (0.9565)  loss_ddf_dn_2: 0.0089 (0.0089)  loss_mal_dn_3: 1.4375 (1.4375)  loss_bbox_dn_3: 0.2106 (0.2106)  loss_giou_dn_3: 0.2012 (0.2012)  loss_fgl_dn_3: 0.9558 (0.9558)  loss_mal_dn_pre: 2.2832 (2.2832)  loss_bbox_dn_pre: 0.6854 (0.6854)  loss_giou_dn_pre: 0.4766 (0.4766)  time: 0.7825  data: 0.6131  max mem: 3583
Epoch: [84]  [7/8]  eta: 0:00:00  lr: 0.000003  loss: 35.8173 (36.5485)  loss_mal: 1.6191 (1.6543)  loss_bbox: 0.0785 (0.1161)  loss_giou: 0.1616 (0.1766)  loss_fgl: 0.9382 (0.9277)  loss_mal_aux_0: 2.4551 (2.4578)  loss_bbox_aux_0: 0.1112 (0.1501)  loss_giou_aux_0: 0.2076 (0.2542)  loss_fgl_aux_0: 1.0837 (1.1081)  loss_ddf_aux_0: 0.3789 (0.4129)  loss_mal_aux_1: 1.8652 (1.8995)  loss_bbox_aux_1: 0.0839 (0.1206)  loss_giou_aux_1: 0.1577 (0.1864)  loss_fgl_aux_1: 0.9240 (0.9508)  loss_ddf_aux_1: 0.0501 (0.0561)  loss_mal_aux_2: 1.5547 (1.5742)  loss_bbox_aux_2: 0.0800 (0.1161)  loss_giou_aux_2: 0.1618 (0.1771)  loss_fgl_aux_2: 0.9373 (0.9271)  loss_ddf_aux_2: 0.0030 (0.0036)  loss_mal_pre: 2.5605 (2.5579)  loss_bbox_pre: 0.1075 (0.1522)  loss_giou_pre: 0.2068 (0.2506)  loss_mal_enc_0: 2.4922 (2.5608)  loss_bbox_enc_0: 0.5459 (0.5777)  loss_giou_enc_0: 0.8125 (0.8019)  loss_mal_dn_0: 2.1719 (2.1675)  loss_bbox_dn_0: 0.2908 (0.3496)  loss_giou_dn_0: 0.4060 (0.4397)  loss_fgl_dn_0: 1.2192 (1.2338)  loss_ddf_dn_0: 0.9469 (1.0205)  loss_mal_dn_1: 1.2676 (1.2697)  loss_bbox_dn_1: 0.1345 (0.1755)  loss_giou_dn_1: 0.2133 (0.2460)  loss_fgl_dn_1: 0.9620 (0.9862)  loss_ddf_dn_1: 0.1415 (0.1500)  loss_mal_dn_2: 1.2041 (1.2354)  loss_bbox_dn_2: 0.1077 (0.1488)  loss_giou_dn_2: 0.2031 (0.2179)  loss_fgl_dn_2: 0.9392 (0.9360)  loss_ddf_dn_2: 0.0089 (0.0098)  loss_mal_dn_3: 1.4033 (1.4053)  loss_bbox_dn_3: 0.1041 (0.1459)  loss_giou_dn_3: 0.1961 (0.2147)  loss_fgl_dn_3: 0.9480 (0.9364)  loss_mal_dn_pre: 2.2852 (2.2915)  loss_bbox_dn_pre: 0.2972 (0.3588)  loss_giou_dn_pre: 0.4053 (0.4397)  time: 0.2530  data: 0.1091  max mem: 3583
Epoch: [84] Total time: 0:00:02 (0.2623 s / it)
Averaged stats: lr: 0.000003  loss: 35.8173 (36.5485)  loss_mal: 1.6191 (1.6543)  loss_bbox: 0.0785 (0.1161)  loss_giou: 0.1616 (0.1766)  loss_fgl: 0.9382 (0.9277)  loss_mal_aux_0: 2.4551 (2.4578)  loss_bbox_aux_0: 0.1112 (0.1501)  loss_giou_aux_0: 0.2076 (0.2542)  loss_fgl_aux_0: 1.0837 (1.1081)  loss_ddf_aux_0: 0.3789 (0.4129)  loss_mal_aux_1: 1.8652 (1.8995)  loss_bbox_aux_1: 0.0839 (0.1206)  loss_giou_aux_1: 0.1577 (0.1864)  loss_fgl_aux_1: 0.9240 (0.9508)  loss_ddf_aux_1: 0.0501 (0.0561)  loss_mal_aux_2: 1.5547 (1.5742)  loss_bbox_aux_2: 0.0800 (0.1161)  loss_giou_aux_2: 0.1618 (0.1771)  loss_fgl_aux_2: 0.9373 (0.9271)  loss_ddf_aux_2: 0.0030 (0.0036)  loss_mal_pre: 2.5605 (2.5579)  loss_bbox_pre: 0.1075 (0.1522)  loss_giou_pre: 0.2068 (0.2506)  loss_mal_enc_0: 2.4922 (2.5608)  loss_bbox_enc_0: 0.5459 (0.5777)  loss_giou_enc_0: 0.8125 (0.8019)  loss_mal_dn_0: 2.1719 (2.1675)  loss_bbox_dn_0: 0.2908 (0.3496)  loss_giou_dn_0: 0.4060 (0.4397)  loss_fgl_dn_0: 1.2192 (1.2338)  loss_ddf_dn_0: 0.9469 (1.0205)  loss_mal_dn_1: 1.2676 (1.2697)  loss_bbox_dn_1: 0.1345 (0.1755)  loss_giou_dn_1: 0.2133 (0.2460)  loss_fgl_dn_1: 0.9620 (0.9862)  loss_ddf_dn_1: 0.1415 (0.1500)  loss_mal_dn_2: 1.2041 (1.2354)  loss_bbox_dn_2: 0.1077 (0.1488)  loss_giou_dn_2: 0.2031 (0.2179)  loss_fgl_dn_2: 0.9392 (0.9360)  loss_ddf_dn_2: 0.0089 (0.0098)  loss_mal_dn_3: 1.4033 (1.4053)  loss_bbox_dn_3: 0.1041 (0.1459)  loss_giou_dn_3: 0.1961 (0.2147)  loss_fgl_dn_3: 0.9480 (0.9364)  loss_mal_dn_pre: 2.2852 (2.2915)  loss_bbox_dn_pre: 0.2972 (0.3588)  loss_giou_dn_pre: 0.4053 (0.4397)
Test:  [0/4]  eta: 0:00:01    time: 0.3812  data: 0.3411  max mem: 3583
Test:  [3/4]  eta: 0:00:00    time: 0.1198  data: 0.0874  max mem: 3583
Test: Total time: 0:00:00 (0.1398 s / it)
Averaged stats: 
Accumulating evaluation results...
COCOeval_opt.accumulate() finished...
DONE (t=0.00s).
IoU metric: bbox
 Average Precision  (AP) @[ IoU=0.50:0.95 | area=   all | maxDets=100 ] = 0.684
 Average Precision  (AP) @[ IoU=0.50      | area=   all | maxDets=100 ] = 0.829
 Average Precision  (AP) @[ IoU=0.75      | area=   all | maxDets=100 ] = 0.733
 Average Precision  (AP) @[ IoU=0.50:0.95 | area= small | maxDets=100 ] = -1.000
 Average Precision  (AP) @[ IoU=0.50:0.95 | area=medium | maxDets=100 ] = -1.000
 Average Precision  (AP) @[ IoU=0.50:0.95 | area= large | maxDets=100 ] = 0.684
 Average Recall     (AR) @[ IoU=0.50:0.95 | area=   all | maxDets=  1 ] = 0.747
 Average Recall     (AR) @[ IoU=0.50:0.95 | area=   all | maxDets= 10 ] = 0.890
 Average Recall     (AR) @[ IoU=0.50:0.95 | area=   all | maxDets=100 ] = 0.913
 Average Recall     (AR) @[ IoU=0.50:0.95 | area= small | maxDets=100 ] = -1.000
 Average Recall     (AR) @[ IoU=0.50:0.95 | area=medium | maxDets=100 ] = -1.000
 Average Recall     (AR) @[ IoU=0.50:0.95 | area= large | maxDets=100 ] = 0.913
 Average Recall     (AR) @[ IoU=0.50      | area=   all | maxDets=100 ] = 1.000
 Average Recall     (AR) @[ IoU=0.75      | area=   all | maxDets=100 ] = 0.933
best_stat: {'epoch': 84, 'coco_eval_bbox': 0.6837749142482599}
Epoch: [85]  [0/8]  eta: 0:00:10  lr: 0.000003  loss: 34.7116 (34.7116)  loss_mal: 1.6426 (1.6426)  loss_bbox: 0.0617 (0.0617)  loss_giou: 0.1347 (0.1347)  loss_fgl: 0.8361 (0.8361)  loss_mal_aux_0: 2.2695 (2.2695)  loss_bbox_aux_0: 0.1065 (0.1065)  loss_giou_aux_0: 0.2502 (0.2502)  loss_fgl_aux_0: 1.1728 (1.1728)  loss_ddf_aux_0: 0.6192 (0.6192)  loss_mal_aux_1: 1.8018 (1.8018)  loss_bbox_aux_1: 0.0740 (0.0740)  loss_giou_aux_1: 0.1568 (0.1568)  loss_fgl_aux_1: 0.9073 (0.9073)  loss_ddf_aux_1: 0.0790 (0.0790)  loss_mal_aux_2: 1.5596 (1.5596)  loss_bbox_aux_2: 0.0616 (0.0616)  loss_giou_aux_2: 0.1339 (0.1339)  loss_fgl_aux_2: 0.8343 (0.8343)  loss_ddf_aux_2: 0.0041 (0.0041)  loss_mal_pre: 2.3965 (2.3965)  loss_bbox_pre: 0.1073 (0.1073)  loss_giou_pre: 0.2407 (0.2407)  loss_mal_enc_0: 2.4570 (2.4570)  loss_bbox_enc_0: 0.4087 (0.4087)  loss_giou_enc_0: 0.7712 (0.7712)  loss_mal_dn_0: 2.1836 (2.1836)  loss_bbox_dn_0: 0.1556 (0.1556)  loss_giou_dn_0: 0.3852 (0.3852)  loss_fgl_dn_0: 1.2510 (1.2510)  loss_ddf_dn_0: 1.3271 (1.3271)  loss_mal_dn_1: 1.2744 (1.2744)  loss_bbox_dn_1: 0.0835 (0.0835)  loss_giou_dn_1: 0.2006 (0.2006)  loss_fgl_dn_1: 0.8832 (0.8832)  loss_ddf_dn_1: 0.1572 (0.1572)  loss_mal_dn_2: 1.2480 (1.2480)  loss_bbox_dn_2: 0.0756 (0.0756)  loss_giou_dn_2: 0.1809 (0.1809)  loss_fgl_dn_2: 0.8350 (0.8350)  loss_ddf_dn_2: 0.0101 (0.0101)  loss_mal_dn_3: 1.4023 (1.4023)  loss_bbox_dn_3: 0.0761 (0.0761)  loss_giou_dn_3: 0.1829 (0.1829)  loss_fgl_dn_3: 0.8388 (0.8388)  loss_mal_dn_pre: 2.3398 (2.3398)  loss_bbox_dn_pre: 0.1545 (0.1545)  loss_giou_dn_pre: 0.3791 (0.3791)  time: 1.2628  data: 1.0697  max mem: 3583
Epoch: [85]  [7/8]  eta: 0:00:00  lr: 0.000003  loss: 38.5670 (40.5388)  loss_mal: 1.7090 (1.7350)  loss_bbox: 0.2315 (0.3031)  loss_giou: 0.2410 (0.2831)  loss_fgl: 0.9551 (0.9666)  loss_mal_aux_0: 2.2695 (2.2817)  loss_bbox_aux_0: 0.3563 (0.4019)  loss_giou_aux_0: 0.3846 (0.3990)  loss_fgl_aux_0: 1.1903 (1.1647)  loss_ddf_aux_0: 0.5282 (0.5913)  loss_mal_aux_1: 1.8604 (2.0189)  loss_bbox_aux_1: 0.2715 (0.3135)  loss_giou_aux_1: 0.2642 (0.2985)  loss_fgl_aux_1: 1.0142 (1.0091)  loss_ddf_aux_1: 0.0917 (0.0920)  loss_mal_aux_2: 1.7422 (1.7269)  loss_bbox_aux_2: 0.2411 (0.3000)  loss_giou_aux_2: 0.2405 (0.2830)  loss_fgl_aux_2: 0.9562 (0.9655)  loss_ddf_aux_2: 0.0048 (0.0058)  loss_mal_pre: 2.3555 (2.3860)  loss_bbox_pre: 0.3665 (0.4088)  loss_giou_pre: 0.3830 (0.3975)  loss_mal_enc_0: 2.1602 (2.2367)  loss_bbox_enc_0: 0.8756 (0.9446)  loss_giou_enc_0: 0.8720 (0.9063)  loss_mal_dn_0: 1.9805 (2.0227)  loss_bbox_dn_0: 0.5962 (0.6084)  loss_giou_dn_0: 0.5623 (0.5547)  loss_fgl_dn_0: 1.2510 (1.2489)  loss_ddf_dn_0: 1.0191 (1.1639)  loss_mal_dn_1: 1.2744 (1.2894)  loss_bbox_dn_1: 0.3614 (0.4253)  loss_giou_dn_1: 0.3229 (0.3664)  loss_fgl_dn_1: 1.0260 (1.0314)  loss_ddf_dn_1: 0.1591 (0.1749)  loss_mal_dn_2: 1.2041 (1.2103)  loss_bbox_dn_2: 0.3010 (0.3834)  loss_giou_dn_2: 0.2867 (0.3297)  loss_fgl_dn_2: 0.9668 (0.9789)  loss_ddf_dn_2: 0.0115 (0.0116)  loss_mal_dn_3: 1.3037 (1.3265)  loss_bbox_dn_3: 0.2990 (0.3798)  loss_giou_dn_3: 0.2801 (0.3266)  loss_fgl_dn_3: 0.9646 (0.9791)  loss_mal_dn_pre: 2.0918 (2.1356)  loss_bbox_dn_pre: 0.6035 (0.6179)  loss_giou_dn_pre: 0.5649 (0.5540)  time: 0.2946  data: 0.1353  max mem: 3583
Epoch: [85] Total time: 0:00:02 (0.3041 s / it)
Averaged stats: lr: 0.000003  loss: 38.5670 (40.5388)  loss_mal: 1.7090 (1.7350)  loss_bbox: 0.2315 (0.3031)  loss_giou: 0.2410 (0.2831)  loss_fgl: 0.9551 (0.9666)  loss_mal_aux_0: 2.2695 (2.2817)  loss_bbox_aux_0: 0.3563 (0.4019)  loss_giou_aux_0: 0.3846 (0.3990)  loss_fgl_aux_0: 1.1903 (1.1647)  loss_ddf_aux_0: 0.5282 (0.5913)  loss_mal_aux_1: 1.8604 (2.0189)  loss_bbox_aux_1: 0.2715 (0.3135)  loss_giou_aux_1: 0.2642 (0.2985)  loss_fgl_aux_1: 1.0142 (1.0091)  loss_ddf_aux_1: 0.0917 (0.0920)  loss_mal_aux_2: 1.7422 (1.7269)  loss_bbox_aux_2: 0.2411 (0.3000)  loss_giou_aux_2: 0.2405 (0.2830)  loss_fgl_aux_2: 0.9562 (0.9655)  loss_ddf_aux_2: 0.0048 (0.0058)  loss_mal_pre: 2.3555 (2.3860)  loss_bbox_pre: 0.3665 (0.4088)  loss_giou_pre: 0.3830 (0.3975)  loss_mal_enc_0: 2.1602 (2.2367)  loss_bbox_enc_0: 0.8756 (0.9446)  loss_giou_enc_0: 0.8720 (0.9063)  loss_mal_dn_0: 1.9805 (2.0227)  loss_bbox_dn_0: 0.5962 (0.6084)  loss_giou_dn_0: 0.5623 (0.5547)  loss_fgl_dn_0: 1.2510 (1.2489)  loss_ddf_dn_0: 1.0191 (1.1639)  loss_mal_dn_1: 1.2744 (1.2894)  loss_bbox_dn_1: 0.3614 (0.4253)  loss_giou_dn_1: 0.3229 (0.3664)  loss_fgl_dn_1: 1.0260 (1.0314)  loss_ddf_dn_1: 0.1591 (0.1749)  loss_mal_dn_2: 1.2041 (1.2103)  loss_bbox_dn_2: 0.3010 (0.3834)  loss_giou_dn_2: 0.2867 (0.3297)  loss_fgl_dn_2: 0.9668 (0.9789)  loss_ddf_dn_2: 0.0115 (0.0116)  loss_mal_dn_3: 1.3037 (1.3265)  loss_bbox_dn_3: 0.2990 (0.3798)  loss_giou_dn_3: 0.2801 (0.3266)  loss_fgl_dn_3: 0.9646 (0.9791)  loss_mal_dn_pre: 2.0918 (2.1356)  loss_bbox_dn_pre: 0.6035 (0.6179)  loss_giou_dn_pre: 0.5649 (0.5540)
Test:  [0/4]  eta: 0:00:01    time: 0.3758  data: 0.3356  max mem: 3583
Test:  [3/4]  eta: 0:00:00    time: 0.1195  data: 0.0859  max mem: 3583
Test: Total time: 0:00:00 (0.1397 s / it)
Averaged stats: 
Accumulating evaluation results...
COCOeval_opt.accumulate() finished...
DONE (t=0.00s).
IoU metric: bbox
 Average Precision  (AP) @[ IoU=0.50:0.95 | area=   all | maxDets=100 ] = 0.444
 Average Precision  (AP) @[ IoU=0.50      | area=   all | maxDets=100 ] = 0.544
 Average Precision  (AP) @[ IoU=0.75      | area=   all | maxDets=100 ] = 0.452
 Average Precision  (AP) @[ IoU=0.50:0.95 | area= small | maxDets=100 ] = -1.000
 Average Precision  (AP) @[ IoU=0.50:0.95 | area=medium | maxDets=100 ] = -1.000
 Average Precision  (AP) @[ IoU=0.50:0.95 | area= large | maxDets=100 ] = 0.444
 Average Recall     (AR) @[ IoU=0.50:0.95 | area=   all | maxDets=  1 ] = 0.757
 Average Recall     (AR) @[ IoU=0.50:0.95 | area=   all | maxDets= 10 ] = 0.890
 Average Recall     (AR) @[ IoU=0.50:0.95 | area=   all | maxDets=100 ] = 0.913
 Average Recall     (AR) @[ IoU=0.50:0.95 | area= small | maxDets=100 ] = -1.000
 Average Recall     (AR) @[ IoU=0.50:0.95 | area=medium | maxDets=100 ] = -1.000
 Average Recall     (AR) @[ IoU=0.50:0.95 | area= large | maxDets=100 ] = 0.913
 Average Recall     (AR) @[ IoU=0.50      | area=   all | maxDets=100 ] = 1.000
 Average Recall     (AR) @[ IoU=0.75      | area=   all | maxDets=100 ] = 0.933
best_stat: {'epoch': 84, 'coco_eval_bbox': 0.6837749142482599}
Epoch: [86]  [0/8]  eta: 0:00:09  lr: 0.000003  loss: 41.2169 (41.2169)  loss_mal: 1.7441 (1.7441)  loss_bbox: 0.2621 (0.2621)  loss_giou: 0.2513 (0.2513)  loss_fgl: 1.0886 (1.0886)  loss_mal_aux_0: 2.3633 (2.3633)  loss_bbox_aux_0: 0.3674 (0.3674)  loss_giou_aux_0: 0.3657 (0.3657)  loss_fgl_aux_0: 1.2638 (1.2638)  loss_ddf_aux_0: 0.6036 (0.6036)  loss_mal_aux_1: 1.7842 (1.7842)  loss_bbox_aux_1: 0.2721 (0.2721)  loss_giou_aux_1: 0.2666 (0.2666)  loss_fgl_aux_1: 1.1249 (1.1249)  loss_ddf_aux_1: 0.0793 (0.0793)  loss_mal_aux_2: 1.6689 (1.6689)  loss_bbox_aux_2: 0.2640 (0.2640)  loss_giou_aux_2: 0.2514 (0.2514)  loss_fgl_aux_2: 1.0930 (1.0930)  loss_ddf_aux_2: 0.0046 (0.0046)  loss_mal_pre: 2.4336 (2.4336)  loss_bbox_pre: 0.3692 (0.3692)  loss_giou_pre: 0.3684 (0.3684)  loss_mal_enc_0: 2.3145 (2.3145)  loss_bbox_enc_0: 0.8770 (0.8770)  loss_giou_enc_0: 0.8810 (0.8810)  loss_mal_dn_0: 1.9121 (1.9121)  loss_bbox_dn_0: 0.6722 (0.6722)  loss_giou_dn_0: 0.6082 (0.6082)  loss_fgl_dn_0: 1.2620 (1.2620)  loss_ddf_dn_0: 1.4184 (1.4184)  loss_mal_dn_1: 1.3213 (1.3213)  loss_bbox_dn_1: 0.4526 (0.4526)  loss_giou_dn_1: 0.3960 (0.3960)  loss_fgl_dn_1: 1.1071 (1.1071)  loss_ddf_dn_1: 0.1968 (0.1968)  loss_mal_dn_2: 1.1777 (1.1777)  loss_bbox_dn_2: 0.4241 (0.4241)  loss_giou_dn_2: 0.3683 (0.3683)  loss_fgl_dn_2: 1.0730 (1.0730)  loss_ddf_dn_2: 0.0135 (0.0135)  loss_mal_dn_3: 1.2783 (1.2783)  loss_bbox_dn_3: 0.4231 (0.4231)  loss_giou_dn_3: 0.3664 (0.3664)  loss_fgl_dn_3: 1.0754 (1.0754)  loss_mal_dn_pre: 2.0117 (2.0117)  loss_bbox_dn_pre: 0.6845 (0.6845)  loss_giou_dn_pre: 0.6116 (0.6116)  time: 1.1287  data: 0.9088  max mem: 3583
Epoch: [86]  [7/8]  eta: 0:00:00  lr: 0.000003  loss: 37.8210 (37.8342)  loss_mal: 1.6689 (1.7260)  loss_bbox: 0.1525 (0.1494)  loss_giou: 0.2189 (0.2041)  loss_fgl: 0.9331 (0.9597)  loss_mal_aux_0: 2.3770 (2.3743)  loss_bbox_aux_0: 0.2074 (0.2164)  loss_giou_aux_0: 0.3074 (0.3020)  loss_fgl_aux_0: 1.1330 (1.1227)  loss_ddf_aux_0: 0.3979 (0.4585)  loss_mal_aux_1: 1.7842 (1.9266)  loss_bbox_aux_1: 0.1561 (0.1556)  loss_giou_aux_1: 0.2270 (0.2164)  loss_fgl_aux_1: 0.9735 (0.9855)  loss_ddf_aux_1: 0.0521 (0.0677)  loss_mal_aux_2: 1.6270 (1.6798)  loss_bbox_aux_2: 0.1564 (0.1504)  loss_giou_aux_2: 0.2150 (0.2053)  loss_fgl_aux_2: 0.9361 (0.9620)  loss_ddf_aux_2: 0.0045 (0.0050)  loss_mal_pre: 2.4531 (2.4507)  loss_bbox_pre: 0.2124 (0.2138)  loss_giou_pre: 0.3114 (0.2980)  loss_mal_enc_0: 2.4668 (2.4485)  loss_bbox_enc_0: 0.5904 (0.6526)  loss_giou_enc_0: 0.7714 (0.8107)  loss_mal_dn_0: 1.9648 (1.9854)  loss_bbox_dn_0: 0.4429 (0.4940)  loss_giou_dn_0: 0.5359 (0.5204)  loss_fgl_dn_0: 1.2435 (1.2397)  loss_ddf_dn_0: 1.1351 (1.1573)  loss_mal_dn_1: 1.2754 (1.2727)  loss_bbox_dn_1: 0.2784 (0.2791)  loss_giou_dn_1: 0.3131 (0.3070)  loss_fgl_dn_1: 1.0021 (1.0286)  loss_ddf_dn_1: 0.1651 (0.1748)  loss_mal_dn_2: 1.1865 (1.1979)  loss_bbox_dn_2: 0.2507 (0.2385)  loss_giou_dn_2: 0.2775 (0.2709)  loss_fgl_dn_2: 0.9559 (0.9798)  loss_ddf_dn_2: 0.0127 (0.0120)  loss_mal_dn_3: 1.3066 (1.3234)  loss_bbox_dn_3: 0.2413 (0.2344)  loss_giou_dn_3: 0.2696 (0.2676)  loss_fgl_dn_3: 0.9456 (0.9800)  loss_mal_dn_pre: 2.0703 (2.0989)  loss_bbox_dn_pre: 0.4367 (0.5081)  loss_giou_dn_pre: 0.5259 (0.5220)  time: 0.2662  data: 0.1172  max mem: 3583
Epoch: [86] Total time: 0:00:02 (0.2772 s / it)
Averaged stats: lr: 0.000003  loss: 37.8210 (37.8342)  loss_mal: 1.6689 (1.7260)  loss_bbox: 0.1525 (0.1494)  loss_giou: 0.2189 (0.2041)  loss_fgl: 0.9331 (0.9597)  loss_mal_aux_0: 2.3770 (2.3743)  loss_bbox_aux_0: 0.2074 (0.2164)  loss_giou_aux_0: 0.3074 (0.3020)  loss_fgl_aux_0: 1.1330 (1.1227)  loss_ddf_aux_0: 0.3979 (0.4585)  loss_mal_aux_1: 1.7842 (1.9266)  loss_bbox_aux_1: 0.1561 (0.1556)  loss_giou_aux_1: 0.2270 (0.2164)  loss_fgl_aux_1: 0.9735 (0.9855)  loss_ddf_aux_1: 0.0521 (0.0677)  loss_mal_aux_2: 1.6270 (1.6798)  loss_bbox_aux_2: 0.1564 (0.1504)  loss_giou_aux_2: 0.2150 (0.2053)  loss_fgl_aux_2: 0.9361 (0.9620)  loss_ddf_aux_2: 0.0045 (0.0050)  loss_mal_pre: 2.4531 (2.4507)  loss_bbox_pre: 0.2124 (0.2138)  loss_giou_pre: 0.3114 (0.2980)  loss_mal_enc_0: 2.4668 (2.4485)  loss_bbox_enc_0: 0.5904 (0.6526)  loss_giou_enc_0: 0.7714 (0.8107)  loss_mal_dn_0: 1.9648 (1.9854)  loss_bbox_dn_0: 0.4429 (0.4940)  loss_giou_dn_0: 0.5359 (0.5204)  loss_fgl_dn_0: 1.2435 (1.2397)  loss_ddf_dn_0: 1.1351 (1.1573)  loss_mal_dn_1: 1.2754 (1.2727)  loss_bbox_dn_1: 0.2784 (0.2791)  loss_giou_dn_1: 0.3131 (0.3070)  loss_fgl_dn_1: 1.0021 (1.0286)  loss_ddf_dn_1: 0.1651 (0.1748)  loss_mal_dn_2: 1.1865 (1.1979)  loss_bbox_dn_2: 0.2507 (0.2385)  loss_giou_dn_2: 0.2775 (0.2709)  loss_fgl_dn_2: 0.9559 (0.9798)  loss_ddf_dn_2: 0.0127 (0.0120)  loss_mal_dn_3: 1.3066 (1.3234)  loss_bbox_dn_3: 0.2413 (0.2344)  loss_giou_dn_3: 0.2696 (0.2676)  loss_fgl_dn_3: 0.9456 (0.9800)  loss_mal_dn_pre: 2.0703 (2.0989)  loss_bbox_dn_pre: 0.4367 (0.5081)  loss_giou_dn_pre: 0.5259 (0.5220)
Test:  [0/4]  eta: 0:00:01    time: 0.4238  data: 0.3852  max mem: 3583
Test:  [3/4]  eta: 0:00:00    time: 0.1781  data: 0.0985  max mem: 3583
Test: Total time: 0:00:00 (0.2011 s / it)
Averaged stats: 
Accumulating evaluation results...
COCOeval_opt.accumulate() finished...
DONE (t=0.00s).
IoU metric: bbox
 Average Precision  (AP) @[ IoU=0.50:0.95 | area=   all | maxDets=100 ] = 0.579
 Average Precision  (AP) @[ IoU=0.50      | area=   all | maxDets=100 ] = 0.709
 Average Precision  (AP) @[ IoU=0.75      | area=   all | maxDets=100 ] = 0.609
 Average Precision  (AP) @[ IoU=0.50:0.95 | area= small | maxDets=100 ] = -1.000
 Average Precision  (AP) @[ IoU=0.50:0.95 | area=medium | maxDets=100 ] = -1.000
 Average Precision  (AP) @[ IoU=0.50:0.95 | area= large | maxDets=100 ] = 0.579
 Average Recall     (AR) @[ IoU=0.50:0.95 | area=   all | maxDets=  1 ] = 0.760
 Average Recall     (AR) @[ IoU=0.50:0.95 | area=   all | maxDets= 10 ] = 0.890
 Average Recall     (AR) @[ IoU=0.50:0.95 | area=   all | maxDets=100 ] = 0.907
 Average Recall     (AR) @[ IoU=0.50:0.95 | area= small | maxDets=100 ] = -1.000
 Average Recall     (AR) @[ IoU=0.50:0.95 | area=medium | maxDets=100 ] = -1.000
 Average Recall     (AR) @[ IoU=0.50:0.95 | area= large | maxDets=100 ] = 0.907
 Average Recall     (AR) @[ IoU=0.50      | area=   all | maxDets=100 ] = 1.000
 Average Recall     (AR) @[ IoU=0.75      | area=   all | maxDets=100 ] = 0.933
best_stat: {'epoch': 84, 'coco_eval_bbox': 0.6837749142482599}
Epoch: [87]  [0/8]  eta: 0:00:08  lr: 0.000003  loss: 36.9374 (36.9374)  loss_mal: 1.5293 (1.5293)  loss_bbox: 0.1205 (0.1205)  loss_giou: 0.2191 (0.2191)  loss_fgl: 0.9878 (0.9878)  loss_mal_aux_0: 2.4434 (2.4434)  loss_bbox_aux_0: 0.1589 (0.1589)  loss_giou_aux_0: 0.2768 (0.2768)  loss_fgl_aux_0: 1.1070 (1.1070)  loss_ddf_aux_0: 0.5392 (0.5392)  loss_mal_aux_1: 1.6973 (1.6973)  loss_bbox_aux_1: 0.1289 (0.1289)  loss_giou_aux_1: 0.2288 (0.2288)  loss_fgl_aux_1: 1.0280 (1.0280)  loss_ddf_aux_1: 0.0772 (0.0772)  loss_mal_aux_2: 1.5234 (1.5234)  loss_bbox_aux_2: 0.1214 (0.1214)  loss_giou_aux_2: 0.2192 (0.2192)  loss_fgl_aux_2: 0.9852 (0.9852)  loss_ddf_aux_2: 0.0040 (0.0040)  loss_mal_pre: 2.5449 (2.5449)  loss_bbox_pre: 0.1588 (0.1588)  loss_giou_pre: 0.2722 (0.2722)  loss_mal_enc_0: 2.3906 (2.3906)  loss_bbox_enc_0: 0.5798 (0.5798)  loss_giou_enc_0: 0.8343 (0.8343)  loss_mal_dn_0: 1.9316 (1.9316)  loss_bbox_dn_0: 0.3895 (0.3895)  loss_giou_dn_0: 0.5464 (0.5464)  loss_fgl_dn_0: 1.2917 (1.2917)  loss_ddf_dn_0: 1.2571 (1.2571)  loss_mal_dn_1: 1.2129 (1.2129)  loss_bbox_dn_1: 0.2158 (0.2158)  loss_giou_dn_1: 0.3237 (0.3237)  loss_fgl_dn_1: 1.0442 (1.0442)  loss_ddf_dn_1: 0.1807 (0.1807)  loss_mal_dn_2: 1.1689 (1.1689)  loss_bbox_dn_2: 0.1850 (0.1850)  loss_giou_dn_2: 0.2877 (0.2877)  loss_fgl_dn_2: 0.9895 (0.9895)  loss_ddf_dn_2: 0.0111 (0.0111)  loss_mal_dn_3: 1.2715 (1.2715)  loss_bbox_dn_3: 0.1857 (0.1857)  loss_giou_dn_3: 0.2859 (0.2859)  loss_fgl_dn_3: 0.9914 (0.9914)  loss_mal_dn_pre: 2.0508 (2.0508)  loss_bbox_dn_pre: 0.3941 (0.3941)  loss_giou_dn_pre: 0.5459 (0.5459)  time: 1.0640  data: 0.8778  max mem: 3583
Epoch: [87]  [7/8]  eta: 0:00:00  lr: 0.000003  loss: 34.6370 (34.9022)  loss_mal: 1.4375 (1.5291)  loss_bbox: 0.0768 (0.1027)  loss_giou: 0.1687 (0.1527)  loss_fgl: 0.8542 (0.8623)  loss_mal_aux_0: 2.4238 (2.4792)  loss_bbox_aux_0: 0.1165 (0.1403)  loss_giou_aux_0: 0.2314 (0.2271)  loss_fgl_aux_0: 1.0558 (1.0400)  loss_ddf_aux_0: 0.2837 (0.3447)  loss_mal_aux_1: 1.6973 (1.8601)  loss_bbox_aux_1: 0.0830 (0.1090)  loss_giou_aux_1: 0.1724 (0.1647)  loss_fgl_aux_1: 0.9088 (0.8992)  loss_ddf_aux_1: 0.0459 (0.0499)  loss_mal_aux_2: 1.4238 (1.4823)  loss_bbox_aux_2: 0.0785 (0.1032)  loss_giou_aux_2: 0.1697 (0.1536)  loss_fgl_aux_2: 0.8535 (0.8627)  loss_ddf_aux_2: 0.0029 (0.0033)  loss_mal_pre: 2.5215 (2.5024)  loss_bbox_pre: 0.1235 (0.1456)  loss_giou_pre: 0.2380 (0.2333)  loss_mal_enc_0: 2.5117 (2.5327)  loss_bbox_enc_0: 0.5196 (0.5623)  loss_giou_enc_0: 0.7163 (0.7439)  loss_mal_dn_0: 2.0078 (2.0275)  loss_bbox_dn_0: 0.3815 (0.3481)  loss_giou_dn_0: 0.3810 (0.4194)  loss_fgl_dn_0: 1.1893 (1.2053)  loss_ddf_dn_0: 0.8220 (1.0204)  loss_mal_dn_1: 1.1572 (1.1805)  loss_bbox_dn_1: 0.1654 (0.1784)  loss_giou_dn_1: 0.1869 (0.2257)  loss_fgl_dn_1: 0.9654 (0.9465)  loss_ddf_dn_1: 0.1248 (0.1488)  loss_mal_dn_2: 1.1758 (1.1798)  loss_bbox_dn_2: 0.1196 (0.1480)  loss_giou_dn_2: 0.1652 (0.1980)  loss_fgl_dn_2: 0.9253 (0.8948)  loss_ddf_dn_2: 0.0079 (0.0099)  loss_mal_dn_3: 1.2842 (1.2998)  loss_bbox_dn_3: 0.1161 (0.1464)  loss_giou_dn_3: 0.1643 (0.1956)  loss_fgl_dn_3: 0.9281 (0.8957)  loss_mal_dn_pre: 2.1426 (2.1653)  loss_bbox_dn_pre: 0.3941 (0.3610)  loss_giou_dn_pre: 0.3865 (0.4211)  time: 0.2808  data: 0.1383  max mem: 3583
Epoch: [87] Total time: 0:00:02 (0.2924 s / it)
Averaged stats: lr: 0.000003  loss: 34.6370 (34.9022)  loss_mal: 1.4375 (1.5291)  loss_bbox: 0.0768 (0.1027)  loss_giou: 0.1687 (0.1527)  loss_fgl: 0.8542 (0.8623)  loss_mal_aux_0: 2.4238 (2.4792)  loss_bbox_aux_0: 0.1165 (0.1403)  loss_giou_aux_0: 0.2314 (0.2271)  loss_fgl_aux_0: 1.0558 (1.0400)  loss_ddf_aux_0: 0.2837 (0.3447)  loss_mal_aux_1: 1.6973 (1.8601)  loss_bbox_aux_1: 0.0830 (0.1090)  loss_giou_aux_1: 0.1724 (0.1647)  loss_fgl_aux_1: 0.9088 (0.8992)  loss_ddf_aux_1: 0.0459 (0.0499)  loss_mal_aux_2: 1.4238 (1.4823)  loss_bbox_aux_2: 0.0785 (0.1032)  loss_giou_aux_2: 0.1697 (0.1536)  loss_fgl_aux_2: 0.8535 (0.8627)  loss_ddf_aux_2: 0.0029 (0.0033)  loss_mal_pre: 2.5215 (2.5024)  loss_bbox_pre: 0.1235 (0.1456)  loss_giou_pre: 0.2380 (0.2333)  loss_mal_enc_0: 2.5117 (2.5327)  loss_bbox_enc_0: 0.5196 (0.5623)  loss_giou_enc_0: 0.7163 (0.7439)  loss_mal_dn_0: 2.0078 (2.0275)  loss_bbox_dn_0: 0.3815 (0.3481)  loss_giou_dn_0: 0.3810 (0.4194)  loss_fgl_dn_0: 1.1893 (1.2053)  loss_ddf_dn_0: 0.8220 (1.0204)  loss_mal_dn_1: 1.1572 (1.1805)  loss_bbox_dn_1: 0.1654 (0.1784)  loss_giou_dn_1: 0.1869 (0.2257)  loss_fgl_dn_1: 0.9654 (0.9465)  loss_ddf_dn_1: 0.1248 (0.1488)  loss_mal_dn_2: 1.1758 (1.1798)  loss_bbox_dn_2: 0.1196 (0.1480)  loss_giou_dn_2: 0.1652 (0.1980)  loss_fgl_dn_2: 0.9253 (0.8948)  loss_ddf_dn_2: 0.0079 (0.0099)  loss_mal_dn_3: 1.2842 (1.2998)  loss_bbox_dn_3: 0.1161 (0.1464)  loss_giou_dn_3: 0.1643 (0.1956)  loss_fgl_dn_3: 0.9281 (0.8957)  loss_mal_dn_pre: 2.1426 (2.1653)  loss_bbox_dn_pre: 0.3941 (0.3610)  loss_giou_dn_pre: 0.3865 (0.4211)
Test:  [0/4]  eta: 0:00:01    time: 0.4273  data: 0.3819  max mem: 3583
Test:  [3/4]  eta: 0:00:00    time: 0.1368  data: 0.0977  max mem: 3583
Test: Total time: 0:00:00 (0.1578 s / it)
Averaged stats: 
Accumulating evaluation results...
COCOeval_opt.accumulate() finished...
DONE (t=0.00s).
IoU metric: bbox
 Average Precision  (AP) @[ IoU=0.50:0.95 | area=   all | maxDets=100 ] = 0.616
 Average Precision  (AP) @[ IoU=0.50      | area=   all | maxDets=100 ] = 0.745
 Average Precision  (AP) @[ IoU=0.75      | area=   all | maxDets=100 ] = 0.638
 Average Precision  (AP) @[ IoU=0.50:0.95 | area= small | maxDets=100 ] = -1.000
 Average Precision  (AP) @[ IoU=0.50:0.95 | area=medium | maxDets=100 ] = -1.000
 Average Precision  (AP) @[ IoU=0.50:0.95 | area= large | maxDets=100 ] = 0.616
 Average Recall     (AR) @[ IoU=0.50:0.95 | area=   all | maxDets=  1 ] = 0.733
 Average Recall     (AR) @[ IoU=0.50:0.95 | area=   all | maxDets= 10 ] = 0.890
 Average Recall     (AR) @[ IoU=0.50:0.95 | area=   all | maxDets=100 ] = 0.930
 Average Recall     (AR) @[ IoU=0.50:0.95 | area= small | maxDets=100 ] = -1.000
 Average Recall     (AR) @[ IoU=0.50:0.95 | area=medium | maxDets=100 ] = -1.000
 Average Recall     (AR) @[ IoU=0.50:0.95 | area= large | maxDets=100 ] = 0.930
 Average Recall     (AR) @[ IoU=0.50      | area=   all | maxDets=100 ] = 1.000
 Average Recall     (AR) @[ IoU=0.75      | area=   all | maxDets=100 ] = 0.967
best_stat: {'epoch': 84, 'coco_eval_bbox': 0.6837749142482599}
Epoch: [88]  [0/8]  eta: 0:00:08  lr: 0.000003  loss: 35.6656 (35.6656)  loss_mal: 1.6299 (1.6299)  loss_bbox: 0.1368 (0.1368)  loss_giou: 0.1638 (0.1638)  loss_fgl: 0.8681 (0.8681)  loss_mal_aux_0: 2.8613 (2.8613)  loss_bbox_aux_0: 0.1702 (0.1702)  loss_giou_aux_0: 0.2001 (0.2001)  loss_fgl_aux_0: 1.0164 (1.0164)  loss_ddf_aux_0: 0.2262 (0.2262)  loss_mal_aux_1: 2.1133 (2.1133)  loss_bbox_aux_1: 0.1399 (0.1399)  loss_giou_aux_1: 0.1707 (0.1707)  loss_fgl_aux_1: 0.8983 (0.8983)  loss_ddf_aux_1: 0.0279 (0.0279)  loss_mal_aux_2: 1.5225 (1.5225)  loss_bbox_aux_2: 0.1375 (0.1375)  loss_giou_aux_2: 0.1625 (0.1625)  loss_fgl_aux_2: 0.8577 (0.8577)  loss_ddf_aux_2: 0.0035 (0.0035)  loss_mal_pre: 2.7910 (2.7910)  loss_bbox_pre: 0.1706 (0.1706)  loss_giou_pre: 0.1975 (0.1975)  loss_mal_enc_0: 2.7969 (2.7969)  loss_bbox_enc_0: 0.5573 (0.5573)  loss_giou_enc_0: 0.7066 (0.7066)  loss_mal_dn_0: 2.0820 (2.0820)  loss_bbox_dn_0: 0.2637 (0.2637)  loss_giou_dn_0: 0.3591 (0.3591)  loss_fgl_dn_0: 1.2292 (1.2292)  loss_ddf_dn_0: 0.7901 (0.7901)  loss_mal_dn_1: 1.1963 (1.1963)  loss_bbox_dn_1: 0.1369 (0.1369)  loss_giou_dn_1: 0.1936 (0.1936)  loss_fgl_dn_1: 0.9481 (0.9481)  loss_ddf_dn_1: 0.1146 (0.1146)  loss_mal_dn_2: 1.2480 (1.2480)  loss_bbox_dn_2: 0.1049 (0.1049)  loss_giou_dn_2: 0.1587 (0.1587)  loss_fgl_dn_2: 0.8731 (0.8731)  loss_ddf_dn_2: 0.0075 (0.0075)  loss_mal_dn_3: 1.4199 (1.4199)  loss_bbox_dn_3: 0.1016 (0.1016)  loss_giou_dn_3: 0.1580 (0.1580)  loss_fgl_dn_3: 0.8801 (0.8801)  loss_mal_dn_pre: 2.2422 (2.2422)  loss_bbox_dn_pre: 0.2769 (0.2769)  loss_giou_dn_pre: 0.3549 (0.3549)  time: 1.0056  data: 0.8439  max mem: 3583
Epoch: [88]  [7/8]  eta: 0:00:00  lr: 0.000003  loss: 33.5513 (33.8575)  loss_mal: 1.4014 (1.4497)  loss_bbox: 0.0791 (0.0812)  loss_giou: 0.1638 (0.1655)  loss_fgl: 0.9020 (0.9021)  loss_mal_aux_0: 2.4277 (2.5005)  loss_bbox_aux_0: 0.0988 (0.1125)  loss_giou_aux_0: 0.2081 (0.2298)  loss_fgl_aux_0: 1.0259 (1.0529)  loss_ddf_aux_0: 0.2116 (0.2894)  loss_mal_aux_1: 1.8486 (1.8425)  loss_bbox_aux_1: 0.0845 (0.0874)  loss_giou_aux_1: 0.1777 (0.1789)  loss_fgl_aux_1: 0.9187 (0.9313)  loss_ddf_aux_1: 0.0279 (0.0363)  loss_mal_aux_2: 1.4150 (1.4072)  loss_bbox_aux_2: 0.0802 (0.0822)  loss_giou_aux_2: 0.1625 (0.1668)  loss_fgl_aux_2: 0.8973 (0.9016)  loss_ddf_aux_2: 0.0033 (0.0035)  loss_mal_pre: 2.4004 (2.4534)  loss_bbox_pre: 0.0901 (0.1132)  loss_giou_pre: 0.2081 (0.2299)  loss_mal_enc_0: 2.5098 (2.5055)  loss_bbox_enc_0: 0.4432 (0.4815)  loss_giou_enc_0: 0.7811 (0.7835)  loss_mal_dn_0: 1.9629 (1.9812)  loss_bbox_dn_0: 0.2077 (0.2392)  loss_giou_dn_0: 0.3659 (0.3785)  loss_fgl_dn_0: 1.2292 (1.2324)  loss_ddf_dn_0: 0.9739 (0.9202)  loss_mal_dn_1: 1.1465 (1.1421)  loss_bbox_dn_1: 0.0900 (0.1044)  loss_giou_dn_1: 0.1936 (0.1994)  loss_fgl_dn_1: 0.9486 (0.9553)  loss_ddf_dn_1: 0.1172 (0.1217)  loss_mal_dn_2: 1.1719 (1.1757)  loss_bbox_dn_2: 0.0771 (0.0859)  loss_giou_dn_2: 0.1587 (0.1751)  loss_fgl_dn_2: 0.9109 (0.9093)  loss_ddf_dn_2: 0.0075 (0.0077)  loss_mal_dn_3: 1.2812 (1.3137)  loss_bbox_dn_3: 0.0750 (0.0827)  loss_giou_dn_3: 0.1580 (0.1728)  loss_fgl_dn_3: 0.9063 (0.9104)  loss_mal_dn_pre: 2.1191 (2.1316)  loss_bbox_dn_pre: 0.2092 (0.2491)  loss_giou_dn_pre: 0.3674 (0.3807)  time: 0.2745  data: 0.1410  max mem: 3583
Epoch: [88] Total time: 0:00:02 (0.2836 s / it)
Averaged stats: lr: 0.000003  loss: 33.5513 (33.8575)  loss_mal: 1.4014 (1.4497)  loss_bbox: 0.0791 (0.0812)  loss_giou: 0.1638 (0.1655)  loss_fgl: 0.9020 (0.9021)  loss_mal_aux_0: 2.4277 (2.5005)  loss_bbox_aux_0: 0.0988 (0.1125)  loss_giou_aux_0: 0.2081 (0.2298)  loss_fgl_aux_0: 1.0259 (1.0529)  loss_ddf_aux_0: 0.2116 (0.2894)  loss_mal_aux_1: 1.8486 (1.8425)  loss_bbox_aux_1: 0.0845 (0.0874)  loss_giou_aux_1: 0.1777 (0.1789)  loss_fgl_aux_1: 0.9187 (0.9313)  loss_ddf_aux_1: 0.0279 (0.0363)  loss_mal_aux_2: 1.4150 (1.4072)  loss_bbox_aux_2: 0.0802 (0.0822)  loss_giou_aux_2: 0.1625 (0.1668)  loss_fgl_aux_2: 0.8973 (0.9016)  loss_ddf_aux_2: 0.0033 (0.0035)  loss_mal_pre: 2.4004 (2.4534)  loss_bbox_pre: 0.0901 (0.1132)  loss_giou_pre: 0.2081 (0.2299)  loss_mal_enc_0: 2.5098 (2.5055)  loss_bbox_enc_0: 0.4432 (0.4815)  loss_giou_enc_0: 0.7811 (0.7835)  loss_mal_dn_0: 1.9629 (1.9812)  loss_bbox_dn_0: 0.2077 (0.2392)  loss_giou_dn_0: 0.3659 (0.3785)  loss_fgl_dn_0: 1.2292 (1.2324)  loss_ddf_dn_0: 0.9739 (0.9202)  loss_mal_dn_1: 1.1465 (1.1421)  loss_bbox_dn_1: 0.0900 (0.1044)  loss_giou_dn_1: 0.1936 (0.1994)  loss_fgl_dn_1: 0.9486 (0.9553)  loss_ddf_dn_1: 0.1172 (0.1217)  loss_mal_dn_2: 1.1719 (1.1757)  loss_bbox_dn_2: 0.0771 (0.0859)  loss_giou_dn_2: 0.1587 (0.1751)  loss_fgl_dn_2: 0.9109 (0.9093)  loss_ddf_dn_2: 0.0075 (0.0077)  loss_mal_dn_3: 1.2812 (1.3137)  loss_bbox_dn_3: 0.0750 (0.0827)  loss_giou_dn_3: 0.1580 (0.1728)  loss_fgl_dn_3: 0.9063 (0.9104)  loss_mal_dn_pre: 2.1191 (2.1316)  loss_bbox_dn_pre: 0.2092 (0.2491)  loss_giou_dn_pre: 0.3674 (0.3807)
Test:  [0/4]  eta: 0:00:01    time: 0.4128  data: 0.3716  max mem: 3583
Test:  [3/4]  eta: 0:00:00    time: 0.1333  data: 0.0952  max mem: 3583
Test: Total time: 0:00:00 (0.1563 s / it)
Averaged stats: 
Accumulating evaluation results...
COCOeval_opt.accumulate() finished...
DONE (t=0.00s).
IoU metric: bbox
 Average Precision  (AP) @[ IoU=0.50:0.95 | area=   all | maxDets=100 ] = 0.685
 Average Precision  (AP) @[ IoU=0.50      | area=   all | maxDets=100 ] = 0.811
 Average Precision  (AP) @[ IoU=0.75      | area=   all | maxDets=100 ] = 0.723
 Average Precision  (AP) @[ IoU=0.50:0.95 | area= small | maxDets=100 ] = -1.000
 Average Precision  (AP) @[ IoU=0.50:0.95 | area=medium | maxDets=100 ] = -1.000
 Average Precision  (AP) @[ IoU=0.50:0.95 | area= large | maxDets=100 ] = 0.685
 Average Recall     (AR) @[ IoU=0.50:0.95 | area=   all | maxDets=  1 ] = 0.707
 Average Recall     (AR) @[ IoU=0.50:0.95 | area=   all | maxDets= 10 ] = 0.893
 Average Recall     (AR) @[ IoU=0.50:0.95 | area=   all | maxDets=100 ] = 0.923
 Average Recall     (AR) @[ IoU=0.50:0.95 | area= small | maxDets=100 ] = -1.000
 Average Recall     (AR) @[ IoU=0.50:0.95 | area=medium | maxDets=100 ] = -1.000
 Average Recall     (AR) @[ IoU=0.50:0.95 | area= large | maxDets=100 ] = 0.923
 Average Recall     (AR) @[ IoU=0.50      | area=   all | maxDets=100 ] = 1.000
 Average Recall     (AR) @[ IoU=0.75      | area=   all | maxDets=100 ] = 0.967
best_stat: {'epoch': 88, 'coco_eval_bbox': 0.6851452311204795}
Epoch: [89]  [0/8]  eta: 0:00:10  lr: 0.000003  loss: 35.8912 (35.8912)  loss_mal: 1.5693 (1.5693)  loss_bbox: 0.1516 (0.1516)  loss_giou: 0.2752 (0.2752)  loss_fgl: 0.9261 (0.9261)  loss_mal_aux_0: 2.2051 (2.2051)  loss_bbox_aux_0: 0.2043 (0.2043)  loss_giou_aux_0: 0.3673 (0.3673)  loss_fgl_aux_0: 1.1126 (1.1126)  loss_ddf_aux_0: 0.4856 (0.4856)  loss_mal_aux_1: 1.6279 (1.6279)  loss_bbox_aux_1: 0.1604 (0.1604)  loss_giou_aux_1: 0.2890 (0.2890)  loss_fgl_aux_1: 0.9531 (0.9531)  loss_ddf_aux_1: 0.0566 (0.0566)  loss_mal_aux_2: 1.6025 (1.6025)  loss_bbox_aux_2: 0.1500 (0.1500)  loss_giou_aux_2: 0.2785 (0.2785)  loss_fgl_aux_2: 0.9257 (0.9257)  loss_ddf_aux_2: 0.0037 (0.0037)  loss_mal_pre: 2.2754 (2.2754)  loss_bbox_pre: 0.2150 (0.2150)  loss_giou_pre: 0.3696 (0.3696)  loss_mal_enc_0: 2.1836 (2.1836)  loss_bbox_enc_0: 0.6313 (0.6313)  loss_giou_enc_0: 0.9076 (0.9076)  loss_mal_dn_0: 1.9668 (1.9668)  loss_bbox_dn_0: 0.2586 (0.2586)  loss_giou_dn_0: 0.4445 (0.4445)  loss_fgl_dn_0: 1.2335 (1.2335)  loss_ddf_dn_0: 1.2467 (1.2467)  loss_mal_dn_1: 1.2227 (1.2227)  loss_bbox_dn_1: 0.1718 (0.1718)  loss_giou_dn_1: 0.2657 (0.2657)  loss_fgl_dn_1: 1.0053 (1.0053)  loss_ddf_dn_1: 0.1577 (0.1577)  loss_mal_dn_2: 1.1826 (1.1826)  loss_bbox_dn_2: 0.1512 (0.1512)  loss_giou_dn_2: 0.2348 (0.2348)  loss_fgl_dn_2: 0.9569 (0.9569)  loss_ddf_dn_2: 0.0125 (0.0125)  loss_mal_dn_3: 1.3018 (1.3018)  loss_bbox_dn_3: 0.1502 (0.1502)  loss_giou_dn_3: 0.2280 (0.2280)  loss_fgl_dn_3: 0.9553 (0.9553)  loss_mal_dn_pre: 2.1113 (2.1113)  loss_bbox_dn_pre: 0.2621 (0.2621)  loss_giou_dn_pre: 0.4443 (0.4443)  time: 1.3182  data: 1.1484  max mem: 3583
Epoch: [89]  [7/8]  eta: 0:00:00  lr: 0.000003  loss: 35.8310 (35.5441)  loss_mal: 1.3672 (1.4266)  loss_bbox: 0.1420 (0.1423)  loss_giou: 0.1815 (0.1979)  loss_fgl: 0.9197 (0.9300)  loss_mal_aux_0: 2.5410 (2.6536)  loss_bbox_aux_0: 0.1799 (0.1871)  loss_giou_aux_0: 0.2329 (0.2595)  loss_fgl_aux_0: 1.0806 (1.0912)  loss_ddf_aux_0: 0.2687 (0.2927)  loss_mal_aux_1: 1.5781 (1.7228)  loss_bbox_aux_1: 0.1604 (0.1553)  loss_giou_aux_1: 0.2200 (0.2165)  loss_fgl_aux_1: 0.9696 (0.9797)  loss_ddf_aux_1: 0.0423 (0.0446)  loss_mal_aux_2: 1.3672 (1.4806)  loss_bbox_aux_2: 0.1444 (0.1404)  loss_giou_aux_2: 0.1824 (0.1979)  loss_fgl_aux_2: 0.9223 (0.9308)  loss_ddf_aux_2: 0.0029 (0.0031)  loss_mal_pre: 2.4609 (2.5176)  loss_bbox_pre: 0.1803 (0.1897)  loss_giou_pre: 0.2377 (0.2611)  loss_mal_enc_0: 2.3965 (2.4475)  loss_bbox_enc_0: 0.5879 (0.7024)  loss_giou_enc_0: 0.7736 (0.7805)  loss_mal_dn_0: 1.8877 (1.8593)  loss_bbox_dn_0: 0.3090 (0.4182)  loss_giou_dn_0: 0.4325 (0.4490)  loss_fgl_dn_0: 1.2200 (1.2214)  loss_ddf_dn_0: 0.9595 (0.9760)  loss_mal_dn_1: 1.1631 (1.1709)  loss_bbox_dn_1: 0.2088 (0.1971)  loss_giou_dn_1: 0.2458 (0.2487)  loss_fgl_dn_1: 1.0053 (0.9968)  loss_ddf_dn_1: 0.1419 (0.1448)  loss_mal_dn_2: 1.1426 (1.1427)  loss_bbox_dn_2: 0.1638 (0.1685)  loss_giou_dn_2: 0.1986 (0.2179)  loss_fgl_dn_2: 0.9364 (0.9406)  loss_ddf_dn_2: 0.0077 (0.0098)  loss_mal_dn_3: 1.2129 (1.2330)  loss_bbox_dn_3: 0.1565 (0.1652)  loss_giou_dn_3: 0.1972 (0.2152)  loss_fgl_dn_3: 0.9366 (0.9405)  loss_mal_dn_pre: 2.0254 (1.9995)  loss_bbox_dn_pre: 0.3332 (0.4267)  loss_giou_dn_pre: 0.4280 (0.4508)  time: 0.2843  data: 0.1451  max mem: 3583
Epoch: [89] Total time: 0:00:02 (0.2945 s / it)
Averaged stats: lr: 0.000003  loss: 35.8310 (35.5441)  loss_mal: 1.3672 (1.4266)  loss_bbox: 0.1420 (0.1423)  loss_giou: 0.1815 (0.1979)  loss_fgl: 0.9197 (0.9300)  loss_mal_aux_0: 2.5410 (2.6536)  loss_bbox_aux_0: 0.1799 (0.1871)  loss_giou_aux_0: 0.2329 (0.2595)  loss_fgl_aux_0: 1.0806 (1.0912)  loss_ddf_aux_0: 0.2687 (0.2927)  loss_mal_aux_1: 1.5781 (1.7228)  loss_bbox_aux_1: 0.1604 (0.1553)  loss_giou_aux_1: 0.2200 (0.2165)  loss_fgl_aux_1: 0.9696 (0.9797)  loss_ddf_aux_1: 0.0423 (0.0446)  loss_mal_aux_2: 1.3672 (1.4806)  loss_bbox_aux_2: 0.1444 (0.1404)  loss_giou_aux_2: 0.1824 (0.1979)  loss_fgl_aux_2: 0.9223 (0.9308)  loss_ddf_aux_2: 0.0029 (0.0031)  loss_mal_pre: 2.4609 (2.5176)  loss_bbox_pre: 0.1803 (0.1897)  loss_giou_pre: 0.2377 (0.2611)  loss_mal_enc_0: 2.3965 (2.4475)  loss_bbox_enc_0: 0.5879 (0.7024)  loss_giou_enc_0: 0.7736 (0.7805)  loss_mal_dn_0: 1.8877 (1.8593)  loss_bbox_dn_0: 0.3090 (0.4182)  loss_giou_dn_0: 0.4325 (0.4490)  loss_fgl_dn_0: 1.2200 (1.2214)  loss_ddf_dn_0: 0.9595 (0.9760)  loss_mal_dn_1: 1.1631 (1.1709)  loss_bbox_dn_1: 0.2088 (0.1971)  loss_giou_dn_1: 0.2458 (0.2487)  loss_fgl_dn_1: 1.0053 (0.9968)  loss_ddf_dn_1: 0.1419 (0.1448)  loss_mal_dn_2: 1.1426 (1.1427)  loss_bbox_dn_2: 0.1638 (0.1685)  loss_giou_dn_2: 0.1986 (0.2179)  loss_fgl_dn_2: 0.9364 (0.9406)  loss_ddf_dn_2: 0.0077 (0.0098)  loss_mal_dn_3: 1.2129 (1.2330)  loss_bbox_dn_3: 0.1565 (0.1652)  loss_giou_dn_3: 0.1972 (0.2152)  loss_fgl_dn_3: 0.9366 (0.9405)  loss_mal_dn_pre: 2.0254 (1.9995)  loss_bbox_dn_pre: 0.3332 (0.4267)  loss_giou_dn_pre: 0.4280 (0.4508)
Test:  [0/4]  eta: 0:00:02    time: 0.5347  data: 0.3490  max mem: 3583
Test:  [3/4]  eta: 0:00:00    time: 0.1587  data: 0.0893  max mem: 3583
Test: Total time: 0:00:00 (0.1776 s / it)
Averaged stats: 
Accumulating evaluation results...
COCOeval_opt.accumulate() finished...
DONE (t=0.00s).
IoU metric: bbox
 Average Precision  (AP) @[ IoU=0.50:0.95 | area=   all | maxDets=100 ] = 0.705
 Average Precision  (AP) @[ IoU=0.50      | area=   all | maxDets=100 ] = 0.847
 Average Precision  (AP) @[ IoU=0.75      | area=   all | maxDets=100 ] = 0.752
 Average Precision  (AP) @[ IoU=0.50:0.95 | area= small | maxDets=100 ] = -1.000
 Average Precision  (AP) @[ IoU=0.50:0.95 | area=medium | maxDets=100 ] = -1.000
 Average Precision  (AP) @[ IoU=0.50:0.95 | area= large | maxDets=100 ] = 0.705
 Average Recall     (AR) @[ IoU=0.50:0.95 | area=   all | maxDets=  1 ] = 0.700
 Average Recall     (AR) @[ IoU=0.50:0.95 | area=   all | maxDets= 10 ] = 0.893
 Average Recall     (AR) @[ IoU=0.50:0.95 | area=   all | maxDets=100 ] = 0.920
 Average Recall     (AR) @[ IoU=0.50:0.95 | area= small | maxDets=100 ] = -1.000
 Average Recall     (AR) @[ IoU=0.50:0.95 | area=medium | maxDets=100 ] = -1.000
 Average Recall     (AR) @[ IoU=0.50:0.95 | area= large | maxDets=100 ] = 0.920
 Average Recall     (AR) @[ IoU=0.50      | area=   all | maxDets=100 ] = 1.000
 Average Recall     (AR) @[ IoU=0.75      | area=   all | maxDets=100 ] = 0.967
best_stat: {'epoch': 89, 'coco_eval_bbox': 0.7046965137839366}
Epoch: [90]  [0/8]  eta: 0:00:13  lr: 0.000003  loss: 31.6190 (31.6190)  loss_mal: 1.2568 (1.2568)  loss_bbox: 0.1077 (0.1077)  loss_giou: 0.2038 (0.2038)  loss_fgl: 0.8270 (0.8270)  loss_mal_aux_0: 2.1152 (2.1152)  loss_bbox_aux_0: 0.1227 (0.1227)  loss_giou_aux_0: 0.2799 (0.2799)  loss_fgl_aux_0: 1.0514 (1.0514)  loss_ddf_aux_0: 0.4899 (0.4899)  loss_mal_aux_1: 1.5889 (1.5889)  loss_bbox_aux_1: 0.1107 (0.1107)  loss_giou_aux_1: 0.2184 (0.2184)  loss_fgl_aux_1: 0.8858 (0.8858)  loss_ddf_aux_1: 0.0558 (0.0558)  loss_mal_aux_2: 1.2891 (1.2891)  loss_bbox_aux_2: 0.1080 (0.1080)  loss_giou_aux_2: 0.2041 (0.2041)  loss_fgl_aux_2: 0.8267 (0.8267)  loss_ddf_aux_2: 0.0028 (0.0028)  loss_mal_pre: 2.1055 (2.1055)  loss_bbox_pre: 0.1230 (0.1230)  loss_giou_pre: 0.2823 (0.2823)  loss_mal_enc_0: 2.3027 (2.3027)  loss_bbox_enc_0: 0.2723 (0.2723)  loss_giou_enc_0: 0.8028 (0.8028)  loss_mal_dn_0: 1.8359 (1.8359)  loss_bbox_dn_0: 0.0837 (0.0837)  loss_giou_dn_0: 0.3497 (0.3497)  loss_fgl_dn_0: 1.2379 (1.2379)  loss_ddf_dn_0: 1.1539 (1.1539)  loss_mal_dn_1: 1.1650 (1.1650)  loss_bbox_dn_1: 0.0392 (0.0392)  loss_giou_dn_1: 0.1701 (0.1701)  loss_fgl_dn_1: 0.8961 (0.8961)  loss_ddf_dn_1: 0.1180 (0.1180)  loss_mal_dn_2: 1.1387 (1.1387)  loss_bbox_dn_2: 0.0358 (0.0358)  loss_giou_dn_2: 0.1564 (0.1564)  loss_fgl_dn_2: 0.8720 (0.8720)  loss_ddf_dn_2: 0.0071 (0.0071)  loss_mal_dn_3: 1.2168 (1.2168)  loss_bbox_dn_3: 0.0358 (0.0358)  loss_giou_dn_3: 0.1568 (0.1568)  loss_fgl_dn_3: 0.8732 (0.8732)  loss_mal_dn_pre: 2.0078 (2.0078)  loss_bbox_dn_pre: 0.0839 (0.0839)  loss_giou_dn_pre: 0.3516 (0.3516)  time: 1.6299  data: 1.4173  max mem: 3583
Epoch: [90]  [7/8]  eta: 0:00:00  lr: 0.000003  loss: 33.2004 (34.2149)  loss_mal: 1.3574 (1.4250)  loss_bbox: 0.0725 (0.1049)  loss_giou: 0.1238 (0.1524)  loss_fgl: 0.8070 (0.8967)  loss_mal_aux_0: 2.6113 (2.6565)  loss_bbox_aux_0: 0.1061 (0.1556)  loss_giou_aux_0: 0.1641 (0.2134)  loss_fgl_aux_0: 1.0514 (1.0676)  loss_ddf_aux_0: 0.2236 (0.2907)  loss_mal_aux_1: 1.6074 (1.7336)  loss_bbox_aux_1: 0.0810 (0.1138)  loss_giou_aux_1: 0.1294 (0.1648)  loss_fgl_aux_1: 0.8359 (0.9304)  loss_ddf_aux_1: 0.0412 (0.0433)  loss_mal_aux_2: 1.3252 (1.4294)  loss_bbox_aux_2: 0.0733 (0.1058)  loss_giou_aux_2: 0.1247 (0.1539)  loss_fgl_aux_2: 0.8047 (0.8979)  loss_ddf_aux_2: 0.0028 (0.0028)  loss_mal_pre: 2.5020 (2.4761)  loss_bbox_pre: 0.1110 (0.1610)  loss_giou_pre: 0.1642 (0.2172)  loss_mal_enc_0: 2.5820 (2.6177)  loss_bbox_enc_0: 0.5531 (0.5865)  loss_giou_enc_0: 0.6882 (0.7097)  loss_mal_dn_0: 1.8125 (1.8083)  loss_bbox_dn_0: 0.3281 (0.3939)  loss_giou_dn_0: 0.3662 (0.4089)  loss_fgl_dn_0: 1.1999 (1.2297)  loss_ddf_dn_0: 0.9290 (1.0250)  loss_mal_dn_1: 1.1240 (1.1338)  loss_bbox_dn_1: 0.1297 (0.1539)  loss_giou_dn_1: 0.1701 (0.1969)  loss_fgl_dn_1: 0.8961 (0.9343)  loss_ddf_dn_1: 0.1313 (0.1459)  loss_mal_dn_2: 1.1396 (1.1390)  loss_bbox_dn_2: 0.0925 (0.1199)  loss_giou_dn_2: 0.1564 (0.1708)  loss_fgl_dn_2: 0.8720 (0.8875)  loss_ddf_dn_2: 0.0087 (0.0092)  loss_mal_dn_3: 1.2168 (1.2039)  loss_bbox_dn_3: 0.0862 (0.1169)  loss_giou_dn_3: 0.1559 (0.1688)  loss_fgl_dn_3: 0.8732 (0.8867)  loss_mal_dn_pre: 1.9482 (1.9645)  loss_bbox_dn_pre: 0.3206 (0.4005)  loss_giou_dn_pre: 0.3687 (0.4096)  time: 0.3205  data: 0.1782  max mem: 3583
Epoch: [90] Total time: 0:00:02 (0.3287 s / it)
Averaged stats: lr: 0.000003  loss: 33.2004 (34.2149)  loss_mal: 1.3574 (1.4250)  loss_bbox: 0.0725 (0.1049)  loss_giou: 0.1238 (0.1524)  loss_fgl: 0.8070 (0.8967)  loss_mal_aux_0: 2.6113 (2.6565)  loss_bbox_aux_0: 0.1061 (0.1556)  loss_giou_aux_0: 0.1641 (0.2134)  loss_fgl_aux_0: 1.0514 (1.0676)  loss_ddf_aux_0: 0.2236 (0.2907)  loss_mal_aux_1: 1.6074 (1.7336)  loss_bbox_aux_1: 0.0810 (0.1138)  loss_giou_aux_1: 0.1294 (0.1648)  loss_fgl_aux_1: 0.8359 (0.9304)  loss_ddf_aux_1: 0.0412 (0.0433)  loss_mal_aux_2: 1.3252 (1.4294)  loss_bbox_aux_2: 0.0733 (0.1058)  loss_giou_aux_2: 0.1247 (0.1539)  loss_fgl_aux_2: 0.8047 (0.8979)  loss_ddf_aux_2: 0.0028 (0.0028)  loss_mal_pre: 2.5020 (2.4761)  loss_bbox_pre: 0.1110 (0.1610)  loss_giou_pre: 0.1642 (0.2172)  loss_mal_enc_0: 2.5820 (2.6177)  loss_bbox_enc_0: 0.5531 (0.5865)  loss_giou_enc_0: 0.6882 (0.7097)  loss_mal_dn_0: 1.8125 (1.8083)  loss_bbox_dn_0: 0.3281 (0.3939)  loss_giou_dn_0: 0.3662 (0.4089)  loss_fgl_dn_0: 1.1999 (1.2297)  loss_ddf_dn_0: 0.9290 (1.0250)  loss_mal_dn_1: 1.1240 (1.1338)  loss_bbox_dn_1: 0.1297 (0.1539)  loss_giou_dn_1: 0.1701 (0.1969)  loss_fgl_dn_1: 0.8961 (0.9343)  loss_ddf_dn_1: 0.1313 (0.1459)  loss_mal_dn_2: 1.1396 (1.1390)  loss_bbox_dn_2: 0.0925 (0.1199)  loss_giou_dn_2: 0.1564 (0.1708)  loss_fgl_dn_2: 0.8720 (0.8875)  loss_ddf_dn_2: 0.0087 (0.0092)  loss_mal_dn_3: 1.2168 (1.2039)  loss_bbox_dn_3: 0.0862 (0.1169)  loss_giou_dn_3: 0.1559 (0.1688)  loss_fgl_dn_3: 0.8732 (0.8867)  loss_mal_dn_pre: 1.9482 (1.9645)  loss_bbox_dn_pre: 0.3206 (0.4005)  loss_giou_dn_pre: 0.3687 (0.4096)
Test:  [0/4]  eta: 0:00:01    time: 0.3842  data: 0.3453  max mem: 3583
Test:  [3/4]  eta: 0:00:00    time: 0.1217  data: 0.0894  max mem: 3583
Test: Total time: 0:00:00 (0.1457 s / it)
Averaged stats: 
Accumulating evaluation results...
COCOeval_opt.accumulate() finished...
DONE (t=0.00s).
IoU metric: bbox
 Average Precision  (AP) @[ IoU=0.50:0.95 | area=   all | maxDets=100 ] = 0.722
 Average Precision  (AP) @[ IoU=0.50      | area=   all | maxDets=100 ] = 0.867
 Average Precision  (AP) @[ IoU=0.75      | area=   all | maxDets=100 ] = 0.768
 Average Precision  (AP) @[ IoU=0.50:0.95 | area= small | maxDets=100 ] = -1.000
 Average Precision  (AP) @[ IoU=0.50:0.95 | area=medium | maxDets=100 ] = -1.000
 Average Precision  (AP) @[ IoU=0.50:0.95 | area= large | maxDets=100 ] = 0.722
 Average Recall     (AR) @[ IoU=0.50:0.95 | area=   all | maxDets=  1 ] = 0.763
 Average Recall     (AR) @[ IoU=0.50:0.95 | area=   all | maxDets= 10 ] = 0.887
 Average Recall     (AR) @[ IoU=0.50:0.95 | area=   all | maxDets=100 ] = 0.920
 Average Recall     (AR) @[ IoU=0.50:0.95 | area= small | maxDets=100 ] = -1.000
 Average Recall     (AR) @[ IoU=0.50:0.95 | area=medium | maxDets=100 ] = -1.000
 Average Recall     (AR) @[ IoU=0.50:0.95 | area= large | maxDets=100 ] = 0.920
 Average Recall     (AR) @[ IoU=0.50      | area=   all | maxDets=100 ] = 1.000
 Average Recall     (AR) @[ IoU=0.75      | area=   all | maxDets=100 ] = 0.967
best_stat: {'epoch': 90, 'coco_eval_bbox': 0.7220625413465681}
Epoch: [91]  [0/8]  eta: 0:00:08  lr: 0.000003  loss: 36.0223 (36.0223)  loss_mal: 1.5283 (1.5283)  loss_bbox: 0.1474 (0.1474)  loss_giou: 0.2185 (0.2185)  loss_fgl: 0.9827 (0.9827)  loss_mal_aux_0: 2.3008 (2.3008)  loss_bbox_aux_0: 0.1914 (0.1914)  loss_giou_aux_0: 0.2812 (0.2812)  loss_fgl_aux_0: 1.1553 (1.1553)  loss_ddf_aux_0: 0.3469 (0.3469)  loss_mal_aux_1: 1.5449 (1.5449)  loss_bbox_aux_1: 0.1659 (0.1659)  loss_giou_aux_1: 0.2239 (0.2239)  loss_fgl_aux_1: 1.0136 (1.0136)  loss_ddf_aux_1: 0.0538 (0.0538)  loss_mal_aux_2: 1.4277 (1.4277)  loss_bbox_aux_2: 0.1355 (0.1355)  loss_giou_aux_2: 0.2160 (0.2160)  loss_fgl_aux_2: 0.9780 (0.9780)  loss_ddf_aux_2: 0.0048 (0.0048)  loss_mal_pre: 2.3008 (2.3008)  loss_bbox_pre: 0.1991 (0.1991)  loss_giou_pre: 0.2828 (0.2828)  loss_mal_enc_0: 2.3535 (2.3535)  loss_bbox_enc_0: 0.6119 (0.6119)  loss_giou_enc_0: 0.7722 (0.7722)  loss_mal_dn_0: 1.8867 (1.8867)  loss_bbox_dn_0: 0.3857 (0.3857)  loss_giou_dn_0: 0.4701 (0.4701)  loss_fgl_dn_0: 1.2351 (1.2351)  loss_ddf_dn_0: 1.4769 (1.4769)  loss_mal_dn_1: 1.1729 (1.1729)  loss_bbox_dn_1: 0.2393 (0.2393)  loss_giou_dn_1: 0.2868 (0.2868)  loss_fgl_dn_1: 1.0107 (1.0107)  loss_ddf_dn_1: 0.2112 (0.2112)  loss_mal_dn_2: 1.1387 (1.1387)  loss_bbox_dn_2: 0.2161 (0.2161)  loss_giou_dn_2: 0.2665 (0.2665)  loss_fgl_dn_2: 0.9652 (0.9652)  loss_ddf_dn_2: 0.0158 (0.0158)  loss_mal_dn_3: 1.2754 (1.2754)  loss_bbox_dn_3: 0.2127 (0.2127)  loss_giou_dn_3: 0.2633 (0.2633)  loss_fgl_dn_3: 0.9702 (0.9702)  loss_mal_dn_pre: 2.0430 (2.0430)  loss_bbox_dn_pre: 0.3813 (0.3813)  loss_giou_dn_pre: 0.4619 (0.4619)  time: 1.0488  data: 0.8404  max mem: 3583
Epoch: [91]  [7/8]  eta: 0:00:00  lr: 0.000003  loss: 35.3948 (36.2984)  loss_mal: 1.4404 (1.4543)  loss_bbox: 0.1474 (0.1718)  loss_giou: 0.2185 (0.2325)  loss_fgl: 0.9617 (0.9780)  loss_mal_aux_0: 2.2539 (2.4971)  loss_bbox_aux_0: 0.1914 (0.2218)  loss_giou_aux_0: 0.2706 (0.3052)  loss_fgl_aux_0: 1.1274 (1.1454)  loss_ddf_aux_0: 0.3469 (0.3801)  loss_mal_aux_1: 1.5723 (1.6887)  loss_bbox_aux_1: 0.1546 (0.1828)  loss_giou_aux_1: 0.2239 (0.2452)  loss_fgl_aux_1: 0.9986 (1.0100)  loss_ddf_aux_1: 0.0538 (0.0573)  loss_mal_aux_2: 1.4570 (1.4840)  loss_bbox_aux_2: 0.1355 (0.1709)  loss_giou_aux_2: 0.2160 (0.2336)  loss_fgl_aux_2: 0.9576 (0.9767)  loss_ddf_aux_2: 0.0045 (0.0044)  loss_mal_pre: 2.1855 (2.3591)  loss_bbox_pre: 0.1991 (0.2257)  loss_giou_pre: 0.2611 (0.3092)  loss_mal_enc_0: 2.3516 (2.3623)  loss_bbox_enc_0: 0.6119 (0.6333)  loss_giou_enc_0: 0.7605 (0.7864)  loss_mal_dn_0: 1.7227 (1.7374)  loss_bbox_dn_0: 0.3383 (0.4078)  loss_giou_dn_0: 0.4701 (0.4744)  loss_fgl_dn_0: 1.2160 (1.2426)  loss_ddf_dn_0: 1.3382 (1.3858)  loss_mal_dn_1: 1.1191 (1.1349)  loss_bbox_dn_1: 0.2009 (0.2652)  loss_giou_dn_1: 0.2814 (0.3003)  loss_fgl_dn_1: 1.0107 (1.0074)  loss_ddf_dn_1: 0.2112 (0.2130)  loss_mal_dn_2: 1.1045 (1.1083)  loss_bbox_dn_2: 0.1782 (0.2395)  loss_giou_dn_2: 0.2536 (0.2746)  loss_fgl_dn_2: 0.9263 (0.9555)  loss_ddf_dn_2: 0.0128 (0.0142)  loss_mal_dn_3: 1.1670 (1.1742)  loss_bbox_dn_3: 0.1785 (0.2393)  loss_giou_dn_3: 0.2507 (0.2742)  loss_fgl_dn_3: 0.9291 (0.9588)  loss_mal_dn_pre: 1.8574 (1.8843)  loss_bbox_dn_pre: 0.3385 (0.4171)  loss_giou_dn_pre: 0.4619 (0.4739)  time: 0.2540  data: 0.1147  max mem: 3583
Epoch: [91] Total time: 0:00:02 (0.2640 s / it)
Averaged stats: lr: 0.000003  loss: 35.3948 (36.2984)  loss_mal: 1.4404 (1.4543)  loss_bbox: 0.1474 (0.1718)  loss_giou: 0.2185 (0.2325)  loss_fgl: 0.9617 (0.9780)  loss_mal_aux_0: 2.2539 (2.4971)  loss_bbox_aux_0: 0.1914 (0.2218)  loss_giou_aux_0: 0.2706 (0.3052)  loss_fgl_aux_0: 1.1274 (1.1454)  loss_ddf_aux_0: 0.3469 (0.3801)  loss_mal_aux_1: 1.5723 (1.6887)  loss_bbox_aux_1: 0.1546 (0.1828)  loss_giou_aux_1: 0.2239 (0.2452)  loss_fgl_aux_1: 0.9986 (1.0100)  loss_ddf_aux_1: 0.0538 (0.0573)  loss_mal_aux_2: 1.4570 (1.4840)  loss_bbox_aux_2: 0.1355 (0.1709)  loss_giou_aux_2: 0.2160 (0.2336)  loss_fgl_aux_2: 0.9576 (0.9767)  loss_ddf_aux_2: 0.0045 (0.0044)  loss_mal_pre: 2.1855 (2.3591)  loss_bbox_pre: 0.1991 (0.2257)  loss_giou_pre: 0.2611 (0.3092)  loss_mal_enc_0: 2.3516 (2.3623)  loss_bbox_enc_0: 0.6119 (0.6333)  loss_giou_enc_0: 0.7605 (0.7864)  loss_mal_dn_0: 1.7227 (1.7374)  loss_bbox_dn_0: 0.3383 (0.4078)  loss_giou_dn_0: 0.4701 (0.4744)  loss_fgl_dn_0: 1.2160 (1.2426)  loss_ddf_dn_0: 1.3382 (1.3858)  loss_mal_dn_1: 1.1191 (1.1349)  loss_bbox_dn_1: 0.2009 (0.2652)  loss_giou_dn_1: 0.2814 (0.3003)  loss_fgl_dn_1: 1.0107 (1.0074)  loss_ddf_dn_1: 0.2112 (0.2130)  loss_mal_dn_2: 1.1045 (1.1083)  loss_bbox_dn_2: 0.1782 (0.2395)  loss_giou_dn_2: 0.2536 (0.2746)  loss_fgl_dn_2: 0.9263 (0.9555)  loss_ddf_dn_2: 0.0128 (0.0142)  loss_mal_dn_3: 1.1670 (1.1742)  loss_bbox_dn_3: 0.1785 (0.2393)  loss_giou_dn_3: 0.2507 (0.2742)  loss_fgl_dn_3: 0.9291 (0.9588)  loss_mal_dn_pre: 1.8574 (1.8843)  loss_bbox_dn_pre: 0.3385 (0.4171)  loss_giou_dn_pre: 0.4619 (0.4739)
Test:  [0/4]  eta: 0:00:01    time: 0.4161  data: 0.3781  max mem: 3583
Test:  [3/4]  eta: 0:00:00    time: 0.1764  data: 0.0964  max mem: 3583
Test: Total time: 0:00:00 (0.1953 s / it)
Averaged stats: 
Accumulating evaluation results...
COCOeval_opt.accumulate() finished...
DONE (t=0.00s).
IoU metric: bbox
 Average Precision  (AP) @[ IoU=0.50:0.95 | area=   all | maxDets=100 ] = 0.705
 Average Precision  (AP) @[ IoU=0.50      | area=   all | maxDets=100 ] = 0.833
 Average Precision  (AP) @[ IoU=0.75      | area=   all | maxDets=100 ] = 0.741
 Average Precision  (AP) @[ IoU=0.50:0.95 | area= small | maxDets=100 ] = -1.000
 Average Precision  (AP) @[ IoU=0.50:0.95 | area=medium | maxDets=100 ] = -1.000
 Average Precision  (AP) @[ IoU=0.50:0.95 | area= large | maxDets=100 ] = 0.705
 Average Recall     (AR) @[ IoU=0.50:0.95 | area=   all | maxDets=  1 ] = 0.760
 Average Recall     (AR) @[ IoU=0.50:0.95 | area=   all | maxDets= 10 ] = 0.883
 Average Recall     (AR) @[ IoU=0.50:0.95 | area=   all | maxDets=100 ] = 0.923
 Average Recall     (AR) @[ IoU=0.50:0.95 | area= small | maxDets=100 ] = -1.000
 Average Recall     (AR) @[ IoU=0.50:0.95 | area=medium | maxDets=100 ] = -1.000
 Average Recall     (AR) @[ IoU=0.50:0.95 | area= large | maxDets=100 ] = 0.923
 Average Recall     (AR) @[ IoU=0.50      | area=   all | maxDets=100 ] = 1.000
 Average Recall     (AR) @[ IoU=0.75      | area=   all | maxDets=100 ] = 0.933
best_stat: {'epoch': 90, 'coco_eval_bbox': 0.7220625413465681}
Epoch: [92]  [0/8]  eta: 0:00:08  lr: 0.000003  loss: 35.2535 (35.2535)  loss_mal: 1.4434 (1.4434)  loss_bbox: 0.2389 (0.2389)  loss_giou: 0.1680 (0.1680)  loss_fgl: 0.8500 (0.8500)  loss_mal_aux_0: 2.4668 (2.4668)  loss_bbox_aux_0: 0.2726 (0.2726)  loss_giou_aux_0: 0.2347 (0.2347)  loss_fgl_aux_0: 1.0509 (1.0509)  loss_ddf_aux_0: 0.3396 (0.3396)  loss_mal_aux_1: 1.5840 (1.5840)  loss_bbox_aux_1: 0.2484 (0.2484)  loss_giou_aux_1: 0.1850 (0.1850)  loss_fgl_aux_1: 0.8953 (0.8953)  loss_ddf_aux_1: 0.0493 (0.0493)  loss_mal_aux_2: 1.4414 (1.4414)  loss_bbox_aux_2: 0.2326 (0.2326)  loss_giou_aux_2: 0.1659 (0.1659)  loss_fgl_aux_2: 0.8468 (0.8468)  loss_ddf_aux_2: 0.0035 (0.0035)  loss_mal_pre: 2.4023 (2.4023)  loss_bbox_pre: 0.2814 (0.2814)  loss_giou_pre: 0.2379 (0.2379)  loss_mal_enc_0: 2.3750 (2.3750)  loss_bbox_enc_0: 0.6528 (0.6528)  loss_giou_enc_0: 0.7288 (0.7288)  loss_mal_dn_0: 1.7734 (1.7734)  loss_bbox_dn_0: 0.4799 (0.4799)  loss_giou_dn_0: 0.4430 (0.4430)  loss_fgl_dn_0: 1.1520 (1.1520)  loss_ddf_dn_0: 1.2368 (1.2368)  loss_mal_dn_1: 1.0811 (1.0811)  loss_bbox_dn_1: 0.3222 (0.3222)  loss_giou_dn_1: 0.2687 (0.2687)  loss_fgl_dn_1: 0.9194 (0.9194)  loss_ddf_dn_1: 0.1996 (0.1996)  loss_mal_dn_2: 1.1318 (1.1318)  loss_bbox_dn_2: 0.2904 (0.2904)  loss_giou_dn_2: 0.2337 (0.2337)  loss_fgl_dn_2: 0.8738 (0.8738)  loss_ddf_dn_2: 0.0128 (0.0128)  loss_mal_dn_3: 1.1787 (1.1787)  loss_bbox_dn_3: 0.2932 (0.2932)  loss_giou_dn_3: 0.2319 (0.2319)  loss_fgl_dn_3: 0.8765 (0.8765)  loss_mal_dn_pre: 1.9268 (1.9268)  loss_bbox_dn_pre: 0.4907 (0.4907)  loss_giou_dn_pre: 0.4418 (0.4418)  time: 1.0685  data: 0.9164  max mem: 3583
Epoch: [92]  [7/8]  eta: 0:00:00  lr: 0.000003  loss: 33.3751 (33.8919)  loss_mal: 1.3525 (1.3877)  loss_bbox: 0.0793 (0.1274)  loss_giou: 0.2074 (0.2005)  loss_fgl: 0.8792 (0.8757)  loss_mal_aux_0: 2.3574 (2.4963)  loss_bbox_aux_0: 0.1151 (0.1622)  loss_giou_aux_0: 0.2637 (0.2755)  loss_fgl_aux_0: 1.0992 (1.0825)  loss_ddf_aux_0: 0.3913 (0.3536)  loss_mal_aux_1: 1.6465 (1.7179)  loss_bbox_aux_1: 0.0834 (0.1366)  loss_giou_aux_1: 0.2165 (0.2142)  loss_fgl_aux_1: 0.9076 (0.9154)  loss_ddf_aux_1: 0.0513 (0.0464)  loss_mal_aux_2: 1.4326 (1.4067)  loss_bbox_aux_2: 0.0793 (0.1259)  loss_giou_aux_2: 0.2027 (0.1987)  loss_fgl_aux_2: 0.8813 (0.8736)  loss_ddf_aux_2: 0.0033 (0.0034)  loss_mal_pre: 2.2793 (2.3206)  loss_bbox_pre: 0.1139 (0.1660)  loss_giou_pre: 0.2635 (0.2745)  loss_mal_enc_0: 2.3574 (2.3674)  loss_bbox_enc_0: 0.3976 (0.4845)  loss_giou_enc_0: 0.7442 (0.7677)  loss_mal_dn_0: 1.6885 (1.7003)  loss_bbox_dn_0: 0.2012 (0.2837)  loss_giou_dn_0: 0.4404 (0.4278)  loss_fgl_dn_0: 1.2007 (1.2249)  loss_ddf_dn_0: 1.2551 (1.2841)  loss_mal_dn_1: 1.0811 (1.0885)  loss_bbox_dn_1: 0.1236 (0.1639)  loss_giou_dn_1: 0.2533 (0.2449)  loss_fgl_dn_1: 0.9653 (0.9467)  loss_ddf_dn_1: 0.1798 (0.1892)  loss_mal_dn_2: 1.1191 (1.1042)  loss_bbox_dn_2: 0.1084 (0.1416)  loss_giou_dn_2: 0.2336 (0.2165)  loss_fgl_dn_2: 0.9117 (0.8957)  loss_ddf_dn_2: 0.0119 (0.0121)  loss_mal_dn_3: 1.1738 (1.1554)  loss_bbox_dn_3: 0.1088 (0.1412)  loss_giou_dn_3: 0.2306 (0.2163)  loss_fgl_dn_3: 0.9109 (0.8977)  loss_mal_dn_pre: 1.8193 (1.8578)  loss_bbox_dn_pre: 0.2107 (0.2920)  loss_giou_dn_pre: 0.4332 (0.4264)  time: 0.2846  data: 0.1532  max mem: 3583
Epoch: [92] Total time: 0:00:02 (0.2931 s / it)
Averaged stats: lr: 0.000003  loss: 33.3751 (33.8919)  loss_mal: 1.3525 (1.3877)  loss_bbox: 0.0793 (0.1274)  loss_giou: 0.2074 (0.2005)  loss_fgl: 0.8792 (0.8757)  loss_mal_aux_0: 2.3574 (2.4963)  loss_bbox_aux_0: 0.1151 (0.1622)  loss_giou_aux_0: 0.2637 (0.2755)  loss_fgl_aux_0: 1.0992 (1.0825)  loss_ddf_aux_0: 0.3913 (0.3536)  loss_mal_aux_1: 1.6465 (1.7179)  loss_bbox_aux_1: 0.0834 (0.1366)  loss_giou_aux_1: 0.2165 (0.2142)  loss_fgl_aux_1: 0.9076 (0.9154)  loss_ddf_aux_1: 0.0513 (0.0464)  loss_mal_aux_2: 1.4326 (1.4067)  loss_bbox_aux_2: 0.0793 (0.1259)  loss_giou_aux_2: 0.2027 (0.1987)  loss_fgl_aux_2: 0.8813 (0.8736)  loss_ddf_aux_2: 0.0033 (0.0034)  loss_mal_pre: 2.2793 (2.3206)  loss_bbox_pre: 0.1139 (0.1660)  loss_giou_pre: 0.2635 (0.2745)  loss_mal_enc_0: 2.3574 (2.3674)  loss_bbox_enc_0: 0.3976 (0.4845)  loss_giou_enc_0: 0.7442 (0.7677)  loss_mal_dn_0: 1.6885 (1.7003)  loss_bbox_dn_0: 0.2012 (0.2837)  loss_giou_dn_0: 0.4404 (0.4278)  loss_fgl_dn_0: 1.2007 (1.2249)  loss_ddf_dn_0: 1.2551 (1.2841)  loss_mal_dn_1: 1.0811 (1.0885)  loss_bbox_dn_1: 0.1236 (0.1639)  loss_giou_dn_1: 0.2533 (0.2449)  loss_fgl_dn_1: 0.9653 (0.9467)  loss_ddf_dn_1: 0.1798 (0.1892)  loss_mal_dn_2: 1.1191 (1.1042)  loss_bbox_dn_2: 0.1084 (0.1416)  loss_giou_dn_2: 0.2336 (0.2165)  loss_fgl_dn_2: 0.9117 (0.8957)  loss_ddf_dn_2: 0.0119 (0.0121)  loss_mal_dn_3: 1.1738 (1.1554)  loss_bbox_dn_3: 0.1088 (0.1412)  loss_giou_dn_3: 0.2306 (0.2163)  loss_fgl_dn_3: 0.9109 (0.8977)  loss_mal_dn_pre: 1.8193 (1.8578)  loss_bbox_dn_pre: 0.2107 (0.2920)  loss_giou_dn_pre: 0.4332 (0.4264)
Test:  [0/4]  eta: 0:00:01    time: 0.4103  data: 0.3713  max mem: 3583
Test:  [3/4]  eta: 0:00:00    time: 0.1272  data: 0.0949  max mem: 3583
Test: Total time: 0:00:00 (0.1497 s / it)
Averaged stats: 
Accumulating evaluation results...
COCOeval_opt.accumulate() finished...
DONE (t=0.00s).
IoU metric: bbox
 Average Precision  (AP) @[ IoU=0.50:0.95 | area=   all | maxDets=100 ] = 0.742
 Average Precision  (AP) @[ IoU=0.50      | area=   all | maxDets=100 ] = 0.872
 Average Precision  (AP) @[ IoU=0.75      | area=   all | maxDets=100 ] = 0.783
 Average Precision  (AP) @[ IoU=0.50:0.95 | area= small | maxDets=100 ] = -1.000
 Average Precision  (AP) @[ IoU=0.50:0.95 | area=medium | maxDets=100 ] = -1.000
 Average Precision  (AP) @[ IoU=0.50:0.95 | area= large | maxDets=100 ] = 0.742
 Average Recall     (AR) @[ IoU=0.50:0.95 | area=   all | maxDets=  1 ] = 0.763
 Average Recall     (AR) @[ IoU=0.50:0.95 | area=   all | maxDets= 10 ] = 0.897
 Average Recall     (AR) @[ IoU=0.50:0.95 | area=   all | maxDets=100 ] = 0.920
 Average Recall     (AR) @[ IoU=0.50:0.95 | area= small | maxDets=100 ] = -1.000
 Average Recall     (AR) @[ IoU=0.50:0.95 | area=medium | maxDets=100 ] = -1.000
 Average Recall     (AR) @[ IoU=0.50:0.95 | area= large | maxDets=100 ] = 0.920
 Average Recall     (AR) @[ IoU=0.50      | area=   all | maxDets=100 ] = 1.000
 Average Recall     (AR) @[ IoU=0.75      | area=   all | maxDets=100 ] = 0.967
best_stat: {'epoch': 92, 'coco_eval_bbox': 0.741880957950949}
Epoch: [93]  [0/8]  eta: 0:00:10  lr: 0.000003  loss: 31.2281 (31.2281)  loss_mal: 1.2021 (1.2021)  loss_bbox: 0.0481 (0.0481)  loss_giou: 0.1677 (0.1677)  loss_fgl: 0.8007 (0.8007)  loss_mal_aux_0: 2.7949 (2.7949)  loss_bbox_aux_0: 0.0774 (0.0774)  loss_giou_aux_0: 0.2341 (0.2341)  loss_fgl_aux_0: 0.9938 (0.9938)  loss_ddf_aux_0: 0.1748 (0.1748)  loss_mal_aux_1: 1.4453 (1.4453)  loss_bbox_aux_1: 0.0525 (0.0525)  loss_giou_aux_1: 0.1787 (0.1787)  loss_fgl_aux_1: 0.8332 (0.8332)  loss_ddf_aux_1: 0.0250 (0.0250)  loss_mal_aux_2: 1.1895 (1.1895)  loss_bbox_aux_2: 0.0503 (0.0503)  loss_giou_aux_2: 0.1772 (0.1772)  loss_fgl_aux_2: 0.8066 (0.8066)  loss_ddf_aux_2: 0.0032 (0.0032)  loss_mal_pre: 2.4395 (2.4395)  loss_bbox_pre: 0.0812 (0.0812)  loss_giou_pre: 0.2422 (0.2422)  loss_mal_enc_0: 2.4355 (2.4355)  loss_bbox_enc_0: 0.3536 (0.3536)  loss_giou_enc_0: 0.6832 (0.6832)  loss_mal_dn_0: 1.6514 (1.6514)  loss_bbox_dn_0: 0.2394 (0.2394)  loss_giou_dn_0: 0.3964 (0.3964)  loss_fgl_dn_0: 1.1948 (1.1948)  loss_ddf_dn_0: 0.8899 (0.8899)  loss_mal_dn_1: 1.1074 (1.1074)  loss_bbox_dn_1: 0.0896 (0.0896)  loss_giou_dn_1: 0.2219 (0.2219)  loss_fgl_dn_1: 0.9247 (0.9247)  loss_ddf_dn_1: 0.1199 (0.1199)  loss_mal_dn_2: 1.0781 (1.0781)  loss_bbox_dn_2: 0.0777 (0.0777)  loss_giou_dn_2: 0.2027 (0.2027)  loss_fgl_dn_2: 0.8682 (0.8682)  loss_ddf_dn_2: 0.0092 (0.0092)  loss_mal_dn_3: 1.0879 (1.0879)  loss_bbox_dn_3: 0.0701 (0.0701)  loss_giou_dn_3: 0.1919 (0.1919)  loss_fgl_dn_3: 0.8615 (0.8615)  loss_mal_dn_pre: 1.7939 (1.7939)  loss_bbox_dn_pre: 0.2570 (0.2570)  loss_giou_dn_pre: 0.4040 (0.4040)  time: 1.3477  data: 1.1915  max mem: 3583
Epoch: [93]  [7/8]  eta: 0:00:00  lr: 0.000004  loss: 31.5148 (32.4676)  loss_mal: 1.3467 (1.3588)  loss_bbox: 0.0512 (0.0996)  loss_giou: 0.1203 (0.1591)  loss_fgl: 0.8007 (0.8308)  loss_mal_aux_0: 2.5059 (2.6292)  loss_bbox_aux_0: 0.0805 (0.1381)  loss_giou_aux_0: 0.1931 (0.2293)  loss_fgl_aux_0: 0.9938 (1.0276)  loss_ddf_aux_0: 0.2629 (0.3255)  loss_mal_aux_1: 1.5273 (1.5341)  loss_bbox_aux_1: 0.0525 (0.1070)  loss_giou_aux_1: 0.1269 (0.1655)  loss_fgl_aux_1: 0.8332 (0.8686)  loss_ddf_aux_1: 0.0369 (0.0411)  loss_mal_aux_2: 1.3857 (1.3561)  loss_bbox_aux_2: 0.0503 (0.0990)  loss_giou_aux_2: 0.1218 (0.1589)  loss_fgl_aux_2: 0.8030 (0.8314)  loss_ddf_aux_2: 0.0028 (0.0032)  loss_mal_pre: 2.3145 (2.3989)  loss_bbox_pre: 0.0812 (0.1343)  loss_giou_pre: 0.1958 (0.2283)  loss_mal_enc_0: 2.4707 (2.5249)  loss_bbox_enc_0: 0.3428 (0.4367)  loss_giou_enc_0: 0.6582 (0.6973)  loss_mal_dn_0: 1.6729 (1.7024)  loss_bbox_dn_0: 0.1441 (0.2264)  loss_giou_dn_0: 0.3327 (0.3702)  loss_fgl_dn_0: 1.1948 (1.1999)  loss_ddf_dn_0: 0.8899 (1.0695)  loss_mal_dn_1: 1.0908 (1.1038)  loss_bbox_dn_1: 0.0722 (0.1235)  loss_giou_dn_1: 0.1576 (0.2026)  loss_fgl_dn_1: 0.8675 (0.9002)  loss_ddf_dn_1: 0.1199 (0.1473)  loss_mal_dn_2: 1.1240 (1.1125)  loss_bbox_dn_2: 0.0663 (0.1142)  loss_giou_dn_2: 0.1404 (0.1825)  loss_fgl_dn_2: 0.8232 (0.8486)  loss_ddf_dn_2: 0.0087 (0.0090)  loss_mal_dn_3: 1.1445 (1.1575)  loss_bbox_dn_3: 0.0661 (0.1121)  loss_giou_dn_3: 0.1398 (0.1806)  loss_fgl_dn_3: 0.8248 (0.8483)  loss_mal_dn_pre: 1.8350 (1.8760)  loss_bbox_dn_pre: 0.1405 (0.2295)  loss_giou_dn_pre: 0.3299 (0.3681)  time: 0.3166  data: 0.1644  max mem: 3583
Epoch: [93] Total time: 0:00:02 (0.3239 s / it)
Averaged stats: lr: 0.000004  loss: 31.5148 (32.4676)  loss_mal: 1.3467 (1.3588)  loss_bbox: 0.0512 (0.0996)  loss_giou: 0.1203 (0.1591)  loss_fgl: 0.8007 (0.8308)  loss_mal_aux_0: 2.5059 (2.6292)  loss_bbox_aux_0: 0.0805 (0.1381)  loss_giou_aux_0: 0.1931 (0.2293)  loss_fgl_aux_0: 0.9938 (1.0276)  loss_ddf_aux_0: 0.2629 (0.3255)  loss_mal_aux_1: 1.5273 (1.5341)  loss_bbox_aux_1: 0.0525 (0.1070)  loss_giou_aux_1: 0.1269 (0.1655)  loss_fgl_aux_1: 0.8332 (0.8686)  loss_ddf_aux_1: 0.0369 (0.0411)  loss_mal_aux_2: 1.3857 (1.3561)  loss_bbox_aux_2: 0.0503 (0.0990)  loss_giou_aux_2: 0.1218 (0.1589)  loss_fgl_aux_2: 0.8030 (0.8314)  loss_ddf_aux_2: 0.0028 (0.0032)  loss_mal_pre: 2.3145 (2.3989)  loss_bbox_pre: 0.0812 (0.1343)  loss_giou_pre: 0.1958 (0.2283)  loss_mal_enc_0: 2.4707 (2.5249)  loss_bbox_enc_0: 0.3428 (0.4367)  loss_giou_enc_0: 0.6582 (0.6973)  loss_mal_dn_0: 1.6729 (1.7024)  loss_bbox_dn_0: 0.1441 (0.2264)  loss_giou_dn_0: 0.3327 (0.3702)  loss_fgl_dn_0: 1.1948 (1.1999)  loss_ddf_dn_0: 0.8899 (1.0695)  loss_mal_dn_1: 1.0908 (1.1038)  loss_bbox_dn_1: 0.0722 (0.1235)  loss_giou_dn_1: 0.1576 (0.2026)  loss_fgl_dn_1: 0.8675 (0.9002)  loss_ddf_dn_1: 0.1199 (0.1473)  loss_mal_dn_2: 1.1240 (1.1125)  loss_bbox_dn_2: 0.0663 (0.1142)  loss_giou_dn_2: 0.1404 (0.1825)  loss_fgl_dn_2: 0.8232 (0.8486)  loss_ddf_dn_2: 0.0087 (0.0090)  loss_mal_dn_3: 1.1445 (1.1575)  loss_bbox_dn_3: 0.0661 (0.1121)  loss_giou_dn_3: 0.1398 (0.1806)  loss_fgl_dn_3: 0.8248 (0.8483)  loss_mal_dn_pre: 1.8350 (1.8760)  loss_bbox_dn_pre: 0.1405 (0.2295)  loss_giou_dn_pre: 0.3299 (0.3681)
Test:  [0/4]  eta: 0:00:01    time: 0.4354  data: 0.3961  max mem: 3583
Test:  [3/4]  eta: 0:00:00    time: 0.1333  data: 0.1009  max mem: 3583
Test: Total time: 0:00:00 (0.1496 s / it)
Averaged stats: 
Accumulating evaluation results...
COCOeval_opt.accumulate() finished...
DONE (t=0.00s).
IoU metric: bbox
 Average Precision  (AP) @[ IoU=0.50:0.95 | area=   all | maxDets=100 ] = 0.763
 Average Precision  (AP) @[ IoU=0.50      | area=   all | maxDets=100 ] = 0.904
 Average Precision  (AP) @[ IoU=0.75      | area=   all | maxDets=100 ] = 0.812
 Average Precision  (AP) @[ IoU=0.50:0.95 | area= small | maxDets=100 ] = -1.000
 Average Precision  (AP) @[ IoU=0.50:0.95 | area=medium | maxDets=100 ] = -1.000
 Average Precision  (AP) @[ IoU=0.50:0.95 | area= large | maxDets=100 ] = 0.763
 Average Recall     (AR) @[ IoU=0.50:0.95 | area=   all | maxDets=  1 ] = 0.760
 Average Recall     (AR) @[ IoU=0.50:0.95 | area=   all | maxDets= 10 ] = 0.897
 Average Recall     (AR) @[ IoU=0.50:0.95 | area=   all | maxDets=100 ] = 0.927
 Average Recall     (AR) @[ IoU=0.50:0.95 | area= small | maxDets=100 ] = -1.000
 Average Recall     (AR) @[ IoU=0.50:0.95 | area=medium | maxDets=100 ] = -1.000
 Average Recall     (AR) @[ IoU=0.50:0.95 | area= large | maxDets=100 ] = 0.927
 Average Recall     (AR) @[ IoU=0.50      | area=   all | maxDets=100 ] = 1.000
 Average Recall     (AR) @[ IoU=0.75      | area=   all | maxDets=100 ] = 0.967
best_stat: {'epoch': 93, 'coco_eval_bbox': 0.762770264501926}
Epoch: [94]  [0/8]  eta: 0:00:10  lr: 0.000004  loss: 34.3520 (34.3520)  loss_mal: 1.3672 (1.3672)  loss_bbox: 0.1964 (0.1964)  loss_giou: 0.2475 (0.2475)  loss_fgl: 0.9078 (0.9078)  loss_mal_aux_0: 2.4023 (2.4023)  loss_bbox_aux_0: 0.2573 (0.2573)  loss_giou_aux_0: 0.3299 (0.3299)  loss_fgl_aux_0: 1.1470 (1.1470)  loss_ddf_aux_0: 0.5485 (0.5485)  loss_mal_aux_1: 1.5039 (1.5039)  loss_bbox_aux_1: 0.2030 (0.2030)  loss_giou_aux_1: 0.2407 (0.2407)  loss_fgl_aux_1: 0.9276 (0.9276)  loss_ddf_aux_1: 0.0638 (0.0638)  loss_mal_aux_2: 1.3857 (1.3857)  loss_bbox_aux_2: 0.1963 (0.1963)  loss_giou_aux_2: 0.2414 (0.2414)  loss_fgl_aux_2: 0.9062 (0.9062)  loss_ddf_aux_2: 0.0029 (0.0029)  loss_mal_pre: 2.2324 (2.2324)  loss_bbox_pre: 0.2709 (0.2709)  loss_giou_pre: 0.3464 (0.3464)  loss_mal_enc_0: 2.0410 (2.0410)  loss_bbox_enc_0: 0.6997 (0.6997)  loss_giou_enc_0: 0.8374 (0.8374)  loss_mal_dn_0: 1.6211 (1.6211)  loss_bbox_dn_0: 0.3163 (0.3163)  loss_giou_dn_0: 0.4244 (0.4244)  loss_fgl_dn_0: 1.2268 (1.2268)  loss_ddf_dn_0: 1.3143 (1.3143)  loss_mal_dn_1: 1.1543 (1.1543)  loss_bbox_dn_1: 0.1596 (0.1596)  loss_giou_dn_1: 0.2259 (0.2259)  loss_fgl_dn_1: 0.9535 (0.9535)  loss_ddf_dn_1: 0.1742 (0.1742)  loss_mal_dn_2: 1.1299 (1.1299)  loss_bbox_dn_2: 0.1405 (0.1405)  loss_giou_dn_2: 0.1930 (0.1930)  loss_fgl_dn_2: 0.9162 (0.9162)  loss_ddf_dn_2: 0.0094 (0.0094)  loss_mal_dn_3: 1.1094 (1.1094)  loss_bbox_dn_3: 0.1384 (0.1384)  loss_giou_dn_3: 0.1936 (0.1936)  loss_fgl_dn_3: 0.9191 (0.9191)  loss_mal_dn_pre: 1.7900 (1.7900)  loss_bbox_dn_pre: 0.3196 (0.3196)  loss_giou_dn_pre: 0.4193 (0.4193)  time: 1.2507  data: 1.0641  max mem: 3583
Epoch: [94]  [7/8]  eta: 0:00:00  lr: 0.000004  loss: 33.5382 (35.4515)  loss_mal: 1.3662 (1.3784)  loss_bbox: 0.1192 (0.1933)  loss_giou: 0.1619 (0.2222)  loss_fgl: 0.9024 (0.9662)  loss_mal_aux_0: 2.3457 (2.4390)  loss_bbox_aux_0: 0.1556 (0.2554)  loss_giou_aux_0: 0.2701 (0.3145)  loss_fgl_aux_0: 1.1251 (1.1702)  loss_ddf_aux_0: 0.4679 (0.4551)  loss_mal_aux_1: 1.7598 (1.8395)  loss_bbox_aux_1: 0.1257 (0.2045)  loss_giou_aux_1: 0.1764 (0.2328)  loss_fgl_aux_1: 0.9262 (0.9919)  loss_ddf_aux_1: 0.0554 (0.0535)  loss_mal_aux_2: 1.3721 (1.3951)  loss_bbox_aux_2: 0.1188 (0.1945)  loss_giou_aux_2: 0.1602 (0.2223)  loss_fgl_aux_2: 0.9030 (0.9638)  loss_ddf_aux_2: 0.0025 (0.0031)  loss_mal_pre: 2.2324 (2.2571)  loss_bbox_pre: 0.1677 (0.2572)  loss_giou_pre: 0.2710 (0.3174)  loss_mal_enc_0: 2.2266 (2.2029)  loss_bbox_enc_0: 0.6440 (0.6794)  loss_giou_enc_0: 0.7840 (0.8268)  loss_mal_dn_0: 1.6211 (1.6345)  loss_bbox_dn_0: 0.3044 (0.3801)  loss_giou_dn_0: 0.3996 (0.4417)  loss_fgl_dn_0: 1.2181 (1.2313)  loss_ddf_dn_0: 1.3143 (1.3644)  loss_mal_dn_1: 1.0781 (1.0898)  loss_bbox_dn_1: 0.1596 (0.2388)  loss_giou_dn_1: 0.2259 (0.2654)  loss_fgl_dn_1: 0.9960 (0.9931)  loss_ddf_dn_1: 0.1742 (0.1906)  loss_mal_dn_2: 1.0713 (1.0837)  loss_bbox_dn_2: 0.1405 (0.2133)  loss_giou_dn_2: 0.1930 (0.2370)  loss_fgl_dn_2: 0.9162 (0.9440)  loss_ddf_dn_2: 0.0098 (0.0110)  loss_mal_dn_3: 1.0752 (1.0848)  loss_bbox_dn_3: 0.1384 (0.2113)  loss_giou_dn_3: 0.1936 (0.2350)  loss_fgl_dn_3: 0.9191 (0.9457)  loss_mal_dn_pre: 1.7900 (1.7932)  loss_bbox_dn_pre: 0.3121 (0.3855)  loss_giou_dn_pre: 0.4009 (0.4413)  time: 0.2759  data: 0.1361  max mem: 3583
Epoch: [94] Total time: 0:00:02 (0.2873 s / it)
Averaged stats: lr: 0.000004  loss: 33.5382 (35.4515)  loss_mal: 1.3662 (1.3784)  loss_bbox: 0.1192 (0.1933)  loss_giou: 0.1619 (0.2222)  loss_fgl: 0.9024 (0.9662)  loss_mal_aux_0: 2.3457 (2.4390)  loss_bbox_aux_0: 0.1556 (0.2554)  loss_giou_aux_0: 0.2701 (0.3145)  loss_fgl_aux_0: 1.1251 (1.1702)  loss_ddf_aux_0: 0.4679 (0.4551)  loss_mal_aux_1: 1.7598 (1.8395)  loss_bbox_aux_1: 0.1257 (0.2045)  loss_giou_aux_1: 0.1764 (0.2328)  loss_fgl_aux_1: 0.9262 (0.9919)  loss_ddf_aux_1: 0.0554 (0.0535)  loss_mal_aux_2: 1.3721 (1.3951)  loss_bbox_aux_2: 0.1188 (0.1945)  loss_giou_aux_2: 0.1602 (0.2223)  loss_fgl_aux_2: 0.9030 (0.9638)  loss_ddf_aux_2: 0.0025 (0.0031)  loss_mal_pre: 2.2324 (2.2571)  loss_bbox_pre: 0.1677 (0.2572)  loss_giou_pre: 0.2710 (0.3174)  loss_mal_enc_0: 2.2266 (2.2029)  loss_bbox_enc_0: 0.6440 (0.6794)  loss_giou_enc_0: 0.7840 (0.8268)  loss_mal_dn_0: 1.6211 (1.6345)  loss_bbox_dn_0: 0.3044 (0.3801)  loss_giou_dn_0: 0.3996 (0.4417)  loss_fgl_dn_0: 1.2181 (1.2313)  loss_ddf_dn_0: 1.3143 (1.3644)  loss_mal_dn_1: 1.0781 (1.0898)  loss_bbox_dn_1: 0.1596 (0.2388)  loss_giou_dn_1: 0.2259 (0.2654)  loss_fgl_dn_1: 0.9960 (0.9931)  loss_ddf_dn_1: 0.1742 (0.1906)  loss_mal_dn_2: 1.0713 (1.0837)  loss_bbox_dn_2: 0.1405 (0.2133)  loss_giou_dn_2: 0.1930 (0.2370)  loss_fgl_dn_2: 0.9162 (0.9440)  loss_ddf_dn_2: 0.0098 (0.0110)  loss_mal_dn_3: 1.0752 (1.0848)  loss_bbox_dn_3: 0.1384 (0.2113)  loss_giou_dn_3: 0.1936 (0.2350)  loss_fgl_dn_3: 0.9191 (0.9457)  loss_mal_dn_pre: 1.7900 (1.7932)  loss_bbox_dn_pre: 0.3121 (0.3855)  loss_giou_dn_pre: 0.4009 (0.4413)
Test:  [0/4]  eta: 0:00:01    time: 0.4138  data: 0.3741  max mem: 3583
Test:  [3/4]  eta: 0:00:00    time: 0.1298  data: 0.0959  max mem: 3583
Test: Total time: 0:00:00 (0.1497 s / it)
Averaged stats: 
Accumulating evaluation results...
COCOeval_opt.accumulate() finished...
DONE (t=0.00s).
IoU metric: bbox
 Average Precision  (AP) @[ IoU=0.50:0.95 | area=   all | maxDets=100 ] = 0.752
 Average Precision  (AP) @[ IoU=0.50      | area=   all | maxDets=100 ] = 0.908
 Average Precision  (AP) @[ IoU=0.75      | area=   all | maxDets=100 ] = 0.800
 Average Precision  (AP) @[ IoU=0.50:0.95 | area= small | maxDets=100 ] = -1.000
 Average Precision  (AP) @[ IoU=0.50:0.95 | area=medium | maxDets=100 ] = -1.000
 Average Precision  (AP) @[ IoU=0.50:0.95 | area= large | maxDets=100 ] = 0.752
 Average Recall     (AR) @[ IoU=0.50:0.95 | area=   all | maxDets=  1 ] = 0.757
 Average Recall     (AR) @[ IoU=0.50:0.95 | area=   all | maxDets= 10 ] = 0.883
 Average Recall     (AR) @[ IoU=0.50:0.95 | area=   all | maxDets=100 ] = 0.910
 Average Recall     (AR) @[ IoU=0.50:0.95 | area= small | maxDets=100 ] = -1.000
 Average Recall     (AR) @[ IoU=0.50:0.95 | area=medium | maxDets=100 ] = -1.000
 Average Recall     (AR) @[ IoU=0.50:0.95 | area= large | maxDets=100 ] = 0.910
 Average Recall     (AR) @[ IoU=0.50      | area=   all | maxDets=100 ] = 1.000
 Average Recall     (AR) @[ IoU=0.75      | area=   all | maxDets=100 ] = 0.933
best_stat: {'epoch': 93, 'coco_eval_bbox': 0.762770264501926}
Epoch: [95]  [0/8]  eta: 0:00:10  lr: 0.000004  loss: 32.1188 (32.1188)  loss_mal: 1.2793 (1.2793)  loss_bbox: 0.0654 (0.0654)  loss_giou: 0.1830 (0.1830)  loss_fgl: 0.9949 (0.9949)  loss_mal_aux_0: 2.6777 (2.6777)  loss_bbox_aux_0: 0.0840 (0.0840)  loss_giou_aux_0: 0.2301 (0.2301)  loss_fgl_aux_0: 1.1311 (1.1311)  loss_ddf_aux_0: 0.2675 (0.2675)  loss_mal_aux_1: 1.6025 (1.6025)  loss_bbox_aux_1: 0.0659 (0.0659)  loss_giou_aux_1: 0.1866 (0.1866)  loss_fgl_aux_1: 0.9965 (0.9965)  loss_ddf_aux_1: 0.0249 (0.0249)  loss_mal_aux_2: 1.3066 (1.3066)  loss_bbox_aux_2: 0.0655 (0.0655)  loss_giou_aux_2: 0.1848 (0.1848)  loss_fgl_aux_2: 1.0003 (1.0003)  loss_ddf_aux_2: 0.0023 (0.0023)  loss_mal_pre: 2.3535 (2.3535)  loss_bbox_pre: 0.0874 (0.0874)  loss_giou_pre: 0.2388 (0.2388)  loss_mal_enc_0: 2.7539 (2.7539)  loss_bbox_enc_0: 0.2723 (0.2723)  loss_giou_enc_0: 0.6006 (0.6006)  loss_mal_dn_0: 1.6504 (1.6504)  loss_bbox_dn_0: 0.1103 (0.1103)  loss_giou_dn_0: 0.3053 (0.3053)  loss_fgl_dn_0: 1.1781 (1.1781)  loss_ddf_dn_0: 0.8810 (0.8810)  loss_mal_dn_1: 1.0830 (1.0830)  loss_bbox_dn_1: 0.0673 (0.0673)  loss_giou_dn_1: 0.1993 (0.1993)  loss_fgl_dn_1: 0.9995 (0.9995)  loss_ddf_dn_1: 0.0942 (0.0942)  loss_mal_dn_2: 1.0859 (1.0859)  loss_bbox_dn_2: 0.0637 (0.0637)  loss_giou_dn_2: 0.1897 (0.1897)  loss_fgl_dn_2: 0.9826 (0.9826)  loss_ddf_dn_2: 0.0063 (0.0063)  loss_mal_dn_3: 1.0879 (1.0879)  loss_bbox_dn_3: 0.0638 (0.0638)  loss_giou_dn_3: 0.1886 (0.1886)  loss_fgl_dn_3: 0.9760 (0.9760)  loss_mal_dn_pre: 1.8271 (1.8271)  loss_bbox_dn_pre: 0.1123 (0.1123)  loss_giou_dn_pre: 0.3108 (0.3108)  time: 1.3506  data: 1.1606  max mem: 3583
Epoch: [95]  [7/8]  eta: 0:00:00  lr: 0.000004  loss: 32.1521 (33.9020)  loss_mal: 1.1797 (1.2516)  loss_bbox: 0.0774 (0.2060)  loss_giou: 0.1248 (0.1928)  loss_fgl: 0.8074 (0.8529)  loss_mal_aux_0: 2.6367 (2.7550)  loss_bbox_aux_0: 0.1515 (0.2764)  loss_giou_aux_0: 0.1845 (0.2729)  loss_fgl_aux_0: 1.0011 (1.0490)  loss_ddf_aux_0: 0.2675 (0.2991)  loss_mal_aux_1: 1.5312 (1.5811)  loss_bbox_aux_1: 0.0944 (0.2253)  loss_giou_aux_1: 0.1351 (0.2114)  loss_fgl_aux_1: 0.8521 (0.8966)  loss_ddf_aux_1: 0.0272 (0.0352)  loss_mal_aux_2: 1.2510 (1.2927)  loss_bbox_aux_2: 0.0763 (0.2078)  loss_giou_aux_2: 0.1240 (0.1954)  loss_fgl_aux_2: 0.8028 (0.8518)  loss_ddf_aux_2: 0.0023 (0.0025)  loss_mal_pre: 2.3398 (2.4216)  loss_bbox_pre: 0.1477 (0.2730)  loss_giou_pre: 0.1828 (0.2717)  loss_mal_enc_0: 2.3633 (2.3655)  loss_bbox_enc_0: 0.5031 (0.6832)  loss_giou_enc_0: 0.7642 (0.7701)  loss_mal_dn_0: 1.6172 (1.6001)  loss_bbox_dn_0: 0.2845 (0.3577)  loss_giou_dn_0: 0.3281 (0.3937)  loss_fgl_dn_0: 1.1829 (1.1831)  loss_ddf_dn_0: 1.0323 (1.1041)  loss_mal_dn_1: 1.0830 (1.0836)  loss_bbox_dn_1: 0.1516 (0.2094)  loss_giou_dn_1: 0.1732 (0.2289)  loss_fgl_dn_1: 0.8955 (0.9307)  loss_ddf_dn_1: 0.1706 (0.1566)  loss_mal_dn_2: 1.0781 (1.0742)  loss_bbox_dn_2: 0.1045 (0.1842)  loss_giou_dn_2: 0.1295 (0.2026)  loss_fgl_dn_2: 0.8246 (0.8768)  loss_ddf_dn_2: 0.0089 (0.0086)  loss_mal_dn_3: 1.0703 (1.0775)  loss_bbox_dn_3: 0.1033 (0.1820)  loss_giou_dn_3: 0.1258 (0.2004)  loss_fgl_dn_3: 0.8230 (0.8761)  loss_mal_dn_pre: 1.7852 (1.7687)  loss_bbox_dn_pre: 0.3167 (0.3688)  loss_giou_dn_pre: 0.3327 (0.3939)  time: 0.2889  data: 0.1543  max mem: 3583
Epoch: [95] Total time: 0:00:02 (0.2983 s / it)
Averaged stats: lr: 0.000004  loss: 32.1521 (33.9020)  loss_mal: 1.1797 (1.2516)  loss_bbox: 0.0774 (0.2060)  loss_giou: 0.1248 (0.1928)  loss_fgl: 0.8074 (0.8529)  loss_mal_aux_0: 2.6367 (2.7550)  loss_bbox_aux_0: 0.1515 (0.2764)  loss_giou_aux_0: 0.1845 (0.2729)  loss_fgl_aux_0: 1.0011 (1.0490)  loss_ddf_aux_0: 0.2675 (0.2991)  loss_mal_aux_1: 1.5312 (1.5811)  loss_bbox_aux_1: 0.0944 (0.2253)  loss_giou_aux_1: 0.1351 (0.2114)  loss_fgl_aux_1: 0.8521 (0.8966)  loss_ddf_aux_1: 0.0272 (0.0352)  loss_mal_aux_2: 1.2510 (1.2927)  loss_bbox_aux_2: 0.0763 (0.2078)  loss_giou_aux_2: 0.1240 (0.1954)  loss_fgl_aux_2: 0.8028 (0.8518)  loss_ddf_aux_2: 0.0023 (0.0025)  loss_mal_pre: 2.3398 (2.4216)  loss_bbox_pre: 0.1477 (0.2730)  loss_giou_pre: 0.1828 (0.2717)  loss_mal_enc_0: 2.3633 (2.3655)  loss_bbox_enc_0: 0.5031 (0.6832)  loss_giou_enc_0: 0.7642 (0.7701)  loss_mal_dn_0: 1.6172 (1.6001)  loss_bbox_dn_0: 0.2845 (0.3577)  loss_giou_dn_0: 0.3281 (0.3937)  loss_fgl_dn_0: 1.1829 (1.1831)  loss_ddf_dn_0: 1.0323 (1.1041)  loss_mal_dn_1: 1.0830 (1.0836)  loss_bbox_dn_1: 0.1516 (0.2094)  loss_giou_dn_1: 0.1732 (0.2289)  loss_fgl_dn_1: 0.8955 (0.9307)  loss_ddf_dn_1: 0.1706 (0.1566)  loss_mal_dn_2: 1.0781 (1.0742)  loss_bbox_dn_2: 0.1045 (0.1842)  loss_giou_dn_2: 0.1295 (0.2026)  loss_fgl_dn_2: 0.8246 (0.8768)  loss_ddf_dn_2: 0.0089 (0.0086)  loss_mal_dn_3: 1.0703 (1.0775)  loss_bbox_dn_3: 0.1033 (0.1820)  loss_giou_dn_3: 0.1258 (0.2004)  loss_fgl_dn_3: 0.8230 (0.8761)  loss_mal_dn_pre: 1.7852 (1.7687)  loss_bbox_dn_pre: 0.3167 (0.3688)  loss_giou_dn_pre: 0.3327 (0.3939)
Test:  [0/4]  eta: 0:00:01    time: 0.3948  data: 0.3548  max mem: 3583
Test:  [3/4]  eta: 0:00:00    time: 0.1251  data: 0.0908  max mem: 3583
Test: Total time: 0:00:00 (0.1440 s / it)
Averaged stats: 
Accumulating evaluation results...
COCOeval_opt.accumulate() finished...
DONE (t=0.00s).
IoU metric: bbox
 Average Precision  (AP) @[ IoU=0.50:0.95 | area=   all | maxDets=100 ] = 0.808
 Average Precision  (AP) @[ IoU=0.50      | area=   all | maxDets=100 ] = 0.957
 Average Precision  (AP) @[ IoU=0.75      | area=   all | maxDets=100 ] = 0.845
 Average Precision  (AP) @[ IoU=0.50:0.95 | area= small | maxDets=100 ] = -1.000
 Average Precision  (AP) @[ IoU=0.50:0.95 | area=medium | maxDets=100 ] = -1.000
 Average Precision  (AP) @[ IoU=0.50:0.95 | area= large | maxDets=100 ] = 0.808
 Average Recall     (AR) @[ IoU=0.50:0.95 | area=   all | maxDets=  1 ] = 0.773
 Average Recall     (AR) @[ IoU=0.50:0.95 | area=   all | maxDets= 10 ] = 0.893
 Average Recall     (AR) @[ IoU=0.50:0.95 | area=   all | maxDets=100 ] = 0.917
 Average Recall     (AR) @[ IoU=0.50:0.95 | area= small | maxDets=100 ] = -1.000
 Average Recall     (AR) @[ IoU=0.50:0.95 | area=medium | maxDets=100 ] = -1.000
 Average Recall     (AR) @[ IoU=0.50:0.95 | area= large | maxDets=100 ] = 0.917
 Average Recall     (AR) @[ IoU=0.50      | area=   all | maxDets=100 ] = 1.000
 Average Recall     (AR) @[ IoU=0.75      | area=   all | maxDets=100 ] = 0.933
best_stat: {'epoch': 95, 'coco_eval_bbox': 0.8077346548953541}
Epoch: [96]  [0/8]  eta: 0:00:07  lr: 0.000004  loss: 34.2028 (34.2028)  loss_mal: 1.3691 (1.3691)  loss_bbox: 0.1596 (0.1596)  loss_giou: 0.2144 (0.2144)  loss_fgl: 0.8368 (0.8368)  loss_mal_aux_0: 2.4805 (2.4805)  loss_bbox_aux_0: 0.1965 (0.1965)  loss_giou_aux_0: 0.2896 (0.2896)  loss_fgl_aux_0: 1.0568 (1.0568)  loss_ddf_aux_0: 0.3679 (0.3679)  loss_mal_aux_1: 1.4277 (1.4277)  loss_bbox_aux_1: 0.1842 (0.1842)  loss_giou_aux_1: 0.2401 (0.2401)  loss_fgl_aux_1: 0.8667 (0.8667)  loss_ddf_aux_1: 0.0460 (0.0460)  loss_mal_aux_2: 1.3828 (1.3828)  loss_bbox_aux_2: 0.1606 (0.1606)  loss_giou_aux_2: 0.2156 (0.2156)  loss_fgl_aux_2: 0.8364 (0.8364)  loss_ddf_aux_2: 0.0026 (0.0026)  loss_mal_pre: 2.3125 (2.3125)  loss_bbox_pre: 0.1951 (0.1951)  loss_giou_pre: 0.2896 (0.2896)  loss_mal_enc_0: 2.3555 (2.3555)  loss_bbox_enc_0: 0.5072 (0.5072)  loss_giou_enc_0: 0.7789 (0.7789)  loss_mal_dn_0: 1.5029 (1.5029)  loss_bbox_dn_0: 0.3563 (0.3563)  loss_giou_dn_0: 0.5022 (0.5022)  loss_fgl_dn_0: 1.2009 (1.2009)  loss_ddf_dn_0: 1.4716 (1.4716)  loss_mal_dn_1: 1.0928 (1.0928)  loss_bbox_dn_1: 0.2573 (0.2573)  loss_giou_dn_1: 0.3411 (0.3411)  loss_fgl_dn_1: 0.9398 (0.9398)  loss_ddf_dn_1: 0.2000 (0.2000)  loss_mal_dn_2: 1.1064 (1.1064)  loss_bbox_dn_2: 0.2379 (0.2379)  loss_giou_dn_2: 0.3070 (0.3070)  loss_fgl_dn_2: 0.8607 (0.8607)  loss_ddf_dn_2: 0.0108 (0.0108)  loss_mal_dn_3: 1.1240 (1.1240)  loss_bbox_dn_3: 0.2406 (0.2406)  loss_giou_dn_3: 0.3068 (0.3068)  loss_fgl_dn_3: 0.8607 (0.8607)  loss_mal_dn_pre: 1.6641 (1.6641)  loss_bbox_dn_pre: 0.3496 (0.3496)  loss_giou_dn_pre: 0.4962 (0.4962)  time: 0.9184  data: 0.7549  max mem: 3583
Epoch: [96]  [7/8]  eta: 0:00:00  lr: 0.000004  loss: 34.2028 (35.3397)  loss_mal: 1.2158 (1.2723)  loss_bbox: 0.1596 (0.1931)  loss_giou: 0.2144 (0.2149)  loss_fgl: 0.9455 (0.9378)  loss_mal_aux_0: 2.3301 (2.5029)  loss_bbox_aux_0: 0.1965 (0.2648)  loss_giou_aux_0: 0.2896 (0.2953)  loss_fgl_aux_0: 1.1254 (1.1163)  loss_ddf_aux_0: 0.3614 (0.3515)  loss_mal_aux_1: 1.4863 (1.5005)  loss_bbox_aux_1: 0.1842 (0.2035)  loss_giou_aux_1: 0.2401 (0.2274)  loss_fgl_aux_1: 0.9576 (0.9651)  loss_ddf_aux_1: 0.0460 (0.0482)  loss_mal_aux_2: 1.2881 (1.3157)  loss_bbox_aux_2: 0.1606 (0.1950)  loss_giou_aux_2: 0.2156 (0.2170)  loss_fgl_aux_2: 0.9487 (0.9377)  loss_ddf_aux_2: 0.0034 (0.0036)  loss_mal_pre: 2.2637 (2.3152)  loss_bbox_pre: 0.1951 (0.2598)  loss_giou_pre: 0.2896 (0.2910)  loss_mal_enc_0: 2.2461 (2.3030)  loss_bbox_enc_0: 0.5621 (0.7385)  loss_giou_enc_0: 0.7789 (0.7779)  loss_mal_dn_0: 1.5029 (1.5232)  loss_bbox_dn_0: 0.4332 (0.4982)  loss_giou_dn_0: 0.4907 (0.4942)  loss_fgl_dn_0: 1.2378 (1.2333)  loss_ddf_dn_0: 1.3752 (1.3334)  loss_mal_dn_1: 1.1094 (1.1085)  loss_bbox_dn_1: 0.2573 (0.3142)  loss_giou_dn_1: 0.3212 (0.3113)  loss_fgl_dn_1: 1.0210 (1.0057)  loss_ddf_dn_1: 0.1981 (0.1979)  loss_mal_dn_2: 1.0820 (1.0890)  loss_bbox_dn_2: 0.2379 (0.2840)  loss_giou_dn_2: 0.3027 (0.2826)  loss_fgl_dn_2: 0.9727 (0.9459)  loss_ddf_dn_2: 0.0110 (0.0126)  loss_mal_dn_3: 1.0498 (1.0734)  loss_bbox_dn_3: 0.2406 (0.2816)  loss_giou_dn_3: 0.2993 (0.2796)  loss_fgl_dn_3: 0.9711 (0.9465)  loss_mal_dn_pre: 1.6641 (1.6779)  loss_bbox_dn_pre: 0.4546 (0.5082)  loss_giou_dn_pre: 0.4874 (0.4905)  time: 0.2373  data: 0.0980  max mem: 3583
Epoch: [96] Total time: 0:00:01 (0.2450 s / it)
Averaged stats: lr: 0.000004  loss: 34.2028 (35.3397)  loss_mal: 1.2158 (1.2723)  loss_bbox: 0.1596 (0.1931)  loss_giou: 0.2144 (0.2149)  loss_fgl: 0.9455 (0.9378)  loss_mal_aux_0: 2.3301 (2.5029)  loss_bbox_aux_0: 0.1965 (0.2648)  loss_giou_aux_0: 0.2896 (0.2953)  loss_fgl_aux_0: 1.1254 (1.1163)  loss_ddf_aux_0: 0.3614 (0.3515)  loss_mal_aux_1: 1.4863 (1.5005)  loss_bbox_aux_1: 0.1842 (0.2035)  loss_giou_aux_1: 0.2401 (0.2274)  loss_fgl_aux_1: 0.9576 (0.9651)  loss_ddf_aux_1: 0.0460 (0.0482)  loss_mal_aux_2: 1.2881 (1.3157)  loss_bbox_aux_2: 0.1606 (0.1950)  loss_giou_aux_2: 0.2156 (0.2170)  loss_fgl_aux_2: 0.9487 (0.9377)  loss_ddf_aux_2: 0.0034 (0.0036)  loss_mal_pre: 2.2637 (2.3152)  loss_bbox_pre: 0.1951 (0.2598)  loss_giou_pre: 0.2896 (0.2910)  loss_mal_enc_0: 2.2461 (2.3030)  loss_bbox_enc_0: 0.5621 (0.7385)  loss_giou_enc_0: 0.7789 (0.7779)  loss_mal_dn_0: 1.5029 (1.5232)  loss_bbox_dn_0: 0.4332 (0.4982)  loss_giou_dn_0: 0.4907 (0.4942)  loss_fgl_dn_0: 1.2378 (1.2333)  loss_ddf_dn_0: 1.3752 (1.3334)  loss_mal_dn_1: 1.1094 (1.1085)  loss_bbox_dn_1: 0.2573 (0.3142)  loss_giou_dn_1: 0.3212 (0.3113)  loss_fgl_dn_1: 1.0210 (1.0057)  loss_ddf_dn_1: 0.1981 (0.1979)  loss_mal_dn_2: 1.0820 (1.0890)  loss_bbox_dn_2: 0.2379 (0.2840)  loss_giou_dn_2: 0.3027 (0.2826)  loss_fgl_dn_2: 0.9727 (0.9459)  loss_ddf_dn_2: 0.0110 (0.0126)  loss_mal_dn_3: 1.0498 (1.0734)  loss_bbox_dn_3: 0.2406 (0.2816)  loss_giou_dn_3: 0.2993 (0.2796)  loss_fgl_dn_3: 0.9711 (0.9465)  loss_mal_dn_pre: 1.6641 (1.6779)  loss_bbox_dn_pre: 0.4546 (0.5082)  loss_giou_dn_pre: 0.4874 (0.4905)
Test:  [0/4]  eta: 0:00:01    time: 0.4185  data: 0.3741  max mem: 3583
Test:  [3/4]  eta: 0:00:00    time: 0.1765  data: 0.0955  max mem: 3583
Test: Total time: 0:00:00 (0.1981 s / it)
Averaged stats: 
Accumulating evaluation results...
COCOeval_opt.accumulate() finished...
DONE (t=0.00s).
IoU metric: bbox
 Average Precision  (AP) @[ IoU=0.50:0.95 | area=   all | maxDets=100 ] = 0.725
 Average Precision  (AP) @[ IoU=0.50      | area=   all | maxDets=100 ] = 0.862
 Average Precision  (AP) @[ IoU=0.75      | area=   all | maxDets=100 ] = 0.748
 Average Precision  (AP) @[ IoU=0.50:0.95 | area= small | maxDets=100 ] = -1.000
 Average Precision  (AP) @[ IoU=0.50:0.95 | area=medium | maxDets=100 ] = -1.000
 Average Precision  (AP) @[ IoU=0.50:0.95 | area= large | maxDets=100 ] = 0.725
 Average Recall     (AR) @[ IoU=0.50:0.95 | area=   all | maxDets=  1 ] = 0.723
 Average Recall     (AR) @[ IoU=0.50:0.95 | area=   all | maxDets= 10 ] = 0.897
 Average Recall     (AR) @[ IoU=0.50:0.95 | area=   all | maxDets=100 ] = 0.913
 Average Recall     (AR) @[ IoU=0.50:0.95 | area= small | maxDets=100 ] = -1.000
 Average Recall     (AR) @[ IoU=0.50:0.95 | area=medium | maxDets=100 ] = -1.000
 Average Recall     (AR) @[ IoU=0.50:0.95 | area= large | maxDets=100 ] = 0.913
 Average Recall     (AR) @[ IoU=0.50      | area=   all | maxDets=100 ] = 1.000
 Average Recall     (AR) @[ IoU=0.75      | area=   all | maxDets=100 ] = 0.967
best_stat: {'epoch': 95, 'coco_eval_bbox': 0.8077346548953541}
Epoch: [97]  [0/8]  eta: 0:00:08  lr: 0.000004  loss: 32.1873 (32.1873)  loss_mal: 1.1328 (1.1328)  loss_bbox: 0.1183 (0.1183)  loss_giou: 0.2302 (0.2302)  loss_fgl: 0.9072 (0.9072)  loss_mal_aux_0: 2.3398 (2.3398)  loss_bbox_aux_0: 0.1873 (0.1873)  loss_giou_aux_0: 0.3227 (0.3227)  loss_fgl_aux_0: 1.0667 (1.0667)  loss_ddf_aux_0: 0.3392 (0.3392)  loss_mal_aux_1: 1.3428 (1.3428)  loss_bbox_aux_1: 0.1308 (0.1308)  loss_giou_aux_1: 0.2472 (0.2472)  loss_fgl_aux_1: 0.9245 (0.9245)  loss_ddf_aux_1: 0.0365 (0.0365)  loss_mal_aux_2: 1.2217 (1.2217)  loss_bbox_aux_2: 0.1199 (0.1199)  loss_giou_aux_2: 0.2299 (0.2299)  loss_fgl_aux_2: 0.9075 (0.9075)  loss_ddf_aux_2: 0.0027 (0.0027)  loss_mal_pre: 2.1602 (2.1602)  loss_bbox_pre: 0.1911 (0.1911)  loss_giou_pre: 0.3236 (0.3236)  loss_mal_enc_0: 2.4180 (2.4180)  loss_bbox_enc_0: 0.4428 (0.4428)  loss_giou_enc_0: 0.8074 (0.8074)  loss_mal_dn_0: 1.4629 (1.4629)  loss_bbox_dn_0: 0.2005 (0.2005)  loss_giou_dn_0: 0.4013 (0.4013)  loss_fgl_dn_0: 1.2128 (1.2128)  loss_ddf_dn_0: 1.2932 (1.2932)  loss_mal_dn_1: 1.0781 (1.0781)  loss_bbox_dn_1: 0.1115 (0.1115)  loss_giou_dn_1: 0.2367 (0.2367)  loss_fgl_dn_1: 0.9701 (0.9701)  loss_ddf_dn_1: 0.1724 (0.1724)  loss_mal_dn_2: 1.1104 (1.1104)  loss_bbox_dn_2: 0.0973 (0.0973)  loss_giou_dn_2: 0.2071 (0.2071)  loss_fgl_dn_2: 0.9149 (0.9149)  loss_ddf_dn_2: 0.0129 (0.0129)  loss_mal_dn_3: 1.1064 (1.1064)  loss_bbox_dn_3: 0.0958 (0.0958)  loss_giou_dn_3: 0.2033 (0.2033)  loss_fgl_dn_3: 0.9164 (0.9164)  loss_mal_dn_pre: 1.6367 (1.6367)  loss_bbox_dn_pre: 0.2014 (0.2014)  loss_giou_dn_pre: 0.3945 (0.3945)  time: 1.1085  data: 0.9422  max mem: 3583
Epoch: [97]  [7/8]  eta: 0:00:00  lr: 0.000004  loss: 32.8080 (34.4431)  loss_mal: 1.1807 (1.2955)  loss_bbox: 0.0804 (0.1911)  loss_giou: 0.1401 (0.1812)  loss_fgl: 0.8554 (0.8630)  loss_mal_aux_0: 2.5586 (3.0027)  loss_bbox_aux_0: 0.1086 (0.2397)  loss_giou_aux_0: 0.1948 (0.2463)  loss_fgl_aux_0: 1.0485 (1.0519)  loss_ddf_aux_0: 0.2563 (0.3406)  loss_mal_aux_1: 1.5225 (1.5852)  loss_bbox_aux_1: 0.0834 (0.1963)  loss_giou_aux_1: 0.1429 (0.1913)  loss_fgl_aux_1: 0.8801 (0.8975)  loss_ddf_aux_1: 0.0285 (0.0422)  loss_mal_aux_2: 1.2598 (1.3054)  loss_bbox_aux_2: 0.0815 (0.1882)  loss_giou_aux_2: 0.1406 (0.1796)  loss_fgl_aux_2: 0.8542 (0.8640)  loss_ddf_aux_2: 0.0026 (0.0029)  loss_mal_pre: 2.4121 (2.5190)  loss_bbox_pre: 0.1041 (0.2431)  loss_giou_pre: 0.1894 (0.2438)  loss_mal_enc_0: 2.4180 (2.4329)  loss_bbox_enc_0: 0.4794 (0.6386)  loss_giou_enc_0: 0.7265 (0.7394)  loss_mal_dn_0: 1.4951 (1.5128)  loss_bbox_dn_0: 0.2526 (0.3695)  loss_giou_dn_0: 0.3655 (0.4091)  loss_fgl_dn_0: 1.2507 (1.2529)  loss_ddf_dn_0: 1.1675 (1.2560)  loss_mal_dn_1: 1.0781 (1.0789)  loss_bbox_dn_1: 0.1108 (0.2380)  loss_giou_dn_1: 0.1919 (0.2377)  loss_fgl_dn_1: 0.9701 (0.9691)  loss_ddf_dn_1: 0.1618 (0.1800)  loss_mal_dn_2: 1.1006 (1.0929)  loss_bbox_dn_2: 0.0901 (0.2148)  loss_giou_dn_2: 0.1519 (0.2063)  loss_fgl_dn_2: 0.9076 (0.8977)  loss_ddf_dn_2: 0.0097 (0.0100)  loss_mal_dn_3: 1.0752 (1.0673)  loss_bbox_dn_3: 0.0858 (0.2154)  loss_giou_dn_3: 0.1502 (0.2054)  loss_fgl_dn_3: 0.9102 (0.8987)  loss_mal_dn_pre: 1.6729 (1.6924)  loss_bbox_dn_pre: 0.2474 (0.3559)  loss_giou_dn_pre: 0.3620 (0.4009)  time: 0.2934  data: 0.1487  max mem: 3583
Epoch: [97] Total time: 0:00:02 (0.3053 s / it)
Averaged stats: lr: 0.000004  loss: 32.8080 (34.4431)  loss_mal: 1.1807 (1.2955)  loss_bbox: 0.0804 (0.1911)  loss_giou: 0.1401 (0.1812)  loss_fgl: 0.8554 (0.8630)  loss_mal_aux_0: 2.5586 (3.0027)  loss_bbox_aux_0: 0.1086 (0.2397)  loss_giou_aux_0: 0.1948 (0.2463)  loss_fgl_aux_0: 1.0485 (1.0519)  loss_ddf_aux_0: 0.2563 (0.3406)  loss_mal_aux_1: 1.5225 (1.5852)  loss_bbox_aux_1: 0.0834 (0.1963)  loss_giou_aux_1: 0.1429 (0.1913)  loss_fgl_aux_1: 0.8801 (0.8975)  loss_ddf_aux_1: 0.0285 (0.0422)  loss_mal_aux_2: 1.2598 (1.3054)  loss_bbox_aux_2: 0.0815 (0.1882)  loss_giou_aux_2: 0.1406 (0.1796)  loss_fgl_aux_2: 0.8542 (0.8640)  loss_ddf_aux_2: 0.0026 (0.0029)  loss_mal_pre: 2.4121 (2.5190)  loss_bbox_pre: 0.1041 (0.2431)  loss_giou_pre: 0.1894 (0.2438)  loss_mal_enc_0: 2.4180 (2.4329)  loss_bbox_enc_0: 0.4794 (0.6386)  loss_giou_enc_0: 0.7265 (0.7394)  loss_mal_dn_0: 1.4951 (1.5128)  loss_bbox_dn_0: 0.2526 (0.3695)  loss_giou_dn_0: 0.3655 (0.4091)  loss_fgl_dn_0: 1.2507 (1.2529)  loss_ddf_dn_0: 1.1675 (1.2560)  loss_mal_dn_1: 1.0781 (1.0789)  loss_bbox_dn_1: 0.1108 (0.2380)  loss_giou_dn_1: 0.1919 (0.2377)  loss_fgl_dn_1: 0.9701 (0.9691)  loss_ddf_dn_1: 0.1618 (0.1800)  loss_mal_dn_2: 1.1006 (1.0929)  loss_bbox_dn_2: 0.0901 (0.2148)  loss_giou_dn_2: 0.1519 (0.2063)  loss_fgl_dn_2: 0.9076 (0.8977)  loss_ddf_dn_2: 0.0097 (0.0100)  loss_mal_dn_3: 1.0752 (1.0673)  loss_bbox_dn_3: 0.0858 (0.2154)  loss_giou_dn_3: 0.1502 (0.2054)  loss_fgl_dn_3: 0.9102 (0.8987)  loss_mal_dn_pre: 1.6729 (1.6924)  loss_bbox_dn_pre: 0.2474 (0.3559)  loss_giou_dn_pre: 0.3620 (0.4009)
Test:  [0/4]  eta: 0:00:01    time: 0.3902  data: 0.3515  max mem: 3583
Test:  [3/4]  eta: 0:00:00    time: 0.1256  data: 0.0900  max mem: 3583
Test: Total time: 0:00:00 (0.1467 s / it)
Averaged stats: 
Accumulating evaluation results...
COCOeval_opt.accumulate() finished...
DONE (t=0.00s).
IoU metric: bbox
 Average Precision  (AP) @[ IoU=0.50:0.95 | area=   all | maxDets=100 ] = 0.777
 Average Precision  (AP) @[ IoU=0.50      | area=   all | maxDets=100 ] = 0.925
 Average Precision  (AP) @[ IoU=0.75      | area=   all | maxDets=100 ] = 0.807
 Average Precision  (AP) @[ IoU=0.50:0.95 | area= small | maxDets=100 ] = -1.000
 Average Precision  (AP) @[ IoU=0.50:0.95 | area=medium | maxDets=100 ] = -1.000
 Average Precision  (AP) @[ IoU=0.50:0.95 | area= large | maxDets=100 ] = 0.777
 Average Recall     (AR) @[ IoU=0.50:0.95 | area=   all | maxDets=  1 ] = 0.760
 Average Recall     (AR) @[ IoU=0.50:0.95 | area=   all | maxDets= 10 ] = 0.887
 Average Recall     (AR) @[ IoU=0.50:0.95 | area=   all | maxDets=100 ] = 0.907
 Average Recall     (AR) @[ IoU=0.50:0.95 | area= small | maxDets=100 ] = -1.000
 Average Recall     (AR) @[ IoU=0.50:0.95 | area=medium | maxDets=100 ] = -1.000
 Average Recall     (AR) @[ IoU=0.50:0.95 | area= large | maxDets=100 ] = 0.907
 Average Recall     (AR) @[ IoU=0.50      | area=   all | maxDets=100 ] = 1.000
 Average Recall     (AR) @[ IoU=0.75      | area=   all | maxDets=100 ] = 0.967
best_stat: {'epoch': 95, 'coco_eval_bbox': 0.8077346548953541}
Epoch: [98]  [0/8]  eta: 0:00:06  lr: 0.000004  loss: 34.9996 (34.9996)  loss_mal: 1.3428 (1.3428)  loss_bbox: 0.0805 (0.0805)  loss_giou: 0.0941 (0.0941)  loss_fgl: 0.7486 (0.7486)  loss_mal_aux_0: 4.7461 (4.7461)  loss_bbox_aux_0: 0.1170 (0.1170)  loss_giou_aux_0: 0.1411 (0.1411)  loss_fgl_aux_0: 0.9192 (0.9192)  loss_ddf_aux_0: 0.2519 (0.2519)  loss_mal_aux_1: 2.4609 (2.4609)  loss_bbox_aux_1: 0.0830 (0.0830)  loss_giou_aux_1: 0.1025 (0.1025)  loss_fgl_aux_1: 0.7736 (0.7736)  loss_ddf_aux_1: 0.0321 (0.0321)  loss_mal_aux_2: 1.4219 (1.4219)  loss_bbox_aux_2: 0.0822 (0.0822)  loss_giou_aux_2: 0.0969 (0.0969)  loss_fgl_aux_2: 0.7544 (0.7544)  loss_ddf_aux_2: 0.0021 (0.0021)  loss_mal_pre: 3.3574 (3.3574)  loss_bbox_pre: 0.1129 (0.1129)  loss_giou_pre: 0.1412 (0.1412)  loss_mal_enc_0: 2.7559 (2.7559)  loss_bbox_enc_0: 0.5937 (0.5937)  loss_giou_enc_0: 0.6753 (0.6753)  loss_mal_dn_0: 1.5645 (1.5645)  loss_bbox_dn_0: 0.3375 (0.3375)  loss_giou_dn_0: 0.3480 (0.3480)  loss_fgl_dn_0: 1.1964 (1.1964)  loss_ddf_dn_0: 0.8613 (0.8613)  loss_mal_dn_1: 1.0283 (1.0283)  loss_bbox_dn_1: 0.1358 (0.1358)  loss_giou_dn_1: 0.1531 (0.1531)  loss_fgl_dn_1: 0.8400 (0.8400)  loss_ddf_dn_1: 0.1281 (0.1281)  loss_mal_dn_2: 1.0674 (1.0674)  loss_bbox_dn_2: 0.1086 (0.1086)  loss_giou_dn_2: 0.1236 (0.1236)  loss_fgl_dn_2: 0.7662 (0.7662)  loss_ddf_dn_2: 0.0068 (0.0068)  loss_mal_dn_3: 1.0166 (1.0166)  loss_bbox_dn_3: 0.1053 (0.1053)  loss_giou_dn_3: 0.1213 (0.1213)  loss_fgl_dn_3: 0.7621 (0.7621)  loss_mal_dn_pre: 1.7500 (1.7500)  loss_bbox_dn_pre: 0.3429 (0.3429)  loss_giou_dn_pre: 0.3490 (0.3490)  time: 0.8278  data: 0.6556  max mem: 3583
Epoch: [98]  [7/8]  eta: 0:00:00  lr: 0.000004  loss: 34.5260 (35.4570)  loss_mal: 1.2598 (1.2659)  loss_bbox: 0.1056 (0.1937)  loss_giou: 0.2025 (0.2042)  loss_fgl: 0.9081 (0.9277)  loss_mal_aux_0: 2.6660 (2.9790)  loss_bbox_aux_0: 0.1480 (0.2745)  loss_giou_aux_0: 0.2674 (0.2917)  loss_fgl_aux_0: 1.1434 (1.1220)  loss_ddf_aux_0: 0.2519 (0.3590)  loss_mal_aux_1: 1.6504 (1.7892)  loss_bbox_aux_1: 0.1130 (0.1998)  loss_giou_aux_1: 0.2078 (0.2137)  loss_fgl_aux_1: 0.9179 (0.9597)  loss_ddf_aux_1: 0.0321 (0.0463)  loss_mal_aux_2: 1.3125 (1.2970)  loss_bbox_aux_2: 0.1077 (0.1918)  loss_giou_aux_2: 0.2032 (0.2045)  loss_fgl_aux_2: 0.9054 (0.9309)  loss_ddf_aux_2: 0.0028 (0.0031)  loss_mal_pre: 2.3516 (2.4724)  loss_bbox_pre: 0.1608 (0.2728)  loss_giou_pre: 0.2669 (0.2891)  loss_mal_enc_0: 2.4805 (2.4401)  loss_bbox_enc_0: 0.5558 (0.6256)  loss_giou_enc_0: 0.6753 (0.6978)  loss_mal_dn_0: 1.4697 (1.4698)  loss_bbox_dn_0: 0.3297 (0.4288)  loss_giou_dn_0: 0.3626 (0.4493)  loss_fgl_dn_0: 1.2161 (1.2300)  loss_ddf_dn_0: 1.3088 (1.3499)  loss_mal_dn_1: 1.0537 (1.0623)  loss_bbox_dn_1: 0.1358 (0.2788)  loss_giou_dn_1: 0.2108 (0.2737)  loss_fgl_dn_1: 0.9569 (0.9795)  loss_ddf_dn_1: 0.2149 (0.1949)  loss_mal_dn_2: 1.0576 (1.0636)  loss_bbox_dn_2: 0.1086 (0.2579)  loss_giou_dn_2: 0.1797 (0.2491)  loss_fgl_dn_2: 0.8884 (0.9275)  loss_ddf_dn_2: 0.0120 (0.0120)  loss_mal_dn_3: 1.0166 (1.0256)  loss_bbox_dn_3: 0.1053 (0.2572)  loss_giou_dn_3: 0.1754 (0.2465)  loss_fgl_dn_3: 0.8938 (0.9280)  loss_mal_dn_pre: 1.6279 (1.6270)  loss_bbox_dn_pre: 0.3429 (0.4420)  loss_giou_dn_pre: 0.3679 (0.4520)  time: 0.2282  data: 0.0867  max mem: 3583
Epoch: [98] Total time: 0:00:01 (0.2390 s / it)
Averaged stats: lr: 0.000004  loss: 34.5260 (35.4570)  loss_mal: 1.2598 (1.2659)  loss_bbox: 0.1056 (0.1937)  loss_giou: 0.2025 (0.2042)  loss_fgl: 0.9081 (0.9277)  loss_mal_aux_0: 2.6660 (2.9790)  loss_bbox_aux_0: 0.1480 (0.2745)  loss_giou_aux_0: 0.2674 (0.2917)  loss_fgl_aux_0: 1.1434 (1.1220)  loss_ddf_aux_0: 0.2519 (0.3590)  loss_mal_aux_1: 1.6504 (1.7892)  loss_bbox_aux_1: 0.1130 (0.1998)  loss_giou_aux_1: 0.2078 (0.2137)  loss_fgl_aux_1: 0.9179 (0.9597)  loss_ddf_aux_1: 0.0321 (0.0463)  loss_mal_aux_2: 1.3125 (1.2970)  loss_bbox_aux_2: 0.1077 (0.1918)  loss_giou_aux_2: 0.2032 (0.2045)  loss_fgl_aux_2: 0.9054 (0.9309)  loss_ddf_aux_2: 0.0028 (0.0031)  loss_mal_pre: 2.3516 (2.4724)  loss_bbox_pre: 0.1608 (0.2728)  loss_giou_pre: 0.2669 (0.2891)  loss_mal_enc_0: 2.4805 (2.4401)  loss_bbox_enc_0: 0.5558 (0.6256)  loss_giou_enc_0: 0.6753 (0.6978)  loss_mal_dn_0: 1.4697 (1.4698)  loss_bbox_dn_0: 0.3297 (0.4288)  loss_giou_dn_0: 0.3626 (0.4493)  loss_fgl_dn_0: 1.2161 (1.2300)  loss_ddf_dn_0: 1.3088 (1.3499)  loss_mal_dn_1: 1.0537 (1.0623)  loss_bbox_dn_1: 0.1358 (0.2788)  loss_giou_dn_1: 0.2108 (0.2737)  loss_fgl_dn_1: 0.9569 (0.9795)  loss_ddf_dn_1: 0.2149 (0.1949)  loss_mal_dn_2: 1.0576 (1.0636)  loss_bbox_dn_2: 0.1086 (0.2579)  loss_giou_dn_2: 0.1797 (0.2491)  loss_fgl_dn_2: 0.8884 (0.9275)  loss_ddf_dn_2: 0.0120 (0.0120)  loss_mal_dn_3: 1.0166 (1.0256)  loss_bbox_dn_3: 0.1053 (0.2572)  loss_giou_dn_3: 0.1754 (0.2465)  loss_fgl_dn_3: 0.8938 (0.9280)  loss_mal_dn_pre: 1.6279 (1.6270)  loss_bbox_dn_pre: 0.3429 (0.4420)  loss_giou_dn_pre: 0.3679 (0.4520)
Test:  [0/4]  eta: 0:00:01    time: 0.4391  data: 0.3953  max mem: 3583
Test:  [3/4]  eta: 0:00:00    time: 0.1393  data: 0.1008  max mem: 3583
Test: Total time: 0:00:00 (0.1565 s / it)
Averaged stats: 
Accumulating evaluation results...
COCOeval_opt.accumulate() finished...
DONE (t=0.00s).
IoU metric: bbox
 Average Precision  (AP) @[ IoU=0.50:0.95 | area=   all | maxDets=100 ] = 0.823
 Average Precision  (AP) @[ IoU=0.50      | area=   all | maxDets=100 ] = 0.968
 Average Precision  (AP) @[ IoU=0.75      | area=   all | maxDets=100 ] = 0.855
 Average Precision  (AP) @[ IoU=0.50:0.95 | area= small | maxDets=100 ] = -1.000
 Average Precision  (AP) @[ IoU=0.50:0.95 | area=medium | maxDets=100 ] = -1.000
 Average Precision  (AP) @[ IoU=0.50:0.95 | area= large | maxDets=100 ] = 0.823
 Average Recall     (AR) @[ IoU=0.50:0.95 | area=   all | maxDets=  1 ] = 0.770
 Average Recall     (AR) @[ IoU=0.50:0.95 | area=   all | maxDets= 10 ] = 0.900
 Average Recall     (AR) @[ IoU=0.50:0.95 | area=   all | maxDets=100 ] = 0.913
 Average Recall     (AR) @[ IoU=0.50:0.95 | area= small | maxDets=100 ] = -1.000
 Average Recall     (AR) @[ IoU=0.50:0.95 | area=medium | maxDets=100 ] = -1.000
 Average Recall     (AR) @[ IoU=0.50:0.95 | area= large | maxDets=100 ] = 0.913
 Average Recall     (AR) @[ IoU=0.50      | area=   all | maxDets=100 ] = 1.000
 Average Recall     (AR) @[ IoU=0.75      | area=   all | maxDets=100 ] = 0.933
best_stat: {'epoch': 98, 'coco_eval_bbox': 0.822512224263375}
Epoch: [99]  [0/8]  eta: 0:00:09  lr: 0.000004  loss: 33.1748 (33.1748)  loss_mal: 1.2910 (1.2910)  loss_bbox: 0.1340 (0.1340)  loss_giou: 0.1559 (0.1559)  loss_fgl: 0.8574 (0.8574)  loss_mal_aux_0: 2.6348 (2.6348)  loss_bbox_aux_0: 0.1741 (0.1741)  loss_giou_aux_0: 0.2216 (0.2216)  loss_fgl_aux_0: 1.0420 (1.0420)  loss_ddf_aux_0: 0.4084 (0.4084)  loss_mal_aux_1: 1.4756 (1.4756)  loss_bbox_aux_1: 0.1373 (0.1373)  loss_giou_aux_1: 0.1705 (0.1705)  loss_fgl_aux_1: 0.9051 (0.9051)  loss_ddf_aux_1: 0.0456 (0.0456)  loss_mal_aux_2: 1.2520 (1.2520)  loss_bbox_aux_2: 0.1343 (0.1343)  loss_giou_aux_2: 0.1565 (0.1565)  loss_fgl_aux_2: 0.8588 (0.8588)  loss_ddf_aux_2: 0.0015 (0.0015)  loss_mal_pre: 2.3008 (2.3008)  loss_bbox_pre: 0.1747 (0.1747)  loss_giou_pre: 0.2209 (0.2209)  loss_mal_enc_0: 2.4395 (2.4395)  loss_bbox_enc_0: 0.4704 (0.4704)  loss_giou_enc_0: 0.6646 (0.6646)  loss_mal_dn_0: 1.4648 (1.4648)  loss_bbox_dn_0: 0.2748 (0.2748)  loss_giou_dn_0: 0.4038 (0.4038)  loss_fgl_dn_0: 1.2359 (1.2359)  loss_ddf_dn_0: 1.5688 (1.5688)  loss_mal_dn_1: 1.0986 (1.0986)  loss_bbox_dn_1: 0.2127 (0.2127)  loss_giou_dn_1: 0.2481 (0.2481)  loss_fgl_dn_1: 0.9532 (0.9532)  loss_ddf_dn_1: 0.1991 (0.1991)  loss_mal_dn_2: 1.1279 (1.1279)  loss_bbox_dn_2: 0.1996 (0.1996)  loss_giou_dn_2: 0.2249 (0.2249)  loss_fgl_dn_2: 0.9023 (0.9023)  loss_ddf_dn_2: 0.0107 (0.0107)  loss_mal_dn_3: 1.0762 (1.0762)  loss_bbox_dn_3: 0.1967 (0.1967)  loss_giou_dn_3: 0.2224 (0.2224)  loss_fgl_dn_3: 0.9007 (0.9007)  loss_mal_dn_pre: 1.6309 (1.6309)  loss_bbox_dn_pre: 0.2849 (0.2849)  loss_giou_dn_pre: 0.4108 (0.4108)  time: 1.1464  data: 0.9599  max mem: 3583
Epoch: [99]  [7/8]  eta: 0:00:00  lr: 0.000004  loss: 32.4821 (33.6121)  loss_mal: 1.2129 (1.2218)  loss_bbox: 0.1039 (0.1584)  loss_giou: 0.1559 (0.1867)  loss_fgl: 0.8592 (0.8995)  loss_mal_aux_0: 2.5742 (2.5955)  loss_bbox_aux_0: 0.1553 (0.2055)  loss_giou_aux_0: 0.2400 (0.2478)  loss_fgl_aux_0: 1.0557 (1.0735)  loss_ddf_aux_0: 0.3710 (0.3705)  loss_mal_aux_1: 1.4570 (1.4984)  loss_bbox_aux_1: 0.1130 (0.1581)  loss_giou_aux_1: 0.1705 (0.1933)  loss_fgl_aux_1: 0.9051 (0.9345)  loss_ddf_aux_1: 0.0452 (0.0458)  loss_mal_aux_2: 1.2256 (1.2623)  loss_bbox_aux_2: 0.1036 (0.1567)  loss_giou_aux_2: 0.1565 (0.1860)  loss_fgl_aux_2: 0.8588 (0.8985)  loss_ddf_aux_2: 0.0024 (0.0029)  loss_mal_pre: 2.2871 (2.2920)  loss_bbox_pre: 0.1584 (0.2055)  loss_giou_pre: 0.2329 (0.2479)  loss_mal_enc_0: 2.3145 (2.3555)  loss_bbox_enc_0: 0.4704 (0.5668)  loss_giou_enc_0: 0.7215 (0.7003)  loss_mal_dn_0: 1.4512 (1.4373)  loss_bbox_dn_0: 0.2728 (0.3630)  loss_giou_dn_0: 0.4019 (0.4290)  loss_fgl_dn_0: 1.2359 (1.2432)  loss_ddf_dn_0: 1.4861 (1.3791)  loss_mal_dn_1: 1.0986 (1.0984)  loss_bbox_dn_1: 0.1459 (0.2415)  loss_giou_dn_1: 0.2259 (0.2685)  loss_fgl_dn_1: 0.9496 (0.9788)  loss_ddf_dn_1: 0.1991 (0.1908)  loss_mal_dn_2: 1.0869 (1.0887)  loss_bbox_dn_2: 0.1335 (0.2210)  loss_giou_dn_2: 0.1985 (0.2443)  loss_fgl_dn_2: 0.9023 (0.9285)  loss_ddf_dn_2: 0.0107 (0.0123)  loss_mal_dn_3: 1.0430 (1.0319)  loss_bbox_dn_3: 0.1326 (0.2206)  loss_giou_dn_3: 0.2038 (0.2436)  loss_fgl_dn_3: 0.9022 (0.9304)  loss_mal_dn_pre: 1.5986 (1.5994)  loss_bbox_dn_pre: 0.2849 (0.3694)  loss_giou_dn_pre: 0.4107 (0.4286)  time: 0.2769  data: 0.1221  max mem: 3583
Epoch: [99] Total time: 0:00:02 (0.2846 s / it)
Averaged stats: lr: 0.000004  loss: 32.4821 (33.6121)  loss_mal: 1.2129 (1.2218)  loss_bbox: 0.1039 (0.1584)  loss_giou: 0.1559 (0.1867)  loss_fgl: 0.8592 (0.8995)  loss_mal_aux_0: 2.5742 (2.5955)  loss_bbox_aux_0: 0.1553 (0.2055)  loss_giou_aux_0: 0.2400 (0.2478)  loss_fgl_aux_0: 1.0557 (1.0735)  loss_ddf_aux_0: 0.3710 (0.3705)  loss_mal_aux_1: 1.4570 (1.4984)  loss_bbox_aux_1: 0.1130 (0.1581)  loss_giou_aux_1: 0.1705 (0.1933)  loss_fgl_aux_1: 0.9051 (0.9345)  loss_ddf_aux_1: 0.0452 (0.0458)  loss_mal_aux_2: 1.2256 (1.2623)  loss_bbox_aux_2: 0.1036 (0.1567)  loss_giou_aux_2: 0.1565 (0.1860)  loss_fgl_aux_2: 0.8588 (0.8985)  loss_ddf_aux_2: 0.0024 (0.0029)  loss_mal_pre: 2.2871 (2.2920)  loss_bbox_pre: 0.1584 (0.2055)  loss_giou_pre: 0.2329 (0.2479)  loss_mal_enc_0: 2.3145 (2.3555)  loss_bbox_enc_0: 0.4704 (0.5668)  loss_giou_enc_0: 0.7215 (0.7003)  loss_mal_dn_0: 1.4512 (1.4373)  loss_bbox_dn_0: 0.2728 (0.3630)  loss_giou_dn_0: 0.4019 (0.4290)  loss_fgl_dn_0: 1.2359 (1.2432)  loss_ddf_dn_0: 1.4861 (1.3791)  loss_mal_dn_1: 1.0986 (1.0984)  loss_bbox_dn_1: 0.1459 (0.2415)  loss_giou_dn_1: 0.2259 (0.2685)  loss_fgl_dn_1: 0.9496 (0.9788)  loss_ddf_dn_1: 0.1991 (0.1908)  loss_mal_dn_2: 1.0869 (1.0887)  loss_bbox_dn_2: 0.1335 (0.2210)  loss_giou_dn_2: 0.1985 (0.2443)  loss_fgl_dn_2: 0.9023 (0.9285)  loss_ddf_dn_2: 0.0107 (0.0123)  loss_mal_dn_3: 1.0430 (1.0319)  loss_bbox_dn_3: 0.1326 (0.2206)  loss_giou_dn_3: 0.2038 (0.2436)  loss_fgl_dn_3: 0.9022 (0.9304)  loss_mal_dn_pre: 1.5986 (1.5994)  loss_bbox_dn_pre: 0.2849 (0.3694)  loss_giou_dn_pre: 0.4107 (0.4286)
Test:  [0/4]  eta: 0:00:02    time: 0.5261  data: 0.3507  max mem: 3583
Test:  [3/4]  eta: 0:00:00    time: 0.1555  data: 0.0897  max mem: 3583
Test: Total time: 0:00:00 (0.1789 s / it)
Averaged stats: 
Accumulating evaluation results...
COCOeval_opt.accumulate() finished...
DONE (t=0.00s).
IoU metric: bbox
 Average Precision  (AP) @[ IoU=0.50:0.95 | area=   all | maxDets=100 ] = 0.808
 Average Precision  (AP) @[ IoU=0.50      | area=   all | maxDets=100 ] = 0.932
 Average Precision  (AP) @[ IoU=0.75      | area=   all | maxDets=100 ] = 0.847
 Average Precision  (AP) @[ IoU=0.50:0.95 | area= small | maxDets=100 ] = -1.000
 Average Precision  (AP) @[ IoU=0.50:0.95 | area=medium | maxDets=100 ] = -1.000
 Average Precision  (AP) @[ IoU=0.50:0.95 | area= large | maxDets=100 ] = 0.808
 Average Recall     (AR) @[ IoU=0.50:0.95 | area=   all | maxDets=  1 ] = 0.777
 Average Recall     (AR) @[ IoU=0.50:0.95 | area=   all | maxDets= 10 ] = 0.893
 Average Recall     (AR) @[ IoU=0.50:0.95 | area=   all | maxDets=100 ] = 0.903
 Average Recall     (AR) @[ IoU=0.50:0.95 | area= small | maxDets=100 ] = -1.000
 Average Recall     (AR) @[ IoU=0.50:0.95 | area=medium | maxDets=100 ] = -1.000
 Average Recall     (AR) @[ IoU=0.50:0.95 | area= large | maxDets=100 ] = 0.903
 Average Recall     (AR) @[ IoU=0.50      | area=   all | maxDets=100 ] = 1.000
 Average Recall     (AR) @[ IoU=0.75      | area=   all | maxDets=100 ] = 0.933
best_stat: {'epoch': 98, 'coco_eval_bbox': 0.822512224263375}
Load last_epoch
Load model.state_dict
Load criterion.state_dict
Load postprocessor.state_dict
Load ema.state_dict
Load scaler.state_dict
Load optimizer.state_dict
Load lr_warmup_scheduler.state_dict
Refresh EMA at epoch 100 with decay 0.9999
Epoch: [100]  [0/8]  eta: 0:00:04  lr: 0.000004  loss: 31.2981 (31.2981)  loss_mal: 1.2168 (1.2168)  loss_bbox: 0.0595 (0.0595)  loss_giou: 0.0870 (0.0870)  loss_fgl: 0.7594 (0.7594)  loss_mal_aux_0: 3.5430 (3.5430)  loss_bbox_aux_0: 0.0891 (0.0891)  loss_giou_aux_0: 0.1403 (0.1403)  loss_fgl_aux_0: 0.9309 (0.9309)  loss_ddf_aux_0: 0.1705 (0.1705)  loss_mal_aux_1: 1.5107 (1.5107)  loss_bbox_aux_1: 0.0663 (0.0663)  loss_giou_aux_1: 0.0998 (0.0998)  loss_fgl_aux_1: 0.7943 (0.7943)  loss_ddf_aux_1: 0.0231 (0.0231)  loss_mal_aux_2: 1.2988 (1.2988)  loss_bbox_aux_2: 0.0601 (0.0601)  loss_giou_aux_2: 0.0867 (0.0867)  loss_fgl_aux_2: 0.7593 (0.7593)  loss_ddf_aux_2: 0.0016 (0.0016)  loss_mal_pre: 2.8125 (2.8125)  loss_bbox_pre: 0.0914 (0.0914)  loss_giou_pre: 0.1410 (0.1410)  loss_mal_enc_0: 2.7461 (2.7461)  loss_bbox_enc_0: 0.4468 (0.4468)  loss_giou_enc_0: 0.6083 (0.6083)  loss_mal_dn_0: 1.5967 (1.5967)  loss_bbox_dn_0: 0.2034 (0.2034)  loss_giou_dn_0: 0.2709 (0.2709)  loss_fgl_dn_0: 1.1312 (1.1312)  loss_ddf_dn_0: 1.1056 (1.1056)  loss_mal_dn_1: 1.0586 (1.0586)  loss_bbox_dn_1: 0.0867 (0.0867)  loss_giou_dn_1: 0.1106 (0.1106)  loss_fgl_dn_1: 0.8017 (0.8017)  loss_ddf_dn_1: 0.1756 (0.1756)  loss_mal_dn_2: 1.0723 (1.0723)  loss_bbox_dn_2: 0.0691 (0.0691)  loss_giou_dn_2: 0.0901 (0.0901)  loss_fgl_dn_2: 0.7467 (0.7467)  loss_ddf_dn_2: 0.0119 (0.0119)  loss_mal_dn_3: 1.0361 (1.0361)  loss_bbox_dn_3: 0.0686 (0.0686)  loss_giou_dn_3: 0.0895 (0.0895)  loss_fgl_dn_3: 0.7492 (0.7492)  loss_mal_dn_pre: 1.7939 (1.7939)  loss_bbox_dn_pre: 0.2114 (0.2114)  loss_giou_dn_pre: 0.2751 (0.2751)  time: 0.5890  data: 0.3967  max mem: 3583
Epoch: [100]  [7/8]  eta: 0:00:00  lr: 0.000004  loss: 31.6104 (31.5128)  loss_mal: 1.0264 (1.0790)  loss_bbox: 0.0803 (0.0793)  loss_giou: 0.0929 (0.1127)  loss_fgl: 0.7387 (0.7773)  loss_mal_aux_0: 3.6582 (3.7744)  loss_bbox_aux_0: 0.1075 (0.1072)  loss_giou_aux_0: 0.1404 (0.1561)  loss_fgl_aux_0: 0.9198 (0.9361)  loss_ddf_aux_0: 0.1602 (0.1672)  loss_mal_aux_1: 1.4736 (1.4736)  loss_bbox_aux_1: 0.0888 (0.0853)  loss_giou_aux_1: 0.1077 (0.1214)  loss_fgl_aux_1: 0.7943 (0.8132)  loss_ddf_aux_1: 0.0238 (0.0242)  loss_mal_aux_2: 1.1172 (1.1702)  loss_bbox_aux_2: 0.0802 (0.0792)  loss_giou_aux_2: 0.0930 (0.1128)  loss_fgl_aux_2: 0.7426 (0.7796)  loss_ddf_aux_2: 0.0019 (0.0020)  loss_mal_pre: 2.8125 (2.8674)  loss_bbox_pre: 0.1107 (0.1096)  loss_giou_pre: 0.1438 (0.1587)  loss_mal_enc_0: 2.6328 (2.6721)  loss_bbox_enc_0: 0.4189 (0.4280)  loss_giou_enc_0: 0.5493 (0.5547)  loss_mal_dn_0: 1.5078 (1.5244)  loss_bbox_dn_0: 0.2064 (0.2332)  loss_giou_dn_0: 0.2907 (0.3035)  loss_fgl_dn_0: 1.1604 (1.1710)  loss_ddf_dn_0: 0.9760 (1.0055)  loss_mal_dn_1: 1.0391 (1.0341)  loss_bbox_dn_1: 0.1008 (0.1109)  loss_giou_dn_1: 0.1385 (0.1490)  loss_fgl_dn_1: 0.8289 (0.8648)  loss_ddf_dn_1: 0.1605 (0.1532)  loss_mal_dn_2: 1.0264 (1.0410)  loss_bbox_dn_2: 0.0858 (0.0892)  loss_giou_dn_2: 0.1080 (0.1268)  loss_fgl_dn_2: 0.7697 (0.8050)  loss_ddf_dn_2: 0.0088 (0.0093)  loss_mal_dn_3: 0.9668 (0.9764)  loss_bbox_dn_3: 0.0861 (0.0871)  loss_giou_dn_3: 0.1046 (0.1244)  loss_fgl_dn_3: 0.7710 (0.8035)  loss_mal_dn_pre: 1.7021 (1.7135)  loss_bbox_dn_pre: 0.2115 (0.2398)  loss_giou_dn_pre: 0.2947 (0.3059)  time: 0.2056  data: 0.0519  max mem: 3583
Epoch: [100] Total time: 0:00:01 (0.2150 s / it)
Averaged stats: lr: 0.000004  loss: 31.6104 (31.5128)  loss_mal: 1.0264 (1.0790)  loss_bbox: 0.0803 (0.0793)  loss_giou: 0.0929 (0.1127)  loss_fgl: 0.7387 (0.7773)  loss_mal_aux_0: 3.6582 (3.7744)  loss_bbox_aux_0: 0.1075 (0.1072)  loss_giou_aux_0: 0.1404 (0.1561)  loss_fgl_aux_0: 0.9198 (0.9361)  loss_ddf_aux_0: 0.1602 (0.1672)  loss_mal_aux_1: 1.4736 (1.4736)  loss_bbox_aux_1: 0.0888 (0.0853)  loss_giou_aux_1: 0.1077 (0.1214)  loss_fgl_aux_1: 0.7943 (0.8132)  loss_ddf_aux_1: 0.0238 (0.0242)  loss_mal_aux_2: 1.1172 (1.1702)  loss_bbox_aux_2: 0.0802 (0.0792)  loss_giou_aux_2: 0.0930 (0.1128)  loss_fgl_aux_2: 0.7426 (0.7796)  loss_ddf_aux_2: 0.0019 (0.0020)  loss_mal_pre: 2.8125 (2.8674)  loss_bbox_pre: 0.1107 (0.1096)  loss_giou_pre: 0.1438 (0.1587)  loss_mal_enc_0: 2.6328 (2.6721)  loss_bbox_enc_0: 0.4189 (0.4280)  loss_giou_enc_0: 0.5493 (0.5547)  loss_mal_dn_0: 1.5078 (1.5244)  loss_bbox_dn_0: 0.2064 (0.2332)  loss_giou_dn_0: 0.2907 (0.3035)  loss_fgl_dn_0: 1.1604 (1.1710)  loss_ddf_dn_0: 0.9760 (1.0055)  loss_mal_dn_1: 1.0391 (1.0341)  loss_bbox_dn_1: 0.1008 (0.1109)  loss_giou_dn_1: 0.1385 (0.1490)  loss_fgl_dn_1: 0.8289 (0.8648)  loss_ddf_dn_1: 0.1605 (0.1532)  loss_mal_dn_2: 1.0264 (1.0410)  loss_bbox_dn_2: 0.0858 (0.0892)  loss_giou_dn_2: 0.1080 (0.1268)  loss_fgl_dn_2: 0.7697 (0.8050)  loss_ddf_dn_2: 0.0088 (0.0093)  loss_mal_dn_3: 0.9668 (0.9764)  loss_bbox_dn_3: 0.0861 (0.0871)  loss_giou_dn_3: 0.1046 (0.1244)  loss_fgl_dn_3: 0.7710 (0.8035)  loss_mal_dn_pre: 1.7021 (1.7135)  loss_bbox_dn_pre: 0.2115 (0.2398)  loss_giou_dn_pre: 0.2947 (0.3059)
Test:  [0/4]  eta: 0:00:01    time: 0.3891  data: 0.3507  max mem: 3583
Test:  [3/4]  eta: 0:00:00    time: 0.1217  data: 0.0896  max mem: 3583
Test: Total time: 0:00:00 (0.1411 s / it)
Averaged stats: 
Accumulating evaluation results...
COCOeval_opt.accumulate() finished...
DONE (t=0.00s).
IoU metric: bbox
 Average Precision  (AP) @[ IoU=0.50:0.95 | area=   all | maxDets=100 ] = 0.793
 Average Precision  (AP) @[ IoU=0.50      | area=   all | maxDets=100 ] = 0.935
 Average Precision  (AP) @[ IoU=0.75      | area=   all | maxDets=100 ] = 0.800
 Average Precision  (AP) @[ IoU=0.50:0.95 | area= small | maxDets=100 ] = -1.000
 Average Precision  (AP) @[ IoU=0.50:0.95 | area=medium | maxDets=100 ] = -1.000
 Average Precision  (AP) @[ IoU=0.50:0.95 | area= large | maxDets=100 ] = 0.793
 Average Recall     (AR) @[ IoU=0.50:0.95 | area=   all | maxDets=  1 ] = 0.763
 Average Recall     (AR) @[ IoU=0.50:0.95 | area=   all | maxDets= 10 ] = 0.897
 Average Recall     (AR) @[ IoU=0.50:0.95 | area=   all | maxDets=100 ] = 0.920
 Average Recall     (AR) @[ IoU=0.50:0.95 | area= small | maxDets=100 ] = -1.000
 Average Recall     (AR) @[ IoU=0.50:0.95 | area=medium | maxDets=100 ] = -1.000
 Average Recall     (AR) @[ IoU=0.50:0.95 | area= large | maxDets=100 ] = 0.920
 Average Recall     (AR) @[ IoU=0.50      | area=   all | maxDets=100 ] = 1.000
 Average Recall     (AR) @[ IoU=0.75      | area=   all | maxDets=100 ] = 0.967
best_stat: {'epoch': 98, 'coco_eval_bbox': 0.822512224263375}
Load last_epoch
Load model.state_dict
Load criterion.state_dict
Load postprocessor.state_dict
Load ema.state_dict
Load scaler.state_dict
Load optimizer.state_dict
Load lr_warmup_scheduler.state_dict
Refresh EMA at epoch 100 with decay 0.9998
Epoch: [101]  [0/8]  eta: 0:00:04  lr: 0.000004  loss: 32.6857 (32.6857)  loss_mal: 1.0811 (1.0811)  loss_bbox: 0.0992 (0.0992)  loss_giou: 0.1683 (0.1683)  loss_fgl: 0.9446 (0.9446)  loss_mal_aux_0: 3.4531 (3.4531)  loss_bbox_aux_0: 0.1226 (0.1226)  loss_giou_aux_0: 0.2031 (0.2031)  loss_fgl_aux_0: 1.0288 (1.0288)  loss_ddf_aux_0: 0.1308 (0.1308)  loss_mal_aux_1: 1.5195 (1.5195)  loss_bbox_aux_1: 0.1002 (0.1002)  loss_giou_aux_1: 0.1691 (0.1691)  loss_fgl_aux_1: 0.9477 (0.9477)  loss_ddf_aux_1: 0.0206 (0.0206)  loss_mal_aux_2: 1.1465 (1.1465)  loss_bbox_aux_2: 0.1003 (0.1003)  loss_giou_aux_2: 0.1698 (0.1698)  loss_fgl_aux_2: 0.9486 (0.9486)  loss_ddf_aux_2: 0.0015 (0.0015)  loss_mal_pre: 2.6719 (2.6719)  loss_bbox_pre: 0.1222 (0.1222)  loss_giou_pre: 0.2038 (0.2038)  loss_mal_enc_0: 2.6602 (2.6602)  loss_bbox_enc_0: 0.3895 (0.3895)  loss_giou_enc_0: 0.5954 (0.5954)  loss_mal_dn_0: 1.5049 (1.5049)  loss_bbox_dn_0: 0.2350 (0.2350)  loss_giou_dn_0: 0.3369 (0.3369)  loss_fgl_dn_0: 1.2282 (1.2282)  loss_ddf_dn_0: 1.0603 (1.0603)  loss_mal_dn_1: 1.0654 (1.0654)  loss_bbox_dn_1: 0.1255 (0.1255)  loss_giou_dn_1: 0.1983 (0.1983)  loss_fgl_dn_1: 0.9951 (0.9951)  loss_ddf_dn_1: 0.1601 (0.1601)  loss_mal_dn_2: 1.0547 (1.0547)  loss_bbox_dn_2: 0.1063 (0.1063)  loss_giou_dn_2: 0.1725 (0.1725)  loss_fgl_dn_2: 0.9479 (0.9479)  loss_ddf_dn_2: 0.0102 (0.0102)  loss_mal_dn_3: 1.0000 (1.0000)  loss_bbox_dn_3: 0.1030 (0.1030)  loss_giou_dn_3: 0.1690 (0.1690)  loss_fgl_dn_3: 0.9376 (0.9376)  loss_mal_dn_pre: 1.6738 (1.6738)  loss_bbox_dn_pre: 0.2557 (0.2557)  loss_giou_dn_pre: 0.3472 (0.3472)  time: 0.5443  data: 0.3849  max mem: 3583
Epoch: [101]  [7/8]  eta: 0:00:00  lr: 0.000004  loss: 31.3006 (31.6228)  loss_mal: 1.0889 (1.0979)  loss_bbox: 0.0801 (0.0828)  loss_giou: 0.1113 (0.1206)  loss_fgl: 0.7934 (0.7978)  loss_mal_aux_0: 3.5859 (3.7058)  loss_bbox_aux_0: 0.1157 (0.1211)  loss_giou_aux_0: 0.1533 (0.1675)  loss_fgl_aux_0: 0.9630 (0.9560)  loss_ddf_aux_0: 0.1582 (0.1656)  loss_mal_aux_1: 1.4365 (1.4795)  loss_bbox_aux_1: 0.0989 (0.0910)  loss_giou_aux_1: 0.1207 (0.1318)  loss_fgl_aux_1: 0.8336 (0.8360)  loss_ddf_aux_1: 0.0242 (0.0248)  loss_mal_aux_2: 1.1533 (1.1835)  loss_bbox_aux_2: 0.0820 (0.0828)  loss_giou_aux_2: 0.1117 (0.1209)  loss_fgl_aux_2: 0.7975 (0.7993)  loss_ddf_aux_2: 0.0022 (0.0023)  loss_mal_pre: 2.8223 (2.8325)  loss_bbox_pre: 0.1184 (0.1250)  loss_giou_pre: 0.1579 (0.1721)  loss_mal_enc_0: 2.6328 (2.6296)  loss_bbox_enc_0: 0.4023 (0.4376)  loss_giou_enc_0: 0.5827 (0.5790)  loss_mal_dn_0: 1.5049 (1.5054)  loss_bbox_dn_0: 0.2196 (0.2269)  loss_giou_dn_0: 0.2910 (0.3028)  loss_fgl_dn_0: 1.1469 (1.1624)  loss_ddf_dn_0: 1.0056 (1.0324)  loss_mal_dn_1: 1.0273 (1.0240)  loss_bbox_dn_1: 0.0984 (0.1130)  loss_giou_dn_1: 0.1492 (0.1538)  loss_fgl_dn_1: 0.8630 (0.8685)  loss_ddf_dn_1: 0.1365 (0.1606)  loss_mal_dn_2: 1.0264 (1.0369)  loss_bbox_dn_2: 0.0910 (0.0930)  loss_giou_dn_2: 0.1270 (0.1311)  loss_fgl_dn_2: 0.8151 (0.8111)  loss_ddf_dn_2: 0.0102 (0.0101)  loss_mal_dn_3: 0.9814 (0.9817)  loss_bbox_dn_3: 0.0918 (0.0908)  loss_giou_dn_3: 0.1257 (0.1296)  loss_fgl_dn_3: 0.8193 (0.8108)  loss_mal_dn_pre: 1.6797 (1.6951)  loss_bbox_dn_pre: 0.2222 (0.2363)  loss_giou_dn_pre: 0.2871 (0.3034)  time: 0.1976  data: 0.0504  max mem: 3583
Epoch: [101] Total time: 0:00:01 (0.2078 s / it)
Averaged stats: lr: 0.000004  loss: 31.3006 (31.6228)  loss_mal: 1.0889 (1.0979)  loss_bbox: 0.0801 (0.0828)  loss_giou: 0.1113 (0.1206)  loss_fgl: 0.7934 (0.7978)  loss_mal_aux_0: 3.5859 (3.7058)  loss_bbox_aux_0: 0.1157 (0.1211)  loss_giou_aux_0: 0.1533 (0.1675)  loss_fgl_aux_0: 0.9630 (0.9560)  loss_ddf_aux_0: 0.1582 (0.1656)  loss_mal_aux_1: 1.4365 (1.4795)  loss_bbox_aux_1: 0.0989 (0.0910)  loss_giou_aux_1: 0.1207 (0.1318)  loss_fgl_aux_1: 0.8336 (0.8360)  loss_ddf_aux_1: 0.0242 (0.0248)  loss_mal_aux_2: 1.1533 (1.1835)  loss_bbox_aux_2: 0.0820 (0.0828)  loss_giou_aux_2: 0.1117 (0.1209)  loss_fgl_aux_2: 0.7975 (0.7993)  loss_ddf_aux_2: 0.0022 (0.0023)  loss_mal_pre: 2.8223 (2.8325)  loss_bbox_pre: 0.1184 (0.1250)  loss_giou_pre: 0.1579 (0.1721)  loss_mal_enc_0: 2.6328 (2.6296)  loss_bbox_enc_0: 0.4023 (0.4376)  loss_giou_enc_0: 0.5827 (0.5790)  loss_mal_dn_0: 1.5049 (1.5054)  loss_bbox_dn_0: 0.2196 (0.2269)  loss_giou_dn_0: 0.2910 (0.3028)  loss_fgl_dn_0: 1.1469 (1.1624)  loss_ddf_dn_0: 1.0056 (1.0324)  loss_mal_dn_1: 1.0273 (1.0240)  loss_bbox_dn_1: 0.0984 (0.1130)  loss_giou_dn_1: 0.1492 (0.1538)  loss_fgl_dn_1: 0.8630 (0.8685)  loss_ddf_dn_1: 0.1365 (0.1606)  loss_mal_dn_2: 1.0264 (1.0369)  loss_bbox_dn_2: 0.0910 (0.0930)  loss_giou_dn_2: 0.1270 (0.1311)  loss_fgl_dn_2: 0.8151 (0.8111)  loss_ddf_dn_2: 0.0102 (0.0101)  loss_mal_dn_3: 0.9814 (0.9817)  loss_bbox_dn_3: 0.0918 (0.0908)  loss_giou_dn_3: 0.1257 (0.1296)  loss_fgl_dn_3: 0.8193 (0.8108)  loss_mal_dn_pre: 1.6797 (1.6951)  loss_bbox_dn_pre: 0.2222 (0.2363)  loss_giou_dn_pre: 0.2871 (0.3034)
Test:  [0/4]  eta: 0:00:01    time: 0.3902  data: 0.3508  max mem: 3583
Test:  [3/4]  eta: 0:00:00    time: 0.1219  data: 0.0898  max mem: 3583
Test: Total time: 0:00:00 (0.1419 s / it)
Averaged stats: 
Accumulating evaluation results...
COCOeval_opt.accumulate() finished...
DONE (t=0.00s).
IoU metric: bbox
 Average Precision  (AP) @[ IoU=0.50:0.95 | area=   all | maxDets=100 ] = 0.802
 Average Precision  (AP) @[ IoU=0.50      | area=   all | maxDets=100 ] = 0.946
 Average Precision  (AP) @[ IoU=0.75      | area=   all | maxDets=100 ] = 0.820
 Average Precision  (AP) @[ IoU=0.50:0.95 | area= small | maxDets=100 ] = -1.000
 Average Precision  (AP) @[ IoU=0.50:0.95 | area=medium | maxDets=100 ] = -1.000
 Average Precision  (AP) @[ IoU=0.50:0.95 | area= large | maxDets=100 ] = 0.802
 Average Recall     (AR) @[ IoU=0.50:0.95 | area=   all | maxDets=  1 ] = 0.767
 Average Recall     (AR) @[ IoU=0.50:0.95 | area=   all | maxDets= 10 ] = 0.893
 Average Recall     (AR) @[ IoU=0.50:0.95 | area=   all | maxDets=100 ] = 0.913
 Average Recall     (AR) @[ IoU=0.50:0.95 | area= small | maxDets=100 ] = -1.000
 Average Recall     (AR) @[ IoU=0.50:0.95 | area=medium | maxDets=100 ] = -1.000
 Average Recall     (AR) @[ IoU=0.50:0.95 | area= large | maxDets=100 ] = 0.913
 Average Recall     (AR) @[ IoU=0.50      | area=   all | maxDets=100 ] = 1.000
 Average Recall     (AR) @[ IoU=0.75      | area=   all | maxDets=100 ] = 0.967
best_stat: {'epoch': 98, 'coco_eval_bbox': 0.822512224263375}
Epoch: [102]  [0/8]  eta: 0:00:04  lr: 0.000004  loss: 30.1372 (30.1372)  loss_mal: 0.9780 (0.9780)  loss_bbox: 0.0708 (0.0708)  loss_giou: 0.0952 (0.0952)  loss_fgl: 0.7467 (0.7467)  loss_mal_aux_0: 3.6504 (3.6504)  loss_bbox_aux_0: 0.0983 (0.0983)  loss_giou_aux_0: 0.1300 (0.1300)  loss_fgl_aux_0: 0.8833 (0.8833)  loss_ddf_aux_0: 0.1427 (0.1427)  loss_mal_aux_1: 1.4629 (1.4629)  loss_bbox_aux_1: 0.0762 (0.0762)  loss_giou_aux_1: 0.0999 (0.0999)  loss_fgl_aux_1: 0.7925 (0.7925)  loss_ddf_aux_1: 0.0184 (0.0184)  loss_mal_aux_2: 1.0469 (1.0469)  loss_bbox_aux_2: 0.0704 (0.0704)  loss_giou_aux_2: 0.0947 (0.0947)  loss_fgl_aux_2: 0.7458 (0.7458)  loss_ddf_aux_2: 0.0021 (0.0021)  loss_mal_pre: 2.8281 (2.8281)  loss_bbox_pre: 0.0980 (0.0980)  loss_giou_pre: 0.1333 (0.1333)  loss_mal_enc_0: 2.8047 (2.8047)  loss_bbox_enc_0: 0.3923 (0.3923)  loss_giou_enc_0: 0.4902 (0.4902)  loss_mal_dn_0: 1.5430 (1.5430)  loss_bbox_dn_0: 0.1943 (0.1943)  loss_giou_dn_0: 0.2769 (0.2769)  loss_fgl_dn_0: 1.1408 (1.1408)  loss_ddf_dn_0: 0.9111 (0.9111)  loss_mal_dn_1: 1.0166 (1.0166)  loss_bbox_dn_1: 0.0835 (0.0835)  loss_giou_dn_1: 0.1212 (0.1212)  loss_fgl_dn_1: 0.7959 (0.7959)  loss_ddf_dn_1: 0.1390 (0.1390)  loss_mal_dn_2: 0.9971 (0.9971)  loss_bbox_dn_2: 0.0655 (0.0655)  loss_giou_dn_2: 0.1015 (0.1015)  loss_fgl_dn_2: 0.7293 (0.7293)  loss_ddf_dn_2: 0.0090 (0.0090)  loss_mal_dn_3: 0.9531 (0.9531)  loss_bbox_dn_3: 0.0643 (0.0643)  loss_giou_dn_3: 0.0994 (0.0994)  loss_fgl_dn_3: 0.7308 (0.7308)  loss_mal_dn_pre: 1.7354 (1.7354)  loss_bbox_dn_pre: 0.2012 (0.2012)  loss_giou_dn_pre: 0.2764 (0.2764)  time: 0.5629  data: 0.3970  max mem: 3583
Epoch: [102]  [7/8]  eta: 0:00:00  lr: 0.000004  loss: 30.1751 (30.5167)  loss_mal: 0.9780 (0.9870)  loss_bbox: 0.0708 (0.0740)  loss_giou: 0.0952 (0.1105)  loss_fgl: 0.7344 (0.7758)  loss_mal_aux_0: 3.4766 (3.3918)  loss_bbox_aux_0: 0.0932 (0.0961)  loss_giou_aux_0: 0.1376 (0.1432)  loss_fgl_aux_0: 0.8849 (0.9116)  loss_ddf_aux_0: 0.1528 (0.1764)  loss_mal_aux_1: 1.6953 (1.7289)  loss_bbox_aux_1: 0.0704 (0.0748)  loss_giou_aux_1: 0.0999 (0.1137)  loss_fgl_aux_1: 0.7650 (0.7995)  loss_ddf_aux_1: 0.0203 (0.0213)  loss_mal_aux_2: 1.0811 (1.0912)  loss_bbox_aux_2: 0.0704 (0.0738)  loss_giou_aux_2: 0.0947 (0.1105)  loss_fgl_aux_2: 0.7363 (0.7766)  loss_ddf_aux_2: 0.0019 (0.0020)  loss_mal_pre: 2.7168 (2.7046)  loss_bbox_pre: 0.0966 (0.1000)  loss_giou_pre: 0.1398 (0.1490)  loss_mal_enc_0: 2.6328 (2.6606)  loss_bbox_enc_0: 0.4105 (0.4221)  loss_giou_enc_0: 0.5301 (0.5307)  loss_mal_dn_0: 1.5283 (1.5153)  loss_bbox_dn_0: 0.1895 (0.2143)  loss_giou_dn_0: 0.2810 (0.2908)  loss_fgl_dn_0: 1.1522 (1.1688)  loss_ddf_dn_0: 0.9111 (0.9585)  loss_mal_dn_1: 0.9839 (0.9901)  loss_bbox_dn_1: 0.0914 (0.0976)  loss_giou_dn_1: 0.1271 (0.1391)  loss_fgl_dn_1: 0.7959 (0.8438)  loss_ddf_dn_1: 0.1390 (0.1349)  loss_mal_dn_2: 1.0088 (1.0094)  loss_bbox_dn_2: 0.0735 (0.0813)  loss_giou_dn_2: 0.1015 (0.1208)  loss_fgl_dn_2: 0.7395 (0.7869)  loss_ddf_dn_2: 0.0077 (0.0076)  loss_mal_dn_3: 0.9507 (0.9313)  loss_bbox_dn_3: 0.0728 (0.0798)  loss_giou_dn_3: 0.0994 (0.1189)  loss_fgl_dn_3: 0.7375 (0.7858)  loss_mal_dn_pre: 1.7246 (1.7057)  loss_bbox_dn_pre: 0.2011 (0.2203)  loss_giou_dn_pre: 0.2851 (0.2904)  time: 0.1828  data: 0.0515  max mem: 3583
Epoch: [102] Total time: 0:00:01 (0.1960 s / it)
Averaged stats: lr: 0.000004  loss: 30.1751 (30.5167)  loss_mal: 0.9780 (0.9870)  loss_bbox: 0.0708 (0.0740)  loss_giou: 0.0952 (0.1105)  loss_fgl: 0.7344 (0.7758)  loss_mal_aux_0: 3.4766 (3.3918)  loss_bbox_aux_0: 0.0932 (0.0961)  loss_giou_aux_0: 0.1376 (0.1432)  loss_fgl_aux_0: 0.8849 (0.9116)  loss_ddf_aux_0: 0.1528 (0.1764)  loss_mal_aux_1: 1.6953 (1.7289)  loss_bbox_aux_1: 0.0704 (0.0748)  loss_giou_aux_1: 0.0999 (0.1137)  loss_fgl_aux_1: 0.7650 (0.7995)  loss_ddf_aux_1: 0.0203 (0.0213)  loss_mal_aux_2: 1.0811 (1.0912)  loss_bbox_aux_2: 0.0704 (0.0738)  loss_giou_aux_2: 0.0947 (0.1105)  loss_fgl_aux_2: 0.7363 (0.7766)  loss_ddf_aux_2: 0.0019 (0.0020)  loss_mal_pre: 2.7168 (2.7046)  loss_bbox_pre: 0.0966 (0.1000)  loss_giou_pre: 0.1398 (0.1490)  loss_mal_enc_0: 2.6328 (2.6606)  loss_bbox_enc_0: 0.4105 (0.4221)  loss_giou_enc_0: 0.5301 (0.5307)  loss_mal_dn_0: 1.5283 (1.5153)  loss_bbox_dn_0: 0.1895 (0.2143)  loss_giou_dn_0: 0.2810 (0.2908)  loss_fgl_dn_0: 1.1522 (1.1688)  loss_ddf_dn_0: 0.9111 (0.9585)  loss_mal_dn_1: 0.9839 (0.9901)  loss_bbox_dn_1: 0.0914 (0.0976)  loss_giou_dn_1: 0.1271 (0.1391)  loss_fgl_dn_1: 0.7959 (0.8438)  loss_ddf_dn_1: 0.1390 (0.1349)  loss_mal_dn_2: 1.0088 (1.0094)  loss_bbox_dn_2: 0.0735 (0.0813)  loss_giou_dn_2: 0.1015 (0.1208)  loss_fgl_dn_2: 0.7395 (0.7869)  loss_ddf_dn_2: 0.0077 (0.0076)  loss_mal_dn_3: 0.9507 (0.9313)  loss_bbox_dn_3: 0.0728 (0.0798)  loss_giou_dn_3: 0.0994 (0.1189)  loss_fgl_dn_3: 0.7375 (0.7858)  loss_mal_dn_pre: 1.7246 (1.7057)  loss_bbox_dn_pre: 0.2011 (0.2203)  loss_giou_dn_pre: 0.2851 (0.2904)
Test:  [0/4]  eta: 0:00:01    time: 0.4320  data: 0.3925  max mem: 3583
Test:  [3/4]  eta: 0:00:00    time: 0.1336  data: 0.1001  max mem: 3583
Test: Total time: 0:00:00 (0.1573 s / it)
Averaged stats: 
Accumulating evaluation results...
COCOeval_opt.accumulate() finished...
DONE (t=0.00s).
IoU metric: bbox
 Average Precision  (AP) @[ IoU=0.50:0.95 | area=   all | maxDets=100 ] = 0.790
 Average Precision  (AP) @[ IoU=0.50      | area=   all | maxDets=100 ] = 0.942
 Average Precision  (AP) @[ IoU=0.75      | area=   all | maxDets=100 ] = 0.820
 Average Precision  (AP) @[ IoU=0.50:0.95 | area= small | maxDets=100 ] = -1.000
 Average Precision  (AP) @[ IoU=0.50:0.95 | area=medium | maxDets=100 ] = -1.000
 Average Precision  (AP) @[ IoU=0.50:0.95 | area= large | maxDets=100 ] = 0.790
 Average Recall     (AR) @[ IoU=0.50:0.95 | area=   all | maxDets=  1 ] = 0.757
 Average Recall     (AR) @[ IoU=0.50:0.95 | area=   all | maxDets= 10 ] = 0.893
 Average Recall     (AR) @[ IoU=0.50:0.95 | area=   all | maxDets=100 ] = 0.917
 Average Recall     (AR) @[ IoU=0.50:0.95 | area= small | maxDets=100 ] = -1.000
 Average Recall     (AR) @[ IoU=0.50:0.95 | area=medium | maxDets=100 ] = -1.000
 Average Recall     (AR) @[ IoU=0.50:0.95 | area= large | maxDets=100 ] = 0.917
 Average Recall     (AR) @[ IoU=0.50      | area=   all | maxDets=100 ] = 1.000
 Average Recall     (AR) @[ IoU=0.75      | area=   all | maxDets=100 ] = 0.967
best_stat: {'epoch': 98, 'coco_eval_bbox': 0.822512224263375}
Load last_epoch
Load model.state_dict
Load criterion.state_dict
Load postprocessor.state_dict
Load ema.state_dict
Load scaler.state_dict
Load optimizer.state_dict
Load lr_warmup_scheduler.state_dict
Refresh EMA at epoch 102 with decay 0.9997
Epoch: [103]  [0/8]  eta: 0:00:04  lr: 0.000004  loss: 31.7310 (31.7310)  loss_mal: 0.9766 (0.9766)  loss_bbox: 0.1078 (0.1078)  loss_giou: 0.1576 (0.1576)  loss_fgl: 0.8664 (0.8664)  loss_mal_aux_0: 3.5410 (3.5410)  loss_bbox_aux_0: 0.1233 (0.1233)  loss_giou_aux_0: 0.2014 (0.2014)  loss_fgl_aux_0: 0.9698 (0.9698)  loss_ddf_aux_0: 0.1849 (0.1849)  loss_mal_aux_1: 1.4990 (1.4990)  loss_bbox_aux_1: 0.1127 (0.1127)  loss_giou_aux_1: 0.1665 (0.1665)  loss_fgl_aux_1: 0.8853 (0.8853)  loss_ddf_aux_1: 0.0212 (0.0212)  loss_mal_aux_2: 1.0293 (1.0293)  loss_bbox_aux_2: 0.1076 (0.1076)  loss_giou_aux_2: 0.1573 (0.1573)  loss_fgl_aux_2: 0.8680 (0.8680)  loss_ddf_aux_2: 0.0016 (0.0016)  loss_mal_pre: 2.6816 (2.6816)  loss_bbox_pre: 0.1243 (0.1243)  loss_giou_pre: 0.2012 (0.2012)  loss_mal_enc_0: 2.8223 (2.8223)  loss_bbox_enc_0: 0.3871 (0.3871)  loss_giou_enc_0: 0.5203 (0.5203)  loss_mal_dn_0: 1.4521 (1.4521)  loss_bbox_dn_0: 0.2026 (0.2026)  loss_giou_dn_0: 0.3043 (0.3043)  loss_fgl_dn_0: 1.1870 (1.1870)  loss_ddf_dn_0: 0.9332 (0.9332)  loss_mal_dn_1: 1.0312 (1.0312)  loss_bbox_dn_1: 0.1192 (0.1192)  loss_giou_dn_1: 0.1817 (0.1817)  loss_fgl_dn_1: 0.9215 (0.9215)  loss_ddf_dn_1: 0.1417 (0.1417)  loss_mal_dn_2: 1.0723 (1.0723)  loss_bbox_dn_2: 0.1042 (0.1042)  loss_giou_dn_2: 0.1639 (0.1639)  loss_fgl_dn_2: 0.8716 (0.8716)  loss_ddf_dn_2: 0.0080 (0.0080)  loss_mal_dn_3: 1.0234 (1.0234)  loss_bbox_dn_3: 0.1053 (0.1053)  loss_giou_dn_3: 0.1645 (0.1645)  loss_fgl_dn_3: 0.8708 (0.8708)  loss_mal_dn_pre: 1.6260 (1.6260)  loss_bbox_dn_pre: 0.2189 (0.2189)  loss_giou_dn_pre: 0.3134 (0.3134)  time: 0.5362  data: 0.3843  max mem: 3583
Epoch: [103]  [7/8]  eta: 0:00:00  lr: 0.000004  loss: 31.7080 (31.7847)  loss_mal: 1.1270 (1.0970)  loss_bbox: 0.0776 (0.0866)  loss_giou: 0.1166 (0.1275)  loss_fgl: 0.7839 (0.8195)  loss_mal_aux_0: 3.6992 (3.7141)  loss_bbox_aux_0: 0.1144 (0.1119)  loss_giou_aux_0: 0.1504 (0.1675)  loss_fgl_aux_0: 0.9131 (0.9497)  loss_ddf_aux_0: 0.1681 (0.1808)  loss_mal_aux_1: 1.4502 (1.5123)  loss_bbox_aux_1: 0.0848 (0.0916)  loss_giou_aux_1: 0.1249 (0.1341)  loss_fgl_aux_1: 0.8180 (0.8466)  loss_ddf_aux_1: 0.0219 (0.0247)  loss_mal_aux_2: 1.1758 (1.1859)  loss_bbox_aux_2: 0.0784 (0.0868)  loss_giou_aux_2: 0.1167 (0.1279)  loss_fgl_aux_2: 0.7876 (0.8218)  loss_ddf_aux_2: 0.0016 (0.0020)  loss_mal_pre: 2.8281 (2.8291)  loss_bbox_pre: 0.1222 (0.1163)  loss_giou_pre: 0.1547 (0.1756)  loss_mal_enc_0: 2.6289 (2.6240)  loss_bbox_enc_0: 0.3998 (0.4185)  loss_giou_enc_0: 0.5264 (0.5590)  loss_mal_dn_0: 1.4883 (1.5105)  loss_bbox_dn_0: 0.2026 (0.2209)  loss_giou_dn_0: 0.2995 (0.3001)  loss_fgl_dn_0: 1.1761 (1.1733)  loss_ddf_dn_0: 1.0391 (1.0498)  loss_mal_dn_1: 1.0293 (1.0306)  loss_bbox_dn_1: 0.1134 (0.1104)  loss_giou_dn_1: 0.1449 (0.1571)  loss_fgl_dn_1: 0.8722 (0.8851)  loss_ddf_dn_1: 0.1640 (0.1636)  loss_mal_dn_2: 1.0352 (1.0415)  loss_bbox_dn_2: 0.0891 (0.0921)  loss_giou_dn_2: 0.1266 (0.1372)  loss_fgl_dn_2: 0.8161 (0.8301)  loss_ddf_dn_2: 0.0090 (0.0103)  loss_mal_dn_3: 0.9644 (0.9748)  loss_bbox_dn_3: 0.0867 (0.0902)  loss_giou_dn_3: 0.1258 (0.1358)  loss_fgl_dn_3: 0.8138 (0.8284)  loss_mal_dn_pre: 1.6699 (1.6958)  loss_bbox_dn_pre: 0.2189 (0.2325)  loss_giou_dn_pre: 0.3079 (0.3036)  time: 0.1761  data: 0.0498  max mem: 3583
Epoch: [103] Total time: 0:00:01 (0.1895 s / it)
Averaged stats: lr: 0.000004  loss: 31.7080 (31.7847)  loss_mal: 1.1270 (1.0970)  loss_bbox: 0.0776 (0.0866)  loss_giou: 0.1166 (0.1275)  loss_fgl: 0.7839 (0.8195)  loss_mal_aux_0: 3.6992 (3.7141)  loss_bbox_aux_0: 0.1144 (0.1119)  loss_giou_aux_0: 0.1504 (0.1675)  loss_fgl_aux_0: 0.9131 (0.9497)  loss_ddf_aux_0: 0.1681 (0.1808)  loss_mal_aux_1: 1.4502 (1.5123)  loss_bbox_aux_1: 0.0848 (0.0916)  loss_giou_aux_1: 0.1249 (0.1341)  loss_fgl_aux_1: 0.8180 (0.8466)  loss_ddf_aux_1: 0.0219 (0.0247)  loss_mal_aux_2: 1.1758 (1.1859)  loss_bbox_aux_2: 0.0784 (0.0868)  loss_giou_aux_2: 0.1167 (0.1279)  loss_fgl_aux_2: 0.7876 (0.8218)  loss_ddf_aux_2: 0.0016 (0.0020)  loss_mal_pre: 2.8281 (2.8291)  loss_bbox_pre: 0.1222 (0.1163)  loss_giou_pre: 0.1547 (0.1756)  loss_mal_enc_0: 2.6289 (2.6240)  loss_bbox_enc_0: 0.3998 (0.4185)  loss_giou_enc_0: 0.5264 (0.5590)  loss_mal_dn_0: 1.4883 (1.5105)  loss_bbox_dn_0: 0.2026 (0.2209)  loss_giou_dn_0: 0.2995 (0.3001)  loss_fgl_dn_0: 1.1761 (1.1733)  loss_ddf_dn_0: 1.0391 (1.0498)  loss_mal_dn_1: 1.0293 (1.0306)  loss_bbox_dn_1: 0.1134 (0.1104)  loss_giou_dn_1: 0.1449 (0.1571)  loss_fgl_dn_1: 0.8722 (0.8851)  loss_ddf_dn_1: 0.1640 (0.1636)  loss_mal_dn_2: 1.0352 (1.0415)  loss_bbox_dn_2: 0.0891 (0.0921)  loss_giou_dn_2: 0.1266 (0.1372)  loss_fgl_dn_2: 0.8161 (0.8301)  loss_ddf_dn_2: 0.0090 (0.0103)  loss_mal_dn_3: 0.9644 (0.9748)  loss_bbox_dn_3: 0.0867 (0.0902)  loss_giou_dn_3: 0.1258 (0.1358)  loss_fgl_dn_3: 0.8138 (0.8284)  loss_mal_dn_pre: 1.6699 (1.6958)  loss_bbox_dn_pre: 0.2189 (0.2325)  loss_giou_dn_pre: 0.3079 (0.3036)
Test:  [0/4]  eta: 0:00:01    time: 0.4271  data: 0.3841  max mem: 3583
Test:  [3/4]  eta: 0:00:00    time: 0.1371  data: 0.0981  max mem: 3583
Test: Total time: 0:00:00 (0.1568 s / it)
Averaged stats: 
Accumulating evaluation results...
COCOeval_opt.accumulate() finished...
DONE (t=0.00s).
IoU metric: bbox
 Average Precision  (AP) @[ IoU=0.50:0.95 | area=   all | maxDets=100 ] = 0.793
 Average Precision  (AP) @[ IoU=0.50      | area=   all | maxDets=100 ] = 0.939
 Average Precision  (AP) @[ IoU=0.75      | area=   all | maxDets=100 ] = 0.810
 Average Precision  (AP) @[ IoU=0.50:0.95 | area= small | maxDets=100 ] = -1.000
 Average Precision  (AP) @[ IoU=0.50:0.95 | area=medium | maxDets=100 ] = -1.000
 Average Precision  (AP) @[ IoU=0.50:0.95 | area= large | maxDets=100 ] = 0.793
 Average Recall     (AR) @[ IoU=0.50:0.95 | area=   all | maxDets=  1 ] = 0.763
 Average Recall     (AR) @[ IoU=0.50:0.95 | area=   all | maxDets= 10 ] = 0.897
 Average Recall     (AR) @[ IoU=0.50:0.95 | area=   all | maxDets=100 ] = 0.923
 Average Recall     (AR) @[ IoU=0.50:0.95 | area= small | maxDets=100 ] = -1.000
 Average Recall     (AR) @[ IoU=0.50:0.95 | area=medium | maxDets=100 ] = -1.000
 Average Recall     (AR) @[ IoU=0.50:0.95 | area= large | maxDets=100 ] = 0.923
 Average Recall     (AR) @[ IoU=0.50      | area=   all | maxDets=100 ] = 1.000
 Average Recall     (AR) @[ IoU=0.75      | area=   all | maxDets=100 ] = 0.967
best_stat: {'epoch': 98, 'coco_eval_bbox': 0.822512224263375}
Epoch: [104]  [0/8]  eta: 0:00:04  lr: 0.000004  loss: 30.7656 (30.7656)  loss_mal: 0.9395 (0.9395)  loss_bbox: 0.0602 (0.0602)  loss_giou: 0.1055 (0.1055)  loss_fgl: 0.6853 (0.6853)  loss_mal_aux_0: 3.6934 (3.6934)  loss_bbox_aux_0: 0.0799 (0.0799)  loss_giou_aux_0: 0.1408 (0.1408)  loss_fgl_aux_0: 0.8201 (0.8201)  loss_ddf_aux_0: 0.1336 (0.1336)  loss_mal_aux_1: 1.8418 (1.8418)  loss_bbox_aux_1: 0.0663 (0.0663)  loss_giou_aux_1: 0.1065 (0.1065)  loss_fgl_aux_1: 0.7126 (0.7126)  loss_ddf_aux_1: 0.0216 (0.0216)  loss_mal_aux_2: 1.0713 (1.0713)  loss_bbox_aux_2: 0.0591 (0.0591)  loss_giou_aux_2: 0.1042 (0.1042)  loss_fgl_aux_2: 0.6878 (0.6878)  loss_ddf_aux_2: 0.0024 (0.0024)  loss_mal_pre: 2.8516 (2.8516)  loss_bbox_pre: 0.0853 (0.0853)  loss_giou_pre: 0.1367 (0.1367)  loss_mal_enc_0: 2.5781 (2.5781)  loss_bbox_enc_0: 0.3671 (0.3671)  loss_giou_enc_0: 0.4634 (0.4634)  loss_mal_dn_0: 1.4648 (1.4648)  loss_bbox_dn_0: 0.3247 (0.3247)  loss_giou_dn_0: 0.3620 (0.3620)  loss_fgl_dn_0: 1.2050 (1.2050)  loss_ddf_dn_0: 1.1059 (1.1059)  loss_mal_dn_1: 0.9971 (0.9971)  loss_bbox_dn_1: 0.1360 (0.1360)  loss_giou_dn_1: 0.1720 (0.1720)  loss_fgl_dn_1: 0.8778 (0.8778)  loss_ddf_dn_1: 0.1883 (0.1883)  loss_mal_dn_2: 0.9590 (0.9590)  loss_bbox_dn_2: 0.0961 (0.0961)  loss_giou_dn_2: 0.1309 (0.1309)  loss_fgl_dn_2: 0.7627 (0.7627)  loss_ddf_dn_2: 0.0099 (0.0099)  loss_mal_dn_3: 0.8462 (0.8462)  loss_bbox_dn_3: 0.0866 (0.0866)  loss_giou_dn_3: 0.1246 (0.1246)  loss_fgl_dn_3: 0.7559 (0.7559)  loss_mal_dn_pre: 1.6309 (1.6309)  loss_bbox_dn_pre: 0.3506 (0.3506)  loss_giou_dn_pre: 0.3647 (0.3647)  time: 0.5541  data: 0.3813  max mem: 3583
Epoch: [104]  [7/8]  eta: 0:00:00  lr: 0.000004  loss: 30.3886 (30.3580)  loss_mal: 0.9692 (0.9942)  loss_bbox: 0.0732 (0.0787)  loss_giou: 0.1084 (0.1195)  loss_fgl: 0.7413 (0.7787)  loss_mal_aux_0: 3.3652 (3.4180)  loss_bbox_aux_0: 0.0902 (0.0983)  loss_giou_aux_0: 0.1408 (0.1489)  loss_fgl_aux_0: 0.8829 (0.9091)  loss_ddf_aux_0: 0.1377 (0.1412)  loss_mal_aux_1: 1.5469 (1.5989)  loss_bbox_aux_1: 0.0744 (0.0810)  loss_giou_aux_1: 0.1060 (0.1218)  loss_fgl_aux_1: 0.7648 (0.8025)  loss_ddf_aux_1: 0.0214 (0.0208)  loss_mal_aux_2: 1.0830 (1.0967)  loss_bbox_aux_2: 0.0737 (0.0779)  loss_giou_aux_2: 0.1074 (0.1182)  loss_fgl_aux_2: 0.7452 (0.7792)  loss_ddf_aux_2: 0.0024 (0.0023)  loss_mal_pre: 2.7402 (2.7378)  loss_bbox_pre: 0.0960 (0.0980)  loss_giou_pre: 0.1367 (0.1473)  loss_mal_enc_0: 2.6230 (2.6213)  loss_bbox_enc_0: 0.3767 (0.3924)  loss_giou_enc_0: 0.5146 (0.5192)  loss_mal_dn_0: 1.4697 (1.4930)  loss_bbox_dn_0: 0.1993 (0.2205)  loss_giou_dn_0: 0.2911 (0.3006)  loss_fgl_dn_0: 1.1914 (1.1825)  loss_ddf_dn_0: 0.7769 (0.8715)  loss_mal_dn_1: 0.9980 (0.9973)  loss_bbox_dn_1: 0.1035 (0.1046)  loss_giou_dn_1: 0.1432 (0.1510)  loss_fgl_dn_1: 0.8454 (0.8550)  loss_ddf_dn_1: 0.1150 (0.1212)  loss_mal_dn_2: 0.9956 (1.0034)  loss_bbox_dn_2: 0.0844 (0.0867)  loss_giou_dn_2: 0.1217 (0.1296)  loss_fgl_dn_2: 0.7627 (0.7911)  loss_ddf_dn_2: 0.0076 (0.0079)  loss_mal_dn_3: 0.9346 (0.9274)  loss_bbox_dn_3: 0.0845 (0.0849)  loss_giou_dn_3: 0.1246 (0.1288)  loss_fgl_dn_3: 0.7559 (0.7908)  loss_mal_dn_pre: 1.6611 (1.6798)  loss_bbox_dn_pre: 0.1955 (0.2277)  loss_giou_dn_pre: 0.2876 (0.3006)  time: 0.1764  data: 0.0493  max mem: 3583
Epoch: [104] Total time: 0:00:01 (0.1881 s / it)
Averaged stats: lr: 0.000004  loss: 30.3886 (30.3580)  loss_mal: 0.9692 (0.9942)  loss_bbox: 0.0732 (0.0787)  loss_giou: 0.1084 (0.1195)  loss_fgl: 0.7413 (0.7787)  loss_mal_aux_0: 3.3652 (3.4180)  loss_bbox_aux_0: 0.0902 (0.0983)  loss_giou_aux_0: 0.1408 (0.1489)  loss_fgl_aux_0: 0.8829 (0.9091)  loss_ddf_aux_0: 0.1377 (0.1412)  loss_mal_aux_1: 1.5469 (1.5989)  loss_bbox_aux_1: 0.0744 (0.0810)  loss_giou_aux_1: 0.1060 (0.1218)  loss_fgl_aux_1: 0.7648 (0.8025)  loss_ddf_aux_1: 0.0214 (0.0208)  loss_mal_aux_2: 1.0830 (1.0967)  loss_bbox_aux_2: 0.0737 (0.0779)  loss_giou_aux_2: 0.1074 (0.1182)  loss_fgl_aux_2: 0.7452 (0.7792)  loss_ddf_aux_2: 0.0024 (0.0023)  loss_mal_pre: 2.7402 (2.7378)  loss_bbox_pre: 0.0960 (0.0980)  loss_giou_pre: 0.1367 (0.1473)  loss_mal_enc_0: 2.6230 (2.6213)  loss_bbox_enc_0: 0.3767 (0.3924)  loss_giou_enc_0: 0.5146 (0.5192)  loss_mal_dn_0: 1.4697 (1.4930)  loss_bbox_dn_0: 0.1993 (0.2205)  loss_giou_dn_0: 0.2911 (0.3006)  loss_fgl_dn_0: 1.1914 (1.1825)  loss_ddf_dn_0: 0.7769 (0.8715)  loss_mal_dn_1: 0.9980 (0.9973)  loss_bbox_dn_1: 0.1035 (0.1046)  loss_giou_dn_1: 0.1432 (0.1510)  loss_fgl_dn_1: 0.8454 (0.8550)  loss_ddf_dn_1: 0.1150 (0.1212)  loss_mal_dn_2: 0.9956 (1.0034)  loss_bbox_dn_2: 0.0844 (0.0867)  loss_giou_dn_2: 0.1217 (0.1296)  loss_fgl_dn_2: 0.7627 (0.7911)  loss_ddf_dn_2: 0.0076 (0.0079)  loss_mal_dn_3: 0.9346 (0.9274)  loss_bbox_dn_3: 0.0845 (0.0849)  loss_giou_dn_3: 0.1246 (0.1288)  loss_fgl_dn_3: 0.7559 (0.7908)  loss_mal_dn_pre: 1.6611 (1.6798)  loss_bbox_dn_pre: 0.1955 (0.2277)  loss_giou_dn_pre: 0.2876 (0.3006)
Test:  [0/4]  eta: 0:00:01    time: 0.4112  data: 0.3685  max mem: 3583
Test:  [3/4]  eta: 0:00:00    time: 0.1316  data: 0.0943  max mem: 3583
Test: Total time: 0:00:00 (0.1545 s / it)
Averaged stats: 
Accumulating evaluation results...
COCOeval_opt.accumulate() finished...
DONE (t=0.00s).
IoU metric: bbox
 Average Precision  (AP) @[ IoU=0.50:0.95 | area=   all | maxDets=100 ] = 0.819
 Average Precision  (AP) @[ IoU=0.50      | area=   all | maxDets=100 ] = 0.952
 Average Precision  (AP) @[ IoU=0.75      | area=   all | maxDets=100 ] = 0.868
 Average Precision  (AP) @[ IoU=0.50:0.95 | area= small | maxDets=100 ] = -1.000
 Average Precision  (AP) @[ IoU=0.50:0.95 | area=medium | maxDets=100 ] = -1.000
 Average Precision  (AP) @[ IoU=0.50:0.95 | area= large | maxDets=100 ] = 0.819
 Average Recall     (AR) @[ IoU=0.50:0.95 | area=   all | maxDets=  1 ] = 0.763
 Average Recall     (AR) @[ IoU=0.50:0.95 | area=   all | maxDets= 10 ] = 0.890
 Average Recall     (AR) @[ IoU=0.50:0.95 | area=   all | maxDets=100 ] = 0.923
 Average Recall     (AR) @[ IoU=0.50:0.95 | area= small | maxDets=100 ] = -1.000
 Average Recall     (AR) @[ IoU=0.50:0.95 | area=medium | maxDets=100 ] = -1.000
 Average Recall     (AR) @[ IoU=0.50:0.95 | area= large | maxDets=100 ] = 0.923
 Average Recall     (AR) @[ IoU=0.50      | area=   all | maxDets=100 ] = 1.000
 Average Recall     (AR) @[ IoU=0.75      | area=   all | maxDets=100 ] = 0.967
best_stat: {'epoch': 98, 'coco_eval_bbox': 0.822512224263375}
Epoch: [105]  [0/8]  eta: 0:00:04  lr: 0.000004  loss: 28.5267 (28.5267)  loss_mal: 0.8916 (0.8916)  loss_bbox: 0.0498 (0.0498)  loss_giou: 0.0827 (0.0827)  loss_fgl: 0.6834 (0.6834)  loss_mal_aux_0: 3.3789 (3.3789)  loss_bbox_aux_0: 0.0803 (0.0803)  loss_giou_aux_0: 0.1277 (0.1277)  loss_fgl_aux_0: 0.8527 (0.8527)  loss_ddf_aux_0: 0.1361 (0.1361)  loss_mal_aux_1: 1.3125 (1.3125)  loss_bbox_aux_1: 0.0618 (0.0618)  loss_giou_aux_1: 0.1020 (0.1020)  loss_fgl_aux_1: 0.7509 (0.7509)  loss_ddf_aux_1: 0.0198 (0.0198)  loss_mal_aux_2: 0.9814 (0.9814)  loss_bbox_aux_2: 0.0495 (0.0495)  loss_giou_aux_2: 0.0827 (0.0827)  loss_fgl_aux_2: 0.6836 (0.6836)  loss_ddf_aux_2: 0.0022 (0.0022)  loss_mal_pre: 2.7324 (2.7324)  loss_bbox_pre: 0.0787 (0.0787)  loss_giou_pre: 0.1258 (0.1258)  loss_mal_enc_0: 2.7832 (2.7832)  loss_bbox_enc_0: 0.3954 (0.3954)  loss_giou_enc_0: 0.5214 (0.5214)  loss_mal_dn_0: 1.5254 (1.5254)  loss_bbox_dn_0: 0.1909 (0.1909)  loss_giou_dn_0: 0.2707 (0.2707)  loss_fgl_dn_0: 1.1415 (1.1415)  loss_ddf_dn_0: 0.7419 (0.7419)  loss_mal_dn_1: 0.9624 (0.9624)  loss_bbox_dn_1: 0.0724 (0.0724)  loss_giou_dn_1: 0.1073 (0.1073)  loss_fgl_dn_1: 0.7416 (0.7416)  loss_ddf_dn_1: 0.0733 (0.0733)  loss_mal_dn_2: 0.9858 (0.9858)  loss_bbox_dn_2: 0.0594 (0.0594)  loss_giou_dn_2: 0.0915 (0.0915)  loss_fgl_dn_2: 0.6865 (0.6865)  loss_ddf_dn_2: 0.0050 (0.0050)  loss_mal_dn_3: 0.8901 (0.8901)  loss_bbox_dn_3: 0.0592 (0.0592)  loss_giou_dn_3: 0.0907 (0.0907)  loss_fgl_dn_3: 0.6860 (0.6860)  loss_mal_dn_pre: 1.7236 (1.7236)  loss_bbox_dn_pre: 0.1890 (0.1890)  loss_giou_dn_pre: 0.2659 (0.2659)  time: 0.5967  data: 0.4241  max mem: 3583
Epoch: [105]  [7/8]  eta: 0:00:00  lr: 0.000004  loss: 29.2811 (29.3241)  loss_mal: 0.9219 (0.9429)  loss_bbox: 0.0658 (0.0672)  loss_giou: 0.0958 (0.1028)  loss_fgl: 0.6837 (0.7364)  loss_mal_aux_0: 3.2363 (3.2678)  loss_bbox_aux_0: 0.0917 (0.0940)  loss_giou_aux_0: 0.1511 (0.1478)  loss_fgl_aux_0: 0.8864 (0.9063)  loss_ddf_aux_0: 0.1728 (0.1813)  loss_mal_aux_1: 1.4248 (1.5040)  loss_bbox_aux_1: 0.0688 (0.0737)  loss_giou_aux_1: 0.1044 (0.1111)  loss_fgl_aux_1: 0.7509 (0.7710)  loss_ddf_aux_1: 0.0218 (0.0230)  loss_mal_aux_2: 1.0137 (1.0428)  loss_bbox_aux_2: 0.0664 (0.0677)  loss_giou_aux_2: 0.0959 (0.1033)  loss_fgl_aux_2: 0.6881 (0.7391)  loss_ddf_aux_2: 0.0018 (0.0020)  loss_mal_pre: 2.6582 (2.6807)  loss_bbox_pre: 0.0967 (0.0948)  loss_giou_pre: 0.1530 (0.1488)  loss_mal_enc_0: 2.6582 (2.6565)  loss_bbox_enc_0: 0.3954 (0.4184)  loss_giou_enc_0: 0.5365 (0.5409)  loss_mal_dn_0: 1.5098 (1.4958)  loss_bbox_dn_0: 0.1909 (0.2068)  loss_giou_dn_0: 0.2714 (0.2755)  loss_fgl_dn_0: 1.1299 (1.1406)  loss_ddf_dn_0: 0.8003 (0.8564)  loss_mal_dn_1: 0.9624 (0.9619)  loss_bbox_dn_1: 0.0771 (0.0891)  loss_giou_dn_1: 0.1103 (0.1266)  loss_fgl_dn_1: 0.7580 (0.7894)  loss_ddf_dn_1: 0.0990 (0.1044)  loss_mal_dn_2: 0.9692 (0.9767)  loss_bbox_dn_2: 0.0689 (0.0731)  loss_giou_dn_2: 0.0972 (0.1082)  loss_fgl_dn_2: 0.7049 (0.7303)  loss_ddf_dn_2: 0.0050 (0.0054)  loss_mal_dn_3: 0.8838 (0.8803)  loss_bbox_dn_3: 0.0674 (0.0712)  loss_giou_dn_3: 0.0963 (0.1064)  loss_fgl_dn_3: 0.7002 (0.7275)  loss_mal_dn_pre: 1.6924 (1.6821)  loss_bbox_dn_pre: 0.1934 (0.2149)  loss_giou_dn_pre: 0.2680 (0.2772)  time: 0.1879  data: 0.0552  max mem: 3583
Epoch: [105] Total time: 0:00:01 (0.1971 s / it)
Averaged stats: lr: 0.000004  loss: 29.2811 (29.3241)  loss_mal: 0.9219 (0.9429)  loss_bbox: 0.0658 (0.0672)  loss_giou: 0.0958 (0.1028)  loss_fgl: 0.6837 (0.7364)  loss_mal_aux_0: 3.2363 (3.2678)  loss_bbox_aux_0: 0.0917 (0.0940)  loss_giou_aux_0: 0.1511 (0.1478)  loss_fgl_aux_0: 0.8864 (0.9063)  loss_ddf_aux_0: 0.1728 (0.1813)  loss_mal_aux_1: 1.4248 (1.5040)  loss_bbox_aux_1: 0.0688 (0.0737)  loss_giou_aux_1: 0.1044 (0.1111)  loss_fgl_aux_1: 0.7509 (0.7710)  loss_ddf_aux_1: 0.0218 (0.0230)  loss_mal_aux_2: 1.0137 (1.0428)  loss_bbox_aux_2: 0.0664 (0.0677)  loss_giou_aux_2: 0.0959 (0.1033)  loss_fgl_aux_2: 0.6881 (0.7391)  loss_ddf_aux_2: 0.0018 (0.0020)  loss_mal_pre: 2.6582 (2.6807)  loss_bbox_pre: 0.0967 (0.0948)  loss_giou_pre: 0.1530 (0.1488)  loss_mal_enc_0: 2.6582 (2.6565)  loss_bbox_enc_0: 0.3954 (0.4184)  loss_giou_enc_0: 0.5365 (0.5409)  loss_mal_dn_0: 1.5098 (1.4958)  loss_bbox_dn_0: 0.1909 (0.2068)  loss_giou_dn_0: 0.2714 (0.2755)  loss_fgl_dn_0: 1.1299 (1.1406)  loss_ddf_dn_0: 0.8003 (0.8564)  loss_mal_dn_1: 0.9624 (0.9619)  loss_bbox_dn_1: 0.0771 (0.0891)  loss_giou_dn_1: 0.1103 (0.1266)  loss_fgl_dn_1: 0.7580 (0.7894)  loss_ddf_dn_1: 0.0990 (0.1044)  loss_mal_dn_2: 0.9692 (0.9767)  loss_bbox_dn_2: 0.0689 (0.0731)  loss_giou_dn_2: 0.0972 (0.1082)  loss_fgl_dn_2: 0.7049 (0.7303)  loss_ddf_dn_2: 0.0050 (0.0054)  loss_mal_dn_3: 0.8838 (0.8803)  loss_bbox_dn_3: 0.0674 (0.0712)  loss_giou_dn_3: 0.0963 (0.1064)  loss_fgl_dn_3: 0.7002 (0.7275)  loss_mal_dn_pre: 1.6924 (1.6821)  loss_bbox_dn_pre: 0.1934 (0.2149)  loss_giou_dn_pre: 0.2680 (0.2772)
Test:  [0/4]  eta: 0:00:01    time: 0.3778  data: 0.3385  max mem: 3583
Test:  [3/4]  eta: 0:00:00    time: 0.1200  data: 0.0865  max mem: 3583
Test: Total time: 0:00:00 (0.1436 s / it)
Averaged stats: 
Accumulating evaluation results...
COCOeval_opt.accumulate() finished...
DONE (t=0.00s).
IoU metric: bbox
 Average Precision  (AP) @[ IoU=0.50:0.95 | area=   all | maxDets=100 ] = 0.856
 Average Precision  (AP) @[ IoU=0.50      | area=   all | maxDets=100 ] = 0.988
 Average Precision  (AP) @[ IoU=0.75      | area=   all | maxDets=100 ] = 0.891
 Average Precision  (AP) @[ IoU=0.50:0.95 | area= small | maxDets=100 ] = -1.000
 Average Precision  (AP) @[ IoU=0.50:0.95 | area=medium | maxDets=100 ] = -1.000
 Average Precision  (AP) @[ IoU=0.50:0.95 | area= large | maxDets=100 ] = 0.856
 Average Recall     (AR) @[ IoU=0.50:0.95 | area=   all | maxDets=  1 ] = 0.770
 Average Recall     (AR) @[ IoU=0.50:0.95 | area=   all | maxDets= 10 ] = 0.897
 Average Recall     (AR) @[ IoU=0.50:0.95 | area=   all | maxDets=100 ] = 0.930
 Average Recall     (AR) @[ IoU=0.50:0.95 | area= small | maxDets=100 ] = -1.000
 Average Recall     (AR) @[ IoU=0.50:0.95 | area=medium | maxDets=100 ] = -1.000
 Average Recall     (AR) @[ IoU=0.50:0.95 | area= large | maxDets=100 ] = 0.930
 Average Recall     (AR) @[ IoU=0.50      | area=   all | maxDets=100 ] = 1.000
 Average Recall     (AR) @[ IoU=0.75      | area=   all | maxDets=100 ] = 0.967
best_stat: {'epoch': 105, 'coco_eval_bbox': 0.8561741793623753}
Epoch: [106]  [0/8]  eta: 0:00:04  lr: 0.000004  loss: 29.0668 (29.0668)  loss_mal: 0.8911 (0.8911)  loss_bbox: 0.0611 (0.0611)  loss_giou: 0.1015 (0.1015)  loss_fgl: 0.7141 (0.7141)  loss_mal_aux_0: 3.1406 (3.1406)  loss_bbox_aux_0: 0.0859 (0.0859)  loss_giou_aux_0: 0.1295 (0.1295)  loss_fgl_aux_0: 0.8646 (0.8646)  loss_ddf_aux_0: 0.1581 (0.1581)  loss_mal_aux_1: 1.1914 (1.1914)  loss_bbox_aux_1: 0.0629 (0.0629)  loss_giou_aux_1: 0.1050 (0.1050)  loss_fgl_aux_1: 0.7380 (0.7380)  loss_ddf_aux_1: 0.0185 (0.0185)  loss_mal_aux_2: 0.9634 (0.9634)  loss_bbox_aux_2: 0.0607 (0.0607)  loss_giou_aux_2: 0.1011 (0.1011)  loss_fgl_aux_2: 0.7139 (0.7139)  loss_ddf_aux_2: 0.0017 (0.0017)  loss_mal_pre: 2.6328 (2.6328)  loss_bbox_pre: 0.0867 (0.0867)  loss_giou_pre: 0.1271 (0.1271)  loss_mal_enc_0: 2.6816 (2.6816)  loss_bbox_enc_0: 0.3916 (0.3916)  loss_giou_enc_0: 0.5151 (0.5151)  loss_mal_dn_0: 1.5059 (1.5059)  loss_bbox_dn_0: 0.2126 (0.2126)  loss_giou_dn_0: 0.2799 (0.2799)  loss_fgl_dn_0: 1.1326 (1.1326)  loss_ddf_dn_0: 1.1847 (1.1847)  loss_mal_dn_1: 0.9673 (0.9673)  loss_bbox_dn_1: 0.0983 (0.0983)  loss_giou_dn_1: 0.1347 (0.1347)  loss_fgl_dn_1: 0.7965 (0.7965)  loss_ddf_dn_1: 0.2010 (0.2010)  loss_mal_dn_2: 1.0166 (1.0166)  loss_bbox_dn_2: 0.0762 (0.0762)  loss_giou_dn_2: 0.1125 (0.1125)  loss_fgl_dn_2: 0.7386 (0.7386)  loss_ddf_dn_2: 0.0104 (0.0104)  loss_mal_dn_3: 0.9448 (0.9448)  loss_bbox_dn_3: 0.0770 (0.0770)  loss_giou_dn_3: 0.1133 (0.1133)  loss_fgl_dn_3: 0.7371 (0.7371)  loss_mal_dn_pre: 1.6865 (1.6865)  loss_bbox_dn_pre: 0.2209 (0.2209)  loss_giou_dn_pre: 0.2812 (0.2812)  time: 0.6087  data: 0.3957  max mem: 3583
Epoch: [106]  [7/8]  eta: 0:00:00  lr: 0.000005  loss: 28.4135 (28.3623)  loss_mal: 0.8911 (0.9269)  loss_bbox: 0.0678 (0.0647)  loss_giou: 0.1015 (0.0984)  loss_fgl: 0.7141 (0.7181)  loss_mal_aux_0: 3.0625 (3.0671)  loss_bbox_aux_0: 0.0859 (0.0822)  loss_giou_aux_0: 0.1275 (0.1267)  loss_fgl_aux_0: 0.8646 (0.8531)  loss_ddf_aux_0: 0.1581 (0.1554)  loss_mal_aux_1: 1.3428 (1.3749)  loss_bbox_aux_1: 0.0709 (0.0670)  loss_giou_aux_1: 0.1050 (0.1037)  loss_fgl_aux_1: 0.7380 (0.7474)  loss_ddf_aux_1: 0.0209 (0.0221)  loss_mal_aux_2: 0.9355 (1.0135)  loss_bbox_aux_2: 0.0679 (0.0649)  loss_giou_aux_2: 0.1011 (0.0988)  loss_fgl_aux_2: 0.7139 (0.7203)  loss_ddf_aux_2: 0.0017 (0.0019)  loss_mal_pre: 2.5996 (2.6047)  loss_bbox_pre: 0.0867 (0.0834)  loss_giou_pre: 0.1252 (0.1274)  loss_mal_enc_0: 2.5664 (2.5659)  loss_bbox_enc_0: 0.3940 (0.4065)  loss_giou_enc_0: 0.5105 (0.5332)  loss_mal_dn_0: 1.4727 (1.4781)  loss_bbox_dn_0: 0.1894 (0.1880)  loss_giou_dn_0: 0.2469 (0.2584)  loss_fgl_dn_0: 1.1048 (1.1288)  loss_ddf_dn_0: 0.8417 (0.8950)  loss_mal_dn_1: 0.9468 (0.9454)  loss_bbox_dn_1: 0.0913 (0.0873)  loss_giou_dn_1: 0.1199 (0.1237)  loss_fgl_dn_1: 0.7761 (0.7809)  loss_ddf_dn_1: 0.1052 (0.1152)  loss_mal_dn_2: 0.9492 (0.9531)  loss_bbox_dn_2: 0.0762 (0.0721)  loss_giou_dn_2: 0.1041 (0.1055)  loss_fgl_dn_2: 0.7262 (0.7276)  loss_ddf_dn_2: 0.0051 (0.0058)  loss_mal_dn_3: 0.8496 (0.8518)  loss_bbox_dn_3: 0.0770 (0.0710)  loss_giou_dn_3: 0.1019 (0.1045)  loss_fgl_dn_3: 0.7220 (0.7247)  loss_mal_dn_pre: 1.6592 (1.6656)  loss_bbox_dn_pre: 0.1863 (0.1926)  loss_giou_dn_pre: 0.2467 (0.2587)  time: 0.2011  data: 0.0526  max mem: 3583
Epoch: [106] Total time: 0:00:01 (0.2104 s / it)
Averaged stats: lr: 0.000005  loss: 28.4135 (28.3623)  loss_mal: 0.8911 (0.9269)  loss_bbox: 0.0678 (0.0647)  loss_giou: 0.1015 (0.0984)  loss_fgl: 0.7141 (0.7181)  loss_mal_aux_0: 3.0625 (3.0671)  loss_bbox_aux_0: 0.0859 (0.0822)  loss_giou_aux_0: 0.1275 (0.1267)  loss_fgl_aux_0: 0.8646 (0.8531)  loss_ddf_aux_0: 0.1581 (0.1554)  loss_mal_aux_1: 1.3428 (1.3749)  loss_bbox_aux_1: 0.0709 (0.0670)  loss_giou_aux_1: 0.1050 (0.1037)  loss_fgl_aux_1: 0.7380 (0.7474)  loss_ddf_aux_1: 0.0209 (0.0221)  loss_mal_aux_2: 0.9355 (1.0135)  loss_bbox_aux_2: 0.0679 (0.0649)  loss_giou_aux_2: 0.1011 (0.0988)  loss_fgl_aux_2: 0.7139 (0.7203)  loss_ddf_aux_2: 0.0017 (0.0019)  loss_mal_pre: 2.5996 (2.6047)  loss_bbox_pre: 0.0867 (0.0834)  loss_giou_pre: 0.1252 (0.1274)  loss_mal_enc_0: 2.5664 (2.5659)  loss_bbox_enc_0: 0.3940 (0.4065)  loss_giou_enc_0: 0.5105 (0.5332)  loss_mal_dn_0: 1.4727 (1.4781)  loss_bbox_dn_0: 0.1894 (0.1880)  loss_giou_dn_0: 0.2469 (0.2584)  loss_fgl_dn_0: 1.1048 (1.1288)  loss_ddf_dn_0: 0.8417 (0.8950)  loss_mal_dn_1: 0.9468 (0.9454)  loss_bbox_dn_1: 0.0913 (0.0873)  loss_giou_dn_1: 0.1199 (0.1237)  loss_fgl_dn_1: 0.7761 (0.7809)  loss_ddf_dn_1: 0.1052 (0.1152)  loss_mal_dn_2: 0.9492 (0.9531)  loss_bbox_dn_2: 0.0762 (0.0721)  loss_giou_dn_2: 0.1041 (0.1055)  loss_fgl_dn_2: 0.7262 (0.7276)  loss_ddf_dn_2: 0.0051 (0.0058)  loss_mal_dn_3: 0.8496 (0.8518)  loss_bbox_dn_3: 0.0770 (0.0710)  loss_giou_dn_3: 0.1019 (0.1045)  loss_fgl_dn_3: 0.7220 (0.7247)  loss_mal_dn_pre: 1.6592 (1.6656)  loss_bbox_dn_pre: 0.1863 (0.1926)  loss_giou_dn_pre: 0.2467 (0.2587)
Test:  [0/4]  eta: 0:00:01    time: 0.3738  data: 0.3362  max mem: 3583
Test:  [3/4]  eta: 0:00:00    time: 0.1180  data: 0.0859  max mem: 3583
Test: Total time: 0:00:00 (0.1389 s / it)
Averaged stats: 
Accumulating evaluation results...
COCOeval_opt.accumulate() finished...
DONE (t=0.00s).
IoU metric: bbox
 Average Precision  (AP) @[ IoU=0.50:0.95 | area=   all | maxDets=100 ] = 0.837
 Average Precision  (AP) @[ IoU=0.50      | area=   all | maxDets=100 ] = 0.968
 Average Precision  (AP) @[ IoU=0.75      | area=   all | maxDets=100 ] = 0.860
 Average Precision  (AP) @[ IoU=0.50:0.95 | area= small | maxDets=100 ] = -1.000
 Average Precision  (AP) @[ IoU=0.50:0.95 | area=medium | maxDets=100 ] = -1.000
 Average Precision  (AP) @[ IoU=0.50:0.95 | area= large | maxDets=100 ] = 0.837
 Average Recall     (AR) @[ IoU=0.50:0.95 | area=   all | maxDets=  1 ] = 0.770
 Average Recall     (AR) @[ IoU=0.50:0.95 | area=   all | maxDets= 10 ] = 0.903
 Average Recall     (AR) @[ IoU=0.50:0.95 | area=   all | maxDets=100 ] = 0.927
 Average Recall     (AR) @[ IoU=0.50:0.95 | area= small | maxDets=100 ] = -1.000
 Average Recall     (AR) @[ IoU=0.50:0.95 | area=medium | maxDets=100 ] = -1.000
 Average Recall     (AR) @[ IoU=0.50:0.95 | area= large | maxDets=100 ] = 0.927
 Average Recall     (AR) @[ IoU=0.50      | area=   all | maxDets=100 ] = 1.000
 Average Recall     (AR) @[ IoU=0.75      | area=   all | maxDets=100 ] = 0.933
best_stat: {'epoch': 105, 'coco_eval_bbox': 0.8561741793623753}
Load last_epoch
Load model.state_dict
Load criterion.state_dict
Load postprocessor.state_dict
Load ema.state_dict
Load scaler.state_dict
Load optimizer.state_dict
Load lr_warmup_scheduler.state_dict
Refresh EMA at epoch 106 with decay 0.9996
Epoch: [107]  [0/8]  eta: 0:00:04  lr: 0.000005  loss: 33.1694 (33.1694)  loss_mal: 1.1641 (1.1641)  loss_bbox: 0.0863 (0.0863)  loss_giou: 0.1041 (0.1041)  loss_fgl: 0.7818 (0.7818)  loss_mal_aux_0: 4.5352 (4.5352)  loss_bbox_aux_0: 0.1210 (0.1210)  loss_giou_aux_0: 0.1522 (0.1522)  loss_fgl_aux_0: 0.9749 (0.9749)  loss_ddf_aux_0: 0.1878 (0.1878)  loss_mal_aux_1: 1.8027 (1.8027)  loss_bbox_aux_1: 0.1003 (0.1003)  loss_giou_aux_1: 0.1193 (0.1193)  loss_fgl_aux_1: 0.8296 (0.8296)  loss_ddf_aux_1: 0.0229 (0.0229)  loss_mal_aux_2: 1.2979 (1.2979)  loss_bbox_aux_2: 0.0859 (0.0859)  loss_giou_aux_2: 0.1042 (0.1042)  loss_fgl_aux_2: 0.7857 (0.7857)  loss_ddf_aux_2: 0.0016 (0.0016)  loss_mal_pre: 3.1777 (3.1777)  loss_bbox_pre: 0.1252 (0.1252)  loss_giou_pre: 0.1586 (0.1586)  loss_mal_enc_0: 2.7988 (2.7988)  loss_bbox_enc_0: 0.4420 (0.4420)  loss_giou_enc_0: 0.5629 (0.5629)  loss_mal_dn_0: 1.5879 (1.5879)  loss_bbox_dn_0: 0.1977 (0.1977)  loss_giou_dn_0: 0.2533 (0.2533)  loss_fgl_dn_0: 1.0990 (1.0990)  loss_ddf_dn_0: 0.9556 (0.9556)  loss_mal_dn_1: 0.9746 (0.9746)  loss_bbox_dn_1: 0.1237 (0.1237)  loss_giou_dn_1: 0.1423 (0.1423)  loss_fgl_dn_1: 0.8708 (0.8708)  loss_ddf_dn_1: 0.1393 (0.1393)  loss_mal_dn_2: 1.0059 (1.0059)  loss_bbox_dn_2: 0.0995 (0.0995)  loss_giou_dn_2: 0.1201 (0.1201)  loss_fgl_dn_2: 0.8285 (0.8285)  loss_ddf_dn_2: 0.0078 (0.0078)  loss_mal_dn_3: 0.9380 (0.9380)  loss_bbox_dn_3: 0.1005 (0.1005)  loss_giou_dn_3: 0.1200 (0.1200)  loss_fgl_dn_3: 0.8274 (0.8274)  loss_mal_dn_pre: 1.7871 (1.7871)  loss_bbox_dn_pre: 0.2089 (0.2089)  loss_giou_dn_pre: 0.2588 (0.2588)  time: 0.5869  data: 0.3663  max mem: 3583
Epoch: [107]  [7/8]  eta: 0:00:00  lr: 0.000005  loss: 31.4189 (31.5287)  loss_mal: 1.0029 (1.0612)  loss_bbox: 0.0761 (0.0782)  loss_giou: 0.1041 (0.1189)  loss_fgl: 0.7253 (0.8090)  loss_mal_aux_0: 3.5273 (3.7122)  loss_bbox_aux_0: 0.1018 (0.1067)  loss_giou_aux_0: 0.1514 (0.1620)  loss_fgl_aux_0: 0.9412 (0.9631)  loss_ddf_aux_0: 0.1814 (0.1715)  loss_mal_aux_1: 1.4688 (1.4780)  loss_bbox_aux_1: 0.0827 (0.0859)  loss_giou_aux_1: 0.1193 (0.1293)  loss_fgl_aux_1: 0.7944 (0.8495)  loss_ddf_aux_1: 0.0229 (0.0243)  loss_mal_aux_2: 1.0898 (1.1514)  loss_bbox_aux_2: 0.0764 (0.0781)  loss_giou_aux_2: 0.1042 (0.1188)  loss_fgl_aux_2: 0.7253 (0.8108)  loss_ddf_aux_2: 0.0016 (0.0020)  loss_mal_pre: 2.7598 (2.8345)  loss_bbox_pre: 0.1084 (0.1122)  loss_giou_pre: 0.1532 (0.1658)  loss_mal_enc_0: 2.6250 (2.6416)  loss_bbox_enc_0: 0.4104 (0.4121)  loss_giou_enc_0: 0.5629 (0.5672)  loss_mal_dn_0: 1.4951 (1.5126)  loss_bbox_dn_0: 0.2086 (0.2182)  loss_giou_dn_0: 0.2878 (0.2984)  loss_fgl_dn_0: 1.1673 (1.1745)  loss_ddf_dn_0: 0.9611 (0.9764)  loss_mal_dn_1: 1.0410 (1.0364)  loss_bbox_dn_1: 0.1069 (0.1117)  loss_giou_dn_1: 0.1423 (0.1560)  loss_fgl_dn_1: 0.8708 (0.8863)  loss_ddf_dn_1: 0.1427 (0.1496)  loss_mal_dn_2: 1.0293 (1.0370)  loss_bbox_dn_2: 0.0914 (0.0920)  loss_giou_dn_2: 0.1194 (0.1350)  loss_fgl_dn_2: 0.7790 (0.8322)  loss_ddf_dn_2: 0.0081 (0.0095)  loss_mal_dn_3: 0.9683 (0.9757)  loss_bbox_dn_3: 0.0908 (0.0906)  loss_giou_dn_3: 0.1200 (0.1337)  loss_fgl_dn_3: 0.7812 (0.8298)  loss_mal_dn_pre: 1.6699 (1.7010)  loss_bbox_dn_pre: 0.2105 (0.2274)  loss_giou_dn_pre: 0.2885 (0.3004)  time: 0.1819  data: 0.0476  max mem: 3583
Epoch: [107] Total time: 0:00:01 (0.1915 s / it)
Averaged stats: lr: 0.000005  loss: 31.4189 (31.5287)  loss_mal: 1.0029 (1.0612)  loss_bbox: 0.0761 (0.0782)  loss_giou: 0.1041 (0.1189)  loss_fgl: 0.7253 (0.8090)  loss_mal_aux_0: 3.5273 (3.7122)  loss_bbox_aux_0: 0.1018 (0.1067)  loss_giou_aux_0: 0.1514 (0.1620)  loss_fgl_aux_0: 0.9412 (0.9631)  loss_ddf_aux_0: 0.1814 (0.1715)  loss_mal_aux_1: 1.4688 (1.4780)  loss_bbox_aux_1: 0.0827 (0.0859)  loss_giou_aux_1: 0.1193 (0.1293)  loss_fgl_aux_1: 0.7944 (0.8495)  loss_ddf_aux_1: 0.0229 (0.0243)  loss_mal_aux_2: 1.0898 (1.1514)  loss_bbox_aux_2: 0.0764 (0.0781)  loss_giou_aux_2: 0.1042 (0.1188)  loss_fgl_aux_2: 0.7253 (0.8108)  loss_ddf_aux_2: 0.0016 (0.0020)  loss_mal_pre: 2.7598 (2.8345)  loss_bbox_pre: 0.1084 (0.1122)  loss_giou_pre: 0.1532 (0.1658)  loss_mal_enc_0: 2.6250 (2.6416)  loss_bbox_enc_0: 0.4104 (0.4121)  loss_giou_enc_0: 0.5629 (0.5672)  loss_mal_dn_0: 1.4951 (1.5126)  loss_bbox_dn_0: 0.2086 (0.2182)  loss_giou_dn_0: 0.2878 (0.2984)  loss_fgl_dn_0: 1.1673 (1.1745)  loss_ddf_dn_0: 0.9611 (0.9764)  loss_mal_dn_1: 1.0410 (1.0364)  loss_bbox_dn_1: 0.1069 (0.1117)  loss_giou_dn_1: 0.1423 (0.1560)  loss_fgl_dn_1: 0.8708 (0.8863)  loss_ddf_dn_1: 0.1427 (0.1496)  loss_mal_dn_2: 1.0293 (1.0370)  loss_bbox_dn_2: 0.0914 (0.0920)  loss_giou_dn_2: 0.1194 (0.1350)  loss_fgl_dn_2: 0.7790 (0.8322)  loss_ddf_dn_2: 0.0081 (0.0095)  loss_mal_dn_3: 0.9683 (0.9757)  loss_bbox_dn_3: 0.0908 (0.0906)  loss_giou_dn_3: 0.1200 (0.1337)  loss_fgl_dn_3: 0.7812 (0.8298)  loss_mal_dn_pre: 1.6699 (1.7010)  loss_bbox_dn_pre: 0.2105 (0.2274)  loss_giou_dn_pre: 0.2885 (0.3004)
Test:  [0/4]  eta: 0:00:01    time: 0.4320  data: 0.3812  max mem: 3583
Test:  [3/4]  eta: 0:00:00    time: 0.1360  data: 0.0974  max mem: 3583
Test: Total time: 0:00:00 (0.1543 s / it)
Averaged stats: 
Accumulating evaluation results...
COCOeval_opt.accumulate() finished...
DONE (t=0.00s).
IoU metric: bbox
 Average Precision  (AP) @[ IoU=0.50:0.95 | area=   all | maxDets=100 ] = 0.800
 Average Precision  (AP) @[ IoU=0.50      | area=   all | maxDets=100 ] = 0.947
 Average Precision  (AP) @[ IoU=0.75      | area=   all | maxDets=100 ] = 0.813
 Average Precision  (AP) @[ IoU=0.50:0.95 | area= small | maxDets=100 ] = -1.000
 Average Precision  (AP) @[ IoU=0.50:0.95 | area=medium | maxDets=100 ] = -1.000
 Average Precision  (AP) @[ IoU=0.50:0.95 | area= large | maxDets=100 ] = 0.800
 Average Recall     (AR) @[ IoU=0.50:0.95 | area=   all | maxDets=  1 ] = 0.767
 Average Recall     (AR) @[ IoU=0.50:0.95 | area=   all | maxDets= 10 ] = 0.890
 Average Recall     (AR) @[ IoU=0.50:0.95 | area=   all | maxDets=100 ] = 0.913
 Average Recall     (AR) @[ IoU=0.50:0.95 | area= small | maxDets=100 ] = -1.000
 Average Recall     (AR) @[ IoU=0.50:0.95 | area=medium | maxDets=100 ] = -1.000
 Average Recall     (AR) @[ IoU=0.50:0.95 | area= large | maxDets=100 ] = 0.913
 Average Recall     (AR) @[ IoU=0.50      | area=   all | maxDets=100 ] = 1.000
 Average Recall     (AR) @[ IoU=0.75      | area=   all | maxDets=100 ] = 0.933
best_stat: {'epoch': 105, 'coco_eval_bbox': 0.8561741793623753}
Epoch: [108]  [0/8]  eta: 0:00:04  lr: 0.000005  loss: 31.3782 (31.3782)  loss_mal: 0.8853 (0.8853)  loss_bbox: 0.0747 (0.0747)  loss_giou: 0.1031 (0.1031)  loss_fgl: 0.7295 (0.7295)  loss_mal_aux_0: 3.8887 (3.8887)  loss_bbox_aux_0: 0.0945 (0.0945)  loss_giou_aux_0: 0.1257 (0.1257)  loss_fgl_aux_0: 0.8629 (0.8629)  loss_ddf_aux_0: 0.1376 (0.1376)  loss_mal_aux_1: 1.5088 (1.5088)  loss_bbox_aux_1: 0.0744 (0.0744)  loss_giou_aux_1: 0.1051 (0.1051)  loss_fgl_aux_1: 0.7466 (0.7466)  loss_ddf_aux_1: 0.0232 (0.0232)  loss_mal_aux_2: 0.9741 (0.9741)  loss_bbox_aux_2: 0.0754 (0.0754)  loss_giou_aux_2: 0.1042 (0.1042)  loss_fgl_aux_2: 0.7317 (0.7317)  loss_ddf_aux_2: 0.0015 (0.0015)  loss_mal_pre: 2.9004 (2.9004)  loss_bbox_pre: 0.0974 (0.0974)  loss_giou_pre: 0.1304 (0.1304)  loss_mal_enc_0: 2.5957 (2.5957)  loss_bbox_enc_0: 0.5727 (0.5727)  loss_giou_enc_0: 0.6095 (0.6095)  loss_mal_dn_0: 1.5049 (1.5049)  loss_bbox_dn_0: 0.3156 (0.3156)  loss_giou_dn_0: 0.3366 (0.3366)  loss_fgl_dn_0: 1.2009 (1.2009)  loss_ddf_dn_0: 1.1765 (1.1765)  loss_mal_dn_1: 0.9512 (0.9512)  loss_bbox_dn_1: 0.1454 (0.1454)  loss_giou_dn_1: 0.1621 (0.1621)  loss_fgl_dn_1: 0.8999 (0.8999)  loss_ddf_dn_1: 0.1853 (0.1853)  loss_mal_dn_2: 0.9888 (0.9888)  loss_bbox_dn_2: 0.1044 (0.1044)  loss_giou_dn_2: 0.1294 (0.1294)  loss_fgl_dn_2: 0.8179 (0.8179)  loss_ddf_dn_2: 0.0110 (0.0110)  loss_mal_dn_3: 0.8999 (0.8999)  loss_bbox_dn_3: 0.0977 (0.0977)  loss_giou_dn_3: 0.1249 (0.1249)  loss_fgl_dn_3: 0.8143 (0.8143)  loss_mal_dn_pre: 1.6836 (1.6836)  loss_bbox_dn_pre: 0.3369 (0.3369)  loss_giou_dn_pre: 0.3378 (0.3378)  time: 0.5677  data: 0.3781  max mem: 3583
Epoch: [108]  [7/8]  eta: 0:00:00  lr: 0.000005  loss: 30.5675 (30.7327)  loss_mal: 0.9653 (0.9682)  loss_bbox: 0.0747 (0.0779)  loss_giou: 0.1031 (0.1154)  loss_fgl: 0.7526 (0.7812)  loss_mal_aux_0: 3.3105 (3.3662)  loss_bbox_aux_0: 0.0964 (0.1063)  loss_giou_aux_0: 0.1516 (0.1651)  loss_fgl_aux_0: 0.9146 (0.9295)  loss_ddf_aux_0: 0.1432 (0.1710)  loss_mal_aux_1: 1.6133 (1.7532)  loss_bbox_aux_1: 0.0744 (0.0840)  loss_giou_aux_1: 0.1167 (0.1254)  loss_fgl_aux_1: 0.7967 (0.8209)  loss_ddf_aux_1: 0.0213 (0.0224)  loss_mal_aux_2: 1.0986 (1.0787)  loss_bbox_aux_2: 0.0754 (0.0781)  loss_giou_aux_2: 0.1042 (0.1152)  loss_fgl_aux_2: 0.7561 (0.7816)  loss_ddf_aux_2: 0.0015 (0.0017)  loss_mal_pre: 2.6738 (2.6919)  loss_bbox_pre: 0.0974 (0.1047)  loss_giou_pre: 0.1456 (0.1624)  loss_mal_enc_0: 2.5977 (2.6321)  loss_bbox_enc_0: 0.3857 (0.4258)  loss_giou_enc_0: 0.5350 (0.5541)  loss_mal_dn_0: 1.5049 (1.4993)  loss_bbox_dn_0: 0.2077 (0.2242)  loss_giou_dn_0: 0.2875 (0.2952)  loss_fgl_dn_0: 1.1580 (1.1600)  loss_ddf_dn_0: 0.9469 (1.0230)  loss_mal_dn_1: 0.9736 (0.9913)  loss_bbox_dn_1: 0.1006 (0.1083)  loss_giou_dn_1: 0.1414 (0.1497)  loss_fgl_dn_1: 0.8192 (0.8495)  loss_ddf_dn_1: 0.1286 (0.1481)  loss_mal_dn_2: 0.9927 (1.0092)  loss_bbox_dn_2: 0.0770 (0.0867)  loss_giou_dn_2: 0.1144 (0.1269)  loss_fgl_dn_2: 0.7613 (0.7912)  loss_ddf_dn_2: 0.0071 (0.0078)  loss_mal_dn_3: 0.9243 (0.9280)  loss_bbox_dn_3: 0.0762 (0.0853)  loss_giou_dn_3: 0.1133 (0.1265)  loss_fgl_dn_3: 0.7638 (0.7917)  loss_mal_dn_pre: 1.6836 (1.6847)  loss_bbox_dn_pre: 0.2260 (0.2361)  loss_giou_dn_pre: 0.2935 (0.2971)  time: 0.1731  data: 0.0490  max mem: 3583
Epoch: [108] Total time: 0:00:01 (0.1839 s / it)
Averaged stats: lr: 0.000005  loss: 30.5675 (30.7327)  loss_mal: 0.9653 (0.9682)  loss_bbox: 0.0747 (0.0779)  loss_giou: 0.1031 (0.1154)  loss_fgl: 0.7526 (0.7812)  loss_mal_aux_0: 3.3105 (3.3662)  loss_bbox_aux_0: 0.0964 (0.1063)  loss_giou_aux_0: 0.1516 (0.1651)  loss_fgl_aux_0: 0.9146 (0.9295)  loss_ddf_aux_0: 0.1432 (0.1710)  loss_mal_aux_1: 1.6133 (1.7532)  loss_bbox_aux_1: 0.0744 (0.0840)  loss_giou_aux_1: 0.1167 (0.1254)  loss_fgl_aux_1: 0.7967 (0.8209)  loss_ddf_aux_1: 0.0213 (0.0224)  loss_mal_aux_2: 1.0986 (1.0787)  loss_bbox_aux_2: 0.0754 (0.0781)  loss_giou_aux_2: 0.1042 (0.1152)  loss_fgl_aux_2: 0.7561 (0.7816)  loss_ddf_aux_2: 0.0015 (0.0017)  loss_mal_pre: 2.6738 (2.6919)  loss_bbox_pre: 0.0974 (0.1047)  loss_giou_pre: 0.1456 (0.1624)  loss_mal_enc_0: 2.5977 (2.6321)  loss_bbox_enc_0: 0.3857 (0.4258)  loss_giou_enc_0: 0.5350 (0.5541)  loss_mal_dn_0: 1.5049 (1.4993)  loss_bbox_dn_0: 0.2077 (0.2242)  loss_giou_dn_0: 0.2875 (0.2952)  loss_fgl_dn_0: 1.1580 (1.1600)  loss_ddf_dn_0: 0.9469 (1.0230)  loss_mal_dn_1: 0.9736 (0.9913)  loss_bbox_dn_1: 0.1006 (0.1083)  loss_giou_dn_1: 0.1414 (0.1497)  loss_fgl_dn_1: 0.8192 (0.8495)  loss_ddf_dn_1: 0.1286 (0.1481)  loss_mal_dn_2: 0.9927 (1.0092)  loss_bbox_dn_2: 0.0770 (0.0867)  loss_giou_dn_2: 0.1144 (0.1269)  loss_fgl_dn_2: 0.7613 (0.7912)  loss_ddf_dn_2: 0.0071 (0.0078)  loss_mal_dn_3: 0.9243 (0.9280)  loss_bbox_dn_3: 0.0762 (0.0853)  loss_giou_dn_3: 0.1133 (0.1265)  loss_fgl_dn_3: 0.7638 (0.7917)  loss_mal_dn_pre: 1.6836 (1.6847)  loss_bbox_dn_pre: 0.2260 (0.2361)  loss_giou_dn_pre: 0.2935 (0.2971)
Test:  [0/4]  eta: 0:00:01    time: 0.4225  data: 0.3812  max mem: 3583
Test:  [3/4]  eta: 0:00:00    time: 0.1327  data: 0.0974  max mem: 3583
Test: Total time: 0:00:00 (0.1540 s / it)
Averaged stats: 
Accumulating evaluation results...
COCOeval_opt.accumulate() finished...
DONE (t=0.00s).
IoU metric: bbox
 Average Precision  (AP) @[ IoU=0.50:0.95 | area=   all | maxDets=100 ] = 0.782
 Average Precision  (AP) @[ IoU=0.50      | area=   all | maxDets=100 ] = 0.934
 Average Precision  (AP) @[ IoU=0.75      | area=   all | maxDets=100 ] = 0.838
 Average Precision  (AP) @[ IoU=0.50:0.95 | area= small | maxDets=100 ] = -1.000
 Average Precision  (AP) @[ IoU=0.50:0.95 | area=medium | maxDets=100 ] = -1.000
 Average Precision  (AP) @[ IoU=0.50:0.95 | area= large | maxDets=100 ] = 0.782
 Average Recall     (AR) @[ IoU=0.50:0.95 | area=   all | maxDets=  1 ] = 0.760
 Average Recall     (AR) @[ IoU=0.50:0.95 | area=   all | maxDets= 10 ] = 0.890
 Average Recall     (AR) @[ IoU=0.50:0.95 | area=   all | maxDets=100 ] = 0.913
 Average Recall     (AR) @[ IoU=0.50:0.95 | area= small | maxDets=100 ] = -1.000
 Average Recall     (AR) @[ IoU=0.50:0.95 | area=medium | maxDets=100 ] = -1.000
 Average Recall     (AR) @[ IoU=0.50:0.95 | area= large | maxDets=100 ] = 0.913
 Average Recall     (AR) @[ IoU=0.50      | area=   all | maxDets=100 ] = 1.000
 Average Recall     (AR) @[ IoU=0.75      | area=   all | maxDets=100 ] = 0.933
best_stat: {'epoch': 105, 'coco_eval_bbox': 0.8561741793623753}
Load last_epoch
Load model.state_dict
Load criterion.state_dict
Load postprocessor.state_dict
Load ema.state_dict
Load scaler.state_dict
Load optimizer.state_dict
Load lr_warmup_scheduler.state_dict
Refresh EMA at epoch 108 with decay 0.9995
Epoch: [109]  [0/8]  eta: 0:00:04  lr: 0.000005  loss: 31.4032 (31.4032)  loss_mal: 1.0986 (1.0986)  loss_bbox: 0.0673 (0.0673)  loss_giou: 0.1011 (0.1011)  loss_fgl: 0.7153 (0.7153)  loss_mal_aux_0: 3.6758 (3.6758)  loss_bbox_aux_0: 0.1084 (0.1084)  loss_giou_aux_0: 0.1525 (0.1525)  loss_fgl_aux_0: 0.8987 (0.8987)  loss_ddf_aux_0: 0.1558 (0.1558)  loss_mal_aux_1: 1.3047 (1.3047)  loss_bbox_aux_1: 0.0805 (0.0805)  loss_giou_aux_1: 0.1147 (0.1147)  loss_fgl_aux_1: 0.7754 (0.7754)  loss_ddf_aux_1: 0.0237 (0.0237)  loss_mal_aux_2: 1.1865 (1.1865)  loss_bbox_aux_2: 0.0673 (0.0673)  loss_giou_aux_2: 0.1014 (0.1014)  loss_fgl_aux_2: 0.7152 (0.7152)  loss_ddf_aux_2: 0.0015 (0.0015)  loss_mal_pre: 2.8008 (2.8008)  loss_bbox_pre: 0.1121 (0.1121)  loss_giou_pre: 0.1582 (0.1582)  loss_mal_enc_0: 2.5957 (2.5957)  loss_bbox_enc_0: 0.5723 (0.5723)  loss_giou_enc_0: 0.6331 (0.6331)  loss_mal_dn_0: 1.5771 (1.5771)  loss_bbox_dn_0: 0.2668 (0.2668)  loss_giou_dn_0: 0.2991 (0.2991)  loss_fgl_dn_0: 1.1436 (1.1436)  loss_ddf_dn_0: 1.1991 (1.1991)  loss_mal_dn_1: 1.0078 (1.0078)  loss_bbox_dn_1: 0.1285 (0.1285)  loss_giou_dn_1: 0.1456 (0.1456)  loss_fgl_dn_1: 0.8797 (0.8797)  loss_ddf_dn_1: 0.2049 (0.2049)  loss_mal_dn_2: 1.0234 (1.0234)  loss_bbox_dn_2: 0.0843 (0.0843)  loss_giou_dn_2: 0.1111 (0.1111)  loss_fgl_dn_2: 0.7895 (0.7895)  loss_ddf_dn_2: 0.0119 (0.0119)  loss_mal_dn_3: 0.9673 (0.9673)  loss_bbox_dn_3: 0.0843 (0.0843)  loss_giou_dn_3: 0.1101 (0.1101)  loss_fgl_dn_3: 0.7894 (0.7894)  loss_mal_dn_pre: 1.7490 (1.7490)  loss_bbox_dn_pre: 0.3024 (0.3024)  loss_giou_dn_pre: 0.3114 (0.3114)  time: 0.5730  data: 0.3911  max mem: 3583
Epoch: [109]  [7/8]  eta: 0:00:00  lr: 0.000005  loss: 31.1732 (31.1372)  loss_mal: 1.0068 (1.0634)  loss_bbox: 0.0673 (0.0742)  loss_giou: 0.1011 (0.1068)  loss_fgl: 0.7624 (0.7631)  loss_mal_aux_0: 3.6270 (3.6504)  loss_bbox_aux_0: 0.1054 (0.1017)  loss_giou_aux_0: 0.1525 (0.1436)  loss_fgl_aux_0: 0.9098 (0.9113)  loss_ddf_aux_0: 0.1625 (0.1666)  loss_mal_aux_1: 1.4688 (1.5604)  loss_bbox_aux_1: 0.0782 (0.0786)  loss_giou_aux_1: 0.1147 (0.1143)  loss_fgl_aux_1: 0.7807 (0.7938)  loss_ddf_aux_1: 0.0216 (0.0222)  loss_mal_aux_2: 1.0879 (1.1527)  loss_bbox_aux_2: 0.0673 (0.0743)  loss_giou_aux_2: 0.1014 (0.1072)  loss_fgl_aux_2: 0.7686 (0.7659)  loss_ddf_aux_2: 0.0017 (0.0020)  loss_mal_pre: 2.8379 (2.8235)  loss_bbox_pre: 0.1075 (0.1063)  loss_giou_pre: 0.1582 (0.1481)  loss_mal_enc_0: 2.6191 (2.6277)  loss_bbox_enc_0: 0.3856 (0.4173)  loss_giou_enc_0: 0.5386 (0.5411)  loss_mal_dn_0: 1.5059 (1.5260)  loss_bbox_dn_0: 0.2012 (0.2300)  loss_giou_dn_0: 0.2942 (0.2982)  loss_fgl_dn_0: 1.1436 (1.1623)  loss_ddf_dn_0: 0.9551 (1.0068)  loss_mal_dn_1: 1.0264 (1.0298)  loss_bbox_dn_1: 0.1116 (0.1083)  loss_giou_dn_1: 0.1456 (0.1466)  loss_fgl_dn_1: 0.8797 (0.8630)  loss_ddf_dn_1: 0.1366 (0.1540)  loss_mal_dn_2: 1.0283 (1.0332)  loss_bbox_dn_2: 0.0877 (0.0886)  loss_giou_dn_2: 0.1263 (0.1252)  loss_fgl_dn_2: 0.8194 (0.8012)  loss_ddf_dn_2: 0.0086 (0.0097)  loss_mal_dn_3: 0.9673 (0.9746)  loss_bbox_dn_3: 0.0861 (0.0853)  loss_giou_dn_3: 0.1243 (0.1221)  loss_fgl_dn_3: 0.8168 (0.7992)  loss_mal_dn_pre: 1.7021 (1.7184)  loss_bbox_dn_pre: 0.2090 (0.2391)  loss_giou_dn_pre: 0.2911 (0.2991)  time: 0.1876  data: 0.0510  max mem: 3583
Epoch: [109] Total time: 0:00:01 (0.1979 s / it)
Averaged stats: lr: 0.000005  loss: 31.1732 (31.1372)  loss_mal: 1.0068 (1.0634)  loss_bbox: 0.0673 (0.0742)  loss_giou: 0.1011 (0.1068)  loss_fgl: 0.7624 (0.7631)  loss_mal_aux_0: 3.6270 (3.6504)  loss_bbox_aux_0: 0.1054 (0.1017)  loss_giou_aux_0: 0.1525 (0.1436)  loss_fgl_aux_0: 0.9098 (0.9113)  loss_ddf_aux_0: 0.1625 (0.1666)  loss_mal_aux_1: 1.4688 (1.5604)  loss_bbox_aux_1: 0.0782 (0.0786)  loss_giou_aux_1: 0.1147 (0.1143)  loss_fgl_aux_1: 0.7807 (0.7938)  loss_ddf_aux_1: 0.0216 (0.0222)  loss_mal_aux_2: 1.0879 (1.1527)  loss_bbox_aux_2: 0.0673 (0.0743)  loss_giou_aux_2: 0.1014 (0.1072)  loss_fgl_aux_2: 0.7686 (0.7659)  loss_ddf_aux_2: 0.0017 (0.0020)  loss_mal_pre: 2.8379 (2.8235)  loss_bbox_pre: 0.1075 (0.1063)  loss_giou_pre: 0.1582 (0.1481)  loss_mal_enc_0: 2.6191 (2.6277)  loss_bbox_enc_0: 0.3856 (0.4173)  loss_giou_enc_0: 0.5386 (0.5411)  loss_mal_dn_0: 1.5059 (1.5260)  loss_bbox_dn_0: 0.2012 (0.2300)  loss_giou_dn_0: 0.2942 (0.2982)  loss_fgl_dn_0: 1.1436 (1.1623)  loss_ddf_dn_0: 0.9551 (1.0068)  loss_mal_dn_1: 1.0264 (1.0298)  loss_bbox_dn_1: 0.1116 (0.1083)  loss_giou_dn_1: 0.1456 (0.1466)  loss_fgl_dn_1: 0.8797 (0.8630)  loss_ddf_dn_1: 0.1366 (0.1540)  loss_mal_dn_2: 1.0283 (1.0332)  loss_bbox_dn_2: 0.0877 (0.0886)  loss_giou_dn_2: 0.1263 (0.1252)  loss_fgl_dn_2: 0.8194 (0.8012)  loss_ddf_dn_2: 0.0086 (0.0097)  loss_mal_dn_3: 0.9673 (0.9746)  loss_bbox_dn_3: 0.0861 (0.0853)  loss_giou_dn_3: 0.1243 (0.1221)  loss_fgl_dn_3: 0.8168 (0.7992)  loss_mal_dn_pre: 1.7021 (1.7184)  loss_bbox_dn_pre: 0.2090 (0.2391)  loss_giou_dn_pre: 0.2911 (0.2991)
Test:  [0/4]  eta: 0:00:01    time: 0.3931  data: 0.3480  max mem: 3583
Test:  [3/4]  eta: 0:00:00    time: 0.1249  data: 0.0891  max mem: 3583
Test: Total time: 0:00:00 (0.1513 s / it)
Averaged stats: 
Accumulating evaluation results...
COCOeval_opt.accumulate() finished...
DONE (t=0.00s).
IoU metric: bbox
 Average Precision  (AP) @[ IoU=0.50:0.95 | area=   all | maxDets=100 ] = 0.829
 Average Precision  (AP) @[ IoU=0.50      | area=   all | maxDets=100 ] = 0.975
 Average Precision  (AP) @[ IoU=0.75      | area=   all | maxDets=100 ] = 0.850
 Average Precision  (AP) @[ IoU=0.50:0.95 | area= small | maxDets=100 ] = -1.000
 Average Precision  (AP) @[ IoU=0.50:0.95 | area=medium | maxDets=100 ] = -1.000
 Average Precision  (AP) @[ IoU=0.50:0.95 | area= large | maxDets=100 ] = 0.829
 Average Recall     (AR) @[ IoU=0.50:0.95 | area=   all | maxDets=  1 ] = 0.763
 Average Recall     (AR) @[ IoU=0.50:0.95 | area=   all | maxDets= 10 ] = 0.897
 Average Recall     (AR) @[ IoU=0.50:0.95 | area=   all | maxDets=100 ] = 0.923
 Average Recall     (AR) @[ IoU=0.50:0.95 | area= small | maxDets=100 ] = -1.000
 Average Recall     (AR) @[ IoU=0.50:0.95 | area=medium | maxDets=100 ] = -1.000
 Average Recall     (AR) @[ IoU=0.50:0.95 | area= large | maxDets=100 ] = 0.923
 Average Recall     (AR) @[ IoU=0.50      | area=   all | maxDets=100 ] = 1.000
 Average Recall     (AR) @[ IoU=0.75      | area=   all | maxDets=100 ] = 0.967
best_stat: {'epoch': 105, 'coco_eval_bbox': 0.8561741793623753}
Epoch: [110]  [0/8]  eta: 0:00:04  lr: 0.000005  loss: 29.7894 (29.7894)  loss_mal: 0.8794 (0.8794)  loss_bbox: 0.0574 (0.0574)  loss_giou: 0.0994 (0.0994)  loss_fgl: 0.7751 (0.7751)  loss_mal_aux_0: 3.4492 (3.4492)  loss_bbox_aux_0: 0.0780 (0.0780)  loss_giou_aux_0: 0.1409 (0.1409)  loss_fgl_aux_0: 0.8948 (0.8948)  loss_ddf_aux_0: 0.1220 (0.1220)  loss_mal_aux_1: 1.2568 (1.2568)  loss_bbox_aux_1: 0.0700 (0.0700)  loss_giou_aux_1: 0.1151 (0.1151)  loss_fgl_aux_1: 0.8164 (0.8164)  loss_ddf_aux_1: 0.0200 (0.0200)  loss_mal_aux_2: 0.9712 (0.9712)  loss_bbox_aux_2: 0.0578 (0.0578)  loss_giou_aux_2: 0.1015 (0.1015)  loss_fgl_aux_2: 0.7777 (0.7777)  loss_ddf_aux_2: 0.0029 (0.0029)  loss_mal_pre: 2.6816 (2.6816)  loss_bbox_pre: 0.0786 (0.0786)  loss_giou_pre: 0.1421 (0.1421)  loss_mal_enc_0: 2.4551 (2.4551)  loss_bbox_enc_0: 0.4216 (0.4216)  loss_giou_enc_0: 0.5897 (0.5897)  loss_mal_dn_0: 1.3945 (1.3945)  loss_bbox_dn_0: 0.2314 (0.2314)  loss_giou_dn_0: 0.3419 (0.3419)  loss_fgl_dn_0: 1.2270 (1.2270)  loss_ddf_dn_0: 1.0575 (1.0575)  loss_mal_dn_1: 1.0293 (1.0293)  loss_bbox_dn_1: 0.0999 (0.0999)  loss_giou_dn_1: 0.1619 (0.1619)  loss_fgl_dn_1: 0.8848 (0.8848)  loss_ddf_dn_1: 0.1456 (0.1456)  loss_mal_dn_2: 1.0273 (1.0273)  loss_bbox_dn_2: 0.0816 (0.0816)  loss_giou_dn_2: 0.1417 (0.1417)  loss_fgl_dn_2: 0.8206 (0.8206)  loss_ddf_dn_2: 0.0127 (0.0127)  loss_mal_dn_3: 0.9058 (0.9058)  loss_bbox_dn_3: 0.0764 (0.0764)  loss_giou_dn_3: 0.1369 (0.1369)  loss_fgl_dn_3: 0.8174 (0.8174)  loss_mal_dn_pre: 1.5703 (1.5703)  loss_bbox_dn_pre: 0.2316 (0.2316)  loss_giou_dn_pre: 0.3387 (0.3387)  time: 0.5418  data: 0.3688  max mem: 3583
Epoch: [110]  [7/8]  eta: 0:00:00  lr: 0.000005  loss: 30.1062 (30.4847)  loss_mal: 0.9614 (0.9717)  loss_bbox: 0.0752 (0.0806)  loss_giou: 0.1070 (0.1218)  loss_fgl: 0.7786 (0.8083)  loss_mal_aux_0: 3.3145 (3.2942)  loss_bbox_aux_0: 0.1098 (0.1059)  loss_giou_aux_0: 0.1514 (0.1659)  loss_fgl_aux_0: 0.9417 (0.9605)  loss_ddf_aux_0: 0.1689 (0.1760)  loss_mal_aux_1: 1.5430 (1.5812)  loss_bbox_aux_1: 0.0829 (0.0842)  loss_giou_aux_1: 0.1151 (0.1266)  loss_fgl_aux_1: 0.8164 (0.8315)  loss_ddf_aux_1: 0.0230 (0.0231)  loss_mal_aux_2: 1.0605 (1.0899)  loss_bbox_aux_2: 0.0752 (0.0804)  loss_giou_aux_2: 0.1061 (0.1214)  loss_fgl_aux_2: 0.7777 (0.8087)  loss_ddf_aux_2: 0.0019 (0.0021)  loss_mal_pre: 2.6738 (2.6577)  loss_bbox_pre: 0.1063 (0.1045)  loss_giou_pre: 0.1533 (0.1622)  loss_mal_enc_0: 2.6289 (2.5750)  loss_bbox_enc_0: 0.4078 (0.4170)  loss_giou_enc_0: 0.5257 (0.5612)  loss_mal_dn_0: 1.4805 (1.4703)  loss_bbox_dn_0: 0.2029 (0.2122)  loss_giou_dn_0: 0.2969 (0.3011)  loss_fgl_dn_0: 1.1748 (1.1929)  loss_ddf_dn_0: 0.9346 (0.9577)  loss_mal_dn_1: 0.9941 (0.9959)  loss_bbox_dn_1: 0.0999 (0.1042)  loss_giou_dn_1: 0.1452 (0.1526)  loss_fgl_dn_1: 0.8479 (0.8717)  loss_ddf_dn_1: 0.1120 (0.1252)  loss_mal_dn_2: 1.0117 (1.0142)  loss_bbox_dn_2: 0.0830 (0.0882)  loss_giou_dn_2: 0.1303 (0.1325)  loss_fgl_dn_2: 0.8011 (0.8152)  loss_ddf_dn_2: 0.0073 (0.0077)  loss_mal_dn_3: 0.9146 (0.9272)  loss_bbox_dn_3: 0.0811 (0.0861)  loss_giou_dn_3: 0.1286 (0.1309)  loss_fgl_dn_3: 0.8004 (0.8144)  loss_mal_dn_pre: 1.6738 (1.6564)  loss_bbox_dn_pre: 0.2011 (0.2167)  loss_giou_dn_pre: 0.2929 (0.2999)  time: 0.1934  data: 0.0491  max mem: 3583
Epoch: [110] Total time: 0:00:01 (0.2060 s / it)
Averaged stats: lr: 0.000005  loss: 30.1062 (30.4847)  loss_mal: 0.9614 (0.9717)  loss_bbox: 0.0752 (0.0806)  loss_giou: 0.1070 (0.1218)  loss_fgl: 0.7786 (0.8083)  loss_mal_aux_0: 3.3145 (3.2942)  loss_bbox_aux_0: 0.1098 (0.1059)  loss_giou_aux_0: 0.1514 (0.1659)  loss_fgl_aux_0: 0.9417 (0.9605)  loss_ddf_aux_0: 0.1689 (0.1760)  loss_mal_aux_1: 1.5430 (1.5812)  loss_bbox_aux_1: 0.0829 (0.0842)  loss_giou_aux_1: 0.1151 (0.1266)  loss_fgl_aux_1: 0.8164 (0.8315)  loss_ddf_aux_1: 0.0230 (0.0231)  loss_mal_aux_2: 1.0605 (1.0899)  loss_bbox_aux_2: 0.0752 (0.0804)  loss_giou_aux_2: 0.1061 (0.1214)  loss_fgl_aux_2: 0.7777 (0.8087)  loss_ddf_aux_2: 0.0019 (0.0021)  loss_mal_pre: 2.6738 (2.6577)  loss_bbox_pre: 0.1063 (0.1045)  loss_giou_pre: 0.1533 (0.1622)  loss_mal_enc_0: 2.6289 (2.5750)  loss_bbox_enc_0: 0.4078 (0.4170)  loss_giou_enc_0: 0.5257 (0.5612)  loss_mal_dn_0: 1.4805 (1.4703)  loss_bbox_dn_0: 0.2029 (0.2122)  loss_giou_dn_0: 0.2969 (0.3011)  loss_fgl_dn_0: 1.1748 (1.1929)  loss_ddf_dn_0: 0.9346 (0.9577)  loss_mal_dn_1: 0.9941 (0.9959)  loss_bbox_dn_1: 0.0999 (0.1042)  loss_giou_dn_1: 0.1452 (0.1526)  loss_fgl_dn_1: 0.8479 (0.8717)  loss_ddf_dn_1: 0.1120 (0.1252)  loss_mal_dn_2: 1.0117 (1.0142)  loss_bbox_dn_2: 0.0830 (0.0882)  loss_giou_dn_2: 0.1303 (0.1325)  loss_fgl_dn_2: 0.8011 (0.8152)  loss_ddf_dn_2: 0.0073 (0.0077)  loss_mal_dn_3: 0.9146 (0.9272)  loss_bbox_dn_3: 0.0811 (0.0861)  loss_giou_dn_3: 0.1286 (0.1309)  loss_fgl_dn_3: 0.8004 (0.8144)  loss_mal_dn_pre: 1.6738 (1.6564)  loss_bbox_dn_pre: 0.2011 (0.2167)  loss_giou_dn_pre: 0.2929 (0.2999)
Test:  [0/4]  eta: 0:00:01    time: 0.3728  data: 0.3332  max mem: 3583
Test:  [3/4]  eta: 0:00:00    time: 0.1178  data: 0.0854  max mem: 3583
Test: Total time: 0:00:00 (0.1414 s / it)
Averaged stats: 
Accumulating evaluation results...
COCOeval_opt.accumulate() finished...
DONE (t=0.00s).
IoU metric: bbox
 Average Precision  (AP) @[ IoU=0.50:0.95 | area=   all | maxDets=100 ] = 0.817
 Average Precision  (AP) @[ IoU=0.50      | area=   all | maxDets=100 ] = 0.973
 Average Precision  (AP) @[ IoU=0.75      | area=   all | maxDets=100 ] = 0.835
 Average Precision  (AP) @[ IoU=0.50:0.95 | area= small | maxDets=100 ] = -1.000
 Average Precision  (AP) @[ IoU=0.50:0.95 | area=medium | maxDets=100 ] = -1.000
 Average Precision  (AP) @[ IoU=0.50:0.95 | area= large | maxDets=100 ] = 0.817
 Average Recall     (AR) @[ IoU=0.50:0.95 | area=   all | maxDets=  1 ] = 0.763
 Average Recall     (AR) @[ IoU=0.50:0.95 | area=   all | maxDets= 10 ] = 0.900
 Average Recall     (AR) @[ IoU=0.50:0.95 | area=   all | maxDets=100 ] = 0.927
 Average Recall     (AR) @[ IoU=0.50:0.95 | area= small | maxDets=100 ] = -1.000
 Average Recall     (AR) @[ IoU=0.50:0.95 | area=medium | maxDets=100 ] = -1.000
 Average Recall     (AR) @[ IoU=0.50:0.95 | area= large | maxDets=100 ] = 0.927
 Average Recall     (AR) @[ IoU=0.50      | area=   all | maxDets=100 ] = 1.000
 Average Recall     (AR) @[ IoU=0.75      | area=   all | maxDets=100 ] = 0.967
best_stat: {'epoch': 105, 'coco_eval_bbox': 0.8561741793623753}
Load last_epoch
Load model.state_dict
Load criterion.state_dict
Load postprocessor.state_dict
Load ema.state_dict
Load scaler.state_dict
Load optimizer.state_dict
Load lr_warmup_scheduler.state_dict
Refresh EMA at epoch 110 with decay 0.9994000000000001
Epoch: [111]  [0/8]  eta: 0:00:03  lr: 0.000005  loss: 32.6266 (32.6266)  loss_mal: 1.1777 (1.1777)  loss_bbox: 0.0699 (0.0699)  loss_giou: 0.0961 (0.0961)  loss_fgl: 0.7574 (0.7574)  loss_mal_aux_0: 4.1445 (4.1445)  loss_bbox_aux_0: 0.1015 (0.1015)  loss_giou_aux_0: 0.1383 (0.1383)  loss_fgl_aux_0: 0.9160 (0.9160)  loss_ddf_aux_0: 0.1988 (0.1988)  loss_mal_aux_1: 1.7500 (1.7500)  loss_bbox_aux_1: 0.0781 (0.0781)  loss_giou_aux_1: 0.1071 (0.1071)  loss_fgl_aux_1: 0.7977 (0.7977)  loss_ddf_aux_1: 0.0263 (0.0263)  loss_mal_aux_2: 1.2861 (1.2861)  loss_bbox_aux_2: 0.0692 (0.0692)  loss_giou_aux_2: 0.0953 (0.0953)  loss_fgl_aux_2: 0.7602 (0.7602)  loss_ddf_aux_2: 0.0022 (0.0022)  loss_mal_pre: 3.0234 (3.0234)  loss_bbox_pre: 0.1084 (0.1084)  loss_giou_pre: 0.1428 (0.1428)  loss_mal_enc_0: 2.7031 (2.7031)  loss_bbox_enc_0: 0.3828 (0.3828)  loss_giou_enc_0: 0.5294 (0.5294)  loss_mal_dn_0: 1.5391 (1.5391)  loss_bbox_dn_0: 0.2512 (0.2512)  loss_giou_dn_0: 0.3045 (0.3045)  loss_fgl_dn_0: 1.1623 (1.1623)  loss_ddf_dn_0: 1.2602 (1.2602)  loss_mal_dn_1: 1.0215 (1.0215)  loss_bbox_dn_1: 0.1122 (0.1122)  loss_giou_dn_1: 0.1403 (0.1403)  loss_fgl_dn_1: 0.8565 (0.8565)  loss_ddf_dn_1: 0.2249 (0.2249)  loss_mal_dn_2: 1.0303 (1.0303)  loss_bbox_dn_2: 0.0844 (0.0844)  loss_giou_dn_2: 0.1177 (0.1177)  loss_fgl_dn_2: 0.7965 (0.7965)  loss_ddf_dn_2: 0.0134 (0.0134)  loss_mal_dn_3: 0.9492 (0.9492)  loss_bbox_dn_3: 0.0831 (0.0831)  loss_giou_dn_3: 0.1147 (0.1147)  loss_fgl_dn_3: 0.7960 (0.7960)  loss_mal_dn_pre: 1.7227 (1.7227)  loss_bbox_dn_pre: 0.2725 (0.2725)  loss_giou_dn_pre: 0.3111 (0.3111)  time: 0.4990  data: 0.3384  max mem: 3583
Epoch: [111]  [7/8]  eta: 0:00:00  lr: 0.000005  loss: 30.9340 (31.3925)  loss_mal: 1.0684 (1.0944)  loss_bbox: 0.0749 (0.0785)  loss_giou: 0.0961 (0.1133)  loss_fgl: 0.7574 (0.7800)  loss_mal_aux_0: 3.6660 (3.7063)  loss_bbox_aux_0: 0.1015 (0.1039)  loss_giou_aux_0: 0.1332 (0.1491)  loss_fgl_aux_0: 0.8933 (0.9138)  loss_ddf_aux_0: 0.1590 (0.1678)  loss_mal_aux_1: 1.5332 (1.5767)  loss_bbox_aux_1: 0.0863 (0.0842)  loss_giou_aux_1: 0.1071 (0.1199)  loss_fgl_aux_1: 0.7977 (0.8073)  loss_ddf_aux_1: 0.0200 (0.0227)  loss_mal_aux_2: 1.1426 (1.1713)  loss_bbox_aux_2: 0.0752 (0.0785)  loss_giou_aux_2: 0.0953 (0.1133)  loss_fgl_aux_2: 0.7602 (0.7816)  loss_ddf_aux_2: 0.0016 (0.0020)  loss_mal_pre: 2.8555 (2.8586)  loss_bbox_pre: 0.1051 (0.1072)  loss_giou_pre: 0.1366 (0.1527)  loss_mal_enc_0: 2.6914 (2.6726)  loss_bbox_enc_0: 0.3828 (0.4030)  loss_giou_enc_0: 0.5294 (0.5339)  loss_mal_dn_0: 1.5127 (1.5111)  loss_bbox_dn_0: 0.2121 (0.2296)  loss_giou_dn_0: 0.3003 (0.3007)  loss_fgl_dn_0: 1.1775 (1.1793)  loss_ddf_dn_0: 0.9764 (1.0389)  loss_mal_dn_1: 1.0264 (1.0358)  loss_bbox_dn_1: 0.1057 (0.1065)  loss_giou_dn_1: 0.1403 (0.1434)  loss_fgl_dn_1: 0.8653 (0.8546)  loss_ddf_dn_1: 0.1364 (0.1574)  loss_mal_dn_2: 1.0303 (1.0298)  loss_bbox_dn_2: 0.0844 (0.0850)  loss_giou_dn_2: 0.1177 (0.1212)  loss_fgl_dn_2: 0.7907 (0.7936)  loss_ddf_dn_2: 0.0083 (0.0096)  loss_mal_dn_3: 0.9570 (0.9687)  loss_bbox_dn_3: 0.0831 (0.0832)  loss_giou_dn_3: 0.1147 (0.1193)  loss_fgl_dn_3: 0.7879 (0.7919)  loss_mal_dn_pre: 1.6816 (1.6962)  loss_bbox_dn_pre: 0.2251 (0.2410)  loss_giou_dn_pre: 0.3069 (0.3033)  time: 0.1796  data: 0.0447  max mem: 3583
Epoch: [111] Total time: 0:00:01 (0.1935 s / it)
Averaged stats: lr: 0.000005  loss: 30.9340 (31.3925)  loss_mal: 1.0684 (1.0944)  loss_bbox: 0.0749 (0.0785)  loss_giou: 0.0961 (0.1133)  loss_fgl: 0.7574 (0.7800)  loss_mal_aux_0: 3.6660 (3.7063)  loss_bbox_aux_0: 0.1015 (0.1039)  loss_giou_aux_0: 0.1332 (0.1491)  loss_fgl_aux_0: 0.8933 (0.9138)  loss_ddf_aux_0: 0.1590 (0.1678)  loss_mal_aux_1: 1.5332 (1.5767)  loss_bbox_aux_1: 0.0863 (0.0842)  loss_giou_aux_1: 0.1071 (0.1199)  loss_fgl_aux_1: 0.7977 (0.8073)  loss_ddf_aux_1: 0.0200 (0.0227)  loss_mal_aux_2: 1.1426 (1.1713)  loss_bbox_aux_2: 0.0752 (0.0785)  loss_giou_aux_2: 0.0953 (0.1133)  loss_fgl_aux_2: 0.7602 (0.7816)  loss_ddf_aux_2: 0.0016 (0.0020)  loss_mal_pre: 2.8555 (2.8586)  loss_bbox_pre: 0.1051 (0.1072)  loss_giou_pre: 0.1366 (0.1527)  loss_mal_enc_0: 2.6914 (2.6726)  loss_bbox_enc_0: 0.3828 (0.4030)  loss_giou_enc_0: 0.5294 (0.5339)  loss_mal_dn_0: 1.5127 (1.5111)  loss_bbox_dn_0: 0.2121 (0.2296)  loss_giou_dn_0: 0.3003 (0.3007)  loss_fgl_dn_0: 1.1775 (1.1793)  loss_ddf_dn_0: 0.9764 (1.0389)  loss_mal_dn_1: 1.0264 (1.0358)  loss_bbox_dn_1: 0.1057 (0.1065)  loss_giou_dn_1: 0.1403 (0.1434)  loss_fgl_dn_1: 0.8653 (0.8546)  loss_ddf_dn_1: 0.1364 (0.1574)  loss_mal_dn_2: 1.0303 (1.0298)  loss_bbox_dn_2: 0.0844 (0.0850)  loss_giou_dn_2: 0.1177 (0.1212)  loss_fgl_dn_2: 0.7907 (0.7936)  loss_ddf_dn_2: 0.0083 (0.0096)  loss_mal_dn_3: 0.9570 (0.9687)  loss_bbox_dn_3: 0.0831 (0.0832)  loss_giou_dn_3: 0.1147 (0.1193)  loss_fgl_dn_3: 0.7879 (0.7919)  loss_mal_dn_pre: 1.6816 (1.6962)  loss_bbox_dn_pre: 0.2251 (0.2410)  loss_giou_dn_pre: 0.3069 (0.3033)
Test:  [0/4]  eta: 0:00:01    time: 0.4027  data: 0.3626  max mem: 3583
Test:  [3/4]  eta: 0:00:00    time: 0.1259  data: 0.0928  max mem: 3583
Test: Total time: 0:00:00 (0.1445 s / it)
Averaged stats: 
Accumulating evaluation results...
COCOeval_opt.accumulate() finished...
DONE (t=0.00s).
IoU metric: bbox
 Average Precision  (AP) @[ IoU=0.50:0.95 | area=   all | maxDets=100 ] = 0.802
 Average Precision  (AP) @[ IoU=0.50      | area=   all | maxDets=100 ] = 0.957
 Average Precision  (AP) @[ IoU=0.75      | area=   all | maxDets=100 ] = 0.815
 Average Precision  (AP) @[ IoU=0.50:0.95 | area= small | maxDets=100 ] = -1.000
 Average Precision  (AP) @[ IoU=0.50:0.95 | area=medium | maxDets=100 ] = -1.000
 Average Precision  (AP) @[ IoU=0.50:0.95 | area= large | maxDets=100 ] = 0.803
 Average Recall     (AR) @[ IoU=0.50:0.95 | area=   all | maxDets=  1 ] = 0.767
 Average Recall     (AR) @[ IoU=0.50:0.95 | area=   all | maxDets= 10 ] = 0.900
 Average Recall     (AR) @[ IoU=0.50:0.95 | area=   all | maxDets=100 ] = 0.910
 Average Recall     (AR) @[ IoU=0.50:0.95 | area= small | maxDets=100 ] = -1.000
 Average Recall     (AR) @[ IoU=0.50:0.95 | area=medium | maxDets=100 ] = -1.000
 Average Recall     (AR) @[ IoU=0.50:0.95 | area= large | maxDets=100 ] = 0.910
 Average Recall     (AR) @[ IoU=0.50      | area=   all | maxDets=100 ] = 1.000
 Average Recall     (AR) @[ IoU=0.75      | area=   all | maxDets=100 ] = 0.967
best_stat: {'epoch': 105, 'coco_eval_bbox': 0.8561741793623753}
Epoch: [112]  [0/8]  eta: 0:00:04  lr: 0.000005  loss: 31.5280 (31.5280)  loss_mal: 0.9287 (0.9287)  loss_bbox: 0.0853 (0.0853)  loss_giou: 0.1266 (0.1266)  loss_fgl: 0.8610 (0.8610)  loss_mal_aux_0: 3.5723 (3.5723)  loss_bbox_aux_0: 0.1026 (0.1026)  loss_giou_aux_0: 0.1682 (0.1682)  loss_fgl_aux_0: 0.9683 (0.9683)  loss_ddf_aux_0: 0.1130 (0.1130)  loss_mal_aux_1: 1.5137 (1.5137)  loss_bbox_aux_1: 0.0947 (0.0947)  loss_giou_aux_1: 0.1429 (0.1429)  loss_fgl_aux_1: 0.9018 (0.9018)  loss_ddf_aux_1: 0.0181 (0.0181)  loss_mal_aux_2: 0.9980 (0.9980)  loss_bbox_aux_2: 0.0856 (0.0856)  loss_giou_aux_2: 0.1269 (0.1269)  loss_fgl_aux_2: 0.8610 (0.8610)  loss_ddf_aux_2: 0.0018 (0.0018)  loss_mal_pre: 2.7656 (2.7656)  loss_bbox_pre: 0.1013 (0.1013)  loss_giou_pre: 0.1692 (0.1692)  loss_mal_enc_0: 2.6543 (2.6543)  loss_bbox_enc_0: 0.4953 (0.4953)  loss_giou_enc_0: 0.6069 (0.6069)  loss_mal_dn_0: 1.5029 (1.5029)  loss_bbox_dn_0: 0.2387 (0.2387)  loss_giou_dn_0: 0.3155 (0.3155)  loss_fgl_dn_0: 1.2167 (1.2167)  loss_ddf_dn_0: 0.9297 (0.9297)  loss_mal_dn_1: 1.0156 (1.0156)  loss_bbox_dn_1: 0.1238 (0.1238)  loss_giou_dn_1: 0.1654 (0.1654)  loss_fgl_dn_1: 0.9327 (0.9327)  loss_ddf_dn_1: 0.1542 (0.1542)  loss_mal_dn_2: 1.0205 (1.0205)  loss_bbox_dn_2: 0.1017 (0.1017)  loss_giou_dn_2: 0.1397 (0.1397)  loss_fgl_dn_2: 0.8763 (0.8763)  loss_ddf_dn_2: 0.0105 (0.0105)  loss_mal_dn_3: 0.9551 (0.9551)  loss_bbox_dn_3: 0.1002 (0.1002)  loss_giou_dn_3: 0.1397 (0.1397)  loss_fgl_dn_3: 0.8763 (0.8763)  loss_mal_dn_pre: 1.6816 (1.6816)  loss_bbox_dn_pre: 0.2510 (0.2510)  loss_giou_dn_pre: 0.3172 (0.3172)  time: 0.5286  data: 0.3707  max mem: 3583
Epoch: [112]  [7/8]  eta: 0:00:00  lr: 0.000005  loss: 29.9109 (30.2791)  loss_mal: 0.9199 (0.9360)  loss_bbox: 0.0684 (0.0737)  loss_giou: 0.1086 (0.1134)  loss_fgl: 0.7512 (0.7740)  loss_mal_aux_0: 3.3789 (3.4011)  loss_bbox_aux_0: 0.1015 (0.0978)  loss_giou_aux_0: 0.1448 (0.1525)  loss_fgl_aux_0: 0.9130 (0.9259)  loss_ddf_aux_0: 0.1271 (0.1390)  loss_mal_aux_1: 1.4561 (1.5165)  loss_bbox_aux_1: 0.0710 (0.0777)  loss_giou_aux_1: 0.1110 (0.1188)  loss_fgl_aux_1: 0.7917 (0.8071)  loss_ddf_aux_1: 0.0200 (0.0204)  loss_mal_aux_2: 1.0078 (1.0317)  loss_bbox_aux_2: 0.0691 (0.0738)  loss_giou_aux_2: 0.1082 (0.1130)  loss_fgl_aux_2: 0.7524 (0.7747)  loss_ddf_aux_2: 0.0019 (0.0019)  loss_mal_pre: 2.7148 (2.7048)  loss_bbox_pre: 0.1013 (0.0981)  loss_giou_pre: 0.1488 (0.1528)  loss_mal_enc_0: 2.6250 (2.6489)  loss_bbox_enc_0: 0.4352 (0.4138)  loss_giou_enc_0: 0.5318 (0.5341)  loss_mal_dn_0: 1.4785 (1.4856)  loss_bbox_dn_0: 0.2208 (0.2235)  loss_giou_dn_0: 0.2968 (0.3038)  loss_fgl_dn_0: 1.1762 (1.1831)  loss_ddf_dn_0: 0.8815 (0.9794)  loss_mal_dn_1: 1.0156 (1.0100)  loss_bbox_dn_1: 0.1050 (0.1050)  loss_giou_dn_1: 0.1433 (0.1480)  loss_fgl_dn_1: 0.8401 (0.8554)  loss_ddf_dn_1: 0.1212 (0.1405)  loss_mal_dn_2: 1.0078 (1.0135)  loss_bbox_dn_2: 0.0864 (0.0851)  loss_giou_dn_2: 0.1275 (0.1256)  loss_fgl_dn_2: 0.7838 (0.7901)  loss_ddf_dn_2: 0.0076 (0.0078)  loss_mal_dn_3: 0.9038 (0.9208)  loss_bbox_dn_3: 0.0837 (0.0823)  loss_giou_dn_3: 0.1239 (0.1239)  loss_fgl_dn_3: 0.7800 (0.7886)  loss_mal_dn_pre: 1.6621 (1.6703)  loss_bbox_dn_pre: 0.2279 (0.2325)  loss_giou_dn_pre: 0.2975 (0.3029)  time: 0.1773  data: 0.0492  max mem: 3583
Epoch: [112] Total time: 0:00:01 (0.1878 s / it)
Averaged stats: lr: 0.000005  loss: 29.9109 (30.2791)  loss_mal: 0.9199 (0.9360)  loss_bbox: 0.0684 (0.0737)  loss_giou: 0.1086 (0.1134)  loss_fgl: 0.7512 (0.7740)  loss_mal_aux_0: 3.3789 (3.4011)  loss_bbox_aux_0: 0.1015 (0.0978)  loss_giou_aux_0: 0.1448 (0.1525)  loss_fgl_aux_0: 0.9130 (0.9259)  loss_ddf_aux_0: 0.1271 (0.1390)  loss_mal_aux_1: 1.4561 (1.5165)  loss_bbox_aux_1: 0.0710 (0.0777)  loss_giou_aux_1: 0.1110 (0.1188)  loss_fgl_aux_1: 0.7917 (0.8071)  loss_ddf_aux_1: 0.0200 (0.0204)  loss_mal_aux_2: 1.0078 (1.0317)  loss_bbox_aux_2: 0.0691 (0.0738)  loss_giou_aux_2: 0.1082 (0.1130)  loss_fgl_aux_2: 0.7524 (0.7747)  loss_ddf_aux_2: 0.0019 (0.0019)  loss_mal_pre: 2.7148 (2.7048)  loss_bbox_pre: 0.1013 (0.0981)  loss_giou_pre: 0.1488 (0.1528)  loss_mal_enc_0: 2.6250 (2.6489)  loss_bbox_enc_0: 0.4352 (0.4138)  loss_giou_enc_0: 0.5318 (0.5341)  loss_mal_dn_0: 1.4785 (1.4856)  loss_bbox_dn_0: 0.2208 (0.2235)  loss_giou_dn_0: 0.2968 (0.3038)  loss_fgl_dn_0: 1.1762 (1.1831)  loss_ddf_dn_0: 0.8815 (0.9794)  loss_mal_dn_1: 1.0156 (1.0100)  loss_bbox_dn_1: 0.1050 (0.1050)  loss_giou_dn_1: 0.1433 (0.1480)  loss_fgl_dn_1: 0.8401 (0.8554)  loss_ddf_dn_1: 0.1212 (0.1405)  loss_mal_dn_2: 1.0078 (1.0135)  loss_bbox_dn_2: 0.0864 (0.0851)  loss_giou_dn_2: 0.1275 (0.1256)  loss_fgl_dn_2: 0.7838 (0.7901)  loss_ddf_dn_2: 0.0076 (0.0078)  loss_mal_dn_3: 0.9038 (0.9208)  loss_bbox_dn_3: 0.0837 (0.0823)  loss_giou_dn_3: 0.1239 (0.1239)  loss_fgl_dn_3: 0.7800 (0.7886)  loss_mal_dn_pre: 1.6621 (1.6703)  loss_bbox_dn_pre: 0.2279 (0.2325)  loss_giou_dn_pre: 0.2975 (0.3029)
Test:  [0/4]  eta: 0:00:01    time: 0.4066  data: 0.3669  max mem: 3583
Test:  [3/4]  eta: 0:00:00    time: 0.1325  data: 0.0937  max mem: 3583
Test: Total time: 0:00:00 (0.1543 s / it)
Averaged stats: 
Accumulating evaluation results...
COCOeval_opt.accumulate() finished...
DONE (t=0.00s).
IoU metric: bbox
 Average Precision  (AP) @[ IoU=0.50:0.95 | area=   all | maxDets=100 ] = 0.826
 Average Precision  (AP) @[ IoU=0.50      | area=   all | maxDets=100 ] = 0.986
 Average Precision  (AP) @[ IoU=0.75      | area=   all | maxDets=100 ] = 0.856
 Average Precision  (AP) @[ IoU=0.50:0.95 | area= small | maxDets=100 ] = -1.000
 Average Precision  (AP) @[ IoU=0.50:0.95 | area=medium | maxDets=100 ] = -1.000
 Average Precision  (AP) @[ IoU=0.50:0.95 | area= large | maxDets=100 ] = 0.826
 Average Recall     (AR) @[ IoU=0.50:0.95 | area=   all | maxDets=  1 ] = 0.760
 Average Recall     (AR) @[ IoU=0.50:0.95 | area=   all | maxDets= 10 ] = 0.893
 Average Recall     (AR) @[ IoU=0.50:0.95 | area=   all | maxDets=100 ] = 0.920
 Average Recall     (AR) @[ IoU=0.50:0.95 | area= small | maxDets=100 ] = -1.000
 Average Recall     (AR) @[ IoU=0.50:0.95 | area=medium | maxDets=100 ] = -1.000
 Average Recall     (AR) @[ IoU=0.50:0.95 | area= large | maxDets=100 ] = 0.920
 Average Recall     (AR) @[ IoU=0.50      | area=   all | maxDets=100 ] = 1.000
 Average Recall     (AR) @[ IoU=0.75      | area=   all | maxDets=100 ] = 0.967
best_stat: {'epoch': 105, 'coco_eval_bbox': 0.8561741793623753}
Epoch: [113]  [0/8]  eta: 0:00:04  lr: 0.000005  loss: 28.9426 (28.9426)  loss_mal: 0.8687 (0.8687)  loss_bbox: 0.0634 (0.0634)  loss_giou: 0.1100 (0.1100)  loss_fgl: 0.7317 (0.7317)  loss_mal_aux_0: 3.2617 (3.2617)  loss_bbox_aux_0: 0.0823 (0.0823)  loss_giou_aux_0: 0.1413 (0.1413)  loss_fgl_aux_0: 0.8633 (0.8633)  loss_ddf_aux_0: 0.1497 (0.1497)  loss_mal_aux_1: 1.4785 (1.4785)  loss_bbox_aux_1: 0.0662 (0.0662)  loss_giou_aux_1: 0.1117 (0.1117)  loss_fgl_aux_1: 0.7554 (0.7554)  loss_ddf_aux_1: 0.0194 (0.0194)  loss_mal_aux_2: 0.9434 (0.9434)  loss_bbox_aux_2: 0.0639 (0.0639)  loss_giou_aux_2: 0.1101 (0.1101)  loss_fgl_aux_2: 0.7336 (0.7336)  loss_ddf_aux_2: 0.0020 (0.0020)  loss_mal_pre: 2.6484 (2.6484)  loss_bbox_pre: 0.0851 (0.0851)  loss_giou_pre: 0.1456 (0.1456)  loss_mal_enc_0: 2.5664 (2.5664)  loss_bbox_enc_0: 0.4505 (0.4505)  loss_giou_enc_0: 0.5986 (0.5986)  loss_mal_dn_0: 1.5059 (1.5059)  loss_bbox_dn_0: 0.1675 (0.1675)  loss_giou_dn_0: 0.2584 (0.2584)  loss_fgl_dn_0: 1.1064 (1.1064)  loss_ddf_dn_0: 0.8354 (0.8354)  loss_mal_dn_1: 0.9443 (0.9443)  loss_bbox_dn_1: 0.0876 (0.0876)  loss_giou_dn_1: 0.1413 (0.1413)  loss_fgl_dn_1: 0.8187 (0.8187)  loss_ddf_dn_1: 0.0961 (0.0961)  loss_mal_dn_2: 0.9780 (0.9780)  loss_bbox_dn_2: 0.0738 (0.0738)  loss_giou_dn_2: 0.1240 (0.1240)  loss_fgl_dn_2: 0.7716 (0.7716)  loss_ddf_dn_2: 0.0058 (0.0058)  loss_mal_dn_3: 0.8794 (0.8794)  loss_bbox_dn_3: 0.0723 (0.0723)  loss_giou_dn_3: 0.1221 (0.1221)  loss_fgl_dn_3: 0.7688 (0.7688)  loss_mal_dn_pre: 1.6992 (1.6992)  loss_bbox_dn_pre: 0.1735 (0.1735)  loss_giou_dn_pre: 0.2615 (0.2615)  time: 0.5426  data: 0.3793  max mem: 3583
Epoch: [113]  [7/8]  eta: 0:00:00  lr: 0.000005  loss: 28.9426 (29.0173)  loss_mal: 0.8892 (0.9102)  loss_bbox: 0.0616 (0.0642)  loss_giou: 0.0875 (0.0977)  loss_fgl: 0.7008 (0.7199)  loss_mal_aux_0: 3.2461 (3.2266)  loss_bbox_aux_0: 0.0831 (0.0848)  loss_giou_aux_0: 0.1268 (0.1313)  loss_fgl_aux_0: 0.8442 (0.8651)  loss_ddf_aux_0: 0.1497 (0.1650)  loss_mal_aux_1: 1.2715 (1.3291)  loss_bbox_aux_1: 0.0662 (0.0673)  loss_giou_aux_1: 0.0973 (0.1037)  loss_fgl_aux_1: 0.7416 (0.7524)  loss_ddf_aux_1: 0.0257 (0.0241)  loss_mal_aux_2: 1.0088 (1.0175)  loss_bbox_aux_2: 0.0621 (0.0644)  loss_giou_aux_2: 0.0874 (0.0977)  loss_fgl_aux_2: 0.7017 (0.7226)  loss_ddf_aux_2: 0.0020 (0.0020)  loss_mal_pre: 2.6484 (2.6707)  loss_bbox_pre: 0.0851 (0.0871)  loss_giou_pre: 0.1239 (0.1327)  loss_mal_enc_0: 2.6445 (2.6414)  loss_bbox_enc_0: 0.4109 (0.4189)  loss_giou_enc_0: 0.5191 (0.5244)  loss_mal_dn_0: 1.5117 (1.4988)  loss_bbox_dn_0: 0.2064 (0.2037)  loss_giou_dn_0: 0.2666 (0.2743)  loss_fgl_dn_0: 1.1323 (1.1462)  loss_ddf_dn_0: 0.8760 (0.9363)  loss_mal_dn_1: 0.9868 (0.9812)  loss_bbox_dn_1: 0.0876 (0.0899)  loss_giou_dn_1: 0.1222 (0.1282)  loss_fgl_dn_1: 0.7857 (0.8051)  loss_ddf_dn_1: 0.1029 (0.1164)  loss_mal_dn_2: 0.9927 (0.9964)  loss_bbox_dn_2: 0.0712 (0.0734)  loss_giou_dn_2: 0.0954 (0.1089)  loss_fgl_dn_2: 0.7150 (0.7454)  loss_ddf_dn_2: 0.0062 (0.0062)  loss_mal_dn_3: 0.8823 (0.8939)  loss_bbox_dn_3: 0.0691 (0.0712)  loss_giou_dn_3: 0.0931 (0.1068)  loss_fgl_dn_3: 0.7115 (0.7433)  loss_mal_dn_pre: 1.7070 (1.6888)  loss_bbox_dn_pre: 0.2079 (0.2082)  loss_giou_dn_pre: 0.2658 (0.2738)  time: 0.1843  data: 0.0502  max mem: 3583
Epoch: [113] Total time: 0:00:01 (0.1944 s / it)
Averaged stats: lr: 0.000005  loss: 28.9426 (29.0173)  loss_mal: 0.8892 (0.9102)  loss_bbox: 0.0616 (0.0642)  loss_giou: 0.0875 (0.0977)  loss_fgl: 0.7008 (0.7199)  loss_mal_aux_0: 3.2461 (3.2266)  loss_bbox_aux_0: 0.0831 (0.0848)  loss_giou_aux_0: 0.1268 (0.1313)  loss_fgl_aux_0: 0.8442 (0.8651)  loss_ddf_aux_0: 0.1497 (0.1650)  loss_mal_aux_1: 1.2715 (1.3291)  loss_bbox_aux_1: 0.0662 (0.0673)  loss_giou_aux_1: 0.0973 (0.1037)  loss_fgl_aux_1: 0.7416 (0.7524)  loss_ddf_aux_1: 0.0257 (0.0241)  loss_mal_aux_2: 1.0088 (1.0175)  loss_bbox_aux_2: 0.0621 (0.0644)  loss_giou_aux_2: 0.0874 (0.0977)  loss_fgl_aux_2: 0.7017 (0.7226)  loss_ddf_aux_2: 0.0020 (0.0020)  loss_mal_pre: 2.6484 (2.6707)  loss_bbox_pre: 0.0851 (0.0871)  loss_giou_pre: 0.1239 (0.1327)  loss_mal_enc_0: 2.6445 (2.6414)  loss_bbox_enc_0: 0.4109 (0.4189)  loss_giou_enc_0: 0.5191 (0.5244)  loss_mal_dn_0: 1.5117 (1.4988)  loss_bbox_dn_0: 0.2064 (0.2037)  loss_giou_dn_0: 0.2666 (0.2743)  loss_fgl_dn_0: 1.1323 (1.1462)  loss_ddf_dn_0: 0.8760 (0.9363)  loss_mal_dn_1: 0.9868 (0.9812)  loss_bbox_dn_1: 0.0876 (0.0899)  loss_giou_dn_1: 0.1222 (0.1282)  loss_fgl_dn_1: 0.7857 (0.8051)  loss_ddf_dn_1: 0.1029 (0.1164)  loss_mal_dn_2: 0.9927 (0.9964)  loss_bbox_dn_2: 0.0712 (0.0734)  loss_giou_dn_2: 0.0954 (0.1089)  loss_fgl_dn_2: 0.7150 (0.7454)  loss_ddf_dn_2: 0.0062 (0.0062)  loss_mal_dn_3: 0.8823 (0.8939)  loss_bbox_dn_3: 0.0691 (0.0712)  loss_giou_dn_3: 0.0931 (0.1068)  loss_fgl_dn_3: 0.7115 (0.7433)  loss_mal_dn_pre: 1.7070 (1.6888)  loss_bbox_dn_pre: 0.2079 (0.2082)  loss_giou_dn_pre: 0.2658 (0.2738)
Test:  [0/4]  eta: 0:00:01    time: 0.3731  data: 0.3331  max mem: 3583
Test:  [3/4]  eta: 0:00:00    time: 0.1182  data: 0.0853  max mem: 3583
Test: Total time: 0:00:00 (0.1417 s / it)
Averaged stats: 
Accumulating evaluation results...
COCOeval_opt.accumulate() finished...
DONE (t=0.00s).
IoU metric: bbox
 Average Precision  (AP) @[ IoU=0.50:0.95 | area=   all | maxDets=100 ] = 0.817
 Average Precision  (AP) @[ IoU=0.50      | area=   all | maxDets=100 ] = 0.953
 Average Precision  (AP) @[ IoU=0.75      | area=   all | maxDets=100 ] = 0.835
 Average Precision  (AP) @[ IoU=0.50:0.95 | area= small | maxDets=100 ] = -1.000
 Average Precision  (AP) @[ IoU=0.50:0.95 | area=medium | maxDets=100 ] = -1.000
 Average Precision  (AP) @[ IoU=0.50:0.95 | area= large | maxDets=100 ] = 0.817
 Average Recall     (AR) @[ IoU=0.50:0.95 | area=   all | maxDets=  1 ] = 0.777
 Average Recall     (AR) @[ IoU=0.50:0.95 | area=   all | maxDets= 10 ] = 0.900
 Average Recall     (AR) @[ IoU=0.50:0.95 | area=   all | maxDets=100 ] = 0.917
 Average Recall     (AR) @[ IoU=0.50:0.95 | area= small | maxDets=100 ] = -1.000
 Average Recall     (AR) @[ IoU=0.50:0.95 | area=medium | maxDets=100 ] = -1.000
 Average Recall     (AR) @[ IoU=0.50:0.95 | area= large | maxDets=100 ] = 0.917
 Average Recall     (AR) @[ IoU=0.50      | area=   all | maxDets=100 ] = 1.000
 Average Recall     (AR) @[ IoU=0.75      | area=   all | maxDets=100 ] = 0.933
best_stat: {'epoch': 105, 'coco_eval_bbox': 0.8561741793623753}
Load last_epoch
Load model.state_dict
Load criterion.state_dict
Load postprocessor.state_dict
Load ema.state_dict
Load scaler.state_dict
Load optimizer.state_dict
Load lr_warmup_scheduler.state_dict
Refresh EMA at epoch 113 with decay 0.9993000000000001
Epoch: [114]  [0/8]  eta: 0:00:04  lr: 0.000005  loss: 31.3391 (31.3391)  loss_mal: 1.1865 (1.1865)  loss_bbox: 0.0732 (0.0732)  loss_giou: 0.0802 (0.0802)  loss_fgl: 0.7053 (0.7053)  loss_mal_aux_0: 3.9023 (3.9023)  loss_bbox_aux_0: 0.0980 (0.0980)  loss_giou_aux_0: 0.1308 (0.1308)  loss_fgl_aux_0: 0.9072 (0.9072)  loss_ddf_aux_0: 0.1684 (0.1684)  loss_mal_aux_1: 1.4375 (1.4375)  loss_bbox_aux_1: 0.0861 (0.0861)  loss_giou_aux_1: 0.0972 (0.0972)  loss_fgl_aux_1: 0.7770 (0.7770)  loss_ddf_aux_1: 0.0240 (0.0240)  loss_mal_aux_2: 1.3027 (1.3027)  loss_bbox_aux_2: 0.0721 (0.0721)  loss_giou_aux_2: 0.0783 (0.0783)  loss_fgl_aux_2: 0.7044 (0.7044)  loss_ddf_aux_2: 0.0018 (0.0018)  loss_mal_pre: 2.9473 (2.9473)  loss_bbox_pre: 0.0976 (0.0976)  loss_giou_pre: 0.1329 (0.1329)  loss_mal_enc_0: 2.7754 (2.7754)  loss_bbox_enc_0: 0.4154 (0.4154)  loss_giou_enc_0: 0.5383 (0.5383)  loss_mal_dn_0: 1.5566 (1.5566)  loss_bbox_dn_0: 0.2081 (0.2081)  loss_giou_dn_0: 0.2726 (0.2726)  loss_fgl_dn_0: 1.1367 (1.1367)  loss_ddf_dn_0: 0.9970 (0.9970)  loss_mal_dn_1: 1.0938 (1.0938)  loss_bbox_dn_1: 0.0920 (0.0920)  loss_giou_dn_1: 0.1122 (0.1122)  loss_fgl_dn_1: 0.7897 (0.7897)  loss_ddf_dn_1: 0.1393 (0.1393)  loss_mal_dn_2: 1.0850 (1.0850)  loss_bbox_dn_2: 0.0800 (0.0800)  loss_giou_dn_2: 0.0929 (0.0929)  loss_fgl_dn_2: 0.7323 (0.7323)  loss_ddf_dn_2: 0.0083 (0.0083)  loss_mal_dn_3: 1.0498 (1.0498)  loss_bbox_dn_3: 0.0808 (0.0808)  loss_giou_dn_3: 0.0936 (0.0936)  loss_fgl_dn_3: 0.7341 (0.7341)  loss_mal_dn_pre: 1.7578 (1.7578)  loss_bbox_dn_pre: 0.2115 (0.2115)  loss_giou_dn_pre: 0.2751 (0.2751)  time: 0.5673  data: 0.4010  max mem: 3583
Epoch: [114]  [7/8]  eta: 0:00:00  lr: 0.000005  loss: 31.6038 (31.6255)  loss_mal: 1.0479 (1.0714)  loss_bbox: 0.0732 (0.0798)  loss_giou: 0.0963 (0.1180)  loss_fgl: 0.7274 (0.7844)  loss_mal_aux_0: 3.7949 (3.7830)  loss_bbox_aux_0: 0.1054 (0.1085)  loss_giou_aux_0: 0.1332 (0.1597)  loss_fgl_aux_0: 0.9080 (0.9401)  loss_ddf_aux_0: 0.1684 (0.1728)  loss_mal_aux_1: 1.4590 (1.4377)  loss_bbox_aux_1: 0.0858 (0.0850)  loss_giou_aux_1: 0.0972 (0.1233)  loss_fgl_aux_1: 0.7852 (0.8169)  loss_ddf_aux_1: 0.0240 (0.0236)  loss_mal_aux_2: 1.1250 (1.1752)  loss_bbox_aux_2: 0.0721 (0.0798)  loss_giou_aux_2: 0.0967 (0.1181)  loss_fgl_aux_2: 0.7289 (0.7862)  loss_ddf_aux_2: 0.0016 (0.0018)  loss_mal_pre: 2.8809 (2.8745)  loss_bbox_pre: 0.1069 (0.1109)  loss_giou_pre: 0.1384 (0.1637)  loss_mal_enc_0: 2.6133 (2.6509)  loss_bbox_enc_0: 0.4016 (0.4244)  loss_giou_enc_0: 0.5383 (0.5540)  loss_mal_dn_0: 1.4873 (1.5154)  loss_bbox_dn_0: 0.2081 (0.2352)  loss_giou_dn_0: 0.3068 (0.3057)  loss_fgl_dn_0: 1.1899 (1.1842)  loss_ddf_dn_0: 0.9787 (1.0976)  loss_mal_dn_1: 1.0352 (1.0327)  loss_bbox_dn_1: 0.0920 (0.1102)  loss_giou_dn_1: 0.1446 (0.1520)  loss_fgl_dn_1: 0.8440 (0.8698)  loss_ddf_dn_1: 0.1409 (0.1623)  loss_mal_dn_2: 1.0273 (1.0370)  loss_bbox_dn_2: 0.0800 (0.0900)  loss_giou_dn_2: 0.1159 (0.1303)  loss_fgl_dn_2: 0.7779 (0.8062)  loss_ddf_dn_2: 0.0083 (0.0095)  loss_mal_dn_3: 0.9395 (0.9669)  loss_bbox_dn_3: 0.0808 (0.0882)  loss_giou_dn_3: 0.1107 (0.1287)  loss_fgl_dn_3: 0.7770 (0.8049)  loss_mal_dn_pre: 1.6826 (1.7019)  loss_bbox_dn_pre: 0.2115 (0.2444)  loss_giou_dn_pre: 0.3028 (0.3087)  time: 0.2009  data: 0.0519  max mem: 3583
Epoch: [114] Total time: 0:00:01 (0.2097 s / it)
Averaged stats: lr: 0.000005  loss: 31.6038 (31.6255)  loss_mal: 1.0479 (1.0714)  loss_bbox: 0.0732 (0.0798)  loss_giou: 0.0963 (0.1180)  loss_fgl: 0.7274 (0.7844)  loss_mal_aux_0: 3.7949 (3.7830)  loss_bbox_aux_0: 0.1054 (0.1085)  loss_giou_aux_0: 0.1332 (0.1597)  loss_fgl_aux_0: 0.9080 (0.9401)  loss_ddf_aux_0: 0.1684 (0.1728)  loss_mal_aux_1: 1.4590 (1.4377)  loss_bbox_aux_1: 0.0858 (0.0850)  loss_giou_aux_1: 0.0972 (0.1233)  loss_fgl_aux_1: 0.7852 (0.8169)  loss_ddf_aux_1: 0.0240 (0.0236)  loss_mal_aux_2: 1.1250 (1.1752)  loss_bbox_aux_2: 0.0721 (0.0798)  loss_giou_aux_2: 0.0967 (0.1181)  loss_fgl_aux_2: 0.7289 (0.7862)  loss_ddf_aux_2: 0.0016 (0.0018)  loss_mal_pre: 2.8809 (2.8745)  loss_bbox_pre: 0.1069 (0.1109)  loss_giou_pre: 0.1384 (0.1637)  loss_mal_enc_0: 2.6133 (2.6509)  loss_bbox_enc_0: 0.4016 (0.4244)  loss_giou_enc_0: 0.5383 (0.5540)  loss_mal_dn_0: 1.4873 (1.5154)  loss_bbox_dn_0: 0.2081 (0.2352)  loss_giou_dn_0: 0.3068 (0.3057)  loss_fgl_dn_0: 1.1899 (1.1842)  loss_ddf_dn_0: 0.9787 (1.0976)  loss_mal_dn_1: 1.0352 (1.0327)  loss_bbox_dn_1: 0.0920 (0.1102)  loss_giou_dn_1: 0.1446 (0.1520)  loss_fgl_dn_1: 0.8440 (0.8698)  loss_ddf_dn_1: 0.1409 (0.1623)  loss_mal_dn_2: 1.0273 (1.0370)  loss_bbox_dn_2: 0.0800 (0.0900)  loss_giou_dn_2: 0.1159 (0.1303)  loss_fgl_dn_2: 0.7779 (0.8062)  loss_ddf_dn_2: 0.0083 (0.0095)  loss_mal_dn_3: 0.9395 (0.9669)  loss_bbox_dn_3: 0.0808 (0.0882)  loss_giou_dn_3: 0.1107 (0.1287)  loss_fgl_dn_3: 0.7770 (0.8049)  loss_mal_dn_pre: 1.6826 (1.7019)  loss_bbox_dn_pre: 0.2115 (0.2444)  loss_giou_dn_pre: 0.3028 (0.3087)
Test:  [0/4]  eta: 0:00:01    time: 0.4056  data: 0.3661  max mem: 3583
Test:  [3/4]  eta: 0:00:00    time: 0.1257  data: 0.0935  max mem: 3583
Test: Total time: 0:00:00 (0.1442 s / it)
Averaged stats: 
Accumulating evaluation results...
COCOeval_opt.accumulate() finished...
DONE (t=0.00s).
IoU metric: bbox
 Average Precision  (AP) @[ IoU=0.50:0.95 | area=   all | maxDets=100 ] = 0.775
 Average Precision  (AP) @[ IoU=0.50      | area=   all | maxDets=100 ] = 0.916
 Average Precision  (AP) @[ IoU=0.75      | area=   all | maxDets=100 ] = 0.804
 Average Precision  (AP) @[ IoU=0.50:0.95 | area= small | maxDets=100 ] = -1.000
 Average Precision  (AP) @[ IoU=0.50:0.95 | area=medium | maxDets=100 ] = -1.000
 Average Precision  (AP) @[ IoU=0.50:0.95 | area= large | maxDets=100 ] = 0.775
 Average Recall     (AR) @[ IoU=0.50:0.95 | area=   all | maxDets=  1 ] = 0.720
 Average Recall     (AR) @[ IoU=0.50:0.95 | area=   all | maxDets= 10 ] = 0.893
 Average Recall     (AR) @[ IoU=0.50:0.95 | area=   all | maxDets=100 ] = 0.917
 Average Recall     (AR) @[ IoU=0.50:0.95 | area= small | maxDets=100 ] = -1.000
 Average Recall     (AR) @[ IoU=0.50:0.95 | area=medium | maxDets=100 ] = -1.000
 Average Recall     (AR) @[ IoU=0.50:0.95 | area= large | maxDets=100 ] = 0.917
 Average Recall     (AR) @[ IoU=0.50      | area=   all | maxDets=100 ] = 1.000
 Average Recall     (AR) @[ IoU=0.75      | area=   all | maxDets=100 ] = 0.933
best_stat: {'epoch': 105, 'coco_eval_bbox': 0.8561741793623753}
Epoch: [115]  [0/8]  eta: 0:00:05  lr: 0.000005  loss: 31.5599 (31.5599)  loss_mal: 0.9526 (0.9526)  loss_bbox: 0.0913 (0.0913)  loss_giou: 0.1446 (0.1446)  loss_fgl: 0.8230 (0.8230)  loss_mal_aux_0: 3.6230 (3.6230)  loss_bbox_aux_0: 0.1187 (0.1187)  loss_giou_aux_0: 0.1896 (0.1896)  loss_fgl_aux_0: 0.9967 (0.9967)  loss_ddf_aux_0: 0.1550 (0.1550)  loss_mal_aux_1: 1.7129 (1.7129)  loss_bbox_aux_1: 0.0869 (0.0869)  loss_giou_aux_1: 0.1438 (0.1438)  loss_fgl_aux_1: 0.8293 (0.8293)  loss_ddf_aux_1: 0.0200 (0.0200)  loss_mal_aux_2: 1.0615 (1.0615)  loss_bbox_aux_2: 0.0907 (0.0907)  loss_giou_aux_2: 0.1423 (0.1423)  loss_fgl_aux_2: 0.8228 (0.8228)  loss_ddf_aux_2: 0.0021 (0.0021)  loss_mal_pre: 2.7949 (2.7949)  loss_bbox_pre: 0.1153 (0.1153)  loss_giou_pre: 0.1839 (0.1839)  loss_mal_enc_0: 2.3945 (2.3945)  loss_bbox_enc_0: 0.4790 (0.4790)  loss_giou_enc_0: 0.6552 (0.6552)  loss_mal_dn_0: 1.4834 (1.4834)  loss_bbox_dn_0: 0.2250 (0.2250)  loss_giou_dn_0: 0.3163 (0.3163)  loss_fgl_dn_0: 1.1912 (1.1912)  loss_ddf_dn_0: 0.9826 (0.9826)  loss_mal_dn_1: 0.9927 (0.9927)  loss_bbox_dn_1: 0.1183 (0.1183)  loss_giou_dn_1: 0.1761 (0.1761)  loss_fgl_dn_1: 0.8987 (0.8987)  loss_ddf_dn_1: 0.1617 (0.1617)  loss_mal_dn_2: 1.0049 (1.0049)  loss_bbox_dn_2: 0.1034 (0.1034)  loss_giou_dn_2: 0.1648 (0.1648)  loss_fgl_dn_2: 0.8567 (0.8567)  loss_ddf_dn_2: 0.0121 (0.0121)  loss_mal_dn_3: 0.9023 (0.9023)  loss_bbox_dn_3: 0.1007 (0.1007)  loss_giou_dn_3: 0.1658 (0.1658)  loss_fgl_dn_3: 0.8576 (0.8576)  loss_mal_dn_pre: 1.6680 (1.6680)  loss_bbox_dn_pre: 0.2355 (0.2355)  loss_giou_dn_pre: 0.3123 (0.3123)  time: 0.6918  data: 0.3946  max mem: 3583
Epoch: [115]  [7/8]  eta: 0:00:00  lr: 0.000005  loss: 30.2041 (30.2276)  loss_mal: 0.9785 (0.9946)  loss_bbox: 0.0756 (0.0790)  loss_giou: 0.1057 (0.1185)  loss_fgl: 0.7777 (0.7756)  loss_mal_aux_0: 3.2598 (3.3364)  loss_bbox_aux_0: 0.1000 (0.1054)  loss_giou_aux_0: 0.1435 (0.1554)  loss_fgl_aux_0: 0.9249 (0.9376)  loss_ddf_aux_0: 0.1550 (0.1709)  loss_mal_aux_1: 1.4238 (1.5021)  loss_bbox_aux_1: 0.0809 (0.0829)  loss_giou_aux_1: 0.1169 (0.1247)  loss_fgl_aux_1: 0.8149 (0.8114)  loss_ddf_aux_1: 0.0216 (0.0244)  loss_mal_aux_2: 1.0615 (1.0844)  loss_bbox_aux_2: 0.0756 (0.0789)  loss_giou_aux_2: 0.1061 (0.1180)  loss_fgl_aux_2: 0.7761 (0.7747)  loss_ddf_aux_2: 0.0021 (0.0023)  loss_mal_pre: 2.6895 (2.7007)  loss_bbox_pre: 0.1018 (0.1062)  loss_giou_pre: 0.1429 (0.1548)  loss_mal_enc_0: 2.5293 (2.5571)  loss_bbox_enc_0: 0.3971 (0.4138)  loss_giou_enc_0: 0.5173 (0.5386)  loss_mal_dn_0: 1.4834 (1.4952)  loss_bbox_dn_0: 0.2177 (0.2221)  loss_giou_dn_0: 0.2875 (0.2972)  loss_fgl_dn_0: 1.1640 (1.1683)  loss_ddf_dn_0: 0.9138 (0.9283)  loss_mal_dn_1: 0.9927 (0.9975)  loss_bbox_dn_1: 0.1037 (0.1047)  loss_giou_dn_1: 0.1433 (0.1496)  loss_fgl_dn_1: 0.8249 (0.8500)  loss_ddf_dn_1: 0.1215 (0.1247)  loss_mal_dn_2: 0.9873 (1.0057)  loss_bbox_dn_2: 0.0783 (0.0846)  loss_giou_dn_2: 0.1132 (0.1275)  loss_fgl_dn_2: 0.7541 (0.7852)  loss_ddf_dn_2: 0.0069 (0.0070)  loss_mal_dn_3: 0.9248 (0.9275)  loss_bbox_dn_3: 0.0800 (0.0832)  loss_giou_dn_3: 0.1104 (0.1271)  loss_fgl_dn_3: 0.7562 (0.7860)  loss_mal_dn_pre: 1.6680 (1.6858)  loss_bbox_dn_pre: 0.2168 (0.2276)  loss_giou_dn_pre: 0.2859 (0.2942)  time: 0.2049  data: 0.0517  max mem: 3583
Epoch: [115] Total time: 0:00:01 (0.2138 s / it)
Averaged stats: lr: 0.000005  loss: 30.2041 (30.2276)  loss_mal: 0.9785 (0.9946)  loss_bbox: 0.0756 (0.0790)  loss_giou: 0.1057 (0.1185)  loss_fgl: 0.7777 (0.7756)  loss_mal_aux_0: 3.2598 (3.3364)  loss_bbox_aux_0: 0.1000 (0.1054)  loss_giou_aux_0: 0.1435 (0.1554)  loss_fgl_aux_0: 0.9249 (0.9376)  loss_ddf_aux_0: 0.1550 (0.1709)  loss_mal_aux_1: 1.4238 (1.5021)  loss_bbox_aux_1: 0.0809 (0.0829)  loss_giou_aux_1: 0.1169 (0.1247)  loss_fgl_aux_1: 0.8149 (0.8114)  loss_ddf_aux_1: 0.0216 (0.0244)  loss_mal_aux_2: 1.0615 (1.0844)  loss_bbox_aux_2: 0.0756 (0.0789)  loss_giou_aux_2: 0.1061 (0.1180)  loss_fgl_aux_2: 0.7761 (0.7747)  loss_ddf_aux_2: 0.0021 (0.0023)  loss_mal_pre: 2.6895 (2.7007)  loss_bbox_pre: 0.1018 (0.1062)  loss_giou_pre: 0.1429 (0.1548)  loss_mal_enc_0: 2.5293 (2.5571)  loss_bbox_enc_0: 0.3971 (0.4138)  loss_giou_enc_0: 0.5173 (0.5386)  loss_mal_dn_0: 1.4834 (1.4952)  loss_bbox_dn_0: 0.2177 (0.2221)  loss_giou_dn_0: 0.2875 (0.2972)  loss_fgl_dn_0: 1.1640 (1.1683)  loss_ddf_dn_0: 0.9138 (0.9283)  loss_mal_dn_1: 0.9927 (0.9975)  loss_bbox_dn_1: 0.1037 (0.1047)  loss_giou_dn_1: 0.1433 (0.1496)  loss_fgl_dn_1: 0.8249 (0.8500)  loss_ddf_dn_1: 0.1215 (0.1247)  loss_mal_dn_2: 0.9873 (1.0057)  loss_bbox_dn_2: 0.0783 (0.0846)  loss_giou_dn_2: 0.1132 (0.1275)  loss_fgl_dn_2: 0.7541 (0.7852)  loss_ddf_dn_2: 0.0069 (0.0070)  loss_mal_dn_3: 0.9248 (0.9275)  loss_bbox_dn_3: 0.0800 (0.0832)  loss_giou_dn_3: 0.1104 (0.1271)  loss_fgl_dn_3: 0.7562 (0.7860)  loss_mal_dn_pre: 1.6680 (1.6858)  loss_bbox_dn_pre: 0.2168 (0.2276)  loss_giou_dn_pre: 0.2859 (0.2942)
Test:  [0/4]  eta: 0:00:01    time: 0.4035  data: 0.3650  max mem: 3583
Test:  [3/4]  eta: 0:00:00    time: 0.1260  data: 0.0933  max mem: 3583
Test: Total time: 0:00:00 (0.1514 s / it)
Averaged stats: 
Accumulating evaluation results...
COCOeval_opt.accumulate() finished...
DONE (t=0.00s).
IoU metric: bbox
 Average Precision  (AP) @[ IoU=0.50:0.95 | area=   all | maxDets=100 ] = 0.808
 Average Precision  (AP) @[ IoU=0.50      | area=   all | maxDets=100 ] = 0.944
 Average Precision  (AP) @[ IoU=0.75      | area=   all | maxDets=100 ] = 0.859
 Average Precision  (AP) @[ IoU=0.50:0.95 | area= small | maxDets=100 ] = -1.000
 Average Precision  (AP) @[ IoU=0.50:0.95 | area=medium | maxDets=100 ] = -1.000
 Average Precision  (AP) @[ IoU=0.50:0.95 | area= large | maxDets=100 ] = 0.808
 Average Recall     (AR) @[ IoU=0.50:0.95 | area=   all | maxDets=  1 ] = 0.767
 Average Recall     (AR) @[ IoU=0.50:0.95 | area=   all | maxDets= 10 ] = 0.900
 Average Recall     (AR) @[ IoU=0.50:0.95 | area=   all | maxDets=100 ] = 0.917
 Average Recall     (AR) @[ IoU=0.50:0.95 | area= small | maxDets=100 ] = -1.000
 Average Recall     (AR) @[ IoU=0.50:0.95 | area=medium | maxDets=100 ] = -1.000
 Average Recall     (AR) @[ IoU=0.50:0.95 | area= large | maxDets=100 ] = 0.917
 Average Recall     (AR) @[ IoU=0.50      | area=   all | maxDets=100 ] = 1.000
 Average Recall     (AR) @[ IoU=0.75      | area=   all | maxDets=100 ] = 0.933
best_stat: {'epoch': 105, 'coco_eval_bbox': 0.8561741793623753}
Epoch: [116]  [0/8]  eta: 0:00:04  lr: 0.000005  loss: 28.7625 (28.7625)  loss_mal: 0.8730 (0.8730)  loss_bbox: 0.0570 (0.0570)  loss_giou: 0.0902 (0.0902)  loss_fgl: 0.6938 (0.6938)  loss_mal_aux_0: 3.2871 (3.2871)  loss_bbox_aux_0: 0.0770 (0.0770)  loss_giou_aux_0: 0.1259 (0.1259)  loss_fgl_aux_0: 0.8717 (0.8717)  loss_ddf_aux_0: 0.2047 (0.2047)  loss_mal_aux_1: 1.2197 (1.2197)  loss_bbox_aux_1: 0.0615 (0.0615)  loss_giou_aux_1: 0.1014 (0.1014)  loss_fgl_aux_1: 0.7448 (0.7448)  loss_ddf_aux_1: 0.0269 (0.0269)  loss_mal_aux_2: 0.9478 (0.9478)  loss_bbox_aux_2: 0.0574 (0.0574)  loss_giou_aux_2: 0.0907 (0.0907)  loss_fgl_aux_2: 0.6978 (0.6978)  loss_ddf_aux_2: 0.0018 (0.0018)  loss_mal_pre: 2.6543 (2.6543)  loss_bbox_pre: 0.0756 (0.0756)  loss_giou_pre: 0.1222 (0.1222)  loss_mal_enc_0: 2.6211 (2.6211)  loss_bbox_enc_0: 0.3698 (0.3698)  loss_giou_enc_0: 0.5217 (0.5217)  loss_mal_dn_0: 1.4746 (1.4746)  loss_bbox_dn_0: 0.2213 (0.2213)  loss_giou_dn_0: 0.3001 (0.3001)  loss_fgl_dn_0: 1.1810 (1.1810)  loss_ddf_dn_0: 0.9631 (0.9631)  loss_mal_dn_1: 0.9980 (0.9980)  loss_bbox_dn_1: 0.0939 (0.0939)  loss_giou_dn_1: 0.1368 (0.1368)  loss_fgl_dn_1: 0.8132 (0.8132)  loss_ddf_dn_1: 0.1274 (0.1274)  loss_mal_dn_2: 0.9761 (0.9761)  loss_bbox_dn_2: 0.0746 (0.0746)  loss_giou_dn_2: 0.1089 (0.1089)  loss_fgl_dn_2: 0.7164 (0.7164)  loss_ddf_dn_2: 0.0052 (0.0052)  loss_mal_dn_3: 0.8911 (0.8911)  loss_bbox_dn_3: 0.0718 (0.0718)  loss_giou_dn_3: 0.1066 (0.1066)  loss_fgl_dn_3: 0.7165 (0.7165)  loss_mal_dn_pre: 1.6641 (1.6641)  loss_bbox_dn_pre: 0.2272 (0.2272)  loss_giou_dn_pre: 0.2995 (0.2995)  time: 0.5347  data: 0.3670  max mem: 3583
Epoch: [116]  [7/8]  eta: 0:00:00  lr: 0.000005  loss: 29.5380 (29.9018)  loss_mal: 0.9409 (0.9696)  loss_bbox: 0.0673 (0.0704)  loss_giou: 0.0902 (0.1125)  loss_fgl: 0.6970 (0.7797)  loss_mal_aux_0: 3.2148 (3.2183)  loss_bbox_aux_0: 0.0887 (0.0950)  loss_giou_aux_0: 0.1345 (0.1514)  loss_fgl_aux_0: 0.8856 (0.9263)  loss_ddf_aux_0: 0.1957 (0.2129)  loss_mal_aux_1: 1.4170 (1.4352)  loss_bbox_aux_1: 0.0739 (0.0753)  loss_giou_aux_1: 0.1014 (0.1222)  loss_fgl_aux_1: 0.7478 (0.8085)  loss_ddf_aux_1: 0.0277 (0.0303)  loss_mal_aux_2: 1.0254 (1.0431)  loss_bbox_aux_2: 0.0677 (0.0705)  loss_giou_aux_2: 0.0907 (0.1125)  loss_fgl_aux_2: 0.6978 (0.7816)  loss_ddf_aux_2: 0.0018 (0.0019)  loss_mal_pre: 2.6543 (2.6462)  loss_bbox_pre: 0.0915 (0.0921)  loss_giou_pre: 0.1269 (0.1485)  loss_mal_enc_0: 2.5977 (2.6106)  loss_bbox_enc_0: 0.3698 (0.4040)  loss_giou_enc_0: 0.5286 (0.5459)  loss_mal_dn_0: 1.4678 (1.4531)  loss_bbox_dn_0: 0.1980 (0.2146)  loss_giou_dn_0: 0.2953 (0.2953)  loss_fgl_dn_0: 1.1780 (1.1874)  loss_ddf_dn_0: 1.0976 (1.0615)  loss_mal_dn_1: 0.9746 (0.9768)  loss_bbox_dn_1: 0.0939 (0.0957)  loss_giou_dn_1: 0.1275 (0.1423)  loss_fgl_dn_1: 0.8132 (0.8517)  loss_ddf_dn_1: 0.1356 (0.1421)  loss_mal_dn_2: 0.9858 (0.9899)  loss_bbox_dn_2: 0.0746 (0.0783)  loss_giou_dn_2: 0.1026 (0.1211)  loss_fgl_dn_2: 0.7164 (0.7895)  loss_ddf_dn_2: 0.0056 (0.0063)  loss_mal_dn_3: 0.8911 (0.8958)  loss_bbox_dn_3: 0.0718 (0.0763)  loss_giou_dn_3: 0.0978 (0.1194)  loss_fgl_dn_3: 0.7165 (0.7886)  loss_mal_dn_pre: 1.6338 (1.6315)  loss_bbox_dn_pre: 0.2051 (0.2226)  loss_giou_dn_pre: 0.2914 (0.2975)  time: 0.1739  data: 0.0485  max mem: 3583
Epoch: [116] Total time: 0:00:01 (0.1838 s / it)
Averaged stats: lr: 0.000005  loss: 29.5380 (29.9018)  loss_mal: 0.9409 (0.9696)  loss_bbox: 0.0673 (0.0704)  loss_giou: 0.0902 (0.1125)  loss_fgl: 0.6970 (0.7797)  loss_mal_aux_0: 3.2148 (3.2183)  loss_bbox_aux_0: 0.0887 (0.0950)  loss_giou_aux_0: 0.1345 (0.1514)  loss_fgl_aux_0: 0.8856 (0.9263)  loss_ddf_aux_0: 0.1957 (0.2129)  loss_mal_aux_1: 1.4170 (1.4352)  loss_bbox_aux_1: 0.0739 (0.0753)  loss_giou_aux_1: 0.1014 (0.1222)  loss_fgl_aux_1: 0.7478 (0.8085)  loss_ddf_aux_1: 0.0277 (0.0303)  loss_mal_aux_2: 1.0254 (1.0431)  loss_bbox_aux_2: 0.0677 (0.0705)  loss_giou_aux_2: 0.0907 (0.1125)  loss_fgl_aux_2: 0.6978 (0.7816)  loss_ddf_aux_2: 0.0018 (0.0019)  loss_mal_pre: 2.6543 (2.6462)  loss_bbox_pre: 0.0915 (0.0921)  loss_giou_pre: 0.1269 (0.1485)  loss_mal_enc_0: 2.5977 (2.6106)  loss_bbox_enc_0: 0.3698 (0.4040)  loss_giou_enc_0: 0.5286 (0.5459)  loss_mal_dn_0: 1.4678 (1.4531)  loss_bbox_dn_0: 0.1980 (0.2146)  loss_giou_dn_0: 0.2953 (0.2953)  loss_fgl_dn_0: 1.1780 (1.1874)  loss_ddf_dn_0: 1.0976 (1.0615)  loss_mal_dn_1: 0.9746 (0.9768)  loss_bbox_dn_1: 0.0939 (0.0957)  loss_giou_dn_1: 0.1275 (0.1423)  loss_fgl_dn_1: 0.8132 (0.8517)  loss_ddf_dn_1: 0.1356 (0.1421)  loss_mal_dn_2: 0.9858 (0.9899)  loss_bbox_dn_2: 0.0746 (0.0783)  loss_giou_dn_2: 0.1026 (0.1211)  loss_fgl_dn_2: 0.7164 (0.7895)  loss_ddf_dn_2: 0.0056 (0.0063)  loss_mal_dn_3: 0.8911 (0.8958)  loss_bbox_dn_3: 0.0718 (0.0763)  loss_giou_dn_3: 0.0978 (0.1194)  loss_fgl_dn_3: 0.7165 (0.7886)  loss_mal_dn_pre: 1.6338 (1.6315)  loss_bbox_dn_pre: 0.2051 (0.2226)  loss_giou_dn_pre: 0.2914 (0.2975)
Test:  [0/4]  eta: 0:00:01    time: 0.4074  data: 0.3668  max mem: 3583
Test:  [3/4]  eta: 0:00:00    time: 0.1284  data: 0.0937  max mem: 3583
Test: Total time: 0:00:00 (0.1467 s / it)
Averaged stats: 
Accumulating evaluation results...
COCOeval_opt.accumulate() finished...
DONE (t=0.00s).
IoU metric: bbox
 Average Precision  (AP) @[ IoU=0.50:0.95 | area=   all | maxDets=100 ] = 0.818
 Average Precision  (AP) @[ IoU=0.50      | area=   all | maxDets=100 ] = 0.955
 Average Precision  (AP) @[ IoU=0.75      | area=   all | maxDets=100 ] = 0.853
 Average Precision  (AP) @[ IoU=0.50:0.95 | area= small | maxDets=100 ] = -1.000
 Average Precision  (AP) @[ IoU=0.50:0.95 | area=medium | maxDets=100 ] = -1.000
 Average Precision  (AP) @[ IoU=0.50:0.95 | area= large | maxDets=100 ] = 0.818
 Average Recall     (AR) @[ IoU=0.50:0.95 | area=   all | maxDets=  1 ] = 0.763
 Average Recall     (AR) @[ IoU=0.50:0.95 | area=   all | maxDets= 10 ] = 0.900
 Average Recall     (AR) @[ IoU=0.50:0.95 | area=   all | maxDets=100 ] = 0.933
 Average Recall     (AR) @[ IoU=0.50:0.95 | area= small | maxDets=100 ] = -1.000
 Average Recall     (AR) @[ IoU=0.50:0.95 | area=medium | maxDets=100 ] = -1.000
 Average Recall     (AR) @[ IoU=0.50:0.95 | area= large | maxDets=100 ] = 0.933
 Average Recall     (AR) @[ IoU=0.50      | area=   all | maxDets=100 ] = 1.000
 Average Recall     (AR) @[ IoU=0.75      | area=   all | maxDets=100 ] = 0.967
best_stat: {'epoch': 105, 'coco_eval_bbox': 0.8561741793623753}
Epoch: [117]  [0/8]  eta: 0:00:04  lr: 0.000005  loss: 28.5182 (28.5182)  loss_mal: 0.8862 (0.8862)  loss_bbox: 0.0748 (0.0748)  loss_giou: 0.1187 (0.1187)  loss_fgl: 0.7413 (0.7413)  loss_mal_aux_0: 3.0645 (3.0645)  loss_bbox_aux_0: 0.1118 (0.1118)  loss_giou_aux_0: 0.1644 (0.1644)  loss_fgl_aux_0: 0.9573 (0.9573)  loss_ddf_aux_0: 0.2022 (0.2022)  loss_mal_aux_1: 1.1729 (1.1729)  loss_bbox_aux_1: 0.0734 (0.0734)  loss_giou_aux_1: 0.1183 (0.1183)  loss_fgl_aux_1: 0.7574 (0.7574)  loss_ddf_aux_1: 0.0242 (0.0242)  loss_mal_aux_2: 0.9668 (0.9668)  loss_bbox_aux_2: 0.0749 (0.0749)  loss_giou_aux_2: 0.1194 (0.1194)  loss_fgl_aux_2: 0.7453 (0.7453)  loss_ddf_aux_2: 0.0023 (0.0023)  loss_mal_pre: 2.6230 (2.6230)  loss_bbox_pre: 0.1053 (0.1053)  loss_giou_pre: 0.1556 (0.1556)  loss_mal_enc_0: 2.6660 (2.6660)  loss_bbox_enc_0: 0.3483 (0.3483)  loss_giou_enc_0: 0.4673 (0.4673)  loss_mal_dn_0: 1.4746 (1.4746)  loss_bbox_dn_0: 0.1936 (0.1936)  loss_giou_dn_0: 0.2708 (0.2708)  loss_fgl_dn_0: 1.1612 (1.1612)  loss_ddf_dn_0: 1.0031 (1.0031)  loss_mal_dn_1: 0.9214 (0.9214)  loss_bbox_dn_1: 0.0901 (0.0901)  loss_giou_dn_1: 0.1320 (0.1320)  loss_fgl_dn_1: 0.7758 (0.7758)  loss_ddf_dn_1: 0.1265 (0.1265)  loss_mal_dn_2: 0.9150 (0.9150)  loss_bbox_dn_2: 0.0736 (0.0736)  loss_giou_dn_2: 0.1109 (0.1109)  loss_fgl_dn_2: 0.7070 (0.7070)  loss_ddf_dn_2: 0.0071 (0.0071)  loss_mal_dn_3: 0.7969 (0.7969)  loss_bbox_dn_3: 0.0723 (0.0723)  loss_giou_dn_3: 0.1106 (0.1106)  loss_fgl_dn_3: 0.7044 (0.7044)  loss_mal_dn_pre: 1.6729 (1.6729)  loss_bbox_dn_pre: 0.1911 (0.1911)  loss_giou_dn_pre: 0.2657 (0.2657)  time: 0.6036  data: 0.4043  max mem: 3583
Epoch: [117]  [7/8]  eta: 0:00:00  lr: 0.000006  loss: 28.5182 (28.7728)  loss_mal: 0.8862 (0.8907)  loss_bbox: 0.0738 (0.0729)  loss_giou: 0.1062 (0.1077)  loss_fgl: 0.7413 (0.7272)  loss_mal_aux_0: 3.0469 (3.0586)  loss_bbox_aux_0: 0.1118 (0.1069)  loss_giou_aux_0: 0.1644 (0.1590)  loss_fgl_aux_0: 0.9573 (0.9606)  loss_ddf_aux_0: 0.2337 (0.2487)  loss_mal_aux_1: 1.2910 (1.3730)  loss_bbox_aux_1: 0.0736 (0.0765)  loss_giou_aux_1: 0.1008 (0.1141)  loss_fgl_aux_1: 0.7574 (0.7620)  loss_ddf_aux_1: 0.0271 (0.0300)  loss_mal_aux_2: 0.9683 (0.9757)  loss_bbox_aux_2: 0.0749 (0.0731)  loss_giou_aux_2: 0.1063 (0.1079)  loss_fgl_aux_2: 0.7453 (0.7275)  loss_ddf_aux_2: 0.0022 (0.0023)  loss_mal_pre: 2.5781 (2.5859)  loss_bbox_pre: 0.1053 (0.1046)  loss_giou_pre: 0.1556 (0.1562)  loss_mal_enc_0: 2.4512 (2.5388)  loss_bbox_enc_0: 0.4193 (0.4140)  loss_giou_enc_0: 0.5102 (0.5176)  loss_mal_dn_0: 1.4209 (1.4304)  loss_bbox_dn_0: 0.1936 (0.2013)  loss_giou_dn_0: 0.2708 (0.2699)  loss_fgl_dn_0: 1.1429 (1.1484)  loss_ddf_dn_0: 1.0031 (1.0497)  loss_mal_dn_1: 0.9302 (0.9422)  loss_bbox_dn_1: 0.0901 (0.0913)  loss_giou_dn_1: 0.1219 (0.1254)  loss_fgl_dn_1: 0.7890 (0.7935)  loss_ddf_dn_1: 0.1265 (0.1396)  loss_mal_dn_2: 0.9380 (0.9434)  loss_bbox_dn_2: 0.0820 (0.0763)  loss_giou_dn_2: 0.0990 (0.1072)  loss_fgl_dn_2: 0.7070 (0.7292)  loss_ddf_dn_2: 0.0073 (0.0072)  loss_mal_dn_3: 0.8052 (0.8287)  loss_bbox_dn_3: 0.0723 (0.0741)  loss_giou_dn_3: 0.0977 (0.1059)  loss_fgl_dn_3: 0.7044 (0.7287)  loss_mal_dn_pre: 1.5967 (1.6152)  loss_bbox_dn_pre: 0.1911 (0.2056)  loss_giou_dn_pre: 0.2657 (0.2682)  time: 0.1905  data: 0.0531  max mem: 3583
Epoch: [117] Total time: 0:00:01 (0.1994 s / it)
Averaged stats: lr: 0.000006  loss: 28.5182 (28.7728)  loss_mal: 0.8862 (0.8907)  loss_bbox: 0.0738 (0.0729)  loss_giou: 0.1062 (0.1077)  loss_fgl: 0.7413 (0.7272)  loss_mal_aux_0: 3.0469 (3.0586)  loss_bbox_aux_0: 0.1118 (0.1069)  loss_giou_aux_0: 0.1644 (0.1590)  loss_fgl_aux_0: 0.9573 (0.9606)  loss_ddf_aux_0: 0.2337 (0.2487)  loss_mal_aux_1: 1.2910 (1.3730)  loss_bbox_aux_1: 0.0736 (0.0765)  loss_giou_aux_1: 0.1008 (0.1141)  loss_fgl_aux_1: 0.7574 (0.7620)  loss_ddf_aux_1: 0.0271 (0.0300)  loss_mal_aux_2: 0.9683 (0.9757)  loss_bbox_aux_2: 0.0749 (0.0731)  loss_giou_aux_2: 0.1063 (0.1079)  loss_fgl_aux_2: 0.7453 (0.7275)  loss_ddf_aux_2: 0.0022 (0.0023)  loss_mal_pre: 2.5781 (2.5859)  loss_bbox_pre: 0.1053 (0.1046)  loss_giou_pre: 0.1556 (0.1562)  loss_mal_enc_0: 2.4512 (2.5388)  loss_bbox_enc_0: 0.4193 (0.4140)  loss_giou_enc_0: 0.5102 (0.5176)  loss_mal_dn_0: 1.4209 (1.4304)  loss_bbox_dn_0: 0.1936 (0.2013)  loss_giou_dn_0: 0.2708 (0.2699)  loss_fgl_dn_0: 1.1429 (1.1484)  loss_ddf_dn_0: 1.0031 (1.0497)  loss_mal_dn_1: 0.9302 (0.9422)  loss_bbox_dn_1: 0.0901 (0.0913)  loss_giou_dn_1: 0.1219 (0.1254)  loss_fgl_dn_1: 0.7890 (0.7935)  loss_ddf_dn_1: 0.1265 (0.1396)  loss_mal_dn_2: 0.9380 (0.9434)  loss_bbox_dn_2: 0.0820 (0.0763)  loss_giou_dn_2: 0.0990 (0.1072)  loss_fgl_dn_2: 0.7070 (0.7292)  loss_ddf_dn_2: 0.0073 (0.0072)  loss_mal_dn_3: 0.8052 (0.8287)  loss_bbox_dn_3: 0.0723 (0.0741)  loss_giou_dn_3: 0.0977 (0.1059)  loss_fgl_dn_3: 0.7044 (0.7287)  loss_mal_dn_pre: 1.5967 (1.6152)  loss_bbox_dn_pre: 0.1911 (0.2056)  loss_giou_dn_pre: 0.2657 (0.2682)
Test:  [0/4]  eta: 0:00:01    time: 0.3845  data: 0.3453  max mem: 3583
Test:  [3/4]  eta: 0:00:00    time: 0.1229  data: 0.0883  max mem: 3583
Test: Total time: 0:00:00 (0.1460 s / it)
Averaged stats: 
Accumulating evaluation results...
COCOeval_opt.accumulate() finished...
DONE (t=0.00s).
IoU metric: bbox
 Average Precision  (AP) @[ IoU=0.50:0.95 | area=   all | maxDets=100 ] = 0.798
 Average Precision  (AP) @[ IoU=0.50      | area=   all | maxDets=100 ] = 0.936
 Average Precision  (AP) @[ IoU=0.75      | area=   all | maxDets=100 ] = 0.798
 Average Precision  (AP) @[ IoU=0.50:0.95 | area= small | maxDets=100 ] = -1.000
 Average Precision  (AP) @[ IoU=0.50:0.95 | area=medium | maxDets=100 ] = -1.000
 Average Precision  (AP) @[ IoU=0.50:0.95 | area= large | maxDets=100 ] = 0.798
 Average Recall     (AR) @[ IoU=0.50:0.95 | area=   all | maxDets=  1 ] = 0.777
 Average Recall     (AR) @[ IoU=0.50:0.95 | area=   all | maxDets= 10 ] = 0.903
 Average Recall     (AR) @[ IoU=0.50:0.95 | area=   all | maxDets=100 ] = 0.940
 Average Recall     (AR) @[ IoU=0.50:0.95 | area= small | maxDets=100 ] = -1.000
 Average Recall     (AR) @[ IoU=0.50:0.95 | area=medium | maxDets=100 ] = -1.000
 Average Recall     (AR) @[ IoU=0.50:0.95 | area= large | maxDets=100 ] = 0.940
 Average Recall     (AR) @[ IoU=0.50      | area=   all | maxDets=100 ] = 1.000
 Average Recall     (AR) @[ IoU=0.75      | area=   all | maxDets=100 ] = 1.000
best_stat: {'epoch': 105, 'coco_eval_bbox': 0.8561741793623753}
Load last_epoch
Load model.state_dict
Load criterion.state_dict
Load postprocessor.state_dict
Load ema.state_dict
Load scaler.state_dict
Load optimizer.state_dict
Load lr_warmup_scheduler.state_dict
Refresh EMA at epoch 117 with decay 0.9992000000000001
Epoch: [118]  [0/8]  eta: 0:00:04  lr: 0.000006  loss: 32.4361 (32.4361)  loss_mal: 1.1211 (1.1211)  loss_bbox: 0.0862 (0.0862)  loss_giou: 0.1245 (0.1245)  loss_fgl: 0.8140 (0.8140)  loss_mal_aux_0: 3.5645 (3.5645)  loss_bbox_aux_0: 0.1119 (0.1119)  loss_giou_aux_0: 0.1547 (0.1547)  loss_fgl_aux_0: 0.9626 (0.9626)  loss_ddf_aux_0: 0.1914 (0.1914)  loss_mal_aux_1: 1.5762 (1.5762)  loss_bbox_aux_1: 0.0843 (0.0843)  loss_giou_aux_1: 0.1275 (0.1275)  loss_fgl_aux_1: 0.8239 (0.8239)  loss_ddf_aux_1: 0.0268 (0.0268)  loss_mal_aux_2: 1.2266 (1.2266)  loss_bbox_aux_2: 0.0860 (0.0860)  loss_giou_aux_2: 0.1245 (0.1245)  loss_fgl_aux_2: 0.8128 (0.8128)  loss_ddf_aux_2: 0.0021 (0.0021)  loss_mal_pre: 2.8125 (2.8125)  loss_bbox_pre: 0.1177 (0.1177)  loss_giou_pre: 0.1593 (0.1593)  loss_mal_enc_0: 2.6445 (2.6445)  loss_bbox_enc_0: 0.5163 (0.5163)  loss_giou_enc_0: 0.6252 (0.6252)  loss_mal_dn_0: 1.5625 (1.5625)  loss_bbox_dn_0: 0.2804 (0.2804)  loss_giou_dn_0: 0.3212 (0.3212)  loss_fgl_dn_0: 1.1836 (1.1836)  loss_ddf_dn_0: 1.1970 (1.1970)  loss_mal_dn_1: 1.0107 (1.0107)  loss_bbox_dn_1: 0.1423 (0.1423)  loss_giou_dn_1: 0.1714 (0.1714)  loss_fgl_dn_1: 0.9265 (0.9265)  loss_ddf_dn_1: 0.2288 (0.2288)  loss_mal_dn_2: 1.0195 (1.0195)  loss_bbox_dn_2: 0.1006 (0.1006)  loss_giou_dn_2: 0.1307 (0.1307)  loss_fgl_dn_2: 0.8452 (0.8452)  loss_ddf_dn_2: 0.0155 (0.0155)  loss_mal_dn_3: 0.9673 (0.9673)  loss_bbox_dn_3: 0.0972 (0.0972)  loss_giou_dn_3: 0.1276 (0.1276)  loss_fgl_dn_3: 0.8426 (0.8426)  loss_mal_dn_pre: 1.7383 (1.7383)  loss_bbox_dn_pre: 0.3007 (0.3007)  loss_giou_dn_pre: 0.3290 (0.3290)  time: 0.5824  data: 0.4111  max mem: 3583
Epoch: [118]  [7/8]  eta: 0:00:00  lr: 0.000006  loss: 30.9890 (31.4849)  loss_mal: 1.0205 (1.0454)  loss_bbox: 0.0821 (0.0827)  loss_giou: 0.1187 (0.1200)  loss_fgl: 0.8140 (0.7883)  loss_mal_aux_0: 3.5645 (3.7041)  loss_bbox_aux_0: 0.1119 (0.1211)  loss_giou_aux_0: 0.1588 (0.1685)  loss_fgl_aux_0: 0.9626 (0.9592)  loss_ddf_aux_0: 0.1706 (0.1757)  loss_mal_aux_1: 1.4316 (1.4932)  loss_bbox_aux_1: 0.0872 (0.0896)  loss_giou_aux_1: 0.1209 (0.1296)  loss_fgl_aux_1: 0.8239 (0.8290)  loss_ddf_aux_1: 0.0240 (0.0257)  loss_mal_aux_2: 1.1191 (1.1466)  loss_bbox_aux_2: 0.0830 (0.0827)  loss_giou_aux_2: 0.1193 (0.1199)  loss_fgl_aux_2: 0.8128 (0.7893)  loss_ddf_aux_2: 0.0019 (0.0021)  loss_mal_pre: 2.8086 (2.8479)  loss_bbox_pre: 0.1177 (0.1277)  loss_giou_pre: 0.1685 (0.1739)  loss_mal_enc_0: 2.6016 (2.5706)  loss_bbox_enc_0: 0.4805 (0.4683)  loss_giou_enc_0: 0.5783 (0.5840)  loss_mal_dn_0: 1.4902 (1.5027)  loss_bbox_dn_0: 0.1894 (0.2279)  loss_giou_dn_0: 0.2964 (0.3042)  loss_fgl_dn_0: 1.1760 (1.1768)  loss_ddf_dn_0: 0.9972 (1.0258)  loss_mal_dn_1: 1.0254 (1.0361)  loss_bbox_dn_1: 0.1035 (0.1099)  loss_giou_dn_1: 0.1464 (0.1530)  loss_fgl_dn_1: 0.8515 (0.8676)  loss_ddf_dn_1: 0.1370 (0.1546)  loss_mal_dn_2: 1.0215 (1.0300)  loss_bbox_dn_2: 0.0820 (0.0892)  loss_giou_dn_2: 0.1307 (0.1307)  loss_fgl_dn_2: 0.7844 (0.8060)  loss_ddf_dn_2: 0.0092 (0.0098)  loss_mal_dn_3: 0.9502 (0.9579)  loss_bbox_dn_3: 0.0800 (0.0883)  loss_giou_dn_3: 0.1276 (0.1303)  loss_fgl_dn_3: 0.7837 (0.8046)  loss_mal_dn_pre: 1.6699 (1.6879)  loss_bbox_dn_pre: 0.1882 (0.2389)  loss_giou_dn_pre: 0.2979 (0.3075)  time: 0.1965  data: 0.0534  max mem: 3583
Epoch: [118] Total time: 0:00:01 (0.2067 s / it)
Averaged stats: lr: 0.000006  loss: 30.9890 (31.4849)  loss_mal: 1.0205 (1.0454)  loss_bbox: 0.0821 (0.0827)  loss_giou: 0.1187 (0.1200)  loss_fgl: 0.8140 (0.7883)  loss_mal_aux_0: 3.5645 (3.7041)  loss_bbox_aux_0: 0.1119 (0.1211)  loss_giou_aux_0: 0.1588 (0.1685)  loss_fgl_aux_0: 0.9626 (0.9592)  loss_ddf_aux_0: 0.1706 (0.1757)  loss_mal_aux_1: 1.4316 (1.4932)  loss_bbox_aux_1: 0.0872 (0.0896)  loss_giou_aux_1: 0.1209 (0.1296)  loss_fgl_aux_1: 0.8239 (0.8290)  loss_ddf_aux_1: 0.0240 (0.0257)  loss_mal_aux_2: 1.1191 (1.1466)  loss_bbox_aux_2: 0.0830 (0.0827)  loss_giou_aux_2: 0.1193 (0.1199)  loss_fgl_aux_2: 0.8128 (0.7893)  loss_ddf_aux_2: 0.0019 (0.0021)  loss_mal_pre: 2.8086 (2.8479)  loss_bbox_pre: 0.1177 (0.1277)  loss_giou_pre: 0.1685 (0.1739)  loss_mal_enc_0: 2.6016 (2.5706)  loss_bbox_enc_0: 0.4805 (0.4683)  loss_giou_enc_0: 0.5783 (0.5840)  loss_mal_dn_0: 1.4902 (1.5027)  loss_bbox_dn_0: 0.1894 (0.2279)  loss_giou_dn_0: 0.2964 (0.3042)  loss_fgl_dn_0: 1.1760 (1.1768)  loss_ddf_dn_0: 0.9972 (1.0258)  loss_mal_dn_1: 1.0254 (1.0361)  loss_bbox_dn_1: 0.1035 (0.1099)  loss_giou_dn_1: 0.1464 (0.1530)  loss_fgl_dn_1: 0.8515 (0.8676)  loss_ddf_dn_1: 0.1370 (0.1546)  loss_mal_dn_2: 1.0215 (1.0300)  loss_bbox_dn_2: 0.0820 (0.0892)  loss_giou_dn_2: 0.1307 (0.1307)  loss_fgl_dn_2: 0.7844 (0.8060)  loss_ddf_dn_2: 0.0092 (0.0098)  loss_mal_dn_3: 0.9502 (0.9579)  loss_bbox_dn_3: 0.0800 (0.0883)  loss_giou_dn_3: 0.1276 (0.1303)  loss_fgl_dn_3: 0.7837 (0.8046)  loss_mal_dn_pre: 1.6699 (1.6879)  loss_bbox_dn_pre: 0.1882 (0.2389)  loss_giou_dn_pre: 0.2979 (0.3075)
Test:  [0/4]  eta: 0:00:01    time: 0.4028  data: 0.3620  max mem: 3583
Test:  [3/4]  eta: 0:00:00    time: 0.1267  data: 0.0926  max mem: 3583
Test: Total time: 0:00:00 (0.1485 s / it)
Averaged stats: 
Accumulating evaluation results...
COCOeval_opt.accumulate() finished...
DONE (t=0.00s).
IoU metric: bbox
 Average Precision  (AP) @[ IoU=0.50:0.95 | area=   all | maxDets=100 ] = 0.818
 Average Precision  (AP) @[ IoU=0.50      | area=   all | maxDets=100 ] = 0.967
 Average Precision  (AP) @[ IoU=0.75      | area=   all | maxDets=100 ] = 0.858
 Average Precision  (AP) @[ IoU=0.50:0.95 | area= small | maxDets=100 ] = -1.000
 Average Precision  (AP) @[ IoU=0.50:0.95 | area=medium | maxDets=100 ] = -1.000
 Average Precision  (AP) @[ IoU=0.50:0.95 | area= large | maxDets=100 ] = 0.818
 Average Recall     (AR) @[ IoU=0.50:0.95 | area=   all | maxDets=  1 ] = 0.770
 Average Recall     (AR) @[ IoU=0.50:0.95 | area=   all | maxDets= 10 ] = 0.893
 Average Recall     (AR) @[ IoU=0.50:0.95 | area=   all | maxDets=100 ] = 0.923
 Average Recall     (AR) @[ IoU=0.50:0.95 | area= small | maxDets=100 ] = -1.000
 Average Recall     (AR) @[ IoU=0.50:0.95 | area=medium | maxDets=100 ] = -1.000
 Average Recall     (AR) @[ IoU=0.50:0.95 | area= large | maxDets=100 ] = 0.923
 Average Recall     (AR) @[ IoU=0.50      | area=   all | maxDets=100 ] = 1.000
 Average Recall     (AR) @[ IoU=0.75      | area=   all | maxDets=100 ] = 0.967
best_stat: {'epoch': 105, 'coco_eval_bbox': 0.8561741793623753}
Epoch: [119]  [0/8]  eta: 0:00:04  lr: 0.000006  loss: 30.8456 (30.8456)  loss_mal: 0.9844 (0.9844)  loss_bbox: 0.0809 (0.0809)  loss_giou: 0.1316 (0.1316)  loss_fgl: 0.7838 (0.7838)  loss_mal_aux_0: 3.5996 (3.5996)  loss_bbox_aux_0: 0.1214 (0.1214)  loss_giou_aux_0: 0.1815 (0.1815)  loss_fgl_aux_0: 0.9583 (0.9583)  loss_ddf_aux_0: 0.1308 (0.1308)  loss_mal_aux_1: 1.4795 (1.4795)  loss_bbox_aux_1: 0.0902 (0.0902)  loss_giou_aux_1: 0.1422 (0.1422)  loss_fgl_aux_1: 0.8320 (0.8320)  loss_ddf_aux_1: 0.0208 (0.0208)  loss_mal_aux_2: 1.0371 (1.0371)  loss_bbox_aux_2: 0.0800 (0.0800)  loss_giou_aux_2: 0.1303 (0.1303)  loss_fgl_aux_2: 0.7818 (0.7818)  loss_ddf_aux_2: 0.0015 (0.0015)  loss_mal_pre: 2.7480 (2.7480)  loss_bbox_pre: 0.1219 (0.1219)  loss_giou_pre: 0.1799 (0.1799)  loss_mal_enc_0: 2.7129 (2.7129)  loss_bbox_enc_0: 0.5006 (0.5006)  loss_giou_enc_0: 0.5612 (0.5612)  loss_mal_dn_0: 1.6113 (1.6113)  loss_bbox_dn_0: 0.2228 (0.2228)  loss_giou_dn_0: 0.2892 (0.2892)  loss_fgl_dn_0: 1.1413 (1.1413)  loss_ddf_dn_0: 0.7949 (0.7949)  loss_mal_dn_1: 0.9805 (0.9805)  loss_bbox_dn_1: 0.1072 (0.1072)  loss_giou_dn_1: 0.1514 (0.1514)  loss_fgl_dn_1: 0.8345 (0.8345)  loss_ddf_dn_1: 0.1197 (0.1197)  loss_mal_dn_2: 0.9917 (0.9917)  loss_bbox_dn_2: 0.0847 (0.0847)  loss_giou_dn_2: 0.1264 (0.1264)  loss_fgl_dn_2: 0.7506 (0.7506)  loss_ddf_dn_2: 0.0063 (0.0063)  loss_mal_dn_3: 0.9526 (0.9526)  loss_bbox_dn_3: 0.0851 (0.0851)  loss_giou_dn_3: 0.1267 (0.1267)  loss_fgl_dn_3: 0.7499 (0.7499)  loss_mal_dn_pre: 1.8154 (1.8154)  loss_bbox_dn_pre: 0.2235 (0.2235)  loss_giou_dn_pre: 0.2879 (0.2879)  time: 0.5521  data: 0.3751  max mem: 3583
Epoch: [119]  [7/8]  eta: 0:00:00  lr: 0.000006  loss: 30.2009 (29.8816)  loss_mal: 0.9351 (0.9547)  loss_bbox: 0.0758 (0.0732)  loss_giou: 0.0924 (0.1111)  loss_fgl: 0.7294 (0.7573)  loss_mal_aux_0: 3.3477 (3.3108)  loss_bbox_aux_0: 0.1003 (0.1006)  loss_giou_aux_0: 0.1501 (0.1531)  loss_fgl_aux_0: 0.9200 (0.9219)  loss_ddf_aux_0: 0.1347 (0.1521)  loss_mal_aux_1: 1.4443 (1.5825)  loss_bbox_aux_1: 0.0808 (0.0800)  loss_giou_aux_1: 0.1076 (0.1206)  loss_fgl_aux_1: 0.7866 (0.7975)  loss_ddf_aux_1: 0.0195 (0.0211)  loss_mal_aux_2: 1.0068 (1.0336)  loss_bbox_aux_2: 0.0754 (0.0730)  loss_giou_aux_2: 0.0921 (0.1109)  loss_fgl_aux_2: 0.7280 (0.7579)  loss_ddf_aux_2: 0.0016 (0.0017)  loss_mal_pre: 2.7266 (2.6863)  loss_bbox_pre: 0.0954 (0.0990)  loss_giou_pre: 0.1418 (0.1491)  loss_mal_enc_0: 2.6914 (2.6775)  loss_bbox_enc_0: 0.3714 (0.3983)  loss_giou_enc_0: 0.5145 (0.5059)  loss_mal_dn_0: 1.4717 (1.4908)  loss_bbox_dn_0: 0.2033 (0.2116)  loss_giou_dn_0: 0.2853 (0.2881)  loss_fgl_dn_0: 1.1642 (1.1640)  loss_ddf_dn_0: 0.8045 (0.8218)  loss_mal_dn_1: 0.9927 (0.9957)  loss_bbox_dn_1: 0.0933 (0.0982)  loss_giou_dn_1: 0.1296 (0.1411)  loss_fgl_dn_1: 0.8345 (0.8380)  loss_ddf_dn_1: 0.1041 (0.1062)  loss_mal_dn_2: 0.9995 (1.0110)  loss_bbox_dn_2: 0.0768 (0.0810)  loss_giou_dn_2: 0.1043 (0.1210)  loss_fgl_dn_2: 0.7542 (0.7794)  loss_ddf_dn_2: 0.0049 (0.0053)  loss_mal_dn_3: 0.9390 (0.9356)  loss_bbox_dn_3: 0.0755 (0.0799)  loss_giou_dn_3: 0.1025 (0.1201)  loss_fgl_dn_3: 0.7541 (0.7788)  loss_mal_dn_pre: 1.6621 (1.6810)  loss_bbox_dn_pre: 0.2055 (0.2161)  loss_giou_dn_pre: 0.2879 (0.2870)  time: 0.1884  data: 0.0497  max mem: 3583
Epoch: [119] Total time: 0:00:01 (0.1982 s / it)
Averaged stats: lr: 0.000006  loss: 30.2009 (29.8816)  loss_mal: 0.9351 (0.9547)  loss_bbox: 0.0758 (0.0732)  loss_giou: 0.0924 (0.1111)  loss_fgl: 0.7294 (0.7573)  loss_mal_aux_0: 3.3477 (3.3108)  loss_bbox_aux_0: 0.1003 (0.1006)  loss_giou_aux_0: 0.1501 (0.1531)  loss_fgl_aux_0: 0.9200 (0.9219)  loss_ddf_aux_0: 0.1347 (0.1521)  loss_mal_aux_1: 1.4443 (1.5825)  loss_bbox_aux_1: 0.0808 (0.0800)  loss_giou_aux_1: 0.1076 (0.1206)  loss_fgl_aux_1: 0.7866 (0.7975)  loss_ddf_aux_1: 0.0195 (0.0211)  loss_mal_aux_2: 1.0068 (1.0336)  loss_bbox_aux_2: 0.0754 (0.0730)  loss_giou_aux_2: 0.0921 (0.1109)  loss_fgl_aux_2: 0.7280 (0.7579)  loss_ddf_aux_2: 0.0016 (0.0017)  loss_mal_pre: 2.7266 (2.6863)  loss_bbox_pre: 0.0954 (0.0990)  loss_giou_pre: 0.1418 (0.1491)  loss_mal_enc_0: 2.6914 (2.6775)  loss_bbox_enc_0: 0.3714 (0.3983)  loss_giou_enc_0: 0.5145 (0.5059)  loss_mal_dn_0: 1.4717 (1.4908)  loss_bbox_dn_0: 0.2033 (0.2116)  loss_giou_dn_0: 0.2853 (0.2881)  loss_fgl_dn_0: 1.1642 (1.1640)  loss_ddf_dn_0: 0.8045 (0.8218)  loss_mal_dn_1: 0.9927 (0.9957)  loss_bbox_dn_1: 0.0933 (0.0982)  loss_giou_dn_1: 0.1296 (0.1411)  loss_fgl_dn_1: 0.8345 (0.8380)  loss_ddf_dn_1: 0.1041 (0.1062)  loss_mal_dn_2: 0.9995 (1.0110)  loss_bbox_dn_2: 0.0768 (0.0810)  loss_giou_dn_2: 0.1043 (0.1210)  loss_fgl_dn_2: 0.7542 (0.7794)  loss_ddf_dn_2: 0.0049 (0.0053)  loss_mal_dn_3: 0.9390 (0.9356)  loss_bbox_dn_3: 0.0755 (0.0799)  loss_giou_dn_3: 0.1025 (0.1201)  loss_fgl_dn_3: 0.7541 (0.7788)  loss_mal_dn_pre: 1.6621 (1.6810)  loss_bbox_dn_pre: 0.2055 (0.2161)  loss_giou_dn_pre: 0.2879 (0.2870)
Test:  [0/4]  eta: 0:00:01    time: 0.3990  data: 0.3572  max mem: 3583
Test:  [3/4]  eta: 0:00:00    time: 0.1679  data: 0.0912  max mem: 3583
Test: Total time: 0:00:00 (0.1872 s / it)
Averaged stats: 
Accumulating evaluation results...
COCOeval_opt.accumulate() finished...
DONE (t=0.00s).
IoU metric: bbox
 Average Precision  (AP) @[ IoU=0.50:0.95 | area=   all | maxDets=100 ] = 0.821
 Average Precision  (AP) @[ IoU=0.50      | area=   all | maxDets=100 ] = 0.985
 Average Precision  (AP) @[ IoU=0.75      | area=   all | maxDets=100 ] = 0.860
 Average Precision  (AP) @[ IoU=0.50:0.95 | area= small | maxDets=100 ] = -1.000
 Average Precision  (AP) @[ IoU=0.50:0.95 | area=medium | maxDets=100 ] = -1.000
 Average Precision  (AP) @[ IoU=0.50:0.95 | area= large | maxDets=100 ] = 0.821
 Average Recall     (AR) @[ IoU=0.50:0.95 | area=   all | maxDets=  1 ] = 0.753
 Average Recall     (AR) @[ IoU=0.50:0.95 | area=   all | maxDets= 10 ] = 0.897
 Average Recall     (AR) @[ IoU=0.50:0.95 | area=   all | maxDets=100 ] = 0.923
 Average Recall     (AR) @[ IoU=0.50:0.95 | area= small | maxDets=100 ] = -1.000
 Average Recall     (AR) @[ IoU=0.50:0.95 | area=medium | maxDets=100 ] = -1.000
 Average Recall     (AR) @[ IoU=0.50:0.95 | area= large | maxDets=100 ] = 0.923
 Average Recall     (AR) @[ IoU=0.50      | area=   all | maxDets=100 ] = 1.000
 Average Recall     (AR) @[ IoU=0.75      | area=   all | maxDets=100 ] = 0.967
best_stat: {'epoch': 105, 'coco_eval_bbox': 0.8561741793623753}
Training time 0:06:02
/venv/main/lib/python3.12/site-packages/torch/distributed/c10d_logger.py:83: UserWarning: barrier(): using the device under current context. You can specify `device_id` in `init_process_group` to mute this warning.
  return func(*args, **kwargs)
[rank0]:[W813 07:48:27.861867897 ProcessGroupNCCL.cpp:5324] Guessing device ID based on global rank. This can cause a hang if rank to GPU mapping is heterogeneous. You can specify device_id in init_process_group()
/workspace/midi/DEIMv2/engine/core/workspace.py:177: FutureWarning: `torch.cuda.amp.GradScaler(args...)` is deprecated. Please use `torch.amp.GradScaler('cuda', args...)` instead.
  return module(**module_kwargs)
[rank0]:[W813 07:48:29.589717537 reducer.cpp:1528] Warning: find_unused_parameters=True was specified in DDP constructor, but did not find any unused parameters in the forward pass. This flag results in an extra traversal of the autograd graph every iteration,  which can adversely affect performance. If your model indeed never has any unused parameters in the forward pass, consider turning this flag off. Note that this warning may be a false positive if your model has flow control causing later iterations to have unused parameters. (function operator())
/workspace/midi/DEIMv2/engine/solver/det_engine.py:104: UserWarning: Converting a tensor with requires_grad=True to a scalar may lead to unexpected behavior.
Consider using tensor.detach() first. (Triggered internally at /pytorch/torch/csrc/autograd/generated/python_variable_methods.cpp:838.)
  if not math.isfinite(loss_value):
