Initialized distributed mode...
cfg:  {'task': 'detection', '_model': None, '_postprocessor': None, '_criterion': None, '_optimizer': None, '_lr_scheduler': None, '_lr_warmup_scheduler': None, '_train_dataloader': None, '_val_dataloader': None, '_ema': None, '_scaler': None, '_train_dataset': None, '_val_dataset': None, '_collate_fn': None, '_evaluator': None, '_writer': None, 'num_workers': 0, 'batch_size': None, '_train_batch_size': None, '_val_batch_size': None, '_train_shuffle': None, '_val_shuffle': None, 'resume': None, 'tuning': '/workspace/midi/ckpt/deimv2_dinov3_s_coco.pth', 'epoches': 120, 'last_epoch': -1, 'lrsheduler': 'flatcosine', 'lr_gamma': 0.5, 'no_aug_epoch': 20, 'warmup_iter': 2000, 'flat_epoch': 64, 'use_amp': True, 'use_ema': True, 'ema_decay': 0.9999, 'ema_warmups': 2000, 'sync_bn': True, 'clip_max_norm': 0.1, 'find_unused_parameters': True, 'seed': 42, 'print_freq': 500, 'checkpoint_freq': 5, 'output_dir': '/workspace/midi/deim_configs/runs/s_fold0', 'summary_dir': None, 'device': '', 'yaml_cfg': {'task': 'detection', 'evaluator': {'type': 'CocoEvaluator', 'iou_types': ['bbox']}, 'num_classes': 4, 'remap_mscoco_category': False, 'train_dataloader': {'type': 'DataLoader', 'dataset': {'type': 'CocoDetection', 'img_folder': '/workspace/midi/deim_data/images/train_fold0', 'ann_file': '/workspace/midi/deim_data/annotations/instances_train_fold0.json', 'return_masks': False, 'transforms': {'type': 'Compose', 'ops': [{'type': 'Mosaic', 'output_size': 320, 'rotation_range': 10, 'translation_range': [0.1, 0.1], 'scaling_range': [0.5, 1.5], 'probability': 1.0, 'fill_value': 0, 'use_cache': True, 'max_cached_images': 50, 'random_pop': True}, {'type': 'RandomPhotometricDistort', 'p': 0.5}, {'type': 'RandomZoomOut', 'fill': 0}, {'type': 'RandomIoUCrop', 'p': 0.8}, {'type': 'SanitizeBoundingBoxes', 'min_size': 1}, {'type': 'RandomHorizontalFlip'}, {'type': 'Resize', 'size': [640, 640]}, {'type': 'SanitizeBoundingBoxes', 'min_size': 1}, {'type': 'ConvertPILImage', 'dtype': 'float32', 'scale': True}, {'type': 'Normalize', 'mean': [0.485, 0.456, 0.406], 'std': [0.229, 0.224, 0.225]}, {'type': 'ConvertBoxes', 'fmt': 'cxcywh', 'normalize': True}], 'policy': {'name': 'stop_epoch', 'epoch': [4, 64, 100], 'ops': ['Mosaic', 'RandomPhotometricDistort', 'RandomZoomOut', 'RandomIoUCrop']}, 'mosaic_prob': 0.5}}, 'shuffle': True, 'num_workers': 4, 'drop_last': False, 'collate_fn': {'type': 'BatchImageCollateFunction', 'base_size': 640, 'base_size_repeat': 20, 'stop_epoch': 100, 'mixup_prob': 0.5, 'mixup_epochs': [4, 64], 'copyblend_prob': 0.5, 'copyblend_epochs': [4, 100], 'area_threshold': 100, 'num_objects': 3, 'with_expand': True, 'expand_ratios': [0.1, 0.25], 'ema_restart_decay': 0.9999}, 'total_batch_size': 4}, 'val_dataloader': {'type': 'DataLoader', 'dataset': {'type': 'CocoDetection', 'img_folder': '/workspace/midi/deim_data/images/fold0', 'ann_file': '/workspace/midi/deim_data/annotations/instances_fold0.json', 'return_masks': False, 'transforms': {'type': 'Compose', 'ops': [{'type': 'Resize', 'size': [640, 640]}, {'type': 'ConvertPILImage', 'dtype': 'float32', 'scale': True}, {'type': 'Normalize', 'mean': [0.485, 0.456, 0.406], 'std': [0.229, 0.224, 0.225]}]}}, 'shuffle': False, 'num_workers': 4, 'drop_last': False, 'collate_fn': {'type': 'BatchImageCollateFunction'}, 'total_batch_size': 4}, 'print_freq': 500, 'output_dir': '/workspace/midi/deim_configs/runs/s_fold0', 'checkpoint_freq': 5, 'sync_bn': True, 'find_unused_parameters': True, 'use_amp': True, 'scaler': {'type': 'GradScaler', 'enabled': True}, 'use_ema': True, 'ema': {'type': 'ModelEMA', 'decay': 0.9999, 'warmups': 1000, 'start': 0}, 'epoches': 120, 'clip_max_norm': 0.1, 'optimizer': {'type': 'AdamW', 'params': [{'params': '^(?=.*.dinov3)(?!.*(?:norm|bn|bias)).*$', 'lr': 2.5e-05}, {'params': '^(?=.*.dinov3)(?=.*(?:norm|bn|bias)).*$', 'lr': 2.5e-05, 'weight_decay': 0.0}, {'params': '^(?=.*(?:sta|encoder|decoder))(?=.*(?:norm|bn|bias)).*$', 'weight_decay': 0.0}], 'lr': 0.0005, 'betas': [0.9, 0.999], 'weight_decay': 0.0001}, 'lr_scheduler': {'type': 'MultiStepLR', 'milestones': [500], 'gamma': 0.1}, 'lr_warmup_scheduler': {'type': 'LinearWarmup', 'warmup_duration': 500}, 'model': 'DEIM', 'criterion': 'DEIMCriterion', 'postprocessor': 'PostProcessor', 'use_focal_loss': True, 'eval_spatial_size': [640, 640], 'DEIM': {'backbone': 'DINOv3STAs', 'encoder': 'HybridEncoder', 'decoder': 'DEIMTransformer'}, 'HGNetv2': {'name': 'B4', 'return_idx': [1, 2, 3], 'freeze_at': -1, 'freeze_stem_only': True, 'freeze_norm': False, 'pretrained': True, 'local_model_dir': './weight/hgnetv2/'}, 'HybridEncoder': {'in_channels': [192, 192, 192], 'feat_strides': [8, 16, 32], 'hidden_dim': 192, 'use_encoder_idx': [2], 'num_encoder_layers': 1, 'nhead': 8, 'dim_feedforward': 512, 'dropout': 0.0, 'enc_act': 'gelu', 'expansion': 0.34, 'depth_mult': 0.67, 'act': 'silu', 'version': 'deim', 'csp_type': 'csp2', 'fuse_op': 'sum'}, 'DEIMTransformer': {'feat_channels': [192, 192, 192], 'feat_strides': [8, 16, 32], 'hidden_dim': 192, 'num_levels': 3, 'num_layers': 4, 'eval_idx': -1, 'num_queries': 300, 'num_denoising': 100, 'label_noise_ratio': 0.5, 'box_noise_scale': 1.0, 'reg_max': 32, 'reg_scale': 4, 'layer_scale': 1, 'num_points': [3, 6, 3], 'cross_attn_method': 'default', 'query_select_method': 'default', 'activation': 'silu', 'mlp_act': 'silu', 'dim_feedforward': 512}, 'PostProcessor': {'num_top_queries': 300}, 'lrsheduler': 'flatcosine', 'lr_gamma': 0.5, 'warmup_iter': 2000, 'flat_epoch': 64, 'no_aug_epoch': 20, 'DEIMCriterion': {'weight_dict': {'loss_mal': 1, 'loss_bbox': 5, 'loss_giou': 2, 'loss_fgl': 0.15, 'loss_ddf': 1.5}, 'losses': ['mal', 'boxes', 'local'], 'gamma': 1.5, 'alpha': 0.75, 'reg_max': 32, 'matcher': {'type': 'HungarianMatcher', 'weight_dict': {'cost_class': 2, 'cost_bbox': 5, 'cost_giou': 2}, 'alpha': 0.25, 'gamma': 2.0, 'change_matcher': True, 'iou_order_alpha': 4.0, 'matcher_change_epoch': 90}}, '__include__': ['/workspace/midi/DEIMv2/configs/deimv2/deimv2_dinov3_s_coco.yml'], 'DINOv3STAs': {'name': 'vit_tiny', 'embed_dim': 192, 'weights_path': './ckpts/vitt_distill.pt', 'interaction_indexes': [3, 7, 11], 'num_heads': 3}, 'lr_warmup': {'warmup_iter': 48}, 'tuning': '/workspace/midi/ckpt/deimv2_dinov3_s_coco.pth', 'config': '/workspace/midi/deim_configs/deimv2_s_fold0.yml', 'seed': 42, 'test_only': False, 'print_method': 'builtin', 'print_rank': 0}}
Training ViT-Tiny from scratch...
Using Lite Spatial Prior Module with inplanes=16
     --- Use Gateway@True ---
     --- Use Share Bbox Head@False ---
     --- Use Share Score Head@False ---
     --- Wide Layer@1 ---
Tuning checkpoint from /workspace/midi/ckpt/deimv2_dinov3_s_coco.pth
Load model.state_dict, {'missed': ['decoder.denoising_class_embed.weight'], 'unmatched': ['decoder.enc_score_head.weight', 'decoder.enc_score_head.bias', 'decoder.dec_score_head.0.weight', 'decoder.dec_score_head.0.bias', 'decoder.dec_score_head.1.weight', 'decoder.dec_score_head.1.bias', 'decoder.dec_score_head.2.weight', 'decoder.dec_score_head.2.bias', 'decoder.dec_score_head.3.weight', 'decoder.dec_score_head.3.bias']}
Using the new matching cost with iou_order_alpha = 4.0 at epoch 90
Initial lr: [2.5e-05, 2.5e-05, 0.0005, 0.0005]
building train_dataloader with batch_size=4...
     ### Transform @Mosaic ###    
     ### Transform @RandomPhotometricDistort ###    
     ### Transform @RandomZoomOut ###    
     ### Transform @RandomIoUCrop ###    
     ### Transform @SanitizeBoundingBoxes ###    
     ### Transform @RandomHorizontalFlip ###    
     ### Transform @Resize ###    
     ### Transform @SanitizeBoundingBoxes ###    
     ### Transform @ConvertPILImage ###    
     ### Transform @Normalize ###    
     ### Transform @ConvertBoxes ###    
     ### Mosaic with Prob.@0.5 and ZoomOut/IoUCrop existed ### 
     ### ImgTransforms Epochs: [4, 64, 100] ### 
     ### Policy_ops@['Mosaic', 'RandomPhotometricDistort', 'RandomZoomOut', 'RandomIoUCrop'] ###
     ### Using MixUp with Prob@0.5 in [4, 64] epochs ### 
     ### Using CopyBlend-blend with Prob@0.5 in [4, 100] epochs ### 
     ### CopyBlend -- area threshold@100 and num of object@3 ###     
     ### CopyBlend -- expand@[0.1, 0.25] ###     
     ### Multi-scale Training until 100 epochs ### 
     ### Multi-scales@ [480, 512, 544, 576, 608, 640, 640, 640, 640, 640, 640, 640, 640, 640, 640, 640, 640, 640, 640, 640, 640, 640, 640, 640, 640, 800, 768, 736, 704, 672] ###        
building val_dataloader with batch_size=4...
     ### Transform @Resize ###    
     ### Transform @ConvertPILImage ###    
     ### Transform @Normalize ###    

------------------------------------- Calculate Flops Results -------------------------------------
Notations:
number of parameters (Params), number of multiply-accumulate operations(MACs),
number of floating-point operations (FLOPs), floating-point operations per second (FLOPS),
fwd FLOPs (model forward propagation FLOPs), bwd FLOPs (model backward propagation FLOPs),
default model backpropagation takes 2.00 times as much computation as forward propagation.

Total Training Params:                                                  9.66 M  
fwd MACs:                                                               12.6408 GMACs
fwd FLOPs:                                                              25.3703 GFLOPS
fwd+bwd MACs:                                                           37.9225 GMACs
fwd+bwd FLOPs:                                                          76.1108 GFLOPS
---------------------------------------------------------------------------------------------------
{'Model FLOPs:25.3703 GFLOPS   MACs:12.6408 GMACs   Params:9663475'}
------------------------------------------Start training-------------------------------------------
Index 194: module.decoder.decoder.layers.1.cross_attn.attention_weights.weight - requires_grad: True
Index 195: module.decoder.decoder.layers.1.cross_attn.attention_weights.bias - requires_grad: True
     ## Using Self-defined Scheduler-flatcosine ## 
[2.5e-05, 2.5e-05, 0.0005, 0.0005] [1.25e-05, 1.25e-05, 0.00025, 0.00025] 960 2000 512 160
number of trainable parameters: 9691904
number of non-trainable parameters: 2
Epoch: [0]  [0/8]  eta: 0:00:09  lr: 0.000000  loss: 56.2854 (56.2854)  loss_mal: 1.6025 (1.6025)  loss_bbox: 1.5220 (1.5220)  loss_giou: 1.1604 (1.1604)  loss_fgl: 1.0659 (1.0659)  loss_mal_aux_0: 1.6660 (1.6660)  loss_bbox_aux_0: 1.5727 (1.5727)  loss_giou_aux_0: 1.1727 (1.1727)  loss_fgl_aux_0: 1.0430 (1.0430)  loss_ddf_aux_0: 0.0275 (0.0275)  loss_mal_aux_1: 1.6152 (1.6152)  loss_bbox_aux_1: 1.5407 (1.5407)  loss_giou_aux_1: 1.1590 (1.1590)  loss_fgl_aux_1: 1.0649 (1.0649)  loss_ddf_aux_1: 0.0039 (0.0039)  loss_mal_aux_2: 1.6396 (1.6396)  loss_bbox_aux_2: 1.5240 (1.5240)  loss_giou_aux_2: 1.1604 (1.1604)  loss_fgl_aux_2: 1.0638 (1.0638)  loss_ddf_aux_2: 0.0004 (0.0004)  loss_mal_pre: 1.6914 (1.6914)  loss_bbox_pre: 1.6336 (1.6336)  loss_giou_pre: 1.2469 (1.2469)  loss_mal_enc_0: 1.5059 (1.5059)  loss_bbox_enc_0: 1.6527 (1.6527)  loss_giou_enc_0: 1.3367 (1.3367)  loss_mal_dn_0: 1.0742 (1.0742)  loss_bbox_dn_0: 1.5182 (1.5182)  loss_giou_dn_0: 1.4277 (1.4277)  loss_fgl_dn_0: 1.2726 (1.2726)  loss_ddf_dn_0: 0.1354 (0.1354)  loss_mal_dn_1: 1.2812 (1.2812)  loss_bbox_dn_1: 1.5579 (1.5579)  loss_giou_dn_1: 1.3436 (1.3436)  loss_fgl_dn_1: 1.2304 (1.2304)  loss_ddf_dn_1: 0.0240 (0.0240)  loss_mal_dn_2: 1.2695 (1.2695)  loss_bbox_dn_2: 1.5377 (1.5377)  loss_giou_dn_2: 1.3353 (1.3353)  loss_fgl_dn_2: 1.2272 (1.2272)  loss_ddf_dn_2: 0.0040 (0.0040)  loss_mal_dn_3: 1.2549 (1.2549)  loss_bbox_dn_3: 1.5538 (1.5538)  loss_giou_dn_3: 1.3233 (1.3233)  loss_fgl_dn_3: 1.2445 (1.2445)  loss_mal_dn_pre: 1.1455 (1.1455)  loss_bbox_dn_pre: 1.4690 (1.4690)  loss_giou_dn_pre: 1.3837 (1.3837)  time: 1.1437  data: 0.2769  max mem: 1807
Epoch: [0]  [7/8]  eta: 0:00:00  lr: 0.000000  loss: 57.7506 (56.8617)  loss_mal: 1.7168 (1.7368)  loss_bbox: 1.3301 (1.4687)  loss_giou: 1.3951 (1.4038)  loss_fgl: 0.9234 (0.9236)  loss_mal_aux_0: 1.6328 (1.5482)  loss_bbox_aux_0: 1.4587 (1.5107)  loss_giou_aux_0: 1.4776 (1.4517)  loss_fgl_aux_0: 0.8917 (0.9268)  loss_ddf_aux_0: 0.0383 (0.0387)  loss_mal_aux_1: 1.7256 (1.7330)  loss_bbox_aux_1: 1.4113 (1.4936)  loss_giou_aux_1: 1.3932 (1.4202)  loss_fgl_aux_1: 0.9102 (0.9152)  loss_ddf_aux_1: 0.0046 (0.0051)  loss_mal_aux_2: 1.7539 (1.7672)  loss_bbox_aux_2: 1.3233 (1.4710)  loss_giou_aux_2: 1.3962 (1.4081)  loss_fgl_aux_2: 0.9253 (0.9185)  loss_ddf_aux_2: 0.0004 (0.0006)  loss_mal_pre: 1.6914 (1.5981)  loss_bbox_pre: 1.4905 (1.5361)  loss_giou_pre: 1.4839 (1.4544)  loss_mal_enc_0: 1.5059 (1.6613)  loss_bbox_enc_0: 1.5728 (1.6486)  loss_giou_enc_0: 1.4644 (1.5035)  loss_mal_dn_0: 1.0742 (1.0777)  loss_bbox_dn_0: 1.4605 (1.4567)  loss_giou_dn_0: 1.4257 (1.4443)  loss_fgl_dn_0: 1.2295 (1.2875)  loss_ddf_dn_0: 0.1100 (0.1179)  loss_mal_dn_1: 1.2334 (1.2563)  loss_bbox_dn_1: 1.5305 (1.4864)  loss_giou_dn_1: 1.3525 (1.3753)  loss_fgl_dn_1: 1.1917 (1.2442)  loss_ddf_dn_1: 0.0211 (0.0229)  loss_mal_dn_2: 1.2178 (1.2546)  loss_bbox_dn_2: 1.4618 (1.4578)  loss_giou_dn_2: 1.3353 (1.3586)  loss_fgl_dn_2: 1.1985 (1.2483)  loss_ddf_dn_2: 0.0031 (0.0034)  loss_mal_dn_3: 1.1914 (1.2502)  loss_bbox_dn_3: 1.4469 (1.4597)  loss_giou_dn_3: 1.3233 (1.3431)  loss_fgl_dn_3: 1.2148 (1.2665)  loss_mal_dn_pre: 1.1543 (1.1853)  loss_bbox_dn_pre: 1.3539 (1.3532)  loss_giou_dn_pre: 1.3835 (1.3679)  time: 0.2547  data: 0.0361  max mem: 1824
Epoch: [0] Total time: 0:00:02 (0.2604 s / it)
Averaged stats: lr: 0.000000  loss: 57.7506 (56.8617)  loss_mal: 1.7168 (1.7368)  loss_bbox: 1.3301 (1.4687)  loss_giou: 1.3951 (1.4038)  loss_fgl: 0.9234 (0.9236)  loss_mal_aux_0: 1.6328 (1.5482)  loss_bbox_aux_0: 1.4587 (1.5107)  loss_giou_aux_0: 1.4776 (1.4517)  loss_fgl_aux_0: 0.8917 (0.9268)  loss_ddf_aux_0: 0.0383 (0.0387)  loss_mal_aux_1: 1.7256 (1.7330)  loss_bbox_aux_1: 1.4113 (1.4936)  loss_giou_aux_1: 1.3932 (1.4202)  loss_fgl_aux_1: 0.9102 (0.9152)  loss_ddf_aux_1: 0.0046 (0.0051)  loss_mal_aux_2: 1.7539 (1.7672)  loss_bbox_aux_2: 1.3233 (1.4710)  loss_giou_aux_2: 1.3962 (1.4081)  loss_fgl_aux_2: 0.9253 (0.9185)  loss_ddf_aux_2: 0.0004 (0.0006)  loss_mal_pre: 1.6914 (1.5981)  loss_bbox_pre: 1.4905 (1.5361)  loss_giou_pre: 1.4839 (1.4544)  loss_mal_enc_0: 1.5059 (1.6613)  loss_bbox_enc_0: 1.5728 (1.6486)  loss_giou_enc_0: 1.4644 (1.5035)  loss_mal_dn_0: 1.0742 (1.0777)  loss_bbox_dn_0: 1.4605 (1.4567)  loss_giou_dn_0: 1.4257 (1.4443)  loss_fgl_dn_0: 1.2295 (1.2875)  loss_ddf_dn_0: 0.1100 (0.1179)  loss_mal_dn_1: 1.2334 (1.2563)  loss_bbox_dn_1: 1.5305 (1.4864)  loss_giou_dn_1: 1.3525 (1.3753)  loss_fgl_dn_1: 1.1917 (1.2442)  loss_ddf_dn_1: 0.0211 (0.0229)  loss_mal_dn_2: 1.2178 (1.2546)  loss_bbox_dn_2: 1.4618 (1.4578)  loss_giou_dn_2: 1.3353 (1.3586)  loss_fgl_dn_2: 1.1985 (1.2483)  loss_ddf_dn_2: 0.0031 (0.0034)  loss_mal_dn_3: 1.1914 (1.2502)  loss_bbox_dn_3: 1.4469 (1.4597)  loss_giou_dn_3: 1.3233 (1.3431)  loss_fgl_dn_3: 1.2148 (1.2665)  loss_mal_dn_pre: 1.1543 (1.1853)  loss_bbox_dn_pre: 1.3539 (1.3532)  loss_giou_dn_pre: 1.3835 (1.3679)
Test:  [0/4]  eta: 0:00:01    time: 0.3878  data: 0.3225  max mem: 1824
Test:  [3/4]  eta: 0:00:00    time: 0.1203  data: 0.0825  max mem: 1824
Test: Total time: 0:00:00 (0.1382 s / it)
Averaged stats: 
Accumulating evaluation results...
COCOeval_opt.accumulate() finished...
DONE (t=0.00s).
IoU metric: bbox
 Average Precision  (AP) @[ IoU=0.50:0.95 | area=   all | maxDets=100 ] = 0.004
 Average Precision  (AP) @[ IoU=0.50      | area=   all | maxDets=100 ] = 0.005
 Average Precision  (AP) @[ IoU=0.75      | area=   all | maxDets=100 ] = 0.004
 Average Precision  (AP) @[ IoU=0.50:0.95 | area= small | maxDets=100 ] = -1.000
 Average Precision  (AP) @[ IoU=0.50:0.95 | area=medium | maxDets=100 ] = -1.000
 Average Precision  (AP) @[ IoU=0.50:0.95 | area= large | maxDets=100 ] = 0.005
 Average Recall     (AR) @[ IoU=0.50:0.95 | area=   all | maxDets=  1 ] = 0.027
 Average Recall     (AR) @[ IoU=0.50:0.95 | area=   all | maxDets= 10 ] = 0.077
 Average Recall     (AR) @[ IoU=0.50:0.95 | area=   all | maxDets=100 ] = 0.330
 Average Recall     (AR) @[ IoU=0.50:0.95 | area= small | maxDets=100 ] = -1.000
 Average Recall     (AR) @[ IoU=0.50:0.95 | area=medium | maxDets=100 ] = -1.000
 Average Recall     (AR) @[ IoU=0.50:0.95 | area= large | maxDets=100 ] = 0.330
 Average Recall     (AR) @[ IoU=0.50      | area=   all | maxDets=100 ] = 0.400
 Average Recall     (AR) @[ IoU=0.75      | area=   all | maxDets=100 ] = 0.333
best_stat: {'epoch': 0, 'coco_eval_bbox': 0.004007772196974206}
Epoch: [1]  [0/8]  eta: 0:00:03  lr: 0.000000  loss: 58.0239 (58.0239)  loss_mal: 2.1055 (2.1055)  loss_bbox: 1.4248 (1.4248)  loss_giou: 1.3748 (1.3748)  loss_fgl: 0.7061 (0.7061)  loss_mal_aux_0: 2.0859 (2.0859)  loss_bbox_aux_0: 1.4181 (1.4181)  loss_giou_aux_0: 1.3901 (1.3901)  loss_fgl_aux_0: 0.7121 (0.7121)  loss_ddf_aux_0: 0.0272 (0.0272)  loss_mal_aux_1: 2.1016 (2.1016)  loss_bbox_aux_1: 1.4251 (1.4251)  loss_giou_aux_1: 1.3725 (1.3725)  loss_fgl_aux_1: 0.6940 (0.6940)  loss_ddf_aux_1: 0.0030 (0.0030)  loss_mal_aux_2: 2.1191 (2.1191)  loss_bbox_aux_2: 1.4258 (1.4258)  loss_giou_aux_2: 1.3771 (1.3771)  loss_fgl_aux_2: 0.7047 (0.7047)  loss_ddf_aux_2: 0.0002 (0.0002)  loss_mal_pre: 2.0742 (2.0742)  loss_bbox_pre: 1.5723 (1.5723)  loss_giou_pre: 1.4403 (1.4403)  loss_mal_enc_0: 2.2539 (2.2539)  loss_bbox_enc_0: 1.4726 (1.4726)  loss_giou_enc_0: 1.4370 (1.4370)  loss_mal_dn_0: 1.0918 (1.0918)  loss_bbox_dn_0: 1.4694 (1.4694)  loss_giou_dn_0: 1.4272 (1.4272)  loss_fgl_dn_0: 1.2780 (1.2780)  loss_ddf_dn_0: 0.1075 (0.1075)  loss_mal_dn_1: 1.3398 (1.3398)  loss_bbox_dn_1: 1.4080 (1.4080)  loss_giou_dn_1: 1.3274 (1.3274)  loss_fgl_dn_1: 1.2862 (1.2862)  loss_ddf_dn_1: 0.0199 (0.0199)  loss_mal_dn_2: 1.3555 (1.3555)  loss_bbox_dn_2: 1.3839 (1.3839)  loss_giou_dn_2: 1.2978 (1.2978)  loss_fgl_dn_2: 1.2864 (1.2864)  loss_ddf_dn_2: 0.0031 (0.0031)  loss_mal_dn_3: 1.3916 (1.3916)  loss_bbox_dn_3: 1.3373 (1.3373)  loss_giou_dn_3: 1.2677 (1.2677)  loss_fgl_dn_3: 1.3075 (1.3075)  loss_mal_dn_pre: 1.3291 (1.3291)  loss_bbox_dn_pre: 1.2983 (1.2983)  loss_giou_dn_pre: 1.2924 (1.2924)  time: 0.4785  data: 0.3416  max mem: 1861
Epoch: [1]  [7/8]  eta: 0:00:00  lr: 0.000000  loss: 56.9722 (56.7261)  loss_mal: 1.5098 (1.8015)  loss_bbox: 1.4248 (1.4738)  loss_giou: 1.4445 (1.3818)  loss_fgl: 0.7352 (0.8490)  loss_mal_aux_0: 1.5312 (1.7030)  loss_bbox_aux_0: 1.4181 (1.4975)  loss_giou_aux_0: 1.4226 (1.4015)  loss_fgl_aux_0: 0.7500 (0.8672)  loss_ddf_aux_0: 0.0359 (0.0394)  loss_mal_aux_1: 1.5732 (1.8419)  loss_bbox_aux_1: 1.4251 (1.4814)  loss_giou_aux_1: 1.4317 (1.3858)  loss_fgl_aux_1: 0.7282 (0.8412)  loss_ddf_aux_1: 0.0057 (0.0066)  loss_mal_aux_2: 1.5498 (1.8579)  loss_bbox_aux_2: 1.4258 (1.4732)  loss_giou_aux_2: 1.4495 (1.3816)  loss_fgl_aux_2: 0.7364 (0.8480)  loss_ddf_aux_2: 0.0004 (0.0006)  loss_mal_pre: 1.4307 (1.6779)  loss_bbox_pre: 1.5378 (1.5548)  loss_giou_pre: 1.4403 (1.4074)  loss_mal_enc_0: 1.6807 (1.7581)  loss_bbox_enc_0: 1.5320 (1.6671)  loss_giou_enc_0: 1.4790 (1.4369)  loss_mal_dn_0: 1.0410 (1.1250)  loss_bbox_dn_0: 1.4694 (1.4052)  loss_giou_dn_0: 1.4272 (1.4147)  loss_fgl_dn_0: 1.3070 (1.2741)  loss_ddf_dn_0: 0.1180 (0.1150)  loss_mal_dn_1: 1.2744 (1.3386)  loss_bbox_dn_1: 1.4118 (1.4092)  loss_giou_dn_1: 1.3274 (1.3381)  loss_fgl_dn_1: 1.2560 (1.2343)  loss_ddf_dn_1: 0.0238 (0.0228)  loss_mal_dn_2: 1.2529 (1.3237)  loss_bbox_dn_2: 1.4117 (1.3831)  loss_giou_dn_2: 1.2978 (1.3233)  loss_fgl_dn_2: 1.2508 (1.2341)  loss_ddf_dn_2: 0.0031 (0.0034)  loss_mal_dn_3: 1.2363 (1.3181)  loss_bbox_dn_3: 1.4110 (1.3799)  loss_giou_dn_3: 1.2677 (1.3072)  loss_fgl_dn_3: 1.2686 (1.2476)  loss_mal_dn_pre: 1.1143 (1.2130)  loss_bbox_dn_pre: 1.3497 (1.3264)  loss_giou_dn_pre: 1.3194 (1.3545)  time: 0.1771  data: 0.0447  max mem: 1861
Epoch: [1] Total time: 0:00:01 (0.1849 s / it)
Averaged stats: lr: 0.000000  loss: 56.9722 (56.7261)  loss_mal: 1.5098 (1.8015)  loss_bbox: 1.4248 (1.4738)  loss_giou: 1.4445 (1.3818)  loss_fgl: 0.7352 (0.8490)  loss_mal_aux_0: 1.5312 (1.7030)  loss_bbox_aux_0: 1.4181 (1.4975)  loss_giou_aux_0: 1.4226 (1.4015)  loss_fgl_aux_0: 0.7500 (0.8672)  loss_ddf_aux_0: 0.0359 (0.0394)  loss_mal_aux_1: 1.5732 (1.8419)  loss_bbox_aux_1: 1.4251 (1.4814)  loss_giou_aux_1: 1.4317 (1.3858)  loss_fgl_aux_1: 0.7282 (0.8412)  loss_ddf_aux_1: 0.0057 (0.0066)  loss_mal_aux_2: 1.5498 (1.8579)  loss_bbox_aux_2: 1.4258 (1.4732)  loss_giou_aux_2: 1.4495 (1.3816)  loss_fgl_aux_2: 0.7364 (0.8480)  loss_ddf_aux_2: 0.0004 (0.0006)  loss_mal_pre: 1.4307 (1.6779)  loss_bbox_pre: 1.5378 (1.5548)  loss_giou_pre: 1.4403 (1.4074)  loss_mal_enc_0: 1.6807 (1.7581)  loss_bbox_enc_0: 1.5320 (1.6671)  loss_giou_enc_0: 1.4790 (1.4369)  loss_mal_dn_0: 1.0410 (1.1250)  loss_bbox_dn_0: 1.4694 (1.4052)  loss_giou_dn_0: 1.4272 (1.4147)  loss_fgl_dn_0: 1.3070 (1.2741)  loss_ddf_dn_0: 0.1180 (0.1150)  loss_mal_dn_1: 1.2744 (1.3386)  loss_bbox_dn_1: 1.4118 (1.4092)  loss_giou_dn_1: 1.3274 (1.3381)  loss_fgl_dn_1: 1.2560 (1.2343)  loss_ddf_dn_1: 0.0238 (0.0228)  loss_mal_dn_2: 1.2529 (1.3237)  loss_bbox_dn_2: 1.4117 (1.3831)  loss_giou_dn_2: 1.2978 (1.3233)  loss_fgl_dn_2: 1.2508 (1.2341)  loss_ddf_dn_2: 0.0031 (0.0034)  loss_mal_dn_3: 1.2363 (1.3181)  loss_bbox_dn_3: 1.4110 (1.3799)  loss_giou_dn_3: 1.2677 (1.3072)  loss_fgl_dn_3: 1.2686 (1.2476)  loss_mal_dn_pre: 1.1143 (1.2130)  loss_bbox_dn_pre: 1.3497 (1.3264)  loss_giou_dn_pre: 1.3194 (1.3545)
Test:  [0/4]  eta: 0:00:01    time: 0.3474  data: 0.3170  max mem: 1861
Test:  [3/4]  eta: 0:00:00    time: 0.1064  data: 0.0811  max mem: 1861
Test: Total time: 0:00:00 (0.1211 s / it)
Averaged stats: 
Accumulating evaluation results...
COCOeval_opt.accumulate() finished...
DONE (t=0.00s).
IoU metric: bbox
 Average Precision  (AP) @[ IoU=0.50:0.95 | area=   all | maxDets=100 ] = 0.004
 Average Precision  (AP) @[ IoU=0.50      | area=   all | maxDets=100 ] = 0.006
 Average Precision  (AP) @[ IoU=0.75      | area=   all | maxDets=100 ] = 0.005
 Average Precision  (AP) @[ IoU=0.50:0.95 | area= small | maxDets=100 ] = -1.000
 Average Precision  (AP) @[ IoU=0.50:0.95 | area=medium | maxDets=100 ] = -1.000
 Average Precision  (AP) @[ IoU=0.50:0.95 | area= large | maxDets=100 ] = 0.006
 Average Recall     (AR) @[ IoU=0.50:0.95 | area=   all | maxDets=  1 ] = 0.053
 Average Recall     (AR) @[ IoU=0.50:0.95 | area=   all | maxDets= 10 ] = 0.060
 Average Recall     (AR) @[ IoU=0.50:0.95 | area=   all | maxDets=100 ] = 0.367
 Average Recall     (AR) @[ IoU=0.50:0.95 | area= small | maxDets=100 ] = -1.000
 Average Recall     (AR) @[ IoU=0.50:0.95 | area=medium | maxDets=100 ] = -1.000
 Average Recall     (AR) @[ IoU=0.50:0.95 | area= large | maxDets=100 ] = 0.367
 Average Recall     (AR) @[ IoU=0.50      | area=   all | maxDets=100 ] = 0.500
 Average Recall     (AR) @[ IoU=0.75      | area=   all | maxDets=100 ] = 0.400
best_stat: {'epoch': 1, 'coco_eval_bbox': 0.004050110875877537}
Epoch: [2]  [0/8]  eta: 0:00:03  lr: 0.000000  loss: 51.2694 (51.2694)  loss_mal: 1.2520 (1.2520)  loss_bbox: 1.2654 (1.2654)  loss_giou: 1.4686 (1.4686)  loss_fgl: 0.8016 (0.8016)  loss_mal_aux_0: 1.0420 (1.0420)  loss_bbox_aux_0: 1.2449 (1.2449)  loss_giou_aux_0: 1.5636 (1.5636)  loss_fgl_aux_0: 0.7854 (0.7854)  loss_ddf_aux_0: 0.0594 (0.0594)  loss_mal_aux_1: 1.2715 (1.2715)  loss_bbox_aux_1: 1.2358 (1.2358)  loss_giou_aux_1: 1.4771 (1.4771)  loss_fgl_aux_1: 0.8070 (0.8070)  loss_ddf_aux_1: 0.0074 (0.0074)  loss_mal_aux_2: 1.2588 (1.2588)  loss_bbox_aux_2: 1.2689 (1.2689)  loss_giou_aux_2: 1.4671 (1.4671)  loss_fgl_aux_2: 0.8100 (0.8100)  loss_ddf_aux_2: 0.0004 (0.0004)  loss_mal_pre: 1.0703 (1.0703)  loss_bbox_pre: 1.2184 (1.2184)  loss_giou_pre: 1.5587 (1.5587)  loss_mal_enc_0: 1.4316 (1.4316)  loss_bbox_enc_0: 1.3393 (1.3393)  loss_giou_enc_0: 1.6530 (1.6530)  loss_mal_dn_0: 0.9146 (0.9146)  loss_bbox_dn_0: 1.3554 (1.3554)  loss_giou_dn_0: 1.5286 (1.5286)  loss_fgl_dn_0: 1.1613 (1.1613)  loss_ddf_dn_0: 0.1018 (0.1018)  loss_mal_dn_1: 1.1143 (1.1143)  loss_bbox_dn_1: 1.3390 (1.3390)  loss_giou_dn_1: 1.4494 (1.4494)  loss_fgl_dn_1: 1.1381 (1.1381)  loss_ddf_dn_1: 0.0254 (0.0254)  loss_mal_dn_2: 1.0898 (1.0898)  loss_bbox_dn_2: 1.3458 (1.3458)  loss_giou_dn_2: 1.4362 (1.4362)  loss_fgl_dn_2: 1.1529 (1.1529)  loss_ddf_dn_2: 0.0032 (0.0032)  loss_mal_dn_3: 1.0713 (1.0713)  loss_bbox_dn_3: 1.3652 (1.3652)  loss_giou_dn_3: 1.4273 (1.4273)  loss_fgl_dn_3: 1.1649 (1.1649)  loss_mal_dn_pre: 0.9712 (0.9712)  loss_bbox_dn_pre: 1.2744 (1.2744)  loss_giou_dn_pre: 1.4813 (1.4813)  time: 0.4870  data: 0.3498  max mem: 1861
Epoch: [2]  [7/8]  eta: 0:00:00  lr: 0.000000  loss: 56.1598 (56.5592)  loss_mal: 1.5127 (1.4918)  loss_bbox: 1.4680 (1.6214)  loss_giou: 1.4960 (1.5067)  loss_fgl: 0.7315 (0.8510)  loss_mal_aux_0: 1.4141 (1.3591)  loss_bbox_aux_0: 1.5744 (1.6733)  loss_giou_aux_0: 1.5636 (1.5425)  loss_fgl_aux_0: 0.7345 (0.8641)  loss_ddf_aux_0: 0.0384 (0.0417)  loss_mal_aux_1: 1.5781 (1.5388)  loss_bbox_aux_1: 1.4616 (1.6058)  loss_giou_aux_1: 1.4771 (1.5026)  loss_fgl_aux_1: 0.7324 (0.8573)  loss_ddf_aux_1: 0.0060 (0.0065)  loss_mal_aux_2: 1.5693 (1.5211)  loss_bbox_aux_2: 1.4649 (1.6184)  loss_giou_aux_2: 1.4942 (1.5071)  loss_fgl_aux_2: 0.7317 (0.8494)  loss_ddf_aux_2: 0.0004 (0.0006)  loss_mal_pre: 1.4170 (1.3845)  loss_bbox_pre: 1.9004 (1.7546)  loss_giou_pre: 1.5518 (1.5322)  loss_mal_enc_0: 1.3330 (1.4779)  loss_bbox_enc_0: 1.9172 (1.7335)  loss_giou_enc_0: 1.5396 (1.5640)  loss_mal_dn_0: 1.0742 (1.0954)  loss_bbox_dn_0: 1.4712 (1.4601)  loss_giou_dn_0: 1.4451 (1.4329)  loss_fgl_dn_0: 1.1862 (1.2445)  loss_ddf_dn_0: 0.1154 (0.1215)  loss_mal_dn_1: 1.2812 (1.3123)  loss_bbox_dn_1: 1.4522 (1.4564)  loss_giou_dn_1: 1.3609 (1.3518)  loss_fgl_dn_1: 1.1538 (1.1915)  loss_ddf_dn_1: 0.0254 (0.0273)  loss_mal_dn_2: 1.2891 (1.3066)  loss_bbox_dn_2: 1.4129 (1.4276)  loss_giou_dn_2: 1.3402 (1.3317)  loss_fgl_dn_2: 1.1562 (1.1929)  loss_ddf_dn_2: 0.0032 (0.0039)  loss_mal_dn_3: 1.3066 (1.3105)  loss_bbox_dn_3: 1.4049 (1.4356)  loss_giou_dn_3: 1.3173 (1.3134)  loss_fgl_dn_3: 1.1832 (1.2093)  loss_mal_dn_pre: 1.1348 (1.1757)  loss_bbox_dn_pre: 1.3878 (1.3746)  loss_giou_dn_pre: 1.3830 (1.3775)  time: 0.2735  data: 0.0464  max mem: 2550
Epoch: [2] Total time: 0:00:02 (0.2832 s / it)
Averaged stats: lr: 0.000000  loss: 56.1598 (56.5592)  loss_mal: 1.5127 (1.4918)  loss_bbox: 1.4680 (1.6214)  loss_giou: 1.4960 (1.5067)  loss_fgl: 0.7315 (0.8510)  loss_mal_aux_0: 1.4141 (1.3591)  loss_bbox_aux_0: 1.5744 (1.6733)  loss_giou_aux_0: 1.5636 (1.5425)  loss_fgl_aux_0: 0.7345 (0.8641)  loss_ddf_aux_0: 0.0384 (0.0417)  loss_mal_aux_1: 1.5781 (1.5388)  loss_bbox_aux_1: 1.4616 (1.6058)  loss_giou_aux_1: 1.4771 (1.5026)  loss_fgl_aux_1: 0.7324 (0.8573)  loss_ddf_aux_1: 0.0060 (0.0065)  loss_mal_aux_2: 1.5693 (1.5211)  loss_bbox_aux_2: 1.4649 (1.6184)  loss_giou_aux_2: 1.4942 (1.5071)  loss_fgl_aux_2: 0.7317 (0.8494)  loss_ddf_aux_2: 0.0004 (0.0006)  loss_mal_pre: 1.4170 (1.3845)  loss_bbox_pre: 1.9004 (1.7546)  loss_giou_pre: 1.5518 (1.5322)  loss_mal_enc_0: 1.3330 (1.4779)  loss_bbox_enc_0: 1.9172 (1.7335)  loss_giou_enc_0: 1.5396 (1.5640)  loss_mal_dn_0: 1.0742 (1.0954)  loss_bbox_dn_0: 1.4712 (1.4601)  loss_giou_dn_0: 1.4451 (1.4329)  loss_fgl_dn_0: 1.1862 (1.2445)  loss_ddf_dn_0: 0.1154 (0.1215)  loss_mal_dn_1: 1.2812 (1.3123)  loss_bbox_dn_1: 1.4522 (1.4564)  loss_giou_dn_1: 1.3609 (1.3518)  loss_fgl_dn_1: 1.1538 (1.1915)  loss_ddf_dn_1: 0.0254 (0.0273)  loss_mal_dn_2: 1.2891 (1.3066)  loss_bbox_dn_2: 1.4129 (1.4276)  loss_giou_dn_2: 1.3402 (1.3317)  loss_fgl_dn_2: 1.1562 (1.1929)  loss_ddf_dn_2: 0.0032 (0.0039)  loss_mal_dn_3: 1.3066 (1.3105)  loss_bbox_dn_3: 1.4049 (1.4356)  loss_giou_dn_3: 1.3173 (1.3134)  loss_fgl_dn_3: 1.1832 (1.2093)  loss_mal_dn_pre: 1.1348 (1.1757)  loss_bbox_dn_pre: 1.3878 (1.3746)  loss_giou_dn_pre: 1.3830 (1.3775)
Test:  [0/4]  eta: 0:00:01    time: 0.3574  data: 0.3259  max mem: 2550
Test:  [3/4]  eta: 0:00:00    time: 0.1090  data: 0.0834  max mem: 2550
Test: Total time: 0:00:00 (0.1261 s / it)
Averaged stats: 
Accumulating evaluation results...
COCOeval_opt.accumulate() finished...
DONE (t=0.00s).
IoU metric: bbox
 Average Precision  (AP) @[ IoU=0.50:0.95 | area=   all | maxDets=100 ] = 0.004
 Average Precision  (AP) @[ IoU=0.50      | area=   all | maxDets=100 ] = 0.006
 Average Precision  (AP) @[ IoU=0.75      | area=   all | maxDets=100 ] = 0.005
 Average Precision  (AP) @[ IoU=0.50:0.95 | area= small | maxDets=100 ] = -1.000
 Average Precision  (AP) @[ IoU=0.50:0.95 | area=medium | maxDets=100 ] = -1.000
 Average Precision  (AP) @[ IoU=0.50:0.95 | area= large | maxDets=100 ] = 0.006
 Average Recall     (AR) @[ IoU=0.50:0.95 | area=   all | maxDets=  1 ] = 0.033
 Average Recall     (AR) @[ IoU=0.50:0.95 | area=   all | maxDets= 10 ] = 0.063
 Average Recall     (AR) @[ IoU=0.50:0.95 | area=   all | maxDets=100 ] = 0.390
 Average Recall     (AR) @[ IoU=0.50:0.95 | area= small | maxDets=100 ] = -1.000
 Average Recall     (AR) @[ IoU=0.50:0.95 | area=medium | maxDets=100 ] = -1.000
 Average Recall     (AR) @[ IoU=0.50:0.95 | area= large | maxDets=100 ] = 0.390
 Average Recall     (AR) @[ IoU=0.50      | area=   all | maxDets=100 ] = 0.533
 Average Recall     (AR) @[ IoU=0.75      | area=   all | maxDets=100 ] = 0.433
best_stat: {'epoch': 2, 'coco_eval_bbox': 0.004095685227638115}
Epoch: [3]  [0/8]  eta: 0:00:03  lr: 0.000000  loss: 52.3504 (52.3504)  loss_mal: 1.5654 (1.5654)  loss_bbox: 1.0262 (1.0262)  loss_giou: 1.2197 (1.2197)  loss_fgl: 1.2103 (1.2103)  loss_mal_aux_0: 1.5430 (1.5430)  loss_bbox_aux_0: 1.0552 (1.0552)  loss_giou_aux_0: 1.2482 (1.2482)  loss_fgl_aux_0: 1.2006 (1.2006)  loss_ddf_aux_0: 0.0328 (0.0328)  loss_mal_aux_1: 1.6660 (1.6660)  loss_bbox_aux_1: 1.0351 (1.0351)  loss_giou_aux_1: 1.2167 (1.2167)  loss_fgl_aux_1: 1.2064 (1.2064)  loss_ddf_aux_1: 0.0054 (0.0054)  loss_mal_aux_2: 1.6270 (1.6270)  loss_bbox_aux_2: 1.0211 (1.0211)  loss_giou_aux_2: 1.2082 (1.2082)  loss_fgl_aux_2: 1.2168 (1.2168)  loss_ddf_aux_2: 0.0006 (0.0006)  loss_mal_pre: 1.6406 (1.6406)  loss_bbox_pre: 1.0481 (1.0481)  loss_giou_pre: 1.2146 (1.2146)  loss_mal_enc_0: 1.7891 (1.7891)  loss_bbox_enc_0: 1.0839 (1.0839)  loss_giou_enc_0: 1.2460 (1.2460)  loss_mal_dn_0: 1.0576 (1.0576)  loss_bbox_dn_0: 1.3994 (1.3994)  loss_giou_dn_0: 1.4438 (1.4438)  loss_fgl_dn_0: 1.1146 (1.1146)  loss_ddf_dn_0: 0.1044 (0.1044)  loss_mal_dn_1: 1.2812 (1.2812)  loss_bbox_dn_1: 1.3118 (1.3118)  loss_giou_dn_1: 1.3668 (1.3668)  loss_fgl_dn_1: 1.0558 (1.0558)  loss_ddf_dn_1: 0.0235 (0.0235)  loss_mal_dn_2: 1.2080 (1.2080)  loss_bbox_dn_2: 1.3693 (1.3693)  loss_giou_dn_2: 1.3705 (1.3705)  loss_fgl_dn_2: 1.0453 (1.0453)  loss_ddf_dn_2: 0.0034 (0.0034)  loss_mal_dn_3: 1.2197 (1.2197)  loss_bbox_dn_3: 1.3691 (1.3691)  loss_giou_dn_3: 1.3483 (1.3483)  loss_fgl_dn_3: 1.0714 (1.0714)  loss_mal_dn_pre: 1.1172 (1.1172)  loss_bbox_dn_pre: 1.3408 (1.3408)  loss_giou_dn_pre: 1.4014 (1.4014)  time: 0.4707  data: 0.3323  max mem: 2550
Epoch: [3]  [7/8]  eta: 0:00:00  lr: 0.000000  loss: 54.1690 (55.1882)  loss_mal: 1.4805 (1.4083)  loss_bbox: 1.2163 (1.5139)  loss_giou: 1.4454 (1.4779)  loss_fgl: 0.7397 (0.8682)  loss_mal_aux_0: 1.4404 (1.3660)  loss_bbox_aux_0: 1.2259 (1.5266)  loss_giou_aux_0: 1.4753 (1.5170)  loss_fgl_aux_0: 0.7449 (0.8612)  loss_ddf_aux_0: 0.0364 (0.0392)  loss_mal_aux_1: 1.4980 (1.4623)  loss_bbox_aux_1: 1.2530 (1.5000)  loss_giou_aux_1: 1.4483 (1.4884)  loss_fgl_aux_1: 0.7569 (0.8603)  loss_ddf_aux_1: 0.0054 (0.0061)  loss_mal_aux_2: 1.5400 (1.4398)  loss_bbox_aux_2: 1.2097 (1.4937)  loss_giou_aux_2: 1.4472 (1.4778)  loss_fgl_aux_2: 0.7362 (0.8723)  loss_ddf_aux_2: 0.0006 (0.0008)  loss_mal_pre: 1.4541 (1.3813)  loss_bbox_pre: 1.2597 (1.5969)  loss_giou_pre: 1.4639 (1.4877)  loss_mal_enc_0: 1.3457 (1.4100)  loss_bbox_enc_0: 1.3739 (1.6563)  loss_giou_enc_0: 1.5397 (1.5271)  loss_mal_dn_0: 1.1025 (1.1301)  loss_bbox_dn_0: 1.4112 (1.3747)  loss_giou_dn_0: 1.3781 (1.4004)  loss_fgl_dn_0: 1.2444 (1.2748)  loss_ddf_dn_0: 0.1044 (0.1248)  loss_mal_dn_1: 1.3379 (1.3228)  loss_bbox_dn_1: 1.4101 (1.4189)  loss_giou_dn_1: 1.3182 (1.3333)  loss_fgl_dn_1: 1.2104 (1.1979)  loss_ddf_dn_1: 0.0235 (0.0269)  loss_mal_dn_2: 1.2646 (1.3059)  loss_bbox_dn_2: 1.4084 (1.4048)  loss_giou_dn_2: 1.2948 (1.3160)  loss_fgl_dn_2: 1.2131 (1.2043)  loss_ddf_dn_2: 0.0034 (0.0036)  loss_mal_dn_3: 1.2930 (1.3192)  loss_bbox_dn_3: 1.4020 (1.4096)  loss_giou_dn_3: 1.2877 (1.2963)  loss_fgl_dn_3: 1.2365 (1.2259)  loss_mal_dn_pre: 1.2295 (1.2195)  loss_bbox_dn_pre: 1.3422 (1.2952)  loss_giou_dn_pre: 1.3323 (1.3441)  time: 0.2098  data: 0.0437  max mem: 2550
Epoch: [3] Total time: 0:00:01 (0.2167 s / it)
Averaged stats: lr: 0.000000  loss: 54.1690 (55.1882)  loss_mal: 1.4805 (1.4083)  loss_bbox: 1.2163 (1.5139)  loss_giou: 1.4454 (1.4779)  loss_fgl: 0.7397 (0.8682)  loss_mal_aux_0: 1.4404 (1.3660)  loss_bbox_aux_0: 1.2259 (1.5266)  loss_giou_aux_0: 1.4753 (1.5170)  loss_fgl_aux_0: 0.7449 (0.8612)  loss_ddf_aux_0: 0.0364 (0.0392)  loss_mal_aux_1: 1.4980 (1.4623)  loss_bbox_aux_1: 1.2530 (1.5000)  loss_giou_aux_1: 1.4483 (1.4884)  loss_fgl_aux_1: 0.7569 (0.8603)  loss_ddf_aux_1: 0.0054 (0.0061)  loss_mal_aux_2: 1.5400 (1.4398)  loss_bbox_aux_2: 1.2097 (1.4937)  loss_giou_aux_2: 1.4472 (1.4778)  loss_fgl_aux_2: 0.7362 (0.8723)  loss_ddf_aux_2: 0.0006 (0.0008)  loss_mal_pre: 1.4541 (1.3813)  loss_bbox_pre: 1.2597 (1.5969)  loss_giou_pre: 1.4639 (1.4877)  loss_mal_enc_0: 1.3457 (1.4100)  loss_bbox_enc_0: 1.3739 (1.6563)  loss_giou_enc_0: 1.5397 (1.5271)  loss_mal_dn_0: 1.1025 (1.1301)  loss_bbox_dn_0: 1.4112 (1.3747)  loss_giou_dn_0: 1.3781 (1.4004)  loss_fgl_dn_0: 1.2444 (1.2748)  loss_ddf_dn_0: 0.1044 (0.1248)  loss_mal_dn_1: 1.3379 (1.3228)  loss_bbox_dn_1: 1.4101 (1.4189)  loss_giou_dn_1: 1.3182 (1.3333)  loss_fgl_dn_1: 1.2104 (1.1979)  loss_ddf_dn_1: 0.0235 (0.0269)  loss_mal_dn_2: 1.2646 (1.3059)  loss_bbox_dn_2: 1.4084 (1.4048)  loss_giou_dn_2: 1.2948 (1.3160)  loss_fgl_dn_2: 1.2131 (1.2043)  loss_ddf_dn_2: 0.0034 (0.0036)  loss_mal_dn_3: 1.2930 (1.3192)  loss_bbox_dn_3: 1.4020 (1.4096)  loss_giou_dn_3: 1.2877 (1.2963)  loss_fgl_dn_3: 1.2365 (1.2259)  loss_mal_dn_pre: 1.2295 (1.2195)  loss_bbox_dn_pre: 1.3422 (1.2952)  loss_giou_dn_pre: 1.3323 (1.3441)
Test:  [0/4]  eta: 0:00:01    time: 0.3591  data: 0.3274  max mem: 2550
Test:  [3/4]  eta: 0:00:00    time: 0.1088  data: 0.0837  max mem: 2550
Test: Total time: 0:00:00 (0.1281 s / it)
Averaged stats: 
Accumulating evaluation results...
COCOeval_opt.accumulate() finished...
DONE (t=0.00s).
IoU metric: bbox
 Average Precision  (AP) @[ IoU=0.50:0.95 | area=   all | maxDets=100 ] = 0.004
 Average Precision  (AP) @[ IoU=0.50      | area=   all | maxDets=100 ] = 0.006
 Average Precision  (AP) @[ IoU=0.75      | area=   all | maxDets=100 ] = 0.004
 Average Precision  (AP) @[ IoU=0.50:0.95 | area= small | maxDets=100 ] = -1.000
 Average Precision  (AP) @[ IoU=0.50:0.95 | area=medium | maxDets=100 ] = -1.000
 Average Precision  (AP) @[ IoU=0.50:0.95 | area= large | maxDets=100 ] = 0.006
 Average Recall     (AR) @[ IoU=0.50:0.95 | area=   all | maxDets=  1 ] = 0.000
 Average Recall     (AR) @[ IoU=0.50:0.95 | area=   all | maxDets= 10 ] = 0.090
 Average Recall     (AR) @[ IoU=0.50:0.95 | area=   all | maxDets=100 ] = 0.350
 Average Recall     (AR) @[ IoU=0.50:0.95 | area= small | maxDets=100 ] = -1.000
 Average Recall     (AR) @[ IoU=0.50:0.95 | area=medium | maxDets=100 ] = -1.000
 Average Recall     (AR) @[ IoU=0.50:0.95 | area= large | maxDets=100 ] = 0.350
 Average Recall     (AR) @[ IoU=0.50      | area=   all | maxDets=100 ] = 0.500
 Average Recall     (AR) @[ IoU=0.75      | area=   all | maxDets=100 ] = 0.367
best_stat: {'epoch': 2, 'coco_eval_bbox': 0.004095685227638115}
Epoch: [4]  [0/8]  eta: 0:00:05  lr: 0.000000  loss: 44.3510 (44.3510)  loss_mal: 1.0186 (1.0186)  loss_bbox: 0.7307 (0.7307)  loss_giou: 1.5916 (1.5916)  loss_fgl: 0.6859 (0.6859)  loss_mal_aux_0: 0.9058 (0.9058)  loss_bbox_aux_0: 0.7500 (0.7500)  loss_giou_aux_0: 1.6209 (1.6209)  loss_fgl_aux_0: 0.6793 (0.6793)  loss_ddf_aux_0: 0.0372 (0.0372)  loss_mal_aux_1: 1.0332 (1.0332)  loss_bbox_aux_1: 0.7413 (0.7413)  loss_giou_aux_1: 1.5935 (1.5935)  loss_fgl_aux_1: 0.6835 (0.6835)  loss_ddf_aux_1: 0.0063 (0.0063)  loss_mal_aux_2: 1.0371 (1.0371)  loss_bbox_aux_2: 0.7339 (0.7339)  loss_giou_aux_2: 1.5914 (1.5914)  loss_fgl_aux_2: 0.6884 (0.6884)  loss_ddf_aux_2: 0.0007 (0.0007)  loss_mal_pre: 0.8696 (0.8696)  loss_bbox_pre: 0.7635 (0.7635)  loss_giou_pre: 1.6282 (1.6282)  loss_mal_enc_0: 0.7588 (0.7588)  loss_bbox_enc_0: 0.8723 (0.8723)  loss_giou_enc_0: 1.7172 (1.7172)  loss_mal_dn_0: 0.9297 (0.9297)  loss_bbox_dn_0: 0.8728 (0.8728)  loss_giou_dn_0: 1.5479 (1.5479)  loss_fgl_dn_0: 1.1501 (1.1501)  loss_ddf_dn_0: 0.1455 (0.1455)  loss_mal_dn_1: 1.0557 (1.0557)  loss_bbox_dn_1: 0.8927 (0.8927)  loss_giou_dn_1: 1.5142 (1.5142)  loss_fgl_dn_1: 1.1141 (1.1141)  loss_ddf_dn_1: 0.0292 (0.0292)  loss_mal_dn_2: 1.0518 (1.0518)  loss_bbox_dn_2: 0.8648 (0.8648)  loss_giou_dn_2: 1.4907 (1.4907)  loss_fgl_dn_2: 1.1225 (1.1225)  loss_ddf_dn_2: 0.0052 (0.0052)  loss_mal_dn_3: 1.0312 (1.0312)  loss_bbox_dn_3: 0.8743 (0.8743)  loss_giou_dn_3: 1.4905 (1.4905)  loss_fgl_dn_3: 1.1242 (1.1242)  loss_mal_dn_pre: 0.9448 (0.9448)  loss_bbox_dn_pre: 0.8275 (0.8275)  loss_giou_dn_pre: 1.5329 (1.5329)  time: 0.6330  data: 0.4852  max mem: 2550
Epoch: [4]  [7/8]  eta: 0:00:00  lr: 0.000000  loss: 46.7176 (47.5121)  loss_mal: 1.0889 (1.1672)  loss_bbox: 0.8147 (0.9766)  loss_giou: 1.5916 (1.6400)  loss_fgl: 0.6951 (0.7268)  loss_mal_aux_0: 1.0127 (1.0468)  loss_bbox_aux_0: 0.8412 (1.0018)  loss_giou_aux_0: 1.6209 (1.6721)  loss_fgl_aux_0: 0.7052 (0.7192)  loss_ddf_aux_0: 0.0376 (0.0448)  loss_mal_aux_1: 1.1738 (1.2195)  loss_bbox_aux_1: 0.8156 (0.9816)  loss_giou_aux_1: 1.5935 (1.6405)  loss_fgl_aux_1: 0.6986 (0.7263)  loss_ddf_aux_1: 0.0063 (0.0074)  loss_mal_aux_2: 1.1055 (1.1902)  loss_bbox_aux_2: 0.8160 (0.9755)  loss_giou_aux_2: 1.5914 (1.6383)  loss_fgl_aux_2: 0.6964 (0.7299)  loss_ddf_aux_2: 0.0007 (0.0008)  loss_mal_pre: 0.9668 (1.0402)  loss_bbox_pre: 0.8709 (1.0310)  loss_giou_pre: 1.6282 (1.6682)  loss_mal_enc_0: 0.9268 (0.9449)  loss_bbox_enc_0: 0.9633 (1.1263)  loss_giou_enc_0: 1.6922 (1.7433)  loss_mal_dn_0: 0.9629 (1.0145)  loss_bbox_dn_0: 0.8378 (0.8573)  loss_giou_dn_0: 1.5148 (1.5011)  loss_fgl_dn_0: 1.1761 (1.1798)  loss_ddf_dn_0: 0.1643 (0.1805)  loss_mal_dn_1: 1.1475 (1.1709)  loss_bbox_dn_1: 0.8313 (0.8571)  loss_giou_dn_1: 1.4176 (1.4473)  loss_fgl_dn_1: 1.1141 (1.1254)  loss_ddf_dn_1: 0.0292 (0.0344)  loss_mal_dn_2: 1.1299 (1.1737)  loss_bbox_dn_2: 0.8373 (0.8422)  loss_giou_dn_2: 1.3900 (1.4232)  loss_fgl_dn_2: 1.1225 (1.1321)  loss_ddf_dn_2: 0.0047 (0.0051)  loss_mal_dn_3: 1.1191 (1.1633)  loss_bbox_dn_3: 0.8465 (0.8463)  loss_giou_dn_3: 1.3780 (1.4132)  loss_fgl_dn_3: 1.1242 (1.1392)  loss_mal_dn_pre: 0.9805 (1.0356)  loss_bbox_dn_pre: 0.7718 (0.8197)  loss_giou_dn_pre: 1.5186 (1.4912)  time: 0.2145  data: 0.0807  max mem: 2550
Epoch: [4] Total time: 0:00:01 (0.2233 s / it)
Averaged stats: lr: 0.000000  loss: 46.7176 (47.5121)  loss_mal: 1.0889 (1.1672)  loss_bbox: 0.8147 (0.9766)  loss_giou: 1.5916 (1.6400)  loss_fgl: 0.6951 (0.7268)  loss_mal_aux_0: 1.0127 (1.0468)  loss_bbox_aux_0: 0.8412 (1.0018)  loss_giou_aux_0: 1.6209 (1.6721)  loss_fgl_aux_0: 0.7052 (0.7192)  loss_ddf_aux_0: 0.0376 (0.0448)  loss_mal_aux_1: 1.1738 (1.2195)  loss_bbox_aux_1: 0.8156 (0.9816)  loss_giou_aux_1: 1.5935 (1.6405)  loss_fgl_aux_1: 0.6986 (0.7263)  loss_ddf_aux_1: 0.0063 (0.0074)  loss_mal_aux_2: 1.1055 (1.1902)  loss_bbox_aux_2: 0.8160 (0.9755)  loss_giou_aux_2: 1.5914 (1.6383)  loss_fgl_aux_2: 0.6964 (0.7299)  loss_ddf_aux_2: 0.0007 (0.0008)  loss_mal_pre: 0.9668 (1.0402)  loss_bbox_pre: 0.8709 (1.0310)  loss_giou_pre: 1.6282 (1.6682)  loss_mal_enc_0: 0.9268 (0.9449)  loss_bbox_enc_0: 0.9633 (1.1263)  loss_giou_enc_0: 1.6922 (1.7433)  loss_mal_dn_0: 0.9629 (1.0145)  loss_bbox_dn_0: 0.8378 (0.8573)  loss_giou_dn_0: 1.5148 (1.5011)  loss_fgl_dn_0: 1.1761 (1.1798)  loss_ddf_dn_0: 0.1643 (0.1805)  loss_mal_dn_1: 1.1475 (1.1709)  loss_bbox_dn_1: 0.8313 (0.8571)  loss_giou_dn_1: 1.4176 (1.4473)  loss_fgl_dn_1: 1.1141 (1.1254)  loss_ddf_dn_1: 0.0292 (0.0344)  loss_mal_dn_2: 1.1299 (1.1737)  loss_bbox_dn_2: 0.8373 (0.8422)  loss_giou_dn_2: 1.3900 (1.4232)  loss_fgl_dn_2: 1.1225 (1.1321)  loss_ddf_dn_2: 0.0047 (0.0051)  loss_mal_dn_3: 1.1191 (1.1633)  loss_bbox_dn_3: 0.8465 (0.8463)  loss_giou_dn_3: 1.3780 (1.4132)  loss_fgl_dn_3: 1.1242 (1.1392)  loss_mal_dn_pre: 0.9805 (1.0356)  loss_bbox_dn_pre: 0.7718 (0.8197)  loss_giou_dn_pre: 1.5186 (1.4912)
Test:  [0/4]  eta: 0:00:01    time: 0.3680  data: 0.3378  max mem: 2550
Test:  [3/4]  eta: 0:00:00    time: 0.1110  data: 0.0863  max mem: 2550
Test: Total time: 0:00:00 (0.1312 s / it)
Averaged stats: 
Accumulating evaluation results...
COCOeval_opt.accumulate() finished...
DONE (t=0.00s).
IoU metric: bbox
 Average Precision  (AP) @[ IoU=0.50:0.95 | area=   all | maxDets=100 ] = 0.002
 Average Precision  (AP) @[ IoU=0.50      | area=   all | maxDets=100 ] = 0.003
 Average Precision  (AP) @[ IoU=0.75      | area=   all | maxDets=100 ] = 0.002
 Average Precision  (AP) @[ IoU=0.50:0.95 | area= small | maxDets=100 ] = -1.000
 Average Precision  (AP) @[ IoU=0.50:0.95 | area=medium | maxDets=100 ] = -1.000
 Average Precision  (AP) @[ IoU=0.50:0.95 | area= large | maxDets=100 ] = 0.003
 Average Recall     (AR) @[ IoU=0.50:0.95 | area=   all | maxDets=  1 ] = 0.000
 Average Recall     (AR) @[ IoU=0.50:0.95 | area=   all | maxDets= 10 ] = 0.027
 Average Recall     (AR) @[ IoU=0.50:0.95 | area=   all | maxDets=100 ] = 0.240
 Average Recall     (AR) @[ IoU=0.50:0.95 | area= small | maxDets=100 ] = -1.000
 Average Recall     (AR) @[ IoU=0.50:0.95 | area=medium | maxDets=100 ] = -1.000
 Average Recall     (AR) @[ IoU=0.50:0.95 | area= large | maxDets=100 ] = 0.240
 Average Recall     (AR) @[ IoU=0.50      | area=   all | maxDets=100 ] = 0.300
 Average Recall     (AR) @[ IoU=0.75      | area=   all | maxDets=100 ] = 0.267
best_stat: {'epoch': 2, 'coco_eval_bbox': 0.004095685227638115}
Epoch: [5]  [0/8]  eta: 0:00:04  lr: 0.000000  loss: 50.2475 (50.2475)  loss_mal: 1.4297 (1.4297)  loss_bbox: 1.0740 (1.0740)  loss_giou: 1.5064 (1.5064)  loss_fgl: 0.7922 (0.7922)  loss_mal_aux_0: 1.3682 (1.3682)  loss_bbox_aux_0: 1.1169 (1.1169)  loss_giou_aux_0: 1.5349 (1.5349)  loss_fgl_aux_0: 0.8108 (0.8108)  loss_ddf_aux_0: 0.0501 (0.0501)  loss_mal_aux_1: 1.5215 (1.5215)  loss_bbox_aux_1: 1.0757 (1.0757)  loss_giou_aux_1: 1.5073 (1.5073)  loss_fgl_aux_1: 0.7976 (0.7976)  loss_ddf_aux_1: 0.0087 (0.0087)  loss_mal_aux_2: 1.4805 (1.4805)  loss_bbox_aux_2: 1.0708 (1.0708)  loss_giou_aux_2: 1.5023 (1.5023)  loss_fgl_aux_2: 0.7986 (0.7986)  loss_ddf_aux_2: 0.0009 (0.0009)  loss_mal_pre: 1.3438 (1.3438)  loss_bbox_pre: 1.1406 (1.1406)  loss_giou_pre: 1.5419 (1.5419)  loss_mal_enc_0: 1.1953 (1.1953)  loss_bbox_enc_0: 1.2453 (1.2453)  loss_giou_enc_0: 1.6013 (1.6013)  loss_mal_dn_0: 1.0752 (1.0752)  loss_bbox_dn_0: 1.0206 (1.0206)  loss_giou_dn_0: 1.4494 (1.4494)  loss_fgl_dn_0: 1.1914 (1.1914)  loss_ddf_dn_0: 0.1604 (0.1604)  loss_mal_dn_1: 1.3193 (1.3193)  loss_bbox_dn_1: 0.9492 (0.9492)  loss_giou_dn_1: 1.3528 (1.3528)  loss_fgl_dn_1: 1.1866 (1.1866)  loss_ddf_dn_1: 0.0303 (0.0303)  loss_mal_dn_2: 1.3086 (1.3086)  loss_bbox_dn_2: 0.9308 (0.9308)  loss_giou_dn_2: 1.3376 (1.3376)  loss_fgl_dn_2: 1.1683 (1.1683)  loss_ddf_dn_2: 0.0033 (0.0033)  loss_mal_dn_3: 1.3135 (1.3135)  loss_bbox_dn_3: 0.9263 (0.9263)  loss_giou_dn_3: 1.3223 (1.3223)  loss_fgl_dn_3: 1.1775 (1.1775)  loss_mal_dn_pre: 1.1553 (1.1553)  loss_bbox_dn_pre: 0.9491 (0.9491)  loss_giou_dn_pre: 1.4046 (1.4046)  time: 0.5428  data: 0.3958  max mem: 2550
Epoch: [5]  [7/8]  eta: 0:00:00  lr: 0.000000  loss: 50.0761 (50.2316)  loss_mal: 1.4297 (1.4896)  loss_bbox: 0.9279 (1.0408)  loss_giou: 1.4387 (1.4699)  loss_fgl: 0.7602 (0.8133)  loss_mal_aux_0: 1.3682 (1.3525)  loss_bbox_aux_0: 0.9511 (1.0505)  loss_giou_aux_0: 1.4977 (1.5125)  loss_fgl_aux_0: 0.7395 (0.8130)  loss_ddf_aux_0: 0.0501 (0.0551)  loss_mal_aux_1: 1.5215 (1.5381)  loss_bbox_aux_1: 0.9371 (1.0436)  loss_giou_aux_1: 1.4445 (1.4741)  loss_fgl_aux_1: 0.7612 (0.8102)  loss_ddf_aux_1: 0.0082 (0.0096)  loss_mal_aux_2: 1.4805 (1.5220)  loss_bbox_aux_2: 0.9288 (1.0379)  loss_giou_aux_2: 1.4363 (1.4694)  loss_fgl_aux_2: 0.7566 (0.8142)  loss_ddf_aux_2: 0.0007 (0.0009)  loss_mal_pre: 1.3438 (1.3578)  loss_bbox_pre: 0.9710 (1.0921)  loss_giou_pre: 1.5202 (1.5173)  loss_mal_enc_0: 1.1953 (1.2747)  loss_bbox_enc_0: 1.0896 (1.1848)  loss_giou_enc_0: 1.5951 (1.5711)  loss_mal_dn_0: 1.0166 (1.0789)  loss_bbox_dn_0: 1.0120 (1.0340)  loss_giou_dn_0: 1.4494 (1.4538)  loss_fgl_dn_0: 1.1914 (1.2074)  loss_ddf_dn_0: 0.1604 (0.1692)  loss_mal_dn_1: 1.2158 (1.2581)  loss_bbox_dn_1: 0.9502 (1.0269)  loss_giou_dn_1: 1.3528 (1.3882)  loss_fgl_dn_1: 1.1532 (1.1489)  loss_ddf_dn_1: 0.0303 (0.0312)  loss_mal_dn_2: 1.2295 (1.2663)  loss_bbox_dn_2: 0.9308 (1.0086)  loss_giou_dn_2: 1.3376 (1.3628)  loss_fgl_dn_2: 1.1637 (1.1513)  loss_ddf_dn_2: 0.0036 (0.0045)  loss_mal_dn_3: 1.2480 (1.2611)  loss_bbox_dn_3: 0.9263 (1.0068)  loss_giou_dn_3: 1.3223 (1.3497)  loss_fgl_dn_3: 1.1648 (1.1610)  loss_mal_dn_pre: 1.0674 (1.1177)  loss_bbox_dn_pre: 0.9491 (0.9994)  loss_giou_dn_pre: 1.4046 (1.4309)  time: 0.2240  data: 0.0609  max mem: 2550
Epoch: [5] Total time: 0:00:01 (0.2343 s / it)
Averaged stats: lr: 0.000000  loss: 50.0761 (50.2316)  loss_mal: 1.4297 (1.4896)  loss_bbox: 0.9279 (1.0408)  loss_giou: 1.4387 (1.4699)  loss_fgl: 0.7602 (0.8133)  loss_mal_aux_0: 1.3682 (1.3525)  loss_bbox_aux_0: 0.9511 (1.0505)  loss_giou_aux_0: 1.4977 (1.5125)  loss_fgl_aux_0: 0.7395 (0.8130)  loss_ddf_aux_0: 0.0501 (0.0551)  loss_mal_aux_1: 1.5215 (1.5381)  loss_bbox_aux_1: 0.9371 (1.0436)  loss_giou_aux_1: 1.4445 (1.4741)  loss_fgl_aux_1: 0.7612 (0.8102)  loss_ddf_aux_1: 0.0082 (0.0096)  loss_mal_aux_2: 1.4805 (1.5220)  loss_bbox_aux_2: 0.9288 (1.0379)  loss_giou_aux_2: 1.4363 (1.4694)  loss_fgl_aux_2: 0.7566 (0.8142)  loss_ddf_aux_2: 0.0007 (0.0009)  loss_mal_pre: 1.3438 (1.3578)  loss_bbox_pre: 0.9710 (1.0921)  loss_giou_pre: 1.5202 (1.5173)  loss_mal_enc_0: 1.1953 (1.2747)  loss_bbox_enc_0: 1.0896 (1.1848)  loss_giou_enc_0: 1.5951 (1.5711)  loss_mal_dn_0: 1.0166 (1.0789)  loss_bbox_dn_0: 1.0120 (1.0340)  loss_giou_dn_0: 1.4494 (1.4538)  loss_fgl_dn_0: 1.1914 (1.2074)  loss_ddf_dn_0: 0.1604 (0.1692)  loss_mal_dn_1: 1.2158 (1.2581)  loss_bbox_dn_1: 0.9502 (1.0269)  loss_giou_dn_1: 1.3528 (1.3882)  loss_fgl_dn_1: 1.1532 (1.1489)  loss_ddf_dn_1: 0.0303 (0.0312)  loss_mal_dn_2: 1.2295 (1.2663)  loss_bbox_dn_2: 0.9308 (1.0086)  loss_giou_dn_2: 1.3376 (1.3628)  loss_fgl_dn_2: 1.1637 (1.1513)  loss_ddf_dn_2: 0.0036 (0.0045)  loss_mal_dn_3: 1.2480 (1.2611)  loss_bbox_dn_3: 0.9263 (1.0068)  loss_giou_dn_3: 1.3223 (1.3497)  loss_fgl_dn_3: 1.1648 (1.1610)  loss_mal_dn_pre: 1.0674 (1.1177)  loss_bbox_dn_pre: 0.9491 (0.9994)  loss_giou_dn_pre: 1.4046 (1.4309)
Test:  [0/4]  eta: 0:00:01    time: 0.3624  data: 0.3312  max mem: 2550
Test:  [3/4]  eta: 0:00:00    time: 0.1096  data: 0.0846  max mem: 2550
Test: Total time: 0:00:00 (0.1307 s / it)
Averaged stats: 
Accumulating evaluation results...
COCOeval_opt.accumulate() finished...
DONE (t=0.00s).
IoU metric: bbox
 Average Precision  (AP) @[ IoU=0.50:0.95 | area=   all | maxDets=100 ] = 0.002
 Average Precision  (AP) @[ IoU=0.50      | area=   all | maxDets=100 ] = 0.003
 Average Precision  (AP) @[ IoU=0.75      | area=   all | maxDets=100 ] = 0.003
 Average Precision  (AP) @[ IoU=0.50:0.95 | area= small | maxDets=100 ] = -1.000
 Average Precision  (AP) @[ IoU=0.50:0.95 | area=medium | maxDets=100 ] = -1.000
 Average Precision  (AP) @[ IoU=0.50:0.95 | area= large | maxDets=100 ] = 0.003
 Average Recall     (AR) @[ IoU=0.50:0.95 | area=   all | maxDets=  1 ] = 0.023
 Average Recall     (AR) @[ IoU=0.50:0.95 | area=   all | maxDets= 10 ] = 0.047
 Average Recall     (AR) @[ IoU=0.50:0.95 | area=   all | maxDets=100 ] = 0.213
 Average Recall     (AR) @[ IoU=0.50:0.95 | area= small | maxDets=100 ] = -1.000
 Average Recall     (AR) @[ IoU=0.50:0.95 | area=medium | maxDets=100 ] = -1.000
 Average Recall     (AR) @[ IoU=0.50:0.95 | area= large | maxDets=100 ] = 0.213
 Average Recall     (AR) @[ IoU=0.50      | area=   all | maxDets=100 ] = 0.267
 Average Recall     (AR) @[ IoU=0.75      | area=   all | maxDets=100 ] = 0.267
best_stat: {'epoch': 2, 'coco_eval_bbox': 0.004095685227638115}
Epoch: [6]  [0/8]  eta: 0:00:07  lr: 0.000000  loss: 47.2247 (47.2247)  loss_mal: 1.2490 (1.2490)  loss_bbox: 0.9153 (0.9153)  loss_giou: 1.7060 (1.7060)  loss_fgl: 0.4769 (0.4769)  loss_mal_aux_0: 1.0752 (1.0752)  loss_bbox_aux_0: 0.9547 (0.9547)  loss_giou_aux_0: 1.7779 (1.7779)  loss_fgl_aux_0: 0.4575 (0.4575)  loss_ddf_aux_0: 0.0374 (0.0374)  loss_mal_aux_1: 1.2480 (1.2480)  loss_bbox_aux_1: 0.9424 (0.9424)  loss_giou_aux_1: 1.7255 (1.7255)  loss_fgl_aux_1: 0.4709 (0.4709)  loss_ddf_aux_1: 0.0056 (0.0056)  loss_mal_aux_2: 1.2217 (1.2217)  loss_bbox_aux_2: 0.9455 (0.9455)  loss_giou_aux_2: 1.7123 (1.7123)  loss_fgl_aux_2: 0.4720 (0.4720)  loss_ddf_aux_2: 0.0007 (0.0007)  loss_mal_pre: 1.1064 (1.1064)  loss_bbox_pre: 1.0103 (1.0103)  loss_giou_pre: 1.7641 (1.7641)  loss_mal_enc_0: 1.0410 (1.0410)  loss_bbox_enc_0: 1.1189 (1.1189)  loss_giou_enc_0: 1.8120 (1.8120)  loss_mal_dn_0: 0.9062 (0.9062)  loss_bbox_dn_0: 1.0679 (1.0679)  loss_giou_dn_0: 1.5678 (1.5678)  loss_fgl_dn_0: 1.1596 (1.1596)  loss_ddf_dn_0: 0.2369 (0.2369)  loss_mal_dn_1: 1.0186 (1.0186)  loss_bbox_dn_1: 0.9434 (0.9434)  loss_giou_dn_1: 1.5157 (1.5157)  loss_fgl_dn_1: 1.0550 (1.0550)  loss_ddf_dn_1: 0.0379 (0.0379)  loss_mal_dn_2: 1.0059 (1.0059)  loss_bbox_dn_2: 0.9268 (0.9268)  loss_giou_dn_2: 1.4992 (1.4992)  loss_fgl_dn_2: 1.0359 (1.0359)  loss_ddf_dn_2: 0.0048 (0.0048)  loss_mal_dn_3: 1.0098 (1.0098)  loss_bbox_dn_3: 0.9239 (0.9239)  loss_giou_dn_3: 1.4864 (1.4864)  loss_fgl_dn_3: 1.0438 (1.0438)  loss_mal_dn_pre: 0.9497 (0.9497)  loss_bbox_dn_pre: 1.0347 (1.0347)  loss_giou_dn_pre: 1.5481 (1.5481)  time: 0.8823  data: 0.7499  max mem: 2550
Epoch: [6]  [7/8]  eta: 0:00:00  lr: 0.000000  loss: 47.7468 (49.3319)  loss_mal: 1.1211 (1.4203)  loss_bbox: 0.9153 (0.9974)  loss_giou: 1.5718 (1.4607)  loss_fgl: 0.7609 (0.8265)  loss_mal_aux_0: 1.0186 (1.3303)  loss_bbox_aux_0: 0.9547 (1.0272)  loss_giou_aux_0: 1.6195 (1.4894)  loss_fgl_aux_0: 0.7588 (0.8235)  loss_ddf_aux_0: 0.0457 (0.0485)  loss_mal_aux_1: 1.1611 (1.4871)  loss_bbox_aux_1: 0.9424 (1.0092)  loss_giou_aux_1: 1.5877 (1.4728)  loss_fgl_aux_1: 0.7595 (0.8177)  loss_ddf_aux_1: 0.0076 (0.0080)  loss_mal_aux_2: 1.1328 (1.4537)  loss_bbox_aux_2: 0.9455 (0.9958)  loss_giou_aux_2: 1.5708 (1.4630)  loss_fgl_aux_2: 0.7626 (0.8222)  loss_ddf_aux_2: 0.0008 (0.0011)  loss_mal_pre: 1.0547 (1.3419)  loss_bbox_pre: 1.0103 (1.0899)  loss_giou_pre: 1.6032 (1.4788)  loss_mal_enc_0: 0.9658 (1.2606)  loss_bbox_enc_0: 1.1189 (1.1677)  loss_giou_enc_0: 1.6779 (1.5365)  loss_mal_dn_0: 1.0479 (1.0115)  loss_bbox_dn_0: 0.7792 (1.0097)  loss_giou_dn_0: 1.4498 (1.5135)  loss_fgl_dn_0: 1.1596 (1.1771)  loss_ddf_dn_0: 0.1454 (0.1746)  loss_mal_dn_1: 1.1719 (1.1392)  loss_bbox_dn_1: 0.7833 (0.9897)  loss_giou_dn_1: 1.3906 (1.4641)  loss_fgl_dn_1: 1.0601 (1.1256)  loss_ddf_dn_1: 0.0302 (0.0306)  loss_mal_dn_2: 1.1426 (1.1519)  loss_bbox_dn_2: 0.7823 (0.9764)  loss_giou_dn_2: 1.3593 (1.4373)  loss_fgl_dn_2: 1.0655 (1.1280)  loss_ddf_dn_2: 0.0048 (0.0045)  loss_mal_dn_3: 1.1357 (1.1470)  loss_bbox_dn_3: 0.7946 (0.9754)  loss_giou_dn_3: 1.3579 (1.4246)  loss_fgl_dn_3: 1.0721 (1.1383)  loss_mal_dn_pre: 1.1123 (1.0484)  loss_bbox_dn_pre: 0.7393 (0.9491)  loss_giou_dn_pre: 1.4054 (1.4857)  time: 0.2408  data: 0.1029  max mem: 2550
Epoch: [6] Total time: 0:00:01 (0.2484 s / it)
Averaged stats: lr: 0.000000  loss: 47.7468 (49.3319)  loss_mal: 1.1211 (1.4203)  loss_bbox: 0.9153 (0.9974)  loss_giou: 1.5718 (1.4607)  loss_fgl: 0.7609 (0.8265)  loss_mal_aux_0: 1.0186 (1.3303)  loss_bbox_aux_0: 0.9547 (1.0272)  loss_giou_aux_0: 1.6195 (1.4894)  loss_fgl_aux_0: 0.7588 (0.8235)  loss_ddf_aux_0: 0.0457 (0.0485)  loss_mal_aux_1: 1.1611 (1.4871)  loss_bbox_aux_1: 0.9424 (1.0092)  loss_giou_aux_1: 1.5877 (1.4728)  loss_fgl_aux_1: 0.7595 (0.8177)  loss_ddf_aux_1: 0.0076 (0.0080)  loss_mal_aux_2: 1.1328 (1.4537)  loss_bbox_aux_2: 0.9455 (0.9958)  loss_giou_aux_2: 1.5708 (1.4630)  loss_fgl_aux_2: 0.7626 (0.8222)  loss_ddf_aux_2: 0.0008 (0.0011)  loss_mal_pre: 1.0547 (1.3419)  loss_bbox_pre: 1.0103 (1.0899)  loss_giou_pre: 1.6032 (1.4788)  loss_mal_enc_0: 0.9658 (1.2606)  loss_bbox_enc_0: 1.1189 (1.1677)  loss_giou_enc_0: 1.6779 (1.5365)  loss_mal_dn_0: 1.0479 (1.0115)  loss_bbox_dn_0: 0.7792 (1.0097)  loss_giou_dn_0: 1.4498 (1.5135)  loss_fgl_dn_0: 1.1596 (1.1771)  loss_ddf_dn_0: 0.1454 (0.1746)  loss_mal_dn_1: 1.1719 (1.1392)  loss_bbox_dn_1: 0.7833 (0.9897)  loss_giou_dn_1: 1.3906 (1.4641)  loss_fgl_dn_1: 1.0601 (1.1256)  loss_ddf_dn_1: 0.0302 (0.0306)  loss_mal_dn_2: 1.1426 (1.1519)  loss_bbox_dn_2: 0.7823 (0.9764)  loss_giou_dn_2: 1.3593 (1.4373)  loss_fgl_dn_2: 1.0655 (1.1280)  loss_ddf_dn_2: 0.0048 (0.0045)  loss_mal_dn_3: 1.1357 (1.1470)  loss_bbox_dn_3: 0.7946 (0.9754)  loss_giou_dn_3: 1.3579 (1.4246)  loss_fgl_dn_3: 1.0721 (1.1383)  loss_mal_dn_pre: 1.1123 (1.0484)  loss_bbox_dn_pre: 0.7393 (0.9491)  loss_giou_dn_pre: 1.4054 (1.4857)
Test:  [0/4]  eta: 0:00:01    time: 0.3835  data: 0.3493  max mem: 2550
Test:  [3/4]  eta: 0:00:00    time: 0.1579  data: 0.0893  max mem: 2550
Test: Total time: 0:00:00 (0.1727 s / it)
Averaged stats: 
Accumulating evaluation results...
COCOeval_opt.accumulate() finished...
DONE (t=0.00s).
IoU metric: bbox
 Average Precision  (AP) @[ IoU=0.50:0.95 | area=   all | maxDets=100 ] = 0.003
 Average Precision  (AP) @[ IoU=0.50      | area=   all | maxDets=100 ] = 0.003
 Average Precision  (AP) @[ IoU=0.75      | area=   all | maxDets=100 ] = 0.003
 Average Precision  (AP) @[ IoU=0.50:0.95 | area= small | maxDets=100 ] = -1.000
 Average Precision  (AP) @[ IoU=0.50:0.95 | area=medium | maxDets=100 ] = -1.000
 Average Precision  (AP) @[ IoU=0.50:0.95 | area= large | maxDets=100 ] = 0.004
 Average Recall     (AR) @[ IoU=0.50:0.95 | area=   all | maxDets=  1 ] = 0.027
 Average Recall     (AR) @[ IoU=0.50:0.95 | area=   all | maxDets= 10 ] = 0.027
 Average Recall     (AR) @[ IoU=0.50:0.95 | area=   all | maxDets=100 ] = 0.277
 Average Recall     (AR) @[ IoU=0.50:0.95 | area= small | maxDets=100 ] = -1.000
 Average Recall     (AR) @[ IoU=0.50:0.95 | area=medium | maxDets=100 ] = -1.000
 Average Recall     (AR) @[ IoU=0.50:0.95 | area= large | maxDets=100 ] = 0.277
 Average Recall     (AR) @[ IoU=0.50      | area=   all | maxDets=100 ] = 0.333
 Average Recall     (AR) @[ IoU=0.75      | area=   all | maxDets=100 ] = 0.333
best_stat: {'epoch': 2, 'coco_eval_bbox': 0.004095685227638115}
Epoch: [7]  [0/8]  eta: 0:00:08  lr: 0.000000  loss: 47.3885 (47.3885)  loss_mal: 2.1738 (2.1738)  loss_bbox: 0.4820 (0.4820)  loss_giou: 1.1523 (1.1523)  loss_fgl: 0.8533 (0.8533)  loss_mal_aux_0: 2.0605 (2.0605)  loss_bbox_aux_0: 0.4905 (0.4905)  loss_giou_aux_0: 1.1551 (1.1551)  loss_fgl_aux_0: 0.8987 (0.8987)  loss_ddf_aux_0: 0.0707 (0.0707)  loss_mal_aux_1: 2.1758 (2.1758)  loss_bbox_aux_1: 0.4799 (0.4799)  loss_giou_aux_1: 1.1501 (1.1501)  loss_fgl_aux_1: 0.8642 (0.8642)  loss_ddf_aux_1: 0.0143 (0.0143)  loss_mal_aux_2: 2.1445 (2.1445)  loss_bbox_aux_2: 0.4808 (0.4808)  loss_giou_aux_2: 1.1542 (1.1542)  loss_fgl_aux_2: 0.8543 (0.8543)  loss_ddf_aux_2: 0.0011 (0.0011)  loss_mal_pre: 2.0508 (2.0508)  loss_bbox_pre: 0.6635 (0.6635)  loss_giou_pre: 1.1587 (1.1587)  loss_mal_enc_0: 2.0645 (2.0645)  loss_bbox_enc_0: 0.7133 (0.7133)  loss_giou_enc_0: 1.1884 (1.1884)  loss_mal_dn_0: 1.1865 (1.1865)  loss_bbox_dn_0: 0.5192 (0.5192)  loss_giou_dn_0: 1.3973 (1.3973)  loss_fgl_dn_0: 1.2506 (1.2506)  loss_ddf_dn_0: 0.2814 (0.2814)  loss_mal_dn_1: 1.4482 (1.4482)  loss_bbox_dn_1: 0.4709 (0.4709)  loss_giou_dn_1: 1.3022 (1.3022)  loss_fgl_dn_1: 1.1405 (1.1405)  loss_ddf_dn_1: 0.0413 (0.0413)  loss_mal_dn_2: 1.5264 (1.5264)  loss_bbox_dn_2: 0.4532 (0.4532)  loss_giou_dn_2: 1.2571 (1.2571)  loss_fgl_dn_2: 1.1328 (1.1328)  loss_ddf_dn_2: 0.0046 (0.0046)  loss_mal_dn_3: 1.5527 (1.5527)  loss_bbox_dn_3: 0.4527 (0.4527)  loss_giou_dn_3: 1.2384 (1.2384)  loss_fgl_dn_3: 1.1420 (1.1420)  loss_mal_dn_pre: 1.2236 (1.2236)  loss_bbox_dn_pre: 0.4878 (0.4878)  loss_giou_dn_pre: 1.3835 (1.3835)  time: 1.1180  data: 0.9863  max mem: 2550
Epoch: [7]  [7/8]  eta: 0:00:00  lr: 0.000000  loss: 47.3885 (48.7403)  loss_mal: 1.4746 (1.6619)  loss_bbox: 0.7697 (0.8163)  loss_giou: 1.4060 (1.3887)  loss_fgl: 0.7429 (0.7621)  loss_mal_aux_0: 1.4355 (1.5724)  loss_bbox_aux_0: 0.8380 (0.8711)  loss_giou_aux_0: 1.4298 (1.4022)  loss_fgl_aux_0: 0.7612 (0.7810)  loss_ddf_aux_0: 0.0492 (0.0526)  loss_mal_aux_1: 1.5273 (1.6880)  loss_bbox_aux_1: 0.7923 (0.8271)  loss_giou_aux_1: 1.4128 (1.3905)  loss_fgl_aux_1: 0.7377 (0.7659)  loss_ddf_aux_1: 0.0070 (0.0088)  loss_mal_aux_2: 1.4688 (1.6789)  loss_bbox_aux_2: 0.7712 (0.8184)  loss_giou_aux_2: 1.4045 (1.3895)  loss_fgl_aux_2: 0.7424 (0.7642)  loss_ddf_aux_2: 0.0008 (0.0009)  loss_mal_pre: 1.4141 (1.5526)  loss_bbox_pre: 0.8714 (0.9213)  loss_giou_pre: 1.4230 (1.3986)  loss_mal_enc_0: 1.2822 (1.6062)  loss_bbox_enc_0: 0.9507 (0.9661)  loss_giou_enc_0: 1.5189 (1.4753)  loss_mal_dn_0: 1.1221 (1.1071)  loss_bbox_dn_0: 0.8543 (0.8932)  loss_giou_dn_0: 1.4178 (1.4373)  loss_fgl_dn_0: 1.2007 (1.2000)  loss_ddf_dn_0: 0.1817 (0.1946)  loss_mal_dn_1: 1.3086 (1.3096)  loss_bbox_dn_1: 0.8167 (0.8462)  loss_giou_dn_1: 1.3380 (1.3740)  loss_fgl_dn_1: 1.1095 (1.1169)  loss_ddf_dn_1: 0.0335 (0.0338)  loss_mal_dn_2: 1.3340 (1.3377)  loss_bbox_dn_2: 0.8076 (0.8293)  loss_giou_dn_2: 1.2910 (1.3405)  loss_fgl_dn_2: 1.1092 (1.1249)  loss_ddf_dn_2: 0.0046 (0.0050)  loss_mal_dn_3: 1.3604 (1.3409)  loss_bbox_dn_3: 0.8004 (0.8273)  loss_giou_dn_3: 1.2754 (1.3226)  loss_fgl_dn_3: 1.1336 (1.1369)  loss_mal_dn_pre: 1.1768 (1.1608)  loss_bbox_dn_pre: 0.8248 (0.8326)  loss_giou_dn_pre: 1.3835 (1.4086)  time: 0.2624  data: 0.1247  max mem: 2550
Epoch: [7] Total time: 0:00:02 (0.2696 s / it)
Averaged stats: lr: 0.000000  loss: 47.3885 (48.7403)  loss_mal: 1.4746 (1.6619)  loss_bbox: 0.7697 (0.8163)  loss_giou: 1.4060 (1.3887)  loss_fgl: 0.7429 (0.7621)  loss_mal_aux_0: 1.4355 (1.5724)  loss_bbox_aux_0: 0.8380 (0.8711)  loss_giou_aux_0: 1.4298 (1.4022)  loss_fgl_aux_0: 0.7612 (0.7810)  loss_ddf_aux_0: 0.0492 (0.0526)  loss_mal_aux_1: 1.5273 (1.6880)  loss_bbox_aux_1: 0.7923 (0.8271)  loss_giou_aux_1: 1.4128 (1.3905)  loss_fgl_aux_1: 0.7377 (0.7659)  loss_ddf_aux_1: 0.0070 (0.0088)  loss_mal_aux_2: 1.4688 (1.6789)  loss_bbox_aux_2: 0.7712 (0.8184)  loss_giou_aux_2: 1.4045 (1.3895)  loss_fgl_aux_2: 0.7424 (0.7642)  loss_ddf_aux_2: 0.0008 (0.0009)  loss_mal_pre: 1.4141 (1.5526)  loss_bbox_pre: 0.8714 (0.9213)  loss_giou_pre: 1.4230 (1.3986)  loss_mal_enc_0: 1.2822 (1.6062)  loss_bbox_enc_0: 0.9507 (0.9661)  loss_giou_enc_0: 1.5189 (1.4753)  loss_mal_dn_0: 1.1221 (1.1071)  loss_bbox_dn_0: 0.8543 (0.8932)  loss_giou_dn_0: 1.4178 (1.4373)  loss_fgl_dn_0: 1.2007 (1.2000)  loss_ddf_dn_0: 0.1817 (0.1946)  loss_mal_dn_1: 1.3086 (1.3096)  loss_bbox_dn_1: 0.8167 (0.8462)  loss_giou_dn_1: 1.3380 (1.3740)  loss_fgl_dn_1: 1.1095 (1.1169)  loss_ddf_dn_1: 0.0335 (0.0338)  loss_mal_dn_2: 1.3340 (1.3377)  loss_bbox_dn_2: 0.8076 (0.8293)  loss_giou_dn_2: 1.2910 (1.3405)  loss_fgl_dn_2: 1.1092 (1.1249)  loss_ddf_dn_2: 0.0046 (0.0050)  loss_mal_dn_3: 1.3604 (1.3409)  loss_bbox_dn_3: 0.8004 (0.8273)  loss_giou_dn_3: 1.2754 (1.3226)  loss_fgl_dn_3: 1.1336 (1.1369)  loss_mal_dn_pre: 1.1768 (1.1608)  loss_bbox_dn_pre: 0.8248 (0.8326)  loss_giou_dn_pre: 1.3835 (1.4086)
Test:  [0/4]  eta: 0:00:01    time: 0.3691  data: 0.3386  max mem: 2550
Test:  [3/4]  eta: 0:00:00    time: 0.1113  data: 0.0864  max mem: 2550
Test: Total time: 0:00:00 (0.1266 s / it)
Averaged stats: 
Accumulating evaluation results...
COCOeval_opt.accumulate() finished...
DONE (t=0.00s).
IoU metric: bbox
 Average Precision  (AP) @[ IoU=0.50:0.95 | area=   all | maxDets=100 ] = 0.003
 Average Precision  (AP) @[ IoU=0.50      | area=   all | maxDets=100 ] = 0.003
 Average Precision  (AP) @[ IoU=0.75      | area=   all | maxDets=100 ] = 0.003
 Average Precision  (AP) @[ IoU=0.50:0.95 | area= small | maxDets=100 ] = -1.000
 Average Precision  (AP) @[ IoU=0.50:0.95 | area=medium | maxDets=100 ] = -1.000
 Average Precision  (AP) @[ IoU=0.50:0.95 | area= large | maxDets=100 ] = 0.003
 Average Recall     (AR) @[ IoU=0.50:0.95 | area=   all | maxDets=  1 ] = 0.027
 Average Recall     (AR) @[ IoU=0.50:0.95 | area=   all | maxDets= 10 ] = 0.027
 Average Recall     (AR) @[ IoU=0.50:0.95 | area=   all | maxDets=100 ] = 0.223
 Average Recall     (AR) @[ IoU=0.50:0.95 | area= small | maxDets=100 ] = -1.000
 Average Recall     (AR) @[ IoU=0.50:0.95 | area=medium | maxDets=100 ] = -1.000
 Average Recall     (AR) @[ IoU=0.50:0.95 | area= large | maxDets=100 ] = 0.223
 Average Recall     (AR) @[ IoU=0.50      | area=   all | maxDets=100 ] = 0.267
 Average Recall     (AR) @[ IoU=0.75      | area=   all | maxDets=100 ] = 0.267
best_stat: {'epoch': 2, 'coco_eval_bbox': 0.004095685227638115}
Epoch: [8]  [0/8]  eta: 0:00:06  lr: 0.000000  loss: 47.1239 (47.1239)  loss_mal: 1.0498 (1.0498)  loss_bbox: 1.1411 (1.1411)  loss_giou: 1.9379 (1.9379)  loss_fgl: 0.5695 (0.5695)  loss_mal_aux_0: 0.9404 (0.9404)  loss_bbox_aux_0: 1.1255 (1.1255)  loss_giou_aux_0: 1.9445 (1.9445)  loss_fgl_aux_0: 0.5451 (0.5451)  loss_ddf_aux_0: 0.0298 (0.0298)  loss_mal_aux_1: 1.0508 (1.0508)  loss_bbox_aux_1: 1.1414 (1.1414)  loss_giou_aux_1: 1.9415 (1.9415)  loss_fgl_aux_1: 0.5644 (0.5644)  loss_ddf_aux_1: 0.0046 (0.0046)  loss_mal_aux_2: 1.0557 (1.0557)  loss_bbox_aux_2: 1.1414 (1.1414)  loss_giou_aux_2: 1.9370 (1.9370)  loss_fgl_aux_2: 0.5697 (0.5697)  loss_ddf_aux_2: 0.0005 (0.0005)  loss_mal_pre: 0.9673 (0.9673)  loss_bbox_pre: 1.1168 (1.1168)  loss_giou_pre: 1.9327 (1.9327)  loss_mal_enc_0: 0.8452 (0.8452)  loss_bbox_enc_0: 1.2056 (1.2056)  loss_giou_enc_0: 1.9925 (1.9925)  loss_mal_dn_0: 1.0840 (1.0840)  loss_bbox_dn_0: 0.6873 (0.6873)  loss_giou_dn_0: 1.4365 (1.4365)  loss_fgl_dn_0: 0.9879 (0.9879)  loss_ddf_dn_0: 0.0918 (0.0918)  loss_mal_dn_1: 1.3096 (1.3096)  loss_bbox_dn_1: 0.6473 (0.6473)  loss_giou_dn_1: 1.3935 (1.3935)  loss_fgl_dn_1: 0.9859 (0.9859)  loss_ddf_dn_1: 0.0144 (0.0144)  loss_mal_dn_2: 1.2754 (1.2754)  loss_bbox_dn_2: 0.6454 (0.6454)  loss_giou_dn_2: 1.3818 (1.3818)  loss_fgl_dn_2: 0.9842 (0.9842)  loss_ddf_dn_2: 0.0013 (0.0013)  loss_mal_dn_3: 1.2490 (1.2490)  loss_bbox_dn_3: 0.6435 (0.6435)  loss_giou_dn_3: 1.3794 (1.3794)  loss_fgl_dn_3: 0.9869 (0.9869)  loss_mal_dn_pre: 1.0977 (1.0977)  loss_bbox_dn_pre: 0.6668 (0.6668)  loss_giou_dn_pre: 1.4238 (1.4238)  time: 0.8460  data: 0.7089  max mem: 2550
Epoch: [8]  [7/8]  eta: 0:00:00  lr: 0.000000  loss: 48.0794 (48.3515)  loss_mal: 1.2158 (1.4461)  loss_bbox: 0.8926 (0.8849)  loss_giou: 1.4860 (1.4568)  loss_fgl: 0.7185 (0.8264)  loss_mal_aux_0: 1.1064 (1.3383)  loss_bbox_aux_0: 0.9138 (0.9064)  loss_giou_aux_0: 1.5244 (1.4865)  loss_fgl_aux_0: 0.7194 (0.8209)  loss_ddf_aux_0: 0.0459 (0.0524)  loss_mal_aux_1: 1.2520 (1.4977)  loss_bbox_aux_1: 0.8823 (0.8895)  loss_giou_aux_1: 1.4937 (1.4535)  loss_fgl_aux_1: 0.7266 (0.8291)  loss_ddf_aux_1: 0.0084 (0.0086)  loss_mal_aux_2: 1.2324 (1.4597)  loss_bbox_aux_2: 0.8906 (0.8844)  loss_giou_aux_2: 1.4920 (1.4565)  loss_fgl_aux_2: 0.7150 (0.8275)  loss_ddf_aux_2: 0.0007 (0.0008)  loss_mal_pre: 1.0742 (1.3365)  loss_bbox_pre: 0.9426 (0.9367)  loss_giou_pre: 1.5356 (1.4979)  loss_mal_enc_0: 1.1133 (1.2839)  loss_bbox_enc_0: 1.0021 (1.0188)  loss_giou_enc_0: 1.6422 (1.5506)  loss_mal_dn_0: 1.1455 (1.1836)  loss_bbox_dn_0: 0.8111 (0.8432)  loss_giou_dn_0: 1.3819 (1.3932)  loss_fgl_dn_0: 1.1960 (1.2054)  loss_ddf_dn_0: 0.1934 (0.1874)  loss_mal_dn_1: 1.3652 (1.3793)  loss_bbox_dn_1: 0.8041 (0.8313)  loss_giou_dn_1: 1.3266 (1.3345)  loss_fgl_dn_1: 1.1843 (1.1396)  loss_ddf_dn_1: 0.0337 (0.0335)  loss_mal_dn_2: 1.3379 (1.3848)  loss_bbox_dn_2: 0.7913 (0.8147)  loss_giou_dn_2: 1.3034 (1.3056)  loss_fgl_dn_2: 1.1673 (1.1384)  loss_ddf_dn_2: 0.0044 (0.0043)  loss_mal_dn_3: 1.3438 (1.3668)  loss_bbox_dn_3: 0.8025 (0.8140)  loss_giou_dn_3: 1.2910 (1.2946)  loss_fgl_dn_3: 1.1842 (1.1465)  loss_mal_dn_pre: 1.1846 (1.2256)  loss_bbox_dn_pre: 0.7868 (0.8074)  loss_giou_dn_pre: 1.3610 (1.3672)  time: 0.2005  data: 0.0900  max mem: 2550
Epoch: [8] Total time: 0:00:01 (0.2103 s / it)
Averaged stats: lr: 0.000000  loss: 48.0794 (48.3515)  loss_mal: 1.2158 (1.4461)  loss_bbox: 0.8926 (0.8849)  loss_giou: 1.4860 (1.4568)  loss_fgl: 0.7185 (0.8264)  loss_mal_aux_0: 1.1064 (1.3383)  loss_bbox_aux_0: 0.9138 (0.9064)  loss_giou_aux_0: 1.5244 (1.4865)  loss_fgl_aux_0: 0.7194 (0.8209)  loss_ddf_aux_0: 0.0459 (0.0524)  loss_mal_aux_1: 1.2520 (1.4977)  loss_bbox_aux_1: 0.8823 (0.8895)  loss_giou_aux_1: 1.4937 (1.4535)  loss_fgl_aux_1: 0.7266 (0.8291)  loss_ddf_aux_1: 0.0084 (0.0086)  loss_mal_aux_2: 1.2324 (1.4597)  loss_bbox_aux_2: 0.8906 (0.8844)  loss_giou_aux_2: 1.4920 (1.4565)  loss_fgl_aux_2: 0.7150 (0.8275)  loss_ddf_aux_2: 0.0007 (0.0008)  loss_mal_pre: 1.0742 (1.3365)  loss_bbox_pre: 0.9426 (0.9367)  loss_giou_pre: 1.5356 (1.4979)  loss_mal_enc_0: 1.1133 (1.2839)  loss_bbox_enc_0: 1.0021 (1.0188)  loss_giou_enc_0: 1.6422 (1.5506)  loss_mal_dn_0: 1.1455 (1.1836)  loss_bbox_dn_0: 0.8111 (0.8432)  loss_giou_dn_0: 1.3819 (1.3932)  loss_fgl_dn_0: 1.1960 (1.2054)  loss_ddf_dn_0: 0.1934 (0.1874)  loss_mal_dn_1: 1.3652 (1.3793)  loss_bbox_dn_1: 0.8041 (0.8313)  loss_giou_dn_1: 1.3266 (1.3345)  loss_fgl_dn_1: 1.1843 (1.1396)  loss_ddf_dn_1: 0.0337 (0.0335)  loss_mal_dn_2: 1.3379 (1.3848)  loss_bbox_dn_2: 0.7913 (0.8147)  loss_giou_dn_2: 1.3034 (1.3056)  loss_fgl_dn_2: 1.1673 (1.1384)  loss_ddf_dn_2: 0.0044 (0.0043)  loss_mal_dn_3: 1.3438 (1.3668)  loss_bbox_dn_3: 0.8025 (0.8140)  loss_giou_dn_3: 1.2910 (1.2946)  loss_fgl_dn_3: 1.1842 (1.1465)  loss_mal_dn_pre: 1.1846 (1.2256)  loss_bbox_dn_pre: 0.7868 (0.8074)  loss_giou_dn_pre: 1.3610 (1.3672)
Test:  [0/4]  eta: 0:00:01    time: 0.3629  data: 0.3320  max mem: 2550
Test:  [3/4]  eta: 0:00:00    time: 0.1098  data: 0.0849  max mem: 2550
Test: Total time: 0:00:00 (0.1288 s / it)
Averaged stats: 
Accumulating evaluation results...
COCOeval_opt.accumulate() finished...
DONE (t=0.00s).
IoU metric: bbox
 Average Precision  (AP) @[ IoU=0.50:0.95 | area=   all | maxDets=100 ] = 0.002
 Average Precision  (AP) @[ IoU=0.50      | area=   all | maxDets=100 ] = 0.003
 Average Precision  (AP) @[ IoU=0.75      | area=   all | maxDets=100 ] = 0.002
 Average Precision  (AP) @[ IoU=0.50:0.95 | area= small | maxDets=100 ] = -1.000
 Average Precision  (AP) @[ IoU=0.50:0.95 | area=medium | maxDets=100 ] = -1.000
 Average Precision  (AP) @[ IoU=0.50:0.95 | area= large | maxDets=100 ] = 0.003
 Average Recall     (AR) @[ IoU=0.50:0.95 | area=   all | maxDets=  1 ] = 0.000
 Average Recall     (AR) @[ IoU=0.50:0.95 | area=   all | maxDets= 10 ] = 0.027
 Average Recall     (AR) @[ IoU=0.50:0.95 | area=   all | maxDets=100 ] = 0.220
 Average Recall     (AR) @[ IoU=0.50:0.95 | area= small | maxDets=100 ] = -1.000
 Average Recall     (AR) @[ IoU=0.50:0.95 | area=medium | maxDets=100 ] = -1.000
 Average Recall     (AR) @[ IoU=0.50:0.95 | area= large | maxDets=100 ] = 0.220
 Average Recall     (AR) @[ IoU=0.50      | area=   all | maxDets=100 ] = 0.267
 Average Recall     (AR) @[ IoU=0.75      | area=   all | maxDets=100 ] = 0.233
best_stat: {'epoch': 2, 'coco_eval_bbox': 0.004095685227638115}
Epoch: [9]  [0/8]  eta: 0:00:09  lr: 0.000000  loss: 42.4594 (42.4594)  loss_mal: 0.6455 (0.6455)  loss_bbox: 0.8601 (0.8601)  loss_giou: 1.7751 (1.7751)  loss_fgl: 0.5756 (0.5756)  loss_mal_aux_0: 0.6147 (0.6147)  loss_bbox_aux_0: 0.9311 (0.9311)  loss_giou_aux_0: 1.7461 (1.7461)  loss_fgl_aux_0: 0.5914 (0.5914)  loss_ddf_aux_0: 0.0333 (0.0333)  loss_mal_aux_1: 0.6802 (0.6802)  loss_bbox_aux_1: 0.8763 (0.8763)  loss_giou_aux_1: 1.7584 (1.7584)  loss_fgl_aux_1: 0.5829 (0.5829)  loss_ddf_aux_1: 0.0050 (0.0050)  loss_mal_aux_2: 0.6416 (0.6416)  loss_bbox_aux_2: 0.8645 (0.8645)  loss_giou_aux_2: 1.7695 (1.7695)  loss_fgl_aux_2: 0.5802 (0.5802)  loss_ddf_aux_2: 0.0009 (0.0009)  loss_mal_pre: 0.6162 (0.6162)  loss_bbox_pre: 0.9336 (0.9336)  loss_giou_pre: 1.7463 (1.7463)  loss_mal_enc_0: 0.6221 (0.6221)  loss_bbox_enc_0: 0.9927 (0.9927)  loss_giou_enc_0: 1.7097 (1.7097)  loss_mal_dn_0: 0.8989 (0.8989)  loss_bbox_dn_0: 0.6087 (0.6087)  loss_giou_dn_0: 1.6060 (1.6060)  loss_fgl_dn_0: 1.1129 (1.1129)  loss_ddf_dn_0: 0.2086 (0.2086)  loss_mal_dn_1: 1.0527 (1.0527)  loss_bbox_dn_1: 0.5834 (0.5834)  loss_giou_dn_1: 1.5341 (1.5341)  loss_fgl_dn_1: 1.1037 (1.1037)  loss_ddf_dn_1: 0.0265 (0.0265)  loss_mal_dn_2: 1.0508 (1.0508)  loss_bbox_dn_2: 0.5748 (0.5748)  loss_giou_dn_2: 1.5201 (1.5201)  loss_fgl_dn_2: 1.1084 (1.1084)  loss_ddf_dn_2: 0.0037 (0.0037)  loss_mal_dn_3: 1.0352 (1.0352)  loss_bbox_dn_3: 0.5761 (0.5761)  loss_giou_dn_3: 1.5159 (1.5159)  loss_fgl_dn_3: 1.1057 (1.1057)  loss_mal_dn_pre: 0.9453 (0.9453)  loss_bbox_dn_pre: 0.5647 (0.5647)  loss_giou_dn_pre: 1.5702 (1.5702)  time: 1.1645  data: 1.0304  max mem: 2550
Epoch: [9]  [7/8]  eta: 0:00:00  lr: 0.000000  loss: 47.7390 (47.8991)  loss_mal: 1.2764 (1.5245)  loss_bbox: 0.8601 (0.8073)  loss_giou: 1.4312 (1.4426)  loss_fgl: 0.7510 (0.7430)  loss_mal_aux_0: 1.2363 (1.4050)  loss_bbox_aux_0: 0.8953 (0.8382)  loss_giou_aux_0: 1.4198 (1.4744)  loss_fgl_aux_0: 0.7876 (0.7566)  loss_ddf_aux_0: 0.0487 (0.0576)  loss_mal_aux_1: 1.2607 (1.5633)  loss_bbox_aux_1: 0.8763 (0.8140)  loss_giou_aux_1: 1.4324 (1.4420)  loss_fgl_aux_1: 0.7599 (0.7471)  loss_ddf_aux_1: 0.0067 (0.0087)  loss_mal_aux_2: 1.2930 (1.5543)  loss_bbox_aux_2: 0.8645 (0.8082)  loss_giou_aux_2: 1.4296 (1.4396)  loss_fgl_aux_2: 0.7495 (0.7458)  loss_ddf_aux_2: 0.0008 (0.0008)  loss_mal_pre: 1.1934 (1.3895)  loss_bbox_pre: 0.9294 (0.9154)  loss_giou_pre: 1.4455 (1.4741)  loss_mal_enc_0: 1.2295 (1.2883)  loss_bbox_enc_0: 0.9394 (0.9739)  loss_giou_enc_0: 1.4739 (1.5542)  loss_mal_dn_0: 0.9873 (1.0391)  loss_bbox_dn_0: 0.9121 (0.9076)  loss_giou_dn_0: 1.4867 (1.5045)  loss_fgl_dn_0: 1.2046 (1.1733)  loss_ddf_dn_0: 0.1944 (0.1970)  loss_mal_dn_1: 1.1709 (1.2404)  loss_bbox_dn_1: 0.8913 (0.8579)  loss_giou_dn_1: 1.4073 (1.4257)  loss_fgl_dn_1: 1.1086 (1.1182)  loss_ddf_dn_1: 0.0310 (0.0372)  loss_mal_dn_2: 1.1729 (1.2557)  loss_bbox_dn_2: 0.8706 (0.8363)  loss_giou_dn_2: 1.3584 (1.3954)  loss_fgl_dn_2: 1.1092 (1.1172)  loss_ddf_dn_2: 0.0042 (0.0055)  loss_mal_dn_3: 1.1660 (1.2592)  loss_bbox_dn_3: 0.8643 (0.8274)  loss_giou_dn_3: 1.3358 (1.3808)  loss_fgl_dn_3: 1.1281 (1.1291)  loss_mal_dn_pre: 1.0137 (1.0695)  loss_bbox_dn_pre: 0.8895 (0.8643)  loss_giou_dn_pre: 1.4774 (1.4894)  time: 0.2395  data: 0.1306  max mem: 2550
Epoch: [9] Total time: 0:00:01 (0.2469 s / it)
Averaged stats: lr: 0.000000  loss: 47.7390 (47.8991)  loss_mal: 1.2764 (1.5245)  loss_bbox: 0.8601 (0.8073)  loss_giou: 1.4312 (1.4426)  loss_fgl: 0.7510 (0.7430)  loss_mal_aux_0: 1.2363 (1.4050)  loss_bbox_aux_0: 0.8953 (0.8382)  loss_giou_aux_0: 1.4198 (1.4744)  loss_fgl_aux_0: 0.7876 (0.7566)  loss_ddf_aux_0: 0.0487 (0.0576)  loss_mal_aux_1: 1.2607 (1.5633)  loss_bbox_aux_1: 0.8763 (0.8140)  loss_giou_aux_1: 1.4324 (1.4420)  loss_fgl_aux_1: 0.7599 (0.7471)  loss_ddf_aux_1: 0.0067 (0.0087)  loss_mal_aux_2: 1.2930 (1.5543)  loss_bbox_aux_2: 0.8645 (0.8082)  loss_giou_aux_2: 1.4296 (1.4396)  loss_fgl_aux_2: 0.7495 (0.7458)  loss_ddf_aux_2: 0.0008 (0.0008)  loss_mal_pre: 1.1934 (1.3895)  loss_bbox_pre: 0.9294 (0.9154)  loss_giou_pre: 1.4455 (1.4741)  loss_mal_enc_0: 1.2295 (1.2883)  loss_bbox_enc_0: 0.9394 (0.9739)  loss_giou_enc_0: 1.4739 (1.5542)  loss_mal_dn_0: 0.9873 (1.0391)  loss_bbox_dn_0: 0.9121 (0.9076)  loss_giou_dn_0: 1.4867 (1.5045)  loss_fgl_dn_0: 1.2046 (1.1733)  loss_ddf_dn_0: 0.1944 (0.1970)  loss_mal_dn_1: 1.1709 (1.2404)  loss_bbox_dn_1: 0.8913 (0.8579)  loss_giou_dn_1: 1.4073 (1.4257)  loss_fgl_dn_1: 1.1086 (1.1182)  loss_ddf_dn_1: 0.0310 (0.0372)  loss_mal_dn_2: 1.1729 (1.2557)  loss_bbox_dn_2: 0.8706 (0.8363)  loss_giou_dn_2: 1.3584 (1.3954)  loss_fgl_dn_2: 1.1092 (1.1172)  loss_ddf_dn_2: 0.0042 (0.0055)  loss_mal_dn_3: 1.1660 (1.2592)  loss_bbox_dn_3: 0.8643 (0.8274)  loss_giou_dn_3: 1.3358 (1.3808)  loss_fgl_dn_3: 1.1281 (1.1291)  loss_mal_dn_pre: 1.0137 (1.0695)  loss_bbox_dn_pre: 0.8895 (0.8643)  loss_giou_dn_pre: 1.4774 (1.4894)
Test:  [0/4]  eta: 0:00:01    time: 0.3777  data: 0.3457  max mem: 2550
Test:  [3/4]  eta: 0:00:00    time: 0.1139  data: 0.0885  max mem: 2550
Test: Total time: 0:00:00 (0.1273 s / it)
Averaged stats: 
Accumulating evaluation results...
COCOeval_opt.accumulate() finished...
DONE (t=0.00s).
IoU metric: bbox
 Average Precision  (AP) @[ IoU=0.50:0.95 | area=   all | maxDets=100 ] = 0.002
 Average Precision  (AP) @[ IoU=0.50      | area=   all | maxDets=100 ] = 0.003
 Average Precision  (AP) @[ IoU=0.75      | area=   all | maxDets=100 ] = 0.003
 Average Precision  (AP) @[ IoU=0.50:0.95 | area= small | maxDets=100 ] = -1.000
 Average Precision  (AP) @[ IoU=0.50:0.95 | area=medium | maxDets=100 ] = -1.000
 Average Precision  (AP) @[ IoU=0.50:0.95 | area= large | maxDets=100 ] = 0.003
 Average Recall     (AR) @[ IoU=0.50:0.95 | area=   all | maxDets=  1 ] = 0.023
 Average Recall     (AR) @[ IoU=0.50:0.95 | area=   all | maxDets= 10 ] = 0.027
 Average Recall     (AR) @[ IoU=0.50:0.95 | area=   all | maxDets=100 ] = 0.243
 Average Recall     (AR) @[ IoU=0.50:0.95 | area= small | maxDets=100 ] = -1.000
 Average Recall     (AR) @[ IoU=0.50:0.95 | area=medium | maxDets=100 ] = -1.000
 Average Recall     (AR) @[ IoU=0.50:0.95 | area= large | maxDets=100 ] = 0.243
 Average Recall     (AR) @[ IoU=0.50      | area=   all | maxDets=100 ] = 0.300
 Average Recall     (AR) @[ IoU=0.75      | area=   all | maxDets=100 ] = 0.267
best_stat: {'epoch': 2, 'coco_eval_bbox': 0.004095685227638115}
Epoch: [10]  [0/8]  eta: 0:00:05  lr: 0.000000  loss: 45.2396 (45.2396)  loss_mal: 1.1416 (1.1416)  loss_bbox: 0.7767 (0.7767)  loss_giou: 1.6051 (1.6051)  loss_fgl: 0.7018 (0.7018)  loss_mal_aux_0: 0.9941 (0.9941)  loss_bbox_aux_0: 0.8044 (0.8044)  loss_giou_aux_0: 1.6375 (1.6375)  loss_fgl_aux_0: 0.6906 (0.6906)  loss_ddf_aux_0: 0.0367 (0.0367)  loss_mal_aux_1: 1.1533 (1.1533)  loss_bbox_aux_1: 0.7730 (0.7730)  loss_giou_aux_1: 1.6052 (1.6052)  loss_fgl_aux_1: 0.7014 (0.7014)  loss_ddf_aux_1: 0.0058 (0.0058)  loss_mal_aux_2: 1.1504 (1.1504)  loss_bbox_aux_2: 0.7757 (0.7757)  loss_giou_aux_2: 1.6029 (1.6029)  loss_fgl_aux_2: 0.7037 (0.7037)  loss_ddf_aux_2: 0.0012 (0.0012)  loss_mal_pre: 0.9980 (0.9980)  loss_bbox_pre: 0.8166 (0.8166)  loss_giou_pre: 1.6413 (1.6413)  loss_mal_enc_0: 0.8906 (0.8906)  loss_bbox_enc_0: 0.8721 (0.8721)  loss_giou_enc_0: 1.7199 (1.7199)  loss_mal_dn_0: 0.7100 (0.7100)  loss_bbox_dn_0: 0.7924 (0.7924)  loss_giou_dn_0: 1.7211 (1.7211)  loss_fgl_dn_0: 1.2438 (1.2438)  loss_ddf_dn_0: 0.1474 (0.1474)  loss_mal_dn_1: 0.8364 (0.8364)  loss_bbox_dn_1: 0.8187 (0.8187)  loss_giou_dn_1: 1.6347 (1.6347)  loss_fgl_dn_1: 1.2476 (1.2476)  loss_ddf_dn_1: 0.0203 (0.0203)  loss_mal_dn_2: 0.8740 (0.8740)  loss_bbox_dn_2: 0.7942 (0.7942)  loss_giou_dn_2: 1.6037 (1.6037)  loss_fgl_dn_2: 1.2589 (1.2589)  loss_ddf_dn_2: 0.0029 (0.0029)  loss_mal_dn_3: 0.8682 (0.8682)  loss_bbox_dn_3: 0.8019 (0.8019)  loss_giou_dn_3: 1.5983 (1.5983)  loss_fgl_dn_3: 1.2625 (1.2625)  loss_mal_dn_pre: 0.7788 (0.7788)  loss_bbox_dn_pre: 0.7320 (0.7320)  loss_giou_dn_pre: 1.6923 (1.6923)  time: 0.6831  data: 0.5377  max mem: 2550
Epoch: [10]  [7/8]  eta: 0:00:00  lr: 0.000000  loss: 50.3770 (50.5779)  loss_mal: 1.7529 (1.8986)  loss_bbox: 0.8617 (0.9244)  loss_giou: 1.1313 (1.3174)  loss_fgl: 0.8309 (0.8144)  loss_mal_aux_0: 1.7334 (1.8058)  loss_bbox_aux_0: 0.8813 (0.9447)  loss_giou_aux_0: 1.1330 (1.3400)  loss_fgl_aux_0: 0.8578 (0.8228)  loss_ddf_aux_0: 0.0537 (0.0556)  loss_mal_aux_1: 1.8213 (1.9297)  loss_bbox_aux_1: 0.8579 (0.9192)  loss_giou_aux_1: 1.1370 (1.3204)  loss_fgl_aux_1: 0.8387 (0.8136)  loss_ddf_aux_1: 0.0085 (0.0090)  loss_mal_aux_2: 1.7598 (1.9175)  loss_bbox_aux_2: 0.8575 (0.9218)  loss_giou_aux_2: 1.1365 (1.3170)  loss_fgl_aux_2: 0.8271 (0.8144)  loss_ddf_aux_2: 0.0007 (0.0008)  loss_mal_pre: 1.6904 (1.8152)  loss_bbox_pre: 0.9126 (0.9761)  loss_giou_pre: 1.1572 (1.3388)  loss_mal_enc_0: 1.6035 (1.6398)  loss_bbox_enc_0: 0.9294 (1.0408)  loss_giou_enc_0: 1.2340 (1.4017)  loss_mal_dn_0: 1.1426 (1.1873)  loss_bbox_dn_0: 0.7924 (0.8574)  loss_giou_dn_0: 1.3180 (1.3849)  loss_fgl_dn_0: 1.2278 (1.2383)  loss_ddf_dn_0: 0.1559 (0.1874)  loss_mal_dn_1: 1.3945 (1.4286)  loss_bbox_dn_1: 0.8187 (0.8425)  loss_giou_dn_1: 1.2329 (1.3060)  loss_fgl_dn_1: 1.1421 (1.1713)  loss_ddf_dn_1: 0.0296 (0.0343)  loss_mal_dn_2: 1.3789 (1.4489)  loss_bbox_dn_2: 0.7942 (0.8219)  loss_giou_dn_2: 1.2103 (1.2725)  loss_fgl_dn_2: 1.1361 (1.1713)  loss_ddf_dn_2: 0.0039 (0.0049)  loss_mal_dn_3: 1.3867 (1.4489)  loss_bbox_dn_3: 0.8019 (0.8184)  loss_giou_dn_3: 1.1950 (1.2544)  loss_fgl_dn_3: 1.1392 (1.1828)  loss_mal_dn_pre: 1.2070 (1.2449)  loss_bbox_dn_pre: 0.7320 (0.8189)  loss_giou_dn_pre: 1.2878 (1.3526)  time: 0.2130  data: 0.0713  max mem: 2550
Epoch: [10] Total time: 0:00:01 (0.2201 s / it)
Averaged stats: lr: 0.000000  loss: 50.3770 (50.5779)  loss_mal: 1.7529 (1.8986)  loss_bbox: 0.8617 (0.9244)  loss_giou: 1.1313 (1.3174)  loss_fgl: 0.8309 (0.8144)  loss_mal_aux_0: 1.7334 (1.8058)  loss_bbox_aux_0: 0.8813 (0.9447)  loss_giou_aux_0: 1.1330 (1.3400)  loss_fgl_aux_0: 0.8578 (0.8228)  loss_ddf_aux_0: 0.0537 (0.0556)  loss_mal_aux_1: 1.8213 (1.9297)  loss_bbox_aux_1: 0.8579 (0.9192)  loss_giou_aux_1: 1.1370 (1.3204)  loss_fgl_aux_1: 0.8387 (0.8136)  loss_ddf_aux_1: 0.0085 (0.0090)  loss_mal_aux_2: 1.7598 (1.9175)  loss_bbox_aux_2: 0.8575 (0.9218)  loss_giou_aux_2: 1.1365 (1.3170)  loss_fgl_aux_2: 0.8271 (0.8144)  loss_ddf_aux_2: 0.0007 (0.0008)  loss_mal_pre: 1.6904 (1.8152)  loss_bbox_pre: 0.9126 (0.9761)  loss_giou_pre: 1.1572 (1.3388)  loss_mal_enc_0: 1.6035 (1.6398)  loss_bbox_enc_0: 0.9294 (1.0408)  loss_giou_enc_0: 1.2340 (1.4017)  loss_mal_dn_0: 1.1426 (1.1873)  loss_bbox_dn_0: 0.7924 (0.8574)  loss_giou_dn_0: 1.3180 (1.3849)  loss_fgl_dn_0: 1.2278 (1.2383)  loss_ddf_dn_0: 0.1559 (0.1874)  loss_mal_dn_1: 1.3945 (1.4286)  loss_bbox_dn_1: 0.8187 (0.8425)  loss_giou_dn_1: 1.2329 (1.3060)  loss_fgl_dn_1: 1.1421 (1.1713)  loss_ddf_dn_1: 0.0296 (0.0343)  loss_mal_dn_2: 1.3789 (1.4489)  loss_bbox_dn_2: 0.7942 (0.8219)  loss_giou_dn_2: 1.2103 (1.2725)  loss_fgl_dn_2: 1.1361 (1.1713)  loss_ddf_dn_2: 0.0039 (0.0049)  loss_mal_dn_3: 1.3867 (1.4489)  loss_bbox_dn_3: 0.8019 (0.8184)  loss_giou_dn_3: 1.1950 (1.2544)  loss_fgl_dn_3: 1.1392 (1.1828)  loss_mal_dn_pre: 1.2070 (1.2449)  loss_bbox_dn_pre: 0.7320 (0.8189)  loss_giou_dn_pre: 1.2878 (1.3526)
Test:  [0/4]  eta: 0:00:01    time: 0.3591  data: 0.3278  max mem: 2550
Test:  [3/4]  eta: 0:00:00    time: 0.1089  data: 0.0839  max mem: 2550
Test: Total time: 0:00:00 (0.1226 s / it)
Averaged stats: 
Accumulating evaluation results...
COCOeval_opt.accumulate() finished...
DONE (t=0.00s).
IoU metric: bbox
 Average Precision  (AP) @[ IoU=0.50:0.95 | area=   all | maxDets=100 ] = 0.002
 Average Precision  (AP) @[ IoU=0.50      | area=   all | maxDets=100 ] = 0.003
 Average Precision  (AP) @[ IoU=0.75      | area=   all | maxDets=100 ] = 0.003
 Average Precision  (AP) @[ IoU=0.50:0.95 | area= small | maxDets=100 ] = -1.000
 Average Precision  (AP) @[ IoU=0.50:0.95 | area=medium | maxDets=100 ] = -1.000
 Average Precision  (AP) @[ IoU=0.50:0.95 | area= large | maxDets=100 ] = 0.003
 Average Recall     (AR) @[ IoU=0.50:0.95 | area=   all | maxDets=  1 ] = 0.027
 Average Recall     (AR) @[ IoU=0.50:0.95 | area=   all | maxDets= 10 ] = 0.027
 Average Recall     (AR) @[ IoU=0.50:0.95 | area=   all | maxDets=100 ] = 0.240
 Average Recall     (AR) @[ IoU=0.50:0.95 | area= small | maxDets=100 ] = -1.000
 Average Recall     (AR) @[ IoU=0.50:0.95 | area=medium | maxDets=100 ] = -1.000
 Average Recall     (AR) @[ IoU=0.50:0.95 | area= large | maxDets=100 ] = 0.240
 Average Recall     (AR) @[ IoU=0.50      | area=   all | maxDets=100 ] = 0.300
 Average Recall     (AR) @[ IoU=0.75      | area=   all | maxDets=100 ] = 0.267
best_stat: {'epoch': 2, 'coco_eval_bbox': 0.004095685227638115}
Epoch: [11]  [0/8]  eta: 0:00:04  lr: 0.000000  loss: 48.8677 (48.8677)  loss_mal: 1.1211 (1.1211)  loss_bbox: 1.0987 (1.0987)  loss_giou: 1.8936 (1.8936)  loss_fgl: 0.6588 (0.6588)  loss_mal_aux_0: 1.1113 (1.1113)  loss_bbox_aux_0: 1.1031 (1.1031)  loss_giou_aux_0: 1.8896 (1.8896)  loss_fgl_aux_0: 0.6582 (0.6582)  loss_ddf_aux_0: 0.0345 (0.0345)  loss_mal_aux_1: 1.1660 (1.1660)  loss_bbox_aux_1: 1.1013 (1.1013)  loss_giou_aux_1: 1.8876 (1.8876)  loss_fgl_aux_1: 0.6597 (0.6597)  loss_ddf_aux_1: 0.0062 (0.0062)  loss_mal_aux_2: 1.1299 (1.1299)  loss_bbox_aux_2: 1.0953 (1.0953)  loss_giou_aux_2: 1.8926 (1.8926)  loss_fgl_aux_2: 0.6614 (0.6614)  loss_ddf_aux_2: 0.0009 (0.0009)  loss_mal_pre: 1.0703 (1.0703)  loss_bbox_pre: 1.1516 (1.1516)  loss_giou_pre: 1.9136 (1.9136)  loss_mal_enc_0: 0.9463 (0.9463)  loss_bbox_enc_0: 1.2440 (1.2440)  loss_giou_enc_0: 1.9735 (1.9735)  loss_mal_dn_0: 1.1934 (1.1934)  loss_bbox_dn_0: 0.7201 (0.7201)  loss_giou_dn_0: 1.3658 (1.3658)  loss_fgl_dn_0: 1.1481 (1.1481)  loss_ddf_dn_0: 0.1509 (0.1509)  loss_mal_dn_1: 1.4951 (1.4951)  loss_bbox_dn_1: 0.6657 (0.6657)  loss_giou_dn_1: 1.2767 (1.2767)  loss_fgl_dn_1: 1.1178 (1.1178)  loss_ddf_dn_1: 0.0320 (0.0320)  loss_mal_dn_2: 1.4404 (1.4404)  loss_bbox_dn_2: 0.6699 (0.6699)  loss_giou_dn_2: 1.2652 (1.2652)  loss_fgl_dn_2: 1.1095 (1.1095)  loss_ddf_dn_2: 0.0046 (0.0046)  loss_mal_dn_3: 1.4453 (1.4453)  loss_bbox_dn_3: 0.6642 (0.6642)  loss_giou_dn_3: 1.2466 (1.2466)  loss_fgl_dn_3: 1.1209 (1.1209)  loss_mal_dn_pre: 1.2471 (1.2471)  loss_bbox_dn_pre: 0.6819 (0.6819)  loss_giou_dn_pre: 1.3374 (1.3374)  time: 0.5351  data: 0.3836  max mem: 2550
Epoch: [11]  [7/8]  eta: 0:00:00  lr: 0.000000  loss: 49.0790 (49.5573)  loss_mal: 1.3457 (1.6617)  loss_bbox: 0.8644 (0.9418)  loss_giou: 1.3495 (1.4734)  loss_fgl: 0.7576 (0.7484)  loss_mal_aux_0: 1.2695 (1.5139)  loss_bbox_aux_0: 0.8981 (0.9662)  loss_giou_aux_0: 1.3861 (1.5086)  loss_fgl_aux_0: 0.7892 (0.7585)  loss_ddf_aux_0: 0.0389 (0.0459)  loss_mal_aux_1: 1.4434 (1.7205)  loss_bbox_aux_1: 0.8610 (0.9437)  loss_giou_aux_1: 1.3628 (1.4769)  loss_fgl_aux_1: 0.7710 (0.7525)  loss_ddf_aux_1: 0.0069 (0.0078)  loss_mal_aux_2: 1.3662 (1.6909)  loss_bbox_aux_2: 0.8615 (0.9414)  loss_giou_aux_2: 1.3484 (1.4729)  loss_fgl_aux_2: 0.7645 (0.7497)  loss_ddf_aux_2: 0.0008 (0.0009)  loss_mal_pre: 1.2812 (1.5150)  loss_bbox_pre: 0.8667 (0.9913)  loss_giou_pre: 1.3895 (1.5190)  loss_mal_enc_0: 1.2275 (1.4172)  loss_bbox_enc_0: 0.8649 (1.0480)  loss_giou_enc_0: 1.4648 (1.6043)  loss_mal_dn_0: 1.1562 (1.1451)  loss_bbox_dn_0: 0.8230 (0.8381)  loss_giou_dn_0: 1.3717 (1.4135)  loss_fgl_dn_0: 1.1481 (1.1898)  loss_ddf_dn_0: 0.1473 (0.1574)  loss_mal_dn_1: 1.4180 (1.3770)  loss_bbox_dn_1: 0.7966 (0.8095)  loss_giou_dn_1: 1.2767 (1.3341)  loss_fgl_dn_1: 1.1178 (1.1393)  loss_ddf_dn_1: 0.0273 (0.0287)  loss_mal_dn_2: 1.4404 (1.4106)  loss_bbox_dn_2: 0.7695 (0.7854)  loss_giou_dn_2: 1.2398 (1.2922)  loss_fgl_dn_2: 1.1095 (1.1547)  loss_ddf_dn_2: 0.0041 (0.0039)  loss_mal_dn_3: 1.4453 (1.4153)  loss_bbox_dn_3: 0.7633 (0.7778)  loss_giou_dn_3: 1.2057 (1.2751)  loss_fgl_dn_3: 1.1209 (1.1657)  loss_mal_dn_pre: 1.1914 (1.1960)  loss_bbox_dn_pre: 0.7567 (0.7946)  loss_giou_dn_pre: 1.3582 (1.3832)  time: 0.1723  data: 0.0594  max mem: 2550
Epoch: [11] Total time: 0:00:01 (0.1815 s / it)
Averaged stats: lr: 0.000000  loss: 49.0790 (49.5573)  loss_mal: 1.3457 (1.6617)  loss_bbox: 0.8644 (0.9418)  loss_giou: 1.3495 (1.4734)  loss_fgl: 0.7576 (0.7484)  loss_mal_aux_0: 1.2695 (1.5139)  loss_bbox_aux_0: 0.8981 (0.9662)  loss_giou_aux_0: 1.3861 (1.5086)  loss_fgl_aux_0: 0.7892 (0.7585)  loss_ddf_aux_0: 0.0389 (0.0459)  loss_mal_aux_1: 1.4434 (1.7205)  loss_bbox_aux_1: 0.8610 (0.9437)  loss_giou_aux_1: 1.3628 (1.4769)  loss_fgl_aux_1: 0.7710 (0.7525)  loss_ddf_aux_1: 0.0069 (0.0078)  loss_mal_aux_2: 1.3662 (1.6909)  loss_bbox_aux_2: 0.8615 (0.9414)  loss_giou_aux_2: 1.3484 (1.4729)  loss_fgl_aux_2: 0.7645 (0.7497)  loss_ddf_aux_2: 0.0008 (0.0009)  loss_mal_pre: 1.2812 (1.5150)  loss_bbox_pre: 0.8667 (0.9913)  loss_giou_pre: 1.3895 (1.5190)  loss_mal_enc_0: 1.2275 (1.4172)  loss_bbox_enc_0: 0.8649 (1.0480)  loss_giou_enc_0: 1.4648 (1.6043)  loss_mal_dn_0: 1.1562 (1.1451)  loss_bbox_dn_0: 0.8230 (0.8381)  loss_giou_dn_0: 1.3717 (1.4135)  loss_fgl_dn_0: 1.1481 (1.1898)  loss_ddf_dn_0: 0.1473 (0.1574)  loss_mal_dn_1: 1.4180 (1.3770)  loss_bbox_dn_1: 0.7966 (0.8095)  loss_giou_dn_1: 1.2767 (1.3341)  loss_fgl_dn_1: 1.1178 (1.1393)  loss_ddf_dn_1: 0.0273 (0.0287)  loss_mal_dn_2: 1.4404 (1.4106)  loss_bbox_dn_2: 0.7695 (0.7854)  loss_giou_dn_2: 1.2398 (1.2922)  loss_fgl_dn_2: 1.1095 (1.1547)  loss_ddf_dn_2: 0.0041 (0.0039)  loss_mal_dn_3: 1.4453 (1.4153)  loss_bbox_dn_3: 0.7633 (0.7778)  loss_giou_dn_3: 1.2057 (1.2751)  loss_fgl_dn_3: 1.1209 (1.1657)  loss_mal_dn_pre: 1.1914 (1.1960)  loss_bbox_dn_pre: 0.7567 (0.7946)  loss_giou_dn_pre: 1.3582 (1.3832)
Test:  [0/4]  eta: 0:00:01    time: 0.3899  data: 0.3577  max mem: 2550
Test:  [3/4]  eta: 0:00:00    time: 0.1166  data: 0.0914  max mem: 2550
Test: Total time: 0:00:00 (0.1310 s / it)
Averaged stats: 
Accumulating evaluation results...
COCOeval_opt.accumulate() finished...
DONE (t=0.00s).
IoU metric: bbox
 Average Precision  (AP) @[ IoU=0.50:0.95 | area=   all | maxDets=100 ] = 0.002
 Average Precision  (AP) @[ IoU=0.50      | area=   all | maxDets=100 ] = 0.003
 Average Precision  (AP) @[ IoU=0.75      | area=   all | maxDets=100 ] = 0.003
 Average Precision  (AP) @[ IoU=0.50:0.95 | area= small | maxDets=100 ] = -1.000
 Average Precision  (AP) @[ IoU=0.50:0.95 | area=medium | maxDets=100 ] = -1.000
 Average Precision  (AP) @[ IoU=0.50:0.95 | area= large | maxDets=100 ] = 0.002
 Average Recall     (AR) @[ IoU=0.50:0.95 | area=   all | maxDets=  1 ] = 0.027
 Average Recall     (AR) @[ IoU=0.50:0.95 | area=   all | maxDets= 10 ] = 0.027
 Average Recall     (AR) @[ IoU=0.50:0.95 | area=   all | maxDets=100 ] = 0.160
 Average Recall     (AR) @[ IoU=0.50:0.95 | area= small | maxDets=100 ] = -1.000
 Average Recall     (AR) @[ IoU=0.50:0.95 | area=medium | maxDets=100 ] = -1.000
 Average Recall     (AR) @[ IoU=0.50:0.95 | area= large | maxDets=100 ] = 0.160
 Average Recall     (AR) @[ IoU=0.50      | area=   all | maxDets=100 ] = 0.233
 Average Recall     (AR) @[ IoU=0.75      | area=   all | maxDets=100 ] = 0.167
best_stat: {'epoch': 2, 'coco_eval_bbox': 0.004095685227638115}
Epoch: [12]  [0/8]  eta: 0:00:04  lr: 0.000000  loss: 46.9497 (46.9497)  loss_mal: 2.0078 (2.0078)  loss_bbox: 0.5665 (0.5665)  loss_giou: 1.0701 (1.0701)  loss_fgl: 0.9287 (0.9287)  loss_mal_aux_0: 1.8604 (1.8604)  loss_bbox_aux_0: 0.5638 (0.5638)  loss_giou_aux_0: 1.1092 (1.1092)  loss_fgl_aux_0: 0.9577 (0.9577)  loss_ddf_aux_0: 0.0731 (0.0731)  loss_mal_aux_1: 2.0957 (2.0957)  loss_bbox_aux_1: 0.5671 (0.5671)  loss_giou_aux_1: 1.0752 (1.0752)  loss_fgl_aux_1: 0.9208 (0.9208)  loss_ddf_aux_1: 0.0115 (0.0115)  loss_mal_aux_2: 2.0527 (2.0527)  loss_bbox_aux_2: 0.5650 (0.5650)  loss_giou_aux_2: 1.0681 (1.0681)  loss_fgl_aux_2: 0.9297 (0.9297)  loss_ddf_aux_2: 0.0011 (0.0011)  loss_mal_pre: 1.8408 (1.8408)  loss_bbox_pre: 0.5702 (0.5702)  loss_giou_pre: 1.1493 (1.1493)  loss_mal_enc_0: 1.6777 (1.6777)  loss_bbox_enc_0: 0.6100 (0.6100)  loss_giou_enc_0: 1.2537 (1.2537)  loss_mal_dn_0: 1.3057 (1.3057)  loss_bbox_dn_0: 0.6162 (0.6162)  loss_giou_dn_0: 1.3165 (1.3165)  loss_fgl_dn_0: 1.2182 (1.2182)  loss_ddf_dn_0: 0.1969 (0.1969)  loss_mal_dn_1: 1.5918 (1.5918)  loss_bbox_dn_1: 0.5927 (0.5927)  loss_giou_dn_1: 1.2310 (1.2310)  loss_fgl_dn_1: 1.1119 (1.1119)  loss_ddf_dn_1: 0.0380 (0.0380)  loss_mal_dn_2: 1.6162 (1.6162)  loss_bbox_dn_2: 0.5683 (0.5683)  loss_giou_dn_2: 1.1930 (1.1930)  loss_fgl_dn_2: 1.1123 (1.1123)  loss_ddf_dn_2: 0.0055 (0.0055)  loss_mal_dn_3: 1.6260 (1.6260)  loss_bbox_dn_3: 0.5599 (0.5599)  loss_giou_dn_3: 1.1681 (1.1681)  loss_fgl_dn_3: 1.1235 (1.1235)  loss_mal_dn_pre: 1.3564 (1.3564)  loss_bbox_dn_pre: 0.5818 (0.5818)  loss_giou_dn_pre: 1.2938 (1.2938)  time: 0.5376  data: 0.3922  max mem: 2550
Epoch: [12]  [7/8]  eta: 0:00:00  lr: 0.000000  loss: 46.9497 (48.6011)  loss_mal: 1.7168 (1.5151)  loss_bbox: 0.8649 (0.9503)  loss_giou: 1.5432 (1.5325)  loss_fgl: 0.7092 (0.7318)  loss_mal_aux_0: 1.4102 (1.3275)  loss_bbox_aux_0: 0.8862 (0.9810)  loss_giou_aux_0: 1.5885 (1.5847)  loss_fgl_aux_0: 0.7039 (0.7331)  loss_ddf_aux_0: 0.0481 (0.0530)  loss_mal_aux_1: 1.7070 (1.5336)  loss_bbox_aux_1: 0.8621 (0.9506)  loss_giou_aux_1: 1.5408 (1.5362)  loss_fgl_aux_1: 0.7136 (0.7321)  loss_ddf_aux_1: 0.0072 (0.0084)  loss_mal_aux_2: 1.7275 (1.5244)  loss_bbox_aux_2: 0.8720 (0.9509)  loss_giou_aux_2: 1.5467 (1.5317)  loss_fgl_aux_2: 0.7083 (0.7333)  loss_ddf_aux_2: 0.0008 (0.0008)  loss_mal_pre: 1.3975 (1.3254)  loss_bbox_pre: 0.9243 (1.0407)  loss_giou_pre: 1.6091 (1.5860)  loss_mal_enc_0: 1.1387 (1.2134)  loss_bbox_enc_0: 0.9831 (1.0926)  loss_giou_enc_0: 1.6965 (1.6410)  loss_mal_dn_0: 1.0830 (1.0904)  loss_bbox_dn_0: 0.7692 (0.8168)  loss_giou_dn_0: 1.4716 (1.4652)  loss_fgl_dn_0: 1.1630 (1.1742)  loss_ddf_dn_0: 0.1548 (0.1829)  loss_mal_dn_1: 1.3418 (1.2909)  loss_bbox_dn_1: 0.7179 (0.7934)  loss_giou_dn_1: 1.3670 (1.3889)  loss_fgl_dn_1: 1.1119 (1.1091)  loss_ddf_dn_1: 0.0356 (0.0367)  loss_mal_dn_2: 1.3623 (1.3217)  loss_bbox_dn_2: 0.7009 (0.7661)  loss_giou_dn_2: 1.3137 (1.3519)  loss_fgl_dn_2: 1.1135 (1.1168)  loss_ddf_dn_2: 0.0050 (0.0054)  loss_mal_dn_3: 1.3516 (1.3083)  loss_bbox_dn_3: 0.6921 (0.7697)  loss_giou_dn_3: 1.2980 (1.3413)  loss_fgl_dn_3: 1.1235 (1.1233)  loss_mal_dn_pre: 1.1064 (1.1240)  loss_bbox_dn_pre: 0.7208 (0.7704)  loss_giou_dn_pre: 1.4582 (1.4432)  time: 0.1682  data: 0.0532  max mem: 2550
Epoch: [12] Total time: 0:00:01 (0.1752 s / it)
Averaged stats: lr: 0.000000  loss: 46.9497 (48.6011)  loss_mal: 1.7168 (1.5151)  loss_bbox: 0.8649 (0.9503)  loss_giou: 1.5432 (1.5325)  loss_fgl: 0.7092 (0.7318)  loss_mal_aux_0: 1.4102 (1.3275)  loss_bbox_aux_0: 0.8862 (0.9810)  loss_giou_aux_0: 1.5885 (1.5847)  loss_fgl_aux_0: 0.7039 (0.7331)  loss_ddf_aux_0: 0.0481 (0.0530)  loss_mal_aux_1: 1.7070 (1.5336)  loss_bbox_aux_1: 0.8621 (0.9506)  loss_giou_aux_1: 1.5408 (1.5362)  loss_fgl_aux_1: 0.7136 (0.7321)  loss_ddf_aux_1: 0.0072 (0.0084)  loss_mal_aux_2: 1.7275 (1.5244)  loss_bbox_aux_2: 0.8720 (0.9509)  loss_giou_aux_2: 1.5467 (1.5317)  loss_fgl_aux_2: 0.7083 (0.7333)  loss_ddf_aux_2: 0.0008 (0.0008)  loss_mal_pre: 1.3975 (1.3254)  loss_bbox_pre: 0.9243 (1.0407)  loss_giou_pre: 1.6091 (1.5860)  loss_mal_enc_0: 1.1387 (1.2134)  loss_bbox_enc_0: 0.9831 (1.0926)  loss_giou_enc_0: 1.6965 (1.6410)  loss_mal_dn_0: 1.0830 (1.0904)  loss_bbox_dn_0: 0.7692 (0.8168)  loss_giou_dn_0: 1.4716 (1.4652)  loss_fgl_dn_0: 1.1630 (1.1742)  loss_ddf_dn_0: 0.1548 (0.1829)  loss_mal_dn_1: 1.3418 (1.2909)  loss_bbox_dn_1: 0.7179 (0.7934)  loss_giou_dn_1: 1.3670 (1.3889)  loss_fgl_dn_1: 1.1119 (1.1091)  loss_ddf_dn_1: 0.0356 (0.0367)  loss_mal_dn_2: 1.3623 (1.3217)  loss_bbox_dn_2: 0.7009 (0.7661)  loss_giou_dn_2: 1.3137 (1.3519)  loss_fgl_dn_2: 1.1135 (1.1168)  loss_ddf_dn_2: 0.0050 (0.0054)  loss_mal_dn_3: 1.3516 (1.3083)  loss_bbox_dn_3: 0.6921 (0.7697)  loss_giou_dn_3: 1.2980 (1.3413)  loss_fgl_dn_3: 1.1235 (1.1233)  loss_mal_dn_pre: 1.1064 (1.1240)  loss_bbox_dn_pre: 0.7208 (0.7704)  loss_giou_dn_pre: 1.4582 (1.4432)
Test:  [0/4]  eta: 0:00:01    time: 0.3627  data: 0.3317  max mem: 2550
Test:  [3/4]  eta: 0:00:00    time: 0.1100  data: 0.0847  max mem: 2550
Test: Total time: 0:00:00 (0.1278 s / it)
Averaged stats: 
Accumulating evaluation results...
COCOeval_opt.accumulate() finished...
DONE (t=0.00s).
IoU metric: bbox
 Average Precision  (AP) @[ IoU=0.50:0.95 | area=   all | maxDets=100 ] = 0.002
 Average Precision  (AP) @[ IoU=0.50      | area=   all | maxDets=100 ] = 0.002
 Average Precision  (AP) @[ IoU=0.75      | area=   all | maxDets=100 ] = 0.002
 Average Precision  (AP) @[ IoU=0.50:0.95 | area= small | maxDets=100 ] = -1.000
 Average Precision  (AP) @[ IoU=0.50:0.95 | area=medium | maxDets=100 ] = -1.000
 Average Precision  (AP) @[ IoU=0.50:0.95 | area= large | maxDets=100 ] = 0.002
 Average Recall     (AR) @[ IoU=0.50:0.95 | area=   all | maxDets=  1 ] = 0.000
 Average Recall     (AR) @[ IoU=0.50:0.95 | area=   all | maxDets= 10 ] = 0.027
 Average Recall     (AR) @[ IoU=0.50:0.95 | area=   all | maxDets=100 ] = 0.187
 Average Recall     (AR) @[ IoU=0.50:0.95 | area= small | maxDets=100 ] = -1.000
 Average Recall     (AR) @[ IoU=0.50:0.95 | area=medium | maxDets=100 ] = -1.000
 Average Recall     (AR) @[ IoU=0.50:0.95 | area= large | maxDets=100 ] = 0.187
 Average Recall     (AR) @[ IoU=0.50      | area=   all | maxDets=100 ] = 0.233
 Average Recall     (AR) @[ IoU=0.75      | area=   all | maxDets=100 ] = 0.200
best_stat: {'epoch': 2, 'coco_eval_bbox': 0.004095685227638115}
Epoch: [13]  [0/8]  eta: 0:00:04  lr: 0.000000  loss: 48.9400 (48.9400)  loss_mal: 1.6094 (1.6094)  loss_bbox: 0.8176 (0.8176)  loss_giou: 1.4555 (1.4555)  loss_fgl: 0.8438 (0.8438)  loss_mal_aux_0: 1.4189 (1.4189)  loss_bbox_aux_0: 0.8929 (0.8929)  loss_giou_aux_0: 1.5196 (1.5196)  loss_fgl_aux_0: 0.8121 (0.8121)  loss_ddf_aux_0: 0.0334 (0.0334)  loss_mal_aux_1: 1.6768 (1.6768)  loss_bbox_aux_1: 0.8327 (0.8327)  loss_giou_aux_1: 1.4652 (1.4652)  loss_fgl_aux_1: 0.8419 (0.8419)  loss_ddf_aux_1: 0.0061 (0.0061)  loss_mal_aux_2: 1.6719 (1.6719)  loss_bbox_aux_2: 0.8200 (0.8200)  loss_giou_aux_2: 1.4492 (1.4492)  loss_fgl_aux_2: 0.8468 (0.8468)  loss_ddf_aux_2: 0.0007 (0.0007)  loss_mal_pre: 1.3779 (1.3779)  loss_bbox_pre: 1.0441 (1.0441)  loss_giou_pre: 1.5500 (1.5500)  loss_mal_enc_0: 1.1992 (1.1992)  loss_bbox_enc_0: 1.1202 (1.1202)  loss_giou_enc_0: 1.6061 (1.6061)  loss_mal_dn_0: 1.2080 (1.2080)  loss_bbox_dn_0: 0.8417 (0.8417)  loss_giou_dn_0: 1.3534 (1.3534)  loss_fgl_dn_0: 1.2049 (1.2049)  loss_ddf_dn_0: 0.1697 (0.1697)  loss_mal_dn_1: 1.4453 (1.4453)  loss_bbox_dn_1: 0.7828 (0.7828)  loss_giou_dn_1: 1.2896 (1.2896)  loss_fgl_dn_1: 1.1465 (1.1465)  loss_ddf_dn_1: 0.0299 (0.0299)  loss_mal_dn_2: 1.4189 (1.4189)  loss_bbox_dn_2: 0.7604 (0.7604)  loss_giou_dn_2: 1.2680 (1.2680)  loss_fgl_dn_2: 1.1366 (1.1366)  loss_ddf_dn_2: 0.0042 (0.0042)  loss_mal_dn_3: 1.4023 (1.4023)  loss_bbox_dn_3: 0.7722 (0.7722)  loss_giou_dn_3: 1.2551 (1.2551)  loss_fgl_dn_3: 1.1561 (1.1561)  loss_mal_dn_pre: 1.2197 (1.2197)  loss_bbox_dn_pre: 0.8158 (0.8158)  loss_giou_dn_pre: 1.3467 (1.3467)  time: 0.5243  data: 0.3834  max mem: 2550
Epoch: [13]  [7/8]  eta: 0:00:00  lr: 0.000000  loss: 48.9400 (48.7553)  loss_mal: 1.4561 (1.5057)  loss_bbox: 0.8176 (0.8799)  loss_giou: 1.4244 (1.3995)  loss_fgl: 0.8438 (0.8539)  loss_mal_aux_0: 1.2158 (1.3447)  loss_bbox_aux_0: 0.8739 (0.9304)  loss_giou_aux_0: 1.4776 (1.4542)  loss_fgl_aux_0: 0.8379 (0.8428)  loss_ddf_aux_0: 0.0592 (0.0567)  loss_mal_aux_1: 1.5205 (1.5565)  loss_bbox_aux_1: 0.8327 (0.8975)  loss_giou_aux_1: 1.4211 (1.4119)  loss_fgl_aux_1: 0.8419 (0.8447)  loss_ddf_aux_1: 0.0086 (0.0084)  loss_mal_aux_2: 1.4863 (1.5289)  loss_bbox_aux_2: 0.8200 (0.8814)  loss_giou_aux_2: 1.4223 (1.4007)  loss_fgl_aux_2: 0.8468 (0.8500)  loss_ddf_aux_2: 0.0007 (0.0009)  loss_mal_pre: 1.1611 (1.3181)  loss_bbox_pre: 0.9864 (0.9912)  loss_giou_pre: 1.4960 (1.4652)  loss_mal_enc_0: 1.1992 (1.2392)  loss_bbox_enc_0: 1.0653 (1.0728)  loss_giou_enc_0: 1.5593 (1.5310)  loss_mal_dn_0: 1.1338 (1.1350)  loss_bbox_dn_0: 0.8417 (0.9479)  loss_giou_dn_0: 1.3534 (1.4123)  loss_fgl_dn_0: 1.1895 (1.1996)  loss_ddf_dn_0: 0.1697 (0.1921)  loss_mal_dn_1: 1.3447 (1.3302)  loss_bbox_dn_1: 0.7950 (0.9223)  loss_giou_dn_1: 1.2897 (1.3488)  loss_fgl_dn_1: 1.1465 (1.1448)  loss_ddf_dn_1: 0.0309 (0.0335)  loss_mal_dn_2: 1.3271 (1.3215)  loss_bbox_dn_2: 0.7816 (0.8986)  loss_giou_dn_2: 1.2680 (1.3243)  loss_fgl_dn_2: 1.1366 (1.1429)  loss_ddf_dn_2: 0.0041 (0.0042)  loss_mal_dn_3: 1.3213 (1.3175)  loss_bbox_dn_3: 0.7722 (0.8950)  loss_giou_dn_3: 1.2551 (1.3088)  loss_fgl_dn_3: 1.1561 (1.1555)  loss_mal_dn_pre: 1.1670 (1.1713)  loss_bbox_dn_pre: 0.8145 (0.8958)  loss_giou_dn_pre: 1.3467 (1.3873)  time: 0.1659  data: 0.0529  max mem: 2550
Epoch: [13] Total time: 0:00:01 (0.1726 s / it)
Averaged stats: lr: 0.000000  loss: 48.9400 (48.7553)  loss_mal: 1.4561 (1.5057)  loss_bbox: 0.8176 (0.8799)  loss_giou: 1.4244 (1.3995)  loss_fgl: 0.8438 (0.8539)  loss_mal_aux_0: 1.2158 (1.3447)  loss_bbox_aux_0: 0.8739 (0.9304)  loss_giou_aux_0: 1.4776 (1.4542)  loss_fgl_aux_0: 0.8379 (0.8428)  loss_ddf_aux_0: 0.0592 (0.0567)  loss_mal_aux_1: 1.5205 (1.5565)  loss_bbox_aux_1: 0.8327 (0.8975)  loss_giou_aux_1: 1.4211 (1.4119)  loss_fgl_aux_1: 0.8419 (0.8447)  loss_ddf_aux_1: 0.0086 (0.0084)  loss_mal_aux_2: 1.4863 (1.5289)  loss_bbox_aux_2: 0.8200 (0.8814)  loss_giou_aux_2: 1.4223 (1.4007)  loss_fgl_aux_2: 0.8468 (0.8500)  loss_ddf_aux_2: 0.0007 (0.0009)  loss_mal_pre: 1.1611 (1.3181)  loss_bbox_pre: 0.9864 (0.9912)  loss_giou_pre: 1.4960 (1.4652)  loss_mal_enc_0: 1.1992 (1.2392)  loss_bbox_enc_0: 1.0653 (1.0728)  loss_giou_enc_0: 1.5593 (1.5310)  loss_mal_dn_0: 1.1338 (1.1350)  loss_bbox_dn_0: 0.8417 (0.9479)  loss_giou_dn_0: 1.3534 (1.4123)  loss_fgl_dn_0: 1.1895 (1.1996)  loss_ddf_dn_0: 0.1697 (0.1921)  loss_mal_dn_1: 1.3447 (1.3302)  loss_bbox_dn_1: 0.7950 (0.9223)  loss_giou_dn_1: 1.2897 (1.3488)  loss_fgl_dn_1: 1.1465 (1.1448)  loss_ddf_dn_1: 0.0309 (0.0335)  loss_mal_dn_2: 1.3271 (1.3215)  loss_bbox_dn_2: 0.7816 (0.8986)  loss_giou_dn_2: 1.2680 (1.3243)  loss_fgl_dn_2: 1.1366 (1.1429)  loss_ddf_dn_2: 0.0041 (0.0042)  loss_mal_dn_3: 1.3213 (1.3175)  loss_bbox_dn_3: 0.7722 (0.8950)  loss_giou_dn_3: 1.2551 (1.3088)  loss_fgl_dn_3: 1.1561 (1.1555)  loss_mal_dn_pre: 1.1670 (1.1713)  loss_bbox_dn_pre: 0.8145 (0.8958)  loss_giou_dn_pre: 1.3467 (1.3873)
Test:  [0/4]  eta: 0:00:01    time: 0.3652  data: 0.3341  max mem: 2550
Test:  [3/4]  eta: 0:00:00    time: 0.1105  data: 0.0854  max mem: 2550
Test: Total time: 0:00:00 (0.1260 s / it)
Averaged stats: 
Accumulating evaluation results...
COCOeval_opt.accumulate() finished...
DONE (t=0.00s).
IoU metric: bbox
 Average Precision  (AP) @[ IoU=0.50:0.95 | area=   all | maxDets=100 ] = 0.001
 Average Precision  (AP) @[ IoU=0.50      | area=   all | maxDets=100 ] = 0.002
 Average Precision  (AP) @[ IoU=0.75      | area=   all | maxDets=100 ] = 0.002
 Average Precision  (AP) @[ IoU=0.50:0.95 | area= small | maxDets=100 ] = -1.000
 Average Precision  (AP) @[ IoU=0.50:0.95 | area=medium | maxDets=100 ] = -1.000
 Average Precision  (AP) @[ IoU=0.50:0.95 | area= large | maxDets=100 ] = 0.002
 Average Recall     (AR) @[ IoU=0.50:0.95 | area=   all | maxDets=  1 ] = 0.023
 Average Recall     (AR) @[ IoU=0.50:0.95 | area=   all | maxDets= 10 ] = 0.023
 Average Recall     (AR) @[ IoU=0.50:0.95 | area=   all | maxDets=100 ] = 0.153
 Average Recall     (AR) @[ IoU=0.50:0.95 | area= small | maxDets=100 ] = -1.000
 Average Recall     (AR) @[ IoU=0.50:0.95 | area=medium | maxDets=100 ] = -1.000
 Average Recall     (AR) @[ IoU=0.50:0.95 | area= large | maxDets=100 ] = 0.153
 Average Recall     (AR) @[ IoU=0.50      | area=   all | maxDets=100 ] = 0.233
 Average Recall     (AR) @[ IoU=0.75      | area=   all | maxDets=100 ] = 0.167
best_stat: {'epoch': 2, 'coco_eval_bbox': 0.004095685227638115}
Epoch: [14]  [0/8]  eta: 0:00:05  lr: 0.000000  loss: 50.6664 (50.6664)  loss_mal: 1.9316 (1.9316)  loss_bbox: 0.9162 (0.9162)  loss_giou: 1.2761 (1.2761)  loss_fgl: 0.8018 (0.8018)  loss_mal_aux_0: 1.7852 (1.7852)  loss_bbox_aux_0: 0.9306 (0.9306)  loss_giou_aux_0: 1.3170 (1.3170)  loss_fgl_aux_0: 0.8263 (0.8263)  loss_ddf_aux_0: 0.0457 (0.0457)  loss_mal_aux_1: 2.0234 (2.0234)  loss_bbox_aux_1: 0.9201 (0.9201)  loss_giou_aux_1: 1.2828 (1.2828)  loss_fgl_aux_1: 0.8012 (0.8012)  loss_ddf_aux_1: 0.0081 (0.0081)  loss_mal_aux_2: 1.9590 (1.9590)  loss_bbox_aux_2: 0.9196 (0.9196)  loss_giou_aux_2: 1.2814 (1.2814)  loss_fgl_aux_2: 0.7995 (0.7995)  loss_ddf_aux_2: 0.0006 (0.0006)  loss_mal_pre: 1.7598 (1.7598)  loss_bbox_pre: 0.9718 (0.9718)  loss_giou_pre: 1.3490 (1.3490)  loss_mal_enc_0: 1.7021 (1.7021)  loss_bbox_enc_0: 0.9709 (0.9709)  loss_giou_enc_0: 1.3718 (1.3718)  loss_mal_dn_0: 1.2998 (1.2998)  loss_bbox_dn_0: 1.0282 (1.0282)  loss_giou_dn_0: 1.2905 (1.2905)  loss_fgl_dn_0: 1.1469 (1.1469)  loss_ddf_dn_0: 0.2025 (0.2025)  loss_mal_dn_1: 1.4375 (1.4375)  loss_bbox_dn_1: 0.9626 (0.9626)  loss_giou_dn_1: 1.2626 (1.2626)  loss_fgl_dn_1: 1.0702 (1.0702)  loss_ddf_dn_1: 0.0386 (0.0386)  loss_mal_dn_2: 1.5166 (1.5166)  loss_bbox_dn_2: 0.9084 (0.9084)  loss_giou_dn_2: 1.2032 (1.2032)  loss_fgl_dn_2: 1.0906 (1.0906)  loss_ddf_dn_2: 0.0061 (0.0061)  loss_mal_dn_3: 1.5166 (1.5166)  loss_bbox_dn_3: 0.8988 (0.8988)  loss_giou_dn_3: 1.1780 (1.1780)  loss_fgl_dn_3: 1.1061 (1.1061)  loss_mal_dn_pre: 1.2754 (1.2754)  loss_bbox_dn_pre: 0.9801 (0.9801)  loss_giou_dn_pre: 1.2954 (1.2954)  time: 0.6675  data: 0.5215  max mem: 2550
Epoch: [14]  [7/8]  eta: 0:00:00  lr: 0.000000  loss: 49.3287 (50.3145)  loss_mal: 1.4678 (1.7379)  loss_bbox: 0.8826 (0.8969)  loss_giou: 1.3338 (1.3850)  loss_fgl: 0.7883 (0.8628)  loss_mal_aux_0: 1.2510 (1.6183)  loss_bbox_aux_0: 0.8982 (0.9200)  loss_giou_aux_0: 1.4168 (1.4342)  loss_fgl_aux_0: 0.7586 (0.8385)  loss_ddf_aux_0: 0.0557 (0.0560)  loss_mal_aux_1: 1.5322 (1.8132)  loss_bbox_aux_1: 0.8873 (0.9038)  loss_giou_aux_1: 1.3508 (1.3909)  loss_fgl_aux_1: 0.7827 (0.8576)  loss_ddf_aux_1: 0.0081 (0.0084)  loss_mal_aux_2: 1.5088 (1.7579)  loss_bbox_aux_2: 0.8862 (0.8995)  loss_giou_aux_2: 1.3324 (1.3846)  loss_fgl_aux_2: 0.7972 (0.8646)  loss_ddf_aux_2: 0.0007 (0.0008)  loss_mal_pre: 1.2217 (1.5972)  loss_bbox_pre: 0.8986 (0.9759)  loss_giou_pre: 1.4071 (1.4316)  loss_mal_enc_0: 1.1553 (1.4187)  loss_bbox_enc_0: 0.9470 (1.0315)  loss_giou_enc_0: 1.4566 (1.4898)  loss_mal_dn_0: 1.1211 (1.1464)  loss_bbox_dn_0: 0.8978 (0.9807)  loss_giou_dn_0: 1.3676 (1.4060)  loss_fgl_dn_0: 1.1944 (1.1999)  loss_ddf_dn_0: 0.1988 (0.1972)  loss_mal_dn_1: 1.4102 (1.3806)  loss_bbox_dn_1: 0.9079 (0.9421)  loss_giou_dn_1: 1.2872 (1.3240)  loss_fgl_dn_1: 1.0967 (1.1523)  loss_ddf_dn_1: 0.0354 (0.0389)  loss_mal_dn_2: 1.3926 (1.4159)  loss_bbox_dn_2: 0.8713 (0.8928)  loss_giou_dn_2: 1.2391 (1.2853)  loss_fgl_dn_2: 1.0964 (1.1523)  loss_ddf_dn_2: 0.0049 (0.0054)  loss_mal_dn_3: 1.4062 (1.4188)  loss_bbox_dn_3: 0.8674 (0.8854)  loss_giou_dn_3: 1.2012 (1.2667)  loss_fgl_dn_3: 1.1061 (1.1652)  loss_mal_dn_pre: 1.1426 (1.1729)  loss_bbox_dn_pre: 0.8509 (0.9239)  loss_giou_dn_pre: 1.3524 (1.3861)  time: 0.1881  data: 0.0671  max mem: 2550
Epoch: [14] Total time: 0:00:01 (0.1964 s / it)
Averaged stats: lr: 0.000000  loss: 49.3287 (50.3145)  loss_mal: 1.4678 (1.7379)  loss_bbox: 0.8826 (0.8969)  loss_giou: 1.3338 (1.3850)  loss_fgl: 0.7883 (0.8628)  loss_mal_aux_0: 1.2510 (1.6183)  loss_bbox_aux_0: 0.8982 (0.9200)  loss_giou_aux_0: 1.4168 (1.4342)  loss_fgl_aux_0: 0.7586 (0.8385)  loss_ddf_aux_0: 0.0557 (0.0560)  loss_mal_aux_1: 1.5322 (1.8132)  loss_bbox_aux_1: 0.8873 (0.9038)  loss_giou_aux_1: 1.3508 (1.3909)  loss_fgl_aux_1: 0.7827 (0.8576)  loss_ddf_aux_1: 0.0081 (0.0084)  loss_mal_aux_2: 1.5088 (1.7579)  loss_bbox_aux_2: 0.8862 (0.8995)  loss_giou_aux_2: 1.3324 (1.3846)  loss_fgl_aux_2: 0.7972 (0.8646)  loss_ddf_aux_2: 0.0007 (0.0008)  loss_mal_pre: 1.2217 (1.5972)  loss_bbox_pre: 0.8986 (0.9759)  loss_giou_pre: 1.4071 (1.4316)  loss_mal_enc_0: 1.1553 (1.4187)  loss_bbox_enc_0: 0.9470 (1.0315)  loss_giou_enc_0: 1.4566 (1.4898)  loss_mal_dn_0: 1.1211 (1.1464)  loss_bbox_dn_0: 0.8978 (0.9807)  loss_giou_dn_0: 1.3676 (1.4060)  loss_fgl_dn_0: 1.1944 (1.1999)  loss_ddf_dn_0: 0.1988 (0.1972)  loss_mal_dn_1: 1.4102 (1.3806)  loss_bbox_dn_1: 0.9079 (0.9421)  loss_giou_dn_1: 1.2872 (1.3240)  loss_fgl_dn_1: 1.0967 (1.1523)  loss_ddf_dn_1: 0.0354 (0.0389)  loss_mal_dn_2: 1.3926 (1.4159)  loss_bbox_dn_2: 0.8713 (0.8928)  loss_giou_dn_2: 1.2391 (1.2853)  loss_fgl_dn_2: 1.0964 (1.1523)  loss_ddf_dn_2: 0.0049 (0.0054)  loss_mal_dn_3: 1.4062 (1.4188)  loss_bbox_dn_3: 0.8674 (0.8854)  loss_giou_dn_3: 1.2012 (1.2667)  loss_fgl_dn_3: 1.1061 (1.1652)  loss_mal_dn_pre: 1.1426 (1.1729)  loss_bbox_dn_pre: 0.8509 (0.9239)  loss_giou_dn_pre: 1.3524 (1.3861)
Test:  [0/4]  eta: 0:00:01    time: 0.4913  data: 0.3331  max mem: 2550
Test:  [3/4]  eta: 0:00:00    time: 0.1422  data: 0.0852  max mem: 2550
Test: Total time: 0:00:00 (0.1627 s / it)
Averaged stats: 
Accumulating evaluation results...
COCOeval_opt.accumulate() finished...
DONE (t=0.00s).
IoU metric: bbox
 Average Precision  (AP) @[ IoU=0.50:0.95 | area=   all | maxDets=100 ] = 0.002
 Average Precision  (AP) @[ IoU=0.50      | area=   all | maxDets=100 ] = 0.003
 Average Precision  (AP) @[ IoU=0.75      | area=   all | maxDets=100 ] = 0.002
 Average Precision  (AP) @[ IoU=0.50:0.95 | area= small | maxDets=100 ] = -1.000
 Average Precision  (AP) @[ IoU=0.50:0.95 | area=medium | maxDets=100 ] = -1.000
 Average Precision  (AP) @[ IoU=0.50:0.95 | area= large | maxDets=100 ] = 0.002
 Average Recall     (AR) @[ IoU=0.50:0.95 | area=   all | maxDets=  1 ] = 0.000
 Average Recall     (AR) @[ IoU=0.50:0.95 | area=   all | maxDets= 10 ] = 0.023
 Average Recall     (AR) @[ IoU=0.50:0.95 | area=   all | maxDets=100 ] = 0.217
 Average Recall     (AR) @[ IoU=0.50:0.95 | area= small | maxDets=100 ] = -1.000
 Average Recall     (AR) @[ IoU=0.50:0.95 | area=medium | maxDets=100 ] = -1.000
 Average Recall     (AR) @[ IoU=0.50:0.95 | area= large | maxDets=100 ] = 0.217
 Average Recall     (AR) @[ IoU=0.50      | area=   all | maxDets=100 ] = 0.267
 Average Recall     (AR) @[ IoU=0.75      | area=   all | maxDets=100 ] = 0.233
best_stat: {'epoch': 2, 'coco_eval_bbox': 0.004095685227638115}
Epoch: [15]  [0/8]  eta: 0:00:06  lr: 0.000000  loss: 48.6289 (48.6289)  loss_mal: 2.5156 (2.5156)  loss_bbox: 0.4458 (0.4458)  loss_giou: 0.7943 (0.7943)  loss_fgl: 1.0653 (1.0653)  loss_mal_aux_0: 2.4141 (2.4141)  loss_bbox_aux_0: 0.4784 (0.4784)  loss_giou_aux_0: 0.8140 (0.8140)  loss_fgl_aux_0: 1.1122 (1.1122)  loss_ddf_aux_0: 0.0679 (0.0679)  loss_mal_aux_1: 2.5156 (2.5156)  loss_bbox_aux_1: 0.4458 (0.4458)  loss_giou_aux_1: 0.7867 (0.7867)  loss_fgl_aux_1: 1.0734 (1.0734)  loss_ddf_aux_1: 0.0094 (0.0094)  loss_mal_aux_2: 2.5469 (2.5469)  loss_bbox_aux_2: 0.4425 (0.4425)  loss_giou_aux_2: 0.7872 (0.7872)  loss_fgl_aux_2: 1.0656 (1.0656)  loss_ddf_aux_2: 0.0010 (0.0010)  loss_mal_pre: 2.4180 (2.4180)  loss_bbox_pre: 0.4905 (0.4905)  loss_giou_pre: 0.8115 (0.8115)  loss_mal_enc_0: 2.2305 (2.2305)  loss_bbox_enc_0: 0.5071 (0.5071)  loss_giou_enc_0: 0.9013 (0.9013)  loss_mal_dn_0: 1.4268 (1.4268)  loss_bbox_dn_0: 0.6422 (0.6422)  loss_giou_dn_0: 1.2576 (1.2576)  loss_fgl_dn_0: 1.1945 (1.1945)  loss_ddf_dn_0: 0.1411 (0.1411)  loss_mal_dn_1: 1.7109 (1.7109)  loss_bbox_dn_1: 0.6280 (0.6280)  loss_giou_dn_1: 1.1836 (1.1836)  loss_fgl_dn_1: 1.1500 (1.1500)  loss_ddf_dn_1: 0.0193 (0.0193)  loss_mal_dn_2: 1.6953 (1.6953)  loss_bbox_dn_2: 0.6113 (0.6113)  loss_giou_dn_2: 1.1556 (1.1556)  loss_fgl_dn_2: 1.1489 (1.1489)  loss_ddf_dn_2: 0.0028 (0.0028)  loss_mal_dn_3: 1.6729 (1.6729)  loss_bbox_dn_3: 0.6205 (0.6205)  loss_giou_dn_3: 1.1481 (1.1481)  loss_fgl_dn_3: 1.1568 (1.1568)  loss_mal_dn_pre: 1.4473 (1.4473)  loss_bbox_dn_pre: 0.6299 (0.6299)  loss_giou_dn_pre: 1.2449 (1.2449)  time: 0.7955  data: 0.6531  max mem: 2550
Epoch: [15]  [7/8]  eta: 0:00:00  lr: 0.000000  loss: 48.6289 (49.3507)  loss_mal: 1.5693 (1.7461)  loss_bbox: 0.7938 (0.8946)  loss_giou: 1.2392 (1.3024)  loss_fgl: 0.8020 (0.8265)  loss_mal_aux_0: 1.5020 (1.6304)  loss_bbox_aux_0: 0.8237 (0.9226)  loss_giou_aux_0: 1.2802 (1.3371)  loss_fgl_aux_0: 0.7953 (0.8360)  loss_ddf_aux_0: 0.0510 (0.0553)  loss_mal_aux_1: 1.6533 (1.7999)  loss_bbox_aux_1: 0.8064 (0.8974)  loss_giou_aux_1: 1.2329 (1.3037)  loss_fgl_aux_1: 0.8017 (0.8292)  loss_ddf_aux_1: 0.0080 (0.0085)  loss_mal_aux_2: 1.6221 (1.7629)  loss_bbox_aux_2: 0.7985 (0.8926)  loss_giou_aux_2: 1.2370 (1.2998)  loss_fgl_aux_2: 0.8017 (0.8282)  loss_ddf_aux_2: 0.0009 (0.0009)  loss_mal_pre: 1.4805 (1.5931)  loss_bbox_pre: 0.8454 (0.9951)  loss_giou_pre: 1.3075 (1.3514)  loss_mal_enc_0: 1.3945 (1.4513)  loss_bbox_enc_0: 0.8852 (1.0494)  loss_giou_enc_0: 1.4347 (1.4241)  loss_mal_dn_0: 1.1221 (1.1686)  loss_bbox_dn_0: 0.6544 (0.8452)  loss_giou_dn_0: 1.4040 (1.4055)  loss_fgl_dn_0: 1.2092 (1.2256)  loss_ddf_dn_0: 0.1717 (0.1771)  loss_mal_dn_1: 1.2793 (1.3989)  loss_bbox_dn_1: 0.6429 (0.8246)  loss_giou_dn_1: 1.3236 (1.3225)  loss_fgl_dn_1: 1.1317 (1.1631)  loss_ddf_dn_1: 0.0306 (0.0356)  loss_mal_dn_2: 1.3184 (1.4154)  loss_bbox_dn_2: 0.6113 (0.8050)  loss_giou_dn_2: 1.2971 (1.2894)  loss_fgl_dn_2: 1.1409 (1.1672)  loss_ddf_dn_2: 0.0033 (0.0046)  loss_mal_dn_3: 1.3438 (1.4087)  loss_bbox_dn_3: 0.6205 (0.8064)  loss_giou_dn_3: 1.2849 (1.2768)  loss_fgl_dn_3: 1.1568 (1.1786)  loss_mal_dn_pre: 1.1494 (1.1990)  loss_bbox_dn_pre: 0.6392 (0.8108)  loss_giou_dn_pre: 1.3834 (1.3834)  time: 0.1920  data: 0.0830  max mem: 2550
Epoch: [15] Total time: 0:00:01 (0.2008 s / it)
Averaged stats: lr: 0.000000  loss: 48.6289 (49.3507)  loss_mal: 1.5693 (1.7461)  loss_bbox: 0.7938 (0.8946)  loss_giou: 1.2392 (1.3024)  loss_fgl: 0.8020 (0.8265)  loss_mal_aux_0: 1.5020 (1.6304)  loss_bbox_aux_0: 0.8237 (0.9226)  loss_giou_aux_0: 1.2802 (1.3371)  loss_fgl_aux_0: 0.7953 (0.8360)  loss_ddf_aux_0: 0.0510 (0.0553)  loss_mal_aux_1: 1.6533 (1.7999)  loss_bbox_aux_1: 0.8064 (0.8974)  loss_giou_aux_1: 1.2329 (1.3037)  loss_fgl_aux_1: 0.8017 (0.8292)  loss_ddf_aux_1: 0.0080 (0.0085)  loss_mal_aux_2: 1.6221 (1.7629)  loss_bbox_aux_2: 0.7985 (0.8926)  loss_giou_aux_2: 1.2370 (1.2998)  loss_fgl_aux_2: 0.8017 (0.8282)  loss_ddf_aux_2: 0.0009 (0.0009)  loss_mal_pre: 1.4805 (1.5931)  loss_bbox_pre: 0.8454 (0.9951)  loss_giou_pre: 1.3075 (1.3514)  loss_mal_enc_0: 1.3945 (1.4513)  loss_bbox_enc_0: 0.8852 (1.0494)  loss_giou_enc_0: 1.4347 (1.4241)  loss_mal_dn_0: 1.1221 (1.1686)  loss_bbox_dn_0: 0.6544 (0.8452)  loss_giou_dn_0: 1.4040 (1.4055)  loss_fgl_dn_0: 1.2092 (1.2256)  loss_ddf_dn_0: 0.1717 (0.1771)  loss_mal_dn_1: 1.2793 (1.3989)  loss_bbox_dn_1: 0.6429 (0.8246)  loss_giou_dn_1: 1.3236 (1.3225)  loss_fgl_dn_1: 1.1317 (1.1631)  loss_ddf_dn_1: 0.0306 (0.0356)  loss_mal_dn_2: 1.3184 (1.4154)  loss_bbox_dn_2: 0.6113 (0.8050)  loss_giou_dn_2: 1.2971 (1.2894)  loss_fgl_dn_2: 1.1409 (1.1672)  loss_ddf_dn_2: 0.0033 (0.0046)  loss_mal_dn_3: 1.3438 (1.4087)  loss_bbox_dn_3: 0.6205 (0.8064)  loss_giou_dn_3: 1.2849 (1.2768)  loss_fgl_dn_3: 1.1568 (1.1786)  loss_mal_dn_pre: 1.1494 (1.1990)  loss_bbox_dn_pre: 0.6392 (0.8108)  loss_giou_dn_pre: 1.3834 (1.3834)
Test:  [0/4]  eta: 0:00:01    time: 0.3783  data: 0.3477  max mem: 2550
Test:  [3/4]  eta: 0:00:00    time: 0.1137  data: 0.0887  max mem: 2550
Test: Total time: 0:00:00 (0.1323 s / it)
Averaged stats: 
Accumulating evaluation results...
COCOeval_opt.accumulate() finished...
DONE (t=0.00s).
IoU metric: bbox
 Average Precision  (AP) @[ IoU=0.50:0.95 | area=   all | maxDets=100 ] = 0.002
 Average Precision  (AP) @[ IoU=0.50      | area=   all | maxDets=100 ] = 0.003
 Average Precision  (AP) @[ IoU=0.75      | area=   all | maxDets=100 ] = 0.002
 Average Precision  (AP) @[ IoU=0.50:0.95 | area= small | maxDets=100 ] = -1.000
 Average Precision  (AP) @[ IoU=0.50:0.95 | area=medium | maxDets=100 ] = -1.000
 Average Precision  (AP) @[ IoU=0.50:0.95 | area= large | maxDets=100 ] = 0.002
 Average Recall     (AR) @[ IoU=0.50:0.95 | area=   all | maxDets=  1 ] = 0.023
 Average Recall     (AR) @[ IoU=0.50:0.95 | area=   all | maxDets= 10 ] = 0.023
 Average Recall     (AR) @[ IoU=0.50:0.95 | area=   all | maxDets=100 ] = 0.233
 Average Recall     (AR) @[ IoU=0.50:0.95 | area= small | maxDets=100 ] = -1.000
 Average Recall     (AR) @[ IoU=0.50:0.95 | area=medium | maxDets=100 ] = -1.000
 Average Recall     (AR) @[ IoU=0.50:0.95 | area= large | maxDets=100 ] = 0.233
 Average Recall     (AR) @[ IoU=0.50      | area=   all | maxDets=100 ] = 0.300
 Average Recall     (AR) @[ IoU=0.75      | area=   all | maxDets=100 ] = 0.267
best_stat: {'epoch': 2, 'coco_eval_bbox': 0.004095685227638115}
Epoch: [16]  [0/8]  eta: 0:00:05  lr: 0.000000  loss: 50.4987 (50.4987)  loss_mal: 0.9341 (0.9341)  loss_bbox: 1.4236 (1.4236)  loss_giou: 1.7693 (1.7693)  loss_fgl: 0.6678 (0.6678)  loss_mal_aux_0: 0.8950 (0.8950)  loss_bbox_aux_0: 1.3883 (1.3883)  loss_giou_aux_0: 1.7632 (1.7632)  loss_fgl_aux_0: 0.6624 (0.6624)  loss_ddf_aux_0: 0.0502 (0.0502)  loss_mal_aux_1: 1.0283 (1.0283)  loss_bbox_aux_1: 1.4199 (1.4199)  loss_giou_aux_1: 1.7639 (1.7639)  loss_fgl_aux_1: 0.6631 (0.6631)  loss_ddf_aux_1: 0.0066 (0.0066)  loss_mal_aux_2: 0.9590 (0.9590)  loss_bbox_aux_2: 1.4534 (1.4534)  loss_giou_aux_2: 1.7693 (1.7693)  loss_fgl_aux_2: 0.6670 (0.6670)  loss_ddf_aux_2: 0.0006 (0.0006)  loss_mal_pre: 0.9355 (0.9355)  loss_bbox_pre: 1.4508 (1.4508)  loss_giou_pre: 1.7471 (1.7471)  loss_mal_enc_0: 0.9214 (0.9214)  loss_bbox_enc_0: 1.4889 (1.4889)  loss_giou_enc_0: 1.7764 (1.7764)  loss_mal_dn_0: 1.0020 (1.0020)  loss_bbox_dn_0: 1.1723 (1.1723)  loss_giou_dn_0: 1.4855 (1.4855)  loss_fgl_dn_0: 1.1407 (1.1407)  loss_ddf_dn_0: 0.2649 (0.2649)  loss_mal_dn_1: 1.0879 (1.0879)  loss_bbox_dn_1: 1.1381 (1.1381)  loss_giou_dn_1: 1.4720 (1.4720)  loss_fgl_dn_1: 1.0339 (1.0339)  loss_ddf_dn_1: 0.0463 (0.0463)  loss_mal_dn_2: 1.1113 (1.1113)  loss_bbox_dn_2: 1.1262 (1.1262)  loss_giou_dn_2: 1.4512 (1.4512)  loss_fgl_dn_2: 1.0424 (1.0424)  loss_ddf_dn_2: 0.0056 (0.0056)  loss_mal_dn_3: 1.0850 (1.0850)  loss_bbox_dn_3: 1.1198 (1.1198)  loss_giou_dn_3: 1.4414 (1.4414)  loss_fgl_dn_3: 1.0513 (1.0513)  loss_mal_dn_pre: 1.0088 (1.0088)  loss_bbox_dn_pre: 1.1195 (1.1195)  loss_giou_dn_pre: 1.4876 (1.4876)  time: 0.6865  data: 0.5358  max mem: 2550
Epoch: [16]  [7/8]  eta: 0:00:00  lr: 0.000000  loss: 48.6171 (48.8110)  loss_mal: 1.0596 (1.3801)  loss_bbox: 0.9070 (1.0322)  loss_giou: 1.4108 (1.5142)  loss_fgl: 0.7475 (0.7501)  loss_mal_aux_0: 0.9790 (1.2587)  loss_bbox_aux_0: 0.9338 (1.0647)  loss_giou_aux_0: 1.4443 (1.5593)  loss_fgl_aux_0: 0.7577 (0.7397)  loss_ddf_aux_0: 0.0440 (0.0499)  loss_mal_aux_1: 1.1338 (1.4168)  loss_bbox_aux_1: 0.9167 (1.0385)  loss_giou_aux_1: 1.4241 (1.5227)  loss_fgl_aux_1: 0.7509 (0.7515)  loss_ddf_aux_1: 0.0075 (0.0089)  loss_mal_aux_2: 1.0879 (1.3970)  loss_bbox_aux_2: 0.9002 (1.0343)  loss_giou_aux_2: 1.4053 (1.5132)  loss_fgl_aux_2: 0.7494 (0.7505)  loss_ddf_aux_2: 0.0007 (0.0009)  loss_mal_pre: 0.9858 (1.2702)  loss_bbox_pre: 1.0649 (1.1365)  loss_giou_pre: 1.4512 (1.5571)  loss_mal_enc_0: 0.9556 (1.2155)  loss_bbox_enc_0: 1.1026 (1.2076)  loss_giou_enc_0: 1.5089 (1.5941)  loss_mal_dn_0: 1.0371 (1.1072)  loss_bbox_dn_0: 0.8598 (0.8870)  loss_giou_dn_0: 1.4651 (1.4334)  loss_fgl_dn_0: 1.1531 (1.1639)  loss_ddf_dn_0: 0.1681 (0.1794)  loss_mal_dn_1: 1.1719 (1.2977)  loss_bbox_dn_1: 0.8441 (0.8689)  loss_giou_dn_1: 1.3956 (1.3781)  loss_fgl_dn_1: 1.0856 (1.0995)  loss_ddf_dn_1: 0.0300 (0.0334)  loss_mal_dn_2: 1.1631 (1.2788)  loss_bbox_dn_2: 0.8549 (0.8653)  loss_giou_dn_2: 1.3808 (1.3600)  loss_fgl_dn_2: 1.0757 (1.0984)  loss_ddf_dn_2: 0.0035 (0.0045)  loss_mal_dn_3: 1.1582 (1.2731)  loss_bbox_dn_3: 0.8529 (0.8626)  loss_giou_dn_3: 1.3650 (1.3458)  loss_fgl_dn_3: 1.0772 (1.1091)  loss_mal_dn_pre: 1.0957 (1.1602)  loss_bbox_dn_pre: 0.7954 (0.8335)  loss_giou_dn_pre: 1.4352 (1.4071)  time: 0.1915  data: 0.0757  max mem: 2550
Epoch: [16] Total time: 0:00:01 (0.1988 s / it)
Averaged stats: lr: 0.000000  loss: 48.6171 (48.8110)  loss_mal: 1.0596 (1.3801)  loss_bbox: 0.9070 (1.0322)  loss_giou: 1.4108 (1.5142)  loss_fgl: 0.7475 (0.7501)  loss_mal_aux_0: 0.9790 (1.2587)  loss_bbox_aux_0: 0.9338 (1.0647)  loss_giou_aux_0: 1.4443 (1.5593)  loss_fgl_aux_0: 0.7577 (0.7397)  loss_ddf_aux_0: 0.0440 (0.0499)  loss_mal_aux_1: 1.1338 (1.4168)  loss_bbox_aux_1: 0.9167 (1.0385)  loss_giou_aux_1: 1.4241 (1.5227)  loss_fgl_aux_1: 0.7509 (0.7515)  loss_ddf_aux_1: 0.0075 (0.0089)  loss_mal_aux_2: 1.0879 (1.3970)  loss_bbox_aux_2: 0.9002 (1.0343)  loss_giou_aux_2: 1.4053 (1.5132)  loss_fgl_aux_2: 0.7494 (0.7505)  loss_ddf_aux_2: 0.0007 (0.0009)  loss_mal_pre: 0.9858 (1.2702)  loss_bbox_pre: 1.0649 (1.1365)  loss_giou_pre: 1.4512 (1.5571)  loss_mal_enc_0: 0.9556 (1.2155)  loss_bbox_enc_0: 1.1026 (1.2076)  loss_giou_enc_0: 1.5089 (1.5941)  loss_mal_dn_0: 1.0371 (1.1072)  loss_bbox_dn_0: 0.8598 (0.8870)  loss_giou_dn_0: 1.4651 (1.4334)  loss_fgl_dn_0: 1.1531 (1.1639)  loss_ddf_dn_0: 0.1681 (0.1794)  loss_mal_dn_1: 1.1719 (1.2977)  loss_bbox_dn_1: 0.8441 (0.8689)  loss_giou_dn_1: 1.3956 (1.3781)  loss_fgl_dn_1: 1.0856 (1.0995)  loss_ddf_dn_1: 0.0300 (0.0334)  loss_mal_dn_2: 1.1631 (1.2788)  loss_bbox_dn_2: 0.8549 (0.8653)  loss_giou_dn_2: 1.3808 (1.3600)  loss_fgl_dn_2: 1.0757 (1.0984)  loss_ddf_dn_2: 0.0035 (0.0045)  loss_mal_dn_3: 1.1582 (1.2731)  loss_bbox_dn_3: 0.8529 (0.8626)  loss_giou_dn_3: 1.3650 (1.3458)  loss_fgl_dn_3: 1.0772 (1.1091)  loss_mal_dn_pre: 1.0957 (1.1602)  loss_bbox_dn_pre: 0.7954 (0.8335)  loss_giou_dn_pre: 1.4352 (1.4071)
Test:  [0/4]  eta: 0:00:01    time: 0.3646  data: 0.3336  max mem: 2550
Test:  [3/4]  eta: 0:00:00    time: 0.1104  data: 0.0853  max mem: 2550
Test: Total time: 0:00:00 (0.1279 s / it)
Averaged stats: 
Accumulating evaluation results...
COCOeval_opt.accumulate() finished...
DONE (t=0.00s).
IoU metric: bbox
 Average Precision  (AP) @[ IoU=0.50:0.95 | area=   all | maxDets=100 ] = 0.002
 Average Precision  (AP) @[ IoU=0.50      | area=   all | maxDets=100 ] = 0.003
 Average Precision  (AP) @[ IoU=0.75      | area=   all | maxDets=100 ] = 0.003
 Average Precision  (AP) @[ IoU=0.50:0.95 | area= small | maxDets=100 ] = -1.000
 Average Precision  (AP) @[ IoU=0.50:0.95 | area=medium | maxDets=100 ] = -1.000
 Average Precision  (AP) @[ IoU=0.50:0.95 | area= large | maxDets=100 ] = 0.002
 Average Recall     (AR) @[ IoU=0.50:0.95 | area=   all | maxDets=  1 ] = 0.027
 Average Recall     (AR) @[ IoU=0.50:0.95 | area=   all | maxDets= 10 ] = 0.027
 Average Recall     (AR) @[ IoU=0.50:0.95 | area=   all | maxDets=100 ] = 0.193
 Average Recall     (AR) @[ IoU=0.50:0.95 | area= small | maxDets=100 ] = -1.000
 Average Recall     (AR) @[ IoU=0.50:0.95 | area=medium | maxDets=100 ] = -1.000
 Average Recall     (AR) @[ IoU=0.50:0.95 | area= large | maxDets=100 ] = 0.193
 Average Recall     (AR) @[ IoU=0.50      | area=   all | maxDets=100 ] = 0.233
 Average Recall     (AR) @[ IoU=0.75      | area=   all | maxDets=100 ] = 0.200
best_stat: {'epoch': 2, 'coco_eval_bbox': 0.004095685227638115}
Epoch: [17]  [0/8]  eta: 0:00:07  lr: 0.000000  loss: 51.4642 (51.4642)  loss_mal: 1.3916 (1.3916)  loss_bbox: 1.1968 (1.1968)  loss_giou: 1.4876 (1.4876)  loss_fgl: 0.9309 (0.9309)  loss_mal_aux_0: 1.1396 (1.1396)  loss_bbox_aux_0: 1.2305 (1.2305)  loss_giou_aux_0: 1.5479 (1.5479)  loss_fgl_aux_0: 0.8932 (0.8932)  loss_ddf_aux_0: 0.0504 (0.0504)  loss_mal_aux_1: 1.4062 (1.4062)  loss_bbox_aux_1: 1.2042 (1.2042)  loss_giou_aux_1: 1.5006 (1.5006)  loss_fgl_aux_1: 0.9750 (0.9750)  loss_ddf_aux_1: 0.0096 (0.0096)  loss_mal_aux_2: 1.4346 (1.4346)  loss_bbox_aux_2: 1.2065 (1.2065)  loss_giou_aux_2: 1.4922 (1.4922)  loss_fgl_aux_2: 0.9274 (0.9274)  loss_ddf_aux_2: 0.0010 (0.0010)  loss_mal_pre: 1.2656 (1.2656)  loss_bbox_pre: 1.2241 (1.2241)  loss_giou_pre: 1.5302 (1.5302)  loss_mal_enc_0: 1.4219 (1.4219)  loss_bbox_enc_0: 1.3295 (1.3295)  loss_giou_enc_0: 1.4946 (1.4946)  loss_mal_dn_0: 1.1230 (1.1230)  loss_bbox_dn_0: 1.1609 (1.1609)  loss_giou_dn_0: 1.3901 (1.3901)  loss_fgl_dn_0: 1.1563 (1.1563)  loss_ddf_dn_0: 0.1457 (0.1457)  loss_mal_dn_1: 1.2871 (1.2871)  loss_bbox_dn_1: 1.1371 (1.1371)  loss_giou_dn_1: 1.3445 (1.3445)  loss_fgl_dn_1: 1.1174 (1.1174)  loss_ddf_dn_1: 0.0274 (0.0274)  loss_mal_dn_2: 1.2881 (1.2881)  loss_bbox_dn_2: 1.1181 (1.1181)  loss_giou_dn_2: 1.3202 (1.3202)  loss_fgl_dn_2: 1.1224 (1.1224)  loss_ddf_dn_2: 0.0043 (0.0043)  loss_mal_dn_3: 1.2793 (1.2793)  loss_bbox_dn_3: 1.1013 (1.1013)  loss_giou_dn_3: 1.3025 (1.3025)  loss_fgl_dn_3: 1.1315 (1.1315)  loss_mal_dn_pre: 1.1436 (1.1436)  loss_bbox_dn_pre: 1.0945 (1.0945)  loss_giou_dn_pre: 1.3772 (1.3772)  time: 0.9340  data: 0.7879  max mem: 2550
Epoch: [17]  [7/8]  eta: 0:00:00  lr: 0.000000  loss: 49.9902 (51.0751)  loss_mal: 1.3916 (1.5850)  loss_bbox: 1.0377 (1.0760)  loss_giou: 1.4135 (1.4012)  loss_fgl: 0.8215 (0.8726)  loss_mal_aux_0: 1.2607 (1.4503)  loss_bbox_aux_0: 1.0598 (1.0762)  loss_giou_aux_0: 1.4048 (1.4239)  loss_fgl_aux_0: 0.8232 (0.8738)  loss_ddf_aux_0: 0.0402 (0.0449)  loss_mal_aux_1: 1.4062 (1.6417)  loss_bbox_aux_1: 1.0244 (1.0791)  loss_giou_aux_1: 1.4047 (1.4042)  loss_fgl_aux_1: 0.8162 (0.8781)  loss_ddf_aux_1: 0.0079 (0.0079)  loss_mal_aux_2: 1.4346 (1.6195)  loss_bbox_aux_2: 1.0336 (1.0780)  loss_giou_aux_2: 1.4144 (1.4018)  loss_fgl_aux_2: 0.8211 (0.8736)  loss_ddf_aux_2: 0.0007 (0.0009)  loss_mal_pre: 1.2656 (1.4496)  loss_bbox_pre: 1.0081 (1.0918)  loss_giou_pre: 1.4148 (1.4312)  loss_mal_enc_0: 1.2021 (1.4700)  loss_bbox_enc_0: 1.0497 (1.1306)  loss_giou_enc_0: 1.4387 (1.4620)  loss_mal_dn_0: 1.1230 (1.1519)  loss_bbox_dn_0: 0.9333 (1.1269)  loss_giou_dn_0: 1.3901 (1.4016)  loss_fgl_dn_0: 1.1533 (1.1630)  loss_ddf_dn_0: 0.1457 (0.1631)  loss_mal_dn_1: 1.2871 (1.3308)  loss_bbox_dn_1: 0.9564 (1.1156)  loss_giou_dn_1: 1.3445 (1.3345)  loss_fgl_dn_1: 1.1042 (1.1126)  loss_ddf_dn_1: 0.0291 (0.0341)  loss_mal_dn_2: 1.2725 (1.3452)  loss_bbox_dn_2: 0.9362 (1.0844)  loss_giou_dn_2: 1.3202 (1.3050)  loss_fgl_dn_2: 1.1088 (1.1152)  loss_ddf_dn_2: 0.0043 (0.0050)  loss_mal_dn_3: 1.2549 (1.3328)  loss_bbox_dn_3: 0.9409 (1.0821)  loss_giou_dn_3: 1.3025 (1.2909)  loss_fgl_dn_3: 1.1121 (1.1238)  loss_mal_dn_pre: 1.1328 (1.1687)  loss_bbox_dn_pre: 0.9063 (1.0749)  loss_giou_dn_pre: 1.3772 (1.3893)  time: 0.2143  data: 0.1002  max mem: 2550
Epoch: [17] Total time: 0:00:01 (0.2213 s / it)
Averaged stats: lr: 0.000000  loss: 49.9902 (51.0751)  loss_mal: 1.3916 (1.5850)  loss_bbox: 1.0377 (1.0760)  loss_giou: 1.4135 (1.4012)  loss_fgl: 0.8215 (0.8726)  loss_mal_aux_0: 1.2607 (1.4503)  loss_bbox_aux_0: 1.0598 (1.0762)  loss_giou_aux_0: 1.4048 (1.4239)  loss_fgl_aux_0: 0.8232 (0.8738)  loss_ddf_aux_0: 0.0402 (0.0449)  loss_mal_aux_1: 1.4062 (1.6417)  loss_bbox_aux_1: 1.0244 (1.0791)  loss_giou_aux_1: 1.4047 (1.4042)  loss_fgl_aux_1: 0.8162 (0.8781)  loss_ddf_aux_1: 0.0079 (0.0079)  loss_mal_aux_2: 1.4346 (1.6195)  loss_bbox_aux_2: 1.0336 (1.0780)  loss_giou_aux_2: 1.4144 (1.4018)  loss_fgl_aux_2: 0.8211 (0.8736)  loss_ddf_aux_2: 0.0007 (0.0009)  loss_mal_pre: 1.2656 (1.4496)  loss_bbox_pre: 1.0081 (1.0918)  loss_giou_pre: 1.4148 (1.4312)  loss_mal_enc_0: 1.2021 (1.4700)  loss_bbox_enc_0: 1.0497 (1.1306)  loss_giou_enc_0: 1.4387 (1.4620)  loss_mal_dn_0: 1.1230 (1.1519)  loss_bbox_dn_0: 0.9333 (1.1269)  loss_giou_dn_0: 1.3901 (1.4016)  loss_fgl_dn_0: 1.1533 (1.1630)  loss_ddf_dn_0: 0.1457 (0.1631)  loss_mal_dn_1: 1.2871 (1.3308)  loss_bbox_dn_1: 0.9564 (1.1156)  loss_giou_dn_1: 1.3445 (1.3345)  loss_fgl_dn_1: 1.1042 (1.1126)  loss_ddf_dn_1: 0.0291 (0.0341)  loss_mal_dn_2: 1.2725 (1.3452)  loss_bbox_dn_2: 0.9362 (1.0844)  loss_giou_dn_2: 1.3202 (1.3050)  loss_fgl_dn_2: 1.1088 (1.1152)  loss_ddf_dn_2: 0.0043 (0.0050)  loss_mal_dn_3: 1.2549 (1.3328)  loss_bbox_dn_3: 0.9409 (1.0821)  loss_giou_dn_3: 1.3025 (1.2909)  loss_fgl_dn_3: 1.1121 (1.1238)  loss_mal_dn_pre: 1.1328 (1.1687)  loss_bbox_dn_pre: 0.9063 (1.0749)  loss_giou_dn_pre: 1.3772 (1.3893)
Test:  [0/4]  eta: 0:00:01    time: 0.3779  data: 0.3471  max mem: 2550
Test:  [3/4]  eta: 0:00:00    time: 0.1137  data: 0.0886  max mem: 2550
Test: Total time: 0:00:00 (0.1338 s / it)
Averaged stats: 
Accumulating evaluation results...
COCOeval_opt.accumulate() finished...
DONE (t=0.00s).
IoU metric: bbox
 Average Precision  (AP) @[ IoU=0.50:0.95 | area=   all | maxDets=100 ] = 0.002
 Average Precision  (AP) @[ IoU=0.50      | area=   all | maxDets=100 ] = 0.003
 Average Precision  (AP) @[ IoU=0.75      | area=   all | maxDets=100 ] = 0.003
 Average Precision  (AP) @[ IoU=0.50:0.95 | area= small | maxDets=100 ] = -1.000
 Average Precision  (AP) @[ IoU=0.50:0.95 | area=medium | maxDets=100 ] = -1.000
 Average Precision  (AP) @[ IoU=0.50:0.95 | area= large | maxDets=100 ] = 0.002
 Average Recall     (AR) @[ IoU=0.50:0.95 | area=   all | maxDets=  1 ] = 0.023
 Average Recall     (AR) @[ IoU=0.50:0.95 | area=   all | maxDets= 10 ] = 0.027
 Average Recall     (AR) @[ IoU=0.50:0.95 | area=   all | maxDets=100 ] = 0.140
 Average Recall     (AR) @[ IoU=0.50:0.95 | area= small | maxDets=100 ] = -1.000
 Average Recall     (AR) @[ IoU=0.50:0.95 | area=medium | maxDets=100 ] = -1.000
 Average Recall     (AR) @[ IoU=0.50:0.95 | area= large | maxDets=100 ] = 0.140
 Average Recall     (AR) @[ IoU=0.50      | area=   all | maxDets=100 ] = 0.200
 Average Recall     (AR) @[ IoU=0.75      | area=   all | maxDets=100 ] = 0.133
best_stat: {'epoch': 2, 'coco_eval_bbox': 0.004095685227638115}
Epoch: [18]  [0/8]  eta: 0:00:06  lr: 0.000000  loss: 47.5431 (47.5431)  loss_mal: 1.4102 (1.4102)  loss_bbox: 0.8814 (0.8814)  loss_giou: 1.3896 (1.3896)  loss_fgl: 0.7557 (0.7557)  loss_mal_aux_0: 1.2559 (1.2559)  loss_bbox_aux_0: 0.9398 (0.9398)  loss_giou_aux_0: 1.4224 (1.4224)  loss_fgl_aux_0: 0.7432 (0.7432)  loss_ddf_aux_0: 0.0350 (0.0350)  loss_mal_aux_1: 1.4297 (1.4297)  loss_bbox_aux_1: 0.8950 (0.8950)  loss_giou_aux_1: 1.4010 (1.4010)  loss_fgl_aux_1: 0.7553 (0.7553)  loss_ddf_aux_1: 0.0059 (0.0059)  loss_mal_aux_2: 1.4141 (1.4141)  loss_bbox_aux_2: 0.8848 (0.8848)  loss_giou_aux_2: 1.3870 (1.3870)  loss_fgl_aux_2: 0.7587 (0.7587)  loss_ddf_aux_2: 0.0008 (0.0008)  loss_mal_pre: 1.2422 (1.2422)  loss_bbox_pre: 0.9644 (0.9644)  loss_giou_pre: 1.4245 (1.4245)  loss_mal_enc_0: 1.1895 (1.1895)  loss_bbox_enc_0: 1.0293 (1.0293)  loss_giou_enc_0: 1.4723 (1.4723)  loss_mal_dn_0: 1.1484 (1.1484)  loss_bbox_dn_0: 0.9484 (0.9484)  loss_giou_dn_0: 1.4016 (1.4016)  loss_fgl_dn_0: 1.1045 (1.1045)  loss_ddf_dn_0: 0.1527 (0.1527)  loss_mal_dn_1: 1.3506 (1.3506)  loss_bbox_dn_1: 0.9554 (0.9554)  loss_giou_dn_1: 1.3572 (1.3572)  loss_fgl_dn_1: 1.0867 (1.0867)  loss_ddf_dn_1: 0.0316 (0.0316)  loss_mal_dn_2: 1.3672 (1.3672)  loss_bbox_dn_2: 0.9615 (0.9615)  loss_giou_dn_2: 1.3138 (1.3138)  loss_fgl_dn_2: 1.1041 (1.1041)  loss_ddf_dn_2: 0.0048 (0.0048)  loss_mal_dn_3: 1.3174 (1.3174)  loss_bbox_dn_3: 0.9554 (0.9554)  loss_giou_dn_3: 1.3175 (1.3175)  loss_fgl_dn_3: 1.1072 (1.1072)  loss_mal_dn_pre: 1.1758 (1.1758)  loss_bbox_dn_pre: 0.9113 (0.9113)  loss_giou_dn_pre: 1.3827 (1.3827)  time: 0.7849  data: 0.6362  max mem: 2550
Epoch: [18]  [7/8]  eta: 0:00:00  lr: 0.000000  loss: 47.9194 (48.1632)  loss_mal: 1.3086 (1.5330)  loss_bbox: 0.8913 (0.8537)  loss_giou: 1.5025 (1.4187)  loss_fgl: 0.7557 (0.8117)  loss_mal_aux_0: 1.1113 (1.4318)  loss_bbox_aux_0: 0.9267 (0.8784)  loss_giou_aux_0: 1.5189 (1.4367)  loss_fgl_aux_0: 0.7605 (0.8137)  loss_ddf_aux_0: 0.0384 (0.0503)  loss_mal_aux_1: 1.2764 (1.5594)  loss_bbox_aux_1: 0.9019 (0.8658)  loss_giou_aux_1: 1.4715 (1.4190)  loss_fgl_aux_1: 0.7553 (0.8176)  loss_ddf_aux_1: 0.0063 (0.0088)  loss_mal_aux_2: 1.2773 (1.5529)  loss_bbox_aux_2: 0.8893 (0.8538)  loss_giou_aux_2: 1.5063 (1.4182)  loss_fgl_aux_2: 0.7587 (0.8123)  loss_ddf_aux_2: 0.0006 (0.0008)  loss_mal_pre: 1.1289 (1.4315)  loss_bbox_pre: 0.9644 (0.9258)  loss_giou_pre: 1.5065 (1.4343)  loss_mal_enc_0: 1.0674 (1.3763)  loss_bbox_enc_0: 1.0293 (1.0116)  loss_giou_enc_0: 1.5705 (1.4985)  loss_mal_dn_0: 1.1436 (1.0640)  loss_bbox_dn_0: 0.8453 (0.8645)  loss_giou_dn_0: 1.4000 (1.4532)  loss_fgl_dn_0: 1.1407 (1.1925)  loss_ddf_dn_0: 0.1527 (0.1769)  loss_mal_dn_1: 1.3125 (1.2466)  loss_bbox_dn_1: 0.8291 (0.8593)  loss_giou_dn_1: 1.3564 (1.3936)  loss_fgl_dn_1: 1.0867 (1.1211)  loss_ddf_dn_1: 0.0316 (0.0321)  loss_mal_dn_2: 1.2598 (1.2606)  loss_bbox_dn_2: 0.8249 (0.8458)  loss_giou_dn_2: 1.3163 (1.3633)  loss_fgl_dn_2: 1.1041 (1.1269)  loss_ddf_dn_2: 0.0044 (0.0043)  loss_mal_dn_3: 1.2744 (1.2542)  loss_bbox_dn_3: 0.8212 (0.8458)  loss_giou_dn_3: 1.3175 (1.3493)  loss_fgl_dn_3: 1.1072 (1.1392)  loss_mal_dn_pre: 1.1758 (1.1147)  loss_bbox_dn_pre: 0.7925 (0.8153)  loss_giou_dn_pre: 1.3696 (1.4255)  time: 0.1996  data: 0.0824  max mem: 2550
Epoch: [18] Total time: 0:00:01 (0.2067 s / it)
Averaged stats: lr: 0.000000  loss: 47.9194 (48.1632)  loss_mal: 1.3086 (1.5330)  loss_bbox: 0.8913 (0.8537)  loss_giou: 1.5025 (1.4187)  loss_fgl: 0.7557 (0.8117)  loss_mal_aux_0: 1.1113 (1.4318)  loss_bbox_aux_0: 0.9267 (0.8784)  loss_giou_aux_0: 1.5189 (1.4367)  loss_fgl_aux_0: 0.7605 (0.8137)  loss_ddf_aux_0: 0.0384 (0.0503)  loss_mal_aux_1: 1.2764 (1.5594)  loss_bbox_aux_1: 0.9019 (0.8658)  loss_giou_aux_1: 1.4715 (1.4190)  loss_fgl_aux_1: 0.7553 (0.8176)  loss_ddf_aux_1: 0.0063 (0.0088)  loss_mal_aux_2: 1.2773 (1.5529)  loss_bbox_aux_2: 0.8893 (0.8538)  loss_giou_aux_2: 1.5063 (1.4182)  loss_fgl_aux_2: 0.7587 (0.8123)  loss_ddf_aux_2: 0.0006 (0.0008)  loss_mal_pre: 1.1289 (1.4315)  loss_bbox_pre: 0.9644 (0.9258)  loss_giou_pre: 1.5065 (1.4343)  loss_mal_enc_0: 1.0674 (1.3763)  loss_bbox_enc_0: 1.0293 (1.0116)  loss_giou_enc_0: 1.5705 (1.4985)  loss_mal_dn_0: 1.1436 (1.0640)  loss_bbox_dn_0: 0.8453 (0.8645)  loss_giou_dn_0: 1.4000 (1.4532)  loss_fgl_dn_0: 1.1407 (1.1925)  loss_ddf_dn_0: 0.1527 (0.1769)  loss_mal_dn_1: 1.3125 (1.2466)  loss_bbox_dn_1: 0.8291 (0.8593)  loss_giou_dn_1: 1.3564 (1.3936)  loss_fgl_dn_1: 1.0867 (1.1211)  loss_ddf_dn_1: 0.0316 (0.0321)  loss_mal_dn_2: 1.2598 (1.2606)  loss_bbox_dn_2: 0.8249 (0.8458)  loss_giou_dn_2: 1.3163 (1.3633)  loss_fgl_dn_2: 1.1041 (1.1269)  loss_ddf_dn_2: 0.0044 (0.0043)  loss_mal_dn_3: 1.2744 (1.2542)  loss_bbox_dn_3: 0.8212 (0.8458)  loss_giou_dn_3: 1.3175 (1.3493)  loss_fgl_dn_3: 1.1072 (1.1392)  loss_mal_dn_pre: 1.1758 (1.1147)  loss_bbox_dn_pre: 0.7925 (0.8153)  loss_giou_dn_pre: 1.3696 (1.4255)
Test:  [0/4]  eta: 0:00:01    time: 0.3636  data: 0.3322  max mem: 2550
Test:  [3/4]  eta: 0:00:00    time: 0.1436  data: 0.0851  max mem: 2550
Test: Total time: 0:00:00 (0.1638 s / it)
Averaged stats: 
Accumulating evaluation results...
COCOeval_opt.accumulate() finished...
DONE (t=0.00s).
IoU metric: bbox
 Average Precision  (AP) @[ IoU=0.50:0.95 | area=   all | maxDets=100 ] = 0.002
 Average Precision  (AP) @[ IoU=0.50      | area=   all | maxDets=100 ] = 0.003
 Average Precision  (AP) @[ IoU=0.75      | area=   all | maxDets=100 ] = 0.003
 Average Precision  (AP) @[ IoU=0.50:0.95 | area= small | maxDets=100 ] = -1.000
 Average Precision  (AP) @[ IoU=0.50:0.95 | area=medium | maxDets=100 ] = -1.000
 Average Precision  (AP) @[ IoU=0.50:0.95 | area= large | maxDets=100 ] = 0.003
 Average Recall     (AR) @[ IoU=0.50:0.95 | area=   all | maxDets=  1 ] = 0.023
 Average Recall     (AR) @[ IoU=0.50:0.95 | area=   all | maxDets= 10 ] = 0.023
 Average Recall     (AR) @[ IoU=0.50:0.95 | area=   all | maxDets=100 ] = 0.253
 Average Recall     (AR) @[ IoU=0.50:0.95 | area= small | maxDets=100 ] = -1.000
 Average Recall     (AR) @[ IoU=0.50:0.95 | area=medium | maxDets=100 ] = -1.000
 Average Recall     (AR) @[ IoU=0.50:0.95 | area= large | maxDets=100 ] = 0.253
 Average Recall     (AR) @[ IoU=0.50      | area=   all | maxDets=100 ] = 0.300
 Average Recall     (AR) @[ IoU=0.75      | area=   all | maxDets=100 ] = 0.300
best_stat: {'epoch': 2, 'coco_eval_bbox': 0.004095685227638115}
Epoch: [19]  [0/8]  eta: 0:00:07  lr: 0.000000  loss: 45.6081 (45.6081)  loss_mal: 1.8604 (1.8604)  loss_bbox: 0.4936 (0.4936)  loss_giou: 1.1745 (1.1745)  loss_fgl: 0.7964 (0.7964)  loss_mal_aux_0: 1.5566 (1.5566)  loss_bbox_aux_0: 0.5340 (0.5340)  loss_giou_aux_0: 1.2609 (1.2609)  loss_fgl_aux_0: 0.8046 (0.8046)  loss_ddf_aux_0: 0.0585 (0.0585)  loss_mal_aux_1: 1.8213 (1.8213)  loss_bbox_aux_1: 0.4991 (0.4991)  loss_giou_aux_1: 1.2046 (1.2046)  loss_fgl_aux_1: 0.7939 (0.7939)  loss_ddf_aux_1: 0.0087 (0.0087)  loss_mal_aux_2: 1.8984 (1.8984)  loss_bbox_aux_2: 0.4988 (0.4988)  loss_giou_aux_2: 1.1737 (1.1737)  loss_fgl_aux_2: 0.7975 (0.7975)  loss_ddf_aux_2: 0.0010 (0.0010)  loss_mal_pre: 1.5625 (1.5625)  loss_bbox_pre: 0.5326 (0.5326)  loss_giou_pre: 1.2868 (1.2868)  loss_mal_enc_0: 1.5654 (1.5654)  loss_bbox_enc_0: 0.5788 (0.5788)  loss_giou_enc_0: 1.3734 (1.3734)  loss_mal_dn_0: 1.0713 (1.0713)  loss_bbox_dn_0: 0.7289 (0.7289)  loss_giou_dn_0: 1.5047 (1.5047)  loss_fgl_dn_0: 1.0976 (1.0976)  loss_ddf_dn_0: 0.1600 (0.1600)  loss_mal_dn_1: 1.4092 (1.4092)  loss_bbox_dn_1: 0.6985 (0.6985)  loss_giou_dn_1: 1.3526 (1.3526)  loss_fgl_dn_1: 1.0926 (1.0926)  loss_ddf_dn_1: 0.0304 (0.0304)  loss_mal_dn_2: 1.4600 (1.4600)  loss_bbox_dn_2: 0.6740 (0.6740)  loss_giou_dn_2: 1.3028 (1.3028)  loss_fgl_dn_2: 1.0955 (1.0955)  loss_ddf_dn_2: 0.0029 (0.0029)  loss_mal_dn_3: 1.4736 (1.4736)  loss_bbox_dn_3: 0.6587 (0.6587)  loss_giou_dn_3: 1.2896 (1.2896)  loss_fgl_dn_3: 1.0985 (1.0985)  loss_mal_dn_pre: 1.1484 (1.1484)  loss_bbox_dn_pre: 0.6629 (0.6629)  loss_giou_dn_pre: 1.4593 (1.4593)  time: 0.8975  data: 0.7629  max mem: 2550
Epoch: [19]  [7/8]  eta: 0:00:00  lr: 0.000000  loss: 47.4085 (49.0050)  loss_mal: 1.6611 (1.7401)  loss_bbox: 0.8666 (0.8475)  loss_giou: 1.2591 (1.3582)  loss_fgl: 0.7941 (0.7616)  loss_mal_aux_0: 1.5088 (1.5394)  loss_bbox_aux_0: 0.9067 (0.8917)  loss_giou_aux_0: 1.3277 (1.4153)  loss_fgl_aux_0: 0.8046 (0.7611)  loss_ddf_aux_0: 0.0458 (0.0480)  loss_mal_aux_1: 1.7236 (1.7598)  loss_bbox_aux_1: 0.8685 (0.8568)  loss_giou_aux_1: 1.2758 (1.3681)  loss_fgl_aux_1: 0.7939 (0.7610)  loss_ddf_aux_1: 0.0070 (0.0084)  loss_mal_aux_2: 1.6973 (1.7675)  loss_bbox_aux_2: 0.8704 (0.8492)  loss_giou_aux_2: 1.2590 (1.3579)  loss_fgl_aux_2: 0.7975 (0.7629)  loss_ddf_aux_2: 0.0010 (0.0010)  loss_mal_pre: 1.5547 (1.5416)  loss_bbox_pre: 0.8922 (0.9084)  loss_giou_pre: 1.3240 (1.4085)  loss_mal_enc_0: 1.3760 (1.4768)  loss_bbox_enc_0: 1.0141 (0.9901)  loss_giou_enc_0: 1.4202 (1.4856)  loss_mal_dn_0: 1.2285 (1.1869)  loss_bbox_dn_0: 0.7682 (0.8620)  loss_giou_dn_0: 1.3359 (1.3930)  loss_fgl_dn_0: 1.1367 (1.1928)  loss_ddf_dn_0: 0.1833 (0.1776)  loss_mal_dn_1: 1.4893 (1.3981)  loss_bbox_dn_1: 0.7563 (0.8630)  loss_giou_dn_1: 1.2860 (1.3309)  loss_fgl_dn_1: 1.0926 (1.1266)  loss_ddf_dn_1: 0.0323 (0.0328)  loss_mal_dn_2: 1.4580 (1.4193)  loss_bbox_dn_2: 0.7404 (0.8402)  loss_giou_dn_2: 1.2535 (1.2940)  loss_fgl_dn_2: 1.1024 (1.1366)  loss_ddf_dn_2: 0.0029 (0.0037)  loss_mal_dn_3: 1.4277 (1.4092)  loss_bbox_dn_3: 0.7384 (0.8365)  loss_giou_dn_3: 1.2473 (1.2824)  loss_fgl_dn_3: 1.1080 (1.1439)  loss_mal_dn_pre: 1.2354 (1.2078)  loss_bbox_dn_pre: 0.7334 (0.8243)  loss_giou_dn_pre: 1.3314 (1.3772)  time: 0.2195  data: 0.0977  max mem: 2550
Epoch: [19] Total time: 0:00:01 (0.2269 s / it)
Averaged stats: lr: 0.000000  loss: 47.4085 (49.0050)  loss_mal: 1.6611 (1.7401)  loss_bbox: 0.8666 (0.8475)  loss_giou: 1.2591 (1.3582)  loss_fgl: 0.7941 (0.7616)  loss_mal_aux_0: 1.5088 (1.5394)  loss_bbox_aux_0: 0.9067 (0.8917)  loss_giou_aux_0: 1.3277 (1.4153)  loss_fgl_aux_0: 0.8046 (0.7611)  loss_ddf_aux_0: 0.0458 (0.0480)  loss_mal_aux_1: 1.7236 (1.7598)  loss_bbox_aux_1: 0.8685 (0.8568)  loss_giou_aux_1: 1.2758 (1.3681)  loss_fgl_aux_1: 0.7939 (0.7610)  loss_ddf_aux_1: 0.0070 (0.0084)  loss_mal_aux_2: 1.6973 (1.7675)  loss_bbox_aux_2: 0.8704 (0.8492)  loss_giou_aux_2: 1.2590 (1.3579)  loss_fgl_aux_2: 0.7975 (0.7629)  loss_ddf_aux_2: 0.0010 (0.0010)  loss_mal_pre: 1.5547 (1.5416)  loss_bbox_pre: 0.8922 (0.9084)  loss_giou_pre: 1.3240 (1.4085)  loss_mal_enc_0: 1.3760 (1.4768)  loss_bbox_enc_0: 1.0141 (0.9901)  loss_giou_enc_0: 1.4202 (1.4856)  loss_mal_dn_0: 1.2285 (1.1869)  loss_bbox_dn_0: 0.7682 (0.8620)  loss_giou_dn_0: 1.3359 (1.3930)  loss_fgl_dn_0: 1.1367 (1.1928)  loss_ddf_dn_0: 0.1833 (0.1776)  loss_mal_dn_1: 1.4893 (1.3981)  loss_bbox_dn_1: 0.7563 (0.8630)  loss_giou_dn_1: 1.2860 (1.3309)  loss_fgl_dn_1: 1.0926 (1.1266)  loss_ddf_dn_1: 0.0323 (0.0328)  loss_mal_dn_2: 1.4580 (1.4193)  loss_bbox_dn_2: 0.7404 (0.8402)  loss_giou_dn_2: 1.2535 (1.2940)  loss_fgl_dn_2: 1.1024 (1.1366)  loss_ddf_dn_2: 0.0029 (0.0037)  loss_mal_dn_3: 1.4277 (1.4092)  loss_bbox_dn_3: 0.7384 (0.8365)  loss_giou_dn_3: 1.2473 (1.2824)  loss_fgl_dn_3: 1.1080 (1.1439)  loss_mal_dn_pre: 1.2354 (1.2078)  loss_bbox_dn_pre: 0.7334 (0.8243)  loss_giou_dn_pre: 1.3314 (1.3772)
Test:  [0/4]  eta: 0:00:01    time: 0.3707  data: 0.3398  max mem: 2550
Test:  [3/4]  eta: 0:00:00    time: 0.1120  data: 0.0868  max mem: 2550
Test: Total time: 0:00:00 (0.1321 s / it)
Averaged stats: 
Accumulating evaluation results...
COCOeval_opt.accumulate() finished...
DONE (t=0.00s).
IoU metric: bbox
 Average Precision  (AP) @[ IoU=0.50:0.95 | area=   all | maxDets=100 ] = 0.002
 Average Precision  (AP) @[ IoU=0.50      | area=   all | maxDets=100 ] = 0.003
 Average Precision  (AP) @[ IoU=0.75      | area=   all | maxDets=100 ] = 0.003
 Average Precision  (AP) @[ IoU=0.50:0.95 | area= small | maxDets=100 ] = -1.000
 Average Precision  (AP) @[ IoU=0.50:0.95 | area=medium | maxDets=100 ] = -1.000
 Average Precision  (AP) @[ IoU=0.50:0.95 | area= large | maxDets=100 ] = 0.003
 Average Recall     (AR) @[ IoU=0.50:0.95 | area=   all | maxDets=  1 ] = 0.023
 Average Recall     (AR) @[ IoU=0.50:0.95 | area=   all | maxDets= 10 ] = 0.023
 Average Recall     (AR) @[ IoU=0.50:0.95 | area=   all | maxDets=100 ] = 0.243
 Average Recall     (AR) @[ IoU=0.50:0.95 | area= small | maxDets=100 ] = -1.000
 Average Recall     (AR) @[ IoU=0.50:0.95 | area=medium | maxDets=100 ] = -1.000
 Average Recall     (AR) @[ IoU=0.50:0.95 | area= large | maxDets=100 ] = 0.243
 Average Recall     (AR) @[ IoU=0.50      | area=   all | maxDets=100 ] = 0.300
 Average Recall     (AR) @[ IoU=0.75      | area=   all | maxDets=100 ] = 0.267
best_stat: {'epoch': 2, 'coco_eval_bbox': 0.004095685227638115}
Epoch: [20]  [0/8]  eta: 0:00:07  lr: 0.000000  loss: 56.3098 (56.3098)  loss_mal: 2.3105 (2.3105)  loss_bbox: 0.8887 (0.8887)  loss_giou: 1.1712 (1.1712)  loss_fgl: 0.8765 (0.8765)  loss_mal_aux_0: 2.2285 (2.2285)  loss_bbox_aux_0: 1.0053 (1.0053)  loss_giou_aux_0: 1.1683 (1.1683)  loss_fgl_aux_0: 0.9627 (0.9627)  loss_ddf_aux_0: 0.0428 (0.0428)  loss_mal_aux_1: 2.3574 (2.3574)  loss_bbox_aux_1: 0.9099 (0.9099)  loss_giou_aux_1: 1.1966 (1.1966)  loss_fgl_aux_1: 0.8572 (0.8572)  loss_ddf_aux_1: 0.0045 (0.0045)  loss_mal_aux_2: 2.3867 (2.3867)  loss_bbox_aux_2: 0.8964 (0.8964)  loss_giou_aux_2: 1.1771 (1.1771)  loss_fgl_aux_2: 0.8727 (0.8727)  loss_ddf_aux_2: 0.0007 (0.0007)  loss_mal_pre: 2.1914 (2.1914)  loss_bbox_pre: 1.0026 (1.0026)  loss_giou_pre: 1.1676 (1.1676)  loss_mal_enc_0: 3.0117 (3.0117)  loss_bbox_enc_0: 1.0454 (1.0454)  loss_giou_enc_0: 1.2170 (1.2170)  loss_mal_dn_0: 1.0674 (1.0674)  loss_bbox_dn_0: 1.5414 (1.5414)  loss_giou_dn_0: 1.4419 (1.4419)  loss_fgl_dn_0: 1.2682 (1.2682)  loss_ddf_dn_0: 0.1087 (0.1087)  loss_mal_dn_1: 1.2363 (1.2363)  loss_bbox_dn_1: 1.5521 (1.5521)  loss_giou_dn_1: 1.3854 (1.3854)  loss_fgl_dn_1: 1.1517 (1.1517)  loss_ddf_dn_1: 0.0206 (0.0206)  loss_mal_dn_2: 1.2754 (1.2754)  loss_bbox_dn_2: 1.4861 (1.4861)  loss_giou_dn_2: 1.3596 (1.3596)  loss_fgl_dn_2: 1.1399 (1.1399)  loss_ddf_dn_2: 0.0035 (0.0035)  loss_mal_dn_3: 1.2715 (1.2715)  loss_bbox_dn_3: 1.5076 (1.5076)  loss_giou_dn_3: 1.3394 (1.3394)  loss_fgl_dn_3: 1.1576 (1.1576)  loss_mal_dn_pre: 1.0820 (1.0820)  loss_bbox_dn_pre: 1.5150 (1.5150)  loss_giou_dn_pre: 1.4492 (1.4492)  time: 0.8872  data: 0.7535  max mem: 2550
Epoch: [20]  [7/8]  eta: 0:00:00  lr: 0.000000  loss: 49.6014 (50.2780)  loss_mal: 1.2402 (1.6892)  loss_bbox: 0.8206 (0.9271)  loss_giou: 1.2554 (1.3856)  loss_fgl: 0.8608 (0.8592)  loss_mal_aux_0: 1.1807 (1.5753)  loss_bbox_aux_0: 0.8584 (0.9641)  loss_giou_aux_0: 1.3344 (1.4184)  loss_fgl_aux_0: 0.8711 (0.8671)  loss_ddf_aux_0: 0.0735 (0.0717)  loss_mal_aux_1: 1.3496 (1.7253)  loss_bbox_aux_1: 0.8242 (0.9318)  loss_giou_aux_1: 1.2682 (1.3938)  loss_fgl_aux_1: 0.8572 (0.8571)  loss_ddf_aux_1: 0.0115 (0.0112)  loss_mal_aux_2: 1.2734 (1.7144)  loss_bbox_aux_2: 0.8261 (0.9291)  loss_giou_aux_2: 1.2568 (1.3878)  loss_fgl_aux_2: 0.8609 (0.8567)  loss_ddf_aux_2: 0.0008 (0.0012)  loss_mal_pre: 1.1992 (1.5631)  loss_bbox_pre: 0.8646 (0.9821)  loss_giou_pre: 1.3522 (1.4171)  loss_mal_enc_0: 1.2383 (1.6064)  loss_bbox_enc_0: 0.9466 (1.0475)  loss_giou_enc_0: 1.4596 (1.4699)  loss_mal_dn_0: 1.0674 (1.1099)  loss_bbox_dn_0: 0.8901 (0.9328)  loss_giou_dn_0: 1.3968 (1.4330)  loss_fgl_dn_0: 1.2496 (1.2195)  loss_ddf_dn_0: 0.2121 (0.1945)  loss_mal_dn_1: 1.3359 (1.3278)  loss_bbox_dn_1: 0.8663 (0.9233)  loss_giou_dn_1: 1.3319 (1.3500)  loss_fgl_dn_1: 1.2044 (1.1707)  loss_ddf_dn_1: 0.0400 (0.0373)  loss_mal_dn_2: 1.3555 (1.3627)  loss_bbox_dn_2: 0.8263 (0.8917)  loss_giou_dn_2: 1.2872 (1.3162)  loss_fgl_dn_2: 1.1963 (1.1708)  loss_ddf_dn_2: 0.0051 (0.0050)  loss_mal_dn_3: 1.3047 (1.3586)  loss_bbox_dn_3: 0.8278 (0.8918)  loss_giou_dn_3: 1.2608 (1.3006)  loss_fgl_dn_3: 1.2149 (1.1840)  loss_mal_dn_pre: 1.0928 (1.1655)  loss_bbox_dn_pre: 0.8226 (0.8797)  loss_giou_dn_pre: 1.3666 (1.4002)  time: 0.2113  data: 0.0958  max mem: 2550
Epoch: [20] Total time: 0:00:01 (0.2180 s / it)
Averaged stats: lr: 0.000000  loss: 49.6014 (50.2780)  loss_mal: 1.2402 (1.6892)  loss_bbox: 0.8206 (0.9271)  loss_giou: 1.2554 (1.3856)  loss_fgl: 0.8608 (0.8592)  loss_mal_aux_0: 1.1807 (1.5753)  loss_bbox_aux_0: 0.8584 (0.9641)  loss_giou_aux_0: 1.3344 (1.4184)  loss_fgl_aux_0: 0.8711 (0.8671)  loss_ddf_aux_0: 0.0735 (0.0717)  loss_mal_aux_1: 1.3496 (1.7253)  loss_bbox_aux_1: 0.8242 (0.9318)  loss_giou_aux_1: 1.2682 (1.3938)  loss_fgl_aux_1: 0.8572 (0.8571)  loss_ddf_aux_1: 0.0115 (0.0112)  loss_mal_aux_2: 1.2734 (1.7144)  loss_bbox_aux_2: 0.8261 (0.9291)  loss_giou_aux_2: 1.2568 (1.3878)  loss_fgl_aux_2: 0.8609 (0.8567)  loss_ddf_aux_2: 0.0008 (0.0012)  loss_mal_pre: 1.1992 (1.5631)  loss_bbox_pre: 0.8646 (0.9821)  loss_giou_pre: 1.3522 (1.4171)  loss_mal_enc_0: 1.2383 (1.6064)  loss_bbox_enc_0: 0.9466 (1.0475)  loss_giou_enc_0: 1.4596 (1.4699)  loss_mal_dn_0: 1.0674 (1.1099)  loss_bbox_dn_0: 0.8901 (0.9328)  loss_giou_dn_0: 1.3968 (1.4330)  loss_fgl_dn_0: 1.2496 (1.2195)  loss_ddf_dn_0: 0.2121 (0.1945)  loss_mal_dn_1: 1.3359 (1.3278)  loss_bbox_dn_1: 0.8663 (0.9233)  loss_giou_dn_1: 1.3319 (1.3500)  loss_fgl_dn_1: 1.2044 (1.1707)  loss_ddf_dn_1: 0.0400 (0.0373)  loss_mal_dn_2: 1.3555 (1.3627)  loss_bbox_dn_2: 0.8263 (0.8917)  loss_giou_dn_2: 1.2872 (1.3162)  loss_fgl_dn_2: 1.1963 (1.1708)  loss_ddf_dn_2: 0.0051 (0.0050)  loss_mal_dn_3: 1.3047 (1.3586)  loss_bbox_dn_3: 0.8278 (0.8918)  loss_giou_dn_3: 1.2608 (1.3006)  loss_fgl_dn_3: 1.2149 (1.1840)  loss_mal_dn_pre: 1.0928 (1.1655)  loss_bbox_dn_pre: 0.8226 (0.8797)  loss_giou_dn_pre: 1.3666 (1.4002)
Test:  [0/4]  eta: 0:00:01    time: 0.3933  data: 0.3627  max mem: 2550
Test:  [3/4]  eta: 0:00:00    time: 0.1176  data: 0.0926  max mem: 2550
Test: Total time: 0:00:00 (0.1350 s / it)
Averaged stats: 
Accumulating evaluation results...
COCOeval_opt.accumulate() finished...
DONE (t=0.00s).
IoU metric: bbox
 Average Precision  (AP) @[ IoU=0.50:0.95 | area=   all | maxDets=100 ] = 0.002
 Average Precision  (AP) @[ IoU=0.50      | area=   all | maxDets=100 ] = 0.003
 Average Precision  (AP) @[ IoU=0.75      | area=   all | maxDets=100 ] = 0.003
 Average Precision  (AP) @[ IoU=0.50:0.95 | area= small | maxDets=100 ] = -1.000
 Average Precision  (AP) @[ IoU=0.50:0.95 | area=medium | maxDets=100 ] = -1.000
 Average Precision  (AP) @[ IoU=0.50:0.95 | area= large | maxDets=100 ] = 0.002
 Average Recall     (AR) @[ IoU=0.50:0.95 | area=   all | maxDets=  1 ] = 0.023
 Average Recall     (AR) @[ IoU=0.50:0.95 | area=   all | maxDets= 10 ] = 0.023
 Average Recall     (AR) @[ IoU=0.50:0.95 | area=   all | maxDets=100 ] = 0.187
 Average Recall     (AR) @[ IoU=0.50:0.95 | area= small | maxDets=100 ] = -1.000
 Average Recall     (AR) @[ IoU=0.50:0.95 | area=medium | maxDets=100 ] = -1.000
 Average Recall     (AR) @[ IoU=0.50:0.95 | area= large | maxDets=100 ] = 0.187
 Average Recall     (AR) @[ IoU=0.50      | area=   all | maxDets=100 ] = 0.267
 Average Recall     (AR) @[ IoU=0.75      | area=   all | maxDets=100 ] = 0.200
best_stat: {'epoch': 2, 'coco_eval_bbox': 0.004095685227638115}
Epoch: [21]  [0/8]  eta: 0:00:07  lr: 0.000000  loss: 46.7234 (46.7234)  loss_mal: 1.1973 (1.1973)  loss_bbox: 1.0034 (1.0034)  loss_giou: 1.7444 (1.7444)  loss_fgl: 0.6461 (0.6461)  loss_mal_aux_0: 1.0107 (1.0107)  loss_bbox_aux_0: 1.0293 (1.0293)  loss_giou_aux_0: 1.7818 (1.7818)  loss_fgl_aux_0: 0.6208 (0.6208)  loss_ddf_aux_0: 0.0307 (0.0307)  loss_mal_aux_1: 1.2402 (1.2402)  loss_bbox_aux_1: 1.0302 (1.0302)  loss_giou_aux_1: 1.7563 (1.7563)  loss_fgl_aux_1: 0.6414 (0.6414)  loss_ddf_aux_1: 0.0054 (0.0054)  loss_mal_aux_2: 1.1934 (1.1934)  loss_bbox_aux_2: 1.0097 (1.0097)  loss_giou_aux_2: 1.7489 (1.7489)  loss_fgl_aux_2: 0.6442 (0.6442)  loss_ddf_aux_2: 0.0007 (0.0007)  loss_mal_pre: 0.9727 (0.9727)  loss_bbox_pre: 1.1036 (1.1036)  loss_giou_pre: 1.8016 (1.8016)  loss_mal_enc_0: 0.8696 (0.8696)  loss_bbox_enc_0: 1.2027 (1.2027)  loss_giou_enc_0: 1.8478 (1.8478)  loss_mal_dn_0: 1.0264 (1.0264)  loss_bbox_dn_0: 0.7314 (0.7314)  loss_giou_dn_0: 1.4661 (1.4661)  loss_fgl_dn_0: 1.0036 (1.0036)  loss_ddf_dn_0: 0.1361 (0.1361)  loss_mal_dn_1: 1.2861 (1.2861)  loss_bbox_dn_1: 0.7132 (0.7132)  loss_giou_dn_1: 1.3670 (1.3670)  loss_fgl_dn_1: 0.9899 (0.9899)  loss_ddf_dn_1: 0.0253 (0.0253)  loss_mal_dn_2: 1.2852 (1.2852)  loss_bbox_dn_2: 0.7076 (0.7076)  loss_giou_dn_2: 1.3390 (1.3390)  loss_fgl_dn_2: 1.0039 (1.0039)  loss_ddf_dn_2: 0.0037 (0.0037)  loss_mal_dn_3: 1.2646 (1.2646)  loss_bbox_dn_3: 0.7116 (0.7116)  loss_giou_dn_3: 1.3295 (1.3295)  loss_fgl_dn_3: 1.0115 (1.0115)  loss_mal_dn_pre: 1.0400 (1.0400)  loss_bbox_dn_pre: 0.6954 (0.6954)  loss_giou_dn_pre: 1.4536 (1.4536)  time: 0.9064  data: 0.7699  max mem: 2550
Epoch: [21]  [7/8]  eta: 0:00:00  lr: 0.000000  loss: 48.6368 (48.6911)  loss_mal: 1.6846 (1.5681)  loss_bbox: 0.9614 (0.8940)  loss_giou: 1.4631 (1.4978)  loss_fgl: 0.7578 (0.7652)  loss_mal_aux_0: 1.5020 (1.3787)  loss_bbox_aux_0: 1.0293 (0.9333)  loss_giou_aux_0: 1.5072 (1.5542)  loss_fgl_aux_0: 0.7629 (0.7590)  loss_ddf_aux_0: 0.0382 (0.0454)  loss_mal_aux_1: 1.7168 (1.6007)  loss_bbox_aux_1: 0.9721 (0.9149)  loss_giou_aux_1: 1.4628 (1.5150)  loss_fgl_aux_1: 0.7608 (0.7649)  loss_ddf_aux_1: 0.0057 (0.0070)  loss_mal_aux_2: 1.7217 (1.5854)  loss_bbox_aux_2: 0.9581 (0.8987)  loss_giou_aux_2: 1.4626 (1.5017)  loss_fgl_aux_2: 0.7625 (0.7660)  loss_ddf_aux_2: 0.0007 (0.0007)  loss_mal_pre: 1.4785 (1.3693)  loss_bbox_pre: 1.0610 (0.9742)  loss_giou_pre: 1.4952 (1.5440)  loss_mal_enc_0: 1.3340 (1.3170)  loss_bbox_enc_0: 1.1408 (1.0413)  loss_giou_enc_0: 1.5339 (1.6058)  loss_mal_dn_0: 1.0967 (1.1222)  loss_bbox_dn_0: 0.7321 (0.8218)  loss_giou_dn_0: 1.4230 (1.4325)  loss_fgl_dn_0: 1.0522 (1.1603)  loss_ddf_dn_0: 0.1543 (0.1731)  loss_mal_dn_1: 1.2861 (1.3700)  loss_bbox_dn_1: 0.7278 (0.8042)  loss_giou_dn_1: 1.2795 (1.3327)  loss_fgl_dn_1: 1.0688 (1.1173)  loss_ddf_dn_1: 0.0271 (0.0311)  loss_mal_dn_2: 1.2852 (1.3883)  loss_bbox_dn_2: 0.7076 (0.7839)  loss_giou_dn_2: 1.2429 (1.2998)  loss_fgl_dn_2: 1.0737 (1.1178)  loss_ddf_dn_2: 0.0033 (0.0039)  loss_mal_dn_3: 1.2646 (1.3856)  loss_bbox_dn_3: 0.7116 (0.7849)  loss_giou_dn_3: 1.2237 (1.2836)  loss_fgl_dn_3: 1.0817 (1.1285)  loss_mal_dn_pre: 1.1221 (1.1435)  loss_bbox_dn_pre: 0.7025 (0.7886)  loss_giou_dn_pre: 1.3977 (1.4153)  time: 0.2548  data: 0.0976  max mem: 2550
Epoch: [21] Total time: 0:00:02 (0.2623 s / it)
Averaged stats: lr: 0.000000  loss: 48.6368 (48.6911)  loss_mal: 1.6846 (1.5681)  loss_bbox: 0.9614 (0.8940)  loss_giou: 1.4631 (1.4978)  loss_fgl: 0.7578 (0.7652)  loss_mal_aux_0: 1.5020 (1.3787)  loss_bbox_aux_0: 1.0293 (0.9333)  loss_giou_aux_0: 1.5072 (1.5542)  loss_fgl_aux_0: 0.7629 (0.7590)  loss_ddf_aux_0: 0.0382 (0.0454)  loss_mal_aux_1: 1.7168 (1.6007)  loss_bbox_aux_1: 0.9721 (0.9149)  loss_giou_aux_1: 1.4628 (1.5150)  loss_fgl_aux_1: 0.7608 (0.7649)  loss_ddf_aux_1: 0.0057 (0.0070)  loss_mal_aux_2: 1.7217 (1.5854)  loss_bbox_aux_2: 0.9581 (0.8987)  loss_giou_aux_2: 1.4626 (1.5017)  loss_fgl_aux_2: 0.7625 (0.7660)  loss_ddf_aux_2: 0.0007 (0.0007)  loss_mal_pre: 1.4785 (1.3693)  loss_bbox_pre: 1.0610 (0.9742)  loss_giou_pre: 1.4952 (1.5440)  loss_mal_enc_0: 1.3340 (1.3170)  loss_bbox_enc_0: 1.1408 (1.0413)  loss_giou_enc_0: 1.5339 (1.6058)  loss_mal_dn_0: 1.0967 (1.1222)  loss_bbox_dn_0: 0.7321 (0.8218)  loss_giou_dn_0: 1.4230 (1.4325)  loss_fgl_dn_0: 1.0522 (1.1603)  loss_ddf_dn_0: 0.1543 (0.1731)  loss_mal_dn_1: 1.2861 (1.3700)  loss_bbox_dn_1: 0.7278 (0.8042)  loss_giou_dn_1: 1.2795 (1.3327)  loss_fgl_dn_1: 1.0688 (1.1173)  loss_ddf_dn_1: 0.0271 (0.0311)  loss_mal_dn_2: 1.2852 (1.3883)  loss_bbox_dn_2: 0.7076 (0.7839)  loss_giou_dn_2: 1.2429 (1.2998)  loss_fgl_dn_2: 1.0737 (1.1178)  loss_ddf_dn_2: 0.0033 (0.0039)  loss_mal_dn_3: 1.2646 (1.3856)  loss_bbox_dn_3: 0.7116 (0.7849)  loss_giou_dn_3: 1.2237 (1.2836)  loss_fgl_dn_3: 1.0817 (1.1285)  loss_mal_dn_pre: 1.1221 (1.1435)  loss_bbox_dn_pre: 0.7025 (0.7886)  loss_giou_dn_pre: 1.3977 (1.4153)
Test:  [0/4]  eta: 0:00:01    time: 0.3647  data: 0.3340  max mem: 2550
Test:  [3/4]  eta: 0:00:00    time: 0.1106  data: 0.0856  max mem: 2550
Test: Total time: 0:00:00 (0.1245 s / it)
Averaged stats: 
Accumulating evaluation results...
COCOeval_opt.accumulate() finished...
DONE (t=0.00s).
IoU metric: bbox
 Average Precision  (AP) @[ IoU=0.50:0.95 | area=   all | maxDets=100 ] = 0.002
 Average Precision  (AP) @[ IoU=0.50      | area=   all | maxDets=100 ] = 0.003
 Average Precision  (AP) @[ IoU=0.75      | area=   all | maxDets=100 ] = 0.002
 Average Precision  (AP) @[ IoU=0.50:0.95 | area= small | maxDets=100 ] = -1.000
 Average Precision  (AP) @[ IoU=0.50:0.95 | area=medium | maxDets=100 ] = -1.000
 Average Precision  (AP) @[ IoU=0.50:0.95 | area= large | maxDets=100 ] = 0.002
 Average Recall     (AR) @[ IoU=0.50:0.95 | area=   all | maxDets=  1 ] = 0.000
 Average Recall     (AR) @[ IoU=0.50:0.95 | area=   all | maxDets= 10 ] = 0.060
 Average Recall     (AR) @[ IoU=0.50:0.95 | area=   all | maxDets=100 ] = 0.253
 Average Recall     (AR) @[ IoU=0.50:0.95 | area= small | maxDets=100 ] = -1.000
 Average Recall     (AR) @[ IoU=0.50:0.95 | area=medium | maxDets=100 ] = -1.000
 Average Recall     (AR) @[ IoU=0.50:0.95 | area= large | maxDets=100 ] = 0.253
 Average Recall     (AR) @[ IoU=0.50      | area=   all | maxDets=100 ] = 0.300
 Average Recall     (AR) @[ IoU=0.75      | area=   all | maxDets=100 ] = 0.267
best_stat: {'epoch': 2, 'coco_eval_bbox': 0.004095685227638115}
Epoch: [22]  [0/8]  eta: 0:00:06  lr: 0.000000  loss: 50.0541 (50.0541)  loss_mal: 1.4541 (1.4541)  loss_bbox: 1.1761 (1.1761)  loss_giou: 1.3895 (1.3895)  loss_fgl: 0.7799 (0.7799)  loss_mal_aux_0: 1.1240 (1.1240)  loss_bbox_aux_0: 1.3241 (1.3241)  loss_giou_aux_0: 1.4711 (1.4711)  loss_fgl_aux_0: 0.7396 (0.7396)  loss_ddf_aux_0: 0.0664 (0.0664)  loss_mal_aux_1: 1.3945 (1.3945)  loss_bbox_aux_1: 1.2200 (1.2200)  loss_giou_aux_1: 1.4059 (1.4059)  loss_fgl_aux_1: 0.7715 (0.7715)  loss_ddf_aux_1: 0.0112 (0.0112)  loss_mal_aux_2: 1.4580 (1.4580)  loss_bbox_aux_2: 1.1709 (1.1709)  loss_giou_aux_2: 1.3841 (1.3841)  loss_fgl_aux_2: 0.7864 (0.7864)  loss_ddf_aux_2: 0.0010 (0.0010)  loss_mal_pre: 1.1289 (1.1289)  loss_bbox_pre: 1.4498 (1.4498)  loss_giou_pre: 1.4948 (1.4948)  loss_mal_enc_0: 1.1377 (1.1377)  loss_bbox_enc_0: 1.5150 (1.5150)  loss_giou_enc_0: 1.5412 (1.5412)  loss_mal_dn_0: 1.1807 (1.1807)  loss_bbox_dn_0: 0.8729 (0.8729)  loss_giou_dn_0: 1.3865 (1.3865)  loss_fgl_dn_0: 1.2606 (1.2606)  loss_ddf_dn_0: 0.1590 (0.1590)  loss_mal_dn_1: 1.3965 (1.3965)  loss_bbox_dn_1: 0.9050 (0.9050)  loss_giou_dn_1: 1.3023 (1.3023)  loss_fgl_dn_1: 1.2212 (1.2212)  loss_ddf_dn_1: 0.0259 (0.0259)  loss_mal_dn_2: 1.4043 (1.4043)  loss_bbox_dn_2: 0.8580 (0.8580)  loss_giou_dn_2: 1.2701 (1.2701)  loss_fgl_dn_2: 1.2334 (1.2334)  loss_ddf_dn_2: 0.0042 (0.0042)  loss_mal_dn_3: 1.4062 (1.4062)  loss_bbox_dn_3: 0.8565 (0.8565)  loss_giou_dn_3: 1.2583 (1.2583)  loss_fgl_dn_3: 1.2454 (1.2454)  loss_mal_dn_pre: 1.2041 (1.2041)  loss_bbox_dn_pre: 0.8372 (0.8372)  loss_giou_dn_pre: 1.3701 (1.3701)  time: 0.8258  data: 0.6787  max mem: 2550
Epoch: [22]  [7/8]  eta: 0:00:00  lr: 0.000000  loss: 47.7874 (48.2777)  loss_mal: 1.1680 (1.1569)  loss_bbox: 1.0231 (1.0944)  loss_giou: 1.5745 (1.6540)  loss_fgl: 0.7629 (0.7177)  loss_mal_aux_0: 1.0645 (1.0477)  loss_bbox_aux_0: 1.0271 (1.1196)  loss_giou_aux_0: 1.5828 (1.6717)  loss_fgl_aux_0: 0.7396 (0.7167)  loss_ddf_aux_0: 0.0398 (0.0494)  loss_mal_aux_1: 1.2510 (1.2059)  loss_bbox_aux_1: 1.0235 (1.0971)  loss_giou_aux_1: 1.5733 (1.6537)  loss_fgl_aux_1: 0.7552 (0.7162)  loss_ddf_aux_1: 0.0071 (0.0078)  loss_mal_aux_2: 1.1992 (1.1893)  loss_bbox_aux_2: 1.0186 (1.0906)  loss_giou_aux_2: 1.5729 (1.6527)  loss_fgl_aux_2: 0.7663 (0.7194)  loss_ddf_aux_2: 0.0007 (0.0008)  loss_mal_pre: 1.0273 (1.0496)  loss_bbox_pre: 1.0243 (1.1558)  loss_giou_pre: 1.5632 (1.6754)  loss_mal_enc_0: 1.0332 (1.0287)  loss_bbox_enc_0: 1.1550 (1.2280)  loss_giou_enc_0: 1.6367 (1.7197)  loss_mal_dn_0: 1.0547 (1.0876)  loss_bbox_dn_0: 0.8122 (0.8320)  loss_giou_dn_0: 1.4393 (1.4565)  loss_fgl_dn_0: 1.0975 (1.1448)  loss_ddf_dn_0: 0.1645 (0.1773)  loss_mal_dn_1: 1.2871 (1.3000)  loss_bbox_dn_1: 0.7825 (0.8331)  loss_giou_dn_1: 1.3666 (1.3722)  loss_fgl_dn_1: 1.0861 (1.1220)  loss_ddf_dn_1: 0.0317 (0.0343)  loss_mal_dn_2: 1.2656 (1.3010)  loss_bbox_dn_2: 0.7744 (0.8058)  loss_giou_dn_2: 1.3473 (1.3424)  loss_fgl_dn_2: 1.0862 (1.1336)  loss_ddf_dn_2: 0.0044 (0.0046)  loss_mal_dn_3: 1.2715 (1.2942)  loss_bbox_dn_3: 0.7726 (0.7985)  loss_giou_dn_3: 1.3340 (1.3294)  loss_fgl_dn_3: 1.0971 (1.1448)  loss_mal_dn_pre: 1.0781 (1.1177)  loss_bbox_dn_pre: 0.7685 (0.7898)  loss_giou_dn_pre: 1.3994 (1.4373)  time: 0.1975  data: 0.0867  max mem: 2550
Epoch: [22] Total time: 0:00:01 (0.2050 s / it)
Averaged stats: lr: 0.000000  loss: 47.7874 (48.2777)  loss_mal: 1.1680 (1.1569)  loss_bbox: 1.0231 (1.0944)  loss_giou: 1.5745 (1.6540)  loss_fgl: 0.7629 (0.7177)  loss_mal_aux_0: 1.0645 (1.0477)  loss_bbox_aux_0: 1.0271 (1.1196)  loss_giou_aux_0: 1.5828 (1.6717)  loss_fgl_aux_0: 0.7396 (0.7167)  loss_ddf_aux_0: 0.0398 (0.0494)  loss_mal_aux_1: 1.2510 (1.2059)  loss_bbox_aux_1: 1.0235 (1.0971)  loss_giou_aux_1: 1.5733 (1.6537)  loss_fgl_aux_1: 0.7552 (0.7162)  loss_ddf_aux_1: 0.0071 (0.0078)  loss_mal_aux_2: 1.1992 (1.1893)  loss_bbox_aux_2: 1.0186 (1.0906)  loss_giou_aux_2: 1.5729 (1.6527)  loss_fgl_aux_2: 0.7663 (0.7194)  loss_ddf_aux_2: 0.0007 (0.0008)  loss_mal_pre: 1.0273 (1.0496)  loss_bbox_pre: 1.0243 (1.1558)  loss_giou_pre: 1.5632 (1.6754)  loss_mal_enc_0: 1.0332 (1.0287)  loss_bbox_enc_0: 1.1550 (1.2280)  loss_giou_enc_0: 1.6367 (1.7197)  loss_mal_dn_0: 1.0547 (1.0876)  loss_bbox_dn_0: 0.8122 (0.8320)  loss_giou_dn_0: 1.4393 (1.4565)  loss_fgl_dn_0: 1.0975 (1.1448)  loss_ddf_dn_0: 0.1645 (0.1773)  loss_mal_dn_1: 1.2871 (1.3000)  loss_bbox_dn_1: 0.7825 (0.8331)  loss_giou_dn_1: 1.3666 (1.3722)  loss_fgl_dn_1: 1.0861 (1.1220)  loss_ddf_dn_1: 0.0317 (0.0343)  loss_mal_dn_2: 1.2656 (1.3010)  loss_bbox_dn_2: 0.7744 (0.8058)  loss_giou_dn_2: 1.3473 (1.3424)  loss_fgl_dn_2: 1.0862 (1.1336)  loss_ddf_dn_2: 0.0044 (0.0046)  loss_mal_dn_3: 1.2715 (1.2942)  loss_bbox_dn_3: 0.7726 (0.7985)  loss_giou_dn_3: 1.3340 (1.3294)  loss_fgl_dn_3: 1.0971 (1.1448)  loss_mal_dn_pre: 1.0781 (1.1177)  loss_bbox_dn_pre: 0.7685 (0.7898)  loss_giou_dn_pre: 1.3994 (1.4373)
Test:  [0/4]  eta: 0:00:01    time: 0.3653  data: 0.3344  max mem: 2550
Test:  [3/4]  eta: 0:00:00    time: 0.1106  data: 0.0854  max mem: 2550
Test: Total time: 0:00:00 (0.1340 s / it)
Averaged stats: 
Accumulating evaluation results...
COCOeval_opt.accumulate() finished...
DONE (t=0.00s).
IoU metric: bbox
 Average Precision  (AP) @[ IoU=0.50:0.95 | area=   all | maxDets=100 ] = 0.003
 Average Precision  (AP) @[ IoU=0.50      | area=   all | maxDets=100 ] = 0.003
 Average Precision  (AP) @[ IoU=0.75      | area=   all | maxDets=100 ] = 0.003
 Average Precision  (AP) @[ IoU=0.50:0.95 | area= small | maxDets=100 ] = -1.000
 Average Precision  (AP) @[ IoU=0.50:0.95 | area=medium | maxDets=100 ] = -1.000
 Average Precision  (AP) @[ IoU=0.50:0.95 | area= large | maxDets=100 ] = 0.004
 Average Recall     (AR) @[ IoU=0.50:0.95 | area=   all | maxDets=  1 ] = 0.023
 Average Recall     (AR) @[ IoU=0.50:0.95 | area=   all | maxDets= 10 ] = 0.060
 Average Recall     (AR) @[ IoU=0.50:0.95 | area=   all | maxDets=100 ] = 0.283
 Average Recall     (AR) @[ IoU=0.50:0.95 | area= small | maxDets=100 ] = -1.000
 Average Recall     (AR) @[ IoU=0.50:0.95 | area=medium | maxDets=100 ] = -1.000
 Average Recall     (AR) @[ IoU=0.50:0.95 | area= large | maxDets=100 ] = 0.283
 Average Recall     (AR) @[ IoU=0.50      | area=   all | maxDets=100 ] = 0.333
 Average Recall     (AR) @[ IoU=0.75      | area=   all | maxDets=100 ] = 0.300
best_stat: {'epoch': 2, 'coco_eval_bbox': 0.004095685227638115}
Epoch: [23]  [0/8]  eta: 0:00:04  lr: 0.000000  loss: 47.1748 (47.1748)  loss_mal: 1.0010 (1.0010)  loss_bbox: 0.9487 (0.9487)  loss_giou: 1.8907 (1.8907)  loss_fgl: 0.6393 (0.6393)  loss_mal_aux_0: 0.8765 (0.8765)  loss_bbox_aux_0: 0.9812 (0.9812)  loss_giou_aux_0: 1.9206 (1.9206)  loss_fgl_aux_0: 0.6171 (0.6171)  loss_ddf_aux_0: 0.0414 (0.0414)  loss_mal_aux_1: 1.0488 (1.0488)  loss_bbox_aux_1: 0.9607 (0.9607)  loss_giou_aux_1: 1.8881 (1.8881)  loss_fgl_aux_1: 0.6440 (0.6440)  loss_ddf_aux_1: 0.0070 (0.0070)  loss_mal_aux_2: 1.0410 (1.0410)  loss_bbox_aux_2: 0.9518 (0.9518)  loss_giou_aux_2: 1.8882 (1.8882)  loss_fgl_aux_2: 0.6430 (0.6430)  loss_ddf_aux_2: 0.0008 (0.0008)  loss_mal_pre: 0.8594 (0.8594)  loss_bbox_pre: 1.0930 (1.0930)  loss_giou_pre: 1.9265 (1.9265)  loss_mal_enc_0: 0.7783 (0.7783)  loss_bbox_enc_0: 1.1515 (1.1515)  loss_giou_enc_0: 2.0327 (2.0327)  loss_mal_dn_0: 0.9844 (0.9844)  loss_bbox_dn_0: 0.7852 (0.7852)  loss_giou_dn_0: 1.5067 (1.5067)  loss_fgl_dn_0: 1.1862 (1.1862)  loss_ddf_dn_0: 0.1732 (0.1732)  loss_mal_dn_1: 1.0996 (1.0996)  loss_bbox_dn_1: 0.8363 (0.8363)  loss_giou_dn_1: 1.4616 (1.4616)  loss_fgl_dn_1: 1.1209 (1.1209)  loss_ddf_dn_1: 0.0276 (0.0276)  loss_mal_dn_2: 1.0938 (1.0938)  loss_bbox_dn_2: 0.8000 (0.8000)  loss_giou_dn_2: 1.4352 (1.4352)  loss_fgl_dn_2: 1.1209 (1.1209)  loss_ddf_dn_2: 0.0030 (0.0030)  loss_mal_dn_3: 1.1055 (1.1055)  loss_bbox_dn_3: 0.7985 (0.7985)  loss_giou_dn_3: 1.4189 (1.4189)  loss_fgl_dn_3: 1.1371 (1.1371)  loss_mal_dn_pre: 1.0674 (1.0674)  loss_bbox_dn_pre: 0.7210 (0.7210)  loss_giou_dn_pre: 1.4607 (1.4607)  time: 0.5797  data: 0.4442  max mem: 2550
Epoch: [23]  [7/8]  eta: 0:00:00  lr: 0.000000  loss: 48.4811 (48.5566)  loss_mal: 1.5713 (1.7655)  loss_bbox: 0.7449 (0.7800)  loss_giou: 1.2242 (1.3129)  loss_fgl: 0.7831 (0.7940)  loss_mal_aux_0: 1.3184 (1.5731)  loss_bbox_aux_0: 0.7681 (0.8308)  loss_giou_aux_0: 1.2958 (1.3768)  loss_fgl_aux_0: 0.7655 (0.7920)  loss_ddf_aux_0: 0.0414 (0.0536)  loss_mal_aux_1: 1.5479 (1.7992)  loss_bbox_aux_1: 0.7413 (0.7924)  loss_giou_aux_1: 1.2472 (1.3228)  loss_fgl_aux_1: 0.7797 (0.7983)  loss_ddf_aux_1: 0.0080 (0.0087)  loss_mal_aux_2: 1.5479 (1.7834)  loss_bbox_aux_2: 0.7431 (0.7838)  loss_giou_aux_2: 1.2298 (1.3159)  loss_fgl_aux_2: 0.7758 (0.7930)  loss_ddf_aux_2: 0.0008 (0.0010)  loss_mal_pre: 1.3037 (1.5905)  loss_bbox_pre: 0.8097 (0.8719)  loss_giou_pre: 1.3194 (1.3849)  loss_mal_enc_0: 1.2842 (1.4774)  loss_bbox_enc_0: 0.8784 (0.9163)  loss_giou_enc_0: 1.4073 (1.4609)  loss_mal_dn_0: 1.1025 (1.1631)  loss_bbox_dn_0: 0.7852 (0.8576)  loss_giou_dn_0: 1.3718 (1.4015)  loss_fgl_dn_0: 1.1700 (1.1531)  loss_ddf_dn_0: 0.1452 (0.1703)  loss_mal_dn_1: 1.4150 (1.4340)  loss_bbox_dn_1: 0.8363 (0.8376)  loss_giou_dn_1: 1.2427 (1.3118)  loss_fgl_dn_1: 1.0973 (1.1044)  loss_ddf_dn_1: 0.0270 (0.0293)  loss_mal_dn_2: 1.4326 (1.4662)  loss_bbox_dn_2: 0.8000 (0.8165)  loss_giou_dn_2: 1.2172 (1.2669)  loss_fgl_dn_2: 1.0954 (1.1158)  loss_ddf_dn_2: 0.0030 (0.0034)  loss_mal_dn_3: 1.3945 (1.4586)  loss_bbox_dn_3: 0.7985 (0.8122)  loss_giou_dn_3: 1.2064 (1.2522)  loss_fgl_dn_3: 1.1199 (1.1258)  loss_mal_dn_pre: 1.1543 (1.1920)  loss_bbox_dn_pre: 0.7304 (0.8218)  loss_giou_dn_pre: 1.3469 (1.3837)  time: 0.2287  data: 0.1182  max mem: 2550
Epoch: [23] Total time: 0:00:01 (0.2369 s / it)
Averaged stats: lr: 0.000000  loss: 48.4811 (48.5566)  loss_mal: 1.5713 (1.7655)  loss_bbox: 0.7449 (0.7800)  loss_giou: 1.2242 (1.3129)  loss_fgl: 0.7831 (0.7940)  loss_mal_aux_0: 1.3184 (1.5731)  loss_bbox_aux_0: 0.7681 (0.8308)  loss_giou_aux_0: 1.2958 (1.3768)  loss_fgl_aux_0: 0.7655 (0.7920)  loss_ddf_aux_0: 0.0414 (0.0536)  loss_mal_aux_1: 1.5479 (1.7992)  loss_bbox_aux_1: 0.7413 (0.7924)  loss_giou_aux_1: 1.2472 (1.3228)  loss_fgl_aux_1: 0.7797 (0.7983)  loss_ddf_aux_1: 0.0080 (0.0087)  loss_mal_aux_2: 1.5479 (1.7834)  loss_bbox_aux_2: 0.7431 (0.7838)  loss_giou_aux_2: 1.2298 (1.3159)  loss_fgl_aux_2: 0.7758 (0.7930)  loss_ddf_aux_2: 0.0008 (0.0010)  loss_mal_pre: 1.3037 (1.5905)  loss_bbox_pre: 0.8097 (0.8719)  loss_giou_pre: 1.3194 (1.3849)  loss_mal_enc_0: 1.2842 (1.4774)  loss_bbox_enc_0: 0.8784 (0.9163)  loss_giou_enc_0: 1.4073 (1.4609)  loss_mal_dn_0: 1.1025 (1.1631)  loss_bbox_dn_0: 0.7852 (0.8576)  loss_giou_dn_0: 1.3718 (1.4015)  loss_fgl_dn_0: 1.1700 (1.1531)  loss_ddf_dn_0: 0.1452 (0.1703)  loss_mal_dn_1: 1.4150 (1.4340)  loss_bbox_dn_1: 0.8363 (0.8376)  loss_giou_dn_1: 1.2427 (1.3118)  loss_fgl_dn_1: 1.0973 (1.1044)  loss_ddf_dn_1: 0.0270 (0.0293)  loss_mal_dn_2: 1.4326 (1.4662)  loss_bbox_dn_2: 0.8000 (0.8165)  loss_giou_dn_2: 1.2172 (1.2669)  loss_fgl_dn_2: 1.0954 (1.1158)  loss_ddf_dn_2: 0.0030 (0.0034)  loss_mal_dn_3: 1.3945 (1.4586)  loss_bbox_dn_3: 0.7985 (0.8122)  loss_giou_dn_3: 1.2064 (1.2522)  loss_fgl_dn_3: 1.1199 (1.1258)  loss_mal_dn_pre: 1.1543 (1.1920)  loss_bbox_dn_pre: 0.7304 (0.8218)  loss_giou_dn_pre: 1.3469 (1.3837)
Test:  [0/4]  eta: 0:00:01    time: 0.3817  data: 0.3505  max mem: 2550
Test:  [3/4]  eta: 0:00:00    time: 0.1146  data: 0.0894  max mem: 2550
Test: Total time: 0:00:00 (0.1331 s / it)
Averaged stats: 
Accumulating evaluation results...
COCOeval_opt.accumulate() finished...
DONE (t=0.00s).
IoU metric: bbox
 Average Precision  (AP) @[ IoU=0.50:0.95 | area=   all | maxDets=100 ] = 0.003
 Average Precision  (AP) @[ IoU=0.50      | area=   all | maxDets=100 ] = 0.003
 Average Precision  (AP) @[ IoU=0.75      | area=   all | maxDets=100 ] = 0.003
 Average Precision  (AP) @[ IoU=0.50:0.95 | area= small | maxDets=100 ] = -1.000
 Average Precision  (AP) @[ IoU=0.50:0.95 | area=medium | maxDets=100 ] = -1.000
 Average Precision  (AP) @[ IoU=0.50:0.95 | area= large | maxDets=100 ] = 0.003
 Average Recall     (AR) @[ IoU=0.50:0.95 | area=   all | maxDets=  1 ] = 0.023
 Average Recall     (AR) @[ IoU=0.50:0.95 | area=   all | maxDets= 10 ] = 0.060
 Average Recall     (AR) @[ IoU=0.50:0.95 | area=   all | maxDets=100 ] = 0.277
 Average Recall     (AR) @[ IoU=0.50:0.95 | area= small | maxDets=100 ] = -1.000
 Average Recall     (AR) @[ IoU=0.50:0.95 | area=medium | maxDets=100 ] = -1.000
 Average Recall     (AR) @[ IoU=0.50:0.95 | area= large | maxDets=100 ] = 0.277
 Average Recall     (AR) @[ IoU=0.50      | area=   all | maxDets=100 ] = 0.333
 Average Recall     (AR) @[ IoU=0.75      | area=   all | maxDets=100 ] = 0.300
best_stat: {'epoch': 2, 'coco_eval_bbox': 0.004095685227638115}
Epoch: [24]  [0/8]  eta: 0:00:07  lr: 0.000000  loss: 45.9730 (45.9730)  loss_mal: 1.7637 (1.7637)  loss_bbox: 0.6108 (0.6108)  loss_giou: 1.0941 (1.0941)  loss_fgl: 0.9436 (0.9436)  loss_mal_aux_0: 1.8457 (1.8457)  loss_bbox_aux_0: 0.5888 (0.5888)  loss_giou_aux_0: 1.0901 (1.0901)  loss_fgl_aux_0: 0.9644 (0.9644)  loss_ddf_aux_0: 0.0460 (0.0460)  loss_mal_aux_1: 1.9736 (1.9736)  loss_bbox_aux_1: 0.6009 (0.6009)  loss_giou_aux_1: 1.0964 (1.0964)  loss_fgl_aux_1: 0.9404 (0.9404)  loss_ddf_aux_1: 0.0086 (0.0086)  loss_mal_aux_2: 1.8721 (1.8721)  loss_bbox_aux_2: 0.6128 (0.6128)  loss_giou_aux_2: 1.0961 (1.0961)  loss_fgl_aux_2: 0.9456 (0.9456)  loss_ddf_aux_2: 0.0007 (0.0007)  loss_mal_pre: 1.8076 (1.8076)  loss_bbox_pre: 0.5983 (0.5983)  loss_giou_pre: 1.0971 (1.0971)  loss_mal_enc_0: 1.7793 (1.7793)  loss_bbox_enc_0: 0.6235 (0.6235)  loss_giou_enc_0: 1.1621 (1.1621)  loss_mal_dn_0: 1.0771 (1.0771)  loss_bbox_dn_0: 0.7734 (0.7734)  loss_giou_dn_0: 1.4251 (1.4251)  loss_fgl_dn_0: 1.0700 (1.0700)  loss_ddf_dn_0: 0.1579 (0.1579)  loss_mal_dn_1: 1.2051 (1.2051)  loss_bbox_dn_1: 0.7468 (0.7468)  loss_giou_dn_1: 1.3935 (1.3935)  loss_fgl_dn_1: 0.9934 (0.9934)  loss_ddf_dn_1: 0.0257 (0.0257)  loss_mal_dn_2: 1.2822 (1.2822)  loss_bbox_dn_2: 0.7140 (0.7140)  loss_giou_dn_2: 1.3369 (1.3369)  loss_fgl_dn_2: 1.0195 (1.0195)  loss_ddf_dn_2: 0.0041 (0.0041)  loss_mal_dn_3: 1.2646 (1.2646)  loss_bbox_dn_3: 0.7090 (0.7090)  loss_giou_dn_3: 1.3206 (1.3206)  loss_fgl_dn_3: 1.0284 (1.0284)  loss_mal_dn_pre: 1.1084 (1.1084)  loss_bbox_dn_pre: 0.7390 (0.7390)  loss_giou_dn_pre: 1.4162 (1.4162)  time: 0.9831  data: 0.8480  max mem: 2550
Epoch: [24]  [7/8]  eta: 0:00:00  lr: 0.000000  loss: 45.9730 (50.1563)  loss_mal: 1.4697 (1.5119)  loss_bbox: 0.8806 (1.0345)  loss_giou: 1.3179 (1.4532)  loss_fgl: 0.6625 (0.7763)  loss_mal_aux_0: 1.3721 (1.3948)  loss_bbox_aux_0: 0.9331 (1.0723)  loss_giou_aux_0: 1.3532 (1.4911)  loss_fgl_aux_0: 0.6601 (0.7674)  loss_ddf_aux_0: 0.0460 (0.0489)  loss_mal_aux_1: 1.5273 (1.5725)  loss_bbox_aux_1: 0.8902 (1.0635)  loss_giou_aux_1: 1.3373 (1.4590)  loss_fgl_aux_1: 0.6650 (0.7781)  loss_ddf_aux_1: 0.0086 (0.0085)  loss_mal_aux_2: 1.5127 (1.5484)  loss_bbox_aux_2: 0.8823 (1.0322)  loss_giou_aux_2: 1.2999 (1.4527)  loss_fgl_aux_2: 0.6623 (0.7674)  loss_ddf_aux_2: 0.0007 (0.0011)  loss_mal_pre: 1.3428 (1.3723)  loss_bbox_pre: 0.9483 (1.1299)  loss_giou_pre: 1.3176 (1.4858)  loss_mal_enc_0: 1.3428 (1.2802)  loss_bbox_enc_0: 0.9951 (1.2155)  loss_giou_enc_0: 1.3973 (1.5614)  loss_mal_dn_0: 1.0205 (1.0687)  loss_bbox_dn_0: 0.7926 (1.0650)  loss_giou_dn_0: 1.4251 (1.4407)  loss_fgl_dn_0: 1.0801 (1.1736)  loss_ddf_dn_0: 0.1673 (0.1732)  loss_mal_dn_1: 1.2041 (1.2812)  loss_bbox_dn_1: 0.7670 (1.0262)  loss_giou_dn_1: 1.3656 (1.3636)  loss_fgl_dn_1: 1.0465 (1.1430)  loss_ddf_dn_1: 0.0292 (0.0303)  loss_mal_dn_2: 1.2510 (1.3171)  loss_bbox_dn_2: 0.7607 (0.9983)  loss_giou_dn_2: 1.3354 (1.3265)  loss_fgl_dn_2: 1.0712 (1.1483)  loss_ddf_dn_2: 0.0038 (0.0038)  loss_mal_dn_3: 1.2383 (1.3132)  loss_bbox_dn_3: 0.7610 (0.9995)  loss_giou_dn_3: 1.3206 (1.3126)  loss_fgl_dn_3: 1.0804 (1.1585)  loss_mal_dn_pre: 1.0713 (1.1111)  loss_bbox_dn_pre: 0.7461 (1.0017)  loss_giou_dn_pre: 1.4162 (1.4215)  time: 0.2170  data: 0.1078  max mem: 2550
Epoch: [24] Total time: 0:00:01 (0.2244 s / it)
Averaged stats: lr: 0.000000  loss: 45.9730 (50.1563)  loss_mal: 1.4697 (1.5119)  loss_bbox: 0.8806 (1.0345)  loss_giou: 1.3179 (1.4532)  loss_fgl: 0.6625 (0.7763)  loss_mal_aux_0: 1.3721 (1.3948)  loss_bbox_aux_0: 0.9331 (1.0723)  loss_giou_aux_0: 1.3532 (1.4911)  loss_fgl_aux_0: 0.6601 (0.7674)  loss_ddf_aux_0: 0.0460 (0.0489)  loss_mal_aux_1: 1.5273 (1.5725)  loss_bbox_aux_1: 0.8902 (1.0635)  loss_giou_aux_1: 1.3373 (1.4590)  loss_fgl_aux_1: 0.6650 (0.7781)  loss_ddf_aux_1: 0.0086 (0.0085)  loss_mal_aux_2: 1.5127 (1.5484)  loss_bbox_aux_2: 0.8823 (1.0322)  loss_giou_aux_2: 1.2999 (1.4527)  loss_fgl_aux_2: 0.6623 (0.7674)  loss_ddf_aux_2: 0.0007 (0.0011)  loss_mal_pre: 1.3428 (1.3723)  loss_bbox_pre: 0.9483 (1.1299)  loss_giou_pre: 1.3176 (1.4858)  loss_mal_enc_0: 1.3428 (1.2802)  loss_bbox_enc_0: 0.9951 (1.2155)  loss_giou_enc_0: 1.3973 (1.5614)  loss_mal_dn_0: 1.0205 (1.0687)  loss_bbox_dn_0: 0.7926 (1.0650)  loss_giou_dn_0: 1.4251 (1.4407)  loss_fgl_dn_0: 1.0801 (1.1736)  loss_ddf_dn_0: 0.1673 (0.1732)  loss_mal_dn_1: 1.2041 (1.2812)  loss_bbox_dn_1: 0.7670 (1.0262)  loss_giou_dn_1: 1.3656 (1.3636)  loss_fgl_dn_1: 1.0465 (1.1430)  loss_ddf_dn_1: 0.0292 (0.0303)  loss_mal_dn_2: 1.2510 (1.3171)  loss_bbox_dn_2: 0.7607 (0.9983)  loss_giou_dn_2: 1.3354 (1.3265)  loss_fgl_dn_2: 1.0712 (1.1483)  loss_ddf_dn_2: 0.0038 (0.0038)  loss_mal_dn_3: 1.2383 (1.3132)  loss_bbox_dn_3: 0.7610 (0.9995)  loss_giou_dn_3: 1.3206 (1.3126)  loss_fgl_dn_3: 1.0804 (1.1585)  loss_mal_dn_pre: 1.0713 (1.1111)  loss_bbox_dn_pre: 0.7461 (1.0017)  loss_giou_dn_pre: 1.4162 (1.4215)
Test:  [0/4]  eta: 0:00:01    time: 0.3664  data: 0.3357  max mem: 2550
Test:  [3/4]  eta: 0:00:00    time: 0.1111  data: 0.0859  max mem: 2550
Test: Total time: 0:00:00 (0.1349 s / it)
Averaged stats: 
Accumulating evaluation results...
COCOeval_opt.accumulate() finished...
DONE (t=0.00s).
IoU metric: bbox
 Average Precision  (AP) @[ IoU=0.50:0.95 | area=   all | maxDets=100 ] = 0.003
 Average Precision  (AP) @[ IoU=0.50      | area=   all | maxDets=100 ] = 0.004
 Average Precision  (AP) @[ IoU=0.75      | area=   all | maxDets=100 ] = 0.003
 Average Precision  (AP) @[ IoU=0.50:0.95 | area= small | maxDets=100 ] = -1.000
 Average Precision  (AP) @[ IoU=0.50:0.95 | area=medium | maxDets=100 ] = -1.000
 Average Precision  (AP) @[ IoU=0.50:0.95 | area= large | maxDets=100 ] = 0.004
 Average Recall     (AR) @[ IoU=0.50:0.95 | area=   all | maxDets=  1 ] = 0.023
 Average Recall     (AR) @[ IoU=0.50:0.95 | area=   all | maxDets= 10 ] = 0.053
 Average Recall     (AR) @[ IoU=0.50:0.95 | area=   all | maxDets=100 ] = 0.310
 Average Recall     (AR) @[ IoU=0.50:0.95 | area= small | maxDets=100 ] = -1.000
 Average Recall     (AR) @[ IoU=0.50:0.95 | area=medium | maxDets=100 ] = -1.000
 Average Recall     (AR) @[ IoU=0.50:0.95 | area= large | maxDets=100 ] = 0.310
 Average Recall     (AR) @[ IoU=0.50      | area=   all | maxDets=100 ] = 0.367
 Average Recall     (AR) @[ IoU=0.75      | area=   all | maxDets=100 ] = 0.333
best_stat: {'epoch': 2, 'coco_eval_bbox': 0.004095685227638115}
Epoch: [25]  [0/8]  eta: 0:00:06  lr: 0.000000  loss: 49.5061 (49.5061)  loss_mal: 1.3984 (1.3984)  loss_bbox: 0.9768 (0.9768)  loss_giou: 1.3298 (1.3298)  loss_fgl: 0.9739 (0.9739)  loss_mal_aux_0: 1.3438 (1.3438)  loss_bbox_aux_0: 0.9721 (0.9721)  loss_giou_aux_0: 1.3242 (1.3242)  loss_fgl_aux_0: 0.9659 (0.9659)  loss_ddf_aux_0: 0.0610 (0.0610)  loss_mal_aux_1: 1.5234 (1.5234)  loss_bbox_aux_1: 0.9858 (0.9858)  loss_giou_aux_1: 1.3307 (1.3307)  loss_fgl_aux_1: 0.9585 (0.9585)  loss_ddf_aux_1: 0.0123 (0.0123)  loss_mal_aux_2: 1.4521 (1.4521)  loss_bbox_aux_2: 0.9782 (0.9782)  loss_giou_aux_2: 1.3317 (1.3317)  loss_fgl_aux_2: 0.9784 (0.9784)  loss_ddf_aux_2: 0.0011 (0.0011)  loss_mal_pre: 1.3447 (1.3447)  loss_bbox_pre: 0.9688 (0.9688)  loss_giou_pre: 1.3248 (1.3248)  loss_mal_enc_0: 1.2393 (1.2393)  loss_bbox_enc_0: 1.0525 (1.0525)  loss_giou_enc_0: 1.4027 (1.4027)  loss_mal_dn_0: 1.0986 (1.0986)  loss_bbox_dn_0: 1.1372 (1.1372)  loss_giou_dn_0: 1.4245 (1.4245)  loss_fgl_dn_0: 1.2069 (1.2069)  loss_ddf_dn_0: 0.1859 (0.1859)  loss_mal_dn_1: 1.3008 (1.3008)  loss_bbox_dn_1: 1.1002 (1.1002)  loss_giou_dn_1: 1.3456 (1.3456)  loss_fgl_dn_1: 1.1577 (1.1577)  loss_ddf_dn_1: 0.0369 (0.0369)  loss_mal_dn_2: 1.2744 (1.2744)  loss_bbox_dn_2: 1.0892 (1.0892)  loss_giou_dn_2: 1.3281 (1.3281)  loss_fgl_dn_2: 1.1576 (1.1576)  loss_ddf_dn_2: 0.0059 (0.0059)  loss_mal_dn_3: 1.2607 (1.2607)  loss_bbox_dn_3: 1.0848 (1.0848)  loss_giou_dn_3: 1.3126 (1.3126)  loss_fgl_dn_3: 1.1715 (1.1715)  loss_mal_dn_pre: 1.2275 (1.2275)  loss_bbox_dn_pre: 1.0151 (1.0151)  loss_giou_dn_pre: 1.3534 (1.3534)  time: 0.7871  data: 0.6432  max mem: 2550
Epoch: [25]  [7/8]  eta: 0:00:00  lr: 0.000000  loss: 49.5061 (50.5632)  loss_mal: 1.5762 (1.7244)  loss_bbox: 0.9768 (0.9572)  loss_giou: 1.3298 (1.3636)  loss_fgl: 0.8654 (0.8686)  loss_mal_aux_0: 1.3799 (1.5990)  loss_bbox_aux_0: 0.9721 (0.9775)  loss_giou_aux_0: 1.3242 (1.4006)  loss_fgl_aux_0: 0.8553 (0.8620)  loss_ddf_aux_0: 0.0533 (0.0615)  loss_mal_aux_1: 1.6133 (1.7946)  loss_bbox_aux_1: 0.9858 (0.9687)  loss_giou_aux_1: 1.3307 (1.3725)  loss_fgl_aux_1: 0.8664 (0.8688)  loss_ddf_aux_1: 0.0083 (0.0097)  loss_mal_aux_2: 1.5947 (1.7643)  loss_bbox_aux_2: 0.9782 (0.9577)  loss_giou_aux_2: 1.3317 (1.3644)  loss_fgl_aux_2: 0.8694 (0.8681)  loss_ddf_aux_2: 0.0008 (0.0009)  loss_mal_pre: 1.3955 (1.5900)  loss_bbox_pre: 0.9688 (1.0433)  loss_giou_pre: 1.3248 (1.4133)  loss_mal_enc_0: 1.3613 (1.5017)  loss_bbox_enc_0: 1.0525 (1.0970)  loss_giou_enc_0: 1.4027 (1.4843)  loss_mal_dn_0: 1.1836 (1.1561)  loss_bbox_dn_0: 0.8899 (0.9665)  loss_giou_dn_0: 1.3864 (1.4011)  loss_fgl_dn_0: 1.1310 (1.1665)  loss_ddf_dn_0: 0.1859 (0.2001)  loss_mal_dn_1: 1.3672 (1.3907)  loss_bbox_dn_1: 0.8777 (0.9309)  loss_giou_dn_1: 1.3170 (1.3148)  loss_fgl_dn_1: 1.0924 (1.1312)  loss_ddf_dn_1: 0.0363 (0.0371)  loss_mal_dn_2: 1.3799 (1.4241)  loss_bbox_dn_2: 0.8309 (0.9053)  loss_giou_dn_2: 1.2759 (1.2786)  loss_fgl_dn_2: 1.1073 (1.1350)  loss_ddf_dn_2: 0.0055 (0.0056)  loss_mal_dn_3: 1.3828 (1.4094)  loss_bbox_dn_3: 0.8370 (0.9013)  loss_giou_dn_3: 1.2657 (1.2628)  loss_fgl_dn_3: 1.1240 (1.1465)  loss_mal_dn_pre: 1.2275 (1.2158)  loss_bbox_dn_pre: 0.8509 (0.9043)  loss_giou_dn_pre: 1.3534 (1.3662)  time: 0.2121  data: 0.1027  max mem: 2550
Epoch: [25] Total time: 0:00:01 (0.2227 s / it)
Averaged stats: lr: 0.000000  loss: 49.5061 (50.5632)  loss_mal: 1.5762 (1.7244)  loss_bbox: 0.9768 (0.9572)  loss_giou: 1.3298 (1.3636)  loss_fgl: 0.8654 (0.8686)  loss_mal_aux_0: 1.3799 (1.5990)  loss_bbox_aux_0: 0.9721 (0.9775)  loss_giou_aux_0: 1.3242 (1.4006)  loss_fgl_aux_0: 0.8553 (0.8620)  loss_ddf_aux_0: 0.0533 (0.0615)  loss_mal_aux_1: 1.6133 (1.7946)  loss_bbox_aux_1: 0.9858 (0.9687)  loss_giou_aux_1: 1.3307 (1.3725)  loss_fgl_aux_1: 0.8664 (0.8688)  loss_ddf_aux_1: 0.0083 (0.0097)  loss_mal_aux_2: 1.5947 (1.7643)  loss_bbox_aux_2: 0.9782 (0.9577)  loss_giou_aux_2: 1.3317 (1.3644)  loss_fgl_aux_2: 0.8694 (0.8681)  loss_ddf_aux_2: 0.0008 (0.0009)  loss_mal_pre: 1.3955 (1.5900)  loss_bbox_pre: 0.9688 (1.0433)  loss_giou_pre: 1.3248 (1.4133)  loss_mal_enc_0: 1.3613 (1.5017)  loss_bbox_enc_0: 1.0525 (1.0970)  loss_giou_enc_0: 1.4027 (1.4843)  loss_mal_dn_0: 1.1836 (1.1561)  loss_bbox_dn_0: 0.8899 (0.9665)  loss_giou_dn_0: 1.3864 (1.4011)  loss_fgl_dn_0: 1.1310 (1.1665)  loss_ddf_dn_0: 0.1859 (0.2001)  loss_mal_dn_1: 1.3672 (1.3907)  loss_bbox_dn_1: 0.8777 (0.9309)  loss_giou_dn_1: 1.3170 (1.3148)  loss_fgl_dn_1: 1.0924 (1.1312)  loss_ddf_dn_1: 0.0363 (0.0371)  loss_mal_dn_2: 1.3799 (1.4241)  loss_bbox_dn_2: 0.8309 (0.9053)  loss_giou_dn_2: 1.2759 (1.2786)  loss_fgl_dn_2: 1.1073 (1.1350)  loss_ddf_dn_2: 0.0055 (0.0056)  loss_mal_dn_3: 1.3828 (1.4094)  loss_bbox_dn_3: 0.8370 (0.9013)  loss_giou_dn_3: 1.2657 (1.2628)  loss_fgl_dn_3: 1.1240 (1.1465)  loss_mal_dn_pre: 1.2275 (1.2158)  loss_bbox_dn_pre: 0.8509 (0.9043)  loss_giou_dn_pre: 1.3534 (1.3662)
Test:  [0/4]  eta: 0:00:01    time: 0.3812  data: 0.3501  max mem: 2550
Test:  [3/4]  eta: 0:00:00    time: 0.1471  data: 0.0894  max mem: 2550
Test: Total time: 0:00:00 (0.1651 s / it)
Averaged stats: 
Accumulating evaluation results...
COCOeval_opt.accumulate() finished...
DONE (t=0.00s).
IoU metric: bbox
 Average Precision  (AP) @[ IoU=0.50:0.95 | area=   all | maxDets=100 ] = 0.002
 Average Precision  (AP) @[ IoU=0.50      | area=   all | maxDets=100 ] = 0.003
 Average Precision  (AP) @[ IoU=0.75      | area=   all | maxDets=100 ] = 0.003
 Average Precision  (AP) @[ IoU=0.50:0.95 | area= small | maxDets=100 ] = -1.000
 Average Precision  (AP) @[ IoU=0.50:0.95 | area=medium | maxDets=100 ] = -1.000
 Average Precision  (AP) @[ IoU=0.50:0.95 | area= large | maxDets=100 ] = 0.004
 Average Recall     (AR) @[ IoU=0.50:0.95 | area=   all | maxDets=  1 ] = 0.000
 Average Recall     (AR) @[ IoU=0.50:0.95 | area=   all | maxDets= 10 ] = 0.023
 Average Recall     (AR) @[ IoU=0.50:0.95 | area=   all | maxDets=100 ] = 0.277
 Average Recall     (AR) @[ IoU=0.50:0.95 | area= small | maxDets=100 ] = -1.000
 Average Recall     (AR) @[ IoU=0.50:0.95 | area=medium | maxDets=100 ] = -1.000
 Average Recall     (AR) @[ IoU=0.50:0.95 | area= large | maxDets=100 ] = 0.277
 Average Recall     (AR) @[ IoU=0.50      | area=   all | maxDets=100 ] = 0.333
 Average Recall     (AR) @[ IoU=0.75      | area=   all | maxDets=100 ] = 0.300
best_stat: {'epoch': 2, 'coco_eval_bbox': 0.004095685227638115}
Epoch: [26]  [0/8]  eta: 0:00:07  lr: 0.000000  loss: 49.1200 (49.1200)  loss_mal: 2.1426 (2.1426)  loss_bbox: 0.6078 (0.6078)  loss_giou: 0.9863 (0.9863)  loss_fgl: 0.9576 (0.9576)  loss_mal_aux_0: 2.0703 (2.0703)  loss_bbox_aux_0: 0.6611 (0.6611)  loss_giou_aux_0: 1.0114 (1.0114)  loss_fgl_aux_0: 0.9575 (0.9575)  loss_ddf_aux_0: 0.0653 (0.0653)  loss_mal_aux_1: 2.1855 (2.1855)  loss_bbox_aux_1: 0.6214 (0.6214)  loss_giou_aux_1: 0.9955 (0.9955)  loss_fgl_aux_1: 0.9428 (0.9428)  loss_ddf_aux_1: 0.0081 (0.0081)  loss_mal_aux_2: 2.1855 (2.1855)  loss_bbox_aux_2: 0.6083 (0.6083)  loss_giou_aux_2: 0.9872 (0.9872)  loss_fgl_aux_2: 0.9577 (0.9577)  loss_ddf_aux_2: 0.0010 (0.0010)  loss_mal_pre: 2.0586 (2.0586)  loss_bbox_pre: 0.6620 (0.6620)  loss_giou_pre: 1.0230 (1.0230)  loss_mal_enc_0: 2.0078 (2.0078)  loss_bbox_enc_0: 0.6965 (0.6965)  loss_giou_enc_0: 1.0787 (1.0787)  loss_mal_dn_0: 1.4531 (1.4531)  loss_bbox_dn_0: 0.7231 (0.7231)  loss_giou_dn_0: 1.2326 (1.2326)  loss_fgl_dn_0: 1.2291 (1.2291)  loss_ddf_dn_0: 0.1944 (0.1944)  loss_mal_dn_1: 1.8887 (1.8887)  loss_bbox_dn_1: 0.6662 (0.6662)  loss_giou_dn_1: 1.0936 (1.0936)  loss_fgl_dn_1: 1.1839 (1.1839)  loss_ddf_dn_1: 0.0341 (0.0341)  loss_mal_dn_2: 1.8867 (1.8867)  loss_bbox_dn_2: 0.6694 (0.6694)  loss_giou_dn_2: 1.0657 (1.0657)  loss_fgl_dn_2: 1.1724 (1.1724)  loss_ddf_dn_2: 0.0039 (0.0039)  loss_mal_dn_3: 1.8701 (1.8701)  loss_bbox_dn_3: 0.6643 (0.6643)  loss_giou_dn_3: 1.0470 (1.0470)  loss_fgl_dn_3: 1.1808 (1.1808)  loss_mal_dn_pre: 1.4629 (1.4629)  loss_bbox_dn_pre: 0.7048 (0.7048)  loss_giou_dn_pre: 1.2138 (1.2138)  time: 0.9806  data: 0.8447  max mem: 2550
Epoch: [26]  [7/8]  eta: 0:00:00  lr: 0.000000  loss: 47.8894 (47.9100)  loss_mal: 1.5889 (1.4942)  loss_bbox: 0.8144 (0.8173)  loss_giou: 1.3035 (1.3823)  loss_fgl: 0.8815 (0.8651)  loss_mal_aux_0: 1.3740 (1.3813)  loss_bbox_aux_0: 0.8273 (0.8497)  loss_giou_aux_0: 1.3536 (1.4246)  loss_fgl_aux_0: 0.8619 (0.8500)  loss_ddf_aux_0: 0.0544 (0.0548)  loss_mal_aux_1: 1.6514 (1.5585)  loss_bbox_aux_1: 0.7997 (0.8208)  loss_giou_aux_1: 1.2975 (1.3842)  loss_fgl_aux_1: 0.8894 (0.8688)  loss_ddf_aux_1: 0.0081 (0.0093)  loss_mal_aux_2: 1.6035 (1.5299)  loss_bbox_aux_2: 0.8144 (0.8175)  loss_giou_aux_2: 1.3044 (1.3836)  loss_fgl_aux_2: 0.8826 (0.8659)  loss_ddf_aux_2: 0.0009 (0.0009)  loss_mal_pre: 1.2949 (1.3553)  loss_bbox_pre: 0.9209 (0.9178)  loss_giou_pre: 1.3887 (1.4317)  loss_mal_enc_0: 1.0908 (1.2745)  loss_bbox_enc_0: 0.9598 (0.9825)  loss_giou_enc_0: 1.4651 (1.4975)  loss_mal_dn_0: 1.0615 (1.1241)  loss_bbox_dn_0: 0.7580 (0.8640)  loss_giou_dn_0: 1.3761 (1.4137)  loss_fgl_dn_0: 1.1026 (1.1597)  loss_ddf_dn_0: 0.1373 (0.1648)  loss_mal_dn_1: 1.3965 (1.4144)  loss_bbox_dn_1: 0.7310 (0.8558)  loss_giou_dn_1: 1.2879 (1.3076)  loss_fgl_dn_1: 1.0836 (1.1206)  loss_ddf_dn_1: 0.0283 (0.0304)  loss_mal_dn_2: 1.4199 (1.4149)  loss_bbox_dn_2: 0.7219 (0.8263)  loss_giou_dn_2: 1.2585 (1.2784)  loss_fgl_dn_2: 1.0899 (1.1186)  loss_ddf_dn_2: 0.0033 (0.0040)  loss_mal_dn_3: 1.3867 (1.4115)  loss_bbox_dn_3: 0.7286 (0.8293)  loss_giou_dn_3: 1.2417 (1.2624)  loss_fgl_dn_3: 1.1019 (1.1301)  loss_mal_dn_pre: 1.0977 (1.1588)  loss_bbox_dn_pre: 0.7500 (0.8130)  loss_giou_dn_pre: 1.3791 (1.3892)  time: 0.2389  data: 0.1069  max mem: 2550
Epoch: [26] Total time: 0:00:01 (0.2459 s / it)
Averaged stats: lr: 0.000000  loss: 47.8894 (47.9100)  loss_mal: 1.5889 (1.4942)  loss_bbox: 0.8144 (0.8173)  loss_giou: 1.3035 (1.3823)  loss_fgl: 0.8815 (0.8651)  loss_mal_aux_0: 1.3740 (1.3813)  loss_bbox_aux_0: 0.8273 (0.8497)  loss_giou_aux_0: 1.3536 (1.4246)  loss_fgl_aux_0: 0.8619 (0.8500)  loss_ddf_aux_0: 0.0544 (0.0548)  loss_mal_aux_1: 1.6514 (1.5585)  loss_bbox_aux_1: 0.7997 (0.8208)  loss_giou_aux_1: 1.2975 (1.3842)  loss_fgl_aux_1: 0.8894 (0.8688)  loss_ddf_aux_1: 0.0081 (0.0093)  loss_mal_aux_2: 1.6035 (1.5299)  loss_bbox_aux_2: 0.8144 (0.8175)  loss_giou_aux_2: 1.3044 (1.3836)  loss_fgl_aux_2: 0.8826 (0.8659)  loss_ddf_aux_2: 0.0009 (0.0009)  loss_mal_pre: 1.2949 (1.3553)  loss_bbox_pre: 0.9209 (0.9178)  loss_giou_pre: 1.3887 (1.4317)  loss_mal_enc_0: 1.0908 (1.2745)  loss_bbox_enc_0: 0.9598 (0.9825)  loss_giou_enc_0: 1.4651 (1.4975)  loss_mal_dn_0: 1.0615 (1.1241)  loss_bbox_dn_0: 0.7580 (0.8640)  loss_giou_dn_0: 1.3761 (1.4137)  loss_fgl_dn_0: 1.1026 (1.1597)  loss_ddf_dn_0: 0.1373 (0.1648)  loss_mal_dn_1: 1.3965 (1.4144)  loss_bbox_dn_1: 0.7310 (0.8558)  loss_giou_dn_1: 1.2879 (1.3076)  loss_fgl_dn_1: 1.0836 (1.1206)  loss_ddf_dn_1: 0.0283 (0.0304)  loss_mal_dn_2: 1.4199 (1.4149)  loss_bbox_dn_2: 0.7219 (0.8263)  loss_giou_dn_2: 1.2585 (1.2784)  loss_fgl_dn_2: 1.0899 (1.1186)  loss_ddf_dn_2: 0.0033 (0.0040)  loss_mal_dn_3: 1.3867 (1.4115)  loss_bbox_dn_3: 0.7286 (0.8293)  loss_giou_dn_3: 1.2417 (1.2624)  loss_fgl_dn_3: 1.1019 (1.1301)  loss_mal_dn_pre: 1.0977 (1.1588)  loss_bbox_dn_pre: 0.7500 (0.8130)  loss_giou_dn_pre: 1.3791 (1.3892)
Test:  [0/4]  eta: 0:00:01    time: 0.3771  data: 0.3458  max mem: 2550
Test:  [3/4]  eta: 0:00:00    time: 0.1135  data: 0.0883  max mem: 2550
Test: Total time: 0:00:00 (0.1289 s / it)
Averaged stats: 
Accumulating evaluation results...
COCOeval_opt.accumulate() finished...
DONE (t=0.00s).
IoU metric: bbox
 Average Precision  (AP) @[ IoU=0.50:0.95 | area=   all | maxDets=100 ] = 0.004
 Average Precision  (AP) @[ IoU=0.50      | area=   all | maxDets=100 ] = 0.005
 Average Precision  (AP) @[ IoU=0.75      | area=   all | maxDets=100 ] = 0.004
 Average Precision  (AP) @[ IoU=0.50:0.95 | area= small | maxDets=100 ] = -1.000
 Average Precision  (AP) @[ IoU=0.50:0.95 | area=medium | maxDets=100 ] = -1.000
 Average Precision  (AP) @[ IoU=0.50:0.95 | area= large | maxDets=100 ] = 0.005
 Average Recall     (AR) @[ IoU=0.50:0.95 | area=   all | maxDets=  1 ] = 0.023
 Average Recall     (AR) @[ IoU=0.50:0.95 | area=   all | maxDets= 10 ] = 0.133
 Average Recall     (AR) @[ IoU=0.50:0.95 | area=   all | maxDets=100 ] = 0.347
 Average Recall     (AR) @[ IoU=0.50:0.95 | area= small | maxDets=100 ] = -1.000
 Average Recall     (AR) @[ IoU=0.50:0.95 | area=medium | maxDets=100 ] = -1.000
 Average Recall     (AR) @[ IoU=0.50:0.95 | area= large | maxDets=100 ] = 0.347
 Average Recall     (AR) @[ IoU=0.50      | area=   all | maxDets=100 ] = 0.400
 Average Recall     (AR) @[ IoU=0.75      | area=   all | maxDets=100 ] = 0.367
best_stat: {'epoch': 2, 'coco_eval_bbox': 0.004095685227638115}
Epoch: [27]  [0/8]  eta: 0:00:06  lr: 0.000000  loss: 47.7273 (47.7273)  loss_mal: 1.8896 (1.8896)  loss_bbox: 0.6587 (0.6587)  loss_giou: 1.2042 (1.2042)  loss_fgl: 0.8876 (0.8876)  loss_mal_aux_0: 1.7891 (1.7891)  loss_bbox_aux_0: 0.6679 (0.6679)  loss_giou_aux_0: 1.2602 (1.2602)  loss_fgl_aux_0: 0.8814 (0.8814)  loss_ddf_aux_0: 0.0378 (0.0378)  loss_mal_aux_1: 1.9121 (1.9121)  loss_bbox_aux_1: 0.6717 (0.6717)  loss_giou_aux_1: 1.2178 (1.2178)  loss_fgl_aux_1: 0.8823 (0.8823)  loss_ddf_aux_1: 0.0062 (0.0062)  loss_mal_aux_2: 1.9023 (1.9023)  loss_bbox_aux_2: 0.6558 (0.6558)  loss_giou_aux_2: 1.2083 (1.2083)  loss_fgl_aux_2: 0.8893 (0.8893)  loss_ddf_aux_2: 0.0007 (0.0007)  loss_mal_pre: 1.7627 (1.7627)  loss_bbox_pre: 0.6927 (0.6927)  loss_giou_pre: 1.3112 (1.3112)  loss_mal_enc_0: 1.6377 (1.6377)  loss_bbox_enc_0: 0.7017 (0.7017)  loss_giou_enc_0: 1.3860 (1.3860)  loss_mal_dn_0: 1.2461 (1.2461)  loss_bbox_dn_0: 0.7485 (0.7485)  loss_giou_dn_0: 1.3409 (1.3409)  loss_fgl_dn_0: 1.0730 (1.0730)  loss_ddf_dn_0: 0.1945 (0.1945)  loss_mal_dn_1: 1.6074 (1.6074)  loss_bbox_dn_1: 0.6811 (0.6811)  loss_giou_dn_1: 1.2174 (1.2174)  loss_fgl_dn_1: 1.0528 (1.0528)  loss_ddf_dn_1: 0.0300 (0.0300)  loss_mal_dn_2: 1.6953 (1.6953)  loss_bbox_dn_2: 0.6321 (0.6321)  loss_giou_dn_2: 1.1400 (1.1400)  loss_fgl_dn_2: 1.0853 (1.0853)  loss_ddf_dn_2: 0.0038 (0.0038)  loss_mal_dn_3: 1.7070 (1.7070)  loss_bbox_dn_3: 0.6248 (0.6248)  loss_giou_dn_3: 1.1117 (1.1117)  loss_fgl_dn_3: 1.0953 (1.0953)  loss_mal_dn_pre: 1.2129 (1.2129)  loss_bbox_dn_pre: 0.7568 (0.7568)  loss_giou_dn_pre: 1.3557 (1.3557)  time: 0.8074  data: 0.6680  max mem: 2550
Epoch: [27]  [7/8]  eta: 0:00:00  lr: 0.000000  loss: 47.7273 (49.1216)  loss_mal: 1.4111 (1.5698)  loss_bbox: 0.8481 (0.8518)  loss_giou: 1.3143 (1.2947)  loss_fgl: 0.8937 (0.9924)  loss_mal_aux_0: 1.3047 (1.4921)  loss_bbox_aux_0: 0.8700 (0.8676)  loss_giou_aux_0: 1.3375 (1.3369)  loss_fgl_aux_0: 0.8814 (0.9725)  loss_ddf_aux_0: 0.0553 (0.0521)  loss_mal_aux_1: 1.5146 (1.6296)  loss_bbox_aux_1: 0.8521 (0.8678)  loss_giou_aux_1: 1.3089 (1.2992)  loss_fgl_aux_1: 0.8889 (0.9834)  loss_ddf_aux_1: 0.0095 (0.0093)  loss_mal_aux_2: 1.4434 (1.5977)  loss_bbox_aux_2: 0.8492 (0.8577)  loss_giou_aux_2: 1.3131 (1.2948)  loss_fgl_aux_2: 0.8937 (0.9927)  loss_ddf_aux_2: 0.0009 (0.0011)  loss_mal_pre: 1.2812 (1.4658)  loss_bbox_pre: 0.8813 (0.9149)  loss_giou_pre: 1.3501 (1.3405)  loss_mal_enc_0: 1.2041 (1.3901)  loss_bbox_enc_0: 0.8992 (0.9673)  loss_giou_enc_0: 1.4054 (1.4084)  loss_mal_dn_0: 1.1328 (1.1566)  loss_bbox_dn_0: 0.8276 (0.9553)  loss_giou_dn_0: 1.3913 (1.3979)  loss_fgl_dn_0: 1.1476 (1.1625)  loss_ddf_dn_0: 0.1838 (0.1830)  loss_mal_dn_1: 1.3750 (1.4067)  loss_bbox_dn_1: 0.8623 (0.9469)  loss_giou_dn_1: 1.2950 (1.3046)  loss_fgl_dn_1: 1.1066 (1.1353)  loss_ddf_dn_1: 0.0317 (0.0344)  loss_mal_dn_2: 1.3828 (1.4369)  loss_bbox_dn_2: 0.8287 (0.9146)  loss_giou_dn_2: 1.2431 (1.2614)  loss_fgl_dn_2: 1.1236 (1.1467)  loss_ddf_dn_2: 0.0047 (0.0049)  loss_mal_dn_3: 1.3643 (1.4233)  loss_bbox_dn_3: 0.8279 (0.9152)  loss_giou_dn_3: 1.2358 (1.2451)  loss_fgl_dn_3: 1.1301 (1.1550)  loss_mal_dn_pre: 1.1826 (1.1760)  loss_bbox_dn_pre: 0.7665 (0.9223)  loss_giou_dn_pre: 1.3703 (1.3870)  time: 0.1994  data: 0.0865  max mem: 2550
Epoch: [27] Total time: 0:00:01 (0.2070 s / it)
Averaged stats: lr: 0.000000  loss: 47.7273 (49.1216)  loss_mal: 1.4111 (1.5698)  loss_bbox: 0.8481 (0.8518)  loss_giou: 1.3143 (1.2947)  loss_fgl: 0.8937 (0.9924)  loss_mal_aux_0: 1.3047 (1.4921)  loss_bbox_aux_0: 0.8700 (0.8676)  loss_giou_aux_0: 1.3375 (1.3369)  loss_fgl_aux_0: 0.8814 (0.9725)  loss_ddf_aux_0: 0.0553 (0.0521)  loss_mal_aux_1: 1.5146 (1.6296)  loss_bbox_aux_1: 0.8521 (0.8678)  loss_giou_aux_1: 1.3089 (1.2992)  loss_fgl_aux_1: 0.8889 (0.9834)  loss_ddf_aux_1: 0.0095 (0.0093)  loss_mal_aux_2: 1.4434 (1.5977)  loss_bbox_aux_2: 0.8492 (0.8577)  loss_giou_aux_2: 1.3131 (1.2948)  loss_fgl_aux_2: 0.8937 (0.9927)  loss_ddf_aux_2: 0.0009 (0.0011)  loss_mal_pre: 1.2812 (1.4658)  loss_bbox_pre: 0.8813 (0.9149)  loss_giou_pre: 1.3501 (1.3405)  loss_mal_enc_0: 1.2041 (1.3901)  loss_bbox_enc_0: 0.8992 (0.9673)  loss_giou_enc_0: 1.4054 (1.4084)  loss_mal_dn_0: 1.1328 (1.1566)  loss_bbox_dn_0: 0.8276 (0.9553)  loss_giou_dn_0: 1.3913 (1.3979)  loss_fgl_dn_0: 1.1476 (1.1625)  loss_ddf_dn_0: 0.1838 (0.1830)  loss_mal_dn_1: 1.3750 (1.4067)  loss_bbox_dn_1: 0.8623 (0.9469)  loss_giou_dn_1: 1.2950 (1.3046)  loss_fgl_dn_1: 1.1066 (1.1353)  loss_ddf_dn_1: 0.0317 (0.0344)  loss_mal_dn_2: 1.3828 (1.4369)  loss_bbox_dn_2: 0.8287 (0.9146)  loss_giou_dn_2: 1.2431 (1.2614)  loss_fgl_dn_2: 1.1236 (1.1467)  loss_ddf_dn_2: 0.0047 (0.0049)  loss_mal_dn_3: 1.3643 (1.4233)  loss_bbox_dn_3: 0.8279 (0.9152)  loss_giou_dn_3: 1.2358 (1.2451)  loss_fgl_dn_3: 1.1301 (1.1550)  loss_mal_dn_pre: 1.1826 (1.1760)  loss_bbox_dn_pre: 0.7665 (0.9223)  loss_giou_dn_pre: 1.3703 (1.3870)
Test:  [0/4]  eta: 0:00:01    time: 0.3663  data: 0.3355  max mem: 2550
Test:  [3/4]  eta: 0:00:00    time: 0.1111  data: 0.0857  max mem: 2550
Test: Total time: 0:00:00 (0.1285 s / it)
Averaged stats: 
Accumulating evaluation results...
COCOeval_opt.accumulate() finished...
DONE (t=0.00s).
IoU metric: bbox
 Average Precision  (AP) @[ IoU=0.50:0.95 | area=   all | maxDets=100 ] = 0.002
 Average Precision  (AP) @[ IoU=0.50      | area=   all | maxDets=100 ] = 0.003
 Average Precision  (AP) @[ IoU=0.75      | area=   all | maxDets=100 ] = 0.002
 Average Precision  (AP) @[ IoU=0.50:0.95 | area= small | maxDets=100 ] = -1.000
 Average Precision  (AP) @[ IoU=0.50:0.95 | area=medium | maxDets=100 ] = -1.000
 Average Precision  (AP) @[ IoU=0.50:0.95 | area= large | maxDets=100 ] = 0.003
 Average Recall     (AR) @[ IoU=0.50:0.95 | area=   all | maxDets=  1 ] = 0.023
 Average Recall     (AR) @[ IoU=0.50:0.95 | area=   all | maxDets= 10 ] = 0.023
 Average Recall     (AR) @[ IoU=0.50:0.95 | area=   all | maxDets=100 ] = 0.210
 Average Recall     (AR) @[ IoU=0.50:0.95 | area= small | maxDets=100 ] = -1.000
 Average Recall     (AR) @[ IoU=0.50:0.95 | area=medium | maxDets=100 ] = -1.000
 Average Recall     (AR) @[ IoU=0.50:0.95 | area= large | maxDets=100 ] = 0.210
 Average Recall     (AR) @[ IoU=0.50      | area=   all | maxDets=100 ] = 0.267
 Average Recall     (AR) @[ IoU=0.75      | area=   all | maxDets=100 ] = 0.233
best_stat: {'epoch': 2, 'coco_eval_bbox': 0.004095685227638115}
Epoch: [28]  [0/8]  eta: 0:00:07  lr: 0.000000  loss: 55.2613 (55.2613)  loss_mal: 1.8506 (1.8506)  loss_bbox: 1.4121 (1.4121)  loss_giou: 1.3625 (1.3625)  loss_fgl: 0.8834 (0.8834)  loss_mal_aux_0: 1.6455 (1.6455)  loss_bbox_aux_0: 1.5250 (1.5250)  loss_giou_aux_0: 1.4094 (1.4094)  loss_fgl_aux_0: 0.8932 (0.8932)  loss_ddf_aux_0: 0.0411 (0.0411)  loss_mal_aux_1: 1.9180 (1.9180)  loss_bbox_aux_1: 1.3974 (1.3974)  loss_giou_aux_1: 1.3614 (1.3614)  loss_fgl_aux_1: 0.8846 (0.8846)  loss_ddf_aux_1: 0.0074 (0.0074)  loss_mal_aux_2: 1.8320 (1.8320)  loss_bbox_aux_2: 1.4076 (1.4076)  loss_giou_aux_2: 1.3628 (1.3628)  loss_fgl_aux_2: 0.8823 (0.8823)  loss_ddf_aux_2: 0.0005 (0.0005)  loss_mal_pre: 1.6621 (1.6621)  loss_bbox_pre: 1.3992 (1.3992)  loss_giou_pre: 1.4294 (1.4294)  loss_mal_enc_0: 1.6055 (1.6055)  loss_bbox_enc_0: 1.4233 (1.4233)  loss_giou_enc_0: 1.5269 (1.5269)  loss_mal_dn_0: 1.0156 (1.0156)  loss_bbox_dn_0: 1.1561 (1.1561)  loss_giou_dn_0: 1.4916 (1.4916)  loss_fgl_dn_0: 1.3816 (1.3816)  loss_ddf_dn_0: 0.1942 (0.1942)  loss_mal_dn_1: 1.2822 (1.2822)  loss_bbox_dn_1: 1.0967 (1.0967)  loss_giou_dn_1: 1.3580 (1.3580)  loss_fgl_dn_1: 1.3468 (1.3468)  loss_ddf_dn_1: 0.0307 (0.0307)  loss_mal_dn_2: 1.3135 (1.3135)  loss_bbox_dn_2: 1.0814 (1.0814)  loss_giou_dn_2: 1.3180 (1.3180)  loss_fgl_dn_2: 1.3510 (1.3510)  loss_ddf_dn_2: 0.0040 (0.0040)  loss_mal_dn_3: 1.3584 (1.3584)  loss_bbox_dn_3: 1.0641 (1.0641)  loss_giou_dn_3: 1.2943 (1.2943)  loss_fgl_dn_3: 1.3718 (1.3718)  loss_mal_dn_pre: 1.0176 (1.0176)  loss_bbox_dn_pre: 1.1227 (1.1227)  loss_giou_dn_pre: 1.4879 (1.4879)  time: 0.8988  data: 0.7599  max mem: 2550
Epoch: [28]  [7/8]  eta: 0:00:00  lr: 0.000000  loss: 49.9675 (50.6301)  loss_mal: 1.4990 (1.7229)  loss_bbox: 1.0802 (1.0140)  loss_giou: 1.3625 (1.3809)  loss_fgl: 0.7814 (0.8264)  loss_mal_aux_0: 1.2705 (1.5361)  loss_bbox_aux_0: 1.1320 (1.0755)  loss_giou_aux_0: 1.4094 (1.4485)  loss_fgl_aux_0: 0.7091 (0.8228)  loss_ddf_aux_0: 0.0456 (0.0610)  loss_mal_aux_1: 1.5977 (1.7679)  loss_bbox_aux_1: 1.1072 (1.0168)  loss_giou_aux_1: 1.3614 (1.3837)  loss_fgl_aux_1: 0.7839 (0.8261)  loss_ddf_aux_1: 0.0085 (0.0098)  loss_mal_aux_2: 1.5195 (1.7277)  loss_bbox_aux_2: 1.0703 (1.0071)  loss_giou_aux_2: 1.3628 (1.3812)  loss_fgl_aux_2: 0.7788 (0.8266)  loss_ddf_aux_2: 0.0008 (0.0010)  loss_mal_pre: 1.2715 (1.5468)  loss_bbox_pre: 1.1320 (1.0797)  loss_giou_pre: 1.4294 (1.4490)  loss_mal_enc_0: 1.1709 (1.4116)  loss_bbox_enc_0: 1.1411 (1.1418)  loss_giou_enc_0: 1.5269 (1.5344)  loss_mal_dn_0: 1.1318 (1.1385)  loss_bbox_dn_0: 0.9369 (0.9112)  loss_giou_dn_0: 1.3782 (1.4149)  loss_fgl_dn_0: 1.2238 (1.2281)  loss_ddf_dn_0: 0.1849 (0.1925)  loss_mal_dn_1: 1.4531 (1.4255)  loss_bbox_dn_1: 0.8330 (0.8701)  loss_giou_dn_1: 1.2668 (1.3018)  loss_fgl_dn_1: 1.1847 (1.1909)  loss_ddf_dn_1: 0.0330 (0.0337)  loss_mal_dn_2: 1.4258 (1.4399)  loss_bbox_dn_2: 0.8123 (0.8429)  loss_giou_dn_2: 1.2467 (1.2688)  loss_fgl_dn_2: 1.1979 (1.1938)  loss_ddf_dn_2: 0.0036 (0.0042)  loss_mal_dn_3: 1.4395 (1.4498)  loss_bbox_dn_3: 0.7878 (0.8312)  loss_giou_dn_3: 1.2269 (1.2486)  loss_fgl_dn_3: 1.2075 (1.2073)  loss_mal_dn_pre: 1.1670 (1.1616)  loss_bbox_dn_pre: 0.8978 (0.8754)  loss_giou_dn_pre: 1.3495 (1.3999)  time: 0.2107  data: 0.0969  max mem: 2550
Epoch: [28] Total time: 0:00:01 (0.2221 s / it)
Averaged stats: lr: 0.000000  loss: 49.9675 (50.6301)  loss_mal: 1.4990 (1.7229)  loss_bbox: 1.0802 (1.0140)  loss_giou: 1.3625 (1.3809)  loss_fgl: 0.7814 (0.8264)  loss_mal_aux_0: 1.2705 (1.5361)  loss_bbox_aux_0: 1.1320 (1.0755)  loss_giou_aux_0: 1.4094 (1.4485)  loss_fgl_aux_0: 0.7091 (0.8228)  loss_ddf_aux_0: 0.0456 (0.0610)  loss_mal_aux_1: 1.5977 (1.7679)  loss_bbox_aux_1: 1.1072 (1.0168)  loss_giou_aux_1: 1.3614 (1.3837)  loss_fgl_aux_1: 0.7839 (0.8261)  loss_ddf_aux_1: 0.0085 (0.0098)  loss_mal_aux_2: 1.5195 (1.7277)  loss_bbox_aux_2: 1.0703 (1.0071)  loss_giou_aux_2: 1.3628 (1.3812)  loss_fgl_aux_2: 0.7788 (0.8266)  loss_ddf_aux_2: 0.0008 (0.0010)  loss_mal_pre: 1.2715 (1.5468)  loss_bbox_pre: 1.1320 (1.0797)  loss_giou_pre: 1.4294 (1.4490)  loss_mal_enc_0: 1.1709 (1.4116)  loss_bbox_enc_0: 1.1411 (1.1418)  loss_giou_enc_0: 1.5269 (1.5344)  loss_mal_dn_0: 1.1318 (1.1385)  loss_bbox_dn_0: 0.9369 (0.9112)  loss_giou_dn_0: 1.3782 (1.4149)  loss_fgl_dn_0: 1.2238 (1.2281)  loss_ddf_dn_0: 0.1849 (0.1925)  loss_mal_dn_1: 1.4531 (1.4255)  loss_bbox_dn_1: 0.8330 (0.8701)  loss_giou_dn_1: 1.2668 (1.3018)  loss_fgl_dn_1: 1.1847 (1.1909)  loss_ddf_dn_1: 0.0330 (0.0337)  loss_mal_dn_2: 1.4258 (1.4399)  loss_bbox_dn_2: 0.8123 (0.8429)  loss_giou_dn_2: 1.2467 (1.2688)  loss_fgl_dn_2: 1.1979 (1.1938)  loss_ddf_dn_2: 0.0036 (0.0042)  loss_mal_dn_3: 1.4395 (1.4498)  loss_bbox_dn_3: 0.7878 (0.8312)  loss_giou_dn_3: 1.2269 (1.2486)  loss_fgl_dn_3: 1.2075 (1.2073)  loss_mal_dn_pre: 1.1670 (1.1616)  loss_bbox_dn_pre: 0.8978 (0.8754)  loss_giou_dn_pre: 1.3495 (1.3999)
Test:  [0/4]  eta: 0:00:01    time: 0.3687  data: 0.3375  max mem: 2550
Test:  [3/4]  eta: 0:00:00    time: 0.1116  data: 0.0863  max mem: 2550
Test: Total time: 0:00:00 (0.1317 s / it)
Averaged stats: 
Accumulating evaluation results...
COCOeval_opt.accumulate() finished...
DONE (t=0.00s).
IoU metric: bbox
 Average Precision  (AP) @[ IoU=0.50:0.95 | area=   all | maxDets=100 ] = 0.002
 Average Precision  (AP) @[ IoU=0.50      | area=   all | maxDets=100 ] = 0.003
 Average Precision  (AP) @[ IoU=0.75      | area=   all | maxDets=100 ] = 0.003
 Average Precision  (AP) @[ IoU=0.50:0.95 | area= small | maxDets=100 ] = -1.000
 Average Precision  (AP) @[ IoU=0.50:0.95 | area=medium | maxDets=100 ] = -1.000
 Average Precision  (AP) @[ IoU=0.50:0.95 | area= large | maxDets=100 ] = 0.003
 Average Recall     (AR) @[ IoU=0.50:0.95 | area=   all | maxDets=  1 ] = 0.023
 Average Recall     (AR) @[ IoU=0.50:0.95 | area=   all | maxDets= 10 ] = 0.027
 Average Recall     (AR) @[ IoU=0.50:0.95 | area=   all | maxDets=100 ] = 0.250
 Average Recall     (AR) @[ IoU=0.50:0.95 | area= small | maxDets=100 ] = -1.000
 Average Recall     (AR) @[ IoU=0.50:0.95 | area=medium | maxDets=100 ] = -1.000
 Average Recall     (AR) @[ IoU=0.50:0.95 | area= large | maxDets=100 ] = 0.250
 Average Recall     (AR) @[ IoU=0.50      | area=   all | maxDets=100 ] = 0.300
 Average Recall     (AR) @[ IoU=0.75      | area=   all | maxDets=100 ] = 0.267
best_stat: {'epoch': 2, 'coco_eval_bbox': 0.004095685227638115}
Epoch: [29]  [0/8]  eta: 0:00:06  lr: 0.000000  loss: 50.0908 (50.0908)  loss_mal: 1.9170 (1.9170)  loss_bbox: 0.8422 (0.8422)  loss_giou: 1.1949 (1.1949)  loss_fgl: 0.8262 (0.8262)  loss_mal_aux_0: 1.9297 (1.9297)  loss_bbox_aux_0: 0.8909 (0.8909)  loss_giou_aux_0: 1.2177 (1.2177)  loss_fgl_aux_0: 0.8083 (0.8083)  loss_ddf_aux_0: 0.0774 (0.0774)  loss_mal_aux_1: 2.0020 (2.0020)  loss_bbox_aux_1: 0.8515 (0.8515)  loss_giou_aux_1: 1.1901 (1.1901)  loss_fgl_aux_1: 0.8150 (0.8150)  loss_ddf_aux_1: 0.0106 (0.0106)  loss_mal_aux_2: 1.9248 (1.9248)  loss_bbox_aux_2: 0.8403 (0.8403)  loss_giou_aux_2: 1.1980 (1.1980)  loss_fgl_aux_2: 0.8248 (0.8248)  loss_ddf_aux_2: 0.0017 (0.0017)  loss_mal_pre: 1.9102 (1.9102)  loss_bbox_pre: 0.9334 (0.9334)  loss_giou_pre: 1.2287 (1.2287)  loss_mal_enc_0: 1.8301 (1.8301)  loss_bbox_enc_0: 0.9667 (0.9667)  loss_giou_enc_0: 1.2513 (1.2513)  loss_mal_dn_0: 1.5596 (1.5596)  loss_bbox_dn_0: 0.7483 (0.7483)  loss_giou_dn_0: 1.1624 (1.1624)  loss_fgl_dn_0: 1.1550 (1.1550)  loss_ddf_dn_0: 0.1885 (0.1885)  loss_mal_dn_1: 1.9316 (1.9316)  loss_bbox_dn_1: 0.7066 (0.7066)  loss_giou_dn_1: 1.0547 (1.0547)  loss_fgl_dn_1: 1.0918 (1.0918)  loss_ddf_dn_1: 0.0368 (0.0368)  loss_mal_dn_2: 2.0098 (2.0098)  loss_bbox_dn_2: 0.6721 (0.6721)  loss_giou_dn_2: 0.9886 (0.9886)  loss_fgl_dn_2: 1.1016 (1.1016)  loss_ddf_dn_2: 0.0047 (0.0047)  loss_mal_dn_3: 2.0000 (2.0000)  loss_bbox_dn_3: 0.6571 (0.6571)  loss_giou_dn_3: 0.9643 (0.9643)  loss_fgl_dn_3: 1.1122 (1.1122)  loss_mal_dn_pre: 1.5664 (1.5664)  loss_bbox_dn_pre: 0.7328 (0.7328)  loss_giou_dn_pre: 1.1624 (1.1624)  time: 0.7716  data: 0.6327  max mem: 2550
Epoch: [29]  [7/8]  eta: 0:00:00  lr: 0.000000  loss: 48.4519 (48.7704)  loss_mal: 1.1182 (1.2834)  loss_bbox: 0.9721 (1.0626)  loss_giou: 1.4789 (1.5051)  loss_fgl: 0.7813 (0.7852)  loss_mal_aux_0: 1.0186 (1.1600)  loss_bbox_aux_0: 0.9608 (1.0808)  loss_giou_aux_0: 1.5180 (1.5549)  loss_fgl_aux_0: 0.7504 (0.7574)  loss_ddf_aux_0: 0.0482 (0.0656)  loss_mal_aux_1: 1.1221 (1.3550)  loss_bbox_aux_1: 0.9757 (1.0648)  loss_giou_aux_1: 1.4689 (1.5007)  loss_fgl_aux_1: 0.7906 (0.7870)  loss_ddf_aux_1: 0.0088 (0.0114)  loss_mal_aux_2: 1.1299 (1.3042)  loss_bbox_aux_2: 0.9743 (1.0647)  loss_giou_aux_2: 1.4746 (1.5062)  loss_fgl_aux_2: 0.7866 (0.7851)  loss_ddf_aux_2: 0.0011 (0.0011)  loss_mal_pre: 0.9316 (1.1605)  loss_bbox_pre: 0.9860 (1.1093)  loss_giou_pre: 1.4948 (1.5538)  loss_mal_enc_0: 1.0234 (1.1129)  loss_bbox_enc_0: 1.0727 (1.1624)  loss_giou_enc_0: 1.5728 (1.6202)  loss_mal_dn_0: 1.0742 (1.1637)  loss_bbox_dn_0: 0.8392 (0.8929)  loss_giou_dn_0: 1.3921 (1.3924)  loss_fgl_dn_0: 1.1789 (1.1748)  loss_ddf_dn_0: 0.1916 (0.1815)  loss_mal_dn_1: 1.3857 (1.4385)  loss_bbox_dn_1: 0.8082 (0.8782)  loss_giou_dn_1: 1.3134 (1.2984)  loss_fgl_dn_1: 1.1574 (1.1461)  loss_ddf_dn_1: 0.0353 (0.0343)  loss_mal_dn_2: 1.3789 (1.4393)  loss_bbox_dn_2: 0.7953 (0.8514)  loss_giou_dn_2: 1.2862 (1.2705)  loss_fgl_dn_2: 1.1589 (1.1455)  loss_ddf_dn_2: 0.0044 (0.0042)  loss_mal_dn_3: 1.3447 (1.4243)  loss_bbox_dn_3: 0.8023 (0.8483)  loss_giou_dn_3: 1.2792 (1.2557)  loss_fgl_dn_3: 1.1619 (1.1544)  loss_mal_dn_pre: 1.1104 (1.1959)  loss_bbox_dn_pre: 0.8188 (0.8506)  loss_giou_dn_pre: 1.3824 (1.3751)  time: 0.2144  data: 0.0821  max mem: 2550
Epoch: [29] Total time: 0:00:01 (0.2214 s / it)
Averaged stats: lr: 0.000000  loss: 48.4519 (48.7704)  loss_mal: 1.1182 (1.2834)  loss_bbox: 0.9721 (1.0626)  loss_giou: 1.4789 (1.5051)  loss_fgl: 0.7813 (0.7852)  loss_mal_aux_0: 1.0186 (1.1600)  loss_bbox_aux_0: 0.9608 (1.0808)  loss_giou_aux_0: 1.5180 (1.5549)  loss_fgl_aux_0: 0.7504 (0.7574)  loss_ddf_aux_0: 0.0482 (0.0656)  loss_mal_aux_1: 1.1221 (1.3550)  loss_bbox_aux_1: 0.9757 (1.0648)  loss_giou_aux_1: 1.4689 (1.5007)  loss_fgl_aux_1: 0.7906 (0.7870)  loss_ddf_aux_1: 0.0088 (0.0114)  loss_mal_aux_2: 1.1299 (1.3042)  loss_bbox_aux_2: 0.9743 (1.0647)  loss_giou_aux_2: 1.4746 (1.5062)  loss_fgl_aux_2: 0.7866 (0.7851)  loss_ddf_aux_2: 0.0011 (0.0011)  loss_mal_pre: 0.9316 (1.1605)  loss_bbox_pre: 0.9860 (1.1093)  loss_giou_pre: 1.4948 (1.5538)  loss_mal_enc_0: 1.0234 (1.1129)  loss_bbox_enc_0: 1.0727 (1.1624)  loss_giou_enc_0: 1.5728 (1.6202)  loss_mal_dn_0: 1.0742 (1.1637)  loss_bbox_dn_0: 0.8392 (0.8929)  loss_giou_dn_0: 1.3921 (1.3924)  loss_fgl_dn_0: 1.1789 (1.1748)  loss_ddf_dn_0: 0.1916 (0.1815)  loss_mal_dn_1: 1.3857 (1.4385)  loss_bbox_dn_1: 0.8082 (0.8782)  loss_giou_dn_1: 1.3134 (1.2984)  loss_fgl_dn_1: 1.1574 (1.1461)  loss_ddf_dn_1: 0.0353 (0.0343)  loss_mal_dn_2: 1.3789 (1.4393)  loss_bbox_dn_2: 0.7953 (0.8514)  loss_giou_dn_2: 1.2862 (1.2705)  loss_fgl_dn_2: 1.1589 (1.1455)  loss_ddf_dn_2: 0.0044 (0.0042)  loss_mal_dn_3: 1.3447 (1.4243)  loss_bbox_dn_3: 0.8023 (0.8483)  loss_giou_dn_3: 1.2792 (1.2557)  loss_fgl_dn_3: 1.1619 (1.1544)  loss_mal_dn_pre: 1.1104 (1.1959)  loss_bbox_dn_pre: 0.8188 (0.8506)  loss_giou_dn_pre: 1.3824 (1.3751)
Test:  [0/4]  eta: 0:00:01    time: 0.3739  data: 0.3423  max mem: 2550
Test:  [3/4]  eta: 0:00:00    time: 0.1127  data: 0.0874  max mem: 2550
Test: Total time: 0:00:00 (0.1266 s / it)
Averaged stats: 
Accumulating evaluation results...
COCOeval_opt.accumulate() finished...
DONE (t=0.00s).
IoU metric: bbox
 Average Precision  (AP) @[ IoU=0.50:0.95 | area=   all | maxDets=100 ] = 0.002
 Average Precision  (AP) @[ IoU=0.50      | area=   all | maxDets=100 ] = 0.003
 Average Precision  (AP) @[ IoU=0.75      | area=   all | maxDets=100 ] = 0.003
 Average Precision  (AP) @[ IoU=0.50:0.95 | area= small | maxDets=100 ] = -1.000
 Average Precision  (AP) @[ IoU=0.50:0.95 | area=medium | maxDets=100 ] = -1.000
 Average Precision  (AP) @[ IoU=0.50:0.95 | area= large | maxDets=100 ] = 0.003
 Average Recall     (AR) @[ IoU=0.50:0.95 | area=   all | maxDets=  1 ] = 0.000
 Average Recall     (AR) @[ IoU=0.50:0.95 | area=   all | maxDets= 10 ] = 0.053
 Average Recall     (AR) @[ IoU=0.50:0.95 | area=   all | maxDets=100 ] = 0.187
 Average Recall     (AR) @[ IoU=0.50:0.95 | area= small | maxDets=100 ] = -1.000
 Average Recall     (AR) @[ IoU=0.50:0.95 | area=medium | maxDets=100 ] = -1.000
 Average Recall     (AR) @[ IoU=0.50:0.95 | area= large | maxDets=100 ] = 0.187
 Average Recall     (AR) @[ IoU=0.50      | area=   all | maxDets=100 ] = 0.233
 Average Recall     (AR) @[ IoU=0.75      | area=   all | maxDets=100 ] = 0.233
best_stat: {'epoch': 2, 'coco_eval_bbox': 0.004095685227638115}
Epoch: [30]  [0/8]  eta: 0:00:05  lr: 0.000000  loss: 55.2174 (55.2174)  loss_mal: 1.4756 (1.4756)  loss_bbox: 1.6625 (1.6625)  loss_giou: 1.8705 (1.8705)  loss_fgl: 0.6100 (0.6100)  loss_mal_aux_0: 1.3857 (1.3857)  loss_bbox_aux_0: 1.7290 (1.7290)  loss_giou_aux_0: 1.9037 (1.9037)  loss_fgl_aux_0: 0.6020 (0.6020)  loss_ddf_aux_0: 0.0510 (0.0510)  loss_mal_aux_1: 1.5703 (1.5703)  loss_bbox_aux_1: 1.7062 (1.7062)  loss_giou_aux_1: 1.8651 (1.8651)  loss_fgl_aux_1: 0.6142 (0.6142)  loss_ddf_aux_1: 0.0105 (0.0105)  loss_mal_aux_2: 1.4785 (1.4785)  loss_bbox_aux_2: 1.6677 (1.6677)  loss_giou_aux_2: 1.8695 (1.8695)  loss_fgl_aux_2: 0.6085 (0.6085)  loss_ddf_aux_2: 0.0010 (0.0010)  loss_mal_pre: 1.4023 (1.4023)  loss_bbox_pre: 1.7682 (1.7682)  loss_giou_pre: 1.8983 (1.8983)  loss_mal_enc_0: 1.3389 (1.3389)  loss_bbox_enc_0: 1.8981 (1.8981)  loss_giou_enc_0: 1.9349 (1.9349)  loss_mal_dn_0: 1.3037 (1.3037)  loss_bbox_dn_0: 0.8863 (0.8863)  loss_giou_dn_0: 1.2927 (1.2927)  loss_fgl_dn_0: 1.1027 (1.1027)  loss_ddf_dn_0: 0.2370 (0.2370)  loss_mal_dn_1: 1.5400 (1.5400)  loss_bbox_dn_1: 0.8588 (0.8588)  loss_giou_dn_1: 1.2319 (1.2319)  loss_fgl_dn_1: 1.0469 (1.0469)  loss_ddf_dn_1: 0.0577 (0.0577)  loss_mal_dn_2: 1.5410 (1.5410)  loss_bbox_dn_2: 0.8503 (0.8503)  loss_giou_dn_2: 1.2026 (1.2026)  loss_fgl_dn_2: 1.0651 (1.0651)  loss_ddf_dn_2: 0.0071 (0.0071)  loss_mal_dn_3: 1.5068 (1.5068)  loss_bbox_dn_3: 0.8502 (0.8502)  loss_giou_dn_3: 1.1878 (1.1878)  loss_fgl_dn_3: 1.0739 (1.0739)  loss_mal_dn_pre: 1.3350 (1.3350)  loss_bbox_dn_pre: 0.8420 (0.8420)  loss_giou_dn_pre: 1.2756 (1.2756)  time: 0.6603  data: 0.5090  max mem: 2550
Epoch: [30]  [7/8]  eta: 0:00:00  lr: 0.000000  loss: 49.5493 (50.7302)  loss_mal: 1.6484 (1.8754)  loss_bbox: 0.7606 (0.9291)  loss_giou: 1.2689 (1.3135)  loss_fgl: 0.7081 (0.8547)  loss_mal_aux_0: 1.4639 (1.7109)  loss_bbox_aux_0: 0.8023 (0.9824)  loss_giou_aux_0: 1.3138 (1.3772)  loss_fgl_aux_0: 0.7281 (0.8331)  loss_ddf_aux_0: 0.0566 (0.0630)  loss_mal_aux_1: 1.7373 (1.9288)  loss_bbox_aux_1: 0.7811 (0.9486)  loss_giou_aux_1: 1.2898 (1.3234)  loss_fgl_aux_1: 0.7157 (0.8476)  loss_ddf_aux_1: 0.0105 (0.0113)  loss_mal_aux_2: 1.6533 (1.8812)  loss_bbox_aux_2: 0.7716 (0.9386)  loss_giou_aux_2: 1.2733 (1.3193)  loss_fgl_aux_2: 0.7117 (0.8484)  loss_ddf_aux_2: 0.0010 (0.0012)  loss_mal_pre: 1.4404 (1.7197)  loss_bbox_pre: 0.8296 (0.9960)  loss_giou_pre: 1.3183 (1.3766)  loss_mal_enc_0: 1.4658 (1.5884)  loss_bbox_enc_0: 0.9750 (1.0950)  loss_giou_enc_0: 1.3630 (1.4409)  loss_mal_dn_0: 1.1709 (1.2228)  loss_bbox_dn_0: 0.7669 (0.9053)  loss_giou_dn_0: 1.3599 (1.3568)  loss_fgl_dn_0: 1.1027 (1.1326)  loss_ddf_dn_0: 0.1751 (0.1868)  loss_mal_dn_1: 1.4912 (1.5599)  loss_bbox_dn_1: 0.7430 (0.8655)  loss_giou_dn_1: 1.2319 (1.2322)  loss_fgl_dn_1: 1.0469 (1.1102)  loss_ddf_dn_1: 0.0359 (0.0348)  loss_mal_dn_2: 1.5127 (1.5958)  loss_bbox_dn_2: 0.7205 (0.8372)  loss_giou_dn_2: 1.2026 (1.1857)  loss_fgl_dn_2: 1.0651 (1.1182)  loss_ddf_dn_2: 0.0034 (0.0044)  loss_mal_dn_3: 1.4990 (1.5935)  loss_bbox_dn_3: 0.7105 (0.8267)  loss_giou_dn_3: 1.1878 (1.1691)  loss_fgl_dn_3: 1.0739 (1.1285)  loss_mal_dn_pre: 1.1855 (1.2465)  loss_bbox_dn_pre: 0.7384 (0.8678)  loss_giou_dn_pre: 1.3420 (1.3453)  time: 0.1793  data: 0.0666  max mem: 2550
Epoch: [30] Total time: 0:00:01 (0.1868 s / it)
Averaged stats: lr: 0.000000  loss: 49.5493 (50.7302)  loss_mal: 1.6484 (1.8754)  loss_bbox: 0.7606 (0.9291)  loss_giou: 1.2689 (1.3135)  loss_fgl: 0.7081 (0.8547)  loss_mal_aux_0: 1.4639 (1.7109)  loss_bbox_aux_0: 0.8023 (0.9824)  loss_giou_aux_0: 1.3138 (1.3772)  loss_fgl_aux_0: 0.7281 (0.8331)  loss_ddf_aux_0: 0.0566 (0.0630)  loss_mal_aux_1: 1.7373 (1.9288)  loss_bbox_aux_1: 0.7811 (0.9486)  loss_giou_aux_1: 1.2898 (1.3234)  loss_fgl_aux_1: 0.7157 (0.8476)  loss_ddf_aux_1: 0.0105 (0.0113)  loss_mal_aux_2: 1.6533 (1.8812)  loss_bbox_aux_2: 0.7716 (0.9386)  loss_giou_aux_2: 1.2733 (1.3193)  loss_fgl_aux_2: 0.7117 (0.8484)  loss_ddf_aux_2: 0.0010 (0.0012)  loss_mal_pre: 1.4404 (1.7197)  loss_bbox_pre: 0.8296 (0.9960)  loss_giou_pre: 1.3183 (1.3766)  loss_mal_enc_0: 1.4658 (1.5884)  loss_bbox_enc_0: 0.9750 (1.0950)  loss_giou_enc_0: 1.3630 (1.4409)  loss_mal_dn_0: 1.1709 (1.2228)  loss_bbox_dn_0: 0.7669 (0.9053)  loss_giou_dn_0: 1.3599 (1.3568)  loss_fgl_dn_0: 1.1027 (1.1326)  loss_ddf_dn_0: 0.1751 (0.1868)  loss_mal_dn_1: 1.4912 (1.5599)  loss_bbox_dn_1: 0.7430 (0.8655)  loss_giou_dn_1: 1.2319 (1.2322)  loss_fgl_dn_1: 1.0469 (1.1102)  loss_ddf_dn_1: 0.0359 (0.0348)  loss_mal_dn_2: 1.5127 (1.5958)  loss_bbox_dn_2: 0.7205 (0.8372)  loss_giou_dn_2: 1.2026 (1.1857)  loss_fgl_dn_2: 1.0651 (1.1182)  loss_ddf_dn_2: 0.0034 (0.0044)  loss_mal_dn_3: 1.4990 (1.5935)  loss_bbox_dn_3: 0.7105 (0.8267)  loss_giou_dn_3: 1.1878 (1.1691)  loss_fgl_dn_3: 1.0739 (1.1285)  loss_mal_dn_pre: 1.1855 (1.2465)  loss_bbox_dn_pre: 0.7384 (0.8678)  loss_giou_dn_pre: 1.3420 (1.3453)
Test:  [0/4]  eta: 0:00:01    time: 0.3726  data: 0.3412  max mem: 2550
Test:  [3/4]  eta: 0:00:00    time: 0.1126  data: 0.0872  max mem: 2550
Test: Total time: 0:00:00 (0.1325 s / it)
Averaged stats: 
Accumulating evaluation results...
COCOeval_opt.accumulate() finished...
DONE (t=0.00s).
IoU metric: bbox
 Average Precision  (AP) @[ IoU=0.50:0.95 | area=   all | maxDets=100 ] = 0.003
 Average Precision  (AP) @[ IoU=0.50      | area=   all | maxDets=100 ] = 0.004
 Average Precision  (AP) @[ IoU=0.75      | area=   all | maxDets=100 ] = 0.004
 Average Precision  (AP) @[ IoU=0.50:0.95 | area= small | maxDets=100 ] = -1.000
 Average Precision  (AP) @[ IoU=0.50:0.95 | area=medium | maxDets=100 ] = -1.000
 Average Precision  (AP) @[ IoU=0.50:0.95 | area= large | maxDets=100 ] = 0.004
 Average Recall     (AR) @[ IoU=0.50:0.95 | area=   all | maxDets=  1 ] = 0.023
 Average Recall     (AR) @[ IoU=0.50:0.95 | area=   all | maxDets= 10 ] = 0.057
 Average Recall     (AR) @[ IoU=0.50:0.95 | area=   all | maxDets=100 ] = 0.310
 Average Recall     (AR) @[ IoU=0.50:0.95 | area= small | maxDets=100 ] = -1.000
 Average Recall     (AR) @[ IoU=0.50:0.95 | area=medium | maxDets=100 ] = -1.000
 Average Recall     (AR) @[ IoU=0.50:0.95 | area= large | maxDets=100 ] = 0.310
 Average Recall     (AR) @[ IoU=0.50      | area=   all | maxDets=100 ] = 0.367
 Average Recall     (AR) @[ IoU=0.75      | area=   all | maxDets=100 ] = 0.367
best_stat: {'epoch': 2, 'coco_eval_bbox': 0.004095685227638115}
Epoch: [31]  [0/8]  eta: 0:00:05  lr: 0.000000  loss: 48.4340 (48.4340)  loss_mal: 1.6084 (1.6084)  loss_bbox: 0.8577 (0.8577)  loss_giou: 1.4125 (1.4125)  loss_fgl: 0.8134 (0.8134)  loss_mal_aux_0: 1.4141 (1.4141)  loss_bbox_aux_0: 0.8965 (0.8965)  loss_giou_aux_0: 1.5050 (1.5050)  loss_fgl_aux_0: 0.8004 (0.8004)  loss_ddf_aux_0: 0.0757 (0.0757)  loss_mal_aux_1: 1.6641 (1.6641)  loss_bbox_aux_1: 0.8658 (0.8658)  loss_giou_aux_1: 1.4341 (1.4341)  loss_fgl_aux_1: 0.8075 (0.8075)  loss_ddf_aux_1: 0.0131 (0.0131)  loss_mal_aux_2: 1.6172 (1.6172)  loss_bbox_aux_2: 0.8544 (0.8544)  loss_giou_aux_2: 1.4156 (1.4156)  loss_fgl_aux_2: 0.8134 (0.8134)  loss_ddf_aux_2: 0.0017 (0.0017)  loss_mal_pre: 1.3779 (1.3779)  loss_bbox_pre: 0.9249 (0.9249)  loss_giou_pre: 1.5105 (1.5105)  loss_mal_enc_0: 1.3096 (1.3096)  loss_bbox_enc_0: 1.0157 (1.0157)  loss_giou_enc_0: 1.5612 (1.5612)  loss_mal_dn_0: 1.1504 (1.1504)  loss_bbox_dn_0: 0.8183 (0.8183)  loss_giou_dn_0: 1.3912 (1.3912)  loss_fgl_dn_0: 1.1410 (1.1410)  loss_ddf_dn_0: 0.1944 (0.1944)  loss_mal_dn_1: 1.4180 (1.4180)  loss_bbox_dn_1: 0.7797 (0.7797)  loss_giou_dn_1: 1.2928 (1.2928)  loss_fgl_dn_1: 1.1341 (1.1341)  loss_ddf_dn_1: 0.0400 (0.0400)  loss_mal_dn_2: 1.4336 (1.4336)  loss_bbox_dn_2: 0.7682 (0.7682)  loss_giou_dn_2: 1.2558 (1.2558)  loss_fgl_dn_2: 1.1469 (1.1469)  loss_ddf_dn_2: 0.0046 (0.0046)  loss_mal_dn_3: 1.4268 (1.4268)  loss_bbox_dn_3: 0.7627 (0.7627)  loss_giou_dn_3: 1.2406 (1.2406)  loss_fgl_dn_3: 1.1567 (1.1567)  loss_mal_dn_pre: 1.1738 (1.1738)  loss_bbox_dn_pre: 0.7634 (0.7634)  loss_giou_dn_pre: 1.3709 (1.3709)  time: 0.6600  data: 0.5115  max mem: 2550
Epoch: [31]  [7/8]  eta: 0:00:00  lr: 0.000000  loss: 46.9128 (49.0862)  loss_mal: 1.6084 (1.5828)  loss_bbox: 0.8265 (0.9136)  loss_giou: 1.2235 (1.3764)  loss_fgl: 0.7965 (0.8146)  loss_mal_aux_0: 1.4141 (1.3958)  loss_bbox_aux_0: 0.8965 (0.9543)  loss_giou_aux_0: 1.2863 (1.4534)  loss_fgl_aux_0: 0.7708 (0.7871)  loss_ddf_aux_0: 0.0611 (0.0601)  loss_mal_aux_1: 1.6641 (1.6206)  loss_bbox_aux_1: 0.8446 (0.9202)  loss_giou_aux_1: 1.2291 (1.3916)  loss_fgl_aux_1: 0.7958 (0.8078)  loss_ddf_aux_1: 0.0099 (0.0109)  loss_mal_aux_2: 1.6172 (1.6094)  loss_bbox_aux_2: 0.8211 (0.9087)  loss_giou_aux_2: 1.2171 (1.3752)  loss_fgl_aux_2: 0.7957 (0.8166)  loss_ddf_aux_2: 0.0011 (0.0011)  loss_mal_pre: 1.3779 (1.3868)  loss_bbox_pre: 0.9249 (0.9931)  loss_giou_pre: 1.3123 (1.4625)  loss_mal_enc_0: 1.3096 (1.2874)  loss_bbox_enc_0: 1.0022 (1.0838)  loss_giou_enc_0: 1.3804 (1.5485)  loss_mal_dn_0: 1.1504 (1.1652)  loss_bbox_dn_0: 0.8183 (0.9117)  loss_giou_dn_0: 1.3912 (1.3999)  loss_fgl_dn_0: 1.1410 (1.1499)  loss_ddf_dn_0: 0.1944 (0.1830)  loss_mal_dn_1: 1.4189 (1.4644)  loss_bbox_dn_1: 0.7797 (0.8899)  loss_giou_dn_1: 1.2928 (1.2863)  loss_fgl_dn_1: 1.1341 (1.1359)  loss_ddf_dn_1: 0.0333 (0.0342)  loss_mal_dn_2: 1.4336 (1.4880)  loss_bbox_dn_2: 0.7772 (0.8630)  loss_giou_dn_2: 1.2558 (1.2442)  loss_fgl_dn_2: 1.1469 (1.1506)  loss_ddf_dn_2: 0.0046 (0.0043)  loss_mal_dn_3: 1.4268 (1.4795)  loss_bbox_dn_3: 0.7627 (0.8490)  loss_giou_dn_3: 1.2406 (1.2271)  loss_fgl_dn_3: 1.1567 (1.1619)  loss_mal_dn_pre: 1.1738 (1.1963)  loss_bbox_dn_pre: 0.7634 (0.8580)  loss_giou_dn_pre: 1.3709 (1.3819)  time: 0.1828  data: 0.0687  max mem: 2550
Epoch: [31] Total time: 0:00:01 (0.1901 s / it)
Averaged stats: lr: 0.000000  loss: 46.9128 (49.0862)  loss_mal: 1.6084 (1.5828)  loss_bbox: 0.8265 (0.9136)  loss_giou: 1.2235 (1.3764)  loss_fgl: 0.7965 (0.8146)  loss_mal_aux_0: 1.4141 (1.3958)  loss_bbox_aux_0: 0.8965 (0.9543)  loss_giou_aux_0: 1.2863 (1.4534)  loss_fgl_aux_0: 0.7708 (0.7871)  loss_ddf_aux_0: 0.0611 (0.0601)  loss_mal_aux_1: 1.6641 (1.6206)  loss_bbox_aux_1: 0.8446 (0.9202)  loss_giou_aux_1: 1.2291 (1.3916)  loss_fgl_aux_1: 0.7958 (0.8078)  loss_ddf_aux_1: 0.0099 (0.0109)  loss_mal_aux_2: 1.6172 (1.6094)  loss_bbox_aux_2: 0.8211 (0.9087)  loss_giou_aux_2: 1.2171 (1.3752)  loss_fgl_aux_2: 0.7957 (0.8166)  loss_ddf_aux_2: 0.0011 (0.0011)  loss_mal_pre: 1.3779 (1.3868)  loss_bbox_pre: 0.9249 (0.9931)  loss_giou_pre: 1.3123 (1.4625)  loss_mal_enc_0: 1.3096 (1.2874)  loss_bbox_enc_0: 1.0022 (1.0838)  loss_giou_enc_0: 1.3804 (1.5485)  loss_mal_dn_0: 1.1504 (1.1652)  loss_bbox_dn_0: 0.8183 (0.9117)  loss_giou_dn_0: 1.3912 (1.3999)  loss_fgl_dn_0: 1.1410 (1.1499)  loss_ddf_dn_0: 0.1944 (0.1830)  loss_mal_dn_1: 1.4189 (1.4644)  loss_bbox_dn_1: 0.7797 (0.8899)  loss_giou_dn_1: 1.2928 (1.2863)  loss_fgl_dn_1: 1.1341 (1.1359)  loss_ddf_dn_1: 0.0333 (0.0342)  loss_mal_dn_2: 1.4336 (1.4880)  loss_bbox_dn_2: 0.7772 (0.8630)  loss_giou_dn_2: 1.2558 (1.2442)  loss_fgl_dn_2: 1.1469 (1.1506)  loss_ddf_dn_2: 0.0046 (0.0043)  loss_mal_dn_3: 1.4268 (1.4795)  loss_bbox_dn_3: 0.7627 (0.8490)  loss_giou_dn_3: 1.2406 (1.2271)  loss_fgl_dn_3: 1.1567 (1.1619)  loss_mal_dn_pre: 1.1738 (1.1963)  loss_bbox_dn_pre: 0.7634 (0.8580)  loss_giou_dn_pre: 1.3709 (1.3819)
Test:  [0/4]  eta: 0:00:01    time: 0.3626  data: 0.3311  max mem: 2550
Test:  [3/4]  eta: 0:00:00    time: 0.1114  data: 0.0848  max mem: 2550
Test: Total time: 0:00:00 (0.1286 s / it)
Averaged stats: 
Accumulating evaluation results...
COCOeval_opt.accumulate() finished...
DONE (t=0.00s).
IoU metric: bbox
 Average Precision  (AP) @[ IoU=0.50:0.95 | area=   all | maxDets=100 ] = 0.003
 Average Precision  (AP) @[ IoU=0.50      | area=   all | maxDets=100 ] = 0.004
 Average Precision  (AP) @[ IoU=0.75      | area=   all | maxDets=100 ] = 0.004
 Average Precision  (AP) @[ IoU=0.50:0.95 | area= small | maxDets=100 ] = -1.000
 Average Precision  (AP) @[ IoU=0.50:0.95 | area=medium | maxDets=100 ] = -1.000
 Average Precision  (AP) @[ IoU=0.50:0.95 | area= large | maxDets=100 ] = 0.004
 Average Recall     (AR) @[ IoU=0.50:0.95 | area=   all | maxDets=  1 ] = 0.023
 Average Recall     (AR) @[ IoU=0.50:0.95 | area=   all | maxDets= 10 ] = 0.083
 Average Recall     (AR) @[ IoU=0.50:0.95 | area=   all | maxDets=100 ] = 0.277
 Average Recall     (AR) @[ IoU=0.50:0.95 | area= small | maxDets=100 ] = -1.000
 Average Recall     (AR) @[ IoU=0.50:0.95 | area=medium | maxDets=100 ] = -1.000
 Average Recall     (AR) @[ IoU=0.50:0.95 | area= large | maxDets=100 ] = 0.277
 Average Recall     (AR) @[ IoU=0.50      | area=   all | maxDets=100 ] = 0.333
 Average Recall     (AR) @[ IoU=0.75      | area=   all | maxDets=100 ] = 0.300
best_stat: {'epoch': 2, 'coco_eval_bbox': 0.004095685227638115}
Epoch: [32]  [0/8]  eta: 0:00:09  lr: 0.000000  loss: 43.4858 (43.4858)  loss_mal: 1.5205 (1.5205)  loss_bbox: 0.5259 (0.5259)  loss_giou: 1.2458 (1.2458)  loss_fgl: 0.9620 (0.9620)  loss_mal_aux_0: 1.3691 (1.3691)  loss_bbox_aux_0: 0.5370 (0.5370)  loss_giou_aux_0: 1.2707 (1.2707)  loss_fgl_aux_0: 0.9581 (0.9581)  loss_ddf_aux_0: 0.0486 (0.0486)  loss_mal_aux_1: 1.5957 (1.5957)  loss_bbox_aux_1: 0.5337 (0.5337)  loss_giou_aux_1: 1.2424 (1.2424)  loss_fgl_aux_1: 0.9680 (0.9680)  loss_ddf_aux_1: 0.0080 (0.0080)  loss_mal_aux_2: 1.5625 (1.5625)  loss_bbox_aux_2: 0.5251 (0.5251)  loss_giou_aux_2: 1.2425 (1.2425)  loss_fgl_aux_2: 0.9634 (0.9634)  loss_ddf_aux_2: 0.0008 (0.0008)  loss_mal_pre: 1.3447 (1.3447)  loss_bbox_pre: 0.5410 (0.5410)  loss_giou_pre: 1.2777 (1.2777)  loss_mal_enc_0: 1.0889 (1.0889)  loss_bbox_enc_0: 0.5992 (0.5992)  loss_giou_enc_0: 1.4496 (1.4496)  loss_mal_dn_0: 1.0703 (1.0703)  loss_bbox_dn_0: 0.5660 (0.5660)  loss_giou_dn_0: 1.4545 (1.4545)  loss_fgl_dn_0: 1.0289 (1.0289)  loss_ddf_dn_0: 0.1490 (0.1490)  loss_mal_dn_1: 1.3701 (1.3701)  loss_bbox_dn_1: 0.5251 (0.5251)  loss_giou_dn_1: 1.3259 (1.3259)  loss_fgl_dn_1: 1.0577 (1.0577)  loss_ddf_dn_1: 0.0272 (0.0272)  loss_mal_dn_2: 1.3906 (1.3906)  loss_bbox_dn_2: 0.5026 (0.5026)  loss_giou_dn_2: 1.2880 (1.2880)  loss_fgl_dn_2: 1.0539 (1.0539)  loss_ddf_dn_2: 0.0021 (0.0021)  loss_mal_dn_3: 1.3887 (1.3887)  loss_bbox_dn_3: 0.4946 (0.4946)  loss_giou_dn_3: 1.2700 (1.2700)  loss_fgl_dn_3: 1.0723 (1.0723)  loss_mal_dn_pre: 1.0195 (1.0195)  loss_bbox_dn_pre: 0.5688 (0.5688)  loss_giou_dn_pre: 1.4792 (1.4792)  time: 1.1959  data: 1.0653  max mem: 2550
Epoch: [32]  [7/8]  eta: 0:00:00  lr: 0.000000  loss: 47.7207 (49.0700)  loss_mal: 1.5205 (1.6740)  loss_bbox: 0.9034 (0.8876)  loss_giou: 1.3035 (1.3254)  loss_fgl: 0.7669 (0.8389)  loss_mal_aux_0: 1.3691 (1.5221)  loss_bbox_aux_0: 0.8992 (0.9254)  loss_giou_aux_0: 1.3656 (1.3775)  loss_fgl_aux_0: 0.8001 (0.8407)  loss_ddf_aux_0: 0.0815 (0.0765)  loss_mal_aux_1: 1.5957 (1.7444)  loss_bbox_aux_1: 0.8944 (0.8907)  loss_giou_aux_1: 1.2970 (1.3258)  loss_fgl_aux_1: 0.7633 (0.8404)  loss_ddf_aux_1: 0.0130 (0.0121)  loss_mal_aux_2: 1.5625 (1.6975)  loss_bbox_aux_2: 0.8993 (0.8883)  loss_giou_aux_2: 1.3047 (1.3273)  loss_fgl_aux_2: 0.7710 (0.8376)  loss_ddf_aux_2: 0.0009 (0.0010)  loss_mal_pre: 1.3145 (1.4914)  loss_bbox_pre: 0.8952 (0.9654)  loss_giou_pre: 1.4021 (1.3897)  loss_mal_enc_0: 1.0889 (1.3247)  loss_bbox_enc_0: 0.9740 (1.0554)  loss_giou_enc_0: 1.4946 (1.4916)  loss_mal_dn_0: 1.2354 (1.2321)  loss_bbox_dn_0: 0.7914 (0.8730)  loss_giou_dn_0: 1.3264 (1.3647)  loss_fgl_dn_0: 1.0702 (1.0972)  loss_ddf_dn_0: 0.1714 (0.1837)  loss_mal_dn_1: 1.5293 (1.6190)  loss_bbox_dn_1: 0.6880 (0.8042)  loss_giou_dn_1: 1.2023 (1.2204)  loss_fgl_dn_1: 1.0643 (1.0963)  loss_ddf_dn_1: 0.0321 (0.0359)  loss_mal_dn_2: 1.5127 (1.6367)  loss_bbox_dn_2: 0.6374 (0.7782)  loss_giou_dn_2: 1.1694 (1.1828)  loss_fgl_dn_2: 1.0638 (1.0954)  loss_ddf_dn_2: 0.0035 (0.0043)  loss_mal_dn_3: 1.5127 (1.6207)  loss_bbox_dn_3: 0.6257 (0.7657)  loss_giou_dn_3: 1.1588 (1.1671)  loss_fgl_dn_3: 1.0762 (1.1041)  loss_mal_dn_pre: 1.2783 (1.2551)  loss_bbox_dn_pre: 0.7870 (0.8320)  loss_giou_dn_pre: 1.3274 (1.3500)  time: 0.2435  data: 0.1345  max mem: 2550
Epoch: [32] Total time: 0:00:02 (0.2509 s / it)
Averaged stats: lr: 0.000000  loss: 47.7207 (49.0700)  loss_mal: 1.5205 (1.6740)  loss_bbox: 0.9034 (0.8876)  loss_giou: 1.3035 (1.3254)  loss_fgl: 0.7669 (0.8389)  loss_mal_aux_0: 1.3691 (1.5221)  loss_bbox_aux_0: 0.8992 (0.9254)  loss_giou_aux_0: 1.3656 (1.3775)  loss_fgl_aux_0: 0.8001 (0.8407)  loss_ddf_aux_0: 0.0815 (0.0765)  loss_mal_aux_1: 1.5957 (1.7444)  loss_bbox_aux_1: 0.8944 (0.8907)  loss_giou_aux_1: 1.2970 (1.3258)  loss_fgl_aux_1: 0.7633 (0.8404)  loss_ddf_aux_1: 0.0130 (0.0121)  loss_mal_aux_2: 1.5625 (1.6975)  loss_bbox_aux_2: 0.8993 (0.8883)  loss_giou_aux_2: 1.3047 (1.3273)  loss_fgl_aux_2: 0.7710 (0.8376)  loss_ddf_aux_2: 0.0009 (0.0010)  loss_mal_pre: 1.3145 (1.4914)  loss_bbox_pre: 0.8952 (0.9654)  loss_giou_pre: 1.4021 (1.3897)  loss_mal_enc_0: 1.0889 (1.3247)  loss_bbox_enc_0: 0.9740 (1.0554)  loss_giou_enc_0: 1.4946 (1.4916)  loss_mal_dn_0: 1.2354 (1.2321)  loss_bbox_dn_0: 0.7914 (0.8730)  loss_giou_dn_0: 1.3264 (1.3647)  loss_fgl_dn_0: 1.0702 (1.0972)  loss_ddf_dn_0: 0.1714 (0.1837)  loss_mal_dn_1: 1.5293 (1.6190)  loss_bbox_dn_1: 0.6880 (0.8042)  loss_giou_dn_1: 1.2023 (1.2204)  loss_fgl_dn_1: 1.0643 (1.0963)  loss_ddf_dn_1: 0.0321 (0.0359)  loss_mal_dn_2: 1.5127 (1.6367)  loss_bbox_dn_2: 0.6374 (0.7782)  loss_giou_dn_2: 1.1694 (1.1828)  loss_fgl_dn_2: 1.0638 (1.0954)  loss_ddf_dn_2: 0.0035 (0.0043)  loss_mal_dn_3: 1.5127 (1.6207)  loss_bbox_dn_3: 0.6257 (0.7657)  loss_giou_dn_3: 1.1588 (1.1671)  loss_fgl_dn_3: 1.0762 (1.1041)  loss_mal_dn_pre: 1.2783 (1.2551)  loss_bbox_dn_pre: 0.7870 (0.8320)  loss_giou_dn_pre: 1.3274 (1.3500)
Test:  [0/4]  eta: 0:00:01    time: 0.3761  data: 0.3445  max mem: 2550
Test:  [3/4]  eta: 0:00:00    time: 0.1133  data: 0.0879  max mem: 2550
Test: Total time: 0:00:00 (0.1335 s / it)
Averaged stats: 
Accumulating evaluation results...
COCOeval_opt.accumulate() finished...
DONE (t=0.00s).
IoU metric: bbox
 Average Precision  (AP) @[ IoU=0.50:0.95 | area=   all | maxDets=100 ] = 0.003
 Average Precision  (AP) @[ IoU=0.50      | area=   all | maxDets=100 ] = 0.004
 Average Precision  (AP) @[ IoU=0.75      | area=   all | maxDets=100 ] = 0.004
 Average Precision  (AP) @[ IoU=0.50:0.95 | area= small | maxDets=100 ] = -1.000
 Average Precision  (AP) @[ IoU=0.50:0.95 | area=medium | maxDets=100 ] = -1.000
 Average Precision  (AP) @[ IoU=0.50:0.95 | area= large | maxDets=100 ] = 0.005
 Average Recall     (AR) @[ IoU=0.50:0.95 | area=   all | maxDets=  1 ] = 0.023
 Average Recall     (AR) @[ IoU=0.50:0.95 | area=   all | maxDets= 10 ] = 0.090
 Average Recall     (AR) @[ IoU=0.50:0.95 | area=   all | maxDets=100 ] = 0.290
 Average Recall     (AR) @[ IoU=0.50:0.95 | area= small | maxDets=100 ] = -1.000
 Average Recall     (AR) @[ IoU=0.50:0.95 | area=medium | maxDets=100 ] = -1.000
 Average Recall     (AR) @[ IoU=0.50:0.95 | area= large | maxDets=100 ] = 0.290
 Average Recall     (AR) @[ IoU=0.50      | area=   all | maxDets=100 ] = 0.333
 Average Recall     (AR) @[ IoU=0.75      | area=   all | maxDets=100 ] = 0.333
best_stat: {'epoch': 2, 'coco_eval_bbox': 0.004095685227638115}
Epoch: [33]  [0/8]  eta: 0:00:09  lr: 0.000000  loss: 45.7421 (45.7421)  loss_mal: 2.2305 (2.2305)  loss_bbox: 0.3552 (0.3552)  loss_giou: 0.9411 (0.9411)  loss_fgl: 0.9128 (0.9128)  loss_mal_aux_0: 2.0020 (2.0020)  loss_bbox_aux_0: 0.3923 (0.3923)  loss_giou_aux_0: 1.0975 (1.0975)  loss_fgl_aux_0: 0.8769 (0.8769)  loss_ddf_aux_0: 0.1038 (0.1038)  loss_mal_aux_1: 2.2051 (2.2051)  loss_bbox_aux_1: 0.3678 (0.3678)  loss_giou_aux_1: 0.9758 (0.9758)  loss_fgl_aux_1: 0.8996 (0.8996)  loss_ddf_aux_1: 0.0176 (0.0176)  loss_mal_aux_2: 2.2266 (2.2266)  loss_bbox_aux_2: 0.3600 (0.3600)  loss_giou_aux_2: 0.9459 (0.9459)  loss_fgl_aux_2: 0.9121 (0.9121)  loss_ddf_aux_2: 0.0011 (0.0011)  loss_mal_pre: 2.0137 (2.0137)  loss_bbox_pre: 0.3933 (0.3933)  loss_giou_pre: 1.0785 (1.0785)  loss_mal_enc_0: 1.9580 (1.9580)  loss_bbox_enc_0: 0.4102 (0.4102)  loss_giou_enc_0: 1.1695 (1.1695)  loss_mal_dn_0: 1.2754 (1.2754)  loss_bbox_dn_0: 0.6018 (0.6018)  loss_giou_dn_0: 1.3454 (1.3454)  loss_fgl_dn_0: 1.0115 (1.0115)  loss_ddf_dn_0: 0.2121 (0.2121)  loss_mal_dn_1: 1.6836 (1.6836)  loss_bbox_dn_1: 0.5227 (0.5227)  loss_giou_dn_1: 1.1911 (1.1911)  loss_fgl_dn_1: 1.0219 (1.0219)  loss_ddf_dn_1: 0.0406 (0.0406)  loss_mal_dn_2: 1.7285 (1.7285)  loss_bbox_dn_2: 0.4955 (0.4955)  loss_giou_dn_2: 1.1378 (1.1378)  loss_fgl_dn_2: 1.0308 (1.0308)  loss_ddf_dn_2: 0.0050 (0.0050)  loss_mal_dn_3: 1.7490 (1.7490)  loss_bbox_dn_3: 0.4846 (0.4846)  loss_giou_dn_3: 1.1086 (1.1086)  loss_fgl_dn_3: 1.0460 (1.0460)  loss_mal_dn_pre: 1.2646 (1.2646)  loss_bbox_dn_pre: 0.5799 (0.5799)  loss_giou_dn_pre: 1.3586 (1.3586)  time: 1.2359  data: 1.0887  max mem: 2550
Epoch: [33]  [7/8]  eta: 0:00:00  lr: 0.000000  loss: 46.6715 (47.3737)  loss_mal: 1.6279 (1.7632)  loss_bbox: 0.6637 (0.7284)  loss_giou: 1.1738 (1.2321)  loss_fgl: 0.8338 (0.8601)  loss_mal_aux_0: 1.3770 (1.5190)  loss_bbox_aux_0: 0.7308 (0.7732)  loss_giou_aux_0: 1.2607 (1.3224)  loss_fgl_aux_0: 0.7649 (0.8337)  loss_ddf_aux_0: 0.0561 (0.0638)  loss_mal_aux_1: 1.6221 (1.7930)  loss_bbox_aux_1: 0.6705 (0.7334)  loss_giou_aux_1: 1.1796 (1.2421)  loss_fgl_aux_1: 0.8381 (0.8611)  loss_ddf_aux_1: 0.0101 (0.0113)  loss_mal_aux_2: 1.6465 (1.7812)  loss_bbox_aux_2: 0.6735 (0.7310)  loss_giou_aux_2: 1.1737 (1.2376)  loss_fgl_aux_2: 0.8228 (0.8591)  loss_ddf_aux_2: 0.0009 (0.0009)  loss_mal_pre: 1.3184 (1.4780)  loss_bbox_pre: 0.7376 (0.8013)  loss_giou_pre: 1.3039 (1.3294)  loss_mal_enc_0: 1.2461 (1.3359)  loss_bbox_enc_0: 0.8456 (0.8727)  loss_giou_enc_0: 1.5063 (1.4367)  loss_mal_dn_0: 1.1885 (1.1960)  loss_bbox_dn_0: 0.7189 (0.7728)  loss_giou_dn_0: 1.3462 (1.3718)  loss_fgl_dn_0: 1.0286 (1.1195)  loss_ddf_dn_0: 0.1620 (0.1765)  loss_mal_dn_1: 1.5127 (1.5228)  loss_bbox_dn_1: 0.7412 (0.7505)  loss_giou_dn_1: 1.2377 (1.2520)  loss_fgl_dn_1: 1.0582 (1.1084)  loss_ddf_dn_1: 0.0287 (0.0313)  loss_mal_dn_2: 1.5176 (1.5327)  loss_bbox_dn_2: 0.7425 (0.7271)  loss_giou_dn_2: 1.2070 (1.2201)  loss_fgl_dn_2: 1.0648 (1.1097)  loss_ddf_dn_2: 0.0043 (0.0041)  loss_mal_dn_3: 1.5176 (1.5233)  loss_bbox_dn_3: 0.7444 (0.7241)  loss_giou_dn_3: 1.1930 (1.2040)  loss_fgl_dn_3: 1.0663 (1.1214)  loss_mal_dn_pre: 1.2168 (1.2343)  loss_bbox_dn_pre: 0.6958 (0.7234)  loss_giou_dn_pre: 1.3313 (1.3473)  time: 0.2597  data: 0.1455  max mem: 2550
Epoch: [33] Total time: 0:00:02 (0.2679 s / it)
Averaged stats: lr: 0.000000  loss: 46.6715 (47.3737)  loss_mal: 1.6279 (1.7632)  loss_bbox: 0.6637 (0.7284)  loss_giou: 1.1738 (1.2321)  loss_fgl: 0.8338 (0.8601)  loss_mal_aux_0: 1.3770 (1.5190)  loss_bbox_aux_0: 0.7308 (0.7732)  loss_giou_aux_0: 1.2607 (1.3224)  loss_fgl_aux_0: 0.7649 (0.8337)  loss_ddf_aux_0: 0.0561 (0.0638)  loss_mal_aux_1: 1.6221 (1.7930)  loss_bbox_aux_1: 0.6705 (0.7334)  loss_giou_aux_1: 1.1796 (1.2421)  loss_fgl_aux_1: 0.8381 (0.8611)  loss_ddf_aux_1: 0.0101 (0.0113)  loss_mal_aux_2: 1.6465 (1.7812)  loss_bbox_aux_2: 0.6735 (0.7310)  loss_giou_aux_2: 1.1737 (1.2376)  loss_fgl_aux_2: 0.8228 (0.8591)  loss_ddf_aux_2: 0.0009 (0.0009)  loss_mal_pre: 1.3184 (1.4780)  loss_bbox_pre: 0.7376 (0.8013)  loss_giou_pre: 1.3039 (1.3294)  loss_mal_enc_0: 1.2461 (1.3359)  loss_bbox_enc_0: 0.8456 (0.8727)  loss_giou_enc_0: 1.5063 (1.4367)  loss_mal_dn_0: 1.1885 (1.1960)  loss_bbox_dn_0: 0.7189 (0.7728)  loss_giou_dn_0: 1.3462 (1.3718)  loss_fgl_dn_0: 1.0286 (1.1195)  loss_ddf_dn_0: 0.1620 (0.1765)  loss_mal_dn_1: 1.5127 (1.5228)  loss_bbox_dn_1: 0.7412 (0.7505)  loss_giou_dn_1: 1.2377 (1.2520)  loss_fgl_dn_1: 1.0582 (1.1084)  loss_ddf_dn_1: 0.0287 (0.0313)  loss_mal_dn_2: 1.5176 (1.5327)  loss_bbox_dn_2: 0.7425 (0.7271)  loss_giou_dn_2: 1.2070 (1.2201)  loss_fgl_dn_2: 1.0648 (1.1097)  loss_ddf_dn_2: 0.0043 (0.0041)  loss_mal_dn_3: 1.5176 (1.5233)  loss_bbox_dn_3: 0.7444 (0.7241)  loss_giou_dn_3: 1.1930 (1.2040)  loss_fgl_dn_3: 1.0663 (1.1214)  loss_mal_dn_pre: 1.2168 (1.2343)  loss_bbox_dn_pre: 0.6958 (0.7234)  loss_giou_dn_pre: 1.3313 (1.3473)
Test:  [0/4]  eta: 0:00:01    time: 0.3849  data: 0.3522  max mem: 2550
Test:  [3/4]  eta: 0:00:00    time: 0.1512  data: 0.0901  max mem: 2550
Test: Total time: 0:00:00 (0.1712 s / it)
Averaged stats: 
Accumulating evaluation results...
COCOeval_opt.accumulate() finished...
DONE (t=0.00s).
IoU metric: bbox
 Average Precision  (AP) @[ IoU=0.50:0.95 | area=   all | maxDets=100 ] = 0.003
 Average Precision  (AP) @[ IoU=0.50      | area=   all | maxDets=100 ] = 0.003
 Average Precision  (AP) @[ IoU=0.75      | area=   all | maxDets=100 ] = 0.003
 Average Precision  (AP) @[ IoU=0.50:0.95 | area= small | maxDets=100 ] = -1.000
 Average Precision  (AP) @[ IoU=0.50:0.95 | area=medium | maxDets=100 ] = -1.000
 Average Precision  (AP) @[ IoU=0.50:0.95 | area= large | maxDets=100 ] = 0.004
 Average Recall     (AR) @[ IoU=0.50:0.95 | area=   all | maxDets=  1 ] = 0.023
 Average Recall     (AR) @[ IoU=0.50:0.95 | area=   all | maxDets= 10 ] = 0.060
 Average Recall     (AR) @[ IoU=0.50:0.95 | area=   all | maxDets=100 ] = 0.267
 Average Recall     (AR) @[ IoU=0.50:0.95 | area= small | maxDets=100 ] = -1.000
 Average Recall     (AR) @[ IoU=0.50:0.95 | area=medium | maxDets=100 ] = -1.000
 Average Recall     (AR) @[ IoU=0.50:0.95 | area= large | maxDets=100 ] = 0.267
 Average Recall     (AR) @[ IoU=0.50      | area=   all | maxDets=100 ] = 0.300
 Average Recall     (AR) @[ IoU=0.75      | area=   all | maxDets=100 ] = 0.300
best_stat: {'epoch': 2, 'coco_eval_bbox': 0.004095685227638115}
Epoch: [34]  [0/8]  eta: 0:00:07  lr: 0.000000  loss: 45.1028 (45.1028)  loss_mal: 1.7109 (1.7109)  loss_bbox: 0.6309 (0.6309)  loss_giou: 1.2572 (1.2572)  loss_fgl: 0.7492 (0.7492)  loss_mal_aux_0: 1.2793 (1.2793)  loss_bbox_aux_0: 0.7073 (0.7073)  loss_giou_aux_0: 1.3979 (1.3979)  loss_fgl_aux_0: 0.7342 (0.7342)  loss_ddf_aux_0: 0.0449 (0.0449)  loss_mal_aux_1: 1.7451 (1.7451)  loss_bbox_aux_1: 0.6457 (0.6457)  loss_giou_aux_1: 1.2859 (1.2859)  loss_fgl_aux_1: 0.7458 (0.7458)  loss_ddf_aux_1: 0.0081 (0.0081)  loss_mal_aux_2: 1.7090 (1.7090)  loss_bbox_aux_2: 0.6345 (0.6345)  loss_giou_aux_2: 1.2661 (1.2661)  loss_fgl_aux_2: 0.7461 (0.7461)  loss_ddf_aux_2: 0.0011 (0.0011)  loss_mal_pre: 1.2598 (1.2598)  loss_bbox_pre: 0.7223 (0.7223)  loss_giou_pre: 1.4120 (1.4120)  loss_mal_enc_0: 1.2090 (1.2090)  loss_bbox_enc_0: 0.7654 (0.7654)  loss_giou_enc_0: 1.4913 (1.4913)  loss_mal_dn_0: 1.2549 (1.2549)  loss_bbox_dn_0: 0.5749 (0.5749)  loss_giou_dn_0: 1.3470 (1.3470)  loss_fgl_dn_0: 1.0452 (1.0452)  loss_ddf_dn_0: 0.1836 (0.1836)  loss_mal_dn_1: 1.7373 (1.7373)  loss_bbox_dn_1: 0.5359 (0.5359)  loss_giou_dn_1: 1.1860 (1.1860)  loss_fgl_dn_1: 1.0174 (1.0174)  loss_ddf_dn_1: 0.0332 (0.0332)  loss_mal_dn_2: 1.7969 (1.7969)  loss_bbox_dn_2: 0.5125 (0.5125)  loss_giou_dn_2: 1.1138 (1.1138)  loss_fgl_dn_2: 1.0346 (1.0346)  loss_ddf_dn_2: 0.0040 (0.0040)  loss_mal_dn_3: 1.7715 (1.7715)  loss_bbox_dn_3: 0.4990 (0.4990)  loss_giou_dn_3: 1.0975 (1.0975)  loss_fgl_dn_3: 1.0422 (1.0422)  loss_mal_dn_pre: 1.2725 (1.2725)  loss_bbox_dn_pre: 0.5509 (0.5509)  loss_giou_dn_pre: 1.3331 (1.3331)  time: 0.9880  data: 0.8491  max mem: 2550
Epoch: [34]  [7/8]  eta: 0:00:00  lr: 0.000000  loss: 46.5936 (46.8817)  loss_mal: 1.3525 (1.6399)  loss_bbox: 0.6309 (0.7190)  loss_giou: 1.2640 (1.3396)  loss_fgl: 0.8009 (0.8218)  loss_mal_aux_0: 1.2002 (1.3582)  loss_bbox_aux_0: 0.7073 (0.7698)  loss_giou_aux_0: 1.4194 (1.4399)  loss_fgl_aux_0: 0.7660 (0.7991)  loss_ddf_aux_0: 0.0479 (0.0615)  loss_mal_aux_1: 1.4160 (1.6906)  loss_bbox_aux_1: 0.6457 (0.7298)  loss_giou_aux_1: 1.3256 (1.3576)  loss_fgl_aux_1: 0.7789 (0.8169)  loss_ddf_aux_1: 0.0080 (0.0103)  loss_mal_aux_2: 1.3848 (1.6447)  loss_bbox_aux_2: 0.6345 (0.7238)  loss_giou_aux_2: 1.2869 (1.3510)  loss_fgl_aux_2: 0.7885 (0.8171)  loss_ddf_aux_2: 0.0009 (0.0012)  loss_mal_pre: 1.2100 (1.3527)  loss_bbox_pre: 0.7223 (0.7948)  loss_giou_pre: 1.4188 (1.4498)  loss_mal_enc_0: 1.1338 (1.2305)  loss_bbox_enc_0: 0.7861 (0.8719)  loss_giou_enc_0: 1.5235 (1.5315)  loss_mal_dn_0: 1.1309 (1.1673)  loss_bbox_dn_0: 0.7621 (0.7515)  loss_giou_dn_0: 1.3470 (1.3987)  loss_fgl_dn_0: 1.0702 (1.0742)  loss_ddf_dn_0: 0.1734 (0.1797)  loss_mal_dn_1: 1.4404 (1.5072)  loss_bbox_dn_1: 0.7227 (0.7223)  loss_giou_dn_1: 1.2288 (1.2725)  loss_fgl_dn_1: 1.0547 (1.0757)  loss_ddf_dn_1: 0.0332 (0.0351)  loss_mal_dn_2: 1.5283 (1.5518)  loss_bbox_dn_2: 0.7084 (0.6973)  loss_giou_dn_2: 1.2049 (1.2174)  loss_fgl_dn_2: 1.0637 (1.0896)  loss_ddf_dn_2: 0.0040 (0.0043)  loss_mal_dn_3: 1.4824 (1.5339)  loss_bbox_dn_3: 0.6962 (0.6859)  loss_giou_dn_3: 1.1846 (1.1994)  loss_fgl_dn_3: 1.0692 (1.0997)  loss_mal_dn_pre: 1.1406 (1.2041)  loss_bbox_dn_pre: 0.7397 (0.7143)  loss_giou_dn_pre: 1.3331 (1.3769)  time: 0.2204  data: 0.1081  max mem: 2550
Epoch: [34] Total time: 0:00:01 (0.2278 s / it)
Averaged stats: lr: 0.000000  loss: 46.5936 (46.8817)  loss_mal: 1.3525 (1.6399)  loss_bbox: 0.6309 (0.7190)  loss_giou: 1.2640 (1.3396)  loss_fgl: 0.8009 (0.8218)  loss_mal_aux_0: 1.2002 (1.3582)  loss_bbox_aux_0: 0.7073 (0.7698)  loss_giou_aux_0: 1.4194 (1.4399)  loss_fgl_aux_0: 0.7660 (0.7991)  loss_ddf_aux_0: 0.0479 (0.0615)  loss_mal_aux_1: 1.4160 (1.6906)  loss_bbox_aux_1: 0.6457 (0.7298)  loss_giou_aux_1: 1.3256 (1.3576)  loss_fgl_aux_1: 0.7789 (0.8169)  loss_ddf_aux_1: 0.0080 (0.0103)  loss_mal_aux_2: 1.3848 (1.6447)  loss_bbox_aux_2: 0.6345 (0.7238)  loss_giou_aux_2: 1.2869 (1.3510)  loss_fgl_aux_2: 0.7885 (0.8171)  loss_ddf_aux_2: 0.0009 (0.0012)  loss_mal_pre: 1.2100 (1.3527)  loss_bbox_pre: 0.7223 (0.7948)  loss_giou_pre: 1.4188 (1.4498)  loss_mal_enc_0: 1.1338 (1.2305)  loss_bbox_enc_0: 0.7861 (0.8719)  loss_giou_enc_0: 1.5235 (1.5315)  loss_mal_dn_0: 1.1309 (1.1673)  loss_bbox_dn_0: 0.7621 (0.7515)  loss_giou_dn_0: 1.3470 (1.3987)  loss_fgl_dn_0: 1.0702 (1.0742)  loss_ddf_dn_0: 0.1734 (0.1797)  loss_mal_dn_1: 1.4404 (1.5072)  loss_bbox_dn_1: 0.7227 (0.7223)  loss_giou_dn_1: 1.2288 (1.2725)  loss_fgl_dn_1: 1.0547 (1.0757)  loss_ddf_dn_1: 0.0332 (0.0351)  loss_mal_dn_2: 1.5283 (1.5518)  loss_bbox_dn_2: 0.7084 (0.6973)  loss_giou_dn_2: 1.2049 (1.2174)  loss_fgl_dn_2: 1.0637 (1.0896)  loss_ddf_dn_2: 0.0040 (0.0043)  loss_mal_dn_3: 1.4824 (1.5339)  loss_bbox_dn_3: 0.6962 (0.6859)  loss_giou_dn_3: 1.1846 (1.1994)  loss_fgl_dn_3: 1.0692 (1.0997)  loss_mal_dn_pre: 1.1406 (1.2041)  loss_bbox_dn_pre: 0.7397 (0.7143)  loss_giou_dn_pre: 1.3331 (1.3769)
Test:  [0/4]  eta: 0:00:01    time: 0.3762  data: 0.3445  max mem: 2550
Test:  [3/4]  eta: 0:00:00    time: 0.1135  data: 0.0880  max mem: 2550
Test: Total time: 0:00:00 (0.1374 s / it)
Averaged stats: 
Accumulating evaluation results...
COCOeval_opt.accumulate() finished...
DONE (t=0.00s).
IoU metric: bbox
 Average Precision  (AP) @[ IoU=0.50:0.95 | area=   all | maxDets=100 ] = 0.003
 Average Precision  (AP) @[ IoU=0.50      | area=   all | maxDets=100 ] = 0.004
 Average Precision  (AP) @[ IoU=0.75      | area=   all | maxDets=100 ] = 0.004
 Average Precision  (AP) @[ IoU=0.50:0.95 | area= small | maxDets=100 ] = -1.000
 Average Precision  (AP) @[ IoU=0.50:0.95 | area=medium | maxDets=100 ] = -1.000
 Average Precision  (AP) @[ IoU=0.50:0.95 | area= large | maxDets=100 ] = 0.003
 Average Recall     (AR) @[ IoU=0.50:0.95 | area=   all | maxDets=  1 ] = 0.023
 Average Recall     (AR) @[ IoU=0.50:0.95 | area=   all | maxDets= 10 ] = 0.060
 Average Recall     (AR) @[ IoU=0.50:0.95 | area=   all | maxDets=100 ] = 0.203
 Average Recall     (AR) @[ IoU=0.50:0.95 | area= small | maxDets=100 ] = -1.000
 Average Recall     (AR) @[ IoU=0.50:0.95 | area=medium | maxDets=100 ] = -1.000
 Average Recall     (AR) @[ IoU=0.50:0.95 | area= large | maxDets=100 ] = 0.203
 Average Recall     (AR) @[ IoU=0.50      | area=   all | maxDets=100 ] = 0.267
 Average Recall     (AR) @[ IoU=0.75      | area=   all | maxDets=100 ] = 0.233
best_stat: {'epoch': 2, 'coco_eval_bbox': 0.004095685227638115}
Epoch: [35]  [0/8]  eta: 0:00:05  lr: 0.000000  loss: 51.6913 (51.6913)  loss_mal: 1.3906 (1.3906)  loss_bbox: 1.2831 (1.2831)  loss_giou: 1.8473 (1.8473)  loss_fgl: 0.5906 (0.5906)  loss_mal_aux_0: 1.2832 (1.2832)  loss_bbox_aux_0: 1.3005 (1.3005)  loss_giou_aux_0: 1.8973 (1.8973)  loss_fgl_aux_0: 0.5887 (0.5887)  loss_ddf_aux_0: 0.0449 (0.0449)  loss_mal_aux_1: 1.5107 (1.5107)  loss_bbox_aux_1: 1.2970 (1.2970)  loss_giou_aux_1: 1.8349 (1.8349)  loss_fgl_aux_1: 0.5897 (0.5897)  loss_ddf_aux_1: 0.0054 (0.0054)  loss_mal_aux_2: 1.4248 (1.4248)  loss_bbox_aux_2: 1.2831 (1.2831)  loss_giou_aux_2: 1.8482 (1.8482)  loss_fgl_aux_2: 0.5915 (0.5915)  loss_ddf_aux_2: 0.0006 (0.0006)  loss_mal_pre: 1.2803 (1.2803)  loss_bbox_pre: 1.3346 (1.3346)  loss_giou_pre: 1.9010 (1.9010)  loss_mal_enc_0: 1.2812 (1.2812)  loss_bbox_enc_0: 1.4131 (1.4131)  loss_giou_enc_0: 1.9710 (1.9710)  loss_mal_dn_0: 1.0107 (1.0107)  loss_bbox_dn_0: 1.0366 (1.0366)  loss_giou_dn_0: 1.4790 (1.4790)  loss_fgl_dn_0: 0.9800 (0.9800)  loss_ddf_dn_0: 0.1530 (0.1530)  loss_mal_dn_1: 1.3779 (1.3779)  loss_bbox_dn_1: 0.9058 (0.9058)  loss_giou_dn_1: 1.3026 (1.3026)  loss_fgl_dn_1: 0.9913 (0.9913)  loss_ddf_dn_1: 0.0294 (0.0294)  loss_mal_dn_2: 1.4512 (1.4512)  loss_bbox_dn_2: 0.8458 (0.8458)  loss_giou_dn_2: 1.2397 (1.2397)  loss_fgl_dn_2: 1.0096 (1.0096)  loss_ddf_dn_2: 0.0036 (0.0036)  loss_mal_dn_3: 1.4688 (1.4688)  loss_bbox_dn_3: 0.8325 (0.8325)  loss_giou_dn_3: 1.2119 (1.2119)  loss_fgl_dn_3: 1.0274 (1.0274)  loss_mal_dn_pre: 1.0088 (1.0088)  loss_bbox_dn_pre: 1.0370 (1.0370)  loss_giou_dn_pre: 1.4953 (1.4953)  time: 0.6784  data: 0.5395  max mem: 2550
Epoch: [35]  [7/8]  eta: 0:00:00  lr: 0.000001  loss: 48.3493 (48.0305)  loss_mal: 1.6270 (1.7662)  loss_bbox: 0.7581 (0.7857)  loss_giou: 1.2682 (1.3235)  loss_fgl: 0.8188 (0.8162)  loss_mal_aux_0: 1.5283 (1.5746)  loss_bbox_aux_0: 0.7685 (0.8270)  loss_giou_aux_0: 1.3461 (1.4098)  loss_fgl_aux_0: 0.8082 (0.7934)  loss_ddf_aux_0: 0.0449 (0.0558)  loss_mal_aux_1: 1.6641 (1.8081)  loss_bbox_aux_1: 0.7669 (0.8013)  loss_giou_aux_1: 1.2994 (1.3367)  loss_fgl_aux_1: 0.8159 (0.8110)  loss_ddf_aux_1: 0.0073 (0.0089)  loss_mal_aux_2: 1.6719 (1.7870)  loss_bbox_aux_2: 0.7552 (0.7872)  loss_giou_aux_2: 1.2771 (1.3283)  loss_fgl_aux_2: 0.8198 (0.8146)  loss_ddf_aux_2: 0.0011 (0.0010)  loss_mal_pre: 1.5342 (1.5789)  loss_bbox_pre: 0.8392 (0.8730)  loss_giou_pre: 1.3530 (1.4073)  loss_mal_enc_0: 1.4814 (1.4752)  loss_bbox_enc_0: 0.9416 (0.9328)  loss_giou_enc_0: 1.4527 (1.4814)  loss_mal_dn_0: 1.1787 (1.1670)  loss_bbox_dn_0: 0.7123 (0.7707)  loss_giou_dn_0: 1.3566 (1.3829)  loss_fgl_dn_0: 1.0115 (1.0686)  loss_ddf_dn_0: 0.1492 (0.1676)  loss_mal_dn_1: 1.5801 (1.5513)  loss_bbox_dn_1: 0.6678 (0.7086)  loss_giou_dn_1: 1.2061 (1.2383)  loss_fgl_dn_1: 1.0224 (1.0561)  loss_ddf_dn_1: 0.0291 (0.0328)  loss_mal_dn_2: 1.6074 (1.5946)  loss_bbox_dn_2: 0.6355 (0.6675)  loss_giou_dn_2: 1.1616 (1.1828)  loss_fgl_dn_2: 1.0113 (1.0621)  loss_ddf_dn_2: 0.0036 (0.0039)  loss_mal_dn_3: 1.5713 (1.5942)  loss_bbox_dn_3: 0.6397 (0.6593)  loss_giou_dn_3: 1.1207 (1.1592)  loss_fgl_dn_3: 1.0274 (1.0748)  loss_mal_dn_pre: 1.1826 (1.1879)  loss_bbox_dn_pre: 0.6814 (0.7437)  loss_giou_dn_pre: 1.3516 (1.3719)  time: 0.1866  data: 0.0726  max mem: 2550
Epoch: [35] Total time: 0:00:01 (0.1973 s / it)
Averaged stats: lr: 0.000001  loss: 48.3493 (48.0305)  loss_mal: 1.6270 (1.7662)  loss_bbox: 0.7581 (0.7857)  loss_giou: 1.2682 (1.3235)  loss_fgl: 0.8188 (0.8162)  loss_mal_aux_0: 1.5283 (1.5746)  loss_bbox_aux_0: 0.7685 (0.8270)  loss_giou_aux_0: 1.3461 (1.4098)  loss_fgl_aux_0: 0.8082 (0.7934)  loss_ddf_aux_0: 0.0449 (0.0558)  loss_mal_aux_1: 1.6641 (1.8081)  loss_bbox_aux_1: 0.7669 (0.8013)  loss_giou_aux_1: 1.2994 (1.3367)  loss_fgl_aux_1: 0.8159 (0.8110)  loss_ddf_aux_1: 0.0073 (0.0089)  loss_mal_aux_2: 1.6719 (1.7870)  loss_bbox_aux_2: 0.7552 (0.7872)  loss_giou_aux_2: 1.2771 (1.3283)  loss_fgl_aux_2: 0.8198 (0.8146)  loss_ddf_aux_2: 0.0011 (0.0010)  loss_mal_pre: 1.5342 (1.5789)  loss_bbox_pre: 0.8392 (0.8730)  loss_giou_pre: 1.3530 (1.4073)  loss_mal_enc_0: 1.4814 (1.4752)  loss_bbox_enc_0: 0.9416 (0.9328)  loss_giou_enc_0: 1.4527 (1.4814)  loss_mal_dn_0: 1.1787 (1.1670)  loss_bbox_dn_0: 0.7123 (0.7707)  loss_giou_dn_0: 1.3566 (1.3829)  loss_fgl_dn_0: 1.0115 (1.0686)  loss_ddf_dn_0: 0.1492 (0.1676)  loss_mal_dn_1: 1.5801 (1.5513)  loss_bbox_dn_1: 0.6678 (0.7086)  loss_giou_dn_1: 1.2061 (1.2383)  loss_fgl_dn_1: 1.0224 (1.0561)  loss_ddf_dn_1: 0.0291 (0.0328)  loss_mal_dn_2: 1.6074 (1.5946)  loss_bbox_dn_2: 0.6355 (0.6675)  loss_giou_dn_2: 1.1616 (1.1828)  loss_fgl_dn_2: 1.0113 (1.0621)  loss_ddf_dn_2: 0.0036 (0.0039)  loss_mal_dn_3: 1.5713 (1.5942)  loss_bbox_dn_3: 0.6397 (0.6593)  loss_giou_dn_3: 1.1207 (1.1592)  loss_fgl_dn_3: 1.0274 (1.0748)  loss_mal_dn_pre: 1.1826 (1.1879)  loss_bbox_dn_pre: 0.6814 (0.7437)  loss_giou_dn_pre: 1.3516 (1.3719)
Test:  [0/4]  eta: 0:00:01    time: 0.3732  data: 0.3422  max mem: 2550
Test:  [3/4]  eta: 0:00:00    time: 0.1126  data: 0.0873  max mem: 2550
Test: Total time: 0:00:00 (0.1348 s / it)
Averaged stats: 
Accumulating evaluation results...
COCOeval_opt.accumulate() finished...
DONE (t=0.00s).
IoU metric: bbox
 Average Precision  (AP) @[ IoU=0.50:0.95 | area=   all | maxDets=100 ] = 0.003
 Average Precision  (AP) @[ IoU=0.50      | area=   all | maxDets=100 ] = 0.004
 Average Precision  (AP) @[ IoU=0.75      | area=   all | maxDets=100 ] = 0.003
 Average Precision  (AP) @[ IoU=0.50:0.95 | area= small | maxDets=100 ] = -1.000
 Average Precision  (AP) @[ IoU=0.50:0.95 | area=medium | maxDets=100 ] = -1.000
 Average Precision  (AP) @[ IoU=0.50:0.95 | area= large | maxDets=100 ] = 0.003
 Average Recall     (AR) @[ IoU=0.50:0.95 | area=   all | maxDets=  1 ] = 0.023
 Average Recall     (AR) @[ IoU=0.50:0.95 | area=   all | maxDets= 10 ] = 0.067
 Average Recall     (AR) @[ IoU=0.50:0.95 | area=   all | maxDets=100 ] = 0.303
 Average Recall     (AR) @[ IoU=0.50:0.95 | area= small | maxDets=100 ] = -1.000
 Average Recall     (AR) @[ IoU=0.50:0.95 | area=medium | maxDets=100 ] = -1.000
 Average Recall     (AR) @[ IoU=0.50:0.95 | area= large | maxDets=100 ] = 0.303
 Average Recall     (AR) @[ IoU=0.50      | area=   all | maxDets=100 ] = 0.367
 Average Recall     (AR) @[ IoU=0.75      | area=   all | maxDets=100 ] = 0.300
best_stat: {'epoch': 2, 'coco_eval_bbox': 0.004095685227638115}
Epoch: [36]  [0/8]  eta: 0:00:06  lr: 0.000001  loss: 49.5922 (49.5922)  loss_mal: 2.3789 (2.3789)  loss_bbox: 0.6313 (0.6313)  loss_giou: 0.8366 (0.8366)  loss_fgl: 0.9877 (0.9877)  loss_mal_aux_0: 1.9775 (1.9775)  loss_bbox_aux_0: 0.8054 (0.8054)  loss_giou_aux_0: 1.0320 (1.0320)  loss_fgl_aux_0: 0.9993 (0.9993)  loss_ddf_aux_0: 0.0638 (0.0638)  loss_mal_aux_1: 2.5820 (2.5820)  loss_bbox_aux_1: 0.6681 (0.6681)  loss_giou_aux_1: 0.8358 (0.8358)  loss_fgl_aux_1: 0.9916 (0.9916)  loss_ddf_aux_1: 0.0132 (0.0132)  loss_mal_aux_2: 2.3613 (2.3613)  loss_bbox_aux_2: 0.6770 (0.6770)  loss_giou_aux_2: 0.8557 (0.8557)  loss_fgl_aux_2: 0.9863 (0.9863)  loss_ddf_aux_2: 0.0016 (0.0016)  loss_mal_pre: 1.9238 (1.9238)  loss_bbox_pre: 0.8387 (0.8387)  loss_giou_pre: 1.0522 (1.0522)  loss_mal_enc_0: 1.7021 (1.7021)  loss_bbox_enc_0: 0.9197 (0.9197)  loss_giou_enc_0: 1.1624 (1.1624)  loss_mal_dn_0: 1.3682 (1.3682)  loss_bbox_dn_0: 0.7544 (0.7544)  loss_giou_dn_0: 1.2762 (1.2762)  loss_fgl_dn_0: 1.1678 (1.1678)  loss_ddf_dn_0: 0.2180 (0.2180)  loss_mal_dn_1: 1.7793 (1.7793)  loss_bbox_dn_1: 0.7089 (0.7089)  loss_giou_dn_1: 1.1116 (1.1116)  loss_fgl_dn_1: 1.1122 (1.1122)  loss_ddf_dn_1: 0.0420 (0.0420)  loss_mal_dn_2: 1.8174 (1.8174)  loss_bbox_dn_2: 0.7194 (0.7194)  loss_giou_dn_2: 1.0608 (1.0608)  loss_fgl_dn_2: 1.1251 (1.1251)  loss_ddf_dn_2: 0.0061 (0.0061)  loss_mal_dn_3: 1.7871 (1.7871)  loss_bbox_dn_3: 0.6908 (0.6908)  loss_giou_dn_3: 1.0378 (1.0378)  loss_fgl_dn_3: 1.1354 (1.1354)  loss_mal_dn_pre: 1.3730 (1.3730)  loss_bbox_dn_pre: 0.7333 (0.7333)  loss_giou_dn_pre: 1.2832 (1.2832)  time: 0.8319  data: 0.6925  max mem: 2550
Epoch: [36]  [7/8]  eta: 0:00:00  lr: 0.000001  loss: 50.7420 (50.6898)  loss_mal: 2.0762 (2.1155)  loss_bbox: 0.6313 (0.8068)  loss_giou: 0.9315 (1.0670)  loss_fgl: 0.9398 (0.9340)  loss_mal_aux_0: 1.8330 (1.9049)  loss_bbox_aux_0: 0.8054 (0.8795)  loss_giou_aux_0: 1.0320 (1.1642)  loss_fgl_aux_0: 0.9035 (0.9165)  loss_ddf_aux_0: 0.0623 (0.0635)  loss_mal_aux_1: 2.0215 (2.1737)  loss_bbox_aux_1: 0.6681 (0.8287)  loss_giou_aux_1: 0.9737 (1.0813)  loss_fgl_aux_1: 0.9218 (0.9325)  loss_ddf_aux_1: 0.0092 (0.0116)  loss_mal_aux_2: 2.0156 (2.1274)  loss_bbox_aux_2: 0.6770 (0.8259)  loss_giou_aux_2: 0.9665 (1.0769)  loss_fgl_aux_2: 0.9294 (0.9305)  loss_ddf_aux_2: 0.0008 (0.0013)  loss_mal_pre: 1.7969 (1.9056)  loss_bbox_pre: 0.8387 (0.9082)  loss_giou_pre: 1.0522 (1.1616)  loss_mal_enc_0: 1.5850 (1.7856)  loss_bbox_enc_0: 0.9197 (0.9701)  loss_giou_enc_0: 1.1624 (1.2312)  loss_mal_dn_0: 1.1973 (1.3063)  loss_bbox_dn_0: 0.8504 (0.9425)  loss_giou_dn_0: 1.3226 (1.3091)  loss_fgl_dn_0: 1.1053 (1.1204)  loss_ddf_dn_0: 0.1889 (0.1936)  loss_mal_dn_1: 1.7021 (1.7294)  loss_bbox_dn_1: 0.8224 (0.8731)  loss_giou_dn_1: 1.1601 (1.1471)  loss_fgl_dn_1: 1.0924 (1.0989)  loss_ddf_dn_1: 0.0356 (0.0398)  loss_mal_dn_2: 1.6826 (1.7784)  loss_bbox_dn_2: 0.8001 (0.8355)  loss_giou_dn_2: 1.1077 (1.0918)  loss_fgl_dn_2: 1.1015 (1.1094)  loss_ddf_dn_2: 0.0043 (0.0048)  loss_mal_dn_3: 1.6494 (1.7683)  loss_bbox_dn_3: 0.7885 (0.8137)  loss_giou_dn_3: 1.0898 (1.0684)  loss_fgl_dn_3: 1.1112 (1.1204)  loss_mal_dn_pre: 1.2031 (1.3214)  loss_bbox_dn_pre: 0.8346 (0.9095)  loss_giou_dn_pre: 1.2955 (1.3039)  time: 0.2934  data: 0.1446  max mem: 2550
Epoch: [36] Total time: 0:00:02 (0.3009 s / it)
Averaged stats: lr: 0.000001  loss: 50.7420 (50.6898)  loss_mal: 2.0762 (2.1155)  loss_bbox: 0.6313 (0.8068)  loss_giou: 0.9315 (1.0670)  loss_fgl: 0.9398 (0.9340)  loss_mal_aux_0: 1.8330 (1.9049)  loss_bbox_aux_0: 0.8054 (0.8795)  loss_giou_aux_0: 1.0320 (1.1642)  loss_fgl_aux_0: 0.9035 (0.9165)  loss_ddf_aux_0: 0.0623 (0.0635)  loss_mal_aux_1: 2.0215 (2.1737)  loss_bbox_aux_1: 0.6681 (0.8287)  loss_giou_aux_1: 0.9737 (1.0813)  loss_fgl_aux_1: 0.9218 (0.9325)  loss_ddf_aux_1: 0.0092 (0.0116)  loss_mal_aux_2: 2.0156 (2.1274)  loss_bbox_aux_2: 0.6770 (0.8259)  loss_giou_aux_2: 0.9665 (1.0769)  loss_fgl_aux_2: 0.9294 (0.9305)  loss_ddf_aux_2: 0.0008 (0.0013)  loss_mal_pre: 1.7969 (1.9056)  loss_bbox_pre: 0.8387 (0.9082)  loss_giou_pre: 1.0522 (1.1616)  loss_mal_enc_0: 1.5850 (1.7856)  loss_bbox_enc_0: 0.9197 (0.9701)  loss_giou_enc_0: 1.1624 (1.2312)  loss_mal_dn_0: 1.1973 (1.3063)  loss_bbox_dn_0: 0.8504 (0.9425)  loss_giou_dn_0: 1.3226 (1.3091)  loss_fgl_dn_0: 1.1053 (1.1204)  loss_ddf_dn_0: 0.1889 (0.1936)  loss_mal_dn_1: 1.7021 (1.7294)  loss_bbox_dn_1: 0.8224 (0.8731)  loss_giou_dn_1: 1.1601 (1.1471)  loss_fgl_dn_1: 1.0924 (1.0989)  loss_ddf_dn_1: 0.0356 (0.0398)  loss_mal_dn_2: 1.6826 (1.7784)  loss_bbox_dn_2: 0.8001 (0.8355)  loss_giou_dn_2: 1.1077 (1.0918)  loss_fgl_dn_2: 1.1015 (1.1094)  loss_ddf_dn_2: 0.0043 (0.0048)  loss_mal_dn_3: 1.6494 (1.7683)  loss_bbox_dn_3: 0.7885 (0.8137)  loss_giou_dn_3: 1.0898 (1.0684)  loss_fgl_dn_3: 1.1112 (1.1204)  loss_mal_dn_pre: 1.2031 (1.3214)  loss_bbox_dn_pre: 0.8346 (0.9095)  loss_giou_dn_pre: 1.2955 (1.3039)
Test:  [0/4]  eta: 0:00:01    time: 0.3769  data: 0.3459  max mem: 2550
Test:  [3/4]  eta: 0:00:00    time: 0.1141  data: 0.0882  max mem: 2550
Test: Total time: 0:00:00 (0.1328 s / it)
Averaged stats: 
Accumulating evaluation results...
COCOeval_opt.accumulate() finished...
DONE (t=0.00s).
IoU metric: bbox
 Average Precision  (AP) @[ IoU=0.50:0.95 | area=   all | maxDets=100 ] = 0.004
 Average Precision  (AP) @[ IoU=0.50      | area=   all | maxDets=100 ] = 0.005
 Average Precision  (AP) @[ IoU=0.75      | area=   all | maxDets=100 ] = 0.004
 Average Precision  (AP) @[ IoU=0.50:0.95 | area= small | maxDets=100 ] = -1.000
 Average Precision  (AP) @[ IoU=0.50:0.95 | area=medium | maxDets=100 ] = -1.000
 Average Precision  (AP) @[ IoU=0.50:0.95 | area= large | maxDets=100 ] = 0.004
 Average Recall     (AR) @[ IoU=0.50:0.95 | area=   all | maxDets=  1 ] = 0.027
 Average Recall     (AR) @[ IoU=0.50:0.95 | area=   all | maxDets= 10 ] = 0.060
 Average Recall     (AR) @[ IoU=0.50:0.95 | area=   all | maxDets=100 ] = 0.347
 Average Recall     (AR) @[ IoU=0.50:0.95 | area= small | maxDets=100 ] = -1.000
 Average Recall     (AR) @[ IoU=0.50:0.95 | area=medium | maxDets=100 ] = -1.000
 Average Recall     (AR) @[ IoU=0.50:0.95 | area= large | maxDets=100 ] = 0.347
 Average Recall     (AR) @[ IoU=0.50      | area=   all | maxDets=100 ] = 0.433
 Average Recall     (AR) @[ IoU=0.75      | area=   all | maxDets=100 ] = 0.333
best_stat: {'epoch': 2, 'coco_eval_bbox': 0.004095685227638115}
Epoch: [37]  [0/8]  eta: 0:00:07  lr: 0.000001  loss: 45.1831 (45.1831)  loss_mal: 1.3975 (1.3975)  loss_bbox: 0.8271 (0.8271)  loss_giou: 1.1338 (1.1338)  loss_fgl: 0.8513 (0.8513)  loss_mal_aux_0: 1.2646 (1.2646)  loss_bbox_aux_0: 0.7952 (0.7952)  loss_giou_aux_0: 1.2414 (1.2414)  loss_fgl_aux_0: 0.7878 (0.7878)  loss_ddf_aux_0: 0.0372 (0.0372)  loss_mal_aux_1: 1.4844 (1.4844)  loss_bbox_aux_1: 0.8296 (0.8296)  loss_giou_aux_1: 1.1522 (1.1522)  loss_fgl_aux_1: 0.8258 (0.8258)  loss_ddf_aux_1: 0.0062 (0.0062)  loss_mal_aux_2: 1.4053 (1.4053)  loss_bbox_aux_2: 0.8275 (0.8275)  loss_giou_aux_2: 1.1345 (1.1345)  loss_fgl_aux_2: 0.8470 (0.8470)  loss_ddf_aux_2: 0.0007 (0.0007)  loss_mal_pre: 1.2783 (1.2783)  loss_bbox_pre: 0.8200 (0.8200)  loss_giou_pre: 1.2463 (1.2463)  loss_mal_enc_0: 1.2754 (1.2754)  loss_bbox_enc_0: 0.9303 (0.9303)  loss_giou_enc_0: 1.2864 (1.2864)  loss_mal_dn_0: 1.2695 (1.2695)  loss_bbox_dn_0: 0.7675 (0.7675)  loss_giou_dn_0: 1.3044 (1.3044)  loss_fgl_dn_0: 1.0152 (1.0152)  loss_ddf_dn_0: 0.0930 (0.0930)  loss_mal_dn_1: 1.7676 (1.7676)  loss_bbox_dn_1: 0.7136 (0.7136)  loss_giou_dn_1: 1.1576 (1.1576)  loss_fgl_dn_1: 1.0013 (1.0013)  loss_ddf_dn_1: 0.0204 (0.0204)  loss_mal_dn_2: 1.7852 (1.7852)  loss_bbox_dn_2: 0.6653 (0.6653)  loss_giou_dn_2: 1.0958 (1.0958)  loss_fgl_dn_2: 1.0167 (1.0167)  loss_ddf_dn_2: 0.0020 (0.0020)  loss_mal_dn_3: 1.7607 (1.7607)  loss_bbox_dn_3: 0.6358 (0.6358)  loss_giou_dn_3: 1.0717 (1.0717)  loss_fgl_dn_3: 1.0275 (1.0275)  loss_mal_dn_pre: 1.2852 (1.2852)  loss_bbox_dn_pre: 0.7544 (0.7544)  loss_giou_dn_pre: 1.2867 (1.2867)  time: 0.8815  data: 0.7474  max mem: 2550
Epoch: [37]  [7/8]  eta: 0:00:00  lr: 0.000001  loss: 46.6608 (48.3008)  loss_mal: 1.5703 (1.9094)  loss_bbox: 0.7469 (0.7535)  loss_giou: 1.1338 (1.1956)  loss_fgl: 0.8513 (0.8787)  loss_mal_aux_0: 1.3877 (1.6665)  loss_bbox_aux_0: 0.7663 (0.7873)  loss_giou_aux_0: 1.2630 (1.2929)  loss_fgl_aux_0: 0.8041 (0.8617)  loss_ddf_aux_0: 0.0514 (0.0535)  loss_mal_aux_1: 1.6406 (1.9703)  loss_bbox_aux_1: 0.7568 (0.7616)  loss_giou_aux_1: 1.1522 (1.2111)  loss_fgl_aux_1: 0.8258 (0.8703)  loss_ddf_aux_1: 0.0089 (0.0091)  loss_mal_aux_2: 1.6035 (1.9430)  loss_bbox_aux_2: 0.7488 (0.7553)  loss_giou_aux_2: 1.1345 (1.1981)  loss_fgl_aux_2: 0.8470 (0.8768)  loss_ddf_aux_2: 0.0009 (0.0009)  loss_mal_pre: 1.3799 (1.6603)  loss_bbox_pre: 0.7757 (0.7915)  loss_giou_pre: 1.2675 (1.2957)  loss_mal_enc_0: 1.3496 (1.5246)  loss_bbox_enc_0: 0.8116 (0.8444)  loss_giou_enc_0: 1.3655 (1.3841)  loss_mal_dn_0: 1.2188 (1.2358)  loss_bbox_dn_0: 0.7198 (0.7624)  loss_giou_dn_0: 1.3298 (1.3423)  loss_fgl_dn_0: 1.0818 (1.0928)  loss_ddf_dn_0: 0.1641 (0.1592)  loss_mal_dn_1: 1.6045 (1.6650)  loss_bbox_dn_1: 0.6979 (0.7214)  loss_giou_dn_1: 1.1576 (1.1801)  loss_fgl_dn_1: 1.0772 (1.0832)  loss_ddf_dn_1: 0.0310 (0.0316)  loss_mal_dn_2: 1.7188 (1.7179)  loss_bbox_dn_2: 0.6628 (0.6818)  loss_giou_dn_2: 1.0915 (1.1209)  loss_fgl_dn_2: 1.0821 (1.0981)  loss_ddf_dn_2: 0.0038 (0.0036)  loss_mal_dn_3: 1.7295 (1.6940)  loss_bbox_dn_3: 0.6545 (0.6781)  loss_giou_dn_3: 1.0596 (1.1042)  loss_fgl_dn_3: 1.0838 (1.1059)  loss_mal_dn_pre: 1.2617 (1.2421)  loss_bbox_dn_pre: 0.6969 (0.7456)  loss_giou_dn_pre: 1.3106 (1.3382)  time: 0.2058  data: 0.0950  max mem: 2550
Epoch: [37] Total time: 0:00:01 (0.2128 s / it)
Averaged stats: lr: 0.000001  loss: 46.6608 (48.3008)  loss_mal: 1.5703 (1.9094)  loss_bbox: 0.7469 (0.7535)  loss_giou: 1.1338 (1.1956)  loss_fgl: 0.8513 (0.8787)  loss_mal_aux_0: 1.3877 (1.6665)  loss_bbox_aux_0: 0.7663 (0.7873)  loss_giou_aux_0: 1.2630 (1.2929)  loss_fgl_aux_0: 0.8041 (0.8617)  loss_ddf_aux_0: 0.0514 (0.0535)  loss_mal_aux_1: 1.6406 (1.9703)  loss_bbox_aux_1: 0.7568 (0.7616)  loss_giou_aux_1: 1.1522 (1.2111)  loss_fgl_aux_1: 0.8258 (0.8703)  loss_ddf_aux_1: 0.0089 (0.0091)  loss_mal_aux_2: 1.6035 (1.9430)  loss_bbox_aux_2: 0.7488 (0.7553)  loss_giou_aux_2: 1.1345 (1.1981)  loss_fgl_aux_2: 0.8470 (0.8768)  loss_ddf_aux_2: 0.0009 (0.0009)  loss_mal_pre: 1.3799 (1.6603)  loss_bbox_pre: 0.7757 (0.7915)  loss_giou_pre: 1.2675 (1.2957)  loss_mal_enc_0: 1.3496 (1.5246)  loss_bbox_enc_0: 0.8116 (0.8444)  loss_giou_enc_0: 1.3655 (1.3841)  loss_mal_dn_0: 1.2188 (1.2358)  loss_bbox_dn_0: 0.7198 (0.7624)  loss_giou_dn_0: 1.3298 (1.3423)  loss_fgl_dn_0: 1.0818 (1.0928)  loss_ddf_dn_0: 0.1641 (0.1592)  loss_mal_dn_1: 1.6045 (1.6650)  loss_bbox_dn_1: 0.6979 (0.7214)  loss_giou_dn_1: 1.1576 (1.1801)  loss_fgl_dn_1: 1.0772 (1.0832)  loss_ddf_dn_1: 0.0310 (0.0316)  loss_mal_dn_2: 1.7188 (1.7179)  loss_bbox_dn_2: 0.6628 (0.6818)  loss_giou_dn_2: 1.0915 (1.1209)  loss_fgl_dn_2: 1.0821 (1.0981)  loss_ddf_dn_2: 0.0038 (0.0036)  loss_mal_dn_3: 1.7295 (1.6940)  loss_bbox_dn_3: 0.6545 (0.6781)  loss_giou_dn_3: 1.0596 (1.1042)  loss_fgl_dn_3: 1.0838 (1.1059)  loss_mal_dn_pre: 1.2617 (1.2421)  loss_bbox_dn_pre: 0.6969 (0.7456)  loss_giou_dn_pre: 1.3106 (1.3382)
Test:  [0/4]  eta: 0:00:01    time: 0.3761  data: 0.3450  max mem: 2550
Test:  [3/4]  eta: 0:00:00    time: 0.1136  data: 0.0881  max mem: 2550
Test: Total time: 0:00:00 (0.1343 s / it)
Averaged stats: 
Accumulating evaluation results...
COCOeval_opt.accumulate() finished...
DONE (t=0.00s).
IoU metric: bbox
 Average Precision  (AP) @[ IoU=0.50:0.95 | area=   all | maxDets=100 ] = 0.006
 Average Precision  (AP) @[ IoU=0.50      | area=   all | maxDets=100 ] = 0.007
 Average Precision  (AP) @[ IoU=0.75      | area=   all | maxDets=100 ] = 0.006
 Average Precision  (AP) @[ IoU=0.50:0.95 | area= small | maxDets=100 ] = -1.000
 Average Precision  (AP) @[ IoU=0.50:0.95 | area=medium | maxDets=100 ] = -1.000
 Average Precision  (AP) @[ IoU=0.50:0.95 | area= large | maxDets=100 ] = 0.007
 Average Recall     (AR) @[ IoU=0.50:0.95 | area=   all | maxDets=  1 ] = 0.027
 Average Recall     (AR) @[ IoU=0.50:0.95 | area=   all | maxDets= 10 ] = 0.100
 Average Recall     (AR) @[ IoU=0.50:0.95 | area=   all | maxDets=100 ] = 0.417
 Average Recall     (AR) @[ IoU=0.50:0.95 | area= small | maxDets=100 ] = -1.000
 Average Recall     (AR) @[ IoU=0.50:0.95 | area=medium | maxDets=100 ] = -1.000
 Average Recall     (AR) @[ IoU=0.50:0.95 | area= large | maxDets=100 ] = 0.417
 Average Recall     (AR) @[ IoU=0.50      | area=   all | maxDets=100 ] = 0.500
 Average Recall     (AR) @[ IoU=0.75      | area=   all | maxDets=100 ] = 0.433
best_stat: {'epoch': 37, 'coco_eval_bbox': 0.006381858166460948}
Epoch: [38]  [0/8]  eta: 0:00:06  lr: 0.000001  loss: 50.1819 (50.1819)  loss_mal: 2.4395 (2.4395)  loss_bbox: 0.5628 (0.5628)  loss_giou: 0.8894 (0.8894)  loss_fgl: 0.9448 (0.9448)  loss_mal_aux_0: 2.2344 (2.2344)  loss_bbox_aux_0: 0.6594 (0.6594)  loss_giou_aux_0: 0.9789 (0.9789)  loss_fgl_aux_0: 0.9346 (0.9346)  loss_ddf_aux_0: 0.0628 (0.0628)  loss_mal_aux_1: 2.5742 (2.5742)  loss_bbox_aux_1: 0.5745 (0.5745)  loss_giou_aux_1: 0.9131 (0.9131)  loss_fgl_aux_1: 0.9458 (0.9458)  loss_ddf_aux_1: 0.0108 (0.0108)  loss_mal_aux_2: 2.4824 (2.4824)  loss_bbox_aux_2: 0.5644 (0.5644)  loss_giou_aux_2: 0.8965 (0.8965)  loss_fgl_aux_2: 0.9481 (0.9481)  loss_ddf_aux_2: 0.0011 (0.0011)  loss_mal_pre: 2.2070 (2.2070)  loss_bbox_pre: 0.6857 (0.6857)  loss_giou_pre: 0.9693 (0.9693)  loss_mal_enc_0: 2.2227 (2.2227)  loss_bbox_enc_0: 0.7238 (0.7238)  loss_giou_enc_0: 1.0583 (1.0583)  loss_mal_dn_0: 1.3311 (1.3311)  loss_bbox_dn_0: 0.9240 (0.9240)  loss_giou_dn_0: 1.2807 (1.2807)  loss_fgl_dn_0: 1.0401 (1.0401)  loss_ddf_dn_0: 0.2035 (0.2035)  loss_mal_dn_1: 1.8320 (1.8320)  loss_bbox_dn_1: 0.8119 (0.8119)  loss_giou_dn_1: 1.1154 (1.1154)  loss_fgl_dn_1: 1.0452 (1.0452)  loss_ddf_dn_1: 0.0516 (0.0516)  loss_mal_dn_2: 1.9189 (1.9189)  loss_bbox_dn_2: 0.7736 (0.7736)  loss_giou_dn_2: 1.0329 (1.0329)  loss_fgl_dn_2: 1.0655 (1.0655)  loss_ddf_dn_2: 0.0058 (0.0058)  loss_mal_dn_3: 1.9062 (1.9062)  loss_bbox_dn_3: 0.7541 (0.7541)  loss_giou_dn_3: 0.9952 (0.9952)  loss_fgl_dn_3: 1.0917 (1.0917)  loss_mal_dn_pre: 1.3105 (1.3105)  loss_bbox_dn_pre: 0.9155 (0.9155)  loss_giou_dn_pre: 1.2921 (1.2921)  time: 0.8635  data: 0.7256  max mem: 2550
Epoch: [38]  [7/8]  eta: 0:00:00  lr: 0.000001  loss: 48.3748 (49.3184)  loss_mal: 1.5732 (1.8322)  loss_bbox: 0.7061 (0.8355)  loss_giou: 1.2729 (1.2856)  loss_fgl: 0.8925 (0.8124)  loss_mal_aux_0: 1.4131 (1.6728)  loss_bbox_aux_0: 0.7950 (0.8900)  loss_giou_aux_0: 1.3579 (1.3563)  loss_fgl_aux_0: 0.8556 (0.8075)  loss_ddf_aux_0: 0.0627 (0.0622)  loss_mal_aux_1: 1.6064 (1.9050)  loss_bbox_aux_1: 0.7266 (0.8531)  loss_giou_aux_1: 1.2848 (1.2975)  loss_fgl_aux_1: 0.8823 (0.8131)  loss_ddf_aux_1: 0.0106 (0.0106)  loss_mal_aux_2: 1.5625 (1.8621)  loss_bbox_aux_2: 0.7087 (0.8372)  loss_giou_aux_2: 1.2742 (1.2913)  loss_fgl_aux_2: 0.8930 (0.8132)  loss_ddf_aux_2: 0.0011 (0.0012)  loss_mal_pre: 1.4023 (1.6708)  loss_bbox_pre: 0.8023 (0.8978)  loss_giou_pre: 1.3515 (1.3569)  loss_mal_enc_0: 1.3057 (1.5509)  loss_bbox_enc_0: 0.8482 (0.9544)  loss_giou_enc_0: 1.4325 (1.4377)  loss_mal_dn_0: 1.2188 (1.2942)  loss_bbox_dn_0: 0.7593 (0.8110)  loss_giou_dn_0: 1.3067 (1.3127)  loss_fgl_dn_0: 1.0899 (1.0973)  loss_ddf_dn_0: 0.2035 (0.2054)  loss_mal_dn_1: 1.6221 (1.7107)  loss_bbox_dn_1: 0.6737 (0.7617)  loss_giou_dn_1: 1.1770 (1.1630)  loss_fgl_dn_1: 1.1059 (1.0852)  loss_ddf_dn_1: 0.0375 (0.0401)  loss_mal_dn_2: 1.6611 (1.7612)  loss_bbox_dn_2: 0.6524 (0.7265)  loss_giou_dn_2: 1.1159 (1.1078)  loss_fgl_dn_2: 1.1098 (1.0912)  loss_ddf_dn_2: 0.0044 (0.0046)  loss_mal_dn_3: 1.6465 (1.7422)  loss_bbox_dn_3: 0.6430 (0.7183)  loss_giou_dn_3: 1.0872 (1.0872)  loss_fgl_dn_3: 1.1214 (1.1028)  loss_mal_dn_pre: 1.2217 (1.2975)  loss_bbox_dn_pre: 0.7425 (0.7818)  loss_giou_dn_pre: 1.2921 (1.3086)  time: 0.2039  data: 0.0920  max mem: 2550
Epoch: [38] Total time: 0:00:01 (0.2148 s / it)
Averaged stats: lr: 0.000001  loss: 48.3748 (49.3184)  loss_mal: 1.5732 (1.8322)  loss_bbox: 0.7061 (0.8355)  loss_giou: 1.2729 (1.2856)  loss_fgl: 0.8925 (0.8124)  loss_mal_aux_0: 1.4131 (1.6728)  loss_bbox_aux_0: 0.7950 (0.8900)  loss_giou_aux_0: 1.3579 (1.3563)  loss_fgl_aux_0: 0.8556 (0.8075)  loss_ddf_aux_0: 0.0627 (0.0622)  loss_mal_aux_1: 1.6064 (1.9050)  loss_bbox_aux_1: 0.7266 (0.8531)  loss_giou_aux_1: 1.2848 (1.2975)  loss_fgl_aux_1: 0.8823 (0.8131)  loss_ddf_aux_1: 0.0106 (0.0106)  loss_mal_aux_2: 1.5625 (1.8621)  loss_bbox_aux_2: 0.7087 (0.8372)  loss_giou_aux_2: 1.2742 (1.2913)  loss_fgl_aux_2: 0.8930 (0.8132)  loss_ddf_aux_2: 0.0011 (0.0012)  loss_mal_pre: 1.4023 (1.6708)  loss_bbox_pre: 0.8023 (0.8978)  loss_giou_pre: 1.3515 (1.3569)  loss_mal_enc_0: 1.3057 (1.5509)  loss_bbox_enc_0: 0.8482 (0.9544)  loss_giou_enc_0: 1.4325 (1.4377)  loss_mal_dn_0: 1.2188 (1.2942)  loss_bbox_dn_0: 0.7593 (0.8110)  loss_giou_dn_0: 1.3067 (1.3127)  loss_fgl_dn_0: 1.0899 (1.0973)  loss_ddf_dn_0: 0.2035 (0.2054)  loss_mal_dn_1: 1.6221 (1.7107)  loss_bbox_dn_1: 0.6737 (0.7617)  loss_giou_dn_1: 1.1770 (1.1630)  loss_fgl_dn_1: 1.1059 (1.0852)  loss_ddf_dn_1: 0.0375 (0.0401)  loss_mal_dn_2: 1.6611 (1.7612)  loss_bbox_dn_2: 0.6524 (0.7265)  loss_giou_dn_2: 1.1159 (1.1078)  loss_fgl_dn_2: 1.1098 (1.0912)  loss_ddf_dn_2: 0.0044 (0.0046)  loss_mal_dn_3: 1.6465 (1.7422)  loss_bbox_dn_3: 0.6430 (0.7183)  loss_giou_dn_3: 1.0872 (1.0872)  loss_fgl_dn_3: 1.1214 (1.1028)  loss_mal_dn_pre: 1.2217 (1.2975)  loss_bbox_dn_pre: 0.7425 (0.7818)  loss_giou_dn_pre: 1.2921 (1.3086)
Test:  [0/4]  eta: 0:00:01    time: 0.3740  data: 0.3431  max mem: 2550
Test:  [3/4]  eta: 0:00:00    time: 0.1129  data: 0.0877  max mem: 2550
Test: Total time: 0:00:00 (0.1343 s / it)
Averaged stats: 
Accumulating evaluation results...
COCOeval_opt.accumulate() finished...
DONE (t=0.00s).
IoU metric: bbox
 Average Precision  (AP) @[ IoU=0.50:0.95 | area=   all | maxDets=100 ] = 0.006
 Average Precision  (AP) @[ IoU=0.50      | area=   all | maxDets=100 ] = 0.007
 Average Precision  (AP) @[ IoU=0.75      | area=   all | maxDets=100 ] = 0.007
 Average Precision  (AP) @[ IoU=0.50:0.95 | area= small | maxDets=100 ] = -1.000
 Average Precision  (AP) @[ IoU=0.50:0.95 | area=medium | maxDets=100 ] = -1.000
 Average Precision  (AP) @[ IoU=0.50:0.95 | area= large | maxDets=100 ] = 0.008
 Average Recall     (AR) @[ IoU=0.50:0.95 | area=   all | maxDets=  1 ] = 0.027
 Average Recall     (AR) @[ IoU=0.50:0.95 | area=   all | maxDets= 10 ] = 0.173
 Average Recall     (AR) @[ IoU=0.50:0.95 | area=   all | maxDets=100 ] = 0.403
 Average Recall     (AR) @[ IoU=0.50:0.95 | area= small | maxDets=100 ] = -1.000
 Average Recall     (AR) @[ IoU=0.50:0.95 | area=medium | maxDets=100 ] = -1.000
 Average Recall     (AR) @[ IoU=0.50:0.95 | area= large | maxDets=100 ] = 0.403
 Average Recall     (AR) @[ IoU=0.50      | area=   all | maxDets=100 ] = 0.500
 Average Recall     (AR) @[ IoU=0.75      | area=   all | maxDets=100 ] = 0.433
best_stat: {'epoch': 38, 'coco_eval_bbox': 0.006410089079809657}
Epoch: [39]  [0/8]  eta: 0:00:04  lr: 0.000001  loss: 46.0746 (46.0746)  loss_mal: 1.5859 (1.5859)  loss_bbox: 0.6938 (0.6938)  loss_giou: 1.3488 (1.3488)  loss_fgl: 0.8213 (0.8213)  loss_mal_aux_0: 1.3555 (1.3555)  loss_bbox_aux_0: 0.7144 (0.7144)  loss_giou_aux_0: 1.4357 (1.4357)  loss_fgl_aux_0: 0.8075 (0.8075)  loss_ddf_aux_0: 0.0783 (0.0783)  loss_mal_aux_1: 1.6055 (1.6055)  loss_bbox_aux_1: 0.7037 (0.7037)  loss_giou_aux_1: 1.3604 (1.3604)  loss_fgl_aux_1: 0.8191 (0.8191)  loss_ddf_aux_1: 0.0129 (0.0129)  loss_mal_aux_2: 1.6055 (1.6055)  loss_bbox_aux_2: 0.6954 (0.6954)  loss_giou_aux_2: 1.3527 (1.3527)  loss_fgl_aux_2: 0.8185 (0.8185)  loss_ddf_aux_2: 0.0010 (0.0010)  loss_mal_pre: 1.3223 (1.3223)  loss_bbox_pre: 0.7399 (0.7399)  loss_giou_pre: 1.4593 (1.4593)  loss_mal_enc_0: 1.1553 (1.1553)  loss_bbox_enc_0: 0.7846 (0.7846)  loss_giou_enc_0: 1.5697 (1.5697)  loss_mal_dn_0: 1.0781 (1.0781)  loss_bbox_dn_0: 0.7005 (0.7005)  loss_giou_dn_0: 1.4459 (1.4459)  loss_fgl_dn_0: 1.1182 (1.1182)  loss_ddf_dn_0: 0.2787 (0.2787)  loss_mal_dn_1: 1.3555 (1.3555)  loss_bbox_dn_1: 0.6778 (0.6778)  loss_giou_dn_1: 1.3257 (1.3257)  loss_fgl_dn_1: 1.1053 (1.1053)  loss_ddf_dn_1: 0.0587 (0.0587)  loss_mal_dn_2: 1.4072 (1.4072)  loss_bbox_dn_2: 0.6600 (0.6600)  loss_giou_dn_2: 1.2769 (1.2769)  loss_fgl_dn_2: 1.1140 (1.1140)  loss_ddf_dn_2: 0.0070 (0.0070)  loss_mal_dn_3: 1.3779 (1.3779)  loss_bbox_dn_3: 0.6549 (0.6549)  loss_giou_dn_3: 1.2666 (1.2666)  loss_fgl_dn_3: 1.1185 (1.1185)  loss_mal_dn_pre: 1.1074 (1.1074)  loss_bbox_dn_pre: 0.6660 (0.6660)  loss_giou_dn_pre: 1.4265 (1.4265)  time: 0.5421  data: 0.3946  max mem: 2550
Epoch: [39]  [7/8]  eta: 0:00:00  lr: 0.000001  loss: 49.0491 (49.3416)  loss_mal: 1.9521 (1.9695)  loss_bbox: 0.6938 (0.7703)  loss_giou: 1.1622 (1.2119)  loss_fgl: 0.8213 (0.8677)  loss_mal_aux_0: 1.6602 (1.7626)  loss_bbox_aux_0: 0.7144 (0.8131)  loss_giou_aux_0: 1.2622 (1.3278)  loss_fgl_aux_0: 0.7948 (0.8350)  loss_ddf_aux_0: 0.0698 (0.0687)  loss_mal_aux_1: 2.0059 (2.0455)  loss_bbox_aux_1: 0.7037 (0.7912)  loss_giou_aux_1: 1.1828 (1.2307)  loss_fgl_aux_1: 0.8191 (0.8542)  loss_ddf_aux_1: 0.0124 (0.0116)  loss_mal_aux_2: 1.9668 (2.0166)  loss_bbox_aux_2: 0.6954 (0.7739)  loss_giou_aux_2: 1.1641 (1.2179)  loss_fgl_aux_2: 0.8185 (0.8633)  loss_ddf_aux_2: 0.0009 (0.0009)  loss_mal_pre: 1.6631 (1.7546)  loss_bbox_pre: 0.7399 (0.8648)  loss_giou_pre: 1.2707 (1.3299)  loss_mal_enc_0: 1.4473 (1.6173)  loss_bbox_enc_0: 0.7928 (0.9332)  loss_giou_enc_0: 1.3734 (1.4189)  loss_mal_dn_0: 1.1885 (1.2703)  loss_bbox_dn_0: 0.7071 (0.7491)  loss_giou_dn_0: 1.3423 (1.3297)  loss_fgl_dn_0: 1.0763 (1.1209)  loss_ddf_dn_0: 0.1998 (0.2229)  loss_mal_dn_1: 1.6113 (1.7164)  loss_bbox_dn_1: 0.6217 (0.6796)  loss_giou_dn_1: 1.1204 (1.1527)  loss_fgl_dn_1: 1.0933 (1.1157)  loss_ddf_dn_1: 0.0430 (0.0427)  loss_mal_dn_2: 1.7148 (1.7958)  loss_bbox_dn_2: 0.5785 (0.6428)  loss_giou_dn_2: 1.0090 (1.0827)  loss_fgl_dn_2: 1.0944 (1.1239)  loss_ddf_dn_2: 0.0041 (0.0049)  loss_mal_dn_3: 1.7188 (1.7822)  loss_bbox_dn_3: 0.5722 (0.6327)  loss_giou_dn_3: 0.9816 (1.0618)  loss_fgl_dn_3: 1.1000 (1.1344)  loss_mal_dn_pre: 1.1885 (1.2793)  loss_bbox_dn_pre: 0.6872 (0.7270)  loss_giou_dn_pre: 1.3417 (1.3227)  time: 0.2050  data: 0.0889  max mem: 2550
Epoch: [39] Total time: 0:00:01 (0.2136 s / it)
Averaged stats: lr: 0.000001  loss: 49.0491 (49.3416)  loss_mal: 1.9521 (1.9695)  loss_bbox: 0.6938 (0.7703)  loss_giou: 1.1622 (1.2119)  loss_fgl: 0.8213 (0.8677)  loss_mal_aux_0: 1.6602 (1.7626)  loss_bbox_aux_0: 0.7144 (0.8131)  loss_giou_aux_0: 1.2622 (1.3278)  loss_fgl_aux_0: 0.7948 (0.8350)  loss_ddf_aux_0: 0.0698 (0.0687)  loss_mal_aux_1: 2.0059 (2.0455)  loss_bbox_aux_1: 0.7037 (0.7912)  loss_giou_aux_1: 1.1828 (1.2307)  loss_fgl_aux_1: 0.8191 (0.8542)  loss_ddf_aux_1: 0.0124 (0.0116)  loss_mal_aux_2: 1.9668 (2.0166)  loss_bbox_aux_2: 0.6954 (0.7739)  loss_giou_aux_2: 1.1641 (1.2179)  loss_fgl_aux_2: 0.8185 (0.8633)  loss_ddf_aux_2: 0.0009 (0.0009)  loss_mal_pre: 1.6631 (1.7546)  loss_bbox_pre: 0.7399 (0.8648)  loss_giou_pre: 1.2707 (1.3299)  loss_mal_enc_0: 1.4473 (1.6173)  loss_bbox_enc_0: 0.7928 (0.9332)  loss_giou_enc_0: 1.3734 (1.4189)  loss_mal_dn_0: 1.1885 (1.2703)  loss_bbox_dn_0: 0.7071 (0.7491)  loss_giou_dn_0: 1.3423 (1.3297)  loss_fgl_dn_0: 1.0763 (1.1209)  loss_ddf_dn_0: 0.1998 (0.2229)  loss_mal_dn_1: 1.6113 (1.7164)  loss_bbox_dn_1: 0.6217 (0.6796)  loss_giou_dn_1: 1.1204 (1.1527)  loss_fgl_dn_1: 1.0933 (1.1157)  loss_ddf_dn_1: 0.0430 (0.0427)  loss_mal_dn_2: 1.7148 (1.7958)  loss_bbox_dn_2: 0.5785 (0.6428)  loss_giou_dn_2: 1.0090 (1.0827)  loss_fgl_dn_2: 1.0944 (1.1239)  loss_ddf_dn_2: 0.0041 (0.0049)  loss_mal_dn_3: 1.7188 (1.7822)  loss_bbox_dn_3: 0.5722 (0.6327)  loss_giou_dn_3: 0.9816 (1.0618)  loss_fgl_dn_3: 1.1000 (1.1344)  loss_mal_dn_pre: 1.1885 (1.2793)  loss_bbox_dn_pre: 0.6872 (0.7270)  loss_giou_dn_pre: 1.3417 (1.3227)
Test:  [0/4]  eta: 0:00:01    time: 0.3742  data: 0.3424  max mem: 2550
Test:  [3/4]  eta: 0:00:00    time: 0.1129  data: 0.0875  max mem: 2550
Test: Total time: 0:00:00 (0.1292 s / it)
Averaged stats: 
Accumulating evaluation results...
COCOeval_opt.accumulate() finished...
DONE (t=0.00s).
IoU metric: bbox
 Average Precision  (AP) @[ IoU=0.50:0.95 | area=   all | maxDets=100 ] = 0.007
 Average Precision  (AP) @[ IoU=0.50      | area=   all | maxDets=100 ] = 0.008
 Average Precision  (AP) @[ IoU=0.75      | area=   all | maxDets=100 ] = 0.007
 Average Precision  (AP) @[ IoU=0.50:0.95 | area= small | maxDets=100 ] = -1.000
 Average Precision  (AP) @[ IoU=0.50:0.95 | area=medium | maxDets=100 ] = -1.000
 Average Precision  (AP) @[ IoU=0.50:0.95 | area= large | maxDets=100 ] = 0.007
 Average Recall     (AR) @[ IoU=0.50:0.95 | area=   all | maxDets=  1 ] = 0.057
 Average Recall     (AR) @[ IoU=0.50:0.95 | area=   all | maxDets= 10 ] = 0.170
 Average Recall     (AR) @[ IoU=0.50:0.95 | area=   all | maxDets=100 ] = 0.443
 Average Recall     (AR) @[ IoU=0.50:0.95 | area= small | maxDets=100 ] = -1.000
 Average Recall     (AR) @[ IoU=0.50:0.95 | area=medium | maxDets=100 ] = -1.000
 Average Recall     (AR) @[ IoU=0.50:0.95 | area= large | maxDets=100 ] = 0.443
 Average Recall     (AR) @[ IoU=0.50      | area=   all | maxDets=100 ] = 0.533
 Average Recall     (AR) @[ IoU=0.75      | area=   all | maxDets=100 ] = 0.500
best_stat: {'epoch': 39, 'coco_eval_bbox': 0.0065796395747437925}
Epoch: [40]  [0/8]  eta: 0:00:06  lr: 0.000001  loss: 47.9650 (47.9650)  loss_mal: 1.9590 (1.9590)  loss_bbox: 0.7202 (0.7202)  loss_giou: 1.3392 (1.3392)  loss_fgl: 0.7086 (0.7086)  loss_mal_aux_0: 1.6016 (1.6016)  loss_bbox_aux_0: 0.7946 (0.7946)  loss_giou_aux_0: 1.5168 (1.5168)  loss_fgl_aux_0: 0.7117 (0.7117)  loss_ddf_aux_0: 0.0696 (0.0696)  loss_mal_aux_1: 1.9570 (1.9570)  loss_bbox_aux_1: 0.7390 (0.7390)  loss_giou_aux_1: 1.3904 (1.3904)  loss_fgl_aux_1: 0.7143 (0.7143)  loss_ddf_aux_1: 0.0183 (0.0183)  loss_mal_aux_2: 2.0195 (2.0195)  loss_bbox_aux_2: 0.7178 (0.7178)  loss_giou_aux_2: 1.3385 (1.3385)  loss_fgl_aux_2: 0.7100 (0.7100)  loss_ddf_aux_2: 0.0015 (0.0015)  loss_mal_pre: 1.5664 (1.5664)  loss_bbox_pre: 0.8057 (0.8057)  loss_giou_pre: 1.5316 (1.5316)  loss_mal_enc_0: 1.4033 (1.4033)  loss_bbox_enc_0: 0.9097 (0.9097)  loss_giou_enc_0: 1.6698 (1.6698)  loss_mal_dn_0: 1.1172 (1.1172)  loss_bbox_dn_0: 0.6748 (0.6748)  loss_giou_dn_0: 1.3863 (1.3863)  loss_fgl_dn_0: 1.0731 (1.0731)  loss_ddf_dn_0: 0.2030 (0.2030)  loss_mal_dn_1: 1.6699 (1.6699)  loss_bbox_dn_1: 0.5775 (0.5775)  loss_giou_dn_1: 1.1650 (1.1650)  loss_fgl_dn_1: 1.0822 (1.0822)  loss_ddf_dn_1: 0.0379 (0.0379)  loss_mal_dn_2: 1.7656 (1.7656)  loss_bbox_dn_2: 0.5292 (0.5292)  loss_giou_dn_2: 1.0764 (1.0764)  loss_fgl_dn_2: 1.0946 (1.0946)  loss_ddf_dn_2: 0.0032 (0.0032)  loss_mal_dn_3: 1.7676 (1.7676)  loss_bbox_dn_3: 0.5158 (0.5158)  loss_giou_dn_3: 1.0445 (1.0445)  loss_fgl_dn_3: 1.1067 (1.1067)  loss_mal_dn_pre: 1.1045 (1.1045)  loss_bbox_dn_pre: 0.6647 (0.6647)  loss_giou_dn_pre: 1.3911 (1.3911)  time: 0.8366  data: 0.6957  max mem: 2550
Epoch: [40]  [7/8]  eta: 0:00:00  lr: 0.000001  loss: 47.9650 (49.1971)  loss_mal: 1.8076 (1.8143)  loss_bbox: 0.7116 (0.8398)  loss_giou: 1.3392 (1.3175)  loss_fgl: 0.7099 (0.8459)  loss_mal_aux_0: 1.6016 (1.6002)  loss_bbox_aux_0: 0.7753 (0.8914)  loss_giou_aux_0: 1.5168 (1.4252)  loss_fgl_aux_0: 0.7117 (0.8353)  loss_ddf_aux_0: 0.0696 (0.0750)  loss_mal_aux_1: 1.8916 (1.9163)  loss_bbox_aux_1: 0.7072 (0.8488)  loss_giou_aux_1: 1.3904 (1.3317)  loss_fgl_aux_1: 0.7143 (0.8469)  loss_ddf_aux_1: 0.0108 (0.0134)  loss_mal_aux_2: 1.8242 (1.8593)  loss_bbox_aux_2: 0.7108 (0.8369)  loss_giou_aux_2: 1.3385 (1.3207)  loss_fgl_aux_2: 0.7100 (0.8466)  loss_ddf_aux_2: 0.0014 (0.0014)  loss_mal_pre: 1.5664 (1.5971)  loss_bbox_pre: 0.7883 (0.9121)  loss_giou_pre: 1.5316 (1.4305)  loss_mal_enc_0: 1.4033 (1.4042)  loss_bbox_enc_0: 0.9097 (0.9753)  loss_giou_enc_0: 1.6649 (1.5321)  loss_mal_dn_0: 1.1787 (1.2550)  loss_bbox_dn_0: 0.6748 (0.7908)  loss_giou_dn_0: 1.3654 (1.3289)  loss_fgl_dn_0: 1.0731 (1.0763)  loss_ddf_dn_0: 0.2180 (0.2134)  loss_mal_dn_1: 1.5889 (1.7012)  loss_bbox_dn_1: 0.6161 (0.7285)  loss_giou_dn_1: 1.1871 (1.1555)  loss_fgl_dn_1: 1.0541 (1.0645)  loss_ddf_dn_1: 0.0394 (0.0414)  loss_mal_dn_2: 1.5986 (1.7534)  loss_bbox_dn_2: 0.5968 (0.6880)  loss_giou_dn_2: 1.1218 (1.0917)  loss_fgl_dn_2: 1.0558 (1.0706)  loss_ddf_dn_2: 0.0048 (0.0050)  loss_mal_dn_3: 1.5439 (1.7323)  loss_bbox_dn_3: 0.5923 (0.6776)  loss_giou_dn_3: 1.0971 (1.0696)  loss_fgl_dn_3: 1.0730 (1.0811)  loss_mal_dn_pre: 1.2021 (1.2562)  loss_bbox_dn_pre: 0.6808 (0.7703)  loss_giou_dn_pre: 1.3558 (1.3280)  time: 0.2028  data: 0.0893  max mem: 2550
Epoch: [40] Total time: 0:00:01 (0.2125 s / it)
Averaged stats: lr: 0.000001  loss: 47.9650 (49.1971)  loss_mal: 1.8076 (1.8143)  loss_bbox: 0.7116 (0.8398)  loss_giou: 1.3392 (1.3175)  loss_fgl: 0.7099 (0.8459)  loss_mal_aux_0: 1.6016 (1.6002)  loss_bbox_aux_0: 0.7753 (0.8914)  loss_giou_aux_0: 1.5168 (1.4252)  loss_fgl_aux_0: 0.7117 (0.8353)  loss_ddf_aux_0: 0.0696 (0.0750)  loss_mal_aux_1: 1.8916 (1.9163)  loss_bbox_aux_1: 0.7072 (0.8488)  loss_giou_aux_1: 1.3904 (1.3317)  loss_fgl_aux_1: 0.7143 (0.8469)  loss_ddf_aux_1: 0.0108 (0.0134)  loss_mal_aux_2: 1.8242 (1.8593)  loss_bbox_aux_2: 0.7108 (0.8369)  loss_giou_aux_2: 1.3385 (1.3207)  loss_fgl_aux_2: 0.7100 (0.8466)  loss_ddf_aux_2: 0.0014 (0.0014)  loss_mal_pre: 1.5664 (1.5971)  loss_bbox_pre: 0.7883 (0.9121)  loss_giou_pre: 1.5316 (1.4305)  loss_mal_enc_0: 1.4033 (1.4042)  loss_bbox_enc_0: 0.9097 (0.9753)  loss_giou_enc_0: 1.6649 (1.5321)  loss_mal_dn_0: 1.1787 (1.2550)  loss_bbox_dn_0: 0.6748 (0.7908)  loss_giou_dn_0: 1.3654 (1.3289)  loss_fgl_dn_0: 1.0731 (1.0763)  loss_ddf_dn_0: 0.2180 (0.2134)  loss_mal_dn_1: 1.5889 (1.7012)  loss_bbox_dn_1: 0.6161 (0.7285)  loss_giou_dn_1: 1.1871 (1.1555)  loss_fgl_dn_1: 1.0541 (1.0645)  loss_ddf_dn_1: 0.0394 (0.0414)  loss_mal_dn_2: 1.5986 (1.7534)  loss_bbox_dn_2: 0.5968 (0.6880)  loss_giou_dn_2: 1.1218 (1.0917)  loss_fgl_dn_2: 1.0558 (1.0706)  loss_ddf_dn_2: 0.0048 (0.0050)  loss_mal_dn_3: 1.5439 (1.7323)  loss_bbox_dn_3: 0.5923 (0.6776)  loss_giou_dn_3: 1.0971 (1.0696)  loss_fgl_dn_3: 1.0730 (1.0811)  loss_mal_dn_pre: 1.2021 (1.2562)  loss_bbox_dn_pre: 0.6808 (0.7703)  loss_giou_dn_pre: 1.3558 (1.3280)
Test:  [0/4]  eta: 0:00:01    time: 0.3654  data: 0.3332  max mem: 2550
Test:  [3/4]  eta: 0:00:00    time: 0.1108  data: 0.0852  max mem: 2550
Test: Total time: 0:00:00 (0.1317 s / it)
Averaged stats: 
Accumulating evaluation results...
COCOeval_opt.accumulate() finished...
DONE (t=0.00s).
IoU metric: bbox
 Average Precision  (AP) @[ IoU=0.50:0.95 | area=   all | maxDets=100 ] = 0.005
 Average Precision  (AP) @[ IoU=0.50      | area=   all | maxDets=100 ] = 0.006
 Average Precision  (AP) @[ IoU=0.75      | area=   all | maxDets=100 ] = 0.006
 Average Precision  (AP) @[ IoU=0.50:0.95 | area= small | maxDets=100 ] = -1.000
 Average Precision  (AP) @[ IoU=0.50:0.95 | area=medium | maxDets=100 ] = -1.000
 Average Precision  (AP) @[ IoU=0.50:0.95 | area= large | maxDets=100 ] = 0.006
 Average Recall     (AR) @[ IoU=0.50:0.95 | area=   all | maxDets=  1 ] = 0.053
 Average Recall     (AR) @[ IoU=0.50:0.95 | area=   all | maxDets= 10 ] = 0.143
 Average Recall     (AR) @[ IoU=0.50:0.95 | area=   all | maxDets=100 ] = 0.350
 Average Recall     (AR) @[ IoU=0.50:0.95 | area= small | maxDets=100 ] = -1.000
 Average Recall     (AR) @[ IoU=0.50:0.95 | area=medium | maxDets=100 ] = -1.000
 Average Recall     (AR) @[ IoU=0.50:0.95 | area= large | maxDets=100 ] = 0.350
 Average Recall     (AR) @[ IoU=0.50      | area=   all | maxDets=100 ] = 0.433
 Average Recall     (AR) @[ IoU=0.75      | area=   all | maxDets=100 ] = 0.367
best_stat: {'epoch': 39, 'coco_eval_bbox': 0.0065796395747437925}
Epoch: [41]  [0/8]  eta: 0:00:05  lr: 0.000001  loss: 53.2743 (53.2743)  loss_mal: 2.4961 (2.4961)  loss_bbox: 0.7138 (0.7138)  loss_giou: 1.1799 (1.1799)  loss_fgl: 0.8145 (0.8145)  loss_mal_aux_0: 2.1289 (2.1289)  loss_bbox_aux_0: 0.8147 (0.8147)  loss_giou_aux_0: 1.2953 (1.2953)  loss_fgl_aux_0: 0.8278 (0.8278)  loss_ddf_aux_0: 0.0546 (0.0546)  loss_mal_aux_1: 2.7168 (2.7168)  loss_bbox_aux_1: 0.7118 (0.7118)  loss_giou_aux_1: 1.1644 (1.1644)  loss_fgl_aux_1: 0.7996 (0.7996)  loss_ddf_aux_1: 0.0087 (0.0087)  loss_mal_aux_2: 2.5762 (2.5762)  loss_bbox_aux_2: 0.7113 (0.7113)  loss_giou_aux_2: 1.1807 (1.1807)  loss_fgl_aux_2: 0.8121 (0.8121)  loss_ddf_aux_2: 0.0009 (0.0009)  loss_mal_pre: 2.1367 (2.1367)  loss_bbox_pre: 0.8049 (0.8049)  loss_giou_pre: 1.3073 (1.3073)  loss_mal_enc_0: 1.9824 (1.9824)  loss_bbox_enc_0: 0.9638 (0.9638)  loss_giou_enc_0: 1.4235 (1.4235)  loss_mal_dn_0: 1.5078 (1.5078)  loss_bbox_dn_0: 0.9283 (0.9283)  loss_giou_dn_0: 1.1893 (1.1893)  loss_fgl_dn_0: 1.2482 (1.2482)  loss_ddf_dn_0: 0.1901 (0.1901)  loss_mal_dn_1: 1.9990 (1.9990)  loss_bbox_dn_1: 0.8271 (0.8271)  loss_giou_dn_1: 1.0155 (1.0155)  loss_fgl_dn_1: 1.1832 (1.1832)  loss_ddf_dn_1: 0.0342 (0.0342)  loss_mal_dn_2: 2.1445 (2.1445)  loss_bbox_dn_2: 0.7444 (0.7444)  loss_giou_dn_2: 0.9138 (0.9138)  loss_fgl_dn_2: 1.1918 (1.1918)  loss_ddf_dn_2: 0.0044 (0.0044)  loss_mal_dn_3: 2.1367 (2.1367)  loss_bbox_dn_3: 0.7057 (0.7057)  loss_giou_dn_3: 0.8735 (0.8735)  loss_fgl_dn_3: 1.2136 (1.2136)  loss_mal_dn_pre: 1.5371 (1.5371)  loss_bbox_dn_pre: 0.8890 (0.8890)  loss_giou_dn_pre: 1.1705 (1.1705)  time: 0.7261  data: 0.5811  max mem: 2550
Epoch: [41]  [7/8]  eta: 0:00:00  lr: 0.000001  loss: 50.1833 (52.0749)  loss_mal: 1.7490 (2.0367)  loss_bbox: 0.7745 (0.9234)  loss_giou: 1.1799 (1.2643)  loss_fgl: 0.8031 (0.8693)  loss_mal_aux_0: 1.5342 (1.8368)  loss_bbox_aux_0: 0.8147 (1.0060)  loss_giou_aux_0: 1.2953 (1.3493)  loss_fgl_aux_0: 0.7900 (0.8448)  loss_ddf_aux_0: 0.0629 (0.0664)  loss_mal_aux_1: 1.7666 (2.1061)  loss_bbox_aux_1: 0.8368 (0.9436)  loss_giou_aux_1: 1.1874 (1.2745)  loss_fgl_aux_1: 0.7996 (0.8622)  loss_ddf_aux_1: 0.0107 (0.0109)  loss_mal_aux_2: 1.7910 (2.0999)  loss_bbox_aux_2: 0.7809 (0.9268)  loss_giou_aux_2: 1.1807 (1.2681)  loss_fgl_aux_2: 0.8063 (0.8654)  loss_ddf_aux_2: 0.0010 (0.0012)  loss_mal_pre: 1.5762 (1.8767)  loss_bbox_pre: 0.8067 (1.0137)  loss_giou_pre: 1.3073 (1.3304)  loss_mal_enc_0: 1.4248 (1.7463)  loss_bbox_enc_0: 0.9638 (1.1061)  loss_giou_enc_0: 1.4119 (1.4113)  loss_mal_dn_0: 1.4209 (1.4041)  loss_bbox_dn_0: 0.7875 (0.8942)  loss_giou_dn_0: 1.2324 (1.2498)  loss_fgl_dn_0: 1.1238 (1.1542)  loss_ddf_dn_0: 0.1901 (0.2054)  loss_mal_dn_1: 1.9990 (1.9150)  loss_bbox_dn_1: 0.7339 (0.8116)  loss_giou_dn_1: 1.0079 (1.0644)  loss_fgl_dn_1: 1.1155 (1.1201)  loss_ddf_dn_1: 0.0342 (0.0409)  loss_mal_dn_2: 1.9961 (1.9645)  loss_bbox_dn_2: 0.7095 (0.7570)  loss_giou_dn_2: 0.9255 (1.0031)  loss_fgl_dn_2: 1.1164 (1.1233)  loss_ddf_dn_2: 0.0046 (0.0053)  loss_mal_dn_3: 1.9424 (1.9440)  loss_bbox_dn_3: 0.6875 (0.7364)  loss_giou_dn_3: 0.8999 (0.9758)  loss_fgl_dn_3: 1.1385 (1.1370)  loss_mal_dn_pre: 1.4541 (1.4325)  loss_bbox_dn_pre: 0.7720 (0.8662)  loss_giou_dn_pre: 1.2065 (1.2301)  time: 0.1899  data: 0.0761  max mem: 2550
Epoch: [41] Total time: 0:00:01 (0.1999 s / it)
Averaged stats: lr: 0.000001  loss: 50.1833 (52.0749)  loss_mal: 1.7490 (2.0367)  loss_bbox: 0.7745 (0.9234)  loss_giou: 1.1799 (1.2643)  loss_fgl: 0.8031 (0.8693)  loss_mal_aux_0: 1.5342 (1.8368)  loss_bbox_aux_0: 0.8147 (1.0060)  loss_giou_aux_0: 1.2953 (1.3493)  loss_fgl_aux_0: 0.7900 (0.8448)  loss_ddf_aux_0: 0.0629 (0.0664)  loss_mal_aux_1: 1.7666 (2.1061)  loss_bbox_aux_1: 0.8368 (0.9436)  loss_giou_aux_1: 1.1874 (1.2745)  loss_fgl_aux_1: 0.7996 (0.8622)  loss_ddf_aux_1: 0.0107 (0.0109)  loss_mal_aux_2: 1.7910 (2.0999)  loss_bbox_aux_2: 0.7809 (0.9268)  loss_giou_aux_2: 1.1807 (1.2681)  loss_fgl_aux_2: 0.8063 (0.8654)  loss_ddf_aux_2: 0.0010 (0.0012)  loss_mal_pre: 1.5762 (1.8767)  loss_bbox_pre: 0.8067 (1.0137)  loss_giou_pre: 1.3073 (1.3304)  loss_mal_enc_0: 1.4248 (1.7463)  loss_bbox_enc_0: 0.9638 (1.1061)  loss_giou_enc_0: 1.4119 (1.4113)  loss_mal_dn_0: 1.4209 (1.4041)  loss_bbox_dn_0: 0.7875 (0.8942)  loss_giou_dn_0: 1.2324 (1.2498)  loss_fgl_dn_0: 1.1238 (1.1542)  loss_ddf_dn_0: 0.1901 (0.2054)  loss_mal_dn_1: 1.9990 (1.9150)  loss_bbox_dn_1: 0.7339 (0.8116)  loss_giou_dn_1: 1.0079 (1.0644)  loss_fgl_dn_1: 1.1155 (1.1201)  loss_ddf_dn_1: 0.0342 (0.0409)  loss_mal_dn_2: 1.9961 (1.9645)  loss_bbox_dn_2: 0.7095 (0.7570)  loss_giou_dn_2: 0.9255 (1.0031)  loss_fgl_dn_2: 1.1164 (1.1233)  loss_ddf_dn_2: 0.0046 (0.0053)  loss_mal_dn_3: 1.9424 (1.9440)  loss_bbox_dn_3: 0.6875 (0.7364)  loss_giou_dn_3: 0.8999 (0.9758)  loss_fgl_dn_3: 1.1385 (1.1370)  loss_mal_dn_pre: 1.4541 (1.4325)  loss_bbox_dn_pre: 0.7720 (0.8662)  loss_giou_dn_pre: 1.2065 (1.2301)
Test:  [0/4]  eta: 0:00:01    time: 0.3759  data: 0.3449  max mem: 2550
Test:  [3/4]  eta: 0:00:00    time: 0.1136  data: 0.0880  max mem: 2550
Test: Total time: 0:00:00 (0.1281 s / it)
Averaged stats: 
Accumulating evaluation results...
COCOeval_opt.accumulate() finished...
DONE (t=0.00s).
IoU metric: bbox
 Average Precision  (AP) @[ IoU=0.50:0.95 | area=   all | maxDets=100 ] = 0.009
 Average Precision  (AP) @[ IoU=0.50      | area=   all | maxDets=100 ] = 0.012
 Average Precision  (AP) @[ IoU=0.75      | area=   all | maxDets=100 ] = 0.008
 Average Precision  (AP) @[ IoU=0.50:0.95 | area= small | maxDets=100 ] = -1.000
 Average Precision  (AP) @[ IoU=0.50:0.95 | area=medium | maxDets=100 ] = -1.000
 Average Precision  (AP) @[ IoU=0.50:0.95 | area= large | maxDets=100 ] = 0.011
 Average Recall     (AR) @[ IoU=0.50:0.95 | area=   all | maxDets=  1 ] = 0.027
 Average Recall     (AR) @[ IoU=0.50:0.95 | area=   all | maxDets= 10 ] = 0.197
 Average Recall     (AR) @[ IoU=0.50:0.95 | area=   all | maxDets=100 ] = 0.473
 Average Recall     (AR) @[ IoU=0.50:0.95 | area= small | maxDets=100 ] = -1.000
 Average Recall     (AR) @[ IoU=0.50:0.95 | area=medium | maxDets=100 ] = -1.000
 Average Recall     (AR) @[ IoU=0.50:0.95 | area= large | maxDets=100 ] = 0.473
 Average Recall     (AR) @[ IoU=0.50      | area=   all | maxDets=100 ] = 0.600
 Average Recall     (AR) @[ IoU=0.75      | area=   all | maxDets=100 ] = 0.500
best_stat: {'epoch': 41, 'coco_eval_bbox': 0.008594191342496588}
Epoch: [42]  [0/8]  eta: 0:00:04  lr: 0.000001  loss: 54.6402 (54.6402)  loss_mal: 2.4863 (2.4863)  loss_bbox: 0.9889 (0.9889)  loss_giou: 1.5238 (1.5238)  loss_fgl: 0.7233 (0.7233)  loss_mal_aux_0: 2.2852 (2.2852)  loss_bbox_aux_0: 1.0175 (1.0175)  loss_giou_aux_0: 1.6093 (1.6093)  loss_fgl_aux_0: 0.7184 (0.7184)  loss_ddf_aux_0: 0.0492 (0.0492)  loss_mal_aux_1: 2.5352 (2.5352)  loss_bbox_aux_1: 0.9988 (0.9988)  loss_giou_aux_1: 1.5326 (1.5326)  loss_fgl_aux_1: 0.7188 (0.7188)  loss_ddf_aux_1: 0.0081 (0.0081)  loss_mal_aux_2: 2.5039 (2.5039)  loss_bbox_aux_2: 0.9815 (0.9815)  loss_giou_aux_2: 1.5212 (1.5212)  loss_fgl_aux_2: 0.7262 (0.7262)  loss_ddf_aux_2: 0.0008 (0.0008)  loss_mal_pre: 2.2559 (2.2559)  loss_bbox_pre: 0.9974 (0.9974)  loss_giou_pre: 1.6151 (1.6151)  loss_mal_enc_0: 2.0625 (2.0625)  loss_bbox_enc_0: 0.9913 (0.9913)  loss_giou_enc_0: 1.7004 (1.7004)  loss_mal_dn_0: 1.5586 (1.5586)  loss_bbox_dn_0: 0.5691 (0.5691)  loss_giou_dn_0: 1.1636 (1.1636)  loss_fgl_dn_0: 1.1551 (1.1551)  loss_ddf_dn_0: 0.2534 (0.2534)  loss_mal_dn_1: 2.1582 (2.1582)  loss_bbox_dn_1: 0.4867 (0.4867)  loss_giou_dn_1: 0.9364 (0.9364)  loss_fgl_dn_1: 1.1135 (1.1135)  loss_ddf_dn_1: 0.0498 (0.0498)  loss_mal_dn_2: 2.2793 (2.2793)  loss_bbox_dn_2: 0.4382 (0.4382)  loss_giou_dn_2: 0.8363 (0.8363)  loss_fgl_dn_2: 1.1280 (1.1280)  loss_ddf_dn_2: 0.0053 (0.0053)  loss_mal_dn_3: 2.2773 (2.2773)  loss_bbox_dn_3: 0.4366 (0.4366)  loss_giou_dn_3: 0.8099 (0.8099)  loss_fgl_dn_3: 1.1414 (1.1414)  loss_mal_dn_pre: 1.5498 (1.5498)  loss_bbox_dn_pre: 0.5718 (0.5718)  loss_giou_dn_pre: 1.1703 (1.1703)  time: 0.5616  data: 0.4092  max mem: 2550
Epoch: [42]  [7/8]  eta: 0:00:00  lr: 0.000001  loss: 50.3360 (50.3814)  loss_mal: 2.4492 (2.3517)  loss_bbox: 0.5491 (0.6383)  loss_giou: 0.7100 (1.0092)  loss_fgl: 0.9257 (0.9432)  loss_mal_aux_0: 2.3164 (2.1259)  loss_bbox_aux_0: 0.6103 (0.7140)  loss_giou_aux_0: 0.8599 (1.1235)  loss_fgl_aux_0: 0.9416 (0.9056)  loss_ddf_aux_0: 0.0805 (0.0738)  loss_mal_aux_1: 2.5723 (2.4288)  loss_bbox_aux_1: 0.5420 (0.6545)  loss_giou_aux_1: 0.7540 (1.0256)  loss_fgl_aux_1: 0.9347 (0.9355)  loss_ddf_aux_1: 0.0131 (0.0139)  loss_mal_aux_2: 2.5039 (2.3975)  loss_bbox_aux_2: 0.5509 (0.6397)  loss_giou_aux_2: 0.7323 (1.0142)  loss_fgl_aux_2: 0.9288 (0.9423)  loss_ddf_aux_2: 0.0012 (0.0016)  loss_mal_pre: 2.2559 (2.0980)  loss_bbox_pre: 0.6160 (0.7195)  loss_giou_pre: 0.8595 (1.1351)  loss_mal_enc_0: 2.0625 (1.9249)  loss_bbox_enc_0: 0.6476 (0.7871)  loss_giou_enc_0: 0.9624 (1.2341)  loss_mal_dn_0: 1.3750 (1.4106)  loss_bbox_dn_0: 0.6435 (0.7694)  loss_giou_dn_0: 1.2250 (1.2468)  loss_fgl_dn_0: 1.1176 (1.1140)  loss_ddf_dn_0: 0.2350 (0.2325)  loss_mal_dn_1: 2.0039 (2.0640)  loss_bbox_dn_1: 0.5281 (0.6497)  loss_giou_dn_1: 0.9908 (0.9965)  loss_fgl_dn_1: 1.1036 (1.0964)  loss_ddf_dn_1: 0.0413 (0.0479)  loss_mal_dn_2: 2.0469 (2.1553)  loss_bbox_dn_2: 0.4918 (0.6002)  loss_giou_dn_2: 0.9054 (0.9103)  loss_fgl_dn_2: 1.1080 (1.1120)  loss_ddf_dn_2: 0.0054 (0.0061)  loss_mal_dn_3: 2.0527 (2.1287)  loss_bbox_dn_3: 0.4766 (0.5848)  loss_giou_dn_3: 0.8711 (0.8842)  loss_fgl_dn_3: 1.1265 (1.1226)  loss_mal_dn_pre: 1.3887 (1.4062)  loss_bbox_dn_pre: 0.6275 (0.7571)  loss_giou_dn_pre: 1.2209 (1.2487)  time: 0.1902  data: 0.0734  max mem: 2550
Epoch: [42] Total time: 0:00:01 (0.1975 s / it)
Averaged stats: lr: 0.000001  loss: 50.3360 (50.3814)  loss_mal: 2.4492 (2.3517)  loss_bbox: 0.5491 (0.6383)  loss_giou: 0.7100 (1.0092)  loss_fgl: 0.9257 (0.9432)  loss_mal_aux_0: 2.3164 (2.1259)  loss_bbox_aux_0: 0.6103 (0.7140)  loss_giou_aux_0: 0.8599 (1.1235)  loss_fgl_aux_0: 0.9416 (0.9056)  loss_ddf_aux_0: 0.0805 (0.0738)  loss_mal_aux_1: 2.5723 (2.4288)  loss_bbox_aux_1: 0.5420 (0.6545)  loss_giou_aux_1: 0.7540 (1.0256)  loss_fgl_aux_1: 0.9347 (0.9355)  loss_ddf_aux_1: 0.0131 (0.0139)  loss_mal_aux_2: 2.5039 (2.3975)  loss_bbox_aux_2: 0.5509 (0.6397)  loss_giou_aux_2: 0.7323 (1.0142)  loss_fgl_aux_2: 0.9288 (0.9423)  loss_ddf_aux_2: 0.0012 (0.0016)  loss_mal_pre: 2.2559 (2.0980)  loss_bbox_pre: 0.6160 (0.7195)  loss_giou_pre: 0.8595 (1.1351)  loss_mal_enc_0: 2.0625 (1.9249)  loss_bbox_enc_0: 0.6476 (0.7871)  loss_giou_enc_0: 0.9624 (1.2341)  loss_mal_dn_0: 1.3750 (1.4106)  loss_bbox_dn_0: 0.6435 (0.7694)  loss_giou_dn_0: 1.2250 (1.2468)  loss_fgl_dn_0: 1.1176 (1.1140)  loss_ddf_dn_0: 0.2350 (0.2325)  loss_mal_dn_1: 2.0039 (2.0640)  loss_bbox_dn_1: 0.5281 (0.6497)  loss_giou_dn_1: 0.9908 (0.9965)  loss_fgl_dn_1: 1.1036 (1.0964)  loss_ddf_dn_1: 0.0413 (0.0479)  loss_mal_dn_2: 2.0469 (2.1553)  loss_bbox_dn_2: 0.4918 (0.6002)  loss_giou_dn_2: 0.9054 (0.9103)  loss_fgl_dn_2: 1.1080 (1.1120)  loss_ddf_dn_2: 0.0054 (0.0061)  loss_mal_dn_3: 2.0527 (2.1287)  loss_bbox_dn_3: 0.4766 (0.5848)  loss_giou_dn_3: 0.8711 (0.8842)  loss_fgl_dn_3: 1.1265 (1.1226)  loss_mal_dn_pre: 1.3887 (1.4062)  loss_bbox_dn_pre: 0.6275 (0.7571)  loss_giou_dn_pre: 1.2209 (1.2487)
Test:  [0/4]  eta: 0:00:01    time: 0.3564  data: 0.3251  max mem: 2550
Test:  [3/4]  eta: 0:00:00    time: 0.1430  data: 0.0831  max mem: 2550
Test: Total time: 0:00:00 (0.1643 s / it)
Averaged stats: 
Accumulating evaluation results...
COCOeval_opt.accumulate() finished...
DONE (t=0.00s).
IoU metric: bbox
 Average Precision  (AP) @[ IoU=0.50:0.95 | area=   all | maxDets=100 ] = 0.017
 Average Precision  (AP) @[ IoU=0.50      | area=   all | maxDets=100 ] = 0.025
 Average Precision  (AP) @[ IoU=0.75      | area=   all | maxDets=100 ] = 0.018
 Average Precision  (AP) @[ IoU=0.50:0.95 | area= small | maxDets=100 ] = -1.000
 Average Precision  (AP) @[ IoU=0.50:0.95 | area=medium | maxDets=100 ] = -1.000
 Average Precision  (AP) @[ IoU=0.50:0.95 | area= large | maxDets=100 ] = 0.018
 Average Recall     (AR) @[ IoU=0.50:0.95 | area=   all | maxDets=  1 ] = 0.027
 Average Recall     (AR) @[ IoU=0.50:0.95 | area=   all | maxDets= 10 ] = 0.223
 Average Recall     (AR) @[ IoU=0.50:0.95 | area=   all | maxDets=100 ] = 0.560
 Average Recall     (AR) @[ IoU=0.50:0.95 | area= small | maxDets=100 ] = -1.000
 Average Recall     (AR) @[ IoU=0.50:0.95 | area=medium | maxDets=100 ] = -1.000
 Average Recall     (AR) @[ IoU=0.50:0.95 | area= large | maxDets=100 ] = 0.560
 Average Recall     (AR) @[ IoU=0.50      | area=   all | maxDets=100 ] = 0.667
 Average Recall     (AR) @[ IoU=0.75      | area=   all | maxDets=100 ] = 0.633
best_stat: {'epoch': 42, 'coco_eval_bbox': 0.016606457066556946}
Epoch: [43]  [0/8]  eta: 0:00:07  lr: 0.000001  loss: 43.5202 (43.5202)  loss_mal: 1.8496 (1.8496)  loss_bbox: 0.4642 (0.4642)  loss_giou: 1.0142 (1.0142)  loss_fgl: 0.8453 (0.8453)  loss_mal_aux_0: 1.3340 (1.3340)  loss_bbox_aux_0: 0.5129 (0.5129)  loss_giou_aux_0: 1.1958 (1.1958)  loss_fgl_aux_0: 0.8131 (0.8131)  loss_ddf_aux_0: 0.0625 (0.0625)  loss_mal_aux_1: 1.7588 (1.7588)  loss_bbox_aux_1: 0.5023 (0.5023)  loss_giou_aux_1: 1.0805 (1.0805)  loss_fgl_aux_1: 0.8301 (0.8301)  loss_ddf_aux_1: 0.0145 (0.0145)  loss_mal_aux_2: 1.8330 (1.8330)  loss_bbox_aux_2: 0.4744 (0.4744)  loss_giou_aux_2: 1.0222 (1.0222)  loss_fgl_aux_2: 0.8425 (0.8425)  loss_ddf_aux_2: 0.0017 (0.0017)  loss_mal_pre: 1.3350 (1.3350)  loss_bbox_pre: 0.5266 (0.5266)  loss_giou_pre: 1.2040 (1.2040)  loss_mal_enc_0: 1.1826 (1.1826)  loss_bbox_enc_0: 0.5972 (0.5972)  loss_giou_enc_0: 1.3471 (1.3471)  loss_mal_dn_0: 1.1895 (1.1895)  loss_bbox_dn_0: 0.5991 (0.5991)  loss_giou_dn_0: 1.3731 (1.3731)  loss_fgl_dn_0: 1.0275 (1.0275)  loss_ddf_dn_0: 0.1977 (0.1977)  loss_mal_dn_1: 1.7725 (1.7725)  loss_bbox_dn_1: 0.5283 (0.5283)  loss_giou_dn_1: 1.1213 (1.1213)  loss_fgl_dn_1: 0.9763 (0.9763)  loss_ddf_dn_1: 0.0399 (0.0399)  loss_mal_dn_2: 1.9609 (1.9609)  loss_bbox_dn_2: 0.4776 (0.4776)  loss_giou_dn_2: 0.9977 (0.9977)  loss_fgl_dn_2: 1.0019 (1.0019)  loss_ddf_dn_2: 0.0045 (0.0045)  loss_mal_dn_3: 1.9854 (1.9854)  loss_bbox_dn_3: 0.4757 (0.4757)  loss_giou_dn_3: 0.9545 (0.9545)  loss_fgl_dn_3: 1.0315 (1.0315)  loss_mal_dn_pre: 1.2012 (1.2012)  loss_bbox_dn_pre: 0.5905 (0.5905)  loss_giou_dn_pre: 1.3694 (1.3694)  time: 0.9248  data: 0.7798  max mem: 2550
Epoch: [43]  [7/8]  eta: 0:00:00  lr: 0.000001  loss: 51.0543 (50.6950)  loss_mal: 2.0371 (2.2125)  loss_bbox: 0.7643 (0.7765)  loss_giou: 1.0341 (1.0049)  loss_fgl: 0.9151 (0.9811)  loss_mal_aux_0: 1.8389 (1.9648)  loss_bbox_aux_0: 0.7944 (0.8482)  loss_giou_aux_0: 1.1627 (1.1212)  loss_fgl_aux_0: 0.8992 (0.9426)  loss_ddf_aux_0: 0.0670 (0.0737)  loss_mal_aux_1: 2.1465 (2.2764)  loss_bbox_aux_1: 0.7835 (0.7986)  loss_giou_aux_1: 1.0805 (1.0285)  loss_fgl_aux_1: 0.9235 (0.9737)  loss_ddf_aux_1: 0.0145 (0.0138)  loss_mal_aux_2: 2.0996 (2.2421)  loss_bbox_aux_2: 0.7693 (0.7852)  loss_giou_aux_2: 1.0413 (1.0145)  loss_fgl_aux_2: 0.9177 (0.9775)  loss_ddf_aux_2: 0.0014 (0.0018)  loss_mal_pre: 1.8369 (1.9482)  loss_bbox_pre: 0.8234 (0.8740)  loss_giou_pre: 1.1655 (1.1300)  loss_mal_enc_0: 1.7568 (1.8342)  loss_bbox_enc_0: 0.8731 (0.9354)  loss_giou_enc_0: 1.2525 (1.2043)  loss_mal_dn_0: 1.3398 (1.3773)  loss_bbox_dn_0: 0.8046 (0.8986)  loss_giou_dn_0: 1.2626 (1.2514)  loss_fgl_dn_0: 1.0743 (1.0766)  loss_ddf_dn_0: 0.1977 (0.2204)  loss_mal_dn_1: 1.8076 (1.9053)  loss_bbox_dn_1: 0.7358 (0.7952)  loss_giou_dn_1: 1.0489 (1.0462)  loss_fgl_dn_1: 1.0756 (1.0830)  loss_ddf_dn_1: 0.0418 (0.0463)  loss_mal_dn_2: 1.9609 (1.9868)  loss_bbox_dn_2: 0.6855 (0.7419)  loss_giou_dn_2: 0.9693 (0.9720)  loss_fgl_dn_2: 1.0789 (1.0911)  loss_ddf_dn_2: 0.0058 (0.0062)  loss_mal_dn_3: 1.9160 (1.9379)  loss_bbox_dn_3: 0.6811 (0.7272)  loss_giou_dn_3: 0.9545 (0.9494)  loss_fgl_dn_3: 1.0903 (1.1001)  loss_mal_dn_pre: 1.3242 (1.3767)  loss_bbox_dn_pre: 0.7962 (0.8880)  loss_giou_dn_pre: 1.2539 (1.2533)  time: 0.2141  data: 0.0996  max mem: 2550
Epoch: [43] Total time: 0:00:01 (0.2215 s / it)
Averaged stats: lr: 0.000001  loss: 51.0543 (50.6950)  loss_mal: 2.0371 (2.2125)  loss_bbox: 0.7643 (0.7765)  loss_giou: 1.0341 (1.0049)  loss_fgl: 0.9151 (0.9811)  loss_mal_aux_0: 1.8389 (1.9648)  loss_bbox_aux_0: 0.7944 (0.8482)  loss_giou_aux_0: 1.1627 (1.1212)  loss_fgl_aux_0: 0.8992 (0.9426)  loss_ddf_aux_0: 0.0670 (0.0737)  loss_mal_aux_1: 2.1465 (2.2764)  loss_bbox_aux_1: 0.7835 (0.7986)  loss_giou_aux_1: 1.0805 (1.0285)  loss_fgl_aux_1: 0.9235 (0.9737)  loss_ddf_aux_1: 0.0145 (0.0138)  loss_mal_aux_2: 2.0996 (2.2421)  loss_bbox_aux_2: 0.7693 (0.7852)  loss_giou_aux_2: 1.0413 (1.0145)  loss_fgl_aux_2: 0.9177 (0.9775)  loss_ddf_aux_2: 0.0014 (0.0018)  loss_mal_pre: 1.8369 (1.9482)  loss_bbox_pre: 0.8234 (0.8740)  loss_giou_pre: 1.1655 (1.1300)  loss_mal_enc_0: 1.7568 (1.8342)  loss_bbox_enc_0: 0.8731 (0.9354)  loss_giou_enc_0: 1.2525 (1.2043)  loss_mal_dn_0: 1.3398 (1.3773)  loss_bbox_dn_0: 0.8046 (0.8986)  loss_giou_dn_0: 1.2626 (1.2514)  loss_fgl_dn_0: 1.0743 (1.0766)  loss_ddf_dn_0: 0.1977 (0.2204)  loss_mal_dn_1: 1.8076 (1.9053)  loss_bbox_dn_1: 0.7358 (0.7952)  loss_giou_dn_1: 1.0489 (1.0462)  loss_fgl_dn_1: 1.0756 (1.0830)  loss_ddf_dn_1: 0.0418 (0.0463)  loss_mal_dn_2: 1.9609 (1.9868)  loss_bbox_dn_2: 0.6855 (0.7419)  loss_giou_dn_2: 0.9693 (0.9720)  loss_fgl_dn_2: 1.0789 (1.0911)  loss_ddf_dn_2: 0.0058 (0.0062)  loss_mal_dn_3: 1.9160 (1.9379)  loss_bbox_dn_3: 0.6811 (0.7272)  loss_giou_dn_3: 0.9545 (0.9494)  loss_fgl_dn_3: 1.0903 (1.1001)  loss_mal_dn_pre: 1.3242 (1.3767)  loss_bbox_dn_pre: 0.7962 (0.8880)  loss_giou_dn_pre: 1.2539 (1.2533)
Test:  [0/4]  eta: 0:00:01    time: 0.3683  data: 0.3368  max mem: 2550
Test:  [3/4]  eta: 0:00:00    time: 0.1117  data: 0.0862  max mem: 2550
Test: Total time: 0:00:00 (0.1295 s / it)
Averaged stats: 
Accumulating evaluation results...
COCOeval_opt.accumulate() finished...
DONE (t=0.00s).
IoU metric: bbox
 Average Precision  (AP) @[ IoU=0.50:0.95 | area=   all | maxDets=100 ] = 0.017
 Average Precision  (AP) @[ IoU=0.50      | area=   all | maxDets=100 ] = 0.020
 Average Precision  (AP) @[ IoU=0.75      | area=   all | maxDets=100 ] = 0.020
 Average Precision  (AP) @[ IoU=0.50:0.95 | area= small | maxDets=100 ] = -1.000
 Average Precision  (AP) @[ IoU=0.50:0.95 | area=medium | maxDets=100 ] = -1.000
 Average Precision  (AP) @[ IoU=0.50:0.95 | area= large | maxDets=100 ] = 0.019
 Average Recall     (AR) @[ IoU=0.50:0.95 | area=   all | maxDets=  1 ] = 0.027
 Average Recall     (AR) @[ IoU=0.50:0.95 | area=   all | maxDets= 10 ] = 0.213
 Average Recall     (AR) @[ IoU=0.50:0.95 | area=   all | maxDets=100 ] = 0.483
 Average Recall     (AR) @[ IoU=0.50:0.95 | area= small | maxDets=100 ] = -1.000
 Average Recall     (AR) @[ IoU=0.50:0.95 | area=medium | maxDets=100 ] = -1.000
 Average Recall     (AR) @[ IoU=0.50:0.95 | area= large | maxDets=100 ] = 0.483
 Average Recall     (AR) @[ IoU=0.50      | area=   all | maxDets=100 ] = 0.600
 Average Recall     (AR) @[ IoU=0.75      | area=   all | maxDets=100 ] = 0.567
best_stat: {'epoch': 43, 'coco_eval_bbox': 0.01691873892386799}
Epoch: [44]  [0/8]  eta: 0:00:04  lr: 0.000001  loss: 46.6871 (46.6871)  loss_mal: 2.4961 (2.4961)  loss_bbox: 0.3465 (0.3465)  loss_giou: 0.7803 (0.7803)  loss_fgl: 1.0036 (1.0036)  loss_mal_aux_0: 2.0332 (2.0332)  loss_bbox_aux_0: 0.4269 (0.4269)  loss_giou_aux_0: 0.9996 (0.9996)  loss_fgl_aux_0: 0.9673 (0.9673)  loss_ddf_aux_0: 0.1219 (0.1219)  loss_mal_aux_1: 2.4629 (2.4629)  loss_bbox_aux_1: 0.3807 (0.3807)  loss_giou_aux_1: 0.8358 (0.8358)  loss_fgl_aux_1: 1.0067 (1.0067)  loss_ddf_aux_1: 0.0229 (0.0229)  loss_mal_aux_2: 2.5117 (2.5117)  loss_bbox_aux_2: 0.3540 (0.3540)  loss_giou_aux_2: 0.7872 (0.7872)  loss_fgl_aux_2: 1.0033 (1.0033)  loss_ddf_aux_2: 0.0019 (0.0019)  loss_mal_pre: 2.0234 (2.0234)  loss_bbox_pre: 0.4370 (0.4370)  loss_giou_pre: 1.0100 (1.0100)  loss_mal_enc_0: 1.7617 (1.7617)  loss_bbox_enc_0: 0.4879 (0.4879)  loss_giou_enc_0: 1.1333 (1.1333)  loss_mal_dn_0: 1.2598 (1.2598)  loss_bbox_dn_0: 0.6296 (0.6296)  loss_giou_dn_0: 1.3320 (1.3320)  loss_fgl_dn_0: 1.0374 (1.0374)  loss_ddf_dn_0: 0.2643 (0.2643)  loss_mal_dn_1: 1.9492 (1.9492)  loss_bbox_dn_1: 0.5213 (0.5213)  loss_giou_dn_1: 1.0304 (1.0304)  loss_fgl_dn_1: 1.0464 (1.0464)  loss_ddf_dn_1: 0.0548 (0.0548)  loss_mal_dn_2: 2.0449 (2.0449)  loss_bbox_dn_2: 0.4672 (0.4672)  loss_giou_dn_2: 0.9306 (0.9306)  loss_fgl_dn_2: 1.0606 (1.0606)  loss_ddf_dn_2: 0.0062 (0.0062)  loss_mal_dn_3: 2.0352 (2.0352)  loss_bbox_dn_3: 0.4557 (0.4557)  loss_giou_dn_3: 0.9070 (0.9070)  loss_fgl_dn_3: 1.0690 (1.0690)  loss_mal_dn_pre: 1.2793 (1.2793)  loss_bbox_dn_pre: 0.5837 (0.5837)  loss_giou_dn_pre: 1.3265 (1.3265)  time: 0.5781  data: 0.4304  max mem: 2550
Epoch: [44]  [7/8]  eta: 0:00:00  lr: 0.000001  loss: 48.2441 (48.7490)  loss_mal: 2.4961 (2.4583)  loss_bbox: 0.3465 (0.4871)  loss_giou: 0.7803 (0.8108)  loss_fgl: 1.0036 (1.0157)  loss_mal_aux_0: 2.1621 (2.1816)  loss_bbox_aux_0: 0.4269 (0.5415)  loss_giou_aux_0: 0.9407 (0.9516)  loss_fgl_aux_0: 0.9732 (1.0116)  loss_ddf_aux_0: 0.1039 (0.1021)  loss_mal_aux_1: 2.4883 (2.4961)  loss_bbox_aux_1: 0.3807 (0.4942)  loss_giou_aux_1: 0.8358 (0.8360)  loss_fgl_aux_1: 0.9901 (1.0159)  loss_ddf_aux_1: 0.0169 (0.0174)  loss_mal_aux_2: 2.5176 (2.4867)  loss_bbox_aux_2: 0.3540 (0.4816)  loss_giou_aux_2: 0.7872 (0.8154)  loss_fgl_aux_2: 1.0033 (1.0156)  loss_ddf_aux_2: 0.0015 (0.0017)  loss_mal_pre: 2.1973 (2.1637)  loss_bbox_pre: 0.4370 (0.5709)  loss_giou_pre: 0.9494 (0.9614)  loss_mal_enc_0: 1.8506 (1.9629)  loss_bbox_enc_0: 0.4879 (0.6353)  loss_giou_enc_0: 1.0524 (1.0968)  loss_mal_dn_0: 1.2598 (1.3468)  loss_bbox_dn_0: 0.7152 (0.7591)  loss_giou_dn_0: 1.2897 (1.2773)  loss_fgl_dn_0: 1.0707 (1.0731)  loss_ddf_dn_0: 0.2430 (0.2486)  loss_mal_dn_1: 1.8965 (1.9482)  loss_bbox_dn_1: 0.5642 (0.6583)  loss_giou_dn_1: 1.0440 (1.0335)  loss_fgl_dn_1: 1.0849 (1.0819)  loss_ddf_dn_1: 0.0548 (0.0551)  loss_mal_dn_2: 1.9766 (2.0204)  loss_bbox_dn_2: 0.4990 (0.6077)  loss_giou_dn_2: 0.9629 (0.9605)  loss_fgl_dn_2: 1.0751 (1.0850)  loss_ddf_dn_2: 0.0059 (0.0061)  loss_mal_dn_3: 1.9746 (1.9879)  loss_bbox_dn_3: 0.4870 (0.5956)  loss_giou_dn_3: 0.9337 (0.9351)  loss_fgl_dn_3: 1.0880 (1.0966)  loss_mal_dn_pre: 1.2812 (1.3542)  loss_bbox_dn_pre: 0.7035 (0.7344)  loss_giou_dn_pre: 1.2769 (1.2719)  time: 0.1993  data: 0.0838  max mem: 2550
Epoch: [44] Total time: 0:00:01 (0.2066 s / it)
Averaged stats: lr: 0.000001  loss: 48.2441 (48.7490)  loss_mal: 2.4961 (2.4583)  loss_bbox: 0.3465 (0.4871)  loss_giou: 0.7803 (0.8108)  loss_fgl: 1.0036 (1.0157)  loss_mal_aux_0: 2.1621 (2.1816)  loss_bbox_aux_0: 0.4269 (0.5415)  loss_giou_aux_0: 0.9407 (0.9516)  loss_fgl_aux_0: 0.9732 (1.0116)  loss_ddf_aux_0: 0.1039 (0.1021)  loss_mal_aux_1: 2.4883 (2.4961)  loss_bbox_aux_1: 0.3807 (0.4942)  loss_giou_aux_1: 0.8358 (0.8360)  loss_fgl_aux_1: 0.9901 (1.0159)  loss_ddf_aux_1: 0.0169 (0.0174)  loss_mal_aux_2: 2.5176 (2.4867)  loss_bbox_aux_2: 0.3540 (0.4816)  loss_giou_aux_2: 0.7872 (0.8154)  loss_fgl_aux_2: 1.0033 (1.0156)  loss_ddf_aux_2: 0.0015 (0.0017)  loss_mal_pre: 2.1973 (2.1637)  loss_bbox_pre: 0.4370 (0.5709)  loss_giou_pre: 0.9494 (0.9614)  loss_mal_enc_0: 1.8506 (1.9629)  loss_bbox_enc_0: 0.4879 (0.6353)  loss_giou_enc_0: 1.0524 (1.0968)  loss_mal_dn_0: 1.2598 (1.3468)  loss_bbox_dn_0: 0.7152 (0.7591)  loss_giou_dn_0: 1.2897 (1.2773)  loss_fgl_dn_0: 1.0707 (1.0731)  loss_ddf_dn_0: 0.2430 (0.2486)  loss_mal_dn_1: 1.8965 (1.9482)  loss_bbox_dn_1: 0.5642 (0.6583)  loss_giou_dn_1: 1.0440 (1.0335)  loss_fgl_dn_1: 1.0849 (1.0819)  loss_ddf_dn_1: 0.0548 (0.0551)  loss_mal_dn_2: 1.9766 (2.0204)  loss_bbox_dn_2: 0.4990 (0.6077)  loss_giou_dn_2: 0.9629 (0.9605)  loss_fgl_dn_2: 1.0751 (1.0850)  loss_ddf_dn_2: 0.0059 (0.0061)  loss_mal_dn_3: 1.9746 (1.9879)  loss_bbox_dn_3: 0.4870 (0.5956)  loss_giou_dn_3: 0.9337 (0.9351)  loss_fgl_dn_3: 1.0880 (1.0966)  loss_mal_dn_pre: 1.2812 (1.3542)  loss_bbox_dn_pre: 0.7035 (0.7344)  loss_giou_dn_pre: 1.2769 (1.2719)
Test:  [0/4]  eta: 0:00:01    time: 0.3638  data: 0.3320  max mem: 2550
Test:  [3/4]  eta: 0:00:00    time: 0.1430  data: 0.0849  max mem: 2550
Test: Total time: 0:00:00 (0.1629 s / it)
Averaged stats: 
Accumulating evaluation results...
COCOeval_opt.accumulate() finished...
DONE (t=0.00s).
IoU metric: bbox
 Average Precision  (AP) @[ IoU=0.50:0.95 | area=   all | maxDets=100 ] = 0.035
 Average Precision  (AP) @[ IoU=0.50      | area=   all | maxDets=100 ] = 0.042
 Average Precision  (AP) @[ IoU=0.75      | area=   all | maxDets=100 ] = 0.038
 Average Precision  (AP) @[ IoU=0.50:0.95 | area= small | maxDets=100 ] = -1.000
 Average Precision  (AP) @[ IoU=0.50:0.95 | area=medium | maxDets=100 ] = -1.000
 Average Precision  (AP) @[ IoU=0.50:0.95 | area= large | maxDets=100 ] = 0.039
 Average Recall     (AR) @[ IoU=0.50:0.95 | area=   all | maxDets=  1 ] = 0.027
 Average Recall     (AR) @[ IoU=0.50:0.95 | area=   all | maxDets= 10 ] = 0.347
 Average Recall     (AR) @[ IoU=0.50:0.95 | area=   all | maxDets=100 ] = 0.627
 Average Recall     (AR) @[ IoU=0.50:0.95 | area= small | maxDets=100 ] = -1.000
 Average Recall     (AR) @[ IoU=0.50:0.95 | area=medium | maxDets=100 ] = -1.000
 Average Recall     (AR) @[ IoU=0.50:0.95 | area= large | maxDets=100 ] = 0.627
 Average Recall     (AR) @[ IoU=0.50      | area=   all | maxDets=100 ] = 0.767
 Average Recall     (AR) @[ IoU=0.75      | area=   all | maxDets=100 ] = 0.700
best_stat: {'epoch': 44, 'coco_eval_bbox': 0.034713777867616785}
Epoch: [45]  [0/8]  eta: 0:00:05  lr: 0.000001  loss: 46.2706 (46.2706)  loss_mal: 1.6074 (1.6074)  loss_bbox: 0.7398 (0.7398)  loss_giou: 1.2617 (1.2617)  loss_fgl: 0.8949 (0.8949)  loss_mal_aux_0: 1.3223 (1.3223)  loss_bbox_aux_0: 0.7282 (0.7282)  loss_giou_aux_0: 1.3935 (1.3935)  loss_fgl_aux_0: 0.8862 (0.8862)  loss_ddf_aux_0: 0.1084 (0.1084)  loss_mal_aux_1: 1.6621 (1.6621)  loss_bbox_aux_1: 0.7507 (0.7507)  loss_giou_aux_1: 1.2765 (1.2765)  loss_fgl_aux_1: 0.8808 (0.8808)  loss_ddf_aux_1: 0.0169 (0.0169)  loss_mal_aux_2: 1.6025 (1.6025)  loss_bbox_aux_2: 0.7445 (0.7445)  loss_giou_aux_2: 1.2695 (1.2695)  loss_fgl_aux_2: 0.8909 (0.8909)  loss_ddf_aux_2: 0.0011 (0.0011)  loss_mal_pre: 1.3184 (1.3184)  loss_bbox_pre: 0.8718 (0.8718)  loss_giou_pre: 1.3987 (1.3987)  loss_mal_enc_0: 1.3154 (1.3154)  loss_bbox_enc_0: 0.9212 (0.9212)  loss_giou_enc_0: 1.4710 (1.4710)  loss_mal_dn_0: 1.0576 (1.0576)  loss_bbox_dn_0: 0.6313 (0.6313)  loss_giou_dn_0: 1.4607 (1.4607)  loss_fgl_dn_0: 1.0682 (1.0682)  loss_ddf_dn_0: 0.2797 (0.2797)  loss_mal_dn_1: 1.5234 (1.5234)  loss_bbox_dn_1: 0.5875 (0.5875)  loss_giou_dn_1: 1.2532 (1.2532)  loss_fgl_dn_1: 1.0683 (1.0683)  loss_ddf_dn_1: 0.0532 (0.0532)  loss_mal_dn_2: 1.6006 (1.6006)  loss_bbox_dn_2: 0.5498 (0.5498)  loss_giou_dn_2: 1.1760 (1.1760)  loss_fgl_dn_2: 1.0883 (1.0883)  loss_ddf_dn_2: 0.0057 (0.0057)  loss_mal_dn_3: 1.6182 (1.6182)  loss_bbox_dn_3: 0.5428 (0.5428)  loss_giou_dn_3: 1.1422 (1.1422)  loss_fgl_dn_3: 1.1097 (1.1097)  loss_mal_dn_pre: 1.1240 (1.1240)  loss_bbox_dn_pre: 0.5661 (0.5661)  loss_giou_dn_pre: 1.4292 (1.4292)  time: 0.6407  data: 0.4983  max mem: 2550
Epoch: [45]  [7/8]  eta: 0:00:00  lr: 0.000001  loss: 47.9545 (48.6762)  loss_mal: 2.3203 (2.2960)  loss_bbox: 0.5025 (0.5257)  loss_giou: 0.9080 (0.9121)  loss_fgl: 0.9839 (0.9895)  loss_mal_aux_0: 2.1328 (2.0990)  loss_bbox_aux_0: 0.5485 (0.5789)  loss_giou_aux_0: 0.9650 (1.0471)  loss_fgl_aux_0: 0.9780 (0.9609)  loss_ddf_aux_0: 0.1039 (0.1034)  loss_mal_aux_1: 2.3984 (2.3654)  loss_bbox_aux_1: 0.5316 (0.5453)  loss_giou_aux_1: 0.9257 (0.9429)  loss_fgl_aux_1: 0.9828 (0.9763)  loss_ddf_aux_1: 0.0182 (0.0180)  loss_mal_aux_2: 2.3730 (2.3236)  loss_bbox_aux_2: 0.4983 (0.5253)  loss_giou_aux_2: 0.9135 (0.9212)  loss_fgl_aux_2: 0.9828 (0.9857)  loss_ddf_aux_2: 0.0015 (0.0017)  loss_mal_pre: 2.1426 (2.0864)  loss_bbox_pre: 0.6417 (0.6315)  loss_giou_pre: 0.9975 (1.0654)  loss_mal_enc_0: 1.8145 (1.9207)  loss_bbox_enc_0: 0.6927 (0.7024)  loss_giou_enc_0: 1.0595 (1.1509)  loss_mal_dn_0: 1.3105 (1.3418)  loss_bbox_dn_0: 0.6486 (0.7353)  loss_giou_dn_0: 1.2622 (1.2834)  loss_fgl_dn_0: 1.0682 (1.0723)  loss_ddf_dn_0: 0.2457 (0.2512)  loss_mal_dn_1: 1.8662 (1.9038)  loss_bbox_dn_1: 0.5489 (0.6443)  loss_giou_dn_1: 1.0709 (1.0563)  loss_fgl_dn_1: 1.0836 (1.0893)  loss_ddf_dn_1: 0.0545 (0.0554)  loss_mal_dn_2: 1.9736 (1.9871)  loss_bbox_dn_2: 0.5033 (0.5876)  loss_giou_dn_2: 0.9750 (0.9715)  loss_fgl_dn_2: 1.0884 (1.0958)  loss_ddf_dn_2: 0.0068 (0.0066)  loss_mal_dn_3: 1.9375 (1.9624)  loss_bbox_dn_3: 0.4892 (0.5707)  loss_giou_dn_3: 0.9435 (0.9412)  loss_fgl_dn_3: 1.1066 (1.1107)  loss_mal_dn_pre: 1.2891 (1.3523)  loss_bbox_dn_pre: 0.6211 (0.7070)  loss_giou_dn_pre: 1.2410 (1.2748)  time: 0.1925  data: 0.0770  max mem: 2550
Epoch: [45] Total time: 0:00:01 (0.2025 s / it)
Averaged stats: lr: 0.000001  loss: 47.9545 (48.6762)  loss_mal: 2.3203 (2.2960)  loss_bbox: 0.5025 (0.5257)  loss_giou: 0.9080 (0.9121)  loss_fgl: 0.9839 (0.9895)  loss_mal_aux_0: 2.1328 (2.0990)  loss_bbox_aux_0: 0.5485 (0.5789)  loss_giou_aux_0: 0.9650 (1.0471)  loss_fgl_aux_0: 0.9780 (0.9609)  loss_ddf_aux_0: 0.1039 (0.1034)  loss_mal_aux_1: 2.3984 (2.3654)  loss_bbox_aux_1: 0.5316 (0.5453)  loss_giou_aux_1: 0.9257 (0.9429)  loss_fgl_aux_1: 0.9828 (0.9763)  loss_ddf_aux_1: 0.0182 (0.0180)  loss_mal_aux_2: 2.3730 (2.3236)  loss_bbox_aux_2: 0.4983 (0.5253)  loss_giou_aux_2: 0.9135 (0.9212)  loss_fgl_aux_2: 0.9828 (0.9857)  loss_ddf_aux_2: 0.0015 (0.0017)  loss_mal_pre: 2.1426 (2.0864)  loss_bbox_pre: 0.6417 (0.6315)  loss_giou_pre: 0.9975 (1.0654)  loss_mal_enc_0: 1.8145 (1.9207)  loss_bbox_enc_0: 0.6927 (0.7024)  loss_giou_enc_0: 1.0595 (1.1509)  loss_mal_dn_0: 1.3105 (1.3418)  loss_bbox_dn_0: 0.6486 (0.7353)  loss_giou_dn_0: 1.2622 (1.2834)  loss_fgl_dn_0: 1.0682 (1.0723)  loss_ddf_dn_0: 0.2457 (0.2512)  loss_mal_dn_1: 1.8662 (1.9038)  loss_bbox_dn_1: 0.5489 (0.6443)  loss_giou_dn_1: 1.0709 (1.0563)  loss_fgl_dn_1: 1.0836 (1.0893)  loss_ddf_dn_1: 0.0545 (0.0554)  loss_mal_dn_2: 1.9736 (1.9871)  loss_bbox_dn_2: 0.5033 (0.5876)  loss_giou_dn_2: 0.9750 (0.9715)  loss_fgl_dn_2: 1.0884 (1.0958)  loss_ddf_dn_2: 0.0068 (0.0066)  loss_mal_dn_3: 1.9375 (1.9624)  loss_bbox_dn_3: 0.4892 (0.5707)  loss_giou_dn_3: 0.9435 (0.9412)  loss_fgl_dn_3: 1.1066 (1.1107)  loss_mal_dn_pre: 1.2891 (1.3523)  loss_bbox_dn_pre: 0.6211 (0.7070)  loss_giou_dn_pre: 1.2410 (1.2748)
Test:  [0/4]  eta: 0:00:01    time: 0.3685  data: 0.3367  max mem: 2550
Test:  [3/4]  eta: 0:00:00    time: 0.1118  data: 0.0861  max mem: 2550
Test: Total time: 0:00:00 (0.1271 s / it)
Averaged stats: 
Accumulating evaluation results...
COCOeval_opt.accumulate() finished...
DONE (t=0.00s).
IoU metric: bbox
 Average Precision  (AP) @[ IoU=0.50:0.95 | area=   all | maxDets=100 ] = 0.042
 Average Precision  (AP) @[ IoU=0.50      | area=   all | maxDets=100 ] = 0.053
 Average Precision  (AP) @[ IoU=0.75      | area=   all | maxDets=100 ] = 0.049
 Average Precision  (AP) @[ IoU=0.50:0.95 | area= small | maxDets=100 ] = -1.000
 Average Precision  (AP) @[ IoU=0.50:0.95 | area=medium | maxDets=100 ] = -1.000
 Average Precision  (AP) @[ IoU=0.50:0.95 | area= large | maxDets=100 ] = 0.047
 Average Recall     (AR) @[ IoU=0.50:0.95 | area=   all | maxDets=  1 ] = 0.027
 Average Recall     (AR) @[ IoU=0.50:0.95 | area=   all | maxDets= 10 ] = 0.327
 Average Recall     (AR) @[ IoU=0.50:0.95 | area=   all | maxDets=100 ] = 0.667
 Average Recall     (AR) @[ IoU=0.50:0.95 | area= small | maxDets=100 ] = -1.000
 Average Recall     (AR) @[ IoU=0.50:0.95 | area=medium | maxDets=100 ] = -1.000
 Average Recall     (AR) @[ IoU=0.50:0.95 | area= large | maxDets=100 ] = 0.667
 Average Recall     (AR) @[ IoU=0.50      | area=   all | maxDets=100 ] = 0.800
 Average Recall     (AR) @[ IoU=0.75      | area=   all | maxDets=100 ] = 0.733
best_stat: {'epoch': 45, 'coco_eval_bbox': 0.041561999935008635}
Epoch: [46]  [0/8]  eta: 0:00:04  lr: 0.000001  loss: 46.4389 (46.4389)  loss_mal: 1.7383 (1.7383)  loss_bbox: 0.6215 (0.6215)  loss_giou: 1.2087 (1.2087)  loss_fgl: 0.8810 (0.8810)  loss_mal_aux_0: 1.3916 (1.3916)  loss_bbox_aux_0: 0.7097 (0.7097)  loss_giou_aux_0: 1.3918 (1.3918)  loss_fgl_aux_0: 0.7915 (0.7915)  loss_ddf_aux_0: 0.1210 (0.1210)  loss_mal_aux_1: 1.7822 (1.7822)  loss_bbox_aux_1: 0.6517 (0.6517)  loss_giou_aux_1: 1.2429 (1.2429)  loss_fgl_aux_1: 0.8537 (0.8537)  loss_ddf_aux_1: 0.0204 (0.0204)  loss_mal_aux_2: 1.7900 (1.7900)  loss_bbox_aux_2: 0.6279 (0.6279)  loss_giou_aux_2: 1.2180 (1.2180)  loss_fgl_aux_2: 0.8744 (0.8744)  loss_ddf_aux_2: 0.0021 (0.0021)  loss_mal_pre: 1.3330 (1.3330)  loss_bbox_pre: 0.7380 (0.7380)  loss_giou_pre: 1.4045 (1.4045)  loss_mal_enc_0: 1.3105 (1.3105)  loss_bbox_enc_0: 0.8190 (0.8190)  loss_giou_enc_0: 1.5011 (1.5011)  loss_mal_dn_0: 1.2568 (1.2568)  loss_bbox_dn_0: 0.6616 (0.6616)  loss_giou_dn_0: 1.3378 (1.3378)  loss_fgl_dn_0: 1.0555 (1.0555)  loss_ddf_dn_0: 0.3396 (0.3396)  loss_mal_dn_1: 1.7061 (1.7061)  loss_bbox_dn_1: 0.6107 (0.6107)  loss_giou_dn_1: 1.1422 (1.1422)  loss_fgl_dn_1: 1.0588 (1.0588)  loss_ddf_dn_1: 0.0716 (0.0716)  loss_mal_dn_2: 1.7812 (1.7812)  loss_bbox_dn_2: 0.5811 (0.5811)  loss_giou_dn_2: 1.0669 (1.0669)  loss_fgl_dn_2: 1.0749 (1.0749)  loss_ddf_dn_2: 0.0098 (0.0098)  loss_mal_dn_3: 1.7500 (1.7500)  loss_bbox_dn_3: 0.5586 (0.5586)  loss_giou_dn_3: 1.0403 (1.0403)  loss_fgl_dn_3: 1.0850 (1.0850)  loss_mal_dn_pre: 1.2627 (1.2627)  loss_bbox_dn_pre: 0.6325 (0.6325)  loss_giou_dn_pre: 1.3307 (1.3307)  time: 0.5369  data: 0.3901  max mem: 2550
Epoch: [46]  [7/8]  eta: 0:00:00  lr: 0.000001  loss: 48.6251 (49.4445)  loss_mal: 2.7129 (2.6809)  loss_bbox: 0.3733 (0.4288)  loss_giou: 0.6529 (0.7711)  loss_fgl: 0.8912 (0.9781)  loss_mal_aux_0: 2.4746 (2.4429)  loss_bbox_aux_0: 0.4243 (0.4944)  loss_giou_aux_0: 0.8529 (0.9155)  loss_fgl_aux_0: 0.8945 (0.9775)  loss_ddf_aux_0: 0.1124 (0.1152)  loss_mal_aux_1: 2.7617 (2.7491)  loss_bbox_aux_1: 0.4037 (0.4540)  loss_giou_aux_1: 0.6897 (0.8055)  loss_fgl_aux_1: 0.8896 (0.9702)  loss_ddf_aux_1: 0.0184 (0.0195)  loss_mal_aux_2: 2.8047 (2.7323)  loss_bbox_aux_2: 0.3779 (0.4379)  loss_giou_aux_2: 0.6468 (0.7827)  loss_fgl_aux_2: 0.8890 (0.9694)  loss_ddf_aux_2: 0.0015 (0.0018)  loss_mal_pre: 2.4688 (2.4373)  loss_bbox_pre: 0.4370 (0.4994)  loss_giou_pre: 0.8554 (0.9230)  loss_mal_enc_0: 2.1836 (2.2871)  loss_bbox_enc_0: 0.5142 (0.5571)  loss_giou_enc_0: 0.9506 (1.0195)  loss_mal_dn_0: 1.3896 (1.4506)  loss_bbox_dn_0: 0.5967 (0.6572)  loss_giou_dn_0: 1.2527 (1.2226)  loss_fgl_dn_0: 1.0635 (1.0672)  loss_ddf_dn_0: 0.2885 (0.2834)  loss_mal_dn_1: 2.0938 (2.1115)  loss_bbox_dn_1: 0.4743 (0.5487)  loss_giou_dn_1: 0.9576 (0.9570)  loss_fgl_dn_1: 1.0658 (1.0634)  loss_ddf_dn_1: 0.0613 (0.0618)  loss_mal_dn_2: 2.3242 (2.2332)  loss_bbox_dn_2: 0.4265 (0.4930)  loss_giou_dn_2: 0.8164 (0.8568)  loss_fgl_dn_2: 1.0791 (1.0730)  loss_ddf_dn_2: 0.0077 (0.0074)  loss_mal_dn_3: 2.2578 (2.1995)  loss_bbox_dn_3: 0.4155 (0.4738)  loss_giou_dn_3: 0.7903 (0.8275)  loss_fgl_dn_3: 1.0950 (1.0859)  loss_mal_dn_pre: 1.3887 (1.4469)  loss_bbox_dn_pre: 0.5922 (0.6476)  loss_giou_dn_pre: 1.2486 (1.2265)  time: 0.1911  data: 0.0758  max mem: 2550
Epoch: [46] Total time: 0:00:01 (0.2022 s / it)
Averaged stats: lr: 0.000001  loss: 48.6251 (49.4445)  loss_mal: 2.7129 (2.6809)  loss_bbox: 0.3733 (0.4288)  loss_giou: 0.6529 (0.7711)  loss_fgl: 0.8912 (0.9781)  loss_mal_aux_0: 2.4746 (2.4429)  loss_bbox_aux_0: 0.4243 (0.4944)  loss_giou_aux_0: 0.8529 (0.9155)  loss_fgl_aux_0: 0.8945 (0.9775)  loss_ddf_aux_0: 0.1124 (0.1152)  loss_mal_aux_1: 2.7617 (2.7491)  loss_bbox_aux_1: 0.4037 (0.4540)  loss_giou_aux_1: 0.6897 (0.8055)  loss_fgl_aux_1: 0.8896 (0.9702)  loss_ddf_aux_1: 0.0184 (0.0195)  loss_mal_aux_2: 2.8047 (2.7323)  loss_bbox_aux_2: 0.3779 (0.4379)  loss_giou_aux_2: 0.6468 (0.7827)  loss_fgl_aux_2: 0.8890 (0.9694)  loss_ddf_aux_2: 0.0015 (0.0018)  loss_mal_pre: 2.4688 (2.4373)  loss_bbox_pre: 0.4370 (0.4994)  loss_giou_pre: 0.8554 (0.9230)  loss_mal_enc_0: 2.1836 (2.2871)  loss_bbox_enc_0: 0.5142 (0.5571)  loss_giou_enc_0: 0.9506 (1.0195)  loss_mal_dn_0: 1.3896 (1.4506)  loss_bbox_dn_0: 0.5967 (0.6572)  loss_giou_dn_0: 1.2527 (1.2226)  loss_fgl_dn_0: 1.0635 (1.0672)  loss_ddf_dn_0: 0.2885 (0.2834)  loss_mal_dn_1: 2.0938 (2.1115)  loss_bbox_dn_1: 0.4743 (0.5487)  loss_giou_dn_1: 0.9576 (0.9570)  loss_fgl_dn_1: 1.0658 (1.0634)  loss_ddf_dn_1: 0.0613 (0.0618)  loss_mal_dn_2: 2.3242 (2.2332)  loss_bbox_dn_2: 0.4265 (0.4930)  loss_giou_dn_2: 0.8164 (0.8568)  loss_fgl_dn_2: 1.0791 (1.0730)  loss_ddf_dn_2: 0.0077 (0.0074)  loss_mal_dn_3: 2.2578 (2.1995)  loss_bbox_dn_3: 0.4155 (0.4738)  loss_giou_dn_3: 0.7903 (0.8275)  loss_fgl_dn_3: 1.0950 (1.0859)  loss_mal_dn_pre: 1.3887 (1.4469)  loss_bbox_dn_pre: 0.5922 (0.6476)  loss_giou_dn_pre: 1.2486 (1.2265)
Test:  [0/4]  eta: 0:00:01    time: 0.3887  data: 0.3563  max mem: 2550
Test:  [3/4]  eta: 0:00:00    time: 0.1169  data: 0.0910  max mem: 2550
Test: Total time: 0:00:00 (0.1336 s / it)
Averaged stats: 
Accumulating evaluation results...
COCOeval_opt.accumulate() finished...
DONE (t=0.00s).
IoU metric: bbox
 Average Precision  (AP) @[ IoU=0.50:0.95 | area=   all | maxDets=100 ] = 0.053
 Average Precision  (AP) @[ IoU=0.50      | area=   all | maxDets=100 ] = 0.067
 Average Precision  (AP) @[ IoU=0.75      | area=   all | maxDets=100 ] = 0.064
 Average Precision  (AP) @[ IoU=0.50:0.95 | area= small | maxDets=100 ] = -1.000
 Average Precision  (AP) @[ IoU=0.50:0.95 | area=medium | maxDets=100 ] = -1.000
 Average Precision  (AP) @[ IoU=0.50:0.95 | area= large | maxDets=100 ] = 0.060
 Average Recall     (AR) @[ IoU=0.50:0.95 | area=   all | maxDets=  1 ] = 0.053
 Average Recall     (AR) @[ IoU=0.50:0.95 | area=   all | maxDets= 10 ] = 0.377
 Average Recall     (AR) @[ IoU=0.50:0.95 | area=   all | maxDets=100 ] = 0.717
 Average Recall     (AR) @[ IoU=0.50:0.95 | area= small | maxDets=100 ] = -1.000
 Average Recall     (AR) @[ IoU=0.50:0.95 | area=medium | maxDets=100 ] = -1.000
 Average Recall     (AR) @[ IoU=0.50:0.95 | area= large | maxDets=100 ] = 0.717
 Average Recall     (AR) @[ IoU=0.50      | area=   all | maxDets=100 ] = 0.867
 Average Recall     (AR) @[ IoU=0.75      | area=   all | maxDets=100 ] = 0.800
best_stat: {'epoch': 46, 'coco_eval_bbox': 0.05285644589735468}
Epoch: [47]  [0/8]  eta: 0:00:05  lr: 0.000001  loss: 46.3718 (46.3718)  loss_mal: 1.9854 (1.9854)  loss_bbox: 0.4652 (0.4652)  loss_giou: 0.9201 (0.9201)  loss_fgl: 1.1474 (1.1474)  loss_mal_aux_0: 1.8271 (1.8271)  loss_bbox_aux_0: 0.5170 (0.5170)  loss_giou_aux_0: 1.0218 (1.0218)  loss_fgl_aux_0: 1.0921 (1.0921)  loss_ddf_aux_0: 0.0835 (0.0835)  loss_mal_aux_1: 2.1582 (2.1582)  loss_bbox_aux_1: 0.4854 (0.4854)  loss_giou_aux_1: 0.9344 (0.9344)  loss_fgl_aux_1: 1.1306 (1.1306)  loss_ddf_aux_1: 0.0148 (0.0148)  loss_mal_aux_2: 2.1016 (2.1016)  loss_bbox_aux_2: 0.4738 (0.4738)  loss_giou_aux_2: 0.9284 (0.9284)  loss_fgl_aux_2: 1.1482 (1.1482)  loss_ddf_aux_2: 0.0020 (0.0020)  loss_mal_pre: 1.8027 (1.8027)  loss_bbox_pre: 0.5225 (0.5225)  loss_giou_pre: 1.0318 (1.0318)  loss_mal_enc_0: 1.6875 (1.6875)  loss_bbox_enc_0: 0.5491 (0.5491)  loss_giou_enc_0: 1.1109 (1.1109)  loss_mal_dn_0: 1.3018 (1.3018)  loss_bbox_dn_0: 0.6357 (0.6357)  loss_giou_dn_0: 1.2942 (1.2942)  loss_fgl_dn_0: 1.0381 (1.0381)  loss_ddf_dn_0: 0.2627 (0.2627)  loss_mal_dn_1: 1.7920 (1.7920)  loss_bbox_dn_1: 0.5950 (0.5950)  loss_giou_dn_1: 1.0951 (1.0951)  loss_fgl_dn_1: 1.0528 (1.0528)  loss_ddf_dn_1: 0.0554 (0.0554)  loss_mal_dn_2: 1.8398 (1.8398)  loss_bbox_dn_2: 0.5579 (0.5579)  loss_giou_dn_2: 1.0386 (1.0386)  loss_fgl_dn_2: 1.0663 (1.0663)  loss_ddf_dn_2: 0.0084 (0.0084)  loss_mal_dn_3: 1.7393 (1.7393)  loss_bbox_dn_3: 0.5510 (0.5510)  loss_giou_dn_3: 1.0237 (1.0237)  loss_fgl_dn_3: 1.0726 (1.0726)  loss_mal_dn_pre: 1.2920 (1.2920)  loss_bbox_dn_pre: 0.6160 (0.6160)  loss_giou_dn_pre: 1.3020 (1.3020)  time: 0.6324  data: 0.4782  max mem: 2550
Epoch: [47]  [7/8]  eta: 0:00:00  lr: 0.000001  loss: 47.4679 (48.7110)  loss_mal: 2.1230 (2.1441)  loss_bbox: 0.4972 (0.6019)  loss_giou: 0.7856 (0.9707)  loss_fgl: 1.0212 (1.0096)  loss_mal_aux_0: 1.8369 (1.9297)  loss_bbox_aux_0: 0.6282 (0.6754)  loss_giou_aux_0: 1.0218 (1.1167)  loss_fgl_aux_0: 0.9937 (0.9789)  loss_ddf_aux_0: 0.0835 (0.0939)  loss_mal_aux_1: 2.1914 (2.2783)  loss_bbox_aux_1: 0.5328 (0.6237)  loss_giou_aux_1: 0.8174 (0.9889)  loss_fgl_aux_1: 1.0095 (0.9997)  loss_ddf_aux_1: 0.0131 (0.0148)  loss_mal_aux_2: 2.1680 (2.2326)  loss_bbox_aux_2: 0.5066 (0.6076)  loss_giou_aux_2: 0.7902 (0.9750)  loss_fgl_aux_2: 1.0163 (1.0077)  loss_ddf_aux_2: 0.0015 (0.0017)  loss_mal_pre: 1.8193 (1.9311)  loss_bbox_pre: 0.6186 (0.6813)  loss_giou_pre: 1.0318 (1.1239)  loss_mal_enc_0: 1.6875 (1.7330)  loss_bbox_enc_0: 0.6528 (0.7314)  loss_giou_enc_0: 1.1109 (1.2108)  loss_mal_dn_0: 1.3164 (1.3564)  loss_bbox_dn_0: 0.7281 (0.7739)  loss_giou_dn_0: 1.2756 (1.2676)  loss_fgl_dn_0: 1.0630 (1.0539)  loss_ddf_dn_0: 0.2421 (0.2459)  loss_mal_dn_1: 1.8467 (1.8870)  loss_bbox_dn_1: 0.6660 (0.6948)  loss_giou_dn_1: 1.0568 (1.0536)  loss_fgl_dn_1: 1.0627 (1.0603)  loss_ddf_dn_1: 0.0551 (0.0562)  loss_mal_dn_2: 1.8984 (1.9736)  loss_bbox_dn_2: 0.6199 (0.6376)  loss_giou_dn_2: 0.9717 (0.9722)  loss_fgl_dn_2: 1.0663 (1.0692)  loss_ddf_dn_2: 0.0073 (0.0077)  loss_mal_dn_3: 1.8496 (1.9113)  loss_bbox_dn_3: 0.5989 (0.6189)  loss_giou_dn_3: 0.9463 (0.9432)  loss_fgl_dn_3: 1.0726 (1.0820)  loss_mal_dn_pre: 1.2979 (1.3467)  loss_bbox_dn_pre: 0.7044 (0.7627)  loss_giou_dn_pre: 1.2871 (1.2737)  time: 0.1955  data: 0.0647  max mem: 2550
Epoch: [47] Total time: 0:00:01 (0.2069 s / it)
Averaged stats: lr: 0.000001  loss: 47.4679 (48.7110)  loss_mal: 2.1230 (2.1441)  loss_bbox: 0.4972 (0.6019)  loss_giou: 0.7856 (0.9707)  loss_fgl: 1.0212 (1.0096)  loss_mal_aux_0: 1.8369 (1.9297)  loss_bbox_aux_0: 0.6282 (0.6754)  loss_giou_aux_0: 1.0218 (1.1167)  loss_fgl_aux_0: 0.9937 (0.9789)  loss_ddf_aux_0: 0.0835 (0.0939)  loss_mal_aux_1: 2.1914 (2.2783)  loss_bbox_aux_1: 0.5328 (0.6237)  loss_giou_aux_1: 0.8174 (0.9889)  loss_fgl_aux_1: 1.0095 (0.9997)  loss_ddf_aux_1: 0.0131 (0.0148)  loss_mal_aux_2: 2.1680 (2.2326)  loss_bbox_aux_2: 0.5066 (0.6076)  loss_giou_aux_2: 0.7902 (0.9750)  loss_fgl_aux_2: 1.0163 (1.0077)  loss_ddf_aux_2: 0.0015 (0.0017)  loss_mal_pre: 1.8193 (1.9311)  loss_bbox_pre: 0.6186 (0.6813)  loss_giou_pre: 1.0318 (1.1239)  loss_mal_enc_0: 1.6875 (1.7330)  loss_bbox_enc_0: 0.6528 (0.7314)  loss_giou_enc_0: 1.1109 (1.2108)  loss_mal_dn_0: 1.3164 (1.3564)  loss_bbox_dn_0: 0.7281 (0.7739)  loss_giou_dn_0: 1.2756 (1.2676)  loss_fgl_dn_0: 1.0630 (1.0539)  loss_ddf_dn_0: 0.2421 (0.2459)  loss_mal_dn_1: 1.8467 (1.8870)  loss_bbox_dn_1: 0.6660 (0.6948)  loss_giou_dn_1: 1.0568 (1.0536)  loss_fgl_dn_1: 1.0627 (1.0603)  loss_ddf_dn_1: 0.0551 (0.0562)  loss_mal_dn_2: 1.8984 (1.9736)  loss_bbox_dn_2: 0.6199 (0.6376)  loss_giou_dn_2: 0.9717 (0.9722)  loss_fgl_dn_2: 1.0663 (1.0692)  loss_ddf_dn_2: 0.0073 (0.0077)  loss_mal_dn_3: 1.8496 (1.9113)  loss_bbox_dn_3: 0.5989 (0.6189)  loss_giou_dn_3: 0.9463 (0.9432)  loss_fgl_dn_3: 1.0726 (1.0820)  loss_mal_dn_pre: 1.2979 (1.3467)  loss_bbox_dn_pre: 0.7044 (0.7627)  loss_giou_dn_pre: 1.2871 (1.2737)
Test:  [0/4]  eta: 0:00:01    time: 0.3590  data: 0.3273  max mem: 2550
Test:  [3/4]  eta: 0:00:00    time: 0.1100  data: 0.0838  max mem: 2550
Test: Total time: 0:00:00 (0.1277 s / it)
Averaged stats: 
Accumulating evaluation results...
COCOeval_opt.accumulate() finished...
DONE (t=0.00s).
IoU metric: bbox
 Average Precision  (AP) @[ IoU=0.50:0.95 | area=   all | maxDets=100 ] = 0.064
 Average Precision  (AP) @[ IoU=0.50      | area=   all | maxDets=100 ] = 0.080
 Average Precision  (AP) @[ IoU=0.75      | area=   all | maxDets=100 ] = 0.072
 Average Precision  (AP) @[ IoU=0.50:0.95 | area= small | maxDets=100 ] = -1.000
 Average Precision  (AP) @[ IoU=0.50:0.95 | area=medium | maxDets=100 ] = -1.000
 Average Precision  (AP) @[ IoU=0.50:0.95 | area= large | maxDets=100 ] = 0.074
 Average Recall     (AR) @[ IoU=0.50:0.95 | area=   all | maxDets=  1 ] = 0.113
 Average Recall     (AR) @[ IoU=0.50:0.95 | area=   all | maxDets= 10 ] = 0.447
 Average Recall     (AR) @[ IoU=0.50:0.95 | area=   all | maxDets=100 ] = 0.657
 Average Recall     (AR) @[ IoU=0.50:0.95 | area= small | maxDets=100 ] = -1.000
 Average Recall     (AR) @[ IoU=0.50:0.95 | area=medium | maxDets=100 ] = -1.000
 Average Recall     (AR) @[ IoU=0.50:0.95 | area= large | maxDets=100 ] = 0.657
 Average Recall     (AR) @[ IoU=0.50      | area=   all | maxDets=100 ] = 0.833
 Average Recall     (AR) @[ IoU=0.75      | area=   all | maxDets=100 ] = 0.700
best_stat: {'epoch': 47, 'coco_eval_bbox': 0.06439022763915925}
Epoch: [48]  [0/8]  eta: 0:00:04  lr: 0.000001  loss: 52.4257 (52.4257)  loss_mal: 2.8887 (2.8887)  loss_bbox: 0.4566 (0.4566)  loss_giou: 0.5879 (0.5879)  loss_fgl: 1.2254 (1.2254)  loss_mal_aux_0: 2.8633 (2.8633)  loss_bbox_aux_0: 0.5712 (0.5712)  loss_giou_aux_0: 0.6862 (0.6862)  loss_fgl_aux_0: 1.1710 (1.1710)  loss_ddf_aux_0: 0.1217 (0.1217)  loss_mal_aux_1: 3.0352 (3.0352)  loss_bbox_aux_1: 0.4492 (0.4492)  loss_giou_aux_1: 0.6015 (0.6015)  loss_fgl_aux_1: 1.1946 (1.1946)  loss_ddf_aux_1: 0.0191 (0.0191)  loss_mal_aux_2: 2.9805 (2.9805)  loss_bbox_aux_2: 0.4577 (0.4577)  loss_giou_aux_2: 0.5961 (0.5961)  loss_fgl_aux_2: 1.2176 (1.2176)  loss_ddf_aux_2: 0.0020 (0.0020)  loss_mal_pre: 2.8398 (2.8398)  loss_bbox_pre: 0.5767 (0.5767)  loss_giou_pre: 0.6931 (0.6931)  loss_mal_enc_0: 2.6406 (2.6406)  loss_bbox_enc_0: 0.6004 (0.6004)  loss_giou_enc_0: 0.7781 (0.7781)  loss_mal_dn_0: 1.5410 (1.5410)  loss_bbox_dn_0: 0.8753 (0.8753)  loss_giou_dn_0: 1.1602 (1.1602)  loss_fgl_dn_0: 1.0923 (1.0923)  loss_ddf_dn_0: 0.3246 (0.3246)  loss_mal_dn_1: 2.1953 (2.1953)  loss_bbox_dn_1: 0.7170 (0.7170)  loss_giou_dn_1: 0.8957 (0.8957)  loss_fgl_dn_1: 1.1055 (1.1055)  loss_ddf_dn_1: 0.0830 (0.0830)  loss_mal_dn_2: 2.3555 (2.3555)  loss_bbox_dn_2: 0.6124 (0.6124)  loss_giou_dn_2: 0.7847 (0.7847)  loss_fgl_dn_2: 1.0984 (1.0984)  loss_ddf_dn_2: 0.0109 (0.0109)  loss_mal_dn_3: 2.3125 (2.3125)  loss_bbox_dn_3: 0.5735 (0.5735)  loss_giou_dn_3: 0.7353 (0.7353)  loss_fgl_dn_3: 1.1247 (1.1247)  loss_mal_dn_pre: 1.5498 (1.5498)  loss_bbox_dn_pre: 0.8676 (0.8676)  loss_giou_dn_pre: 1.1562 (1.1562)  time: 0.6235  data: 0.4728  max mem: 2550
Epoch: [48]  [7/8]  eta: 0:00:00  lr: 0.000001  loss: 50.7198 (49.8907)  loss_mal: 1.9033 (1.8905)  loss_bbox: 0.6702 (0.8641)  loss_giou: 1.1381 (1.2841)  loss_fgl: 0.7122 (0.8475)  loss_mal_aux_0: 1.6963 (1.7922)  loss_bbox_aux_0: 0.7251 (0.9327)  loss_giou_aux_0: 1.3235 (1.3979)  loss_fgl_aux_0: 0.8352 (0.8438)  loss_ddf_aux_0: 0.0780 (0.0829)  loss_mal_aux_1: 2.0645 (1.9823)  loss_bbox_aux_1: 0.7140 (0.8879)  loss_giou_aux_1: 1.1887 (1.3108)  loss_fgl_aux_1: 0.7264 (0.8431)  loss_ddf_aux_1: 0.0140 (0.0145)  loss_mal_aux_2: 2.0391 (1.9608)  loss_bbox_aux_2: 0.6646 (0.8654)  loss_giou_aux_2: 1.1411 (1.2879)  loss_fgl_aux_2: 0.7180 (0.8472)  loss_ddf_aux_2: 0.0014 (0.0016)  loss_mal_pre: 1.7100 (1.7841)  loss_bbox_pre: 0.7242 (0.9760)  loss_giou_pre: 1.3156 (1.4018)  loss_mal_enc_0: 1.5039 (1.6438)  loss_bbox_enc_0: 0.8494 (1.0413)  loss_giou_enc_0: 1.4593 (1.4765)  loss_mal_dn_0: 1.3613 (1.3726)  loss_bbox_dn_0: 0.6435 (0.7288)  loss_giou_dn_0: 1.2459 (1.2442)  loss_fgl_dn_0: 1.0316 (1.0499)  loss_ddf_dn_0: 0.2308 (0.2322)  loss_mal_dn_1: 1.7432 (1.8413)  loss_bbox_dn_1: 0.5721 (0.6591)  loss_giou_dn_1: 1.0737 (1.0645)  loss_fgl_dn_1: 1.0352 (1.0416)  loss_ddf_dn_1: 0.0485 (0.0534)  loss_mal_dn_2: 1.7783 (1.9054)  loss_bbox_dn_2: 0.5298 (0.6030)  loss_giou_dn_2: 1.0329 (0.9903)  loss_fgl_dn_2: 1.0491 (1.0524)  loss_ddf_dn_2: 0.0073 (0.0079)  loss_mal_dn_3: 1.6719 (1.8354)  loss_bbox_dn_3: 0.5239 (0.5855)  loss_giou_dn_3: 1.0055 (0.9638)  loss_fgl_dn_3: 1.0526 (1.0634)  loss_mal_dn_pre: 1.3770 (1.3855)  loss_bbox_dn_pre: 0.6297 (0.7126)  loss_giou_dn_pre: 1.2401 (1.2372)  time: 0.1794  data: 0.0671  max mem: 2550
Epoch: [48] Total time: 0:00:01 (0.1869 s / it)
Averaged stats: lr: 0.000001  loss: 50.7198 (49.8907)  loss_mal: 1.9033 (1.8905)  loss_bbox: 0.6702 (0.8641)  loss_giou: 1.1381 (1.2841)  loss_fgl: 0.7122 (0.8475)  loss_mal_aux_0: 1.6963 (1.7922)  loss_bbox_aux_0: 0.7251 (0.9327)  loss_giou_aux_0: 1.3235 (1.3979)  loss_fgl_aux_0: 0.8352 (0.8438)  loss_ddf_aux_0: 0.0780 (0.0829)  loss_mal_aux_1: 2.0645 (1.9823)  loss_bbox_aux_1: 0.7140 (0.8879)  loss_giou_aux_1: 1.1887 (1.3108)  loss_fgl_aux_1: 0.7264 (0.8431)  loss_ddf_aux_1: 0.0140 (0.0145)  loss_mal_aux_2: 2.0391 (1.9608)  loss_bbox_aux_2: 0.6646 (0.8654)  loss_giou_aux_2: 1.1411 (1.2879)  loss_fgl_aux_2: 0.7180 (0.8472)  loss_ddf_aux_2: 0.0014 (0.0016)  loss_mal_pre: 1.7100 (1.7841)  loss_bbox_pre: 0.7242 (0.9760)  loss_giou_pre: 1.3156 (1.4018)  loss_mal_enc_0: 1.5039 (1.6438)  loss_bbox_enc_0: 0.8494 (1.0413)  loss_giou_enc_0: 1.4593 (1.4765)  loss_mal_dn_0: 1.3613 (1.3726)  loss_bbox_dn_0: 0.6435 (0.7288)  loss_giou_dn_0: 1.2459 (1.2442)  loss_fgl_dn_0: 1.0316 (1.0499)  loss_ddf_dn_0: 0.2308 (0.2322)  loss_mal_dn_1: 1.7432 (1.8413)  loss_bbox_dn_1: 0.5721 (0.6591)  loss_giou_dn_1: 1.0737 (1.0645)  loss_fgl_dn_1: 1.0352 (1.0416)  loss_ddf_dn_1: 0.0485 (0.0534)  loss_mal_dn_2: 1.7783 (1.9054)  loss_bbox_dn_2: 0.5298 (0.6030)  loss_giou_dn_2: 1.0329 (0.9903)  loss_fgl_dn_2: 1.0491 (1.0524)  loss_ddf_dn_2: 0.0073 (0.0079)  loss_mal_dn_3: 1.6719 (1.8354)  loss_bbox_dn_3: 0.5239 (0.5855)  loss_giou_dn_3: 1.0055 (0.9638)  loss_fgl_dn_3: 1.0526 (1.0634)  loss_mal_dn_pre: 1.3770 (1.3855)  loss_bbox_dn_pre: 0.6297 (0.7126)  loss_giou_dn_pre: 1.2401 (1.2372)
Test:  [0/4]  eta: 0:00:01    time: 0.3602  data: 0.3279  max mem: 2550
Test:  [3/4]  eta: 0:00:00    time: 0.1099  data: 0.0840  max mem: 2550
Test: Total time: 0:00:00 (0.1266 s / it)
Averaged stats: 
Accumulating evaluation results...
COCOeval_opt.accumulate() finished...
DONE (t=0.00s).
IoU metric: bbox
 Average Precision  (AP) @[ IoU=0.50:0.95 | area=   all | maxDets=100 ] = 0.064
 Average Precision  (AP) @[ IoU=0.50      | area=   all | maxDets=100 ] = 0.086
 Average Precision  (AP) @[ IoU=0.75      | area=   all | maxDets=100 ] = 0.067
 Average Precision  (AP) @[ IoU=0.50:0.95 | area= small | maxDets=100 ] = -1.000
 Average Precision  (AP) @[ IoU=0.50:0.95 | area=medium | maxDets=100 ] = -1.000
 Average Precision  (AP) @[ IoU=0.50:0.95 | area= large | maxDets=100 ] = 0.082
 Average Recall     (AR) @[ IoU=0.50:0.95 | area=   all | maxDets=  1 ] = 0.123
 Average Recall     (AR) @[ IoU=0.50:0.95 | area=   all | maxDets= 10 ] = 0.457
 Average Recall     (AR) @[ IoU=0.50:0.95 | area=   all | maxDets=100 ] = 0.747
 Average Recall     (AR) @[ IoU=0.50:0.95 | area= small | maxDets=100 ] = -1.000
 Average Recall     (AR) @[ IoU=0.50:0.95 | area=medium | maxDets=100 ] = -1.000
 Average Recall     (AR) @[ IoU=0.50:0.95 | area= large | maxDets=100 ] = 0.747
 Average Recall     (AR) @[ IoU=0.50      | area=   all | maxDets=100 ] = 0.900
 Average Recall     (AR) @[ IoU=0.75      | area=   all | maxDets=100 ] = 0.833
best_stat: {'epoch': 47, 'coco_eval_bbox': 0.06439022763915925}
Epoch: [49]  [0/8]  eta: 0:00:07  lr: 0.000001  loss: 49.0951 (49.0951)  loss_mal: 2.6035 (2.6035)  loss_bbox: 0.2373 (0.2373)  loss_giou: 0.5528 (0.5528)  loss_fgl: 1.2719 (1.2719)  loss_mal_aux_0: 2.6855 (2.6855)  loss_bbox_aux_0: 0.2892 (0.2892)  loss_giou_aux_0: 0.6272 (0.6272)  loss_fgl_aux_0: 1.2398 (1.2398)  loss_ddf_aux_0: 0.0667 (0.0667)  loss_mal_aux_1: 2.8457 (2.8457)  loss_bbox_aux_1: 0.2511 (0.2511)  loss_giou_aux_1: 0.5720 (0.5720)  loss_fgl_aux_1: 1.2548 (1.2548)  loss_ddf_aux_1: 0.0108 (0.0108)  loss_mal_aux_2: 2.7598 (2.7598)  loss_bbox_aux_2: 0.2391 (0.2391)  loss_giou_aux_2: 0.5578 (0.5578)  loss_fgl_aux_2: 1.2719 (1.2719)  loss_ddf_aux_2: 0.0009 (0.0009)  loss_mal_pre: 2.7266 (2.7266)  loss_bbox_pre: 0.2874 (0.2874)  loss_giou_pre: 0.6316 (0.6316)  loss_mal_enc_0: 2.6484 (2.6484)  loss_bbox_enc_0: 0.3206 (0.3206)  loss_giou_enc_0: 0.7143 (0.7143)  loss_mal_dn_0: 1.5547 (1.5547)  loss_bbox_dn_0: 0.7080 (0.7080)  loss_giou_dn_0: 1.1690 (1.1690)  loss_fgl_dn_0: 1.0644 (1.0644)  loss_ddf_dn_0: 0.2433 (0.2433)  loss_mal_dn_1: 2.3613 (2.3613)  loss_bbox_dn_1: 0.5237 (0.5237)  loss_giou_dn_1: 0.8343 (0.8343)  loss_fgl_dn_1: 1.1184 (1.1184)  loss_ddf_dn_1: 0.0561 (0.0561)  loss_mal_dn_2: 2.5059 (2.5059)  loss_bbox_dn_2: 0.4102 (0.4102)  loss_giou_dn_2: 0.7089 (0.7089)  loss_fgl_dn_2: 1.1125 (1.1125)  loss_ddf_dn_2: 0.0087 (0.0087)  loss_mal_dn_3: 2.4648 (2.4648)  loss_bbox_dn_3: 0.3795 (0.3795)  loss_giou_dn_3: 0.6519 (0.6519)  loss_fgl_dn_3: 1.1452 (1.1452)  loss_mal_dn_pre: 1.5479 (1.5479)  loss_bbox_dn_pre: 0.6908 (0.6908)  loss_giou_dn_pre: 1.1686 (1.1686)  time: 0.9322  data: 0.7833  max mem: 2550
Epoch: [49]  [7/8]  eta: 0:00:00  lr: 0.000001  loss: 47.5287 (47.9724)  loss_mal: 2.0742 (2.1962)  loss_bbox: 0.5762 (0.4989)  loss_giou: 0.9534 (0.8993)  loss_fgl: 1.0002 (0.9859)  loss_mal_aux_0: 1.9414 (2.0638)  loss_bbox_aux_0: 0.6325 (0.5636)  loss_giou_aux_0: 1.0535 (1.0553)  loss_fgl_aux_0: 0.9704 (0.9654)  loss_ddf_aux_0: 0.0970 (0.1031)  loss_mal_aux_1: 2.3066 (2.3438)  loss_bbox_aux_1: 0.5994 (0.5172)  loss_giou_aux_1: 0.9578 (0.9295)  loss_fgl_aux_1: 0.9954 (0.9832)  loss_ddf_aux_1: 0.0172 (0.0181)  loss_mal_aux_2: 2.2852 (2.3138)  loss_bbox_aux_2: 0.5693 (0.4978)  loss_giou_aux_2: 0.9485 (0.9045)  loss_fgl_aux_2: 1.0050 (0.9855)  loss_ddf_aux_2: 0.0018 (0.0020)  loss_mal_pre: 1.9541 (2.0558)  loss_bbox_pre: 0.6523 (0.5716)  loss_giou_pre: 1.0573 (1.0612)  loss_mal_enc_0: 1.8477 (1.8842)  loss_bbox_enc_0: 0.7021 (0.6283)  loss_giou_enc_0: 1.1768 (1.1939)  loss_mal_dn_0: 1.4521 (1.4044)  loss_bbox_dn_0: 0.7080 (0.6619)  loss_giou_dn_0: 1.2011 (1.2412)  loss_fgl_dn_0: 1.0571 (1.0628)  loss_ddf_dn_0: 0.2789 (0.3005)  loss_mal_dn_1: 1.9229 (2.0004)  loss_bbox_dn_1: 0.5237 (0.5710)  loss_giou_dn_1: 1.0036 (1.0031)  loss_fgl_dn_1: 1.0699 (1.0718)  loss_ddf_dn_1: 0.0633 (0.0667)  loss_mal_dn_2: 2.0039 (2.0914)  loss_bbox_dn_2: 0.4410 (0.5139)  loss_giou_dn_2: 0.9430 (0.9137)  loss_fgl_dn_2: 1.0751 (1.0754)  loss_ddf_dn_2: 0.0087 (0.0086)  loss_mal_dn_3: 1.8965 (2.0061)  loss_bbox_dn_3: 0.4237 (0.4975)  loss_giou_dn_3: 0.9161 (0.8841)  loss_fgl_dn_3: 1.0874 (1.0885)  loss_mal_dn_pre: 1.4375 (1.4109)  loss_bbox_dn_pre: 0.6908 (0.6396)  loss_giou_dn_pre: 1.2147 (1.2370)  time: 0.2112  data: 0.0998  max mem: 2550
Epoch: [49] Total time: 0:00:01 (0.2189 s / it)
Averaged stats: lr: 0.000001  loss: 47.5287 (47.9724)  loss_mal: 2.0742 (2.1962)  loss_bbox: 0.5762 (0.4989)  loss_giou: 0.9534 (0.8993)  loss_fgl: 1.0002 (0.9859)  loss_mal_aux_0: 1.9414 (2.0638)  loss_bbox_aux_0: 0.6325 (0.5636)  loss_giou_aux_0: 1.0535 (1.0553)  loss_fgl_aux_0: 0.9704 (0.9654)  loss_ddf_aux_0: 0.0970 (0.1031)  loss_mal_aux_1: 2.3066 (2.3438)  loss_bbox_aux_1: 0.5994 (0.5172)  loss_giou_aux_1: 0.9578 (0.9295)  loss_fgl_aux_1: 0.9954 (0.9832)  loss_ddf_aux_1: 0.0172 (0.0181)  loss_mal_aux_2: 2.2852 (2.3138)  loss_bbox_aux_2: 0.5693 (0.4978)  loss_giou_aux_2: 0.9485 (0.9045)  loss_fgl_aux_2: 1.0050 (0.9855)  loss_ddf_aux_2: 0.0018 (0.0020)  loss_mal_pre: 1.9541 (2.0558)  loss_bbox_pre: 0.6523 (0.5716)  loss_giou_pre: 1.0573 (1.0612)  loss_mal_enc_0: 1.8477 (1.8842)  loss_bbox_enc_0: 0.7021 (0.6283)  loss_giou_enc_0: 1.1768 (1.1939)  loss_mal_dn_0: 1.4521 (1.4044)  loss_bbox_dn_0: 0.7080 (0.6619)  loss_giou_dn_0: 1.2011 (1.2412)  loss_fgl_dn_0: 1.0571 (1.0628)  loss_ddf_dn_0: 0.2789 (0.3005)  loss_mal_dn_1: 1.9229 (2.0004)  loss_bbox_dn_1: 0.5237 (0.5710)  loss_giou_dn_1: 1.0036 (1.0031)  loss_fgl_dn_1: 1.0699 (1.0718)  loss_ddf_dn_1: 0.0633 (0.0667)  loss_mal_dn_2: 2.0039 (2.0914)  loss_bbox_dn_2: 0.4410 (0.5139)  loss_giou_dn_2: 0.9430 (0.9137)  loss_fgl_dn_2: 1.0751 (1.0754)  loss_ddf_dn_2: 0.0087 (0.0086)  loss_mal_dn_3: 1.8965 (2.0061)  loss_bbox_dn_3: 0.4237 (0.4975)  loss_giou_dn_3: 0.9161 (0.8841)  loss_fgl_dn_3: 1.0874 (1.0885)  loss_mal_dn_pre: 1.4375 (1.4109)  loss_bbox_dn_pre: 0.6908 (0.6396)  loss_giou_dn_pre: 1.2147 (1.2370)
Test:  [0/4]  eta: 0:00:01    time: 0.3806  data: 0.3491  max mem: 2550
Test:  [3/4]  eta: 0:00:00    time: 0.1145  data: 0.0892  max mem: 2550
Test: Total time: 0:00:00 (0.1277 s / it)
Averaged stats: 
Accumulating evaluation results...
COCOeval_opt.accumulate() finished...
DONE (t=0.00s).
IoU metric: bbox
 Average Precision  (AP) @[ IoU=0.50:0.95 | area=   all | maxDets=100 ] = 0.093
 Average Precision  (AP) @[ IoU=0.50      | area=   all | maxDets=100 ] = 0.119
 Average Precision  (AP) @[ IoU=0.75      | area=   all | maxDets=100 ] = 0.103
 Average Precision  (AP) @[ IoU=0.50:0.95 | area= small | maxDets=100 ] = -1.000
 Average Precision  (AP) @[ IoU=0.50:0.95 | area=medium | maxDets=100 ] = -1.000
 Average Precision  (AP) @[ IoU=0.50:0.95 | area= large | maxDets=100 ] = 0.111
 Average Recall     (AR) @[ IoU=0.50:0.95 | area=   all | maxDets=  1 ] = 0.147
 Average Recall     (AR) @[ IoU=0.50:0.95 | area=   all | maxDets= 10 ] = 0.480
 Average Recall     (AR) @[ IoU=0.50:0.95 | area=   all | maxDets=100 ] = 0.737
 Average Recall     (AR) @[ IoU=0.50:0.95 | area= small | maxDets=100 ] = -1.000
 Average Recall     (AR) @[ IoU=0.50:0.95 | area=medium | maxDets=100 ] = -1.000
 Average Recall     (AR) @[ IoU=0.50:0.95 | area= large | maxDets=100 ] = 0.737
 Average Recall     (AR) @[ IoU=0.50      | area=   all | maxDets=100 ] = 0.900
 Average Recall     (AR) @[ IoU=0.75      | area=   all | maxDets=100 ] = 0.833
best_stat: {'epoch': 49, 'coco_eval_bbox': 0.0928852989120837}
Epoch: [50]  [0/8]  eta: 0:00:06  lr: 0.000001  loss: 52.2689 (52.2689)  loss_mal: 2.2363 (2.2363)  loss_bbox: 0.7769 (0.7769)  loss_giou: 1.2175 (1.2175)  loss_fgl: 0.8820 (0.8820)  loss_mal_aux_0: 2.1094 (2.1094)  loss_bbox_aux_0: 0.8448 (0.8448)  loss_giou_aux_0: 1.2452 (1.2452)  loss_fgl_aux_0: 0.8903 (0.8903)  loss_ddf_aux_0: 0.0889 (0.0889)  loss_mal_aux_1: 2.2949 (2.2949)  loss_bbox_aux_1: 0.8157 (0.8157)  loss_giou_aux_1: 1.2428 (1.2428)  loss_fgl_aux_1: 0.8828 (0.8828)  loss_ddf_aux_1: 0.0146 (0.0146)  loss_mal_aux_2: 2.2734 (2.2734)  loss_bbox_aux_2: 0.7858 (0.7858)  loss_giou_aux_2: 1.2260 (1.2260)  loss_fgl_aux_2: 0.8785 (0.8785)  loss_ddf_aux_2: 0.0011 (0.0011)  loss_mal_pre: 2.0645 (2.0645)  loss_bbox_pre: 0.8482 (0.8482)  loss_giou_pre: 1.3127 (1.3127)  loss_mal_enc_0: 1.9150 (1.9150)  loss_bbox_enc_0: 0.9585 (0.9585)  loss_giou_enc_0: 1.4129 (1.4129)  loss_mal_dn_0: 1.5596 (1.5596)  loss_bbox_dn_0: 0.8830 (0.8830)  loss_giou_dn_0: 1.1436 (1.1436)  loss_fgl_dn_0: 1.0916 (1.0916)  loss_ddf_dn_0: 0.1802 (0.1802)  loss_mal_dn_1: 2.0801 (2.0801)  loss_bbox_dn_1: 0.8107 (0.8107)  loss_giou_dn_1: 0.9615 (0.9615)  loss_fgl_dn_1: 1.1059 (1.1059)  loss_ddf_dn_1: 0.0439 (0.0439)  loss_mal_dn_2: 2.0762 (2.0762)  loss_bbox_dn_2: 0.7589 (0.7589)  loss_giou_dn_2: 0.9062 (0.9062)  loss_fgl_dn_2: 1.1163 (1.1163)  loss_ddf_dn_2: 0.0062 (0.0062)  loss_mal_dn_3: 2.0430 (2.0430)  loss_bbox_dn_3: 0.7463 (0.7463)  loss_giou_dn_3: 0.8914 (0.8914)  loss_fgl_dn_3: 1.1210 (1.1210)  loss_mal_dn_pre: 1.5820 (1.5820)  loss_bbox_dn_pre: 0.8172 (0.8172)  loss_giou_dn_pre: 1.1251 (1.1251)  time: 0.8229  data: 0.6810  max mem: 2550
Epoch: [50]  [7/8]  eta: 0:00:00  lr: 0.000001  loss: 48.4959 (49.1412)  loss_mal: 2.2402 (2.2944)  loss_bbox: 0.4685 (0.5313)  loss_giou: 0.8162 (0.9015)  loss_fgl: 0.9976 (0.9987)  loss_mal_aux_0: 2.1133 (2.2389)  loss_bbox_aux_0: 0.5646 (0.6054)  loss_giou_aux_0: 0.9746 (1.0159)  loss_fgl_aux_0: 1.0345 (0.9891)  loss_ddf_aux_0: 0.1065 (0.1127)  loss_mal_aux_1: 2.4199 (2.4526)  loss_bbox_aux_1: 0.4726 (0.5499)  loss_giou_aux_1: 0.8475 (0.9205)  loss_fgl_aux_1: 1.0270 (0.9970)  loss_ddf_aux_1: 0.0180 (0.0181)  loss_mal_aux_2: 2.3535 (2.3958)  loss_bbox_aux_2: 0.4751 (0.5330)  loss_giou_aux_2: 0.8264 (0.9056)  loss_fgl_aux_2: 1.0018 (0.9978)  loss_ddf_aux_2: 0.0016 (0.0019)  loss_mal_pre: 2.1035 (2.2217)  loss_bbox_pre: 0.5215 (0.5990)  loss_giou_pre: 0.9601 (1.0275)  loss_mal_enc_0: 1.9150 (2.0846)  loss_bbox_enc_0: 0.5829 (0.6568)  loss_giou_enc_0: 1.0533 (1.1234)  loss_mal_dn_0: 1.4043 (1.4342)  loss_bbox_dn_0: 0.7468 (0.7455)  loss_giou_dn_0: 1.2104 (1.2172)  loss_fgl_dn_0: 1.0132 (1.0309)  loss_ddf_dn_0: 0.2483 (0.2699)  loss_mal_dn_1: 1.9316 (1.9803)  loss_bbox_dn_1: 0.5495 (0.6615)  loss_giou_dn_1: 1.0305 (1.0066)  loss_fgl_dn_1: 1.0390 (1.0423)  loss_ddf_dn_1: 0.0531 (0.0598)  loss_mal_dn_2: 2.0000 (2.0389)  loss_bbox_dn_2: 0.4940 (0.6040)  loss_giou_dn_2: 0.9356 (0.9320)  loss_fgl_dn_2: 1.0628 (1.0555)  loss_ddf_dn_2: 0.0088 (0.0086)  loss_mal_dn_3: 1.8994 (1.9438)  loss_bbox_dn_3: 0.4832 (0.5864)  loss_giou_dn_3: 0.9192 (0.9088)  loss_fgl_dn_3: 1.0762 (1.0649)  loss_mal_dn_pre: 1.3955 (1.4462)  loss_bbox_dn_pre: 0.7301 (0.7219)  loss_giou_dn_pre: 1.2074 (1.2089)  time: 0.1992  data: 0.0871  max mem: 2550
Epoch: [50] Total time: 0:00:01 (0.2069 s / it)
Averaged stats: lr: 0.000001  loss: 48.4959 (49.1412)  loss_mal: 2.2402 (2.2944)  loss_bbox: 0.4685 (0.5313)  loss_giou: 0.8162 (0.9015)  loss_fgl: 0.9976 (0.9987)  loss_mal_aux_0: 2.1133 (2.2389)  loss_bbox_aux_0: 0.5646 (0.6054)  loss_giou_aux_0: 0.9746 (1.0159)  loss_fgl_aux_0: 1.0345 (0.9891)  loss_ddf_aux_0: 0.1065 (0.1127)  loss_mal_aux_1: 2.4199 (2.4526)  loss_bbox_aux_1: 0.4726 (0.5499)  loss_giou_aux_1: 0.8475 (0.9205)  loss_fgl_aux_1: 1.0270 (0.9970)  loss_ddf_aux_1: 0.0180 (0.0181)  loss_mal_aux_2: 2.3535 (2.3958)  loss_bbox_aux_2: 0.4751 (0.5330)  loss_giou_aux_2: 0.8264 (0.9056)  loss_fgl_aux_2: 1.0018 (0.9978)  loss_ddf_aux_2: 0.0016 (0.0019)  loss_mal_pre: 2.1035 (2.2217)  loss_bbox_pre: 0.5215 (0.5990)  loss_giou_pre: 0.9601 (1.0275)  loss_mal_enc_0: 1.9150 (2.0846)  loss_bbox_enc_0: 0.5829 (0.6568)  loss_giou_enc_0: 1.0533 (1.1234)  loss_mal_dn_0: 1.4043 (1.4342)  loss_bbox_dn_0: 0.7468 (0.7455)  loss_giou_dn_0: 1.2104 (1.2172)  loss_fgl_dn_0: 1.0132 (1.0309)  loss_ddf_dn_0: 0.2483 (0.2699)  loss_mal_dn_1: 1.9316 (1.9803)  loss_bbox_dn_1: 0.5495 (0.6615)  loss_giou_dn_1: 1.0305 (1.0066)  loss_fgl_dn_1: 1.0390 (1.0423)  loss_ddf_dn_1: 0.0531 (0.0598)  loss_mal_dn_2: 2.0000 (2.0389)  loss_bbox_dn_2: 0.4940 (0.6040)  loss_giou_dn_2: 0.9356 (0.9320)  loss_fgl_dn_2: 1.0628 (1.0555)  loss_ddf_dn_2: 0.0088 (0.0086)  loss_mal_dn_3: 1.8994 (1.9438)  loss_bbox_dn_3: 0.4832 (0.5864)  loss_giou_dn_3: 0.9192 (0.9088)  loss_fgl_dn_3: 1.0762 (1.0649)  loss_mal_dn_pre: 1.3955 (1.4462)  loss_bbox_dn_pre: 0.7301 (0.7219)  loss_giou_dn_pre: 1.2074 (1.2089)
Test:  [0/4]  eta: 0:00:01    time: 0.3796  data: 0.3479  max mem: 2550
Test:  [3/4]  eta: 0:00:00    time: 0.1145  data: 0.0888  max mem: 2550
Test: Total time: 0:00:00 (0.1303 s / it)
Averaged stats: 
Accumulating evaluation results...
COCOeval_opt.accumulate() finished...
DONE (t=0.00s).
IoU metric: bbox
 Average Precision  (AP) @[ IoU=0.50:0.95 | area=   all | maxDets=100 ] = 0.135
 Average Precision  (AP) @[ IoU=0.50      | area=   all | maxDets=100 ] = 0.166
 Average Precision  (AP) @[ IoU=0.75      | area=   all | maxDets=100 ] = 0.142
 Average Precision  (AP) @[ IoU=0.50:0.95 | area= small | maxDets=100 ] = -1.000
 Average Precision  (AP) @[ IoU=0.50:0.95 | area=medium | maxDets=100 ] = -1.000
 Average Precision  (AP) @[ IoU=0.50:0.95 | area= large | maxDets=100 ] = 0.141
 Average Recall     (AR) @[ IoU=0.50:0.95 | area=   all | maxDets=  1 ] = 0.247
 Average Recall     (AR) @[ IoU=0.50:0.95 | area=   all | maxDets= 10 ] = 0.537
 Average Recall     (AR) @[ IoU=0.50:0.95 | area=   all | maxDets=100 ] = 0.777
 Average Recall     (AR) @[ IoU=0.50:0.95 | area= small | maxDets=100 ] = -1.000
 Average Recall     (AR) @[ IoU=0.50:0.95 | area=medium | maxDets=100 ] = -1.000
 Average Recall     (AR) @[ IoU=0.50:0.95 | area= large | maxDets=100 ] = 0.777
 Average Recall     (AR) @[ IoU=0.50      | area=   all | maxDets=100 ] = 0.967
 Average Recall     (AR) @[ IoU=0.75      | area=   all | maxDets=100 ] = 0.833
best_stat: {'epoch': 50, 'coco_eval_bbox': 0.13459018589732763}
Epoch: [51]  [0/8]  eta: 0:00:06  lr: 0.000001  loss: 49.8557 (49.8557)  loss_mal: 3.0840 (3.0840)  loss_bbox: 0.2061 (0.2061)  loss_giou: 0.4543 (0.4543)  loss_fgl: 1.1211 (1.1211)  loss_mal_aux_0: 3.0820 (3.0820)  loss_bbox_aux_0: 0.2351 (0.2351)  loss_giou_aux_0: 0.5340 (0.5340)  loss_fgl_aux_0: 1.1735 (1.1735)  loss_ddf_aux_0: 0.1137 (0.1137)  loss_mal_aux_1: 3.2637 (3.2637)  loss_bbox_aux_1: 0.2089 (0.2089)  loss_giou_aux_1: 0.4641 (0.4641)  loss_fgl_aux_1: 1.1279 (1.1279)  loss_ddf_aux_1: 0.0195 (0.0195)  loss_mal_aux_2: 3.1680 (3.1680)  loss_bbox_aux_2: 0.2132 (0.2132)  loss_giou_aux_2: 0.4598 (0.4598)  loss_fgl_aux_2: 1.1189 (1.1189)  loss_ddf_aux_2: 0.0026 (0.0026)  loss_mal_pre: 3.1426 (3.1426)  loss_bbox_pre: 0.2321 (0.2321)  loss_giou_pre: 0.5319 (0.5319)  loss_mal_enc_0: 2.8965 (2.8965)  loss_bbox_enc_0: 0.2852 (0.2852)  loss_giou_enc_0: 0.6607 (0.6607)  loss_mal_dn_0: 1.6475 (1.6475)  loss_bbox_dn_0: 0.5109 (0.5109)  loss_giou_dn_0: 1.1347 (1.1347)  loss_fgl_dn_0: 1.1186 (1.1186)  loss_ddf_dn_0: 0.3686 (0.3686)  loss_mal_dn_1: 2.3223 (2.3223)  loss_bbox_dn_1: 0.3980 (0.3980)  loss_giou_dn_1: 0.8607 (0.8607)  loss_fgl_dn_1: 1.1031 (1.1031)  loss_ddf_dn_1: 0.0864 (0.0864)  loss_mal_dn_2: 2.4902 (2.4902)  loss_bbox_dn_2: 0.3298 (0.3298)  loss_giou_dn_2: 0.7214 (0.7214)  loss_fgl_dn_2: 1.1191 (1.1191)  loss_ddf_dn_2: 0.0097 (0.0097)  loss_mal_dn_3: 2.4062 (2.4062)  loss_bbox_dn_3: 0.3170 (0.3170)  loss_giou_dn_3: 0.7037 (0.7037)  loss_fgl_dn_3: 1.1269 (1.1269)  loss_mal_dn_pre: 1.6357 (1.6357)  loss_bbox_dn_pre: 0.5040 (0.5040)  loss_giou_dn_pre: 1.1421 (1.1421)  time: 0.7676  data: 0.6213  max mem: 2550
Epoch: [51]  [7/8]  eta: 0:00:00  lr: 0.000001  loss: 49.8557 (49.7986)  loss_mal: 2.7266 (2.6729)  loss_bbox: 0.2851 (0.3666)  loss_giou: 0.5150 (0.5893)  loss_fgl: 1.0856 (1.0774)  loss_mal_aux_0: 2.7207 (2.6694)  loss_bbox_aux_0: 0.4116 (0.4281)  loss_giou_aux_0: 0.6287 (0.6962)  loss_fgl_aux_0: 1.0666 (1.0825)  loss_ddf_aux_0: 0.1137 (0.1104)  loss_mal_aux_1: 2.8027 (2.8186)  loss_bbox_aux_1: 0.3139 (0.3877)  loss_giou_aux_1: 0.5482 (0.6109)  loss_fgl_aux_1: 1.1155 (1.0779)  loss_ddf_aux_1: 0.0195 (0.0192)  loss_mal_aux_2: 2.8008 (2.7952)  loss_bbox_aux_2: 0.2892 (0.3658)  loss_giou_aux_2: 0.5166 (0.5909)  loss_fgl_aux_2: 1.0858 (1.0774)  loss_ddf_aux_2: 0.0016 (0.0017)  loss_mal_pre: 2.7402 (2.6783)  loss_bbox_pre: 0.4332 (0.4340)  loss_giou_pre: 0.6280 (0.6952)  loss_mal_enc_0: 2.7734 (2.5840)  loss_bbox_enc_0: 0.4897 (0.4851)  loss_giou_enc_0: 0.7414 (0.7909)  loss_mal_dn_0: 1.5156 (1.4915)  loss_bbox_dn_0: 0.7581 (0.8292)  loss_giou_dn_0: 1.1614 (1.1885)  loss_fgl_dn_0: 1.0814 (1.0785)  loss_ddf_dn_0: 0.2905 (0.3205)  loss_mal_dn_1: 2.1367 (2.1888)  loss_bbox_dn_1: 0.5818 (0.6505)  loss_giou_dn_1: 0.8830 (0.8977)  loss_fgl_dn_1: 1.0941 (1.0882)  loss_ddf_dn_1: 0.0671 (0.0796)  loss_mal_dn_2: 2.2578 (2.3033)  loss_bbox_dn_2: 0.5004 (0.5675)  loss_giou_dn_2: 0.7546 (0.7926)  loss_fgl_dn_2: 1.0660 (1.0946)  loss_ddf_dn_2: 0.0097 (0.0108)  loss_mal_dn_3: 2.2148 (2.2206)  loss_bbox_dn_3: 0.4671 (0.5324)  loss_giou_dn_3: 0.7037 (0.7561)  loss_fgl_dn_3: 1.0807 (1.1086)  loss_mal_dn_pre: 1.4902 (1.4969)  loss_bbox_dn_pre: 0.7413 (0.8120)  loss_giou_dn_pre: 1.1625 (1.1849)  time: 0.1958  data: 0.0799  max mem: 2550
Epoch: [51] Total time: 0:00:01 (0.2027 s / it)
Averaged stats: lr: 0.000001  loss: 49.8557 (49.7986)  loss_mal: 2.7266 (2.6729)  loss_bbox: 0.2851 (0.3666)  loss_giou: 0.5150 (0.5893)  loss_fgl: 1.0856 (1.0774)  loss_mal_aux_0: 2.7207 (2.6694)  loss_bbox_aux_0: 0.4116 (0.4281)  loss_giou_aux_0: 0.6287 (0.6962)  loss_fgl_aux_0: 1.0666 (1.0825)  loss_ddf_aux_0: 0.1137 (0.1104)  loss_mal_aux_1: 2.8027 (2.8186)  loss_bbox_aux_1: 0.3139 (0.3877)  loss_giou_aux_1: 0.5482 (0.6109)  loss_fgl_aux_1: 1.1155 (1.0779)  loss_ddf_aux_1: 0.0195 (0.0192)  loss_mal_aux_2: 2.8008 (2.7952)  loss_bbox_aux_2: 0.2892 (0.3658)  loss_giou_aux_2: 0.5166 (0.5909)  loss_fgl_aux_2: 1.0858 (1.0774)  loss_ddf_aux_2: 0.0016 (0.0017)  loss_mal_pre: 2.7402 (2.6783)  loss_bbox_pre: 0.4332 (0.4340)  loss_giou_pre: 0.6280 (0.6952)  loss_mal_enc_0: 2.7734 (2.5840)  loss_bbox_enc_0: 0.4897 (0.4851)  loss_giou_enc_0: 0.7414 (0.7909)  loss_mal_dn_0: 1.5156 (1.4915)  loss_bbox_dn_0: 0.7581 (0.8292)  loss_giou_dn_0: 1.1614 (1.1885)  loss_fgl_dn_0: 1.0814 (1.0785)  loss_ddf_dn_0: 0.2905 (0.3205)  loss_mal_dn_1: 2.1367 (2.1888)  loss_bbox_dn_1: 0.5818 (0.6505)  loss_giou_dn_1: 0.8830 (0.8977)  loss_fgl_dn_1: 1.0941 (1.0882)  loss_ddf_dn_1: 0.0671 (0.0796)  loss_mal_dn_2: 2.2578 (2.3033)  loss_bbox_dn_2: 0.5004 (0.5675)  loss_giou_dn_2: 0.7546 (0.7926)  loss_fgl_dn_2: 1.0660 (1.0946)  loss_ddf_dn_2: 0.0097 (0.0108)  loss_mal_dn_3: 2.2148 (2.2206)  loss_bbox_dn_3: 0.4671 (0.5324)  loss_giou_dn_3: 0.7037 (0.7561)  loss_fgl_dn_3: 1.0807 (1.1086)  loss_mal_dn_pre: 1.4902 (1.4969)  loss_bbox_dn_pre: 0.7413 (0.8120)  loss_giou_dn_pre: 1.1625 (1.1849)
Test:  [0/4]  eta: 0:00:01    time: 0.3683  data: 0.3366  max mem: 2550
Test:  [3/4]  eta: 0:00:00    time: 0.1116  data: 0.0860  max mem: 2550
Test: Total time: 0:00:00 (0.1293 s / it)
Averaged stats: 
Accumulating evaluation results...
COCOeval_opt.accumulate() finished...
DONE (t=0.00s).
IoU metric: bbox
 Average Precision  (AP) @[ IoU=0.50:0.95 | area=   all | maxDets=100 ] = 0.186
 Average Precision  (AP) @[ IoU=0.50      | area=   all | maxDets=100 ] = 0.246
 Average Precision  (AP) @[ IoU=0.75      | area=   all | maxDets=100 ] = 0.185
 Average Precision  (AP) @[ IoU=0.50:0.95 | area= small | maxDets=100 ] = -1.000
 Average Precision  (AP) @[ IoU=0.50:0.95 | area=medium | maxDets=100 ] = -1.000
 Average Precision  (AP) @[ IoU=0.50:0.95 | area= large | maxDets=100 ] = 0.191
 Average Recall     (AR) @[ IoU=0.50:0.95 | area=   all | maxDets=  1 ] = 0.307
 Average Recall     (AR) @[ IoU=0.50:0.95 | area=   all | maxDets= 10 ] = 0.533
 Average Recall     (AR) @[ IoU=0.50:0.95 | area=   all | maxDets=100 ] = 0.807
 Average Recall     (AR) @[ IoU=0.50:0.95 | area= small | maxDets=100 ] = -1.000
 Average Recall     (AR) @[ IoU=0.50:0.95 | area=medium | maxDets=100 ] = -1.000
 Average Recall     (AR) @[ IoU=0.50:0.95 | area= large | maxDets=100 ] = 0.807
 Average Recall     (AR) @[ IoU=0.50      | area=   all | maxDets=100 ] = 0.967
 Average Recall     (AR) @[ IoU=0.75      | area=   all | maxDets=100 ] = 0.900
best_stat: {'epoch': 51, 'coco_eval_bbox': 0.18594887178658417}
Epoch: [52]  [0/8]  eta: 0:00:06  lr: 0.000001  loss: 49.9999 (49.9999)  loss_mal: 2.7148 (2.7148)  loss_bbox: 0.2734 (0.2734)  loss_giou: 0.5167 (0.5167)  loss_fgl: 1.2187 (1.2187)  loss_mal_aux_0: 2.8418 (2.8418)  loss_bbox_aux_0: 0.3586 (0.3586)  loss_giou_aux_0: 0.6442 (0.6442)  loss_fgl_aux_0: 1.1827 (1.1827)  loss_ddf_aux_0: 0.1182 (0.1182)  loss_mal_aux_1: 3.0547 (3.0547)  loss_bbox_aux_1: 0.2909 (0.2909)  loss_giou_aux_1: 0.5490 (0.5490)  loss_fgl_aux_1: 1.2063 (1.2063)  loss_ddf_aux_1: 0.0197 (0.0197)  loss_mal_aux_2: 2.8574 (2.8574)  loss_bbox_aux_2: 0.2864 (0.2864)  loss_giou_aux_2: 0.5306 (0.5306)  loss_fgl_aux_2: 1.2152 (1.2152)  loss_ddf_aux_2: 0.0018 (0.0018)  loss_mal_pre: 2.8457 (2.8457)  loss_bbox_pre: 0.3624 (0.3624)  loss_giou_pre: 0.6597 (0.6597)  loss_mal_enc_0: 2.7324 (2.7324)  loss_bbox_enc_0: 0.4185 (0.4185)  loss_giou_enc_0: 0.7550 (0.7550)  loss_mal_dn_0: 1.5947 (1.5947)  loss_bbox_dn_0: 0.6544 (0.6544)  loss_giou_dn_0: 1.1317 (1.1317)  loss_fgl_dn_0: 1.1009 (1.1009)  loss_ddf_dn_0: 0.4164 (0.4164)  loss_mal_dn_1: 2.3477 (2.3477)  loss_bbox_dn_1: 0.5060 (0.5060)  loss_giou_dn_1: 0.8308 (0.8308)  loss_fgl_dn_1: 1.1113 (1.1113)  loss_ddf_dn_1: 0.0934 (0.0934)  loss_mal_dn_2: 2.4434 (2.4434)  loss_bbox_dn_2: 0.4320 (0.4320)  loss_giou_dn_2: 0.7226 (0.7226)  loss_fgl_dn_2: 1.1186 (1.1186)  loss_ddf_dn_2: 0.0124 (0.0124)  loss_mal_dn_3: 2.2480 (2.2480)  loss_bbox_dn_3: 0.4006 (0.4006)  loss_giou_dn_3: 0.6873 (0.6873)  loss_fgl_dn_3: 1.1284 (1.1284)  loss_mal_dn_pre: 1.5674 (1.5674)  loss_bbox_dn_pre: 0.6555 (0.6555)  loss_giou_dn_pre: 1.1417 (1.1417)  time: 0.7785  data: 0.6413  max mem: 2550
Epoch: [52]  [7/8]  eta: 0:00:00  lr: 0.000001  loss: 49.9627 (50.3173)  loss_mal: 2.2441 (2.4020)  loss_bbox: 0.4506 (0.5250)  loss_giou: 0.8330 (0.9149)  loss_fgl: 1.0114 (1.0165)  loss_mal_aux_0: 2.4043 (2.4275)  loss_bbox_aux_0: 0.4899 (0.5834)  loss_giou_aux_0: 0.9266 (1.0388)  loss_fgl_aux_0: 0.9153 (0.9813)  loss_ddf_aux_0: 0.1199 (0.1336)  loss_mal_aux_1: 2.5469 (2.6522)  loss_bbox_aux_1: 0.4597 (0.5363)  loss_giou_aux_1: 0.8357 (0.9381)  loss_fgl_aux_1: 1.0005 (1.0121)  loss_ddf_aux_1: 0.0197 (0.0227)  loss_mal_aux_2: 2.4102 (2.5306)  loss_bbox_aux_2: 0.4525 (0.5293)  loss_giou_aux_2: 0.8359 (0.9221)  loss_fgl_aux_2: 1.0064 (1.0132)  loss_ddf_aux_2: 0.0018 (0.0021)  loss_mal_pre: 2.4551 (2.4420)  loss_bbox_pre: 0.4818 (0.6082)  loss_giou_pre: 0.9202 (1.0297)  loss_mal_enc_0: 2.2578 (2.2676)  loss_bbox_enc_0: 0.5536 (0.6605)  loss_giou_enc_0: 1.0557 (1.1278)  loss_mal_dn_0: 1.5469 (1.5319)  loss_bbox_dn_0: 0.6292 (0.6266)  loss_giou_dn_0: 1.1412 (1.1723)  loss_fgl_dn_0: 1.0680 (1.0544)  loss_ddf_dn_0: 0.3530 (0.3601)  loss_mal_dn_1: 2.2637 (2.2562)  loss_bbox_dn_1: 0.4899 (0.4935)  loss_giou_dn_1: 0.8308 (0.8800)  loss_fgl_dn_1: 1.0717 (1.0823)  loss_ddf_dn_1: 0.0853 (0.0898)  loss_mal_dn_2: 2.3438 (2.3474)  loss_bbox_dn_2: 0.4251 (0.4234)  loss_giou_dn_2: 0.7226 (0.7706)  loss_fgl_dn_2: 1.0901 (1.0934)  loss_ddf_dn_2: 0.0124 (0.0129)  loss_mal_dn_3: 2.2480 (2.2421)  loss_bbox_dn_3: 0.4006 (0.3974)  loss_giou_dn_3: 0.6873 (0.7322)  loss_fgl_dn_3: 1.0985 (1.1098)  loss_mal_dn_pre: 1.5596 (1.5299)  loss_bbox_dn_pre: 0.6076 (0.6201)  loss_giou_dn_pre: 1.1417 (1.1737)  time: 0.1957  data: 0.0819  max mem: 2550
Epoch: [52] Total time: 0:00:01 (0.2047 s / it)
Averaged stats: lr: 0.000001  loss: 49.9627 (50.3173)  loss_mal: 2.2441 (2.4020)  loss_bbox: 0.4506 (0.5250)  loss_giou: 0.8330 (0.9149)  loss_fgl: 1.0114 (1.0165)  loss_mal_aux_0: 2.4043 (2.4275)  loss_bbox_aux_0: 0.4899 (0.5834)  loss_giou_aux_0: 0.9266 (1.0388)  loss_fgl_aux_0: 0.9153 (0.9813)  loss_ddf_aux_0: 0.1199 (0.1336)  loss_mal_aux_1: 2.5469 (2.6522)  loss_bbox_aux_1: 0.4597 (0.5363)  loss_giou_aux_1: 0.8357 (0.9381)  loss_fgl_aux_1: 1.0005 (1.0121)  loss_ddf_aux_1: 0.0197 (0.0227)  loss_mal_aux_2: 2.4102 (2.5306)  loss_bbox_aux_2: 0.4525 (0.5293)  loss_giou_aux_2: 0.8359 (0.9221)  loss_fgl_aux_2: 1.0064 (1.0132)  loss_ddf_aux_2: 0.0018 (0.0021)  loss_mal_pre: 2.4551 (2.4420)  loss_bbox_pre: 0.4818 (0.6082)  loss_giou_pre: 0.9202 (1.0297)  loss_mal_enc_0: 2.2578 (2.2676)  loss_bbox_enc_0: 0.5536 (0.6605)  loss_giou_enc_0: 1.0557 (1.1278)  loss_mal_dn_0: 1.5469 (1.5319)  loss_bbox_dn_0: 0.6292 (0.6266)  loss_giou_dn_0: 1.1412 (1.1723)  loss_fgl_dn_0: 1.0680 (1.0544)  loss_ddf_dn_0: 0.3530 (0.3601)  loss_mal_dn_1: 2.2637 (2.2562)  loss_bbox_dn_1: 0.4899 (0.4935)  loss_giou_dn_1: 0.8308 (0.8800)  loss_fgl_dn_1: 1.0717 (1.0823)  loss_ddf_dn_1: 0.0853 (0.0898)  loss_mal_dn_2: 2.3438 (2.3474)  loss_bbox_dn_2: 0.4251 (0.4234)  loss_giou_dn_2: 0.7226 (0.7706)  loss_fgl_dn_2: 1.0901 (1.0934)  loss_ddf_dn_2: 0.0124 (0.0129)  loss_mal_dn_3: 2.2480 (2.2421)  loss_bbox_dn_3: 0.4006 (0.3974)  loss_giou_dn_3: 0.6873 (0.7322)  loss_fgl_dn_3: 1.0985 (1.1098)  loss_mal_dn_pre: 1.5596 (1.5299)  loss_bbox_dn_pre: 0.6076 (0.6201)  loss_giou_dn_pre: 1.1417 (1.1737)
Test:  [0/4]  eta: 0:00:01    time: 0.3773  data: 0.3455  max mem: 2550
Test:  [3/4]  eta: 0:00:00    time: 0.1483  data: 0.0884  max mem: 2550
Test: Total time: 0:00:00 (0.1678 s / it)
Averaged stats: 
Accumulating evaluation results...
COCOeval_opt.accumulate() finished...
DONE (t=0.00s).
IoU metric: bbox
 Average Precision  (AP) @[ IoU=0.50:0.95 | area=   all | maxDets=100 ] = 0.225
 Average Precision  (AP) @[ IoU=0.50      | area=   all | maxDets=100 ] = 0.281
 Average Precision  (AP) @[ IoU=0.75      | area=   all | maxDets=100 ] = 0.230
 Average Precision  (AP) @[ IoU=0.50:0.95 | area= small | maxDets=100 ] = -1.000
 Average Precision  (AP) @[ IoU=0.50:0.95 | area=medium | maxDets=100 ] = -1.000
 Average Precision  (AP) @[ IoU=0.50:0.95 | area= large | maxDets=100 ] = 0.226
 Average Recall     (AR) @[ IoU=0.50:0.95 | area=   all | maxDets=  1 ] = 0.383
 Average Recall     (AR) @[ IoU=0.50:0.95 | area=   all | maxDets= 10 ] = 0.557
 Average Recall     (AR) @[ IoU=0.50:0.95 | area=   all | maxDets=100 ] = 0.800
 Average Recall     (AR) @[ IoU=0.50:0.95 | area= small | maxDets=100 ] = -1.000
 Average Recall     (AR) @[ IoU=0.50:0.95 | area=medium | maxDets=100 ] = -1.000
 Average Recall     (AR) @[ IoU=0.50:0.95 | area= large | maxDets=100 ] = 0.800
 Average Recall     (AR) @[ IoU=0.50      | area=   all | maxDets=100 ] = 0.967
 Average Recall     (AR) @[ IoU=0.75      | area=   all | maxDets=100 ] = 0.867
best_stat: {'epoch': 52, 'coco_eval_bbox': 0.22462279088745832}
Epoch: [53]  [0/8]  eta: 0:00:06  lr: 0.000001  loss: 52.1932 (52.1932)  loss_mal: 2.8926 (2.8926)  loss_bbox: 0.3569 (0.3569)  loss_giou: 0.5401 (0.5401)  loss_fgl: 0.9324 (0.9324)  loss_mal_aux_0: 3.2969 (3.2969)  loss_bbox_aux_0: 0.3685 (0.3685)  loss_giou_aux_0: 0.6023 (0.6023)  loss_fgl_aux_0: 1.0333 (1.0333)  loss_ddf_aux_0: 0.0911 (0.0911)  loss_mal_aux_1: 3.4531 (3.4531)  loss_bbox_aux_1: 0.3570 (0.3570)  loss_giou_aux_1: 0.5480 (0.5480)  loss_fgl_aux_1: 0.9608 (0.9608)  loss_ddf_aux_1: 0.0126 (0.0126)  loss_mal_aux_2: 3.2129 (3.2129)  loss_bbox_aux_2: 0.3579 (0.3579)  loss_giou_aux_2: 0.5401 (0.5401)  loss_fgl_aux_2: 0.9316 (0.9316)  loss_ddf_aux_2: 0.0012 (0.0012)  loss_mal_pre: 3.3184 (3.3184)  loss_bbox_pre: 0.4807 (0.4807)  loss_giou_pre: 0.5976 (0.5976)  loss_mal_enc_0: 3.0371 (3.0371)  loss_bbox_enc_0: 0.5715 (0.5715)  loss_giou_enc_0: 0.7340 (0.7340)  loss_mal_dn_0: 1.7168 (1.7168)  loss_bbox_dn_0: 0.7178 (0.7178)  loss_giou_dn_0: 1.0674 (1.0674)  loss_fgl_dn_0: 1.1432 (1.1432)  loss_ddf_dn_0: 0.3609 (0.3609)  loss_mal_dn_1: 2.5742 (2.5742)  loss_bbox_dn_1: 0.5319 (0.5319)  loss_giou_dn_1: 0.7370 (0.7370)  loss_fgl_dn_1: 1.0734 (1.0734)  loss_ddf_dn_1: 0.0906 (0.0906)  loss_mal_dn_2: 2.7852 (2.7852)  loss_bbox_dn_2: 0.4171 (0.4171)  loss_giou_dn_2: 0.5849 (0.5849)  loss_fgl_dn_2: 1.0653 (1.0653)  loss_ddf_dn_2: 0.0108 (0.0108)  loss_mal_dn_3: 2.5898 (2.5898)  loss_bbox_dn_3: 0.3805 (0.3805)  loss_giou_dn_3: 0.5424 (0.5424)  loss_fgl_dn_3: 1.0858 (1.0858)  loss_mal_dn_pre: 1.7217 (1.7217)  loss_bbox_dn_pre: 0.6990 (0.6990)  loss_giou_dn_pre: 1.0690 (1.0690)  time: 0.7816  data: 0.6421  max mem: 2550
Epoch: [53]  [7/8]  eta: 0:00:00  lr: 0.000001  loss: 49.0996 (48.8373)  loss_mal: 2.4180 (2.5671)  loss_bbox: 0.3569 (0.3524)  loss_giou: 0.6440 (0.6646)  loss_fgl: 1.0475 (1.0546)  loss_mal_aux_0: 2.4824 (2.5759)  loss_bbox_aux_0: 0.3685 (0.4139)  loss_giou_aux_0: 0.8403 (0.8413)  loss_fgl_aux_0: 1.0333 (1.0475)  loss_ddf_aux_0: 0.1533 (0.1620)  loss_mal_aux_1: 2.7305 (2.8318)  loss_bbox_aux_1: 0.3570 (0.3668)  loss_giou_aux_1: 0.6970 (0.7020)  loss_fgl_aux_1: 1.0526 (1.0559)  loss_ddf_aux_1: 0.0320 (0.0311)  loss_mal_aux_2: 2.5977 (2.7358)  loss_bbox_aux_2: 0.3579 (0.3525)  loss_giou_aux_2: 0.6538 (0.6710)  loss_fgl_aux_2: 1.0456 (1.0528)  loss_ddf_aux_2: 0.0028 (0.0032)  loss_mal_pre: 2.5078 (2.5850)  loss_bbox_pre: 0.4417 (0.4313)  loss_giou_pre: 0.8426 (0.8478)  loss_mal_enc_0: 2.3066 (2.3888)  loss_bbox_enc_0: 0.5149 (0.4913)  loss_giou_enc_0: 1.0267 (0.9735)  loss_mal_dn_0: 1.5146 (1.5267)  loss_bbox_dn_0: 0.5375 (0.5699)  loss_giou_dn_0: 1.1580 (1.1679)  loss_fgl_dn_0: 1.0397 (1.0491)  loss_ddf_dn_0: 0.3812 (0.3964)  loss_mal_dn_1: 2.1328 (2.2239)  loss_bbox_dn_1: 0.4379 (0.4505)  loss_giou_dn_1: 0.8020 (0.8821)  loss_fgl_dn_1: 1.0633 (1.0604)  loss_ddf_dn_1: 0.0979 (0.1028)  loss_mal_dn_2: 2.1934 (2.3444)  loss_bbox_dn_2: 0.3896 (0.3872)  loss_giou_dn_2: 0.6724 (0.7661)  loss_fgl_dn_2: 1.0625 (1.0639)  loss_ddf_dn_2: 0.0127 (0.0142)  loss_mal_dn_3: 2.0410 (2.1968)  loss_bbox_dn_3: 0.3711 (0.3706)  loss_giou_dn_3: 0.6354 (0.7367)  loss_fgl_dn_3: 1.0835 (1.0742)  loss_mal_dn_pre: 1.4873 (1.5303)  loss_bbox_dn_pre: 0.5316 (0.5571)  loss_giou_dn_pre: 1.1368 (1.1663)  time: 0.1918  data: 0.0827  max mem: 2550
Epoch: [53] Total time: 0:00:01 (0.2000 s / it)
Averaged stats: lr: 0.000001  loss: 49.0996 (48.8373)  loss_mal: 2.4180 (2.5671)  loss_bbox: 0.3569 (0.3524)  loss_giou: 0.6440 (0.6646)  loss_fgl: 1.0475 (1.0546)  loss_mal_aux_0: 2.4824 (2.5759)  loss_bbox_aux_0: 0.3685 (0.4139)  loss_giou_aux_0: 0.8403 (0.8413)  loss_fgl_aux_0: 1.0333 (1.0475)  loss_ddf_aux_0: 0.1533 (0.1620)  loss_mal_aux_1: 2.7305 (2.8318)  loss_bbox_aux_1: 0.3570 (0.3668)  loss_giou_aux_1: 0.6970 (0.7020)  loss_fgl_aux_1: 1.0526 (1.0559)  loss_ddf_aux_1: 0.0320 (0.0311)  loss_mal_aux_2: 2.5977 (2.7358)  loss_bbox_aux_2: 0.3579 (0.3525)  loss_giou_aux_2: 0.6538 (0.6710)  loss_fgl_aux_2: 1.0456 (1.0528)  loss_ddf_aux_2: 0.0028 (0.0032)  loss_mal_pre: 2.5078 (2.5850)  loss_bbox_pre: 0.4417 (0.4313)  loss_giou_pre: 0.8426 (0.8478)  loss_mal_enc_0: 2.3066 (2.3888)  loss_bbox_enc_0: 0.5149 (0.4913)  loss_giou_enc_0: 1.0267 (0.9735)  loss_mal_dn_0: 1.5146 (1.5267)  loss_bbox_dn_0: 0.5375 (0.5699)  loss_giou_dn_0: 1.1580 (1.1679)  loss_fgl_dn_0: 1.0397 (1.0491)  loss_ddf_dn_0: 0.3812 (0.3964)  loss_mal_dn_1: 2.1328 (2.2239)  loss_bbox_dn_1: 0.4379 (0.4505)  loss_giou_dn_1: 0.8020 (0.8821)  loss_fgl_dn_1: 1.0633 (1.0604)  loss_ddf_dn_1: 0.0979 (0.1028)  loss_mal_dn_2: 2.1934 (2.3444)  loss_bbox_dn_2: 0.3896 (0.3872)  loss_giou_dn_2: 0.6724 (0.7661)  loss_fgl_dn_2: 1.0625 (1.0639)  loss_ddf_dn_2: 0.0127 (0.0142)  loss_mal_dn_3: 2.0410 (2.1968)  loss_bbox_dn_3: 0.3711 (0.3706)  loss_giou_dn_3: 0.6354 (0.7367)  loss_fgl_dn_3: 1.0835 (1.0742)  loss_mal_dn_pre: 1.4873 (1.5303)  loss_bbox_dn_pre: 0.5316 (0.5571)  loss_giou_dn_pre: 1.1368 (1.1663)
Test:  [0/4]  eta: 0:00:01    time: 0.3649  data: 0.3333  max mem: 2550
Test:  [3/4]  eta: 0:00:00    time: 0.1109  data: 0.0852  max mem: 2550
Test: Total time: 0:00:00 (0.1302 s / it)
Averaged stats: 
Accumulating evaluation results...
COCOeval_opt.accumulate() finished...
DONE (t=0.00s).
IoU metric: bbox
 Average Precision  (AP) @[ IoU=0.50:0.95 | area=   all | maxDets=100 ] = 0.214
 Average Precision  (AP) @[ IoU=0.50      | area=   all | maxDets=100 ] = 0.274
 Average Precision  (AP) @[ IoU=0.75      | area=   all | maxDets=100 ] = 0.215
 Average Precision  (AP) @[ IoU=0.50:0.95 | area= small | maxDets=100 ] = -1.000
 Average Precision  (AP) @[ IoU=0.50:0.95 | area=medium | maxDets=100 ] = -1.000
 Average Precision  (AP) @[ IoU=0.50:0.95 | area= large | maxDets=100 ] = 0.216
 Average Recall     (AR) @[ IoU=0.50:0.95 | area=   all | maxDets=  1 ] = 0.343
 Average Recall     (AR) @[ IoU=0.50:0.95 | area=   all | maxDets= 10 ] = 0.667
 Average Recall     (AR) @[ IoU=0.50:0.95 | area=   all | maxDets=100 ] = 0.810
 Average Recall     (AR) @[ IoU=0.50:0.95 | area= small | maxDets=100 ] = -1.000
 Average Recall     (AR) @[ IoU=0.50:0.95 | area=medium | maxDets=100 ] = -1.000
 Average Recall     (AR) @[ IoU=0.50:0.95 | area= large | maxDets=100 ] = 0.810
 Average Recall     (AR) @[ IoU=0.50      | area=   all | maxDets=100 ] = 0.967
 Average Recall     (AR) @[ IoU=0.75      | area=   all | maxDets=100 ] = 0.900
best_stat: {'epoch': 52, 'coco_eval_bbox': 0.22462279088745832}
Epoch: [54]  [0/8]  eta: 0:00:06  lr: 0.000001  loss: 52.4113 (52.4113)  loss_mal: 2.9492 (2.9492)  loss_bbox: 0.4626 (0.4626)  loss_giou: 0.5227 (0.5227)  loss_fgl: 1.1020 (1.1020)  loss_mal_aux_0: 3.1602 (3.1602)  loss_bbox_aux_0: 0.4837 (0.4837)  loss_giou_aux_0: 0.5533 (0.5533)  loss_fgl_aux_0: 1.0807 (1.0807)  loss_ddf_aux_0: 0.1071 (0.1071)  loss_mal_aux_1: 3.1738 (3.1738)  loss_bbox_aux_1: 0.4689 (0.4689)  loss_giou_aux_1: 0.5208 (0.5208)  loss_fgl_aux_1: 1.0924 (1.0924)  loss_ddf_aux_1: 0.0182 (0.0182)  loss_mal_aux_2: 3.0879 (3.0879)  loss_bbox_aux_2: 0.4614 (0.4614)  loss_giou_aux_2: 0.5173 (0.5173)  loss_fgl_aux_2: 1.0973 (1.0973)  loss_ddf_aux_2: 0.0031 (0.0031)  loss_mal_pre: 3.1855 (3.1855)  loss_bbox_pre: 0.4316 (0.4316)  loss_giou_pre: 0.5263 (0.5263)  loss_mal_enc_0: 3.0176 (3.0176)  loss_bbox_enc_0: 0.5569 (0.5569)  loss_giou_enc_0: 0.6761 (0.6761)  loss_mal_dn_0: 1.6172 (1.6172)  loss_bbox_dn_0: 0.8711 (0.8711)  loss_giou_dn_0: 1.1090 (1.1090)  loss_fgl_dn_0: 1.0683 (1.0683)  loss_ddf_dn_0: 0.3608 (0.3608)  loss_mal_dn_1: 2.2930 (2.2930)  loss_bbox_dn_1: 0.6804 (0.6804)  loss_giou_dn_1: 0.8577 (0.8577)  loss_fgl_dn_1: 1.0798 (1.0798)  loss_ddf_dn_1: 0.1043 (0.1043)  loss_mal_dn_2: 2.4316 (2.4316)  loss_bbox_dn_2: 0.5882 (0.5882)  loss_giou_dn_2: 0.7434 (0.7434)  loss_fgl_dn_2: 1.1014 (1.1014)  loss_ddf_dn_2: 0.0173 (0.0173)  loss_mal_dn_3: 2.2500 (2.2500)  loss_bbox_dn_3: 0.5574 (0.5574)  loss_giou_dn_3: 0.7030 (0.7030)  loss_fgl_dn_3: 1.1136 (1.1136)  loss_mal_dn_pre: 1.6611 (1.6611)  loss_bbox_dn_pre: 0.8586 (0.8586)  loss_giou_dn_pre: 1.0875 (1.0875)  time: 0.8077  data: 0.6687  max mem: 2550
Epoch: [54]  [7/8]  eta: 0:00:00  lr: 0.000001  loss: 48.5195 (48.7621)  loss_mal: 2.5840 (2.4492)  loss_bbox: 0.4076 (0.3757)  loss_giou: 0.5745 (0.6680)  loss_fgl: 1.0213 (1.0472)  loss_mal_aux_0: 2.6016 (2.5089)  loss_bbox_aux_0: 0.4553 (0.4381)  loss_giou_aux_0: 0.8064 (0.8182)  loss_fgl_aux_0: 0.9905 (1.0291)  loss_ddf_aux_0: 0.1486 (0.1557)  loss_mal_aux_1: 2.8223 (2.7307)  loss_bbox_aux_1: 0.4322 (0.3916)  loss_giou_aux_1: 0.5930 (0.6820)  loss_fgl_aux_1: 1.0014 (1.0508)  loss_ddf_aux_1: 0.0268 (0.0304)  loss_mal_aux_2: 2.7109 (2.6167)  loss_bbox_aux_2: 0.4082 (0.3713)  loss_giou_aux_2: 0.5796 (0.6711)  loss_fgl_aux_2: 1.0168 (1.0482)  loss_ddf_aux_2: 0.0031 (0.0036)  loss_mal_pre: 2.5703 (2.5116)  loss_bbox_pre: 0.4535 (0.4847)  loss_giou_pre: 0.8121 (0.8235)  loss_mal_enc_0: 2.5312 (2.4039)  loss_bbox_enc_0: 0.5180 (0.5374)  loss_giou_enc_0: 0.8864 (0.9309)  loss_mal_dn_0: 1.5586 (1.5311)  loss_bbox_dn_0: 0.5338 (0.6412)  loss_giou_dn_0: 1.1204 (1.1621)  loss_fgl_dn_0: 1.0606 (1.0560)  loss_ddf_dn_0: 0.3655 (0.4021)  loss_mal_dn_1: 2.2930 (2.2725)  loss_bbox_dn_1: 0.4233 (0.5048)  loss_giou_dn_1: 0.8412 (0.8575)  loss_fgl_dn_1: 1.0546 (1.0737)  loss_ddf_dn_1: 0.0981 (0.1070)  loss_mal_dn_2: 2.3555 (2.3689)  loss_bbox_dn_2: 0.3622 (0.4350)  loss_giou_dn_2: 0.7434 (0.7407)  loss_fgl_dn_2: 1.0715 (1.0784)  loss_ddf_dn_2: 0.0146 (0.0162)  loss_mal_dn_3: 2.1660 (2.2063)  loss_bbox_dn_3: 0.3449 (0.4121)  loss_giou_dn_3: 0.7030 (0.7070)  loss_fgl_dn_3: 1.0856 (1.0886)  loss_mal_dn_pre: 1.5615 (1.5374)  loss_bbox_dn_pre: 0.5247 (0.6283)  loss_giou_dn_pre: 1.1164 (1.1567)  time: 0.1966  data: 0.0859  max mem: 2550
Epoch: [54] Total time: 0:00:01 (0.2041 s / it)
Averaged stats: lr: 0.000001  loss: 48.5195 (48.7621)  loss_mal: 2.5840 (2.4492)  loss_bbox: 0.4076 (0.3757)  loss_giou: 0.5745 (0.6680)  loss_fgl: 1.0213 (1.0472)  loss_mal_aux_0: 2.6016 (2.5089)  loss_bbox_aux_0: 0.4553 (0.4381)  loss_giou_aux_0: 0.8064 (0.8182)  loss_fgl_aux_0: 0.9905 (1.0291)  loss_ddf_aux_0: 0.1486 (0.1557)  loss_mal_aux_1: 2.8223 (2.7307)  loss_bbox_aux_1: 0.4322 (0.3916)  loss_giou_aux_1: 0.5930 (0.6820)  loss_fgl_aux_1: 1.0014 (1.0508)  loss_ddf_aux_1: 0.0268 (0.0304)  loss_mal_aux_2: 2.7109 (2.6167)  loss_bbox_aux_2: 0.4082 (0.3713)  loss_giou_aux_2: 0.5796 (0.6711)  loss_fgl_aux_2: 1.0168 (1.0482)  loss_ddf_aux_2: 0.0031 (0.0036)  loss_mal_pre: 2.5703 (2.5116)  loss_bbox_pre: 0.4535 (0.4847)  loss_giou_pre: 0.8121 (0.8235)  loss_mal_enc_0: 2.5312 (2.4039)  loss_bbox_enc_0: 0.5180 (0.5374)  loss_giou_enc_0: 0.8864 (0.9309)  loss_mal_dn_0: 1.5586 (1.5311)  loss_bbox_dn_0: 0.5338 (0.6412)  loss_giou_dn_0: 1.1204 (1.1621)  loss_fgl_dn_0: 1.0606 (1.0560)  loss_ddf_dn_0: 0.3655 (0.4021)  loss_mal_dn_1: 2.2930 (2.2725)  loss_bbox_dn_1: 0.4233 (0.5048)  loss_giou_dn_1: 0.8412 (0.8575)  loss_fgl_dn_1: 1.0546 (1.0737)  loss_ddf_dn_1: 0.0981 (0.1070)  loss_mal_dn_2: 2.3555 (2.3689)  loss_bbox_dn_2: 0.3622 (0.4350)  loss_giou_dn_2: 0.7434 (0.7407)  loss_fgl_dn_2: 1.0715 (1.0784)  loss_ddf_dn_2: 0.0146 (0.0162)  loss_mal_dn_3: 2.1660 (2.2063)  loss_bbox_dn_3: 0.3449 (0.4121)  loss_giou_dn_3: 0.7030 (0.7070)  loss_fgl_dn_3: 1.0856 (1.0886)  loss_mal_dn_pre: 1.5615 (1.5374)  loss_bbox_dn_pre: 0.5247 (0.6283)  loss_giou_dn_pre: 1.1164 (1.1567)
Test:  [0/4]  eta: 0:00:01    time: 0.3608  data: 0.3289  max mem: 2550
Test:  [3/4]  eta: 0:00:00    time: 0.1118  data: 0.0854  max mem: 2550
Test: Total time: 0:00:00 (0.1249 s / it)
Averaged stats: 
Accumulating evaluation results...
COCOeval_opt.accumulate() finished...
DONE (t=0.00s).
IoU metric: bbox
 Average Precision  (AP) @[ IoU=0.50:0.95 | area=   all | maxDets=100 ] = 0.257
 Average Precision  (AP) @[ IoU=0.50      | area=   all | maxDets=100 ] = 0.330
 Average Precision  (AP) @[ IoU=0.75      | area=   all | maxDets=100 ] = 0.271
 Average Precision  (AP) @[ IoU=0.50:0.95 | area= small | maxDets=100 ] = -1.000
 Average Precision  (AP) @[ IoU=0.50:0.95 | area=medium | maxDets=100 ] = -1.000
 Average Precision  (AP) @[ IoU=0.50:0.95 | area= large | maxDets=100 ] = 0.259
 Average Recall     (AR) @[ IoU=0.50:0.95 | area=   all | maxDets=  1 ] = 0.310
 Average Recall     (AR) @[ IoU=0.50:0.95 | area=   all | maxDets= 10 ] = 0.593
 Average Recall     (AR) @[ IoU=0.50:0.95 | area=   all | maxDets=100 ] = 0.833
 Average Recall     (AR) @[ IoU=0.50:0.95 | area= small | maxDets=100 ] = -1.000
 Average Recall     (AR) @[ IoU=0.50:0.95 | area=medium | maxDets=100 ] = -1.000
 Average Recall     (AR) @[ IoU=0.50:0.95 | area= large | maxDets=100 ] = 0.833
 Average Recall     (AR) @[ IoU=0.50      | area=   all | maxDets=100 ] = 1.000
 Average Recall     (AR) @[ IoU=0.75      | area=   all | maxDets=100 ] = 0.933
best_stat: {'epoch': 54, 'coco_eval_bbox': 0.2574098806235214}
Epoch: [55]  [0/8]  eta: 0:00:06  lr: 0.000001  loss: 51.2567 (51.2567)  loss_mal: 2.6641 (2.6641)  loss_bbox: 0.5686 (0.5686)  loss_giou: 0.6090 (0.6090)  loss_fgl: 1.0988 (1.0988)  loss_mal_aux_0: 2.6074 (2.6074)  loss_bbox_aux_0: 0.6880 (0.6880)  loss_giou_aux_0: 0.7564 (0.7564)  loss_fgl_aux_0: 1.1134 (1.1134)  loss_ddf_aux_0: 0.1843 (0.1843)  loss_mal_aux_1: 2.8809 (2.8809)  loss_bbox_aux_1: 0.6004 (0.6004)  loss_giou_aux_1: 0.6404 (0.6404)  loss_fgl_aux_1: 1.0770 (1.0770)  loss_ddf_aux_1: 0.0284 (0.0284)  loss_mal_aux_2: 2.7891 (2.7891)  loss_bbox_aux_2: 0.5727 (0.5727)  loss_giou_aux_2: 0.6200 (0.6200)  loss_fgl_aux_2: 1.0943 (1.0943)  loss_ddf_aux_2: 0.0029 (0.0029)  loss_mal_pre: 2.5312 (2.5312)  loss_bbox_pre: 0.6752 (0.6752)  loss_giou_pre: 0.7784 (0.7784)  loss_mal_enc_0: 2.2910 (2.2910)  loss_bbox_enc_0: 0.6998 (0.6998)  loss_giou_enc_0: 0.8635 (0.8635)  loss_mal_dn_0: 1.6104 (1.6104)  loss_bbox_dn_0: 0.7526 (0.7526)  loss_giou_dn_0: 1.1473 (1.1473)  loss_fgl_dn_0: 1.1105 (1.1105)  loss_ddf_dn_0: 0.4021 (0.4021)  loss_mal_dn_1: 2.2969 (2.2969)  loss_bbox_dn_1: 0.6019 (0.6019)  loss_giou_dn_1: 0.8614 (0.8614)  loss_fgl_dn_1: 1.1050 (1.1050)  loss_ddf_dn_1: 0.1101 (0.1101)  loss_mal_dn_2: 2.3125 (2.3125)  loss_bbox_dn_2: 0.5605 (0.5605)  loss_giou_dn_2: 0.7696 (0.7696)  loss_fgl_dn_2: 1.0972 (1.0972)  loss_ddf_dn_2: 0.0157 (0.0157)  loss_mal_dn_3: 2.2109 (2.2109)  loss_bbox_dn_3: 0.5282 (0.5282)  loss_giou_dn_3: 0.7264 (0.7264)  loss_fgl_dn_3: 1.1160 (1.1160)  loss_mal_dn_pre: 1.6641 (1.6641)  loss_bbox_dn_pre: 0.7173 (0.7173)  loss_giou_dn_pre: 1.1050 (1.1050)  time: 0.8027  data: 0.6515  max mem: 2550
Epoch: [55]  [7/8]  eta: 0:00:00  lr: 0.000001  loss: 48.8163 (49.3072)  loss_mal: 2.5332 (2.5989)  loss_bbox: 0.2799 (0.3423)  loss_giou: 0.5590 (0.5740)  loss_fgl: 1.1010 (1.0737)  loss_mal_aux_0: 2.6074 (2.7324)  loss_bbox_aux_0: 0.3106 (0.4248)  loss_giou_aux_0: 0.6076 (0.7406)  loss_fgl_aux_0: 1.1028 (1.0960)  loss_ddf_aux_0: 0.1550 (0.1689)  loss_mal_aux_1: 2.9199 (2.9675)  loss_bbox_aux_1: 0.2903 (0.3626)  loss_giou_aux_1: 0.5731 (0.5983)  loss_fgl_aux_1: 1.0917 (1.0730)  loss_ddf_aux_1: 0.0267 (0.0283)  loss_mal_aux_2: 2.7422 (2.7732)  loss_bbox_aux_2: 0.2811 (0.3460)  loss_giou_aux_2: 0.5586 (0.5818)  loss_fgl_aux_2: 1.0987 (1.0694)  loss_ddf_aux_2: 0.0029 (0.0033)  loss_mal_pre: 2.5312 (2.7229)  loss_bbox_pre: 0.3073 (0.4305)  loss_giou_pre: 0.6193 (0.7449)  loss_mal_enc_0: 2.2910 (2.4763)  loss_bbox_enc_0: 0.3289 (0.4753)  loss_giou_enc_0: 0.7491 (0.8627)  loss_mal_dn_0: 1.4980 (1.5092)  loss_bbox_dn_0: 0.6238 (0.6777)  loss_giou_dn_0: 1.1724 (1.1803)  loss_fgl_dn_0: 1.0651 (1.0623)  loss_ddf_dn_0: 0.4021 (0.4063)  loss_mal_dn_1: 2.2109 (2.2726)  loss_bbox_dn_1: 0.4979 (0.5153)  loss_giou_dn_1: 0.8614 (0.8523)  loss_fgl_dn_1: 1.0783 (1.0841)  loss_ddf_dn_1: 0.1101 (0.1091)  loss_mal_dn_2: 2.2930 (2.3203)  loss_bbox_dn_2: 0.4319 (0.4516)  loss_giou_dn_2: 0.7688 (0.7453)  loss_fgl_dn_2: 1.0769 (1.0781)  loss_ddf_dn_2: 0.0157 (0.0172)  loss_mal_dn_3: 2.1328 (2.1802)  loss_bbox_dn_3: 0.4024 (0.4287)  loss_giou_dn_3: 0.7264 (0.7108)  loss_fgl_dn_3: 1.0869 (1.0901)  loss_mal_dn_pre: 1.4590 (1.5179)  loss_bbox_dn_pre: 0.6168 (0.6598)  loss_giou_dn_pre: 1.1654 (1.1707)  time: 0.1986  data: 0.0832  max mem: 2550
Epoch: [55] Total time: 0:00:01 (0.2054 s / it)
Averaged stats: lr: 0.000001  loss: 48.8163 (49.3072)  loss_mal: 2.5332 (2.5989)  loss_bbox: 0.2799 (0.3423)  loss_giou: 0.5590 (0.5740)  loss_fgl: 1.1010 (1.0737)  loss_mal_aux_0: 2.6074 (2.7324)  loss_bbox_aux_0: 0.3106 (0.4248)  loss_giou_aux_0: 0.6076 (0.7406)  loss_fgl_aux_0: 1.1028 (1.0960)  loss_ddf_aux_0: 0.1550 (0.1689)  loss_mal_aux_1: 2.9199 (2.9675)  loss_bbox_aux_1: 0.2903 (0.3626)  loss_giou_aux_1: 0.5731 (0.5983)  loss_fgl_aux_1: 1.0917 (1.0730)  loss_ddf_aux_1: 0.0267 (0.0283)  loss_mal_aux_2: 2.7422 (2.7732)  loss_bbox_aux_2: 0.2811 (0.3460)  loss_giou_aux_2: 0.5586 (0.5818)  loss_fgl_aux_2: 1.0987 (1.0694)  loss_ddf_aux_2: 0.0029 (0.0033)  loss_mal_pre: 2.5312 (2.7229)  loss_bbox_pre: 0.3073 (0.4305)  loss_giou_pre: 0.6193 (0.7449)  loss_mal_enc_0: 2.2910 (2.4763)  loss_bbox_enc_0: 0.3289 (0.4753)  loss_giou_enc_0: 0.7491 (0.8627)  loss_mal_dn_0: 1.4980 (1.5092)  loss_bbox_dn_0: 0.6238 (0.6777)  loss_giou_dn_0: 1.1724 (1.1803)  loss_fgl_dn_0: 1.0651 (1.0623)  loss_ddf_dn_0: 0.4021 (0.4063)  loss_mal_dn_1: 2.2109 (2.2726)  loss_bbox_dn_1: 0.4979 (0.5153)  loss_giou_dn_1: 0.8614 (0.8523)  loss_fgl_dn_1: 1.0783 (1.0841)  loss_ddf_dn_1: 0.1101 (0.1091)  loss_mal_dn_2: 2.2930 (2.3203)  loss_bbox_dn_2: 0.4319 (0.4516)  loss_giou_dn_2: 0.7688 (0.7453)  loss_fgl_dn_2: 1.0769 (1.0781)  loss_ddf_dn_2: 0.0157 (0.0172)  loss_mal_dn_3: 2.1328 (2.1802)  loss_bbox_dn_3: 0.4024 (0.4287)  loss_giou_dn_3: 0.7264 (0.7108)  loss_fgl_dn_3: 1.0869 (1.0901)  loss_mal_dn_pre: 1.4590 (1.5179)  loss_bbox_dn_pre: 0.6168 (0.6598)  loss_giou_dn_pre: 1.1654 (1.1707)
Test:  [0/4]  eta: 0:00:01    time: 0.3606  data: 0.3289  max mem: 2550
Test:  [3/4]  eta: 0:00:00    time: 0.1097  data: 0.0840  max mem: 2550
Test: Total time: 0:00:00 (0.1245 s / it)
Averaged stats: 
Accumulating evaluation results...
COCOeval_opt.accumulate() finished...
DONE (t=0.00s).
IoU metric: bbox
 Average Precision  (AP) @[ IoU=0.50:0.95 | area=   all | maxDets=100 ] = 0.251
 Average Precision  (AP) @[ IoU=0.50      | area=   all | maxDets=100 ] = 0.314
 Average Precision  (AP) @[ IoU=0.75      | area=   all | maxDets=100 ] = 0.257
 Average Precision  (AP) @[ IoU=0.50:0.95 | area= small | maxDets=100 ] = -1.000
 Average Precision  (AP) @[ IoU=0.50:0.95 | area=medium | maxDets=100 ] = -1.000
 Average Precision  (AP) @[ IoU=0.50:0.95 | area= large | maxDets=100 ] = 0.255
 Average Recall     (AR) @[ IoU=0.50:0.95 | area=   all | maxDets=  1 ] = 0.367
 Average Recall     (AR) @[ IoU=0.50:0.95 | area=   all | maxDets= 10 ] = 0.723
 Average Recall     (AR) @[ IoU=0.50:0.95 | area=   all | maxDets=100 ] = 0.860
 Average Recall     (AR) @[ IoU=0.50:0.95 | area= small | maxDets=100 ] = -1.000
 Average Recall     (AR) @[ IoU=0.50:0.95 | area=medium | maxDets=100 ] = -1.000
 Average Recall     (AR) @[ IoU=0.50:0.95 | area= large | maxDets=100 ] = 0.860
 Average Recall     (AR) @[ IoU=0.50      | area=   all | maxDets=100 ] = 1.000
 Average Recall     (AR) @[ IoU=0.75      | area=   all | maxDets=100 ] = 0.933
best_stat: {'epoch': 54, 'coco_eval_bbox': 0.2574098806235214}
Epoch: [56]  [0/8]  eta: 0:00:08  lr: 0.000001  loss: 48.5083 (48.5083)  loss_mal: 2.6113 (2.6113)  loss_bbox: 0.2142 (0.2142)  loss_giou: 0.4046 (0.4046)  loss_fgl: 1.0604 (1.0604)  loss_mal_aux_0: 2.9629 (2.9629)  loss_bbox_aux_0: 0.3135 (0.3135)  loss_giou_aux_0: 0.5256 (0.5256)  loss_fgl_aux_0: 1.1136 (1.1136)  loss_ddf_aux_0: 0.1084 (0.1084)  loss_mal_aux_1: 3.1074 (3.1074)  loss_bbox_aux_1: 0.2580 (0.2580)  loss_giou_aux_1: 0.4317 (0.4317)  loss_fgl_aux_1: 1.0726 (1.0726)  loss_ddf_aux_1: 0.0169 (0.0169)  loss_mal_aux_2: 2.8691 (2.8691)  loss_bbox_aux_2: 0.2108 (0.2108)  loss_giou_aux_2: 0.4033 (0.4033)  loss_fgl_aux_2: 1.0609 (1.0609)  loss_ddf_aux_2: 0.0017 (0.0017)  loss_mal_pre: 2.9805 (2.9805)  loss_bbox_pre: 0.2971 (0.2971)  loss_giou_pre: 0.5189 (0.5189)  loss_mal_enc_0: 2.8594 (2.8594)  loss_bbox_enc_0: 0.3720 (0.3720)  loss_giou_enc_0: 0.6231 (0.6231)  loss_mal_dn_0: 1.7002 (1.7002)  loss_bbox_dn_0: 0.6219 (0.6219)  loss_giou_dn_0: 1.0828 (1.0828)  loss_fgl_dn_0: 1.0717 (1.0717)  loss_ddf_dn_0: 0.4350 (0.4350)  loss_mal_dn_1: 2.6562 (2.6562)  loss_bbox_dn_1: 0.3618 (0.3618)  loss_giou_dn_1: 0.6825 (0.6825)  loss_fgl_dn_1: 1.0696 (1.0696)  loss_ddf_dn_1: 0.1111 (0.1111)  loss_mal_dn_2: 2.7402 (2.7402)  loss_bbox_dn_2: 0.2674 (0.2674)  loss_giou_dn_2: 0.5313 (0.5313)  loss_fgl_dn_2: 1.0593 (1.0593)  loss_ddf_dn_2: 0.0157 (0.0157)  loss_mal_dn_3: 2.4844 (2.4844)  loss_bbox_dn_3: 0.2520 (0.2520)  loss_giou_dn_3: 0.5044 (0.5044)  loss_fgl_dn_3: 1.0673 (1.0673)  loss_mal_dn_pre: 1.6768 (1.6768)  loss_bbox_dn_pre: 0.6289 (0.6289)  loss_giou_dn_pre: 1.0903 (1.0903)  time: 1.0445  data: 0.7398  max mem: 2550
Epoch: [56]  [7/8]  eta: 0:00:00  lr: 0.000001  loss: 48.5083 (48.7144)  loss_mal: 2.0996 (2.4736)  loss_bbox: 0.2620 (0.3084)  loss_giou: 0.5499 (0.5951)  loss_fgl: 1.0017 (0.9996)  loss_mal_aux_0: 2.4863 (2.7478)  loss_bbox_aux_0: 0.3153 (0.3820)  loss_giou_aux_0: 0.7503 (0.7335)  loss_fgl_aux_0: 1.0030 (1.0044)  loss_ddf_aux_0: 0.1202 (0.1449)  loss_mal_aux_1: 2.5332 (2.9128)  loss_bbox_aux_1: 0.2580 (0.3290)  loss_giou_aux_1: 0.5475 (0.6138)  loss_fgl_aux_1: 1.0113 (1.0038)  loss_ddf_aux_1: 0.0207 (0.0293)  loss_mal_aux_2: 2.3809 (2.7488)  loss_bbox_aux_2: 0.2558 (0.3114)  loss_giou_aux_2: 0.5471 (0.5983)  loss_fgl_aux_2: 0.9940 (1.0008)  loss_ddf_aux_2: 0.0033 (0.0035)  loss_mal_pre: 2.4395 (2.7673)  loss_bbox_pre: 0.3059 (0.3796)  loss_giou_pre: 0.7753 (0.7359)  loss_mal_enc_0: 2.2637 (2.6609)  loss_bbox_enc_0: 0.3720 (0.4381)  loss_giou_enc_0: 0.8798 (0.8325)  loss_mal_dn_0: 1.5283 (1.5802)  loss_bbox_dn_0: 0.5792 (0.6944)  loss_giou_dn_0: 1.0886 (1.1273)  loss_fgl_dn_0: 1.0648 (1.0508)  loss_ddf_dn_0: 0.4327 (0.4039)  loss_mal_dn_1: 2.3047 (2.3506)  loss_bbox_dn_1: 0.4189 (0.5080)  loss_giou_dn_1: 0.7290 (0.8053)  loss_fgl_dn_1: 1.0574 (1.0572)  loss_ddf_dn_1: 0.1034 (0.1087)  loss_mal_dn_2: 2.3184 (2.4180)  loss_bbox_dn_2: 0.3557 (0.4190)  loss_giou_dn_2: 0.6242 (0.6864)  loss_fgl_dn_2: 1.0522 (1.0481)  loss_ddf_dn_2: 0.0180 (0.0180)  loss_mal_dn_3: 2.1348 (2.1924)  loss_bbox_dn_3: 0.3285 (0.3832)  loss_giou_dn_3: 0.5533 (0.6510)  loss_fgl_dn_3: 1.0564 (1.0587)  loss_mal_dn_pre: 1.5205 (1.5718)  loss_bbox_dn_pre: 0.5792 (0.6938)  loss_giou_dn_pre: 1.0983 (1.1327)  time: 0.2282  data: 0.0948  max mem: 2550
Epoch: [56] Total time: 0:00:01 (0.2359 s / it)
Averaged stats: lr: 0.000001  loss: 48.5083 (48.7144)  loss_mal: 2.0996 (2.4736)  loss_bbox: 0.2620 (0.3084)  loss_giou: 0.5499 (0.5951)  loss_fgl: 1.0017 (0.9996)  loss_mal_aux_0: 2.4863 (2.7478)  loss_bbox_aux_0: 0.3153 (0.3820)  loss_giou_aux_0: 0.7503 (0.7335)  loss_fgl_aux_0: 1.0030 (1.0044)  loss_ddf_aux_0: 0.1202 (0.1449)  loss_mal_aux_1: 2.5332 (2.9128)  loss_bbox_aux_1: 0.2580 (0.3290)  loss_giou_aux_1: 0.5475 (0.6138)  loss_fgl_aux_1: 1.0113 (1.0038)  loss_ddf_aux_1: 0.0207 (0.0293)  loss_mal_aux_2: 2.3809 (2.7488)  loss_bbox_aux_2: 0.2558 (0.3114)  loss_giou_aux_2: 0.5471 (0.5983)  loss_fgl_aux_2: 0.9940 (1.0008)  loss_ddf_aux_2: 0.0033 (0.0035)  loss_mal_pre: 2.4395 (2.7673)  loss_bbox_pre: 0.3059 (0.3796)  loss_giou_pre: 0.7753 (0.7359)  loss_mal_enc_0: 2.2637 (2.6609)  loss_bbox_enc_0: 0.3720 (0.4381)  loss_giou_enc_0: 0.8798 (0.8325)  loss_mal_dn_0: 1.5283 (1.5802)  loss_bbox_dn_0: 0.5792 (0.6944)  loss_giou_dn_0: 1.0886 (1.1273)  loss_fgl_dn_0: 1.0648 (1.0508)  loss_ddf_dn_0: 0.4327 (0.4039)  loss_mal_dn_1: 2.3047 (2.3506)  loss_bbox_dn_1: 0.4189 (0.5080)  loss_giou_dn_1: 0.7290 (0.8053)  loss_fgl_dn_1: 1.0574 (1.0572)  loss_ddf_dn_1: 0.1034 (0.1087)  loss_mal_dn_2: 2.3184 (2.4180)  loss_bbox_dn_2: 0.3557 (0.4190)  loss_giou_dn_2: 0.6242 (0.6864)  loss_fgl_dn_2: 1.0522 (1.0481)  loss_ddf_dn_2: 0.0180 (0.0180)  loss_mal_dn_3: 2.1348 (2.1924)  loss_bbox_dn_3: 0.3285 (0.3832)  loss_giou_dn_3: 0.5533 (0.6510)  loss_fgl_dn_3: 1.0564 (1.0587)  loss_mal_dn_pre: 1.5205 (1.5718)  loss_bbox_dn_pre: 0.5792 (0.6938)  loss_giou_dn_pre: 1.0983 (1.1327)
Test:  [0/4]  eta: 0:00:01    time: 0.3955  data: 0.3639  max mem: 2550
Test:  [3/4]  eta: 0:00:00    time: 0.1186  data: 0.0928  max mem: 2550
Test: Total time: 0:00:00 (0.1423 s / it)
Averaged stats: 
Accumulating evaluation results...
COCOeval_opt.accumulate() finished...
DONE (t=0.00s).
IoU metric: bbox
 Average Precision  (AP) @[ IoU=0.50:0.95 | area=   all | maxDets=100 ] = 0.315
 Average Precision  (AP) @[ IoU=0.50      | area=   all | maxDets=100 ] = 0.399
 Average Precision  (AP) @[ IoU=0.75      | area=   all | maxDets=100 ] = 0.329
 Average Precision  (AP) @[ IoU=0.50:0.95 | area= small | maxDets=100 ] = -1.000
 Average Precision  (AP) @[ IoU=0.50:0.95 | area=medium | maxDets=100 ] = -1.000
 Average Precision  (AP) @[ IoU=0.50:0.95 | area= large | maxDets=100 ] = 0.316
 Average Recall     (AR) @[ IoU=0.50:0.95 | area=   all | maxDets=  1 ] = 0.473
 Average Recall     (AR) @[ IoU=0.50:0.95 | area=   all | maxDets= 10 ] = 0.753
 Average Recall     (AR) @[ IoU=0.50:0.95 | area=   all | maxDets=100 ] = 0.867
 Average Recall     (AR) @[ IoU=0.50:0.95 | area= small | maxDets=100 ] = -1.000
 Average Recall     (AR) @[ IoU=0.50:0.95 | area=medium | maxDets=100 ] = -1.000
 Average Recall     (AR) @[ IoU=0.50:0.95 | area= large | maxDets=100 ] = 0.867
 Average Recall     (AR) @[ IoU=0.50      | area=   all | maxDets=100 ] = 1.000
 Average Recall     (AR) @[ IoU=0.75      | area=   all | maxDets=100 ] = 0.967
best_stat: {'epoch': 56, 'coco_eval_bbox': 0.3154829676586924}
Epoch: [57]  [0/8]  eta: 0:00:05  lr: 0.000001  loss: 48.0516 (48.0516)  loss_mal: 2.6621 (2.6621)  loss_bbox: 0.1783 (0.1783)  loss_giou: 0.4267 (0.4267)  loss_fgl: 1.0467 (1.0467)  loss_mal_aux_0: 2.9395 (2.9395)  loss_bbox_aux_0: 0.2169 (0.2169)  loss_giou_aux_0: 0.5714 (0.5714)  loss_fgl_aux_0: 1.0479 (1.0479)  loss_ddf_aux_0: 0.1513 (0.1513)  loss_mal_aux_1: 3.1250 (3.1250)  loss_bbox_aux_1: 0.1877 (0.1877)  loss_giou_aux_1: 0.4420 (0.4420)  loss_fgl_aux_1: 1.0488 (1.0488)  loss_ddf_aux_1: 0.0299 (0.0299)  loss_mal_aux_2: 2.9727 (2.9727)  loss_bbox_aux_2: 0.1810 (0.1810)  loss_giou_aux_2: 0.4295 (0.4295)  loss_fgl_aux_2: 1.0412 (1.0412)  loss_ddf_aux_2: 0.0039 (0.0039)  loss_mal_pre: 2.9316 (2.9316)  loss_bbox_pre: 0.2224 (0.2224)  loss_giou_pre: 0.5781 (0.5781)  loss_mal_enc_0: 2.7949 (2.7949)  loss_bbox_enc_0: 0.2801 (0.2801)  loss_giou_enc_0: 0.7155 (0.7155)  loss_mal_dn_0: 1.6992 (1.6992)  loss_bbox_dn_0: 0.4753 (0.4753)  loss_giou_dn_0: 1.0597 (1.0597)  loss_fgl_dn_0: 1.1205 (1.1205)  loss_ddf_dn_0: 0.5541 (0.5541)  loss_mal_dn_1: 2.6270 (2.6270)  loss_bbox_dn_1: 0.2721 (0.2721)  loss_giou_dn_1: 0.6749 (0.6749)  loss_fgl_dn_1: 1.1285 (1.1285)  loss_ddf_dn_1: 0.1625 (0.1625)  loss_mal_dn_2: 2.6621 (2.6621)  loss_bbox_dn_2: 0.2161 (0.2161)  loss_giou_dn_2: 0.5523 (0.5523)  loss_fgl_dn_2: 1.1015 (1.1015)  loss_ddf_dn_2: 0.0310 (0.0310)  loss_mal_dn_3: 2.4375 (2.4375)  loss_bbox_dn_3: 0.1950 (0.1950)  loss_giou_dn_3: 0.5067 (0.5067)  loss_fgl_dn_3: 1.1143 (1.1143)  loss_mal_dn_pre: 1.6934 (1.6934)  loss_bbox_dn_pre: 0.4752 (0.4752)  loss_giou_dn_pre: 1.0676 (1.0676)  time: 0.7141  data: 0.5632  max mem: 2550
Epoch: [57]  [7/8]  eta: 0:00:00  lr: 0.000001  loss: 48.1502 (48.6005)  loss_mal: 2.4961 (2.4442)  loss_bbox: 0.2748 (0.3164)  loss_giou: 0.4267 (0.5569)  loss_fgl: 1.0931 (1.0840)  loss_mal_aux_0: 2.7734 (2.6777)  loss_bbox_aux_0: 0.3637 (0.3804)  loss_giou_aux_0: 0.6805 (0.7359)  loss_fgl_aux_0: 1.0479 (1.0543)  loss_ddf_aux_0: 0.2006 (0.2179)  loss_mal_aux_1: 2.9688 (2.8918)  loss_bbox_aux_1: 0.2799 (0.3313)  loss_giou_aux_1: 0.4574 (0.5899)  loss_fgl_aux_1: 1.0983 (1.0822)  loss_ddf_aux_1: 0.0376 (0.0403)  loss_mal_aux_2: 2.7246 (2.7393)  loss_bbox_aux_2: 0.2464 (0.3179)  loss_giou_aux_2: 0.4307 (0.5614)  loss_fgl_aux_2: 1.0908 (1.0811)  loss_ddf_aux_2: 0.0049 (0.0054)  loss_mal_pre: 2.7344 (2.6821)  loss_bbox_pre: 0.3602 (0.4064)  loss_giou_pre: 0.7067 (0.7461)  loss_mal_enc_0: 2.3340 (2.5027)  loss_bbox_enc_0: 0.4342 (0.4632)  loss_giou_enc_0: 0.8199 (0.8652)  loss_mal_dn_0: 1.6250 (1.6294)  loss_bbox_dn_0: 0.5287 (0.5639)  loss_giou_dn_0: 1.0828 (1.0988)  loss_fgl_dn_0: 1.0804 (1.0803)  loss_ddf_dn_0: 0.5541 (0.5368)  loss_mal_dn_1: 2.3438 (2.4109)  loss_bbox_dn_1: 0.3978 (0.4103)  loss_giou_dn_1: 0.7356 (0.7621)  loss_fgl_dn_1: 1.0936 (1.1014)  loss_ddf_dn_1: 0.1612 (0.1489)  loss_mal_dn_2: 2.4512 (2.4619)  loss_bbox_dn_2: 0.3013 (0.3384)  loss_giou_dn_2: 0.6163 (0.6399)  loss_fgl_dn_2: 1.0917 (1.0867)  loss_ddf_dn_2: 0.0266 (0.0251)  loss_mal_dn_3: 2.1504 (2.2153)  loss_bbox_dn_3: 0.2767 (0.3230)  loss_giou_dn_3: 0.5638 (0.6081)  loss_fgl_dn_3: 1.1023 (1.0954)  loss_mal_dn_pre: 1.6279 (1.6351)  loss_bbox_dn_pre: 0.5204 (0.5578)  loss_giou_dn_pre: 1.0851 (1.0971)  time: 0.1919  data: 0.0745  max mem: 2550
Epoch: [57] Total time: 0:00:01 (0.2012 s / it)
Averaged stats: lr: 0.000001  loss: 48.1502 (48.6005)  loss_mal: 2.4961 (2.4442)  loss_bbox: 0.2748 (0.3164)  loss_giou: 0.4267 (0.5569)  loss_fgl: 1.0931 (1.0840)  loss_mal_aux_0: 2.7734 (2.6777)  loss_bbox_aux_0: 0.3637 (0.3804)  loss_giou_aux_0: 0.6805 (0.7359)  loss_fgl_aux_0: 1.0479 (1.0543)  loss_ddf_aux_0: 0.2006 (0.2179)  loss_mal_aux_1: 2.9688 (2.8918)  loss_bbox_aux_1: 0.2799 (0.3313)  loss_giou_aux_1: 0.4574 (0.5899)  loss_fgl_aux_1: 1.0983 (1.0822)  loss_ddf_aux_1: 0.0376 (0.0403)  loss_mal_aux_2: 2.7246 (2.7393)  loss_bbox_aux_2: 0.2464 (0.3179)  loss_giou_aux_2: 0.4307 (0.5614)  loss_fgl_aux_2: 1.0908 (1.0811)  loss_ddf_aux_2: 0.0049 (0.0054)  loss_mal_pre: 2.7344 (2.6821)  loss_bbox_pre: 0.3602 (0.4064)  loss_giou_pre: 0.7067 (0.7461)  loss_mal_enc_0: 2.3340 (2.5027)  loss_bbox_enc_0: 0.4342 (0.4632)  loss_giou_enc_0: 0.8199 (0.8652)  loss_mal_dn_0: 1.6250 (1.6294)  loss_bbox_dn_0: 0.5287 (0.5639)  loss_giou_dn_0: 1.0828 (1.0988)  loss_fgl_dn_0: 1.0804 (1.0803)  loss_ddf_dn_0: 0.5541 (0.5368)  loss_mal_dn_1: 2.3438 (2.4109)  loss_bbox_dn_1: 0.3978 (0.4103)  loss_giou_dn_1: 0.7356 (0.7621)  loss_fgl_dn_1: 1.0936 (1.1014)  loss_ddf_dn_1: 0.1612 (0.1489)  loss_mal_dn_2: 2.4512 (2.4619)  loss_bbox_dn_2: 0.3013 (0.3384)  loss_giou_dn_2: 0.6163 (0.6399)  loss_fgl_dn_2: 1.0917 (1.0867)  loss_ddf_dn_2: 0.0266 (0.0251)  loss_mal_dn_3: 2.1504 (2.2153)  loss_bbox_dn_3: 0.2767 (0.3230)  loss_giou_dn_3: 0.5638 (0.6081)  loss_fgl_dn_3: 1.1023 (1.0954)  loss_mal_dn_pre: 1.6279 (1.6351)  loss_bbox_dn_pre: 0.5204 (0.5578)  loss_giou_dn_pre: 1.0851 (1.0971)
Test:  [0/4]  eta: 0:00:01    time: 0.3743  data: 0.3427  max mem: 2550
Test:  [3/4]  eta: 0:00:00    time: 0.1135  data: 0.0876  max mem: 2550
Test: Total time: 0:00:00 (0.1311 s / it)
Averaged stats: 
Accumulating evaluation results...
COCOeval_opt.accumulate() finished...
DONE (t=0.00s).
IoU metric: bbox
 Average Precision  (AP) @[ IoU=0.50:0.95 | area=   all | maxDets=100 ] = 0.410
 Average Precision  (AP) @[ IoU=0.50      | area=   all | maxDets=100 ] = 0.508
 Average Precision  (AP) @[ IoU=0.75      | area=   all | maxDets=100 ] = 0.418
 Average Precision  (AP) @[ IoU=0.50:0.95 | area= small | maxDets=100 ] = -1.000
 Average Precision  (AP) @[ IoU=0.50:0.95 | area=medium | maxDets=100 ] = -1.000
 Average Precision  (AP) @[ IoU=0.50:0.95 | area= large | maxDets=100 ] = 0.410
 Average Recall     (AR) @[ IoU=0.50:0.95 | area=   all | maxDets=  1 ] = 0.520
 Average Recall     (AR) @[ IoU=0.50:0.95 | area=   all | maxDets= 10 ] = 0.783
 Average Recall     (AR) @[ IoU=0.50:0.95 | area=   all | maxDets=100 ] = 0.877
 Average Recall     (AR) @[ IoU=0.50:0.95 | area= small | maxDets=100 ] = -1.000
 Average Recall     (AR) @[ IoU=0.50:0.95 | area=medium | maxDets=100 ] = -1.000
 Average Recall     (AR) @[ IoU=0.50:0.95 | area= large | maxDets=100 ] = 0.877
 Average Recall     (AR) @[ IoU=0.50      | area=   all | maxDets=100 ] = 1.000
 Average Recall     (AR) @[ IoU=0.75      | area=   all | maxDets=100 ] = 0.967
best_stat: {'epoch': 57, 'coco_eval_bbox': 0.4095306208271122}
Epoch: [58]  [0/8]  eta: 0:00:06  lr: 0.000001  loss: 49.4090 (49.4090)  loss_mal: 2.4512 (2.4512)  loss_bbox: 0.3279 (0.3279)  loss_giou: 0.5428 (0.5428)  loss_fgl: 1.1052 (1.1052)  loss_mal_aux_0: 2.8184 (2.8184)  loss_bbox_aux_0: 0.3985 (0.3985)  loss_giou_aux_0: 0.6399 (0.6399)  loss_fgl_aux_0: 1.1005 (1.1005)  loss_ddf_aux_0: 0.1430 (0.1430)  loss_mal_aux_1: 2.9609 (2.9609)  loss_bbox_aux_1: 0.3516 (0.3516)  loss_giou_aux_1: 0.5653 (0.5653)  loss_fgl_aux_1: 1.0895 (1.0895)  loss_ddf_aux_1: 0.0308 (0.0308)  loss_mal_aux_2: 2.7617 (2.7617)  loss_bbox_aux_2: 0.3306 (0.3306)  loss_giou_aux_2: 0.5516 (0.5516)  loss_fgl_aux_2: 1.1033 (1.1033)  loss_ddf_aux_2: 0.0057 (0.0057)  loss_mal_pre: 2.8203 (2.8203)  loss_bbox_pre: 0.4137 (0.4137)  loss_giou_pre: 0.6522 (0.6522)  loss_mal_enc_0: 2.8281 (2.8281)  loss_bbox_enc_0: 0.4808 (0.4808)  loss_giou_enc_0: 0.7682 (0.7682)  loss_mal_dn_0: 1.6943 (1.6943)  loss_bbox_dn_0: 0.6902 (0.6902)  loss_giou_dn_0: 1.0542 (1.0542)  loss_fgl_dn_0: 1.0761 (1.0761)  loss_ddf_dn_0: 0.4131 (0.4131)  loss_mal_dn_1: 2.4902 (2.4902)  loss_bbox_dn_1: 0.4732 (0.4732)  loss_giou_dn_1: 0.7329 (0.7329)  loss_fgl_dn_1: 1.0938 (1.0938)  loss_ddf_dn_1: 0.1250 (0.1250)  loss_mal_dn_2: 2.5020 (2.5020)  loss_bbox_dn_2: 0.3780 (0.3780)  loss_giou_dn_2: 0.6270 (0.6270)  loss_fgl_dn_2: 1.0834 (1.0834)  loss_ddf_dn_2: 0.0256 (0.0256)  loss_mal_dn_3: 2.2344 (2.2344)  loss_bbox_dn_3: 0.3579 (0.3579)  loss_giou_dn_3: 0.5882 (0.5882)  loss_fgl_dn_3: 1.0919 (1.0919)  loss_mal_dn_pre: 1.6992 (1.6992)  loss_bbox_dn_pre: 0.6844 (0.6844)  loss_giou_dn_pre: 1.0521 (1.0521)  time: 0.7734  data: 0.6242  max mem: 2550
Epoch: [58]  [7/8]  eta: 0:00:00  lr: 0.000001  loss: 48.5961 (49.3004)  loss_mal: 2.3906 (2.3658)  loss_bbox: 0.2977 (0.3844)  loss_giou: 0.5143 (0.6124)  loss_fgl: 1.0176 (0.9931)  loss_mal_aux_0: 2.7773 (2.7976)  loss_bbox_aux_0: 0.3451 (0.4497)  loss_giou_aux_0: 0.6399 (0.7282)  loss_fgl_aux_0: 1.0367 (1.0084)  loss_ddf_aux_0: 0.1807 (0.1824)  loss_mal_aux_1: 2.9512 (2.8958)  loss_bbox_aux_1: 0.3180 (0.4019)  loss_giou_aux_1: 0.5383 (0.6347)  loss_fgl_aux_1: 1.0403 (0.9922)  loss_ddf_aux_1: 0.0308 (0.0339)  loss_mal_aux_2: 2.7012 (2.6628)  loss_bbox_aux_2: 0.2922 (0.3832)  loss_giou_aux_2: 0.5254 (0.6161)  loss_fgl_aux_2: 1.0165 (0.9931)  loss_ddf_aux_2: 0.0048 (0.0053)  loss_mal_pre: 2.8203 (2.8125)  loss_bbox_pre: 0.3391 (0.4545)  loss_giou_pre: 0.6522 (0.7366)  loss_mal_enc_0: 2.7520 (2.7195)  loss_bbox_enc_0: 0.3859 (0.5173)  loss_giou_enc_0: 0.7682 (0.8506)  loss_mal_dn_0: 1.5654 (1.5920)  loss_bbox_dn_0: 0.6902 (0.6961)  loss_giou_dn_0: 1.1020 (1.1174)  loss_fgl_dn_0: 1.0458 (1.0694)  loss_ddf_dn_0: 0.4978 (0.5221)  loss_mal_dn_1: 2.2363 (2.3694)  loss_bbox_dn_1: 0.4725 (0.4949)  loss_giou_dn_1: 0.7329 (0.7806)  loss_fgl_dn_1: 1.0949 (1.0880)  loss_ddf_dn_1: 0.1480 (0.1483)  loss_mal_dn_2: 2.2441 (2.3965)  loss_bbox_dn_2: 0.3892 (0.4073)  loss_giou_dn_2: 0.6270 (0.6638)  loss_fgl_dn_2: 1.0731 (1.0668)  loss_ddf_dn_2: 0.0232 (0.0257)  loss_mal_dn_3: 2.0020 (2.1399)  loss_bbox_dn_3: 0.3722 (0.3875)  loss_giou_dn_3: 0.5882 (0.6295)  loss_fgl_dn_3: 1.0804 (1.0760)  loss_mal_dn_pre: 1.5664 (1.5951)  loss_bbox_dn_pre: 0.6826 (0.6837)  loss_giou_dn_pre: 1.1058 (1.1185)  time: 0.1961  data: 0.0803  max mem: 2550
Epoch: [58] Total time: 0:00:01 (0.2053 s / it)
Averaged stats: lr: 0.000001  loss: 48.5961 (49.3004)  loss_mal: 2.3906 (2.3658)  loss_bbox: 0.2977 (0.3844)  loss_giou: 0.5143 (0.6124)  loss_fgl: 1.0176 (0.9931)  loss_mal_aux_0: 2.7773 (2.7976)  loss_bbox_aux_0: 0.3451 (0.4497)  loss_giou_aux_0: 0.6399 (0.7282)  loss_fgl_aux_0: 1.0367 (1.0084)  loss_ddf_aux_0: 0.1807 (0.1824)  loss_mal_aux_1: 2.9512 (2.8958)  loss_bbox_aux_1: 0.3180 (0.4019)  loss_giou_aux_1: 0.5383 (0.6347)  loss_fgl_aux_1: 1.0403 (0.9922)  loss_ddf_aux_1: 0.0308 (0.0339)  loss_mal_aux_2: 2.7012 (2.6628)  loss_bbox_aux_2: 0.2922 (0.3832)  loss_giou_aux_2: 0.5254 (0.6161)  loss_fgl_aux_2: 1.0165 (0.9931)  loss_ddf_aux_2: 0.0048 (0.0053)  loss_mal_pre: 2.8203 (2.8125)  loss_bbox_pre: 0.3391 (0.4545)  loss_giou_pre: 0.6522 (0.7366)  loss_mal_enc_0: 2.7520 (2.7195)  loss_bbox_enc_0: 0.3859 (0.5173)  loss_giou_enc_0: 0.7682 (0.8506)  loss_mal_dn_0: 1.5654 (1.5920)  loss_bbox_dn_0: 0.6902 (0.6961)  loss_giou_dn_0: 1.1020 (1.1174)  loss_fgl_dn_0: 1.0458 (1.0694)  loss_ddf_dn_0: 0.4978 (0.5221)  loss_mal_dn_1: 2.2363 (2.3694)  loss_bbox_dn_1: 0.4725 (0.4949)  loss_giou_dn_1: 0.7329 (0.7806)  loss_fgl_dn_1: 1.0949 (1.0880)  loss_ddf_dn_1: 0.1480 (0.1483)  loss_mal_dn_2: 2.2441 (2.3965)  loss_bbox_dn_2: 0.3892 (0.4073)  loss_giou_dn_2: 0.6270 (0.6638)  loss_fgl_dn_2: 1.0731 (1.0668)  loss_ddf_dn_2: 0.0232 (0.0257)  loss_mal_dn_3: 2.0020 (2.1399)  loss_bbox_dn_3: 0.3722 (0.3875)  loss_giou_dn_3: 0.5882 (0.6295)  loss_fgl_dn_3: 1.0804 (1.0760)  loss_mal_dn_pre: 1.5664 (1.5951)  loss_bbox_dn_pre: 0.6826 (0.6837)  loss_giou_dn_pre: 1.1058 (1.1185)
Test:  [0/4]  eta: 0:00:01    time: 0.3665  data: 0.3345  max mem: 2550
Test:  [3/4]  eta: 0:00:00    time: 0.1446  data: 0.0855  max mem: 2550
Test: Total time: 0:00:00 (0.1577 s / it)
Averaged stats: 
Accumulating evaluation results...
COCOeval_opt.accumulate() finished...
DONE (t=0.00s).
IoU metric: bbox
 Average Precision  (AP) @[ IoU=0.50:0.95 | area=   all | maxDets=100 ] = 0.424
 Average Precision  (AP) @[ IoU=0.50      | area=   all | maxDets=100 ] = 0.539
 Average Precision  (AP) @[ IoU=0.75      | area=   all | maxDets=100 ] = 0.453
 Average Precision  (AP) @[ IoU=0.50:0.95 | area= small | maxDets=100 ] = -1.000
 Average Precision  (AP) @[ IoU=0.50:0.95 | area=medium | maxDets=100 ] = -1.000
 Average Precision  (AP) @[ IoU=0.50:0.95 | area= large | maxDets=100 ] = 0.425
 Average Recall     (AR) @[ IoU=0.50:0.95 | area=   all | maxDets=  1 ] = 0.527
 Average Recall     (AR) @[ IoU=0.50:0.95 | area=   all | maxDets= 10 ] = 0.833
 Average Recall     (AR) @[ IoU=0.50:0.95 | area=   all | maxDets=100 ] = 0.880
 Average Recall     (AR) @[ IoU=0.50:0.95 | area= small | maxDets=100 ] = -1.000
 Average Recall     (AR) @[ IoU=0.50:0.95 | area=medium | maxDets=100 ] = -1.000
 Average Recall     (AR) @[ IoU=0.50:0.95 | area= large | maxDets=100 ] = 0.880
 Average Recall     (AR) @[ IoU=0.50      | area=   all | maxDets=100 ] = 1.000
 Average Recall     (AR) @[ IoU=0.75      | area=   all | maxDets=100 ] = 0.967
best_stat: {'epoch': 58, 'coco_eval_bbox': 0.42446381297026037}
Epoch: [59]  [0/8]  eta: 0:00:08  lr: 0.000001  loss: 48.0542 (48.0542)  loss_mal: 2.6797 (2.6797)  loss_bbox: 0.1118 (0.1118)  loss_giou: 0.3472 (0.3472)  loss_fgl: 1.1379 (1.1379)  loss_mal_aux_0: 3.2676 (3.2676)  loss_bbox_aux_0: 0.1472 (0.1472)  loss_giou_aux_0: 0.4387 (0.4387)  loss_fgl_aux_0: 1.1207 (1.1207)  loss_ddf_aux_0: 0.1891 (0.1891)  loss_mal_aux_1: 3.1602 (3.1602)  loss_bbox_aux_1: 0.1180 (0.1180)  loss_giou_aux_1: 0.3644 (0.3644)  loss_fgl_aux_1: 1.1389 (1.1389)  loss_ddf_aux_1: 0.0320 (0.0320)  loss_mal_aux_2: 2.9961 (2.9961)  loss_bbox_aux_2: 0.1122 (0.1122)  loss_giou_aux_2: 0.3530 (0.3530)  loss_fgl_aux_2: 1.1297 (1.1297)  loss_ddf_aux_2: 0.0056 (0.0056)  loss_mal_pre: 3.2715 (3.2715)  loss_bbox_pre: 0.1511 (0.1511)  loss_giou_pre: 0.4476 (0.4476)  loss_mal_enc_0: 3.1602 (3.1602)  loss_bbox_enc_0: 0.1731 (0.1731)  loss_giou_enc_0: 0.5081 (0.5081)  loss_mal_dn_0: 1.8789 (1.8789)  loss_bbox_dn_0: 0.3599 (0.3599)  loss_giou_dn_0: 0.9822 (0.9822)  loss_fgl_dn_0: 1.0671 (1.0671)  loss_ddf_dn_0: 0.4934 (0.4934)  loss_mal_dn_1: 2.7090 (2.7090)  loss_bbox_dn_1: 0.2254 (0.2254)  loss_giou_dn_1: 0.6288 (0.6288)  loss_fgl_dn_1: 1.1064 (1.1064)  loss_ddf_dn_1: 0.1378 (0.1378)  loss_mal_dn_2: 2.7539 (2.7539)  loss_bbox_dn_2: 0.1595 (0.1595)  loss_giou_dn_2: 0.4827 (0.4827)  loss_fgl_dn_2: 1.0868 (1.0868)  loss_ddf_dn_2: 0.0248 (0.0248)  loss_mal_dn_3: 2.4688 (2.4688)  loss_bbox_dn_3: 0.1516 (0.1516)  loss_giou_dn_3: 0.4605 (0.4605)  loss_fgl_dn_3: 1.0985 (1.0985)  loss_mal_dn_pre: 1.9072 (1.9072)  loss_bbox_dn_pre: 0.3478 (0.3478)  loss_giou_dn_pre: 0.9619 (0.9619)  time: 1.0078  data: 0.8758  max mem: 2550
Epoch: [59]  [7/8]  eta: 0:00:00  lr: 0.000001  loss: 47.5298 (48.1385)  loss_mal: 2.3613 (2.3113)  loss_bbox: 0.2764 (0.2794)  loss_giou: 0.5075 (0.5547)  loss_fgl: 1.0716 (1.0530)  loss_mal_aux_0: 2.9336 (2.8760)  loss_bbox_aux_0: 0.3230 (0.3241)  loss_giou_aux_0: 0.6138 (0.6480)  loss_fgl_aux_0: 1.1022 (1.0767)  loss_ddf_aux_0: 0.1866 (0.1822)  loss_mal_aux_1: 2.8516 (2.8484)  loss_bbox_aux_1: 0.3014 (0.2889)  loss_giou_aux_1: 0.5183 (0.5664)  loss_fgl_aux_1: 1.0826 (1.0581)  loss_ddf_aux_1: 0.0320 (0.0323)  loss_mal_aux_2: 2.5566 (2.5691)  loss_bbox_aux_2: 0.2854 (0.2805)  loss_giou_aux_2: 0.5046 (0.5528)  loss_fgl_aux_2: 1.0729 (1.0524)  loss_ddf_aux_2: 0.0047 (0.0052)  loss_mal_pre: 2.9629 (2.8860)  loss_bbox_pre: 0.3451 (0.3313)  loss_giou_pre: 0.6440 (0.6547)  loss_mal_enc_0: 2.8711 (2.8339)  loss_bbox_enc_0: 0.4162 (0.3870)  loss_giou_enc_0: 0.7728 (0.7535)  loss_mal_dn_0: 1.6885 (1.7828)  loss_bbox_dn_0: 0.4734 (0.5441)  loss_giou_dn_0: 0.9822 (1.0271)  loss_fgl_dn_0: 1.0671 (1.0853)  loss_ddf_dn_0: 0.5571 (0.5918)  loss_mal_dn_1: 2.6387 (2.6210)  loss_bbox_dn_1: 0.2553 (0.3409)  loss_giou_dn_1: 0.6288 (0.6537)  loss_fgl_dn_1: 1.0549 (1.0588)  loss_ddf_dn_1: 0.1558 (0.1625)  loss_mal_dn_2: 2.6113 (2.6019)  loss_bbox_dn_2: 0.1805 (0.2670)  loss_giou_dn_2: 0.4827 (0.5254)  loss_fgl_dn_2: 1.0196 (1.0200)  loss_ddf_dn_2: 0.0243 (0.0255)  loss_mal_dn_3: 2.3359 (2.3009)  loss_bbox_dn_3: 0.1672 (0.2512)  loss_giou_dn_3: 0.4605 (0.5018)  loss_fgl_dn_3: 1.0241 (1.0253)  loss_mal_dn_pre: 1.7031 (1.7892)  loss_bbox_dn_pre: 0.4731 (0.5319)  loss_giou_dn_pre: 0.9627 (1.0249)  time: 0.2218  data: 0.1103  max mem: 2550
Epoch: [59] Total time: 0:00:01 (0.2298 s / it)
Averaged stats: lr: 0.000001  loss: 47.5298 (48.1385)  loss_mal: 2.3613 (2.3113)  loss_bbox: 0.2764 (0.2794)  loss_giou: 0.5075 (0.5547)  loss_fgl: 1.0716 (1.0530)  loss_mal_aux_0: 2.9336 (2.8760)  loss_bbox_aux_0: 0.3230 (0.3241)  loss_giou_aux_0: 0.6138 (0.6480)  loss_fgl_aux_0: 1.1022 (1.0767)  loss_ddf_aux_0: 0.1866 (0.1822)  loss_mal_aux_1: 2.8516 (2.8484)  loss_bbox_aux_1: 0.3014 (0.2889)  loss_giou_aux_1: 0.5183 (0.5664)  loss_fgl_aux_1: 1.0826 (1.0581)  loss_ddf_aux_1: 0.0320 (0.0323)  loss_mal_aux_2: 2.5566 (2.5691)  loss_bbox_aux_2: 0.2854 (0.2805)  loss_giou_aux_2: 0.5046 (0.5528)  loss_fgl_aux_2: 1.0729 (1.0524)  loss_ddf_aux_2: 0.0047 (0.0052)  loss_mal_pre: 2.9629 (2.8860)  loss_bbox_pre: 0.3451 (0.3313)  loss_giou_pre: 0.6440 (0.6547)  loss_mal_enc_0: 2.8711 (2.8339)  loss_bbox_enc_0: 0.4162 (0.3870)  loss_giou_enc_0: 0.7728 (0.7535)  loss_mal_dn_0: 1.6885 (1.7828)  loss_bbox_dn_0: 0.4734 (0.5441)  loss_giou_dn_0: 0.9822 (1.0271)  loss_fgl_dn_0: 1.0671 (1.0853)  loss_ddf_dn_0: 0.5571 (0.5918)  loss_mal_dn_1: 2.6387 (2.6210)  loss_bbox_dn_1: 0.2553 (0.3409)  loss_giou_dn_1: 0.6288 (0.6537)  loss_fgl_dn_1: 1.0549 (1.0588)  loss_ddf_dn_1: 0.1558 (0.1625)  loss_mal_dn_2: 2.6113 (2.6019)  loss_bbox_dn_2: 0.1805 (0.2670)  loss_giou_dn_2: 0.4827 (0.5254)  loss_fgl_dn_2: 1.0196 (1.0200)  loss_ddf_dn_2: 0.0243 (0.0255)  loss_mal_dn_3: 2.3359 (2.3009)  loss_bbox_dn_3: 0.1672 (0.2512)  loss_giou_dn_3: 0.4605 (0.5018)  loss_fgl_dn_3: 1.0241 (1.0253)  loss_mal_dn_pre: 1.7031 (1.7892)  loss_bbox_dn_pre: 0.4731 (0.5319)  loss_giou_dn_pre: 0.9627 (1.0249)
Test:  [0/4]  eta: 0:00:01    time: 0.3807  data: 0.3489  max mem: 2550
Test:  [3/4]  eta: 0:00:00    time: 0.1143  data: 0.0890  max mem: 2550
Test: Total time: 0:00:00 (0.1280 s / it)
Averaged stats: 
Accumulating evaluation results...
COCOeval_opt.accumulate() finished...
DONE (t=0.00s).
IoU metric: bbox
 Average Precision  (AP) @[ IoU=0.50:0.95 | area=   all | maxDets=100 ] = 0.444
 Average Precision  (AP) @[ IoU=0.50      | area=   all | maxDets=100 ] = 0.557
 Average Precision  (AP) @[ IoU=0.75      | area=   all | maxDets=100 ] = 0.466
 Average Precision  (AP) @[ IoU=0.50:0.95 | area= small | maxDets=100 ] = -1.000
 Average Precision  (AP) @[ IoU=0.50:0.95 | area=medium | maxDets=100 ] = -1.000
 Average Precision  (AP) @[ IoU=0.50:0.95 | area= large | maxDets=100 ] = 0.444
 Average Recall     (AR) @[ IoU=0.50:0.95 | area=   all | maxDets=  1 ] = 0.563
 Average Recall     (AR) @[ IoU=0.50:0.95 | area=   all | maxDets= 10 ] = 0.823
 Average Recall     (AR) @[ IoU=0.50:0.95 | area=   all | maxDets=100 ] = 0.880
 Average Recall     (AR) @[ IoU=0.50:0.95 | area= small | maxDets=100 ] = -1.000
 Average Recall     (AR) @[ IoU=0.50:0.95 | area=medium | maxDets=100 ] = -1.000
 Average Recall     (AR) @[ IoU=0.50:0.95 | area= large | maxDets=100 ] = 0.880
 Average Recall     (AR) @[ IoU=0.50      | area=   all | maxDets=100 ] = 1.000
 Average Recall     (AR) @[ IoU=0.75      | area=   all | maxDets=100 ] = 0.967
best_stat: {'epoch': 59, 'coco_eval_bbox': 0.4441378749033754}
Epoch: [60]  [0/8]  eta: 0:00:05  lr: 0.000001  loss: 49.5305 (49.5305)  loss_mal: 2.5918 (2.5918)  loss_bbox: 0.2224 (0.2224)  loss_giou: 0.3146 (0.3146)  loss_fgl: 1.0571 (1.0571)  loss_mal_aux_0: 3.2969 (3.2969)  loss_bbox_aux_0: 0.3242 (0.3242)  loss_giou_aux_0: 0.4847 (0.4847)  loss_fgl_aux_0: 1.0289 (1.0289)  loss_ddf_aux_0: 0.2949 (0.2949)  loss_mal_aux_1: 3.1816 (3.1816)  loss_bbox_aux_1: 0.2454 (0.2454)  loss_giou_aux_1: 0.3509 (0.3509)  loss_fgl_aux_1: 1.0534 (1.0534)  loss_ddf_aux_1: 0.0638 (0.0638)  loss_mal_aux_2: 2.9043 (2.9043)  loss_bbox_aux_2: 0.2361 (0.2361)  loss_giou_aux_2: 0.3337 (0.3337)  loss_fgl_aux_2: 1.0576 (1.0576)  loss_ddf_aux_2: 0.0094 (0.0094)  loss_mal_pre: 3.3066 (3.3066)  loss_bbox_pre: 0.3273 (0.3273)  loss_giou_pre: 0.4862 (0.4862)  loss_mal_enc_0: 3.1309 (3.1309)  loss_bbox_enc_0: 0.4023 (0.4023)  loss_giou_enc_0: 0.6582 (0.6582)  loss_mal_dn_0: 1.5664 (1.5664)  loss_bbox_dn_0: 0.6894 (0.6894)  loss_giou_dn_0: 1.1335 (1.1335)  loss_fgl_dn_0: 1.0755 (1.0755)  loss_ddf_dn_0: 0.7361 (0.7361)  loss_mal_dn_1: 2.4531 (2.4531)  loss_bbox_dn_1: 0.4282 (0.4282)  loss_giou_dn_1: 0.7133 (0.7133)  loss_fgl_dn_1: 1.0945 (1.0945)  loss_ddf_dn_1: 0.2320 (0.2320)  loss_mal_dn_2: 2.5273 (2.5273)  loss_bbox_dn_2: 0.3307 (0.3307)  loss_giou_dn_2: 0.5498 (0.5498)  loss_fgl_dn_2: 1.0818 (1.0818)  loss_ddf_dn_2: 0.0417 (0.0417)  loss_mal_dn_3: 2.2500 (2.2500)  loss_bbox_dn_3: 0.3021 (0.3021)  loss_giou_dn_3: 0.5029 (0.5029)  loss_fgl_dn_3: 1.0888 (1.0888)  loss_mal_dn_pre: 1.5439 (1.5439)  loss_bbox_dn_pre: 0.6773 (0.6773)  loss_giou_dn_pre: 1.1488 (1.1488)  time: 0.6460  data: 0.4866  max mem: 2550
Epoch: [60]  [7/8]  eta: 0:00:00  lr: 0.000001  loss: 47.7851 (47.9921)  loss_mal: 2.1270 (2.2271)  loss_bbox: 0.2580 (0.2695)  loss_giou: 0.5667 (0.5213)  loss_fgl: 1.1544 (1.1375)  loss_mal_aux_0: 2.7305 (2.8315)  loss_bbox_aux_0: 0.3242 (0.3412)  loss_giou_aux_0: 0.6579 (0.6573)  loss_fgl_aux_0: 1.0842 (1.0890)  loss_ddf_aux_0: 0.2204 (0.2272)  loss_mal_aux_1: 2.6738 (2.8059)  loss_bbox_aux_1: 0.2825 (0.2806)  loss_giou_aux_1: 0.5882 (0.5407)  loss_fgl_aux_1: 1.1306 (1.1200)  loss_ddf_aux_1: 0.0451 (0.0460)  loss_mal_aux_2: 2.3691 (2.5088)  loss_bbox_aux_2: 0.2632 (0.2722)  loss_giou_aux_2: 0.5801 (0.5286)  loss_fgl_aux_2: 1.1508 (1.1340)  loss_ddf_aux_2: 0.0072 (0.0076)  loss_mal_pre: 2.7305 (2.8381)  loss_bbox_pre: 0.3384 (0.3408)  loss_giou_pre: 0.6608 (0.6644)  loss_mal_enc_0: 2.7344 (2.7737)  loss_bbox_enc_0: 0.4023 (0.4081)  loss_giou_enc_0: 0.7922 (0.7861)  loss_mal_dn_0: 1.5186 (1.5530)  loss_bbox_dn_0: 0.6165 (0.6406)  loss_giou_dn_0: 1.1323 (1.1292)  loss_fgl_dn_0: 1.0447 (1.0432)  loss_ddf_dn_0: 0.6216 (0.6401)  loss_mal_dn_1: 2.2227 (2.2747)  loss_bbox_dn_1: 0.4566 (0.4581)  loss_giou_dn_1: 0.8087 (0.7973)  loss_fgl_dn_1: 1.0853 (1.0888)  loss_ddf_dn_1: 0.1844 (0.1873)  loss_mal_dn_2: 2.0918 (2.2391)  loss_bbox_dn_2: 0.3766 (0.3855)  loss_giou_dn_2: 0.7415 (0.6859)  loss_fgl_dn_2: 1.0593 (1.0764)  loss_ddf_dn_2: 0.0269 (0.0301)  loss_mal_dn_3: 1.8398 (1.9774)  loss_bbox_dn_3: 0.3598 (0.3718)  loss_giou_dn_3: 0.7011 (0.6525)  loss_fgl_dn_3: 1.0686 (1.0878)  loss_mal_dn_pre: 1.5186 (1.5413)  loss_bbox_dn_pre: 0.6174 (0.6372)  loss_giou_dn_pre: 1.1344 (1.1376)  time: 0.2020  data: 0.0645  max mem: 2550
Epoch: [60] Total time: 0:00:01 (0.2091 s / it)
Averaged stats: lr: 0.000001  loss: 47.7851 (47.9921)  loss_mal: 2.1270 (2.2271)  loss_bbox: 0.2580 (0.2695)  loss_giou: 0.5667 (0.5213)  loss_fgl: 1.1544 (1.1375)  loss_mal_aux_0: 2.7305 (2.8315)  loss_bbox_aux_0: 0.3242 (0.3412)  loss_giou_aux_0: 0.6579 (0.6573)  loss_fgl_aux_0: 1.0842 (1.0890)  loss_ddf_aux_0: 0.2204 (0.2272)  loss_mal_aux_1: 2.6738 (2.8059)  loss_bbox_aux_1: 0.2825 (0.2806)  loss_giou_aux_1: 0.5882 (0.5407)  loss_fgl_aux_1: 1.1306 (1.1200)  loss_ddf_aux_1: 0.0451 (0.0460)  loss_mal_aux_2: 2.3691 (2.5088)  loss_bbox_aux_2: 0.2632 (0.2722)  loss_giou_aux_2: 0.5801 (0.5286)  loss_fgl_aux_2: 1.1508 (1.1340)  loss_ddf_aux_2: 0.0072 (0.0076)  loss_mal_pre: 2.7305 (2.8381)  loss_bbox_pre: 0.3384 (0.3408)  loss_giou_pre: 0.6608 (0.6644)  loss_mal_enc_0: 2.7344 (2.7737)  loss_bbox_enc_0: 0.4023 (0.4081)  loss_giou_enc_0: 0.7922 (0.7861)  loss_mal_dn_0: 1.5186 (1.5530)  loss_bbox_dn_0: 0.6165 (0.6406)  loss_giou_dn_0: 1.1323 (1.1292)  loss_fgl_dn_0: 1.0447 (1.0432)  loss_ddf_dn_0: 0.6216 (0.6401)  loss_mal_dn_1: 2.2227 (2.2747)  loss_bbox_dn_1: 0.4566 (0.4581)  loss_giou_dn_1: 0.8087 (0.7973)  loss_fgl_dn_1: 1.0853 (1.0888)  loss_ddf_dn_1: 0.1844 (0.1873)  loss_mal_dn_2: 2.0918 (2.2391)  loss_bbox_dn_2: 0.3766 (0.3855)  loss_giou_dn_2: 0.7415 (0.6859)  loss_fgl_dn_2: 1.0593 (1.0764)  loss_ddf_dn_2: 0.0269 (0.0301)  loss_mal_dn_3: 1.8398 (1.9774)  loss_bbox_dn_3: 0.3598 (0.3718)  loss_giou_dn_3: 0.7011 (0.6525)  loss_fgl_dn_3: 1.0686 (1.0878)  loss_mal_dn_pre: 1.5186 (1.5413)  loss_bbox_dn_pre: 0.6174 (0.6372)  loss_giou_dn_pre: 1.1344 (1.1376)
Test:  [0/4]  eta: 0:00:01    time: 0.3780  data: 0.3461  max mem: 2550
Test:  [3/4]  eta: 0:00:00    time: 0.1142  data: 0.0885  max mem: 2550
Test: Total time: 0:00:00 (0.1278 s / it)
Averaged stats: 
Accumulating evaluation results...
COCOeval_opt.accumulate() finished...
DONE (t=0.00s).
IoU metric: bbox
 Average Precision  (AP) @[ IoU=0.50:0.95 | area=   all | maxDets=100 ] = 0.496
 Average Precision  (AP) @[ IoU=0.50      | area=   all | maxDets=100 ] = 0.630
 Average Precision  (AP) @[ IoU=0.75      | area=   all | maxDets=100 ] = 0.526
 Average Precision  (AP) @[ IoU=0.50:0.95 | area= small | maxDets=100 ] = -1.000
 Average Precision  (AP) @[ IoU=0.50:0.95 | area=medium | maxDets=100 ] = -1.000
 Average Precision  (AP) @[ IoU=0.50:0.95 | area= large | maxDets=100 ] = 0.496
 Average Recall     (AR) @[ IoU=0.50:0.95 | area=   all | maxDets=  1 ] = 0.590
 Average Recall     (AR) @[ IoU=0.50:0.95 | area=   all | maxDets= 10 ] = 0.830
 Average Recall     (AR) @[ IoU=0.50:0.95 | area=   all | maxDets=100 ] = 0.890
 Average Recall     (AR) @[ IoU=0.50:0.95 | area= small | maxDets=100 ] = -1.000
 Average Recall     (AR) @[ IoU=0.50:0.95 | area=medium | maxDets=100 ] = -1.000
 Average Recall     (AR) @[ IoU=0.50:0.95 | area= large | maxDets=100 ] = 0.890
 Average Recall     (AR) @[ IoU=0.50      | area=   all | maxDets=100 ] = 1.000
 Average Recall     (AR) @[ IoU=0.75      | area=   all | maxDets=100 ] = 0.967
best_stat: {'epoch': 60, 'coco_eval_bbox': 0.4959214614048998}
Epoch: [61]  [0/8]  eta: 0:00:06  lr: 0.000001  loss: 48.4091 (48.4091)  loss_mal: 2.1504 (2.1504)  loss_bbox: 0.3127 (0.3127)  loss_giou: 0.4844 (0.4844)  loss_fgl: 1.1912 (1.1912)  loss_mal_aux_0: 2.9102 (2.9102)  loss_bbox_aux_0: 0.3451 (0.3451)  loss_giou_aux_0: 0.6082 (0.6082)  loss_fgl_aux_0: 1.1065 (1.1065)  loss_ddf_aux_0: 0.2779 (0.2779)  loss_mal_aux_1: 2.7812 (2.7812)  loss_bbox_aux_1: 0.3188 (0.3188)  loss_giou_aux_1: 0.5135 (0.5135)  loss_fgl_aux_1: 1.1809 (1.1809)  loss_ddf_aux_1: 0.0507 (0.0507)  loss_mal_aux_2: 2.4297 (2.4297)  loss_bbox_aux_2: 0.3021 (0.3021)  loss_giou_aux_2: 0.4845 (0.4845)  loss_fgl_aux_2: 1.1947 (1.1947)  loss_ddf_aux_2: 0.0082 (0.0082)  loss_mal_pre: 2.9277 (2.9277)  loss_bbox_pre: 0.3463 (0.3463)  loss_giou_pre: 0.6198 (0.6198)  loss_mal_enc_0: 2.9961 (2.9961)  loss_bbox_enc_0: 0.3892 (0.3892)  loss_giou_enc_0: 0.7124 (0.7124)  loss_mal_dn_0: 1.9805 (1.9805)  loss_bbox_dn_0: 0.4829 (0.4829)  loss_giou_dn_0: 0.9017 (0.9017)  loss_fgl_dn_0: 1.1411 (1.1411)  loss_ddf_dn_0: 0.6679 (0.6679)  loss_mal_dn_1: 2.6797 (2.6797)  loss_bbox_dn_1: 0.3117 (0.3117)  loss_giou_dn_1: 0.5798 (0.5798)  loss_fgl_dn_1: 1.1367 (1.1367)  loss_ddf_dn_1: 0.1802 (0.1802)  loss_mal_dn_2: 2.5137 (2.5137)  loss_bbox_dn_2: 0.2493 (0.2493)  loss_giou_dn_2: 0.4838 (0.4838)  loss_fgl_dn_2: 1.1091 (1.1091)  loss_ddf_dn_2: 0.0250 (0.0250)  loss_mal_dn_3: 2.1484 (2.1484)  loss_bbox_dn_3: 0.2326 (0.2326)  loss_giou_dn_3: 0.4622 (0.4622)  loss_fgl_dn_3: 1.1121 (1.1121)  loss_mal_dn_pre: 1.9844 (1.9844)  loss_bbox_dn_pre: 0.4812 (0.4812)  loss_giou_dn_pre: 0.9024 (0.9024)  time: 0.8199  data: 0.6728  max mem: 2550
Epoch: [61]  [7/8]  eta: 0:00:00  lr: 0.000002  loss: 47.1038 (47.3842)  loss_mal: 2.1504 (2.2332)  loss_bbox: 0.2418 (0.2501)  loss_giou: 0.4710 (0.4305)  loss_fgl: 1.0649 (1.0958)  loss_mal_aux_0: 2.5781 (2.8650)  loss_bbox_aux_0: 0.2972 (0.3259)  loss_giou_aux_0: 0.6082 (0.5721)  loss_fgl_aux_0: 1.1046 (1.1111)  loss_ddf_aux_0: 0.2550 (0.2493)  loss_mal_aux_1: 2.6445 (2.8645)  loss_bbox_aux_1: 0.2662 (0.2753)  loss_giou_aux_1: 0.5135 (0.4581)  loss_fgl_aux_1: 1.0534 (1.1063)  loss_ddf_aux_1: 0.0455 (0.0488)  loss_mal_aux_2: 2.3438 (2.4456)  loss_bbox_aux_2: 0.2469 (0.2535)  loss_giou_aux_2: 0.4808 (0.4331)  loss_fgl_aux_2: 1.0787 (1.0998)  loss_ddf_aux_2: 0.0077 (0.0082)  loss_mal_pre: 2.5879 (2.8580)  loss_bbox_pre: 0.3108 (0.3452)  loss_giou_pre: 0.6198 (0.5849)  loss_mal_enc_0: 2.6602 (2.8311)  loss_bbox_enc_0: 0.3428 (0.3991)  loss_giou_enc_0: 0.7124 (0.7068)  loss_mal_dn_0: 1.6787 (1.7692)  loss_bbox_dn_0: 0.5316 (0.5572)  loss_giou_dn_0: 1.0335 (1.0169)  loss_fgl_dn_0: 1.0989 (1.0967)  loss_ddf_dn_0: 0.6679 (0.6804)  loss_mal_dn_1: 2.5430 (2.5671)  loss_bbox_dn_1: 0.3228 (0.3529)  loss_giou_dn_1: 0.5949 (0.6379)  loss_fgl_dn_1: 1.0611 (1.0902)  loss_ddf_dn_1: 0.1718 (0.1897)  loss_mal_dn_2: 2.3945 (2.4106)  loss_bbox_dn_2: 0.2493 (0.2833)  loss_giou_dn_2: 0.4838 (0.5197)  loss_fgl_dn_2: 1.0206 (1.0484)  loss_ddf_dn_2: 0.0250 (0.0280)  loss_mal_dn_3: 2.0762 (2.1265)  loss_bbox_dn_3: 0.2326 (0.2705)  loss_giou_dn_3: 0.4622 (0.4943)  loss_fgl_dn_3: 1.0243 (1.0521)  loss_mal_dn_pre: 1.6670 (1.7684)  loss_bbox_dn_pre: 0.5291 (0.5519)  loss_giou_dn_pre: 1.0461 (1.0211)  time: 0.2138  data: 0.0991  max mem: 2550
Epoch: [61] Total time: 0:00:01 (0.2225 s / it)
Averaged stats: lr: 0.000002  loss: 47.1038 (47.3842)  loss_mal: 2.1504 (2.2332)  loss_bbox: 0.2418 (0.2501)  loss_giou: 0.4710 (0.4305)  loss_fgl: 1.0649 (1.0958)  loss_mal_aux_0: 2.5781 (2.8650)  loss_bbox_aux_0: 0.2972 (0.3259)  loss_giou_aux_0: 0.6082 (0.5721)  loss_fgl_aux_0: 1.1046 (1.1111)  loss_ddf_aux_0: 0.2550 (0.2493)  loss_mal_aux_1: 2.6445 (2.8645)  loss_bbox_aux_1: 0.2662 (0.2753)  loss_giou_aux_1: 0.5135 (0.4581)  loss_fgl_aux_1: 1.0534 (1.1063)  loss_ddf_aux_1: 0.0455 (0.0488)  loss_mal_aux_2: 2.3438 (2.4456)  loss_bbox_aux_2: 0.2469 (0.2535)  loss_giou_aux_2: 0.4808 (0.4331)  loss_fgl_aux_2: 1.0787 (1.0998)  loss_ddf_aux_2: 0.0077 (0.0082)  loss_mal_pre: 2.5879 (2.8580)  loss_bbox_pre: 0.3108 (0.3452)  loss_giou_pre: 0.6198 (0.5849)  loss_mal_enc_0: 2.6602 (2.8311)  loss_bbox_enc_0: 0.3428 (0.3991)  loss_giou_enc_0: 0.7124 (0.7068)  loss_mal_dn_0: 1.6787 (1.7692)  loss_bbox_dn_0: 0.5316 (0.5572)  loss_giou_dn_0: 1.0335 (1.0169)  loss_fgl_dn_0: 1.0989 (1.0967)  loss_ddf_dn_0: 0.6679 (0.6804)  loss_mal_dn_1: 2.5430 (2.5671)  loss_bbox_dn_1: 0.3228 (0.3529)  loss_giou_dn_1: 0.5949 (0.6379)  loss_fgl_dn_1: 1.0611 (1.0902)  loss_ddf_dn_1: 0.1718 (0.1897)  loss_mal_dn_2: 2.3945 (2.4106)  loss_bbox_dn_2: 0.2493 (0.2833)  loss_giou_dn_2: 0.4838 (0.5197)  loss_fgl_dn_2: 1.0206 (1.0484)  loss_ddf_dn_2: 0.0250 (0.0280)  loss_mal_dn_3: 2.0762 (2.1265)  loss_bbox_dn_3: 0.2326 (0.2705)  loss_giou_dn_3: 0.4622 (0.4943)  loss_fgl_dn_3: 1.0243 (1.0521)  loss_mal_dn_pre: 1.6670 (1.7684)  loss_bbox_dn_pre: 0.5291 (0.5519)  loss_giou_dn_pre: 1.0461 (1.0211)
Test:  [0/4]  eta: 0:00:01    time: 0.3861  data: 0.3543  max mem: 2550
Test:  [3/4]  eta: 0:00:00    time: 0.1163  data: 0.0907  max mem: 2550
Test: Total time: 0:00:00 (0.1343 s / it)
Averaged stats: 
Accumulating evaluation results...
COCOeval_opt.accumulate() finished...
DONE (t=0.00s).
IoU metric: bbox
 Average Precision  (AP) @[ IoU=0.50:0.95 | area=   all | maxDets=100 ] = 0.555
 Average Precision  (AP) @[ IoU=0.50      | area=   all | maxDets=100 ] = 0.662
 Average Precision  (AP) @[ IoU=0.75      | area=   all | maxDets=100 ] = 0.609
 Average Precision  (AP) @[ IoU=0.50:0.95 | area= small | maxDets=100 ] = -1.000
 Average Precision  (AP) @[ IoU=0.50:0.95 | area=medium | maxDets=100 ] = -1.000
 Average Precision  (AP) @[ IoU=0.50:0.95 | area= large | maxDets=100 ] = 0.555
 Average Recall     (AR) @[ IoU=0.50:0.95 | area=   all | maxDets=  1 ] = 0.603
 Average Recall     (AR) @[ IoU=0.50:0.95 | area=   all | maxDets= 10 ] = 0.827
 Average Recall     (AR) @[ IoU=0.50:0.95 | area=   all | maxDets=100 ] = 0.887
 Average Recall     (AR) @[ IoU=0.50:0.95 | area= small | maxDets=100 ] = -1.000
 Average Recall     (AR) @[ IoU=0.50:0.95 | area=medium | maxDets=100 ] = -1.000
 Average Recall     (AR) @[ IoU=0.50:0.95 | area= large | maxDets=100 ] = 0.887
 Average Recall     (AR) @[ IoU=0.50      | area=   all | maxDets=100 ] = 1.000
 Average Recall     (AR) @[ IoU=0.75      | area=   all | maxDets=100 ] = 0.967
best_stat: {'epoch': 61, 'coco_eval_bbox': 0.5546388804710033}
Epoch: [62]  [0/8]  eta: 0:00:06  lr: 0.000002  loss: 46.3681 (46.3681)  loss_mal: 2.3945 (2.3945)  loss_bbox: 0.0785 (0.0785)  loss_giou: 0.2280 (0.2280)  loss_fgl: 1.1044 (1.1044)  loss_mal_aux_0: 3.3477 (3.3477)  loss_bbox_aux_0: 0.1048 (0.1048)  loss_giou_aux_0: 0.3033 (0.3033)  loss_fgl_aux_0: 1.0814 (1.0814)  loss_ddf_aux_0: 0.2347 (0.2347)  loss_mal_aux_1: 3.2148 (3.2148)  loss_bbox_aux_1: 0.0797 (0.0797)  loss_giou_aux_1: 0.2378 (0.2378)  loss_fgl_aux_1: 1.0897 (1.0897)  loss_ddf_aux_1: 0.0541 (0.0541)  loss_mal_aux_2: 2.5957 (2.5957)  loss_bbox_aux_2: 0.0776 (0.0776)  loss_giou_aux_2: 0.2358 (0.2358)  loss_fgl_aux_2: 1.1110 (1.1110)  loss_ddf_aux_2: 0.0086 (0.0086)  loss_mal_pre: 3.2344 (3.2344)  loss_bbox_pre: 0.1096 (0.1096)  loss_giou_pre: 0.3199 (0.3199)  loss_mal_enc_0: 3.4805 (3.4805)  loss_bbox_enc_0: 0.1216 (0.1216)  loss_giou_enc_0: 0.3691 (0.3691)  loss_mal_dn_0: 1.9248 (1.9248)  loss_bbox_dn_0: 0.4391 (0.4391)  loss_giou_dn_0: 0.9370 (0.9370)  loss_fgl_dn_0: 1.0662 (1.0662)  loss_ddf_dn_0: 0.7675 (0.7675)  loss_mal_dn_1: 2.8613 (2.8613)  loss_bbox_dn_1: 0.2084 (0.2084)  loss_giou_dn_1: 0.4875 (0.4875)  loss_fgl_dn_1: 1.0514 (1.0514)  loss_ddf_dn_1: 0.1923 (0.1923)  loss_mal_dn_2: 2.6289 (2.6289)  loss_bbox_dn_2: 0.1350 (0.1350)  loss_giou_dn_2: 0.3491 (0.3491)  loss_fgl_dn_2: 1.0021 (1.0021)  loss_ddf_dn_2: 0.0281 (0.0281)  loss_mal_dn_3: 2.3438 (2.3438)  loss_bbox_dn_3: 0.1199 (0.1199)  loss_giou_dn_3: 0.3062 (0.3062)  loss_fgl_dn_3: 1.0070 (1.0070)  loss_mal_dn_pre: 1.9033 (1.9033)  loss_bbox_dn_pre: 0.4364 (0.4364)  loss_giou_dn_pre: 0.9556 (0.9556)  time: 0.8014  data: 0.6500  max mem: 2550
Epoch: [62]  [7/8]  eta: 0:00:00  lr: 0.000002  loss: 47.4560 (47.6394)  loss_mal: 2.0273 (2.1182)  loss_bbox: 0.3356 (0.2827)  loss_giou: 0.5314 (0.5253)  loss_fgl: 1.1044 (1.1288)  loss_mal_aux_0: 2.6348 (2.8284)  loss_bbox_aux_0: 0.3859 (0.3472)  loss_giou_aux_0: 0.5973 (0.6485)  loss_fgl_aux_0: 1.0814 (1.1056)  loss_ddf_aux_0: 0.2347 (0.2473)  loss_mal_aux_1: 2.5938 (2.7771)  loss_bbox_aux_1: 0.3618 (0.3090)  loss_giou_aux_1: 0.5540 (0.5447)  loss_fgl_aux_1: 1.1145 (1.1275)  loss_ddf_aux_1: 0.0539 (0.0564)  loss_mal_aux_2: 2.2812 (2.3352)  loss_bbox_aux_2: 0.3456 (0.2839)  loss_giou_aux_2: 0.5383 (0.5267)  loss_fgl_aux_2: 1.1110 (1.1278)  loss_ddf_aux_2: 0.0086 (0.0095)  loss_mal_pre: 2.6758 (2.8386)  loss_bbox_pre: 0.3925 (0.3533)  loss_giou_pre: 0.6017 (0.6457)  loss_mal_enc_0: 2.6953 (2.7930)  loss_bbox_enc_0: 0.4286 (0.4075)  loss_giou_enc_0: 0.6674 (0.7506)  loss_mal_dn_0: 1.6758 (1.6603)  loss_bbox_dn_0: 0.5419 (0.6231)  loss_giou_dn_0: 1.0325 (1.0631)  loss_fgl_dn_0: 1.0528 (1.0550)  loss_ddf_dn_0: 0.6669 (0.7147)  loss_mal_dn_1: 2.2480 (2.4094)  loss_bbox_dn_1: 0.3864 (0.4246)  loss_giou_dn_1: 0.6904 (0.6972)  loss_fgl_dn_1: 1.0654 (1.0952)  loss_ddf_dn_1: 0.1867 (0.1905)  loss_mal_dn_2: 2.0938 (2.2349)  loss_bbox_dn_2: 0.3291 (0.3649)  loss_giou_dn_2: 0.5663 (0.5905)  loss_fgl_dn_2: 1.0413 (1.0695)  loss_ddf_dn_2: 0.0284 (0.0292)  loss_mal_dn_3: 1.8535 (1.9647)  loss_bbox_dn_3: 0.3122 (0.3489)  loss_giou_dn_3: 0.5329 (0.5581)  loss_fgl_dn_3: 1.0604 (1.0812)  loss_mal_dn_pre: 1.6787 (1.6577)  loss_bbox_dn_pre: 0.5309 (0.6224)  loss_giou_dn_pre: 1.0320 (1.0661)  time: 0.2119  data: 0.0974  max mem: 2550
Epoch: [62] Total time: 0:00:01 (0.2222 s / it)
Averaged stats: lr: 0.000002  loss: 47.4560 (47.6394)  loss_mal: 2.0273 (2.1182)  loss_bbox: 0.3356 (0.2827)  loss_giou: 0.5314 (0.5253)  loss_fgl: 1.1044 (1.1288)  loss_mal_aux_0: 2.6348 (2.8284)  loss_bbox_aux_0: 0.3859 (0.3472)  loss_giou_aux_0: 0.5973 (0.6485)  loss_fgl_aux_0: 1.0814 (1.1056)  loss_ddf_aux_0: 0.2347 (0.2473)  loss_mal_aux_1: 2.5938 (2.7771)  loss_bbox_aux_1: 0.3618 (0.3090)  loss_giou_aux_1: 0.5540 (0.5447)  loss_fgl_aux_1: 1.1145 (1.1275)  loss_ddf_aux_1: 0.0539 (0.0564)  loss_mal_aux_2: 2.2812 (2.3352)  loss_bbox_aux_2: 0.3456 (0.2839)  loss_giou_aux_2: 0.5383 (0.5267)  loss_fgl_aux_2: 1.1110 (1.1278)  loss_ddf_aux_2: 0.0086 (0.0095)  loss_mal_pre: 2.6758 (2.8386)  loss_bbox_pre: 0.3925 (0.3533)  loss_giou_pre: 0.6017 (0.6457)  loss_mal_enc_0: 2.6953 (2.7930)  loss_bbox_enc_0: 0.4286 (0.4075)  loss_giou_enc_0: 0.6674 (0.7506)  loss_mal_dn_0: 1.6758 (1.6603)  loss_bbox_dn_0: 0.5419 (0.6231)  loss_giou_dn_0: 1.0325 (1.0631)  loss_fgl_dn_0: 1.0528 (1.0550)  loss_ddf_dn_0: 0.6669 (0.7147)  loss_mal_dn_1: 2.2480 (2.4094)  loss_bbox_dn_1: 0.3864 (0.4246)  loss_giou_dn_1: 0.6904 (0.6972)  loss_fgl_dn_1: 1.0654 (1.0952)  loss_ddf_dn_1: 0.1867 (0.1905)  loss_mal_dn_2: 2.0938 (2.2349)  loss_bbox_dn_2: 0.3291 (0.3649)  loss_giou_dn_2: 0.5663 (0.5905)  loss_fgl_dn_2: 1.0413 (1.0695)  loss_ddf_dn_2: 0.0284 (0.0292)  loss_mal_dn_3: 1.8535 (1.9647)  loss_bbox_dn_3: 0.3122 (0.3489)  loss_giou_dn_3: 0.5329 (0.5581)  loss_fgl_dn_3: 1.0604 (1.0812)  loss_mal_dn_pre: 1.6787 (1.6577)  loss_bbox_dn_pre: 0.5309 (0.6224)  loss_giou_dn_pre: 1.0320 (1.0661)
Test:  [0/4]  eta: 0:00:01    time: 0.3656  data: 0.3337  max mem: 2550
Test:  [3/4]  eta: 0:00:00    time: 0.1117  data: 0.0854  max mem: 2550
Test: Total time: 0:00:00 (0.1266 s / it)
Averaged stats: 
Accumulating evaluation results...
COCOeval_opt.accumulate() finished...
DONE (t=0.00s).
IoU metric: bbox
 Average Precision  (AP) @[ IoU=0.50:0.95 | area=   all | maxDets=100 ] = 0.557
 Average Precision  (AP) @[ IoU=0.50      | area=   all | maxDets=100 ] = 0.682
 Average Precision  (AP) @[ IoU=0.75      | area=   all | maxDets=100 ] = 0.611
 Average Precision  (AP) @[ IoU=0.50:0.95 | area= small | maxDets=100 ] = -1.000
 Average Precision  (AP) @[ IoU=0.50:0.95 | area=medium | maxDets=100 ] = -1.000
 Average Precision  (AP) @[ IoU=0.50:0.95 | area= large | maxDets=100 ] = 0.557
 Average Recall     (AR) @[ IoU=0.50:0.95 | area=   all | maxDets=  1 ] = 0.613
 Average Recall     (AR) @[ IoU=0.50:0.95 | area=   all | maxDets= 10 ] = 0.840
 Average Recall     (AR) @[ IoU=0.50:0.95 | area=   all | maxDets=100 ] = 0.887
 Average Recall     (AR) @[ IoU=0.50:0.95 | area= small | maxDets=100 ] = -1.000
 Average Recall     (AR) @[ IoU=0.50:0.95 | area=medium | maxDets=100 ] = -1.000
 Average Recall     (AR) @[ IoU=0.50:0.95 | area= large | maxDets=100 ] = 0.887
 Average Recall     (AR) @[ IoU=0.50      | area=   all | maxDets=100 ] = 1.000
 Average Recall     (AR) @[ IoU=0.75      | area=   all | maxDets=100 ] = 0.967
best_stat: {'epoch': 62, 'coco_eval_bbox': 0.5566244896822995}
Epoch: [63]  [0/8]  eta: 0:00:06  lr: 0.000002  loss: 47.4680 (47.4680)  loss_mal: 2.4199 (2.4199)  loss_bbox: 0.1173 (0.1173)  loss_giou: 0.3348 (0.3348)  loss_fgl: 1.1509 (1.1509)  loss_mal_aux_0: 3.3242 (3.3242)  loss_bbox_aux_0: 0.1770 (0.1770)  loss_giou_aux_0: 0.5015 (0.5015)  loss_fgl_aux_0: 1.1410 (1.1410)  loss_ddf_aux_0: 0.4953 (0.4953)  loss_mal_aux_1: 3.0039 (3.0039)  loss_bbox_aux_1: 0.1354 (0.1354)  loss_giou_aux_1: 0.3624 (0.3624)  loss_fgl_aux_1: 1.1656 (1.1656)  loss_ddf_aux_1: 0.0705 (0.0705)  loss_mal_aux_2: 2.7207 (2.7207)  loss_bbox_aux_2: 0.1187 (0.1187)  loss_giou_aux_2: 0.3259 (0.3259)  loss_fgl_aux_2: 1.1430 (1.1430)  loss_ddf_aux_2: 0.0121 (0.0121)  loss_mal_pre: 3.3320 (3.3320)  loss_bbox_pre: 0.1775 (0.1775)  loss_giou_pre: 0.5002 (0.5002)  loss_mal_enc_0: 2.9375 (2.9375)  loss_bbox_enc_0: 0.2053 (0.2053)  loss_giou_enc_0: 0.6197 (0.6197)  loss_mal_dn_0: 1.8789 (1.8789)  loss_bbox_dn_0: 0.4661 (0.4661)  loss_giou_dn_0: 0.9506 (0.9506)  loss_fgl_dn_0: 1.0741 (1.0741)  loss_ddf_dn_0: 0.5957 (0.5957)  loss_mal_dn_1: 2.4355 (2.4355)  loss_bbox_dn_1: 0.3199 (0.3199)  loss_giou_dn_1: 0.6567 (0.6567)  loss_fgl_dn_1: 1.1294 (1.1294)  loss_ddf_dn_1: 0.1353 (0.1353)  loss_mal_dn_2: 2.2676 (2.2676)  loss_bbox_dn_2: 0.2480 (0.2480)  loss_giou_dn_2: 0.5539 (0.5539)  loss_fgl_dn_2: 1.0868 (1.0868)  loss_ddf_dn_2: 0.0217 (0.0217)  loss_mal_dn_3: 1.9482 (1.9482)  loss_bbox_dn_3: 0.2554 (0.2554)  loss_giou_dn_3: 0.5597 (0.5597)  loss_fgl_dn_3: 1.0907 (1.0907)  loss_mal_dn_pre: 1.9014 (1.9014)  loss_bbox_dn_pre: 0.4578 (0.4578)  loss_giou_dn_pre: 0.9423 (0.9423)  time: 0.8728  data: 0.7297  max mem: 2550
Epoch: [63]  [7/8]  eta: 0:00:00  lr: 0.000002  loss: 47.3806 (47.1958)  loss_mal: 2.3184 (2.2838)  loss_bbox: 0.1593 (0.1815)  loss_giou: 0.3551 (0.3993)  loss_fgl: 1.0759 (1.0961)  loss_mal_aux_0: 3.1074 (3.0916)  loss_bbox_aux_0: 0.2063 (0.2280)  loss_giou_aux_0: 0.4962 (0.5248)  loss_fgl_aux_0: 1.1383 (1.1208)  loss_ddf_aux_0: 0.2906 (0.3223)  loss_mal_aux_1: 2.9668 (2.9148)  loss_bbox_aux_1: 0.1749 (0.1945)  loss_giou_aux_1: 0.3833 (0.4201)  loss_fgl_aux_1: 1.0946 (1.1021)  loss_ddf_aux_1: 0.0580 (0.0583)  loss_mal_aux_2: 2.5195 (2.4984)  loss_bbox_aux_2: 0.1613 (0.1823)  loss_giou_aux_2: 0.3571 (0.3996)  loss_fgl_aux_2: 1.0757 (1.0931)  loss_ddf_aux_2: 0.0103 (0.0110)  loss_mal_pre: 3.0977 (3.1179)  loss_bbox_pre: 0.2059 (0.2328)  loss_giou_pre: 0.5002 (0.5294)  loss_mal_enc_0: 2.9863 (2.9478)  loss_bbox_enc_0: 0.2577 (0.2837)  loss_giou_enc_0: 0.6350 (0.6816)  loss_mal_dn_0: 1.7432 (1.7452)  loss_bbox_dn_0: 0.4760 (0.5207)  loss_giou_dn_0: 1.0262 (1.0255)  loss_fgl_dn_0: 1.0684 (1.0642)  loss_ddf_dn_0: 0.8239 (0.8074)  loss_mal_dn_1: 2.5332 (2.4990)  loss_bbox_dn_1: 0.3147 (0.3325)  loss_giou_dn_1: 0.6314 (0.6486)  loss_fgl_dn_1: 1.0875 (1.0866)  loss_ddf_dn_1: 0.2223 (0.2175)  loss_mal_dn_2: 2.3145 (2.3035)  loss_bbox_dn_2: 0.2480 (0.2720)  loss_giou_dn_2: 0.4792 (0.5320)  loss_fgl_dn_2: 1.0424 (1.0509)  loss_ddf_dn_2: 0.0304 (0.0309)  loss_mal_dn_3: 2.0352 (2.0211)  loss_bbox_dn_3: 0.2296 (0.2656)  loss_giou_dn_3: 0.4416 (0.5122)  loss_fgl_dn_3: 1.0536 (1.0561)  loss_mal_dn_pre: 1.7305 (1.7528)  loss_bbox_dn_pre: 0.4771 (0.5125)  loss_giou_dn_pre: 1.0217 (1.0234)  time: 0.2052  data: 0.0936  max mem: 2550
Epoch: [63] Total time: 0:00:01 (0.2124 s / it)
Averaged stats: lr: 0.000002  loss: 47.3806 (47.1958)  loss_mal: 2.3184 (2.2838)  loss_bbox: 0.1593 (0.1815)  loss_giou: 0.3551 (0.3993)  loss_fgl: 1.0759 (1.0961)  loss_mal_aux_0: 3.1074 (3.0916)  loss_bbox_aux_0: 0.2063 (0.2280)  loss_giou_aux_0: 0.4962 (0.5248)  loss_fgl_aux_0: 1.1383 (1.1208)  loss_ddf_aux_0: 0.2906 (0.3223)  loss_mal_aux_1: 2.9668 (2.9148)  loss_bbox_aux_1: 0.1749 (0.1945)  loss_giou_aux_1: 0.3833 (0.4201)  loss_fgl_aux_1: 1.0946 (1.1021)  loss_ddf_aux_1: 0.0580 (0.0583)  loss_mal_aux_2: 2.5195 (2.4984)  loss_bbox_aux_2: 0.1613 (0.1823)  loss_giou_aux_2: 0.3571 (0.3996)  loss_fgl_aux_2: 1.0757 (1.0931)  loss_ddf_aux_2: 0.0103 (0.0110)  loss_mal_pre: 3.0977 (3.1179)  loss_bbox_pre: 0.2059 (0.2328)  loss_giou_pre: 0.5002 (0.5294)  loss_mal_enc_0: 2.9863 (2.9478)  loss_bbox_enc_0: 0.2577 (0.2837)  loss_giou_enc_0: 0.6350 (0.6816)  loss_mal_dn_0: 1.7432 (1.7452)  loss_bbox_dn_0: 0.4760 (0.5207)  loss_giou_dn_0: 1.0262 (1.0255)  loss_fgl_dn_0: 1.0684 (1.0642)  loss_ddf_dn_0: 0.8239 (0.8074)  loss_mal_dn_1: 2.5332 (2.4990)  loss_bbox_dn_1: 0.3147 (0.3325)  loss_giou_dn_1: 0.6314 (0.6486)  loss_fgl_dn_1: 1.0875 (1.0866)  loss_ddf_dn_1: 0.2223 (0.2175)  loss_mal_dn_2: 2.3145 (2.3035)  loss_bbox_dn_2: 0.2480 (0.2720)  loss_giou_dn_2: 0.4792 (0.5320)  loss_fgl_dn_2: 1.0424 (1.0509)  loss_ddf_dn_2: 0.0304 (0.0309)  loss_mal_dn_3: 2.0352 (2.0211)  loss_bbox_dn_3: 0.2296 (0.2656)  loss_giou_dn_3: 0.4416 (0.5122)  loss_fgl_dn_3: 1.0536 (1.0561)  loss_mal_dn_pre: 1.7305 (1.7528)  loss_bbox_dn_pre: 0.4771 (0.5125)  loss_giou_dn_pre: 1.0217 (1.0234)
Test:  [0/4]  eta: 0:00:01    time: 0.3724  data: 0.3401  max mem: 2550
Test:  [3/4]  eta: 0:00:00    time: 0.1127  data: 0.0870  max mem: 2550
Test: Total time: 0:00:00 (0.1278 s / it)
Averaged stats: 
Accumulating evaluation results...
COCOeval_opt.accumulate() finished...
DONE (t=0.00s).
IoU metric: bbox
 Average Precision  (AP) @[ IoU=0.50:0.95 | area=   all | maxDets=100 ] = 0.538
 Average Precision  (AP) @[ IoU=0.50      | area=   all | maxDets=100 ] = 0.654
 Average Precision  (AP) @[ IoU=0.75      | area=   all | maxDets=100 ] = 0.598
 Average Precision  (AP) @[ IoU=0.50:0.95 | area= small | maxDets=100 ] = -1.000
 Average Precision  (AP) @[ IoU=0.50:0.95 | area=medium | maxDets=100 ] = -1.000
 Average Precision  (AP) @[ IoU=0.50:0.95 | area= large | maxDets=100 ] = 0.538
 Average Recall     (AR) @[ IoU=0.50:0.95 | area=   all | maxDets=  1 ] = 0.637
 Average Recall     (AR) @[ IoU=0.50:0.95 | area=   all | maxDets= 10 ] = 0.837
 Average Recall     (AR) @[ IoU=0.50:0.95 | area=   all | maxDets=100 ] = 0.883
 Average Recall     (AR) @[ IoU=0.50:0.95 | area= small | maxDets=100 ] = -1.000
 Average Recall     (AR) @[ IoU=0.50:0.95 | area=medium | maxDets=100 ] = -1.000
 Average Recall     (AR) @[ IoU=0.50:0.95 | area= large | maxDets=100 ] = 0.883
 Average Recall     (AR) @[ IoU=0.50      | area=   all | maxDets=100 ] = 1.000
 Average Recall     (AR) @[ IoU=0.75      | area=   all | maxDets=100 ] = 0.967
best_stat: {'epoch': 62, 'coco_eval_bbox': 0.5566244896822995}
     ### Attention --- Mixup is closed after epoch@ 64 ###
     ### Attention --- Mixup is closed after epoch@ 64 ###
     ### Attention --- Mixup is closed after epoch@ 64 ###
Epoch: [64]  [0/8]  eta: 0:00:08  lr: 0.000002  loss: 45.9556 (45.9556)  loss_mal: 2.5449 (2.5449)  loss_bbox: 0.0843 (0.0843)  loss_giou: 0.1371 (0.1371)  loss_fgl: 0.8572 (0.8572)  loss_mal_aux_0: 3.2852 (3.2852)  loss_bbox_aux_0: 0.1194 (0.1194)  loss_giou_aux_0: 0.2499 (0.2499)  loss_fgl_aux_0: 0.9280 (0.9280)  loss_ddf_aux_0: 0.2363 (0.2363)  loss_mal_aux_1: 3.1699 (3.1699)  loss_bbox_aux_1: 0.0884 (0.0884)  loss_giou_aux_1: 0.1531 (0.1531)  loss_fgl_aux_1: 0.9083 (0.9083)  loss_ddf_aux_1: 0.0515 (0.0515)  loss_mal_aux_2: 2.5918 (2.5918)  loss_bbox_aux_2: 0.0817 (0.0817)  loss_giou_aux_2: 0.1394 (0.1394)  loss_fgl_aux_2: 0.8508 (0.8508)  loss_ddf_aux_2: 0.0070 (0.0070)  loss_mal_pre: 3.2969 (3.2969)  loss_bbox_pre: 0.1246 (0.1246)  loss_giou_pre: 0.2591 (0.2591)  loss_mal_enc_0: 3.4121 (3.4121)  loss_bbox_enc_0: 0.1876 (0.1876)  loss_giou_enc_0: 0.3692 (0.3692)  loss_mal_dn_0: 2.0078 (2.0078)  loss_bbox_dn_0: 0.8287 (0.8287)  loss_giou_dn_0: 0.8893 (0.8893)  loss_fgl_dn_0: 1.1328 (1.1328)  loss_ddf_dn_0: 0.5237 (0.5237)  loss_mal_dn_1: 2.9629 (2.9629)  loss_bbox_dn_1: 0.3789 (0.3789)  loss_giou_dn_1: 0.4035 (0.4035)  loss_fgl_dn_1: 1.0217 (1.0217)  loss_ddf_dn_1: 0.1415 (0.1415)  loss_mal_dn_2: 2.5645 (2.5645)  loss_bbox_dn_2: 0.2371 (0.2371)  loss_giou_dn_2: 0.2790 (0.2790)  loss_fgl_dn_2: 0.9495 (0.9495)  loss_ddf_dn_2: 0.0255 (0.0255)  loss_mal_dn_3: 2.3320 (2.3320)  loss_bbox_dn_3: 0.2037 (0.2037)  loss_giou_dn_3: 0.2602 (0.2602)  loss_fgl_dn_3: 0.9512 (0.9512)  loss_mal_dn_pre: 1.9971 (1.9971)  loss_bbox_dn_pre: 0.8305 (0.8305)  loss_giou_dn_pre: 0.9009 (0.9009)  time: 1.0166  data: 0.8693  max mem: 2550
     ### Attention --- Mixup is closed after epoch@ 64 ###
Epoch: [64]  [7/8]  eta: 0:00:00  lr: 0.000002  loss: 46.6038 (47.0581)  loss_mal: 2.2988 (2.3407)  loss_bbox: 0.0946 (0.1704)  loss_giou: 0.2373 (0.2948)  loss_fgl: 1.0121 (1.0379)  loss_mal_aux_0: 3.2852 (3.2173)  loss_bbox_aux_0: 0.1479 (0.2218)  loss_giou_aux_0: 0.3309 (0.3945)  loss_fgl_aux_0: 1.0810 (1.0900)  loss_ddf_aux_0: 0.2342 (0.2589)  loss_mal_aux_1: 2.9805 (2.9612)  loss_bbox_aux_1: 0.1090 (0.1875)  loss_giou_aux_1: 0.2512 (0.3205)  loss_fgl_aux_1: 1.0534 (1.0575)  loss_ddf_aux_1: 0.0437 (0.0504)  loss_mal_aux_2: 2.3789 (2.4009)  loss_bbox_aux_2: 0.0950 (0.1727)  loss_giou_aux_2: 0.2393 (0.2971)  loss_fgl_aux_2: 1.0119 (1.0302)  loss_ddf_aux_2: 0.0074 (0.0089)  loss_mal_pre: 3.2969 (3.2532)  loss_bbox_pre: 0.1484 (0.2289)  loss_giou_pre: 0.3352 (0.3988)  loss_mal_enc_0: 3.3555 (3.2495)  loss_bbox_enc_0: 0.1876 (0.2894)  loss_giou_enc_0: 0.4366 (0.5206)  loss_mal_dn_0: 1.7285 (1.8239)  loss_bbox_dn_0: 0.7180 (0.6958)  loss_giou_dn_0: 0.9743 (0.9800)  loss_fgl_dn_0: 1.0859 (1.1069)  loss_ddf_dn_0: 0.7255 (0.7461)  loss_mal_dn_1: 2.6133 (2.6284)  loss_bbox_dn_1: 0.3789 (0.3817)  loss_giou_dn_1: 0.5423 (0.5521)  loss_fgl_dn_1: 1.0600 (1.0866)  loss_ddf_dn_1: 0.1873 (0.1966)  loss_mal_dn_2: 2.3301 (2.3203)  loss_bbox_dn_2: 0.2371 (0.2889)  loss_giou_dn_2: 0.3989 (0.4326)  loss_fgl_dn_2: 1.0073 (1.0328)  loss_ddf_dn_2: 0.0312 (0.0327)  loss_mal_dn_3: 2.0137 (2.0872)  loss_bbox_dn_3: 0.2037 (0.2653)  loss_giou_dn_3: 0.3554 (0.4063)  loss_fgl_dn_3: 1.0187 (1.0370)  loss_mal_dn_pre: 1.7246 (1.8304)  loss_bbox_dn_pre: 0.6985 (0.6911)  loss_giou_dn_pre: 0.9681 (0.9819)  time: 0.2481  data: 0.1324  max mem: 2550
Epoch: [64] Total time: 0:00:02 (0.2596 s / it)
Averaged stats: lr: 0.000002  loss: 46.6038 (47.0581)  loss_mal: 2.2988 (2.3407)  loss_bbox: 0.0946 (0.1704)  loss_giou: 0.2373 (0.2948)  loss_fgl: 1.0121 (1.0379)  loss_mal_aux_0: 3.2852 (3.2173)  loss_bbox_aux_0: 0.1479 (0.2218)  loss_giou_aux_0: 0.3309 (0.3945)  loss_fgl_aux_0: 1.0810 (1.0900)  loss_ddf_aux_0: 0.2342 (0.2589)  loss_mal_aux_1: 2.9805 (2.9612)  loss_bbox_aux_1: 0.1090 (0.1875)  loss_giou_aux_1: 0.2512 (0.3205)  loss_fgl_aux_1: 1.0534 (1.0575)  loss_ddf_aux_1: 0.0437 (0.0504)  loss_mal_aux_2: 2.3789 (2.4009)  loss_bbox_aux_2: 0.0950 (0.1727)  loss_giou_aux_2: 0.2393 (0.2971)  loss_fgl_aux_2: 1.0119 (1.0302)  loss_ddf_aux_2: 0.0074 (0.0089)  loss_mal_pre: 3.2969 (3.2532)  loss_bbox_pre: 0.1484 (0.2289)  loss_giou_pre: 0.3352 (0.3988)  loss_mal_enc_0: 3.3555 (3.2495)  loss_bbox_enc_0: 0.1876 (0.2894)  loss_giou_enc_0: 0.4366 (0.5206)  loss_mal_dn_0: 1.7285 (1.8239)  loss_bbox_dn_0: 0.7180 (0.6958)  loss_giou_dn_0: 0.9743 (0.9800)  loss_fgl_dn_0: 1.0859 (1.1069)  loss_ddf_dn_0: 0.7255 (0.7461)  loss_mal_dn_1: 2.6133 (2.6284)  loss_bbox_dn_1: 0.3789 (0.3817)  loss_giou_dn_1: 0.5423 (0.5521)  loss_fgl_dn_1: 1.0600 (1.0866)  loss_ddf_dn_1: 0.1873 (0.1966)  loss_mal_dn_2: 2.3301 (2.3203)  loss_bbox_dn_2: 0.2371 (0.2889)  loss_giou_dn_2: 0.3989 (0.4326)  loss_fgl_dn_2: 1.0073 (1.0328)  loss_ddf_dn_2: 0.0312 (0.0327)  loss_mal_dn_3: 2.0137 (2.0872)  loss_bbox_dn_3: 0.2037 (0.2653)  loss_giou_dn_3: 0.3554 (0.4063)  loss_fgl_dn_3: 1.0187 (1.0370)  loss_mal_dn_pre: 1.7246 (1.8304)  loss_bbox_dn_pre: 0.6985 (0.6911)  loss_giou_dn_pre: 0.9681 (0.9819)
Test:  [0/4]  eta: 0:00:01    time: 0.3670  data: 0.3343  max mem: 2550
Test:  [3/4]  eta: 0:00:00    time: 0.1112  data: 0.0853  max mem: 2550
Test: Total time: 0:00:00 (0.1330 s / it)
Averaged stats: 
Accumulating evaluation results...
COCOeval_opt.accumulate() finished...
DONE (t=0.00s).
IoU metric: bbox
 Average Precision  (AP) @[ IoU=0.50:0.95 | area=   all | maxDets=100 ] = 0.580
 Average Precision  (AP) @[ IoU=0.50      | area=   all | maxDets=100 ] = 0.693
 Average Precision  (AP) @[ IoU=0.75      | area=   all | maxDets=100 ] = 0.638
 Average Precision  (AP) @[ IoU=0.50:0.95 | area= small | maxDets=100 ] = -1.000
 Average Precision  (AP) @[ IoU=0.50:0.95 | area=medium | maxDets=100 ] = -1.000
 Average Precision  (AP) @[ IoU=0.50:0.95 | area= large | maxDets=100 ] = 0.580
 Average Recall     (AR) @[ IoU=0.50:0.95 | area=   all | maxDets=  1 ] = 0.657
 Average Recall     (AR) @[ IoU=0.50:0.95 | area=   all | maxDets= 10 ] = 0.880
 Average Recall     (AR) @[ IoU=0.50:0.95 | area=   all | maxDets=100 ] = 0.910
 Average Recall     (AR) @[ IoU=0.50:0.95 | area= small | maxDets=100 ] = -1.000
 Average Recall     (AR) @[ IoU=0.50:0.95 | area=medium | maxDets=100 ] = -1.000
 Average Recall     (AR) @[ IoU=0.50:0.95 | area= large | maxDets=100 ] = 0.910
 Average Recall     (AR) @[ IoU=0.50      | area=   all | maxDets=100 ] = 1.000
 Average Recall     (AR) @[ IoU=0.75      | area=   all | maxDets=100 ] = 0.967
best_stat: {'epoch': 64, 'coco_eval_bbox': 0.5799556151171019}
Epoch: [65]  [0/8]  eta: 0:00:06  lr: 0.000002  loss: 52.6720 (52.6720)  loss_mal: 2.0078 (2.0078)  loss_bbox: 0.5398 (0.5398)  loss_giou: 0.4714 (0.4714)  loss_fgl: 1.2603 (1.2603)  loss_mal_aux_0: 2.8965 (2.8965)  loss_bbox_aux_0: 0.6099 (0.6099)  loss_giou_aux_0: 0.5829 (0.5829)  loss_fgl_aux_0: 1.2590 (1.2590)  loss_ddf_aux_0: 0.3301 (0.3301)  loss_mal_aux_1: 2.7812 (2.7812)  loss_bbox_aux_1: 0.5459 (0.5459)  loss_giou_aux_1: 0.4940 (0.4940)  loss_fgl_aux_1: 1.2938 (1.2938)  loss_ddf_aux_1: 0.0660 (0.0660)  loss_mal_aux_2: 2.2480 (2.2480)  loss_bbox_aux_2: 0.5353 (0.5353)  loss_giou_aux_2: 0.4720 (0.4720)  loss_fgl_aux_2: 1.2500 (1.2500)  loss_ddf_aux_2: 0.0136 (0.0136)  loss_mal_pre: 2.9238 (2.9238)  loss_bbox_pre: 0.6401 (0.6401)  loss_giou_pre: 0.5859 (0.5859)  loss_mal_enc_0: 3.0449 (3.0449)  loss_bbox_enc_0: 0.6562 (0.6562)  loss_giou_enc_0: 0.6672 (0.6672)  loss_mal_dn_0: 1.5156 (1.5156)  loss_bbox_dn_0: 1.4595 (1.4595)  loss_giou_dn_0: 1.1298 (1.1298)  loss_fgl_dn_0: 1.0840 (1.0840)  loss_ddf_dn_0: 0.7376 (0.7376)  loss_mal_dn_1: 2.1719 (2.1719)  loss_bbox_dn_1: 1.0649 (1.0649)  loss_giou_dn_1: 0.7846 (0.7846)  loss_fgl_dn_1: 1.1249 (1.1249)  loss_ddf_dn_1: 0.1988 (0.1988)  loss_mal_dn_2: 1.9336 (1.9336)  loss_bbox_dn_2: 0.9727 (0.9727)  loss_giou_dn_2: 0.6861 (0.6861)  loss_fgl_dn_2: 1.0846 (1.0846)  loss_ddf_dn_2: 0.0340 (0.0340)  loss_mal_dn_3: 1.7148 (1.7148)  loss_bbox_dn_3: 0.9398 (0.9398)  loss_giou_dn_3: 0.6613 (0.6613)  loss_fgl_dn_3: 1.0938 (1.0938)  loss_mal_dn_pre: 1.5205 (1.5205)  loss_bbox_dn_pre: 1.4532 (1.4532)  loss_giou_dn_pre: 1.1302 (1.1302)  time: 0.7808  data: 0.6356  max mem: 2550
Epoch: [65]  [7/8]  eta: 0:00:00  lr: 0.000002  loss: 48.1934 (49.3228)  loss_mal: 2.2383 (2.3215)  loss_bbox: 0.2137 (0.2617)  loss_giou: 0.2603 (0.2928)  loss_fgl: 1.0297 (1.0270)  loss_mal_aux_0: 3.1016 (3.2930)  loss_bbox_aux_0: 0.2551 (0.3024)  loss_giou_aux_0: 0.3509 (0.3739)  loss_fgl_aux_0: 1.0911 (1.0757)  loss_ddf_aux_0: 0.2479 (0.2903)  loss_mal_aux_1: 2.9961 (3.0149)  loss_bbox_aux_1: 0.2172 (0.2659)  loss_giou_aux_1: 0.2937 (0.3062)  loss_fgl_aux_1: 1.0622 (1.0475)  loss_ddf_aux_1: 0.0541 (0.0554)  loss_mal_aux_2: 2.4316 (2.4546)  loss_bbox_aux_2: 0.2022 (0.2570)  loss_giou_aux_2: 0.2560 (0.2882)  loss_fgl_aux_2: 1.0252 (1.0228)  loss_ddf_aux_2: 0.0092 (0.0096)  loss_mal_pre: 3.1504 (3.3250)  loss_bbox_pre: 0.2668 (0.3118)  loss_giou_pre: 0.3543 (0.3760)  loss_mal_enc_0: 3.1562 (3.2637)  loss_bbox_enc_0: 0.4184 (0.4355)  loss_giou_enc_0: 0.5207 (0.5139)  loss_mal_dn_0: 1.7041 (1.7092)  loss_bbox_dn_0: 1.0231 (1.1037)  loss_giou_dn_0: 1.0412 (1.0461)  loss_fgl_dn_0: 1.0840 (1.1203)  loss_ddf_dn_0: 0.7376 (0.7531)  loss_mal_dn_1: 2.4238 (2.4602)  loss_bbox_dn_1: 0.5501 (0.7122)  loss_giou_dn_1: 0.6572 (0.6499)  loss_fgl_dn_1: 1.0740 (1.0922)  loss_ddf_dn_1: 0.1988 (0.2077)  loss_mal_dn_2: 2.1582 (2.1548)  loss_bbox_dn_2: 0.4382 (0.6120)  loss_giou_dn_2: 0.5322 (0.5377)  loss_fgl_dn_2: 1.0365 (1.0350)  loss_ddf_dn_2: 0.0319 (0.0338)  loss_mal_dn_3: 1.8896 (1.9252)  loss_bbox_dn_3: 0.4272 (0.5819)  loss_giou_dn_3: 0.5086 (0.5110)  loss_fgl_dn_3: 1.0326 (1.0410)  loss_mal_dn_pre: 1.7178 (1.7286)  loss_bbox_dn_pre: 0.9814 (1.0800)  loss_giou_dn_pre: 1.0404 (1.0408)  time: 0.2113  data: 0.0957  max mem: 2550
Epoch: [65] Total time: 0:00:01 (0.2209 s / it)
Averaged stats: lr: 0.000002  loss: 48.1934 (49.3228)  loss_mal: 2.2383 (2.3215)  loss_bbox: 0.2137 (0.2617)  loss_giou: 0.2603 (0.2928)  loss_fgl: 1.0297 (1.0270)  loss_mal_aux_0: 3.1016 (3.2930)  loss_bbox_aux_0: 0.2551 (0.3024)  loss_giou_aux_0: 0.3509 (0.3739)  loss_fgl_aux_0: 1.0911 (1.0757)  loss_ddf_aux_0: 0.2479 (0.2903)  loss_mal_aux_1: 2.9961 (3.0149)  loss_bbox_aux_1: 0.2172 (0.2659)  loss_giou_aux_1: 0.2937 (0.3062)  loss_fgl_aux_1: 1.0622 (1.0475)  loss_ddf_aux_1: 0.0541 (0.0554)  loss_mal_aux_2: 2.4316 (2.4546)  loss_bbox_aux_2: 0.2022 (0.2570)  loss_giou_aux_2: 0.2560 (0.2882)  loss_fgl_aux_2: 1.0252 (1.0228)  loss_ddf_aux_2: 0.0092 (0.0096)  loss_mal_pre: 3.1504 (3.3250)  loss_bbox_pre: 0.2668 (0.3118)  loss_giou_pre: 0.3543 (0.3760)  loss_mal_enc_0: 3.1562 (3.2637)  loss_bbox_enc_0: 0.4184 (0.4355)  loss_giou_enc_0: 0.5207 (0.5139)  loss_mal_dn_0: 1.7041 (1.7092)  loss_bbox_dn_0: 1.0231 (1.1037)  loss_giou_dn_0: 1.0412 (1.0461)  loss_fgl_dn_0: 1.0840 (1.1203)  loss_ddf_dn_0: 0.7376 (0.7531)  loss_mal_dn_1: 2.4238 (2.4602)  loss_bbox_dn_1: 0.5501 (0.7122)  loss_giou_dn_1: 0.6572 (0.6499)  loss_fgl_dn_1: 1.0740 (1.0922)  loss_ddf_dn_1: 0.1988 (0.2077)  loss_mal_dn_2: 2.1582 (2.1548)  loss_bbox_dn_2: 0.4382 (0.6120)  loss_giou_dn_2: 0.5322 (0.5377)  loss_fgl_dn_2: 1.0365 (1.0350)  loss_ddf_dn_2: 0.0319 (0.0338)  loss_mal_dn_3: 1.8896 (1.9252)  loss_bbox_dn_3: 0.4272 (0.5819)  loss_giou_dn_3: 0.5086 (0.5110)  loss_fgl_dn_3: 1.0326 (1.0410)  loss_mal_dn_pre: 1.7178 (1.7286)  loss_bbox_dn_pre: 0.9814 (1.0800)  loss_giou_dn_pre: 1.0404 (1.0408)
Test:  [0/4]  eta: 0:00:01    time: 0.3679  data: 0.3354  max mem: 2550
Test:  [3/4]  eta: 0:00:00    time: 0.1117  data: 0.0857  max mem: 2550
Test: Total time: 0:00:00 (0.1265 s / it)
Averaged stats: 
Accumulating evaluation results...
COCOeval_opt.accumulate() finished...
DONE (t=0.00s).
IoU metric: bbox
 Average Precision  (AP) @[ IoU=0.50:0.95 | area=   all | maxDets=100 ] = 0.592
 Average Precision  (AP) @[ IoU=0.50      | area=   all | maxDets=100 ] = 0.713
 Average Precision  (AP) @[ IoU=0.75      | area=   all | maxDets=100 ] = 0.644
 Average Precision  (AP) @[ IoU=0.50:0.95 | area= small | maxDets=100 ] = -1.000
 Average Precision  (AP) @[ IoU=0.50:0.95 | area=medium | maxDets=100 ] = -1.000
 Average Precision  (AP) @[ IoU=0.50:0.95 | area= large | maxDets=100 ] = 0.592
 Average Recall     (AR) @[ IoU=0.50:0.95 | area=   all | maxDets=  1 ] = 0.667
 Average Recall     (AR) @[ IoU=0.50:0.95 | area=   all | maxDets= 10 ] = 0.870
 Average Recall     (AR) @[ IoU=0.50:0.95 | area=   all | maxDets=100 ] = 0.937
 Average Recall     (AR) @[ IoU=0.50:0.95 | area= small | maxDets=100 ] = -1.000
 Average Recall     (AR) @[ IoU=0.50:0.95 | area=medium | maxDets=100 ] = -1.000
 Average Recall     (AR) @[ IoU=0.50:0.95 | area= large | maxDets=100 ] = 0.937
 Average Recall     (AR) @[ IoU=0.50      | area=   all | maxDets=100 ] = 1.000
 Average Recall     (AR) @[ IoU=0.75      | area=   all | maxDets=100 ] = 0.967
best_stat: {'epoch': 65, 'coco_eval_bbox': 0.5917449745694454}
Epoch: [66]  [0/8]  eta: 0:00:06  lr: 0.000002  loss: 49.9757 (49.9757)  loss_mal: 2.3633 (2.3633)  loss_bbox: 0.2829 (0.2829)  loss_giou: 0.3263 (0.3263)  loss_fgl: 1.0667 (1.0667)  loss_mal_aux_0: 3.2070 (3.2070)  loss_bbox_aux_0: 0.3774 (0.3774)  loss_giou_aux_0: 0.4690 (0.4690)  loss_fgl_aux_0: 1.1893 (1.1893)  loss_ddf_aux_0: 0.3406 (0.3406)  loss_mal_aux_1: 3.0410 (3.0410)  loss_bbox_aux_1: 0.3000 (0.3000)  loss_giou_aux_1: 0.3499 (0.3499)  loss_fgl_aux_1: 1.1000 (1.1000)  loss_ddf_aux_1: 0.0626 (0.0626)  loss_mal_aux_2: 2.5898 (2.5898)  loss_bbox_aux_2: 0.2828 (0.2828)  loss_giou_aux_2: 0.3245 (0.3245)  loss_fgl_aux_2: 1.0725 (1.0725)  loss_ddf_aux_2: 0.0132 (0.0132)  loss_mal_pre: 3.2402 (3.2402)  loss_bbox_pre: 0.3821 (0.3821)  loss_giou_pre: 0.4742 (0.4742)  loss_mal_enc_0: 3.1191 (3.1191)  loss_bbox_enc_0: 0.5056 (0.5056)  loss_giou_enc_0: 0.6230 (0.6230)  loss_mal_dn_0: 1.7471 (1.7471)  loss_bbox_dn_0: 1.0260 (1.0260)  loss_giou_dn_0: 1.0262 (1.0262)  loss_fgl_dn_0: 1.1073 (1.1073)  loss_ddf_dn_0: 0.6314 (0.6314)  loss_mal_dn_1: 2.3477 (2.3477)  loss_bbox_dn_1: 0.7293 (0.7293)  loss_giou_dn_1: 0.7204 (0.7204)  loss_fgl_dn_1: 1.0790 (1.0790)  loss_ddf_dn_1: 0.1708 (0.1708)  loss_mal_dn_2: 2.0137 (2.0137)  loss_bbox_dn_2: 0.6464 (0.6464)  loss_giou_dn_2: 0.6415 (0.6415)  loss_fgl_dn_2: 1.0558 (1.0558)  loss_ddf_dn_2: 0.0322 (0.0322)  loss_mal_dn_3: 1.7871 (1.7871)  loss_bbox_dn_3: 0.6302 (0.6302)  loss_giou_dn_3: 0.6230 (0.6230)  loss_fgl_dn_3: 1.0592 (1.0592)  loss_mal_dn_pre: 1.7441 (1.7441)  loss_bbox_dn_pre: 1.0209 (1.0209)  loss_giou_dn_pre: 1.0334 (1.0334)  time: 0.8057  data: 0.6665  max mem: 2550
Epoch: [66]  [7/8]  eta: 0:00:00  lr: 0.000002  loss: 46.9188 (47.3706)  loss_mal: 2.2656 (2.2661)  loss_bbox: 0.1250 (0.2039)  loss_giou: 0.3206 (0.3067)  loss_fgl: 0.9717 (1.0248)  loss_mal_aux_0: 3.1816 (3.2544)  loss_bbox_aux_0: 0.1469 (0.2566)  loss_giou_aux_0: 0.3665 (0.3909)  loss_fgl_aux_0: 1.0673 (1.0995)  loss_ddf_aux_0: 0.2860 (0.3061)  loss_mal_aux_1: 2.8828 (2.8821)  loss_bbox_aux_1: 0.1299 (0.2160)  loss_giou_aux_1: 0.3364 (0.3263)  loss_fgl_aux_1: 0.9827 (1.0371)  loss_ddf_aux_1: 0.0529 (0.0571)  loss_mal_aux_2: 2.2500 (2.3562)  loss_bbox_aux_2: 0.1237 (0.2035)  loss_giou_aux_2: 0.3194 (0.3072)  loss_fgl_aux_2: 0.9722 (1.0246)  loss_ddf_aux_2: 0.0095 (0.0107)  loss_mal_pre: 3.2402 (3.3013)  loss_bbox_pre: 0.1491 (0.2582)  loss_giou_pre: 0.3578 (0.3919)  loss_mal_enc_0: 3.0859 (3.1829)  loss_bbox_enc_0: 0.3274 (0.3562)  loss_giou_enc_0: 0.6100 (0.5551)  loss_mal_dn_0: 1.7471 (1.8208)  loss_bbox_dn_0: 0.7117 (0.7320)  loss_giou_dn_0: 0.9558 (0.9815)  loss_fgl_dn_0: 1.1022 (1.0969)  loss_ddf_dn_0: 0.8725 (0.8991)  loss_mal_dn_1: 2.4785 (2.5566)  loss_bbox_dn_1: 0.4167 (0.4494)  loss_giou_dn_1: 0.5194 (0.5682)  loss_fgl_dn_1: 1.0775 (1.0738)  loss_ddf_dn_1: 0.2241 (0.2311)  loss_mal_dn_2: 2.1875 (2.2141)  loss_bbox_dn_2: 0.2993 (0.3620)  loss_giou_dn_2: 0.3770 (0.4398)  loss_fgl_dn_2: 1.0118 (1.0111)  loss_ddf_dn_2: 0.0322 (0.0350)  loss_mal_dn_3: 1.9561 (2.0062)  loss_bbox_dn_3: 0.2590 (0.3416)  loss_giou_dn_3: 0.3595 (0.4164)  loss_fgl_dn_3: 1.0159 (1.0164)  loss_mal_dn_pre: 1.7793 (1.8386)  loss_bbox_dn_pre: 0.7165 (0.7265)  loss_giou_dn_pre: 0.9541 (0.9781)  time: 0.2367  data: 0.1209  max mem: 2550
Epoch: [66] Total time: 0:00:01 (0.2472 s / it)
Averaged stats: lr: 0.000002  loss: 46.9188 (47.3706)  loss_mal: 2.2656 (2.2661)  loss_bbox: 0.1250 (0.2039)  loss_giou: 0.3206 (0.3067)  loss_fgl: 0.9717 (1.0248)  loss_mal_aux_0: 3.1816 (3.2544)  loss_bbox_aux_0: 0.1469 (0.2566)  loss_giou_aux_0: 0.3665 (0.3909)  loss_fgl_aux_0: 1.0673 (1.0995)  loss_ddf_aux_0: 0.2860 (0.3061)  loss_mal_aux_1: 2.8828 (2.8821)  loss_bbox_aux_1: 0.1299 (0.2160)  loss_giou_aux_1: 0.3364 (0.3263)  loss_fgl_aux_1: 0.9827 (1.0371)  loss_ddf_aux_1: 0.0529 (0.0571)  loss_mal_aux_2: 2.2500 (2.3562)  loss_bbox_aux_2: 0.1237 (0.2035)  loss_giou_aux_2: 0.3194 (0.3072)  loss_fgl_aux_2: 0.9722 (1.0246)  loss_ddf_aux_2: 0.0095 (0.0107)  loss_mal_pre: 3.2402 (3.3013)  loss_bbox_pre: 0.1491 (0.2582)  loss_giou_pre: 0.3578 (0.3919)  loss_mal_enc_0: 3.0859 (3.1829)  loss_bbox_enc_0: 0.3274 (0.3562)  loss_giou_enc_0: 0.6100 (0.5551)  loss_mal_dn_0: 1.7471 (1.8208)  loss_bbox_dn_0: 0.7117 (0.7320)  loss_giou_dn_0: 0.9558 (0.9815)  loss_fgl_dn_0: 1.1022 (1.0969)  loss_ddf_dn_0: 0.8725 (0.8991)  loss_mal_dn_1: 2.4785 (2.5566)  loss_bbox_dn_1: 0.4167 (0.4494)  loss_giou_dn_1: 0.5194 (0.5682)  loss_fgl_dn_1: 1.0775 (1.0738)  loss_ddf_dn_1: 0.2241 (0.2311)  loss_mal_dn_2: 2.1875 (2.2141)  loss_bbox_dn_2: 0.2993 (0.3620)  loss_giou_dn_2: 0.3770 (0.4398)  loss_fgl_dn_2: 1.0118 (1.0111)  loss_ddf_dn_2: 0.0322 (0.0350)  loss_mal_dn_3: 1.9561 (2.0062)  loss_bbox_dn_3: 0.2590 (0.3416)  loss_giou_dn_3: 0.3595 (0.4164)  loss_fgl_dn_3: 1.0159 (1.0164)  loss_mal_dn_pre: 1.7793 (1.8386)  loss_bbox_dn_pre: 0.7165 (0.7265)  loss_giou_dn_pre: 0.9541 (0.9781)
Test:  [0/4]  eta: 0:00:01    time: 0.3667  data: 0.3334  max mem: 2550
Test:  [3/4]  eta: 0:00:00    time: 0.1116  data: 0.0853  max mem: 2550
Test: Total time: 0:00:00 (0.1305 s / it)
Averaged stats: 
Accumulating evaluation results...
COCOeval_opt.accumulate() finished...
DONE (t=0.00s).
IoU metric: bbox
 Average Precision  (AP) @[ IoU=0.50:0.95 | area=   all | maxDets=100 ] = 0.561
 Average Precision  (AP) @[ IoU=0.50      | area=   all | maxDets=100 ] = 0.658
 Average Precision  (AP) @[ IoU=0.75      | area=   all | maxDets=100 ] = 0.599
 Average Precision  (AP) @[ IoU=0.50:0.95 | area= small | maxDets=100 ] = -1.000
 Average Precision  (AP) @[ IoU=0.50:0.95 | area=medium | maxDets=100 ] = -1.000
 Average Precision  (AP) @[ IoU=0.50:0.95 | area= large | maxDets=100 ] = 0.561
 Average Recall     (AR) @[ IoU=0.50:0.95 | area=   all | maxDets=  1 ] = 0.670
 Average Recall     (AR) @[ IoU=0.50:0.95 | area=   all | maxDets= 10 ] = 0.907
 Average Recall     (AR) @[ IoU=0.50:0.95 | area=   all | maxDets=100 ] = 0.940
 Average Recall     (AR) @[ IoU=0.50:0.95 | area= small | maxDets=100 ] = -1.000
 Average Recall     (AR) @[ IoU=0.50:0.95 | area=medium | maxDets=100 ] = -1.000
 Average Recall     (AR) @[ IoU=0.50:0.95 | area= large | maxDets=100 ] = 0.940
 Average Recall     (AR) @[ IoU=0.50      | area=   all | maxDets=100 ] = 1.000
 Average Recall     (AR) @[ IoU=0.75      | area=   all | maxDets=100 ] = 0.967
best_stat: {'epoch': 65, 'coco_eval_bbox': 0.5917449745694454}
Epoch: [67]  [0/8]  eta: 0:00:05  lr: 0.000002  loss: 54.6649 (54.6649)  loss_mal: 2.1895 (2.1895)  loss_bbox: 0.6556 (0.6556)  loss_giou: 0.5017 (0.5017)  loss_fgl: 1.1859 (1.1859)  loss_mal_aux_0: 3.1934 (3.1934)  loss_bbox_aux_0: 0.6555 (0.6555)  loss_giou_aux_0: 0.5387 (0.5387)  loss_fgl_aux_0: 1.1962 (1.1962)  loss_ddf_aux_0: 0.2926 (0.2926)  loss_mal_aux_1: 2.9004 (2.9004)  loss_bbox_aux_1: 0.6926 (0.6926)  loss_giou_aux_1: 0.5264 (0.5264)  loss_fgl_aux_1: 1.1715 (1.1715)  loss_ddf_aux_1: 0.0697 (0.0697)  loss_mal_aux_2: 2.3750 (2.3750)  loss_bbox_aux_2: 0.5960 (0.5960)  loss_giou_aux_2: 0.4584 (0.4584)  loss_fgl_aux_2: 1.2174 (1.2174)  loss_ddf_aux_2: 0.0187 (0.0187)  loss_mal_pre: 3.2227 (3.2227)  loss_bbox_pre: 0.7270 (0.7270)  loss_giou_pre: 0.5435 (0.5435)  loss_mal_enc_0: 2.9121 (2.9121)  loss_bbox_enc_0: 0.9556 (0.9556)  loss_giou_enc_0: 0.6650 (0.6650)  loss_mal_dn_0: 1.6377 (1.6377)  loss_bbox_dn_0: 1.4952 (1.4952)  loss_giou_dn_0: 1.0573 (1.0573)  loss_fgl_dn_0: 1.1919 (1.1919)  loss_ddf_dn_0: 0.5999 (0.5999)  loss_mal_dn_1: 2.2070 (2.2070)  loss_bbox_dn_1: 1.1875 (1.1875)  loss_giou_dn_1: 0.7699 (0.7699)  loss_fgl_dn_1: 1.1903 (1.1903)  loss_ddf_dn_1: 0.1481 (0.1481)  loss_mal_dn_2: 1.8721 (1.8721)  loss_bbox_dn_2: 1.1087 (1.1087)  loss_giou_dn_2: 0.6923 (0.6923)  loss_fgl_dn_2: 1.1879 (1.1879)  loss_ddf_dn_2: 0.0282 (0.0282)  loss_mal_dn_3: 1.6885 (1.6885)  loss_bbox_dn_3: 1.0618 (1.0618)  loss_giou_dn_3: 0.6695 (0.6695)  loss_fgl_dn_3: 1.1954 (1.1954)  loss_mal_dn_pre: 1.6543 (1.6543)  loss_bbox_dn_pre: 1.5036 (1.5036)  loss_giou_dn_pre: 1.0569 (1.0569)  time: 0.6966  data: 0.5486  max mem: 2550
Epoch: [67]  [7/8]  eta: 0:00:00  lr: 0.000002  loss: 48.6732 (48.8990)  loss_mal: 2.1055 (2.1631)  loss_bbox: 0.1829 (0.3224)  loss_giou: 0.3624 (0.3844)  loss_fgl: 1.0370 (1.0552)  loss_mal_aux_0: 3.1191 (3.1157)  loss_bbox_aux_0: 0.2946 (0.3938)  loss_giou_aux_0: 0.4470 (0.4900)  loss_fgl_aux_0: 1.0815 (1.1053)  loss_ddf_aux_0: 0.3277 (0.3665)  loss_mal_aux_1: 2.7676 (2.7539)  loss_bbox_aux_1: 0.2023 (0.3424)  loss_giou_aux_1: 0.3755 (0.4082)  loss_fgl_aux_1: 1.0881 (1.0582)  loss_ddf_aux_1: 0.0697 (0.0770)  loss_mal_aux_2: 2.2422 (2.2063)  loss_bbox_aux_2: 0.1904 (0.3169)  loss_giou_aux_2: 0.3603 (0.3798)  loss_fgl_aux_2: 1.0350 (1.0548)  loss_ddf_aux_2: 0.0124 (0.0136)  loss_mal_pre: 3.0684 (3.1521)  loss_bbox_pre: 0.2905 (0.4081)  loss_giou_pre: 0.4501 (0.4840)  loss_mal_enc_0: 2.9121 (2.9822)  loss_bbox_enc_0: 0.4380 (0.5807)  loss_giou_enc_0: 0.6650 (0.6602)  loss_mal_dn_0: 1.7051 (1.7395)  loss_bbox_dn_0: 0.7269 (0.9804)  loss_giou_dn_0: 1.0196 (1.0188)  loss_fgl_dn_0: 1.0962 (1.1163)  loss_ddf_dn_0: 0.8623 (0.9010)  loss_mal_dn_1: 2.4375 (2.4319)  loss_bbox_dn_1: 0.4028 (0.6257)  loss_giou_dn_1: 0.6329 (0.6316)  loss_fgl_dn_1: 1.0977 (1.1006)  loss_ddf_dn_1: 0.1972 (0.2318)  loss_mal_dn_2: 2.0508 (2.0593)  loss_bbox_dn_2: 0.3038 (0.5149)  loss_giou_dn_2: 0.4775 (0.5089)  loss_fgl_dn_2: 1.0265 (1.0570)  loss_ddf_dn_2: 0.0331 (0.0350)  loss_mal_dn_3: 1.8691 (1.8881)  loss_bbox_dn_3: 0.2992 (0.4857)  loss_giou_dn_3: 0.4513 (0.4835)  loss_fgl_dn_3: 1.0316 (1.0627)  loss_mal_dn_pre: 1.7393 (1.7516)  loss_bbox_dn_pre: 0.7525 (0.9803)  loss_giou_dn_pre: 1.0278 (1.0196)  time: 0.2239  data: 0.1089  max mem: 2550
Epoch: [67] Total time: 0:00:01 (0.2311 s / it)
Averaged stats: lr: 0.000002  loss: 48.6732 (48.8990)  loss_mal: 2.1055 (2.1631)  loss_bbox: 0.1829 (0.3224)  loss_giou: 0.3624 (0.3844)  loss_fgl: 1.0370 (1.0552)  loss_mal_aux_0: 3.1191 (3.1157)  loss_bbox_aux_0: 0.2946 (0.3938)  loss_giou_aux_0: 0.4470 (0.4900)  loss_fgl_aux_0: 1.0815 (1.1053)  loss_ddf_aux_0: 0.3277 (0.3665)  loss_mal_aux_1: 2.7676 (2.7539)  loss_bbox_aux_1: 0.2023 (0.3424)  loss_giou_aux_1: 0.3755 (0.4082)  loss_fgl_aux_1: 1.0881 (1.0582)  loss_ddf_aux_1: 0.0697 (0.0770)  loss_mal_aux_2: 2.2422 (2.2063)  loss_bbox_aux_2: 0.1904 (0.3169)  loss_giou_aux_2: 0.3603 (0.3798)  loss_fgl_aux_2: 1.0350 (1.0548)  loss_ddf_aux_2: 0.0124 (0.0136)  loss_mal_pre: 3.0684 (3.1521)  loss_bbox_pre: 0.2905 (0.4081)  loss_giou_pre: 0.4501 (0.4840)  loss_mal_enc_0: 2.9121 (2.9822)  loss_bbox_enc_0: 0.4380 (0.5807)  loss_giou_enc_0: 0.6650 (0.6602)  loss_mal_dn_0: 1.7051 (1.7395)  loss_bbox_dn_0: 0.7269 (0.9804)  loss_giou_dn_0: 1.0196 (1.0188)  loss_fgl_dn_0: 1.0962 (1.1163)  loss_ddf_dn_0: 0.8623 (0.9010)  loss_mal_dn_1: 2.4375 (2.4319)  loss_bbox_dn_1: 0.4028 (0.6257)  loss_giou_dn_1: 0.6329 (0.6316)  loss_fgl_dn_1: 1.0977 (1.1006)  loss_ddf_dn_1: 0.1972 (0.2318)  loss_mal_dn_2: 2.0508 (2.0593)  loss_bbox_dn_2: 0.3038 (0.5149)  loss_giou_dn_2: 0.4775 (0.5089)  loss_fgl_dn_2: 1.0265 (1.0570)  loss_ddf_dn_2: 0.0331 (0.0350)  loss_mal_dn_3: 1.8691 (1.8881)  loss_bbox_dn_3: 0.2992 (0.4857)  loss_giou_dn_3: 0.4513 (0.4835)  loss_fgl_dn_3: 1.0316 (1.0627)  loss_mal_dn_pre: 1.7393 (1.7516)  loss_bbox_dn_pre: 0.7525 (0.9803)  loss_giou_dn_pre: 1.0278 (1.0196)
Test:  [0/4]  eta: 0:00:01    time: 0.3766  data: 0.3436  max mem: 2550
Test:  [3/4]  eta: 0:00:00    time: 0.1139  data: 0.0879  max mem: 2550
Test: Total time: 0:00:00 (0.1342 s / it)
Averaged stats: 
Accumulating evaluation results...
COCOeval_opt.accumulate() finished...
DONE (t=0.00s).
IoU metric: bbox
 Average Precision  (AP) @[ IoU=0.50:0.95 | area=   all | maxDets=100 ] = 0.583
 Average Precision  (AP) @[ IoU=0.50      | area=   all | maxDets=100 ] = 0.661
 Average Precision  (AP) @[ IoU=0.75      | area=   all | maxDets=100 ] = 0.614
 Average Precision  (AP) @[ IoU=0.50:0.95 | area= small | maxDets=100 ] = -1.000
 Average Precision  (AP) @[ IoU=0.50:0.95 | area=medium | maxDets=100 ] = -1.000
 Average Precision  (AP) @[ IoU=0.50:0.95 | area= large | maxDets=100 ] = 0.583
 Average Recall     (AR) @[ IoU=0.50:0.95 | area=   all | maxDets=  1 ] = 0.697
 Average Recall     (AR) @[ IoU=0.50:0.95 | area=   all | maxDets= 10 ] = 0.837
 Average Recall     (AR) @[ IoU=0.50:0.95 | area=   all | maxDets=100 ] = 0.947
 Average Recall     (AR) @[ IoU=0.50:0.95 | area= small | maxDets=100 ] = -1.000
 Average Recall     (AR) @[ IoU=0.50:0.95 | area=medium | maxDets=100 ] = -1.000
 Average Recall     (AR) @[ IoU=0.50:0.95 | area= large | maxDets=100 ] = 0.947
 Average Recall     (AR) @[ IoU=0.50      | area=   all | maxDets=100 ] = 1.000
 Average Recall     (AR) @[ IoU=0.75      | area=   all | maxDets=100 ] = 0.967
best_stat: {'epoch': 65, 'coco_eval_bbox': 0.5917449745694454}
Epoch: [68]  [0/8]  eta: 0:00:06  lr: 0.000002  loss: 51.2799 (51.2799)  loss_mal: 1.9766 (1.9766)  loss_bbox: 0.5142 (0.5142)  loss_giou: 0.3844 (0.3844)  loss_fgl: 1.1828 (1.1828)  loss_mal_aux_0: 2.9707 (2.9707)  loss_bbox_aux_0: 0.5625 (0.5625)  loss_giou_aux_0: 0.4336 (0.4336)  loss_fgl_aux_0: 1.1838 (1.1838)  loss_ddf_aux_0: 0.3291 (0.3291)  loss_mal_aux_1: 2.6660 (2.6660)  loss_bbox_aux_1: 0.5105 (0.5105)  loss_giou_aux_1: 0.3922 (0.3922)  loss_fgl_aux_1: 1.1655 (1.1655)  loss_ddf_aux_1: 0.0605 (0.0605)  loss_mal_aux_2: 2.0566 (2.0566)  loss_bbox_aux_2: 0.5225 (0.5225)  loss_giou_aux_2: 0.3852 (0.3852)  loss_fgl_aux_2: 1.1839 (1.1839)  loss_ddf_aux_2: 0.0123 (0.0123)  loss_mal_pre: 3.0078 (3.0078)  loss_bbox_pre: 0.5595 (0.5595)  loss_giou_pre: 0.4323 (0.4323)  loss_mal_enc_0: 3.0703 (3.0703)  loss_bbox_enc_0: 0.6578 (0.6578)  loss_giou_enc_0: 0.5578 (0.5578)  loss_mal_dn_0: 1.5078 (1.5078)  loss_bbox_dn_0: 1.5849 (1.5849)  loss_giou_dn_0: 1.1146 (1.1146)  loss_fgl_dn_0: 1.0422 (1.0422)  loss_ddf_dn_0: 0.7431 (0.7431)  loss_mal_dn_1: 2.0508 (2.0508)  loss_bbox_dn_1: 1.1506 (1.1506)  loss_giou_dn_1: 0.8052 (0.8052)  loss_fgl_dn_1: 1.0675 (1.0675)  loss_ddf_dn_1: 0.1990 (0.1990)  loss_mal_dn_2: 1.7236 (1.7236)  loss_bbox_dn_2: 1.0987 (1.0987)  loss_giou_dn_2: 0.7159 (0.7159)  loss_fgl_dn_2: 1.0565 (1.0565)  loss_ddf_dn_2: 0.0312 (0.0312)  loss_mal_dn_3: 1.5391 (1.5391)  loss_bbox_dn_3: 1.0728 (1.0728)  loss_giou_dn_3: 0.6974 (0.6974)  loss_fgl_dn_3: 1.0619 (1.0619)  loss_mal_dn_pre: 1.5078 (1.5078)  loss_bbox_dn_pre: 1.6096 (1.6096)  loss_giou_dn_pre: 1.1212 (1.1212)  time: 0.8623  data: 0.7206  max mem: 2550
Epoch: [68]  [7/8]  eta: 0:00:00  lr: 0.000002  loss: 47.4558 (47.2862)  loss_mal: 2.1055 (2.2108)  loss_bbox: 0.1631 (0.2425)  loss_giou: 0.3062 (0.2971)  loss_fgl: 0.9478 (1.0086)  loss_mal_aux_0: 3.1523 (3.1936)  loss_bbox_aux_0: 0.2932 (0.3111)  loss_giou_aux_0: 0.4083 (0.3897)  loss_fgl_aux_0: 1.0471 (1.0780)  loss_ddf_aux_0: 0.3789 (0.4361)  loss_mal_aux_1: 2.7402 (2.7500)  loss_bbox_aux_1: 0.1622 (0.2485)  loss_giou_aux_1: 0.3239 (0.3094)  loss_fgl_aux_1: 0.9532 (1.0088)  loss_ddf_aux_1: 0.0779 (0.0845)  loss_mal_aux_2: 2.0957 (2.1279)  loss_bbox_aux_2: 0.1531 (0.2416)  loss_giou_aux_2: 0.3029 (0.2970)  loss_fgl_aux_2: 0.9294 (1.0051)  loss_ddf_aux_2: 0.0131 (0.0158)  loss_mal_pre: 3.1953 (3.2371)  loss_bbox_pre: 0.2970 (0.3139)  loss_giou_pre: 0.3988 (0.3911)  loss_mal_enc_0: 3.1328 (3.2524)  loss_bbox_enc_0: 0.3753 (0.4100)  loss_giou_enc_0: 0.5578 (0.5378)  loss_mal_dn_0: 1.8496 (1.7999)  loss_bbox_dn_0: 0.7637 (0.8065)  loss_giou_dn_0: 0.9515 (0.9799)  loss_fgl_dn_0: 1.1129 (1.0996)  loss_ddf_dn_0: 0.9339 (1.0800)  loss_mal_dn_1: 2.4805 (2.4653)  loss_bbox_dn_1: 0.3502 (0.4785)  loss_giou_dn_1: 0.5725 (0.5695)  loss_fgl_dn_1: 1.0447 (1.0788)  loss_ddf_dn_1: 0.2366 (0.2880)  loss_mal_dn_2: 2.0078 (1.9969)  loss_bbox_dn_2: 0.2559 (0.4053)  loss_giou_dn_2: 0.4488 (0.4594)  loss_fgl_dn_2: 1.0064 (1.0157)  loss_ddf_dn_2: 0.0356 (0.0406)  loss_mal_dn_3: 1.8750 (1.8748)  loss_bbox_dn_3: 0.2224 (0.3881)  loss_giou_dn_3: 0.4375 (0.4372)  loss_fgl_dn_3: 1.0039 (1.0212)  loss_mal_dn_pre: 1.8516 (1.8151)  loss_bbox_dn_pre: 0.7645 (0.8073)  loss_giou_dn_pre: 0.9600 (0.9800)  time: 0.2567  data: 0.1448  max mem: 2550
Epoch: [68] Total time: 0:00:02 (0.2679 s / it)
Averaged stats: lr: 0.000002  loss: 47.4558 (47.2862)  loss_mal: 2.1055 (2.2108)  loss_bbox: 0.1631 (0.2425)  loss_giou: 0.3062 (0.2971)  loss_fgl: 0.9478 (1.0086)  loss_mal_aux_0: 3.1523 (3.1936)  loss_bbox_aux_0: 0.2932 (0.3111)  loss_giou_aux_0: 0.4083 (0.3897)  loss_fgl_aux_0: 1.0471 (1.0780)  loss_ddf_aux_0: 0.3789 (0.4361)  loss_mal_aux_1: 2.7402 (2.7500)  loss_bbox_aux_1: 0.1622 (0.2485)  loss_giou_aux_1: 0.3239 (0.3094)  loss_fgl_aux_1: 0.9532 (1.0088)  loss_ddf_aux_1: 0.0779 (0.0845)  loss_mal_aux_2: 2.0957 (2.1279)  loss_bbox_aux_2: 0.1531 (0.2416)  loss_giou_aux_2: 0.3029 (0.2970)  loss_fgl_aux_2: 0.9294 (1.0051)  loss_ddf_aux_2: 0.0131 (0.0158)  loss_mal_pre: 3.1953 (3.2371)  loss_bbox_pre: 0.2970 (0.3139)  loss_giou_pre: 0.3988 (0.3911)  loss_mal_enc_0: 3.1328 (3.2524)  loss_bbox_enc_0: 0.3753 (0.4100)  loss_giou_enc_0: 0.5578 (0.5378)  loss_mal_dn_0: 1.8496 (1.7999)  loss_bbox_dn_0: 0.7637 (0.8065)  loss_giou_dn_0: 0.9515 (0.9799)  loss_fgl_dn_0: 1.1129 (1.0996)  loss_ddf_dn_0: 0.9339 (1.0800)  loss_mal_dn_1: 2.4805 (2.4653)  loss_bbox_dn_1: 0.3502 (0.4785)  loss_giou_dn_1: 0.5725 (0.5695)  loss_fgl_dn_1: 1.0447 (1.0788)  loss_ddf_dn_1: 0.2366 (0.2880)  loss_mal_dn_2: 2.0078 (1.9969)  loss_bbox_dn_2: 0.2559 (0.4053)  loss_giou_dn_2: 0.4488 (0.4594)  loss_fgl_dn_2: 1.0064 (1.0157)  loss_ddf_dn_2: 0.0356 (0.0406)  loss_mal_dn_3: 1.8750 (1.8748)  loss_bbox_dn_3: 0.2224 (0.3881)  loss_giou_dn_3: 0.4375 (0.4372)  loss_fgl_dn_3: 1.0039 (1.0212)  loss_mal_dn_pre: 1.8516 (1.8151)  loss_bbox_dn_pre: 0.7645 (0.8073)  loss_giou_dn_pre: 0.9600 (0.9800)
Test:  [0/4]  eta: 0:00:01    time: 0.3729  data: 0.3400  max mem: 2550
Test:  [3/4]  eta: 0:00:00    time: 0.1133  data: 0.0871  max mem: 2550
Test: Total time: 0:00:00 (0.1340 s / it)
Averaged stats: 
Accumulating evaluation results...
COCOeval_opt.accumulate() finished...
DONE (t=0.00s).
IoU metric: bbox
 Average Precision  (AP) @[ IoU=0.50:0.95 | area=   all | maxDets=100 ] = 0.551
 Average Precision  (AP) @[ IoU=0.50      | area=   all | maxDets=100 ] = 0.611
 Average Precision  (AP) @[ IoU=0.75      | area=   all | maxDets=100 ] = 0.587
 Average Precision  (AP) @[ IoU=0.50:0.95 | area= small | maxDets=100 ] = -1.000
 Average Precision  (AP) @[ IoU=0.50:0.95 | area=medium | maxDets=100 ] = -1.000
 Average Precision  (AP) @[ IoU=0.50:0.95 | area= large | maxDets=100 ] = 0.551
 Average Recall     (AR) @[ IoU=0.50:0.95 | area=   all | maxDets=  1 ] = 0.740
 Average Recall     (AR) @[ IoU=0.50:0.95 | area=   all | maxDets= 10 ] = 0.837
 Average Recall     (AR) @[ IoU=0.50:0.95 | area=   all | maxDets=100 ] = 0.940
 Average Recall     (AR) @[ IoU=0.50:0.95 | area= small | maxDets=100 ] = -1.000
 Average Recall     (AR) @[ IoU=0.50:0.95 | area=medium | maxDets=100 ] = -1.000
 Average Recall     (AR) @[ IoU=0.50:0.95 | area= large | maxDets=100 ] = 0.940
 Average Recall     (AR) @[ IoU=0.50      | area=   all | maxDets=100 ] = 1.000
 Average Recall     (AR) @[ IoU=0.75      | area=   all | maxDets=100 ] = 0.967
best_stat: {'epoch': 65, 'coco_eval_bbox': 0.5917449745694454}
Epoch: [69]  [0/8]  eta: 0:00:06  lr: 0.000002  loss: 54.3432 (54.3432)  loss_mal: 1.7373 (1.7373)  loss_bbox: 1.0409 (1.0409)  loss_giou: 1.6785 (1.6785)  loss_fgl: 0.3952 (0.3952)  loss_mal_aux_0: 2.3242 (2.3242)  loss_bbox_aux_0: 1.2176 (1.2176)  loss_giou_aux_0: 1.7444 (1.7444)  loss_fgl_aux_0: 0.4676 (0.4676)  loss_ddf_aux_0: 0.2445 (0.2445)  loss_mal_aux_1: 1.8408 (1.8408)  loss_bbox_aux_1: 1.0793 (1.0793)  loss_giou_aux_1: 1.7047 (1.7047)  loss_fgl_aux_1: 0.4179 (0.4179)  loss_ddf_aux_1: 0.0484 (0.0484)  loss_mal_aux_2: 1.4756 (1.4756)  loss_bbox_aux_2: 1.0682 (1.0682)  loss_giou_aux_2: 1.6878 (1.6878)  loss_fgl_aux_2: 0.3982 (0.3982)  loss_ddf_aux_2: 0.0082 (0.0082)  loss_mal_pre: 2.3418 (2.3418)  loss_bbox_pre: 1.2392 (1.2392)  loss_giou_pre: 1.7565 (1.7565)  loss_mal_enc_0: 2.4180 (2.4180)  loss_bbox_enc_0: 1.4991 (1.4991)  loss_giou_enc_0: 1.9519 (1.9519)  loss_mal_dn_0: 1.8076 (1.8076)  loss_bbox_dn_0: 1.2151 (1.2151)  loss_giou_dn_0: 0.9457 (0.9457)  loss_fgl_dn_0: 1.1953 (1.1953)  loss_ddf_dn_0: 0.6252 (0.6252)  loss_mal_dn_1: 2.6074 (2.6074)  loss_bbox_dn_1: 0.6196 (0.6196)  loss_giou_dn_1: 0.4869 (0.4869)  loss_fgl_dn_1: 1.1070 (1.1070)  loss_ddf_dn_1: 0.1573 (0.1573)  loss_mal_dn_2: 2.1016 (2.1016)  loss_bbox_dn_2: 0.4725 (0.4725)  loss_giou_dn_2: 0.3555 (0.3555)  loss_fgl_dn_2: 1.0323 (1.0323)  loss_ddf_dn_2: 0.0200 (0.0200)  loss_mal_dn_3: 2.0117 (2.0117)  loss_bbox_dn_3: 0.4132 (0.4132)  loss_giou_dn_3: 0.3183 (0.3183)  loss_fgl_dn_3: 1.0320 (1.0320)  loss_mal_dn_pre: 1.8359 (1.8359)  loss_bbox_dn_pre: 1.2506 (1.2506)  loss_giou_dn_pre: 0.9466 (0.9466)  time: 0.7817  data: 0.6395  max mem: 2550
Epoch: [69]  [7/8]  eta: 0:00:00  lr: 0.000002  loss: 46.9478 (47.0791)  loss_mal: 2.1484 (2.2025)  loss_bbox: 0.1489 (0.2797)  loss_giou: 0.2634 (0.4401)  loss_fgl: 0.9558 (0.9107)  loss_mal_aux_0: 3.1133 (3.0730)  loss_bbox_aux_0: 0.2080 (0.3471)  loss_giou_aux_0: 0.3840 (0.5214)  loss_fgl_aux_0: 1.0087 (0.9647)  loss_ddf_aux_0: 0.3698 (0.3793)  loss_mal_aux_1: 2.5566 (2.4911)  loss_bbox_aux_1: 0.1576 (0.2924)  loss_giou_aux_1: 0.3073 (0.4543)  loss_fgl_aux_1: 0.9067 (0.9147)  loss_ddf_aux_1: 0.0752 (0.0750)  loss_mal_aux_2: 2.1289 (2.0337)  loss_bbox_aux_2: 0.1445 (0.2831)  loss_giou_aux_2: 0.2720 (0.4411)  loss_fgl_aux_2: 0.9512 (0.9107)  loss_ddf_aux_2: 0.0133 (0.0120)  loss_mal_pre: 3.1484 (3.1443)  loss_bbox_pre: 0.2026 (0.3461)  loss_giou_pre: 0.3740 (0.5177)  loss_mal_enc_0: 3.2148 (3.2209)  loss_bbox_enc_0: 0.3147 (0.4627)  loss_giou_enc_0: 0.4959 (0.6656)  loss_mal_dn_0: 1.8105 (1.8668)  loss_bbox_dn_0: 0.7320 (0.8738)  loss_giou_dn_0: 0.9455 (0.9432)  loss_fgl_dn_0: 1.1309 (1.1239)  loss_ddf_dn_0: 1.1046 (1.0603)  loss_mal_dn_1: 2.5156 (2.4902)  loss_bbox_dn_1: 0.3881 (0.4450)  loss_giou_dn_1: 0.4823 (0.5047)  loss_fgl_dn_1: 1.0650 (1.0787)  loss_ddf_dn_1: 0.2547 (0.2530)  loss_mal_dn_2: 1.9678 (1.9999)  loss_bbox_dn_2: 0.2990 (0.3377)  loss_giou_dn_2: 0.3310 (0.3822)  loss_fgl_dn_2: 0.9713 (0.9999)  loss_ddf_dn_2: 0.0359 (0.0342)  loss_mal_dn_3: 1.9229 (1.9191)  loss_bbox_dn_3: 0.2555 (0.3106)  loss_giou_dn_3: 0.3134 (0.3598)  loss_fgl_dn_3: 0.9675 (1.0010)  loss_mal_dn_pre: 1.8359 (1.8806)  loss_bbox_dn_pre: 0.7263 (0.8835)  loss_giou_dn_pre: 0.9466 (0.9471)  time: 0.2279  data: 0.1135  max mem: 2550
Epoch: [69] Total time: 0:00:01 (0.2386 s / it)
Averaged stats: lr: 0.000002  loss: 46.9478 (47.0791)  loss_mal: 2.1484 (2.2025)  loss_bbox: 0.1489 (0.2797)  loss_giou: 0.2634 (0.4401)  loss_fgl: 0.9558 (0.9107)  loss_mal_aux_0: 3.1133 (3.0730)  loss_bbox_aux_0: 0.2080 (0.3471)  loss_giou_aux_0: 0.3840 (0.5214)  loss_fgl_aux_0: 1.0087 (0.9647)  loss_ddf_aux_0: 0.3698 (0.3793)  loss_mal_aux_1: 2.5566 (2.4911)  loss_bbox_aux_1: 0.1576 (0.2924)  loss_giou_aux_1: 0.3073 (0.4543)  loss_fgl_aux_1: 0.9067 (0.9147)  loss_ddf_aux_1: 0.0752 (0.0750)  loss_mal_aux_2: 2.1289 (2.0337)  loss_bbox_aux_2: 0.1445 (0.2831)  loss_giou_aux_2: 0.2720 (0.4411)  loss_fgl_aux_2: 0.9512 (0.9107)  loss_ddf_aux_2: 0.0133 (0.0120)  loss_mal_pre: 3.1484 (3.1443)  loss_bbox_pre: 0.2026 (0.3461)  loss_giou_pre: 0.3740 (0.5177)  loss_mal_enc_0: 3.2148 (3.2209)  loss_bbox_enc_0: 0.3147 (0.4627)  loss_giou_enc_0: 0.4959 (0.6656)  loss_mal_dn_0: 1.8105 (1.8668)  loss_bbox_dn_0: 0.7320 (0.8738)  loss_giou_dn_0: 0.9455 (0.9432)  loss_fgl_dn_0: 1.1309 (1.1239)  loss_ddf_dn_0: 1.1046 (1.0603)  loss_mal_dn_1: 2.5156 (2.4902)  loss_bbox_dn_1: 0.3881 (0.4450)  loss_giou_dn_1: 0.4823 (0.5047)  loss_fgl_dn_1: 1.0650 (1.0787)  loss_ddf_dn_1: 0.2547 (0.2530)  loss_mal_dn_2: 1.9678 (1.9999)  loss_bbox_dn_2: 0.2990 (0.3377)  loss_giou_dn_2: 0.3310 (0.3822)  loss_fgl_dn_2: 0.9713 (0.9999)  loss_ddf_dn_2: 0.0359 (0.0342)  loss_mal_dn_3: 1.9229 (1.9191)  loss_bbox_dn_3: 0.2555 (0.3106)  loss_giou_dn_3: 0.3134 (0.3598)  loss_fgl_dn_3: 0.9675 (1.0010)  loss_mal_dn_pre: 1.8359 (1.8806)  loss_bbox_dn_pre: 0.7263 (0.8835)  loss_giou_dn_pre: 0.9466 (0.9471)
Test:  [0/4]  eta: 0:00:01    time: 0.3642  data: 0.3318  max mem: 2550
Test:  [3/4]  eta: 0:00:00    time: 0.1443  data: 0.0848  max mem: 2550
Test: Total time: 0:00:00 (0.1653 s / it)
Averaged stats: 
Accumulating evaluation results...
COCOeval_opt.accumulate() finished...
DONE (t=0.00s).
IoU metric: bbox
 Average Precision  (AP) @[ IoU=0.50:0.95 | area=   all | maxDets=100 ] = 0.552
 Average Precision  (AP) @[ IoU=0.50      | area=   all | maxDets=100 ] = 0.610
 Average Precision  (AP) @[ IoU=0.75      | area=   all | maxDets=100 ] = 0.592
 Average Precision  (AP) @[ IoU=0.50:0.95 | area= small | maxDets=100 ] = -1.000
 Average Precision  (AP) @[ IoU=0.50:0.95 | area=medium | maxDets=100 ] = -1.000
 Average Precision  (AP) @[ IoU=0.50:0.95 | area= large | maxDets=100 ] = 0.552
 Average Recall     (AR) @[ IoU=0.50:0.95 | area=   all | maxDets=  1 ] = 0.730
 Average Recall     (AR) @[ IoU=0.50:0.95 | area=   all | maxDets= 10 ] = 0.827
 Average Recall     (AR) @[ IoU=0.50:0.95 | area=   all | maxDets=100 ] = 0.937
 Average Recall     (AR) @[ IoU=0.50:0.95 | area= small | maxDets=100 ] = -1.000
 Average Recall     (AR) @[ IoU=0.50:0.95 | area=medium | maxDets=100 ] = -1.000
 Average Recall     (AR) @[ IoU=0.50:0.95 | area= large | maxDets=100 ] = 0.937
 Average Recall     (AR) @[ IoU=0.50      | area=   all | maxDets=100 ] = 1.000
 Average Recall     (AR) @[ IoU=0.75      | area=   all | maxDets=100 ] = 0.967
best_stat: {'epoch': 65, 'coco_eval_bbox': 0.5917449745694454}
Epoch: [70]  [0/8]  eta: 0:00:07  lr: 0.000002  loss: 45.4692 (45.4692)  loss_mal: 2.1094 (2.1094)  loss_bbox: 0.2420 (0.2420)  loss_giou: 0.3277 (0.3277)  loss_fgl: 0.9246 (0.9246)  loss_mal_aux_0: 2.8789 (2.8789)  loss_bbox_aux_0: 0.3304 (0.3304)  loss_giou_aux_0: 0.4740 (0.4740)  loss_fgl_aux_0: 1.0394 (1.0394)  loss_ddf_aux_0: 0.4933 (0.4933)  loss_mal_aux_1: 2.5801 (2.5801)  loss_bbox_aux_1: 0.2626 (0.2626)  loss_giou_aux_1: 0.3629 (0.3629)  loss_fgl_aux_1: 0.9501 (0.9501)  loss_ddf_aux_1: 0.0832 (0.0832)  loss_mal_aux_2: 2.0449 (2.0449)  loss_bbox_aux_2: 0.2436 (0.2436)  loss_giou_aux_2: 0.3306 (0.3306)  loss_fgl_aux_2: 0.9271 (0.9271)  loss_ddf_aux_2: 0.0140 (0.0140)  loss_mal_pre: 2.9355 (2.9355)  loss_bbox_pre: 0.3299 (0.3299)  loss_giou_pre: 0.4722 (0.4722)  loss_mal_enc_0: 2.8711 (2.8711)  loss_bbox_enc_0: 0.4412 (0.4412)  loss_giou_enc_0: 0.6337 (0.6337)  loss_mal_dn_0: 1.9229 (1.9229)  loss_bbox_dn_0: 0.6447 (0.6447)  loss_giou_dn_0: 0.8845 (0.8845)  loss_fgl_dn_0: 1.1511 (1.1511)  loss_ddf_dn_0: 1.0779 (1.0779)  loss_mal_dn_1: 2.4590 (2.4590)  loss_bbox_dn_1: 0.3779 (0.3779)  loss_giou_dn_1: 0.5338 (0.5338)  loss_fgl_dn_1: 1.0750 (1.0750)  loss_ddf_dn_1: 0.2407 (0.2407)  loss_mal_dn_2: 1.8838 (1.8838)  loss_bbox_dn_2: 0.3351 (0.3351)  loss_giou_dn_2: 0.4526 (0.4526)  loss_fgl_dn_2: 1.0213 (1.0213)  loss_ddf_dn_2: 0.0333 (0.0333)  loss_mal_dn_3: 1.8154 (1.8154)  loss_bbox_dn_3: 0.3259 (0.3259)  loss_giou_dn_3: 0.4364 (0.4364)  loss_fgl_dn_3: 1.0181 (1.0181)  loss_mal_dn_pre: 1.9199 (1.9199)  loss_bbox_dn_pre: 0.6630 (0.6630)  loss_giou_dn_pre: 0.8945 (0.8945)  time: 0.9982  data: 0.8436  max mem: 2550
Epoch: [70]  [7/8]  eta: 0:00:00  lr: 0.000002  loss: 46.1074 (46.6644)  loss_mal: 2.1719 (2.2041)  loss_bbox: 0.2102 (0.2894)  loss_giou: 0.3140 (0.3487)  loss_fgl: 0.9246 (0.9529)  loss_mal_aux_0: 2.9902 (3.0906)  loss_bbox_aux_0: 0.3045 (0.3424)  loss_giou_aux_0: 0.4205 (0.4614)  loss_fgl_aux_0: 1.0394 (1.0310)  loss_ddf_aux_0: 0.4258 (0.4586)  loss_mal_aux_1: 2.5527 (2.5173)  loss_bbox_aux_1: 0.2263 (0.3088)  loss_giou_aux_1: 0.3370 (0.3786)  loss_fgl_aux_1: 0.9501 (0.9712)  loss_ddf_aux_1: 0.0795 (0.0813)  loss_mal_aux_2: 2.0273 (2.0386)  loss_bbox_aux_2: 0.2140 (0.2945)  loss_giou_aux_2: 0.3245 (0.3535)  loss_fgl_aux_2: 0.9271 (0.9548)  loss_ddf_aux_2: 0.0129 (0.0135)  loss_mal_pre: 3.0469 (3.1738)  loss_bbox_pre: 0.3165 (0.3469)  loss_giou_pre: 0.4191 (0.4631)  loss_mal_enc_0: 3.0527 (3.1514)  loss_bbox_enc_0: 0.3815 (0.4354)  loss_giou_enc_0: 0.6132 (0.6155)  loss_mal_dn_0: 1.7930 (1.8124)  loss_bbox_dn_0: 0.7681 (0.7703)  loss_giou_dn_0: 0.9487 (0.9599)  loss_fgl_dn_0: 1.1043 (1.1085)  loss_ddf_dn_0: 1.0779 (1.2202)  loss_mal_dn_1: 2.3613 (2.3679)  loss_bbox_dn_1: 0.4581 (0.4399)  loss_giou_dn_1: 0.5774 (0.5626)  loss_fgl_dn_1: 1.0750 (1.0656)  loss_ddf_dn_1: 0.3001 (0.2895)  loss_mal_dn_2: 1.8262 (1.8369)  loss_bbox_dn_2: 0.3392 (0.3525)  loss_giou_dn_2: 0.4526 (0.4492)  loss_fgl_dn_2: 1.0157 (0.9936)  loss_ddf_dn_2: 0.0389 (0.0393)  loss_mal_dn_3: 1.7910 (1.8121)  loss_bbox_dn_3: 0.3259 (0.3294)  loss_giou_dn_3: 0.4364 (0.4265)  loss_fgl_dn_3: 1.0181 (0.9974)  loss_mal_dn_pre: 1.8027 (1.8224)  loss_bbox_dn_pre: 0.7747 (0.7692)  loss_giou_dn_pre: 0.9639 (0.9620)  time: 0.2472  data: 0.1301  max mem: 2550
Epoch: [70] Total time: 0:00:02 (0.2551 s / it)
Averaged stats: lr: 0.000002  loss: 46.1074 (46.6644)  loss_mal: 2.1719 (2.2041)  loss_bbox: 0.2102 (0.2894)  loss_giou: 0.3140 (0.3487)  loss_fgl: 0.9246 (0.9529)  loss_mal_aux_0: 2.9902 (3.0906)  loss_bbox_aux_0: 0.3045 (0.3424)  loss_giou_aux_0: 0.4205 (0.4614)  loss_fgl_aux_0: 1.0394 (1.0310)  loss_ddf_aux_0: 0.4258 (0.4586)  loss_mal_aux_1: 2.5527 (2.5173)  loss_bbox_aux_1: 0.2263 (0.3088)  loss_giou_aux_1: 0.3370 (0.3786)  loss_fgl_aux_1: 0.9501 (0.9712)  loss_ddf_aux_1: 0.0795 (0.0813)  loss_mal_aux_2: 2.0273 (2.0386)  loss_bbox_aux_2: 0.2140 (0.2945)  loss_giou_aux_2: 0.3245 (0.3535)  loss_fgl_aux_2: 0.9271 (0.9548)  loss_ddf_aux_2: 0.0129 (0.0135)  loss_mal_pre: 3.0469 (3.1738)  loss_bbox_pre: 0.3165 (0.3469)  loss_giou_pre: 0.4191 (0.4631)  loss_mal_enc_0: 3.0527 (3.1514)  loss_bbox_enc_0: 0.3815 (0.4354)  loss_giou_enc_0: 0.6132 (0.6155)  loss_mal_dn_0: 1.7930 (1.8124)  loss_bbox_dn_0: 0.7681 (0.7703)  loss_giou_dn_0: 0.9487 (0.9599)  loss_fgl_dn_0: 1.1043 (1.1085)  loss_ddf_dn_0: 1.0779 (1.2202)  loss_mal_dn_1: 2.3613 (2.3679)  loss_bbox_dn_1: 0.4581 (0.4399)  loss_giou_dn_1: 0.5774 (0.5626)  loss_fgl_dn_1: 1.0750 (1.0656)  loss_ddf_dn_1: 0.3001 (0.2895)  loss_mal_dn_2: 1.8262 (1.8369)  loss_bbox_dn_2: 0.3392 (0.3525)  loss_giou_dn_2: 0.4526 (0.4492)  loss_fgl_dn_2: 1.0157 (0.9936)  loss_ddf_dn_2: 0.0389 (0.0393)  loss_mal_dn_3: 1.7910 (1.8121)  loss_bbox_dn_3: 0.3259 (0.3294)  loss_giou_dn_3: 0.4364 (0.4265)  loss_fgl_dn_3: 1.0181 (0.9974)  loss_mal_dn_pre: 1.8027 (1.8224)  loss_bbox_dn_pre: 0.7747 (0.7692)  loss_giou_dn_pre: 0.9639 (0.9620)
Test:  [0/4]  eta: 0:00:01    time: 0.3704  data: 0.3386  max mem: 2550
Test:  [3/4]  eta: 0:00:00    time: 0.1124  data: 0.0866  max mem: 2550
Test: Total time: 0:00:00 (0.1314 s / it)
Averaged stats: 
Accumulating evaluation results...
COCOeval_opt.accumulate() finished...
DONE (t=0.00s).
IoU metric: bbox
 Average Precision  (AP) @[ IoU=0.50:0.95 | area=   all | maxDets=100 ] = 0.560
 Average Precision  (AP) @[ IoU=0.50      | area=   all | maxDets=100 ] = 0.631
 Average Precision  (AP) @[ IoU=0.75      | area=   all | maxDets=100 ] = 0.608
 Average Precision  (AP) @[ IoU=0.50:0.95 | area= small | maxDets=100 ] = -1.000
 Average Precision  (AP) @[ IoU=0.50:0.95 | area=medium | maxDets=100 ] = -1.000
 Average Precision  (AP) @[ IoU=0.50:0.95 | area= large | maxDets=100 ] = 0.560
 Average Recall     (AR) @[ IoU=0.50:0.95 | area=   all | maxDets=  1 ] = 0.727
 Average Recall     (AR) @[ IoU=0.50:0.95 | area=   all | maxDets= 10 ] = 0.810
 Average Recall     (AR) @[ IoU=0.50:0.95 | area=   all | maxDets=100 ] = 0.933
 Average Recall     (AR) @[ IoU=0.50:0.95 | area= small | maxDets=100 ] = -1.000
 Average Recall     (AR) @[ IoU=0.50:0.95 | area=medium | maxDets=100 ] = -1.000
 Average Recall     (AR) @[ IoU=0.50:0.95 | area= large | maxDets=100 ] = 0.933
 Average Recall     (AR) @[ IoU=0.50      | area=   all | maxDets=100 ] = 1.000
 Average Recall     (AR) @[ IoU=0.75      | area=   all | maxDets=100 ] = 0.967
best_stat: {'epoch': 65, 'coco_eval_bbox': 0.5917449745694454}
Epoch: [71]  [0/8]  eta: 0:00:09  lr: 0.000002  loss: 44.8779 (44.8779)  loss_mal: 2.2344 (2.2344)  loss_bbox: 0.3268 (0.3268)  loss_giou: 0.5214 (0.5214)  loss_fgl: 0.7445 (0.7445)  loss_mal_aux_0: 2.9062 (2.9062)  loss_bbox_aux_0: 0.3630 (0.3630)  loss_giou_aux_0: 0.5986 (0.5986)  loss_fgl_aux_0: 0.8580 (0.8580)  loss_ddf_aux_0: 0.3636 (0.3636)  loss_mal_aux_1: 2.3262 (2.3262)  loss_bbox_aux_1: 0.3386 (0.3386)  loss_giou_aux_1: 0.5353 (0.5353)  loss_fgl_aux_1: 0.7587 (0.7587)  loss_ddf_aux_1: 0.0717 (0.0717)  loss_mal_aux_2: 1.9619 (1.9619)  loss_bbox_aux_2: 0.3286 (0.3286)  loss_giou_aux_2: 0.5263 (0.5263)  loss_fgl_aux_2: 0.7476 (0.7476)  loss_ddf_aux_2: 0.0117 (0.0117)  loss_mal_pre: 2.9785 (2.9785)  loss_bbox_pre: 0.3658 (0.3658)  loss_giou_pre: 0.6012 (0.6012)  loss_mal_enc_0: 3.2402 (3.2402)  loss_bbox_enc_0: 0.4157 (0.4157)  loss_giou_enc_0: 0.6562 (0.6562)  loss_mal_dn_0: 1.9932 (1.9932)  loss_bbox_dn_0: 0.5438 (0.5438)  loss_giou_dn_0: 0.8519 (0.8519)  loss_fgl_dn_0: 1.1309 (1.1309)  loss_ddf_dn_0: 1.0613 (1.0613)  loss_mal_dn_1: 2.5547 (2.5547)  loss_bbox_dn_1: 0.2263 (0.2263)  loss_giou_dn_1: 0.4083 (0.4083)  loss_fgl_dn_1: 1.0125 (1.0125)  loss_ddf_dn_1: 0.2384 (0.2384)  loss_mal_dn_2: 1.9316 (1.9316)  loss_bbox_dn_2: 0.1687 (0.1687)  loss_giou_dn_2: 0.2710 (0.2710)  loss_fgl_dn_2: 0.9298 (0.9298)  loss_ddf_dn_2: 0.0332 (0.0332)  loss_mal_dn_3: 1.9785 (1.9785)  loss_bbox_dn_3: 0.1538 (0.1538)  loss_giou_dn_3: 0.2536 (0.2536)  loss_fgl_dn_3: 0.9209 (0.9209)  loss_mal_dn_pre: 2.0176 (2.0176)  loss_bbox_dn_pre: 0.5630 (0.5630)  loss_giou_dn_pre: 0.8542 (0.8542)  time: 1.2314  data: 1.1053  max mem: 2550
Epoch: [71]  [7/8]  eta: 0:00:00  lr: 0.000002  loss: 47.7605 (47.2458)  loss_mal: 2.2344 (2.2832)  loss_bbox: 0.2149 (0.2408)  loss_giou: 0.2692 (0.2900)  loss_fgl: 1.1038 (1.0516)  loss_mal_aux_0: 3.0859 (3.1953)  loss_bbox_aux_0: 0.3630 (0.3334)  loss_giou_aux_0: 0.3081 (0.3743)  loss_fgl_aux_0: 1.0864 (1.0906)  loss_ddf_aux_0: 0.4207 (0.4481)  loss_mal_aux_1: 2.3457 (2.4595)  loss_bbox_aux_1: 0.2003 (0.2500)  loss_giou_aux_1: 0.2573 (0.2966)  loss_fgl_aux_1: 1.0952 (1.0334)  loss_ddf_aux_1: 0.0825 (0.0853)  loss_mal_aux_2: 2.0371 (2.0560)  loss_bbox_aux_2: 0.2135 (0.2416)  loss_giou_aux_2: 0.2681 (0.2919)  loss_fgl_aux_2: 1.0942 (1.0419)  loss_ddf_aux_2: 0.0123 (0.0123)  loss_mal_pre: 3.1719 (3.2864)  loss_bbox_pre: 0.3639 (0.3287)  loss_giou_pre: 0.3073 (0.3675)  loss_mal_enc_0: 3.2402 (3.2744)  loss_bbox_enc_0: 0.5005 (0.4689)  loss_giou_enc_0: 0.5015 (0.5162)  loss_mal_dn_0: 1.7197 (1.7764)  loss_bbox_dn_0: 0.9971 (0.9841)  loss_giou_dn_0: 0.9677 (0.9734)  loss_fgl_dn_0: 1.1138 (1.1104)  loss_ddf_dn_0: 1.1034 (1.1939)  loss_mal_dn_1: 2.2402 (2.2798)  loss_bbox_dn_1: 0.5703 (0.5771)  loss_giou_dn_1: 0.5347 (0.5599)  loss_fgl_dn_1: 1.1012 (1.0863)  loss_ddf_dn_1: 0.2908 (0.2855)  loss_mal_dn_2: 1.7354 (1.7520)  loss_bbox_dn_2: 0.4310 (0.4628)  loss_giou_dn_2: 0.3911 (0.4419)  loss_fgl_dn_2: 1.0562 (1.0173)  loss_ddf_dn_2: 0.0344 (0.0358)  loss_mal_dn_3: 1.7646 (1.7614)  loss_bbox_dn_3: 0.3892 (0.4389)  loss_giou_dn_3: 0.3668 (0.4238)  loss_fgl_dn_3: 1.0620 (1.0197)  loss_mal_dn_pre: 1.7695 (1.7969)  loss_bbox_dn_pre: 0.9870 (0.9758)  loss_giou_dn_pre: 0.9819 (0.9749)  time: 0.2568  data: 0.1493  max mem: 2550
Epoch: [71] Total time: 0:00:02 (0.2634 s / it)
Averaged stats: lr: 0.000002  loss: 47.7605 (47.2458)  loss_mal: 2.2344 (2.2832)  loss_bbox: 0.2149 (0.2408)  loss_giou: 0.2692 (0.2900)  loss_fgl: 1.1038 (1.0516)  loss_mal_aux_0: 3.0859 (3.1953)  loss_bbox_aux_0: 0.3630 (0.3334)  loss_giou_aux_0: 0.3081 (0.3743)  loss_fgl_aux_0: 1.0864 (1.0906)  loss_ddf_aux_0: 0.4207 (0.4481)  loss_mal_aux_1: 2.3457 (2.4595)  loss_bbox_aux_1: 0.2003 (0.2500)  loss_giou_aux_1: 0.2573 (0.2966)  loss_fgl_aux_1: 1.0952 (1.0334)  loss_ddf_aux_1: 0.0825 (0.0853)  loss_mal_aux_2: 2.0371 (2.0560)  loss_bbox_aux_2: 0.2135 (0.2416)  loss_giou_aux_2: 0.2681 (0.2919)  loss_fgl_aux_2: 1.0942 (1.0419)  loss_ddf_aux_2: 0.0123 (0.0123)  loss_mal_pre: 3.1719 (3.2864)  loss_bbox_pre: 0.3639 (0.3287)  loss_giou_pre: 0.3073 (0.3675)  loss_mal_enc_0: 3.2402 (3.2744)  loss_bbox_enc_0: 0.5005 (0.4689)  loss_giou_enc_0: 0.5015 (0.5162)  loss_mal_dn_0: 1.7197 (1.7764)  loss_bbox_dn_0: 0.9971 (0.9841)  loss_giou_dn_0: 0.9677 (0.9734)  loss_fgl_dn_0: 1.1138 (1.1104)  loss_ddf_dn_0: 1.1034 (1.1939)  loss_mal_dn_1: 2.2402 (2.2798)  loss_bbox_dn_1: 0.5703 (0.5771)  loss_giou_dn_1: 0.5347 (0.5599)  loss_fgl_dn_1: 1.1012 (1.0863)  loss_ddf_dn_1: 0.2908 (0.2855)  loss_mal_dn_2: 1.7354 (1.7520)  loss_bbox_dn_2: 0.4310 (0.4628)  loss_giou_dn_2: 0.3911 (0.4419)  loss_fgl_dn_2: 1.0562 (1.0173)  loss_ddf_dn_2: 0.0344 (0.0358)  loss_mal_dn_3: 1.7646 (1.7614)  loss_bbox_dn_3: 0.3892 (0.4389)  loss_giou_dn_3: 0.3668 (0.4238)  loss_fgl_dn_3: 1.0620 (1.0197)  loss_mal_dn_pre: 1.7695 (1.7969)  loss_bbox_dn_pre: 0.9870 (0.9758)  loss_giou_dn_pre: 0.9819 (0.9749)
Test:  [0/4]  eta: 0:00:01    time: 0.3708  data: 0.3385  max mem: 2550
Test:  [3/4]  eta: 0:00:00    time: 0.1126  data: 0.0866  max mem: 2550
Test: Total time: 0:00:00 (0.1344 s / it)
Averaged stats: 
Accumulating evaluation results...
COCOeval_opt.accumulate() finished...
DONE (t=0.00s).
IoU metric: bbox
 Average Precision  (AP) @[ IoU=0.50:0.95 | area=   all | maxDets=100 ] = 0.561
 Average Precision  (AP) @[ IoU=0.50      | area=   all | maxDets=100 ] = 0.629
 Average Precision  (AP) @[ IoU=0.75      | area=   all | maxDets=100 ] = 0.605
 Average Precision  (AP) @[ IoU=0.50:0.95 | area= small | maxDets=100 ] = -1.000
 Average Precision  (AP) @[ IoU=0.50:0.95 | area=medium | maxDets=100 ] = -1.000
 Average Precision  (AP) @[ IoU=0.50:0.95 | area= large | maxDets=100 ] = 0.561
 Average Recall     (AR) @[ IoU=0.50:0.95 | area=   all | maxDets=  1 ] = 0.737
 Average Recall     (AR) @[ IoU=0.50:0.95 | area=   all | maxDets= 10 ] = 0.847
 Average Recall     (AR) @[ IoU=0.50:0.95 | area=   all | maxDets=100 ] = 0.927
 Average Recall     (AR) @[ IoU=0.50:0.95 | area= small | maxDets=100 ] = -1.000
 Average Recall     (AR) @[ IoU=0.50:0.95 | area=medium | maxDets=100 ] = -1.000
 Average Recall     (AR) @[ IoU=0.50:0.95 | area= large | maxDets=100 ] = 0.927
 Average Recall     (AR) @[ IoU=0.50      | area=   all | maxDets=100 ] = 1.000
 Average Recall     (AR) @[ IoU=0.75      | area=   all | maxDets=100 ] = 0.967
best_stat: {'epoch': 65, 'coco_eval_bbox': 0.5917449745694454}
Epoch: [72]  [0/8]  eta: 0:00:09  lr: 0.000002  loss: 44.7534 (44.7534)  loss_mal: 2.2207 (2.2207)  loss_bbox: 0.1106 (0.1106)  loss_giou: 0.2595 (0.2595)  loss_fgl: 1.0062 (1.0062)  loss_mal_aux_0: 3.2812 (3.2812)  loss_bbox_aux_0: 0.1236 (0.1236)  loss_giou_aux_0: 0.3107 (0.3107)  loss_fgl_aux_0: 1.0840 (1.0840)  loss_ddf_aux_0: 0.6967 (0.6967)  loss_mal_aux_1: 2.4238 (2.4238)  loss_bbox_aux_1: 0.1035 (0.1035)  loss_giou_aux_1: 0.2659 (0.2659)  loss_fgl_aux_1: 0.9914 (0.9914)  loss_ddf_aux_1: 0.1108 (0.1108)  loss_mal_aux_2: 2.0488 (2.0488)  loss_bbox_aux_2: 0.1093 (0.1093)  loss_giou_aux_2: 0.2628 (0.2628)  loss_fgl_aux_2: 1.0096 (1.0096)  loss_ddf_aux_2: 0.0140 (0.0140)  loss_mal_pre: 3.4043 (3.4043)  loss_bbox_pre: 0.1226 (0.1226)  loss_giou_pre: 0.3090 (0.3090)  loss_mal_enc_0: 3.3281 (3.3281)  loss_bbox_enc_0: 0.1822 (0.1822)  loss_giou_enc_0: 0.4625 (0.4625)  loss_mal_dn_0: 2.1211 (2.1211)  loss_bbox_dn_0: 0.3959 (0.3959)  loss_giou_dn_0: 0.7999 (0.7999)  loss_fgl_dn_0: 1.1305 (1.1305)  loss_ddf_dn_0: 1.5320 (1.5320)  loss_mal_dn_1: 2.4590 (2.4590)  loss_bbox_dn_1: 0.2209 (0.2209)  loss_giou_dn_1: 0.4459 (0.4459)  loss_fgl_dn_1: 1.0564 (1.0564)  loss_ddf_dn_1: 0.3088 (0.3088)  loss_mal_dn_2: 1.7617 (1.7617)  loss_bbox_dn_2: 0.1985 (0.1985)  loss_giou_dn_2: 0.3804 (0.3804)  loss_fgl_dn_2: 0.9611 (0.9611)  loss_ddf_dn_2: 0.0335 (0.0335)  loss_mal_dn_3: 1.8340 (1.8340)  loss_bbox_dn_3: 0.1914 (0.1914)  loss_giou_dn_3: 0.3631 (0.3631)  loss_fgl_dn_3: 0.9635 (0.9635)  loss_mal_dn_pre: 2.1836 (2.1836)  loss_bbox_dn_pre: 0.3860 (0.3860)  loss_giou_dn_pre: 0.7841 (0.7841)  time: 1.1816  data: 1.0442  max mem: 2550
Epoch: [72]  [7/8]  eta: 0:00:00  lr: 0.000002  loss: 44.7534 (46.8198)  loss_mal: 2.0156 (1.9934)  loss_bbox: 0.2644 (0.3946)  loss_giou: 0.3649 (0.4576)  loss_fgl: 0.8767 (0.9418)  loss_mal_aux_0: 2.8848 (2.8953)  loss_bbox_aux_0: 0.3629 (0.4588)  loss_giou_aux_0: 0.4815 (0.5336)  loss_fgl_aux_0: 0.9222 (0.9957)  loss_ddf_aux_0: 0.4916 (0.5038)  loss_mal_aux_1: 2.2344 (2.1736)  loss_bbox_aux_1: 0.2985 (0.4204)  loss_giou_aux_1: 0.3795 (0.4693)  loss_fgl_aux_1: 0.8844 (0.9445)  loss_ddf_aux_1: 0.0892 (0.0851)  loss_mal_aux_2: 1.8516 (1.8418)  loss_bbox_aux_2: 0.2540 (0.3898)  loss_giou_aux_2: 0.3660 (0.4562)  loss_fgl_aux_2: 0.8735 (0.9409)  loss_ddf_aux_2: 0.0117 (0.0124)  loss_mal_pre: 2.9473 (2.9878)  loss_bbox_pre: 0.3701 (0.4711)  loss_giou_pre: 0.4798 (0.5322)  loss_mal_enc_0: 2.8320 (3.0078)  loss_bbox_enc_0: 0.4487 (0.5690)  loss_giou_enc_0: 0.5529 (0.6551)  loss_mal_dn_0: 1.7646 (1.8146)  loss_bbox_dn_0: 0.6690 (0.8549)  loss_giou_dn_0: 0.9594 (0.9491)  loss_fgl_dn_0: 1.0959 (1.1156)  loss_ddf_dn_0: 1.3212 (1.2787)  loss_mal_dn_1: 2.2598 (2.2563)  loss_bbox_dn_1: 0.3752 (0.5446)  loss_giou_dn_1: 0.5053 (0.5626)  loss_fgl_dn_1: 1.0602 (1.0937)  loss_ddf_dn_1: 0.3060 (0.2899)  loss_mal_dn_2: 1.7100 (1.6907)  loss_bbox_dn_2: 0.2672 (0.4615)  loss_giou_dn_2: 0.3981 (0.4614)  loss_fgl_dn_2: 0.9586 (1.0130)  loss_ddf_dn_2: 0.0350 (0.0344)  loss_mal_dn_3: 1.7588 (1.7188)  loss_bbox_dn_3: 0.2413 (0.4483)  loss_giou_dn_3: 0.3772 (0.4443)  loss_fgl_dn_3: 0.9586 (1.0161)  loss_mal_dn_pre: 1.7656 (1.8561)  loss_bbox_dn_pre: 0.6588 (0.8445)  loss_giou_dn_pre: 0.9538 (0.9392)  time: 0.2454  data: 0.1321  max mem: 2550
Epoch: [72] Total time: 0:00:02 (0.2565 s / it)
Averaged stats: lr: 0.000002  loss: 44.7534 (46.8198)  loss_mal: 2.0156 (1.9934)  loss_bbox: 0.2644 (0.3946)  loss_giou: 0.3649 (0.4576)  loss_fgl: 0.8767 (0.9418)  loss_mal_aux_0: 2.8848 (2.8953)  loss_bbox_aux_0: 0.3629 (0.4588)  loss_giou_aux_0: 0.4815 (0.5336)  loss_fgl_aux_0: 0.9222 (0.9957)  loss_ddf_aux_0: 0.4916 (0.5038)  loss_mal_aux_1: 2.2344 (2.1736)  loss_bbox_aux_1: 0.2985 (0.4204)  loss_giou_aux_1: 0.3795 (0.4693)  loss_fgl_aux_1: 0.8844 (0.9445)  loss_ddf_aux_1: 0.0892 (0.0851)  loss_mal_aux_2: 1.8516 (1.8418)  loss_bbox_aux_2: 0.2540 (0.3898)  loss_giou_aux_2: 0.3660 (0.4562)  loss_fgl_aux_2: 0.8735 (0.9409)  loss_ddf_aux_2: 0.0117 (0.0124)  loss_mal_pre: 2.9473 (2.9878)  loss_bbox_pre: 0.3701 (0.4711)  loss_giou_pre: 0.4798 (0.5322)  loss_mal_enc_0: 2.8320 (3.0078)  loss_bbox_enc_0: 0.4487 (0.5690)  loss_giou_enc_0: 0.5529 (0.6551)  loss_mal_dn_0: 1.7646 (1.8146)  loss_bbox_dn_0: 0.6690 (0.8549)  loss_giou_dn_0: 0.9594 (0.9491)  loss_fgl_dn_0: 1.0959 (1.1156)  loss_ddf_dn_0: 1.3212 (1.2787)  loss_mal_dn_1: 2.2598 (2.2563)  loss_bbox_dn_1: 0.3752 (0.5446)  loss_giou_dn_1: 0.5053 (0.5626)  loss_fgl_dn_1: 1.0602 (1.0937)  loss_ddf_dn_1: 0.3060 (0.2899)  loss_mal_dn_2: 1.7100 (1.6907)  loss_bbox_dn_2: 0.2672 (0.4615)  loss_giou_dn_2: 0.3981 (0.4614)  loss_fgl_dn_2: 0.9586 (1.0130)  loss_ddf_dn_2: 0.0350 (0.0344)  loss_mal_dn_3: 1.7588 (1.7188)  loss_bbox_dn_3: 0.2413 (0.4483)  loss_giou_dn_3: 0.3772 (0.4443)  loss_fgl_dn_3: 0.9586 (1.0161)  loss_mal_dn_pre: 1.7656 (1.8561)  loss_bbox_dn_pre: 0.6588 (0.8445)  loss_giou_dn_pre: 0.9538 (0.9392)
Test:  [0/4]  eta: 0:00:01    time: 0.3944  data: 0.3613  max mem: 2550
Test:  [3/4]  eta: 0:00:00    time: 0.1187  data: 0.0923  max mem: 2550
Test: Total time: 0:00:00 (0.1376 s / it)
Averaged stats: 
Accumulating evaluation results...
COCOeval_opt.accumulate() finished...
DONE (t=0.00s).
IoU metric: bbox
 Average Precision  (AP) @[ IoU=0.50:0.95 | area=   all | maxDets=100 ] = 0.566
 Average Precision  (AP) @[ IoU=0.50      | area=   all | maxDets=100 ] = 0.638
 Average Precision  (AP) @[ IoU=0.75      | area=   all | maxDets=100 ] = 0.586
 Average Precision  (AP) @[ IoU=0.50:0.95 | area= small | maxDets=100 ] = -1.000
 Average Precision  (AP) @[ IoU=0.50:0.95 | area=medium | maxDets=100 ] = -1.000
 Average Precision  (AP) @[ IoU=0.50:0.95 | area= large | maxDets=100 ] = 0.566
 Average Recall     (AR) @[ IoU=0.50:0.95 | area=   all | maxDets=  1 ] = 0.767
 Average Recall     (AR) @[ IoU=0.50:0.95 | area=   all | maxDets= 10 ] = 0.850
 Average Recall     (AR) @[ IoU=0.50:0.95 | area=   all | maxDets=100 ] = 0.923
 Average Recall     (AR) @[ IoU=0.50:0.95 | area= small | maxDets=100 ] = -1.000
 Average Recall     (AR) @[ IoU=0.50:0.95 | area=medium | maxDets=100 ] = -1.000
 Average Recall     (AR) @[ IoU=0.50:0.95 | area= large | maxDets=100 ] = 0.923
 Average Recall     (AR) @[ IoU=0.50      | area=   all | maxDets=100 ] = 1.000
 Average Recall     (AR) @[ IoU=0.75      | area=   all | maxDets=100 ] = 0.967
best_stat: {'epoch': 65, 'coco_eval_bbox': 0.5917449745694454}
Epoch: [73]  [0/8]  eta: 0:00:08  lr: 0.000002  loss: 43.1330 (43.1330)  loss_mal: 2.1230 (2.1230)  loss_bbox: 0.0645 (0.0645)  loss_giou: 0.1804 (0.1804)  loss_fgl: 0.9623 (0.9623)  loss_mal_aux_0: 3.1113 (3.1113)  loss_bbox_aux_0: 0.0964 (0.0964)  loss_giou_aux_0: 0.2490 (0.2490)  loss_fgl_aux_0: 1.0954 (1.0954)  loss_ddf_aux_0: 0.7334 (0.7334)  loss_mal_aux_1: 2.3008 (2.3008)  loss_bbox_aux_1: 0.0660 (0.0660)  loss_giou_aux_1: 0.1869 (0.1869)  loss_fgl_aux_1: 0.9704 (0.9704)  loss_ddf_aux_1: 0.0917 (0.0917)  loss_mal_aux_2: 1.9785 (1.9785)  loss_bbox_aux_2: 0.0628 (0.0628)  loss_giou_aux_2: 0.1774 (0.1774)  loss_fgl_aux_2: 0.9625 (0.9625)  loss_ddf_aux_2: 0.0113 (0.0113)  loss_mal_pre: 3.2344 (3.2344)  loss_bbox_pre: 0.0941 (0.0941)  loss_giou_pre: 0.2388 (0.2388)  loss_mal_enc_0: 3.2344 (3.2344)  loss_bbox_enc_0: 0.1371 (0.1371)  loss_giou_enc_0: 0.3863 (0.3863)  loss_mal_dn_0: 1.8496 (1.8496)  loss_bbox_dn_0: 0.4052 (0.4052)  loss_giou_dn_0: 0.9110 (0.9110)  loss_fgl_dn_0: 1.1037 (1.1037)  loss_ddf_dn_0: 1.8609 (1.8609)  loss_mal_dn_1: 2.1543 (2.1543)  loss_bbox_dn_1: 0.2190 (0.2190)  loss_giou_dn_1: 0.5236 (0.5236)  loss_fgl_dn_1: 1.1157 (1.1157)  loss_ddf_dn_1: 0.4124 (0.4124)  loss_mal_dn_2: 1.6934 (1.6934)  loss_bbox_dn_2: 0.1802 (0.1802)  loss_giou_dn_2: 0.4162 (0.4162)  loss_fgl_dn_2: 1.0050 (1.0050)  loss_ddf_dn_2: 0.0403 (0.0403)  loss_mal_dn_3: 1.7188 (1.7188)  loss_bbox_dn_3: 0.1716 (0.1716)  loss_giou_dn_3: 0.3976 (0.3976)  loss_fgl_dn_3: 1.0074 (1.0074)  loss_mal_dn_pre: 1.8838 (1.8838)  loss_bbox_dn_pre: 0.4051 (0.4051)  loss_giou_dn_pre: 0.9090 (0.9090)  time: 1.0719  data: 0.9230  max mem: 2550
Epoch: [73]  [7/8]  eta: 0:00:00  lr: 0.000002  loss: 44.3044 (45.3508)  loss_mal: 2.1738 (2.2214)  loss_bbox: 0.1154 (0.2095)  loss_giou: 0.2013 (0.2805)  loss_fgl: 0.9771 (1.0372)  loss_mal_aux_0: 2.7910 (2.9880)  loss_bbox_aux_0: 0.1989 (0.2675)  loss_giou_aux_0: 0.3729 (0.3935)  loss_fgl_aux_0: 1.0518 (1.0786)  loss_ddf_aux_0: 0.5825 (0.5779)  loss_mal_aux_1: 2.2441 (2.1881)  loss_bbox_aux_1: 0.1420 (0.2252)  loss_giou_aux_1: 0.2677 (0.3090)  loss_fgl_aux_1: 0.9683 (1.0316)  loss_ddf_aux_1: 0.0917 (0.0998)  loss_mal_aux_2: 1.9561 (1.9680)  loss_bbox_aux_2: 0.1236 (0.2105)  loss_giou_aux_2: 0.2186 (0.2850)  loss_fgl_aux_2: 0.9712 (1.0286)  loss_ddf_aux_2: 0.0134 (0.0138)  loss_mal_pre: 2.8789 (3.0764)  loss_bbox_pre: 0.2024 (0.2701)  loss_giou_pre: 0.3800 (0.3957)  loss_mal_enc_0: 3.2344 (3.2085)  loss_bbox_enc_0: 0.3287 (0.3700)  loss_giou_enc_0: 0.4840 (0.5217)  loss_mal_dn_0: 1.8496 (1.8735)  loss_bbox_dn_0: 0.6410 (0.7402)  loss_giou_dn_0: 0.8763 (0.9088)  loss_fgl_dn_0: 1.1253 (1.1281)  loss_ddf_dn_0: 1.3819 (1.4203)  loss_mal_dn_1: 2.2051 (2.1840)  loss_bbox_dn_1: 0.2849 (0.4197)  loss_giou_dn_1: 0.4477 (0.5113)  loss_fgl_dn_1: 1.1025 (1.1067)  loss_ddf_dn_1: 0.3150 (0.3203)  loss_mal_dn_2: 1.6689 (1.6218)  loss_bbox_dn_2: 0.2072 (0.3542)  loss_giou_dn_2: 0.3440 (0.4180)  loss_fgl_dn_2: 1.0048 (1.0264)  loss_ddf_dn_2: 0.0330 (0.0351)  loss_mal_dn_3: 1.7832 (1.7041)  loss_bbox_dn_3: 0.1797 (0.3394)  loss_giou_dn_3: 0.3205 (0.4012)  loss_fgl_dn_3: 1.0074 (1.0300)  loss_mal_dn_pre: 1.8838 (1.9004)  loss_bbox_dn_pre: 0.6264 (0.7423)  loss_giou_dn_pre: 0.8895 (0.9089)  time: 0.2342  data: 0.1185  max mem: 2550
Epoch: [73] Total time: 0:00:01 (0.2418 s / it)
Averaged stats: lr: 0.000002  loss: 44.3044 (45.3508)  loss_mal: 2.1738 (2.2214)  loss_bbox: 0.1154 (0.2095)  loss_giou: 0.2013 (0.2805)  loss_fgl: 0.9771 (1.0372)  loss_mal_aux_0: 2.7910 (2.9880)  loss_bbox_aux_0: 0.1989 (0.2675)  loss_giou_aux_0: 0.3729 (0.3935)  loss_fgl_aux_0: 1.0518 (1.0786)  loss_ddf_aux_0: 0.5825 (0.5779)  loss_mal_aux_1: 2.2441 (2.1881)  loss_bbox_aux_1: 0.1420 (0.2252)  loss_giou_aux_1: 0.2677 (0.3090)  loss_fgl_aux_1: 0.9683 (1.0316)  loss_ddf_aux_1: 0.0917 (0.0998)  loss_mal_aux_2: 1.9561 (1.9680)  loss_bbox_aux_2: 0.1236 (0.2105)  loss_giou_aux_2: 0.2186 (0.2850)  loss_fgl_aux_2: 0.9712 (1.0286)  loss_ddf_aux_2: 0.0134 (0.0138)  loss_mal_pre: 2.8789 (3.0764)  loss_bbox_pre: 0.2024 (0.2701)  loss_giou_pre: 0.3800 (0.3957)  loss_mal_enc_0: 3.2344 (3.2085)  loss_bbox_enc_0: 0.3287 (0.3700)  loss_giou_enc_0: 0.4840 (0.5217)  loss_mal_dn_0: 1.8496 (1.8735)  loss_bbox_dn_0: 0.6410 (0.7402)  loss_giou_dn_0: 0.8763 (0.9088)  loss_fgl_dn_0: 1.1253 (1.1281)  loss_ddf_dn_0: 1.3819 (1.4203)  loss_mal_dn_1: 2.2051 (2.1840)  loss_bbox_dn_1: 0.2849 (0.4197)  loss_giou_dn_1: 0.4477 (0.5113)  loss_fgl_dn_1: 1.1025 (1.1067)  loss_ddf_dn_1: 0.3150 (0.3203)  loss_mal_dn_2: 1.6689 (1.6218)  loss_bbox_dn_2: 0.2072 (0.3542)  loss_giou_dn_2: 0.3440 (0.4180)  loss_fgl_dn_2: 1.0048 (1.0264)  loss_ddf_dn_2: 0.0330 (0.0351)  loss_mal_dn_3: 1.7832 (1.7041)  loss_bbox_dn_3: 0.1797 (0.3394)  loss_giou_dn_3: 0.3205 (0.4012)  loss_fgl_dn_3: 1.0074 (1.0300)  loss_mal_dn_pre: 1.8838 (1.9004)  loss_bbox_dn_pre: 0.6264 (0.7423)  loss_giou_dn_pre: 0.8895 (0.9089)
Test:  [0/4]  eta: 0:00:01    time: 0.3684  data: 0.3363  max mem: 2550
Test:  [3/4]  eta: 0:00:00    time: 0.1125  data: 0.0860  max mem: 2550
Test: Total time: 0:00:00 (0.1305 s / it)
Averaged stats: 
Accumulating evaluation results...
COCOeval_opt.accumulate() finished...
DONE (t=0.00s).
IoU metric: bbox
 Average Precision  (AP) @[ IoU=0.50:0.95 | area=   all | maxDets=100 ] = 0.568
 Average Precision  (AP) @[ IoU=0.50      | area=   all | maxDets=100 ] = 0.643
 Average Precision  (AP) @[ IoU=0.75      | area=   all | maxDets=100 ] = 0.585
 Average Precision  (AP) @[ IoU=0.50:0.95 | area= small | maxDets=100 ] = -1.000
 Average Precision  (AP) @[ IoU=0.50:0.95 | area=medium | maxDets=100 ] = -1.000
 Average Precision  (AP) @[ IoU=0.50:0.95 | area= large | maxDets=100 ] = 0.568
 Average Recall     (AR) @[ IoU=0.50:0.95 | area=   all | maxDets=  1 ] = 0.737
 Average Recall     (AR) @[ IoU=0.50:0.95 | area=   all | maxDets= 10 ] = 0.833
 Average Recall     (AR) @[ IoU=0.50:0.95 | area=   all | maxDets=100 ] = 0.937
 Average Recall     (AR) @[ IoU=0.50:0.95 | area= small | maxDets=100 ] = -1.000
 Average Recall     (AR) @[ IoU=0.50:0.95 | area=medium | maxDets=100 ] = -1.000
 Average Recall     (AR) @[ IoU=0.50:0.95 | area= large | maxDets=100 ] = 0.937
 Average Recall     (AR) @[ IoU=0.50      | area=   all | maxDets=100 ] = 1.000
 Average Recall     (AR) @[ IoU=0.75      | area=   all | maxDets=100 ] = 0.967
best_stat: {'epoch': 65, 'coco_eval_bbox': 0.5917449745694454}
Epoch: [74]  [0/8]  eta: 0:00:10  lr: 0.000002  loss: 44.4084 (44.4084)  loss_mal: 2.0996 (2.0996)  loss_bbox: 0.0843 (0.0843)  loss_giou: 0.1934 (0.1934)  loss_fgl: 1.0031 (1.0031)  loss_mal_aux_0: 3.2344 (3.2344)  loss_bbox_aux_0: 0.1427 (0.1427)  loss_giou_aux_0: 0.2812 (0.2812)  loss_fgl_aux_0: 1.1244 (1.1244)  loss_ddf_aux_0: 0.7361 (0.7361)  loss_mal_aux_1: 2.2695 (2.2695)  loss_bbox_aux_1: 0.0905 (0.0905)  loss_giou_aux_1: 0.2180 (0.2180)  loss_fgl_aux_1: 1.0314 (1.0314)  loss_ddf_aux_1: 0.1115 (0.1115)  loss_mal_aux_2: 1.9395 (1.9395)  loss_bbox_aux_2: 0.0826 (0.0826)  loss_giou_aux_2: 0.1915 (0.1915)  loss_fgl_aux_2: 1.0017 (1.0017)  loss_ddf_aux_2: 0.0133 (0.0133)  loss_mal_pre: 3.3066 (3.3066)  loss_bbox_pre: 0.1346 (0.1346)  loss_giou_pre: 0.2680 (0.2680)  loss_mal_enc_0: 3.3379 (3.3379)  loss_bbox_enc_0: 0.2614 (0.2614)  loss_giou_enc_0: 0.4948 (0.4948)  loss_mal_dn_0: 1.7510 (1.7510)  loss_bbox_dn_0: 0.5854 (0.5854)  loss_giou_dn_0: 0.9936 (0.9936)  loss_fgl_dn_0: 1.0987 (1.0987)  loss_ddf_dn_0: 1.8395 (1.8395)  loss_mal_dn_1: 2.1602 (2.1602)  loss_bbox_dn_1: 0.3235 (0.3235)  loss_giou_dn_1: 0.5459 (0.5459)  loss_fgl_dn_1: 1.0569 (1.0569)  loss_ddf_dn_1: 0.4017 (0.4017)  loss_mal_dn_2: 1.6055 (1.6055)  loss_bbox_dn_2: 0.2677 (0.2677)  loss_giou_dn_2: 0.4498 (0.4498)  loss_fgl_dn_2: 0.9674 (0.9674)  loss_ddf_dn_2: 0.0405 (0.0405)  loss_mal_dn_3: 1.6699 (1.6699)  loss_bbox_dn_3: 0.2513 (0.2513)  loss_giou_dn_3: 0.4267 (0.4267)  loss_fgl_dn_3: 0.9756 (0.9756)  loss_mal_dn_pre: 1.7998 (1.7998)  loss_bbox_dn_pre: 0.5666 (0.5666)  loss_giou_dn_pre: 0.9790 (0.9790)  time: 1.2912  data: 0.9883  max mem: 2550
Epoch: [74]  [7/8]  eta: 0:00:00  lr: 0.000002  loss: 42.5589 (43.2243)  loss_mal: 2.2500 (2.2659)  loss_bbox: 0.0894 (0.1039)  loss_giou: 0.1898 (0.2024)  loss_fgl: 0.9734 (0.9915)  loss_mal_aux_0: 3.0938 (3.0684)  loss_bbox_aux_0: 0.1075 (0.1486)  loss_giou_aux_0: 0.2812 (0.2718)  loss_fgl_aux_0: 1.0894 (1.0674)  loss_ddf_aux_0: 0.5043 (0.5249)  loss_mal_aux_1: 1.9795 (2.1097)  loss_bbox_aux_1: 0.0905 (0.1087)  loss_giou_aux_1: 0.2058 (0.2116)  loss_fgl_aux_1: 0.9794 (0.9896)  loss_ddf_aux_1: 0.0772 (0.0847)  loss_mal_aux_2: 1.9395 (1.9686)  loss_bbox_aux_2: 0.0888 (0.1036)  loss_giou_aux_2: 0.1915 (0.2043)  loss_fgl_aux_2: 0.9812 (0.9928)  loss_ddf_aux_2: 0.0100 (0.0115)  loss_mal_pre: 3.2285 (3.1855)  loss_bbox_pre: 0.1090 (0.1449)  loss_giou_pre: 0.2680 (0.2673)  loss_mal_enc_0: 3.3379 (3.4060)  loss_bbox_enc_0: 0.1611 (0.2300)  loss_giou_enc_0: 0.4149 (0.4167)  loss_mal_dn_0: 1.8691 (1.9585)  loss_bbox_dn_0: 0.4603 (0.5519)  loss_giou_dn_0: 0.8508 (0.8557)  loss_fgl_dn_0: 1.1333 (1.1368)  loss_ddf_dn_0: 1.5663 (1.5896)  loss_mal_dn_1: 2.1680 (2.1670)  loss_bbox_dn_1: 0.2025 (0.2813)  loss_giou_dn_1: 0.4506 (0.4512)  loss_fgl_dn_1: 1.0145 (1.0319)  loss_ddf_dn_1: 0.3383 (0.3392)  loss_mal_dn_2: 1.6055 (1.6086)  loss_bbox_dn_2: 0.1479 (0.2171)  loss_giou_dn_2: 0.3377 (0.3518)  loss_fgl_dn_2: 0.9198 (0.9456)  loss_ddf_dn_2: 0.0349 (0.0348)  loss_mal_dn_3: 1.7305 (1.7432)  loss_bbox_dn_3: 0.1352 (0.2022)  loss_giou_dn_3: 0.3133 (0.3342)  loss_fgl_dn_3: 0.9253 (0.9452)  loss_mal_dn_pre: 1.9072 (1.9897)  loss_bbox_dn_pre: 0.4391 (0.5515)  loss_giou_dn_pre: 0.8578 (0.8569)  time: 0.2979  data: 0.1661  max mem: 2550
Epoch: [74] Total time: 0:00:02 (0.3059 s / it)
Averaged stats: lr: 0.000002  loss: 42.5589 (43.2243)  loss_mal: 2.2500 (2.2659)  loss_bbox: 0.0894 (0.1039)  loss_giou: 0.1898 (0.2024)  loss_fgl: 0.9734 (0.9915)  loss_mal_aux_0: 3.0938 (3.0684)  loss_bbox_aux_0: 0.1075 (0.1486)  loss_giou_aux_0: 0.2812 (0.2718)  loss_fgl_aux_0: 1.0894 (1.0674)  loss_ddf_aux_0: 0.5043 (0.5249)  loss_mal_aux_1: 1.9795 (2.1097)  loss_bbox_aux_1: 0.0905 (0.1087)  loss_giou_aux_1: 0.2058 (0.2116)  loss_fgl_aux_1: 0.9794 (0.9896)  loss_ddf_aux_1: 0.0772 (0.0847)  loss_mal_aux_2: 1.9395 (1.9686)  loss_bbox_aux_2: 0.0888 (0.1036)  loss_giou_aux_2: 0.1915 (0.2043)  loss_fgl_aux_2: 0.9812 (0.9928)  loss_ddf_aux_2: 0.0100 (0.0115)  loss_mal_pre: 3.2285 (3.1855)  loss_bbox_pre: 0.1090 (0.1449)  loss_giou_pre: 0.2680 (0.2673)  loss_mal_enc_0: 3.3379 (3.4060)  loss_bbox_enc_0: 0.1611 (0.2300)  loss_giou_enc_0: 0.4149 (0.4167)  loss_mal_dn_0: 1.8691 (1.9585)  loss_bbox_dn_0: 0.4603 (0.5519)  loss_giou_dn_0: 0.8508 (0.8557)  loss_fgl_dn_0: 1.1333 (1.1368)  loss_ddf_dn_0: 1.5663 (1.5896)  loss_mal_dn_1: 2.1680 (2.1670)  loss_bbox_dn_1: 0.2025 (0.2813)  loss_giou_dn_1: 0.4506 (0.4512)  loss_fgl_dn_1: 1.0145 (1.0319)  loss_ddf_dn_1: 0.3383 (0.3392)  loss_mal_dn_2: 1.6055 (1.6086)  loss_bbox_dn_2: 0.1479 (0.2171)  loss_giou_dn_2: 0.3377 (0.3518)  loss_fgl_dn_2: 0.9198 (0.9456)  loss_ddf_dn_2: 0.0349 (0.0348)  loss_mal_dn_3: 1.7305 (1.7432)  loss_bbox_dn_3: 0.1352 (0.2022)  loss_giou_dn_3: 0.3133 (0.3342)  loss_fgl_dn_3: 0.9253 (0.9452)  loss_mal_dn_pre: 1.9072 (1.9897)  loss_bbox_dn_pre: 0.4391 (0.5515)  loss_giou_dn_pre: 0.8578 (0.8569)
Test:  [0/4]  eta: 0:00:01    time: 0.3663  data: 0.3340  max mem: 2550
Test:  [3/4]  eta: 0:00:00    time: 0.1114  data: 0.0856  max mem: 2550
Test: Total time: 0:00:00 (0.1320 s / it)
Averaged stats: 
Accumulating evaluation results...
COCOeval_opt.accumulate() finished...
DONE (t=0.00s).
IoU metric: bbox
 Average Precision  (AP) @[ IoU=0.50:0.95 | area=   all | maxDets=100 ] = 0.565
 Average Precision  (AP) @[ IoU=0.50      | area=   all | maxDets=100 ] = 0.643
 Average Precision  (AP) @[ IoU=0.75      | area=   all | maxDets=100 ] = 0.579
 Average Precision  (AP) @[ IoU=0.50:0.95 | area= small | maxDets=100 ] = -1.000
 Average Precision  (AP) @[ IoU=0.50:0.95 | area=medium | maxDets=100 ] = -1.000
 Average Precision  (AP) @[ IoU=0.50:0.95 | area= large | maxDets=100 ] = 0.565
 Average Recall     (AR) @[ IoU=0.50:0.95 | area=   all | maxDets=  1 ] = 0.703
 Average Recall     (AR) @[ IoU=0.50:0.95 | area=   all | maxDets= 10 ] = 0.840
 Average Recall     (AR) @[ IoU=0.50:0.95 | area=   all | maxDets=100 ] = 0.937
 Average Recall     (AR) @[ IoU=0.50:0.95 | area= small | maxDets=100 ] = -1.000
 Average Recall     (AR) @[ IoU=0.50:0.95 | area=medium | maxDets=100 ] = -1.000
 Average Recall     (AR) @[ IoU=0.50:0.95 | area= large | maxDets=100 ] = 0.937
 Average Recall     (AR) @[ IoU=0.50      | area=   all | maxDets=100 ] = 1.000
 Average Recall     (AR) @[ IoU=0.75      | area=   all | maxDets=100 ] = 0.967
best_stat: {'epoch': 65, 'coco_eval_bbox': 0.5917449745694454}
Epoch: [75]  [0/8]  eta: 0:00:08  lr: 0.000002  loss: 42.8875 (42.8875)  loss_mal: 2.2520 (2.2520)  loss_bbox: 0.1001 (0.1001)  loss_giou: 0.1980 (0.1980)  loss_fgl: 0.9875 (0.9875)  loss_mal_aux_0: 3.0215 (3.0215)  loss_bbox_aux_0: 0.1083 (0.1083)  loss_giou_aux_0: 0.2950 (0.2950)  loss_fgl_aux_0: 1.0905 (1.0905)  loss_ddf_aux_0: 0.5283 (0.5283)  loss_mal_aux_1: 2.0703 (2.0703)  loss_bbox_aux_1: 0.1144 (0.1144)  loss_giou_aux_1: 0.2152 (0.2152)  loss_fgl_aux_1: 1.0071 (1.0071)  loss_ddf_aux_1: 0.0759 (0.0759)  loss_mal_aux_2: 1.9590 (1.9590)  loss_bbox_aux_2: 0.1040 (0.1040)  loss_giou_aux_2: 0.2034 (0.2034)  loss_fgl_aux_2: 0.9890 (0.9890)  loss_ddf_aux_2: 0.0100 (0.0100)  loss_mal_pre: 3.1426 (3.1426)  loss_bbox_pre: 0.1097 (0.1097)  loss_giou_pre: 0.2987 (0.2987)  loss_mal_enc_0: 3.4082 (3.4082)  loss_bbox_enc_0: 0.2902 (0.2902)  loss_giou_enc_0: 0.4900 (0.4900)  loss_mal_dn_0: 2.1250 (2.1250)  loss_bbox_dn_0: 0.3827 (0.3827)  loss_giou_dn_0: 0.7435 (0.7435)  loss_fgl_dn_0: 1.1861 (1.1861)  loss_ddf_dn_0: 1.8420 (1.8420)  loss_mal_dn_1: 2.0801 (2.0801)  loss_bbox_dn_1: 0.1785 (0.1785)  loss_giou_dn_1: 0.3743 (0.3743)  loss_fgl_dn_1: 1.0841 (1.0841)  loss_ddf_dn_1: 0.3677 (0.3677)  loss_mal_dn_2: 1.5908 (1.5908)  loss_bbox_dn_2: 0.1315 (0.1315)  loss_giou_dn_2: 0.2816 (0.2816)  loss_fgl_dn_2: 0.9783 (0.9783)  loss_ddf_dn_2: 0.0329 (0.0329)  loss_mal_dn_3: 1.7842 (1.7842)  loss_bbox_dn_3: 0.1252 (0.1252)  loss_giou_dn_3: 0.2727 (0.2727)  loss_fgl_dn_3: 0.9732 (0.9732)  loss_mal_dn_pre: 2.1738 (2.1738)  loss_bbox_dn_pre: 0.3685 (0.3685)  loss_giou_dn_pre: 0.7420 (0.7420)  time: 1.0243  data: 0.8808  max mem: 2550
Epoch: [75]  [7/8]  eta: 0:00:00  lr: 0.000002  loss: 42.8875 (43.3926)  loss_mal: 2.1719 (2.2791)  loss_bbox: 0.0798 (0.1319)  loss_giou: 0.1980 (0.2230)  loss_fgl: 0.9875 (1.0295)  loss_mal_aux_0: 3.0215 (3.0110)  loss_bbox_aux_0: 0.0989 (0.1615)  loss_giou_aux_0: 0.2858 (0.2802)  loss_fgl_aux_0: 1.0905 (1.0921)  loss_ddf_aux_0: 0.5031 (0.5655)  loss_mal_aux_1: 1.9355 (1.9677)  loss_bbox_aux_1: 0.0786 (0.1302)  loss_giou_aux_1: 0.2152 (0.2235)  loss_fgl_aux_1: 1.0071 (1.0335)  loss_ddf_aux_1: 0.0803 (0.0849)  loss_mal_aux_2: 1.8857 (1.9106)  loss_bbox_aux_2: 0.0803 (0.1304)  loss_giou_aux_2: 0.2034 (0.2227)  loss_fgl_aux_2: 0.9890 (1.0280)  loss_ddf_aux_2: 0.0101 (0.0109)  loss_mal_pre: 3.1426 (3.1235)  loss_bbox_pre: 0.0985 (0.1634)  loss_giou_pre: 0.2829 (0.2810)  loss_mal_enc_0: 3.4062 (3.3635)  loss_bbox_enc_0: 0.1789 (0.2743)  loss_giou_enc_0: 0.4201 (0.4294)  loss_mal_dn_0: 2.0156 (1.9812)  loss_bbox_dn_0: 0.4465 (0.6097)  loss_giou_dn_0: 0.7783 (0.8338)  loss_fgl_dn_0: 1.1468 (1.1462)  loss_ddf_dn_0: 1.7416 (1.6478)  loss_mal_dn_1: 2.0801 (2.0829)  loss_bbox_dn_1: 0.1979 (0.2871)  loss_giou_dn_1: 0.3863 (0.4307)  loss_fgl_dn_1: 1.0596 (1.0775)  loss_ddf_dn_1: 0.3580 (0.3459)  loss_mal_dn_2: 1.5371 (1.5370)  loss_bbox_dn_2: 0.1426 (0.2236)  loss_giou_dn_2: 0.2843 (0.3368)  loss_fgl_dn_2: 0.9412 (0.9757)  loss_ddf_dn_2: 0.0329 (0.0332)  loss_mal_dn_3: 1.7109 (1.7183)  loss_bbox_dn_3: 0.1346 (0.2117)  loss_giou_dn_3: 0.2727 (0.3220)  loss_fgl_dn_3: 0.9421 (0.9751)  loss_mal_dn_pre: 2.0410 (1.9993)  loss_bbox_dn_pre: 0.4315 (0.6241)  loss_giou_dn_pre: 0.7904 (0.8420)  time: 0.2421  data: 0.1255  max mem: 2550
Epoch: [75] Total time: 0:00:02 (0.2524 s / it)
Averaged stats: lr: 0.000002  loss: 42.8875 (43.3926)  loss_mal: 2.1719 (2.2791)  loss_bbox: 0.0798 (0.1319)  loss_giou: 0.1980 (0.2230)  loss_fgl: 0.9875 (1.0295)  loss_mal_aux_0: 3.0215 (3.0110)  loss_bbox_aux_0: 0.0989 (0.1615)  loss_giou_aux_0: 0.2858 (0.2802)  loss_fgl_aux_0: 1.0905 (1.0921)  loss_ddf_aux_0: 0.5031 (0.5655)  loss_mal_aux_1: 1.9355 (1.9677)  loss_bbox_aux_1: 0.0786 (0.1302)  loss_giou_aux_1: 0.2152 (0.2235)  loss_fgl_aux_1: 1.0071 (1.0335)  loss_ddf_aux_1: 0.0803 (0.0849)  loss_mal_aux_2: 1.8857 (1.9106)  loss_bbox_aux_2: 0.0803 (0.1304)  loss_giou_aux_2: 0.2034 (0.2227)  loss_fgl_aux_2: 0.9890 (1.0280)  loss_ddf_aux_2: 0.0101 (0.0109)  loss_mal_pre: 3.1426 (3.1235)  loss_bbox_pre: 0.0985 (0.1634)  loss_giou_pre: 0.2829 (0.2810)  loss_mal_enc_0: 3.4062 (3.3635)  loss_bbox_enc_0: 0.1789 (0.2743)  loss_giou_enc_0: 0.4201 (0.4294)  loss_mal_dn_0: 2.0156 (1.9812)  loss_bbox_dn_0: 0.4465 (0.6097)  loss_giou_dn_0: 0.7783 (0.8338)  loss_fgl_dn_0: 1.1468 (1.1462)  loss_ddf_dn_0: 1.7416 (1.6478)  loss_mal_dn_1: 2.0801 (2.0829)  loss_bbox_dn_1: 0.1979 (0.2871)  loss_giou_dn_1: 0.3863 (0.4307)  loss_fgl_dn_1: 1.0596 (1.0775)  loss_ddf_dn_1: 0.3580 (0.3459)  loss_mal_dn_2: 1.5371 (1.5370)  loss_bbox_dn_2: 0.1426 (0.2236)  loss_giou_dn_2: 0.2843 (0.3368)  loss_fgl_dn_2: 0.9412 (0.9757)  loss_ddf_dn_2: 0.0329 (0.0332)  loss_mal_dn_3: 1.7109 (1.7183)  loss_bbox_dn_3: 0.1346 (0.2117)  loss_giou_dn_3: 0.2727 (0.3220)  loss_fgl_dn_3: 0.9421 (0.9751)  loss_mal_dn_pre: 2.0410 (1.9993)  loss_bbox_dn_pre: 0.4315 (0.6241)  loss_giou_dn_pre: 0.7904 (0.8420)
Test:  [0/4]  eta: 0:00:01    time: 0.3732  data: 0.3400  max mem: 2550
Test:  [3/4]  eta: 0:00:00    time: 0.1138  data: 0.0870  max mem: 2550
Test: Total time: 0:00:00 (0.1293 s / it)
Averaged stats: 
Accumulating evaluation results...
COCOeval_opt.accumulate() finished...
DONE (t=0.00s).
IoU metric: bbox
 Average Precision  (AP) @[ IoU=0.50:0.95 | area=   all | maxDets=100 ] = 0.586
 Average Precision  (AP) @[ IoU=0.50      | area=   all | maxDets=100 ] = 0.672
 Average Precision  (AP) @[ IoU=0.75      | area=   all | maxDets=100 ] = 0.611
 Average Precision  (AP) @[ IoU=0.50:0.95 | area= small | maxDets=100 ] = -1.000
 Average Precision  (AP) @[ IoU=0.50:0.95 | area=medium | maxDets=100 ] = -1.000
 Average Precision  (AP) @[ IoU=0.50:0.95 | area= large | maxDets=100 ] = 0.586
 Average Recall     (AR) @[ IoU=0.50:0.95 | area=   all | maxDets=  1 ] = 0.697
 Average Recall     (AR) @[ IoU=0.50:0.95 | area=   all | maxDets= 10 ] = 0.880
 Average Recall     (AR) @[ IoU=0.50:0.95 | area=   all | maxDets=100 ] = 0.927
 Average Recall     (AR) @[ IoU=0.50:0.95 | area= small | maxDets=100 ] = -1.000
 Average Recall     (AR) @[ IoU=0.50:0.95 | area=medium | maxDets=100 ] = -1.000
 Average Recall     (AR) @[ IoU=0.50:0.95 | area= large | maxDets=100 ] = 0.927
 Average Recall     (AR) @[ IoU=0.50      | area=   all | maxDets=100 ] = 1.000
 Average Recall     (AR) @[ IoU=0.75      | area=   all | maxDets=100 ] = 0.967
best_stat: {'epoch': 65, 'coco_eval_bbox': 0.5917449745694454}
Epoch: [76]  [0/8]  eta: 0:00:06  lr: 0.000002  loss: 47.4918 (47.4918)  loss_mal: 2.1211 (2.1211)  loss_bbox: 0.2812 (0.2812)  loss_giou: 0.2872 (0.2872)  loss_fgl: 1.3241 (1.3241)  loss_mal_aux_0: 2.9648 (2.9648)  loss_bbox_aux_0: 0.3538 (0.3538)  loss_giou_aux_0: 0.3892 (0.3892)  loss_fgl_aux_0: 1.2829 (1.2829)  loss_ddf_aux_0: 0.6916 (0.6916)  loss_mal_aux_1: 1.9248 (1.9248)  loss_bbox_aux_1: 0.2925 (0.2925)  loss_giou_aux_1: 0.3008 (0.3008)  loss_fgl_aux_1: 1.2924 (1.2924)  loss_ddf_aux_1: 0.0949 (0.0949)  loss_mal_aux_2: 1.8730 (1.8730)  loss_bbox_aux_2: 0.2837 (0.2837)  loss_giou_aux_2: 0.2852 (0.2852)  loss_fgl_aux_2: 1.3109 (1.3109)  loss_ddf_aux_2: 0.0149 (0.0149)  loss_mal_pre: 2.9883 (2.9883)  loss_bbox_pre: 0.3606 (0.3606)  loss_giou_pre: 0.3952 (0.3952)  loss_mal_enc_0: 3.1094 (3.1094)  loss_bbox_enc_0: 0.4412 (0.4412)  loss_giou_enc_0: 0.5135 (0.5135)  loss_mal_dn_0: 1.7383 (1.7383)  loss_bbox_dn_0: 0.9494 (0.9494)  loss_giou_dn_0: 0.9720 (0.9720)  loss_fgl_dn_0: 1.1361 (1.1361)  loss_ddf_dn_0: 1.7883 (1.7883)  loss_mal_dn_1: 1.8174 (1.8174)  loss_bbox_dn_1: 0.6437 (0.6437)  loss_giou_dn_1: 0.6336 (0.6336)  loss_fgl_dn_1: 1.1834 (1.1834)  loss_ddf_dn_1: 0.3520 (0.3520)  loss_mal_dn_2: 1.4258 (1.4258)  loss_bbox_dn_2: 0.5569 (0.5569)  loss_giou_dn_2: 0.5365 (0.5365)  loss_fgl_dn_2: 1.1194 (1.1194)  loss_ddf_dn_2: 0.0421 (0.0421)  loss_mal_dn_3: 1.5234 (1.5234)  loss_bbox_dn_3: 0.5537 (0.5537)  loss_giou_dn_3: 0.5263 (0.5263)  loss_fgl_dn_3: 1.1353 (1.1353)  loss_mal_dn_pre: 1.7559 (1.7559)  loss_bbox_dn_pre: 0.9498 (0.9498)  loss_giou_dn_pre: 0.9754 (0.9754)  time: 0.8495  data: 0.7017  max mem: 2550
Epoch: [76]  [7/8]  eta: 0:00:00  lr: 0.000002  loss: 42.9502 (43.7352)  loss_mal: 2.1387 (2.2278)  loss_bbox: 0.0893 (0.1238)  loss_giou: 0.2014 (0.1995)  loss_fgl: 1.0465 (1.0551)  loss_mal_aux_0: 3.0586 (3.0671)  loss_bbox_aux_0: 0.1147 (0.1634)  loss_giou_aux_0: 0.2444 (0.2660)  loss_fgl_aux_0: 1.1212 (1.1338)  loss_ddf_aux_0: 0.5616 (0.6123)  loss_mal_aux_1: 1.8584 (1.8801)  loss_bbox_aux_1: 0.0929 (0.1264)  loss_giou_aux_1: 0.1942 (0.2035)  loss_fgl_aux_1: 1.0346 (1.0491)  loss_ddf_aux_1: 0.0869 (0.0915)  loss_mal_aux_2: 1.8770 (1.9294)  loss_bbox_aux_2: 0.0841 (0.1233)  loss_giou_aux_2: 0.1985 (0.1987)  loss_fgl_aux_2: 1.0496 (1.0557)  loss_ddf_aux_2: 0.0097 (0.0110)  loss_mal_pre: 3.2168 (3.1863)  loss_bbox_pre: 0.1143 (0.1618)  loss_giou_pre: 0.2416 (0.2644)  loss_mal_enc_0: 3.3887 (3.3845)  loss_bbox_enc_0: 0.1783 (0.2475)  loss_giou_enc_0: 0.3665 (0.4071)  loss_mal_dn_0: 1.7959 (1.8654)  loss_bbox_dn_0: 0.6078 (0.6783)  loss_giou_dn_0: 0.9208 (0.8917)  loss_fgl_dn_0: 1.1361 (1.1307)  loss_ddf_dn_0: 1.8271 (1.8540)  loss_mal_dn_1: 1.9570 (1.9377)  loss_bbox_dn_1: 0.2791 (0.3448)  loss_giou_dn_1: 0.4309 (0.4745)  loss_fgl_dn_1: 1.0797 (1.0876)  loss_ddf_dn_1: 0.3975 (0.3893)  loss_mal_dn_2: 1.5391 (1.5271)  loss_bbox_dn_2: 0.2158 (0.2653)  loss_giou_dn_2: 0.3455 (0.3664)  loss_fgl_dn_2: 0.9796 (0.9905)  loss_ddf_dn_2: 0.0339 (0.0356)  loss_mal_dn_3: 1.6641 (1.6763)  loss_bbox_dn_3: 0.1988 (0.2519)  loss_giou_dn_3: 0.3262 (0.3487)  loss_fgl_dn_3: 0.9824 (0.9912)  loss_mal_dn_pre: 1.8223 (1.9008)  loss_bbox_dn_pre: 0.5859 (0.6672)  loss_giou_dn_pre: 0.9141 (0.8912)  time: 0.2605  data: 0.1424  max mem: 2550
Epoch: [76] Total time: 0:00:02 (0.2697 s / it)
Averaged stats: lr: 0.000002  loss: 42.9502 (43.7352)  loss_mal: 2.1387 (2.2278)  loss_bbox: 0.0893 (0.1238)  loss_giou: 0.2014 (0.1995)  loss_fgl: 1.0465 (1.0551)  loss_mal_aux_0: 3.0586 (3.0671)  loss_bbox_aux_0: 0.1147 (0.1634)  loss_giou_aux_0: 0.2444 (0.2660)  loss_fgl_aux_0: 1.1212 (1.1338)  loss_ddf_aux_0: 0.5616 (0.6123)  loss_mal_aux_1: 1.8584 (1.8801)  loss_bbox_aux_1: 0.0929 (0.1264)  loss_giou_aux_1: 0.1942 (0.2035)  loss_fgl_aux_1: 1.0346 (1.0491)  loss_ddf_aux_1: 0.0869 (0.0915)  loss_mal_aux_2: 1.8770 (1.9294)  loss_bbox_aux_2: 0.0841 (0.1233)  loss_giou_aux_2: 0.1985 (0.1987)  loss_fgl_aux_2: 1.0496 (1.0557)  loss_ddf_aux_2: 0.0097 (0.0110)  loss_mal_pre: 3.2168 (3.1863)  loss_bbox_pre: 0.1143 (0.1618)  loss_giou_pre: 0.2416 (0.2644)  loss_mal_enc_0: 3.3887 (3.3845)  loss_bbox_enc_0: 0.1783 (0.2475)  loss_giou_enc_0: 0.3665 (0.4071)  loss_mal_dn_0: 1.7959 (1.8654)  loss_bbox_dn_0: 0.6078 (0.6783)  loss_giou_dn_0: 0.9208 (0.8917)  loss_fgl_dn_0: 1.1361 (1.1307)  loss_ddf_dn_0: 1.8271 (1.8540)  loss_mal_dn_1: 1.9570 (1.9377)  loss_bbox_dn_1: 0.2791 (0.3448)  loss_giou_dn_1: 0.4309 (0.4745)  loss_fgl_dn_1: 1.0797 (1.0876)  loss_ddf_dn_1: 0.3975 (0.3893)  loss_mal_dn_2: 1.5391 (1.5271)  loss_bbox_dn_2: 0.2158 (0.2653)  loss_giou_dn_2: 0.3455 (0.3664)  loss_fgl_dn_2: 0.9796 (0.9905)  loss_ddf_dn_2: 0.0339 (0.0356)  loss_mal_dn_3: 1.6641 (1.6763)  loss_bbox_dn_3: 0.1988 (0.2519)  loss_giou_dn_3: 0.3262 (0.3487)  loss_fgl_dn_3: 0.9824 (0.9912)  loss_mal_dn_pre: 1.8223 (1.9008)  loss_bbox_dn_pre: 0.5859 (0.6672)  loss_giou_dn_pre: 0.9141 (0.8912)
Test:  [0/4]  eta: 0:00:01    time: 0.3725  data: 0.3409  max mem: 2550
Test:  [3/4]  eta: 0:00:00    time: 0.1130  data: 0.0872  max mem: 2550
Test: Total time: 0:00:00 (0.1315 s / it)
Averaged stats: 
Accumulating evaluation results...
COCOeval_opt.accumulate() finished...
DONE (t=0.00s).
IoU metric: bbox
 Average Precision  (AP) @[ IoU=0.50:0.95 | area=   all | maxDets=100 ] = 0.557
 Average Precision  (AP) @[ IoU=0.50      | area=   all | maxDets=100 ] = 0.636
 Average Precision  (AP) @[ IoU=0.75      | area=   all | maxDets=100 ] = 0.589
 Average Precision  (AP) @[ IoU=0.50:0.95 | area= small | maxDets=100 ] = -1.000
 Average Precision  (AP) @[ IoU=0.50:0.95 | area=medium | maxDets=100 ] = -1.000
 Average Precision  (AP) @[ IoU=0.50:0.95 | area= large | maxDets=100 ] = 0.557
 Average Recall     (AR) @[ IoU=0.50:0.95 | area=   all | maxDets=  1 ] = 0.727
 Average Recall     (AR) @[ IoU=0.50:0.95 | area=   all | maxDets= 10 ] = 0.850
 Average Recall     (AR) @[ IoU=0.50:0.95 | area=   all | maxDets=100 ] = 0.930
 Average Recall     (AR) @[ IoU=0.50:0.95 | area= small | maxDets=100 ] = -1.000
 Average Recall     (AR) @[ IoU=0.50:0.95 | area=medium | maxDets=100 ] = -1.000
 Average Recall     (AR) @[ IoU=0.50:0.95 | area= large | maxDets=100 ] = 0.930
 Average Recall     (AR) @[ IoU=0.50      | area=   all | maxDets=100 ] = 1.000
 Average Recall     (AR) @[ IoU=0.75      | area=   all | maxDets=100 ] = 0.967
best_stat: {'epoch': 65, 'coco_eval_bbox': 0.5917449745694454}
Epoch: [77]  [0/8]  eta: 0:00:08  lr: 0.000002  loss: 43.6757 (43.6757)  loss_mal: 2.0859 (2.0859)  loss_bbox: 0.0871 (0.0871)  loss_giou: 0.1924 (0.1924)  loss_fgl: 1.1010 (1.1010)  loss_mal_aux_0: 3.1074 (3.1074)  loss_bbox_aux_0: 0.1571 (0.1571)  loss_giou_aux_0: 0.3137 (0.3137)  loss_fgl_aux_0: 1.0752 (1.0752)  loss_ddf_aux_0: 0.8863 (0.8863)  loss_mal_aux_1: 1.8154 (1.8154)  loss_bbox_aux_1: 0.1076 (0.1076)  loss_giou_aux_1: 0.2232 (0.2232)  loss_fgl_aux_1: 1.1036 (1.1036)  loss_ddf_aux_1: 0.1168 (0.1168)  loss_mal_aux_2: 1.8770 (1.8770)  loss_bbox_aux_2: 0.0872 (0.0872)  loss_giou_aux_2: 0.1928 (0.1928)  loss_fgl_aux_2: 1.0856 (1.0856)  loss_ddf_aux_2: 0.0119 (0.0119)  loss_mal_pre: 3.1914 (3.1914)  loss_bbox_pre: 0.1564 (0.1564)  loss_giou_pre: 0.3122 (0.3122)  loss_mal_enc_0: 3.3691 (3.3691)  loss_bbox_enc_0: 0.2298 (0.2298)  loss_giou_enc_0: 0.5252 (0.5252)  loss_mal_dn_0: 1.8584 (1.8584)  loss_bbox_dn_0: 0.3933 (0.3933)  loss_giou_dn_0: 0.8862 (0.8862)  loss_fgl_dn_0: 1.1071 (1.1071)  loss_ddf_dn_0: 2.4633 (2.4633)  loss_mal_dn_1: 1.8564 (1.8564)  loss_bbox_dn_1: 0.2075 (0.2075)  loss_giou_dn_1: 0.4833 (0.4833)  loss_fgl_dn_1: 1.1380 (1.1380)  loss_ddf_dn_1: 0.5352 (0.5352)  loss_mal_dn_2: 1.5234 (1.5234)  loss_bbox_dn_2: 0.1462 (0.1462)  loss_giou_dn_2: 0.3476 (0.3476)  loss_fgl_dn_2: 0.9877 (0.9877)  loss_ddf_dn_2: 0.0428 (0.0428)  loss_mal_dn_3: 1.6553 (1.6553)  loss_bbox_dn_3: 0.1434 (0.1434)  loss_giou_dn_3: 0.3384 (0.3384)  loss_fgl_dn_3: 0.9923 (0.9923)  loss_mal_dn_pre: 1.8799 (1.8799)  loss_bbox_dn_pre: 0.3874 (0.3874)  loss_giou_dn_pre: 0.8914 (0.8914)  time: 1.0477  data: 0.8985  max mem: 2550
Epoch: [77]  [7/8]  eta: 0:00:00  lr: 0.000002  loss: 41.7240 (42.9102)  loss_mal: 2.0508 (2.1600)  loss_bbox: 0.0972 (0.1405)  loss_giou: 0.1924 (0.2260)  loss_fgl: 0.9874 (1.0264)  loss_mal_aux_0: 2.9375 (2.9717)  loss_bbox_aux_0: 0.1571 (0.1742)  loss_giou_aux_0: 0.3020 (0.2932)  loss_fgl_aux_0: 1.0752 (1.0904)  loss_ddf_aux_0: 0.6291 (0.6323)  loss_mal_aux_1: 1.7188 (1.6970)  loss_bbox_aux_1: 0.1076 (0.1432)  loss_giou_aux_1: 0.2232 (0.2346)  loss_fgl_aux_1: 1.0181 (1.0358)  loss_ddf_aux_1: 0.0852 (0.0876)  loss_mal_aux_2: 1.8203 (1.8638)  loss_bbox_aux_2: 0.0917 (0.1404)  loss_giou_aux_2: 0.1928 (0.2267)  loss_fgl_aux_2: 0.9860 (1.0238)  loss_ddf_aux_2: 0.0091 (0.0095)  loss_mal_pre: 3.1113 (3.0898)  loss_bbox_pre: 0.1564 (0.1780)  loss_giou_pre: 0.3122 (0.2931)  loss_mal_enc_0: 3.3477 (3.3572)  loss_bbox_enc_0: 0.2298 (0.2488)  loss_giou_enc_0: 0.4239 (0.4278)  loss_mal_dn_0: 1.8584 (1.9426)  loss_bbox_dn_0: 0.4086 (0.5886)  loss_giou_dn_0: 0.8203 (0.8322)  loss_fgl_dn_0: 1.1320 (1.1474)  loss_ddf_dn_0: 1.8574 (1.8378)  loss_mal_dn_1: 1.8564 (1.8713)  loss_bbox_dn_1: 0.2389 (0.3147)  loss_giou_dn_1: 0.4233 (0.4499)  loss_fgl_dn_1: 1.0861 (1.0808)  loss_ddf_dn_1: 0.3725 (0.3836)  loss_mal_dn_2: 1.5078 (1.4749)  loss_bbox_dn_2: 0.1822 (0.2469)  loss_giou_dn_2: 0.3133 (0.3447)  loss_fgl_dn_2: 0.9877 (0.9785)  loss_ddf_dn_2: 0.0272 (0.0327)  loss_mal_dn_3: 1.6553 (1.6555)  loss_bbox_dn_3: 0.1807 (0.2389)  loss_giou_dn_3: 0.3033 (0.3337)  loss_fgl_dn_3: 0.9873 (0.9798)  loss_mal_dn_pre: 1.8799 (1.9763)  loss_bbox_dn_pre: 0.4176 (0.5903)  loss_giou_dn_pre: 0.8384 (0.8368)  time: 0.2355  data: 0.1154  max mem: 2550
Epoch: [77] Total time: 0:00:01 (0.2447 s / it)
Averaged stats: lr: 0.000002  loss: 41.7240 (42.9102)  loss_mal: 2.0508 (2.1600)  loss_bbox: 0.0972 (0.1405)  loss_giou: 0.1924 (0.2260)  loss_fgl: 0.9874 (1.0264)  loss_mal_aux_0: 2.9375 (2.9717)  loss_bbox_aux_0: 0.1571 (0.1742)  loss_giou_aux_0: 0.3020 (0.2932)  loss_fgl_aux_0: 1.0752 (1.0904)  loss_ddf_aux_0: 0.6291 (0.6323)  loss_mal_aux_1: 1.7188 (1.6970)  loss_bbox_aux_1: 0.1076 (0.1432)  loss_giou_aux_1: 0.2232 (0.2346)  loss_fgl_aux_1: 1.0181 (1.0358)  loss_ddf_aux_1: 0.0852 (0.0876)  loss_mal_aux_2: 1.8203 (1.8638)  loss_bbox_aux_2: 0.0917 (0.1404)  loss_giou_aux_2: 0.1928 (0.2267)  loss_fgl_aux_2: 0.9860 (1.0238)  loss_ddf_aux_2: 0.0091 (0.0095)  loss_mal_pre: 3.1113 (3.0898)  loss_bbox_pre: 0.1564 (0.1780)  loss_giou_pre: 0.3122 (0.2931)  loss_mal_enc_0: 3.3477 (3.3572)  loss_bbox_enc_0: 0.2298 (0.2488)  loss_giou_enc_0: 0.4239 (0.4278)  loss_mal_dn_0: 1.8584 (1.9426)  loss_bbox_dn_0: 0.4086 (0.5886)  loss_giou_dn_0: 0.8203 (0.8322)  loss_fgl_dn_0: 1.1320 (1.1474)  loss_ddf_dn_0: 1.8574 (1.8378)  loss_mal_dn_1: 1.8564 (1.8713)  loss_bbox_dn_1: 0.2389 (0.3147)  loss_giou_dn_1: 0.4233 (0.4499)  loss_fgl_dn_1: 1.0861 (1.0808)  loss_ddf_dn_1: 0.3725 (0.3836)  loss_mal_dn_2: 1.5078 (1.4749)  loss_bbox_dn_2: 0.1822 (0.2469)  loss_giou_dn_2: 0.3133 (0.3447)  loss_fgl_dn_2: 0.9877 (0.9785)  loss_ddf_dn_2: 0.0272 (0.0327)  loss_mal_dn_3: 1.6553 (1.6555)  loss_bbox_dn_3: 0.1807 (0.2389)  loss_giou_dn_3: 0.3033 (0.3337)  loss_fgl_dn_3: 0.9873 (0.9798)  loss_mal_dn_pre: 1.8799 (1.9763)  loss_bbox_dn_pre: 0.4176 (0.5903)  loss_giou_dn_pre: 0.8384 (0.8368)
Test:  [0/4]  eta: 0:00:02    time: 0.5191  data: 0.3555  max mem: 2550
Test:  [3/4]  eta: 0:00:00    time: 0.1497  data: 0.0909  max mem: 2550
Test: Total time: 0:00:00 (0.1701 s / it)
Averaged stats: 
Accumulating evaluation results...
COCOeval_opt.accumulate() finished...
DONE (t=0.00s).
IoU metric: bbox
 Average Precision  (AP) @[ IoU=0.50:0.95 | area=   all | maxDets=100 ] = 0.570
 Average Precision  (AP) @[ IoU=0.50      | area=   all | maxDets=100 ] = 0.648
 Average Precision  (AP) @[ IoU=0.75      | area=   all | maxDets=100 ] = 0.604
 Average Precision  (AP) @[ IoU=0.50:0.95 | area= small | maxDets=100 ] = -1.000
 Average Precision  (AP) @[ IoU=0.50:0.95 | area=medium | maxDets=100 ] = -1.000
 Average Precision  (AP) @[ IoU=0.50:0.95 | area= large | maxDets=100 ] = 0.570
 Average Recall     (AR) @[ IoU=0.50:0.95 | area=   all | maxDets=  1 ] = 0.700
 Average Recall     (AR) @[ IoU=0.50:0.95 | area=   all | maxDets= 10 ] = 0.880
 Average Recall     (AR) @[ IoU=0.50:0.95 | area=   all | maxDets=100 ] = 0.940
 Average Recall     (AR) @[ IoU=0.50:0.95 | area= small | maxDets=100 ] = -1.000
 Average Recall     (AR) @[ IoU=0.50:0.95 | area=medium | maxDets=100 ] = -1.000
 Average Recall     (AR) @[ IoU=0.50:0.95 | area= large | maxDets=100 ] = 0.940
 Average Recall     (AR) @[ IoU=0.50      | area=   all | maxDets=100 ] = 1.000
 Average Recall     (AR) @[ IoU=0.75      | area=   all | maxDets=100 ] = 1.000
best_stat: {'epoch': 65, 'coco_eval_bbox': 0.5917449745694454}
Epoch: [78]  [0/8]  eta: 0:00:07  lr: 0.000002  loss: 44.8194 (44.8194)  loss_mal: 2.0859 (2.0859)  loss_bbox: 0.2946 (0.2946)  loss_giou: 0.2428 (0.2428)  loss_fgl: 0.9951 (0.9951)  loss_mal_aux_0: 3.0293 (3.0293)  loss_bbox_aux_0: 0.2995 (0.2995)  loss_giou_aux_0: 0.2707 (0.2707)  loss_fgl_aux_0: 1.0889 (1.0889)  loss_ddf_aux_0: 0.5320 (0.5320)  loss_mal_aux_1: 1.6670 (1.6670)  loss_bbox_aux_1: 0.3005 (0.3005)  loss_giou_aux_1: 0.2498 (0.2498)  loss_fgl_aux_1: 1.0052 (1.0052)  loss_ddf_aux_1: 0.0768 (0.0768)  loss_mal_aux_2: 1.7090 (1.7090)  loss_bbox_aux_2: 0.2894 (0.2894)  loss_giou_aux_2: 0.2418 (0.2418)  loss_fgl_aux_2: 0.9918 (0.9918)  loss_ddf_aux_2: 0.0092 (0.0092)  loss_mal_pre: 3.2031 (3.2031)  loss_bbox_pre: 0.2964 (0.2964)  loss_giou_pre: 0.2700 (0.2700)  loss_mal_enc_0: 3.4219 (3.4219)  loss_bbox_enc_0: 0.3499 (0.3499)  loss_giou_enc_0: 0.3186 (0.3186)  loss_mal_dn_0: 1.8711 (1.8711)  loss_bbox_dn_0: 1.0750 (1.0750)  loss_giou_dn_0: 0.8683 (0.8683)  loss_fgl_dn_0: 1.1304 (1.1304)  loss_ddf_dn_0: 1.3580 (1.3580)  loss_mal_dn_1: 1.8164 (1.8164)  loss_bbox_dn_1: 0.6399 (0.6399)  loss_giou_dn_1: 0.5396 (0.5396)  loss_fgl_dn_1: 1.1161 (1.1161)  loss_ddf_dn_1: 0.2830 (0.2830)  loss_mal_dn_2: 1.3926 (1.3926)  loss_bbox_dn_2: 0.5511 (0.5511)  loss_giou_dn_2: 0.4484 (0.4484)  loss_fgl_dn_2: 1.0356 (1.0356)  loss_ddf_dn_2: 0.0298 (0.0298)  loss_mal_dn_3: 1.5469 (1.5469)  loss_bbox_dn_3: 0.5299 (0.5299)  loss_giou_dn_3: 0.4325 (0.4325)  loss_fgl_dn_3: 1.0428 (1.0428)  loss_mal_dn_pre: 1.8818 (1.8818)  loss_bbox_dn_pre: 1.1094 (1.1094)  loss_giou_dn_pre: 0.8816 (0.8816)  time: 0.9846  data: 0.8395  max mem: 2550
Epoch: [78]  [7/8]  eta: 0:00:00  lr: 0.000002  loss: 42.0489 (42.8473)  loss_mal: 2.0859 (2.1190)  loss_bbox: 0.1362 (0.1453)  loss_giou: 0.2093 (0.2158)  loss_fgl: 0.9550 (0.9812)  loss_mal_aux_0: 3.0293 (2.9749)  loss_bbox_aux_0: 0.1598 (0.1822)  loss_giou_aux_0: 0.2709 (0.2790)  loss_fgl_aux_0: 1.0889 (1.0772)  loss_ddf_aux_0: 0.5726 (0.5863)  loss_mal_aux_1: 1.6670 (1.7086)  loss_bbox_aux_1: 0.1325 (0.1529)  loss_giou_aux_1: 0.2238 (0.2265)  loss_fgl_aux_1: 0.9642 (0.9903)  loss_ddf_aux_1: 0.0796 (0.0813)  loss_mal_aux_2: 1.8018 (1.7993)  loss_bbox_aux_2: 0.1326 (0.1446)  loss_giou_aux_2: 0.2084 (0.2159)  loss_fgl_aux_2: 0.9593 (0.9806)  loss_ddf_aux_2: 0.0084 (0.0087)  loss_mal_pre: 3.1680 (3.1082)  loss_bbox_pre: 0.1605 (0.1816)  loss_giou_pre: 0.2710 (0.2775)  loss_mal_enc_0: 3.3301 (3.3606)  loss_bbox_enc_0: 0.2205 (0.2495)  loss_giou_enc_0: 0.3457 (0.3806)  loss_mal_dn_0: 1.8711 (1.8385)  loss_bbox_dn_0: 0.5460 (0.7303)  loss_giou_dn_0: 0.8472 (0.8771)  loss_fgl_dn_0: 1.1304 (1.1408)  loss_ddf_dn_0: 1.7477 (1.7788)  loss_mal_dn_1: 1.7402 (1.7668)  loss_bbox_dn_1: 0.3107 (0.4136)  loss_giou_dn_1: 0.4843 (0.4923)  loss_fgl_dn_1: 1.0899 (1.0856)  loss_ddf_dn_1: 0.3559 (0.3701)  loss_mal_dn_2: 1.4023 (1.4116)  loss_bbox_dn_2: 0.2493 (0.3346)  loss_giou_dn_2: 0.3959 (0.3889)  loss_fgl_dn_2: 1.0218 (0.9967)  loss_ddf_dn_2: 0.0298 (0.0321)  loss_mal_dn_3: 1.5469 (1.5760)  loss_bbox_dn_3: 0.2457 (0.3218)  loss_giou_dn_3: 0.3807 (0.3741)  loss_fgl_dn_3: 1.0306 (1.0011)  loss_mal_dn_pre: 1.8818 (1.8799)  loss_bbox_dn_pre: 0.5506 (0.7305)  loss_giou_dn_pre: 0.8399 (0.8786)  time: 0.2640  data: 0.1468  max mem: 2550
Epoch: [78] Total time: 0:00:02 (0.2745 s / it)
Averaged stats: lr: 0.000002  loss: 42.0489 (42.8473)  loss_mal: 2.0859 (2.1190)  loss_bbox: 0.1362 (0.1453)  loss_giou: 0.2093 (0.2158)  loss_fgl: 0.9550 (0.9812)  loss_mal_aux_0: 3.0293 (2.9749)  loss_bbox_aux_0: 0.1598 (0.1822)  loss_giou_aux_0: 0.2709 (0.2790)  loss_fgl_aux_0: 1.0889 (1.0772)  loss_ddf_aux_0: 0.5726 (0.5863)  loss_mal_aux_1: 1.6670 (1.7086)  loss_bbox_aux_1: 0.1325 (0.1529)  loss_giou_aux_1: 0.2238 (0.2265)  loss_fgl_aux_1: 0.9642 (0.9903)  loss_ddf_aux_1: 0.0796 (0.0813)  loss_mal_aux_2: 1.8018 (1.7993)  loss_bbox_aux_2: 0.1326 (0.1446)  loss_giou_aux_2: 0.2084 (0.2159)  loss_fgl_aux_2: 0.9593 (0.9806)  loss_ddf_aux_2: 0.0084 (0.0087)  loss_mal_pre: 3.1680 (3.1082)  loss_bbox_pre: 0.1605 (0.1816)  loss_giou_pre: 0.2710 (0.2775)  loss_mal_enc_0: 3.3301 (3.3606)  loss_bbox_enc_0: 0.2205 (0.2495)  loss_giou_enc_0: 0.3457 (0.3806)  loss_mal_dn_0: 1.8711 (1.8385)  loss_bbox_dn_0: 0.5460 (0.7303)  loss_giou_dn_0: 0.8472 (0.8771)  loss_fgl_dn_0: 1.1304 (1.1408)  loss_ddf_dn_0: 1.7477 (1.7788)  loss_mal_dn_1: 1.7402 (1.7668)  loss_bbox_dn_1: 0.3107 (0.4136)  loss_giou_dn_1: 0.4843 (0.4923)  loss_fgl_dn_1: 1.0899 (1.0856)  loss_ddf_dn_1: 0.3559 (0.3701)  loss_mal_dn_2: 1.4023 (1.4116)  loss_bbox_dn_2: 0.2493 (0.3346)  loss_giou_dn_2: 0.3959 (0.3889)  loss_fgl_dn_2: 1.0218 (0.9967)  loss_ddf_dn_2: 0.0298 (0.0321)  loss_mal_dn_3: 1.5469 (1.5760)  loss_bbox_dn_3: 0.2457 (0.3218)  loss_giou_dn_3: 0.3807 (0.3741)  loss_fgl_dn_3: 1.0306 (1.0011)  loss_mal_dn_pre: 1.8818 (1.8799)  loss_bbox_dn_pre: 0.5506 (0.7305)  loss_giou_dn_pre: 0.8399 (0.8786)
Test:  [0/4]  eta: 0:00:01    time: 0.3877  data: 0.3551  max mem: 2550
Test:  [3/4]  eta: 0:00:00    time: 0.1171  data: 0.0907  max mem: 2550
Test: Total time: 0:00:00 (0.1390 s / it)
Averaged stats: 
Accumulating evaluation results...
COCOeval_opt.accumulate() finished...
DONE (t=0.00s).
IoU metric: bbox
 Average Precision  (AP) @[ IoU=0.50:0.95 | area=   all | maxDets=100 ] = 0.546
 Average Precision  (AP) @[ IoU=0.50      | area=   all | maxDets=100 ] = 0.624
 Average Precision  (AP) @[ IoU=0.75      | area=   all | maxDets=100 ] = 0.575
 Average Precision  (AP) @[ IoU=0.50:0.95 | area= small | maxDets=100 ] = -1.000
 Average Precision  (AP) @[ IoU=0.50:0.95 | area=medium | maxDets=100 ] = -1.000
 Average Precision  (AP) @[ IoU=0.50:0.95 | area= large | maxDets=100 ] = 0.546
 Average Recall     (AR) @[ IoU=0.50:0.95 | area=   all | maxDets=  1 ] = 0.733
 Average Recall     (AR) @[ IoU=0.50:0.95 | area=   all | maxDets= 10 ] = 0.807
 Average Recall     (AR) @[ IoU=0.50:0.95 | area=   all | maxDets=100 ] = 0.930
 Average Recall     (AR) @[ IoU=0.50:0.95 | area= small | maxDets=100 ] = -1.000
 Average Recall     (AR) @[ IoU=0.50:0.95 | area=medium | maxDets=100 ] = -1.000
 Average Recall     (AR) @[ IoU=0.50:0.95 | area= large | maxDets=100 ] = 0.930
 Average Recall     (AR) @[ IoU=0.50      | area=   all | maxDets=100 ] = 1.000
 Average Recall     (AR) @[ IoU=0.75      | area=   all | maxDets=100 ] = 0.967
best_stat: {'epoch': 65, 'coco_eval_bbox': 0.5917449745694454}
Epoch: [79]  [0/8]  eta: 0:00:08  lr: 0.000002  loss: 43.0326 (43.0326)  loss_mal: 2.1289 (2.1289)  loss_bbox: 0.1387 (0.1387)  loss_giou: 0.2004 (0.2004)  loss_fgl: 1.0146 (1.0146)  loss_mal_aux_0: 3.0371 (3.0371)  loss_bbox_aux_0: 0.1510 (0.1510)  loss_giou_aux_0: 0.2144 (0.2144)  loss_fgl_aux_0: 1.0825 (1.0825)  loss_ddf_aux_0: 0.5597 (0.5597)  loss_mal_aux_1: 1.5596 (1.5596)  loss_bbox_aux_1: 0.1402 (0.1402)  loss_giou_aux_1: 0.2015 (0.2015)  loss_fgl_aux_1: 1.0116 (1.0116)  loss_ddf_aux_1: 0.0890 (0.0890)  loss_mal_aux_2: 1.8193 (1.8193)  loss_bbox_aux_2: 0.1345 (0.1345)  loss_giou_aux_2: 0.1991 (0.1991)  loss_fgl_aux_2: 1.0069 (1.0069)  loss_ddf_aux_2: 0.0073 (0.0073)  loss_mal_pre: 3.1426 (3.1426)  loss_bbox_pre: 0.1553 (0.1553)  loss_giou_pre: 0.2218 (0.2218)  loss_mal_enc_0: 3.4336 (3.4336)  loss_bbox_enc_0: 0.2716 (0.2716)  loss_giou_enc_0: 0.3598 (0.3598)  loss_mal_dn_0: 1.8213 (1.8213)  loss_bbox_dn_0: 0.7522 (0.7522)  loss_giou_dn_0: 0.9134 (0.9134)  loss_fgl_dn_0: 1.1294 (1.1294)  loss_ddf_dn_0: 1.9304 (1.9304)  loss_mal_dn_1: 1.7324 (1.7324)  loss_bbox_dn_1: 0.4269 (0.4269)  loss_giou_dn_1: 0.5137 (0.5137)  loss_fgl_dn_1: 1.1207 (1.1207)  loss_ddf_dn_1: 0.4039 (0.4039)  loss_mal_dn_2: 1.3799 (1.3799)  loss_bbox_dn_2: 0.3275 (0.3275)  loss_giou_dn_2: 0.4030 (0.4030)  loss_fgl_dn_2: 1.0401 (1.0401)  loss_ddf_dn_2: 0.0286 (0.0286)  loss_mal_dn_3: 1.5879 (1.5879)  loss_bbox_dn_3: 0.3050 (0.3050)  loss_giou_dn_3: 0.3824 (0.3824)  loss_fgl_dn_3: 1.0442 (1.0442)  loss_mal_dn_pre: 1.8926 (1.8926)  loss_bbox_dn_pre: 0.7213 (0.7213)  loss_giou_dn_pre: 0.8948 (0.8948)  time: 1.0358  data: 0.8946  max mem: 2550
Epoch: [79]  [7/8]  eta: 0:00:00  lr: 0.000003  loss: 42.7440 (42.2716)  loss_mal: 2.1270 (2.1206)  loss_bbox: 0.1387 (0.1404)  loss_giou: 0.2004 (0.2005)  loss_fgl: 0.9476 (1.0046)  loss_mal_aux_0: 2.8633 (2.8655)  loss_bbox_aux_0: 0.1546 (0.1753)  loss_giou_aux_0: 0.2144 (0.2534)  loss_fgl_aux_0: 1.0825 (1.0717)  loss_ddf_aux_0: 0.5159 (0.5233)  loss_mal_aux_1: 1.5830 (1.6598)  loss_bbox_aux_1: 0.1402 (0.1414)  loss_giou_aux_1: 0.2015 (0.2029)  loss_fgl_aux_1: 0.9691 (1.0061)  loss_ddf_aux_1: 0.0721 (0.0782)  loss_mal_aux_2: 1.8193 (1.8082)  loss_bbox_aux_2: 0.1345 (0.1385)  loss_giou_aux_2: 0.1991 (0.1999)  loss_fgl_aux_2: 0.9434 (0.9997)  loss_ddf_aux_2: 0.0073 (0.0077)  loss_mal_pre: 2.9277 (2.9905)  loss_bbox_pre: 0.1553 (0.1769)  loss_giou_pre: 0.2218 (0.2565)  loss_mal_enc_0: 3.2871 (3.3157)  loss_bbox_enc_0: 0.2858 (0.2760)  loss_giou_enc_0: 0.3598 (0.3722)  loss_mal_dn_0: 1.8213 (1.8516)  loss_bbox_dn_0: 0.7197 (0.6905)  loss_giou_dn_0: 0.8467 (0.8589)  loss_fgl_dn_0: 1.1294 (1.1384)  loss_ddf_dn_0: 1.9626 (1.9544)  loss_mal_dn_1: 1.6377 (1.6565)  loss_bbox_dn_1: 0.4361 (0.3979)  loss_giou_dn_1: 0.5137 (0.4848)  loss_fgl_dn_1: 1.1092 (1.0787)  loss_ddf_dn_1: 0.3722 (0.3915)  loss_mal_dn_2: 1.3799 (1.3671)  loss_bbox_dn_2: 0.3467 (0.3260)  loss_giou_dn_2: 0.4030 (0.3902)  loss_fgl_dn_2: 1.0319 (0.9942)  loss_ddf_dn_2: 0.0300 (0.0316)  loss_mal_dn_3: 1.5664 (1.5447)  loss_bbox_dn_3: 0.3327 (0.3128)  loss_giou_dn_3: 0.3824 (0.3790)  loss_fgl_dn_3: 1.0324 (0.9958)  loss_mal_dn_pre: 1.8926 (1.8970)  loss_bbox_dn_pre: 0.7213 (0.6841)  loss_giou_dn_pre: 0.8568 (0.8608)  time: 0.2514  data: 0.1369  max mem: 2550
Epoch: [79] Total time: 0:00:02 (0.2607 s / it)
Averaged stats: lr: 0.000003  loss: 42.7440 (42.2716)  loss_mal: 2.1270 (2.1206)  loss_bbox: 0.1387 (0.1404)  loss_giou: 0.2004 (0.2005)  loss_fgl: 0.9476 (1.0046)  loss_mal_aux_0: 2.8633 (2.8655)  loss_bbox_aux_0: 0.1546 (0.1753)  loss_giou_aux_0: 0.2144 (0.2534)  loss_fgl_aux_0: 1.0825 (1.0717)  loss_ddf_aux_0: 0.5159 (0.5233)  loss_mal_aux_1: 1.5830 (1.6598)  loss_bbox_aux_1: 0.1402 (0.1414)  loss_giou_aux_1: 0.2015 (0.2029)  loss_fgl_aux_1: 0.9691 (1.0061)  loss_ddf_aux_1: 0.0721 (0.0782)  loss_mal_aux_2: 1.8193 (1.8082)  loss_bbox_aux_2: 0.1345 (0.1385)  loss_giou_aux_2: 0.1991 (0.1999)  loss_fgl_aux_2: 0.9434 (0.9997)  loss_ddf_aux_2: 0.0073 (0.0077)  loss_mal_pre: 2.9277 (2.9905)  loss_bbox_pre: 0.1553 (0.1769)  loss_giou_pre: 0.2218 (0.2565)  loss_mal_enc_0: 3.2871 (3.3157)  loss_bbox_enc_0: 0.2858 (0.2760)  loss_giou_enc_0: 0.3598 (0.3722)  loss_mal_dn_0: 1.8213 (1.8516)  loss_bbox_dn_0: 0.7197 (0.6905)  loss_giou_dn_0: 0.8467 (0.8589)  loss_fgl_dn_0: 1.1294 (1.1384)  loss_ddf_dn_0: 1.9626 (1.9544)  loss_mal_dn_1: 1.6377 (1.6565)  loss_bbox_dn_1: 0.4361 (0.3979)  loss_giou_dn_1: 0.5137 (0.4848)  loss_fgl_dn_1: 1.1092 (1.0787)  loss_ddf_dn_1: 0.3722 (0.3915)  loss_mal_dn_2: 1.3799 (1.3671)  loss_bbox_dn_2: 0.3467 (0.3260)  loss_giou_dn_2: 0.4030 (0.3902)  loss_fgl_dn_2: 1.0319 (0.9942)  loss_ddf_dn_2: 0.0300 (0.0316)  loss_mal_dn_3: 1.5664 (1.5447)  loss_bbox_dn_3: 0.3327 (0.3128)  loss_giou_dn_3: 0.3824 (0.3790)  loss_fgl_dn_3: 1.0324 (0.9958)  loss_mal_dn_pre: 1.8926 (1.8970)  loss_bbox_dn_pre: 0.7213 (0.6841)  loss_giou_dn_pre: 0.8568 (0.8608)
Test:  [0/4]  eta: 0:00:01    time: 0.3706  data: 0.3382  max mem: 2550
Test:  [3/4]  eta: 0:00:00    time: 0.1125  data: 0.0865  max mem: 2550
Test: Total time: 0:00:00 (0.1351 s / it)
Averaged stats: 
Accumulating evaluation results...
COCOeval_opt.accumulate() finished...
DONE (t=0.00s).
IoU metric: bbox
 Average Precision  (AP) @[ IoU=0.50:0.95 | area=   all | maxDets=100 ] = 0.566
 Average Precision  (AP) @[ IoU=0.50      | area=   all | maxDets=100 ] = 0.637
 Average Precision  (AP) @[ IoU=0.75      | area=   all | maxDets=100 ] = 0.597
 Average Precision  (AP) @[ IoU=0.50:0.95 | area= small | maxDets=100 ] = -1.000
 Average Precision  (AP) @[ IoU=0.50:0.95 | area=medium | maxDets=100 ] = -1.000
 Average Precision  (AP) @[ IoU=0.50:0.95 | area= large | maxDets=100 ] = 0.566
 Average Recall     (AR) @[ IoU=0.50:0.95 | area=   all | maxDets=  1 ] = 0.707
 Average Recall     (AR) @[ IoU=0.50:0.95 | area=   all | maxDets= 10 ] = 0.873
 Average Recall     (AR) @[ IoU=0.50:0.95 | area=   all | maxDets=100 ] = 0.943
 Average Recall     (AR) @[ IoU=0.50:0.95 | area= small | maxDets=100 ] = -1.000
 Average Recall     (AR) @[ IoU=0.50:0.95 | area=medium | maxDets=100 ] = -1.000
 Average Recall     (AR) @[ IoU=0.50:0.95 | area= large | maxDets=100 ] = 0.943
 Average Recall     (AR) @[ IoU=0.50      | area=   all | maxDets=100 ] = 1.000
 Average Recall     (AR) @[ IoU=0.75      | area=   all | maxDets=100 ] = 1.000
best_stat: {'epoch': 65, 'coco_eval_bbox': 0.5917449745694454}
Epoch: [80]  [0/8]  eta: 0:00:06  lr: 0.000003  loss: 38.4909 (38.4909)  loss_mal: 2.4629 (2.4629)  loss_bbox: 0.0515 (0.0515)  loss_giou: 0.1113 (0.1113)  loss_fgl: 0.7669 (0.7669)  loss_mal_aux_0: 2.8066 (2.8066)  loss_bbox_aux_0: 0.0689 (0.0689)  loss_giou_aux_0: 0.1310 (0.1310)  loss_fgl_aux_0: 0.8369 (0.8369)  loss_ddf_aux_0: 0.3802 (0.3802)  loss_mal_aux_1: 1.5566 (1.5566)  loss_bbox_aux_1: 0.0564 (0.0564)  loss_giou_aux_1: 0.1130 (0.1130)  loss_fgl_aux_1: 0.7752 (0.7752)  loss_ddf_aux_1: 0.0670 (0.0670)  loss_mal_aux_2: 1.8770 (1.8770)  loss_bbox_aux_2: 0.0507 (0.0507)  loss_giou_aux_2: 0.1131 (0.1131)  loss_fgl_aux_2: 0.7672 (0.7672)  loss_ddf_aux_2: 0.0064 (0.0064)  loss_mal_pre: 2.9277 (2.9277)  loss_bbox_pre: 0.0719 (0.0719)  loss_giou_pre: 0.1343 (0.1343)  loss_mal_enc_0: 3.4238 (3.4238)  loss_bbox_enc_0: 0.1231 (0.1231)  loss_giou_enc_0: 0.2485 (0.2485)  loss_mal_dn_0: 1.9990 (1.9990)  loss_bbox_dn_0: 0.5694 (0.5694)  loss_giou_dn_0: 0.7385 (0.7385)  loss_fgl_dn_0: 1.1413 (1.1413)  loss_ddf_dn_0: 2.0173 (2.0173)  loss_mal_dn_1: 1.5449 (1.5449)  loss_bbox_dn_1: 0.1962 (0.1962)  loss_giou_dn_1: 0.2902 (0.2902)  loss_fgl_dn_1: 0.9501 (0.9501)  loss_ddf_dn_1: 0.3989 (0.3989)  loss_mal_dn_2: 1.4014 (1.4014)  loss_bbox_dn_2: 0.1316 (0.1316)  loss_giou_dn_2: 0.1977 (0.1977)  loss_fgl_dn_2: 0.8167 (0.8167)  loss_ddf_dn_2: 0.0295 (0.0295)  loss_mal_dn_3: 1.6475 (1.6475)  loss_bbox_dn_3: 0.1258 (0.1258)  loss_giou_dn_3: 0.1896 (0.1896)  loss_fgl_dn_3: 0.8125 (0.8125)  loss_mal_dn_pre: 2.0352 (2.0352)  loss_bbox_dn_pre: 0.5797 (0.5797)  loss_giou_dn_pre: 0.7499 (0.7499)  time: 0.8071  data: 0.6580  max mem: 2550
Epoch: [80]  [7/8]  eta: 0:00:00  lr: 0.000003  loss: 39.9580 (40.8433)  loss_mal: 2.1836 (2.2271)  loss_bbox: 0.1000 (0.1222)  loss_giou: 0.1501 (0.1737)  loss_fgl: 0.9222 (0.9562)  loss_mal_aux_0: 2.8066 (2.8340)  loss_bbox_aux_0: 0.1273 (0.1530)  loss_giou_aux_0: 0.1897 (0.2116)  loss_fgl_aux_0: 0.9843 (1.0405)  loss_ddf_aux_0: 0.3814 (0.4859)  loss_mal_aux_1: 1.5566 (1.5519)  loss_bbox_aux_1: 0.0998 (0.1205)  loss_giou_aux_1: 0.1387 (0.1738)  loss_fgl_aux_1: 0.9151 (0.9650)  loss_ddf_aux_1: 0.0670 (0.0726)  loss_mal_aux_2: 1.7529 (1.7596)  loss_bbox_aux_2: 0.0947 (0.1228)  loss_giou_aux_2: 0.1503 (0.1747)  loss_fgl_aux_2: 0.9288 (0.9557)  loss_ddf_aux_2: 0.0066 (0.0069)  loss_mal_pre: 2.9277 (2.9712)  loss_bbox_pre: 0.1325 (0.1537)  loss_giou_pre: 0.1896 (0.2156)  loss_mal_enc_0: 3.2656 (3.3496)  loss_bbox_enc_0: 0.1758 (0.2161)  loss_giou_enc_0: 0.2878 (0.3267)  loss_mal_dn_0: 1.9717 (1.9526)  loss_bbox_dn_0: 0.6057 (0.6675)  loss_giou_dn_0: 0.7385 (0.7896)  loss_fgl_dn_0: 1.1413 (1.1595)  loss_ddf_dn_0: 1.9152 (1.7992)  loss_mal_dn_1: 1.5449 (1.5536)  loss_bbox_dn_1: 0.3258 (0.3319)  loss_giou_dn_1: 0.3669 (0.4129)  loss_fgl_dn_1: 1.0416 (1.0538)  loss_ddf_dn_1: 0.3814 (0.3694)  loss_mal_dn_2: 1.3301 (1.3308)  loss_bbox_dn_2: 0.2354 (0.2591)  loss_giou_dn_2: 0.2884 (0.3190)  loss_fgl_dn_2: 0.9533 (0.9538)  loss_ddf_dn_2: 0.0293 (0.0284)  loss_mal_dn_3: 1.5605 (1.5490)  loss_bbox_dn_3: 0.2196 (0.2493)  loss_giou_dn_3: 0.2713 (0.3060)  loss_fgl_dn_3: 0.9587 (0.9523)  loss_mal_dn_pre: 2.0078 (2.0020)  loss_bbox_dn_pre: 0.6415 (0.6689)  loss_giou_dn_pre: 0.7499 (0.7943)  time: 0.2260  data: 0.1099  max mem: 2550
Epoch: [80] Total time: 0:00:01 (0.2331 s / it)
Averaged stats: lr: 0.000003  loss: 39.9580 (40.8433)  loss_mal: 2.1836 (2.2271)  loss_bbox: 0.1000 (0.1222)  loss_giou: 0.1501 (0.1737)  loss_fgl: 0.9222 (0.9562)  loss_mal_aux_0: 2.8066 (2.8340)  loss_bbox_aux_0: 0.1273 (0.1530)  loss_giou_aux_0: 0.1897 (0.2116)  loss_fgl_aux_0: 0.9843 (1.0405)  loss_ddf_aux_0: 0.3814 (0.4859)  loss_mal_aux_1: 1.5566 (1.5519)  loss_bbox_aux_1: 0.0998 (0.1205)  loss_giou_aux_1: 0.1387 (0.1738)  loss_fgl_aux_1: 0.9151 (0.9650)  loss_ddf_aux_1: 0.0670 (0.0726)  loss_mal_aux_2: 1.7529 (1.7596)  loss_bbox_aux_2: 0.0947 (0.1228)  loss_giou_aux_2: 0.1503 (0.1747)  loss_fgl_aux_2: 0.9288 (0.9557)  loss_ddf_aux_2: 0.0066 (0.0069)  loss_mal_pre: 2.9277 (2.9712)  loss_bbox_pre: 0.1325 (0.1537)  loss_giou_pre: 0.1896 (0.2156)  loss_mal_enc_0: 3.2656 (3.3496)  loss_bbox_enc_0: 0.1758 (0.2161)  loss_giou_enc_0: 0.2878 (0.3267)  loss_mal_dn_0: 1.9717 (1.9526)  loss_bbox_dn_0: 0.6057 (0.6675)  loss_giou_dn_0: 0.7385 (0.7896)  loss_fgl_dn_0: 1.1413 (1.1595)  loss_ddf_dn_0: 1.9152 (1.7992)  loss_mal_dn_1: 1.5449 (1.5536)  loss_bbox_dn_1: 0.3258 (0.3319)  loss_giou_dn_1: 0.3669 (0.4129)  loss_fgl_dn_1: 1.0416 (1.0538)  loss_ddf_dn_1: 0.3814 (0.3694)  loss_mal_dn_2: 1.3301 (1.3308)  loss_bbox_dn_2: 0.2354 (0.2591)  loss_giou_dn_2: 0.2884 (0.3190)  loss_fgl_dn_2: 0.9533 (0.9538)  loss_ddf_dn_2: 0.0293 (0.0284)  loss_mal_dn_3: 1.5605 (1.5490)  loss_bbox_dn_3: 0.2196 (0.2493)  loss_giou_dn_3: 0.2713 (0.3060)  loss_fgl_dn_3: 0.9587 (0.9523)  loss_mal_dn_pre: 2.0078 (2.0020)  loss_bbox_dn_pre: 0.6415 (0.6689)  loss_giou_dn_pre: 0.7499 (0.7943)
Test:  [0/4]  eta: 0:00:01    time: 0.3658  data: 0.3331  max mem: 2550
Test:  [3/4]  eta: 0:00:00    time: 0.1112  data: 0.0852  max mem: 2550
Test: Total time: 0:00:00 (0.1331 s / it)
Averaged stats: 
Accumulating evaluation results...
COCOeval_opt.accumulate() finished...
DONE (t=0.00s).
IoU metric: bbox
 Average Precision  (AP) @[ IoU=0.50:0.95 | area=   all | maxDets=100 ] = 0.615
 Average Precision  (AP) @[ IoU=0.50      | area=   all | maxDets=100 ] = 0.698
 Average Precision  (AP) @[ IoU=0.75      | area=   all | maxDets=100 ] = 0.652
 Average Precision  (AP) @[ IoU=0.50:0.95 | area= small | maxDets=100 ] = -1.000
 Average Precision  (AP) @[ IoU=0.50:0.95 | area=medium | maxDets=100 ] = -1.000
 Average Precision  (AP) @[ IoU=0.50:0.95 | area= large | maxDets=100 ] = 0.615
 Average Recall     (AR) @[ IoU=0.50:0.95 | area=   all | maxDets=  1 ] = 0.707
 Average Recall     (AR) @[ IoU=0.50:0.95 | area=   all | maxDets= 10 ] = 0.880
 Average Recall     (AR) @[ IoU=0.50:0.95 | area=   all | maxDets=100 ] = 0.947
 Average Recall     (AR) @[ IoU=0.50:0.95 | area= small | maxDets=100 ] = -1.000
 Average Recall     (AR) @[ IoU=0.50:0.95 | area=medium | maxDets=100 ] = -1.000
 Average Recall     (AR) @[ IoU=0.50:0.95 | area= large | maxDets=100 ] = 0.947
 Average Recall     (AR) @[ IoU=0.50      | area=   all | maxDets=100 ] = 1.000
 Average Recall     (AR) @[ IoU=0.75      | area=   all | maxDets=100 ] = 1.000
best_stat: {'epoch': 80, 'coco_eval_bbox': 0.615302527019477}
Epoch: [81]  [0/8]  eta: 0:00:07  lr: 0.000003  loss: 39.4241 (39.4241)  loss_mal: 2.1855 (2.1855)  loss_bbox: 0.0956 (0.0956)  loss_giou: 0.1239 (0.1239)  loss_fgl: 0.8340 (0.8340)  loss_mal_aux_0: 2.8555 (2.8555)  loss_bbox_aux_0: 0.1541 (0.1541)  loss_giou_aux_0: 0.1744 (0.1744)  loss_fgl_aux_0: 0.9098 (0.9098)  loss_ddf_aux_0: 0.3487 (0.3487)  loss_mal_aux_1: 1.2852 (1.2852)  loss_bbox_aux_1: 0.0929 (0.0929)  loss_giou_aux_1: 0.1258 (0.1258)  loss_fgl_aux_1: 0.8267 (0.8267)  loss_ddf_aux_1: 0.0595 (0.0595)  loss_mal_aux_2: 1.5898 (1.5898)  loss_bbox_aux_2: 0.0951 (0.0951)  loss_giou_aux_2: 0.1246 (0.1246)  loss_fgl_aux_2: 0.8323 (0.8323)  loss_ddf_aux_2: 0.0068 (0.0068)  loss_mal_pre: 3.0312 (3.0312)  loss_bbox_pre: 0.1551 (0.1551)  loss_giou_pre: 0.1697 (0.1697)  loss_mal_enc_0: 3.4141 (3.4141)  loss_bbox_enc_0: 0.2516 (0.2516)  loss_giou_enc_0: 0.2701 (0.2701)  loss_mal_dn_0: 2.1055 (2.1055)  loss_bbox_dn_0: 0.7801 (0.7801)  loss_giou_dn_0: 0.6903 (0.6903)  loss_fgl_dn_0: 1.1892 (1.1892)  loss_ddf_dn_0: 1.7135 (1.7135)  loss_mal_dn_1: 1.5195 (1.5195)  loss_bbox_dn_1: 0.3156 (0.3156)  loss_giou_dn_1: 0.3208 (0.3208)  loss_fgl_dn_1: 1.0174 (1.0174)  loss_ddf_dn_1: 0.3664 (0.3664)  loss_mal_dn_2: 1.3691 (1.3691)  loss_bbox_dn_2: 0.2281 (0.2281)  loss_giou_dn_2: 0.2379 (0.2379)  loss_fgl_dn_2: 0.9163 (0.9163)  loss_ddf_dn_2: 0.0336 (0.0336)  loss_mal_dn_3: 1.5801 (1.5801)  loss_bbox_dn_3: 0.2032 (0.2032)  loss_giou_dn_3: 0.2201 (0.2201)  loss_fgl_dn_3: 0.9141 (0.9141)  loss_mal_dn_pre: 2.1777 (2.1777)  loss_bbox_dn_pre: 0.8236 (0.8236)  loss_giou_dn_pre: 0.6900 (0.6900)  time: 0.9085  data: 0.7625  max mem: 2550
Epoch: [81]  [7/8]  eta: 0:00:00  lr: 0.000003  loss: 40.0229 (41.3828)  loss_mal: 1.9639 (2.0222)  loss_bbox: 0.1008 (0.2163)  loss_giou: 0.1861 (0.3360)  loss_fgl: 0.8426 (0.9259)  loss_mal_aux_0: 2.6992 (2.6505)  loss_bbox_aux_0: 0.1460 (0.2403)  loss_giou_aux_0: 0.2332 (0.3770)  loss_fgl_aux_0: 0.9818 (1.0000)  loss_ddf_aux_0: 0.3578 (0.4018)  loss_mal_aux_1: 1.4922 (1.4934)  loss_bbox_aux_1: 0.0952 (0.2138)  loss_giou_aux_1: 0.1962 (0.3345)  loss_fgl_aux_1: 0.8313 (0.9167)  loss_ddf_aux_1: 0.0595 (0.0618)  loss_mal_aux_2: 1.6191 (1.6553)  loss_bbox_aux_2: 0.0964 (0.2163)  loss_giou_aux_2: 0.1829 (0.3362)  loss_fgl_aux_2: 0.8463 (0.9262)  loss_ddf_aux_2: 0.0048 (0.0059)  loss_mal_pre: 2.8574 (2.7949)  loss_bbox_pre: 0.1442 (0.2413)  loss_giou_pre: 0.2338 (0.3773)  loss_mal_enc_0: 3.3301 (3.2200)  loss_bbox_enc_0: 0.2026 (0.3319)  loss_giou_enc_0: 0.3166 (0.4843)  loss_mal_dn_0: 1.7695 (1.8234)  loss_bbox_dn_0: 0.7801 (0.7674)  loss_giou_dn_0: 0.8628 (0.8338)  loss_fgl_dn_0: 1.1718 (1.1659)  loss_ddf_dn_0: 1.6302 (1.7127)  loss_mal_dn_1: 1.5078 (1.5194)  loss_bbox_dn_1: 0.3156 (0.3616)  loss_giou_dn_1: 0.4120 (0.4421)  loss_fgl_dn_1: 1.0597 (1.0754)  loss_ddf_dn_1: 0.3485 (0.3450)  loss_mal_dn_2: 1.2871 (1.3134)  loss_bbox_dn_2: 0.2281 (0.2799)  loss_giou_dn_2: 0.3118 (0.3536)  loss_fgl_dn_2: 0.9541 (0.9837)  loss_ddf_dn_2: 0.0264 (0.0262)  loss_mal_dn_3: 1.4873 (1.5055)  loss_bbox_dn_3: 0.2032 (0.2680)  loss_giou_dn_3: 0.2941 (0.3427)  loss_fgl_dn_3: 0.9584 (0.9831)  loss_mal_dn_pre: 1.8184 (1.8693)  loss_bbox_dn_pre: 0.8236 (0.7909)  loss_giou_dn_pre: 0.8656 (0.8402)  time: 0.2370  data: 0.1169  max mem: 2550
Epoch: [81] Total time: 0:00:01 (0.2440 s / it)
Averaged stats: lr: 0.000003  loss: 40.0229 (41.3828)  loss_mal: 1.9639 (2.0222)  loss_bbox: 0.1008 (0.2163)  loss_giou: 0.1861 (0.3360)  loss_fgl: 0.8426 (0.9259)  loss_mal_aux_0: 2.6992 (2.6505)  loss_bbox_aux_0: 0.1460 (0.2403)  loss_giou_aux_0: 0.2332 (0.3770)  loss_fgl_aux_0: 0.9818 (1.0000)  loss_ddf_aux_0: 0.3578 (0.4018)  loss_mal_aux_1: 1.4922 (1.4934)  loss_bbox_aux_1: 0.0952 (0.2138)  loss_giou_aux_1: 0.1962 (0.3345)  loss_fgl_aux_1: 0.8313 (0.9167)  loss_ddf_aux_1: 0.0595 (0.0618)  loss_mal_aux_2: 1.6191 (1.6553)  loss_bbox_aux_2: 0.0964 (0.2163)  loss_giou_aux_2: 0.1829 (0.3362)  loss_fgl_aux_2: 0.8463 (0.9262)  loss_ddf_aux_2: 0.0048 (0.0059)  loss_mal_pre: 2.8574 (2.7949)  loss_bbox_pre: 0.1442 (0.2413)  loss_giou_pre: 0.2338 (0.3773)  loss_mal_enc_0: 3.3301 (3.2200)  loss_bbox_enc_0: 0.2026 (0.3319)  loss_giou_enc_0: 0.3166 (0.4843)  loss_mal_dn_0: 1.7695 (1.8234)  loss_bbox_dn_0: 0.7801 (0.7674)  loss_giou_dn_0: 0.8628 (0.8338)  loss_fgl_dn_0: 1.1718 (1.1659)  loss_ddf_dn_0: 1.6302 (1.7127)  loss_mal_dn_1: 1.5078 (1.5194)  loss_bbox_dn_1: 0.3156 (0.3616)  loss_giou_dn_1: 0.4120 (0.4421)  loss_fgl_dn_1: 1.0597 (1.0754)  loss_ddf_dn_1: 0.3485 (0.3450)  loss_mal_dn_2: 1.2871 (1.3134)  loss_bbox_dn_2: 0.2281 (0.2799)  loss_giou_dn_2: 0.3118 (0.3536)  loss_fgl_dn_2: 0.9541 (0.9837)  loss_ddf_dn_2: 0.0264 (0.0262)  loss_mal_dn_3: 1.4873 (1.5055)  loss_bbox_dn_3: 0.2032 (0.2680)  loss_giou_dn_3: 0.2941 (0.3427)  loss_fgl_dn_3: 0.9584 (0.9831)  loss_mal_dn_pre: 1.8184 (1.8693)  loss_bbox_dn_pre: 0.8236 (0.7909)  loss_giou_dn_pre: 0.8656 (0.8402)
Test:  [0/4]  eta: 0:00:01    time: 0.3688  data: 0.3369  max mem: 2550
Test:  [3/4]  eta: 0:00:00    time: 0.1118  data: 0.0861  max mem: 2550
Test: Total time: 0:00:00 (0.1310 s / it)
Averaged stats: 
Accumulating evaluation results...
COCOeval_opt.accumulate() finished...
DONE (t=0.00s).
IoU metric: bbox
 Average Precision  (AP) @[ IoU=0.50:0.95 | area=   all | maxDets=100 ] = 0.725
 Average Precision  (AP) @[ IoU=0.50      | area=   all | maxDets=100 ] = 0.828
 Average Precision  (AP) @[ IoU=0.75      | area=   all | maxDets=100 ] = 0.781
 Average Precision  (AP) @[ IoU=0.50:0.95 | area= small | maxDets=100 ] = -1.000
 Average Precision  (AP) @[ IoU=0.50:0.95 | area=medium | maxDets=100 ] = -1.000
 Average Precision  (AP) @[ IoU=0.50:0.95 | area= large | maxDets=100 ] = 0.725
 Average Recall     (AR) @[ IoU=0.50:0.95 | area=   all | maxDets=  1 ] = 0.737
 Average Recall     (AR) @[ IoU=0.50:0.95 | area=   all | maxDets= 10 ] = 0.903
 Average Recall     (AR) @[ IoU=0.50:0.95 | area=   all | maxDets=100 ] = 0.947
 Average Recall     (AR) @[ IoU=0.50:0.95 | area= small | maxDets=100 ] = -1.000
 Average Recall     (AR) @[ IoU=0.50:0.95 | area=medium | maxDets=100 ] = -1.000
 Average Recall     (AR) @[ IoU=0.50:0.95 | area= large | maxDets=100 ] = 0.947
 Average Recall     (AR) @[ IoU=0.50      | area=   all | maxDets=100 ] = 1.000
 Average Recall     (AR) @[ IoU=0.75      | area=   all | maxDets=100 ] = 1.000
best_stat: {'epoch': 81, 'coco_eval_bbox': 0.7253225974442009}
Epoch: [82]  [0/8]  eta: 0:00:09  lr: 0.000003  loss: 40.8764 (40.8764)  loss_mal: 2.2422 (2.2422)  loss_bbox: 0.1403 (0.1403)  loss_giou: 0.1948 (0.1948)  loss_fgl: 1.0904 (1.0904)  loss_mal_aux_0: 2.8105 (2.8105)  loss_bbox_aux_0: 0.1583 (0.1583)  loss_giou_aux_0: 0.2225 (0.2225)  loss_fgl_aux_0: 1.0613 (1.0613)  loss_ddf_aux_0: 0.2767 (0.2767)  loss_mal_aux_1: 1.6074 (1.6074)  loss_bbox_aux_1: 0.1528 (0.1528)  loss_giou_aux_1: 0.2244 (0.2244)  loss_fgl_aux_1: 1.0764 (1.0764)  loss_ddf_aux_1: 0.0570 (0.0570)  loss_mal_aux_2: 1.9199 (1.9199)  loss_bbox_aux_2: 0.1397 (0.1397)  loss_giou_aux_2: 0.1982 (0.1982)  loss_fgl_aux_2: 1.0958 (1.0958)  loss_ddf_aux_2: 0.0034 (0.0034)  loss_mal_pre: 2.9336 (2.9336)  loss_bbox_pre: 0.1630 (0.1630)  loss_giou_pre: 0.2357 (0.2357)  loss_mal_enc_0: 3.2461 (3.2461)  loss_bbox_enc_0: 0.2203 (0.2203)  loss_giou_enc_0: 0.3816 (0.3816)  loss_mal_dn_0: 1.6924 (1.6924)  loss_bbox_dn_0: 0.6135 (0.6135)  loss_giou_dn_0: 0.9529 (0.9529)  loss_fgl_dn_0: 1.0612 (1.0612)  loss_ddf_dn_0: 1.7722 (1.7722)  loss_mal_dn_1: 1.4482 (1.4482)  loss_bbox_dn_1: 0.2702 (0.2702)  loss_giou_dn_1: 0.4880 (0.4880)  loss_fgl_dn_1: 1.0888 (1.0888)  loss_ddf_dn_1: 0.3821 (0.3821)  loss_mal_dn_2: 1.3076 (1.3076)  loss_bbox_dn_2: 0.1991 (0.1991)  loss_giou_dn_2: 0.3559 (0.3559)  loss_fgl_dn_2: 0.9854 (0.9854)  loss_ddf_dn_2: 0.0222 (0.0222)  loss_mal_dn_3: 1.5840 (1.5840)  loss_bbox_dn_3: 0.1937 (0.1937)  loss_giou_dn_3: 0.3389 (0.3389)  loss_fgl_dn_3: 0.9837 (0.9837)  loss_mal_dn_pre: 1.7246 (1.7246)  loss_bbox_dn_pre: 0.6014 (0.6014)  loss_giou_dn_pre: 0.9580 (0.9580)  time: 1.2441  data: 1.1023  max mem: 2550
Epoch: [82]  [7/8]  eta: 0:00:00  lr: 0.000003  loss: 39.5728 (39.5461)  loss_mal: 1.9951 (2.0714)  loss_bbox: 0.0901 (0.1094)  loss_giou: 0.1718 (0.1923)  loss_fgl: 0.9536 (0.9958)  loss_mal_aux_0: 2.6797 (2.6914)  loss_bbox_aux_0: 0.1329 (0.1357)  loss_giou_aux_0: 0.2225 (0.2342)  loss_fgl_aux_0: 1.0498 (1.0368)  loss_ddf_aux_0: 0.3361 (0.3610)  loss_mal_aux_1: 1.4854 (1.5221)  loss_bbox_aux_1: 0.0944 (0.1145)  loss_giou_aux_1: 0.1833 (0.2000)  loss_fgl_aux_1: 0.9506 (1.0018)  loss_ddf_aux_1: 0.0570 (0.0602)  loss_mal_aux_2: 1.7021 (1.7107)  loss_bbox_aux_2: 0.0908 (0.1081)  loss_giou_aux_2: 0.1709 (0.1914)  loss_fgl_aux_2: 0.9462 (0.9929)  loss_ddf_aux_2: 0.0050 (0.0047)  loss_mal_pre: 2.7207 (2.8276)  loss_bbox_pre: 0.1299 (0.1372)  loss_giou_pre: 0.2299 (0.2375)  loss_mal_enc_0: 3.2734 (3.3223)  loss_bbox_enc_0: 0.2014 (0.1931)  loss_giou_enc_0: 0.3298 (0.3281)  loss_mal_dn_0: 1.8809 (1.8811)  loss_bbox_dn_0: 0.6086 (0.5777)  loss_giou_dn_0: 0.7714 (0.7883)  loss_fgl_dn_0: 1.1549 (1.1610)  loss_ddf_dn_0: 1.7722 (1.8219)  loss_mal_dn_1: 1.4150 (1.4236)  loss_bbox_dn_1: 0.2160 (0.2585)  loss_giou_dn_1: 0.3669 (0.3909)  loss_fgl_dn_1: 1.0392 (1.0509)  loss_ddf_dn_1: 0.3821 (0.3564)  loss_mal_dn_2: 1.2832 (1.2961)  loss_bbox_dn_2: 0.1576 (0.1957)  loss_giou_dn_2: 0.2686 (0.2979)  loss_fgl_dn_2: 0.9545 (0.9556)  loss_ddf_dn_2: 0.0233 (0.0245)  loss_mal_dn_3: 1.5127 (1.5405)  loss_bbox_dn_3: 0.1366 (0.1869)  loss_giou_dn_3: 0.2542 (0.2881)  loss_fgl_dn_3: 0.9588 (0.9581)  loss_mal_dn_pre: 1.9072 (1.9257)  loss_bbox_dn_pre: 0.6014 (0.5869)  loss_giou_dn_pre: 0.7936 (0.7994)  time: 0.2506  data: 0.1394  max mem: 2550
Epoch: [82] Total time: 0:00:02 (0.2586 s / it)
Averaged stats: lr: 0.000003  loss: 39.5728 (39.5461)  loss_mal: 1.9951 (2.0714)  loss_bbox: 0.0901 (0.1094)  loss_giou: 0.1718 (0.1923)  loss_fgl: 0.9536 (0.9958)  loss_mal_aux_0: 2.6797 (2.6914)  loss_bbox_aux_0: 0.1329 (0.1357)  loss_giou_aux_0: 0.2225 (0.2342)  loss_fgl_aux_0: 1.0498 (1.0368)  loss_ddf_aux_0: 0.3361 (0.3610)  loss_mal_aux_1: 1.4854 (1.5221)  loss_bbox_aux_1: 0.0944 (0.1145)  loss_giou_aux_1: 0.1833 (0.2000)  loss_fgl_aux_1: 0.9506 (1.0018)  loss_ddf_aux_1: 0.0570 (0.0602)  loss_mal_aux_2: 1.7021 (1.7107)  loss_bbox_aux_2: 0.0908 (0.1081)  loss_giou_aux_2: 0.1709 (0.1914)  loss_fgl_aux_2: 0.9462 (0.9929)  loss_ddf_aux_2: 0.0050 (0.0047)  loss_mal_pre: 2.7207 (2.8276)  loss_bbox_pre: 0.1299 (0.1372)  loss_giou_pre: 0.2299 (0.2375)  loss_mal_enc_0: 3.2734 (3.3223)  loss_bbox_enc_0: 0.2014 (0.1931)  loss_giou_enc_0: 0.3298 (0.3281)  loss_mal_dn_0: 1.8809 (1.8811)  loss_bbox_dn_0: 0.6086 (0.5777)  loss_giou_dn_0: 0.7714 (0.7883)  loss_fgl_dn_0: 1.1549 (1.1610)  loss_ddf_dn_0: 1.7722 (1.8219)  loss_mal_dn_1: 1.4150 (1.4236)  loss_bbox_dn_1: 0.2160 (0.2585)  loss_giou_dn_1: 0.3669 (0.3909)  loss_fgl_dn_1: 1.0392 (1.0509)  loss_ddf_dn_1: 0.3821 (0.3564)  loss_mal_dn_2: 1.2832 (1.2961)  loss_bbox_dn_2: 0.1576 (0.1957)  loss_giou_dn_2: 0.2686 (0.2979)  loss_fgl_dn_2: 0.9545 (0.9556)  loss_ddf_dn_2: 0.0233 (0.0245)  loss_mal_dn_3: 1.5127 (1.5405)  loss_bbox_dn_3: 0.1366 (0.1869)  loss_giou_dn_3: 0.2542 (0.2881)  loss_fgl_dn_3: 0.9588 (0.9581)  loss_mal_dn_pre: 1.9072 (1.9257)  loss_bbox_dn_pre: 0.6014 (0.5869)  loss_giou_dn_pre: 0.7936 (0.7994)
Test:  [0/4]  eta: 0:00:01    time: 0.3854  data: 0.3537  max mem: 2550
Test:  [3/4]  eta: 0:00:00    time: 0.1161  data: 0.0903  max mem: 2550
Test: Total time: 0:00:00 (0.1336 s / it)
Averaged stats: 
Accumulating evaluation results...
COCOeval_opt.accumulate() finished...
DONE (t=0.00s).
IoU metric: bbox
 Average Precision  (AP) @[ IoU=0.50:0.95 | area=   all | maxDets=100 ] = 0.699
 Average Precision  (AP) @[ IoU=0.50      | area=   all | maxDets=100 ] = 0.800
 Average Precision  (AP) @[ IoU=0.75      | area=   all | maxDets=100 ] = 0.741
 Average Precision  (AP) @[ IoU=0.50:0.95 | area= small | maxDets=100 ] = -1.000
 Average Precision  (AP) @[ IoU=0.50:0.95 | area=medium | maxDets=100 ] = -1.000
 Average Precision  (AP) @[ IoU=0.50:0.95 | area= large | maxDets=100 ] = 0.699
 Average Recall     (AR) @[ IoU=0.50:0.95 | area=   all | maxDets=  1 ] = 0.667
 Average Recall     (AR) @[ IoU=0.50:0.95 | area=   all | maxDets= 10 ] = 0.903
 Average Recall     (AR) @[ IoU=0.50:0.95 | area=   all | maxDets=100 ] = 0.943
 Average Recall     (AR) @[ IoU=0.50:0.95 | area= small | maxDets=100 ] = -1.000
 Average Recall     (AR) @[ IoU=0.50:0.95 | area=medium | maxDets=100 ] = -1.000
 Average Recall     (AR) @[ IoU=0.50:0.95 | area= large | maxDets=100 ] = 0.943
 Average Recall     (AR) @[ IoU=0.50      | area=   all | maxDets=100 ] = 1.000
 Average Recall     (AR) @[ IoU=0.75      | area=   all | maxDets=100 ] = 1.000
best_stat: {'epoch': 81, 'coco_eval_bbox': 0.7253225974442009}
Epoch: [83]  [0/8]  eta: 0:00:06  lr: 0.000003  loss: 39.6975 (39.6975)  loss_mal: 1.7393 (1.7393)  loss_bbox: 0.1113 (0.1113)  loss_giou: 0.2467 (0.2467)  loss_fgl: 1.0686 (1.0686)  loss_mal_aux_0: 2.5977 (2.5977)  loss_bbox_aux_0: 0.1477 (0.1477)  loss_giou_aux_0: 0.2920 (0.2920)  loss_fgl_aux_0: 1.1467 (1.1467)  loss_ddf_aux_0: 0.4856 (0.4856)  loss_mal_aux_1: 1.3193 (1.3193)  loss_bbox_aux_1: 0.1101 (0.1101)  loss_giou_aux_1: 0.2466 (0.2466)  loss_fgl_aux_1: 1.0496 (1.0496)  loss_ddf_aux_1: 0.0720 (0.0720)  loss_mal_aux_2: 1.5039 (1.5039)  loss_bbox_aux_2: 0.1107 (0.1107)  loss_giou_aux_2: 0.2465 (0.2465)  loss_fgl_aux_2: 1.0650 (1.0650)  loss_ddf_aux_2: 0.0057 (0.0057)  loss_mal_pre: 2.6934 (2.6934)  loss_bbox_pre: 0.1429 (0.1429)  loss_giou_pre: 0.2896 (0.2896)  loss_mal_enc_0: 3.2617 (3.2617)  loss_bbox_enc_0: 0.2264 (0.2264)  loss_giou_enc_0: 0.4256 (0.4256)  loss_mal_dn_0: 1.8486 (1.8486)  loss_bbox_dn_0: 0.5043 (0.5043)  loss_giou_dn_0: 0.7821 (0.7821)  loss_fgl_dn_0: 1.1484 (1.1484)  loss_ddf_dn_0: 2.0831 (2.0831)  loss_mal_dn_1: 1.3438 (1.3438)  loss_bbox_dn_1: 0.2956 (0.2956)  loss_giou_dn_1: 0.4741 (0.4741)  loss_fgl_dn_1: 1.0790 (1.0790)  loss_ddf_dn_1: 0.4272 (0.4272)  loss_mal_dn_2: 1.1865 (1.1865)  loss_bbox_dn_2: 0.2542 (0.2542)  loss_giou_dn_2: 0.3950 (0.3950)  loss_fgl_dn_2: 1.0049 (1.0049)  loss_ddf_dn_2: 0.0352 (0.0352)  loss_mal_dn_3: 1.3809 (1.3809)  loss_bbox_dn_3: 0.2499 (0.2499)  loss_giou_dn_3: 0.3841 (0.3841)  loss_fgl_dn_3: 1.0109 (1.0109)  loss_mal_dn_pre: 1.8779 (1.8779)  loss_bbox_dn_pre: 0.5202 (0.5202)  loss_giou_dn_pre: 0.8075 (0.8075)  time: 0.8040  data: 0.6624  max mem: 2550
Epoch: [83]  [7/8]  eta: 0:00:00  lr: 0.000003  loss: 39.6975 (40.9732)  loss_mal: 1.8252 (1.8846)  loss_bbox: 0.1198 (0.1757)  loss_giou: 0.2616 (0.2492)  loss_fgl: 1.1277 (1.1108)  loss_mal_aux_0: 2.5586 (2.5366)  loss_bbox_aux_0: 0.1642 (0.2313)  loss_giou_aux_0: 0.3006 (0.3089)  loss_fgl_aux_0: 1.1555 (1.1494)  loss_ddf_aux_0: 0.3801 (0.3938)  loss_mal_aux_1: 1.4268 (1.4604)  loss_bbox_aux_1: 0.1261 (0.1782)  loss_giou_aux_1: 0.2568 (0.2554)  loss_fgl_aux_1: 1.0981 (1.0981)  loss_ddf_aux_1: 0.0655 (0.0654)  loss_mal_aux_2: 1.6592 (1.6581)  loss_bbox_aux_2: 0.1199 (0.1771)  loss_giou_aux_2: 0.2629 (0.2513)  loss_fgl_aux_2: 1.1187 (1.1103)  loss_ddf_aux_2: 0.0047 (0.0049)  loss_mal_pre: 2.6934 (2.7092)  loss_bbox_pre: 0.1780 (0.2301)  loss_giou_pre: 0.3030 (0.3094)  loss_mal_enc_0: 3.1680 (3.1929)  loss_bbox_enc_0: 0.2378 (0.3123)  loss_giou_enc_0: 0.4177 (0.4188)  loss_mal_dn_0: 1.8486 (1.8210)  loss_bbox_dn_0: 0.5043 (0.6338)  loss_giou_dn_0: 0.7596 (0.8111)  loss_fgl_dn_0: 1.1489 (1.1682)  loss_ddf_dn_0: 1.8026 (1.9550)  loss_mal_dn_1: 1.3438 (1.3359)  loss_bbox_dn_1: 0.2551 (0.3600)  loss_giou_dn_1: 0.4332 (0.4725)  loss_fgl_dn_1: 1.0790 (1.1123)  loss_ddf_dn_1: 0.3750 (0.3943)  loss_mal_dn_2: 1.2422 (1.2289)  loss_bbox_dn_2: 0.2112 (0.3011)  loss_giou_dn_2: 0.3721 (0.3795)  loss_fgl_dn_2: 1.0049 (1.0331)  loss_ddf_dn_2: 0.0272 (0.0287)  loss_mal_dn_3: 1.4697 (1.4448)  loss_bbox_dn_3: 0.2089 (0.2909)  loss_giou_dn_3: 0.3586 (0.3669)  loss_fgl_dn_3: 1.0109 (1.0336)  loss_mal_dn_pre: 1.8799 (1.8896)  loss_bbox_dn_pre: 0.5202 (0.6282)  loss_giou_dn_pre: 0.7869 (0.8111)  time: 0.2217  data: 0.1048  max mem: 2550
Epoch: [83] Total time: 0:00:01 (0.2314 s / it)
Averaged stats: lr: 0.000003  loss: 39.6975 (40.9732)  loss_mal: 1.8252 (1.8846)  loss_bbox: 0.1198 (0.1757)  loss_giou: 0.2616 (0.2492)  loss_fgl: 1.1277 (1.1108)  loss_mal_aux_0: 2.5586 (2.5366)  loss_bbox_aux_0: 0.1642 (0.2313)  loss_giou_aux_0: 0.3006 (0.3089)  loss_fgl_aux_0: 1.1555 (1.1494)  loss_ddf_aux_0: 0.3801 (0.3938)  loss_mal_aux_1: 1.4268 (1.4604)  loss_bbox_aux_1: 0.1261 (0.1782)  loss_giou_aux_1: 0.2568 (0.2554)  loss_fgl_aux_1: 1.0981 (1.0981)  loss_ddf_aux_1: 0.0655 (0.0654)  loss_mal_aux_2: 1.6592 (1.6581)  loss_bbox_aux_2: 0.1199 (0.1771)  loss_giou_aux_2: 0.2629 (0.2513)  loss_fgl_aux_2: 1.1187 (1.1103)  loss_ddf_aux_2: 0.0047 (0.0049)  loss_mal_pre: 2.6934 (2.7092)  loss_bbox_pre: 0.1780 (0.2301)  loss_giou_pre: 0.3030 (0.3094)  loss_mal_enc_0: 3.1680 (3.1929)  loss_bbox_enc_0: 0.2378 (0.3123)  loss_giou_enc_0: 0.4177 (0.4188)  loss_mal_dn_0: 1.8486 (1.8210)  loss_bbox_dn_0: 0.5043 (0.6338)  loss_giou_dn_0: 0.7596 (0.8111)  loss_fgl_dn_0: 1.1489 (1.1682)  loss_ddf_dn_0: 1.8026 (1.9550)  loss_mal_dn_1: 1.3438 (1.3359)  loss_bbox_dn_1: 0.2551 (0.3600)  loss_giou_dn_1: 0.4332 (0.4725)  loss_fgl_dn_1: 1.0790 (1.1123)  loss_ddf_dn_1: 0.3750 (0.3943)  loss_mal_dn_2: 1.2422 (1.2289)  loss_bbox_dn_2: 0.2112 (0.3011)  loss_giou_dn_2: 0.3721 (0.3795)  loss_fgl_dn_2: 1.0049 (1.0331)  loss_ddf_dn_2: 0.0272 (0.0287)  loss_mal_dn_3: 1.4697 (1.4448)  loss_bbox_dn_3: 0.2089 (0.2909)  loss_giou_dn_3: 0.3586 (0.3669)  loss_fgl_dn_3: 1.0109 (1.0336)  loss_mal_dn_pre: 1.8799 (1.8896)  loss_bbox_dn_pre: 0.5202 (0.6282)  loss_giou_dn_pre: 0.7869 (0.8111)
Test:  [0/4]  eta: 0:00:01    time: 0.3746  data: 0.3427  max mem: 2550
Test:  [3/4]  eta: 0:00:00    time: 0.1141  data: 0.0876  max mem: 2550
Test: Total time: 0:00:00 (0.1324 s / it)
Averaged stats: 
Accumulating evaluation results...
COCOeval_opt.accumulate() finished...
DONE (t=0.00s).
IoU metric: bbox
 Average Precision  (AP) @[ IoU=0.50:0.95 | area=   all | maxDets=100 ] = 0.659
 Average Precision  (AP) @[ IoU=0.50      | area=   all | maxDets=100 ] = 0.759
 Average Precision  (AP) @[ IoU=0.75      | area=   all | maxDets=100 ] = 0.703
 Average Precision  (AP) @[ IoU=0.50:0.95 | area= small | maxDets=100 ] = -1.000
 Average Precision  (AP) @[ IoU=0.50:0.95 | area=medium | maxDets=100 ] = -1.000
 Average Precision  (AP) @[ IoU=0.50:0.95 | area= large | maxDets=100 ] = 0.659
 Average Recall     (AR) @[ IoU=0.50:0.95 | area=   all | maxDets=  1 ] = 0.663
 Average Recall     (AR) @[ IoU=0.50:0.95 | area=   all | maxDets= 10 ] = 0.907
 Average Recall     (AR) @[ IoU=0.50:0.95 | area=   all | maxDets=100 ] = 0.943
 Average Recall     (AR) @[ IoU=0.50:0.95 | area= small | maxDets=100 ] = -1.000
 Average Recall     (AR) @[ IoU=0.50:0.95 | area=medium | maxDets=100 ] = -1.000
 Average Recall     (AR) @[ IoU=0.50:0.95 | area= large | maxDets=100 ] = 0.943
 Average Recall     (AR) @[ IoU=0.50      | area=   all | maxDets=100 ] = 1.000
 Average Recall     (AR) @[ IoU=0.75      | area=   all | maxDets=100 ] = 1.000
best_stat: {'epoch': 81, 'coco_eval_bbox': 0.7253225974442009}
Epoch: [84]  [0/8]  eta: 0:00:09  lr: 0.000003  loss: 38.0994 (38.0994)  loss_mal: 1.8750 (1.8750)  loss_bbox: 0.0700 (0.0700)  loss_giou: 0.2162 (0.2162)  loss_fgl: 0.9767 (0.9767)  loss_mal_aux_0: 2.4941 (2.4941)  loss_bbox_aux_0: 0.0854 (0.0854)  loss_giou_aux_0: 0.2530 (0.2530)  loss_fgl_aux_0: 1.0314 (1.0314)  loss_ddf_aux_0: 0.2891 (0.2891)  loss_mal_aux_1: 1.7559 (1.7559)  loss_bbox_aux_1: 0.0696 (0.0696)  loss_giou_aux_1: 0.2141 (0.2141)  loss_fgl_aux_1: 0.9870 (0.9870)  loss_ddf_aux_1: 0.0494 (0.0494)  loss_mal_aux_2: 1.7168 (1.7168)  loss_bbox_aux_2: 0.0710 (0.0710)  loss_giou_aux_2: 0.2202 (0.2202)  loss_fgl_aux_2: 0.9915 (0.9915)  loss_ddf_aux_2: 0.0043 (0.0043)  loss_mal_pre: 2.6973 (2.6973)  loss_bbox_pre: 0.0779 (0.0779)  loss_giou_pre: 0.2417 (0.2417)  loss_mal_enc_0: 3.0996 (3.0996)  loss_bbox_enc_0: 0.1403 (0.1403)  loss_giou_enc_0: 0.3359 (0.3359)  loss_mal_dn_0: 1.6631 (1.6631)  loss_bbox_dn_0: 0.5133 (0.5133)  loss_giou_dn_0: 0.8774 (0.8774)  loss_fgl_dn_0: 1.1190 (1.1190)  loss_ddf_dn_0: 1.7657 (1.7657)  loss_mal_dn_1: 1.3018 (1.3018)  loss_bbox_dn_1: 0.2162 (0.2162)  loss_giou_dn_1: 0.4250 (0.4250)  loss_fgl_dn_1: 1.0853 (1.0853)  loss_ddf_dn_1: 0.3524 (0.3524)  loss_mal_dn_2: 1.2363 (1.2363)  loss_bbox_dn_2: 0.1499 (0.1499)  loss_giou_dn_2: 0.3484 (0.3484)  loss_fgl_dn_2: 1.0096 (1.0096)  loss_ddf_dn_2: 0.0240 (0.0240)  loss_mal_dn_3: 1.4824 (1.4824)  loss_bbox_dn_3: 0.1361 (0.1361)  loss_giou_dn_3: 0.3256 (0.3256)  loss_fgl_dn_3: 1.0016 (1.0016)  loss_mal_dn_pre: 1.7070 (1.7070)  loss_bbox_dn_pre: 0.5074 (0.5074)  loss_giou_dn_pre: 0.8882 (0.8882)  time: 1.2231  data: 0.9202  max mem: 2550
Epoch: [84]  [7/8]  eta: 0:00:00  lr: 0.000003  loss: 38.4201 (39.1897)  loss_mal: 1.8564 (1.8257)  loss_bbox: 0.1095 (0.1333)  loss_giou: 0.1960 (0.2042)  loss_fgl: 1.0094 (1.0136)  loss_mal_aux_0: 2.4668 (2.4612)  loss_bbox_aux_0: 0.1278 (0.1571)  loss_giou_aux_0: 0.2249 (0.2495)  loss_fgl_aux_0: 1.0577 (1.1034)  loss_ddf_aux_0: 0.2716 (0.3369)  loss_mal_aux_1: 1.7188 (1.6997)  loss_bbox_aux_1: 0.1131 (0.1347)  loss_giou_aux_1: 0.2076 (0.2091)  loss_fgl_aux_1: 1.0029 (1.0206)  loss_ddf_aux_1: 0.0466 (0.0502)  loss_mal_aux_2: 1.6006 (1.6185)  loss_bbox_aux_2: 0.1094 (0.1333)  loss_giou_aux_2: 0.1973 (0.2053)  loss_fgl_aux_2: 1.0062 (1.0155)  loss_ddf_aux_2: 0.0041 (0.0043)  loss_mal_pre: 2.6270 (2.6584)  loss_bbox_pre: 0.1225 (0.1566)  loss_giou_pre: 0.2293 (0.2473)  loss_mal_enc_0: 3.2344 (3.1926)  loss_bbox_enc_0: 0.2284 (0.2382)  loss_giou_enc_0: 0.3306 (0.3462)  loss_mal_dn_0: 1.8115 (1.7942)  loss_bbox_dn_0: 0.5475 (0.6494)  loss_giou_dn_0: 0.7748 (0.7921)  loss_fgl_dn_0: 1.1608 (1.1703)  loss_ddf_dn_0: 1.7121 (1.7282)  loss_mal_dn_1: 1.2822 (1.2743)  loss_bbox_dn_1: 0.2891 (0.3271)  loss_giou_dn_1: 0.4001 (0.4188)  loss_fgl_dn_1: 1.0810 (1.0879)  loss_ddf_dn_1: 0.3629 (0.3567)  loss_mal_dn_2: 1.2363 (1.2445)  loss_bbox_dn_2: 0.2246 (0.2489)  loss_giou_dn_2: 0.2912 (0.3306)  loss_fgl_dn_2: 0.9803 (1.0013)  loss_ddf_dn_2: 0.0240 (0.0257)  loss_mal_dn_3: 1.4805 (1.4458)  loss_bbox_dn_3: 0.2213 (0.2392)  loss_giou_dn_3: 0.2818 (0.3188)  loss_fgl_dn_3: 0.9825 (1.0017)  loss_mal_dn_pre: 1.8799 (1.8622)  loss_bbox_dn_pre: 0.5613 (0.6609)  loss_giou_dn_pre: 0.7738 (0.7958)  time: 0.2481  data: 0.1168  max mem: 2550
Epoch: [84] Total time: 0:00:02 (0.2557 s / it)
Averaged stats: lr: 0.000003  loss: 38.4201 (39.1897)  loss_mal: 1.8564 (1.8257)  loss_bbox: 0.1095 (0.1333)  loss_giou: 0.1960 (0.2042)  loss_fgl: 1.0094 (1.0136)  loss_mal_aux_0: 2.4668 (2.4612)  loss_bbox_aux_0: 0.1278 (0.1571)  loss_giou_aux_0: 0.2249 (0.2495)  loss_fgl_aux_0: 1.0577 (1.1034)  loss_ddf_aux_0: 0.2716 (0.3369)  loss_mal_aux_1: 1.7188 (1.6997)  loss_bbox_aux_1: 0.1131 (0.1347)  loss_giou_aux_1: 0.2076 (0.2091)  loss_fgl_aux_1: 1.0029 (1.0206)  loss_ddf_aux_1: 0.0466 (0.0502)  loss_mal_aux_2: 1.6006 (1.6185)  loss_bbox_aux_2: 0.1094 (0.1333)  loss_giou_aux_2: 0.1973 (0.2053)  loss_fgl_aux_2: 1.0062 (1.0155)  loss_ddf_aux_2: 0.0041 (0.0043)  loss_mal_pre: 2.6270 (2.6584)  loss_bbox_pre: 0.1225 (0.1566)  loss_giou_pre: 0.2293 (0.2473)  loss_mal_enc_0: 3.2344 (3.1926)  loss_bbox_enc_0: 0.2284 (0.2382)  loss_giou_enc_0: 0.3306 (0.3462)  loss_mal_dn_0: 1.8115 (1.7942)  loss_bbox_dn_0: 0.5475 (0.6494)  loss_giou_dn_0: 0.7748 (0.7921)  loss_fgl_dn_0: 1.1608 (1.1703)  loss_ddf_dn_0: 1.7121 (1.7282)  loss_mal_dn_1: 1.2822 (1.2743)  loss_bbox_dn_1: 0.2891 (0.3271)  loss_giou_dn_1: 0.4001 (0.4188)  loss_fgl_dn_1: 1.0810 (1.0879)  loss_ddf_dn_1: 0.3629 (0.3567)  loss_mal_dn_2: 1.2363 (1.2445)  loss_bbox_dn_2: 0.2246 (0.2489)  loss_giou_dn_2: 0.2912 (0.3306)  loss_fgl_dn_2: 0.9803 (1.0013)  loss_ddf_dn_2: 0.0240 (0.0257)  loss_mal_dn_3: 1.4805 (1.4458)  loss_bbox_dn_3: 0.2213 (0.2392)  loss_giou_dn_3: 0.2818 (0.3188)  loss_fgl_dn_3: 0.9825 (1.0017)  loss_mal_dn_pre: 1.8799 (1.8622)  loss_bbox_dn_pre: 0.5613 (0.6609)  loss_giou_dn_pre: 0.7738 (0.7958)
Test:  [0/4]  eta: 0:00:01    time: 0.3615  data: 0.3282  max mem: 2550
Test:  [3/4]  eta: 0:00:00    time: 0.1116  data: 0.0852  max mem: 2550
Test: Total time: 0:00:00 (0.1265 s / it)
Averaged stats: 
Accumulating evaluation results...
COCOeval_opt.accumulate() finished...
DONE (t=0.00s).
IoU metric: bbox
 Average Precision  (AP) @[ IoU=0.50:0.95 | area=   all | maxDets=100 ] = 0.708
 Average Precision  (AP) @[ IoU=0.50      | area=   all | maxDets=100 ] = 0.804
 Average Precision  (AP) @[ IoU=0.75      | area=   all | maxDets=100 ] = 0.751
 Average Precision  (AP) @[ IoU=0.50:0.95 | area= small | maxDets=100 ] = -1.000
 Average Precision  (AP) @[ IoU=0.50:0.95 | area=medium | maxDets=100 ] = -1.000
 Average Precision  (AP) @[ IoU=0.50:0.95 | area= large | maxDets=100 ] = 0.708
 Average Recall     (AR) @[ IoU=0.50:0.95 | area=   all | maxDets=  1 ] = 0.673
 Average Recall     (AR) @[ IoU=0.50:0.95 | area=   all | maxDets= 10 ] = 0.900
 Average Recall     (AR) @[ IoU=0.50:0.95 | area=   all | maxDets=100 ] = 0.947
 Average Recall     (AR) @[ IoU=0.50:0.95 | area= small | maxDets=100 ] = -1.000
 Average Recall     (AR) @[ IoU=0.50:0.95 | area=medium | maxDets=100 ] = -1.000
 Average Recall     (AR) @[ IoU=0.50:0.95 | area= large | maxDets=100 ] = 0.947
 Average Recall     (AR) @[ IoU=0.50      | area=   all | maxDets=100 ] = 1.000
 Average Recall     (AR) @[ IoU=0.75      | area=   all | maxDets=100 ] = 0.967
best_stat: {'epoch': 81, 'coco_eval_bbox': 0.7253225974442009}
Epoch: [85]  [0/8]  eta: 0:00:08  lr: 0.000003  loss: 37.7186 (37.7186)  loss_mal: 1.7549 (1.7549)  loss_bbox: 0.0952 (0.0952)  loss_giou: 0.1947 (0.1947)  loss_fgl: 0.9836 (0.9836)  loss_mal_aux_0: 2.4062 (2.4062)  loss_bbox_aux_0: 0.1152 (0.1152)  loss_giou_aux_0: 0.2569 (0.2569)  loss_fgl_aux_0: 1.1049 (1.1049)  loss_ddf_aux_0: 0.4686 (0.4686)  loss_mal_aux_1: 1.5889 (1.5889)  loss_bbox_aux_1: 0.0931 (0.0931)  loss_giou_aux_1: 0.1969 (0.1969)  loss_fgl_aux_1: 0.9802 (0.9802)  loss_ddf_aux_1: 0.0649 (0.0649)  loss_mal_aux_2: 1.4258 (1.4258)  loss_bbox_aux_2: 0.0959 (0.0959)  loss_giou_aux_2: 0.1969 (0.1969)  loss_fgl_aux_2: 0.9892 (0.9892)  loss_ddf_aux_2: 0.0074 (0.0074)  loss_mal_pre: 2.5430 (2.5430)  loss_bbox_pre: 0.1112 (0.1112)  loss_giou_pre: 0.2487 (0.2487)  loss_mal_enc_0: 3.0996 (3.0996)  loss_bbox_enc_0: 0.1511 (0.1511)  loss_giou_enc_0: 0.3673 (0.3673)  loss_mal_dn_0: 1.9297 (1.9297)  loss_bbox_dn_0: 0.3282 (0.3282)  loss_giou_dn_0: 0.6769 (0.6769)  loss_fgl_dn_0: 1.2113 (1.2113)  loss_ddf_dn_0: 2.1129 (2.1129)  loss_mal_dn_1: 1.2627 (1.2627)  loss_bbox_dn_1: 0.1760 (0.1760)  loss_giou_dn_1: 0.3594 (0.3594)  loss_fgl_dn_1: 1.0848 (1.0848)  loss_ddf_dn_1: 0.4230 (0.4230)  loss_mal_dn_2: 1.2188 (1.2188)  loss_bbox_dn_2: 0.1501 (0.1501)  loss_giou_dn_2: 0.2915 (0.2915)  loss_fgl_dn_2: 0.9990 (0.9990)  loss_ddf_dn_2: 0.0337 (0.0337)  loss_mal_dn_3: 1.4648 (1.4648)  loss_bbox_dn_3: 0.1452 (0.1452)  loss_giou_dn_3: 0.2809 (0.2809)  loss_fgl_dn_3: 0.9946 (0.9946)  loss_mal_dn_pre: 2.0332 (2.0332)  loss_bbox_dn_pre: 0.3260 (0.3260)  loss_giou_dn_pre: 0.6760 (0.6760)  time: 1.0477  data: 0.9035  max mem: 2550
Epoch: [85]  [7/8]  eta: 0:00:00  lr: 0.000003  loss: 37.7669 (37.7729)  loss_mal: 1.7256 (1.7102)  loss_bbox: 0.0952 (0.1108)  loss_giou: 0.1799 (0.1932)  loss_fgl: 0.9638 (1.0030)  loss_mal_aux_0: 2.4062 (2.4043)  loss_bbox_aux_0: 0.1096 (0.1245)  loss_giou_aux_0: 0.2195 (0.2227)  loss_fgl_aux_0: 1.1049 (1.0720)  loss_ddf_aux_0: 0.3140 (0.3322)  loss_mal_aux_1: 1.4600 (1.5918)  loss_bbox_aux_1: 0.0931 (0.1101)  loss_giou_aux_1: 0.1787 (0.1945)  loss_fgl_aux_1: 0.9802 (1.0066)  loss_ddf_aux_1: 0.0445 (0.0501)  loss_mal_aux_2: 1.5010 (1.5151)  loss_bbox_aux_2: 0.0959 (0.1102)  loss_giou_aux_2: 0.1794 (0.1928)  loss_fgl_aux_2: 0.9632 (0.9992)  loss_ddf_aux_2: 0.0044 (0.0051)  loss_mal_pre: 2.5566 (2.5725)  loss_bbox_pre: 0.1030 (0.1239)  loss_giou_pre: 0.2274 (0.2232)  loss_mal_enc_0: 3.1289 (3.1494)  loss_bbox_enc_0: 0.1718 (0.1868)  loss_giou_enc_0: 0.3294 (0.3270)  loss_mal_dn_0: 1.8447 (1.8046)  loss_bbox_dn_0: 0.4776 (0.4880)  loss_giou_dn_0: 0.7446 (0.7592)  loss_fgl_dn_0: 1.1592 (1.1573)  loss_ddf_dn_0: 2.1129 (1.9998)  loss_mal_dn_1: 1.2422 (1.2218)  loss_bbox_dn_1: 0.2509 (0.2430)  loss_giou_dn_1: 0.3642 (0.4013)  loss_fgl_dn_1: 1.0622 (1.0693)  loss_ddf_dn_1: 0.4122 (0.4044)  loss_mal_dn_2: 1.1699 (1.1855)  loss_bbox_dn_2: 0.1641 (0.1817)  loss_giou_dn_2: 0.2894 (0.3068)  loss_fgl_dn_2: 0.9815 (0.9820)  loss_ddf_dn_2: 0.0312 (0.0321)  loss_mal_dn_3: 1.4160 (1.4188)  loss_bbox_dn_3: 0.1559 (0.1750)  loss_giou_dn_3: 0.2768 (0.2966)  loss_fgl_dn_3: 0.9768 (0.9834)  loss_mal_dn_pre: 1.9033 (1.8739)  loss_bbox_dn_pre: 0.4850 (0.4910)  loss_giou_dn_pre: 0.7581 (0.7662)  time: 0.2714  data: 0.1551  max mem: 2550
Epoch: [85] Total time: 0:00:02 (0.2814 s / it)
Averaged stats: lr: 0.000003  loss: 37.7669 (37.7729)  loss_mal: 1.7256 (1.7102)  loss_bbox: 0.0952 (0.1108)  loss_giou: 0.1799 (0.1932)  loss_fgl: 0.9638 (1.0030)  loss_mal_aux_0: 2.4062 (2.4043)  loss_bbox_aux_0: 0.1096 (0.1245)  loss_giou_aux_0: 0.2195 (0.2227)  loss_fgl_aux_0: 1.1049 (1.0720)  loss_ddf_aux_0: 0.3140 (0.3322)  loss_mal_aux_1: 1.4600 (1.5918)  loss_bbox_aux_1: 0.0931 (0.1101)  loss_giou_aux_1: 0.1787 (0.1945)  loss_fgl_aux_1: 0.9802 (1.0066)  loss_ddf_aux_1: 0.0445 (0.0501)  loss_mal_aux_2: 1.5010 (1.5151)  loss_bbox_aux_2: 0.0959 (0.1102)  loss_giou_aux_2: 0.1794 (0.1928)  loss_fgl_aux_2: 0.9632 (0.9992)  loss_ddf_aux_2: 0.0044 (0.0051)  loss_mal_pre: 2.5566 (2.5725)  loss_bbox_pre: 0.1030 (0.1239)  loss_giou_pre: 0.2274 (0.2232)  loss_mal_enc_0: 3.1289 (3.1494)  loss_bbox_enc_0: 0.1718 (0.1868)  loss_giou_enc_0: 0.3294 (0.3270)  loss_mal_dn_0: 1.8447 (1.8046)  loss_bbox_dn_0: 0.4776 (0.4880)  loss_giou_dn_0: 0.7446 (0.7592)  loss_fgl_dn_0: 1.1592 (1.1573)  loss_ddf_dn_0: 2.1129 (1.9998)  loss_mal_dn_1: 1.2422 (1.2218)  loss_bbox_dn_1: 0.2509 (0.2430)  loss_giou_dn_1: 0.3642 (0.4013)  loss_fgl_dn_1: 1.0622 (1.0693)  loss_ddf_dn_1: 0.4122 (0.4044)  loss_mal_dn_2: 1.1699 (1.1855)  loss_bbox_dn_2: 0.1641 (0.1817)  loss_giou_dn_2: 0.2894 (0.3068)  loss_fgl_dn_2: 0.9815 (0.9820)  loss_ddf_dn_2: 0.0312 (0.0321)  loss_mal_dn_3: 1.4160 (1.4188)  loss_bbox_dn_3: 0.1559 (0.1750)  loss_giou_dn_3: 0.2768 (0.2966)  loss_fgl_dn_3: 0.9768 (0.9834)  loss_mal_dn_pre: 1.9033 (1.8739)  loss_bbox_dn_pre: 0.4850 (0.4910)  loss_giou_dn_pre: 0.7581 (0.7662)
Test:  [0/4]  eta: 0:00:01    time: 0.3692  data: 0.3367  max mem: 2550
Test:  [3/4]  eta: 0:00:00    time: 0.1121  data: 0.0862  max mem: 2550
Test: Total time: 0:00:00 (0.1262 s / it)
Averaged stats: 
Accumulating evaluation results...
COCOeval_opt.accumulate() finished...
DONE (t=0.00s).
IoU metric: bbox
 Average Precision  (AP) @[ IoU=0.50:0.95 | area=   all | maxDets=100 ] = 0.715
 Average Precision  (AP) @[ IoU=0.50      | area=   all | maxDets=100 ] = 0.831
 Average Precision  (AP) @[ IoU=0.75      | area=   all | maxDets=100 ] = 0.779
 Average Precision  (AP) @[ IoU=0.50:0.95 | area= small | maxDets=100 ] = -1.000
 Average Precision  (AP) @[ IoU=0.50:0.95 | area=medium | maxDets=100 ] = -1.000
 Average Precision  (AP) @[ IoU=0.50:0.95 | area= large | maxDets=100 ] = 0.715
 Average Recall     (AR) @[ IoU=0.50:0.95 | area=   all | maxDets=  1 ] = 0.693
 Average Recall     (AR) @[ IoU=0.50:0.95 | area=   all | maxDets= 10 ] = 0.890
 Average Recall     (AR) @[ IoU=0.50:0.95 | area=   all | maxDets=100 ] = 0.937
 Average Recall     (AR) @[ IoU=0.50:0.95 | area= small | maxDets=100 ] = -1.000
 Average Recall     (AR) @[ IoU=0.50:0.95 | area=medium | maxDets=100 ] = -1.000
 Average Recall     (AR) @[ IoU=0.50:0.95 | area= large | maxDets=100 ] = 0.937
 Average Recall     (AR) @[ IoU=0.50      | area=   all | maxDets=100 ] = 1.000
 Average Recall     (AR) @[ IoU=0.75      | area=   all | maxDets=100 ] = 1.000
best_stat: {'epoch': 81, 'coco_eval_bbox': 0.7253225974442009}
Epoch: [86]  [0/8]  eta: 0:00:09  lr: 0.000003  loss: 38.1819 (38.1819)  loss_mal: 1.7373 (1.7373)  loss_bbox: 0.0874 (0.0874)  loss_giou: 0.2410 (0.2410)  loss_fgl: 1.0504 (1.0504)  loss_mal_aux_0: 2.4238 (2.4238)  loss_bbox_aux_0: 0.0968 (0.0968)  loss_giou_aux_0: 0.2455 (0.2455)  loss_fgl_aux_0: 1.0843 (1.0843)  loss_ddf_aux_0: 0.2430 (0.2430)  loss_mal_aux_1: 1.6885 (1.6885)  loss_bbox_aux_1: 0.0903 (0.0903)  loss_giou_aux_1: 0.2482 (0.2482)  loss_fgl_aux_1: 1.0573 (1.0573)  loss_ddf_aux_1: 0.0425 (0.0425)  loss_mal_aux_2: 1.6650 (1.6650)  loss_bbox_aux_2: 0.0881 (0.0881)  loss_giou_aux_2: 0.2421 (0.2421)  loss_fgl_aux_2: 1.0535 (1.0535)  loss_ddf_aux_2: 0.0038 (0.0038)  loss_mal_pre: 2.5840 (2.5840)  loss_bbox_pre: 0.0990 (0.0990)  loss_giou_pre: 0.2477 (0.2477)  loss_mal_enc_0: 3.1152 (3.1152)  loss_bbox_enc_0: 0.1380 (0.1380)  loss_giou_enc_0: 0.3425 (0.3425)  loss_mal_dn_0: 1.6455 (1.6455)  loss_bbox_dn_0: 0.5644 (0.5644)  loss_giou_dn_0: 0.8597 (0.8597)  loss_fgl_dn_0: 1.1775 (1.1775)  loss_ddf_dn_0: 1.8634 (1.8634)  loss_mal_dn_1: 1.2510 (1.2510)  loss_bbox_dn_1: 0.2288 (0.2288)  loss_giou_dn_1: 0.4464 (0.4464)  loss_fgl_dn_1: 1.0910 (1.0910)  loss_ddf_dn_1: 0.3799 (0.3799)  loss_mal_dn_2: 1.2178 (1.2178)  loss_bbox_dn_2: 0.1449 (0.1449)  loss_giou_dn_2: 0.3378 (0.3378)  loss_fgl_dn_2: 1.0068 (1.0068)  loss_ddf_dn_2: 0.0275 (0.0275)  loss_mal_dn_3: 1.4424 (1.4424)  loss_bbox_dn_3: 0.1310 (0.1310)  loss_giou_dn_3: 0.3201 (0.3201)  loss_fgl_dn_3: 1.0047 (1.0047)  loss_mal_dn_pre: 1.7168 (1.7168)  loss_bbox_dn_pre: 0.5506 (0.5506)  loss_giou_dn_pre: 0.8587 (0.8587)  time: 1.1886  data: 1.0532  max mem: 2550
Epoch: [86]  [7/8]  eta: 0:00:00  lr: 0.000003  loss: 37.3048 (38.1368)  loss_mal: 1.6074 (1.6331)  loss_bbox: 0.0969 (0.1404)  loss_giou: 0.2410 (0.2311)  loss_fgl: 0.9534 (0.9903)  loss_mal_aux_0: 2.3945 (2.3462)  loss_bbox_aux_0: 0.1132 (0.1693)  loss_giou_aux_0: 0.2455 (0.2686)  loss_fgl_aux_0: 0.9609 (1.0535)  loss_ddf_aux_0: 0.2430 (0.2816)  loss_mal_aux_1: 1.4561 (1.4451)  loss_bbox_aux_1: 0.0999 (0.1404)  loss_giou_aux_1: 0.2482 (0.2344)  loss_fgl_aux_1: 0.9729 (1.0015)  loss_ddf_aux_1: 0.0418 (0.0454)  loss_mal_aux_2: 1.5127 (1.5138)  loss_bbox_aux_2: 0.0947 (0.1406)  loss_giou_aux_2: 0.2421 (0.2317)  loss_fgl_aux_2: 0.9593 (0.9899)  loss_ddf_aux_2: 0.0040 (0.0042)  loss_mal_pre: 2.5605 (2.5256)  loss_bbox_pre: 0.1136 (0.1658)  loss_giou_pre: 0.2477 (0.2686)  loss_mal_enc_0: 2.9512 (3.0168)  loss_bbox_enc_0: 0.1416 (0.2016)  loss_giou_enc_0: 0.3425 (0.3412)  loss_mal_dn_0: 1.7627 (1.7751)  loss_bbox_dn_0: 0.4941 (0.6214)  loss_giou_dn_0: 0.7740 (0.7773)  loss_fgl_dn_0: 1.1583 (1.1866)  loss_ddf_dn_0: 1.8634 (1.9180)  loss_mal_dn_1: 1.2510 (1.2751)  loss_bbox_dn_1: 0.2288 (0.3090)  loss_giou_dn_1: 0.4023 (0.4125)  loss_fgl_dn_1: 1.0734 (1.0834)  loss_ddf_dn_1: 0.3799 (0.3887)  loss_mal_dn_2: 1.1826 (1.2094)  loss_bbox_dn_2: 0.1771 (0.2424)  loss_giou_dn_2: 0.3087 (0.3171)  loss_fgl_dn_2: 0.9710 (0.9928)  loss_ddf_dn_2: 0.0279 (0.0293)  loss_mal_dn_3: 1.4033 (1.4335)  loss_bbox_dn_3: 0.1737 (0.2315)  loss_giou_dn_3: 0.3037 (0.3053)  loss_fgl_dn_3: 0.9702 (0.9924)  loss_mal_dn_pre: 1.8213 (1.8446)  loss_bbox_dn_pre: 0.5172 (0.6286)  loss_giou_dn_pre: 0.7708 (0.7823)  time: 0.2625  data: 0.1494  max mem: 2550
Epoch: [86] Total time: 0:00:02 (0.2711 s / it)
Averaged stats: lr: 0.000003  loss: 37.3048 (38.1368)  loss_mal: 1.6074 (1.6331)  loss_bbox: 0.0969 (0.1404)  loss_giou: 0.2410 (0.2311)  loss_fgl: 0.9534 (0.9903)  loss_mal_aux_0: 2.3945 (2.3462)  loss_bbox_aux_0: 0.1132 (0.1693)  loss_giou_aux_0: 0.2455 (0.2686)  loss_fgl_aux_0: 0.9609 (1.0535)  loss_ddf_aux_0: 0.2430 (0.2816)  loss_mal_aux_1: 1.4561 (1.4451)  loss_bbox_aux_1: 0.0999 (0.1404)  loss_giou_aux_1: 0.2482 (0.2344)  loss_fgl_aux_1: 0.9729 (1.0015)  loss_ddf_aux_1: 0.0418 (0.0454)  loss_mal_aux_2: 1.5127 (1.5138)  loss_bbox_aux_2: 0.0947 (0.1406)  loss_giou_aux_2: 0.2421 (0.2317)  loss_fgl_aux_2: 0.9593 (0.9899)  loss_ddf_aux_2: 0.0040 (0.0042)  loss_mal_pre: 2.5605 (2.5256)  loss_bbox_pre: 0.1136 (0.1658)  loss_giou_pre: 0.2477 (0.2686)  loss_mal_enc_0: 2.9512 (3.0168)  loss_bbox_enc_0: 0.1416 (0.2016)  loss_giou_enc_0: 0.3425 (0.3412)  loss_mal_dn_0: 1.7627 (1.7751)  loss_bbox_dn_0: 0.4941 (0.6214)  loss_giou_dn_0: 0.7740 (0.7773)  loss_fgl_dn_0: 1.1583 (1.1866)  loss_ddf_dn_0: 1.8634 (1.9180)  loss_mal_dn_1: 1.2510 (1.2751)  loss_bbox_dn_1: 0.2288 (0.3090)  loss_giou_dn_1: 0.4023 (0.4125)  loss_fgl_dn_1: 1.0734 (1.0834)  loss_ddf_dn_1: 0.3799 (0.3887)  loss_mal_dn_2: 1.1826 (1.2094)  loss_bbox_dn_2: 0.1771 (0.2424)  loss_giou_dn_2: 0.3087 (0.3171)  loss_fgl_dn_2: 0.9710 (0.9928)  loss_ddf_dn_2: 0.0279 (0.0293)  loss_mal_dn_3: 1.4033 (1.4335)  loss_bbox_dn_3: 0.1737 (0.2315)  loss_giou_dn_3: 0.3037 (0.3053)  loss_fgl_dn_3: 0.9702 (0.9924)  loss_mal_dn_pre: 1.8213 (1.8446)  loss_bbox_dn_pre: 0.5172 (0.6286)  loss_giou_dn_pre: 0.7708 (0.7823)
Test:  [0/4]  eta: 0:00:01    time: 0.3771  data: 0.3454  max mem: 2550
Test:  [3/4]  eta: 0:00:00    time: 0.1139  data: 0.0882  max mem: 2550
Test: Total time: 0:00:00 (0.1310 s / it)
Averaged stats: 
Accumulating evaluation results...
COCOeval_opt.accumulate() finished...
DONE (t=0.00s).
IoU metric: bbox
 Average Precision  (AP) @[ IoU=0.50:0.95 | area=   all | maxDets=100 ] = 0.669
 Average Precision  (AP) @[ IoU=0.50      | area=   all | maxDets=100 ] = 0.767
 Average Precision  (AP) @[ IoU=0.75      | area=   all | maxDets=100 ] = 0.716
 Average Precision  (AP) @[ IoU=0.50:0.95 | area= small | maxDets=100 ] = -1.000
 Average Precision  (AP) @[ IoU=0.50:0.95 | area=medium | maxDets=100 ] = -1.000
 Average Precision  (AP) @[ IoU=0.50:0.95 | area= large | maxDets=100 ] = 0.669
 Average Recall     (AR) @[ IoU=0.50:0.95 | area=   all | maxDets=  1 ] = 0.670
 Average Recall     (AR) @[ IoU=0.50:0.95 | area=   all | maxDets= 10 ] = 0.893
 Average Recall     (AR) @[ IoU=0.50:0.95 | area=   all | maxDets=100 ] = 0.933
 Average Recall     (AR) @[ IoU=0.50:0.95 | area= small | maxDets=100 ] = -1.000
 Average Recall     (AR) @[ IoU=0.50:0.95 | area=medium | maxDets=100 ] = -1.000
 Average Recall     (AR) @[ IoU=0.50:0.95 | area= large | maxDets=100 ] = 0.933
 Average Recall     (AR) @[ IoU=0.50      | area=   all | maxDets=100 ] = 1.000
 Average Recall     (AR) @[ IoU=0.75      | area=   all | maxDets=100 ] = 1.000
best_stat: {'epoch': 81, 'coco_eval_bbox': 0.7253225974442009}
Epoch: [87]  [0/8]  eta: 0:00:07  lr: 0.000003  loss: 40.1498 (40.1498)  loss_mal: 1.6357 (1.6357)  loss_bbox: 0.2074 (0.2074)  loss_giou: 0.4187 (0.4187)  loss_fgl: 1.0494 (1.0494)  loss_mal_aux_0: 2.2676 (2.2676)  loss_bbox_aux_0: 0.2457 (0.2457)  loss_giou_aux_0: 0.4736 (0.4736)  loss_fgl_aux_0: 1.0949 (1.0949)  loss_ddf_aux_0: 0.2797 (0.2797)  loss_mal_aux_1: 1.2910 (1.2910)  loss_bbox_aux_1: 0.2105 (0.2105)  loss_giou_aux_1: 0.4240 (0.4240)  loss_fgl_aux_1: 1.0441 (1.0441)  loss_ddf_aux_1: 0.0458 (0.0458)  loss_mal_aux_2: 1.5049 (1.5049)  loss_bbox_aux_2: 0.2084 (0.2084)  loss_giou_aux_2: 0.4199 (0.4199)  loss_fgl_aux_2: 1.0446 (1.0446)  loss_ddf_aux_2: 0.0037 (0.0037)  loss_mal_pre: 2.4434 (2.4434)  loss_bbox_pre: 0.2538 (0.2538)  loss_giou_pre: 0.4806 (0.4806)  loss_mal_enc_0: 2.7734 (2.7734)  loss_bbox_enc_0: 0.3078 (0.3078)  loss_giou_enc_0: 0.5484 (0.5484)  loss_mal_dn_0: 1.6182 (1.6182)  loss_bbox_dn_0: 0.7053 (0.7053)  loss_giou_dn_0: 0.9168 (0.9168)  loss_fgl_dn_0: 1.1267 (1.1267)  loss_ddf_dn_0: 2.0694 (2.0694)  loss_mal_dn_1: 1.3232 (1.3232)  loss_bbox_dn_1: 0.3471 (0.3471)  loss_giou_dn_1: 0.5154 (0.5154)  loss_fgl_dn_1: 1.1251 (1.1251)  loss_ddf_dn_1: 0.4410 (0.4410)  loss_mal_dn_2: 1.2021 (1.2021)  loss_bbox_dn_2: 0.2684 (0.2684)  loss_giou_dn_2: 0.4108 (0.4108)  loss_fgl_dn_2: 1.0524 (1.0524)  loss_ddf_dn_2: 0.0333 (0.0333)  loss_mal_dn_3: 1.3594 (1.3594)  loss_bbox_dn_3: 0.2549 (0.2549)  loss_giou_dn_3: 0.4005 (0.4005)  loss_fgl_dn_3: 1.0583 (1.0583)  loss_mal_dn_pre: 1.6904 (1.6904)  loss_bbox_dn_pre: 0.6529 (0.6529)  loss_giou_dn_pre: 0.9011 (0.9011)  time: 0.9130  data: 0.7721  max mem: 2550
Epoch: [87]  [7/8]  eta: 0:00:00  lr: 0.000003  loss: 40.1498 (39.8524)  loss_mal: 1.5518 (1.5757)  loss_bbox: 0.1892 (0.2423)  loss_giou: 0.2347 (0.2730)  loss_fgl: 1.0494 (1.0529)  loss_mal_aux_0: 2.2676 (2.3259)  loss_bbox_aux_0: 0.2457 (0.2730)  loss_giou_aux_0: 0.2915 (0.3196)  loss_fgl_aux_0: 1.1217 (1.1032)  loss_ddf_aux_0: 0.2972 (0.3058)  loss_mal_aux_1: 1.2852 (1.3145)  loss_bbox_aux_1: 0.1896 (0.2441)  loss_giou_aux_1: 0.2397 (0.2783)  loss_fgl_aux_1: 1.0441 (1.0559)  loss_ddf_aux_1: 0.0463 (0.0485)  loss_mal_aux_2: 1.4199 (1.4374)  loss_bbox_aux_2: 0.1866 (0.2420)  loss_giou_aux_2: 0.2339 (0.2729)  loss_fgl_aux_2: 1.0446 (1.0492)  loss_ddf_aux_2: 0.0046 (0.0045)  loss_mal_pre: 2.4473 (2.5049)  loss_bbox_pre: 0.2538 (0.2752)  loss_giou_pre: 0.2946 (0.3225)  loss_mal_enc_0: 3.0273 (3.0310)  loss_bbox_enc_0: 0.3124 (0.3522)  loss_giou_enc_0: 0.3621 (0.4086)  loss_mal_dn_0: 1.6445 (1.6725)  loss_bbox_dn_0: 0.7053 (0.7314)  loss_giou_dn_0: 0.8164 (0.8334)  loss_fgl_dn_0: 1.1680 (1.1605)  loss_ddf_dn_0: 2.0618 (2.0568)  loss_mal_dn_1: 1.1914 (1.1985)  loss_bbox_dn_1: 0.3471 (0.4621)  loss_giou_dn_1: 0.4905 (0.5060)  loss_fgl_dn_1: 1.1136 (1.1066)  loss_ddf_dn_1: 0.4148 (0.4268)  loss_mal_dn_2: 1.0820 (1.1111)  loss_bbox_dn_2: 0.2726 (0.3870)  loss_giou_dn_2: 0.3792 (0.4066)  loss_fgl_dn_2: 1.0133 (1.0274)  loss_ddf_dn_2: 0.0333 (0.0355)  loss_mal_dn_3: 1.2930 (1.2943)  loss_bbox_dn_3: 0.2787 (0.3800)  loss_giou_dn_3: 0.3674 (0.3964)  loss_fgl_dn_3: 1.0136 (1.0324)  loss_mal_dn_pre: 1.7227 (1.7517)  loss_bbox_dn_pre: 0.6529 (0.7312)  loss_giou_dn_pre: 0.8208 (0.8309)  time: 0.2488  data: 0.1344  max mem: 2550
Epoch: [87] Total time: 0:00:02 (0.2582 s / it)
Averaged stats: lr: 0.000003  loss: 40.1498 (39.8524)  loss_mal: 1.5518 (1.5757)  loss_bbox: 0.1892 (0.2423)  loss_giou: 0.2347 (0.2730)  loss_fgl: 1.0494 (1.0529)  loss_mal_aux_0: 2.2676 (2.3259)  loss_bbox_aux_0: 0.2457 (0.2730)  loss_giou_aux_0: 0.2915 (0.3196)  loss_fgl_aux_0: 1.1217 (1.1032)  loss_ddf_aux_0: 0.2972 (0.3058)  loss_mal_aux_1: 1.2852 (1.3145)  loss_bbox_aux_1: 0.1896 (0.2441)  loss_giou_aux_1: 0.2397 (0.2783)  loss_fgl_aux_1: 1.0441 (1.0559)  loss_ddf_aux_1: 0.0463 (0.0485)  loss_mal_aux_2: 1.4199 (1.4374)  loss_bbox_aux_2: 0.1866 (0.2420)  loss_giou_aux_2: 0.2339 (0.2729)  loss_fgl_aux_2: 1.0446 (1.0492)  loss_ddf_aux_2: 0.0046 (0.0045)  loss_mal_pre: 2.4473 (2.5049)  loss_bbox_pre: 0.2538 (0.2752)  loss_giou_pre: 0.2946 (0.3225)  loss_mal_enc_0: 3.0273 (3.0310)  loss_bbox_enc_0: 0.3124 (0.3522)  loss_giou_enc_0: 0.3621 (0.4086)  loss_mal_dn_0: 1.6445 (1.6725)  loss_bbox_dn_0: 0.7053 (0.7314)  loss_giou_dn_0: 0.8164 (0.8334)  loss_fgl_dn_0: 1.1680 (1.1605)  loss_ddf_dn_0: 2.0618 (2.0568)  loss_mal_dn_1: 1.1914 (1.1985)  loss_bbox_dn_1: 0.3471 (0.4621)  loss_giou_dn_1: 0.4905 (0.5060)  loss_fgl_dn_1: 1.1136 (1.1066)  loss_ddf_dn_1: 0.4148 (0.4268)  loss_mal_dn_2: 1.0820 (1.1111)  loss_bbox_dn_2: 0.2726 (0.3870)  loss_giou_dn_2: 0.3792 (0.4066)  loss_fgl_dn_2: 1.0133 (1.0274)  loss_ddf_dn_2: 0.0333 (0.0355)  loss_mal_dn_3: 1.2930 (1.2943)  loss_bbox_dn_3: 0.2787 (0.3800)  loss_giou_dn_3: 0.3674 (0.3964)  loss_fgl_dn_3: 1.0136 (1.0324)  loss_mal_dn_pre: 1.7227 (1.7517)  loss_bbox_dn_pre: 0.6529 (0.7312)  loss_giou_dn_pre: 0.8208 (0.8309)
Test:  [0/4]  eta: 0:00:01    time: 0.3852  data: 0.3539  max mem: 2550
Test:  [3/4]  eta: 0:00:00    time: 0.1158  data: 0.0903  max mem: 2550
Test: Total time: 0:00:00 (0.1304 s / it)
Averaged stats: 
Accumulating evaluation results...
COCOeval_opt.accumulate() finished...
DONE (t=0.00s).
IoU metric: bbox
 Average Precision  (AP) @[ IoU=0.50:0.95 | area=   all | maxDets=100 ] = 0.659
 Average Precision  (AP) @[ IoU=0.50      | area=   all | maxDets=100 ] = 0.759
 Average Precision  (AP) @[ IoU=0.75      | area=   all | maxDets=100 ] = 0.704
 Average Precision  (AP) @[ IoU=0.50:0.95 | area= small | maxDets=100 ] = -1.000
 Average Precision  (AP) @[ IoU=0.50:0.95 | area=medium | maxDets=100 ] = -1.000
 Average Precision  (AP) @[ IoU=0.50:0.95 | area= large | maxDets=100 ] = 0.659
 Average Recall     (AR) @[ IoU=0.50:0.95 | area=   all | maxDets=  1 ] = 0.710
 Average Recall     (AR) @[ IoU=0.50:0.95 | area=   all | maxDets= 10 ] = 0.897
 Average Recall     (AR) @[ IoU=0.50:0.95 | area=   all | maxDets=100 ] = 0.937
 Average Recall     (AR) @[ IoU=0.50:0.95 | area= small | maxDets=100 ] = -1.000
 Average Recall     (AR) @[ IoU=0.50:0.95 | area=medium | maxDets=100 ] = -1.000
 Average Recall     (AR) @[ IoU=0.50:0.95 | area= large | maxDets=100 ] = 0.937
 Average Recall     (AR) @[ IoU=0.50      | area=   all | maxDets=100 ] = 1.000
 Average Recall     (AR) @[ IoU=0.75      | area=   all | maxDets=100 ] = 1.000
best_stat: {'epoch': 81, 'coco_eval_bbox': 0.7253225974442009}
Epoch: [88]  [0/8]  eta: 0:00:08  lr: 0.000003  loss: 40.6842 (40.6842)  loss_mal: 1.8877 (1.8877)  loss_bbox: 0.2355 (0.2355)  loss_giou: 0.2203 (0.2203)  loss_fgl: 0.9575 (0.9575)  loss_mal_aux_0: 2.2520 (2.2520)  loss_bbox_aux_0: 0.6021 (0.6021)  loss_giou_aux_0: 0.4851 (0.4851)  loss_fgl_aux_0: 0.9055 (0.9055)  loss_ddf_aux_0: 0.2445 (0.2445)  loss_mal_aux_1: 1.9385 (1.9385)  loss_bbox_aux_1: 0.3042 (0.3042)  loss_giou_aux_1: 0.2724 (0.2724)  loss_fgl_aux_1: 0.9437 (0.9437)  loss_ddf_aux_1: 0.0596 (0.0596)  loss_mal_aux_2: 1.8281 (1.8281)  loss_bbox_aux_2: 0.2953 (0.2953)  loss_giou_aux_2: 0.2781 (0.2781)  loss_fgl_aux_2: 0.8993 (0.8993)  loss_ddf_aux_2: 0.0043 (0.0043)  loss_mal_pre: 2.5215 (2.5215)  loss_bbox_pre: 0.4512 (0.4512)  loss_giou_pre: 0.4236 (0.4236)  loss_mal_enc_0: 3.0703 (3.0703)  loss_bbox_enc_0: 0.6560 (0.6560)  loss_giou_enc_0: 0.5627 (0.5627)  loss_mal_dn_0: 1.6553 (1.6553)  loss_bbox_dn_0: 0.7271 (0.7271)  loss_giou_dn_0: 0.7853 (0.7853)  loss_fgl_dn_0: 1.1646 (1.1646)  loss_ddf_dn_0: 1.7488 (1.7488)  loss_mal_dn_1: 1.2100 (1.2100)  loss_bbox_dn_1: 0.3807 (0.3807)  loss_giou_dn_1: 0.4199 (0.4199)  loss_fgl_dn_1: 1.0575 (1.0575)  loss_ddf_dn_1: 0.3501 (0.3501)  loss_mal_dn_2: 1.1621 (1.1621)  loss_bbox_dn_2: 0.2817 (0.2817)  loss_giou_dn_2: 0.3017 (0.3017)  loss_fgl_dn_2: 0.9627 (0.9627)  loss_ddf_dn_2: 0.0271 (0.0271)  loss_mal_dn_3: 1.3525 (1.3525)  loss_bbox_dn_3: 0.2587 (0.2587)  loss_giou_dn_3: 0.2866 (0.2866)  loss_fgl_dn_3: 0.9656 (0.9656)  loss_mal_dn_pre: 1.7588 (1.7588)  loss_bbox_dn_pre: 0.7451 (0.7451)  loss_giou_dn_pre: 0.7833 (0.7833)  time: 1.0778  data: 0.9340  max mem: 2550
Epoch: [88]  [7/8]  eta: 0:00:00  lr: 0.000003  loss: 36.5771 (37.5531)  loss_mal: 1.5049 (1.5564)  loss_bbox: 0.1145 (0.1798)  loss_giou: 0.1934 (0.2025)  loss_fgl: 0.9575 (0.9445)  loss_mal_aux_0: 2.2012 (2.2358)  loss_bbox_aux_0: 0.1653 (0.2562)  loss_giou_aux_0: 0.2345 (0.2697)  loss_fgl_aux_0: 0.9953 (0.9826)  loss_ddf_aux_0: 0.2423 (0.2378)  loss_mal_aux_1: 1.2930 (1.3910)  loss_bbox_aux_1: 0.1229 (0.1960)  loss_giou_aux_1: 0.1947 (0.2149)  loss_fgl_aux_1: 0.9514 (0.9384)  loss_ddf_aux_1: 0.0381 (0.0416)  loss_mal_aux_2: 1.3193 (1.4253)  loss_bbox_aux_2: 0.1138 (0.1879)  loss_giou_aux_2: 0.1923 (0.2099)  loss_fgl_aux_2: 0.9512 (0.9374)  loss_ddf_aux_2: 0.0032 (0.0037)  loss_mal_pre: 2.4316 (2.4509)  loss_bbox_pre: 0.1876 (0.2330)  loss_giou_pre: 0.2392 (0.2604)  loss_mal_enc_0: 3.0527 (3.0200)  loss_bbox_enc_0: 0.2177 (0.3196)  loss_giou_enc_0: 0.3279 (0.3641)  loss_mal_dn_0: 1.6855 (1.7111)  loss_bbox_dn_0: 0.7271 (0.7129)  loss_giou_dn_0: 0.7162 (0.7655)  loss_fgl_dn_0: 1.1394 (1.1406)  loss_ddf_dn_0: 1.6828 (1.9421)  loss_mal_dn_1: 1.1621 (1.1644)  loss_bbox_dn_1: 0.3226 (0.3837)  loss_giou_dn_1: 0.3517 (0.4114)  loss_fgl_dn_1: 1.0317 (1.0420)  loss_ddf_dn_1: 0.3534 (0.4090)  loss_mal_dn_2: 1.1025 (1.1162)  loss_bbox_dn_2: 0.1949 (0.2849)  loss_giou_dn_2: 0.2610 (0.3084)  loss_fgl_dn_2: 0.9414 (0.9540)  loss_ddf_dn_2: 0.0280 (0.0315)  loss_mal_dn_3: 1.2930 (1.2977)  loss_bbox_dn_3: 0.1810 (0.2661)  loss_giou_dn_3: 0.2494 (0.2943)  loss_fgl_dn_3: 0.9438 (0.9547)  loss_mal_dn_pre: 1.7588 (1.8026)  loss_bbox_dn_pre: 0.7451 (0.7324)  loss_giou_dn_pre: 0.7352 (0.7682)  time: 0.2336  data: 0.1191  max mem: 2550
Epoch: [88] Total time: 0:00:01 (0.2409 s / it)
Averaged stats: lr: 0.000003  loss: 36.5771 (37.5531)  loss_mal: 1.5049 (1.5564)  loss_bbox: 0.1145 (0.1798)  loss_giou: 0.1934 (0.2025)  loss_fgl: 0.9575 (0.9445)  loss_mal_aux_0: 2.2012 (2.2358)  loss_bbox_aux_0: 0.1653 (0.2562)  loss_giou_aux_0: 0.2345 (0.2697)  loss_fgl_aux_0: 0.9953 (0.9826)  loss_ddf_aux_0: 0.2423 (0.2378)  loss_mal_aux_1: 1.2930 (1.3910)  loss_bbox_aux_1: 0.1229 (0.1960)  loss_giou_aux_1: 0.1947 (0.2149)  loss_fgl_aux_1: 0.9514 (0.9384)  loss_ddf_aux_1: 0.0381 (0.0416)  loss_mal_aux_2: 1.3193 (1.4253)  loss_bbox_aux_2: 0.1138 (0.1879)  loss_giou_aux_2: 0.1923 (0.2099)  loss_fgl_aux_2: 0.9512 (0.9374)  loss_ddf_aux_2: 0.0032 (0.0037)  loss_mal_pre: 2.4316 (2.4509)  loss_bbox_pre: 0.1876 (0.2330)  loss_giou_pre: 0.2392 (0.2604)  loss_mal_enc_0: 3.0527 (3.0200)  loss_bbox_enc_0: 0.2177 (0.3196)  loss_giou_enc_0: 0.3279 (0.3641)  loss_mal_dn_0: 1.6855 (1.7111)  loss_bbox_dn_0: 0.7271 (0.7129)  loss_giou_dn_0: 0.7162 (0.7655)  loss_fgl_dn_0: 1.1394 (1.1406)  loss_ddf_dn_0: 1.6828 (1.9421)  loss_mal_dn_1: 1.1621 (1.1644)  loss_bbox_dn_1: 0.3226 (0.3837)  loss_giou_dn_1: 0.3517 (0.4114)  loss_fgl_dn_1: 1.0317 (1.0420)  loss_ddf_dn_1: 0.3534 (0.4090)  loss_mal_dn_2: 1.1025 (1.1162)  loss_bbox_dn_2: 0.1949 (0.2849)  loss_giou_dn_2: 0.2610 (0.3084)  loss_fgl_dn_2: 0.9414 (0.9540)  loss_ddf_dn_2: 0.0280 (0.0315)  loss_mal_dn_3: 1.2930 (1.2977)  loss_bbox_dn_3: 0.1810 (0.2661)  loss_giou_dn_3: 0.2494 (0.2943)  loss_fgl_dn_3: 0.9438 (0.9547)  loss_mal_dn_pre: 1.7588 (1.8026)  loss_bbox_dn_pre: 0.7451 (0.7324)  loss_giou_dn_pre: 0.7352 (0.7682)
Test:  [0/4]  eta: 0:00:01    time: 0.3544  data: 0.3220  max mem: 2550
Test:  [3/4]  eta: 0:00:00    time: 0.1096  data: 0.0835  max mem: 2550
Test: Total time: 0:00:00 (0.1339 s / it)
Averaged stats: 
Accumulating evaluation results...
COCOeval_opt.accumulate() finished...
DONE (t=0.00s).
IoU metric: bbox
 Average Precision  (AP) @[ IoU=0.50:0.95 | area=   all | maxDets=100 ] = 0.639
 Average Precision  (AP) @[ IoU=0.50      | area=   all | maxDets=100 ] = 0.744
 Average Precision  (AP) @[ IoU=0.75      | area=   all | maxDets=100 ] = 0.686
 Average Precision  (AP) @[ IoU=0.50:0.95 | area= small | maxDets=100 ] = -1.000
 Average Precision  (AP) @[ IoU=0.50:0.95 | area=medium | maxDets=100 ] = -1.000
 Average Precision  (AP) @[ IoU=0.50:0.95 | area= large | maxDets=100 ] = 0.639
 Average Recall     (AR) @[ IoU=0.50:0.95 | area=   all | maxDets=  1 ] = 0.710
 Average Recall     (AR) @[ IoU=0.50:0.95 | area=   all | maxDets= 10 ] = 0.897
 Average Recall     (AR) @[ IoU=0.50:0.95 | area=   all | maxDets=100 ] = 0.940
 Average Recall     (AR) @[ IoU=0.50:0.95 | area= small | maxDets=100 ] = -1.000
 Average Recall     (AR) @[ IoU=0.50:0.95 | area=medium | maxDets=100 ] = -1.000
 Average Recall     (AR) @[ IoU=0.50:0.95 | area= large | maxDets=100 ] = 0.940
 Average Recall     (AR) @[ IoU=0.50      | area=   all | maxDets=100 ] = 1.000
 Average Recall     (AR) @[ IoU=0.75      | area=   all | maxDets=100 ] = 1.000
best_stat: {'epoch': 81, 'coco_eval_bbox': 0.7253225974442009}
Epoch: [89]  [0/8]  eta: 0:00:07  lr: 0.000003  loss: 35.7370 (35.7370)  loss_mal: 1.4834 (1.4834)  loss_bbox: 0.0797 (0.0797)  loss_giou: 0.1717 (0.1717)  loss_fgl: 0.9235 (0.9235)  loss_mal_aux_0: 2.1582 (2.1582)  loss_bbox_aux_0: 0.1091 (0.1091)  loss_giou_aux_0: 0.2415 (0.2415)  loss_fgl_aux_0: 1.0866 (1.0866)  loss_ddf_aux_0: 0.2892 (0.2892)  loss_mal_aux_1: 1.2266 (1.2266)  loss_bbox_aux_1: 0.0842 (0.0842)  loss_giou_aux_1: 0.1836 (0.1836)  loss_fgl_aux_1: 0.9538 (0.9538)  loss_ddf_aux_1: 0.0435 (0.0435)  loss_mal_aux_2: 1.2900 (1.2900)  loss_bbox_aux_2: 0.0807 (0.0807)  loss_giou_aux_2: 0.1716 (0.1716)  loss_fgl_aux_2: 0.9255 (0.9255)  loss_ddf_aux_2: 0.0046 (0.0046)  loss_mal_pre: 2.4434 (2.4434)  loss_bbox_pre: 0.1095 (0.1095)  loss_giou_pre: 0.2379 (0.2379)  loss_mal_enc_0: 3.1191 (3.1191)  loss_bbox_enc_0: 0.1454 (0.1454)  loss_giou_enc_0: 0.3103 (0.3103)  loss_mal_dn_0: 1.7109 (1.7109)  loss_bbox_dn_0: 0.4419 (0.4419)  loss_giou_dn_0: 0.7752 (0.7752)  loss_fgl_dn_0: 1.0935 (1.0935)  loss_ddf_dn_0: 2.4966 (2.4966)  loss_mal_dn_1: 1.0996 (1.0996)  loss_bbox_dn_1: 0.2101 (0.2101)  loss_giou_dn_1: 0.4092 (0.4092)  loss_fgl_dn_1: 0.9738 (0.9738)  loss_ddf_dn_1: 0.4804 (0.4804)  loss_mal_dn_2: 1.0908 (1.0908)  loss_bbox_dn_2: 0.1642 (0.1642)  loss_giou_dn_2: 0.3142 (0.3142)  loss_fgl_dn_2: 0.8956 (0.8956)  loss_ddf_dn_2: 0.0350 (0.0350)  loss_mal_dn_3: 1.2900 (1.2900)  loss_bbox_dn_3: 0.1568 (0.1568)  loss_giou_dn_3: 0.3078 (0.3078)  loss_fgl_dn_3: 0.8931 (0.8931)  loss_mal_dn_pre: 1.7979 (1.7979)  loss_bbox_dn_pre: 0.4521 (0.4521)  loss_giou_dn_pre: 0.7758 (0.7758)  time: 0.9251  data: 0.7653  max mem: 2550
Epoch: [89]  [7/8]  eta: 0:00:00  lr: 0.000003  loss: 35.7370 (36.4116)  loss_mal: 1.4980 (1.4839)  loss_bbox: 0.1134 (0.1270)  loss_giou: 0.1611 (0.1654)  loss_fgl: 0.9029 (0.9116)  loss_mal_aux_0: 2.2031 (2.2185)  loss_bbox_aux_0: 0.1266 (0.1481)  loss_giou_aux_0: 0.2045 (0.2036)  loss_fgl_aux_0: 0.9763 (0.9837)  loss_ddf_aux_0: 0.2463 (0.2421)  loss_mal_aux_1: 1.3252 (1.3672)  loss_bbox_aux_1: 0.1104 (0.1290)  loss_giou_aux_1: 0.1757 (0.1730)  loss_fgl_aux_1: 0.9268 (0.9201)  loss_ddf_aux_1: 0.0432 (0.0399)  loss_mal_aux_2: 1.3115 (1.3594)  loss_bbox_aux_2: 0.1132 (0.1270)  loss_giou_aux_2: 0.1606 (0.1653)  loss_fgl_aux_2: 0.9027 (0.9107)  loss_ddf_aux_2: 0.0034 (0.0034)  loss_mal_pre: 2.4043 (2.4558)  loss_bbox_pre: 0.1290 (0.1527)  loss_giou_pre: 0.2016 (0.2068)  loss_mal_enc_0: 2.9922 (3.0554)  loss_bbox_enc_0: 0.2200 (0.2331)  loss_giou_enc_0: 0.2646 (0.2960)  loss_mal_dn_0: 1.6982 (1.6500)  loss_bbox_dn_0: 0.6095 (0.7436)  loss_giou_dn_0: 0.7752 (0.7754)  loss_fgl_dn_0: 1.0935 (1.1033)  loss_ddf_dn_0: 2.0803 (1.9553)  loss_mal_dn_1: 1.0996 (1.1116)  loss_bbox_dn_1: 0.2794 (0.3787)  loss_giou_dn_1: 0.4092 (0.4225)  loss_fgl_dn_1: 1.0290 (1.0349)  loss_ddf_dn_1: 0.4493 (0.4314)  loss_mal_dn_2: 1.0664 (1.0951)  loss_bbox_dn_2: 0.1820 (0.2828)  loss_giou_dn_2: 0.3007 (0.3168)  loss_fgl_dn_2: 0.9347 (0.9408)  loss_ddf_dn_2: 0.0326 (0.0330)  loss_mal_dn_3: 1.2490 (1.2700)  loss_bbox_dn_3: 0.1735 (0.2697)  loss_giou_dn_3: 0.2764 (0.3056)  loss_fgl_dn_3: 0.9392 (0.9414)  loss_mal_dn_pre: 1.7891 (1.7450)  loss_bbox_dn_pre: 0.6328 (0.7493)  loss_giou_dn_pre: 0.7758 (0.7764)  time: 0.2273  data: 0.1107  max mem: 2550
Epoch: [89] Total time: 0:00:01 (0.2348 s / it)
Averaged stats: lr: 0.000003  loss: 35.7370 (36.4116)  loss_mal: 1.4980 (1.4839)  loss_bbox: 0.1134 (0.1270)  loss_giou: 0.1611 (0.1654)  loss_fgl: 0.9029 (0.9116)  loss_mal_aux_0: 2.2031 (2.2185)  loss_bbox_aux_0: 0.1266 (0.1481)  loss_giou_aux_0: 0.2045 (0.2036)  loss_fgl_aux_0: 0.9763 (0.9837)  loss_ddf_aux_0: 0.2463 (0.2421)  loss_mal_aux_1: 1.3252 (1.3672)  loss_bbox_aux_1: 0.1104 (0.1290)  loss_giou_aux_1: 0.1757 (0.1730)  loss_fgl_aux_1: 0.9268 (0.9201)  loss_ddf_aux_1: 0.0432 (0.0399)  loss_mal_aux_2: 1.3115 (1.3594)  loss_bbox_aux_2: 0.1132 (0.1270)  loss_giou_aux_2: 0.1606 (0.1653)  loss_fgl_aux_2: 0.9027 (0.9107)  loss_ddf_aux_2: 0.0034 (0.0034)  loss_mal_pre: 2.4043 (2.4558)  loss_bbox_pre: 0.1290 (0.1527)  loss_giou_pre: 0.2016 (0.2068)  loss_mal_enc_0: 2.9922 (3.0554)  loss_bbox_enc_0: 0.2200 (0.2331)  loss_giou_enc_0: 0.2646 (0.2960)  loss_mal_dn_0: 1.6982 (1.6500)  loss_bbox_dn_0: 0.6095 (0.7436)  loss_giou_dn_0: 0.7752 (0.7754)  loss_fgl_dn_0: 1.0935 (1.1033)  loss_ddf_dn_0: 2.0803 (1.9553)  loss_mal_dn_1: 1.0996 (1.1116)  loss_bbox_dn_1: 0.2794 (0.3787)  loss_giou_dn_1: 0.4092 (0.4225)  loss_fgl_dn_1: 1.0290 (1.0349)  loss_ddf_dn_1: 0.4493 (0.4314)  loss_mal_dn_2: 1.0664 (1.0951)  loss_bbox_dn_2: 0.1820 (0.2828)  loss_giou_dn_2: 0.3007 (0.3168)  loss_fgl_dn_2: 0.9347 (0.9408)  loss_ddf_dn_2: 0.0326 (0.0330)  loss_mal_dn_3: 1.2490 (1.2700)  loss_bbox_dn_3: 0.1735 (0.2697)  loss_giou_dn_3: 0.2764 (0.3056)  loss_fgl_dn_3: 0.9392 (0.9414)  loss_mal_dn_pre: 1.7891 (1.7450)  loss_bbox_dn_pre: 0.6328 (0.7493)  loss_giou_dn_pre: 0.7758 (0.7764)
Test:  [0/4]  eta: 0:00:01    time: 0.3814  data: 0.3490  max mem: 2550
Test:  [3/4]  eta: 0:00:00    time: 0.1154  data: 0.0892  max mem: 2550
Test: Total time: 0:00:00 (0.1320 s / it)
Averaged stats: 
Accumulating evaluation results...
COCOeval_opt.accumulate() finished...
DONE (t=0.00s).
IoU metric: bbox
 Average Precision  (AP) @[ IoU=0.50:0.95 | area=   all | maxDets=100 ] = 0.692
 Average Precision  (AP) @[ IoU=0.50      | area=   all | maxDets=100 ] = 0.798
 Average Precision  (AP) @[ IoU=0.75      | area=   all | maxDets=100 ] = 0.741
 Average Precision  (AP) @[ IoU=0.50:0.95 | area= small | maxDets=100 ] = -1.000
 Average Precision  (AP) @[ IoU=0.50:0.95 | area=medium | maxDets=100 ] = -1.000
 Average Precision  (AP) @[ IoU=0.50:0.95 | area= large | maxDets=100 ] = 0.692
 Average Recall     (AR) @[ IoU=0.50:0.95 | area=   all | maxDets=  1 ] = 0.747
 Average Recall     (AR) @[ IoU=0.50:0.95 | area=   all | maxDets= 10 ] = 0.907
 Average Recall     (AR) @[ IoU=0.50:0.95 | area=   all | maxDets=100 ] = 0.933
 Average Recall     (AR) @[ IoU=0.50:0.95 | area= small | maxDets=100 ] = -1.000
 Average Recall     (AR) @[ IoU=0.50:0.95 | area=medium | maxDets=100 ] = -1.000
 Average Recall     (AR) @[ IoU=0.50:0.95 | area= large | maxDets=100 ] = 0.933
 Average Recall     (AR) @[ IoU=0.50      | area=   all | maxDets=100 ] = 1.000
 Average Recall     (AR) @[ IoU=0.75      | area=   all | maxDets=100 ] = 1.000
best_stat: {'epoch': 81, 'coco_eval_bbox': 0.7253225974442009}
Epoch: [90]  [0/8]  eta: 0:00:06  lr: 0.000003  loss: 35.4571 (35.4571)  loss_mal: 1.4521 (1.4521)  loss_bbox: 0.0804 (0.0804)  loss_giou: 0.1454 (0.1454)  loss_fgl: 0.8269 (0.8269)  loss_mal_aux_0: 2.2832 (2.2832)  loss_bbox_aux_0: 0.1562 (0.1562)  loss_giou_aux_0: 0.1882 (0.1882)  loss_fgl_aux_0: 0.8943 (0.8943)  loss_ddf_aux_0: 0.1909 (0.1909)  loss_mal_aux_1: 1.7920 (1.7920)  loss_bbox_aux_1: 0.0774 (0.0774)  loss_giou_aux_1: 0.1447 (0.1447)  loss_fgl_aux_1: 0.8289 (0.8289)  loss_ddf_aux_1: 0.0342 (0.0342)  loss_mal_aux_2: 1.5420 (1.5420)  loss_bbox_aux_2: 0.0796 (0.0796)  loss_giou_aux_2: 0.1495 (0.1495)  loss_fgl_aux_2: 0.8279 (0.8279)  loss_ddf_aux_2: 0.0027 (0.0027)  loss_mal_pre: 2.4668 (2.4668)  loss_bbox_pre: 0.1540 (0.1540)  loss_giou_pre: 0.1832 (0.1832)  loss_mal_enc_0: 2.9844 (2.9844)  loss_bbox_enc_0: 0.3628 (0.3628)  loss_giou_enc_0: 0.3362 (0.3362)  loss_mal_dn_0: 1.6084 (1.6084)  loss_bbox_dn_0: 0.6610 (0.6610)  loss_giou_dn_0: 0.7921 (0.7921)  loss_fgl_dn_0: 1.0801 (1.0801)  loss_ddf_dn_0: 1.9380 (1.9380)  loss_mal_dn_1: 1.0117 (1.0117)  loss_bbox_dn_1: 0.3040 (0.3040)  loss_giou_dn_1: 0.3872 (0.3872)  loss_fgl_dn_1: 0.9944 (0.9944)  loss_ddf_dn_1: 0.4303 (0.4303)  loss_mal_dn_2: 1.0479 (1.0479)  loss_bbox_dn_2: 0.1719 (0.1719)  loss_giou_dn_2: 0.2478 (0.2478)  loss_fgl_dn_2: 0.8869 (0.8869)  loss_ddf_dn_2: 0.0302 (0.0302)  loss_mal_dn_3: 1.2314 (1.2314)  loss_bbox_dn_3: 0.1614 (0.1614)  loss_giou_dn_3: 0.2365 (0.2365)  loss_fgl_dn_3: 0.8863 (0.8863)  loss_mal_dn_pre: 1.6836 (1.6836)  loss_bbox_dn_pre: 0.6773 (0.6773)  loss_giou_dn_pre: 0.8046 (0.8046)  time: 0.8043  data: 0.6551  max mem: 2550
Epoch: [90]  [7/8]  eta: 0:00:00  lr: 0.000003  loss: 35.0458 (36.6056)  loss_mal: 1.3740 (1.3853)  loss_bbox: 0.0878 (0.1269)  loss_giou: 0.2179 (0.2264)  loss_fgl: 1.0100 (1.0311)  loss_mal_aux_0: 1.9805 (2.0793)  loss_bbox_aux_0: 0.1163 (0.1695)  loss_giou_aux_0: 0.2740 (0.2798)  loss_fgl_aux_0: 1.1378 (1.1181)  loss_ddf_aux_0: 0.3034 (0.2921)  loss_mal_aux_1: 1.2881 (1.3610)  loss_bbox_aux_1: 0.0958 (0.1296)  loss_giou_aux_1: 0.2304 (0.2333)  loss_fgl_aux_1: 1.0366 (1.0318)  loss_ddf_aux_1: 0.0536 (0.0499)  loss_mal_aux_2: 1.2275 (1.3025)  loss_bbox_aux_2: 0.0886 (0.1264)  loss_giou_aux_2: 0.2175 (0.2259)  loss_fgl_aux_2: 1.0005 (1.0270)  loss_ddf_aux_2: 0.0037 (0.0046)  loss_mal_pre: 2.2207 (2.2827)  loss_bbox_pre: 0.1244 (0.1738)  loss_giou_pre: 0.2640 (0.2840)  loss_mal_enc_0: 2.8574 (2.8547)  loss_bbox_enc_0: 0.1973 (0.2561)  loss_giou_enc_0: 0.3471 (0.3967)  loss_mal_dn_0: 1.6377 (1.6359)  loss_bbox_dn_0: 0.4272 (0.5101)  loss_giou_dn_0: 0.6833 (0.7458)  loss_fgl_dn_0: 1.1761 (1.1899)  loss_ddf_dn_0: 2.2198 (2.2134)  loss_mal_dn_1: 1.0225 (1.0439)  loss_bbox_dn_1: 0.1932 (0.3021)  loss_giou_dn_1: 0.3891 (0.4425)  loss_fgl_dn_1: 1.0898 (1.1089)  loss_ddf_dn_1: 0.4423 (0.4646)  loss_mal_dn_2: 1.0352 (1.0345)  loss_bbox_dn_2: 0.1429 (0.2375)  loss_giou_dn_2: 0.3169 (0.3539)  loss_fgl_dn_2: 1.0121 (1.0275)  loss_ddf_dn_2: 0.0367 (0.0365)  loss_mal_dn_3: 1.2139 (1.2008)  loss_bbox_dn_3: 0.1392 (0.2310)  loss_giou_dn_3: 0.3093 (0.3442)  loss_fgl_dn_3: 1.0132 (1.0306)  loss_mal_dn_pre: 1.7627 (1.7466)  loss_bbox_dn_pre: 0.4489 (0.5143)  loss_giou_dn_pre: 0.6818 (0.7429)  time: 0.2717  data: 0.1544  max mem: 2550
Epoch: [90] Total time: 0:00:02 (0.2831 s / it)
Averaged stats: lr: 0.000003  loss: 35.0458 (36.6056)  loss_mal: 1.3740 (1.3853)  loss_bbox: 0.0878 (0.1269)  loss_giou: 0.2179 (0.2264)  loss_fgl: 1.0100 (1.0311)  loss_mal_aux_0: 1.9805 (2.0793)  loss_bbox_aux_0: 0.1163 (0.1695)  loss_giou_aux_0: 0.2740 (0.2798)  loss_fgl_aux_0: 1.1378 (1.1181)  loss_ddf_aux_0: 0.3034 (0.2921)  loss_mal_aux_1: 1.2881 (1.3610)  loss_bbox_aux_1: 0.0958 (0.1296)  loss_giou_aux_1: 0.2304 (0.2333)  loss_fgl_aux_1: 1.0366 (1.0318)  loss_ddf_aux_1: 0.0536 (0.0499)  loss_mal_aux_2: 1.2275 (1.3025)  loss_bbox_aux_2: 0.0886 (0.1264)  loss_giou_aux_2: 0.2175 (0.2259)  loss_fgl_aux_2: 1.0005 (1.0270)  loss_ddf_aux_2: 0.0037 (0.0046)  loss_mal_pre: 2.2207 (2.2827)  loss_bbox_pre: 0.1244 (0.1738)  loss_giou_pre: 0.2640 (0.2840)  loss_mal_enc_0: 2.8574 (2.8547)  loss_bbox_enc_0: 0.1973 (0.2561)  loss_giou_enc_0: 0.3471 (0.3967)  loss_mal_dn_0: 1.6377 (1.6359)  loss_bbox_dn_0: 0.4272 (0.5101)  loss_giou_dn_0: 0.6833 (0.7458)  loss_fgl_dn_0: 1.1761 (1.1899)  loss_ddf_dn_0: 2.2198 (2.2134)  loss_mal_dn_1: 1.0225 (1.0439)  loss_bbox_dn_1: 0.1932 (0.3021)  loss_giou_dn_1: 0.3891 (0.4425)  loss_fgl_dn_1: 1.0898 (1.1089)  loss_ddf_dn_1: 0.4423 (0.4646)  loss_mal_dn_2: 1.0352 (1.0345)  loss_bbox_dn_2: 0.1429 (0.2375)  loss_giou_dn_2: 0.3169 (0.3539)  loss_fgl_dn_2: 1.0121 (1.0275)  loss_ddf_dn_2: 0.0367 (0.0365)  loss_mal_dn_3: 1.2139 (1.2008)  loss_bbox_dn_3: 0.1392 (0.2310)  loss_giou_dn_3: 0.3093 (0.3442)  loss_fgl_dn_3: 1.0132 (1.0306)  loss_mal_dn_pre: 1.7627 (1.7466)  loss_bbox_dn_pre: 0.4489 (0.5143)  loss_giou_dn_pre: 0.6818 (0.7429)
Test:  [0/4]  eta: 0:00:01    time: 0.3681  data: 0.3354  max mem: 2550
Test:  [3/4]  eta: 0:00:00    time: 0.1119  data: 0.0859  max mem: 2550
Test: Total time: 0:00:00 (0.1322 s / it)
Averaged stats: 
Accumulating evaluation results...
COCOeval_opt.accumulate() finished...
DONE (t=0.00s).
IoU metric: bbox
 Average Precision  (AP) @[ IoU=0.50:0.95 | area=   all | maxDets=100 ] = 0.790
 Average Precision  (AP) @[ IoU=0.50      | area=   all | maxDets=100 ] = 0.927
 Average Precision  (AP) @[ IoU=0.75      | area=   all | maxDets=100 ] = 0.836
 Average Precision  (AP) @[ IoU=0.50:0.95 | area= small | maxDets=100 ] = -1.000
 Average Precision  (AP) @[ IoU=0.50:0.95 | area=medium | maxDets=100 ] = -1.000
 Average Precision  (AP) @[ IoU=0.50:0.95 | area= large | maxDets=100 ] = 0.790
 Average Recall     (AR) @[ IoU=0.50:0.95 | area=   all | maxDets=  1 ] = 0.763
 Average Recall     (AR) @[ IoU=0.50:0.95 | area=   all | maxDets= 10 ] = 0.903
 Average Recall     (AR) @[ IoU=0.50:0.95 | area=   all | maxDets=100 ] = 0.947
 Average Recall     (AR) @[ IoU=0.50:0.95 | area= small | maxDets=100 ] = -1.000
 Average Recall     (AR) @[ IoU=0.50:0.95 | area=medium | maxDets=100 ] = -1.000
 Average Recall     (AR) @[ IoU=0.50:0.95 | area= large | maxDets=100 ] = 0.947
 Average Recall     (AR) @[ IoU=0.50      | area=   all | maxDets=100 ] = 1.000
 Average Recall     (AR) @[ IoU=0.75      | area=   all | maxDets=100 ] = 1.000
best_stat: {'epoch': 90, 'coco_eval_bbox': 0.7899636614211258}
Epoch: [91]  [0/8]  eta: 0:00:09  lr: 0.000003  loss: 34.4577 (34.4577)  loss_mal: 1.4287 (1.4287)  loss_bbox: 0.0614 (0.0614)  loss_giou: 0.1500 (0.1500)  loss_fgl: 0.8885 (0.8885)  loss_mal_aux_0: 2.2285 (2.2285)  loss_bbox_aux_0: 0.0808 (0.0808)  loss_giou_aux_0: 0.1792 (0.1792)  loss_fgl_aux_0: 0.9566 (0.9566)  loss_ddf_aux_0: 0.2056 (0.2056)  loss_mal_aux_1: 1.5947 (1.5947)  loss_bbox_aux_1: 0.0658 (0.0658)  loss_giou_aux_1: 0.1518 (0.1518)  loss_fgl_aux_1: 0.8937 (0.8937)  loss_ddf_aux_1: 0.0327 (0.0327)  loss_mal_aux_2: 1.4541 (1.4541)  loss_bbox_aux_2: 0.0613 (0.0613)  loss_giou_aux_2: 0.1494 (0.1494)  loss_fgl_aux_2: 0.8853 (0.8853)  loss_ddf_aux_2: 0.0029 (0.0029)  loss_mal_pre: 2.3418 (2.3418)  loss_bbox_pre: 0.0816 (0.0816)  loss_giou_pre: 0.1870 (0.1870)  loss_mal_enc_0: 3.0781 (3.0781)  loss_bbox_enc_0: 0.1616 (0.1616)  loss_giou_enc_0: 0.2778 (0.2778)  loss_mal_dn_0: 1.5156 (1.5156)  loss_bbox_dn_0: 0.5221 (0.5221)  loss_giou_dn_0: 0.7755 (0.7755)  loss_fgl_dn_0: 1.1215 (1.1215)  loss_ddf_dn_0: 1.9441 (1.9441)  loss_mal_dn_1: 1.0078 (1.0078)  loss_bbox_dn_1: 0.2433 (0.2433)  loss_giou_dn_1: 0.3818 (0.3818)  loss_fgl_dn_1: 1.0436 (1.0436)  loss_ddf_dn_1: 0.4389 (0.4389)  loss_mal_dn_2: 1.0537 (1.0537)  loss_bbox_dn_2: 0.1392 (0.1392)  loss_giou_dn_2: 0.2435 (0.2435)  loss_fgl_dn_2: 0.9238 (0.9238)  loss_ddf_dn_2: 0.0303 (0.0303)  loss_mal_dn_3: 1.2490 (1.2490)  loss_bbox_dn_3: 0.1313 (0.1313)  loss_giou_dn_3: 0.2304 (0.2304)  loss_fgl_dn_3: 0.9294 (0.9294)  loss_mal_dn_pre: 1.6445 (1.6445)  loss_bbox_dn_pre: 0.5231 (0.5231)  loss_giou_dn_pre: 0.7664 (0.7664)  time: 1.1603  data: 1.0239  max mem: 2550
Epoch: [91]  [7/8]  eta: 0:00:00  lr: 0.000003  loss: 35.2920 (37.7639)  loss_mal: 1.3984 (1.3562)  loss_bbox: 0.1034 (0.2074)  loss_giou: 0.2212 (0.2460)  loss_fgl: 1.0388 (1.0494)  loss_mal_aux_0: 2.0059 (2.0858)  loss_bbox_aux_0: 0.1153 (0.2339)  loss_giou_aux_0: 0.2439 (0.2798)  loss_fgl_aux_0: 1.0708 (1.1102)  loss_ddf_aux_0: 0.2444 (0.2492)  loss_mal_aux_1: 1.3408 (1.4292)  loss_bbox_aux_1: 0.0907 (0.2019)  loss_giou_aux_1: 0.2080 (0.2438)  loss_fgl_aux_1: 1.0165 (1.0437)  loss_ddf_aux_1: 0.0370 (0.0393)  loss_mal_aux_2: 1.3096 (1.3033)  loss_bbox_aux_2: 0.0979 (0.2064)  loss_giou_aux_2: 0.2162 (0.2459)  loss_fgl_aux_2: 1.0282 (1.0461)  loss_ddf_aux_2: 0.0038 (0.0040)  loss_mal_pre: 2.2324 (2.2727)  loss_bbox_pre: 0.1141 (0.2334)  loss_giou_pre: 0.2455 (0.2801)  loss_mal_enc_0: 2.9395 (2.9561)  loss_bbox_enc_0: 0.1713 (0.3163)  loss_giou_enc_0: 0.3269 (0.3606)  loss_mal_dn_0: 1.5156 (1.5244)  loss_bbox_dn_0: 0.5221 (0.6976)  loss_giou_dn_0: 0.7755 (0.7889)  loss_fgl_dn_0: 1.1397 (1.1740)  loss_ddf_dn_0: 1.9441 (2.0766)  loss_mal_dn_1: 1.0332 (1.0557)  loss_bbox_dn_1: 0.2648 (0.4356)  loss_giou_dn_1: 0.4025 (0.4783)  loss_fgl_dn_1: 1.1064 (1.1261)  loss_ddf_dn_1: 0.4258 (0.4299)  loss_mal_dn_2: 1.0166 (1.0317)  loss_bbox_dn_2: 0.2336 (0.3742)  loss_giou_dn_2: 0.3139 (0.3891)  loss_fgl_dn_2: 1.0071 (1.0534)  loss_ddf_dn_2: 0.0310 (0.0327)  loss_mal_dn_3: 1.1602 (1.1781)  loss_bbox_dn_3: 0.2353 (0.3642)  loss_giou_dn_3: 0.3097 (0.3780)  loss_fgl_dn_3: 1.0094 (1.0595)  loss_mal_dn_pre: 1.6445 (1.6234)  loss_bbox_dn_pre: 0.5231 (0.7027)  loss_giou_dn_pre: 0.7664 (0.7891)  time: 0.2428  data: 0.1298  max mem: 2550
Epoch: [91] Total time: 0:00:02 (0.2503 s / it)
Averaged stats: lr: 0.000003  loss: 35.2920 (37.7639)  loss_mal: 1.3984 (1.3562)  loss_bbox: 0.1034 (0.2074)  loss_giou: 0.2212 (0.2460)  loss_fgl: 1.0388 (1.0494)  loss_mal_aux_0: 2.0059 (2.0858)  loss_bbox_aux_0: 0.1153 (0.2339)  loss_giou_aux_0: 0.2439 (0.2798)  loss_fgl_aux_0: 1.0708 (1.1102)  loss_ddf_aux_0: 0.2444 (0.2492)  loss_mal_aux_1: 1.3408 (1.4292)  loss_bbox_aux_1: 0.0907 (0.2019)  loss_giou_aux_1: 0.2080 (0.2438)  loss_fgl_aux_1: 1.0165 (1.0437)  loss_ddf_aux_1: 0.0370 (0.0393)  loss_mal_aux_2: 1.3096 (1.3033)  loss_bbox_aux_2: 0.0979 (0.2064)  loss_giou_aux_2: 0.2162 (0.2459)  loss_fgl_aux_2: 1.0282 (1.0461)  loss_ddf_aux_2: 0.0038 (0.0040)  loss_mal_pre: 2.2324 (2.2727)  loss_bbox_pre: 0.1141 (0.2334)  loss_giou_pre: 0.2455 (0.2801)  loss_mal_enc_0: 2.9395 (2.9561)  loss_bbox_enc_0: 0.1713 (0.3163)  loss_giou_enc_0: 0.3269 (0.3606)  loss_mal_dn_0: 1.5156 (1.5244)  loss_bbox_dn_0: 0.5221 (0.6976)  loss_giou_dn_0: 0.7755 (0.7889)  loss_fgl_dn_0: 1.1397 (1.1740)  loss_ddf_dn_0: 1.9441 (2.0766)  loss_mal_dn_1: 1.0332 (1.0557)  loss_bbox_dn_1: 0.2648 (0.4356)  loss_giou_dn_1: 0.4025 (0.4783)  loss_fgl_dn_1: 1.1064 (1.1261)  loss_ddf_dn_1: 0.4258 (0.4299)  loss_mal_dn_2: 1.0166 (1.0317)  loss_bbox_dn_2: 0.2336 (0.3742)  loss_giou_dn_2: 0.3139 (0.3891)  loss_fgl_dn_2: 1.0071 (1.0534)  loss_ddf_dn_2: 0.0310 (0.0327)  loss_mal_dn_3: 1.1602 (1.1781)  loss_bbox_dn_3: 0.2353 (0.3642)  loss_giou_dn_3: 0.3097 (0.3780)  loss_fgl_dn_3: 1.0094 (1.0595)  loss_mal_dn_pre: 1.6445 (1.6234)  loss_bbox_dn_pre: 0.5231 (0.7027)  loss_giou_dn_pre: 0.7664 (0.7891)
Test:  [0/4]  eta: 0:00:01    time: 0.3666  data: 0.3352  max mem: 2550
Test:  [3/4]  eta: 0:00:00    time: 0.1115  data: 0.0858  max mem: 2550
Test: Total time: 0:00:00 (0.1251 s / it)
Averaged stats: 
Accumulating evaluation results...
COCOeval_opt.accumulate() finished...
DONE (t=0.00s).
IoU metric: bbox
 Average Precision  (AP) @[ IoU=0.50:0.95 | area=   all | maxDets=100 ] = 0.834
 Average Precision  (AP) @[ IoU=0.50      | area=   all | maxDets=100 ] = 0.952
 Average Precision  (AP) @[ IoU=0.75      | area=   all | maxDets=100 ] = 0.876
 Average Precision  (AP) @[ IoU=0.50:0.95 | area= small | maxDets=100 ] = -1.000
 Average Precision  (AP) @[ IoU=0.50:0.95 | area=medium | maxDets=100 ] = -1.000
 Average Precision  (AP) @[ IoU=0.50:0.95 | area= large | maxDets=100 ] = 0.834
 Average Recall     (AR) @[ IoU=0.50:0.95 | area=   all | maxDets=  1 ] = 0.777
 Average Recall     (AR) @[ IoU=0.50:0.95 | area=   all | maxDets= 10 ] = 0.903
 Average Recall     (AR) @[ IoU=0.50:0.95 | area=   all | maxDets=100 ] = 0.940
 Average Recall     (AR) @[ IoU=0.50:0.95 | area= small | maxDets=100 ] = -1.000
 Average Recall     (AR) @[ IoU=0.50:0.95 | area=medium | maxDets=100 ] = -1.000
 Average Recall     (AR) @[ IoU=0.50:0.95 | area= large | maxDets=100 ] = 0.940
 Average Recall     (AR) @[ IoU=0.50      | area=   all | maxDets=100 ] = 1.000
 Average Recall     (AR) @[ IoU=0.75      | area=   all | maxDets=100 ] = 1.000
best_stat: {'epoch': 91, 'coco_eval_bbox': 0.8344678761208153}
Epoch: [92]  [0/8]  eta: 0:00:07  lr: 0.000003  loss: 33.3117 (33.3117)  loss_mal: 1.3145 (1.3145)  loss_bbox: 0.0630 (0.0630)  loss_giou: 0.1114 (0.1114)  loss_fgl: 0.7998 (0.7998)  loss_mal_aux_0: 2.2051 (2.2051)  loss_bbox_aux_0: 0.0700 (0.0700)  loss_giou_aux_0: 0.1211 (0.1211)  loss_fgl_aux_0: 0.8457 (0.8457)  loss_ddf_aux_0: 0.1601 (0.1601)  loss_mal_aux_1: 1.3691 (1.3691)  loss_bbox_aux_1: 0.0664 (0.0664)  loss_giou_aux_1: 0.1084 (0.1084)  loss_fgl_aux_1: 0.7851 (0.7851)  loss_ddf_aux_1: 0.0269 (0.0269)  loss_mal_aux_2: 1.2637 (1.2637)  loss_bbox_aux_2: 0.0620 (0.0620)  loss_giou_aux_2: 0.1096 (0.1096)  loss_fgl_aux_2: 0.7993 (0.7993)  loss_ddf_aux_2: 0.0017 (0.0017)  loss_mal_pre: 2.4355 (2.4355)  loss_bbox_pre: 0.0664 (0.0664)  loss_giou_pre: 0.1148 (0.1148)  loss_mal_enc_0: 2.9824 (2.9824)  loss_bbox_enc_0: 0.1591 (0.1591)  loss_giou_enc_0: 0.2196 (0.2196)  loss_mal_dn_0: 1.5186 (1.5186)  loss_bbox_dn_0: 0.7016 (0.7016)  loss_giou_dn_0: 0.7634 (0.7634)  loss_fgl_dn_0: 1.1426 (1.1426)  loss_ddf_dn_0: 1.7710 (1.7710)  loss_mal_dn_1: 1.0664 (1.0664)  loss_bbox_dn_1: 0.3153 (0.3153)  loss_giou_dn_1: 0.3553 (0.3553)  loss_fgl_dn_1: 1.0461 (1.0461)  loss_ddf_dn_1: 0.3660 (0.3660)  loss_mal_dn_2: 1.0781 (1.0781)  loss_bbox_dn_2: 0.1809 (0.1809)  loss_giou_dn_2: 0.2251 (0.2251)  loss_fgl_dn_2: 0.9012 (0.9012)  loss_ddf_dn_2: 0.0249 (0.0249)  loss_mal_dn_3: 1.1982 (1.1982)  loss_bbox_dn_3: 0.1663 (0.1663)  loss_giou_dn_3: 0.2145 (0.2145)  loss_fgl_dn_3: 0.9008 (0.9008)  loss_mal_dn_pre: 1.6143 (1.6143)  loss_bbox_dn_pre: 0.7212 (0.7212)  loss_giou_dn_pre: 0.7793 (0.7793)  time: 0.9510  data: 0.8034  max mem: 2550
Epoch: [92]  [7/8]  eta: 0:00:00  lr: 0.000003  loss: 35.9311 (35.8151)  loss_mal: 1.3027 (1.3064)  loss_bbox: 0.0988 (0.1265)  loss_giou: 0.2056 (0.1993)  loss_fgl: 0.9720 (0.9484)  loss_mal_aux_0: 2.0371 (2.0331)  loss_bbox_aux_0: 0.1265 (0.1559)  loss_giou_aux_0: 0.2685 (0.2439)  loss_fgl_aux_0: 1.0847 (1.0429)  loss_ddf_aux_0: 0.2401 (0.2432)  loss_mal_aux_1: 1.2441 (1.2498)  loss_bbox_aux_1: 0.1041 (0.1272)  loss_giou_aux_1: 0.2034 (0.2031)  loss_fgl_aux_1: 0.9758 (0.9593)  loss_ddf_aux_1: 0.0413 (0.0392)  loss_mal_aux_2: 1.2090 (1.2159)  loss_bbox_aux_2: 0.0981 (0.1247)  loss_giou_aux_2: 0.2066 (0.1981)  loss_fgl_aux_2: 0.9707 (0.9488)  loss_ddf_aux_2: 0.0034 (0.0038)  loss_mal_pre: 2.2656 (2.2363)  loss_bbox_pre: 0.1177 (0.1574)  loss_giou_pre: 0.2696 (0.2460)  loss_mal_enc_0: 2.8555 (2.8660)  loss_bbox_enc_0: 0.1662 (0.2274)  loss_giou_enc_0: 0.3502 (0.3396)  loss_mal_dn_0: 1.5186 (1.5619)  loss_bbox_dn_0: 0.6044 (0.6021)  loss_giou_dn_0: 0.7525 (0.7613)  loss_fgl_dn_0: 1.1838 (1.1779)  loss_ddf_dn_0: 2.3104 (2.3690)  loss_mal_dn_1: 1.0664 (1.0775)  loss_bbox_dn_1: 0.2654 (0.3443)  loss_giou_dn_1: 0.4084 (0.4335)  loss_fgl_dn_1: 1.0659 (1.0752)  loss_ddf_dn_1: 0.4958 (0.4846)  loss_mal_dn_2: 1.0098 (1.0361)  loss_bbox_dn_2: 0.1809 (0.2738)  loss_giou_dn_2: 0.3321 (0.3412)  loss_fgl_dn_2: 0.9599 (0.9899)  loss_ddf_dn_2: 0.0367 (0.0372)  loss_mal_dn_3: 1.1660 (1.1725)  loss_bbox_dn_3: 0.1752 (0.2675)  loss_giou_dn_3: 0.3220 (0.3325)  loss_fgl_dn_3: 0.9663 (0.9928)  loss_mal_dn_pre: 1.6143 (1.6716)  loss_bbox_dn_pre: 0.6142 (0.6078)  loss_giou_dn_pre: 0.7573 (0.7627)  time: 0.2434  data: 0.1295  max mem: 2550
Epoch: [92] Total time: 0:00:02 (0.2520 s / it)
Averaged stats: lr: 0.000003  loss: 35.9311 (35.8151)  loss_mal: 1.3027 (1.3064)  loss_bbox: 0.0988 (0.1265)  loss_giou: 0.2056 (0.1993)  loss_fgl: 0.9720 (0.9484)  loss_mal_aux_0: 2.0371 (2.0331)  loss_bbox_aux_0: 0.1265 (0.1559)  loss_giou_aux_0: 0.2685 (0.2439)  loss_fgl_aux_0: 1.0847 (1.0429)  loss_ddf_aux_0: 0.2401 (0.2432)  loss_mal_aux_1: 1.2441 (1.2498)  loss_bbox_aux_1: 0.1041 (0.1272)  loss_giou_aux_1: 0.2034 (0.2031)  loss_fgl_aux_1: 0.9758 (0.9593)  loss_ddf_aux_1: 0.0413 (0.0392)  loss_mal_aux_2: 1.2090 (1.2159)  loss_bbox_aux_2: 0.0981 (0.1247)  loss_giou_aux_2: 0.2066 (0.1981)  loss_fgl_aux_2: 0.9707 (0.9488)  loss_ddf_aux_2: 0.0034 (0.0038)  loss_mal_pre: 2.2656 (2.2363)  loss_bbox_pre: 0.1177 (0.1574)  loss_giou_pre: 0.2696 (0.2460)  loss_mal_enc_0: 2.8555 (2.8660)  loss_bbox_enc_0: 0.1662 (0.2274)  loss_giou_enc_0: 0.3502 (0.3396)  loss_mal_dn_0: 1.5186 (1.5619)  loss_bbox_dn_0: 0.6044 (0.6021)  loss_giou_dn_0: 0.7525 (0.7613)  loss_fgl_dn_0: 1.1838 (1.1779)  loss_ddf_dn_0: 2.3104 (2.3690)  loss_mal_dn_1: 1.0664 (1.0775)  loss_bbox_dn_1: 0.2654 (0.3443)  loss_giou_dn_1: 0.4084 (0.4335)  loss_fgl_dn_1: 1.0659 (1.0752)  loss_ddf_dn_1: 0.4958 (0.4846)  loss_mal_dn_2: 1.0098 (1.0361)  loss_bbox_dn_2: 0.1809 (0.2738)  loss_giou_dn_2: 0.3321 (0.3412)  loss_fgl_dn_2: 0.9599 (0.9899)  loss_ddf_dn_2: 0.0367 (0.0372)  loss_mal_dn_3: 1.1660 (1.1725)  loss_bbox_dn_3: 0.1752 (0.2675)  loss_giou_dn_3: 0.3220 (0.3325)  loss_fgl_dn_3: 0.9663 (0.9928)  loss_mal_dn_pre: 1.6143 (1.6716)  loss_bbox_dn_pre: 0.6142 (0.6078)  loss_giou_dn_pre: 0.7573 (0.7627)
Test:  [0/4]  eta: 0:00:01    time: 0.3949  data: 0.3592  max mem: 2550
Test:  [3/4]  eta: 0:00:00    time: 0.1216  data: 0.0920  max mem: 2550
Test: Total time: 0:00:00 (0.1406 s / it)
Averaged stats: 
Accumulating evaluation results...
COCOeval_opt.accumulate() finished...
DONE (t=0.00s).
IoU metric: bbox
 Average Precision  (AP) @[ IoU=0.50:0.95 | area=   all | maxDets=100 ] = 0.825
 Average Precision  (AP) @[ IoU=0.50      | area=   all | maxDets=100 ] = 0.951
 Average Precision  (AP) @[ IoU=0.75      | area=   all | maxDets=100 ] = 0.877
 Average Precision  (AP) @[ IoU=0.50:0.95 | area= small | maxDets=100 ] = -1.000
 Average Precision  (AP) @[ IoU=0.50:0.95 | area=medium | maxDets=100 ] = -1.000
 Average Precision  (AP) @[ IoU=0.50:0.95 | area= large | maxDets=100 ] = 0.825
 Average Recall     (AR) @[ IoU=0.50:0.95 | area=   all | maxDets=  1 ] = 0.770
 Average Recall     (AR) @[ IoU=0.50:0.95 | area=   all | maxDets= 10 ] = 0.900
 Average Recall     (AR) @[ IoU=0.50:0.95 | area=   all | maxDets=100 ] = 0.940
 Average Recall     (AR) @[ IoU=0.50:0.95 | area= small | maxDets=100 ] = -1.000
 Average Recall     (AR) @[ IoU=0.50:0.95 | area=medium | maxDets=100 ] = -1.000
 Average Recall     (AR) @[ IoU=0.50:0.95 | area= large | maxDets=100 ] = 0.940
 Average Recall     (AR) @[ IoU=0.50      | area=   all | maxDets=100 ] = 1.000
 Average Recall     (AR) @[ IoU=0.75      | area=   all | maxDets=100 ] = 0.967
best_stat: {'epoch': 91, 'coco_eval_bbox': 0.8344678761208153}
Epoch: [93]  [0/8]  eta: 0:00:07  lr: 0.000003  loss: 35.5568 (35.5568)  loss_mal: 1.2676 (1.2676)  loss_bbox: 0.1556 (0.1556)  loss_giou: 0.1740 (0.1740)  loss_fgl: 0.9465 (0.9465)  loss_mal_aux_0: 2.0898 (2.0898)  loss_bbox_aux_0: 0.1801 (0.1801)  loss_giou_aux_0: 0.1922 (0.1922)  loss_fgl_aux_0: 1.0464 (1.0464)  loss_ddf_aux_0: 0.1336 (0.1336)  loss_mal_aux_1: 1.2842 (1.2842)  loss_bbox_aux_1: 0.1580 (0.1580)  loss_giou_aux_1: 0.1747 (0.1747)  loss_fgl_aux_1: 0.9578 (0.9578)  loss_ddf_aux_1: 0.0222 (0.0222)  loss_mal_aux_2: 1.1934 (1.1934)  loss_bbox_aux_2: 0.1528 (0.1528)  loss_giou_aux_2: 0.1739 (0.1739)  loss_fgl_aux_2: 0.9491 (0.9491)  loss_ddf_aux_2: 0.0032 (0.0032)  loss_mal_pre: 2.2422 (2.2422)  loss_bbox_pre: 0.1864 (0.1864)  loss_giou_pre: 0.1986 (0.1986)  loss_mal_enc_0: 2.7598 (2.7598)  loss_bbox_enc_0: 0.2665 (0.2665)  loss_giou_enc_0: 0.3082 (0.3082)  loss_mal_dn_0: 1.4561 (1.4561)  loss_bbox_dn_0: 0.8502 (0.8502)  loss_giou_dn_0: 0.8086 (0.8086)  loss_fgl_dn_0: 1.1016 (1.1016)  loss_ddf_dn_0: 2.3973 (2.3973)  loss_mal_dn_1: 1.0537 (1.0537)  loss_bbox_dn_1: 0.4101 (0.4101)  loss_giou_dn_1: 0.3855 (0.3855)  loss_fgl_dn_1: 0.9936 (0.9936)  loss_ddf_dn_1: 0.5090 (0.5090)  loss_mal_dn_2: 0.9951 (0.9951)  loss_bbox_dn_2: 0.2889 (0.2889)  loss_giou_dn_2: 0.2822 (0.2822)  loss_fgl_dn_2: 0.9176 (0.9176)  loss_ddf_dn_2: 0.0363 (0.0363)  loss_mal_dn_3: 1.1465 (1.1465)  loss_bbox_dn_3: 0.2617 (0.2617)  loss_giou_dn_3: 0.2612 (0.2612)  loss_fgl_dn_3: 0.9201 (0.9201)  loss_mal_dn_pre: 1.5547 (1.5547)  loss_bbox_dn_pre: 0.8773 (0.8773)  loss_giou_dn_pre: 0.8330 (0.8330)  time: 0.9426  data: 0.8045  max mem: 2550
Epoch: [93]  [7/8]  eta: 0:00:00  lr: 0.000004  loss: 34.0104 (34.3089)  loss_mal: 1.2920 (1.3031)  loss_bbox: 0.1068 (0.1056)  loss_giou: 0.1740 (0.1757)  loss_fgl: 0.9435 (0.9314)  loss_mal_aux_0: 1.8232 (1.8551)  loss_bbox_aux_0: 0.1367 (0.1341)  loss_giou_aux_0: 0.2346 (0.2243)  loss_fgl_aux_0: 1.0329 (1.0378)  loss_ddf_aux_0: 0.2150 (0.2514)  loss_mal_aux_1: 1.1592 (1.2281)  loss_bbox_aux_1: 0.1070 (0.1056)  loss_giou_aux_1: 0.1747 (0.1794)  loss_fgl_aux_1: 0.9507 (0.9400)  loss_ddf_aux_1: 0.0418 (0.0424)  loss_mal_aux_2: 1.1934 (1.2117)  loss_bbox_aux_2: 0.1087 (0.1051)  loss_giou_aux_2: 0.1739 (0.1766)  loss_fgl_aux_2: 0.9395 (0.9313)  loss_ddf_aux_2: 0.0039 (0.0040)  loss_mal_pre: 1.9736 (2.0442)  loss_bbox_pre: 0.1315 (0.1342)  loss_giou_pre: 0.2227 (0.2253)  loss_mal_enc_0: 2.7168 (2.6914)  loss_bbox_enc_0: 0.1755 (0.1938)  loss_giou_enc_0: 0.3021 (0.3133)  loss_mal_dn_0: 1.5439 (1.5789)  loss_bbox_dn_0: 0.4004 (0.4725)  loss_giou_dn_0: 0.6891 (0.7070)  loss_fgl_dn_0: 1.1647 (1.1623)  loss_ddf_dn_0: 2.6421 (2.7288)  loss_mal_dn_1: 0.9897 (1.0135)  loss_bbox_dn_1: 0.2362 (0.2432)  loss_giou_dn_1: 0.3669 (0.3728)  loss_fgl_dn_1: 1.0343 (1.0399)  loss_ddf_dn_1: 0.5664 (0.5828)  loss_mal_dn_2: 0.9712 (0.9857)  loss_bbox_dn_2: 0.1759 (0.1801)  loss_giou_dn_2: 0.2755 (0.2772)  loss_fgl_dn_2: 0.9663 (0.9559)  loss_ddf_dn_2: 0.0398 (0.0413)  loss_mal_dn_3: 1.1201 (1.1315)  loss_bbox_dn_3: 0.1610 (0.1706)  loss_giou_dn_3: 0.2612 (0.2659)  loss_fgl_dn_3: 0.9625 (0.9579)  loss_mal_dn_pre: 1.6875 (1.6963)  loss_bbox_dn_pre: 0.3881 (0.4854)  loss_giou_dn_pre: 0.6987 (0.7144)  time: 0.2454  data: 0.1307  max mem: 2550
Epoch: [93] Total time: 0:00:02 (0.2544 s / it)
Averaged stats: lr: 0.000004  loss: 34.0104 (34.3089)  loss_mal: 1.2920 (1.3031)  loss_bbox: 0.1068 (0.1056)  loss_giou: 0.1740 (0.1757)  loss_fgl: 0.9435 (0.9314)  loss_mal_aux_0: 1.8232 (1.8551)  loss_bbox_aux_0: 0.1367 (0.1341)  loss_giou_aux_0: 0.2346 (0.2243)  loss_fgl_aux_0: 1.0329 (1.0378)  loss_ddf_aux_0: 0.2150 (0.2514)  loss_mal_aux_1: 1.1592 (1.2281)  loss_bbox_aux_1: 0.1070 (0.1056)  loss_giou_aux_1: 0.1747 (0.1794)  loss_fgl_aux_1: 0.9507 (0.9400)  loss_ddf_aux_1: 0.0418 (0.0424)  loss_mal_aux_2: 1.1934 (1.2117)  loss_bbox_aux_2: 0.1087 (0.1051)  loss_giou_aux_2: 0.1739 (0.1766)  loss_fgl_aux_2: 0.9395 (0.9313)  loss_ddf_aux_2: 0.0039 (0.0040)  loss_mal_pre: 1.9736 (2.0442)  loss_bbox_pre: 0.1315 (0.1342)  loss_giou_pre: 0.2227 (0.2253)  loss_mal_enc_0: 2.7168 (2.6914)  loss_bbox_enc_0: 0.1755 (0.1938)  loss_giou_enc_0: 0.3021 (0.3133)  loss_mal_dn_0: 1.5439 (1.5789)  loss_bbox_dn_0: 0.4004 (0.4725)  loss_giou_dn_0: 0.6891 (0.7070)  loss_fgl_dn_0: 1.1647 (1.1623)  loss_ddf_dn_0: 2.6421 (2.7288)  loss_mal_dn_1: 0.9897 (1.0135)  loss_bbox_dn_1: 0.2362 (0.2432)  loss_giou_dn_1: 0.3669 (0.3728)  loss_fgl_dn_1: 1.0343 (1.0399)  loss_ddf_dn_1: 0.5664 (0.5828)  loss_mal_dn_2: 0.9712 (0.9857)  loss_bbox_dn_2: 0.1759 (0.1801)  loss_giou_dn_2: 0.2755 (0.2772)  loss_fgl_dn_2: 0.9663 (0.9559)  loss_ddf_dn_2: 0.0398 (0.0413)  loss_mal_dn_3: 1.1201 (1.1315)  loss_bbox_dn_3: 0.1610 (0.1706)  loss_giou_dn_3: 0.2612 (0.2659)  loss_fgl_dn_3: 0.9625 (0.9579)  loss_mal_dn_pre: 1.6875 (1.6963)  loss_bbox_dn_pre: 0.3881 (0.4854)  loss_giou_dn_pre: 0.6987 (0.7144)
Test:  [0/4]  eta: 0:00:01    time: 0.3710  data: 0.3395  max mem: 2550
Test:  [3/4]  eta: 0:00:00    time: 0.1123  data: 0.0867  max mem: 2550
Test: Total time: 0:00:00 (0.1363 s / it)
Averaged stats: 
Accumulating evaluation results...
COCOeval_opt.accumulate() finished...
DONE (t=0.00s).
IoU metric: bbox
 Average Precision  (AP) @[ IoU=0.50:0.95 | area=   all | maxDets=100 ] = 0.838
 Average Precision  (AP) @[ IoU=0.50      | area=   all | maxDets=100 ] = 0.969
 Average Precision  (AP) @[ IoU=0.75      | area=   all | maxDets=100 ] = 0.870
 Average Precision  (AP) @[ IoU=0.50:0.95 | area= small | maxDets=100 ] = -1.000
 Average Precision  (AP) @[ IoU=0.50:0.95 | area=medium | maxDets=100 ] = -1.000
 Average Precision  (AP) @[ IoU=0.50:0.95 | area= large | maxDets=100 ] = 0.838
 Average Recall     (AR) @[ IoU=0.50:0.95 | area=   all | maxDets=  1 ] = 0.777
 Average Recall     (AR) @[ IoU=0.50:0.95 | area=   all | maxDets= 10 ] = 0.900
 Average Recall     (AR) @[ IoU=0.50:0.95 | area=   all | maxDets=100 ] = 0.927
 Average Recall     (AR) @[ IoU=0.50:0.95 | area= small | maxDets=100 ] = -1.000
 Average Recall     (AR) @[ IoU=0.50:0.95 | area=medium | maxDets=100 ] = -1.000
 Average Recall     (AR) @[ IoU=0.50:0.95 | area= large | maxDets=100 ] = 0.927
 Average Recall     (AR) @[ IoU=0.50      | area=   all | maxDets=100 ] = 1.000
 Average Recall     (AR) @[ IoU=0.75      | area=   all | maxDets=100 ] = 0.967
best_stat: {'epoch': 93, 'coco_eval_bbox': 0.8381087341354041}
Epoch: [94]  [0/8]  eta: 0:00:08  lr: 0.000004  loss: 33.5047 (33.5047)  loss_mal: 1.2012 (1.2012)  loss_bbox: 0.0992 (0.0992)  loss_giou: 0.1374 (0.1374)  loss_fgl: 0.8967 (0.8967)  loss_mal_aux_0: 1.9521 (1.9521)  loss_bbox_aux_0: 0.1033 (0.1033)  loss_giou_aux_0: 0.1642 (0.1642)  loss_fgl_aux_0: 0.9365 (0.9365)  loss_ddf_aux_0: 0.1559 (0.1559)  loss_mal_aux_1: 1.1787 (1.1787)  loss_bbox_aux_1: 0.1002 (0.1002)  loss_giou_aux_1: 0.1370 (0.1370)  loss_fgl_aux_1: 0.8941 (0.8941)  loss_ddf_aux_1: 0.0253 (0.0253)  loss_mal_aux_2: 1.1318 (1.1318)  loss_bbox_aux_2: 0.1003 (0.1003)  loss_giou_aux_2: 0.1396 (0.1396)  loss_fgl_aux_2: 0.9008 (0.9008)  loss_ddf_aux_2: 0.0029 (0.0029)  loss_mal_pre: 2.1250 (2.1250)  loss_bbox_pre: 0.1026 (0.1026)  loss_giou_pre: 0.1618 (0.1618)  loss_mal_enc_0: 2.8418 (2.8418)  loss_bbox_enc_0: 0.1298 (0.1298)  loss_giou_enc_0: 0.2269 (0.2269)  loss_mal_dn_0: 1.4248 (1.4248)  loss_bbox_dn_0: 0.5190 (0.5190)  loss_giou_dn_0: 0.7425 (0.7425)  loss_fgl_dn_0: 1.1398 (1.1398)  loss_ddf_dn_0: 3.1328 (3.1328)  loss_mal_dn_1: 0.9502 (0.9502)  loss_bbox_dn_1: 0.2160 (0.2160)  loss_giou_dn_1: 0.3387 (0.3387)  loss_fgl_dn_1: 1.0442 (1.0442)  loss_ddf_dn_1: 0.6099 (0.6099)  loss_mal_dn_2: 0.9927 (0.9927)  loss_bbox_dn_2: 0.1387 (0.1387)  loss_giou_dn_2: 0.2195 (0.2195)  loss_fgl_dn_2: 0.9461 (0.9461)  loss_ddf_dn_2: 0.0378 (0.0378)  loss_mal_dn_3: 1.1221 (1.1221)  loss_bbox_dn_3: 0.1315 (0.1315)  loss_giou_dn_3: 0.2088 (0.2088)  loss_fgl_dn_3: 0.9418 (0.9418)  loss_mal_dn_pre: 1.5371 (1.5371)  loss_bbox_dn_pre: 0.5209 (0.5209)  loss_giou_dn_pre: 0.7444 (0.7444)  time: 1.0153  data: 0.8735  max mem: 2550
Epoch: [94]  [7/8]  eta: 0:00:00  lr: 0.000004  loss: 32.3220 (33.6783)  loss_mal: 1.1826 (1.1764)  loss_bbox: 0.0735 (0.1250)  loss_giou: 0.1374 (0.1597)  loss_fgl: 0.8967 (0.9060)  loss_mal_aux_0: 1.9512 (1.8717)  loss_bbox_aux_0: 0.1033 (0.1526)  loss_giou_aux_0: 0.1642 (0.2004)  loss_fgl_aux_0: 0.9365 (0.9879)  loss_ddf_aux_0: 0.1669 (0.1843)  loss_mal_aux_1: 1.1143 (1.1714)  loss_bbox_aux_1: 0.0825 (0.1284)  loss_giou_aux_1: 0.1370 (0.1642)  loss_fgl_aux_1: 0.8941 (0.9050)  loss_ddf_aux_1: 0.0238 (0.0269)  loss_mal_aux_2: 1.0439 (1.0674)  loss_bbox_aux_2: 0.0747 (0.1261)  loss_giou_aux_2: 0.1396 (0.1609)  loss_fgl_aux_2: 0.9008 (0.9083)  loss_ddf_aux_2: 0.0021 (0.0025)  loss_mal_pre: 2.0859 (2.0298)  loss_bbox_pre: 0.1026 (0.1545)  loss_giou_pre: 0.1618 (0.2019)  loss_mal_enc_0: 2.6836 (2.6633)  loss_bbox_enc_0: 0.1298 (0.2166)  loss_giou_enc_0: 0.2599 (0.3004)  loss_mal_dn_0: 1.4248 (1.4757)  loss_bbox_dn_0: 0.4192 (0.5784)  loss_giou_dn_0: 0.6198 (0.7119)  loss_fgl_dn_0: 1.1544 (1.1526)  loss_ddf_dn_0: 2.3833 (2.5858)  loss_mal_dn_1: 0.9502 (0.9598)  loss_bbox_dn_1: 0.1759 (0.3225)  loss_giou_dn_1: 0.2956 (0.3851)  loss_fgl_dn_1: 0.9967 (1.0188)  loss_ddf_dn_1: 0.5303 (0.5309)  loss_mal_dn_2: 0.9434 (0.9634)  loss_bbox_dn_2: 0.1387 (0.2612)  loss_giou_dn_2: 0.2195 (0.2944)  loss_fgl_dn_2: 0.9116 (0.9411)  loss_ddf_dn_2: 0.0324 (0.0327)  loss_mal_dn_3: 1.0811 (1.0978)  loss_bbox_dn_3: 0.1300 (0.2488)  loss_giou_dn_3: 0.2088 (0.2822)  loss_fgl_dn_3: 0.9073 (0.9409)  loss_mal_dn_pre: 1.5371 (1.6084)  loss_bbox_dn_pre: 0.4219 (0.5839)  loss_giou_dn_pre: 0.6251 (0.7101)  time: 0.2611  data: 0.1442  max mem: 2550
Epoch: [94] Total time: 0:00:02 (0.2678 s / it)
Averaged stats: lr: 0.000004  loss: 32.3220 (33.6783)  loss_mal: 1.1826 (1.1764)  loss_bbox: 0.0735 (0.1250)  loss_giou: 0.1374 (0.1597)  loss_fgl: 0.8967 (0.9060)  loss_mal_aux_0: 1.9512 (1.8717)  loss_bbox_aux_0: 0.1033 (0.1526)  loss_giou_aux_0: 0.1642 (0.2004)  loss_fgl_aux_0: 0.9365 (0.9879)  loss_ddf_aux_0: 0.1669 (0.1843)  loss_mal_aux_1: 1.1143 (1.1714)  loss_bbox_aux_1: 0.0825 (0.1284)  loss_giou_aux_1: 0.1370 (0.1642)  loss_fgl_aux_1: 0.8941 (0.9050)  loss_ddf_aux_1: 0.0238 (0.0269)  loss_mal_aux_2: 1.0439 (1.0674)  loss_bbox_aux_2: 0.0747 (0.1261)  loss_giou_aux_2: 0.1396 (0.1609)  loss_fgl_aux_2: 0.9008 (0.9083)  loss_ddf_aux_2: 0.0021 (0.0025)  loss_mal_pre: 2.0859 (2.0298)  loss_bbox_pre: 0.1026 (0.1545)  loss_giou_pre: 0.1618 (0.2019)  loss_mal_enc_0: 2.6836 (2.6633)  loss_bbox_enc_0: 0.1298 (0.2166)  loss_giou_enc_0: 0.2599 (0.3004)  loss_mal_dn_0: 1.4248 (1.4757)  loss_bbox_dn_0: 0.4192 (0.5784)  loss_giou_dn_0: 0.6198 (0.7119)  loss_fgl_dn_0: 1.1544 (1.1526)  loss_ddf_dn_0: 2.3833 (2.5858)  loss_mal_dn_1: 0.9502 (0.9598)  loss_bbox_dn_1: 0.1759 (0.3225)  loss_giou_dn_1: 0.2956 (0.3851)  loss_fgl_dn_1: 0.9967 (1.0188)  loss_ddf_dn_1: 0.5303 (0.5309)  loss_mal_dn_2: 0.9434 (0.9634)  loss_bbox_dn_2: 0.1387 (0.2612)  loss_giou_dn_2: 0.2195 (0.2944)  loss_fgl_dn_2: 0.9116 (0.9411)  loss_ddf_dn_2: 0.0324 (0.0327)  loss_mal_dn_3: 1.0811 (1.0978)  loss_bbox_dn_3: 0.1300 (0.2488)  loss_giou_dn_3: 0.2088 (0.2822)  loss_fgl_dn_3: 0.9073 (0.9409)  loss_mal_dn_pre: 1.5371 (1.6084)  loss_bbox_dn_pre: 0.4219 (0.5839)  loss_giou_dn_pre: 0.6251 (0.7101)
Test:  [0/4]  eta: 0:00:01    time: 0.3675  data: 0.3356  max mem: 2550
Test:  [3/4]  eta: 0:00:00    time: 0.1122  data: 0.0859  max mem: 2550
Test: Total time: 0:00:00 (0.1361 s / it)
Averaged stats: 
Accumulating evaluation results...
COCOeval_opt.accumulate() finished...
DONE (t=0.00s).
IoU metric: bbox
 Average Precision  (AP) @[ IoU=0.50:0.95 | area=   all | maxDets=100 ] = 0.836
 Average Precision  (AP) @[ IoU=0.50      | area=   all | maxDets=100 ] = 0.973
 Average Precision  (AP) @[ IoU=0.75      | area=   all | maxDets=100 ] = 0.880
 Average Precision  (AP) @[ IoU=0.50:0.95 | area= small | maxDets=100 ] = -1.000
 Average Precision  (AP) @[ IoU=0.50:0.95 | area=medium | maxDets=100 ] = -1.000
 Average Precision  (AP) @[ IoU=0.50:0.95 | area= large | maxDets=100 ] = 0.836
 Average Recall     (AR) @[ IoU=0.50:0.95 | area=   all | maxDets=  1 ] = 0.777
 Average Recall     (AR) @[ IoU=0.50:0.95 | area=   all | maxDets= 10 ] = 0.893
 Average Recall     (AR) @[ IoU=0.50:0.95 | area=   all | maxDets=100 ] = 0.937
 Average Recall     (AR) @[ IoU=0.50:0.95 | area= small | maxDets=100 ] = -1.000
 Average Recall     (AR) @[ IoU=0.50:0.95 | area=medium | maxDets=100 ] = -1.000
 Average Recall     (AR) @[ IoU=0.50:0.95 | area= large | maxDets=100 ] = 0.937
 Average Recall     (AR) @[ IoU=0.50      | area=   all | maxDets=100 ] = 1.000
 Average Recall     (AR) @[ IoU=0.75      | area=   all | maxDets=100 ] = 1.000
best_stat: {'epoch': 93, 'coco_eval_bbox': 0.8381087341354041}
Epoch: [95]  [0/8]  eta: 0:00:06  lr: 0.000004  loss: 32.9172 (32.9172)  loss_mal: 1.1006 (1.1006)  loss_bbox: 0.0890 (0.0890)  loss_giou: 0.1535 (0.1535)  loss_fgl: 0.8544 (0.8544)  loss_mal_aux_0: 1.8496 (1.8496)  loss_bbox_aux_0: 0.1066 (0.1066)  loss_giou_aux_0: 0.1853 (0.1853)  loss_fgl_aux_0: 0.9448 (0.9448)  loss_ddf_aux_0: 0.1288 (0.1288)  loss_mal_aux_1: 1.2275 (1.2275)  loss_bbox_aux_1: 0.0913 (0.0913)  loss_giou_aux_1: 0.1578 (0.1578)  loss_fgl_aux_1: 0.8603 (0.8603)  loss_ddf_aux_1: 0.0206 (0.0206)  loss_mal_aux_2: 1.0166 (1.0166)  loss_bbox_aux_2: 0.0898 (0.0898)  loss_giou_aux_2: 0.1547 (0.1547)  loss_fgl_aux_2: 0.8565 (0.8565)  loss_ddf_aux_2: 0.0016 (0.0016)  loss_mal_pre: 1.9795 (1.9795)  loss_bbox_pre: 0.1058 (0.1058)  loss_giou_pre: 0.1806 (0.1806)  loss_mal_enc_0: 2.5430 (2.5430)  loss_bbox_enc_0: 0.2035 (0.2035)  loss_giou_enc_0: 0.2674 (0.2674)  loss_mal_dn_0: 1.5566 (1.5566)  loss_bbox_dn_0: 0.5729 (0.5729)  loss_giou_dn_0: 0.7132 (0.7132)  loss_fgl_dn_0: 1.1391 (1.1391)  loss_ddf_dn_0: 2.8809 (2.8809)  loss_mal_dn_1: 0.9829 (0.9829)  loss_bbox_dn_1: 0.2415 (0.2415)  loss_giou_dn_1: 0.3377 (0.3377)  loss_fgl_dn_1: 1.0108 (1.0108)  loss_ddf_dn_1: 0.6617 (0.6617)  loss_mal_dn_2: 0.9580 (0.9580)  loss_bbox_dn_2: 0.1640 (0.1640)  loss_giou_dn_2: 0.2336 (0.2336)  loss_fgl_dn_2: 0.9185 (0.9185)  loss_ddf_dn_2: 0.0414 (0.0414)  loss_mal_dn_3: 1.0771 (1.0771)  loss_bbox_dn_3: 0.1454 (0.1454)  loss_giou_dn_3: 0.2093 (0.2093)  loss_fgl_dn_3: 0.9168 (0.9168)  loss_mal_dn_pre: 1.7070 (1.7070)  loss_bbox_dn_pre: 0.5791 (0.5791)  loss_giou_dn_pre: 0.7005 (0.7005)  time: 0.8711  data: 0.7195  max mem: 2550
Epoch: [95]  [7/8]  eta: 0:00:00  lr: 0.000004  loss: 32.9172 (34.1921)  loss_mal: 1.1582 (1.1777)  loss_bbox: 0.0774 (0.1448)  loss_giou: 0.1375 (0.1874)  loss_fgl: 0.8544 (0.9334)  loss_mal_aux_0: 1.8076 (1.8673)  loss_bbox_aux_0: 0.1003 (0.1608)  loss_giou_aux_0: 0.1739 (0.2071)  loss_fgl_aux_0: 0.9532 (1.0077)  loss_ddf_aux_0: 0.1629 (0.1943)  loss_mal_aux_1: 1.2334 (1.3152)  loss_bbox_aux_1: 0.0781 (0.1448)  loss_giou_aux_1: 0.1436 (0.1897)  loss_fgl_aux_1: 0.8603 (0.9336)  loss_ddf_aux_1: 0.0259 (0.0294)  loss_mal_aux_2: 1.0898 (1.1318)  loss_bbox_aux_2: 0.0761 (0.1428)  loss_giou_aux_2: 0.1392 (0.1866)  loss_fgl_aux_2: 0.8477 (0.9274)  loss_ddf_aux_2: 0.0024 (0.0026)  loss_mal_pre: 1.9727 (2.0165)  loss_bbox_pre: 0.0974 (0.1574)  loss_giou_pre: 0.1665 (0.2048)  loss_mal_enc_0: 2.5332 (2.5713)  loss_bbox_enc_0: 0.1256 (0.2000)  loss_giou_enc_0: 0.2419 (0.2760)  loss_mal_dn_0: 1.5312 (1.5420)  loss_bbox_dn_0: 0.4913 (0.5827)  loss_giou_dn_0: 0.6933 (0.6985)  loss_fgl_dn_0: 1.1701 (1.1764)  loss_ddf_dn_0: 2.4325 (2.4734)  loss_mal_dn_1: 0.9834 (1.0159)  loss_bbox_dn_1: 0.2329 (0.3117)  loss_giou_dn_1: 0.3377 (0.3872)  loss_fgl_dn_1: 1.0293 (1.0615)  loss_ddf_dn_1: 0.4893 (0.5182)  loss_mal_dn_2: 0.9580 (0.9894)  loss_bbox_dn_2: 0.1640 (0.2455)  loss_giou_dn_2: 0.2336 (0.2931)  loss_fgl_dn_2: 0.9185 (0.9732)  loss_ddf_dn_2: 0.0341 (0.0370)  loss_mal_dn_3: 1.0703 (1.0956)  loss_bbox_dn_3: 0.1483 (0.2386)  loss_giou_dn_3: 0.2093 (0.2830)  loss_fgl_dn_3: 0.9181 (0.9765)  loss_mal_dn_pre: 1.6562 (1.6738)  loss_bbox_dn_pre: 0.5066 (0.6057)  loss_giou_dn_pre: 0.6983 (0.7027)  time: 0.2242  data: 0.1049  max mem: 2550
Epoch: [95] Total time: 0:00:01 (0.2343 s / it)
Averaged stats: lr: 0.000004  loss: 32.9172 (34.1921)  loss_mal: 1.1582 (1.1777)  loss_bbox: 0.0774 (0.1448)  loss_giou: 0.1375 (0.1874)  loss_fgl: 0.8544 (0.9334)  loss_mal_aux_0: 1.8076 (1.8673)  loss_bbox_aux_0: 0.1003 (0.1608)  loss_giou_aux_0: 0.1739 (0.2071)  loss_fgl_aux_0: 0.9532 (1.0077)  loss_ddf_aux_0: 0.1629 (0.1943)  loss_mal_aux_1: 1.2334 (1.3152)  loss_bbox_aux_1: 0.0781 (0.1448)  loss_giou_aux_1: 0.1436 (0.1897)  loss_fgl_aux_1: 0.8603 (0.9336)  loss_ddf_aux_1: 0.0259 (0.0294)  loss_mal_aux_2: 1.0898 (1.1318)  loss_bbox_aux_2: 0.0761 (0.1428)  loss_giou_aux_2: 0.1392 (0.1866)  loss_fgl_aux_2: 0.8477 (0.9274)  loss_ddf_aux_2: 0.0024 (0.0026)  loss_mal_pre: 1.9727 (2.0165)  loss_bbox_pre: 0.0974 (0.1574)  loss_giou_pre: 0.1665 (0.2048)  loss_mal_enc_0: 2.5332 (2.5713)  loss_bbox_enc_0: 0.1256 (0.2000)  loss_giou_enc_0: 0.2419 (0.2760)  loss_mal_dn_0: 1.5312 (1.5420)  loss_bbox_dn_0: 0.4913 (0.5827)  loss_giou_dn_0: 0.6933 (0.6985)  loss_fgl_dn_0: 1.1701 (1.1764)  loss_ddf_dn_0: 2.4325 (2.4734)  loss_mal_dn_1: 0.9834 (1.0159)  loss_bbox_dn_1: 0.2329 (0.3117)  loss_giou_dn_1: 0.3377 (0.3872)  loss_fgl_dn_1: 1.0293 (1.0615)  loss_ddf_dn_1: 0.4893 (0.5182)  loss_mal_dn_2: 0.9580 (0.9894)  loss_bbox_dn_2: 0.1640 (0.2455)  loss_giou_dn_2: 0.2336 (0.2931)  loss_fgl_dn_2: 0.9185 (0.9732)  loss_ddf_dn_2: 0.0341 (0.0370)  loss_mal_dn_3: 1.0703 (1.0956)  loss_bbox_dn_3: 0.1483 (0.2386)  loss_giou_dn_3: 0.2093 (0.2830)  loss_fgl_dn_3: 0.9181 (0.9765)  loss_mal_dn_pre: 1.6562 (1.6738)  loss_bbox_dn_pre: 0.5066 (0.6057)  loss_giou_dn_pre: 0.6983 (0.7027)
Test:  [0/4]  eta: 0:00:01    time: 0.3806  data: 0.3494  max mem: 2550
Test:  [3/4]  eta: 0:00:00    time: 0.1149  data: 0.0892  max mem: 2550
Test: Total time: 0:00:00 (0.1359 s / it)
Averaged stats: 
Accumulating evaluation results...
COCOeval_opt.accumulate() finished...
DONE (t=0.00s).
IoU metric: bbox
 Average Precision  (AP) @[ IoU=0.50:0.95 | area=   all | maxDets=100 ] = 0.825
 Average Precision  (AP) @[ IoU=0.50      | area=   all | maxDets=100 ] = 0.976
 Average Precision  (AP) @[ IoU=0.75      | area=   all | maxDets=100 ] = 0.883
 Average Precision  (AP) @[ IoU=0.50:0.95 | area= small | maxDets=100 ] = -1.000
 Average Precision  (AP) @[ IoU=0.50:0.95 | area=medium | maxDets=100 ] = -1.000
 Average Precision  (AP) @[ IoU=0.50:0.95 | area= large | maxDets=100 ] = 0.825
 Average Recall     (AR) @[ IoU=0.50:0.95 | area=   all | maxDets=  1 ] = 0.760
 Average Recall     (AR) @[ IoU=0.50:0.95 | area=   all | maxDets= 10 ] = 0.890
 Average Recall     (AR) @[ IoU=0.50:0.95 | area=   all | maxDets=100 ] = 0.933
 Average Recall     (AR) @[ IoU=0.50:0.95 | area= small | maxDets=100 ] = -1.000
 Average Recall     (AR) @[ IoU=0.50:0.95 | area=medium | maxDets=100 ] = -1.000
 Average Recall     (AR) @[ IoU=0.50:0.95 | area= large | maxDets=100 ] = 0.933
 Average Recall     (AR) @[ IoU=0.50      | area=   all | maxDets=100 ] = 1.000
 Average Recall     (AR) @[ IoU=0.75      | area=   all | maxDets=100 ] = 1.000
best_stat: {'epoch': 93, 'coco_eval_bbox': 0.8381087341354041}
Epoch: [96]  [0/8]  eta: 0:00:07  lr: 0.000004  loss: 30.4416 (30.4416)  loss_mal: 1.0312 (1.0312)  loss_bbox: 0.0998 (0.0998)  loss_giou: 0.1365 (0.1365)  loss_fgl: 0.8311 (0.8311)  loss_mal_aux_0: 1.7588 (1.7588)  loss_bbox_aux_0: 0.1075 (0.1075)  loss_giou_aux_0: 0.1592 (0.1592)  loss_fgl_aux_0: 0.9216 (0.9216)  loss_ddf_aux_0: 0.1507 (0.1507)  loss_mal_aux_1: 1.0918 (1.0918)  loss_bbox_aux_1: 0.1048 (0.1048)  loss_giou_aux_1: 0.1441 (0.1441)  loss_fgl_aux_1: 0.8512 (0.8512)  loss_ddf_aux_1: 0.0226 (0.0226)  loss_mal_aux_2: 0.9775 (0.9775)  loss_bbox_aux_2: 0.1002 (0.1002)  loss_giou_aux_2: 0.1372 (0.1372)  loss_fgl_aux_2: 0.8342 (0.8342)  loss_ddf_aux_2: 0.0022 (0.0022)  loss_mal_pre: 1.8857 (1.8857)  loss_bbox_pre: 0.1103 (0.1103)  loss_giou_pre: 0.1570 (0.1570)  loss_mal_enc_0: 2.3594 (2.3594)  loss_bbox_enc_0: 0.1806 (0.1806)  loss_giou_enc_0: 0.2418 (0.2418)  loss_mal_dn_0: 1.5068 (1.5068)  loss_bbox_dn_0: 0.4855 (0.4855)  loss_giou_dn_0: 0.6080 (0.6080)  loss_fgl_dn_0: 1.1702 (1.1702)  loss_ddf_dn_0: 2.3925 (2.3925)  loss_mal_dn_1: 0.9077 (0.9077)  loss_bbox_dn_1: 0.1820 (0.1820)  loss_giou_dn_1: 0.2843 (0.2843)  loss_fgl_dn_1: 0.9722 (0.9722)  loss_ddf_dn_1: 0.5335 (0.5335)  loss_mal_dn_2: 0.8931 (0.8931)  loss_bbox_dn_2: 0.1235 (0.1235)  loss_giou_dn_2: 0.1834 (0.1834)  loss_fgl_dn_2: 0.8455 (0.8455)  loss_ddf_dn_2: 0.0363 (0.0363)  loss_mal_dn_3: 1.0234 (1.0234)  loss_bbox_dn_3: 0.1195 (0.1195)  loss_giou_dn_3: 0.1764 (0.1764)  loss_fgl_dn_3: 0.8438 (0.8438)  loss_mal_dn_pre: 1.6973 (1.6973)  loss_bbox_dn_pre: 0.4614 (0.4614)  loss_giou_dn_pre: 0.5982 (0.5982)  time: 0.9032  data: 0.7625  max mem: 2550
Epoch: [96]  [7/8]  eta: 0:00:00  lr: 0.000004  loss: 32.6197 (34.8457)  loss_mal: 1.1104 (1.1248)  loss_bbox: 0.0998 (0.1943)  loss_giou: 0.2073 (0.2275)  loss_fgl: 0.9428 (1.0126)  loss_mal_aux_0: 1.7598 (1.7517)  loss_bbox_aux_0: 0.1135 (0.2190)  loss_giou_aux_0: 0.2370 (0.2623)  loss_fgl_aux_0: 1.0762 (1.1034)  loss_ddf_aux_0: 0.2003 (0.2058)  loss_mal_aux_1: 1.1904 (1.2439)  loss_bbox_aux_1: 0.1048 (0.1992)  loss_giou_aux_1: 0.2084 (0.2335)  loss_fgl_aux_1: 0.9444 (1.0193)  loss_ddf_aux_1: 0.0280 (0.0291)  loss_mal_aux_2: 1.0859 (1.0997)  loss_bbox_aux_2: 0.1002 (0.1942)  loss_giou_aux_2: 0.2090 (0.2276)  loss_fgl_aux_2: 0.9485 (1.0138)  loss_ddf_aux_2: 0.0022 (0.0023)  loss_mal_pre: 1.8857 (1.9082)  loss_bbox_pre: 0.1128 (0.2174)  loss_giou_pre: 0.2297 (0.2593)  loss_mal_enc_0: 2.4512 (2.4949)  loss_bbox_enc_0: 0.1806 (0.2652)  loss_giou_enc_0: 0.3090 (0.3419)  loss_mal_dn_0: 1.3496 (1.4017)  loss_bbox_dn_0: 0.3944 (0.5864)  loss_giou_dn_0: 0.6163 (0.7141)  loss_fgl_dn_0: 1.1702 (1.1757)  loss_ddf_dn_0: 2.6739 (2.6801)  loss_mal_dn_1: 0.9160 (0.9506)  loss_bbox_dn_1: 0.1702 (0.3636)  loss_giou_dn_1: 0.3113 (0.4212)  loss_fgl_dn_1: 0.9972 (1.0677)  loss_ddf_dn_1: 0.5424 (0.5529)  loss_mal_dn_2: 0.9092 (0.9351)  loss_bbox_dn_2: 0.1235 (0.3006)  loss_giou_dn_2: 0.2531 (0.3283)  loss_fgl_dn_2: 0.9495 (0.9963)  loss_ddf_dn_2: 0.0385 (0.0387)  loss_mal_dn_3: 1.0000 (1.0256)  loss_bbox_dn_3: 0.1195 (0.2902)  loss_giou_dn_3: 0.2418 (0.3172)  loss_fgl_dn_3: 0.9464 (0.9973)  loss_mal_dn_pre: 1.5078 (1.5352)  loss_bbox_dn_pre: 0.4024 (0.5961)  loss_giou_dn_pre: 0.6348 (0.7204)  time: 0.2247  data: 0.1107  max mem: 2550
Epoch: [96] Total time: 0:00:01 (0.2346 s / it)
Averaged stats: lr: 0.000004  loss: 32.6197 (34.8457)  loss_mal: 1.1104 (1.1248)  loss_bbox: 0.0998 (0.1943)  loss_giou: 0.2073 (0.2275)  loss_fgl: 0.9428 (1.0126)  loss_mal_aux_0: 1.7598 (1.7517)  loss_bbox_aux_0: 0.1135 (0.2190)  loss_giou_aux_0: 0.2370 (0.2623)  loss_fgl_aux_0: 1.0762 (1.1034)  loss_ddf_aux_0: 0.2003 (0.2058)  loss_mal_aux_1: 1.1904 (1.2439)  loss_bbox_aux_1: 0.1048 (0.1992)  loss_giou_aux_1: 0.2084 (0.2335)  loss_fgl_aux_1: 0.9444 (1.0193)  loss_ddf_aux_1: 0.0280 (0.0291)  loss_mal_aux_2: 1.0859 (1.0997)  loss_bbox_aux_2: 0.1002 (0.1942)  loss_giou_aux_2: 0.2090 (0.2276)  loss_fgl_aux_2: 0.9485 (1.0138)  loss_ddf_aux_2: 0.0022 (0.0023)  loss_mal_pre: 1.8857 (1.9082)  loss_bbox_pre: 0.1128 (0.2174)  loss_giou_pre: 0.2297 (0.2593)  loss_mal_enc_0: 2.4512 (2.4949)  loss_bbox_enc_0: 0.1806 (0.2652)  loss_giou_enc_0: 0.3090 (0.3419)  loss_mal_dn_0: 1.3496 (1.4017)  loss_bbox_dn_0: 0.3944 (0.5864)  loss_giou_dn_0: 0.6163 (0.7141)  loss_fgl_dn_0: 1.1702 (1.1757)  loss_ddf_dn_0: 2.6739 (2.6801)  loss_mal_dn_1: 0.9160 (0.9506)  loss_bbox_dn_1: 0.1702 (0.3636)  loss_giou_dn_1: 0.3113 (0.4212)  loss_fgl_dn_1: 0.9972 (1.0677)  loss_ddf_dn_1: 0.5424 (0.5529)  loss_mal_dn_2: 0.9092 (0.9351)  loss_bbox_dn_2: 0.1235 (0.3006)  loss_giou_dn_2: 0.2531 (0.3283)  loss_fgl_dn_2: 0.9495 (0.9963)  loss_ddf_dn_2: 0.0385 (0.0387)  loss_mal_dn_3: 1.0000 (1.0256)  loss_bbox_dn_3: 0.1195 (0.2902)  loss_giou_dn_3: 0.2418 (0.3172)  loss_fgl_dn_3: 0.9464 (0.9973)  loss_mal_dn_pre: 1.5078 (1.5352)  loss_bbox_dn_pre: 0.4024 (0.5961)  loss_giou_dn_pre: 0.6348 (0.7204)
Test:  [0/4]  eta: 0:00:01    time: 0.3802  data: 0.3483  max mem: 2550
Test:  [3/4]  eta: 0:00:00    time: 0.1147  data: 0.0890  max mem: 2550
Test: Total time: 0:00:00 (0.1382 s / it)
Averaged stats: 
Accumulating evaluation results...
COCOeval_opt.accumulate() finished...
DONE (t=0.00s).
IoU metric: bbox
 Average Precision  (AP) @[ IoU=0.50:0.95 | area=   all | maxDets=100 ] = 0.840
 Average Precision  (AP) @[ IoU=0.50      | area=   all | maxDets=100 ] = 0.974
 Average Precision  (AP) @[ IoU=0.75      | area=   all | maxDets=100 ] = 0.874
 Average Precision  (AP) @[ IoU=0.50:0.95 | area= small | maxDets=100 ] = -1.000
 Average Precision  (AP) @[ IoU=0.50:0.95 | area=medium | maxDets=100 ] = -1.000
 Average Precision  (AP) @[ IoU=0.50:0.95 | area= large | maxDets=100 ] = 0.840
 Average Recall     (AR) @[ IoU=0.50:0.95 | area=   all | maxDets=  1 ] = 0.780
 Average Recall     (AR) @[ IoU=0.50:0.95 | area=   all | maxDets= 10 ] = 0.903
 Average Recall     (AR) @[ IoU=0.50:0.95 | area=   all | maxDets=100 ] = 0.940
 Average Recall     (AR) @[ IoU=0.50:0.95 | area= small | maxDets=100 ] = -1.000
 Average Recall     (AR) @[ IoU=0.50:0.95 | area=medium | maxDets=100 ] = -1.000
 Average Recall     (AR) @[ IoU=0.50:0.95 | area= large | maxDets=100 ] = 0.940
 Average Recall     (AR) @[ IoU=0.50      | area=   all | maxDets=100 ] = 1.000
 Average Recall     (AR) @[ IoU=0.75      | area=   all | maxDets=100 ] = 1.000
best_stat: {'epoch': 96, 'coco_eval_bbox': 0.8401048507732196}
Epoch: [97]  [0/8]  eta: 0:00:06  lr: 0.000004  loss: 33.4043 (33.4043)  loss_mal: 0.9878 (0.9878)  loss_bbox: 0.0853 (0.0853)  loss_giou: 0.2514 (0.2514)  loss_fgl: 1.0554 (1.0554)  loss_mal_aux_0: 1.9229 (1.9229)  loss_bbox_aux_0: 0.0914 (0.0914)  loss_giou_aux_0: 0.2727 (0.2727)  loss_fgl_aux_0: 1.1092 (1.1092)  loss_ddf_aux_0: 0.1590 (0.1590)  loss_mal_aux_1: 1.0928 (1.0928)  loss_bbox_aux_1: 0.0882 (0.0882)  loss_giou_aux_1: 0.2573 (0.2573)  loss_fgl_aux_1: 1.0622 (1.0622)  loss_ddf_aux_1: 0.0230 (0.0230)  loss_mal_aux_2: 0.9595 (0.9595)  loss_bbox_aux_2: 0.0835 (0.0835)  loss_giou_aux_2: 0.2505 (0.2505)  loss_fgl_aux_2: 1.0529 (1.0529)  loss_ddf_aux_2: 0.0015 (0.0015)  loss_mal_pre: 1.9844 (1.9844)  loss_bbox_pre: 0.0974 (0.0974)  loss_giou_pre: 0.2777 (0.2777)  loss_mal_enc_0: 2.5195 (2.5195)  loss_bbox_enc_0: 0.1910 (0.1910)  loss_giou_enc_0: 0.4284 (0.4284)  loss_mal_dn_0: 1.3174 (1.3174)  loss_bbox_dn_0: 0.4542 (0.4542)  loss_giou_dn_0: 0.7812 (0.7812)  loss_fgl_dn_0: 1.1262 (1.1262)  loss_ddf_dn_0: 2.7724 (2.7724)  loss_mal_dn_1: 0.9663 (0.9663)  loss_bbox_dn_1: 0.2222 (0.2222)  loss_giou_dn_1: 0.4110 (0.4110)  loss_fgl_dn_1: 1.0482 (1.0482)  loss_ddf_dn_1: 0.5783 (0.5783)  loss_mal_dn_2: 0.9272 (0.9272)  loss_bbox_dn_2: 0.1310 (0.1310)  loss_giou_dn_2: 0.2880 (0.2880)  loss_fgl_dn_2: 0.9637 (0.9637)  loss_ddf_dn_2: 0.0321 (0.0321)  loss_mal_dn_3: 0.9937 (0.9937)  loss_bbox_dn_3: 0.1286 (0.1286)  loss_giou_dn_3: 0.2815 (0.2815)  loss_fgl_dn_3: 0.9661 (0.9661)  loss_mal_dn_pre: 1.4668 (1.4668)  loss_bbox_dn_pre: 0.4694 (0.4694)  loss_giou_dn_pre: 0.7738 (0.7738)  time: 0.8618  data: 0.7144  max mem: 2550
Epoch: [97]  [7/8]  eta: 0:00:00  lr: 0.000004  loss: 31.1241 (31.9072)  loss_mal: 0.9878 (0.9919)  loss_bbox: 0.1015 (0.1072)  loss_giou: 0.1349 (0.1717)  loss_fgl: 0.8422 (0.9053)  loss_mal_aux_0: 1.8203 (1.8066)  loss_bbox_aux_0: 0.1186 (0.1239)  loss_giou_aux_0: 0.1536 (0.1977)  loss_fgl_aux_0: 0.9664 (0.9911)  loss_ddf_aux_0: 0.1344 (0.1624)  loss_mal_aux_1: 1.0928 (1.1036)  loss_bbox_aux_1: 0.0971 (0.1066)  loss_giou_aux_1: 0.1370 (0.1707)  loss_fgl_aux_1: 0.8547 (0.9028)  loss_ddf_aux_1: 0.0218 (0.0241)  loss_mal_aux_2: 0.9595 (0.9738)  loss_bbox_aux_2: 0.0996 (0.1070)  loss_giou_aux_2: 0.1370 (0.1722)  loss_fgl_aux_2: 0.8433 (0.9039)  loss_ddf_aux_2: 0.0018 (0.0020)  loss_mal_pre: 1.8906 (1.8702)  loss_bbox_pre: 0.1104 (0.1218)  loss_giou_pre: 0.1517 (0.1945)  loss_mal_enc_0: 2.3457 (2.4094)  loss_bbox_enc_0: 0.1480 (0.1684)  loss_giou_enc_0: 0.2635 (0.2805)  loss_mal_dn_0: 1.4561 (1.4492)  loss_bbox_dn_0: 0.4764 (0.5152)  loss_giou_dn_0: 0.6429 (0.6649)  loss_fgl_dn_0: 1.1615 (1.1679)  loss_ddf_dn_0: 2.1003 (2.5075)  loss_mal_dn_1: 0.9224 (0.9299)  loss_bbox_dn_1: 0.2205 (0.2598)  loss_giou_dn_1: 0.3353 (0.3591)  loss_fgl_dn_1: 1.0106 (1.0309)  loss_ddf_dn_1: 0.4919 (0.5207)  loss_mal_dn_2: 0.9150 (0.9102)  loss_bbox_dn_2: 0.1590 (0.1911)  loss_giou_dn_2: 0.2424 (0.2659)  loss_fgl_dn_2: 0.9223 (0.9523)  loss_ddf_dn_2: 0.0318 (0.0345)  loss_mal_dn_3: 0.9941 (0.9999)  loss_bbox_dn_3: 0.1522 (0.1810)  loss_giou_dn_3: 0.2279 (0.2522)  loss_fgl_dn_3: 0.9272 (0.9532)  loss_mal_dn_pre: 1.6387 (1.6006)  loss_bbox_dn_pre: 0.4734 (0.5239)  loss_giou_dn_pre: 0.6452 (0.6678)  time: 0.2396  data: 0.1100  max mem: 2550
Epoch: [97] Total time: 0:00:01 (0.2474 s / it)
Averaged stats: lr: 0.000004  loss: 31.1241 (31.9072)  loss_mal: 0.9878 (0.9919)  loss_bbox: 0.1015 (0.1072)  loss_giou: 0.1349 (0.1717)  loss_fgl: 0.8422 (0.9053)  loss_mal_aux_0: 1.8203 (1.8066)  loss_bbox_aux_0: 0.1186 (0.1239)  loss_giou_aux_0: 0.1536 (0.1977)  loss_fgl_aux_0: 0.9664 (0.9911)  loss_ddf_aux_0: 0.1344 (0.1624)  loss_mal_aux_1: 1.0928 (1.1036)  loss_bbox_aux_1: 0.0971 (0.1066)  loss_giou_aux_1: 0.1370 (0.1707)  loss_fgl_aux_1: 0.8547 (0.9028)  loss_ddf_aux_1: 0.0218 (0.0241)  loss_mal_aux_2: 0.9595 (0.9738)  loss_bbox_aux_2: 0.0996 (0.1070)  loss_giou_aux_2: 0.1370 (0.1722)  loss_fgl_aux_2: 0.8433 (0.9039)  loss_ddf_aux_2: 0.0018 (0.0020)  loss_mal_pre: 1.8906 (1.8702)  loss_bbox_pre: 0.1104 (0.1218)  loss_giou_pre: 0.1517 (0.1945)  loss_mal_enc_0: 2.3457 (2.4094)  loss_bbox_enc_0: 0.1480 (0.1684)  loss_giou_enc_0: 0.2635 (0.2805)  loss_mal_dn_0: 1.4561 (1.4492)  loss_bbox_dn_0: 0.4764 (0.5152)  loss_giou_dn_0: 0.6429 (0.6649)  loss_fgl_dn_0: 1.1615 (1.1679)  loss_ddf_dn_0: 2.1003 (2.5075)  loss_mal_dn_1: 0.9224 (0.9299)  loss_bbox_dn_1: 0.2205 (0.2598)  loss_giou_dn_1: 0.3353 (0.3591)  loss_fgl_dn_1: 1.0106 (1.0309)  loss_ddf_dn_1: 0.4919 (0.5207)  loss_mal_dn_2: 0.9150 (0.9102)  loss_bbox_dn_2: 0.1590 (0.1911)  loss_giou_dn_2: 0.2424 (0.2659)  loss_fgl_dn_2: 0.9223 (0.9523)  loss_ddf_dn_2: 0.0318 (0.0345)  loss_mal_dn_3: 0.9941 (0.9999)  loss_bbox_dn_3: 0.1522 (0.1810)  loss_giou_dn_3: 0.2279 (0.2522)  loss_fgl_dn_3: 0.9272 (0.9532)  loss_mal_dn_pre: 1.6387 (1.6006)  loss_bbox_dn_pre: 0.4734 (0.5239)  loss_giou_dn_pre: 0.6452 (0.6678)
Test:  [0/4]  eta: 0:00:01    time: 0.3631  data: 0.3311  max mem: 2550
Test:  [3/4]  eta: 0:00:00    time: 0.1108  data: 0.0848  max mem: 2550
Test: Total time: 0:00:00 (0.1255 s / it)
Averaged stats: 
Accumulating evaluation results...
COCOeval_opt.accumulate() finished...
DONE (t=0.00s).
IoU metric: bbox
 Average Precision  (AP) @[ IoU=0.50:0.95 | area=   all | maxDets=100 ] = 0.845
 Average Precision  (AP) @[ IoU=0.50      | area=   all | maxDets=100 ] = 0.967
 Average Precision  (AP) @[ IoU=0.75      | area=   all | maxDets=100 ] = 0.875
 Average Precision  (AP) @[ IoU=0.50:0.95 | area= small | maxDets=100 ] = -1.000
 Average Precision  (AP) @[ IoU=0.50:0.95 | area=medium | maxDets=100 ] = -1.000
 Average Precision  (AP) @[ IoU=0.50:0.95 | area= large | maxDets=100 ] = 0.845
 Average Recall     (AR) @[ IoU=0.50:0.95 | area=   all | maxDets=  1 ] = 0.780
 Average Recall     (AR) @[ IoU=0.50:0.95 | area=   all | maxDets= 10 ] = 0.903
 Average Recall     (AR) @[ IoU=0.50:0.95 | area=   all | maxDets=100 ] = 0.940
 Average Recall     (AR) @[ IoU=0.50:0.95 | area= small | maxDets=100 ] = -1.000
 Average Recall     (AR) @[ IoU=0.50:0.95 | area=medium | maxDets=100 ] = -1.000
 Average Recall     (AR) @[ IoU=0.50:0.95 | area= large | maxDets=100 ] = 0.940
 Average Recall     (AR) @[ IoU=0.50      | area=   all | maxDets=100 ] = 1.000
 Average Recall     (AR) @[ IoU=0.75      | area=   all | maxDets=100 ] = 1.000
best_stat: {'epoch': 97, 'coco_eval_bbox': 0.8454413008060931}
Epoch: [98]  [0/8]  eta: 0:00:09  lr: 0.000004  loss: 30.6300 (30.6300)  loss_mal: 0.9917 (0.9917)  loss_bbox: 0.0824 (0.0824)  loss_giou: 0.1967 (0.1967)  loss_fgl: 1.0396 (1.0396)  loss_mal_aux_0: 1.6143 (1.6143)  loss_bbox_aux_0: 0.0886 (0.0886)  loss_giou_aux_0: 0.2081 (0.2081)  loss_fgl_aux_0: 1.0503 (1.0503)  loss_ddf_aux_0: 0.1440 (0.1440)  loss_mal_aux_1: 1.3252 (1.3252)  loss_bbox_aux_1: 0.0825 (0.0825)  loss_giou_aux_1: 0.1962 (0.1962)  loss_fgl_aux_1: 1.0254 (1.0254)  loss_ddf_aux_1: 0.0216 (0.0216)  loss_mal_aux_2: 1.0957 (1.0957)  loss_bbox_aux_2: 0.0825 (0.0825)  loss_giou_aux_2: 0.1946 (0.1946)  loss_fgl_aux_2: 1.0376 (1.0376)  loss_ddf_aux_2: 0.0022 (0.0022)  loss_mal_pre: 1.6592 (1.6592)  loss_bbox_pre: 0.0864 (0.0864)  loss_giou_pre: 0.2086 (0.2086)  loss_mal_enc_0: 2.0879 (2.0879)  loss_bbox_enc_0: 0.0893 (0.0893)  loss_giou_enc_0: 0.2737 (0.2737)  loss_mal_dn_0: 1.4346 (1.4346)  loss_bbox_dn_0: 0.2346 (0.2346)  loss_giou_dn_0: 0.5314 (0.5314)  loss_fgl_dn_0: 1.1958 (1.1958)  loss_ddf_dn_0: 2.4663 (2.4663)  loss_mal_dn_1: 0.8657 (0.8657)  loss_bbox_dn_1: 0.1378 (0.1378)  loss_giou_dn_1: 0.3338 (0.3338)  loss_fgl_dn_1: 1.0785 (1.0785)  loss_ddf_dn_1: 0.5282 (0.5282)  loss_mal_dn_2: 0.8608 (0.8608)  loss_bbox_dn_2: 0.1078 (0.1078)  loss_giou_dn_2: 0.2498 (0.2498)  loss_fgl_dn_2: 0.9990 (0.9990)  loss_ddf_dn_2: 0.0364 (0.0364)  loss_mal_dn_3: 0.9487 (0.9487)  loss_bbox_dn_3: 0.1052 (0.1052)  loss_giou_dn_3: 0.2423 (0.2423)  loss_fgl_dn_3: 1.0028 (1.0028)  loss_mal_dn_pre: 1.5996 (1.5996)  loss_bbox_dn_pre: 0.2416 (0.2416)  loss_giou_dn_pre: 0.5448 (0.5448)  time: 1.1615  data: 1.0256  max mem: 2550
Epoch: [98]  [7/8]  eta: 0:00:00  lr: 0.000004  loss: 30.6300 (31.9984)  loss_mal: 0.9917 (1.0186)  loss_bbox: 0.0756 (0.1073)  loss_giou: 0.1434 (0.1650)  loss_fgl: 0.9065 (0.9229)  loss_mal_aux_0: 1.7061 (1.7540)  loss_bbox_aux_0: 0.0696 (0.1325)  loss_giou_aux_0: 0.1605 (0.1898)  loss_fgl_aux_0: 0.9627 (0.9950)  loss_ddf_aux_0: 0.1583 (0.1741)  loss_mal_aux_1: 1.1504 (1.1929)  loss_bbox_aux_1: 0.0772 (0.1131)  loss_giou_aux_1: 0.1425 (0.1679)  loss_fgl_aux_1: 0.9312 (0.9306)  loss_ddf_aux_1: 0.0233 (0.0267)  loss_mal_aux_2: 1.0225 (1.0613)  loss_bbox_aux_2: 0.0745 (0.1075)  loss_giou_aux_2: 0.1444 (0.1648)  loss_fgl_aux_2: 0.9134 (0.9228)  loss_ddf_aux_2: 0.0020 (0.0021)  loss_mal_pre: 1.7354 (1.8256)  loss_bbox_pre: 0.0707 (0.1346)  loss_giou_pre: 0.1548 (0.1878)  loss_mal_enc_0: 2.3008 (2.3059)  loss_bbox_enc_0: 0.1103 (0.2080)  loss_giou_enc_0: 0.2737 (0.2955)  loss_mal_dn_0: 1.3662 (1.3618)  loss_bbox_dn_0: 0.3343 (0.4656)  loss_giou_dn_0: 0.5507 (0.6403)  loss_fgl_dn_0: 1.1958 (1.1927)  loss_ddf_dn_0: 2.4505 (2.7204)  loss_mal_dn_1: 0.8657 (0.9129)  loss_bbox_dn_1: 0.1520 (0.2479)  loss_giou_dn_1: 0.3197 (0.3622)  loss_fgl_dn_1: 1.0446 (1.0577)  loss_ddf_dn_1: 0.5455 (0.5993)  loss_mal_dn_2: 0.8608 (0.9040)  loss_bbox_dn_2: 0.1078 (0.1754)  loss_giou_dn_2: 0.2347 (0.2527)  loss_fgl_dn_2: 0.9617 (0.9667)  loss_ddf_dn_2: 0.0349 (0.0392)  loss_mal_dn_3: 0.9487 (0.9786)  loss_bbox_dn_3: 0.1044 (0.1686)  loss_giou_dn_3: 0.2303 (0.2403)  loss_fgl_dn_3: 0.9562 (0.9677)  loss_mal_dn_pre: 1.5459 (1.5422)  loss_bbox_dn_pre: 0.3287 (0.4642)  loss_giou_dn_pre: 0.5448 (0.6316)  time: 0.2568  data: 0.1457  max mem: 2550
Epoch: [98] Total time: 0:00:02 (0.2641 s / it)
Averaged stats: lr: 0.000004  loss: 30.6300 (31.9984)  loss_mal: 0.9917 (1.0186)  loss_bbox: 0.0756 (0.1073)  loss_giou: 0.1434 (0.1650)  loss_fgl: 0.9065 (0.9229)  loss_mal_aux_0: 1.7061 (1.7540)  loss_bbox_aux_0: 0.0696 (0.1325)  loss_giou_aux_0: 0.1605 (0.1898)  loss_fgl_aux_0: 0.9627 (0.9950)  loss_ddf_aux_0: 0.1583 (0.1741)  loss_mal_aux_1: 1.1504 (1.1929)  loss_bbox_aux_1: 0.0772 (0.1131)  loss_giou_aux_1: 0.1425 (0.1679)  loss_fgl_aux_1: 0.9312 (0.9306)  loss_ddf_aux_1: 0.0233 (0.0267)  loss_mal_aux_2: 1.0225 (1.0613)  loss_bbox_aux_2: 0.0745 (0.1075)  loss_giou_aux_2: 0.1444 (0.1648)  loss_fgl_aux_2: 0.9134 (0.9228)  loss_ddf_aux_2: 0.0020 (0.0021)  loss_mal_pre: 1.7354 (1.8256)  loss_bbox_pre: 0.0707 (0.1346)  loss_giou_pre: 0.1548 (0.1878)  loss_mal_enc_0: 2.3008 (2.3059)  loss_bbox_enc_0: 0.1103 (0.2080)  loss_giou_enc_0: 0.2737 (0.2955)  loss_mal_dn_0: 1.3662 (1.3618)  loss_bbox_dn_0: 0.3343 (0.4656)  loss_giou_dn_0: 0.5507 (0.6403)  loss_fgl_dn_0: 1.1958 (1.1927)  loss_ddf_dn_0: 2.4505 (2.7204)  loss_mal_dn_1: 0.8657 (0.9129)  loss_bbox_dn_1: 0.1520 (0.2479)  loss_giou_dn_1: 0.3197 (0.3622)  loss_fgl_dn_1: 1.0446 (1.0577)  loss_ddf_dn_1: 0.5455 (0.5993)  loss_mal_dn_2: 0.8608 (0.9040)  loss_bbox_dn_2: 0.1078 (0.1754)  loss_giou_dn_2: 0.2347 (0.2527)  loss_fgl_dn_2: 0.9617 (0.9667)  loss_ddf_dn_2: 0.0349 (0.0392)  loss_mal_dn_3: 0.9487 (0.9786)  loss_bbox_dn_3: 0.1044 (0.1686)  loss_giou_dn_3: 0.2303 (0.2403)  loss_fgl_dn_3: 0.9562 (0.9677)  loss_mal_dn_pre: 1.5459 (1.5422)  loss_bbox_dn_pre: 0.3287 (0.4642)  loss_giou_dn_pre: 0.5448 (0.6316)
Test:  [0/4]  eta: 0:00:01    time: 0.3624  data: 0.3310  max mem: 2550
Test:  [3/4]  eta: 0:00:00    time: 0.1103  data: 0.0846  max mem: 2550
Test: Total time: 0:00:00 (0.1265 s / it)
Averaged stats: 
Accumulating evaluation results...
COCOeval_opt.accumulate() finished...
DONE (t=0.00s).
IoU metric: bbox
 Average Precision  (AP) @[ IoU=0.50:0.95 | area=   all | maxDets=100 ] = 0.852
 Average Precision  (AP) @[ IoU=0.50      | area=   all | maxDets=100 ] = 0.982
 Average Precision  (AP) @[ IoU=0.75      | area=   all | maxDets=100 ] = 0.883
 Average Precision  (AP) @[ IoU=0.50:0.95 | area= small | maxDets=100 ] = -1.000
 Average Precision  (AP) @[ IoU=0.50:0.95 | area=medium | maxDets=100 ] = -1.000
 Average Precision  (AP) @[ IoU=0.50:0.95 | area= large | maxDets=100 ] = 0.852
 Average Recall     (AR) @[ IoU=0.50:0.95 | area=   all | maxDets=  1 ] = 0.773
 Average Recall     (AR) @[ IoU=0.50:0.95 | area=   all | maxDets= 10 ] = 0.900
 Average Recall     (AR) @[ IoU=0.50:0.95 | area=   all | maxDets=100 ] = 0.930
 Average Recall     (AR) @[ IoU=0.50:0.95 | area= small | maxDets=100 ] = -1.000
 Average Recall     (AR) @[ IoU=0.50:0.95 | area=medium | maxDets=100 ] = -1.000
 Average Recall     (AR) @[ IoU=0.50:0.95 | area= large | maxDets=100 ] = 0.930
 Average Recall     (AR) @[ IoU=0.50      | area=   all | maxDets=100 ] = 1.000
 Average Recall     (AR) @[ IoU=0.75      | area=   all | maxDets=100 ] = 1.000
best_stat: {'epoch': 98, 'coco_eval_bbox': 0.8518564600275348}
Epoch: [99]  [0/8]  eta: 0:00:07  lr: 0.000004  loss: 33.1586 (33.1586)  loss_mal: 0.9131 (0.9131)  loss_bbox: 0.1698 (0.1698)  loss_giou: 0.2287 (0.2287)  loss_fgl: 0.9877 (0.9877)  loss_mal_aux_0: 1.5293 (1.5293)  loss_bbox_aux_0: 0.2037 (0.2037)  loss_giou_aux_0: 0.2622 (0.2622)  loss_fgl_aux_0: 1.1157 (1.1157)  loss_ddf_aux_0: 0.2166 (0.2166)  loss_mal_aux_1: 0.9834 (0.9834)  loss_bbox_aux_1: 0.1825 (0.1825)  loss_giou_aux_1: 0.2325 (0.2325)  loss_fgl_aux_1: 0.9953 (0.9953)  loss_ddf_aux_1: 0.0317 (0.0317)  loss_mal_aux_2: 0.8809 (0.8809)  loss_bbox_aux_2: 0.1767 (0.1767)  loss_giou_aux_2: 0.2326 (0.2326)  loss_fgl_aux_2: 0.9947 (0.9947)  loss_ddf_aux_2: 0.0028 (0.0028)  loss_mal_pre: 1.6846 (1.6846)  loss_bbox_pre: 0.2117 (0.2117)  loss_giou_pre: 0.2688 (0.2688)  loss_mal_enc_0: 2.3086 (2.3086)  loss_bbox_enc_0: 0.2676 (0.2676)  loss_giou_enc_0: 0.3821 (0.3821)  loss_mal_dn_0: 1.3213 (1.3213)  loss_bbox_dn_0: 0.5593 (0.5593)  loss_giou_dn_0: 0.7002 (0.7002)  loss_fgl_dn_0: 1.1625 (1.1625)  loss_ddf_dn_0: 2.9137 (2.9137)  loss_mal_dn_1: 0.8779 (0.8779)  loss_bbox_dn_1: 0.3426 (0.3426)  loss_giou_dn_1: 0.4173 (0.4173)  loss_fgl_dn_1: 1.0470 (1.0470)  loss_ddf_dn_1: 0.7035 (0.7035)  loss_mal_dn_2: 0.8457 (0.8457)  loss_bbox_dn_2: 0.2909 (0.2909)  loss_giou_dn_2: 0.3222 (0.3222)  loss_fgl_dn_2: 0.9629 (0.9629)  loss_ddf_dn_2: 0.0547 (0.0547)  loss_mal_dn_3: 0.9243 (0.9243)  loss_bbox_dn_3: 0.2779 (0.2779)  loss_giou_dn_3: 0.3047 (0.3047)  loss_fgl_dn_3: 0.9575 (0.9575)  loss_mal_dn_pre: 1.4805 (1.4805)  loss_bbox_dn_pre: 0.5378 (0.5378)  loss_giou_dn_pre: 0.6909 (0.6909)  time: 0.9332  data: 0.7886  max mem: 2550
Epoch: [99]  [7/8]  eta: 0:00:00  lr: 0.000004  loss: 32.8193 (31.7444)  loss_mal: 0.9438 (0.9789)  loss_bbox: 0.0703 (0.1009)  loss_giou: 0.1600 (0.1795)  loss_fgl: 0.8390 (0.9248)  loss_mal_aux_0: 1.6875 (1.6827)  loss_bbox_aux_0: 0.0785 (0.1138)  loss_giou_aux_0: 0.1995 (0.2124)  loss_fgl_aux_0: 0.9876 (1.0190)  loss_ddf_aux_0: 0.2019 (0.2003)  loss_mal_aux_1: 1.0566 (1.0605)  loss_bbox_aux_1: 0.0673 (0.0995)  loss_giou_aux_1: 0.1637 (0.1822)  loss_fgl_aux_1: 0.8793 (0.9280)  loss_ddf_aux_1: 0.0314 (0.0283)  loss_mal_aux_2: 0.9697 (0.9765)  loss_bbox_aux_2: 0.0716 (0.1019)  loss_giou_aux_2: 0.1590 (0.1799)  loss_fgl_aux_2: 0.8396 (0.9243)  loss_ddf_aux_2: 0.0019 (0.0022)  loss_mal_pre: 1.7119 (1.7693)  loss_bbox_pre: 0.0759 (0.1171)  loss_giou_pre: 0.2048 (0.2144)  loss_mal_enc_0: 2.3457 (2.3542)  loss_bbox_enc_0: 0.1027 (0.1585)  loss_giou_enc_0: 0.2901 (0.2950)  loss_mal_dn_0: 1.3213 (1.3386)  loss_bbox_dn_0: 0.3281 (0.3924)  loss_giou_dn_0: 0.6041 (0.6385)  loss_fgl_dn_0: 1.1815 (1.1979)  loss_ddf_dn_0: 2.8042 (2.9789)  loss_mal_dn_1: 0.8892 (0.9391)  loss_bbox_dn_1: 0.1534 (0.2085)  loss_giou_dn_1: 0.3588 (0.3508)  loss_fgl_dn_1: 1.0450 (1.0343)  loss_ddf_dn_1: 0.6183 (0.6547)  loss_mal_dn_2: 0.8843 (0.9084)  loss_bbox_dn_2: 0.1276 (0.1635)  loss_giou_dn_2: 0.2424 (0.2661)  loss_fgl_dn_2: 0.9629 (0.9519)  loss_ddf_dn_2: 0.0464 (0.0471)  loss_mal_dn_3: 0.9448 (0.9716)  loss_bbox_dn_3: 0.1288 (0.1581)  loss_giou_dn_3: 0.2348 (0.2551)  loss_fgl_dn_3: 0.9575 (0.9542)  loss_mal_dn_pre: 1.4932 (1.5094)  loss_bbox_dn_pre: 0.3331 (0.3900)  loss_giou_dn_pre: 0.6059 (0.6312)  time: 0.2410  data: 0.1224  max mem: 2550
Epoch: [99] Total time: 0:00:02 (0.2505 s / it)
Averaged stats: lr: 0.000004  loss: 32.8193 (31.7444)  loss_mal: 0.9438 (0.9789)  loss_bbox: 0.0703 (0.1009)  loss_giou: 0.1600 (0.1795)  loss_fgl: 0.8390 (0.9248)  loss_mal_aux_0: 1.6875 (1.6827)  loss_bbox_aux_0: 0.0785 (0.1138)  loss_giou_aux_0: 0.1995 (0.2124)  loss_fgl_aux_0: 0.9876 (1.0190)  loss_ddf_aux_0: 0.2019 (0.2003)  loss_mal_aux_1: 1.0566 (1.0605)  loss_bbox_aux_1: 0.0673 (0.0995)  loss_giou_aux_1: 0.1637 (0.1822)  loss_fgl_aux_1: 0.8793 (0.9280)  loss_ddf_aux_1: 0.0314 (0.0283)  loss_mal_aux_2: 0.9697 (0.9765)  loss_bbox_aux_2: 0.0716 (0.1019)  loss_giou_aux_2: 0.1590 (0.1799)  loss_fgl_aux_2: 0.8396 (0.9243)  loss_ddf_aux_2: 0.0019 (0.0022)  loss_mal_pre: 1.7119 (1.7693)  loss_bbox_pre: 0.0759 (0.1171)  loss_giou_pre: 0.2048 (0.2144)  loss_mal_enc_0: 2.3457 (2.3542)  loss_bbox_enc_0: 0.1027 (0.1585)  loss_giou_enc_0: 0.2901 (0.2950)  loss_mal_dn_0: 1.3213 (1.3386)  loss_bbox_dn_0: 0.3281 (0.3924)  loss_giou_dn_0: 0.6041 (0.6385)  loss_fgl_dn_0: 1.1815 (1.1979)  loss_ddf_dn_0: 2.8042 (2.9789)  loss_mal_dn_1: 0.8892 (0.9391)  loss_bbox_dn_1: 0.1534 (0.2085)  loss_giou_dn_1: 0.3588 (0.3508)  loss_fgl_dn_1: 1.0450 (1.0343)  loss_ddf_dn_1: 0.6183 (0.6547)  loss_mal_dn_2: 0.8843 (0.9084)  loss_bbox_dn_2: 0.1276 (0.1635)  loss_giou_dn_2: 0.2424 (0.2661)  loss_fgl_dn_2: 0.9629 (0.9519)  loss_ddf_dn_2: 0.0464 (0.0471)  loss_mal_dn_3: 0.9448 (0.9716)  loss_bbox_dn_3: 0.1288 (0.1581)  loss_giou_dn_3: 0.2348 (0.2551)  loss_fgl_dn_3: 0.9575 (0.9542)  loss_mal_dn_pre: 1.4932 (1.5094)  loss_bbox_dn_pre: 0.3331 (0.3900)  loss_giou_dn_pre: 0.6059 (0.6312)
Test:  [0/4]  eta: 0:00:01    time: 0.3713  data: 0.3396  max mem: 2550
Test:  [3/4]  eta: 0:00:00    time: 0.1451  data: 0.0867  max mem: 2550
Test: Total time: 0:00:00 (0.1602 s / it)
Averaged stats: 
Accumulating evaluation results...
COCOeval_opt.accumulate() finished...
DONE (t=0.00s).
IoU metric: bbox
 Average Precision  (AP) @[ IoU=0.50:0.95 | area=   all | maxDets=100 ] = 0.820
 Average Precision  (AP) @[ IoU=0.50      | area=   all | maxDets=100 ] = 0.979
 Average Precision  (AP) @[ IoU=0.75      | area=   all | maxDets=100 ] = 0.872
 Average Precision  (AP) @[ IoU=0.50:0.95 | area= small | maxDets=100 ] = -1.000
 Average Precision  (AP) @[ IoU=0.50:0.95 | area=medium | maxDets=100 ] = -1.000
 Average Precision  (AP) @[ IoU=0.50:0.95 | area= large | maxDets=100 ] = 0.820
 Average Recall     (AR) @[ IoU=0.50:0.95 | area=   all | maxDets=  1 ] = 0.767
 Average Recall     (AR) @[ IoU=0.50:0.95 | area=   all | maxDets= 10 ] = 0.883
 Average Recall     (AR) @[ IoU=0.50:0.95 | area=   all | maxDets=100 ] = 0.927
 Average Recall     (AR) @[ IoU=0.50:0.95 | area= small | maxDets=100 ] = -1.000
 Average Recall     (AR) @[ IoU=0.50:0.95 | area=medium | maxDets=100 ] = -1.000
 Average Recall     (AR) @[ IoU=0.50:0.95 | area= large | maxDets=100 ] = 0.927
 Average Recall     (AR) @[ IoU=0.50      | area=   all | maxDets=100 ] = 1.000
 Average Recall     (AR) @[ IoU=0.75      | area=   all | maxDets=100 ] = 0.967
best_stat: {'epoch': 98, 'coco_eval_bbox': 0.8518564600275348}
Load last_epoch
Load model.state_dict
Load criterion.state_dict
Load postprocessor.state_dict
Load ema.state_dict
Load scaler.state_dict
Load optimizer.state_dict
Load lr_warmup_scheduler.state_dict
Refresh EMA at epoch 100 with decay 0.9999
Epoch: [100]  [0/8]  eta: 0:00:03  lr: 0.000004  loss: 29.2702 (29.2702)  loss_mal: 0.9346 (0.9346)  loss_bbox: 0.0808 (0.0808)  loss_giou: 0.0990 (0.0990)  loss_fgl: 0.7502 (0.7502)  loss_mal_aux_0: 1.7285 (1.7285)  loss_bbox_aux_0: 0.0950 (0.0950)  loss_giou_aux_0: 0.1228 (0.1228)  loss_fgl_aux_0: 0.8274 (0.8274)  loss_ddf_aux_0: 0.1101 (0.1101)  loss_mal_aux_1: 0.9189 (0.9189)  loss_bbox_aux_1: 0.0849 (0.0849)  loss_giou_aux_1: 0.1082 (0.1082)  loss_fgl_aux_1: 0.7694 (0.7694)  loss_ddf_aux_1: 0.0155 (0.0155)  loss_mal_aux_2: 0.8994 (0.8994)  loss_bbox_aux_2: 0.0790 (0.0790)  loss_giou_aux_2: 0.0981 (0.0981)  loss_fgl_aux_2: 0.7462 (0.7462)  loss_ddf_aux_2: 0.0019 (0.0019)  loss_mal_pre: 1.7627 (1.7627)  loss_bbox_pre: 0.0967 (0.0967)  loss_giou_pre: 0.1206 (0.1206)  loss_mal_enc_0: 2.1074 (2.1074)  loss_bbox_enc_0: 0.1490 (0.1490)  loss_giou_enc_0: 0.1947 (0.1947)  loss_mal_dn_0: 1.4678 (1.4678)  loss_bbox_dn_0: 0.4258 (0.4258)  loss_giou_dn_0: 0.5485 (0.5485)  loss_fgl_dn_0: 1.2131 (1.2131)  loss_ddf_dn_0: 2.9588 (2.9588)  loss_mal_dn_1: 0.8857 (0.8857)  loss_bbox_dn_1: 0.1966 (0.1966)  loss_giou_dn_1: 0.2628 (0.2628)  loss_fgl_dn_1: 0.9202 (0.9202)  loss_ddf_dn_1: 0.7028 (0.7028)  loss_mal_dn_2: 0.9033 (0.9033)  loss_bbox_dn_2: 0.1185 (0.1185)  loss_giou_dn_2: 0.1569 (0.1569)  loss_fgl_dn_2: 0.8189 (0.8189)  loss_ddf_dn_2: 0.0465 (0.0465)  loss_mal_dn_3: 1.0059 (1.0059)  loss_bbox_dn_3: 0.1093 (0.1093)  loss_giou_dn_3: 0.1446 (0.1446)  loss_fgl_dn_3: 0.8190 (0.8190)  loss_mal_dn_pre: 1.6660 (1.6660)  loss_bbox_dn_pre: 0.4457 (0.4457)  loss_giou_dn_pre: 0.5522 (0.5522)  time: 0.4884  data: 0.3513  max mem: 2550
Epoch: [100]  [7/8]  eta: 0:00:00  lr: 0.000004  loss: 29.1141 (30.0399)  loss_mal: 0.8965 (0.8791)  loss_bbox: 0.0783 (0.0862)  loss_giou: 0.1004 (0.1255)  loss_fgl: 0.7502 (0.8251)  loss_mal_aux_0: 1.7188 (1.7272)  loss_bbox_aux_0: 0.0950 (0.1082)  loss_giou_aux_0: 0.1228 (0.1520)  loss_fgl_aux_0: 0.8443 (0.9106)  loss_ddf_aux_0: 0.1363 (0.1322)  loss_mal_aux_1: 0.9189 (0.9426)  loss_bbox_aux_1: 0.0795 (0.0870)  loss_giou_aux_1: 0.1082 (0.1274)  loss_fgl_aux_1: 0.7694 (0.8333)  loss_ddf_aux_1: 0.0191 (0.0190)  loss_mal_aux_2: 0.8994 (0.8683)  loss_bbox_aux_2: 0.0773 (0.0857)  loss_giou_aux_2: 0.1034 (0.1256)  loss_fgl_aux_2: 0.7481 (0.8247)  loss_ddf_aux_2: 0.0019 (0.0020)  loss_mal_pre: 1.7178 (1.7349)  loss_bbox_pre: 0.0967 (0.1072)  loss_giou_pre: 0.1206 (0.1503)  loss_mal_enc_0: 2.0723 (2.1271)  loss_bbox_enc_0: 0.1490 (0.1511)  loss_giou_enc_0: 0.1947 (0.2231)  loss_mal_dn_0: 1.3340 (1.3472)  loss_bbox_dn_0: 0.4150 (0.4379)  loss_giou_dn_0: 0.5485 (0.5722)  loss_fgl_dn_0: 1.1815 (1.1917)  loss_ddf_dn_0: 3.0355 (3.2227)  loss_mal_dn_1: 0.8838 (0.8875)  loss_bbox_dn_1: 0.1966 (0.2090)  loss_giou_dn_1: 0.2915 (0.2955)  loss_fgl_dn_1: 0.9274 (0.9657)  loss_ddf_dn_1: 0.7028 (0.7445)  loss_mal_dn_2: 0.8555 (0.8654)  loss_bbox_dn_2: 0.1420 (0.1404)  loss_giou_dn_2: 0.1812 (0.1990)  loss_fgl_dn_2: 0.8527 (0.8767)  loss_ddf_dn_2: 0.0492 (0.0534)  loss_mal_dn_3: 0.9233 (0.9336)  loss_bbox_dn_3: 0.1288 (0.1326)  loss_giou_dn_3: 0.1688 (0.1873)  loss_fgl_dn_3: 0.8542 (0.8773)  loss_mal_dn_pre: 1.5400 (1.5396)  loss_bbox_dn_pre: 0.4102 (0.4348)  loss_giou_dn_pre: 0.5468 (0.5708)  time: 0.1507  data: 0.0455  max mem: 2550
Epoch: [100] Total time: 0:00:01 (0.1595 s / it)
Averaged stats: lr: 0.000004  loss: 29.1141 (30.0399)  loss_mal: 0.8965 (0.8791)  loss_bbox: 0.0783 (0.0862)  loss_giou: 0.1004 (0.1255)  loss_fgl: 0.7502 (0.8251)  loss_mal_aux_0: 1.7188 (1.7272)  loss_bbox_aux_0: 0.0950 (0.1082)  loss_giou_aux_0: 0.1228 (0.1520)  loss_fgl_aux_0: 0.8443 (0.9106)  loss_ddf_aux_0: 0.1363 (0.1322)  loss_mal_aux_1: 0.9189 (0.9426)  loss_bbox_aux_1: 0.0795 (0.0870)  loss_giou_aux_1: 0.1082 (0.1274)  loss_fgl_aux_1: 0.7694 (0.8333)  loss_ddf_aux_1: 0.0191 (0.0190)  loss_mal_aux_2: 0.8994 (0.8683)  loss_bbox_aux_2: 0.0773 (0.0857)  loss_giou_aux_2: 0.1034 (0.1256)  loss_fgl_aux_2: 0.7481 (0.8247)  loss_ddf_aux_2: 0.0019 (0.0020)  loss_mal_pre: 1.7178 (1.7349)  loss_bbox_pre: 0.0967 (0.1072)  loss_giou_pre: 0.1206 (0.1503)  loss_mal_enc_0: 2.0723 (2.1271)  loss_bbox_enc_0: 0.1490 (0.1511)  loss_giou_enc_0: 0.1947 (0.2231)  loss_mal_dn_0: 1.3340 (1.3472)  loss_bbox_dn_0: 0.4150 (0.4379)  loss_giou_dn_0: 0.5485 (0.5722)  loss_fgl_dn_0: 1.1815 (1.1917)  loss_ddf_dn_0: 3.0355 (3.2227)  loss_mal_dn_1: 0.8838 (0.8875)  loss_bbox_dn_1: 0.1966 (0.2090)  loss_giou_dn_1: 0.2915 (0.2955)  loss_fgl_dn_1: 0.9274 (0.9657)  loss_ddf_dn_1: 0.7028 (0.7445)  loss_mal_dn_2: 0.8555 (0.8654)  loss_bbox_dn_2: 0.1420 (0.1404)  loss_giou_dn_2: 0.1812 (0.1990)  loss_fgl_dn_2: 0.8527 (0.8767)  loss_ddf_dn_2: 0.0492 (0.0534)  loss_mal_dn_3: 0.9233 (0.9336)  loss_bbox_dn_3: 0.1288 (0.1326)  loss_giou_dn_3: 0.1688 (0.1873)  loss_fgl_dn_3: 0.8542 (0.8773)  loss_mal_dn_pre: 1.5400 (1.5396)  loss_bbox_dn_pre: 0.4102 (0.4348)  loss_giou_dn_pre: 0.5468 (0.5708)
Test:  [0/4]  eta: 0:00:01    time: 0.3516  data: 0.3195  max mem: 2550
Test:  [3/4]  eta: 0:00:00    time: 0.1075  data: 0.0818  max mem: 2550
Test: Total time: 0:00:00 (0.1303 s / it)
Averaged stats: 
Accumulating evaluation results...
COCOeval_opt.accumulate() finished...
DONE (t=0.00s).
IoU metric: bbox
 Average Precision  (AP) @[ IoU=0.50:0.95 | area=   all | maxDets=100 ] = 0.852
 Average Precision  (AP) @[ IoU=0.50      | area=   all | maxDets=100 ] = 0.973
 Average Precision  (AP) @[ IoU=0.75      | area=   all | maxDets=100 ] = 0.877
 Average Precision  (AP) @[ IoU=0.50:0.95 | area= small | maxDets=100 ] = -1.000
 Average Precision  (AP) @[ IoU=0.50:0.95 | area=medium | maxDets=100 ] = -1.000
 Average Precision  (AP) @[ IoU=0.50:0.95 | area= large | maxDets=100 ] = 0.852
 Average Recall     (AR) @[ IoU=0.50:0.95 | area=   all | maxDets=  1 ] = 0.780
 Average Recall     (AR) @[ IoU=0.50:0.95 | area=   all | maxDets= 10 ] = 0.903
 Average Recall     (AR) @[ IoU=0.50:0.95 | area=   all | maxDets=100 ] = 0.933
 Average Recall     (AR) @[ IoU=0.50:0.95 | area= small | maxDets=100 ] = -1.000
 Average Recall     (AR) @[ IoU=0.50:0.95 | area=medium | maxDets=100 ] = -1.000
 Average Recall     (AR) @[ IoU=0.50:0.95 | area= large | maxDets=100 ] = 0.933
 Average Recall     (AR) @[ IoU=0.50      | area=   all | maxDets=100 ] = 1.000
 Average Recall     (AR) @[ IoU=0.75      | area=   all | maxDets=100 ] = 1.000
best_stat: {'epoch': 100, 'coco_eval_bbox': 0.8524829153094619}
Epoch: [101]  [0/8]  eta: 0:00:03  lr: 0.000004  loss: 30.9357 (30.9357)  loss_mal: 0.9121 (0.9121)  loss_bbox: 0.0998 (0.0998)  loss_giou: 0.1754 (0.1754)  loss_fgl: 0.9420 (0.9420)  loss_mal_aux_0: 1.6328 (1.6328)  loss_bbox_aux_0: 0.1074 (0.1074)  loss_giou_aux_0: 0.2000 (0.2000)  loss_fgl_aux_0: 1.0516 (1.0516)  loss_ddf_aux_0: 0.1451 (0.1451)  loss_mal_aux_1: 1.0459 (1.0459)  loss_bbox_aux_1: 0.0977 (0.0977)  loss_giou_aux_1: 0.1767 (0.1767)  loss_fgl_aux_1: 0.9445 (0.9445)  loss_ddf_aux_1: 0.0220 (0.0220)  loss_mal_aux_2: 0.9336 (0.9336)  loss_bbox_aux_2: 0.1011 (0.1011)  loss_giou_aux_2: 0.1771 (0.1771)  loss_fgl_aux_2: 0.9488 (0.9488)  loss_ddf_aux_2: 0.0014 (0.0014)  loss_mal_pre: 1.6299 (1.6299)  loss_bbox_pre: 0.0998 (0.0998)  loss_giou_pre: 0.1842 (0.1842)  loss_mal_enc_0: 1.8447 (1.8447)  loss_bbox_enc_0: 0.1694 (0.1694)  loss_giou_enc_0: 0.2841 (0.2841)  loss_mal_dn_0: 1.3516 (1.3516)  loss_bbox_dn_0: 0.3620 (0.3620)  loss_giou_dn_0: 0.5237 (0.5237)  loss_fgl_dn_0: 1.2162 (1.2162)  loss_ddf_dn_0: 3.4962 (3.4962)  loss_mal_dn_1: 0.8589 (0.8589)  loss_bbox_dn_1: 0.1739 (0.1739)  loss_giou_dn_1: 0.2916 (0.2916)  loss_fgl_dn_1: 1.0120 (1.0120)  loss_ddf_dn_1: 0.8047 (0.8047)  loss_mal_dn_2: 0.8608 (0.8608)  loss_bbox_dn_2: 0.1465 (0.1465)  loss_giou_dn_2: 0.2347 (0.2347)  loss_fgl_dn_2: 0.9576 (0.9576)  loss_ddf_dn_2: 0.0568 (0.0568)  loss_mal_dn_3: 0.9277 (0.9277)  loss_bbox_dn_3: 0.1409 (0.1409)  loss_giou_dn_3: 0.2246 (0.2246)  loss_fgl_dn_3: 0.9499 (0.9499)  loss_mal_dn_pre: 1.5195 (1.5195)  loss_bbox_dn_pre: 0.3552 (0.3552)  loss_giou_dn_pre: 0.5436 (0.5436)  time: 0.4873  data: 0.3430  max mem: 2550
Epoch: [101]  [7/8]  eta: 0:00:00  lr: 0.000004  loss: 29.7683 (29.6508)  loss_mal: 0.8501 (0.8524)  loss_bbox: 0.0821 (0.0801)  loss_giou: 0.1001 (0.1249)  loss_fgl: 0.7470 (0.7879)  loss_mal_aux_0: 1.7461 (1.7803)  loss_bbox_aux_0: 0.0938 (0.0966)  loss_giou_aux_0: 0.1286 (0.1473)  loss_fgl_aux_0: 0.8425 (0.8859)  loss_ddf_aux_0: 0.1451 (0.1415)  loss_mal_aux_1: 1.0420 (1.0099)  loss_bbox_aux_1: 0.0790 (0.0804)  loss_giou_aux_1: 0.1014 (0.1278)  loss_fgl_aux_1: 0.7512 (0.7935)  loss_ddf_aux_1: 0.0211 (0.0218)  loss_mal_aux_2: 0.8711 (0.8858)  loss_bbox_aux_2: 0.0809 (0.0800)  loss_giou_aux_2: 0.0999 (0.1250)  loss_fgl_aux_2: 0.7480 (0.7889)  loss_ddf_aux_2: 0.0020 (0.0020)  loss_mal_pre: 1.6465 (1.7000)  loss_bbox_pre: 0.0969 (0.0930)  loss_giou_pre: 0.1222 (0.1434)  loss_mal_enc_0: 1.8936 (1.9598)  loss_bbox_enc_0: 0.1343 (0.1340)  loss_giou_enc_0: 0.2018 (0.2110)  loss_mal_dn_0: 1.2715 (1.2839)  loss_bbox_dn_0: 0.4026 (0.4059)  loss_giou_dn_0: 0.5452 (0.5550)  loss_fgl_dn_0: 1.2014 (1.1946)  loss_ddf_dn_0: 3.2995 (3.4418)  loss_mal_dn_1: 0.8423 (0.8580)  loss_bbox_dn_1: 0.1910 (0.1836)  loss_giou_dn_1: 0.2786 (0.2770)  loss_fgl_dn_1: 0.9447 (0.9666)  loss_ddf_dn_1: 0.8153 (0.8409)  loss_mal_dn_2: 0.8252 (0.8404)  loss_bbox_dn_2: 0.1278 (0.1277)  loss_giou_dn_2: 0.1834 (0.1906)  loss_fgl_dn_2: 0.8572 (0.8747)  loss_ddf_dn_2: 0.0593 (0.0622)  loss_mal_dn_3: 0.8735 (0.8925)  loss_bbox_dn_3: 0.1152 (0.1185)  loss_giou_dn_3: 0.1689 (0.1787)  loss_fgl_dn_3: 0.8540 (0.8742)  loss_mal_dn_pre: 1.4717 (1.4785)  loss_bbox_dn_pre: 0.3871 (0.3982)  loss_giou_dn_pre: 0.5436 (0.5541)  time: 0.1516  data: 0.0450  max mem: 2550
Epoch: [101] Total time: 0:00:01 (0.1609 s / it)
Averaged stats: lr: 0.000004  loss: 29.7683 (29.6508)  loss_mal: 0.8501 (0.8524)  loss_bbox: 0.0821 (0.0801)  loss_giou: 0.1001 (0.1249)  loss_fgl: 0.7470 (0.7879)  loss_mal_aux_0: 1.7461 (1.7803)  loss_bbox_aux_0: 0.0938 (0.0966)  loss_giou_aux_0: 0.1286 (0.1473)  loss_fgl_aux_0: 0.8425 (0.8859)  loss_ddf_aux_0: 0.1451 (0.1415)  loss_mal_aux_1: 1.0420 (1.0099)  loss_bbox_aux_1: 0.0790 (0.0804)  loss_giou_aux_1: 0.1014 (0.1278)  loss_fgl_aux_1: 0.7512 (0.7935)  loss_ddf_aux_1: 0.0211 (0.0218)  loss_mal_aux_2: 0.8711 (0.8858)  loss_bbox_aux_2: 0.0809 (0.0800)  loss_giou_aux_2: 0.0999 (0.1250)  loss_fgl_aux_2: 0.7480 (0.7889)  loss_ddf_aux_2: 0.0020 (0.0020)  loss_mal_pre: 1.6465 (1.7000)  loss_bbox_pre: 0.0969 (0.0930)  loss_giou_pre: 0.1222 (0.1434)  loss_mal_enc_0: 1.8936 (1.9598)  loss_bbox_enc_0: 0.1343 (0.1340)  loss_giou_enc_0: 0.2018 (0.2110)  loss_mal_dn_0: 1.2715 (1.2839)  loss_bbox_dn_0: 0.4026 (0.4059)  loss_giou_dn_0: 0.5452 (0.5550)  loss_fgl_dn_0: 1.2014 (1.1946)  loss_ddf_dn_0: 3.2995 (3.4418)  loss_mal_dn_1: 0.8423 (0.8580)  loss_bbox_dn_1: 0.1910 (0.1836)  loss_giou_dn_1: 0.2786 (0.2770)  loss_fgl_dn_1: 0.9447 (0.9666)  loss_ddf_dn_1: 0.8153 (0.8409)  loss_mal_dn_2: 0.8252 (0.8404)  loss_bbox_dn_2: 0.1278 (0.1277)  loss_giou_dn_2: 0.1834 (0.1906)  loss_fgl_dn_2: 0.8572 (0.8747)  loss_ddf_dn_2: 0.0593 (0.0622)  loss_mal_dn_3: 0.8735 (0.8925)  loss_bbox_dn_3: 0.1152 (0.1185)  loss_giou_dn_3: 0.1689 (0.1787)  loss_fgl_dn_3: 0.8540 (0.8742)  loss_mal_dn_pre: 1.4717 (1.4785)  loss_bbox_dn_pre: 0.3871 (0.3982)  loss_giou_dn_pre: 0.5436 (0.5541)
Test:  [0/4]  eta: 0:00:01    time: 0.3763  data: 0.3448  max mem: 2550
Test:  [3/4]  eta: 0:00:00    time: 0.1139  data: 0.0880  max mem: 2550
Test: Total time: 0:00:00 (0.1355 s / it)
Averaged stats: 
Accumulating evaluation results...
COCOeval_opt.accumulate() finished...
DONE (t=0.00s).
IoU metric: bbox
 Average Precision  (AP) @[ IoU=0.50:0.95 | area=   all | maxDets=100 ] = 0.851
 Average Precision  (AP) @[ IoU=0.50      | area=   all | maxDets=100 ] = 0.988
 Average Precision  (AP) @[ IoU=0.75      | area=   all | maxDets=100 ] = 0.881
 Average Precision  (AP) @[ IoU=0.50:0.95 | area= small | maxDets=100 ] = -1.000
 Average Precision  (AP) @[ IoU=0.50:0.95 | area=medium | maxDets=100 ] = -1.000
 Average Precision  (AP) @[ IoU=0.50:0.95 | area= large | maxDets=100 ] = 0.851
 Average Recall     (AR) @[ IoU=0.50:0.95 | area=   all | maxDets=  1 ] = 0.780
 Average Recall     (AR) @[ IoU=0.50:0.95 | area=   all | maxDets= 10 ] = 0.897
 Average Recall     (AR) @[ IoU=0.50:0.95 | area=   all | maxDets=100 ] = 0.943
 Average Recall     (AR) @[ IoU=0.50:0.95 | area= small | maxDets=100 ] = -1.000
 Average Recall     (AR) @[ IoU=0.50:0.95 | area=medium | maxDets=100 ] = -1.000
 Average Recall     (AR) @[ IoU=0.50:0.95 | area= large | maxDets=100 ] = 0.943
 Average Recall     (AR) @[ IoU=0.50      | area=   all | maxDets=100 ] = 1.000
 Average Recall     (AR) @[ IoU=0.75      | area=   all | maxDets=100 ] = 0.967
best_stat: {'epoch': 100, 'coco_eval_bbox': 0.8524829153094619}
Load last_epoch
Load model.state_dict
Load criterion.state_dict
Load postprocessor.state_dict
Load ema.state_dict
Load scaler.state_dict
Load optimizer.state_dict
Load lr_warmup_scheduler.state_dict
Refresh EMA at epoch 101 with decay 0.9998
Epoch: [102]  [0/8]  eta: 0:00:03  lr: 0.000004  loss: 28.1911 (28.1911)  loss_mal: 0.8203 (0.8203)  loss_bbox: 0.0674 (0.0674)  loss_giou: 0.1121 (0.1121)  loss_fgl: 0.7779 (0.7779)  loss_mal_aux_0: 1.6387 (1.6387)  loss_bbox_aux_0: 0.0766 (0.0766)  loss_giou_aux_0: 0.1318 (0.1318)  loss_fgl_aux_0: 0.8643 (0.8643)  loss_ddf_aux_0: 0.1216 (0.1216)  loss_mal_aux_1: 0.8599 (0.8599)  loss_bbox_aux_1: 0.0715 (0.0715)  loss_giou_aux_1: 0.1186 (0.1186)  loss_fgl_aux_1: 0.7987 (0.7987)  loss_ddf_aux_1: 0.0190 (0.0190)  loss_mal_aux_2: 0.7749 (0.7749)  loss_bbox_aux_2: 0.0658 (0.0658)  loss_giou_aux_2: 0.1108 (0.1108)  loss_fgl_aux_2: 0.7775 (0.7775)  loss_ddf_aux_2: 0.0024 (0.0024)  loss_mal_pre: 1.6631 (1.6631)  loss_bbox_pre: 0.0718 (0.0718)  loss_giou_pre: 0.1276 (0.1276)  loss_mal_enc_0: 2.0996 (2.0996)  loss_bbox_enc_0: 0.1288 (0.1288)  loss_giou_enc_0: 0.2096 (0.2096)  loss_mal_dn_0: 1.3574 (1.3574)  loss_bbox_dn_0: 0.3871 (0.3871)  loss_giou_dn_0: 0.5224 (0.5224)  loss_fgl_dn_0: 1.1840 (1.1840)  loss_ddf_dn_0: 2.8263 (2.8263)  loss_mal_dn_1: 0.8726 (0.8726)  loss_bbox_dn_1: 0.1666 (0.1666)  loss_giou_dn_1: 0.2507 (0.2507)  loss_fgl_dn_1: 0.9279 (0.9279)  loss_ddf_dn_1: 0.6110 (0.6110)  loss_mal_dn_2: 0.8706 (0.8706)  loss_bbox_dn_2: 0.1165 (0.1165)  loss_giou_dn_2: 0.1693 (0.1693)  loss_fgl_dn_2: 0.8487 (0.8487)  loss_ddf_dn_2: 0.0381 (0.0381)  loss_mal_dn_3: 0.9561 (0.9561)  loss_bbox_dn_3: 0.1093 (0.1093)  loss_giou_dn_3: 0.1563 (0.1563)  loss_fgl_dn_3: 0.8499 (0.8499)  loss_mal_dn_pre: 1.5684 (1.5684)  loss_bbox_dn_pre: 0.3721 (0.3721)  loss_giou_dn_pre: 0.5197 (0.5197)  time: 0.4893  data: 0.3462  max mem: 2550
Epoch: [102]  [7/8]  eta: 0:00:00  lr: 0.000004  loss: 29.9074 (29.9877)  loss_mal: 0.8203 (0.8637)  loss_bbox: 0.0747 (0.0892)  loss_giou: 0.1121 (0.1280)  loss_fgl: 0.7779 (0.8326)  loss_mal_aux_0: 1.7168 (1.7316)  loss_bbox_aux_0: 0.0959 (0.1031)  loss_giou_aux_0: 0.1370 (0.1504)  loss_fgl_aux_0: 0.8801 (0.9060)  loss_ddf_aux_0: 0.1216 (0.1284)  loss_mal_aux_1: 0.9575 (0.9677)  loss_bbox_aux_1: 0.0762 (0.0898)  loss_giou_aux_1: 0.1186 (0.1307)  loss_fgl_aux_1: 0.7987 (0.8411)  loss_ddf_aux_1: 0.0185 (0.0183)  loss_mal_aux_2: 0.8149 (0.8606)  loss_bbox_aux_2: 0.0735 (0.0887)  loss_giou_aux_2: 0.1108 (0.1278)  loss_fgl_aux_2: 0.7775 (0.8326)  loss_ddf_aux_2: 0.0022 (0.0020)  loss_mal_pre: 1.6631 (1.7335)  loss_bbox_pre: 0.0979 (0.1041)  loss_giou_pre: 0.1290 (0.1508)  loss_mal_enc_0: 2.0977 (2.0939)  loss_bbox_enc_0: 0.1528 (0.1722)  loss_giou_enc_0: 0.2185 (0.2536)  loss_mal_dn_0: 1.3574 (1.3469)  loss_bbox_dn_0: 0.4165 (0.4116)  loss_giou_dn_0: 0.5358 (0.5641)  loss_fgl_dn_0: 1.1965 (1.1947)  loss_ddf_dn_0: 3.0175 (3.1747)  loss_mal_dn_1: 0.8726 (0.8752)  loss_bbox_dn_1: 0.1935 (0.2037)  loss_giou_dn_1: 0.2794 (0.2915)  loss_fgl_dn_1: 0.9832 (0.9786)  loss_ddf_dn_1: 0.6872 (0.7212)  loss_mal_dn_2: 0.8706 (0.8702)  loss_bbox_dn_2: 0.1252 (0.1410)  loss_giou_dn_2: 0.1886 (0.1987)  loss_fgl_dn_2: 0.8818 (0.8943)  loss_ddf_dn_2: 0.0504 (0.0532)  loss_mal_dn_3: 0.9561 (0.9386)  loss_bbox_dn_3: 0.1185 (0.1321)  loss_giou_dn_3: 0.1760 (0.1863)  loss_fgl_dn_3: 0.8849 (0.8961)  loss_mal_dn_pre: 1.5615 (1.5382)  loss_bbox_dn_pre: 0.4124 (0.4132)  loss_giou_dn_pre: 0.5356 (0.5632)  time: 0.1527  data: 0.0454  max mem: 2550
Epoch: [102] Total time: 0:00:01 (0.1619 s / it)
Averaged stats: lr: 0.000004  loss: 29.9074 (29.9877)  loss_mal: 0.8203 (0.8637)  loss_bbox: 0.0747 (0.0892)  loss_giou: 0.1121 (0.1280)  loss_fgl: 0.7779 (0.8326)  loss_mal_aux_0: 1.7168 (1.7316)  loss_bbox_aux_0: 0.0959 (0.1031)  loss_giou_aux_0: 0.1370 (0.1504)  loss_fgl_aux_0: 0.8801 (0.9060)  loss_ddf_aux_0: 0.1216 (0.1284)  loss_mal_aux_1: 0.9575 (0.9677)  loss_bbox_aux_1: 0.0762 (0.0898)  loss_giou_aux_1: 0.1186 (0.1307)  loss_fgl_aux_1: 0.7987 (0.8411)  loss_ddf_aux_1: 0.0185 (0.0183)  loss_mal_aux_2: 0.8149 (0.8606)  loss_bbox_aux_2: 0.0735 (0.0887)  loss_giou_aux_2: 0.1108 (0.1278)  loss_fgl_aux_2: 0.7775 (0.8326)  loss_ddf_aux_2: 0.0022 (0.0020)  loss_mal_pre: 1.6631 (1.7335)  loss_bbox_pre: 0.0979 (0.1041)  loss_giou_pre: 0.1290 (0.1508)  loss_mal_enc_0: 2.0977 (2.0939)  loss_bbox_enc_0: 0.1528 (0.1722)  loss_giou_enc_0: 0.2185 (0.2536)  loss_mal_dn_0: 1.3574 (1.3469)  loss_bbox_dn_0: 0.4165 (0.4116)  loss_giou_dn_0: 0.5358 (0.5641)  loss_fgl_dn_0: 1.1965 (1.1947)  loss_ddf_dn_0: 3.0175 (3.1747)  loss_mal_dn_1: 0.8726 (0.8752)  loss_bbox_dn_1: 0.1935 (0.2037)  loss_giou_dn_1: 0.2794 (0.2915)  loss_fgl_dn_1: 0.9832 (0.9786)  loss_ddf_dn_1: 0.6872 (0.7212)  loss_mal_dn_2: 0.8706 (0.8702)  loss_bbox_dn_2: 0.1252 (0.1410)  loss_giou_dn_2: 0.1886 (0.1987)  loss_fgl_dn_2: 0.8818 (0.8943)  loss_ddf_dn_2: 0.0504 (0.0532)  loss_mal_dn_3: 0.9561 (0.9386)  loss_bbox_dn_3: 0.1185 (0.1321)  loss_giou_dn_3: 0.1760 (0.1863)  loss_fgl_dn_3: 0.8849 (0.8961)  loss_mal_dn_pre: 1.5615 (1.5382)  loss_bbox_dn_pre: 0.4124 (0.4132)  loss_giou_dn_pre: 0.5356 (0.5632)
Test:  [0/4]  eta: 0:00:01    time: 0.3714  data: 0.3399  max mem: 2550
Test:  [3/4]  eta: 0:00:00    time: 0.1126  data: 0.0868  max mem: 2550
Test: Total time: 0:00:00 (0.1386 s / it)
Averaged stats: 
Accumulating evaluation results...
COCOeval_opt.accumulate() finished...
DONE (t=0.00s).
IoU metric: bbox
 Average Precision  (AP) @[ IoU=0.50:0.95 | area=   all | maxDets=100 ] = 0.841
 Average Precision  (AP) @[ IoU=0.50      | area=   all | maxDets=100 ] = 0.982
 Average Precision  (AP) @[ IoU=0.75      | area=   all | maxDets=100 ] = 0.879
 Average Precision  (AP) @[ IoU=0.50:0.95 | area= small | maxDets=100 ] = -1.000
 Average Precision  (AP) @[ IoU=0.50:0.95 | area=medium | maxDets=100 ] = -1.000
 Average Precision  (AP) @[ IoU=0.50:0.95 | area= large | maxDets=100 ] = 0.841
 Average Recall     (AR) @[ IoU=0.50:0.95 | area=   all | maxDets=  1 ] = 0.770
 Average Recall     (AR) @[ IoU=0.50:0.95 | area=   all | maxDets= 10 ] = 0.903
 Average Recall     (AR) @[ IoU=0.50:0.95 | area=   all | maxDets=100 ] = 0.947
 Average Recall     (AR) @[ IoU=0.50:0.95 | area= small | maxDets=100 ] = -1.000
 Average Recall     (AR) @[ IoU=0.50:0.95 | area=medium | maxDets=100 ] = -1.000
 Average Recall     (AR) @[ IoU=0.50:0.95 | area= large | maxDets=100 ] = 0.947
 Average Recall     (AR) @[ IoU=0.50      | area=   all | maxDets=100 ] = 1.000
 Average Recall     (AR) @[ IoU=0.75      | area=   all | maxDets=100 ] = 1.000
best_stat: {'epoch': 100, 'coco_eval_bbox': 0.8524829153094619}
Epoch: [103]  [0/8]  eta: 0:00:03  lr: 0.000004  loss: 33.1615 (33.1615)  loss_mal: 1.0000 (1.0000)  loss_bbox: 0.1064 (0.1064)  loss_giou: 0.1749 (0.1749)  loss_fgl: 0.9274 (0.9274)  loss_mal_aux_0: 1.8994 (1.8994)  loss_bbox_aux_0: 0.1260 (0.1260)  loss_giou_aux_0: 0.2224 (0.2224)  loss_fgl_aux_0: 1.0467 (1.0467)  loss_ddf_aux_0: 0.1389 (0.1389)  loss_mal_aux_1: 1.1025 (1.1025)  loss_bbox_aux_1: 0.1080 (0.1080)  loss_giou_aux_1: 0.1817 (0.1817)  loss_fgl_aux_1: 0.9456 (0.9456)  loss_ddf_aux_1: 0.0227 (0.0227)  loss_mal_aux_2: 1.0225 (1.0225)  loss_bbox_aux_2: 0.1066 (0.1066)  loss_giou_aux_2: 0.1757 (0.1757)  loss_fgl_aux_2: 0.9311 (0.9311)  loss_ddf_aux_2: 0.0015 (0.0015)  loss_mal_pre: 1.8584 (1.8584)  loss_bbox_pre: 0.1209 (0.1209)  loss_giou_pre: 0.2064 (0.2064)  loss_mal_enc_0: 2.0020 (2.0020)  loss_bbox_enc_0: 0.2019 (0.2019)  loss_giou_enc_0: 0.3763 (0.3763)  loss_mal_dn_0: 1.3408 (1.3408)  loss_bbox_dn_0: 0.4097 (0.4097)  loss_giou_dn_0: 0.6244 (0.6244)  loss_fgl_dn_0: 1.2320 (1.2320)  loss_ddf_dn_0: 4.0906 (4.0906)  loss_mal_dn_1: 0.8701 (0.8701)  loss_bbox_dn_1: 0.2026 (0.2026)  loss_giou_dn_1: 0.3287 (0.3287)  loss_fgl_dn_1: 1.0583 (1.0583)  loss_ddf_dn_1: 0.9180 (0.9180)  loss_mal_dn_2: 0.8643 (0.8643)  loss_bbox_dn_2: 0.1464 (0.1464)  loss_giou_dn_2: 0.2365 (0.2365)  loss_fgl_dn_2: 0.9618 (0.9618)  loss_ddf_dn_2: 0.0707 (0.0707)  loss_mal_dn_3: 0.9243 (0.9243)  loss_bbox_dn_3: 0.1350 (0.1350)  loss_giou_dn_3: 0.2203 (0.2203)  loss_fgl_dn_3: 0.9632 (0.9632)  loss_mal_dn_pre: 1.5137 (1.5137)  loss_bbox_dn_pre: 0.4186 (0.4186)  loss_giou_dn_pre: 0.6253 (0.6253)  time: 0.4738  data: 0.3283  max mem: 2550
Epoch: [103]  [7/8]  eta: 0:00:00  lr: 0.000004  loss: 29.2745 (30.0776)  loss_mal: 0.8652 (0.8892)  loss_bbox: 0.0722 (0.0821)  loss_giou: 0.0963 (0.1248)  loss_fgl: 0.7703 (0.7986)  loss_mal_aux_0: 1.7773 (1.7808)  loss_bbox_aux_0: 0.0903 (0.1021)  loss_giou_aux_0: 0.1258 (0.1580)  loss_fgl_aux_0: 0.8545 (0.9214)  loss_ddf_aux_0: 0.1673 (0.1628)  loss_mal_aux_1: 1.1025 (1.0686)  loss_bbox_aux_1: 0.0704 (0.0821)  loss_giou_aux_1: 0.0984 (0.1288)  loss_fgl_aux_1: 0.7725 (0.8075)  loss_ddf_aux_1: 0.0229 (0.0254)  loss_mal_aux_2: 0.9390 (0.9357)  loss_bbox_aux_2: 0.0725 (0.0820)  loss_giou_aux_2: 0.0960 (0.1248)  loss_fgl_aux_2: 0.7704 (0.7991)  loss_ddf_aux_2: 0.0016 (0.0018)  loss_mal_pre: 1.6855 (1.7047)  loss_bbox_pre: 0.0857 (0.0994)  loss_giou_pre: 0.1181 (0.1528)  loss_mal_enc_0: 1.9707 (1.9324)  loss_bbox_enc_0: 0.1338 (0.1575)  loss_giou_enc_0: 0.1845 (0.2407)  loss_mal_dn_0: 1.3076 (1.3002)  loss_bbox_dn_0: 0.4097 (0.4042)  loss_giou_dn_0: 0.5243 (0.5554)  loss_fgl_dn_0: 1.2016 (1.2043)  loss_ddf_dn_0: 3.4394 (3.4651)  loss_mal_dn_1: 0.8701 (0.8505)  loss_bbox_dn_1: 0.2026 (0.1992)  loss_giou_dn_1: 0.2679 (0.2892)  loss_fgl_dn_1: 0.9439 (0.9661)  loss_ddf_dn_1: 0.8458 (0.8618)  loss_mal_dn_2: 0.8496 (0.8293)  loss_bbox_dn_2: 0.1291 (0.1352)  loss_giou_dn_2: 0.1805 (0.1985)  loss_fgl_dn_2: 0.8438 (0.8743)  loss_ddf_dn_2: 0.0656 (0.0665)  loss_mal_dn_3: 0.8921 (0.8771)  loss_bbox_dn_3: 0.1245 (0.1264)  loss_giou_dn_3: 0.1696 (0.1863)  loss_fgl_dn_3: 0.8415 (0.8730)  loss_mal_dn_pre: 1.4971 (1.4973)  loss_bbox_dn_pre: 0.4164 (0.3996)  loss_giou_dn_pre: 0.5439 (0.5552)  time: 0.1643  data: 0.0437  max mem: 2550
Epoch: [103] Total time: 0:00:01 (0.1725 s / it)
Averaged stats: lr: 0.000004  loss: 29.2745 (30.0776)  loss_mal: 0.8652 (0.8892)  loss_bbox: 0.0722 (0.0821)  loss_giou: 0.0963 (0.1248)  loss_fgl: 0.7703 (0.7986)  loss_mal_aux_0: 1.7773 (1.7808)  loss_bbox_aux_0: 0.0903 (0.1021)  loss_giou_aux_0: 0.1258 (0.1580)  loss_fgl_aux_0: 0.8545 (0.9214)  loss_ddf_aux_0: 0.1673 (0.1628)  loss_mal_aux_1: 1.1025 (1.0686)  loss_bbox_aux_1: 0.0704 (0.0821)  loss_giou_aux_1: 0.0984 (0.1288)  loss_fgl_aux_1: 0.7725 (0.8075)  loss_ddf_aux_1: 0.0229 (0.0254)  loss_mal_aux_2: 0.9390 (0.9357)  loss_bbox_aux_2: 0.0725 (0.0820)  loss_giou_aux_2: 0.0960 (0.1248)  loss_fgl_aux_2: 0.7704 (0.7991)  loss_ddf_aux_2: 0.0016 (0.0018)  loss_mal_pre: 1.6855 (1.7047)  loss_bbox_pre: 0.0857 (0.0994)  loss_giou_pre: 0.1181 (0.1528)  loss_mal_enc_0: 1.9707 (1.9324)  loss_bbox_enc_0: 0.1338 (0.1575)  loss_giou_enc_0: 0.1845 (0.2407)  loss_mal_dn_0: 1.3076 (1.3002)  loss_bbox_dn_0: 0.4097 (0.4042)  loss_giou_dn_0: 0.5243 (0.5554)  loss_fgl_dn_0: 1.2016 (1.2043)  loss_ddf_dn_0: 3.4394 (3.4651)  loss_mal_dn_1: 0.8701 (0.8505)  loss_bbox_dn_1: 0.2026 (0.1992)  loss_giou_dn_1: 0.2679 (0.2892)  loss_fgl_dn_1: 0.9439 (0.9661)  loss_ddf_dn_1: 0.8458 (0.8618)  loss_mal_dn_2: 0.8496 (0.8293)  loss_bbox_dn_2: 0.1291 (0.1352)  loss_giou_dn_2: 0.1805 (0.1985)  loss_fgl_dn_2: 0.8438 (0.8743)  loss_ddf_dn_2: 0.0656 (0.0665)  loss_mal_dn_3: 0.8921 (0.8771)  loss_bbox_dn_3: 0.1245 (0.1264)  loss_giou_dn_3: 0.1696 (0.1863)  loss_fgl_dn_3: 0.8415 (0.8730)  loss_mal_dn_pre: 1.4971 (1.4973)  loss_bbox_dn_pre: 0.4164 (0.3996)  loss_giou_dn_pre: 0.5439 (0.5552)
Test:  [0/4]  eta: 0:00:01    time: 0.3602  data: 0.3276  max mem: 2550
Test:  [3/4]  eta: 0:00:00    time: 0.1101  data: 0.0839  max mem: 2550
Test: Total time: 0:00:00 (0.1261 s / it)
Averaged stats: 
Accumulating evaluation results...
COCOeval_opt.accumulate() finished...
DONE (t=0.00s).
IoU metric: bbox
 Average Precision  (AP) @[ IoU=0.50:0.95 | area=   all | maxDets=100 ] = 0.840
 Average Precision  (AP) @[ IoU=0.50      | area=   all | maxDets=100 ] = 0.979
 Average Precision  (AP) @[ IoU=0.75      | area=   all | maxDets=100 ] = 0.868
 Average Precision  (AP) @[ IoU=0.50:0.95 | area= small | maxDets=100 ] = -1.000
 Average Precision  (AP) @[ IoU=0.50:0.95 | area=medium | maxDets=100 ] = -1.000
 Average Precision  (AP) @[ IoU=0.50:0.95 | area= large | maxDets=100 ] = 0.840
 Average Recall     (AR) @[ IoU=0.50:0.95 | area=   all | maxDets=  1 ] = 0.770
 Average Recall     (AR) @[ IoU=0.50:0.95 | area=   all | maxDets= 10 ] = 0.900
 Average Recall     (AR) @[ IoU=0.50:0.95 | area=   all | maxDets=100 ] = 0.943
 Average Recall     (AR) @[ IoU=0.50:0.95 | area= small | maxDets=100 ] = -1.000
 Average Recall     (AR) @[ IoU=0.50:0.95 | area=medium | maxDets=100 ] = -1.000
 Average Recall     (AR) @[ IoU=0.50:0.95 | area= large | maxDets=100 ] = 0.943
 Average Recall     (AR) @[ IoU=0.50      | area=   all | maxDets=100 ] = 1.000
 Average Recall     (AR) @[ IoU=0.75      | area=   all | maxDets=100 ] = 0.967
best_stat: {'epoch': 100, 'coco_eval_bbox': 0.8524829153094619}
Load last_epoch
Load model.state_dict
Load criterion.state_dict
Load postprocessor.state_dict
Load ema.state_dict
Load scaler.state_dict
Load optimizer.state_dict
Load lr_warmup_scheduler.state_dict
Refresh EMA at epoch 103 with decay 0.9997
Epoch: [104]  [0/8]  eta: 0:00:03  lr: 0.000004  loss: 28.3463 (28.3463)  loss_mal: 0.7969 (0.7969)  loss_bbox: 0.0795 (0.0795)  loss_giou: 0.1376 (0.1376)  loss_fgl: 0.8108 (0.8108)  loss_mal_aux_0: 1.5068 (1.5068)  loss_bbox_aux_0: 0.1051 (0.1051)  loss_giou_aux_0: 0.1637 (0.1637)  loss_fgl_aux_0: 0.9421 (0.9421)  loss_ddf_aux_0: 0.1346 (0.1346)  loss_mal_aux_1: 0.7886 (0.7886)  loss_bbox_aux_1: 0.0820 (0.0820)  loss_giou_aux_1: 0.1413 (0.1413)  loss_fgl_aux_1: 0.8339 (0.8339)  loss_ddf_aux_1: 0.0168 (0.0168)  loss_mal_aux_2: 0.7383 (0.7383)  loss_bbox_aux_2: 0.0791 (0.0791)  loss_giou_aux_2: 0.1375 (0.1375)  loss_fgl_aux_2: 0.8143 (0.8143)  loss_ddf_aux_2: 0.0023 (0.0023)  loss_mal_pre: 1.5576 (1.5576)  loss_bbox_pre: 0.1023 (0.1023)  loss_giou_pre: 0.1592 (0.1592)  loss_mal_enc_0: 2.1602 (2.1602)  loss_bbox_enc_0: 0.1656 (0.1656)  loss_giou_enc_0: 0.2519 (0.2519)  loss_mal_dn_0: 1.2422 (1.2422)  loss_bbox_dn_0: 0.4032 (0.4032)  loss_giou_dn_0: 0.5229 (0.5229)  loss_fgl_dn_0: 1.2072 (1.2072)  loss_ddf_dn_0: 3.1082 (3.1082)  loss_mal_dn_1: 0.8037 (0.8037)  loss_bbox_dn_1: 0.1808 (0.1808)  loss_giou_dn_1: 0.2752 (0.2752)  loss_fgl_dn_1: 0.9397 (0.9397)  loss_ddf_dn_1: 0.6639 (0.6639)  loss_mal_dn_2: 0.7842 (0.7842)  loss_bbox_dn_2: 0.1134 (0.1134)  loss_giou_dn_2: 0.1775 (0.1775)  loss_fgl_dn_2: 0.8326 (0.8326)  loss_ddf_dn_2: 0.0459 (0.0459)  loss_mal_dn_3: 0.8579 (0.8579)  loss_bbox_dn_3: 0.1119 (0.1119)  loss_giou_dn_3: 0.1696 (0.1696)  loss_fgl_dn_3: 0.8337 (0.8337)  loss_mal_dn_pre: 1.4209 (1.4209)  loss_bbox_dn_pre: 0.4084 (0.4084)  loss_giou_dn_pre: 0.5355 (0.5355)  time: 0.4826  data: 0.3435  max mem: 2550
Epoch: [104]  [7/8]  eta: 0:00:00  lr: 0.000004  loss: 28.3472 (29.9954)  loss_mal: 0.8467 (0.8965)  loss_bbox: 0.0795 (0.0869)  loss_giou: 0.1195 (0.1310)  loss_fgl: 0.8224 (0.8315)  loss_mal_aux_0: 1.6650 (1.7252)  loss_bbox_aux_0: 0.0907 (0.0939)  loss_giou_aux_0: 0.1402 (0.1464)  loss_fgl_aux_0: 0.8879 (0.8878)  loss_ddf_aux_0: 0.1167 (0.1206)  loss_mal_aux_1: 0.9360 (0.9594)  loss_bbox_aux_1: 0.0820 (0.0873)  loss_giou_aux_1: 0.1181 (0.1334)  loss_fgl_aux_1: 0.8257 (0.8351)  loss_ddf_aux_1: 0.0169 (0.0178)  loss_mal_aux_2: 0.8311 (0.8800)  loss_bbox_aux_2: 0.0791 (0.0862)  loss_giou_aux_2: 0.1203 (0.1306)  loss_fgl_aux_2: 0.8181 (0.8293)  loss_ddf_aux_2: 0.0018 (0.0019)  loss_mal_pre: 1.6787 (1.7411)  loss_bbox_pre: 0.0950 (0.0956)  loss_giou_pre: 0.1419 (0.1477)  loss_mal_enc_0: 2.0723 (2.1069)  loss_bbox_enc_0: 0.1436 (0.1528)  loss_giou_enc_0: 0.1968 (0.2480)  loss_mal_dn_0: 1.3125 (1.3451)  loss_bbox_dn_0: 0.3944 (0.4123)  loss_giou_dn_0: 0.5229 (0.5626)  loss_fgl_dn_0: 1.2072 (1.2069)  loss_ddf_dn_0: 3.1912 (3.2285)  loss_mal_dn_1: 0.8936 (0.8820)  loss_bbox_dn_1: 0.1836 (0.1973)  loss_giou_dn_1: 0.2752 (0.2879)  loss_fgl_dn_1: 0.9397 (0.9715)  loss_ddf_dn_1: 0.6940 (0.7479)  loss_mal_dn_2: 0.8774 (0.8690)  loss_bbox_dn_2: 0.1219 (0.1345)  loss_giou_dn_2: 0.1862 (0.1963)  loss_fgl_dn_2: 0.8605 (0.8817)  loss_ddf_dn_2: 0.0488 (0.0531)  loss_mal_dn_3: 0.9170 (0.9354)  loss_bbox_dn_3: 0.1163 (0.1286)  loss_giou_dn_3: 0.1797 (0.1864)  loss_fgl_dn_3: 0.8625 (0.8835)  loss_mal_dn_pre: 1.4971 (1.5266)  loss_bbox_dn_pre: 0.3991 (0.4150)  loss_giou_dn_pre: 0.5355 (0.5707)  time: 0.1530  data: 0.0445  max mem: 2550
Epoch: [104] Total time: 0:00:01 (0.1609 s / it)
Averaged stats: lr: 0.000004  loss: 28.3472 (29.9954)  loss_mal: 0.8467 (0.8965)  loss_bbox: 0.0795 (0.0869)  loss_giou: 0.1195 (0.1310)  loss_fgl: 0.8224 (0.8315)  loss_mal_aux_0: 1.6650 (1.7252)  loss_bbox_aux_0: 0.0907 (0.0939)  loss_giou_aux_0: 0.1402 (0.1464)  loss_fgl_aux_0: 0.8879 (0.8878)  loss_ddf_aux_0: 0.1167 (0.1206)  loss_mal_aux_1: 0.9360 (0.9594)  loss_bbox_aux_1: 0.0820 (0.0873)  loss_giou_aux_1: 0.1181 (0.1334)  loss_fgl_aux_1: 0.8257 (0.8351)  loss_ddf_aux_1: 0.0169 (0.0178)  loss_mal_aux_2: 0.8311 (0.8800)  loss_bbox_aux_2: 0.0791 (0.0862)  loss_giou_aux_2: 0.1203 (0.1306)  loss_fgl_aux_2: 0.8181 (0.8293)  loss_ddf_aux_2: 0.0018 (0.0019)  loss_mal_pre: 1.6787 (1.7411)  loss_bbox_pre: 0.0950 (0.0956)  loss_giou_pre: 0.1419 (0.1477)  loss_mal_enc_0: 2.0723 (2.1069)  loss_bbox_enc_0: 0.1436 (0.1528)  loss_giou_enc_0: 0.1968 (0.2480)  loss_mal_dn_0: 1.3125 (1.3451)  loss_bbox_dn_0: 0.3944 (0.4123)  loss_giou_dn_0: 0.5229 (0.5626)  loss_fgl_dn_0: 1.2072 (1.2069)  loss_ddf_dn_0: 3.1912 (3.2285)  loss_mal_dn_1: 0.8936 (0.8820)  loss_bbox_dn_1: 0.1836 (0.1973)  loss_giou_dn_1: 0.2752 (0.2879)  loss_fgl_dn_1: 0.9397 (0.9715)  loss_ddf_dn_1: 0.6940 (0.7479)  loss_mal_dn_2: 0.8774 (0.8690)  loss_bbox_dn_2: 0.1219 (0.1345)  loss_giou_dn_2: 0.1862 (0.1963)  loss_fgl_dn_2: 0.8605 (0.8817)  loss_ddf_dn_2: 0.0488 (0.0531)  loss_mal_dn_3: 0.9170 (0.9354)  loss_bbox_dn_3: 0.1163 (0.1286)  loss_giou_dn_3: 0.1797 (0.1864)  loss_fgl_dn_3: 0.8625 (0.8835)  loss_mal_dn_pre: 1.4971 (1.5266)  loss_bbox_dn_pre: 0.3991 (0.4150)  loss_giou_dn_pre: 0.5355 (0.5707)
Test:  [0/4]  eta: 0:00:01    time: 0.3388  data: 0.3067  max mem: 2550
Test:  [3/4]  eta: 0:00:00    time: 0.1044  data: 0.0785  max mem: 2550
Test: Total time: 0:00:00 (0.1195 s / it)
Averaged stats: 
Accumulating evaluation results...
COCOeval_opt.accumulate() finished...
DONE (t=0.00s).
IoU metric: bbox
 Average Precision  (AP) @[ IoU=0.50:0.95 | area=   all | maxDets=100 ] = 0.837
 Average Precision  (AP) @[ IoU=0.50      | area=   all | maxDets=100 ] = 0.979
 Average Precision  (AP) @[ IoU=0.75      | area=   all | maxDets=100 ] = 0.866
 Average Precision  (AP) @[ IoU=0.50:0.95 | area= small | maxDets=100 ] = -1.000
 Average Precision  (AP) @[ IoU=0.50:0.95 | area=medium | maxDets=100 ] = -1.000
 Average Precision  (AP) @[ IoU=0.50:0.95 | area= large | maxDets=100 ] = 0.837
 Average Recall     (AR) @[ IoU=0.50:0.95 | area=   all | maxDets=  1 ] = 0.770
 Average Recall     (AR) @[ IoU=0.50:0.95 | area=   all | maxDets= 10 ] = 0.897
 Average Recall     (AR) @[ IoU=0.50:0.95 | area=   all | maxDets=100 ] = 0.930
 Average Recall     (AR) @[ IoU=0.50:0.95 | area= small | maxDets=100 ] = -1.000
 Average Recall     (AR) @[ IoU=0.50:0.95 | area=medium | maxDets=100 ] = -1.000
 Average Recall     (AR) @[ IoU=0.50:0.95 | area= large | maxDets=100 ] = 0.930
 Average Recall     (AR) @[ IoU=0.50      | area=   all | maxDets=100 ] = 1.000
 Average Recall     (AR) @[ IoU=0.75      | area=   all | maxDets=100 ] = 0.967
best_stat: {'epoch': 100, 'coco_eval_bbox': 0.8524829153094619}
Epoch: [105]  [0/8]  eta: 0:00:03  lr: 0.000004  loss: 29.5302 (29.5302)  loss_mal: 1.0479 (1.0479)  loss_bbox: 0.0511 (0.0511)  loss_giou: 0.0761 (0.0761)  loss_fgl: 0.6573 (0.6573)  loss_mal_aux_0: 1.8506 (1.8506)  loss_bbox_aux_0: 0.0655 (0.0655)  loss_giou_aux_0: 0.0993 (0.0993)  loss_fgl_aux_0: 0.7954 (0.7954)  loss_ddf_aux_0: 0.1528 (0.1528)  loss_mal_aux_1: 1.1758 (1.1758)  loss_bbox_aux_1: 0.0512 (0.0512)  loss_giou_aux_1: 0.0828 (0.0828)  loss_fgl_aux_1: 0.6852 (0.6852)  loss_ddf_aux_1: 0.0250 (0.0250)  loss_mal_aux_2: 1.0898 (1.0898)  loss_bbox_aux_2: 0.0506 (0.0506)  loss_giou_aux_2: 0.0761 (0.0761)  loss_fgl_aux_2: 0.6605 (0.6605)  loss_ddf_aux_2: 0.0022 (0.0022)  loss_mal_pre: 1.8262 (1.8262)  loss_bbox_pre: 0.0613 (0.0613)  loss_giou_pre: 0.0979 (0.0979)  loss_mal_enc_0: 1.9688 (1.9688)  loss_bbox_enc_0: 0.1105 (0.1105)  loss_giou_enc_0: 0.1793 (0.1793)  loss_mal_dn_0: 1.3516 (1.3516)  loss_bbox_dn_0: 0.4377 (0.4377)  loss_giou_dn_0: 0.5953 (0.5953)  loss_fgl_dn_0: 1.1723 (1.1723)  loss_ddf_dn_0: 3.2972 (3.2972)  loss_mal_dn_1: 0.8789 (0.8789)  loss_bbox_dn_1: 0.1898 (0.1898)  loss_giou_dn_1: 0.2785 (0.2785)  loss_fgl_dn_1: 0.9530 (0.9530)  loss_ddf_dn_1: 0.8184 (0.8184)  loss_mal_dn_2: 0.8682 (0.8682)  loss_bbox_dn_2: 0.1150 (0.1150)  loss_giou_dn_2: 0.1694 (0.1694)  loss_fgl_dn_2: 0.8212 (0.8212)  loss_ddf_dn_2: 0.0670 (0.0670)  loss_mal_dn_3: 0.9346 (0.9346)  loss_bbox_dn_3: 0.1061 (0.1061)  loss_giou_dn_3: 0.1553 (0.1553)  loss_fgl_dn_3: 0.8219 (0.8219)  loss_mal_dn_pre: 1.5742 (1.5742)  loss_bbox_dn_pre: 0.4107 (0.4107)  loss_giou_dn_pre: 0.5750 (0.5750)  time: 0.4788  data: 0.3367  max mem: 2550
Epoch: [105]  [7/8]  eta: 0:00:00  lr: 0.000004  loss: 29.1454 (29.3399)  loss_mal: 0.8184 (0.8573)  loss_bbox: 0.0729 (0.0758)  loss_giou: 0.1235 (0.1189)  loss_fgl: 0.7288 (0.7764)  loss_mal_aux_0: 1.7295 (1.7594)  loss_bbox_aux_0: 0.0992 (0.0977)  loss_giou_aux_0: 0.1571 (0.1473)  loss_fgl_aux_0: 0.8893 (0.8945)  loss_ddf_aux_0: 0.1445 (0.1520)  loss_mal_aux_1: 0.9731 (1.0269)  loss_bbox_aux_1: 0.0728 (0.0771)  loss_giou_aux_1: 0.1234 (0.1233)  loss_fgl_aux_1: 0.7471 (0.7925)  loss_ddf_aux_1: 0.0209 (0.0226)  loss_mal_aux_2: 0.8760 (0.8896)  loss_bbox_aux_2: 0.0734 (0.0760)  loss_giou_aux_2: 0.1238 (0.1194)  loss_fgl_aux_2: 0.7353 (0.7783)  loss_ddf_aux_2: 0.0016 (0.0019)  loss_mal_pre: 1.6260 (1.6902)  loss_bbox_pre: 0.0976 (0.0959)  loss_giou_pre: 0.1450 (0.1450)  loss_mal_enc_0: 1.9531 (1.9272)  loss_bbox_enc_0: 0.1420 (0.1498)  loss_giou_enc_0: 0.2160 (0.2480)  loss_mal_dn_0: 1.2842 (1.2939)  loss_bbox_dn_0: 0.3684 (0.3941)  loss_giou_dn_0: 0.5056 (0.5443)  loss_fgl_dn_0: 1.1801 (1.1887)  loss_ddf_dn_0: 3.4209 (3.3081)  loss_mal_dn_1: 0.8052 (0.8340)  loss_bbox_dn_1: 0.1898 (0.1905)  loss_giou_dn_1: 0.2714 (0.2813)  loss_fgl_dn_1: 0.9276 (0.9506)  loss_ddf_dn_1: 0.8184 (0.8302)  loss_mal_dn_2: 0.8052 (0.8229)  loss_bbox_dn_2: 0.1209 (0.1265)  loss_giou_dn_2: 0.1876 (0.1864)  loss_fgl_dn_2: 0.8255 (0.8502)  loss_ddf_dn_2: 0.0659 (0.0616)  loss_mal_dn_3: 0.8594 (0.8755)  loss_bbox_dn_3: 0.1153 (0.1144)  loss_giou_dn_3: 0.1681 (0.1713)  loss_fgl_dn_3: 0.8278 (0.8512)  loss_mal_dn_pre: 1.4863 (1.4961)  loss_bbox_dn_pre: 0.3589 (0.3849)  loss_giou_dn_pre: 0.5003 (0.5402)  time: 0.1502  data: 0.0436  max mem: 2550
Epoch: [105] Total time: 0:00:01 (0.1578 s / it)
Averaged stats: lr: 0.000004  loss: 29.1454 (29.3399)  loss_mal: 0.8184 (0.8573)  loss_bbox: 0.0729 (0.0758)  loss_giou: 0.1235 (0.1189)  loss_fgl: 0.7288 (0.7764)  loss_mal_aux_0: 1.7295 (1.7594)  loss_bbox_aux_0: 0.0992 (0.0977)  loss_giou_aux_0: 0.1571 (0.1473)  loss_fgl_aux_0: 0.8893 (0.8945)  loss_ddf_aux_0: 0.1445 (0.1520)  loss_mal_aux_1: 0.9731 (1.0269)  loss_bbox_aux_1: 0.0728 (0.0771)  loss_giou_aux_1: 0.1234 (0.1233)  loss_fgl_aux_1: 0.7471 (0.7925)  loss_ddf_aux_1: 0.0209 (0.0226)  loss_mal_aux_2: 0.8760 (0.8896)  loss_bbox_aux_2: 0.0734 (0.0760)  loss_giou_aux_2: 0.1238 (0.1194)  loss_fgl_aux_2: 0.7353 (0.7783)  loss_ddf_aux_2: 0.0016 (0.0019)  loss_mal_pre: 1.6260 (1.6902)  loss_bbox_pre: 0.0976 (0.0959)  loss_giou_pre: 0.1450 (0.1450)  loss_mal_enc_0: 1.9531 (1.9272)  loss_bbox_enc_0: 0.1420 (0.1498)  loss_giou_enc_0: 0.2160 (0.2480)  loss_mal_dn_0: 1.2842 (1.2939)  loss_bbox_dn_0: 0.3684 (0.3941)  loss_giou_dn_0: 0.5056 (0.5443)  loss_fgl_dn_0: 1.1801 (1.1887)  loss_ddf_dn_0: 3.4209 (3.3081)  loss_mal_dn_1: 0.8052 (0.8340)  loss_bbox_dn_1: 0.1898 (0.1905)  loss_giou_dn_1: 0.2714 (0.2813)  loss_fgl_dn_1: 0.9276 (0.9506)  loss_ddf_dn_1: 0.8184 (0.8302)  loss_mal_dn_2: 0.8052 (0.8229)  loss_bbox_dn_2: 0.1209 (0.1265)  loss_giou_dn_2: 0.1876 (0.1864)  loss_fgl_dn_2: 0.8255 (0.8502)  loss_ddf_dn_2: 0.0659 (0.0616)  loss_mal_dn_3: 0.8594 (0.8755)  loss_bbox_dn_3: 0.1153 (0.1144)  loss_giou_dn_3: 0.1681 (0.1713)  loss_fgl_dn_3: 0.8278 (0.8512)  loss_mal_dn_pre: 1.4863 (1.4961)  loss_bbox_dn_pre: 0.3589 (0.3849)  loss_giou_dn_pre: 0.5003 (0.5402)
Test:  [0/4]  eta: 0:00:01    time: 0.3562  data: 0.3239  max mem: 2550
Test:  [3/4]  eta: 0:00:00    time: 0.1096  data: 0.0829  max mem: 2550
Test: Total time: 0:00:00 (0.1334 s / it)
Averaged stats: 
Accumulating evaluation results...
COCOeval_opt.accumulate() finished...
DONE (t=0.00s).
IoU metric: bbox
 Average Precision  (AP) @[ IoU=0.50:0.95 | area=   all | maxDets=100 ] = 0.856
 Average Precision  (AP) @[ IoU=0.50      | area=   all | maxDets=100 ] = 0.988
 Average Precision  (AP) @[ IoU=0.75      | area=   all | maxDets=100 ] = 0.880
 Average Precision  (AP) @[ IoU=0.50:0.95 | area= small | maxDets=100 ] = -1.000
 Average Precision  (AP) @[ IoU=0.50:0.95 | area=medium | maxDets=100 ] = -1.000
 Average Precision  (AP) @[ IoU=0.50:0.95 | area= large | maxDets=100 ] = 0.856
 Average Recall     (AR) @[ IoU=0.50:0.95 | area=   all | maxDets=  1 ] = 0.777
 Average Recall     (AR) @[ IoU=0.50:0.95 | area=   all | maxDets= 10 ] = 0.907
 Average Recall     (AR) @[ IoU=0.50:0.95 | area=   all | maxDets=100 ] = 0.953
 Average Recall     (AR) @[ IoU=0.50:0.95 | area= small | maxDets=100 ] = -1.000
 Average Recall     (AR) @[ IoU=0.50:0.95 | area=medium | maxDets=100 ] = -1.000
 Average Recall     (AR) @[ IoU=0.50:0.95 | area= large | maxDets=100 ] = 0.953
 Average Recall     (AR) @[ IoU=0.50      | area=   all | maxDets=100 ] = 1.000
 Average Recall     (AR) @[ IoU=0.75      | area=   all | maxDets=100 ] = 1.000
best_stat: {'epoch': 105, 'coco_eval_bbox': 0.8557831146994931}
Epoch: [106]  [0/8]  eta: 0:00:03  lr: 0.000004  loss: 28.3888 (28.3888)  loss_mal: 0.8311 (0.8311)  loss_bbox: 0.0970 (0.0970)  loss_giou: 0.1447 (0.1447)  loss_fgl: 0.8236 (0.8236)  loss_mal_aux_0: 1.6885 (1.6885)  loss_bbox_aux_0: 0.1194 (0.1194)  loss_giou_aux_0: 0.1799 (0.1799)  loss_fgl_aux_0: 0.9408 (0.9408)  loss_ddf_aux_0: 0.1309 (0.1309)  loss_mal_aux_1: 0.9395 (0.9395)  loss_bbox_aux_1: 0.0958 (0.0958)  loss_giou_aux_1: 0.1506 (0.1506)  loss_fgl_aux_1: 0.8371 (0.8371)  loss_ddf_aux_1: 0.0203 (0.0203)  loss_mal_aux_2: 0.8291 (0.8291)  loss_bbox_aux_2: 0.0975 (0.0975)  loss_giou_aux_2: 0.1459 (0.1459)  loss_fgl_aux_2: 0.8280 (0.8280)  loss_ddf_aux_2: 0.0012 (0.0012)  loss_mal_pre: 1.6025 (1.6025)  loss_bbox_pre: 0.1107 (0.1107)  loss_giou_pre: 0.1627 (0.1627)  loss_mal_enc_0: 1.7598 (1.7598)  loss_bbox_enc_0: 0.2347 (0.2347)  loss_giou_enc_0: 0.2976 (0.2976)  loss_mal_dn_0: 1.3008 (1.3008)  loss_bbox_dn_0: 0.3814 (0.3814)  loss_giou_dn_0: 0.5107 (0.5107)  loss_fgl_dn_0: 1.2300 (1.2300)  loss_ddf_dn_0: 2.3987 (2.3987)  loss_mal_dn_1: 0.8242 (0.8242)  loss_bbox_dn_1: 0.1946 (0.1946)  loss_giou_dn_1: 0.2752 (0.2752)  loss_fgl_dn_1: 0.9644 (0.9644)  loss_ddf_dn_1: 0.6146 (0.6146)  loss_mal_dn_2: 0.8379 (0.8379)  loss_bbox_dn_2: 0.1426 (0.1426)  loss_giou_dn_2: 0.2008 (0.2008)  loss_fgl_dn_2: 0.9005 (0.9005)  loss_ddf_dn_2: 0.0425 (0.0425)  loss_mal_dn_3: 0.9004 (0.9004)  loss_bbox_dn_3: 0.1288 (0.1288)  loss_giou_dn_3: 0.1860 (0.1860)  loss_fgl_dn_3: 0.9001 (0.9001)  loss_mal_dn_pre: 1.5371 (1.5371)  loss_bbox_dn_pre: 0.3575 (0.3575)  loss_giou_dn_pre: 0.4910 (0.4910)  time: 0.4752  data: 0.3361  max mem: 2550
Epoch: [106]  [7/8]  eta: 0:00:00  lr: 0.000005  loss: 26.5664 (27.7273)  loss_mal: 0.7285 (0.7359)  loss_bbox: 0.0688 (0.0723)  loss_giou: 0.1035 (0.1129)  loss_fgl: 0.7254 (0.7558)  loss_mal_aux_0: 1.7441 (1.8052)  loss_bbox_aux_0: 0.0811 (0.0864)  loss_giou_aux_0: 0.1155 (0.1362)  loss_fgl_aux_0: 0.8533 (0.8726)  loss_ddf_aux_0: 0.1309 (0.1343)  loss_mal_aux_1: 0.8564 (0.8798)  loss_bbox_aux_1: 0.0685 (0.0728)  loss_giou_aux_1: 0.1050 (0.1158)  loss_fgl_aux_1: 0.7312 (0.7694)  loss_ddf_aux_1: 0.0196 (0.0196)  loss_mal_aux_2: 0.7212 (0.7567)  loss_bbox_aux_2: 0.0693 (0.0723)  loss_giou_aux_2: 0.1036 (0.1131)  loss_fgl_aux_2: 0.7273 (0.7560)  loss_ddf_aux_2: 0.0011 (0.0012)  loss_mal_pre: 1.5850 (1.6425)  loss_bbox_pre: 0.0824 (0.0840)  loss_giou_pre: 0.1211 (0.1330)  loss_mal_enc_0: 1.7598 (1.7678)  loss_bbox_enc_0: 0.1164 (0.1381)  loss_giou_enc_0: 0.1543 (0.2131)  loss_mal_dn_0: 1.2070 (1.2297)  loss_bbox_dn_0: 0.3955 (0.3872)  loss_giou_dn_0: 0.5107 (0.5239)  loss_fgl_dn_0: 1.1620 (1.1898)  loss_ddf_dn_0: 2.7441 (2.8941)  loss_mal_dn_1: 0.8066 (0.8082)  loss_bbox_dn_1: 0.1742 (0.1882)  loss_giou_dn_1: 0.2693 (0.2762)  loss_fgl_dn_1: 0.9133 (0.9366)  loss_ddf_dn_1: 0.7104 (0.7404)  loss_mal_dn_2: 0.8013 (0.8000)  loss_bbox_dn_2: 0.1133 (0.1254)  loss_giou_dn_2: 0.1787 (0.1854)  loss_fgl_dn_2: 0.8136 (0.8471)  loss_ddf_dn_2: 0.0494 (0.0503)  loss_mal_dn_3: 0.8232 (0.8289)  loss_bbox_dn_3: 0.1080 (0.1151)  loss_giou_dn_3: 0.1565 (0.1723)  loss_fgl_dn_3: 0.8108 (0.8476)  loss_mal_dn_pre: 1.4180 (1.4401)  loss_bbox_dn_pre: 0.3760 (0.3780)  loss_giou_dn_pre: 0.4998 (0.5163)  time: 0.1477  data: 0.0441  max mem: 2550
Epoch: [106] Total time: 0:00:01 (0.1574 s / it)
Averaged stats: lr: 0.000005  loss: 26.5664 (27.7273)  loss_mal: 0.7285 (0.7359)  loss_bbox: 0.0688 (0.0723)  loss_giou: 0.1035 (0.1129)  loss_fgl: 0.7254 (0.7558)  loss_mal_aux_0: 1.7441 (1.8052)  loss_bbox_aux_0: 0.0811 (0.0864)  loss_giou_aux_0: 0.1155 (0.1362)  loss_fgl_aux_0: 0.8533 (0.8726)  loss_ddf_aux_0: 0.1309 (0.1343)  loss_mal_aux_1: 0.8564 (0.8798)  loss_bbox_aux_1: 0.0685 (0.0728)  loss_giou_aux_1: 0.1050 (0.1158)  loss_fgl_aux_1: 0.7312 (0.7694)  loss_ddf_aux_1: 0.0196 (0.0196)  loss_mal_aux_2: 0.7212 (0.7567)  loss_bbox_aux_2: 0.0693 (0.0723)  loss_giou_aux_2: 0.1036 (0.1131)  loss_fgl_aux_2: 0.7273 (0.7560)  loss_ddf_aux_2: 0.0011 (0.0012)  loss_mal_pre: 1.5850 (1.6425)  loss_bbox_pre: 0.0824 (0.0840)  loss_giou_pre: 0.1211 (0.1330)  loss_mal_enc_0: 1.7598 (1.7678)  loss_bbox_enc_0: 0.1164 (0.1381)  loss_giou_enc_0: 0.1543 (0.2131)  loss_mal_dn_0: 1.2070 (1.2297)  loss_bbox_dn_0: 0.3955 (0.3872)  loss_giou_dn_0: 0.5107 (0.5239)  loss_fgl_dn_0: 1.1620 (1.1898)  loss_ddf_dn_0: 2.7441 (2.8941)  loss_mal_dn_1: 0.8066 (0.8082)  loss_bbox_dn_1: 0.1742 (0.1882)  loss_giou_dn_1: 0.2693 (0.2762)  loss_fgl_dn_1: 0.9133 (0.9366)  loss_ddf_dn_1: 0.7104 (0.7404)  loss_mal_dn_2: 0.8013 (0.8000)  loss_bbox_dn_2: 0.1133 (0.1254)  loss_giou_dn_2: 0.1787 (0.1854)  loss_fgl_dn_2: 0.8136 (0.8471)  loss_ddf_dn_2: 0.0494 (0.0503)  loss_mal_dn_3: 0.8232 (0.8289)  loss_bbox_dn_3: 0.1080 (0.1151)  loss_giou_dn_3: 0.1565 (0.1723)  loss_fgl_dn_3: 0.8108 (0.8476)  loss_mal_dn_pre: 1.4180 (1.4401)  loss_bbox_dn_pre: 0.3760 (0.3780)  loss_giou_dn_pre: 0.4998 (0.5163)
Test:  [0/4]  eta: 0:00:01    time: 0.3427  data: 0.3096  max mem: 2550
Test:  [3/4]  eta: 0:00:00    time: 0.1062  data: 0.0793  max mem: 2550
Test: Total time: 0:00:00 (0.1282 s / it)
Averaged stats: 
Accumulating evaluation results...
COCOeval_opt.accumulate() finished...
DONE (t=0.00s).
IoU metric: bbox
 Average Precision  (AP) @[ IoU=0.50:0.95 | area=   all | maxDets=100 ] = 0.852
 Average Precision  (AP) @[ IoU=0.50      | area=   all | maxDets=100 ] = 0.991
 Average Precision  (AP) @[ IoU=0.75      | area=   all | maxDets=100 ] = 0.892
 Average Precision  (AP) @[ IoU=0.50:0.95 | area= small | maxDets=100 ] = -1.000
 Average Precision  (AP) @[ IoU=0.50:0.95 | area=medium | maxDets=100 ] = -1.000
 Average Precision  (AP) @[ IoU=0.50:0.95 | area= large | maxDets=100 ] = 0.852
 Average Recall     (AR) @[ IoU=0.50:0.95 | area=   all | maxDets=  1 ] = 0.767
 Average Recall     (AR) @[ IoU=0.50:0.95 | area=   all | maxDets= 10 ] = 0.900
 Average Recall     (AR) @[ IoU=0.50:0.95 | area=   all | maxDets=100 ] = 0.927
 Average Recall     (AR) @[ IoU=0.50:0.95 | area= small | maxDets=100 ] = -1.000
 Average Recall     (AR) @[ IoU=0.50:0.95 | area=medium | maxDets=100 ] = -1.000
 Average Recall     (AR) @[ IoU=0.50:0.95 | area= large | maxDets=100 ] = 0.927
 Average Recall     (AR) @[ IoU=0.50      | area=   all | maxDets=100 ] = 1.000
 Average Recall     (AR) @[ IoU=0.75      | area=   all | maxDets=100 ] = 0.967
best_stat: {'epoch': 105, 'coco_eval_bbox': 0.8557831146994931}
Load last_epoch
Load model.state_dict
Load criterion.state_dict
Load postprocessor.state_dict
Load ema.state_dict
Load scaler.state_dict
Load optimizer.state_dict
Load lr_warmup_scheduler.state_dict
Refresh EMA at epoch 106 with decay 0.9996
Epoch: [107]  [0/8]  eta: 0:00:03  lr: 0.000005  loss: 28.8941 (28.8941)  loss_mal: 0.8198 (0.8198)  loss_bbox: 0.1011 (0.1011)  loss_giou: 0.1260 (0.1260)  loss_fgl: 0.8814 (0.8814)  loss_mal_aux_0: 1.6797 (1.6797)  loss_bbox_aux_0: 0.1085 (0.1085)  loss_giou_aux_0: 0.1478 (0.1478)  loss_fgl_aux_0: 0.9539 (0.9539)  loss_ddf_aux_0: 0.1016 (0.1016)  loss_mal_aux_1: 0.8247 (0.8247)  loss_bbox_aux_1: 0.1037 (0.1037)  loss_giou_aux_1: 0.1305 (0.1305)  loss_fgl_aux_1: 0.8993 (0.8993)  loss_ddf_aux_1: 0.0147 (0.0147)  loss_mal_aux_2: 0.7583 (0.7583)  loss_bbox_aux_2: 0.1009 (0.1009)  loss_giou_aux_2: 0.1265 (0.1265)  loss_fgl_aux_2: 0.8828 (0.8828)  loss_ddf_aux_2: 0.0022 (0.0022)  loss_mal_pre: 1.6660 (1.6660)  loss_bbox_pre: 0.1125 (0.1125)  loss_giou_pre: 0.1505 (0.1505)  loss_mal_enc_0: 1.9961 (1.9961)  loss_bbox_enc_0: 0.2275 (0.2275)  loss_giou_enc_0: 0.2819 (0.2819)  loss_mal_dn_0: 1.3887 (1.3887)  loss_bbox_dn_0: 0.3989 (0.3989)  loss_giou_dn_0: 0.5230 (0.5230)  loss_fgl_dn_0: 1.1890 (1.1890)  loss_ddf_dn_0: 2.4003 (2.4003)  loss_mal_dn_1: 0.9067 (0.9067)  loss_bbox_dn_1: 0.2092 (0.2092)  loss_giou_dn_1: 0.2563 (0.2563)  loss_fgl_dn_1: 0.9858 (0.9858)  loss_ddf_dn_1: 0.5733 (0.5733)  loss_mal_dn_2: 0.8857 (0.8857)  loss_bbox_dn_2: 0.1509 (0.1509)  loss_giou_dn_2: 0.1821 (0.1821)  loss_fgl_dn_2: 0.8970 (0.8970)  loss_ddf_dn_2: 0.0378 (0.0378)  loss_mal_dn_3: 0.9775 (0.9775)  loss_bbox_dn_3: 0.1449 (0.1449)  loss_giou_dn_3: 0.1723 (0.1723)  loss_fgl_dn_3: 0.8980 (0.8980)  loss_mal_dn_pre: 1.6055 (1.6055)  loss_bbox_dn_pre: 0.4010 (0.4010)  loss_giou_dn_pre: 0.5120 (0.5120)  time: 0.4832  data: 0.3414  max mem: 2550
Epoch: [107]  [7/8]  eta: 0:00:00  lr: 0.000005  loss: 28.8941 (29.7165)  loss_mal: 0.8696 (0.8926)  loss_bbox: 0.0666 (0.0827)  loss_giou: 0.1260 (0.1279)  loss_fgl: 0.8235 (0.8218)  loss_mal_aux_0: 1.6924 (1.7170)  loss_bbox_aux_0: 0.0824 (0.0952)  loss_giou_aux_0: 0.1362 (0.1469)  loss_fgl_aux_0: 0.8959 (0.8981)  loss_ddf_aux_0: 0.1296 (0.1276)  loss_mal_aux_1: 0.9707 (0.9715)  loss_bbox_aux_1: 0.0660 (0.0833)  loss_giou_aux_1: 0.1297 (0.1305)  loss_fgl_aux_1: 0.8386 (0.8311)  loss_ddf_aux_1: 0.0194 (0.0193)  loss_mal_aux_2: 0.9326 (0.8984)  loss_bbox_aux_2: 0.0673 (0.0826)  loss_giou_aux_2: 0.1265 (0.1280)  loss_fgl_aux_2: 0.8250 (0.8223)  loss_ddf_aux_2: 0.0021 (0.0020)  loss_mal_pre: 1.6807 (1.7233)  loss_bbox_pre: 0.0865 (0.0944)  loss_giou_pre: 0.1417 (0.1447)  loss_mal_enc_0: 2.0293 (2.0753)  loss_bbox_enc_0: 0.1409 (0.1461)  loss_giou_enc_0: 0.1968 (0.2290)  loss_mal_dn_0: 1.3428 (1.3483)  loss_bbox_dn_0: 0.3989 (0.4082)  loss_giou_dn_0: 0.5511 (0.5625)  loss_fgl_dn_0: 1.1890 (1.2001)  loss_ddf_dn_0: 3.2209 (3.0744)  loss_mal_dn_1: 0.8643 (0.8771)  loss_bbox_dn_1: 0.2092 (0.1956)  loss_giou_dn_1: 0.2563 (0.2841)  loss_fgl_dn_1: 0.9569 (0.9682)  loss_ddf_dn_1: 0.7721 (0.7399)  loss_mal_dn_2: 0.8643 (0.8621)  loss_bbox_dn_2: 0.1450 (0.1357)  loss_giou_dn_2: 0.1875 (0.1988)  loss_fgl_dn_2: 0.8623 (0.8830)  loss_ddf_dn_2: 0.0526 (0.0524)  loss_mal_dn_3: 0.9062 (0.9241)  loss_bbox_dn_3: 0.1321 (0.1277)  loss_giou_dn_3: 0.1728 (0.1868)  loss_fgl_dn_3: 0.8652 (0.8830)  loss_mal_dn_pre: 1.5439 (1.5482)  loss_bbox_dn_pre: 0.4010 (0.4064)  loss_giou_dn_pre: 0.5380 (0.5583)  time: 0.1493  data: 0.0452  max mem: 2550
Epoch: [107] Total time: 0:00:01 (0.1578 s / it)
Averaged stats: lr: 0.000005  loss: 28.8941 (29.7165)  loss_mal: 0.8696 (0.8926)  loss_bbox: 0.0666 (0.0827)  loss_giou: 0.1260 (0.1279)  loss_fgl: 0.8235 (0.8218)  loss_mal_aux_0: 1.6924 (1.7170)  loss_bbox_aux_0: 0.0824 (0.0952)  loss_giou_aux_0: 0.1362 (0.1469)  loss_fgl_aux_0: 0.8959 (0.8981)  loss_ddf_aux_0: 0.1296 (0.1276)  loss_mal_aux_1: 0.9707 (0.9715)  loss_bbox_aux_1: 0.0660 (0.0833)  loss_giou_aux_1: 0.1297 (0.1305)  loss_fgl_aux_1: 0.8386 (0.8311)  loss_ddf_aux_1: 0.0194 (0.0193)  loss_mal_aux_2: 0.9326 (0.8984)  loss_bbox_aux_2: 0.0673 (0.0826)  loss_giou_aux_2: 0.1265 (0.1280)  loss_fgl_aux_2: 0.8250 (0.8223)  loss_ddf_aux_2: 0.0021 (0.0020)  loss_mal_pre: 1.6807 (1.7233)  loss_bbox_pre: 0.0865 (0.0944)  loss_giou_pre: 0.1417 (0.1447)  loss_mal_enc_0: 2.0293 (2.0753)  loss_bbox_enc_0: 0.1409 (0.1461)  loss_giou_enc_0: 0.1968 (0.2290)  loss_mal_dn_0: 1.3428 (1.3483)  loss_bbox_dn_0: 0.3989 (0.4082)  loss_giou_dn_0: 0.5511 (0.5625)  loss_fgl_dn_0: 1.1890 (1.2001)  loss_ddf_dn_0: 3.2209 (3.0744)  loss_mal_dn_1: 0.8643 (0.8771)  loss_bbox_dn_1: 0.2092 (0.1956)  loss_giou_dn_1: 0.2563 (0.2841)  loss_fgl_dn_1: 0.9569 (0.9682)  loss_ddf_dn_1: 0.7721 (0.7399)  loss_mal_dn_2: 0.8643 (0.8621)  loss_bbox_dn_2: 0.1450 (0.1357)  loss_giou_dn_2: 0.1875 (0.1988)  loss_fgl_dn_2: 0.8623 (0.8830)  loss_ddf_dn_2: 0.0526 (0.0524)  loss_mal_dn_3: 0.9062 (0.9241)  loss_bbox_dn_3: 0.1321 (0.1277)  loss_giou_dn_3: 0.1728 (0.1868)  loss_fgl_dn_3: 0.8652 (0.8830)  loss_mal_dn_pre: 1.5439 (1.5482)  loss_bbox_dn_pre: 0.4010 (0.4064)  loss_giou_dn_pre: 0.5380 (0.5583)
Test:  [0/4]  eta: 0:00:01    time: 0.3628  data: 0.3296  max mem: 2550
Test:  [3/4]  eta: 0:00:00    time: 0.1108  data: 0.0844  max mem: 2550
Test: Total time: 0:00:00 (0.1297 s / it)
Averaged stats: 
Accumulating evaluation results...
COCOeval_opt.accumulate() finished...
DONE (t=0.00s).
IoU metric: bbox
 Average Precision  (AP) @[ IoU=0.50:0.95 | area=   all | maxDets=100 ] = 0.852
 Average Precision  (AP) @[ IoU=0.50      | area=   all | maxDets=100 ] = 0.985
 Average Precision  (AP) @[ IoU=0.75      | area=   all | maxDets=100 ] = 0.876
 Average Precision  (AP) @[ IoU=0.50:0.95 | area= small | maxDets=100 ] = -1.000
 Average Precision  (AP) @[ IoU=0.50:0.95 | area=medium | maxDets=100 ] = -1.000
 Average Precision  (AP) @[ IoU=0.50:0.95 | area= large | maxDets=100 ] = 0.852
 Average Recall     (AR) @[ IoU=0.50:0.95 | area=   all | maxDets=  1 ] = 0.777
 Average Recall     (AR) @[ IoU=0.50:0.95 | area=   all | maxDets= 10 ] = 0.893
 Average Recall     (AR) @[ IoU=0.50:0.95 | area=   all | maxDets=100 ] = 0.937
 Average Recall     (AR) @[ IoU=0.50:0.95 | area= small | maxDets=100 ] = -1.000
 Average Recall     (AR) @[ IoU=0.50:0.95 | area=medium | maxDets=100 ] = -1.000
 Average Recall     (AR) @[ IoU=0.50:0.95 | area= large | maxDets=100 ] = 0.937
 Average Recall     (AR) @[ IoU=0.50      | area=   all | maxDets=100 ] = 1.000
 Average Recall     (AR) @[ IoU=0.75      | area=   all | maxDets=100 ] = 1.000
best_stat: {'epoch': 105, 'coco_eval_bbox': 0.8557831146994931}
Epoch: [108]  [0/8]  eta: 0:00:03  lr: 0.000005  loss: 28.5819 (28.5819)  loss_mal: 0.8154 (0.8154)  loss_bbox: 0.0713 (0.0713)  loss_giou: 0.1053 (0.1053)  loss_fgl: 0.7334 (0.7334)  loss_mal_aux_0: 1.6270 (1.6270)  loss_bbox_aux_0: 0.1023 (0.1023)  loss_giou_aux_0: 0.1373 (0.1373)  loss_fgl_aux_0: 0.8815 (0.8815)  loss_ddf_aux_0: 0.1875 (0.1875)  loss_mal_aux_1: 0.9185 (0.9185)  loss_bbox_aux_1: 0.0777 (0.0777)  loss_giou_aux_1: 0.1127 (0.1127)  loss_fgl_aux_1: 0.7653 (0.7653)  loss_ddf_aux_1: 0.0272 (0.0272)  loss_mal_aux_2: 0.8213 (0.8213)  loss_bbox_aux_2: 0.0721 (0.0721)  loss_giou_aux_2: 0.1056 (0.1056)  loss_fgl_aux_2: 0.7365 (0.7365)  loss_ddf_aux_2: 0.0025 (0.0025)  loss_mal_pre: 1.5645 (1.5645)  loss_bbox_pre: 0.1022 (0.1022)  loss_giou_pre: 0.1400 (0.1400)  loss_mal_enc_0: 2.0625 (2.0625)  loss_bbox_enc_0: 0.1423 (0.1423)  loss_giou_enc_0: 0.1945 (0.1945)  loss_mal_dn_0: 1.2266 (1.2266)  loss_bbox_dn_0: 0.4135 (0.4135)  loss_giou_dn_0: 0.4945 (0.4945)  loss_fgl_dn_0: 1.2504 (1.2504)  loss_ddf_dn_0: 3.5204 (3.5204)  loss_mal_dn_1: 0.7944 (0.7944)  loss_bbox_dn_1: 0.1827 (0.1827)  loss_giou_dn_1: 0.2340 (0.2340)  loss_fgl_dn_1: 0.9285 (0.9285)  loss_ddf_dn_1: 0.8367 (0.8367)  loss_mal_dn_2: 0.7573 (0.7573)  loss_bbox_dn_2: 0.1230 (0.1230)  loss_giou_dn_2: 0.1666 (0.1666)  loss_fgl_dn_2: 0.8279 (0.8279)  loss_ddf_dn_2: 0.0672 (0.0672)  loss_mal_dn_3: 0.8188 (0.8188)  loss_bbox_dn_3: 0.1156 (0.1156)  loss_giou_dn_3: 0.1577 (0.1577)  loss_fgl_dn_3: 0.8270 (0.8270)  loss_mal_dn_pre: 1.4551 (1.4551)  loss_bbox_dn_pre: 0.3980 (0.3980)  loss_giou_dn_pre: 0.4796 (0.4796)  time: 0.4763  data: 0.3339  max mem: 2550
Epoch: [108]  [7/8]  eta: 0:00:00  lr: 0.000005  loss: 29.1880 (29.2016)  loss_mal: 0.8154 (0.8382)  loss_bbox: 0.0716 (0.0739)  loss_giou: 0.1053 (0.1135)  loss_fgl: 0.7334 (0.7716)  loss_mal_aux_0: 1.7910 (1.7728)  loss_bbox_aux_0: 0.1015 (0.0957)  loss_giou_aux_0: 0.1295 (0.1467)  loss_fgl_aux_0: 0.8513 (0.8878)  loss_ddf_aux_0: 0.1381 (0.1505)  loss_mal_aux_1: 0.9351 (1.0334)  loss_bbox_aux_1: 0.0735 (0.0746)  loss_giou_aux_1: 0.1127 (0.1167)  loss_fgl_aux_1: 0.7653 (0.7893)  loss_ddf_aux_1: 0.0213 (0.0219)  loss_mal_aux_2: 0.8218 (0.8682)  loss_bbox_aux_2: 0.0721 (0.0738)  loss_giou_aux_2: 0.1056 (0.1134)  loss_fgl_aux_2: 0.7365 (0.7729)  loss_ddf_aux_2: 0.0017 (0.0020)  loss_mal_pre: 1.6807 (1.6820)  loss_bbox_pre: 0.1009 (0.0949)  loss_giou_pre: 0.1306 (0.1448)  loss_mal_enc_0: 1.8906 (1.9294)  loss_bbox_enc_0: 0.1480 (0.1492)  loss_giou_enc_0: 0.2139 (0.2212)  loss_mal_dn_0: 1.3174 (1.2897)  loss_bbox_dn_0: 0.4039 (0.3959)  loss_giou_dn_0: 0.5170 (0.5344)  loss_fgl_dn_0: 1.2122 (1.2016)  loss_ddf_dn_0: 3.3873 (3.3529)  loss_mal_dn_1: 0.8433 (0.8366)  loss_bbox_dn_1: 0.1827 (0.1866)  loss_giou_dn_1: 0.2777 (0.2739)  loss_fgl_dn_1: 0.9479 (0.9405)  loss_ddf_dn_1: 0.8140 (0.8084)  loss_mal_dn_2: 0.8452 (0.8192)  loss_bbox_dn_2: 0.1266 (0.1229)  loss_giou_dn_2: 0.1748 (0.1827)  loss_fgl_dn_2: 0.8446 (0.8466)  loss_ddf_dn_2: 0.0578 (0.0584)  loss_mal_dn_3: 0.8535 (0.8633)  loss_bbox_dn_3: 0.1149 (0.1137)  loss_giou_dn_3: 0.1577 (0.1691)  loss_fgl_dn_3: 0.8453 (0.8485)  loss_mal_dn_pre: 1.5000 (1.4839)  loss_bbox_dn_pre: 0.3980 (0.3959)  loss_giou_dn_pre: 0.5392 (0.5383)  time: 0.1486  data: 0.0444  max mem: 2550
Epoch: [108] Total time: 0:00:01 (0.1564 s / it)
Averaged stats: lr: 0.000005  loss: 29.1880 (29.2016)  loss_mal: 0.8154 (0.8382)  loss_bbox: 0.0716 (0.0739)  loss_giou: 0.1053 (0.1135)  loss_fgl: 0.7334 (0.7716)  loss_mal_aux_0: 1.7910 (1.7728)  loss_bbox_aux_0: 0.1015 (0.0957)  loss_giou_aux_0: 0.1295 (0.1467)  loss_fgl_aux_0: 0.8513 (0.8878)  loss_ddf_aux_0: 0.1381 (0.1505)  loss_mal_aux_1: 0.9351 (1.0334)  loss_bbox_aux_1: 0.0735 (0.0746)  loss_giou_aux_1: 0.1127 (0.1167)  loss_fgl_aux_1: 0.7653 (0.7893)  loss_ddf_aux_1: 0.0213 (0.0219)  loss_mal_aux_2: 0.8218 (0.8682)  loss_bbox_aux_2: 0.0721 (0.0738)  loss_giou_aux_2: 0.1056 (0.1134)  loss_fgl_aux_2: 0.7365 (0.7729)  loss_ddf_aux_2: 0.0017 (0.0020)  loss_mal_pre: 1.6807 (1.6820)  loss_bbox_pre: 0.1009 (0.0949)  loss_giou_pre: 0.1306 (0.1448)  loss_mal_enc_0: 1.8906 (1.9294)  loss_bbox_enc_0: 0.1480 (0.1492)  loss_giou_enc_0: 0.2139 (0.2212)  loss_mal_dn_0: 1.3174 (1.2897)  loss_bbox_dn_0: 0.4039 (0.3959)  loss_giou_dn_0: 0.5170 (0.5344)  loss_fgl_dn_0: 1.2122 (1.2016)  loss_ddf_dn_0: 3.3873 (3.3529)  loss_mal_dn_1: 0.8433 (0.8366)  loss_bbox_dn_1: 0.1827 (0.1866)  loss_giou_dn_1: 0.2777 (0.2739)  loss_fgl_dn_1: 0.9479 (0.9405)  loss_ddf_dn_1: 0.8140 (0.8084)  loss_mal_dn_2: 0.8452 (0.8192)  loss_bbox_dn_2: 0.1266 (0.1229)  loss_giou_dn_2: 0.1748 (0.1827)  loss_fgl_dn_2: 0.8446 (0.8466)  loss_ddf_dn_2: 0.0578 (0.0584)  loss_mal_dn_3: 0.8535 (0.8633)  loss_bbox_dn_3: 0.1149 (0.1137)  loss_giou_dn_3: 0.1577 (0.1691)  loss_fgl_dn_3: 0.8453 (0.8485)  loss_mal_dn_pre: 1.5000 (1.4839)  loss_bbox_dn_pre: 0.3980 (0.3959)  loss_giou_dn_pre: 0.5392 (0.5383)
Test:  [0/4]  eta: 0:00:01    time: 0.3425  data: 0.3098  max mem: 2550
Test:  [3/4]  eta: 0:00:00    time: 0.1057  data: 0.0795  max mem: 2550
Test: Total time: 0:00:00 (0.1303 s / it)
Averaged stats: 
Accumulating evaluation results...
COCOeval_opt.accumulate() finished...
DONE (t=0.00s).
IoU metric: bbox
 Average Precision  (AP) @[ IoU=0.50:0.95 | area=   all | maxDets=100 ] = 0.850
 Average Precision  (AP) @[ IoU=0.50      | area=   all | maxDets=100 ] = 0.986
 Average Precision  (AP) @[ IoU=0.75      | area=   all | maxDets=100 ] = 0.882
 Average Precision  (AP) @[ IoU=0.50:0.95 | area= small | maxDets=100 ] = -1.000
 Average Precision  (AP) @[ IoU=0.50:0.95 | area=medium | maxDets=100 ] = -1.000
 Average Precision  (AP) @[ IoU=0.50:0.95 | area= large | maxDets=100 ] = 0.850
 Average Recall     (AR) @[ IoU=0.50:0.95 | area=   all | maxDets=  1 ] = 0.767
 Average Recall     (AR) @[ IoU=0.50:0.95 | area=   all | maxDets= 10 ] = 0.903
 Average Recall     (AR) @[ IoU=0.50:0.95 | area=   all | maxDets=100 ] = 0.937
 Average Recall     (AR) @[ IoU=0.50:0.95 | area= small | maxDets=100 ] = -1.000
 Average Recall     (AR) @[ IoU=0.50:0.95 | area=medium | maxDets=100 ] = -1.000
 Average Recall     (AR) @[ IoU=0.50:0.95 | area= large | maxDets=100 ] = 0.937
 Average Recall     (AR) @[ IoU=0.50      | area=   all | maxDets=100 ] = 1.000
 Average Recall     (AR) @[ IoU=0.75      | area=   all | maxDets=100 ] = 0.967
best_stat: {'epoch': 105, 'coco_eval_bbox': 0.8557831146994931}
Load last_epoch
Load model.state_dict
Load criterion.state_dict
Load postprocessor.state_dict
Load ema.state_dict
Load scaler.state_dict
Load optimizer.state_dict
Load lr_warmup_scheduler.state_dict
Refresh EMA at epoch 108 with decay 0.9995
Epoch: [109]  [0/8]  eta: 0:00:04  lr: 0.000005  loss: 28.7322 (28.7322)  loss_mal: 0.9023 (0.9023)  loss_bbox: 0.0741 (0.0741)  loss_giou: 0.1041 (0.1041)  loss_fgl: 0.7822 (0.7822)  loss_mal_aux_0: 1.6699 (1.6699)  loss_bbox_aux_0: 0.1006 (0.1006)  loss_giou_aux_0: 0.1324 (0.1324)  loss_fgl_aux_0: 0.8838 (0.8838)  loss_ddf_aux_0: 0.1167 (0.1167)  loss_mal_aux_1: 0.8613 (0.8613)  loss_bbox_aux_1: 0.0796 (0.0796)  loss_giou_aux_1: 0.1113 (0.1113)  loss_fgl_aux_1: 0.8186 (0.8186)  loss_ddf_aux_1: 0.0168 (0.0168)  loss_mal_aux_2: 0.8096 (0.8096)  loss_bbox_aux_2: 0.0728 (0.0728)  loss_giou_aux_2: 0.1031 (0.1031)  loss_fgl_aux_2: 0.7846 (0.7846)  loss_ddf_aux_2: 0.0017 (0.0017)  loss_mal_pre: 1.7119 (1.7119)  loss_bbox_pre: 0.1015 (0.1015)  loss_giou_pre: 0.1288 (0.1288)  loss_mal_enc_0: 2.2129 (2.2129)  loss_bbox_enc_0: 0.1319 (0.1319)  loss_giou_enc_0: 0.1964 (0.1964)  loss_mal_dn_0: 1.3359 (1.3359)  loss_bbox_dn_0: 0.4910 (0.4910)  loss_giou_dn_0: 0.5806 (0.5806)  loss_fgl_dn_0: 1.1958 (1.1958)  loss_ddf_dn_0: 2.4300 (2.4300)  loss_mal_dn_1: 0.8643 (0.8643)  loss_bbox_dn_1: 0.2179 (0.2179)  loss_giou_dn_1: 0.2961 (0.2961)  loss_fgl_dn_1: 0.9574 (0.9574)  loss_ddf_dn_1: 0.5981 (0.5981)  loss_mal_dn_2: 0.8809 (0.8809)  loss_bbox_dn_2: 0.1303 (0.1303)  loss_giou_dn_2: 0.1834 (0.1834)  loss_fgl_dn_2: 0.8739 (0.8739)  loss_ddf_dn_2: 0.0441 (0.0441)  loss_mal_dn_3: 0.9751 (0.9751)  loss_bbox_dn_3: 0.1270 (0.1270)  loss_giou_dn_3: 0.1728 (0.1728)  loss_fgl_dn_3: 0.8694 (0.8694)  loss_mal_dn_pre: 1.5498 (1.5498)  loss_bbox_dn_pre: 0.4816 (0.4816)  loss_giou_dn_pre: 0.5679 (0.5679)  time: 0.5076  data: 0.3626  max mem: 2550
Epoch: [109]  [7/8]  eta: 0:00:00  lr: 0.000005  loss: 29.4637 (29.7349)  loss_mal: 0.9023 (0.8892)  loss_bbox: 0.0854 (0.0834)  loss_giou: 0.1287 (0.1246)  loss_fgl: 0.8164 (0.8077)  loss_mal_aux_0: 1.6699 (1.7272)  loss_bbox_aux_0: 0.1018 (0.1046)  loss_giou_aux_0: 0.1480 (0.1515)  loss_fgl_aux_0: 0.9311 (0.9026)  loss_ddf_aux_0: 0.1286 (0.1381)  loss_mal_aux_1: 0.9409 (0.9769)  loss_bbox_aux_1: 0.0816 (0.0829)  loss_giou_aux_1: 0.1374 (0.1273)  loss_fgl_aux_1: 0.8493 (0.8195)  loss_ddf_aux_1: 0.0178 (0.0197)  loss_mal_aux_2: 0.8643 (0.8762)  loss_bbox_aux_2: 0.0844 (0.0828)  loss_giou_aux_2: 0.1286 (0.1243)  loss_fgl_aux_2: 0.8173 (0.8080)  loss_ddf_aux_2: 0.0018 (0.0021)  loss_mal_pre: 1.7119 (1.7311)  loss_bbox_pre: 0.1015 (0.1009)  loss_giou_pre: 0.1496 (0.1461)  loss_mal_enc_0: 2.0020 (2.0743)  loss_bbox_enc_0: 0.1229 (0.1474)  loss_giou_enc_0: 0.2109 (0.2303)  loss_mal_dn_0: 1.3320 (1.3325)  loss_bbox_dn_0: 0.3706 (0.4216)  loss_giou_dn_0: 0.5767 (0.5633)  loss_fgl_dn_0: 1.1862 (1.1949)  loss_ddf_dn_0: 3.1536 (3.1255)  loss_mal_dn_1: 0.8643 (0.8580)  loss_bbox_dn_1: 0.1941 (0.2146)  loss_giou_dn_1: 0.2857 (0.2973)  loss_fgl_dn_1: 0.9574 (0.9564)  loss_ddf_dn_1: 0.7499 (0.7436)  loss_mal_dn_2: 0.8457 (0.8588)  loss_bbox_dn_2: 0.1369 (0.1427)  loss_giou_dn_2: 0.1834 (0.1977)  loss_fgl_dn_2: 0.8739 (0.8699)  loss_ddf_dn_2: 0.0520 (0.0531)  loss_mal_dn_3: 0.9082 (0.9255)  loss_bbox_dn_3: 0.1270 (0.1328)  loss_giou_dn_3: 0.1742 (0.1843)  loss_fgl_dn_3: 0.8694 (0.8715)  loss_mal_dn_pre: 1.5498 (1.5259)  loss_bbox_dn_pre: 0.3837 (0.4226)  loss_giou_dn_pre: 0.5679 (0.5637)  time: 0.1553  data: 0.0474  max mem: 2550
Epoch: [109] Total time: 0:00:01 (0.1650 s / it)
Averaged stats: lr: 0.000005  loss: 29.4637 (29.7349)  loss_mal: 0.9023 (0.8892)  loss_bbox: 0.0854 (0.0834)  loss_giou: 0.1287 (0.1246)  loss_fgl: 0.8164 (0.8077)  loss_mal_aux_0: 1.6699 (1.7272)  loss_bbox_aux_0: 0.1018 (0.1046)  loss_giou_aux_0: 0.1480 (0.1515)  loss_fgl_aux_0: 0.9311 (0.9026)  loss_ddf_aux_0: 0.1286 (0.1381)  loss_mal_aux_1: 0.9409 (0.9769)  loss_bbox_aux_1: 0.0816 (0.0829)  loss_giou_aux_1: 0.1374 (0.1273)  loss_fgl_aux_1: 0.8493 (0.8195)  loss_ddf_aux_1: 0.0178 (0.0197)  loss_mal_aux_2: 0.8643 (0.8762)  loss_bbox_aux_2: 0.0844 (0.0828)  loss_giou_aux_2: 0.1286 (0.1243)  loss_fgl_aux_2: 0.8173 (0.8080)  loss_ddf_aux_2: 0.0018 (0.0021)  loss_mal_pre: 1.7119 (1.7311)  loss_bbox_pre: 0.1015 (0.1009)  loss_giou_pre: 0.1496 (0.1461)  loss_mal_enc_0: 2.0020 (2.0743)  loss_bbox_enc_0: 0.1229 (0.1474)  loss_giou_enc_0: 0.2109 (0.2303)  loss_mal_dn_0: 1.3320 (1.3325)  loss_bbox_dn_0: 0.3706 (0.4216)  loss_giou_dn_0: 0.5767 (0.5633)  loss_fgl_dn_0: 1.1862 (1.1949)  loss_ddf_dn_0: 3.1536 (3.1255)  loss_mal_dn_1: 0.8643 (0.8580)  loss_bbox_dn_1: 0.1941 (0.2146)  loss_giou_dn_1: 0.2857 (0.2973)  loss_fgl_dn_1: 0.9574 (0.9564)  loss_ddf_dn_1: 0.7499 (0.7436)  loss_mal_dn_2: 0.8457 (0.8588)  loss_bbox_dn_2: 0.1369 (0.1427)  loss_giou_dn_2: 0.1834 (0.1977)  loss_fgl_dn_2: 0.8739 (0.8699)  loss_ddf_dn_2: 0.0520 (0.0531)  loss_mal_dn_3: 0.9082 (0.9255)  loss_bbox_dn_3: 0.1270 (0.1328)  loss_giou_dn_3: 0.1742 (0.1843)  loss_fgl_dn_3: 0.8694 (0.8715)  loss_mal_dn_pre: 1.5498 (1.5259)  loss_bbox_dn_pre: 0.3837 (0.4226)  loss_giou_dn_pre: 0.5679 (0.5637)
Test:  [0/4]  eta: 0:00:01    time: 0.3569  data: 0.3247  max mem: 2550
Test:  [3/4]  eta: 0:00:00    time: 0.1092  data: 0.0832  max mem: 2550
Test: Total time: 0:00:00 (0.1316 s / it)
Averaged stats: 
Accumulating evaluation results...
COCOeval_opt.accumulate() finished...
DONE (t=0.00s).
IoU metric: bbox
 Average Precision  (AP) @[ IoU=0.50:0.95 | area=   all | maxDets=100 ] = 0.845
 Average Precision  (AP) @[ IoU=0.50      | area=   all | maxDets=100 ] = 0.979
 Average Precision  (AP) @[ IoU=0.75      | area=   all | maxDets=100 ] = 0.875
 Average Precision  (AP) @[ IoU=0.50:0.95 | area= small | maxDets=100 ] = -1.000
 Average Precision  (AP) @[ IoU=0.50:0.95 | area=medium | maxDets=100 ] = -1.000
 Average Precision  (AP) @[ IoU=0.50:0.95 | area= large | maxDets=100 ] = 0.845
 Average Recall     (AR) @[ IoU=0.50:0.95 | area=   all | maxDets=  1 ] = 0.773
 Average Recall     (AR) @[ IoU=0.50:0.95 | area=   all | maxDets= 10 ] = 0.900
 Average Recall     (AR) @[ IoU=0.50:0.95 | area=   all | maxDets=100 ] = 0.947
 Average Recall     (AR) @[ IoU=0.50:0.95 | area= small | maxDets=100 ] = -1.000
 Average Recall     (AR) @[ IoU=0.50:0.95 | area=medium | maxDets=100 ] = -1.000
 Average Recall     (AR) @[ IoU=0.50:0.95 | area= large | maxDets=100 ] = 0.947
 Average Recall     (AR) @[ IoU=0.50      | area=   all | maxDets=100 ] = 1.000
 Average Recall     (AR) @[ IoU=0.75      | area=   all | maxDets=100 ] = 1.000
best_stat: {'epoch': 105, 'coco_eval_bbox': 0.8557831146994931}
Epoch: [110]  [0/8]  eta: 0:00:03  lr: 0.000005  loss: 32.5355 (32.5355)  loss_mal: 0.9824 (0.9824)  loss_bbox: 0.0825 (0.0825)  loss_giou: 0.1759 (0.1759)  loss_fgl: 0.9271 (0.9271)  loss_mal_aux_0: 1.8496 (1.8496)  loss_bbox_aux_0: 0.0839 (0.0839)  loss_giou_aux_0: 0.1845 (0.1845)  loss_fgl_aux_0: 0.9713 (0.9713)  loss_ddf_aux_0: 0.1518 (0.1518)  loss_mal_aux_1: 1.3271 (1.3271)  loss_bbox_aux_1: 0.0826 (0.0826)  loss_giou_aux_1: 0.1770 (0.1770)  loss_fgl_aux_1: 0.9253 (0.9253)  loss_ddf_aux_1: 0.0286 (0.0286)  loss_mal_aux_2: 1.1025 (1.1025)  loss_bbox_aux_2: 0.0824 (0.0824)  loss_giou_aux_2: 0.1761 (0.1761)  loss_fgl_aux_2: 0.9261 (0.9261)  loss_ddf_aux_2: 0.0025 (0.0025)  loss_mal_pre: 1.7627 (1.7627)  loss_bbox_pre: 0.0880 (0.0880)  loss_giou_pre: 0.1878 (0.1878)  loss_mal_enc_0: 2.0254 (2.0254)  loss_bbox_enc_0: 0.1034 (0.1034)  loss_giou_enc_0: 0.2194 (0.2194)  loss_mal_dn_0: 1.2998 (1.2998)  loss_bbox_dn_0: 0.4042 (0.4042)  loss_giou_dn_0: 0.6217 (0.6217)  loss_fgl_dn_0: 1.1883 (1.1883)  loss_ddf_dn_0: 4.1696 (4.1696)  loss_mal_dn_1: 0.8774 (0.8774)  loss_bbox_dn_1: 0.1967 (0.1967)  loss_giou_dn_1: 0.3330 (0.3330)  loss_fgl_dn_1: 0.9942 (0.9942)  loss_ddf_dn_1: 1.0097 (1.0097)  loss_mal_dn_2: 0.8555 (0.8555)  loss_bbox_dn_2: 0.1331 (0.1331)  loss_giou_dn_2: 0.2476 (0.2476)  loss_fgl_dn_2: 0.8765 (0.8765)  loss_ddf_dn_2: 0.0760 (0.0760)  loss_mal_dn_3: 0.8799 (0.8799)  loss_bbox_dn_3: 0.1287 (0.1287)  loss_giou_dn_3: 0.2345 (0.2345)  loss_fgl_dn_3: 0.8806 (0.8806)  loss_mal_dn_pre: 1.4336 (1.4336)  loss_bbox_dn_pre: 0.4216 (0.4216)  loss_giou_dn_pre: 0.6471 (0.6471)  time: 0.4753  data: 0.3338  max mem: 2550
Epoch: [110]  [7/8]  eta: 0:00:00  lr: 0.000005  loss: 29.5392 (29.7289)  loss_mal: 0.8462 (0.8533)  loss_bbox: 0.0825 (0.0801)  loss_giou: 0.1300 (0.1271)  loss_fgl: 0.8261 (0.8062)  loss_mal_aux_0: 1.7969 (1.7642)  loss_bbox_aux_0: 0.0839 (0.0911)  loss_giou_aux_0: 0.1361 (0.1445)  loss_fgl_aux_0: 0.8402 (0.8858)  loss_ddf_aux_0: 0.1379 (0.1402)  loss_mal_aux_1: 1.0732 (1.0748)  loss_bbox_aux_1: 0.0821 (0.0799)  loss_giou_aux_1: 0.1292 (0.1275)  loss_fgl_aux_1: 0.8248 (0.8138)  loss_ddf_aux_1: 0.0232 (0.0226)  loss_mal_aux_2: 0.8901 (0.9053)  loss_bbox_aux_2: 0.0824 (0.0801)  loss_giou_aux_2: 0.1297 (0.1271)  loss_fgl_aux_2: 0.8263 (0.8071)  loss_ddf_aux_2: 0.0015 (0.0016)  loss_mal_pre: 1.7168 (1.6902)  loss_bbox_pre: 0.0880 (0.0918)  loss_giou_pre: 0.1270 (0.1434)  loss_mal_enc_0: 1.8887 (1.9210)  loss_bbox_enc_0: 0.1370 (0.1513)  loss_giou_enc_0: 0.2194 (0.2479)  loss_mal_dn_0: 1.2480 (1.2891)  loss_bbox_dn_0: 0.3655 (0.4035)  loss_giou_dn_0: 0.5247 (0.5522)  loss_fgl_dn_0: 1.1770 (1.1761)  loss_ddf_dn_0: 3.3100 (3.4490)  loss_mal_dn_1: 0.8711 (0.8551)  loss_bbox_dn_1: 0.1847 (0.1892)  loss_giou_dn_1: 0.2674 (0.2813)  loss_fgl_dn_1: 0.9333 (0.9512)  loss_ddf_dn_1: 0.8533 (0.8581)  loss_mal_dn_2: 0.8379 (0.8340)  loss_bbox_dn_2: 0.1309 (0.1282)  loss_giou_dn_2: 0.1799 (0.1938)  loss_fgl_dn_2: 0.8464 (0.8566)  loss_ddf_dn_2: 0.0662 (0.0660)  loss_mal_dn_3: 0.8706 (0.8735)  loss_bbox_dn_3: 0.1247 (0.1179)  loss_giou_dn_3: 0.1657 (0.1806)  loss_fgl_dn_3: 0.8472 (0.8579)  loss_mal_dn_pre: 1.4521 (1.4854)  loss_bbox_dn_pre: 0.3594 (0.3992)  loss_giou_dn_pre: 0.5207 (0.5535)  time: 0.1489  data: 0.0439  max mem: 2550
Epoch: [110] Total time: 0:00:01 (0.1599 s / it)
Averaged stats: lr: 0.000005  loss: 29.5392 (29.7289)  loss_mal: 0.8462 (0.8533)  loss_bbox: 0.0825 (0.0801)  loss_giou: 0.1300 (0.1271)  loss_fgl: 0.8261 (0.8062)  loss_mal_aux_0: 1.7969 (1.7642)  loss_bbox_aux_0: 0.0839 (0.0911)  loss_giou_aux_0: 0.1361 (0.1445)  loss_fgl_aux_0: 0.8402 (0.8858)  loss_ddf_aux_0: 0.1379 (0.1402)  loss_mal_aux_1: 1.0732 (1.0748)  loss_bbox_aux_1: 0.0821 (0.0799)  loss_giou_aux_1: 0.1292 (0.1275)  loss_fgl_aux_1: 0.8248 (0.8138)  loss_ddf_aux_1: 0.0232 (0.0226)  loss_mal_aux_2: 0.8901 (0.9053)  loss_bbox_aux_2: 0.0824 (0.0801)  loss_giou_aux_2: 0.1297 (0.1271)  loss_fgl_aux_2: 0.8263 (0.8071)  loss_ddf_aux_2: 0.0015 (0.0016)  loss_mal_pre: 1.7168 (1.6902)  loss_bbox_pre: 0.0880 (0.0918)  loss_giou_pre: 0.1270 (0.1434)  loss_mal_enc_0: 1.8887 (1.9210)  loss_bbox_enc_0: 0.1370 (0.1513)  loss_giou_enc_0: 0.2194 (0.2479)  loss_mal_dn_0: 1.2480 (1.2891)  loss_bbox_dn_0: 0.3655 (0.4035)  loss_giou_dn_0: 0.5247 (0.5522)  loss_fgl_dn_0: 1.1770 (1.1761)  loss_ddf_dn_0: 3.3100 (3.4490)  loss_mal_dn_1: 0.8711 (0.8551)  loss_bbox_dn_1: 0.1847 (0.1892)  loss_giou_dn_1: 0.2674 (0.2813)  loss_fgl_dn_1: 0.9333 (0.9512)  loss_ddf_dn_1: 0.8533 (0.8581)  loss_mal_dn_2: 0.8379 (0.8340)  loss_bbox_dn_2: 0.1309 (0.1282)  loss_giou_dn_2: 0.1799 (0.1938)  loss_fgl_dn_2: 0.8464 (0.8566)  loss_ddf_dn_2: 0.0662 (0.0660)  loss_mal_dn_3: 0.8706 (0.8735)  loss_bbox_dn_3: 0.1247 (0.1179)  loss_giou_dn_3: 0.1657 (0.1806)  loss_fgl_dn_3: 0.8472 (0.8579)  loss_mal_dn_pre: 1.4521 (1.4854)  loss_bbox_dn_pre: 0.3594 (0.3992)  loss_giou_dn_pre: 0.5207 (0.5535)
Test:  [0/4]  eta: 0:00:01    time: 0.3577  data: 0.3259  max mem: 2550
Test:  [3/4]  eta: 0:00:00    time: 0.1092  data: 0.0833  max mem: 2550
Test: Total time: 0:00:00 (0.1249 s / it)
Averaged stats: 
Accumulating evaluation results...
COCOeval_opt.accumulate() finished...
DONE (t=0.00s).
IoU metric: bbox
 Average Precision  (AP) @[ IoU=0.50:0.95 | area=   all | maxDets=100 ] = 0.851
 Average Precision  (AP) @[ IoU=0.50      | area=   all | maxDets=100 ] = 0.982
 Average Precision  (AP) @[ IoU=0.75      | area=   all | maxDets=100 ] = 0.889
 Average Precision  (AP) @[ IoU=0.50:0.95 | area= small | maxDets=100 ] = -1.000
 Average Precision  (AP) @[ IoU=0.50:0.95 | area=medium | maxDets=100 ] = -1.000
 Average Precision  (AP) @[ IoU=0.50:0.95 | area= large | maxDets=100 ] = 0.851
 Average Recall     (AR) @[ IoU=0.50:0.95 | area=   all | maxDets=  1 ] = 0.773
 Average Recall     (AR) @[ IoU=0.50:0.95 | area=   all | maxDets= 10 ] = 0.900
 Average Recall     (AR) @[ IoU=0.50:0.95 | area=   all | maxDets=100 ] = 0.940
 Average Recall     (AR) @[ IoU=0.50:0.95 | area= small | maxDets=100 ] = -1.000
 Average Recall     (AR) @[ IoU=0.50:0.95 | area=medium | maxDets=100 ] = -1.000
 Average Recall     (AR) @[ IoU=0.50:0.95 | area= large | maxDets=100 ] = 0.940
 Average Recall     (AR) @[ IoU=0.50      | area=   all | maxDets=100 ] = 1.000
 Average Recall     (AR) @[ IoU=0.75      | area=   all | maxDets=100 ] = 0.967
best_stat: {'epoch': 105, 'coco_eval_bbox': 0.8557831146994931}
Epoch: [111]  [0/8]  eta: 0:00:03  lr: 0.000005  loss: 26.2857 (26.2857)  loss_mal: 0.7002 (0.7002)  loss_bbox: 0.0695 (0.0695)  loss_giou: 0.0966 (0.0966)  loss_fgl: 0.7587 (0.7587)  loss_mal_aux_0: 1.6533 (1.6533)  loss_bbox_aux_0: 0.0815 (0.0815)  loss_giou_aux_0: 0.1078 (0.1078)  loss_fgl_aux_0: 0.8184 (0.8184)  loss_ddf_aux_0: 0.1378 (0.1378)  loss_mal_aux_1: 0.8467 (0.8467)  loss_bbox_aux_1: 0.0692 (0.0692)  loss_giou_aux_1: 0.1026 (0.1026)  loss_fgl_aux_1: 0.7724 (0.7724)  loss_ddf_aux_1: 0.0179 (0.0179)  loss_mal_aux_2: 0.7017 (0.7017)  loss_bbox_aux_2: 0.0693 (0.0693)  loss_giou_aux_2: 0.0959 (0.0959)  loss_fgl_aux_2: 0.7631 (0.7631)  loss_ddf_aux_2: 0.0019 (0.0019)  loss_mal_pre: 1.5156 (1.5156)  loss_bbox_pre: 0.0805 (0.0805)  loss_giou_pre: 0.1131 (0.1131)  loss_mal_enc_0: 1.9229 (1.9229)  loss_bbox_enc_0: 0.1198 (0.1198)  loss_giou_enc_0: 0.1707 (0.1707)  loss_mal_dn_0: 1.2188 (1.2188)  loss_bbox_dn_0: 0.3127 (0.3127)  loss_giou_dn_0: 0.4356 (0.4356)  loss_fgl_dn_0: 1.1493 (1.1493)  loss_ddf_dn_0: 2.7811 (2.7811)  loss_mal_dn_1: 0.7549 (0.7549)  loss_bbox_dn_1: 0.1577 (0.1577)  loss_giou_dn_1: 0.2227 (0.2227)  loss_fgl_dn_1: 0.8879 (0.8879)  loss_ddf_dn_1: 0.7292 (0.7292)  loss_mal_dn_2: 0.7471 (0.7471)  loss_bbox_dn_2: 0.1030 (0.1030)  loss_giou_dn_2: 0.1412 (0.1412)  loss_fgl_dn_2: 0.8041 (0.8041)  loss_ddf_dn_2: 0.0549 (0.0549)  loss_mal_dn_3: 0.7920 (0.7920)  loss_bbox_dn_3: 0.0955 (0.0955)  loss_giou_dn_3: 0.1316 (0.1316)  loss_fgl_dn_3: 0.8041 (0.8041)  loss_mal_dn_pre: 1.4336 (1.4336)  loss_bbox_dn_pre: 0.3038 (0.3038)  loss_giou_dn_pre: 0.4377 (0.4377)  time: 0.4824  data: 0.3395  max mem: 2550
Epoch: [111]  [7/8]  eta: 0:00:00  lr: 0.000005  loss: 26.4569 (27.6215)  loss_mal: 0.7402 (0.7255)  loss_bbox: 0.0695 (0.0721)  loss_giou: 0.0966 (0.1135)  loss_fgl: 0.7587 (0.7578)  loss_mal_aux_0: 1.7461 (1.8026)  loss_bbox_aux_0: 0.0808 (0.0897)  loss_giou_aux_0: 0.1089 (0.1345)  loss_fgl_aux_0: 0.8184 (0.8433)  loss_ddf_aux_0: 0.1300 (0.1306)  loss_mal_aux_1: 0.8467 (0.8867)  loss_bbox_aux_1: 0.0703 (0.0783)  loss_giou_aux_1: 0.1026 (0.1206)  loss_fgl_aux_1: 0.7724 (0.7722)  loss_ddf_aux_1: 0.0177 (0.0192)  loss_mal_aux_2: 0.7485 (0.7438)  loss_bbox_aux_2: 0.0693 (0.0717)  loss_giou_aux_2: 0.0959 (0.1132)  loss_fgl_aux_2: 0.7631 (0.7589)  loss_ddf_aux_2: 0.0012 (0.0014)  loss_mal_pre: 1.5664 (1.6437)  loss_bbox_pre: 0.0797 (0.0863)  loss_giou_pre: 0.1131 (0.1312)  loss_mal_enc_0: 1.7295 (1.7549)  loss_bbox_enc_0: 0.1156 (0.1272)  loss_giou_enc_0: 0.1707 (0.1961)  loss_mal_dn_0: 1.2188 (1.2240)  loss_bbox_dn_0: 0.3719 (0.3737)  loss_giou_dn_0: 0.4876 (0.5118)  loss_fgl_dn_0: 1.1793 (1.1933)  loss_ddf_dn_0: 2.8620 (2.9498)  loss_mal_dn_1: 0.8296 (0.8174)  loss_bbox_dn_1: 0.1692 (0.1875)  loss_giou_dn_1: 0.2463 (0.2686)  loss_fgl_dn_1: 0.9023 (0.9383)  loss_ddf_dn_1: 0.7305 (0.7332)  loss_mal_dn_2: 0.8311 (0.8065)  loss_bbox_dn_2: 0.1102 (0.1204)  loss_giou_dn_2: 0.1583 (0.1758)  loss_fgl_dn_2: 0.8041 (0.8411)  loss_ddf_dn_2: 0.0504 (0.0516)  loss_mal_dn_3: 0.8364 (0.8297)  loss_bbox_dn_3: 0.1033 (0.1100)  loss_giou_dn_3: 0.1358 (0.1621)  loss_fgl_dn_3: 0.8041 (0.8428)  loss_mal_dn_pre: 1.4336 (1.4291)  loss_bbox_dn_pre: 0.3603 (0.3692)  loss_giou_dn_pre: 0.4796 (0.5106)  time: 0.1543  data: 0.0452  max mem: 2550
Epoch: [111] Total time: 0:00:01 (0.1638 s / it)
Averaged stats: lr: 0.000005  loss: 26.4569 (27.6215)  loss_mal: 0.7402 (0.7255)  loss_bbox: 0.0695 (0.0721)  loss_giou: 0.0966 (0.1135)  loss_fgl: 0.7587 (0.7578)  loss_mal_aux_0: 1.7461 (1.8026)  loss_bbox_aux_0: 0.0808 (0.0897)  loss_giou_aux_0: 0.1089 (0.1345)  loss_fgl_aux_0: 0.8184 (0.8433)  loss_ddf_aux_0: 0.1300 (0.1306)  loss_mal_aux_1: 0.8467 (0.8867)  loss_bbox_aux_1: 0.0703 (0.0783)  loss_giou_aux_1: 0.1026 (0.1206)  loss_fgl_aux_1: 0.7724 (0.7722)  loss_ddf_aux_1: 0.0177 (0.0192)  loss_mal_aux_2: 0.7485 (0.7438)  loss_bbox_aux_2: 0.0693 (0.0717)  loss_giou_aux_2: 0.0959 (0.1132)  loss_fgl_aux_2: 0.7631 (0.7589)  loss_ddf_aux_2: 0.0012 (0.0014)  loss_mal_pre: 1.5664 (1.6437)  loss_bbox_pre: 0.0797 (0.0863)  loss_giou_pre: 0.1131 (0.1312)  loss_mal_enc_0: 1.7295 (1.7549)  loss_bbox_enc_0: 0.1156 (0.1272)  loss_giou_enc_0: 0.1707 (0.1961)  loss_mal_dn_0: 1.2188 (1.2240)  loss_bbox_dn_0: 0.3719 (0.3737)  loss_giou_dn_0: 0.4876 (0.5118)  loss_fgl_dn_0: 1.1793 (1.1933)  loss_ddf_dn_0: 2.8620 (2.9498)  loss_mal_dn_1: 0.8296 (0.8174)  loss_bbox_dn_1: 0.1692 (0.1875)  loss_giou_dn_1: 0.2463 (0.2686)  loss_fgl_dn_1: 0.9023 (0.9383)  loss_ddf_dn_1: 0.7305 (0.7332)  loss_mal_dn_2: 0.8311 (0.8065)  loss_bbox_dn_2: 0.1102 (0.1204)  loss_giou_dn_2: 0.1583 (0.1758)  loss_fgl_dn_2: 0.8041 (0.8411)  loss_ddf_dn_2: 0.0504 (0.0516)  loss_mal_dn_3: 0.8364 (0.8297)  loss_bbox_dn_3: 0.1033 (0.1100)  loss_giou_dn_3: 0.1358 (0.1621)  loss_fgl_dn_3: 0.8041 (0.8428)  loss_mal_dn_pre: 1.4336 (1.4291)  loss_bbox_dn_pre: 0.3603 (0.3692)  loss_giou_dn_pre: 0.4796 (0.5106)
Test:  [0/4]  eta: 0:00:01    time: 0.3586  data: 0.3266  max mem: 2550
Test:  [3/4]  eta: 0:00:00    time: 0.1424  data: 0.0837  max mem: 2550
Test: Total time: 0:00:00 (0.1632 s / it)
Averaged stats: 
Accumulating evaluation results...
COCOeval_opt.accumulate() finished...
DONE (t=0.00s).
IoU metric: bbox
 Average Precision  (AP) @[ IoU=0.50:0.95 | area=   all | maxDets=100 ] = 0.862
 Average Precision  (AP) @[ IoU=0.50      | area=   all | maxDets=100 ] = 0.986
 Average Precision  (AP) @[ IoU=0.75      | area=   all | maxDets=100 ] = 0.886
 Average Precision  (AP) @[ IoU=0.50:0.95 | area= small | maxDets=100 ] = -1.000
 Average Precision  (AP) @[ IoU=0.50:0.95 | area=medium | maxDets=100 ] = -1.000
 Average Precision  (AP) @[ IoU=0.50:0.95 | area= large | maxDets=100 ] = 0.862
 Average Recall     (AR) @[ IoU=0.50:0.95 | area=   all | maxDets=  1 ] = 0.780
 Average Recall     (AR) @[ IoU=0.50:0.95 | area=   all | maxDets= 10 ] = 0.907
 Average Recall     (AR) @[ IoU=0.50:0.95 | area=   all | maxDets=100 ] = 0.937
 Average Recall     (AR) @[ IoU=0.50:0.95 | area= small | maxDets=100 ] = -1.000
 Average Recall     (AR) @[ IoU=0.50:0.95 | area=medium | maxDets=100 ] = -1.000
 Average Recall     (AR) @[ IoU=0.50:0.95 | area= large | maxDets=100 ] = 0.937
 Average Recall     (AR) @[ IoU=0.50      | area=   all | maxDets=100 ] = 1.000
 Average Recall     (AR) @[ IoU=0.75      | area=   all | maxDets=100 ] = 0.933
best_stat: {'epoch': 111, 'coco_eval_bbox': 0.861517852346786}
Epoch: [112]  [0/8]  eta: 0:00:03  lr: 0.000005  loss: 27.4625 (27.4625)  loss_mal: 0.6582 (0.6582)  loss_bbox: 0.0718 (0.0718)  loss_giou: 0.0978 (0.0978)  loss_fgl: 0.7491 (0.7491)  loss_mal_aux_0: 1.8896 (1.8896)  loss_bbox_aux_0: 0.0911 (0.0911)  loss_giou_aux_0: 0.1363 (0.1363)  loss_fgl_aux_0: 0.8735 (0.8735)  loss_ddf_aux_0: 0.1428 (0.1428)  loss_mal_aux_1: 0.8223 (0.8223)  loss_bbox_aux_1: 0.0757 (0.0757)  loss_giou_aux_1: 0.1025 (0.1025)  loss_fgl_aux_1: 0.7708 (0.7708)  loss_ddf_aux_1: 0.0159 (0.0159)  loss_mal_aux_2: 0.6724 (0.6724)  loss_bbox_aux_2: 0.0728 (0.0728)  loss_giou_aux_2: 0.0986 (0.0986)  loss_fgl_aux_2: 0.7511 (0.7511)  loss_ddf_aux_2: 0.0009 (0.0009)  loss_mal_pre: 1.6670 (1.6670)  loss_bbox_pre: 0.0918 (0.0918)  loss_giou_pre: 0.1321 (0.1321)  loss_mal_enc_0: 1.6504 (1.6504)  loss_bbox_enc_0: 0.1360 (0.1360)  loss_giou_enc_0: 0.1785 (0.1785)  loss_mal_dn_0: 1.2109 (1.2109)  loss_bbox_dn_0: 0.4454 (0.4454)  loss_giou_dn_0: 0.5753 (0.5753)  loss_fgl_dn_0: 1.1986 (1.1986)  loss_ddf_dn_0: 2.5989 (2.5989)  loss_mal_dn_1: 0.8311 (0.8311)  loss_bbox_dn_1: 0.2202 (0.2202)  loss_giou_dn_1: 0.3020 (0.3020)  loss_fgl_dn_1: 1.0011 (1.0011)  loss_ddf_dn_1: 0.6864 (0.6864)  loss_mal_dn_2: 0.7988 (0.7988)  loss_bbox_dn_2: 0.1276 (0.1276)  loss_giou_dn_2: 0.1809 (0.1809)  loss_fgl_dn_2: 0.8866 (0.8866)  loss_ddf_dn_2: 0.0480 (0.0480)  loss_mal_dn_3: 0.8042 (0.8042)  loss_bbox_dn_3: 0.1148 (0.1148)  loss_giou_dn_3: 0.1636 (0.1636)  loss_fgl_dn_3: 0.8868 (0.8868)  loss_mal_dn_pre: 1.3867 (1.3867)  loss_bbox_dn_pre: 0.4592 (0.4592)  loss_giou_dn_pre: 0.5864 (0.5864)  time: 0.4752  data: 0.3359  max mem: 2550
Epoch: [112]  [7/8]  eta: 0:00:00  lr: 0.000005  loss: 26.5989 (26.7469)  loss_mal: 0.6582 (0.6809)  loss_bbox: 0.0699 (0.0645)  loss_giou: 0.0940 (0.1034)  loss_fgl: 0.7491 (0.7307)  loss_mal_aux_0: 1.8887 (1.8463)  loss_bbox_aux_0: 0.0870 (0.0818)  loss_giou_aux_0: 0.1311 (0.1287)  loss_fgl_aux_0: 0.8457 (0.8187)  loss_ddf_aux_0: 0.1376 (0.1380)  loss_mal_aux_1: 0.8223 (0.8514)  loss_bbox_aux_1: 0.0757 (0.0671)  loss_giou_aux_1: 0.0997 (0.1069)  loss_fgl_aux_1: 0.7708 (0.7440)  loss_ddf_aux_1: 0.0194 (0.0206)  loss_mal_aux_2: 0.7061 (0.7254)  loss_bbox_aux_2: 0.0703 (0.0646)  loss_giou_aux_2: 0.0941 (0.1035)  loss_fgl_aux_2: 0.7511 (0.7306)  loss_ddf_aux_2: 0.0013 (0.0012)  loss_mal_pre: 1.6484 (1.6111)  loss_bbox_pre: 0.0849 (0.0779)  loss_giou_pre: 0.1230 (0.1238)  loss_mal_enc_0: 1.5869 (1.5833)  loss_bbox_enc_0: 0.1191 (0.1195)  loss_giou_enc_0: 0.1785 (0.1941)  loss_mal_dn_0: 1.1465 (1.1776)  loss_bbox_dn_0: 0.3073 (0.3529)  loss_giou_dn_0: 0.4645 (0.4937)  loss_fgl_dn_0: 1.1917 (1.1976)  loss_ddf_dn_0: 2.6200 (2.9302)  loss_mal_dn_1: 0.7607 (0.7790)  loss_bbox_dn_1: 0.1564 (0.1689)  loss_giou_dn_1: 0.2419 (0.2509)  loss_fgl_dn_1: 0.9068 (0.9212)  loss_ddf_dn_1: 0.7296 (0.7670)  loss_mal_dn_2: 0.7383 (0.7559)  loss_bbox_dn_2: 0.1047 (0.1113)  loss_giou_dn_2: 0.1646 (0.1657)  loss_fgl_dn_2: 0.8126 (0.8235)  loss_ddf_dn_2: 0.0536 (0.0604)  loss_mal_dn_3: 0.7671 (0.7650)  loss_bbox_dn_3: 0.1037 (0.1036)  loss_giou_dn_3: 0.1564 (0.1545)  loss_fgl_dn_3: 0.8131 (0.8238)  loss_mal_dn_pre: 1.3496 (1.3899)  loss_bbox_dn_pre: 0.3153 (0.3499)  loss_giou_dn_pre: 0.4433 (0.4866)  time: 0.1500  data: 0.0441  max mem: 2550
Epoch: [112] Total time: 0:00:01 (0.1594 s / it)
Averaged stats: lr: 0.000005  loss: 26.5989 (26.7469)  loss_mal: 0.6582 (0.6809)  loss_bbox: 0.0699 (0.0645)  loss_giou: 0.0940 (0.1034)  loss_fgl: 0.7491 (0.7307)  loss_mal_aux_0: 1.8887 (1.8463)  loss_bbox_aux_0: 0.0870 (0.0818)  loss_giou_aux_0: 0.1311 (0.1287)  loss_fgl_aux_0: 0.8457 (0.8187)  loss_ddf_aux_0: 0.1376 (0.1380)  loss_mal_aux_1: 0.8223 (0.8514)  loss_bbox_aux_1: 0.0757 (0.0671)  loss_giou_aux_1: 0.0997 (0.1069)  loss_fgl_aux_1: 0.7708 (0.7440)  loss_ddf_aux_1: 0.0194 (0.0206)  loss_mal_aux_2: 0.7061 (0.7254)  loss_bbox_aux_2: 0.0703 (0.0646)  loss_giou_aux_2: 0.0941 (0.1035)  loss_fgl_aux_2: 0.7511 (0.7306)  loss_ddf_aux_2: 0.0013 (0.0012)  loss_mal_pre: 1.6484 (1.6111)  loss_bbox_pre: 0.0849 (0.0779)  loss_giou_pre: 0.1230 (0.1238)  loss_mal_enc_0: 1.5869 (1.5833)  loss_bbox_enc_0: 0.1191 (0.1195)  loss_giou_enc_0: 0.1785 (0.1941)  loss_mal_dn_0: 1.1465 (1.1776)  loss_bbox_dn_0: 0.3073 (0.3529)  loss_giou_dn_0: 0.4645 (0.4937)  loss_fgl_dn_0: 1.1917 (1.1976)  loss_ddf_dn_0: 2.6200 (2.9302)  loss_mal_dn_1: 0.7607 (0.7790)  loss_bbox_dn_1: 0.1564 (0.1689)  loss_giou_dn_1: 0.2419 (0.2509)  loss_fgl_dn_1: 0.9068 (0.9212)  loss_ddf_dn_1: 0.7296 (0.7670)  loss_mal_dn_2: 0.7383 (0.7559)  loss_bbox_dn_2: 0.1047 (0.1113)  loss_giou_dn_2: 0.1646 (0.1657)  loss_fgl_dn_2: 0.8126 (0.8235)  loss_ddf_dn_2: 0.0536 (0.0604)  loss_mal_dn_3: 0.7671 (0.7650)  loss_bbox_dn_3: 0.1037 (0.1036)  loss_giou_dn_3: 0.1564 (0.1545)  loss_fgl_dn_3: 0.8131 (0.8238)  loss_mal_dn_pre: 1.3496 (1.3899)  loss_bbox_dn_pre: 0.3153 (0.3499)  loss_giou_dn_pre: 0.4433 (0.4866)
Test:  [0/4]  eta: 0:00:01    time: 0.3624  data: 0.3295  max mem: 2550
Test:  [3/4]  eta: 0:00:00    time: 0.1108  data: 0.0843  max mem: 2550
Test: Total time: 0:00:00 (0.1369 s / it)
Averaged stats: 
Accumulating evaluation results...
COCOeval_opt.accumulate() finished...
DONE (t=0.00s).
IoU metric: bbox
 Average Precision  (AP) @[ IoU=0.50:0.95 | area=   all | maxDets=100 ] = 0.859
 Average Precision  (AP) @[ IoU=0.50      | area=   all | maxDets=100 ] = 0.982
 Average Precision  (AP) @[ IoU=0.75      | area=   all | maxDets=100 ] = 0.901
 Average Precision  (AP) @[ IoU=0.50:0.95 | area= small | maxDets=100 ] = -1.000
 Average Precision  (AP) @[ IoU=0.50:0.95 | area=medium | maxDets=100 ] = -1.000
 Average Precision  (AP) @[ IoU=0.50:0.95 | area= large | maxDets=100 ] = 0.859
 Average Recall     (AR) @[ IoU=0.50:0.95 | area=   all | maxDets=  1 ] = 0.773
 Average Recall     (AR) @[ IoU=0.50:0.95 | area=   all | maxDets= 10 ] = 0.900
 Average Recall     (AR) @[ IoU=0.50:0.95 | area=   all | maxDets=100 ] = 0.947
 Average Recall     (AR) @[ IoU=0.50:0.95 | area= small | maxDets=100 ] = -1.000
 Average Recall     (AR) @[ IoU=0.50:0.95 | area=medium | maxDets=100 ] = -1.000
 Average Recall     (AR) @[ IoU=0.50:0.95 | area= large | maxDets=100 ] = 0.947
 Average Recall     (AR) @[ IoU=0.50      | area=   all | maxDets=100 ] = 1.000
 Average Recall     (AR) @[ IoU=0.75      | area=   all | maxDets=100 ] = 0.967
best_stat: {'epoch': 111, 'coco_eval_bbox': 0.861517852346786}
Load last_epoch
Load model.state_dict
Load criterion.state_dict
Load postprocessor.state_dict
Load ema.state_dict
Load scaler.state_dict
Load optimizer.state_dict
Load lr_warmup_scheduler.state_dict
Refresh EMA at epoch 112 with decay 0.9994000000000001
Epoch: [113]  [0/8]  eta: 0:00:03  lr: 0.000005  loss: 30.5620 (30.5620)  loss_mal: 0.8662 (0.8662)  loss_bbox: 0.1055 (0.1055)  loss_giou: 0.1752 (0.1752)  loss_fgl: 0.8753 (0.8753)  loss_mal_aux_0: 1.7168 (1.7168)  loss_bbox_aux_0: 0.1159 (0.1159)  loss_giou_aux_0: 0.1941 (0.1941)  loss_fgl_aux_0: 0.9734 (0.9734)  loss_ddf_aux_0: 0.1091 (0.1091)  loss_mal_aux_1: 0.9746 (0.9746)  loss_bbox_aux_1: 0.1079 (0.1079)  loss_giou_aux_1: 0.1864 (0.1864)  loss_fgl_aux_1: 0.9046 (0.9046)  loss_ddf_aux_1: 0.0178 (0.0178)  loss_mal_aux_2: 0.8623 (0.8623)  loss_bbox_aux_2: 0.1035 (0.1035)  loss_giou_aux_2: 0.1734 (0.1734)  loss_fgl_aux_2: 0.8746 (0.8746)  loss_ddf_aux_2: 0.0024 (0.0024)  loss_mal_pre: 1.7441 (1.7441)  loss_bbox_pre: 0.1182 (0.1182)  loss_giou_pre: 0.1960 (0.1960)  loss_mal_enc_0: 2.0547 (2.0547)  loss_bbox_enc_0: 0.1849 (0.1849)  loss_giou_enc_0: 0.2848 (0.2848)  loss_mal_dn_0: 1.3535 (1.3535)  loss_bbox_dn_0: 0.4174 (0.4174)  loss_giou_dn_0: 0.6192 (0.6192)  loss_fgl_dn_0: 1.2355 (1.2355)  loss_ddf_dn_0: 2.8567 (2.8567)  loss_mal_dn_1: 0.9160 (0.9160)  loss_bbox_dn_1: 0.2113 (0.2113)  loss_giou_dn_1: 0.3136 (0.3136)  loss_fgl_dn_1: 1.0072 (1.0072)  loss_ddf_dn_1: 0.6243 (0.6243)  loss_mal_dn_2: 0.8965 (0.8965)  loss_bbox_dn_2: 0.1470 (0.1470)  loss_giou_dn_2: 0.2296 (0.2296)  loss_fgl_dn_2: 0.9283 (0.9283)  loss_ddf_dn_2: 0.0381 (0.0381)  loss_mal_dn_3: 0.9727 (0.9727)  loss_bbox_dn_3: 0.1385 (0.1385)  loss_giou_dn_3: 0.2166 (0.2166)  loss_fgl_dn_3: 0.9347 (0.9347)  loss_mal_dn_pre: 1.5088 (1.5088)  loss_bbox_dn_pre: 0.4412 (0.4412)  loss_giou_dn_pre: 0.6336 (0.6336)  time: 0.4805  data: 0.3363  max mem: 2550
Epoch: [113]  [7/8]  eta: 0:00:00  lr: 0.000005  loss: 29.6723 (29.8634)  loss_mal: 0.8726 (0.8945)  loss_bbox: 0.0741 (0.0818)  loss_giou: 0.1056 (0.1238)  loss_fgl: 0.7925 (0.8105)  loss_mal_aux_0: 1.6318 (1.7041)  loss_bbox_aux_0: 0.0811 (0.0940)  loss_giou_aux_0: 0.1399 (0.1444)  loss_fgl_aux_0: 0.8820 (0.8995)  loss_ddf_aux_0: 0.1210 (0.1310)  loss_mal_aux_1: 0.9746 (0.9523)  loss_bbox_aux_1: 0.0770 (0.0835)  loss_giou_aux_1: 0.1092 (0.1282)  loss_fgl_aux_1: 0.7895 (0.8221)  loss_ddf_aux_1: 0.0178 (0.0192)  loss_mal_aux_2: 0.8896 (0.8829)  loss_bbox_aux_2: 0.0735 (0.0814)  loss_giou_aux_2: 0.1045 (0.1237)  loss_fgl_aux_2: 0.7896 (0.8109)  loss_ddf_aux_2: 0.0018 (0.0020)  loss_mal_pre: 1.6396 (1.7090)  loss_bbox_pre: 0.0860 (0.0945)  loss_giou_pre: 0.1403 (0.1436)  loss_mal_enc_0: 2.0547 (2.0769)  loss_bbox_enc_0: 0.1371 (0.1518)  loss_giou_enc_0: 0.2038 (0.2319)  loss_mal_dn_0: 1.3242 (1.3369)  loss_bbox_dn_0: 0.4020 (0.4260)  loss_giou_dn_0: 0.5459 (0.5725)  loss_fgl_dn_0: 1.2067 (1.2106)  loss_ddf_dn_0: 3.1317 (3.2041)  loss_mal_dn_1: 0.8833 (0.8810)  loss_bbox_dn_1: 0.2113 (0.2069)  loss_giou_dn_1: 0.2846 (0.2933)  loss_fgl_dn_1: 0.9754 (0.9796)  loss_ddf_dn_1: 0.7098 (0.7431)  loss_mal_dn_2: 0.8691 (0.8671)  loss_bbox_dn_2: 0.1399 (0.1414)  loss_giou_dn_2: 0.1919 (0.2016)  loss_fgl_dn_2: 0.8680 (0.8874)  loss_ddf_dn_2: 0.0528 (0.0528)  loss_mal_dn_3: 0.9219 (0.9290)  loss_bbox_dn_3: 0.1279 (0.1313)  loss_giou_dn_3: 0.1785 (0.1885)  loss_fgl_dn_3: 0.8666 (0.8887)  loss_mal_dn_pre: 1.5361 (1.5232)  loss_bbox_dn_pre: 0.4060 (0.4265)  loss_giou_dn_pre: 0.5372 (0.5744)  time: 0.1501  data: 0.0441  max mem: 2550
Epoch: [113] Total time: 0:00:01 (0.1574 s / it)
Averaged stats: lr: 0.000005  loss: 29.6723 (29.8634)  loss_mal: 0.8726 (0.8945)  loss_bbox: 0.0741 (0.0818)  loss_giou: 0.1056 (0.1238)  loss_fgl: 0.7925 (0.8105)  loss_mal_aux_0: 1.6318 (1.7041)  loss_bbox_aux_0: 0.0811 (0.0940)  loss_giou_aux_0: 0.1399 (0.1444)  loss_fgl_aux_0: 0.8820 (0.8995)  loss_ddf_aux_0: 0.1210 (0.1310)  loss_mal_aux_1: 0.9746 (0.9523)  loss_bbox_aux_1: 0.0770 (0.0835)  loss_giou_aux_1: 0.1092 (0.1282)  loss_fgl_aux_1: 0.7895 (0.8221)  loss_ddf_aux_1: 0.0178 (0.0192)  loss_mal_aux_2: 0.8896 (0.8829)  loss_bbox_aux_2: 0.0735 (0.0814)  loss_giou_aux_2: 0.1045 (0.1237)  loss_fgl_aux_2: 0.7896 (0.8109)  loss_ddf_aux_2: 0.0018 (0.0020)  loss_mal_pre: 1.6396 (1.7090)  loss_bbox_pre: 0.0860 (0.0945)  loss_giou_pre: 0.1403 (0.1436)  loss_mal_enc_0: 2.0547 (2.0769)  loss_bbox_enc_0: 0.1371 (0.1518)  loss_giou_enc_0: 0.2038 (0.2319)  loss_mal_dn_0: 1.3242 (1.3369)  loss_bbox_dn_0: 0.4020 (0.4260)  loss_giou_dn_0: 0.5459 (0.5725)  loss_fgl_dn_0: 1.2067 (1.2106)  loss_ddf_dn_0: 3.1317 (3.2041)  loss_mal_dn_1: 0.8833 (0.8810)  loss_bbox_dn_1: 0.2113 (0.2069)  loss_giou_dn_1: 0.2846 (0.2933)  loss_fgl_dn_1: 0.9754 (0.9796)  loss_ddf_dn_1: 0.7098 (0.7431)  loss_mal_dn_2: 0.8691 (0.8671)  loss_bbox_dn_2: 0.1399 (0.1414)  loss_giou_dn_2: 0.1919 (0.2016)  loss_fgl_dn_2: 0.8680 (0.8874)  loss_ddf_dn_2: 0.0528 (0.0528)  loss_mal_dn_3: 0.9219 (0.9290)  loss_bbox_dn_3: 0.1279 (0.1313)  loss_giou_dn_3: 0.1785 (0.1885)  loss_fgl_dn_3: 0.8666 (0.8887)  loss_mal_dn_pre: 1.5361 (1.5232)  loss_bbox_dn_pre: 0.4060 (0.4265)  loss_giou_dn_pre: 0.5372 (0.5744)
Test:  [0/4]  eta: 0:00:01    time: 0.3885  data: 0.3566  max mem: 2550
Test:  [3/4]  eta: 0:00:00    time: 0.1169  data: 0.0910  max mem: 2550
Test: Total time: 0:00:00 (0.1363 s / it)
Averaged stats: 
Accumulating evaluation results...
COCOeval_opt.accumulate() finished...
DONE (t=0.00s).
IoU metric: bbox
 Average Precision  (AP) @[ IoU=0.50:0.95 | area=   all | maxDets=100 ] = 0.842
 Average Precision  (AP) @[ IoU=0.50      | area=   all | maxDets=100 ] = 0.982
 Average Precision  (AP) @[ IoU=0.75      | area=   all | maxDets=100 ] = 0.869
 Average Precision  (AP) @[ IoU=0.50:0.95 | area= small | maxDets=100 ] = -1.000
 Average Precision  (AP) @[ IoU=0.50:0.95 | area=medium | maxDets=100 ] = -1.000
 Average Precision  (AP) @[ IoU=0.50:0.95 | area= large | maxDets=100 ] = 0.842
 Average Recall     (AR) @[ IoU=0.50:0.95 | area=   all | maxDets=  1 ] = 0.770
 Average Recall     (AR) @[ IoU=0.50:0.95 | area=   all | maxDets= 10 ] = 0.900
 Average Recall     (AR) @[ IoU=0.50:0.95 | area=   all | maxDets=100 ] = 0.927
 Average Recall     (AR) @[ IoU=0.50:0.95 | area= small | maxDets=100 ] = -1.000
 Average Recall     (AR) @[ IoU=0.50:0.95 | area=medium | maxDets=100 ] = -1.000
 Average Recall     (AR) @[ IoU=0.50:0.95 | area= large | maxDets=100 ] = 0.927
 Average Recall     (AR) @[ IoU=0.50      | area=   all | maxDets=100 ] = 1.000
 Average Recall     (AR) @[ IoU=0.75      | area=   all | maxDets=100 ] = 0.967
best_stat: {'epoch': 111, 'coco_eval_bbox': 0.861517852346786}
Epoch: [114]  [0/8]  eta: 0:00:03  lr: 0.000005  loss: 28.7034 (28.7034)  loss_mal: 0.9453 (0.9453)  loss_bbox: 0.0606 (0.0606)  loss_giou: 0.0797 (0.0797)  loss_fgl: 0.6598 (0.6598)  loss_mal_aux_0: 1.7393 (1.7393)  loss_bbox_aux_0: 0.0598 (0.0598)  loss_giou_aux_0: 0.0836 (0.0836)  loss_fgl_aux_0: 0.7280 (0.7280)  loss_ddf_aux_0: 0.1530 (0.1530)  loss_mal_aux_1: 0.9741 (0.9741)  loss_bbox_aux_1: 0.0588 (0.0588)  loss_giou_aux_1: 0.0781 (0.0781)  loss_fgl_aux_1: 0.6672 (0.6672)  loss_ddf_aux_1: 0.0225 (0.0225)  loss_mal_aux_2: 0.9551 (0.9551)  loss_bbox_aux_2: 0.0609 (0.0609)  loss_giou_aux_2: 0.0801 (0.0801)  loss_fgl_aux_2: 0.6614 (0.6614)  loss_ddf_aux_2: 0.0024 (0.0024)  loss_mal_pre: 1.6973 (1.6973)  loss_bbox_pre: 0.0608 (0.0608)  loss_giou_pre: 0.0828 (0.0828)  loss_mal_enc_0: 1.9424 (1.9424)  loss_bbox_enc_0: 0.0974 (0.0974)  loss_giou_enc_0: 0.1361 (0.1361)  loss_mal_dn_0: 1.3633 (1.3633)  loss_bbox_dn_0: 0.4044 (0.4044)  loss_giou_dn_0: 0.5301 (0.5301)  loss_fgl_dn_0: 1.1720 (1.1720)  loss_ddf_dn_0: 3.5231 (3.5231)  loss_mal_dn_1: 0.9351 (0.9351)  loss_bbox_dn_1: 0.1815 (0.1815)  loss_giou_dn_1: 0.2419 (0.2419)  loss_fgl_dn_1: 0.9009 (0.9009)  loss_ddf_dn_1: 0.8779 (0.8779)  loss_mal_dn_2: 0.8857 (0.8857)  loss_bbox_dn_2: 0.1095 (0.1095)  loss_giou_dn_2: 0.1490 (0.1490)  loss_fgl_dn_2: 0.7941 (0.7941)  loss_ddf_dn_2: 0.0765 (0.0765)  loss_mal_dn_3: 0.9326 (0.9326)  loss_bbox_dn_3: 0.0989 (0.0989)  loss_giou_dn_3: 0.1375 (0.1375)  loss_fgl_dn_3: 0.7939 (0.7939)  loss_mal_dn_pre: 1.5771 (1.5771)  loss_bbox_dn_pre: 0.4058 (0.4058)  loss_giou_dn_pre: 0.5262 (0.5262)  time: 0.4873  data: 0.3467  max mem: 2550
Epoch: [114]  [7/8]  eta: 0:00:00  lr: 0.000005  loss: 28.7034 (28.9089)  loss_mal: 0.8594 (0.8344)  loss_bbox: 0.0759 (0.0742)  loss_giou: 0.0940 (0.1125)  loss_fgl: 0.7168 (0.7638)  loss_mal_aux_0: 1.6377 (1.7709)  loss_bbox_aux_0: 0.0804 (0.0948)  loss_giou_aux_0: 0.1459 (0.1424)  loss_fgl_aux_0: 0.8464 (0.8646)  loss_ddf_aux_0: 0.1426 (0.1480)  loss_mal_aux_1: 0.9741 (1.0007)  loss_bbox_aux_1: 0.0778 (0.0763)  loss_giou_aux_1: 0.0996 (0.1177)  loss_fgl_aux_1: 0.7219 (0.7789)  loss_ddf_aux_1: 0.0205 (0.0208)  loss_mal_aux_2: 0.8794 (0.8643)  loss_bbox_aux_2: 0.0760 (0.0743)  loss_giou_aux_2: 0.0952 (0.1128)  loss_fgl_aux_2: 0.7203 (0.7645)  loss_ddf_aux_2: 0.0016 (0.0017)  loss_mal_pre: 1.5918 (1.6647)  loss_bbox_pre: 0.0763 (0.0938)  loss_giou_pre: 0.1357 (0.1423)  loss_mal_enc_0: 1.8701 (1.8907)  loss_bbox_enc_0: 0.1310 (0.1402)  loss_giou_enc_0: 0.1486 (0.2222)  loss_mal_dn_0: 1.2598 (1.2682)  loss_bbox_dn_0: 0.4044 (0.3961)  loss_giou_dn_0: 0.5031 (0.5429)  loss_fgl_dn_0: 1.1720 (1.1834)  loss_ddf_dn_0: 3.2120 (3.1867)  loss_mal_dn_1: 0.8486 (0.8513)  loss_bbox_dn_1: 0.1825 (0.1962)  loss_giou_dn_1: 0.2419 (0.2825)  loss_fgl_dn_1: 0.9009 (0.9588)  loss_ddf_dn_1: 0.7446 (0.7892)  loss_mal_dn_2: 0.8213 (0.8375)  loss_bbox_dn_2: 0.1095 (0.1265)  loss_giou_dn_2: 0.1644 (0.1858)  loss_fgl_dn_2: 0.8214 (0.8580)  loss_ddf_dn_2: 0.0534 (0.0573)  loss_mal_dn_3: 0.8579 (0.8699)  loss_bbox_dn_3: 0.1027 (0.1161)  loss_giou_dn_3: 0.1544 (0.1712)  loss_fgl_dn_3: 0.8144 (0.8582)  loss_mal_dn_pre: 1.4746 (1.4757)  loss_bbox_dn_pre: 0.3924 (0.3902)  loss_giou_dn_pre: 0.5065 (0.5358)  time: 0.1486  data: 0.0450  max mem: 2550
Epoch: [114] Total time: 0:00:01 (0.1573 s / it)
Averaged stats: lr: 0.000005  loss: 28.7034 (28.9089)  loss_mal: 0.8594 (0.8344)  loss_bbox: 0.0759 (0.0742)  loss_giou: 0.0940 (0.1125)  loss_fgl: 0.7168 (0.7638)  loss_mal_aux_0: 1.6377 (1.7709)  loss_bbox_aux_0: 0.0804 (0.0948)  loss_giou_aux_0: 0.1459 (0.1424)  loss_fgl_aux_0: 0.8464 (0.8646)  loss_ddf_aux_0: 0.1426 (0.1480)  loss_mal_aux_1: 0.9741 (1.0007)  loss_bbox_aux_1: 0.0778 (0.0763)  loss_giou_aux_1: 0.0996 (0.1177)  loss_fgl_aux_1: 0.7219 (0.7789)  loss_ddf_aux_1: 0.0205 (0.0208)  loss_mal_aux_2: 0.8794 (0.8643)  loss_bbox_aux_2: 0.0760 (0.0743)  loss_giou_aux_2: 0.0952 (0.1128)  loss_fgl_aux_2: 0.7203 (0.7645)  loss_ddf_aux_2: 0.0016 (0.0017)  loss_mal_pre: 1.5918 (1.6647)  loss_bbox_pre: 0.0763 (0.0938)  loss_giou_pre: 0.1357 (0.1423)  loss_mal_enc_0: 1.8701 (1.8907)  loss_bbox_enc_0: 0.1310 (0.1402)  loss_giou_enc_0: 0.1486 (0.2222)  loss_mal_dn_0: 1.2598 (1.2682)  loss_bbox_dn_0: 0.4044 (0.3961)  loss_giou_dn_0: 0.5031 (0.5429)  loss_fgl_dn_0: 1.1720 (1.1834)  loss_ddf_dn_0: 3.2120 (3.1867)  loss_mal_dn_1: 0.8486 (0.8513)  loss_bbox_dn_1: 0.1825 (0.1962)  loss_giou_dn_1: 0.2419 (0.2825)  loss_fgl_dn_1: 0.9009 (0.9588)  loss_ddf_dn_1: 0.7446 (0.7892)  loss_mal_dn_2: 0.8213 (0.8375)  loss_bbox_dn_2: 0.1095 (0.1265)  loss_giou_dn_2: 0.1644 (0.1858)  loss_fgl_dn_2: 0.8214 (0.8580)  loss_ddf_dn_2: 0.0534 (0.0573)  loss_mal_dn_3: 0.8579 (0.8699)  loss_bbox_dn_3: 0.1027 (0.1161)  loss_giou_dn_3: 0.1544 (0.1712)  loss_fgl_dn_3: 0.8144 (0.8582)  loss_mal_dn_pre: 1.4746 (1.4757)  loss_bbox_dn_pre: 0.3924 (0.3902)  loss_giou_dn_pre: 0.5065 (0.5358)
Test:  [0/4]  eta: 0:00:01    time: 0.3613  data: 0.3294  max mem: 2550
Test:  [3/4]  eta: 0:00:00    time: 0.1113  data: 0.0843  max mem: 2550
Test: Total time: 0:00:00 (0.1319 s / it)
Averaged stats: 
Accumulating evaluation results...
COCOeval_opt.accumulate() finished...
DONE (t=0.00s).
IoU metric: bbox
 Average Precision  (AP) @[ IoU=0.50:0.95 | area=   all | maxDets=100 ] = 0.850
 Average Precision  (AP) @[ IoU=0.50      | area=   all | maxDets=100 ] = 0.983
 Average Precision  (AP) @[ IoU=0.75      | area=   all | maxDets=100 ] = 0.887
 Average Precision  (AP) @[ IoU=0.50:0.95 | area= small | maxDets=100 ] = -1.000
 Average Precision  (AP) @[ IoU=0.50:0.95 | area=medium | maxDets=100 ] = -1.000
 Average Precision  (AP) @[ IoU=0.50:0.95 | area= large | maxDets=100 ] = 0.850
 Average Recall     (AR) @[ IoU=0.50:0.95 | area=   all | maxDets=  1 ] = 0.770
 Average Recall     (AR) @[ IoU=0.50:0.95 | area=   all | maxDets= 10 ] = 0.907
 Average Recall     (AR) @[ IoU=0.50:0.95 | area=   all | maxDets=100 ] = 0.937
 Average Recall     (AR) @[ IoU=0.50:0.95 | area= small | maxDets=100 ] = -1.000
 Average Recall     (AR) @[ IoU=0.50:0.95 | area=medium | maxDets=100 ] = -1.000
 Average Recall     (AR) @[ IoU=0.50:0.95 | area= large | maxDets=100 ] = 0.937
 Average Recall     (AR) @[ IoU=0.50      | area=   all | maxDets=100 ] = 1.000
 Average Recall     (AR) @[ IoU=0.75      | area=   all | maxDets=100 ] = 0.967
best_stat: {'epoch': 111, 'coco_eval_bbox': 0.861517852346786}
Epoch: [115]  [0/8]  eta: 0:00:04  lr: 0.000005  loss: 29.1124 (29.1124)  loss_mal: 0.7524 (0.7524)  loss_bbox: 0.0902 (0.0902)  loss_giou: 0.1600 (0.1600)  loss_fgl: 0.8773 (0.8773)  loss_mal_aux_0: 1.7617 (1.7617)  loss_bbox_aux_0: 0.0984 (0.0984)  loss_giou_aux_0: 0.1876 (0.1876)  loss_fgl_aux_0: 0.9542 (0.9542)  loss_ddf_aux_0: 0.1330 (0.1330)  loss_mal_aux_1: 0.9980 (0.9980)  loss_bbox_aux_1: 0.0930 (0.0930)  loss_giou_aux_1: 0.1632 (0.1632)  loss_fgl_aux_1: 0.8806 (0.8806)  loss_ddf_aux_1: 0.0163 (0.0163)  loss_mal_aux_2: 0.7817 (0.7817)  loss_bbox_aux_2: 0.0907 (0.0907)  loss_giou_aux_2: 0.1606 (0.1606)  loss_fgl_aux_2: 0.8784 (0.8784)  loss_ddf_aux_2: 0.0013 (0.0013)  loss_mal_pre: 1.6387 (1.6387)  loss_bbox_pre: 0.0895 (0.0895)  loss_giou_pre: 0.1629 (0.1629)  loss_mal_enc_0: 1.7627 (1.7627)  loss_bbox_enc_0: 0.1640 (0.1640)  loss_giou_enc_0: 0.3220 (0.3220)  loss_mal_dn_0: 1.2295 (1.2295)  loss_bbox_dn_0: 0.3528 (0.3528)  loss_giou_dn_0: 0.5124 (0.5124)  loss_fgl_dn_0: 1.1570 (1.1570)  loss_ddf_dn_0: 3.2780 (3.2780)  loss_mal_dn_1: 0.8140 (0.8140)  loss_bbox_dn_1: 0.1815 (0.1815)  loss_giou_dn_1: 0.2830 (0.2830)  loss_fgl_dn_1: 0.9523 (0.9523)  loss_ddf_dn_1: 0.7660 (0.7660)  loss_mal_dn_2: 0.8193 (0.8193)  loss_bbox_dn_2: 0.1221 (0.1221)  loss_giou_dn_2: 0.1976 (0.1976)  loss_fgl_dn_2: 0.8624 (0.8624)  loss_ddf_dn_2: 0.0516 (0.0516)  loss_mal_dn_3: 0.8506 (0.8506)  loss_bbox_dn_3: 0.1128 (0.1128)  loss_giou_dn_3: 0.1846 (0.1846)  loss_fgl_dn_3: 0.8661 (0.8661)  loss_mal_dn_pre: 1.4004 (1.4004)  loss_bbox_dn_pre: 0.3684 (0.3684)  loss_giou_dn_pre: 0.5314 (0.5314)  time: 0.5008  data: 0.3542  max mem: 2550
Epoch: [115]  [7/8]  eta: 0:00:00  lr: 0.000005  loss: 27.1261 (27.5289)  loss_mal: 0.7266 (0.7293)  loss_bbox: 0.0622 (0.0675)  loss_giou: 0.1021 (0.1085)  loss_fgl: 0.7033 (0.7443)  loss_mal_aux_0: 1.7451 (1.8184)  loss_bbox_aux_0: 0.0769 (0.0803)  loss_giou_aux_0: 0.1251 (0.1297)  loss_fgl_aux_0: 0.7952 (0.8308)  loss_ddf_aux_0: 0.1359 (0.1392)  loss_mal_aux_1: 0.9175 (0.9569)  loss_bbox_aux_1: 0.0610 (0.0679)  loss_giou_aux_1: 0.1018 (0.1094)  loss_fgl_aux_1: 0.7260 (0.7538)  loss_ddf_aux_1: 0.0204 (0.0208)  loss_mal_aux_2: 0.7368 (0.7721)  loss_bbox_aux_2: 0.0614 (0.0673)  loss_giou_aux_2: 0.1006 (0.1080)  loss_fgl_aux_2: 0.7034 (0.7440)  loss_ddf_aux_2: 0.0014 (0.0014)  loss_mal_pre: 1.5605 (1.6255)  loss_bbox_pre: 0.0765 (0.0790)  loss_giou_pre: 0.1270 (0.1275)  loss_mal_enc_0: 1.6719 (1.7002)  loss_bbox_enc_0: 0.1238 (0.1366)  loss_giou_enc_0: 0.2182 (0.2188)  loss_mal_dn_0: 1.2363 (1.2483)  loss_bbox_dn_0: 0.3541 (0.3764)  loss_giou_dn_0: 0.5124 (0.5047)  loss_fgl_dn_0: 1.1985 (1.1903)  loss_ddf_dn_0: 3.0216 (2.9076)  loss_mal_dn_1: 0.8140 (0.8190)  loss_bbox_dn_1: 0.1627 (0.1782)  loss_giou_dn_1: 0.2554 (0.2614)  loss_fgl_dn_1: 0.9174 (0.9340)  loss_ddf_dn_1: 0.7660 (0.7538)  loss_mal_dn_2: 0.7842 (0.7952)  loss_bbox_dn_2: 0.1078 (0.1162)  loss_giou_dn_2: 0.1697 (0.1743)  loss_fgl_dn_2: 0.8162 (0.8301)  loss_ddf_dn_2: 0.0525 (0.0564)  loss_mal_dn_3: 0.8125 (0.8160)  loss_bbox_dn_3: 0.0985 (0.1078)  loss_giou_dn_3: 0.1545 (0.1618)  loss_fgl_dn_3: 0.8150 (0.8313)  loss_mal_dn_pre: 1.4414 (1.4543)  loss_bbox_dn_pre: 0.3615 (0.3703)  loss_giou_dn_pre: 0.4976 (0.5046)  time: 0.1502  data: 0.0459  max mem: 2550
Epoch: [115] Total time: 0:00:01 (0.1595 s / it)
Averaged stats: lr: 0.000005  loss: 27.1261 (27.5289)  loss_mal: 0.7266 (0.7293)  loss_bbox: 0.0622 (0.0675)  loss_giou: 0.1021 (0.1085)  loss_fgl: 0.7033 (0.7443)  loss_mal_aux_0: 1.7451 (1.8184)  loss_bbox_aux_0: 0.0769 (0.0803)  loss_giou_aux_0: 0.1251 (0.1297)  loss_fgl_aux_0: 0.7952 (0.8308)  loss_ddf_aux_0: 0.1359 (0.1392)  loss_mal_aux_1: 0.9175 (0.9569)  loss_bbox_aux_1: 0.0610 (0.0679)  loss_giou_aux_1: 0.1018 (0.1094)  loss_fgl_aux_1: 0.7260 (0.7538)  loss_ddf_aux_1: 0.0204 (0.0208)  loss_mal_aux_2: 0.7368 (0.7721)  loss_bbox_aux_2: 0.0614 (0.0673)  loss_giou_aux_2: 0.1006 (0.1080)  loss_fgl_aux_2: 0.7034 (0.7440)  loss_ddf_aux_2: 0.0014 (0.0014)  loss_mal_pre: 1.5605 (1.6255)  loss_bbox_pre: 0.0765 (0.0790)  loss_giou_pre: 0.1270 (0.1275)  loss_mal_enc_0: 1.6719 (1.7002)  loss_bbox_enc_0: 0.1238 (0.1366)  loss_giou_enc_0: 0.2182 (0.2188)  loss_mal_dn_0: 1.2363 (1.2483)  loss_bbox_dn_0: 0.3541 (0.3764)  loss_giou_dn_0: 0.5124 (0.5047)  loss_fgl_dn_0: 1.1985 (1.1903)  loss_ddf_dn_0: 3.0216 (2.9076)  loss_mal_dn_1: 0.8140 (0.8190)  loss_bbox_dn_1: 0.1627 (0.1782)  loss_giou_dn_1: 0.2554 (0.2614)  loss_fgl_dn_1: 0.9174 (0.9340)  loss_ddf_dn_1: 0.7660 (0.7538)  loss_mal_dn_2: 0.7842 (0.7952)  loss_bbox_dn_2: 0.1078 (0.1162)  loss_giou_dn_2: 0.1697 (0.1743)  loss_fgl_dn_2: 0.8162 (0.8301)  loss_ddf_dn_2: 0.0525 (0.0564)  loss_mal_dn_3: 0.8125 (0.8160)  loss_bbox_dn_3: 0.0985 (0.1078)  loss_giou_dn_3: 0.1545 (0.1618)  loss_fgl_dn_3: 0.8150 (0.8313)  loss_mal_dn_pre: 1.4414 (1.4543)  loss_bbox_dn_pre: 0.3615 (0.3703)  loss_giou_dn_pre: 0.4976 (0.5046)
Test:  [0/4]  eta: 0:00:01    time: 0.3707  data: 0.3389  max mem: 2550
Test:  [3/4]  eta: 0:00:00    time: 0.1126  data: 0.0866  max mem: 2550
Test: Total time: 0:00:00 (0.1307 s / it)
Averaged stats: 
Accumulating evaluation results...
COCOeval_opt.accumulate() finished...
DONE (t=0.00s).
IoU metric: bbox
 Average Precision  (AP) @[ IoU=0.50:0.95 | area=   all | maxDets=100 ] = 0.857
 Average Precision  (AP) @[ IoU=0.50      | area=   all | maxDets=100 ] = 0.988
 Average Precision  (AP) @[ IoU=0.75      | area=   all | maxDets=100 ] = 0.892
 Average Precision  (AP) @[ IoU=0.50:0.95 | area= small | maxDets=100 ] = -1.000
 Average Precision  (AP) @[ IoU=0.50:0.95 | area=medium | maxDets=100 ] = -1.000
 Average Precision  (AP) @[ IoU=0.50:0.95 | area= large | maxDets=100 ] = 0.857
 Average Recall     (AR) @[ IoU=0.50:0.95 | area=   all | maxDets=  1 ] = 0.773
 Average Recall     (AR) @[ IoU=0.50:0.95 | area=   all | maxDets= 10 ] = 0.903
 Average Recall     (AR) @[ IoU=0.50:0.95 | area=   all | maxDets=100 ] = 0.937
 Average Recall     (AR) @[ IoU=0.50:0.95 | area= small | maxDets=100 ] = -1.000
 Average Recall     (AR) @[ IoU=0.50:0.95 | area=medium | maxDets=100 ] = -1.000
 Average Recall     (AR) @[ IoU=0.50:0.95 | area= large | maxDets=100 ] = 0.937
 Average Recall     (AR) @[ IoU=0.50      | area=   all | maxDets=100 ] = 1.000
 Average Recall     (AR) @[ IoU=0.75      | area=   all | maxDets=100 ] = 0.967
best_stat: {'epoch': 111, 'coco_eval_bbox': 0.861517852346786}
Epoch: [116]  [0/8]  eta: 0:00:05  lr: 0.000005  loss: 25.3164 (25.3164)  loss_mal: 0.6162 (0.6162)  loss_bbox: 0.0554 (0.0554)  loss_giou: 0.1026 (0.1026)  loss_fgl: 0.6696 (0.6696)  loss_mal_aux_0: 1.7246 (1.7246)  loss_bbox_aux_0: 0.0793 (0.0793)  loss_giou_aux_0: 0.1261 (0.1261)  loss_fgl_aux_0: 0.8313 (0.8313)  loss_ddf_aux_0: 0.1502 (0.1502)  loss_mal_aux_1: 0.7017 (0.7017)  loss_bbox_aux_1: 0.0557 (0.0557)  loss_giou_aux_1: 0.1062 (0.1062)  loss_fgl_aux_1: 0.6891 (0.6891)  loss_ddf_aux_1: 0.0185 (0.0185)  loss_mal_aux_2: 0.6045 (0.6045)  loss_bbox_aux_2: 0.0545 (0.0545)  loss_giou_aux_2: 0.1010 (0.1010)  loss_fgl_aux_2: 0.6717 (0.6717)  loss_ddf_aux_2: 0.0014 (0.0014)  loss_mal_pre: 1.4902 (1.4902)  loss_bbox_pre: 0.0724 (0.0724)  loss_giou_pre: 0.1124 (0.1124)  loss_mal_enc_0: 1.6094 (1.6094)  loss_bbox_enc_0: 0.1158 (0.1158)  loss_giou_enc_0: 0.1754 (0.1754)  loss_mal_dn_0: 1.1650 (1.1650)  loss_bbox_dn_0: 0.3269 (0.3269)  loss_giou_dn_0: 0.4454 (0.4454)  loss_fgl_dn_0: 1.1910 (1.1910)  loss_ddf_dn_0: 2.8013 (2.8013)  loss_mal_dn_1: 0.7329 (0.7329)  loss_bbox_dn_1: 0.1446 (0.1446)  loss_giou_dn_1: 0.2241 (0.2241)  loss_fgl_dn_1: 0.8800 (0.8800)  loss_ddf_dn_1: 0.7571 (0.7571)  loss_mal_dn_2: 0.7119 (0.7119)  loss_bbox_dn_2: 0.0944 (0.0944)  loss_giou_dn_2: 0.1515 (0.1515)  loss_fgl_dn_2: 0.7836 (0.7836)  loss_ddf_dn_2: 0.0631 (0.0631)  loss_mal_dn_3: 0.7383 (0.7383)  loss_bbox_dn_3: 0.0949 (0.0949)  loss_giou_dn_3: 0.1505 (0.1505)  loss_fgl_dn_3: 0.7817 (0.7817)  loss_mal_dn_pre: 1.3779 (1.3779)  loss_bbox_dn_pre: 0.3201 (0.3201)  loss_giou_dn_pre: 0.4449 (0.4449)  time: 0.6301  data: 0.3623  max mem: 2550
Epoch: [116]  [7/8]  eta: 0:00:00  lr: 0.000005  loss: 26.3065 (27.3702)  loss_mal: 0.6392 (0.6852)  loss_bbox: 0.0636 (0.0714)  loss_giou: 0.1032 (0.1184)  loss_fgl: 0.7499 (0.7869)  loss_mal_aux_0: 1.8643 (1.9370)  loss_bbox_aux_0: 0.0879 (0.0893)  loss_giou_aux_0: 0.1261 (0.1412)  loss_fgl_aux_0: 0.8313 (0.8770)  loss_ddf_aux_0: 0.1502 (0.1512)  loss_mal_aux_1: 0.8794 (0.9048)  loss_bbox_aux_1: 0.0665 (0.0733)  loss_giou_aux_1: 0.1064 (0.1206)  loss_fgl_aux_1: 0.7567 (0.7882)  loss_ddf_aux_1: 0.0201 (0.0215)  loss_mal_aux_2: 0.6938 (0.7433)  loss_bbox_aux_2: 0.0628 (0.0711)  loss_giou_aux_2: 0.1020 (0.1182)  loss_fgl_aux_2: 0.7479 (0.7838)  loss_ddf_aux_2: 0.0014 (0.0014)  loss_mal_pre: 1.5293 (1.6412)  loss_bbox_pre: 0.0861 (0.0878)  loss_giou_pre: 0.1189 (0.1393)  loss_mal_enc_0: 1.5449 (1.5480)  loss_bbox_enc_0: 0.1290 (0.1299)  loss_giou_enc_0: 0.1871 (0.2129)  loss_mal_dn_0: 1.1650 (1.1896)  loss_bbox_dn_0: 0.3416 (0.3513)  loss_giou_dn_0: 0.4675 (0.4921)  loss_fgl_dn_0: 1.1961 (1.2151)  loss_ddf_dn_0: 2.7890 (2.8753)  loss_mal_dn_1: 0.7627 (0.7960)  loss_bbox_dn_1: 0.1680 (0.1669)  loss_giou_dn_1: 0.2415 (0.2532)  loss_fgl_dn_1: 0.9064 (0.9329)  loss_ddf_dn_1: 0.7548 (0.7610)  loss_mal_dn_2: 0.7275 (0.7728)  loss_bbox_dn_2: 0.1147 (0.1151)  loss_giou_dn_2: 0.1589 (0.1782)  loss_fgl_dn_2: 0.7918 (0.8451)  loss_ddf_dn_2: 0.0614 (0.0617)  loss_mal_dn_3: 0.7471 (0.7678)  loss_bbox_dn_3: 0.1046 (0.1053)  loss_giou_dn_3: 0.1505 (0.1640)  loss_fgl_dn_3: 0.7932 (0.8489)  loss_mal_dn_pre: 1.3779 (1.4081)  loss_bbox_dn_pre: 0.3299 (0.3430)  loss_giou_dn_pre: 0.4488 (0.4839)  time: 0.1700  data: 0.0469  max mem: 2550
Epoch: [116] Total time: 0:00:01 (0.1780 s / it)
Averaged stats: lr: 0.000005  loss: 26.3065 (27.3702)  loss_mal: 0.6392 (0.6852)  loss_bbox: 0.0636 (0.0714)  loss_giou: 0.1032 (0.1184)  loss_fgl: 0.7499 (0.7869)  loss_mal_aux_0: 1.8643 (1.9370)  loss_bbox_aux_0: 0.0879 (0.0893)  loss_giou_aux_0: 0.1261 (0.1412)  loss_fgl_aux_0: 0.8313 (0.8770)  loss_ddf_aux_0: 0.1502 (0.1512)  loss_mal_aux_1: 0.8794 (0.9048)  loss_bbox_aux_1: 0.0665 (0.0733)  loss_giou_aux_1: 0.1064 (0.1206)  loss_fgl_aux_1: 0.7567 (0.7882)  loss_ddf_aux_1: 0.0201 (0.0215)  loss_mal_aux_2: 0.6938 (0.7433)  loss_bbox_aux_2: 0.0628 (0.0711)  loss_giou_aux_2: 0.1020 (0.1182)  loss_fgl_aux_2: 0.7479 (0.7838)  loss_ddf_aux_2: 0.0014 (0.0014)  loss_mal_pre: 1.5293 (1.6412)  loss_bbox_pre: 0.0861 (0.0878)  loss_giou_pre: 0.1189 (0.1393)  loss_mal_enc_0: 1.5449 (1.5480)  loss_bbox_enc_0: 0.1290 (0.1299)  loss_giou_enc_0: 0.1871 (0.2129)  loss_mal_dn_0: 1.1650 (1.1896)  loss_bbox_dn_0: 0.3416 (0.3513)  loss_giou_dn_0: 0.4675 (0.4921)  loss_fgl_dn_0: 1.1961 (1.2151)  loss_ddf_dn_0: 2.7890 (2.8753)  loss_mal_dn_1: 0.7627 (0.7960)  loss_bbox_dn_1: 0.1680 (0.1669)  loss_giou_dn_1: 0.2415 (0.2532)  loss_fgl_dn_1: 0.9064 (0.9329)  loss_ddf_dn_1: 0.7548 (0.7610)  loss_mal_dn_2: 0.7275 (0.7728)  loss_bbox_dn_2: 0.1147 (0.1151)  loss_giou_dn_2: 0.1589 (0.1782)  loss_fgl_dn_2: 0.7918 (0.8451)  loss_ddf_dn_2: 0.0614 (0.0617)  loss_mal_dn_3: 0.7471 (0.7678)  loss_bbox_dn_3: 0.1046 (0.1053)  loss_giou_dn_3: 0.1505 (0.1640)  loss_fgl_dn_3: 0.7932 (0.8489)  loss_mal_dn_pre: 1.3779 (1.4081)  loss_bbox_dn_pre: 0.3299 (0.3430)  loss_giou_dn_pre: 0.4488 (0.4839)
Test:  [0/4]  eta: 0:00:01    time: 0.3567  data: 0.3244  max mem: 2550
Test:  [3/4]  eta: 0:00:00    time: 0.1101  data: 0.0831  max mem: 2550
Test: Total time: 0:00:00 (0.1306 s / it)
Averaged stats: 
Accumulating evaluation results...
COCOeval_opt.accumulate() finished...
DONE (t=0.00s).
IoU metric: bbox
 Average Precision  (AP) @[ IoU=0.50:0.95 | area=   all | maxDets=100 ] = 0.860
 Average Precision  (AP) @[ IoU=0.50      | area=   all | maxDets=100 ] = 1.000
 Average Precision  (AP) @[ IoU=0.75      | area=   all | maxDets=100 ] = 0.895
 Average Precision  (AP) @[ IoU=0.50:0.95 | area= small | maxDets=100 ] = -1.000
 Average Precision  (AP) @[ IoU=0.50:0.95 | area=medium | maxDets=100 ] = -1.000
 Average Precision  (AP) @[ IoU=0.50:0.95 | area= large | maxDets=100 ] = 0.860
 Average Recall     (AR) @[ IoU=0.50:0.95 | area=   all | maxDets=  1 ] = 0.773
 Average Recall     (AR) @[ IoU=0.50:0.95 | area=   all | maxDets= 10 ] = 0.900
 Average Recall     (AR) @[ IoU=0.50:0.95 | area=   all | maxDets=100 ] = 0.943
 Average Recall     (AR) @[ IoU=0.50:0.95 | area= small | maxDets=100 ] = -1.000
 Average Recall     (AR) @[ IoU=0.50:0.95 | area=medium | maxDets=100 ] = -1.000
 Average Recall     (AR) @[ IoU=0.50:0.95 | area= large | maxDets=100 ] = 0.943
 Average Recall     (AR) @[ IoU=0.50      | area=   all | maxDets=100 ] = 1.000
 Average Recall     (AR) @[ IoU=0.75      | area=   all | maxDets=100 ] = 1.000
best_stat: {'epoch': 111, 'coco_eval_bbox': 0.861517852346786}
Epoch: [117]  [0/8]  eta: 0:00:03  lr: 0.000005  loss: 24.5800 (24.5800)  loss_mal: 0.5332 (0.5332)  loss_bbox: 0.0650 (0.0650)  loss_giou: 0.0976 (0.0976)  loss_fgl: 0.7018 (0.7018)  loss_mal_aux_0: 1.7559 (1.7559)  loss_bbox_aux_0: 0.0842 (0.0842)  loss_giou_aux_0: 0.1232 (0.1232)  loss_fgl_aux_0: 0.8167 (0.8167)  loss_ddf_aux_0: 0.1604 (0.1604)  loss_mal_aux_1: 0.6528 (0.6528)  loss_bbox_aux_1: 0.0652 (0.0652)  loss_giou_aux_1: 0.0967 (0.0967)  loss_fgl_aux_1: 0.7086 (0.7086)  loss_ddf_aux_1: 0.0201 (0.0201)  loss_mal_aux_2: 0.5474 (0.5474)  loss_bbox_aux_2: 0.0653 (0.0653)  loss_giou_aux_2: 0.0979 (0.0979)  loss_fgl_aux_2: 0.7059 (0.7059)  loss_ddf_aux_2: 0.0014 (0.0014)  loss_mal_pre: 1.4521 (1.4521)  loss_bbox_pre: 0.0779 (0.0779)  loss_giou_pre: 0.1132 (0.1132)  loss_mal_enc_0: 1.4434 (1.4434)  loss_bbox_enc_0: 0.1090 (0.1090)  loss_giou_enc_0: 0.1772 (0.1772)  loss_mal_dn_0: 1.1348 (1.1348)  loss_bbox_dn_0: 0.2938 (0.2938)  loss_giou_dn_0: 0.4040 (0.4040)  loss_fgl_dn_0: 1.1381 (1.1381)  loss_ddf_dn_0: 2.8658 (2.8658)  loss_mal_dn_1: 0.7090 (0.7090)  loss_bbox_dn_1: 0.1422 (0.1422)  loss_giou_dn_1: 0.2033 (0.2033)  loss_fgl_dn_1: 0.8392 (0.8392)  loss_ddf_dn_1: 0.7044 (0.7044)  loss_mal_dn_2: 0.6670 (0.6670)  loss_bbox_dn_2: 0.1066 (0.1066)  loss_giou_dn_2: 0.1484 (0.1484)  loss_fgl_dn_2: 0.7709 (0.7709)  loss_ddf_dn_2: 0.0471 (0.0471)  loss_mal_dn_3: 0.6748 (0.6748)  loss_bbox_dn_3: 0.1003 (0.1003)  loss_giou_dn_3: 0.1384 (0.1384)  loss_fgl_dn_3: 0.7708 (0.7708)  loss_mal_dn_pre: 1.3701 (1.3701)  loss_bbox_dn_pre: 0.2906 (0.2906)  loss_giou_dn_pre: 0.3882 (0.3882)  time: 0.4798  data: 0.3352  max mem: 2550
Epoch: [117]  [7/8]  eta: 0:00:00  lr: 0.000006  loss: 25.6446 (25.4778)  loss_mal: 0.5605 (0.5855)  loss_bbox: 0.0582 (0.0600)  loss_giou: 0.0961 (0.0970)  loss_fgl: 0.7018 (0.7076)  loss_mal_aux_0: 1.8057 (1.8774)  loss_bbox_aux_0: 0.0842 (0.0809)  loss_giou_aux_0: 0.1185 (0.1236)  loss_fgl_aux_0: 0.8167 (0.8156)  loss_ddf_aux_0: 0.1508 (0.1582)  loss_mal_aux_1: 0.7197 (0.7448)  loss_bbox_aux_1: 0.0590 (0.0623)  loss_giou_aux_1: 0.0967 (0.1018)  loss_fgl_aux_1: 0.7086 (0.7160)  loss_ddf_aux_1: 0.0198 (0.0203)  loss_mal_aux_2: 0.6162 (0.6375)  loss_bbox_aux_2: 0.0577 (0.0603)  loss_giou_aux_2: 0.0967 (0.0974)  loss_fgl_aux_2: 0.7059 (0.7079)  loss_ddf_aux_2: 0.0011 (0.0012)  loss_mal_pre: 1.4775 (1.5424)  loss_bbox_pre: 0.0761 (0.0793)  loss_giou_pre: 0.1098 (0.1229)  loss_mal_enc_0: 1.3740 (1.3995)  loss_bbox_enc_0: 0.1090 (0.1164)  loss_giou_enc_0: 0.1567 (0.1885)  loss_mal_dn_0: 1.1426 (1.1295)  loss_bbox_dn_0: 0.3166 (0.3273)  loss_giou_dn_0: 0.4315 (0.4479)  loss_fgl_dn_0: 1.1913 (1.2091)  loss_ddf_dn_0: 2.8658 (2.8259)  loss_mal_dn_1: 0.7725 (0.7635)  loss_bbox_dn_1: 0.1438 (0.1568)  loss_giou_dn_1: 0.2184 (0.2246)  loss_fgl_dn_1: 0.8785 (0.8867)  loss_ddf_dn_1: 0.7286 (0.7075)  loss_mal_dn_2: 0.7437 (0.7280)  loss_bbox_dn_2: 0.0972 (0.1063)  loss_giou_dn_2: 0.1484 (0.1557)  loss_fgl_dn_2: 0.7732 (0.7931)  loss_ddf_dn_2: 0.0480 (0.0518)  loss_mal_dn_3: 0.7100 (0.7079)  loss_bbox_dn_3: 0.0941 (0.0999)  loss_giou_dn_3: 0.1384 (0.1468)  loss_fgl_dn_3: 0.7770 (0.7935)  loss_mal_dn_pre: 1.3701 (1.3451)  loss_bbox_dn_pre: 0.3177 (0.3220)  loss_giou_dn_pre: 0.4368 (0.4445)  time: 0.1521  data: 0.0440  max mem: 2550
Epoch: [117] Total time: 0:00:01 (0.1611 s / it)
Averaged stats: lr: 0.000006  loss: 25.6446 (25.4778)  loss_mal: 0.5605 (0.5855)  loss_bbox: 0.0582 (0.0600)  loss_giou: 0.0961 (0.0970)  loss_fgl: 0.7018 (0.7076)  loss_mal_aux_0: 1.8057 (1.8774)  loss_bbox_aux_0: 0.0842 (0.0809)  loss_giou_aux_0: 0.1185 (0.1236)  loss_fgl_aux_0: 0.8167 (0.8156)  loss_ddf_aux_0: 0.1508 (0.1582)  loss_mal_aux_1: 0.7197 (0.7448)  loss_bbox_aux_1: 0.0590 (0.0623)  loss_giou_aux_1: 0.0967 (0.1018)  loss_fgl_aux_1: 0.7086 (0.7160)  loss_ddf_aux_1: 0.0198 (0.0203)  loss_mal_aux_2: 0.6162 (0.6375)  loss_bbox_aux_2: 0.0577 (0.0603)  loss_giou_aux_2: 0.0967 (0.0974)  loss_fgl_aux_2: 0.7059 (0.7079)  loss_ddf_aux_2: 0.0011 (0.0012)  loss_mal_pre: 1.4775 (1.5424)  loss_bbox_pre: 0.0761 (0.0793)  loss_giou_pre: 0.1098 (0.1229)  loss_mal_enc_0: 1.3740 (1.3995)  loss_bbox_enc_0: 0.1090 (0.1164)  loss_giou_enc_0: 0.1567 (0.1885)  loss_mal_dn_0: 1.1426 (1.1295)  loss_bbox_dn_0: 0.3166 (0.3273)  loss_giou_dn_0: 0.4315 (0.4479)  loss_fgl_dn_0: 1.1913 (1.2091)  loss_ddf_dn_0: 2.8658 (2.8259)  loss_mal_dn_1: 0.7725 (0.7635)  loss_bbox_dn_1: 0.1438 (0.1568)  loss_giou_dn_1: 0.2184 (0.2246)  loss_fgl_dn_1: 0.8785 (0.8867)  loss_ddf_dn_1: 0.7286 (0.7075)  loss_mal_dn_2: 0.7437 (0.7280)  loss_bbox_dn_2: 0.0972 (0.1063)  loss_giou_dn_2: 0.1484 (0.1557)  loss_fgl_dn_2: 0.7732 (0.7931)  loss_ddf_dn_2: 0.0480 (0.0518)  loss_mal_dn_3: 0.7100 (0.7079)  loss_bbox_dn_3: 0.0941 (0.0999)  loss_giou_dn_3: 0.1384 (0.1468)  loss_fgl_dn_3: 0.7770 (0.7935)  loss_mal_dn_pre: 1.3701 (1.3451)  loss_bbox_dn_pre: 0.3177 (0.3220)  loss_giou_dn_pre: 0.4368 (0.4445)
Test:  [0/4]  eta: 0:00:01    time: 0.3664  data: 0.3340  max mem: 2550
Test:  [3/4]  eta: 0:00:00    time: 0.1116  data: 0.0855  max mem: 2550
Test: Total time: 0:00:00 (0.1313 s / it)
Averaged stats: 
Accumulating evaluation results...
COCOeval_opt.accumulate() finished...
DONE (t=0.00s).
IoU metric: bbox
 Average Precision  (AP) @[ IoU=0.50:0.95 | area=   all | maxDets=100 ] = 0.871
 Average Precision  (AP) @[ IoU=0.50      | area=   all | maxDets=100 ] = 0.994
 Average Precision  (AP) @[ IoU=0.75      | area=   all | maxDets=100 ] = 0.892
 Average Precision  (AP) @[ IoU=0.50:0.95 | area= small | maxDets=100 ] = -1.000
 Average Precision  (AP) @[ IoU=0.50:0.95 | area=medium | maxDets=100 ] = -1.000
 Average Precision  (AP) @[ IoU=0.50:0.95 | area= large | maxDets=100 ] = 0.871
 Average Recall     (AR) @[ IoU=0.50:0.95 | area=   all | maxDets=  1 ] = 0.780
 Average Recall     (AR) @[ IoU=0.50:0.95 | area=   all | maxDets= 10 ] = 0.920
 Average Recall     (AR) @[ IoU=0.50:0.95 | area=   all | maxDets=100 ] = 0.950
 Average Recall     (AR) @[ IoU=0.50:0.95 | area= small | maxDets=100 ] = -1.000
 Average Recall     (AR) @[ IoU=0.50:0.95 | area=medium | maxDets=100 ] = -1.000
 Average Recall     (AR) @[ IoU=0.50:0.95 | area= large | maxDets=100 ] = 0.950
 Average Recall     (AR) @[ IoU=0.50      | area=   all | maxDets=100 ] = 1.000
 Average Recall     (AR) @[ IoU=0.75      | area=   all | maxDets=100 ] = 1.000
best_stat: {'epoch': 117, 'coco_eval_bbox': 0.8713397502956549}
Epoch: [118]  [0/8]  eta: 0:00:03  lr: 0.000006  loss: 23.3880 (23.3880)  loss_mal: 0.5273 (0.5273)  loss_bbox: 0.0570 (0.0570)  loss_giou: 0.0761 (0.0761)  loss_fgl: 0.6825 (0.6825)  loss_mal_aux_0: 1.7842 (1.7842)  loss_bbox_aux_0: 0.0747 (0.0747)  loss_giou_aux_0: 0.1022 (0.1022)  loss_fgl_aux_0: 0.7901 (0.7901)  loss_ddf_aux_0: 0.1584 (0.1584)  loss_mal_aux_1: 0.6104 (0.6104)  loss_bbox_aux_1: 0.0581 (0.0581)  loss_giou_aux_1: 0.0839 (0.0839)  loss_fgl_aux_1: 0.6870 (0.6870)  loss_ddf_aux_1: 0.0185 (0.0185)  loss_mal_aux_2: 0.5498 (0.5498)  loss_bbox_aux_2: 0.0578 (0.0578)  loss_giou_aux_2: 0.0779 (0.0779)  loss_fgl_aux_2: 0.6854 (0.6854)  loss_ddf_aux_2: 0.0008 (0.0008)  loss_mal_pre: 1.4307 (1.4307)  loss_bbox_pre: 0.0824 (0.0824)  loss_giou_pre: 0.1063 (0.1063)  loss_mal_enc_0: 1.3516 (1.3516)  loss_bbox_enc_0: 0.0911 (0.0911)  loss_giou_enc_0: 0.1429 (0.1429)  loss_mal_dn_0: 1.0938 (1.0938)  loss_bbox_dn_0: 0.3180 (0.3180)  loss_giou_dn_0: 0.3904 (0.3904)  loss_fgl_dn_0: 1.2227 (1.2227)  loss_ddf_dn_0: 2.3168 (2.3168)  loss_mal_dn_1: 0.7080 (0.7080)  loss_bbox_dn_1: 0.1380 (0.1380)  loss_giou_dn_1: 0.1793 (0.1793)  loss_fgl_dn_1: 0.8429 (0.8429)  loss_ddf_dn_1: 0.5587 (0.5587)  loss_mal_dn_2: 0.6582 (0.6582)  loss_bbox_dn_2: 0.0952 (0.0952)  loss_giou_dn_2: 0.1283 (0.1283)  loss_fgl_dn_2: 0.7648 (0.7648)  loss_ddf_dn_2: 0.0430 (0.0430)  loss_mal_dn_3: 0.6494 (0.6494)  loss_bbox_dn_3: 0.0926 (0.0926)  loss_giou_dn_3: 0.1221 (0.1221)  loss_fgl_dn_3: 0.7617 (0.7617)  loss_mal_dn_pre: 1.3184 (1.3184)  loss_bbox_dn_pre: 0.3121 (0.3121)  loss_giou_dn_pre: 0.3865 (0.3865)  time: 0.4852  data: 0.3480  max mem: 2550
Epoch: [118]  [7/8]  eta: 0:00:00  lr: 0.000006  loss: 24.7042 (24.4762)  loss_mal: 0.5312 (0.5392)  loss_bbox: 0.0570 (0.0579)  loss_giou: 0.0761 (0.0911)  loss_fgl: 0.6825 (0.6682)  loss_mal_aux_0: 1.7705 (1.8044)  loss_bbox_aux_0: 0.0731 (0.0720)  loss_giou_aux_0: 0.1022 (0.1138)  loss_fgl_aux_0: 0.7901 (0.7854)  loss_ddf_aux_0: 0.1557 (0.1492)  loss_mal_aux_1: 0.6626 (0.6794)  loss_bbox_aux_1: 0.0581 (0.0596)  loss_giou_aux_1: 0.0839 (0.0953)  loss_fgl_aux_1: 0.6870 (0.6799)  loss_ddf_aux_1: 0.0179 (0.0187)  loss_mal_aux_2: 0.5693 (0.5916)  loss_bbox_aux_2: 0.0578 (0.0581)  loss_giou_aux_2: 0.0779 (0.0918)  loss_fgl_aux_2: 0.6854 (0.6691)  loss_ddf_aux_2: 0.0010 (0.0010)  loss_mal_pre: 1.4307 (1.5085)  loss_bbox_pre: 0.0728 (0.0714)  loss_giou_pre: 0.1063 (0.1109)  loss_mal_enc_0: 1.3008 (1.3113)  loss_bbox_enc_0: 0.0927 (0.1030)  loss_giou_enc_0: 0.1429 (0.1786)  loss_mal_dn_0: 1.0938 (1.1035)  loss_bbox_dn_0: 0.2863 (0.3060)  loss_giou_dn_0: 0.4215 (0.4333)  loss_fgl_dn_0: 1.1954 (1.2069)  loss_ddf_dn_0: 2.7385 (2.8704)  loss_mal_dn_1: 0.7080 (0.7184)  loss_bbox_dn_1: 0.1376 (0.1402)  loss_giou_dn_1: 0.1971 (0.2082)  loss_fgl_dn_1: 0.8429 (0.8671)  loss_ddf_dn_1: 0.6724 (0.6867)  loss_mal_dn_2: 0.6807 (0.6859)  loss_bbox_dn_2: 0.0944 (0.0938)  loss_giou_dn_2: 0.1283 (0.1401)  loss_fgl_dn_2: 0.7597 (0.7666)  loss_ddf_dn_2: 0.0459 (0.0483)  loss_mal_dn_3: 0.6533 (0.6606)  loss_bbox_dn_3: 0.0862 (0.0875)  loss_giou_dn_3: 0.1221 (0.1320)  loss_fgl_dn_3: 0.7617 (0.7652)  loss_mal_dn_pre: 1.2998 (1.3076)  loss_bbox_dn_pre: 0.2906 (0.3061)  loss_giou_dn_pre: 0.4219 (0.4325)  time: 0.1525  data: 0.0455  max mem: 2550
Epoch: [118] Total time: 0:00:01 (0.1616 s / it)
Averaged stats: lr: 0.000006  loss: 24.7042 (24.4762)  loss_mal: 0.5312 (0.5392)  loss_bbox: 0.0570 (0.0579)  loss_giou: 0.0761 (0.0911)  loss_fgl: 0.6825 (0.6682)  loss_mal_aux_0: 1.7705 (1.8044)  loss_bbox_aux_0: 0.0731 (0.0720)  loss_giou_aux_0: 0.1022 (0.1138)  loss_fgl_aux_0: 0.7901 (0.7854)  loss_ddf_aux_0: 0.1557 (0.1492)  loss_mal_aux_1: 0.6626 (0.6794)  loss_bbox_aux_1: 0.0581 (0.0596)  loss_giou_aux_1: 0.0839 (0.0953)  loss_fgl_aux_1: 0.6870 (0.6799)  loss_ddf_aux_1: 0.0179 (0.0187)  loss_mal_aux_2: 0.5693 (0.5916)  loss_bbox_aux_2: 0.0578 (0.0581)  loss_giou_aux_2: 0.0779 (0.0918)  loss_fgl_aux_2: 0.6854 (0.6691)  loss_ddf_aux_2: 0.0010 (0.0010)  loss_mal_pre: 1.4307 (1.5085)  loss_bbox_pre: 0.0728 (0.0714)  loss_giou_pre: 0.1063 (0.1109)  loss_mal_enc_0: 1.3008 (1.3113)  loss_bbox_enc_0: 0.0927 (0.1030)  loss_giou_enc_0: 0.1429 (0.1786)  loss_mal_dn_0: 1.0938 (1.1035)  loss_bbox_dn_0: 0.2863 (0.3060)  loss_giou_dn_0: 0.4215 (0.4333)  loss_fgl_dn_0: 1.1954 (1.2069)  loss_ddf_dn_0: 2.7385 (2.8704)  loss_mal_dn_1: 0.7080 (0.7184)  loss_bbox_dn_1: 0.1376 (0.1402)  loss_giou_dn_1: 0.1971 (0.2082)  loss_fgl_dn_1: 0.8429 (0.8671)  loss_ddf_dn_1: 0.6724 (0.6867)  loss_mal_dn_2: 0.6807 (0.6859)  loss_bbox_dn_2: 0.0944 (0.0938)  loss_giou_dn_2: 0.1283 (0.1401)  loss_fgl_dn_2: 0.7597 (0.7666)  loss_ddf_dn_2: 0.0459 (0.0483)  loss_mal_dn_3: 0.6533 (0.6606)  loss_bbox_dn_3: 0.0862 (0.0875)  loss_giou_dn_3: 0.1221 (0.1320)  loss_fgl_dn_3: 0.7617 (0.7652)  loss_mal_dn_pre: 1.2998 (1.3076)  loss_bbox_dn_pre: 0.2906 (0.3061)  loss_giou_dn_pre: 0.4219 (0.4325)
Test:  [0/4]  eta: 0:00:01    time: 0.3625  data: 0.3297  max mem: 2550
Test:  [3/4]  eta: 0:00:00    time: 0.1108  data: 0.0845  max mem: 2550
Test: Total time: 0:00:00 (0.1329 s / it)
Averaged stats: 
Accumulating evaluation results...
COCOeval_opt.accumulate() finished...
DONE (t=0.00s).
IoU metric: bbox
 Average Precision  (AP) @[ IoU=0.50:0.95 | area=   all | maxDets=100 ] = 0.867
 Average Precision  (AP) @[ IoU=0.50      | area=   all | maxDets=100 ] = 0.997
 Average Precision  (AP) @[ IoU=0.75      | area=   all | maxDets=100 ] = 0.899
 Average Precision  (AP) @[ IoU=0.50:0.95 | area= small | maxDets=100 ] = -1.000
 Average Precision  (AP) @[ IoU=0.50:0.95 | area=medium | maxDets=100 ] = -1.000
 Average Precision  (AP) @[ IoU=0.50:0.95 | area= large | maxDets=100 ] = 0.867
 Average Recall     (AR) @[ IoU=0.50:0.95 | area=   all | maxDets=  1 ] = 0.777
 Average Recall     (AR) @[ IoU=0.50:0.95 | area=   all | maxDets= 10 ] = 0.907
 Average Recall     (AR) @[ IoU=0.50:0.95 | area=   all | maxDets=100 ] = 0.947
 Average Recall     (AR) @[ IoU=0.50:0.95 | area= small | maxDets=100 ] = -1.000
 Average Recall     (AR) @[ IoU=0.50:0.95 | area=medium | maxDets=100 ] = -1.000
 Average Recall     (AR) @[ IoU=0.50:0.95 | area= large | maxDets=100 ] = 0.947
 Average Recall     (AR) @[ IoU=0.50      | area=   all | maxDets=100 ] = 1.000
 Average Recall     (AR) @[ IoU=0.75      | area=   all | maxDets=100 ] = 1.000
best_stat: {'epoch': 117, 'coco_eval_bbox': 0.8713397502956549}
Load last_epoch
Load model.state_dict
Load criterion.state_dict
Load postprocessor.state_dict
Load ema.state_dict
Load scaler.state_dict
Load optimizer.state_dict
Load lr_warmup_scheduler.state_dict
Refresh EMA at epoch 118 with decay 0.9993000000000001
Epoch: [119]  [0/8]  eta: 0:00:03  lr: 0.000006  loss: 28.2301 (28.2301)  loss_mal: 0.8462 (0.8462)  loss_bbox: 0.0868 (0.0868)  loss_giou: 0.1320 (0.1320)  loss_fgl: 0.7702 (0.7702)  loss_mal_aux_0: 1.5508 (1.5508)  loss_bbox_aux_0: 0.1021 (0.1021)  loss_giou_aux_0: 0.1659 (0.1659)  loss_fgl_aux_0: 0.9172 (0.9172)  loss_ddf_aux_0: 0.1182 (0.1182)  loss_mal_aux_1: 0.8027 (0.8027)  loss_bbox_aux_1: 0.0915 (0.0915)  loss_giou_aux_1: 0.1416 (0.1416)  loss_fgl_aux_1: 0.8122 (0.8122)  loss_ddf_aux_1: 0.0166 (0.0166)  loss_mal_aux_2: 0.7515 (0.7515)  loss_bbox_aux_2: 0.0866 (0.0866)  loss_giou_aux_2: 0.1331 (0.1331)  loss_fgl_aux_2: 0.7710 (0.7710)  loss_ddf_aux_2: 0.0020 (0.0020)  loss_mal_pre: 1.5635 (1.5635)  loss_bbox_pre: 0.1044 (0.1044)  loss_giou_pre: 0.1631 (0.1631)  loss_mal_enc_0: 1.9648 (1.9648)  loss_bbox_enc_0: 0.1691 (0.1691)  loss_giou_enc_0: 0.2567 (0.2567)  loss_mal_dn_0: 1.4316 (1.4316)  loss_bbox_dn_0: 0.3876 (0.3876)  loss_giou_dn_0: 0.4832 (0.4832)  loss_fgl_dn_0: 1.1941 (1.1941)  loss_ddf_dn_0: 2.7275 (2.7275)  loss_mal_dn_1: 0.8735 (0.8735)  loss_bbox_dn_1: 0.1779 (0.1779)  loss_giou_dn_1: 0.2358 (0.2358)  loss_fgl_dn_1: 0.9328 (0.9328)  loss_ddf_dn_1: 0.5642 (0.5642)  loss_mal_dn_2: 0.8994 (0.8994)  loss_bbox_dn_2: 0.1123 (0.1123)  loss_giou_dn_2: 0.1673 (0.1673)  loss_fgl_dn_2: 0.8410 (0.8410)  loss_ddf_dn_2: 0.0361 (0.0361)  loss_mal_dn_3: 1.0137 (1.0137)  loss_bbox_dn_3: 0.1112 (0.1112)  loss_giou_dn_3: 0.1633 (0.1633)  loss_fgl_dn_3: 0.8438 (0.8438)  loss_mal_dn_pre: 1.6533 (1.6533)  loss_bbox_dn_pre: 0.3871 (0.3871)  loss_giou_dn_pre: 0.4738 (0.4738)  time: 0.4884  data: 0.3516  max mem: 2550
Epoch: [119]  [7/8]  eta: 0:00:00  lr: 0.000006  loss: 29.2513 (30.0739)  loss_mal: 0.8633 (0.8976)  loss_bbox: 0.0868 (0.0873)  loss_giou: 0.1300 (0.1300)  loss_fgl: 0.7702 (0.8242)  loss_mal_aux_0: 1.6992 (1.7260)  loss_bbox_aux_0: 0.1021 (0.1109)  loss_giou_aux_0: 0.1483 (0.1608)  loss_fgl_aux_0: 0.8668 (0.9149)  loss_ddf_aux_0: 0.1203 (0.1273)  loss_mal_aux_1: 0.9209 (0.9744)  loss_bbox_aux_1: 0.0915 (0.0965)  loss_giou_aux_1: 0.1390 (0.1390)  loss_fgl_aux_1: 0.8122 (0.8423)  loss_ddf_aux_1: 0.0172 (0.0195)  loss_mal_aux_2: 0.8657 (0.8905)  loss_bbox_aux_2: 0.0866 (0.0861)  loss_giou_aux_2: 0.1309 (0.1296)  loss_fgl_aux_2: 0.7710 (0.8236)  loss_ddf_aux_2: 0.0020 (0.0022)  loss_mal_pre: 1.7090 (1.7444)  loss_bbox_pre: 0.1044 (0.1081)  loss_giou_pre: 0.1524 (0.1577)  loss_mal_enc_0: 2.0527 (2.0665)  loss_bbox_enc_0: 0.1586 (0.1607)  loss_giou_enc_0: 0.2248 (0.2475)  loss_mal_dn_0: 1.3115 (1.3405)  loss_bbox_dn_0: 0.4351 (0.4277)  loss_giou_dn_0: 0.5779 (0.5794)  loss_fgl_dn_0: 1.2094 (1.2012)  loss_ddf_dn_0: 3.0399 (3.1569)  loss_mal_dn_1: 0.8735 (0.8807)  loss_bbox_dn_1: 0.2026 (0.2034)  loss_giou_dn_1: 0.2748 (0.2937)  loss_fgl_dn_1: 0.9673 (0.9809)  loss_ddf_dn_1: 0.6929 (0.7367)  loss_mal_dn_2: 0.8481 (0.8675)  loss_bbox_dn_2: 0.1382 (0.1370)  loss_giou_dn_2: 0.1791 (0.1982)  loss_fgl_dn_2: 0.8583 (0.8840)  loss_ddf_dn_2: 0.0510 (0.0528)  loss_mal_dn_3: 0.9150 (0.9393)  loss_bbox_dn_3: 0.1160 (0.1263)  loss_giou_dn_3: 0.1658 (0.1833)  loss_fgl_dn_3: 0.8573 (0.8869)  loss_mal_dn_pre: 1.5000 (1.5416)  loss_bbox_dn_pre: 0.4138 (0.4183)  loss_giou_dn_pre: 0.5640 (0.5702)  time: 0.1525  data: 0.0456  max mem: 2550
Epoch: [119] Total time: 0:00:01 (0.1607 s / it)
Averaged stats: lr: 0.000006  loss: 29.2513 (30.0739)  loss_mal: 0.8633 (0.8976)  loss_bbox: 0.0868 (0.0873)  loss_giou: 0.1300 (0.1300)  loss_fgl: 0.7702 (0.8242)  loss_mal_aux_0: 1.6992 (1.7260)  loss_bbox_aux_0: 0.1021 (0.1109)  loss_giou_aux_0: 0.1483 (0.1608)  loss_fgl_aux_0: 0.8668 (0.9149)  loss_ddf_aux_0: 0.1203 (0.1273)  loss_mal_aux_1: 0.9209 (0.9744)  loss_bbox_aux_1: 0.0915 (0.0965)  loss_giou_aux_1: 0.1390 (0.1390)  loss_fgl_aux_1: 0.8122 (0.8423)  loss_ddf_aux_1: 0.0172 (0.0195)  loss_mal_aux_2: 0.8657 (0.8905)  loss_bbox_aux_2: 0.0866 (0.0861)  loss_giou_aux_2: 0.1309 (0.1296)  loss_fgl_aux_2: 0.7710 (0.8236)  loss_ddf_aux_2: 0.0020 (0.0022)  loss_mal_pre: 1.7090 (1.7444)  loss_bbox_pre: 0.1044 (0.1081)  loss_giou_pre: 0.1524 (0.1577)  loss_mal_enc_0: 2.0527 (2.0665)  loss_bbox_enc_0: 0.1586 (0.1607)  loss_giou_enc_0: 0.2248 (0.2475)  loss_mal_dn_0: 1.3115 (1.3405)  loss_bbox_dn_0: 0.4351 (0.4277)  loss_giou_dn_0: 0.5779 (0.5794)  loss_fgl_dn_0: 1.2094 (1.2012)  loss_ddf_dn_0: 3.0399 (3.1569)  loss_mal_dn_1: 0.8735 (0.8807)  loss_bbox_dn_1: 0.2026 (0.2034)  loss_giou_dn_1: 0.2748 (0.2937)  loss_fgl_dn_1: 0.9673 (0.9809)  loss_ddf_dn_1: 0.6929 (0.7367)  loss_mal_dn_2: 0.8481 (0.8675)  loss_bbox_dn_2: 0.1382 (0.1370)  loss_giou_dn_2: 0.1791 (0.1982)  loss_fgl_dn_2: 0.8583 (0.8840)  loss_ddf_dn_2: 0.0510 (0.0528)  loss_mal_dn_3: 0.9150 (0.9393)  loss_bbox_dn_3: 0.1160 (0.1263)  loss_giou_dn_3: 0.1658 (0.1833)  loss_fgl_dn_3: 0.8573 (0.8869)  loss_mal_dn_pre: 1.5000 (1.5416)  loss_bbox_dn_pre: 0.4138 (0.4183)  loss_giou_dn_pre: 0.5640 (0.5702)
Test:  [0/4]  eta: 0:00:01    time: 0.3506  data: 0.3186  max mem: 2550
Test:  [3/4]  eta: 0:00:00    time: 0.1074  data: 0.0815  max mem: 2550
Test: Total time: 0:00:00 (0.1243 s / it)
Averaged stats: 
Accumulating evaluation results...
COCOeval_opt.accumulate() finished...
DONE (t=0.00s).
IoU metric: bbox
 Average Precision  (AP) @[ IoU=0.50:0.95 | area=   all | maxDets=100 ] = 0.845
 Average Precision  (AP) @[ IoU=0.50      | area=   all | maxDets=100 ] = 0.973
 Average Precision  (AP) @[ IoU=0.75      | area=   all | maxDets=100 ] = 0.869
 Average Precision  (AP) @[ IoU=0.50:0.95 | area= small | maxDets=100 ] = -1.000
 Average Precision  (AP) @[ IoU=0.50:0.95 | area=medium | maxDets=100 ] = -1.000
 Average Precision  (AP) @[ IoU=0.50:0.95 | area= large | maxDets=100 ] = 0.845
 Average Recall     (AR) @[ IoU=0.50:0.95 | area=   all | maxDets=  1 ] = 0.777
 Average Recall     (AR) @[ IoU=0.50:0.95 | area=   all | maxDets= 10 ] = 0.900
 Average Recall     (AR) @[ IoU=0.50:0.95 | area=   all | maxDets=100 ] = 0.947
 Average Recall     (AR) @[ IoU=0.50:0.95 | area= small | maxDets=100 ] = -1.000
 Average Recall     (AR) @[ IoU=0.50:0.95 | area=medium | maxDets=100 ] = -1.000
 Average Recall     (AR) @[ IoU=0.50:0.95 | area= large | maxDets=100 ] = 0.947
 Average Recall     (AR) @[ IoU=0.50      | area=   all | maxDets=100 ] = 1.000
 Average Recall     (AR) @[ IoU=0.75      | area=   all | maxDets=100 ] = 1.000
best_stat: {'epoch': 117, 'coco_eval_bbox': 0.8713397502956549}
Training time 0:05:06
/venv/main/lib/python3.12/site-packages/torch/distributed/c10d_logger.py:83: UserWarning: barrier(): using the device under current context. You can specify `device_id` in `init_process_group` to mute this warning.
  return func(*args, **kwargs)
[rank0]:[W813 08:33:10.617021034 ProcessGroupNCCL.cpp:5324] Guessing device ID based on global rank. This can cause a hang if rank to GPU mapping is heterogeneous. You can specify device_id in init_process_group()
/workspace/midi/DEIMv2/engine/core/workspace.py:177: FutureWarning: `torch.cuda.amp.GradScaler(args...)` is deprecated. Please use `torch.amp.GradScaler('cuda', args...)` instead.
  return module(**module_kwargs)
[rank0]:[W813 08:33:11.930810495 reducer.cpp:1528] Warning: find_unused_parameters=True was specified in DDP constructor, but did not find any unused parameters in the forward pass. This flag results in an extra traversal of the autograd graph every iteration,  which can adversely affect performance. If your model indeed never has any unused parameters in the forward pass, consider turning this flag off. Note that this warning may be a false positive if your model has flow control causing later iterations to have unused parameters. (function operator())
/workspace/midi/DEIMv2/engine/solver/det_engine.py:104: UserWarning: Converting a tensor with requires_grad=True to a scalar may lead to unexpected behavior.
Consider using tensor.detach() first. (Triggered internally at /pytorch/torch/csrc/autograd/generated/python_variable_methods.cpp:838.)
  if not math.isfinite(loss_value):
